Algorithm: iDAG_SWAD
Physical GPU: 2
Seeds: [0, 1, 2, 3, 4]
Dataset: /home/s21_yhr/lzh/new/DomainBed-new/dataset/PACS

================================================================================
Starting iDAG_SWAD, seed=0, physical GPU=2
/home/s21_yhr/miniconda3/envs/GGA/bin/python /home/s21_yhr/lzh/new/DomainBed-new/train_all.py PACS_iDAG_SWAD_seed0 --dataset PACS --data_dir /home/s21_yhr/lzh/new/DomainBed-new/dataset --algorithm iDAG --steps 5000 --checkpoint_freq 200 --batch_size 32 --optimizer adam --lr 5e-5 --weight_decay 0 --resnet_dropout 0 --resnet18 False --pretrained True --freeze_bn True --swad LossValley --seed 0 --trial_seed 0 --deterministic --cache disk --prebuild_loader --image_size 224 --out_dim 256 --hidden_size 256 --num_hidden_layers 0 --dag_anneal_steps 200 --temperature 0.07 --ema_ratio 0.99 --lambda1 0.01 --lambda2 0.01 --rho 1.0 --alpha 1.0 --rho_max 100.0 --weight_mu 1.0 --weight_nu 1.0
================================================================================
[36mINFO[0m 08/07 17:08:28 | Command :: /home/s21_yhr/lzh/new/DomainBed-new/train_all.py PACS_iDAG_SWAD_seed0 --dataset PACS --data_dir /home/s21_yhr/lzh/new/DomainBed-new/dataset --algorithm iDAG --steps 5000 --checkpoint_freq 200 --batch_size 32 --optimizer adam --lr 5e-5 --weight_decay 0 --resnet_dropout 0 --resnet18 False --pretrained True --freeze_bn True --swad LossValley --seed 0 --trial_seed 0 --deterministic --cache disk --prebuild_loader --image_size 224 --out_dim 256 --hidden_size 256 --num_hidden_layers 0 --dag_anneal_steps 200 --temperature 0.07 --ema_ratio 0.99 --lambda1 0.01 --lambda2 0.01 --rho 1.0 --alpha 1.0 --rho_max 100.0 --weight_mu 1.0 --weight_nu 1.0
Environment:
	Python: 3.11.15
	PyTorch: 2.11.0+cu128
	Torchvision: 0.26.0+cu128
	CUDA: 12.8
	CUDNN: 91900
	NumPy: 1.26.4
	PIL: 12.2.0
Args:
	algorithm: iDAG
	batch_size: 32
	cache: disk
	cache_root: cache
	cache_size: None
	checkpoint_freq: 200
	configs: []
	data_dir: /home/s21_yhr/lzh/new/DomainBed-new/dataset
	dataset: PACS
	debug: False
	deterministic: True
	end_step: 200
	evalmode: fast
	extra_search: n
	extra_search_end: None
	extra_search_start: None
	gga_l_gamma: 0.001
	grad_fn: sum
	holdout_fraction: 0.2
	model_save: None
	name: PACS_iDAG_SWAD_seed0
	neighborhoodSize: 1e-06
	out_dir: train_output/PACS/260807_17-08-28_PACS_iDAG_SWAD_seed0
	out_root: train_output/PACS
	prebuild_loader: True
	q_steps: 2000
	quant: 0
	resize_mode: stretch
	saliency: False
	saliency_cmap: jet
	saliency_every: 0
	saliency_noise: 0.15
	saliency_num: 16
	saliency_samples: 25
	saliency_split: test_in
	seed: 0
	show: False
	start_step: 100
	steps: 5000
	tb_freq: 10
	test_envs: None
	train_output: train_output
	trial_seed: 0
	unique_name: 260807_17-08-28_PACS_iDAG_SWAD_seed0
	work_dir: .
HParams:
	data_augmentation: True
	val_augment: False
	[36mresnet18: False
	[0m[36mresnet_dropout: 0
	[0mclass_balanced: False
	[36moptimizer: adam
	[0m[36mfreeze_bn: True
	[0m[36mpretrained: True
	[0m[36mimage_size: 224
	[0m[36mlr: 5e-05
	[0mbatch_size: 32
	[36mweight_decay: 0
	[0m[36mhidden_size: 256
	[0m[36mout_dim: 256
	[0m[36mnum_hidden_layers: 0
	[0m[36mdag_anneal_steps: 200
	[0m[36mtemperature: 0.07
	[0m[36mema_ratio: 0.99
	[0m[36mlambda1: 0.01
	[0m[36mlambda2: 0.01
	[0m[36mrho_max: 100.0
	[0m[36mrho: 1.0
	[0m[36malpha: 1.0
	[0m[36mweight_nu: 1.0
	[0m[36mweight_mu: 1.0
	[0m[36mswad: LossValley
	[0mswad_kwargs: 
	  n_converge: 3
	  n_tolerance: 6
	  tolerance_ratio: 0.3
	test_batchsize: 128
	indomain_test: False
	grad_fn: sum
	extra_search: n
	logdir: train_output/PACS/260807_17-08-28_PACS_iDAG_SWAD_seed0
	neighborhoodSize: 1e-06
	start_step: 100
	end_step: 200
	extra_search_start: None
	extra_search_end: None
	gga_l_gamma: 0.001
Dataset:
	[PACS] #envs=4, #classes=7
	env0: art_painting (#2048)
	env1: cartoon (#2344)
	env2: photo (#1670)
	env3: sketch (#3929)

[36mINFO[0m 08/07 17:08:29 | n_steps = 5000
[36mINFO[0m 08/07 17:08:29 | checkpoint_freq = 200
[36mINFO[0m 08/07 17:08:29 | n_steps is updated to 5000 => 5001 for checkpointing
[36mINFO[0m 08/07 17:08:29 | Target test envs = [[0], [1], [2], [3]]
[36mINFO[0m 08/07 17:08:29 | 
[36mINFO[0m 08/07 17:08:29 | Testenv name escaping te_art_painting -> te_art_painting
[36mINFO[0m 08/07 17:08:29 | Test envs = [0], name = te_art_painting
[36mINFO[0m 08/07 17:08:29 | Batch sizes for each domain: [0, 32, 32, 32] (total=96)
[36mINFO[0m 08/07 17:08:29 | steps-per-epoch for each domain: 58.62, 41.75, 98.25 -> min = 41.75
/home/s21_yhr/miniconda3/envs/GGA/lib/python3.11/site-packages/torchvision/models/_utils.py:208: UserWarning: The parameter 'pretrained' is deprecated since 0.13 and may be removed in the future, please use 'weights' instead.
  warnings.warn(
/home/s21_yhr/miniconda3/envs/GGA/lib/python3.11/site-packages/torchvision/models/_utils.py:223: UserWarning: Arguments other than a weight enum or `None` for 'weights' are deprecated since 0.13 and may be removed in the future. The current behavior is equivalent to passing `weights=ResNet50_Weights.IMAGENET1K_V1`. You can also use `weights=ResNet50_Weights.DEFAULT` to get the most up-to-date weights.
  warnings.warn(msg)
[36mINFO[0m 08/07 17:08:33 | # of params = 24234576
/home/s21_yhr/lzh/new/DomainBed-new/domainbed/algorithms/algorithms.py:161: UserWarning: The use of `x.T` on tensors of dimension other than 2 to reverse their shape is deprecated and it will throw an error in a future release. Consider `x.mT` to transpose batches of matrices or `x.permute(*torch.arange(x.ndim - 1, -1, -1))` to reverse the dimensions of a tensor. (Triggered internally at /pytorch/aten/src/ATen/native/TensorShape.cpp:4480.)
  mask_neg = torch.not_equal(labels, labels.T)
[36mINFO[0m 08/07 17:08:37 | test_in     test_out    train_in    train_out   test_in_au  test_out_a  train_out_  tr_outloss  env0_in     env0_in_au  env0_out    env0_out_a  env1_out    env1_out_a  env2_out    env2_out_a  env3_out    env3_out_a  step        epoch       loss        inv_ce      l2          penalty     l1          cl          step_time   eval_time   mem_gb     
[36mINFO[0m 08/07 17:08:37 | 0.126297    0.163814    0.000000    0.185296    nan         nan         nan         1.941842    0.126297    nan         0.163814    nan         0.160256    nan         0.218563    nan         0.177070    nan         0           0.000000    2.200969    1.943097    0.029539    0.000000    0.000039    0.938228    1.193918    2.911595    8.038535   
[36mINFO[0m 08/07 17:09:22 | 0.780964    0.792176    0.000000    0.900741    nan         nan         nan         0.484617    0.780964    nan         0.792176    nan         0.910256    nan         0.946108    nan         0.845860    nan         200         4.790419    1.414179    1.080572    0.029525    0.000000    0.000039    0.655176    0.188981    2.762117    8.428967   
[36mINFO[0m 08/07 17:10:08 | 0.824893    0.833741    0.000000    0.943744    nan         nan         nan         0.228146    0.824893    nan         0.833741    nan         0.950855    nan         0.958084    nan         0.922293    nan         400         9.580838    0.579685    0.295413    0.021304    0.000000    0.000042    0.262926    0.195211    2.756272    8.615833   
[36mINFO[0m 08/07 17:10:56 | 0.791946    0.809291    0.000000    0.946444    nan         nan         nan         0.172949    0.791946    nan         0.809291    nan         0.959402    nan         0.955090    nan         0.924841    nan         600         14.371257   0.293618    0.127010    0.021126    0.000000    0.000042    0.145439    0.200523    2.829768    8.799016   
[36mINFO[0m 08/07 17:11:44 | 0.825503    0.872861    0.000000    0.968503    nan         nan         nan         0.111903    0.825503    nan         0.872861    nan         0.978632    nan         0.988024    nan         0.938854    nan         800         19.161677   0.227582    0.086299    0.020847    0.000000    0.000042    0.120393    0.197680    2.910051    8.980489   
[36mINFO[0m 08/07 17:12:31 | 0.785845    0.794621    0.000000    0.969902    nan         nan         nan         0.099480    0.785845    nan         0.794621    nan         0.974359    nan         0.985030    nan         0.950318    nan         1000        23.952096   0.149349    0.054861    0.020510    0.000000    0.000043    0.073935    0.197741    2.837818    9.164160   
[36mINFO[0m 08/07 17:13:18 | 0.784625    0.777506    0.000000    0.959097    nan         nan         nan         0.119064    0.784625    nan         0.777506    nan         0.955128    nan         0.982036    nan         0.940127    nan         1200        28.742515   0.108866    0.037268    0.020215    0.000000    0.000043    0.051340    0.198644    2.869970    9.344047   
[36mINFO[0m 08/07 17:14:05 | 0.712020    0.713936    0.000000    0.955806    nan         nan         nan         0.146347    0.712020    nan         0.713936    nan         0.955128    nan         0.967066    nan         0.945223    nan         1400        33.532934   0.166570    0.050669    0.019931    0.000000    0.000043    0.095927    0.196763    2.789893    9.526131   
Model converged at step 1000, Start step = 801; Threshold = 0.158119, 
[36mINFO[0m 08/07 17:14:53 | 0.780964    0.767726    0.000000    0.959809    nan         nan         nan         0.124216    0.780964    nan         0.767726    nan         0.957265    nan         0.982036    nan         0.940127    nan         1600        38.323353   0.114408    0.035702    0.019714    0.000000    0.000043    0.058949    0.196784    2.809477    9.709690   
[36mINFO[0m 08/07 17:15:41 | 0.763270    0.811736    0.000000    0.958952    nan         nan         nan         0.133661    0.763270    nan         0.811736    nan         0.963675    nan         0.973054    nan         0.940127    nan         1800        43.113772   0.088009    0.026023    0.019546    0.000000    0.000044    0.042396    0.200191    2.925455    9.711521   
[36mINFO[0m 08/07 17:16:29 | 0.814521    0.838631    0.000000    0.966357    nan         nan         nan         0.112961    0.814521    nan         0.838631    nan         0.974359    nan         0.982036    nan         0.942675    nan         2000        47.904192   0.095489    0.027429    0.019401    0.000000    0.000044    0.048615    0.198933    2.811999    9.711521   
[36mINFO[0m 08/07 17:17:18 | 0.802929    0.826406    0.000000    0.967206    nan         nan         nan         0.099862    0.802929    nan         0.826406    nan         0.974359    nan         0.982036    nan         0.945223    nan         2200        52.694611   0.078581    0.021341    0.019293    0.000000    0.000044    0.037903    0.196903    2.789644    9.711521   
[36mINFO[0m 08/07 17:18:07 | 0.821232    0.843521    0.000000    0.969603    nan         nan         nan         0.098011    0.821232    nan         0.843521    nan         0.970085    nan         0.982036    nan         0.956688    nan         2400        57.485030   0.075088    0.020479    0.019213    0.000000    0.000044    0.035351    0.196537    2.789348    9.711521   
[36mINFO[0m 08/07 17:18:56 | 0.697987    0.706601    0.000000    0.950377    nan         nan         nan         0.166114    0.697987    nan         0.706601    nan         0.948718    nan         0.952096    nan         0.950318    nan         2600        62.275449   0.067632    0.016489    0.019150    0.000000    0.000044    0.031949    0.196375    2.852134    9.711704   
[36mINFO[0m 08/07 17:19:45 | 0.741916    0.792176    0.000000    0.966175    nan         nan         nan         0.119413    0.741916    nan         0.792176    nan         0.972222    nan         0.967066    nan         0.959236    nan         2800        67.065868   0.104143    0.027040    0.019078    0.000000    0.000045    0.057981    0.196180    2.789569    9.711704   
[36mINFO[0m 08/07 17:20:34 | 0.754118    0.797066    0.000000    0.959510    nan         nan         nan         0.142213    0.754118    nan         0.797066    nan         0.952991    nan         0.979042    nan         0.946497    nan         3000        71.856287   0.078946    0.020289    0.019031    0.000000    0.000045    0.039581    0.198152    2.807146    9.711704   
[36mINFO[0m 08/07 17:21:23 | 0.867602    0.889976    0.000000    0.975158    nan         nan         nan         0.095502    0.867602    nan         0.889976    nan         0.976496    nan         0.991018    nan         0.957962    nan         3200        76.646707   0.078892    0.020354    0.018984    0.000000    0.000045    0.039509    0.195070    2.815527    9.715854   
[36mINFO[0m 08/07 17:22:12 | 0.794387    0.787286    0.000000    0.958952    nan         nan         nan         0.139189    0.794387    nan         0.787286    nan         0.963675    nan         0.973054    nan         0.940127    nan         3400        81.437126   0.070405    0.016288    0.018944    0.000000    0.000045    0.035128    0.196800    2.824094    9.715854   
[36mINFO[0m 08/07 17:23:00 | 0.784015    0.826406    0.000000    0.969742    nan         nan         nan         0.130733    0.784015    nan         0.826406    nan         0.972222    nan         0.979042    nan         0.957962    nan         3600        86.227545   0.080112    0.020552    0.018914    0.000000    0.000045    0.040600    0.192655    2.693823    9.718051   
[36mINFO[0m 08/07 17:23:47 | 0.802929    0.821516    0.000000    0.952237    nan         nan         nan         0.181567    0.802929    nan         0.821516    nan         0.927350    nan         0.979042    nan         0.950318    nan         3800        91.017964   0.064922    0.015161    0.018872    0.000000    0.000046    0.030844    0.192865    2.665552    9.718051   
[36mINFO[0m 08/07 17:24:34 | 0.835876    0.838631    0.000000    0.968331    nan         nan         nan         0.104016    0.835876    nan         0.838631    nan         0.974359    nan         0.979042    nan         0.951592    nan         4000        95.808383   0.070716    0.016233    0.018842    0.000000    0.000046    0.035596    0.192752    2.655005    9.718051   
[36mINFO[0m 08/07 17:25:21 | 0.813911    0.838631    0.000000    0.967760    nan         nan         nan         0.112411    0.813911    nan         0.838631    nan         0.978632    nan         0.973054    nan         0.951592    nan         4200        100.598802  0.055361    0.012057    0.018793    0.000000    0.000046    0.024465    0.192861    2.650827    9.718051   
[36mINFO[0m 08/07 17:26:09 | 0.809640    0.814181    0.000000    0.963762    nan         nan         nan         0.103732    0.809640    nan         0.814181    nan         0.965812    nan         0.970060    nan         0.955414    nan         4400        105.389222  0.058445    0.013145    0.018754    0.000000    0.000046    0.026499    0.193171    2.711800    9.718051   
[36mINFO[0m 08/07 17:26:56 | 0.779134    0.799511    0.000000    0.955080    nan         nan         nan         0.159170    0.779134    nan         0.799511    nan         0.946581    nan         0.967066    nan         0.951592    nan         4600        110.179641  0.045326    0.008615    0.018716    0.000000    0.000046    0.017949    0.193716    2.640852    9.718051   
[36mINFO[0m 08/07 17:27:43 | 0.763270    0.777506    0.000000    0.952123    nan         nan         nan         0.190165    0.763270    nan         0.777506    nan         0.957265    nan         0.964072    nan         0.935032    nan         4800        114.970060  0.079263    0.018944    0.018690    0.000000    0.000046    0.041582    0.193269    2.771601    9.718967   
[36mINFO[0m 08/07 17:28:31 | 0.768761    0.794621    0.000000    0.965038    nan         nan         nan         0.127365    0.768761    nan         0.794621    nan         0.970085    nan         0.967066    nan         0.957962    nan         5000        119.760479  0.046385    0.008931    0.018670    0.000000    0.000047    0.018737    0.192292    2.739420    9.719760   
[36mINFO[0m 08/07 17:28:34 | ---
[33mWARNING[0m 08/07 17:28:49 | Evaluate SWAD ...
[36mINFO[0m 08/07 17:28:52 | 0.870653    0.875306    0.000000    0.976411    nan         nan         nan         0.072354    0.870653    nan         0.875306    nan         0.976496    nan         0.982036    nan         0.970701    nan         [801-5000]  (N=22)
[36mINFO[0m 08/07 17:28:52 | oracle = 86.760%
[36mINFO[0m 08/07 17:28:52 | iid = 86.760%
[36mINFO[0m 08/07 17:28:52 | last = 76.876%
[36mINFO[0m 08/07 17:28:52 | last (inD) = 96.504%
[36mINFO[0m 08/07 17:28:52 | iid (inD) = 97.516%
[36mINFO[0m 08/07 17:28:52 | SWAD = 87.065%
[36mINFO[0m 08/07 17:28:52 | SWAD (inD) = 97.641%
[36mINFO[0m 08/07 17:28:53 | 
[36mINFO[0m 08/07 17:28:53 | Testenv name escaping te_cartoon -> te_cartoon
[36mINFO[0m 08/07 17:28:53 | Test envs = [1], name = te_cartoon
[36mINFO[0m 08/07 17:28:53 | Batch sizes for each domain: [32, 0, 32, 32] (total=96)
[36mINFO[0m 08/07 17:28:53 | steps-per-epoch for each domain: 51.22, 41.75, 98.25 -> min = 41.75
[36mINFO[0m 08/07 17:28:57 | # of params = 24234576
[36mINFO[0m 08/07 17:29:01 | test_in     test_out    train_in    train_out   test_in_au  train_out_  tr_outloss  test_out_a  env0_out    env0_out_a  env1_in     env1_in_au  env1_out    env1_out_a  env2_out    env2_out_a  env3_out    env3_out_a  step        epoch       loss        inv_ce      l2          penalty     l1          cl          step_time   eval_time   mem_gb     
[36mINFO[0m 08/07 17:29:01 | 0.143390    0.141026    0.000000    0.143080    nan         nan         1.941969    nan         0.132029    nan         0.143390    nan         0.141026    nan         0.113772    nan         0.183439    nan         0           0.000000    2.254274    1.970989    0.029520    0.000000    0.000039    1.001198    0.192456    3.022303    8.038107   
[36mINFO[0m 08/07 17:29:46 | 0.759062    0.786325    0.000000    0.937326    nan         nan         0.462118    nan         0.943765    nan         0.759062    nan         0.786325    nan         0.979042    nan         0.889172    nan         200         4.790419    1.444506    1.081834    0.029523    0.000000    0.000039    0.680513    0.190005    3.053866    8.426647   
[36mINFO[0m 08/07 17:30:33 | 0.737740    0.743590    0.000000    0.956100    nan         nan         0.202903    nan         0.938875    nan         0.737740    nan         0.743590    nan         0.988024    nan         0.941401    nan         400         9.580838    0.604265    0.298377    0.021173    0.000000    0.000042    0.284674    0.193128    3.060619    8.610950   
[36mINFO[0m 08/07 17:31:19 | 0.761194    0.803419    0.000000    0.954875    nan         nan         0.151609    nan         0.953545    nan         0.761194    nan         0.803419    nan         0.976048    nan         0.935032    nan         600         14.371257   0.324957    0.133265    0.020922    0.000000    0.000042    0.170728    0.193161    2.998826    8.793461   
[36mINFO[0m 08/07 17:32:05 | 0.770789    0.799145    0.000000    0.957720    nan         nan         0.134576    nan         0.953545    nan         0.770789    nan         0.799145    nan         0.982036    nan         0.937580    nan         800         19.161677   0.228399    0.082441    0.020620    0.000000    0.000042    0.125297    0.193757    3.014266    8.974813   
[36mINFO[0m 08/07 17:32:52 | 0.743603    0.762821    0.000000    0.953909    nan         nan         0.148546    nan         0.943765    nan         0.743603    nan         0.762821    nan         0.988024    nan         0.929936    nan         1000        23.952096   0.177999    0.060889    0.020315    0.000000    0.000043    0.096752    0.195137    3.046579    9.158728   
[36mINFO[0m 08/07 17:33:40 | 0.755864    0.799145    0.000000    0.943697    nan         nan         0.171581    nan         0.931540    nan         0.755864    nan         0.799145    nan         0.967066    nan         0.932484    nan         1200        28.742515   0.163128    0.051409    0.020040    0.000000    0.000043    0.091637    0.196412    3.113616    9.337883   
Model converged at step 800, Start step = 601; Threshold = 0.197038, 
[36mINFO[0m 08/07 17:34:29 | 0.769723    0.809829    0.000000    0.957823    nan         nan         0.144437    nan         0.946210    nan         0.769723    nan         0.809829    nan         0.982036    nan         0.945223    nan         1400        33.532934   0.130591    0.039798    0.019813    0.000000    0.000043    0.070937    0.198497    3.036840    9.699548   
[36mINFO[0m 08/07 17:35:16 | 0.829957    0.850427    0.000000    0.944273    nan         nan         0.192273    nan         0.938875    nan         0.829957    nan         0.850427    nan         0.955090    nan         0.938854    nan         1600        38.323353   0.100406    0.029021    0.019618    0.000000    0.000044    0.051723    0.196661    3.035975    9.701511   
[36mINFO[0m 08/07 17:36:03 | 0.804371    0.820513    0.000000    0.948631    nan         nan         0.173492    nan         0.933985    nan         0.804371    nan         0.820513    nan         0.973054    nan         0.938854    nan         1800        43.113772   0.086214    0.023444    0.019440    0.000000    0.000044    0.043286    0.194702    2.962423    9.704502   
[36mINFO[0m 08/07 17:36:52 | 0.815032    0.841880    0.000000    0.941493    nan         nan         0.199580    nan         0.926650    nan         0.815032    nan         0.841880    nan         0.964072    nan         0.933758    nan         2000        47.904192   0.110095    0.030481    0.019303    0.000000    0.000044    0.060268    0.197020    2.999022    9.704502   
[36mINFO[0m 08/07 17:37:41 | 0.769190    0.760684    0.000000    0.943501    nan         nan         0.170157    nan         0.936430    nan         0.769190    nan         0.760684    nan         0.973054    nan         0.921019    nan         2200        52.694611   0.105736    0.027432    0.019196    0.000000    0.000044    0.059065    0.195922    3.051575    9.704502   
[36mINFO[0m 08/07 17:38:30 | 0.782516    0.801282    0.000000    0.966901    nan         nan         0.119470    nan         0.955990    nan         0.782516    nan         0.801282    nan         0.988024    nan         0.956688    nan         2400        57.485030   0.107436    0.027351    0.019107    0.000000    0.000044    0.060934    0.194088    2.965608    9.708652   
[36mINFO[0m 08/07 17:39:20 | 0.822495    0.841880    0.000000    0.962874    nan         nan         0.138405    nan         0.958435    nan         0.822495    nan         0.841880    nan         0.976048    nan         0.954140    nan         2600        62.275449   0.067617    0.016157    0.019029    0.000000    0.000045    0.032387    0.196364    2.981010    9.709445   
[36mINFO[0m 08/07 17:40:08 | 0.730810    0.764957    0.000000    0.936091    nan         nan         0.219446    nan         0.924205    nan         0.730810    nan         0.764957    nan         0.940120    nan         0.943949    nan         2800        67.065868   0.077356    0.019236    0.018959    0.000000    0.000045    0.039115    0.194930    2.968844    9.712375   
[36mINFO[0m 08/07 17:40:57 | 0.764925    0.786325    0.000000    0.954922    nan         nan         0.149592    nan         0.948655    nan         0.764925    nan         0.786325    nan         0.967066    nan         0.949045    nan         3000        71.856287   0.101697    0.025198    0.018911    0.000000    0.000045    0.057542    0.194859    3.046486    9.712375   
[36mINFO[0m 08/07 17:41:46 | 0.731343    0.724359    0.000000    0.947930    nan         nan         0.180710    nan         0.933985    nan         0.731343    nan         0.724359    nan         0.976048    nan         0.933758    nan         3200        76.646707   0.123219    0.030901    0.018854    0.000000    0.000045    0.073418    0.195795    2.981441    9.713047   
[36mINFO[0m 08/07 17:42:35 | 0.746802    0.750000    0.000000    0.953648    nan         nan         0.143554    nan         0.948655    nan         0.746802    nan         0.750000    nan         0.967066    nan         0.945223    nan         3400        81.437126   0.093857    0.023525    0.018819    0.000000    0.000046    0.051469    0.196048    3.089905    9.713047   
[36mINFO[0m 08/07 17:43:24 | 0.722814    0.737179    0.000000    0.948528    nan         nan         0.187917    nan         0.941320    nan         0.722814    nan         0.737179    nan         0.973054    nan         0.931210    nan         3600        86.227545   0.060653    0.013188    0.018788    0.000000    0.000046    0.028632    0.196255    3.033028    9.713047   
[36mINFO[0m 08/07 17:44:13 | 0.796908    0.814103    0.000000    0.960603    nan         nan         0.132007    nan         0.958435    nan         0.796908    nan         0.814103    nan         0.973054    nan         0.950318    nan         3800        91.017964   0.052781    0.010479    0.018753    0.000000    0.000046    0.023503    0.194936    2.884011    9.713047   
[36mINFO[0m 08/07 17:45:00 | 0.812367    0.865385    0.000000    0.950617    nan         nan         0.172611    nan         0.943765    nan         0.812367    nan         0.865385    nan         0.973054    nan         0.935032    nan         4000        95.808383   0.057077    0.011743    0.018702    0.000000    0.000046    0.026586    0.193300    2.896693    9.713047   
[36mINFO[0m 08/07 17:45:48 | 0.732409    0.756410    0.000000    0.947680    nan         nan         0.192145    nan         0.929095    nan         0.732409    nan         0.756410    nan         0.961078    nan         0.952866    nan         4200        100.598802  0.073053    0.016915    0.018670    0.000000    0.000046    0.037422    0.192955    2.834682    9.713047   
[36mINFO[0m 08/07 17:46:36 | 0.784648    0.809829    0.000000    0.959707    nan         nan         0.131738    nan         0.951100    nan         0.784648    nan         0.809829    nan         0.970060    nan         0.957962    nan         4400        105.389222  0.076808    0.016851    0.018620    0.000000    0.000047    0.041289    0.193985    2.807878    9.713047   
[36mINFO[0m 08/07 17:47:23 | 0.811301    0.822650    0.000000    0.953292    nan         nan         0.219875    nan         0.943765    nan         0.811301    nan         0.822650    nan         0.967066    nan         0.949045    nan         4600        110.179641  0.049484    0.009724    0.018589    0.000000    0.000047    0.021124    0.195182    2.885067    9.713047   
[36mINFO[0m 08/07 17:48:11 | 0.754264    0.769231    0.000000    0.963516    nan         nan         0.148266    nan         0.953545    nan         0.754264    nan         0.769231    nan         0.979042    nan         0.957962    nan         4800        114.970060  0.065496    0.014192    0.018565    0.000000    0.000047    0.032692    0.195109    2.810940    9.713047   
[36mINFO[0m 08/07 17:48:59 | 0.779318    0.803419    0.000000    0.952524    nan         nan         0.181260    nan         0.936430    nan         0.779318    nan         0.803419    nan         0.958084    nan         0.963057    nan         5000        119.760479  0.056589    0.011347    0.018517    0.000000    0.000047    0.026678    0.195991    2.925247    9.713047   
[36mINFO[0m 08/07 17:49:02 | ---
[33mWARNING[0m 08/07 17:49:09 | Evaluate SWAD ...
[36mINFO[0m 08/07 17:49:12 | 0.841151    0.858974    0.000000    0.973157    nan         nan         0.091108    nan         0.973105    nan         0.841151    nan         0.858974    nan         0.982036    nan         0.964331    nan         [601-5000]  (N=23)
[36mINFO[0m 08/07 17:49:12 | oracle = 81.237%
[36mINFO[0m 08/07 17:49:12 | iid = 78.252%
[36mINFO[0m 08/07 17:49:12 | last = 77.932%
[36mINFO[0m 08/07 17:49:12 | last (inD) = 95.252%
[36mINFO[0m 08/07 17:49:12 | iid (inD) = 96.690%
[36mINFO[0m 08/07 17:49:12 | SWAD = 84.115%
[36mINFO[0m 08/07 17:49:12 | SWAD (inD) = 97.316%
[36mINFO[0m 08/07 17:49:14 | 
[36mINFO[0m 08/07 17:49:14 | Testenv name escaping te_photo -> te_photo
[36mINFO[0m 08/07 17:49:14 | Test envs = [2], name = te_photo
[36mINFO[0m 08/07 17:49:14 | Batch sizes for each domain: [32, 32, 0, 32] (total=96)
[36mINFO[0m 08/07 17:49:14 | steps-per-epoch for each domain: 51.22, 58.62, 98.25 -> min = 51.22
[36mINFO[0m 08/07 17:49:18 | # of params = 24234576
[36mINFO[0m 08/07 17:49:21 | test_in     test_out    train_in    train_out   test_in_au  train_out_  tr_outloss  test_out_a  env0_out    env0_out_a  env1_out    env1_out_a  env2_in     env2_in_au  env2_out    env2_out_a  env3_out    env3_out_a  step        epoch       loss        inv_ce      l2          penalty     l1          cl          step_time   eval_time   mem_gb     
[36mINFO[0m 08/07 17:49:21 | 0.089820    0.083832    0.000000    0.149371    nan         nan         1.945050    nan         0.107579    nan         0.130342    nan         0.089820    nan         0.083832    nan         0.210191    nan         0           0.000000    2.288075    1.927102    0.029461    0.000000    0.000039    1.135974    0.191609    2.454814    8.038107   
[36mINFO[0m 08/07 17:50:07 | 0.962575    0.949102    0.000000    0.922732    nan         nan         0.515500    nan         0.941320    nan         0.952991    nan         0.962575    nan         0.949102    nan         0.873885    nan         200         3.904820    1.591086    1.183693    0.029377    0.000000    0.000039    0.827067    0.192011    2.462424    8.426647   
[36mINFO[0m 08/07 17:50:54 | 0.954341    0.937126    0.000000    0.942026    nan         nan         0.259877    nan         0.938875    nan         0.957265    nan         0.954341    nan         0.937126    nan         0.929936    nan         400         7.809640    0.738134    0.375836    0.021162    0.000000    0.000042    0.341094    0.197890    2.553587    8.610950   
[36mINFO[0m 08/07 17:51:40 | 0.949102    0.937126    0.000000    0.924445    nan         nan         0.256636    nan         0.916870    nan         0.931624    nan         0.949102    nan         0.937126    nan         0.924841    nan         600         11.714460   0.404262    0.179171    0.020942    0.000000    0.000042    0.204107    0.195685    2.501466    8.793461   
[36mINFO[0m 08/07 17:52:27 | 0.972305    0.964072    0.000000    0.949635    nan         nan         0.171251    nan         0.941320    nan         0.957265    nan         0.972305    nan         0.964072    nan         0.950318    nan         800         15.619280   0.234708    0.098033    0.020614    0.000000    0.000042    0.116019    0.199145    2.551668    8.974813   
[36mINFO[0m 08/07 17:53:14 | 0.964072    0.958084    0.000000    0.954785    nan         nan         0.155974    nan         0.951100    nan         0.980769    nan         0.964072    nan         0.958084    nan         0.932484    nan         1000        19.524100   0.203027    0.077280    0.020285    0.000000    0.000043    0.105420    0.196522    2.509187    9.158728   
[36mINFO[0m 08/07 17:54:01 | 0.973802    0.967066    0.000000    0.951086    nan         nan         0.144617    nan         0.951100    nan         0.972222    nan         0.973802    nan         0.967066    nan         0.929936    nan         1200        23.428920   0.189862    0.066235    0.019996    0.000000    0.000043    0.103589    0.196101    2.540998    9.337883   
[36mINFO[0m 08/07 17:54:47 | 0.960329    0.931138    0.000000    0.947374    nan         nan         0.166993    nan         0.941320    nan         0.959402    nan         0.960329    nan         0.931138    nan         0.941401    nan         1400        27.333740   0.148863    0.050092    0.019730    0.000000    0.000043    0.078998    0.195955    2.523524    9.519234   
[36mINFO[0m 08/07 17:55:34 | 0.958084    0.931138    0.000000    0.947922    nan         nan         0.166735    nan         0.951100    nan         0.948718    nan         0.958084    nan         0.931138    nan         0.943949    nan         1600        31.238560   0.124842    0.039536    0.019528    0.000000    0.000044    0.065734    0.197640    2.527117    9.521685   
Model converged at step 1200, Start step = 801; Threshold = 0.207283, 
[36mINFO[0m 08/07 17:56:23 | 0.958084    0.946108    0.000000    0.957442    nan         nan         0.136100    nan         0.960880    nan         0.963675    nan         0.958084    nan         0.946108    nan         0.947771    nan         1800        35.143380   0.154225    0.047075    0.019363    0.000000    0.000044    0.087743    0.197586    2.542034    9.704441   
[36mINFO[0m 08/07 17:57:11 | 0.964820    0.952096    0.000000    0.955757    nan         nan         0.149560    nan         0.941320    nan         0.974359    nan         0.964820    nan         0.952096    nan         0.951592    nan         2000        39.048200   0.108175    0.032797    0.019245    0.000000    0.000044    0.056089    0.199952    2.606556    9.706455   
[36mINFO[0m 08/07 17:57:58 | 0.966317    0.952096    0.000000    0.961373    nan         nan         0.125414    nan         0.955990    nan         0.982906    nan         0.966317    nan         0.952096    nan         0.945223    nan         2200        42.953020   0.075947    0.021066    0.019145    0.000000    0.000044    0.035693    0.199021    2.558960    9.706455   
[36mINFO[0m 08/07 17:58:48 | 0.965569    0.964072    0.000000    0.943176    nan         nan         0.184282    nan         0.958435    nan         0.961538    nan         0.965569    nan         0.964072    nan         0.909554    nan         2400        46.857840   0.109582    0.030824    0.019064    0.000000    0.000044    0.059648    0.200831    2.610380    9.706455   
[36mINFO[0m 08/07 17:59:37 | 0.955090    0.931138    0.000000    0.944991    nan         nan         0.183649    nan         0.941320    nan         0.970085    nan         0.955090    nan         0.931138    nan         0.923567    nan         2600        50.762660   0.094006    0.025909    0.019005    0.000000    0.000045    0.049047    0.197387    2.435836    9.706455   
[36mINFO[0m 08/07 18:00:25 | 0.967814    0.955090    0.000000    0.959764    nan         nan         0.136452    nan         0.958435    nan         0.974359    nan         0.967814    nan         0.955090    nan         0.946497    nan         2800        54.667480   0.083291    0.022524    0.018950    0.000000    0.000045    0.041773    0.195820    2.459722    9.706455   
[36mINFO[0m 08/07 18:01:12 | 0.964072    0.955090    0.000000    0.941313    nan         nan         0.180065    nan         0.919315    nan         0.959402    nan         0.964072    nan         0.955090    nan         0.945223    nan         3000        58.572300   0.078043    0.020660    0.018910    0.000000    0.000045    0.038428    0.194955    2.475760    9.706455   
[36mINFO[0m 08/07 18:02:00 | 0.959581    0.952096    0.000000    0.959729    nan         nan         0.128813    nan         0.960880    nan         0.974359    nan         0.959581    nan         0.952096    nan         0.943949    nan         3200        62.477120   0.093337    0.024663    0.018858    0.000000    0.000045    0.049771    0.194966    2.539548    9.706455   
[36mINFO[0m 08/07 18:02:48 | 0.958084    0.946108    0.000000    0.967099    nan         nan         0.119092    nan         0.970660    nan         0.976496    nan         0.958084    nan         0.946108    nan         0.954140    nan         3400        66.381940   0.073380    0.017775    0.018815    0.000000    0.000046    0.036744    0.195030    2.533641    9.706455   
[36mINFO[0m 08/07 18:03:36 | 0.957335    0.949102    0.000000    0.957250    nan         nan         0.135799    nan         0.946210    nan         0.976496    nan         0.957335    nan         0.949102    nan         0.949045    nan         3600        70.286760   0.094827    0.024436    0.018779    0.000000    0.000046    0.051566    0.195250    2.496866    9.706455   
[36mINFO[0m 08/07 18:04:24 | 0.946108    0.943114    0.000000    0.937697    nan         nan         0.235043    nan         0.914425    nan         0.957265    nan         0.946108    nan         0.943114    nan         0.941401    nan         3800        74.191580   0.085291    0.021002    0.018745    0.000000    0.000046    0.045498    0.196338    2.505888    9.706455   
[36mINFO[0m 08/07 18:05:10 | 0.952844    0.952096    0.000000    0.959051    nan         nan         0.152665    nan         0.948655    nan         0.974359    nan         0.952844    nan         0.952096    nan         0.954140    nan         4000        78.096400   0.080051    0.019431    0.018710    0.000000    0.000046    0.041864    0.190006    2.396183    9.707736   
[36mINFO[0m 08/07 18:05:55 | 0.954341    0.946108    0.000000    0.956826    nan         nan         0.160179    nan         0.946210    nan         0.976496    nan         0.954341    nan         0.946108    nan         0.947771    nan         4200        82.001220   0.056301    0.012453    0.018677    0.000000    0.000046    0.025125    0.190988    2.372587    9.707736   
[36mINFO[0m 08/07 18:06:41 | 0.949102    0.931138    0.000000    0.956606    nan         nan         0.150199    nan         0.951100    nan         0.972222    nan         0.949102    nan         0.931138    nan         0.946497    nan         4400        85.906040   0.079408    0.020072    0.018633    0.000000    0.000047    0.040656    0.190980    2.362737    9.707736   
[36mINFO[0m 08/07 18:07:28 | 0.938623    0.913174    0.000000    0.955093    nan         nan         0.171066    nan         0.938875    nan         0.978632    nan         0.938623    nan         0.913174    nan         0.947771    nan         4600        89.810860   0.064989    0.015214    0.018594    0.000000    0.000047    0.031134    0.191674    2.340665    9.707736   
[36mINFO[0m 08/07 18:08:14 | 0.943114    0.940120    0.000000    0.951189    nan         nan         0.189453    nan         0.943765    nan         0.972222    nan         0.943114    nan         0.940120    nan         0.937580    nan         4800        93.715680   0.066292    0.015208    0.018565    0.000000    0.000047    0.032472    0.191626    2.367767    9.707736   
[36mINFO[0m 08/07 18:09:01 | 0.952096    0.931138    0.000000    0.950682    nan         nan         0.187810    nan         0.938875    nan         0.967949    nan         0.952096    nan         0.931138    nan         0.945223    nan         5000        97.620500   0.096218    0.024224    0.018527    0.000000    0.000047    0.053419    0.194007    2.449663    9.709018   
[36mINFO[0m 08/07 18:09:03 | ---
[33mWARNING[0m 08/07 18:09:09 | Evaluate SWAD ...
[36mINFO[0m 08/07 18:09:11 | 0.976796    0.964072    0.000000    0.974940    nan         nan         0.086070    nan         0.977995    nan         0.985043    nan         0.976796    nan         0.964072    nan         0.961783    nan         [801-5000]  (N=22)
[36mINFO[0m 08/07 18:09:11 | oracle = 97.380%
[36mINFO[0m 08/07 18:09:11 | iid = 95.808%
[36mINFO[0m 08/07 18:09:11 | last = 95.210%
[36mINFO[0m 08/07 18:09:11 | last (inD) = 95.068%
[36mINFO[0m 08/07 18:09:11 | iid (inD) = 96.710%
[36mINFO[0m 08/07 18:09:11 | SWAD = 97.680%
[36mINFO[0m 08/07 18:09:11 | SWAD (inD) = 97.494%
[36mINFO[0m 08/07 18:09:13 | 
[36mINFO[0m 08/07 18:09:13 | Testenv name escaping te_sketch -> te_sketch
[36mINFO[0m 08/07 18:09:13 | Test envs = [3], name = te_sketch
[36mINFO[0m 08/07 18:09:13 | Batch sizes for each domain: [32, 32, 32, 0] (total=96)
[36mINFO[0m 08/07 18:09:13 | steps-per-epoch for each domain: 51.22, 58.62, 41.75 -> min = 41.75
[36mINFO[0m 08/07 18:09:17 | # of params = 24234576
[36mINFO[0m 08/07 18:09:20 | test_in     test_out    train_in    train_out   test_in_au  train_out_  tr_outloss  test_out_a  env0_out    env0_out_a  env1_out    env1_out_a  env2_out    env2_out_a  env3_in     env3_in_au  env3_out    env3_out_a  step        epoch       loss        inv_ce      l2          penalty     l1          cl          step_time   eval_time   mem_gb     
[36mINFO[0m 08/07 18:09:20 | 0.207697    0.211465    0.000000    0.118857    nan         nan         1.943433    nan         0.112469    nan         0.145299    nan         0.098802    nan         0.207697    nan         0.211465    nan         0           0.000000    2.191078    1.963892    0.029359    0.000000    0.000039    0.804063    0.189427    3.656665    8.038107   
[36mINFO[0m 08/07 18:10:05 | 0.732506    0.715924    0.000000    0.917804    nan         nan         0.588638    nan         0.885086    nan         0.925214    nan         0.943114    nan         0.732506    nan         0.715924    nan         200         4.790419    1.519036    1.114826    0.029400    0.000000    0.000039    0.680367    0.180574    3.810868    8.426647   
[36mINFO[0m 08/07 18:10:52 | 0.676527    0.663694    0.000000    0.952350    nan         nan         0.251633    nan         0.933985    nan         0.938034    nan         0.985030    nan         0.676527    nan         0.663694    nan         400         9.580838    0.626193    0.321014    0.021111    0.000000    0.000042    0.284026    0.194606    3.829438    8.610950   
[36mINFO[0m 08/07 18:11:40 | 0.616412    0.593631    0.000000    0.950251    nan         nan         0.171484    nan         0.931540    nan         0.940171    nan         0.979042    nan         0.616412    nan         0.593631    nan         600         14.371257   0.322574    0.136520    0.020908    0.000000    0.000042    0.165104    0.193833    3.911618    8.793461   
[36mINFO[0m 08/07 18:12:27 | 0.750318    0.751592    0.000000    0.971447    nan         nan         0.120723    nan         0.951100    nan         0.972222    nan         0.991018    nan         0.750318    nan         0.751592    nan         800         19.161677   0.243785    0.088808    0.020569    0.000000    0.000042    0.134366    0.194094    3.977086    8.974813   
[36mINFO[0m 08/07 18:13:15 | 0.673664    0.695541    0.000000    0.963856    nan         nan         0.120503    nan         0.953545    nan         0.952991    nan         0.985030    nan         0.673664    nan         0.695541    nan         1000        23.952096   0.144734    0.051208    0.020258    0.000000    0.000043    0.073226    0.194965    3.942792    9.158728   
[36mINFO[0m 08/07 18:14:02 | 0.798346    0.780892    0.000000    0.961087    nan         nan         0.133392    nan         0.948655    nan         0.946581    nan         0.988024    nan         0.798346    nan         0.780892    nan         1200        28.742515   0.125391    0.039855    0.019966    0.000000    0.000043    0.065528    0.194189    3.816895    9.337883   
[36mINFO[0m 08/07 18:14:50 | 0.708015    0.710828    0.000000    0.948148    nan         nan         0.143786    nan         0.929095    nan         0.957265    nan         0.958084    nan         0.708015    nan         0.710828    nan         1400        33.532934   0.144388    0.041572    0.019731    0.000000    0.000043    0.083041    0.195975    3.923430    9.519234   
Model converged at step 1000, Start step = 601; Threshold = 0.172329, 
[36mINFO[0m 08/07 18:15:40 | 0.755089    0.760510    0.000000    0.959156    nan         nan         0.137904    nan         0.953545    nan         0.935897    nan         0.988024    nan         0.755089    nan         0.760510    nan         1600        38.323353   0.090208    0.025544    0.019547    0.000000    0.000043    0.045073    0.195057    3.907263    9.703647   
[36mINFO[0m 08/07 18:16:29 | 0.754453    0.757962    0.000000    0.952167    nan         nan         0.148300    nan         0.936430    nan         0.938034    nan         0.982036    nan         0.754453    nan         0.757962    nan         1800        43.113772   0.089752    0.024066    0.019406    0.000000    0.000044    0.046237    0.203250    3.982800    9.707004   
[36mINFO[0m 08/07 18:17:19 | 0.759224    0.768153    0.000000    0.949307    nan         nan         0.148414    nan         0.919315    nan         0.961538    nan         0.967066    nan         0.759224    nan         0.768153    nan         2000        47.904192   0.083053    0.021796    0.019292    0.000000    0.000044    0.041920    0.201158    4.088840    9.709445   
[36mINFO[0m 08/07 18:18:09 | 0.702290    0.687898    0.000000    0.967580    nan         nan         0.091231    nan         0.960880    nan         0.965812    nan         0.976048    nan         0.702290    nan         0.687898    nan         2200        52.694611   0.095823    0.025012    0.019190    0.000000    0.000044    0.051577    0.198345    3.882804    9.709445   
[36mINFO[0m 08/07 18:18:59 | 0.763677    0.765605    0.000000    0.947429    nan         nan         0.178136    nan         0.911980    nan         0.972222    nan         0.958084    nan         0.763677    nan         0.765605    nan         2400        57.485030   0.099796    0.024849    0.019119    0.000000    0.000044    0.055784    0.199457    4.013813    9.711215   
[36mINFO[0m 08/07 18:19:50 | 0.752545    0.763057    0.000000    0.947882    nan         nan         0.179838    nan         0.919315    nan         0.957265    nan         0.967066    nan         0.752545    nan         0.763057    nan         2600        62.275449   0.060912    0.014071    0.019038    0.000000    0.000044    0.027759    0.198393    3.920235    9.713718   
[36mINFO[0m 08/07 18:20:39 | 0.768448    0.764331    0.000000    0.959006    nan         nan         0.136379    nan         0.953545    nan         0.959402    nan         0.964072    nan         0.768448    nan         0.764331    nan         2800        67.065868   0.102220    0.025136    0.018992    0.000000    0.000045    0.058047    0.196995    3.928326    9.713718   
[36mINFO[0m 08/07 18:21:29 | 0.753499    0.726115    0.000000    0.961913    nan         nan         0.141224    nan         0.941320    nan         0.974359    nan         0.970060    nan         0.753499    nan         0.726115    nan         3000        71.856287   0.066680    0.014367    0.018926    0.000000    0.000045    0.033342    0.196349    3.918872    9.715793   
[36mINFO[0m 08/07 18:22:19 | 0.768766    0.773248    0.000000    0.961304    nan         nan         0.143406    nan         0.943765    nan         0.970085    nan         0.970060    nan         0.768766    nan         0.773248    nan         3200        76.646707   0.059065    0.011735    0.018872    0.000000    0.000045    0.028414    0.198824    3.977457    9.715793   
[36mINFO[0m 08/07 18:23:08 | 0.722328    0.728662    0.000000    0.965215    nan         nan         0.104858    nan         0.948655    nan         0.967949    nan         0.979042    nan         0.722328    nan         0.728662    nan         3400        81.437126   0.097808    0.023482    0.018829    0.000000    0.000045    0.055452    0.197821    3.886023    9.715793   
[36mINFO[0m 08/07 18:23:58 | 0.793575    0.791083    0.000000    0.964217    nan         nan         0.119008    nan         0.948655    nan         0.967949    nan         0.976048    nan         0.793575    nan         0.791083    nan         3600        86.227545   0.062958    0.013578    0.018786    0.000000    0.000045    0.030548    0.195216    4.148289    9.715793   
[36mINFO[0m 08/07 18:24:47 | 0.809796    0.796178    0.000000    0.964115    nan         nan         0.109753    nan         0.946210    nan         0.970085    nan         0.976048    nan         0.809796    nan         0.796178    nan         3800        91.017964   0.070207    0.015078    0.018744    0.000000    0.000046    0.036339    0.194402    3.897921    9.715793   
[36mINFO[0m 08/07 18:25:35 | 0.781489    0.755414    0.000000    0.964032    nan         nan         0.128031    nan         0.933985    nan         0.970085    nan         0.988024    nan         0.781489    nan         0.755414    nan         4000        95.808383   0.062904    0.013364    0.018712    0.000000    0.000046    0.030783    0.191269    3.656030    9.715793   
[36mINFO[0m 08/07 18:26:22 | 0.796756    0.794904    0.000000    0.965642    nan         nan         0.138515    nan         0.948655    nan         0.972222    nan         0.976048    nan         0.796756    nan         0.794904    nan         4200        100.598802  0.061661    0.013001    0.018689    0.000000    0.000046    0.029925    0.189277    3.709298    9.715793   
[36mINFO[0m 08/07 18:27:08 | 0.767812    0.754140    0.000000    0.954768    nan         nan         0.129048    nan         0.933985    nan         0.957265    nan         0.973054    nan         0.767812    nan         0.754140    nan         4400        105.389222  0.078516    0.016878    0.018639    0.000000    0.000046    0.042953    0.186366    3.588028    9.715793   
[36mINFO[0m 08/07 18:27:55 | 0.752863    0.771975    0.000000    0.958497    nan         nan         0.158955    nan         0.941320    nan         0.955128    nan         0.979042    nan         0.752863    nan         0.771975    nan         4600        110.179641  0.062269    0.012734    0.018592    0.000000    0.000046    0.030896    0.188533    3.661299    9.715793   
[36mINFO[0m 08/07 18:28:42 | 0.734733    0.737580    0.000000    0.963608    nan         nan         0.127416    nan         0.951100    nan         0.963675    nan         0.976048    nan         0.734733    nan         0.737580    nan         4800        114.970060  0.042123    0.006265    0.018555    0.000000    0.000047    0.017257    0.188273    3.605489    9.715793   
[36mINFO[0m 08/07 18:29:30 | 0.752545    0.746497    0.000000    0.947513    nan         nan         0.191999    nan         0.907090    nan         0.959402    nan         0.976048    nan         0.752545    nan         0.746497    nan         5000        119.760479  0.061162    0.012902    0.018516    0.000000    0.000047    0.029697    0.191392    3.646360    9.715793   
[36mINFO[0m 08/07 18:29:31 | ---
[33mWARNING[0m 08/07 18:29:34 | Evaluate SWAD ...
[36mINFO[0m 08/07 18:29:38 | 0.812023    0.810191    0.000000    0.980816    nan         nan         0.080429    nan         0.970660    nan         0.980769    nan         0.991018    nan         0.812023    nan         0.810191    nan         [601-4800]  (N=22)
[36mINFO[0m 08/07 18:29:38 | oracle = 80.980%
[36mINFO[0m 08/07 18:29:38 | iid = 75.032%
[36mINFO[0m 08/07 18:29:38 | last = 75.254%
[36mINFO[0m 08/07 18:29:38 | last (inD) = 94.751%
[36mINFO[0m 08/07 18:29:38 | iid (inD) = 97.145%
[36mINFO[0m 08/07 18:29:38 | SWAD = 81.202%
[36mINFO[0m 08/07 18:29:38 | SWAD (inD) = 98.082%
[36mINFO[0m 08/07 18:29:39 | === Summary ===
[36mINFO[0m 08/07 18:29:39 | Command: /home/s21_yhr/lzh/new/DomainBed-new/train_all.py PACS_iDAG_SWAD_seed0 --dataset PACS --data_dir /home/s21_yhr/lzh/new/DomainBed-new/dataset --algorithm iDAG --steps 5000 --checkpoint_freq 200 --batch_size 32 --optimizer adam --lr 5e-5 --weight_decay 0 --resnet_dropout 0 --resnet18 False --pretrained True --freeze_bn True --swad LossValley --seed 0 --trial_seed 0 --deterministic --cache disk --prebuild_loader --image_size 224 --out_dim 256 --hidden_size 256 --num_hidden_layers 0 --dag_anneal_steps 200 --temperature 0.07 --ema_ratio 0.99 --lambda1 0.01 --lambda2 0.01 --rho 1.0 --alpha 1.0 --rho_max 100.0 --weight_mu 1.0 --weight_nu 1.0
[36mINFO[0m 08/07 18:29:39 | Unique name: 260807_17-08-28_PACS_iDAG_SWAD_seed0
[36mINFO[0m 08/07 18:29:39 | Out path: train_output/PACS/260807_17-08-28_PACS_iDAG_SWAD_seed0
[36mINFO[0m 08/07 18:29:39 | Algorithm: iDAG
[36mINFO[0m 08/07 18:29:39 | Dataset: PACS
+------------+--------------+---------+---------+---------+---------+
| Selection  | art_painting | cartoon |  photo  |  sketch |   Avg.  |
+------------+--------------+---------+---------+---------+---------+
|   oracle   |   86.760%    | 81.237% | 97.380% | 80.980% | 86.589% |
|    iid     |   86.760%    | 78.252% | 95.808% | 75.032% | 83.963% |
|    last    |   76.876%    | 77.932% | 95.210% | 75.254% | 81.318% |
| last (inD) |   96.504%    | 95.252% | 95.068% | 94.751% | 95.394% |
| iid (inD)  |   97.516%    | 96.690% | 96.710% | 97.145% | 97.015% |
|    SWAD    |   87.065%    | 84.115% | 97.680% | 81.202% | 87.516% |
| SWAD (inD) |   97.641%    | 97.316% | 97.494% | 98.082% | 97.633% |
+------------+--------------+---------+---------+---------+---------+
================================================================================
Starting iDAG_SWAD, seed=1, physical GPU=2
/home/s21_yhr/miniconda3/envs/GGA/bin/python /home/s21_yhr/lzh/new/DomainBed-new/train_all.py PACS_iDAG_SWAD_seed1 --dataset PACS --data_dir /home/s21_yhr/lzh/new/DomainBed-new/dataset --algorithm iDAG --steps 5000 --checkpoint_freq 200 --batch_size 32 --optimizer adam --lr 5e-5 --weight_decay 0 --resnet_dropout 0 --resnet18 False --pretrained True --freeze_bn True --swad LossValley --seed 1 --trial_seed 1 --deterministic --cache disk --prebuild_loader --image_size 224 --out_dim 256 --hidden_size 256 --num_hidden_layers 0 --dag_anneal_steps 200 --temperature 0.07 --ema_ratio 0.99 --lambda1 0.01 --lambda2 0.01 --rho 1.0 --alpha 1.0 --rho_max 100.0 --weight_mu 1.0 --weight_nu 1.0
================================================================================
[36mINFO[0m 08/07 18:29:45 | Command :: /home/s21_yhr/lzh/new/DomainBed-new/train_all.py PACS_iDAG_SWAD_seed1 --dataset PACS --data_dir /home/s21_yhr/lzh/new/DomainBed-new/dataset --algorithm iDAG --steps 5000 --checkpoint_freq 200 --batch_size 32 --optimizer adam --lr 5e-5 --weight_decay 0 --resnet_dropout 0 --resnet18 False --pretrained True --freeze_bn True --swad LossValley --seed 1 --trial_seed 1 --deterministic --cache disk --prebuild_loader --image_size 224 --out_dim 256 --hidden_size 256 --num_hidden_layers 0 --dag_anneal_steps 200 --temperature 0.07 --ema_ratio 0.99 --lambda1 0.01 --lambda2 0.01 --rho 1.0 --alpha 1.0 --rho_max 100.0 --weight_mu 1.0 --weight_nu 1.0
Environment:
	Python: 3.11.15
	PyTorch: 2.11.0+cu128
	Torchvision: 0.26.0+cu128
	CUDA: 12.8
	CUDNN: 91900
	NumPy: 1.26.4
	PIL: 12.2.0
Args:
	algorithm: iDAG
	batch_size: 32
	cache: disk
	cache_root: cache
	cache_size: None
	checkpoint_freq: 200
	configs: []
	data_dir: /home/s21_yhr/lzh/new/DomainBed-new/dataset
	dataset: PACS
	debug: False
	deterministic: True
	end_step: 200
	evalmode: fast
	extra_search: n
	extra_search_end: None
	extra_search_start: None
	gga_l_gamma: 0.001
	grad_fn: sum
	holdout_fraction: 0.2
	model_save: None
	name: PACS_iDAG_SWAD_seed1
	neighborhoodSize: 1e-06
	out_dir: train_output/PACS/260807_18-29-45_PACS_iDAG_SWAD_seed1
	out_root: train_output/PACS
	prebuild_loader: True
	q_steps: 2000
	quant: 0
	resize_mode: stretch
	saliency: False
	saliency_cmap: jet
	saliency_every: 0
	saliency_noise: 0.15
	saliency_num: 16
	saliency_samples: 25
	saliency_split: test_in
	seed: 1
	show: False
	start_step: 100
	steps: 5000
	tb_freq: 10
	test_envs: None
	train_output: train_output
	trial_seed: 1
	unique_name: 260807_18-29-45_PACS_iDAG_SWAD_seed1
	work_dir: .
HParams:
	data_augmentation: True
	val_augment: False
	[36mresnet18: False
	[0m[36mresnet_dropout: 0
	[0mclass_balanced: False
	[36moptimizer: adam
	[0m[36mfreeze_bn: True
	[0m[36mpretrained: True
	[0m[36mimage_size: 224
	[0m[36mlr: 5e-05
	[0mbatch_size: 32
	[36mweight_decay: 0
	[0m[36mhidden_size: 256
	[0m[36mout_dim: 256
	[0m[36mnum_hidden_layers: 0
	[0m[36mdag_anneal_steps: 200
	[0m[36mtemperature: 0.07
	[0m[36mema_ratio: 0.99
	[0m[36mlambda1: 0.01
	[0m[36mlambda2: 0.01
	[0m[36mrho_max: 100.0
	[0m[36mrho: 1.0
	[0m[36malpha: 1.0
	[0m[36mweight_nu: 1.0
	[0m[36mweight_mu: 1.0
	[0m[36mswad: LossValley
	[0mswad_kwargs: 
	  n_converge: 3
	  n_tolerance: 6
	  tolerance_ratio: 0.3
	test_batchsize: 128
	indomain_test: False
	grad_fn: sum
	extra_search: n
	logdir: train_output/PACS/260807_18-29-45_PACS_iDAG_SWAD_seed1
	neighborhoodSize: 1e-06
	start_step: 100
	end_step: 200
	extra_search_start: None
	extra_search_end: None
	gga_l_gamma: 0.001
Dataset:
	[PACS] #envs=4, #classes=7
	env0: art_painting (#2048)
	env1: cartoon (#2344)
	env2: photo (#1670)
	env3: sketch (#3929)

[36mINFO[0m 08/07 18:29:45 | n_steps = 5000
[36mINFO[0m 08/07 18:29:45 | checkpoint_freq = 200
[36mINFO[0m 08/07 18:29:45 | n_steps is updated to 5000 => 5001 for checkpointing
[36mINFO[0m 08/07 18:29:45 | Target test envs = [[0], [1], [2], [3]]
[36mINFO[0m 08/07 18:29:45 | 
[36mINFO[0m 08/07 18:29:46 | Testenv name escaping te_art_painting -> te_art_painting
[36mINFO[0m 08/07 18:29:46 | Test envs = [0], name = te_art_painting
[36mINFO[0m 08/07 18:29:46 | Batch sizes for each domain: [0, 32, 32, 32] (total=96)
[36mINFO[0m 08/07 18:29:46 | steps-per-epoch for each domain: 58.62, 41.75, 98.25 -> min = 41.75
/home/s21_yhr/miniconda3/envs/GGA/lib/python3.11/site-packages/torchvision/models/_utils.py:208: UserWarning: The parameter 'pretrained' is deprecated since 0.13 and may be removed in the future, please use 'weights' instead.
  warnings.warn(
/home/s21_yhr/miniconda3/envs/GGA/lib/python3.11/site-packages/torchvision/models/_utils.py:223: UserWarning: Arguments other than a weight enum or `None` for 'weights' are deprecated since 0.13 and may be removed in the future. The current behavior is equivalent to passing `weights=ResNet50_Weights.IMAGENET1K_V1`. You can also use `weights=ResNet50_Weights.DEFAULT` to get the most up-to-date weights.
  warnings.warn(msg)
[36mINFO[0m 08/07 18:29:48 | # of params = 24234576
/home/s21_yhr/lzh/new/DomainBed-new/domainbed/algorithms/algorithms.py:161: UserWarning: The use of `x.T` on tensors of dimension other than 2 to reverse their shape is deprecated and it will throw an error in a future release. Consider `x.mT` to transpose batches of matrices or `x.permute(*torch.arange(x.ndim - 1, -1, -1))` to reverse the dimensions of a tensor. (Triggered internally at /pytorch/aten/src/ATen/native/TensorShape.cpp:4480.)
  mask_neg = torch.not_equal(labels, labels.T)
[36mINFO[0m 08/07 18:29:52 | test_in     test_out    train_in    train_out   test_in_au  test_out_a  train_out_  tr_outloss  env0_in     env0_in_au  env0_out    env0_out_a  env1_out    env1_out_a  env2_out    env2_out_a  env3_out    env3_out_a  step        epoch       loss        inv_ce      l2          penalty     l1          cl          step_time   eval_time   mem_gb     
[36mINFO[0m 08/07 18:29:52 | 0.156803    0.146699    0.000000    0.223394    nan         nan         nan         1.944692    0.156803    nan         0.146699    nan         0.130342    nan         0.254491    nan         0.285350    nan         0           0.000000    2.237386    1.957049    0.029549    0.000000    0.000039    0.982854    1.123163    2.870705    8.038535   
[36mINFO[0m 08/07 18:30:38 | 0.801708    0.782396    0.000000    0.955724    nan         nan         nan         0.437982    0.801708    nan         0.782396    nan         0.959402    nan         0.988024    nan         0.919745    nan         200         4.790419    1.473457    1.115762    0.029612    0.000000    0.000039    0.715747    0.190819    2.861759    8.428967   
[36mINFO[0m 08/07 18:31:25 | 0.845638    0.836186    0.000000    0.969041    nan         nan         nan         0.188358    0.845638    nan         0.836186    nan         0.972222    nan         0.982036    nan         0.952866    nan         400         9.580838    0.591857    0.298459    0.021339    0.000000    0.000042    0.272017    0.196423    2.861466    8.615833   
[36mINFO[0m 08/07 18:32:11 | 0.755339    0.711491    0.000000    0.973574    nan         nan         nan         0.134508    0.755339    nan         0.711491    nan         0.970085    nan         0.985030    nan         0.965605    nan         600         14.371257   0.327154    0.137107    0.021150    0.000000    0.000042    0.168854    0.195388    2.859587    8.799016   
[36mINFO[0m 08/07 18:33:00 | 0.788286    0.784841    0.000000    0.968891    nan         nan         nan         0.111055    0.788286    nan         0.784841    nan         0.967949    nan         0.982036    nan         0.956688    nan         800         19.161677   0.203749    0.077073    0.020874    0.000000    0.000042    0.105760    0.201603    3.005992    8.980489   
[36mINFO[0m 08/07 18:33:48 | 0.779134    0.765281    0.000000    0.970009    nan         nan         nan         0.115258    0.779134    nan         0.765281    nan         0.950855    nan         0.991018    nan         0.968153    nan         1000        23.952096   0.224803    0.076418    0.020547    0.000000    0.000043    0.127796    0.201534    2.990770    9.164160   
[36mINFO[0m 08/07 18:34:36 | 0.811470    0.804401    0.000000    0.976708    nan         nan         nan         0.087924    0.811470    nan         0.804401    nan         0.976496    nan         0.988024    nan         0.965605    nan         1200        28.742515   0.138690    0.047938    0.020233    0.000000    0.000043    0.070475    0.203583    2.876619    9.344047   
[36mINFO[0m 08/07 18:35:24 | 0.829774    0.806846    0.000000    0.966615    nan         nan         nan         0.097434    0.829774    nan         0.806846    nan         0.959402    nan         0.985030    nan         0.955414    nan         1400        33.532934   0.117298    0.038007    0.019950    0.000000    0.000043    0.059298    0.200098    2.820970    9.526131   
[36mINFO[0m 08/07 18:36:12 | 0.841977    0.821516    0.000000    0.977119    nan         nan         nan         0.083150    0.841977    nan         0.821516    nan         0.970085    nan         0.988024    nan         0.973248    nan         1600        38.323353   0.107749    0.032877    0.019740    0.000000    0.000043    0.055089    0.200755    2.945475    9.527911   
[36mINFO[0m 08/07 18:37:00 | 0.854179    0.848411    0.000000    0.976407    nan         nan         nan         0.083283    0.854179    nan         0.848411    nan         0.967949    nan         0.988024    nan         0.973248    nan         1800        43.113772   0.100533    0.029932    0.019573    0.000000    0.000044    0.050985    0.199215    2.806551    9.527911   
[36mINFO[0m 08/07 18:37:47 | 0.818792    0.806846    0.000000    0.957823    nan         nan         nan         0.121452    0.818792    nan         0.806846    nan         0.955128    nan         0.982036    nan         0.936306    nan         2000        47.904192   0.104432    0.030750    0.019427    0.000000    0.000044    0.054211    0.197916    2.820241    9.527911   
Model converged at step 1600, Start step = 1001; Threshold = 0.124750, 
[36mINFO[0m 08/07 18:38:38 | 0.850519    0.838631    0.000000    0.966613    nan         nan         nan         0.121379    0.850519    nan         0.838631    nan         0.955128    nan         0.988024    nan         0.956688    nan         2200        52.694611   0.097337    0.027555    0.019306    0.000000    0.000044    0.050433    0.197180    2.761795    9.706211   
[36mINFO[0m 08/07 18:39:24 | 0.822453    0.801956    0.000000    0.973983    nan         nan         nan         0.080763    0.822453    nan         0.801956    nan         0.959402    nan         0.988024    nan         0.974522    nan         2400        57.485030   0.089172    0.024655    0.019237    0.000000    0.000044    0.045237    0.195596    2.778769    9.710910   
[36mINFO[0m 08/07 18:40:10 | 0.835265    0.816626    0.000000    0.975010    nan         nan         nan         0.082284    0.835265    nan         0.816626    nan         0.976496    nan         0.988024    nan         0.960510    nan         2600        62.275449   0.065085    0.015738    0.019165    0.000000    0.000044    0.030138    0.193632    2.949413    9.713230   
[36mINFO[0m 08/07 18:40:57 | 0.832215    0.836186    0.000000    0.970476    nan         nan         nan         0.087367    0.832215    nan         0.836186    nan         0.974359    nan         0.988024    nan         0.949045    nan         2800        67.065868   0.061012    0.015017    0.019111    0.000000    0.000045    0.026839    0.194932    2.751685    9.713230   
[36mINFO[0m 08/07 18:41:46 | 0.787675    0.777506    0.000000    0.971877    nan         nan         nan         0.097970    0.787675    nan         0.777506    nan         0.974359    nan         0.982036    nan         0.959236    nan         3000        71.856287   0.074163    0.018694    0.019055    0.000000    0.000045    0.036370    0.195515    2.818381    9.713230   
[36mINFO[0m 08/07 18:42:34 | 0.782794    0.767726    0.000000    0.966883    nan         nan         nan         0.104889    0.782794    nan         0.767726    nan         0.965812    nan         0.973054    nan         0.961783    nan         3200        76.646707   0.081580    0.020946    0.019015    0.000000    0.000045    0.041575    0.194654    2.810564    9.713230   
[36mINFO[0m 08/07 18:43:22 | 0.823673    0.826406    0.000000    0.974994    nan         nan         nan         0.073937    0.823673    nan         0.826406    nan         0.965812    nan         0.991018    nan         0.968153    nan         3400        81.437126   0.050195    0.011418    0.018976    0.000000    0.000045    0.019756    0.194890    2.884656    9.713291   
[36mINFO[0m 08/07 18:44:10 | 0.807810    0.792176    0.000000    0.962504    nan         nan         nan         0.113838    0.807810    nan         0.792176    nan         0.952991    nan         0.988024    nan         0.946497    nan         3600        86.227545   0.067425    0.015644    0.018940    0.000000    0.000045    0.032796    0.196096    2.823197    9.713291   
[36mINFO[0m 08/07 18:44:58 | 0.799878    0.772616    0.000000    0.956383    nan         nan         nan         0.141669    0.799878    nan         0.772616    nan         0.940171    nan         0.985030    nan         0.943949    nan         3800        91.017964   0.076573    0.019189    0.018888    0.000000    0.000045    0.038449    0.196074    2.984836    9.714084   
[36mINFO[0m 08/07 18:45:46 | 0.786455    0.777506    0.000000    0.961083    nan         nan         nan         0.128592    0.786455    nan         0.777506    nan         0.957265    nan         0.982036    nan         0.943949    nan         4000        95.808383   0.051183    0.010939    0.018849    0.000000    0.000046    0.021349    0.194105    2.673557    9.714450   
[36mINFO[0m 08/07 18:46:32 | 0.793167    0.804401    0.000000    0.972858    nan         nan         nan         0.093838    0.793167    nan         0.804401    nan         0.959402    nan         0.991018    nan         0.968153    nan         4200        100.598802  0.083406    0.021379    0.018804    0.000000    0.000046    0.043177    0.191282    2.678746    9.718479   
[36mINFO[0m 08/07 18:47:19 | 0.779744    0.765281    0.000000    0.973159    nan         nan         nan         0.094783    0.779744    nan         0.765281    nan         0.967949    nan         0.991018    nan         0.960510    nan         4400        105.389222  0.085737    0.021863    0.018766    0.000000    0.000046    0.045063    0.193223    2.605026    9.718479   
[36mINFO[0m 08/07 18:48:05 | 0.820622    0.816626    0.000000    0.972885    nan         nan         nan         0.085175    0.820622    nan         0.816626    nan         0.972222    nan         0.991018    nan         0.955414    nan         4600        110.179641  0.042250    0.008062    0.018738    0.000000    0.000046    0.015404    0.191687    2.727327    9.718479   
[36mINFO[0m 08/07 18:48:52 | 0.837096    0.833741    0.000000    0.973562    nan         nan         nan         0.088191    0.837096    nan         0.833741    nan         0.967949    nan         0.982036    nan         0.970701    nan         4800        114.970060  0.050240    0.010499    0.018700    0.000000    0.000046    0.020995    0.194554    2.638146    9.718479   
[36mINFO[0m 08/07 18:49:39 | 0.683344    0.674817    0.000000    0.943286    nan         nan         nan         0.196951    0.683344    nan         0.674817    nan         0.925214    nan         0.967066    nan         0.937580    nan         5000        119.760479  0.042135    0.007271    0.018676    0.000000    0.000046    0.016141    0.192665    2.621417    9.718479   
[36mINFO[0m 08/07 18:49:41 | ---
[33mWARNING[0m 08/07 18:49:45 | Evaluate SWAD ...
[36mINFO[0m 08/07 18:49:48 | 0.880415    0.872861    0.000000    0.985226    nan         nan         nan         0.045589    0.880415    nan         0.872861    nan         0.985043    nan         0.991018    nan         0.979618    nan         [1001-4800]  (N=20)
[36mINFO[0m 08/07 18:49:48 | oracle = 85.418%
[36mINFO[0m 08/07 18:49:48 | iid = 84.198%
[36mINFO[0m 08/07 18:49:48 | last = 68.334%
[36mINFO[0m 08/07 18:49:48 | last (inD) = 94.329%
[36mINFO[0m 08/07 18:49:48 | iid (inD) = 97.712%
[36mINFO[0m 08/07 18:49:48 | SWAD = 88.041%
[36mINFO[0m 08/07 18:49:48 | SWAD (inD) = 98.523%
[36mINFO[0m 08/07 18:49:49 | 
[36mINFO[0m 08/07 18:49:49 | Testenv name escaping te_cartoon -> te_cartoon
[36mINFO[0m 08/07 18:49:49 | Test envs = [1], name = te_cartoon
[36mINFO[0m 08/07 18:49:49 | Batch sizes for each domain: [32, 0, 32, 32] (total=96)
[36mINFO[0m 08/07 18:49:49 | steps-per-epoch for each domain: 51.22, 41.75, 98.25 -> min = 41.75
[36mINFO[0m 08/07 18:49:53 | # of params = 24234576
[36mINFO[0m 08/07 18:49:56 | test_in     test_out    train_in    train_out   test_in_au  train_out_  tr_outloss  test_out_a  env0_out    env0_out_a  env1_in     env1_in_au  env1_out    env1_out_a  env2_out    env2_out_a  env3_out    env3_out_a  step        epoch       loss        inv_ce      l2          penalty     l1          cl          step_time   eval_time   mem_gb     
[36mINFO[0m 08/07 18:49:56 | 0.124733    0.115385    0.000000    0.116960    nan         nan         1.949068    nan         0.141809    nan         0.124733    nan         0.115385    nan         0.197605    nan         0.011465    nan         0           0.000000    2.220131    1.948873    0.029489    0.000000    0.000039    0.868869    0.192743    2.774312    8.038107   
[36mINFO[0m 08/07 18:50:40 | 0.797441    0.784188    0.000000    0.915265    nan         nan         0.497156    nan         0.892421    nan         0.797441    nan         0.784188    nan         0.982036    nan         0.871338    nan         200         4.790419    1.480760    1.119546    0.029507    0.000000    0.000039    0.662926    0.183850    3.078452    8.426647   
[36mINFO[0m 08/07 18:51:27 | 0.749467    0.754274    0.000000    0.944593    nan         nan         0.235279    nan         0.926650    nan         0.749467    nan         0.754274    nan         0.958084    nan         0.949045    nan         400         9.580838    0.647707    0.323660    0.021354    0.000000    0.000042    0.302651    0.197442    2.965856    8.610950   
[36mINFO[0m 08/07 18:52:14 | 0.736674    0.726496    0.000000    0.945244    nan         nan         0.181441    nan         0.924205    nan         0.736674    nan         0.726496    nan         0.979042    nan         0.932484    nan         600         14.371257   0.346681    0.145311    0.021133    0.000000    0.000042    0.180195    0.196194    3.014928    8.793461   
[36mINFO[0m 08/07 18:53:01 | 0.781450    0.784188    0.000000    0.950822    nan         nan         0.155699    nan         0.941320    nan         0.781450    nan         0.784188    nan         0.985030    nan         0.926115    nan         800         19.161677   0.240673    0.091251    0.020798    0.000000    0.000042    0.128582    0.196403    2.944650    8.974813   
[36mINFO[0m 08/07 18:53:49 | 0.760128    0.737179    0.000000    0.953229    nan         nan         0.151684    nan         0.911980    nan         0.760128    nan         0.737179    nan         0.991018    nan         0.956688    nan         1000        23.952096   0.199838    0.068294    0.020430    0.000000    0.000043    0.111072    0.201338    3.095285    9.158728   
[36mINFO[0m 08/07 18:54:37 | 0.783049    0.771368    0.000000    0.965088    nan         nan         0.109695    nan         0.953545    nan         0.783049    nan         0.771368    nan         0.985030    nan         0.956688    nan         1200        28.742515   0.130032    0.044216    0.020103    0.000000    0.000043    0.065670    0.201179    3.122897    9.337883   
[36mINFO[0m 08/07 18:55:25 | 0.742004    0.730769    0.000000    0.965661    nan         nan         0.112310    nan         0.953545    nan         0.742004    nan         0.730769    nan         0.988024    nan         0.955414    nan         1400        33.532934   0.115731    0.035680    0.019836    0.000000    0.000043    0.060172    0.198991    3.129754    9.519234   
[36mINFO[0m 08/07 18:56:13 | 0.718550    0.754274    0.000000    0.953897    nan         nan         0.146896    nan         0.933985    nan         0.718550    nan         0.754274    nan         0.985030    nan         0.942675    nan         1600        38.323353   0.131968    0.039666    0.019612    0.000000    0.000043    0.072646    0.200614    3.099694    9.521685   
Model converged at step 1200, Start step = 801; Threshold = 0.159857, 
[36mINFO[0m 08/07 18:57:03 | 0.840085    0.831197    0.000000    0.940617    nan         nan         0.211284    nan         0.911980    nan         0.840085    nan         0.831197    nan         0.985030    nan         0.924841    nan         1800        43.113772   0.098847    0.028433    0.019449    0.000000    0.000044    0.050922    0.202229    3.105478    9.704441   
[36mINFO[0m 08/07 18:57:51 | 0.692964    0.700855    0.000000    0.965661    nan         nan         0.119324    nan         0.953545    nan         0.692964    nan         0.700855    nan         0.988024    nan         0.955414    nan         2000        47.904192   0.113577    0.030651    0.019319    0.000000    0.000044    0.063563    0.199874    3.132935    9.706455   
[36mINFO[0m 08/07 18:58:39 | 0.760128    0.741453    0.000000    0.933365    nan         nan         0.219520    nan         0.902200    nan         0.760128    nan         0.741453    nan         0.973054    nan         0.924841    nan         2200        52.694611   0.116543    0.031784    0.019215    0.000000    0.000044    0.065500    0.199611    3.122114    9.706455   
[36mINFO[0m 08/07 18:59:28 | 0.703625    0.692308    0.000000    0.938370    nan         nan         0.173262    nan         0.907090    nan         0.703625    nan         0.692308    nan         0.964072    nan         0.943949    nan         2400        57.485030   0.082628    0.022104    0.019124    0.000000    0.000044    0.041356    0.198235    3.035592    9.706455   
[36mINFO[0m 08/07 19:00:17 | 0.753731    0.747863    0.000000    0.965684    nan         nan         0.098389    nan         0.941320    nan         0.753731    nan         0.747863    nan         0.985030    nan         0.970701    nan         2600        62.275449   0.062429    0.015000    0.019049    0.000000    0.000044    0.028335    0.199451    3.122141    9.706455   
[36mINFO[0m 08/07 19:01:06 | 0.797974    0.797009    0.000000    0.966120    nan         nan         0.124478    nan         0.951100    nan         0.797974    nan         0.797009    nan         0.988024    nan         0.959236    nan         2800        67.065868   0.074773    0.018222    0.018991    0.000000    0.000045    0.037515    0.200973    3.014865    9.706455   
[36mINFO[0m 08/07 19:01:55 | 0.757996    0.758547    0.000000    0.964880    nan         nan         0.124932    nan         0.948655    nan         0.757996    nan         0.758547    nan         0.988024    nan         0.957962    nan         3000        71.856287   0.085979    0.021397    0.018941    0.000000    0.000045    0.045597    0.197763    3.114154    9.706455   
[36mINFO[0m 08/07 19:02:44 | 0.803305    0.805556    0.000000    0.961896    nan         nan         0.119533    nan         0.938875    nan         0.803305    nan         0.805556    nan         0.985030    nan         0.961783    nan         3200        76.646707   0.071589    0.017569    0.018896    0.000000    0.000045    0.035079    0.197477    3.065868    9.706455   
[36mINFO[0m 08/07 19:03:33 | 0.799574    0.794872    0.000000    0.966074    nan         nan         0.109458    nan         0.943765    nan         0.799574    nan         0.794872    nan         0.985030    nan         0.969427    nan         3400        81.437126   0.092523    0.022411    0.018856    0.000000    0.000045    0.051211    0.199615    3.121832    9.706455   
[36mINFO[0m 08/07 19:04:22 | 0.776119    0.750000    0.000000    0.967899    nan         nan         0.108414    nan         0.955990    nan         0.776119    nan         0.750000    nan         0.991018    nan         0.956688    nan         3600        86.227545   0.108520    0.026945    0.018821    0.000000    0.000045    0.062709    0.200653    3.023996    9.706455   
[36mINFO[0m 08/07 19:05:11 | 0.837420    0.801282    0.000000    0.972833    nan         nan         0.103982    nan         0.958435    nan         0.837420    nan         0.801282    nan         0.997006    nan         0.963057    nan         3800        91.017964   0.076783    0.017633    0.018771    0.000000    0.000046    0.040333    0.199353    3.083344    9.706455   
[36mINFO[0m 08/07 19:06:00 | 0.766525    0.760684    0.000000    0.958556    nan         nan         0.136485    nan         0.924205    nan         0.766525    nan         0.760684    nan         0.982036    nan         0.969427    nan         4000        95.808383   0.053801    0.010984    0.018738    0.000000    0.000046    0.024033    0.198700    3.092532    9.707736   
[36mINFO[0m 08/07 19:06:48 | 0.777719    0.760684    0.000000    0.959107    nan         nan         0.154018    nan         0.936430    nan         0.777719    nan         0.760684    nan         0.988024    nan         0.952866    nan         4200        100.598802  0.111390    0.027754    0.018710    0.000000    0.000046    0.064880    0.200679    2.980094    9.707736   
[36mINFO[0m 08/07 19:07:35 | 0.787313    0.786325    0.000000    0.971113    nan         nan         0.099341    nan         0.958435    nan         0.787313    nan         0.786325    nan         0.988024    nan         0.966879    nan         4400        105.389222  0.056140    0.011014    0.018674    0.000000    0.000046    0.026406    0.191534    2.814044    9.707736   
[36mINFO[0m 08/07 19:08:22 | 0.792111    0.773504    0.000000    0.974773    nan         nan         0.092835    nan         0.960880    nan         0.792111    nan         0.773504    nan         0.994012    nan         0.969427    nan         4600        110.179641  0.043281    0.007579    0.018645    0.000000    0.000046    0.017012    0.193126    2.808284    9.707736   
[36mINFO[0m 08/07 19:09:08 | 0.776652    0.777778    0.000000    0.961472    nan         nan         0.126251    nan         0.938875    nan         0.776652    nan         0.777778    nan         0.985030    nan         0.960510    nan         4800        114.970060  0.055200    0.010828    0.018597    0.000000    0.000047    0.025728    0.190554    2.815648    9.707736   
[36mINFO[0m 08/07 19:09:54 | 0.822495    0.811966    0.000000    0.960576    nan         nan         0.148563    nan         0.931540    nan         0.822495    nan         0.811966    nan         0.982036    nan         0.968153    nan         5000        119.760479  0.046278    0.008678    0.018556    0.000000    0.000047    0.018997    0.190250    2.818884    9.709018   
[36mINFO[0m 08/07 19:09:55 | ---
[33mWARNING[0m 08/07 19:10:01 | Evaluate SWAD ...
[36mINFO[0m 08/07 19:10:04 | 0.833689    0.801282    0.000000    0.980363    nan         nan         0.066491    nan         0.975550    nan         0.833689    nan         0.801282    nan         0.991018    nan         0.974522    nan         [801-5000]  (N=22)
[36mINFO[0m 08/07 19:10:04 | oracle = 84.009%
[36mINFO[0m 08/07 19:10:04 | iid = 79.211%
[36mINFO[0m 08/07 19:10:04 | last = 82.249%
[36mINFO[0m 08/07 19:10:04 | last (inD) = 96.058%
[36mINFO[0m 08/07 19:10:04 | iid (inD) = 97.477%
[36mINFO[0m 08/07 19:10:04 | SWAD = 83.369%
[36mINFO[0m 08/07 19:10:04 | SWAD (inD) = 98.036%
[36mINFO[0m 08/07 19:10:05 | 
[36mINFO[0m 08/07 19:10:05 | Testenv name escaping te_photo -> te_photo
[36mINFO[0m 08/07 19:10:05 | Test envs = [2], name = te_photo
[36mINFO[0m 08/07 19:10:05 | Batch sizes for each domain: [32, 32, 0, 32] (total=96)
[36mINFO[0m 08/07 19:10:05 | steps-per-epoch for each domain: 51.22, 58.62, 98.25 -> min = 51.22
[36mINFO[0m 08/07 19:10:09 | # of params = 24234576
[36mINFO[0m 08/07 19:10:12 | test_in     test_out    train_in    train_out   test_in_au  train_out_  tr_outloss  test_out_a  env0_out    env0_out_a  env1_out    env1_out_a  env2_in     env2_in_au  env2_out    env2_out_a  env3_out    env3_out_a  step        epoch       loss        inv_ce      l2          penalty     l1          cl          step_time   eval_time   mem_gb     
[36mINFO[0m 08/07 19:10:12 | 0.111527    0.116766    0.000000    0.174368    nan         nan         1.948525    nan         0.176039    nan         0.155983    nan         0.111527    nan         0.116766    nan         0.191083    nan         0           0.000000    2.347389    1.944553    0.029548    0.000000    0.000039    1.275248    0.191766    2.491023    8.038107   
[36mINFO[0m 08/07 19:10:54 | 0.919910    0.916168    0.000000    0.927438    nan         nan         0.563169    nan         0.924205    nan         0.923077    nan         0.919910    nan         0.916168    nan         0.935032    nan         200         3.904820    1.645846    1.205042    0.029521    0.000000    0.000039    0.886813    0.181953    2.386117    8.426647   
[36mINFO[0m 08/07 19:11:39 | 0.957335    0.973054    0.000000    0.902906    nan         nan         0.348171    nan         0.924205    nan         0.901709    nan         0.957335    nan         0.973054    nan         0.882803    nan         400         7.809640    0.735238    0.384114    0.021272    0.000000    0.000042    0.329811    0.190942    2.425045    8.610950   
[36mINFO[0m 08/07 19:12:25 | 0.959581    0.967066    0.000000    0.932458    nan         nan         0.243882    nan         0.931540    nan         0.935897    nan         0.959581    nan         0.967066    nan         0.929936    nan         600         11.714460   0.383226    0.171524    0.021124    0.000000    0.000042    0.190536    0.194458    2.638632    8.793461   
[36mINFO[0m 08/07 19:13:12 | 0.962575    0.970060    0.000000    0.954477    nan         nan         0.160716    nan         0.958435    nan         0.950855    nan         0.962575    nan         0.970060    nan         0.954140    nan         800         15.619280   0.241525    0.100552    0.020828    0.000000    0.000042    0.120102    0.198639    2.596861    8.974813   
[36mINFO[0m 08/07 19:13:58 | 0.967066    0.967066    0.000000    0.959011    nan         nan         0.146145    nan         0.958435    nan         0.952991    nan         0.967066    nan         0.967066    nan         0.965605    nan         1000        19.524100   0.200296    0.074329    0.020469    0.000000    0.000043    0.105455    0.194597    2.582655    9.158728   
[36mINFO[0m 08/07 19:14:46 | 0.940120    0.970060    0.000000    0.925692    nan         nan         0.229948    nan         0.926650    nan         0.916667    nan         0.940120    nan         0.970060    nan         0.933758    nan         1200        23.428920   0.184152    0.064533    0.020132    0.000000    0.000043    0.099444    0.200138    2.678020    9.337883   
[36mINFO[0m 08/07 19:15:33 | 0.955838    0.967066    0.000000    0.950525    nan         nan         0.172573    nan         0.941320    nan         0.976496    nan         0.955838    nan         0.967066    nan         0.933758    nan         1400        27.333740   0.159442    0.053428    0.019856    0.000000    0.000043    0.086115    0.200082    2.623847    9.519234   
Model converged at step 1000, Start step = 801; Threshold = 0.237756, 
[36mINFO[0m 08/07 19:16:22 | 0.947605    0.958084    0.000000    0.943738    nan         nan         0.174983    nan         0.919315    nan         0.967949    nan         0.947605    nan         0.958084    nan         0.943949    nan         1600        31.238560   0.132264    0.042523    0.019632    0.000000    0.000043    0.070065    0.199853    2.679726    9.703647   
[36mINFO[0m 08/07 19:17:09 | 0.952844    0.967066    0.000000    0.941944    nan         nan         0.182438    nan         0.904645    nan         0.959402    nan         0.952844    nan         0.967066    nan         0.961783    nan         1800        35.143380   0.117125    0.036047    0.019443    0.000000    0.000044    0.061591    0.199925    2.723351    9.707004   
[36mINFO[0m 08/07 19:17:57 | 0.958832    0.970060    0.000000    0.949224    nan         nan         0.165808    nan         0.921760    nan         0.967949    nan         0.958832    nan         0.970060    nan         0.957962    nan         2000        39.048200   0.140502    0.042275    0.019296    0.000000    0.000044    0.078887    0.200345    2.742372    9.709445   
[36mINFO[0m 08/07 19:18:47 | 0.949102    0.961078    0.000000    0.960675    nan         nan         0.126956    nan         0.970660    nan         0.950855    nan         0.949102    nan         0.961078    nan         0.960510    nan         2200        42.953020   0.115150    0.033348    0.019202    0.000000    0.000044    0.062557    0.200852    2.718588    9.709445   
[36mINFO[0m 08/07 19:19:36 | 0.955838    0.970060    0.000000    0.957154    nan         nan         0.135172    nan         0.951100    nan         0.963675    nan         0.955838    nan         0.970060    nan         0.956688    nan         2400        46.857840   0.087753    0.025221    0.019120    0.000000    0.000044    0.043368    0.201178    2.694353    9.711215   
[36mINFO[0m 08/07 19:20:26 | 0.937874    0.952096    0.000000    0.932424    nan         nan         0.208009    nan         0.914425    nan         0.940171    nan         0.937874    nan         0.952096    nan         0.942675    nan         2600        50.762660   0.108056    0.029855    0.019043    0.000000    0.000045    0.059113    0.200165    2.630944    9.713718   
[36mINFO[0m 08/07 19:21:15 | 0.944611    0.958084    0.000000    0.953251    nan         nan         0.162156    nan         0.946210    nan         0.959402    nan         0.944611    nan         0.958084    nan         0.954140    nan         2800        54.667480   0.066867    0.017672    0.018993    0.000000    0.000045    0.030157    0.201169    2.727737    9.713718   
[36mINFO[0m 08/07 19:22:04 | 0.956587    0.973054    0.000000    0.944388    nan         nan         0.162347    nan         0.931540    nan         0.955128    nan         0.956587    nan         0.973054    nan         0.946497    nan         3000        58.572300   0.080675    0.020358    0.018946    0.000000    0.000045    0.041326    0.200953    2.623072    9.715793   
[36mINFO[0m 08/07 19:22:54 | 0.952096    0.961078    0.000000    0.955627    nan         nan         0.141760    nan         0.938875    nan         0.963675    nan         0.952096    nan         0.961078    nan         0.964331    nan         3200        62.477120   0.087332    0.023252    0.018913    0.000000    0.000045    0.045122    0.200731    2.674848    9.715793   
[36mINFO[0m 08/07 19:23:44 | 0.947605    0.973054    0.000000    0.953134    nan         nan         0.142254    nan         0.933985    nan         0.957265    nan         0.947605    nan         0.973054    nan         0.968153    nan         3400        66.381940   0.081186    0.021195    0.018862    0.000000    0.000045    0.041083    0.203313    2.702776    9.715793   
[36mINFO[0m 08/07 19:24:33 | 0.942365    0.970060    0.000000    0.952840    nan         nan         0.166257    nan         0.936430    nan         0.967949    nan         0.942365    nan         0.970060    nan         0.954140    nan         3600        70.286760   0.068755    0.017151    0.018821    0.000000    0.000045    0.032737    0.201977    2.689821    9.715793   
[36mINFO[0m 08/07 19:25:23 | 0.920659    0.943114    0.000000    0.930931    nan         nan         0.228950    nan         0.909535    nan         0.938034    nan         0.920659    nan         0.943114    nan         0.945223    nan         3800        74.191580   0.073338    0.018118    0.018781    0.000000    0.000046    0.036393    0.202096    2.679412    9.715793   
[36mINFO[0m 08/07 19:26:12 | 0.963323    0.967066    0.000000    0.959428    nan         nan         0.147589    nan         0.941320    nan         0.970085    nan         0.963323    nan         0.967066    nan         0.966879    nan         4000        78.096400   0.099418    0.025777    0.018736    0.000000    0.000046    0.054859    0.202032    2.647942    9.715793   
[36mINFO[0m 08/07 19:27:01 | 0.955090    0.970060    0.000000    0.960565    nan         nan         0.124047    nan         0.941320    nan         0.972222    nan         0.955090    nan         0.970060    nan         0.968153    nan         4200        82.001220   0.061495    0.013888    0.018700    0.000000    0.000046    0.028862    0.198304    2.463298    9.715793   
[36mINFO[0m 08/07 19:27:48 | 0.954341    0.958084    0.000000    0.959668    nan         nan         0.147469    nan         0.953545    nan         0.963675    nan         0.954341    nan         0.958084    nan         0.961783    nan         4400        85.906040   0.066142    0.015305    0.018671    0.000000    0.000046    0.032119    0.192941    2.434243    9.715793   
[36mINFO[0m 08/07 19:28:34 | 0.955090    0.955090    0.000000    0.949347    nan         nan         0.183033    nan         0.941320    nan         0.955128    nan         0.955090    nan         0.955090    nan         0.951592    nan         4600        89.810860   0.063188    0.014692    0.018631    0.000000    0.000046    0.029818    0.192735    2.456712    9.715793   
[36mINFO[0m 08/07 19:29:21 | 0.958832    0.973054    0.000000    0.967270    nan         nan         0.110428    nan         0.958435    nan         0.976496    nan         0.958832    nan         0.973054    nan         0.966879    nan         4800        93.715680   0.075171    0.018292    0.018598    0.000000    0.000047    0.038234    0.193358    2.446661    9.715793   
[36mINFO[0m 08/07 19:30:07 | 0.953593    0.970060    0.000000    0.946717    nan         nan         0.219716    nan         0.936430    nan         0.950855    nan         0.953593    nan         0.970060    nan         0.952866    nan         5000        97.620500   0.075589    0.017498    0.018571    0.000000    0.000047    0.039472    0.192327    2.462653    9.715793   
[36mINFO[0m 08/07 19:30:09 | ---
[33mWARNING[0m 08/07 19:30:16 | Evaluate SWAD ...
[36mINFO[0m 08/07 19:30:18 | 0.971557    0.979042    0.000000    0.979783    nan         nan         0.097978    nan         0.975550    nan         0.982906    nan         0.971557    nan         0.979042    nan         0.980892    nan         [801-5000]  (N=22)
[36mINFO[0m 08/07 19:30:18 | oracle = 95.734%
[36mINFO[0m 08/07 19:30:18 | iid = 95.883%
[36mINFO[0m 08/07 19:30:18 | last = 95.359%
[36mINFO[0m 08/07 19:30:18 | last (inD) = 94.672%
[36mINFO[0m 08/07 19:30:18 | iid (inD) = 96.727%
[36mINFO[0m 08/07 19:30:18 | SWAD = 97.156%
[36mINFO[0m 08/07 19:30:18 | SWAD (inD) = 97.978%
[36mINFO[0m 08/07 19:30:19 | 
[36mINFO[0m 08/07 19:30:19 | Testenv name escaping te_sketch -> te_sketch
[36mINFO[0m 08/07 19:30:19 | Test envs = [3], name = te_sketch
[36mINFO[0m 08/07 19:30:19 | Batch sizes for each domain: [32, 32, 32, 0] (total=96)
[36mINFO[0m 08/07 19:30:19 | steps-per-epoch for each domain: 51.22, 58.62, 41.75 -> min = 41.75
[36mINFO[0m 08/07 19:30:24 | # of params = 24234576
[36mINFO[0m 08/07 19:30:27 | test_in     test_out    train_in    train_out   test_in_au  train_out_  tr_outloss  test_out_a  env0_out    env0_out_a  env1_out    env1_out_a  env2_out    env2_out_a  env3_in     env3_in_au  env3_out    env3_out_a  step        epoch       loss        inv_ce      l2          penalty     l1          cl          step_time   eval_time   mem_gb     
[36mINFO[0m 08/07 19:30:27 | 0.042621    0.033121    0.000000    0.217978    nan         nan         1.938926    nan         0.239609    nan         0.153846    nan         0.260479    nan         0.042621    nan         0.033121    nan         0           0.000000    2.279396    1.944075    0.029421    0.000000    0.000039    0.909836    0.185586    3.705765    8.038107   
[36mINFO[0m 08/07 19:31:12 | 0.667621    0.675159    0.000000    0.932534    nan         nan         0.513581    nan         0.899756    nan         0.918803    nan         0.979042    nan         0.667621    nan         0.675159    nan         200         4.790419    1.497793    1.105663    0.029324    0.000000    0.000039    0.662873    0.181785    3.689093    8.426647   
[36mINFO[0m 08/07 19:31:59 | 0.766858    0.761783    0.000000    0.961064    nan         nan         0.210955    nan         0.941320    nan         0.950855    nan         0.991018    nan         0.766858    nan         0.761783    nan         400         9.580838    0.618339    0.312226    0.020958    0.000000    0.000042    0.285113    0.193315    4.077214    8.610950   
[36mINFO[0m 08/07 19:32:47 | 0.708015    0.699363    0.000000    0.955728    nan         nan         0.167793    nan         0.936430    nan         0.948718    nan         0.982036    nan         0.708015    nan         0.699363    nan         600         14.371257   0.304488    0.128271    0.020833    0.000000    0.000042    0.155341    0.198365    4.179637    8.793461   
[36mINFO[0m 08/07 19:33:36 | 0.735051    0.745223    0.000000    0.952857    nan         nan         0.149704    nan         0.929095    nan         0.944444    nan         0.985030    nan         0.735051    nan         0.745223    nan         800         19.161677   0.232179    0.085624    0.020539    0.000000    0.000042    0.125974    0.197867    4.289139    8.974813   
[36mINFO[0m 08/07 19:34:25 | 0.798982    0.803822    0.000000    0.956014    nan         nan         0.144928    nan         0.936430    nan         0.946581    nan         0.985030    nan         0.798982    nan         0.803822    nan         1000        23.952096   0.166854    0.058113    0.020239    0.000000    0.000043    0.088459    0.200364    4.334484    9.158728   
[36mINFO[0m 08/07 19:35:15 | 0.643766    0.629299    0.000000    0.955507    nan         nan         0.136042    nan         0.941320    nan         0.940171    nan         0.985030    nan         0.643766    nan         0.629299    nan         1200        28.742515   0.125856    0.041034    0.019963    0.000000    0.000043    0.064815    0.203056    4.369975    9.337883   
[36mINFO[0m 08/07 19:36:04 | 0.747455    0.760510    0.000000    0.961140    nan         nan         0.131606    nan         0.936430    nan         0.967949    nan         0.979042    nan         0.747455    nan         0.760510    nan         1400        33.532934   0.111929    0.033751    0.019730    0.000000    0.000043    0.058405    0.202841    4.304025    9.519234   
[36mINFO[0m 08/07 19:36:54 | 0.720420    0.726115    0.000000    0.969290    nan         nan         0.099632    nan         0.960880    nan         0.967949    nan         0.979042    nan         0.720420    nan         0.726115    nan         1600        38.323353   0.135184    0.038276    0.019525    0.000000    0.000043    0.077340    0.203854    4.332721    9.521685   
[36mINFO[0m 08/07 19:37:43 | 0.737595    0.750318    0.000000    0.972878    nan         nan         0.090467    nan         0.968215    nan         0.959402    nan         0.991018    nan         0.737595    nan         0.750318    nan         1800        43.113772   0.091978    0.025381    0.019368    0.000000    0.000044    0.047185    0.201426    4.218403    9.527911   
[36mINFO[0m 08/07 19:38:32 | 0.757952    0.770701    0.000000    0.963913    nan         nan         0.121934    nan         0.941320    nan         0.959402    nan         0.991018    nan         0.757952    nan         0.770701    nan         2000        47.904192   0.088596    0.022695    0.019241    0.000000    0.000044    0.046617    0.198771    4.264304    9.527911   
[36mINFO[0m 08/07 19:39:21 | 0.676209    0.689172    0.000000    0.966256    nan         nan         0.107048    nan         0.946210    nan         0.961538    nan         0.991018    nan         0.676209    nan         0.689172    nan         2200        52.694611   0.092483    0.024228    0.019142    0.000000    0.000044    0.049069    0.201827    4.262060    9.527911   
Model converged at step 1800, Start step = 1201; Threshold = 0.138428, 
[36mINFO[0m 08/07 19:40:14 | 0.754771    0.751592    0.000000    0.961160    nan         nan         0.113310    nan         0.926650    nan         0.965812    nan         0.991018    nan         0.754771    nan         0.751592    nan         2400        57.485030   0.075491    0.017495    0.019061    0.000000    0.000044    0.038890    0.201167    4.145988    9.709262   
[36mINFO[0m 08/07 19:41:03 | 0.780534    0.771975    0.000000    0.967843    nan         nan         0.090998    nan         0.953545    nan         0.967949    nan         0.982036    nan         0.780534    nan         0.771975    nan         2600        62.275449   0.085313    0.019970    0.018996    0.000000    0.000044    0.046303    0.200552    4.296998    9.712986   
[36mINFO[0m 08/07 19:41:53 | 0.709288    0.689172    0.000000    0.951393    nan         nan         0.161236    nan         0.948655    nan         0.944444    nan         0.961078    nan         0.709288    nan         0.689172    nan         2800        67.065868   0.092547    0.021967    0.018940    0.000000    0.000045    0.051595    0.203492    4.226271    9.712986   
[36mINFO[0m 08/07 19:42:44 | 0.775127    0.757962    0.000000    0.975625    nan         nan         0.075358    nan         0.965770    nan         0.970085    nan         0.991018    nan         0.775127    nan         0.757962    nan         3000        71.856287   0.079120    0.018818    0.018892    0.000000    0.000045    0.041366    0.203022    4.382078    9.712986   
[36mINFO[0m 08/07 19:43:35 | 0.789122    0.777070    0.000000    0.961975    nan         nan         0.156850    nan         0.929095    nan         0.965812    nan         0.991018    nan         0.789122    nan         0.777070    nan         3200        76.646707   0.062375    0.013150    0.018843    0.000000    0.000045    0.030337    0.202530    4.273886    9.712986   
[36mINFO[0m 08/07 19:44:25 | 0.800891    0.788535    0.000000    0.956125    nan         nan         0.163349    nan         0.911980    nan         0.974359    nan         0.982036    nan         0.800891    nan         0.788535    nan         3400        81.437126   0.064370    0.013517    0.018790    0.000000    0.000045    0.032017    0.200032    4.272507    9.712986   
[36mINFO[0m 08/07 19:45:16 | 0.747455    0.724841    0.000000    0.964789    nan         nan         0.109951    nan         0.948655    nan         0.963675    nan         0.982036    nan         0.747455    nan         0.724841    nan         3600        86.227545   0.059347    0.013126    0.018761    0.000000    0.000045    0.027414    0.201954    4.182808    9.712986   
[36mINFO[0m 08/07 19:46:07 | 0.809478    0.798726    0.000000    0.972814    nan         nan         0.088691    nan         0.963325    nan         0.970085    nan         0.985030    nan         0.809478    nan         0.798726    nan         3800        91.017964   0.050516    0.008911    0.018712    0.000000    0.000046    0.022846    0.202378    4.236725    9.712986   
[36mINFO[0m 08/07 19:46:58 | 0.769402    0.775796    0.000000    0.967497    nan         nan         0.101722    nan         0.948655    nan         0.965812    nan         0.988024    nan         0.769402    nan         0.775796    nan         4000        95.808383   0.086427    0.020168    0.018675    0.000000    0.000046    0.047538    0.202402    4.377382    9.712986   
[36mINFO[0m 08/07 19:47:49 | 0.805662    0.779618    0.000000    0.962085    nan         nan         0.119525    nan         0.948655    nan         0.946581    nan         0.991018    nan         0.805662    nan         0.779618    nan         4200        100.598802  0.058386    0.011233    0.018642    0.000000    0.000046    0.028464    0.201667    4.171529    9.712986   
[36mINFO[0m 08/07 19:48:38 | 0.790076    0.798726    0.000000    0.962877    nan         nan         0.135860    nan         0.943765    nan         0.950855    nan         0.994012    nan         0.790076    nan         0.798726    nan         4400        105.389222  0.064987    0.012608    0.018599    0.000000    0.000046    0.033734    0.196069    3.800760    9.712986   
[36mINFO[0m 08/07 19:49:26 | 0.799618    0.798726    0.000000    0.962181    nan         nan         0.122479    nan         0.933985    nan         0.961538    nan         0.991018    nan         0.799618    nan         0.798726    nan         4600        110.179641  0.081182    0.017453    0.018561    0.000000    0.000046    0.045121    0.191423    3.783890    9.712986   
[36mINFO[0m 08/07 19:50:13 | 0.768766    0.768153    0.000000    0.969390    nan         nan         0.116509    nan         0.946210    nan         0.967949    nan         0.994012    nan         0.768766    nan         0.768153    nan         4800        114.970060  0.069972    0.014304    0.018533    0.000000    0.000047    0.037089    0.191245    3.791396    9.712986   
[36mINFO[0m 08/07 19:51:01 | 0.753817    0.755414    0.000000    0.951432    nan         nan         0.171210    nan         0.929095    nan         0.940171    nan         0.985030    nan         0.753817    nan         0.755414    nan         5000        119.760479  0.062584    0.011658    0.018500    0.000000    0.000047    0.032381    0.192906    3.840321    9.712986   
[36mINFO[0m 08/07 19:51:03 | ---
[33mWARNING[0m 08/07 19:51:08 | Evaluate SWAD ...
[36mINFO[0m 08/07 19:51:12 | 0.804707    0.812739    0.000000    0.979795    nan         nan         0.071384    nan         0.963325    nan         0.985043    nan         0.991018    nan         0.804707    nan         0.812739    nan         [1201-4800]  (N=19)
[36mINFO[0m 08/07 19:51:12 | oracle = 79.898%
[36mINFO[0m 08/07 19:51:12 | iid = 77.513%
[36mINFO[0m 08/07 19:51:12 | last = 75.382%
[36mINFO[0m 08/07 19:51:12 | last (inD) = 95.143%
[36mINFO[0m 08/07 19:51:12 | iid (inD) = 97.562%
[36mINFO[0m 08/07 19:51:12 | SWAD = 80.471%
[36mINFO[0m 08/07 19:51:12 | SWAD (inD) = 97.980%
[36mINFO[0m 08/07 19:51:13 | === Summary ===
[36mINFO[0m 08/07 19:51:13 | Command: /home/s21_yhr/lzh/new/DomainBed-new/train_all.py PACS_iDAG_SWAD_seed1 --dataset PACS --data_dir /home/s21_yhr/lzh/new/DomainBed-new/dataset --algorithm iDAG --steps 5000 --checkpoint_freq 200 --batch_size 32 --optimizer adam --lr 5e-5 --weight_decay 0 --resnet_dropout 0 --resnet18 False --pretrained True --freeze_bn True --swad LossValley --seed 1 --trial_seed 1 --deterministic --cache disk --prebuild_loader --image_size 224 --out_dim 256 --hidden_size 256 --num_hidden_layers 0 --dag_anneal_steps 200 --temperature 0.07 --ema_ratio 0.99 --lambda1 0.01 --lambda2 0.01 --rho 1.0 --alpha 1.0 --rho_max 100.0 --weight_mu 1.0 --weight_nu 1.0
[36mINFO[0m 08/07 19:51:13 | Unique name: 260807_18-29-45_PACS_iDAG_SWAD_seed1
[36mINFO[0m 08/07 19:51:13 | Out path: train_output/PACS/260807_18-29-45_PACS_iDAG_SWAD_seed1
[36mINFO[0m 08/07 19:51:13 | Algorithm: iDAG
[36mINFO[0m 08/07 19:51:13 | Dataset: PACS
+------------+--------------+---------+---------+---------+---------+
| Selection  | art_painting | cartoon |  photo  |  sketch |   Avg.  |
+------------+--------------+---------+---------+---------+---------+
|   oracle   |   85.418%    | 84.009% | 95.734% | 79.898% | 86.265% |
|    iid     |   84.198%    | 79.211% | 95.883% | 77.513% | 84.201% |
|    last    |   68.334%    | 82.249% | 95.359% | 75.382% | 80.331% |
| last (inD) |   94.329%    | 96.058% | 94.672% | 95.143% | 95.050% |
| iid (inD)  |   97.712%    | 97.477% | 96.727% | 97.562% | 97.370% |
|    SWAD    |   88.041%    | 83.369% | 97.156% | 80.471% | 87.259% |
| SWAD (inD) |   98.523%    | 98.036% | 97.978% | 97.980% | 98.129% |
+------------+--------------+---------+---------+---------+---------+
================================================================================
Starting iDAG_SWAD, seed=2, physical GPU=2
/home/s21_yhr/miniconda3/envs/GGA/bin/python /home/s21_yhr/lzh/new/DomainBed-new/train_all.py PACS_iDAG_SWAD_seed2 --dataset PACS --data_dir /home/s21_yhr/lzh/new/DomainBed-new/dataset --algorithm iDAG --steps 5000 --checkpoint_freq 200 --batch_size 32 --optimizer adam --lr 5e-5 --weight_decay 0 --resnet_dropout 0 --resnet18 False --pretrained True --freeze_bn True --swad LossValley --seed 2 --trial_seed 2 --deterministic --cache disk --prebuild_loader --image_size 224 --out_dim 256 --hidden_size 256 --num_hidden_layers 0 --dag_anneal_steps 200 --temperature 0.07 --ema_ratio 0.99 --lambda1 0.01 --lambda2 0.01 --rho 1.0 --alpha 1.0 --rho_max 100.0 --weight_mu 1.0 --weight_nu 1.0
================================================================================
[36mINFO[0m 08/07 19:51:20 | Command :: /home/s21_yhr/lzh/new/DomainBed-new/train_all.py PACS_iDAG_SWAD_seed2 --dataset PACS --data_dir /home/s21_yhr/lzh/new/DomainBed-new/dataset --algorithm iDAG --steps 5000 --checkpoint_freq 200 --batch_size 32 --optimizer adam --lr 5e-5 --weight_decay 0 --resnet_dropout 0 --resnet18 False --pretrained True --freeze_bn True --swad LossValley --seed 2 --trial_seed 2 --deterministic --cache disk --prebuild_loader --image_size 224 --out_dim 256 --hidden_size 256 --num_hidden_layers 0 --dag_anneal_steps 200 --temperature 0.07 --ema_ratio 0.99 --lambda1 0.01 --lambda2 0.01 --rho 1.0 --alpha 1.0 --rho_max 100.0 --weight_mu 1.0 --weight_nu 1.0
Environment:
	Python: 3.11.15
	PyTorch: 2.11.0+cu128
	Torchvision: 0.26.0+cu128
	CUDA: 12.8
	CUDNN: 91900
	NumPy: 1.26.4
	PIL: 12.2.0
Args:
	algorithm: iDAG
	batch_size: 32
	cache: disk
	cache_root: cache
	cache_size: None
	checkpoint_freq: 200
	configs: []
	data_dir: /home/s21_yhr/lzh/new/DomainBed-new/dataset
	dataset: PACS
	debug: False
	deterministic: True
	end_step: 200
	evalmode: fast
	extra_search: n
	extra_search_end: None
	extra_search_start: None
	gga_l_gamma: 0.001
	grad_fn: sum
	holdout_fraction: 0.2
	model_save: None
	name: PACS_iDAG_SWAD_seed2
	neighborhoodSize: 1e-06
	out_dir: train_output/PACS/260807_19-51-20_PACS_iDAG_SWAD_seed2
	out_root: train_output/PACS
	prebuild_loader: True
	q_steps: 2000
	quant: 0
	resize_mode: stretch
	saliency: False
	saliency_cmap: jet
	saliency_every: 0
	saliency_noise: 0.15
	saliency_num: 16
	saliency_samples: 25
	saliency_split: test_in
	seed: 2
	show: False
	start_step: 100
	steps: 5000
	tb_freq: 10
	test_envs: None
	train_output: train_output
	trial_seed: 2
	unique_name: 260807_19-51-20_PACS_iDAG_SWAD_seed2
	work_dir: .
HParams:
	data_augmentation: True
	val_augment: False
	[36mresnet18: False
	[0m[36mresnet_dropout: 0
	[0mclass_balanced: False
	[36moptimizer: adam
	[0m[36mfreeze_bn: True
	[0m[36mpretrained: True
	[0m[36mimage_size: 224
	[0m[36mlr: 5e-05
	[0mbatch_size: 32
	[36mweight_decay: 0
	[0m[36mhidden_size: 256
	[0m[36mout_dim: 256
	[0m[36mnum_hidden_layers: 0
	[0m[36mdag_anneal_steps: 200
	[0m[36mtemperature: 0.07
	[0m[36mema_ratio: 0.99
	[0m[36mlambda1: 0.01
	[0m[36mlambda2: 0.01
	[0m[36mrho_max: 100.0
	[0m[36mrho: 1.0
	[0m[36malpha: 1.0
	[0m[36mweight_nu: 1.0
	[0m[36mweight_mu: 1.0
	[0m[36mswad: LossValley
	[0mswad_kwargs: 
	  n_converge: 3
	  n_tolerance: 6
	  tolerance_ratio: 0.3
	test_batchsize: 128
	indomain_test: False
	grad_fn: sum
	extra_search: n
	logdir: train_output/PACS/260807_19-51-20_PACS_iDAG_SWAD_seed2
	neighborhoodSize: 1e-06
	start_step: 100
	end_step: 200
	extra_search_start: None
	extra_search_end: None
	gga_l_gamma: 0.001
Dataset:
	[PACS] #envs=4, #classes=7
	env0: art_painting (#2048)
	env1: cartoon (#2344)
	env2: photo (#1670)
	env3: sketch (#3929)

[36mINFO[0m 08/07 19:51:20 | n_steps = 5000
[36mINFO[0m 08/07 19:51:20 | checkpoint_freq = 200
[36mINFO[0m 08/07 19:51:20 | n_steps is updated to 5000 => 5001 for checkpointing
[36mINFO[0m 08/07 19:51:20 | Target test envs = [[0], [1], [2], [3]]
[36mINFO[0m 08/07 19:51:20 | 
[36mINFO[0m 08/07 19:51:21 | Testenv name escaping te_art_painting -> te_art_painting
[36mINFO[0m 08/07 19:51:21 | Test envs = [0], name = te_art_painting
[36mINFO[0m 08/07 19:51:21 | Batch sizes for each domain: [0, 32, 32, 32] (total=96)
[36mINFO[0m 08/07 19:51:21 | steps-per-epoch for each domain: 58.62, 41.75, 98.25 -> min = 41.75
/home/s21_yhr/miniconda3/envs/GGA/lib/python3.11/site-packages/torchvision/models/_utils.py:208: UserWarning: The parameter 'pretrained' is deprecated since 0.13 and may be removed in the future, please use 'weights' instead.
  warnings.warn(
/home/s21_yhr/miniconda3/envs/GGA/lib/python3.11/site-packages/torchvision/models/_utils.py:223: UserWarning: Arguments other than a weight enum or `None` for 'weights' are deprecated since 0.13 and may be removed in the future. The current behavior is equivalent to passing `weights=ResNet50_Weights.IMAGENET1K_V1`. You can also use `weights=ResNet50_Weights.DEFAULT` to get the most up-to-date weights.
  warnings.warn(msg)
[36mINFO[0m 08/07 19:51:23 | # of params = 24234576
/home/s21_yhr/lzh/new/DomainBed-new/domainbed/algorithms/algorithms.py:161: UserWarning: The use of `x.T` on tensors of dimension other than 2 to reverse their shape is deprecated and it will throw an error in a future release. Consider `x.mT` to transpose batches of matrices or `x.permute(*torch.arange(x.ndim - 1, -1, -1))` to reverse the dimensions of a tensor. (Triggered internally at /pytorch/aten/src/ATen/native/TensorShape.cpp:4480.)
  mask_neg = torch.not_equal(labels, labels.T)
[36mINFO[0m 08/07 19:51:27 | test_in     test_out    train_in    train_out   test_in_au  test_out_a  train_out_  tr_outloss  env0_in     env0_in_au  env0_out    env0_out_a  env1_out    env1_out_a  env2_out    env2_out_a  env3_out    env3_out_a  step        epoch       loss        inv_ce      l2          penalty     l1          cl          step_time   eval_time   mem_gb     
[36mINFO[0m 08/07 19:51:27 | 0.159243    0.178484    0.000000    0.267782    nan         nan         nan         1.945770    0.159243    nan         0.178484    nan         0.190171    nan         0.413174    nan         0.200000    nan         0           0.000000    2.250040    1.957016    0.029483    0.000000    0.000039    0.992736    1.224415    2.839457    8.038535   
[36mINFO[0m 08/07 19:52:11 | 0.742526    0.738386    0.000000    0.943081    nan         nan         nan         0.470475    0.742526    nan         0.738386    nan         0.938034    nan         0.988024    nan         0.903185    nan         200         4.790419    1.430507    1.082092    0.029485    0.000000    0.000039    0.676992    0.181906    2.712435    8.428967   
[36mINFO[0m 08/07 19:52:55 | 0.752898    0.797066    0.000000    0.953151    nan         nan         nan         0.204996    0.752898    nan         0.797066    nan         0.950855    nan         0.985030    nan         0.923567    nan         400         9.580838    0.579606    0.286508    0.021347    0.000000    0.000042    0.271710    0.190138    2.651892    8.615833   
[36mINFO[0m 08/07 19:53:42 | 0.838316    0.853301    0.000000    0.948930    nan         nan         nan         0.186399    0.838316    nan         0.853301    nan         0.959402    nan         0.988024    nan         0.899363    nan         600         14.371257   0.324651    0.132290    0.021141    0.000000    0.000042    0.171178    0.196998    2.846877    8.799016   
[36mINFO[0m 08/07 19:54:29 | 0.775473    0.801956    0.000000    0.951462    nan         nan         nan         0.164041    0.775473    nan         0.801956    nan         0.948718    nan         0.991018    nan         0.914650    nan         800         19.161677   0.214688    0.081676    0.020829    0.000000    0.000042    0.112141    0.197504    2.902936    8.980489   
[36mINFO[0m 08/07 19:55:16 | 0.794997    0.799511    0.000000    0.958144    nan         nan         nan         0.138445    0.794997    nan         0.799511    nan         0.959402    nan         0.994012    nan         0.921019    nan         1000        23.952096   0.151934    0.053846    0.020484    0.000000    0.000043    0.077561    0.197899    2.948020    9.164160   
[36mINFO[0m 08/07 19:56:04 | 0.803539    0.806846    0.000000    0.956837    nan         nan         nan         0.134447    0.803539    nan         0.806846    nan         0.957265    nan         0.982036    nan         0.931210    nan         1200        28.742515   0.154263    0.051215    0.020164    0.000000    0.000043    0.082842    0.199193    2.924093    9.344047   
[36mINFO[0m 08/07 19:56:51 | 0.835265    0.843521    0.000000    0.958849    nan         nan         nan         0.126125    0.835265    nan         0.843521    nan         0.967949    nan         0.985030    nan         0.923567    nan         1400        33.532934   0.134560    0.041211    0.019875    0.000000    0.000043    0.073431    0.198687    2.884827    9.526131   
[36mINFO[0m 08/07 19:57:38 | 0.813301    0.845966    0.000000    0.950892    nan         nan         nan         0.143635    0.813301    nan         0.845966    nan         0.957265    nan         0.982036    nan         0.913376    nan         1600        38.323353   0.104688    0.031782    0.019638    0.000000    0.000043    0.053225    0.198594    2.981445    9.527911   
[36mINFO[0m 08/07 19:58:26 | 0.863331    0.882641    0.000000    0.965652    nan         nan         nan         0.106676    0.863331    nan         0.882641    nan         0.965812    nan         0.991018    nan         0.940127    nan         1800        43.113772   0.081761    0.023778    0.019459    0.000000    0.000044    0.038480    0.200205    2.952775    9.527911   
[36mINFO[0m 08/07 19:59:13 | 0.845027    0.841076    0.000000    0.954861    nan         nan         nan         0.150388    0.845027    nan         0.841076    nan         0.952991    nan         0.988024    nan         0.923567    nan         2000        47.904192   0.092335    0.026469    0.019319    0.000000    0.000044    0.046503    0.199918    2.784218    9.527911   
[36mINFO[0m 08/07 20:00:01 | 0.823063    0.806846    0.000000    0.962944    nan         nan         nan         0.127923    0.823063    nan         0.806846    nan         0.963675    nan         0.985030    nan         0.940127    nan         2200        52.694611   0.105603    0.029746    0.019208    0.000000    0.000044    0.056605    0.201024    2.951468    9.527911   
Model converged at step 1800, Start step = 1201; Threshold = 0.166828, 
[36mINFO[0m 08/07 20:00:53 | 0.831605    0.831296    0.000000    0.954939    nan         nan         nan         0.126172    0.831605    nan         0.831296    nan         0.940171    nan         0.973054    nan         0.951592    nan         2400        57.485030   0.093603    0.025220    0.019119    0.000000    0.000044    0.049220    0.199912    2.877254    9.712314   
[36mINFO[0m 08/07 20:01:40 | 0.853569    0.853301    0.000000    0.966065    nan         nan         nan         0.114323    0.853569    nan         0.853301    nan         0.963675    nan         0.988024    nan         0.946497    nan         2600        62.275449   0.066428    0.016727    0.019044    0.000000    0.000045    0.030613    0.199263    2.943574    9.713901   
[36mINFO[0m 08/07 20:02:28 | 0.801708    0.797066    0.000000    0.959946    nan         nan         nan         0.127532    0.801708    nan         0.797066    nan         0.955128    nan         0.982036    nan         0.942675    nan         2800        67.065868   0.071382    0.018043    0.018981    0.000000    0.000045    0.034314    0.199910    2.930018    9.713901   
[36mINFO[0m 08/07 20:03:16 | 0.791946    0.833741    0.000000    0.964222    nan         nan         nan         0.106503    0.791946    nan         0.833741    nan         0.972222    nan         0.979042    nan         0.941401    nan         3000        71.856287   0.080443    0.020386    0.018931    0.000000    0.000045    0.041082    0.198805    2.877343    9.714389   
[36mINFO[0m 08/07 20:04:06 | 0.848688    0.863081    0.000000    0.963083    nan         nan         nan         0.122402    0.848688    nan         0.863081    nan         0.965812    nan         0.982036    nan         0.941401    nan         3200        76.646707   0.067846    0.016460    0.018883    0.000000    0.000045    0.032459    0.200476    2.980368    9.719944   
[36mINFO[0m 08/07 20:04:56 | 0.834045    0.850856    0.000000    0.969329    nan         nan         nan         0.102360    0.834045    nan         0.850856    nan         0.974359    nan         0.982036    nan         0.951592    nan         3400        81.437126   0.102652    0.026177    0.018843    0.000000    0.000045    0.057587    0.202970    2.969314    9.719944   
[36mINFO[0m 08/07 20:05:45 | 0.815131    0.833741    0.000000    0.961222    nan         nan         nan         0.130080    0.815131    nan         0.833741    nan         0.959402    nan         0.979042    nan         0.945223    nan         3600        86.227545   0.076816    0.019361    0.018782    0.000000    0.000046    0.038627    0.201025    2.991786    9.720188   
[36mINFO[0m 08/07 20:06:35 | 0.827334    0.828851    0.000000    0.965369    nan         nan         nan         0.117511    0.827334    nan         0.828851    nan         0.972222    nan         0.985030    nan         0.938854    nan         3800        91.017964   0.083525    0.020643    0.018746    0.000000    0.000046    0.044091    0.202584    2.944242    9.720188   
[36mINFO[0m 08/07 20:07:24 | 0.846248    0.860636    0.000000    0.968192    nan         nan         nan         0.101085    0.846248    nan         0.860636    nan         0.972222    nan         0.982036    nan         0.950318    nan         4000        95.808383   0.045823    0.009162    0.018707    0.000000    0.000046    0.017908    0.201775    3.001729    9.720798   
[36mINFO[0m 08/07 20:08:14 | 0.816962    0.836186    0.000000    0.963921    nan         nan         nan         0.127507    0.816962    nan         0.836186    nan         0.963675    nan         0.979042    nan         0.949045    nan         4200        100.598802  0.062798    0.014513    0.018656    0.000000    0.000046    0.029583    0.202531    2.919755    9.721225   
[36mINFO[0m 08/07 20:09:04 | 0.824893    0.806846    0.000000    0.959526    nan         nan         nan         0.146113    0.824893    nan         0.806846    nan         0.963675    nan         0.976048    nan         0.938854    nan         4400        105.389222  0.061214    0.013221    0.018616    0.000000    0.000046    0.029330    0.203713    2.920057    9.721714   
[36mINFO[0m 08/07 20:09:53 | 0.746797    0.765281    0.000000    0.961361    nan         nan         nan         0.136769    0.746797    nan         0.765281    nan         0.961538    nan         0.976048    nan         0.946497    nan         4600        110.179641  0.058398    0.012615    0.018594    0.000000    0.000047    0.027142    0.199370    2.587660    9.722507   
[36mINFO[0m 08/07 20:10:39 | 0.834045    0.853301    0.000000    0.967617    nan         nan         nan         0.118101    0.834045    nan         0.853301    nan         0.967949    nan         0.982036    nan         0.952866    nan         4800        114.970060  0.054429    0.011187    0.018547    0.000000    0.000047    0.024648    0.191576    2.624392    9.722507   
[36mINFO[0m 08/07 20:11:26 | 0.713850    0.726161    0.000000    0.955690    nan         nan         nan         0.153763    0.713850    nan         0.726161    nan         0.957265    nan         0.976048    nan         0.933758    nan         5000        119.760479  0.037260    0.006158    0.018507    0.000000    0.000047    0.012548    0.192290    2.668380    9.728488   
[36mINFO[0m 08/07 20:11:27 | ---
[33mWARNING[0m 08/07 20:11:33 | Evaluate SWAD ...
[36mINFO[0m 08/07 20:11:36 | 0.875534    0.880196    0.000000    0.978720    nan         nan         nan         0.072857    0.875534    nan         0.880196    nan         0.987179    nan         0.991018    nan         0.957962    nan         [1201-5000]  (N=20)
[36mINFO[0m 08/07 20:11:36 | oracle = 86.333%
[36mINFO[0m 08/07 20:11:36 | iid = 83.405%
[36mINFO[0m 08/07 20:11:36 | last = 71.385%
[36mINFO[0m 08/07 20:11:36 | last (inD) = 95.569%
[36mINFO[0m 08/07 20:11:36 | iid (inD) = 96.933%
[36mINFO[0m 08/07 20:11:36 | SWAD = 87.553%
[36mINFO[0m 08/07 20:11:36 | SWAD (inD) = 97.872%
[36mINFO[0m 08/07 20:11:37 | 
[36mINFO[0m 08/07 20:11:37 | Testenv name escaping te_cartoon -> te_cartoon
[36mINFO[0m 08/07 20:11:37 | Test envs = [1], name = te_cartoon
[36mINFO[0m 08/07 20:11:37 | Batch sizes for each domain: [32, 0, 32, 32] (total=96)
[36mINFO[0m 08/07 20:11:37 | steps-per-epoch for each domain: 51.22, 41.75, 98.25 -> min = 41.75
[36mINFO[0m 08/07 20:11:40 | # of params = 24234576
[36mINFO[0m 08/07 20:11:43 | test_in     test_out    train_in    train_out   test_in_au  train_out_  tr_outloss  test_out_a  env0_out    env0_out_a  env1_in     env1_in_au  env1_out    env1_out_a  env2_out    env2_out_a  env3_out    env3_out_a  step        epoch       loss        inv_ce      l2          penalty     l1          cl          step_time   eval_time   mem_gb     
[36mINFO[0m 08/07 20:11:43 | 0.172175    0.179487    0.000000    0.163399    nan         nan         1.942053    nan         0.180929    nan         0.172175    nan         0.179487    nan         0.254491    nan         0.054777    nan         0           0.000000    2.228923    1.945321    0.029510    0.000000    0.000039    0.957604    0.186258    2.806280    8.038107   
[36mINFO[0m 08/07 20:12:26 | 0.693497    0.724359    0.000000    0.913121    nan         nan         0.503020    nan         0.924205    nan         0.693497    nan         0.724359    nan         0.982036    nan         0.833121    nan         200         4.790419    1.429069    1.067988    0.029482    0.000000    0.000039    0.675353    0.181247    2.818715    8.426647   
[36mINFO[0m 08/07 20:13:11 | 0.787313    0.805556    0.000000    0.950490    nan         nan         0.221431    nan         0.943765    nan         0.787313    nan         0.805556    nan         0.979042    nan         0.928662    nan         400         9.580838    0.627150    0.301811    0.021211    0.000000    0.000042    0.304086    0.190078    2.827276    8.610950   
[36mINFO[0m 08/07 20:13:56 | 0.764925    0.775641    0.000000    0.951290    nan         nan         0.177661    nan         0.929095    nan         0.764925    nan         0.775641    nan         0.991018    nan         0.933758    nan         600         14.371257   0.302381    0.126733    0.020943    0.000000    0.000042    0.154663    0.190619    2.797958    8.793461   
[36mINFO[0m 08/07 20:14:42 | 0.746269    0.777778    0.000000    0.959635    nan         nan         0.147215    nan         0.960880    nan         0.746269    nan         0.777778    nan         0.997006    nan         0.921019    nan         800         19.161677   0.244623    0.089190    0.020610    0.000000    0.000042    0.134780    0.191322    3.070086    8.974813   
[36mINFO[0m 08/07 20:15:29 | 0.722814    0.724359    0.000000    0.913985    nan         nan         0.246664    nan         0.897311    nan         0.722814    nan         0.724359    nan         0.949102    nan         0.895541    nan         1000        23.952096   0.154768    0.053111    0.020290    0.000000    0.000043    0.081324    0.196677    3.109518    9.158728   
[36mINFO[0m 08/07 20:16:16 | 0.746802    0.771368    0.000000    0.961322    nan         nan         0.117383    nan         0.951100    nan         0.746802    nan         0.771368    nan         0.994012    nan         0.938854    nan         1200        28.742515   0.152923    0.049140    0.020006    0.000000    0.000043    0.083734    0.195597    3.077093    9.337883   
[36mINFO[0m 08/07 20:17:02 | 0.808102    0.820513    0.000000    0.945666    nan         nan         0.177338    nan         0.916870    nan         0.808102    nan         0.820513    nan         0.994012    nan         0.926115    nan         1400        33.532934   0.120165    0.036032    0.019753    0.000000    0.000043    0.064337    0.194408    3.075710    9.519234   
[36mINFO[0m 08/07 20:17:50 | 0.775586    0.814103    0.000000    0.964216    nan         nan         0.106455    nan         0.965770    nan         0.775586    nan         0.814103    nan         0.988024    nan         0.938854    nan         1600        38.323353   0.113937    0.033568    0.019562    0.000000    0.000043    0.060763    0.197018    3.162589    9.521685   
[36mINFO[0m 08/07 20:18:37 | 0.780917    0.818376    0.000000    0.941408    nan         nan         0.172412    nan         0.907090    nan         0.780917    nan         0.818376    nan         0.991018    nan         0.926115    nan         1800        43.113772   0.102500    0.027884    0.019401    0.000000    0.000044    0.055172    0.198454    3.166240    9.527911   
[36mINFO[0m 08/07 20:19:25 | 0.823561    0.844017    0.000000    0.965890    nan         nan         0.116042    nan         0.958435    nan         0.823561    nan         0.844017    nan         0.994012    nan         0.945223    nan         2000        47.904192   0.102294    0.027925    0.019257    0.000000    0.000044    0.055068    0.197942    3.177624    9.527911   
Model converged at step 1600, Start step = -1; Threshold = 0.171127, 
[36mINFO[0m 08/07 20:20:13 | 0.760128    0.784188    0.000000    0.954026    nan         nan         0.145620    nan         0.953545    nan         0.760128    nan         0.784188    nan         0.976048    nan         0.932484    nan         2200        52.694611   0.069907    0.016785    0.019163    0.000000    0.000044    0.033914    0.198740    3.174118    9.707981   
[36mINFO[0m 08/07 20:21:00 | 0.735075    0.752137    0.000000    0.943247    nan         nan         0.178063    nan         0.936430    nan         0.735075    nan         0.752137    nan         0.985030    nan         0.908280    nan         2400        57.485030   0.125676    0.033729    0.019079    0.000000    0.000044    0.072823    0.194456    3.189381    9.712253   
[36mINFO[0m 08/07 20:21:46 | 0.759595    0.743590    0.000000    0.949453    nan         nan         0.163370    nan         0.919315    nan         0.759595    nan         0.743590    nan         0.994012    nan         0.935032    nan         2600        62.275449   0.101757    0.026683    0.019015    0.000000    0.000044    0.056014    0.192726    3.201415    9.712680   
[36mINFO[0m 08/07 20:22:33 | 0.742537    0.769231    0.000000    0.939856    nan         nan         0.189944    nan         0.938875    nan         0.742537    nan         0.769231    nan         0.943114    nan         0.937580    nan         2800        67.065868   0.075089    0.017755    0.018963    0.000000    0.000045    0.038326    0.194109    3.246857    9.712680   
[36mINFO[0m 08/07 20:23:21 | 0.715352    0.739316    0.000000    0.956742    nan         nan         0.146983    nan         0.933985    nan         0.715352    nan         0.739316    nan         0.991018    nan         0.945223    nan         3000        71.856287   0.082177    0.020536    0.018919    0.000000    0.000045    0.042677    0.193538    3.115654    9.712680   
[36mINFO[0m 08/07 20:24:10 | 0.733475    0.775641    0.000000    0.971124    nan         nan         0.110511    nan         0.968215    nan         0.733475    nan         0.775641    nan         0.991018    nan         0.954140    nan         3200        76.646707   0.073792    0.017551    0.018877    0.000000    0.000045    0.037319    0.195498    3.150082    9.712680   
[36mINFO[0m 08/07 20:24:58 | 0.777186    0.826923    0.000000    0.944669    nan         nan         0.197923    nan         0.936430    nan         0.777186    nan         0.826923    nan         0.988024    nan         0.909554    nan         3400        81.437126   0.079785    0.018272    0.018824    0.000000    0.000045    0.042643    0.194183    3.076107    9.712680   
[36mINFO[0m 08/07 20:25:46 | 0.754264    0.799145    0.000000    0.965410    nan         nan         0.103380    nan         0.960880    nan         0.754264    nan         0.799145    nan         0.985030    nan         0.950318    nan         3600        86.227545   0.074925    0.017543    0.018782    0.000000    0.000045    0.038555    0.194381    2.981725    9.712680   
[36mINFO[0m 08/07 20:26:35 | 0.803838    0.818376    0.000000    0.956859    nan         nan         0.137455    nan         0.943765    nan         0.803838    nan         0.818376    nan         0.979042    nan         0.947771    nan         3800        91.017964   0.054150    0.011118    0.018749    0.000000    0.000046    0.024239    0.196918    3.068335    9.712680   
[36mINFO[0m 08/07 20:27:24 | 0.746269    0.769231    0.000000    0.954255    nan         nan         0.191935    nan         0.958435    nan         0.746269    nan         0.769231    nan         0.982036    nan         0.922293    nan         4000        95.808383   0.084951    0.019287    0.018721    0.000000    0.000046    0.046898    0.197190    3.099338    9.712680   
[36mINFO[0m 08/07 20:28:12 | 0.782516    0.833333    0.000000    0.958020    nan         nan         0.123913    nan         0.960880    nan         0.782516    nan         0.833333    nan         0.973054    nan         0.940127    nan         4200        100.598802  0.076675    0.017802    0.018663    0.000000    0.000046    0.040164    0.198649    2.886163    9.712680   
[36mINFO[0m 08/07 20:29:02 | 0.725480    0.764957    0.000000    0.943374    nan         nan         0.212266    nan         0.936430    nan         0.725480    nan         0.764957    nan         0.979042    nan         0.914650    nan         4400        105.389222  0.055203    0.011602    0.018628    0.000000    0.000046    0.024926    0.199133    2.923166    9.715427   
[36mINFO[0m 08/07 20:29:51 | 0.801173    0.829060    0.000000    0.960876    nan         nan         0.146546    nan         0.951100    nan         0.801173    nan         0.829060    nan         0.985030    nan         0.946497    nan         4600        110.179641  0.061417    0.012751    0.018604    0.000000    0.000046    0.030016    0.201804    3.000774    9.715427   
[36mINFO[0m 08/07 20:30:40 | 0.780917    0.807692    0.000000    0.953772    nan         nan         0.161527    nan         0.941320    nan         0.780917    nan         0.807692    nan         0.976048    nan         0.943949    nan         4800        114.970060  0.065107    0.013395    0.018567    0.000000    0.000047    0.033099    0.196764    2.772204    9.715610   
[36mINFO[0m 08/07 20:31:26 | 0.797974    0.805556    0.000000    0.965661    nan         nan         0.127885    nan         0.953545    nan         0.797974    nan         0.805556    nan         0.988024    nan         0.955414    nan         5000        119.760479  0.031582    0.004017    0.018521    0.000000    0.000047    0.008997    0.191165    2.702778    9.715610   
[36mINFO[0m 08/07 20:31:28 | ---
[33mWARNING[0m 08/07 20:31:33 | Evaluate SWAD ...
[36mINFO[0m 08/07 20:31:36 | 0.811834    0.833333    0.000000    0.975417    nan         nan         0.095413    nan         0.975550    nan         0.811834    nan         0.833333    nan         0.994012    nan         0.956688    nan         [1401-5000]  (N=18)
[36mINFO[0m 08/07 20:31:36 | oracle = 82.356%
[36mINFO[0m 08/07 20:31:36 | iid = 73.348%
[36mINFO[0m 08/07 20:31:36 | last = 79.797%
[36mINFO[0m 08/07 20:31:36 | last (inD) = 96.566%
[36mINFO[0m 08/07 20:31:36 | iid (inD) = 97.112%
[36mINFO[0m 08/07 20:31:36 | SWAD = 81.183%
[36mINFO[0m 08/07 20:31:36 | SWAD (inD) = 97.542%
[36mINFO[0m 08/07 20:31:37 | 
[36mINFO[0m 08/07 20:31:37 | Testenv name escaping te_photo -> te_photo
[36mINFO[0m 08/07 20:31:37 | Test envs = [2], name = te_photo
[36mINFO[0m 08/07 20:31:37 | Batch sizes for each domain: [32, 32, 0, 32] (total=96)
[36mINFO[0m 08/07 20:31:37 | steps-per-epoch for each domain: 51.22, 58.62, 98.25 -> min = 51.22
[36mINFO[0m 08/07 20:31:41 | # of params = 24234576
[36mINFO[0m 08/07 20:31:43 | test_in     test_out    train_in    train_out   test_in_au  train_out_  tr_outloss  test_out_a  env0_out    env0_out_a  env1_out    env1_out_a  env2_in     env2_in_au  env2_out    env2_out_a  env3_out    env3_out_a  step        epoch       loss        inv_ce      l2          penalty     l1          cl          step_time   eval_time   mem_gb     
[36mINFO[0m 08/07 20:31:43 | 0.113772    0.104790    0.000000    0.165828    nan         nan         1.947269    nan         0.139364    nan         0.158120    nan         0.113772    nan         0.104790    nan         0.200000    nan         0           0.000000    2.335721    1.962337    0.029498    0.000000    0.000039    1.093301    0.197558    2.323572    8.038107   
[36mINFO[0m 08/07 20:32:26 | 0.943114    0.955090    0.000000    0.877880    nan         nan         0.596419    nan         0.929095    nan         0.880342    nan         0.943114    nan         0.955090    nan         0.824204    nan         200         3.904820    1.604744    1.194141    0.029613    0.000000    0.000039    0.815065    0.180742    2.301843    8.426647   
[36mINFO[0m 08/07 20:33:10 | 0.955838    0.973054    0.000000    0.931013    nan         nan         0.290719    nan         0.924205    nan         0.940171    nan         0.955838    nan         0.973054    nan         0.928662    nan         400         7.809640    0.709643    0.362043    0.021386    0.000000    0.000042    0.326173    0.189038    2.279422    8.610950   
[36mINFO[0m 08/07 20:33:54 | 0.949102    0.943114    0.000000    0.935300    nan         nan         0.235492    nan         0.943765    nan         0.955128    nan         0.949102    nan         0.943114    nan         0.907006    nan         600         11.714460   0.376215    0.165147    0.021127    0.000000    0.000042    0.189899    0.189168    2.333302    8.793461   
[36mINFO[0m 08/07 20:34:39 | 0.943114    0.940120    0.000000    0.943252    nan         nan         0.172123    nan         0.931540    nan         0.952991    nan         0.943114    nan         0.940120    nan         0.945223    nan         800         15.619280   0.252906    0.101435    0.020825    0.000000    0.000042    0.130604    0.189713    2.338672    8.974813   
[36mINFO[0m 08/07 20:35:24 | 0.962575    0.949102    0.000000    0.943299    nan         nan         0.169770    nan         0.938875    nan         0.957265    nan         0.962575    nan         0.949102    nan         0.933758    nan         1000        19.524100   0.228815    0.082419    0.020461    0.000000    0.000043    0.125892    0.190076    2.414302    9.158728   
[36mINFO[0m 08/07 20:36:10 | 0.967066    0.958084    0.000000    0.958983    nan         nan         0.136430    nan         0.953545    nan         0.974359    nan         0.967066    nan         0.958084    nan         0.949045    nan         1200        23.428920   0.172207    0.059850    0.020136    0.000000    0.000043    0.092178    0.195432    2.522975    9.337883   
[36mINFO[0m 08/07 20:36:56 | 0.961078    0.958084    0.000000    0.946546    nan         nan         0.152216    nan         0.958435    nan         0.948718    nan         0.961078    nan         0.958084    nan         0.932484    nan         1400        27.333740   0.148535    0.049503    0.019853    0.000000    0.000043    0.079136    0.193768    2.504169    9.519234   
[36mINFO[0m 08/07 20:37:42 | 0.946856    0.943114    0.000000    0.942704    nan         nan         0.172688    nan         0.931540    nan         0.961538    nan         0.946856    nan         0.943114    nan         0.935032    nan         1600        31.238560   0.125965    0.040424    0.019626    0.000000    0.000043    0.065872    0.195138    2.479083    9.521685   
Model converged at step 1200, Start step = 801; Threshold = 0.199911, 
[36mINFO[0m 08/07 20:38:31 | 0.964072    0.961078    0.000000    0.948306    nan         nan         0.169928    nan         0.946210    nan         0.963675    nan         0.964072    nan         0.961078    nan         0.935032    nan         1800        35.143380   0.108248    0.033434    0.019457    0.000000    0.000043    0.055313    0.195127    2.531369    9.704441   
[36mINFO[0m 08/07 20:39:17 | 0.961826    0.970060    0.000000    0.954182    nan         nan         0.148000    nan         0.960880    nan         0.961538    nan         0.961826    nan         0.970060    nan         0.940127    nan         2000        39.048200   0.078274    0.023258    0.019315    0.000000    0.000044    0.035658    0.195353    2.636439    9.706455   
[36mINFO[0m 08/07 20:40:03 | 0.962575    0.955090    0.000000    0.946108    nan         nan         0.187499    nan         0.948655    nan         0.944444    nan         0.962575    nan         0.955090    nan         0.945223    nan         2200        42.953020   0.114642    0.033635    0.019208    0.000000    0.000044    0.061756    0.196343    2.619753    9.706455   
[36mINFO[0m 08/07 20:40:52 | 0.949850    0.934132    0.000000    0.930753    nan         nan         0.238360    nan         0.904645    nan         0.955128    nan         0.949850    nan         0.934132    nan         0.932484    nan         2400        46.857840   0.116455    0.033395    0.019124    0.000000    0.000044    0.063892    0.198495    2.590399    9.706455   
[36mINFO[0m 08/07 20:41:40 | 0.949102    0.955090    0.000000    0.934828    nan         nan         0.199258    nan         0.907090    nan         0.957265    nan         0.949102    nan         0.955090    nan         0.940127    nan         2600        50.762660   0.094154    0.026390    0.019051    0.000000    0.000044    0.048670    0.196610    2.553734    9.706455   
[36mINFO[0m 08/07 20:42:29 | 0.943862    0.955090    0.000000    0.933293    nan         nan         0.207202    nan         0.916870    nan         0.965812    nan         0.943862    nan         0.955090    nan         0.917197    nan         2800        54.667480   0.074370    0.019587    0.018989    0.000000    0.000044    0.035750    0.196714    2.578095    9.706455   
[36mINFO[0m 08/07 20:43:16 | 0.958084    0.934132    0.000000    0.950874    nan         nan         0.149453    nan         0.943765    nan         0.957265    nan         0.958084    nan         0.934132    nan         0.951592    nan         3000        58.572300   0.107010    0.028877    0.018926    0.000000    0.000045    0.059163    0.196485    2.449138    9.706455   
[36mINFO[0m 08/07 20:44:04 | 0.954341    0.934132    0.000000    0.939197    nan         nan         0.203597    nan         0.946210    nan         0.940171    nan         0.954341    nan         0.934132    nan         0.931210    nan         3200        62.477120   0.071257    0.018078    0.018875    0.000000    0.000045    0.034259    0.198406    2.599964    9.706455   
[36mINFO[0m 08/07 20:44:53 | 0.947605    0.931138    0.000000    0.945895    nan         nan         0.165301    nan         0.926650    nan         0.965812    nan         0.947605    nan         0.931138    nan         0.945223    nan         3400        66.381940   0.088853    0.023770    0.018836    0.000000    0.000045    0.046203    0.198336    2.519996    9.706455   
[36mINFO[0m 08/07 20:45:42 | 0.951347    0.946108    0.000000    0.956963    nan         nan         0.142857    nan         0.955990    nan         0.972222    nan         0.951347    nan         0.946108    nan         0.942675    nan         3600        70.286760   0.072433    0.018122    0.018804    0.000000    0.000045    0.035463    0.200341    2.686834    9.706455   
[36mINFO[0m 08/07 20:46:32 | 0.954341    0.949102    0.000000    0.954668    nan         nan         0.162473    nan         0.948655    nan         0.976496    nan         0.954341    nan         0.949102    nan         0.938854    nan         3800        74.191580   0.062886    0.014847    0.018752    0.000000    0.000045    0.029241    0.201133    2.643657    9.706455   
[36mINFO[0m 08/07 20:47:20 | 0.960329    0.967066    0.000000    0.947135    nan         nan         0.170069    nan         0.929095    nan         0.965812    nan         0.960329    nan         0.967066    nan         0.946497    nan         4000        78.096400   0.096623    0.024977    0.018714    0.000000    0.000046    0.052887    0.200043    2.544687    9.707736   
[36mINFO[0m 08/07 20:48:09 | 0.952844    0.940120    0.000000    0.953162    nan         nan         0.151074    nan         0.943765    nan         0.967949    nan         0.952844    nan         0.940120    nan         0.947771    nan         4200        82.001220   0.074371    0.018376    0.018680    0.000000    0.000046    0.037270    0.200523    2.590091    9.707736   
[36mINFO[0m 08/07 20:48:59 | 0.954341    0.943114    0.000000    0.959188    nan         nan         0.131239    nan         0.958435    nan         0.970085    nan         0.954341    nan         0.943114    nan         0.949045    nan         4400        85.906040   0.060653    0.014196    0.018646    0.000000    0.000046    0.027766    0.200444    2.624611    9.707736   
[36mINFO[0m 08/07 20:49:47 | 0.950599    0.925150    0.000000    0.947820    nan         nan         0.201380    nan         0.958435    nan         0.948718    nan         0.950599    nan         0.925150    nan         0.936306    nan         4600        89.810860   0.075299    0.018251    0.018604    0.000000    0.000046    0.038398    0.201582    2.570289    9.707736   
[36mINFO[0m 08/07 20:50:36 | 0.961078    0.937126    0.000000    0.956079    nan         nan         0.177510    nan         0.958435    nan         0.972222    nan         0.961078    nan         0.937126    nan         0.937580    nan         4800        93.715680   0.054593    0.011584    0.018557    0.000000    0.000046    0.024406    0.201065    2.576954    9.707736   
[36mINFO[0m 08/07 20:51:25 | 0.940120    0.937126    0.000000    0.950052    nan         nan         0.209135    nan         0.943765    nan         0.970085    nan         0.940120    nan         0.937126    nan         0.936306    nan         5000        97.620500   0.069781    0.016343    0.018518    0.000000    0.000046    0.034874    0.200707    2.572840    9.709018   
[36mINFO[0m 08/07 20:51:27 | ---
[33mWARNING[0m 08/07 20:51:34 | Evaluate SWAD ...
[36mINFO[0m 08/07 20:51:37 | 0.970808    0.985030    0.000000    0.969304    nan         nan         0.109096    nan         0.965770    nan         0.982906    nan         0.970808    nan         0.985030    nan         0.959236    nan         [801-4800]  (N=21)
[36mINFO[0m 08/07 20:51:37 | oracle = 95.584%
[36mINFO[0m 08/07 20:51:37 | iid = 95.434%
[36mINFO[0m 08/07 20:51:37 | last = 94.012%
[36mINFO[0m 08/07 20:51:37 | last (inD) = 95.005%
[36mINFO[0m 08/07 20:51:37 | iid (inD) = 95.919%
[36mINFO[0m 08/07 20:51:37 | SWAD = 97.081%
[36mINFO[0m 08/07 20:51:37 | SWAD (inD) = 96.930%
[36mINFO[0m 08/07 20:51:38 | 
[36mINFO[0m 08/07 20:51:38 | Testenv name escaping te_sketch -> te_sketch
[36mINFO[0m 08/07 20:51:38 | Test envs = [3], name = te_sketch
[36mINFO[0m 08/07 20:51:38 | Batch sizes for each domain: [32, 32, 32, 0] (total=96)
[36mINFO[0m 08/07 20:51:38 | steps-per-epoch for each domain: 51.22, 58.62, 41.75 -> min = 41.75
[36mINFO[0m 08/07 20:51:42 | # of params = 24234576
[36mINFO[0m 08/07 20:51:47 | test_in     test_out    train_in    train_out   test_in_au  train_out_  tr_outloss  test_out_a  env0_out    env0_out_a  env1_out    env1_out_a  env2_out    env2_out_a  env3_in     env3_in_au  env3_out    env3_out_a  step        epoch       loss        inv_ce      l2          penalty     l1          cl          step_time   eval_time   mem_gb     
[36mINFO[0m 08/07 20:51:47 | 0.101781    0.089172    0.000000    0.116472    nan         nan         1.943782    nan         0.136919    nan         0.089744    nan         0.122754    nan         0.101781    nan         0.089172    nan         0           0.000000    2.210171    1.957033    0.029411    0.000000    0.000039    0.828236    0.191117    4.011453    8.038107   
[36mINFO[0m 08/07 20:52:32 | 0.538804    0.551592    0.000000    0.919450    nan         nan         0.530497    nan         0.907090    nan         0.878205    nan         0.973054    nan         0.538804    nan         0.551592    nan         200         4.790419    1.512340    1.121127    0.029343    0.000000    0.000039    0.658004    0.188193    3.746465    8.426647   
[36mINFO[0m 08/07 20:53:19 | 0.641539    0.621656    0.000000    0.961556    nan         nan         0.212329    nan         0.946210    nan         0.944444    nan         0.994012    nan         0.641539    nan         0.621656    nan         400         9.580838    0.621155    0.317339    0.021042    0.000000    0.000042    0.282733    0.191099    3.858181    8.610950   
[36mINFO[0m 08/07 20:54:06 | 0.705153    0.694268    0.000000    0.968723    nan         nan         0.130256    nan         0.960880    nan         0.957265    nan         0.988024    nan         0.705153    nan         0.694268    nan         600         14.371257   0.332599    0.137231    0.020872    0.000000    0.000042    0.174454    0.194750    3.731391    8.793461   
[36mINFO[0m 08/07 20:54:52 | 0.748410    0.770701    0.000000    0.951721    nan         nan         0.153307    nan         0.946210    nan         0.935897    nan         0.973054    nan         0.748410    nan         0.770701    nan         800         19.161677   0.206552    0.075861    0.020559    0.000000    0.000042    0.110090    0.191711    3.711374    8.974813   
[36mINFO[0m 08/07 20:55:39 | 0.684796    0.687898    0.000000    0.943834    nan         nan         0.173430    nan         0.914425    nan         0.938034    nan         0.979042    nan         0.684796    nan         0.687898    nan         1000        23.952096   0.186368    0.062521    0.020214    0.000000    0.000043    0.103591    0.191979    3.697379    9.158728   
Model converged at step 600, Start step = -1; Threshold = 0.198031, 
[36mINFO[0m 08/07 20:56:25 | 0.681298    0.694268    0.000000    0.964465    nan         nan         0.113619    nan         0.951100    nan         0.957265    nan         0.985030    nan         0.681298    nan         0.694268    nan         1200        28.742515   0.130029    0.041485    0.019911    0.000000    0.000043    0.068589    0.191551    3.833584    9.518685   
[36mINFO[0m 08/07 20:57:12 | 0.696883    0.718471    0.000000    0.948355    nan         nan         0.157904    nan         0.916870    nan         0.940171    nan         0.988024    nan         0.696883    nan         0.718471    nan         1400        33.532934   0.125624    0.037551    0.019644    0.000000    0.000043    0.068385    0.192965    3.806689    9.700952   
[36mINFO[0m 08/07 20:58:00 | 0.808206    0.802548    0.000000    0.966218    nan         nan         0.100352    nan         0.948655    nan         0.952991    nan         0.997006    nan         0.808206    nan         0.802548    nan         1600        38.323353   0.066980    0.018571    0.019458    0.000000    0.000043    0.028907    0.194784    3.924714    9.705234   
[36mINFO[0m 08/07 20:58:49 | 0.756043    0.757962    0.000000    0.937488    nan         nan         0.221132    nan         0.919315    nan         0.908120    nan         0.985030    nan         0.756043    nan         0.757962    nan         1800        43.113772   0.076048    0.019917    0.019304    0.000000    0.000044    0.036783    0.198336    4.103067    9.705234   
[36mINFO[0m 08/07 20:59:39 | 0.728690    0.731210    0.000000    0.968884    nan         nan         0.103195    nan         0.951100    nan         0.961538    nan         0.994012    nan         0.728690    nan         0.731210    nan         2000        47.904192   0.125835    0.033871    0.019181    0.000000    0.000044    0.072739    0.199019    3.946376    9.705234   
[36mINFO[0m 08/07 21:00:30 | 0.732824    0.728662    0.000000    0.966457    nan         nan         0.102993    nan         0.951100    nan         0.972222    nan         0.976048    nan         0.732824    nan         0.728662    nan         2200        52.694611   0.116291    0.029926    0.019085    0.000000    0.000044    0.067236    0.199995    4.183491    9.705234   
[36mINFO[0m 08/07 21:01:19 | 0.755725    0.759236    0.000000    0.953040    nan         nan         0.141825    nan         0.926650    nan         0.944444    nan         0.988024    nan         0.755725    nan         0.759236    nan         2400        57.485030   0.082304    0.020812    0.019014    0.000000    0.000044    0.042434    0.196742    3.949216    9.705234   
[36mINFO[0m 08/07 21:02:09 | 0.669529    0.670064    0.000000    0.958778    nan         nan         0.135934    nan         0.941320    nan         0.967949    nan         0.967066    nan         0.669529    nan         0.670064    nan         2600        62.275449   0.063058    0.014711    0.018947    0.000000    0.000045    0.029354    0.195247    3.967164    9.705234   
[36mINFO[0m 08/07 21:02:59 | 0.708969    0.699363    0.000000    0.959495    nan         nan         0.132348    nan         0.941320    nan         0.955128    nan         0.982036    nan         0.708969    nan         0.699363    nan         2800        67.065868   0.077360    0.018566    0.018881    0.000000    0.000045    0.039867    0.198147    4.022860    9.705539   
[36mINFO[0m 08/07 21:03:48 | 0.616412    0.625478    0.000000    0.964789    nan         nan         0.140483    nan         0.948655    nan         0.963675    nan         0.982036    nan         0.616412    nan         0.625478    nan         3000        71.856287   0.065308    0.014059    0.018824    0.000000    0.000045    0.032380    0.197448    4.103457    9.705539   
[36mINFO[0m 08/07 21:04:38 | 0.780534    0.765605    0.000000    0.970163    nan         nan         0.103217    nan         0.951100    nan         0.974359    nan         0.985030    nan         0.780534    nan         0.765605    nan         3200        76.646707   0.055656    0.010989    0.018763    0.000000    0.000045    0.025859    0.198418    3.981050    9.705539   
[36mINFO[0m 08/07 21:05:28 | 0.720738    0.729936    0.000000    0.949657    nan         nan         0.185004    nan         0.924205    nan         0.948718    nan         0.976048    nan         0.720738    nan         0.729936    nan         3400        81.437126   0.071583    0.015940    0.018715    0.000000    0.000045    0.036882    0.195130    4.073929    9.705600   
[36mINFO[0m 08/07 21:06:17 | 0.757634    0.761783    0.000000    0.965908    nan         nan         0.113006    nan         0.958435    nan         0.972222    nan         0.967066    nan         0.757634    nan         0.761783    nan         3600        86.227545   0.079398    0.017501    0.018673    0.000000    0.000046    0.043179    0.192829    4.082166    9.706089   
[36mINFO[0m 08/07 21:07:06 | 0.775445    0.766879    0.000000    0.963239    nan         nan         0.115776    nan         0.938875    nan         0.965812    nan         0.985030    nan         0.775445    nan         0.766879    nan         3800        91.017964   0.090449    0.021057    0.018642    0.000000    0.000046    0.050705    0.193184    4.127750    9.709629   
[36mINFO[0m 08/07 21:07:56 | 0.775763    0.765605    0.000000    0.956318    nan         nan         0.139647    nan         0.943765    nan         0.955128    nan         0.970060    nan         0.775763    nan         0.765605    nan         4000        95.808383   0.074525    0.014811    0.018600    0.000000    0.000046    0.041068    0.195961    4.090316    9.709629   
[36mINFO[0m 08/07 21:08:45 | 0.782761    0.780892    0.000000    0.968247    nan         nan         0.101177    nan         0.946210    nan         0.976496    nan         0.982036    nan         0.782761    nan         0.780892    nan         4200        100.598802  0.063482    0.012172    0.018570    0.000000    0.000046    0.032694    0.193197    4.037081    9.709629   
[36mINFO[0m 08/07 21:09:34 | 0.763359    0.764331    0.000000    0.965825    nan         nan         0.118624    nan         0.946210    nan         0.972222    nan         0.979042    nan         0.763359    nan         0.764331    nan         4400        105.389222  0.047612    0.008716    0.018527    0.000000    0.000046    0.020323    0.192911    4.162620    9.709629   
[36mINFO[0m 08/07 21:10:23 | 0.820929    0.810191    0.000000    0.961772    nan         nan         0.138449    nan         0.941320    nan         0.967949    nan         0.976048    nan         0.820929    nan         0.810191    nan         4600        110.179641  0.047241    0.008523    0.018497    0.000000    0.000047    0.020175    0.192744    4.094236    9.709629   
[36mINFO[0m 08/07 21:11:13 | 0.832061    0.819108    0.000000    0.965075    nan         nan         0.127714    nan         0.948655    nan         0.961538    nan         0.985030    nan         0.832061    nan         0.819108    nan         4800        114.970060  0.043505    0.007010    0.018454    0.000000    0.000047    0.017995    0.195142    4.093168    9.709629   
[36mINFO[0m 08/07 21:12:03 | 0.763677    0.759236    0.000000    0.949231    nan         nan         0.214615    nan         0.924205    nan         0.944444    nan         0.979042    nan         0.763677    nan         0.759236    nan         5000        119.760479  0.052270    0.009665    0.018425    0.000000    0.000047    0.024133    0.196723    4.049686    9.709629   
[36mINFO[0m 08/07 21:12:05 | ---
[33mWARNING[0m 08/07 21:12:12 | Evaluate SWAD ...
[36mINFO[0m 08/07 21:12:16 | 0.785941    0.782166    0.000000    0.984236    nan         nan         0.062048    nan         0.970660    nan         0.985043    nan         0.997006    nan         0.785941    nan         0.782166    nan         [401-4800]  (N=22)
[36mINFO[0m 08/07 21:12:16 | oracle = 83.206%
[36mINFO[0m 08/07 21:12:16 | iid = 78.053%
[36mINFO[0m 08/07 21:12:16 | last = 76.368%
[36mINFO[0m 08/07 21:12:16 | last (inD) = 94.923%
[36mINFO[0m 08/07 21:12:16 | iid (inD) = 97.016%
[36mINFO[0m 08/07 21:12:16 | SWAD = 78.594%
[36mINFO[0m 08/07 21:12:16 | SWAD (inD) = 98.424%
[36mINFO[0m 08/07 21:12:18 | === Summary ===
[36mINFO[0m 08/07 21:12:18 | Command: /home/s21_yhr/lzh/new/DomainBed-new/train_all.py PACS_iDAG_SWAD_seed2 --dataset PACS --data_dir /home/s21_yhr/lzh/new/DomainBed-new/dataset --algorithm iDAG --steps 5000 --checkpoint_freq 200 --batch_size 32 --optimizer adam --lr 5e-5 --weight_decay 0 --resnet_dropout 0 --resnet18 False --pretrained True --freeze_bn True --swad LossValley --seed 2 --trial_seed 2 --deterministic --cache disk --prebuild_loader --image_size 224 --out_dim 256 --hidden_size 256 --num_hidden_layers 0 --dag_anneal_steps 200 --temperature 0.07 --ema_ratio 0.99 --lambda1 0.01 --lambda2 0.01 --rho 1.0 --alpha 1.0 --rho_max 100.0 --weight_mu 1.0 --weight_nu 1.0
[36mINFO[0m 08/07 21:12:18 | Unique name: 260807_19-51-20_PACS_iDAG_SWAD_seed2
[36mINFO[0m 08/07 21:12:18 | Out path: train_output/PACS/260807_19-51-20_PACS_iDAG_SWAD_seed2
[36mINFO[0m 08/07 21:12:18 | Algorithm: iDAG
[36mINFO[0m 08/07 21:12:18 | Dataset: PACS
+------------+--------------+---------+---------+---------+---------+
| Selection  | art_painting | cartoon |  photo  |  sketch |   Avg.  |
+------------+--------------+---------+---------+---------+---------+
|   oracle   |   86.333%    | 82.356% | 95.584% | 83.206% | 86.870% |
|    iid     |   83.405%    | 73.348% | 95.434% | 78.053% | 82.560% |
|    last    |   71.385%    | 79.797% | 94.012% | 76.368% | 80.391% |
| last (inD) |   95.569%    | 96.566% | 95.005% | 94.923% | 95.516% |
| iid (inD)  |   96.933%    | 97.112% | 95.919% | 97.016% | 96.745% |
|    SWAD    |   87.553%    | 81.183% | 97.081% | 78.594% | 86.103% |
| SWAD (inD) |   97.872%    | 97.542% | 96.930% | 98.424% | 97.692% |
+------------+--------------+---------+---------+---------+---------+
================================================================================
Starting iDAG_SWAD, seed=3, physical GPU=2
/home/s21_yhr/miniconda3/envs/GGA/bin/python /home/s21_yhr/lzh/new/DomainBed-new/train_all.py PACS_iDAG_SWAD_seed3 --dataset PACS --data_dir /home/s21_yhr/lzh/new/DomainBed-new/dataset --algorithm iDAG --steps 5000 --checkpoint_freq 200 --batch_size 32 --optimizer adam --lr 5e-5 --weight_decay 0 --resnet_dropout 0 --resnet18 False --pretrained True --freeze_bn True --swad LossValley --seed 3 --trial_seed 3 --deterministic --cache disk --prebuild_loader --image_size 224 --out_dim 256 --hidden_size 256 --num_hidden_layers 0 --dag_anneal_steps 200 --temperature 0.07 --ema_ratio 0.99 --lambda1 0.01 --lambda2 0.01 --rho 1.0 --alpha 1.0 --rho_max 100.0 --weight_mu 1.0 --weight_nu 1.0
================================================================================
[36mINFO[0m 08/07 21:12:26 | Command :: /home/s21_yhr/lzh/new/DomainBed-new/train_all.py PACS_iDAG_SWAD_seed3 --dataset PACS --data_dir /home/s21_yhr/lzh/new/DomainBed-new/dataset --algorithm iDAG --steps 5000 --checkpoint_freq 200 --batch_size 32 --optimizer adam --lr 5e-5 --weight_decay 0 --resnet_dropout 0 --resnet18 False --pretrained True --freeze_bn True --swad LossValley --seed 3 --trial_seed 3 --deterministic --cache disk --prebuild_loader --image_size 224 --out_dim 256 --hidden_size 256 --num_hidden_layers 0 --dag_anneal_steps 200 --temperature 0.07 --ema_ratio 0.99 --lambda1 0.01 --lambda2 0.01 --rho 1.0 --alpha 1.0 --rho_max 100.0 --weight_mu 1.0 --weight_nu 1.0
Environment:
	Python: 3.11.15
	PyTorch: 2.11.0+cu128
	Torchvision: 0.26.0+cu128
	CUDA: 12.8
	CUDNN: 91900
	NumPy: 1.26.4
	PIL: 12.2.0
Args:
	algorithm: iDAG
	batch_size: 32
	cache: disk
	cache_root: cache
	cache_size: None
	checkpoint_freq: 200
	configs: []
	data_dir: /home/s21_yhr/lzh/new/DomainBed-new/dataset
	dataset: PACS
	debug: False
	deterministic: True
	end_step: 200
	evalmode: fast
	extra_search: n
	extra_search_end: None
	extra_search_start: None
	gga_l_gamma: 0.001
	grad_fn: sum
	holdout_fraction: 0.2
	model_save: None
	name: PACS_iDAG_SWAD_seed3
	neighborhoodSize: 1e-06
	out_dir: train_output/PACS/260807_21-12-26_PACS_iDAG_SWAD_seed3
	out_root: train_output/PACS
	prebuild_loader: True
	q_steps: 2000
	quant: 0
	resize_mode: stretch
	saliency: False
	saliency_cmap: jet
	saliency_every: 0
	saliency_noise: 0.15
	saliency_num: 16
	saliency_samples: 25
	saliency_split: test_in
	seed: 3
	show: False
	start_step: 100
	steps: 5000
	tb_freq: 10
	test_envs: None
	train_output: train_output
	trial_seed: 3
	unique_name: 260807_21-12-26_PACS_iDAG_SWAD_seed3
	work_dir: .
HParams:
	data_augmentation: True
	val_augment: False
	[36mresnet18: False
	[0m[36mresnet_dropout: 0
	[0mclass_balanced: False
	[36moptimizer: adam
	[0m[36mfreeze_bn: True
	[0m[36mpretrained: True
	[0m[36mimage_size: 224
	[0m[36mlr: 5e-05
	[0mbatch_size: 32
	[36mweight_decay: 0
	[0m[36mhidden_size: 256
	[0m[36mout_dim: 256
	[0m[36mnum_hidden_layers: 0
	[0m[36mdag_anneal_steps: 200
	[0m[36mtemperature: 0.07
	[0m[36mema_ratio: 0.99
	[0m[36mlambda1: 0.01
	[0m[36mlambda2: 0.01
	[0m[36mrho_max: 100.0
	[0m[36mrho: 1.0
	[0m[36malpha: 1.0
	[0m[36mweight_nu: 1.0
	[0m[36mweight_mu: 1.0
	[0m[36mswad: LossValley
	[0mswad_kwargs: 
	  n_converge: 3
	  n_tolerance: 6
	  tolerance_ratio: 0.3
	test_batchsize: 128
	indomain_test: False
	grad_fn: sum
	extra_search: n
	logdir: train_output/PACS/260807_21-12-26_PACS_iDAG_SWAD_seed3
	neighborhoodSize: 1e-06
	start_step: 100
	end_step: 200
	extra_search_start: None
	extra_search_end: None
	gga_l_gamma: 0.001
Dataset:
	[PACS] #envs=4, #classes=7
	env0: art_painting (#2048)
	env1: cartoon (#2344)
	env2: photo (#1670)
	env3: sketch (#3929)

[36mINFO[0m 08/07 21:12:26 | n_steps = 5000
[36mINFO[0m 08/07 21:12:26 | checkpoint_freq = 200
[36mINFO[0m 08/07 21:12:26 | n_steps is updated to 5000 => 5001 for checkpointing
[36mINFO[0m 08/07 21:12:26 | Target test envs = [[0], [1], [2], [3]]
[36mINFO[0m 08/07 21:12:26 | 
[36mINFO[0m 08/07 21:12:27 | Testenv name escaping te_art_painting -> te_art_painting
[36mINFO[0m 08/07 21:12:27 | Test envs = [0], name = te_art_painting
[36mINFO[0m 08/07 21:12:27 | Batch sizes for each domain: [0, 32, 32, 32] (total=96)
[36mINFO[0m 08/07 21:12:27 | steps-per-epoch for each domain: 58.62, 41.75, 98.25 -> min = 41.75
/home/s21_yhr/miniconda3/envs/GGA/lib/python3.11/site-packages/torchvision/models/_utils.py:208: UserWarning: The parameter 'pretrained' is deprecated since 0.13 and may be removed in the future, please use 'weights' instead.
  warnings.warn(
/home/s21_yhr/miniconda3/envs/GGA/lib/python3.11/site-packages/torchvision/models/_utils.py:223: UserWarning: Arguments other than a weight enum or `None` for 'weights' are deprecated since 0.13 and may be removed in the future. The current behavior is equivalent to passing `weights=ResNet50_Weights.IMAGENET1K_V1`. You can also use `weights=ResNet50_Weights.DEFAULT` to get the most up-to-date weights.
  warnings.warn(msg)
[36mINFO[0m 08/07 21:12:30 | # of params = 24234576
/home/s21_yhr/lzh/new/DomainBed-new/domainbed/algorithms/algorithms.py:161: UserWarning: The use of `x.T` on tensors of dimension other than 2 to reverse their shape is deprecated and it will throw an error in a future release. Consider `x.mT` to transpose batches of matrices or `x.permute(*torch.arange(x.ndim - 1, -1, -1))` to reverse the dimensions of a tensor. (Triggered internally at /pytorch/aten/src/ATen/native/TensorShape.cpp:4480.)
  mask_neg = torch.not_equal(labels, labels.T)
[36mINFO[0m 08/07 21:12:35 | test_in     test_out    train_in    train_out   test_in_au  test_out_a  train_out_  tr_outloss  env0_in     env0_in_au  env0_out    env0_out_a  env1_out    env1_out_a  env2_out    env2_out_a  env3_out    env3_out_a  step        epoch       loss        inv_ce      l2          penalty     l1          cl          step_time   eval_time   mem_gb     
[36mINFO[0m 08/07 21:12:35 | 0.104332    0.107579    0.000000    0.158959    nan         nan         nan         1.942664    0.104332    nan         0.107579    nan         0.123932    nan         0.128743    nan         0.224204    nan         0           0.000000    2.237911    1.937248    0.029530    0.000000    0.000039    0.963051    1.208589    2.974656    8.038535   
[36mINFO[0m 08/07 21:13:20 | 0.760830    0.745721    0.000000    0.926916    nan         nan         nan         0.457374    0.760830    nan         0.745721    nan         0.920940    nan         0.991018    nan         0.868790    nan         200         4.790419    1.372288    1.047901    0.029558    0.000000    0.000039    0.647124    0.189701    2.843206    8.428967   
[36mINFO[0m 08/07 21:14:05 | 0.781574    0.772616    0.000000    0.950990    nan         nan         nan         0.226367    0.781574    nan         0.772616    nan         0.940171    nan         0.979042    nan         0.933758    nan         400         9.580838    0.577675    0.293174    0.021295    0.000000    0.000042    0.263164    0.192748    2.702364    8.615833   
[36mINFO[0m 08/07 21:14:50 | 0.828554    0.811736    0.000000    0.965915    nan         nan         nan         0.140513    0.828554    nan         0.811736    nan         0.959402    nan         0.988024    nan         0.950318    nan         600         14.371257   0.306284    0.131346    0.021086    0.000000    0.000042    0.153810    0.191046    2.678935    8.799016   
[36mINFO[0m 08/07 21:15:36 | 0.834045    0.804401    0.000000    0.956982    nan         nan         nan         0.142060    0.834045    nan         0.804401    nan         0.948718    nan         0.991018    nan         0.931210    nan         800         19.161677   0.227278    0.087231    0.020763    0.000000    0.000042    0.119242    0.190845    2.731064    8.980489   
[36mINFO[0m 08/07 21:16:21 | 0.746797    0.735941    0.000000    0.954866    nan         nan         nan         0.145386    0.746797    nan         0.735941    nan         0.965812    nan         0.979042    nan         0.919745    nan         1000        23.952096   0.174204    0.063227    0.020429    0.000000    0.000043    0.090506    0.191623    2.697451    9.164160   
Model converged at step 600, Start step = -1; Threshold = 0.185449, 
[36mINFO[0m 08/07 21:17:07 | 0.794387    0.775061    0.000000    0.954996    nan         nan         nan         0.135262    0.794387    nan         0.775061    nan         0.946581    nan         0.991018    nan         0.927389    nan         1200        28.742515   0.138873    0.047777    0.020094    0.000000    0.000043    0.070959    0.191395    2.669676    9.525338   
[36mINFO[0m 08/07 21:17:52 | 0.816962    0.809291    0.000000    0.967182    nan         nan         nan         0.106168    0.816962    nan         0.809291    nan         0.970085    nan         0.976048    nan         0.955414    nan         1400        33.532934   0.104143    0.034627    0.019827    0.000000    0.000043    0.049646    0.190631    2.690814    9.705286   
[36mINFO[0m 08/07 21:18:37 | 0.835265    0.821516    0.000000    0.963795    nan         nan         nan         0.112909    0.835265    nan         0.821516    nan         0.967949    nan         0.982036    nan         0.941401    nan         1600        38.323353   0.106955    0.032468    0.019620    0.000000    0.000043    0.054824    0.192074    2.817105    9.706272   
[36mINFO[0m 08/07 21:19:24 | 0.831605    0.806846    0.000000    0.961085    nan         nan         nan         0.108338    0.831605    nan         0.806846    nan         0.961538    nan         0.979042    nan         0.942675    nan         1800        43.113772   0.080164    0.022915    0.019456    0.000000    0.000044    0.037749    0.195469    2.881759    9.709201   
[36mINFO[0m 08/07 21:20:12 | 0.815741    0.811736    0.000000    0.956665    nan         nan         nan         0.138782    0.815741    nan         0.811736    nan         0.952991    nan         0.973054    nan         0.943949    nan         2000        47.904192   0.076894    0.021173    0.019332    0.000000    0.000044    0.036345    0.193095    2.777002    9.709201   
[36mINFO[0m 08/07 21:21:02 | 0.822453    0.789731    0.000000    0.959111    nan         nan         nan         0.131493    0.822453    nan         0.789731    nan         0.961538    nan         0.982036    nan         0.933758    nan         2200        52.694611   0.101101    0.028422    0.019232    0.000000    0.000044    0.053403    0.200360    2.885492    9.709445   
[36mINFO[0m 08/07 21:21:52 | 0.762050    0.716381    0.000000    0.956829    nan         nan         nan         0.128692    0.762050    nan         0.716381    nan         0.963675    nan         0.973054    nan         0.933758    nan         2400        57.485030   0.103572    0.029324    0.019159    0.000000    0.000044    0.055044    0.201196    2.967741    9.710361   
[36mINFO[0m 08/07 21:22:42 | 0.832215    0.811736    0.000000    0.964242    nan         nan         nan         0.134403    0.832215    nan         0.811736    nan         0.967949    nan         0.991018    nan         0.933758    nan         2600        62.275449   0.082823    0.021792    0.019085    0.000000    0.000044    0.041901    0.200113    2.901747    9.710361   
[36mINFO[0m 08/07 21:23:37 | 0.804149    0.753056    0.000000    0.957402    nan         nan         nan         0.126569    0.804149    nan         0.753056    nan         0.963675    nan         0.976048    nan         0.932484    nan         2800        67.065868   0.061857    0.014825    0.019038    0.000000    0.000045    0.027949    0.224083    2.940625    9.710361   
[36mINFO[0m 08/07 21:24:30 | 0.793167    0.770171    0.000000    0.961210    nan         nan         nan         0.117456    0.793167    nan         0.770171    nan         0.957265    nan         0.976048    nan         0.950318    nan         3000        71.856287   0.054393    0.012656    0.018976    0.000000    0.000045    0.022716    0.211026    3.156770    9.710361   
[36mINFO[0m 08/07 21:25:21 | 0.796217    0.772616    0.000000    0.968474    nan         nan         nan         0.099930    0.796217    nan         0.772616    nan         0.961538    nan         0.991018    nan         0.952866    nan         3200        76.646707   0.075502    0.019244    0.018927    0.000000    0.000045    0.037287    0.207231    3.001747    9.710361   
[36mINFO[0m 08/07 21:26:11 | 0.810860    0.797066    0.000000    0.966762    nan         nan         nan         0.128311    0.810860    nan         0.797066    nan         0.978632    nan         0.970060    nan         0.951592    nan         3400        81.437126   0.081751    0.020503    0.018890    0.000000    0.000045    0.042314    0.202061    3.101602    9.711093   
[36mINFO[0m 08/07 21:27:02 | 0.816962    0.811736    0.000000    0.964797    nan         nan         nan         0.107109    0.816962    nan         0.811736    nan         0.976496    nan         0.979042    nan         0.938854    nan         3600        86.227545   0.052469    0.011349    0.018849    0.000000    0.000045    0.022226    0.201028    3.119972    9.714694   
[36mINFO[0m 08/07 21:27:52 | 0.762050    0.740831    0.000000    0.964058    nan         nan         nan         0.129054    0.762050    nan         0.740831    nan         0.961538    nan         0.979042    nan         0.951592    nan         3800        91.017964   0.057408    0.012159    0.018813    0.000000    0.000045    0.026391    0.200200    3.143231    9.714694   
[36mINFO[0m 08/07 21:28:48 | 0.763880    0.733496    0.000000    0.952563    nan         nan         nan         0.160419    0.763880    nan         0.733496    nan         0.967949    nan         0.961078    nan         0.928662    nan         4000        95.808383   0.067020    0.015931    0.018771    0.000000    0.000046    0.032273    0.226637    3.259346    9.718601   
[36mINFO[0m 08/07 21:29:41 | 0.862111    0.828851    0.000000    0.958080    nan         nan         nan         0.162035    0.862111    nan         0.828851    nan         0.935897    nan         0.988024    nan         0.950318    nan         4200        100.598802  0.089850    0.023640    0.018735    0.000000    0.000046    0.047429    0.206676    3.120271    9.718601   
[36mINFO[0m 08/07 21:30:38 | 0.842587    0.799511    0.000000    0.975010    nan         nan         nan         0.087169    0.842587    nan         0.799511    nan         0.976496    nan         0.988024    nan         0.960510    nan         4400        105.389222  0.040604    0.007511    0.018696    0.000000    0.000046    0.014351    0.225284    3.062110    9.718601   
[36mINFO[0m 08/07 21:31:28 | 0.819402    0.779951    0.000000    0.961545    nan         nan         nan         0.143600    0.819402    nan         0.779951    nan         0.967949    nan         0.988024    nan         0.928662    nan         4600        110.179641  0.050250    0.010207    0.018659    0.000000    0.000046    0.021337    0.200129    3.152380    9.718601   
[36mINFO[0m 08/07 21:32:24 | 0.837096    0.784841    0.000000    0.966908    nan         nan         nan         0.128619    0.837096    nan         0.784841    nan         0.974359    nan         0.976048    nan         0.950318    nan         4800        114.970060  0.058781    0.013482    0.018638    0.000000    0.000046    0.026615    0.226835    3.026490    9.718601   
[36mINFO[0m 08/07 21:33:16 | 0.848078    0.821516    0.000000    0.967067    nan         nan         nan         0.118970    0.848078    nan         0.821516    nan         0.972222    nan         0.985030    nan         0.943949    nan         5000        119.760479  0.067540    0.016041    0.018603    0.000000    0.000047    0.032849    0.205782    3.392297    9.718601   
[36mINFO[0m 08/07 21:33:20 | ---
[33mWARNING[0m 08/07 21:33:31 | Evaluate SWAD ...
[36mINFO[0m 08/07 21:33:34 | 0.891397    0.877751    0.000000    0.979841    nan         nan         nan         0.077724    0.891397    nan         0.877751    nan         0.978632    nan         0.994012    nan         0.966879    nan         [401-5000]  (N=23)
[36mINFO[0m 08/07 21:33:34 | oracle = 86.211%
[36mINFO[0m 08/07 21:33:34 | iid = 84.259%
[36mINFO[0m 08/07 21:33:34 | last = 84.808%
[36mINFO[0m 08/07 21:33:34 | last (inD) = 96.707%
[36mINFO[0m 08/07 21:33:34 | iid (inD) = 97.501%
[36mINFO[0m 08/07 21:33:34 | SWAD = 89.140%
[36mINFO[0m 08/07 21:33:34 | SWAD (inD) = 97.984%
[36mINFO[0m 08/07 21:33:35 | 
[36mINFO[0m 08/07 21:33:35 | Testenv name escaping te_cartoon -> te_cartoon
[36mINFO[0m 08/07 21:33:35 | Test envs = [1], name = te_cartoon
[36mINFO[0m 08/07 21:33:35 | Batch sizes for each domain: [32, 0, 32, 32] (total=96)
[36mINFO[0m 08/07 21:33:35 | steps-per-epoch for each domain: 51.22, 41.75, 98.25 -> min = 41.75
[36mINFO[0m 08/07 21:33:41 | # of params = 24234576
[36mINFO[0m 08/07 21:33:45 | test_in     test_out    train_in    train_out   test_in_au  train_out_  tr_outloss  test_out_a  env0_out    env0_out_a  env1_in     env1_in_au  env1_out    env1_out_a  env2_out    env2_out_a  env3_out    env3_out_a  step        epoch       loss        inv_ce      l2          penalty     l1          cl          step_time   eval_time   mem_gb     
[36mINFO[0m 08/07 21:33:45 | 0.060768    0.044872    0.000000    0.124049    nan         nan         1.945849    nan         0.097800    nan         0.060768    nan         0.044872    nan         0.122754    nan         0.151592    nan         0           0.000000    2.235898    1.939167    0.029398    0.000000    0.000039    0.923624    0.194829    3.279200    8.038107   
[36mINFO[0m 08/07 21:34:37 | 0.696162    0.696581    0.000000    0.894838    nan         nan         0.559259    nan         0.904645    nan         0.696162    nan         0.696581    nan         0.976048    nan         0.803822    nan         200         4.790419    1.477738    1.123936    0.029485    0.000000    0.000039    0.669988    0.214914    3.688998    8.426647   
[36mINFO[0m 08/07 21:35:27 | 0.770256    0.782051    0.000000    0.945680    nan         nan         0.261330    nan         0.933985    nan         0.770256    nan         0.782051    nan         0.982036    nan         0.921019    nan         400         9.580838    0.601111    0.315760    0.021334    0.000000    0.000042    0.263975    0.203189    4.912820    8.610950   
[36mINFO[0m 08/07 21:36:23 | 0.709488    0.732906    0.000000    0.938084    nan         nan         0.208502    nan         0.929095    nan         0.709488    nan         0.732906    nan         0.973054    nan         0.912102    nan         600         14.371257   0.376415    0.151724    0.021154    0.000000    0.000042    0.203496    0.227185    4.175523    8.793461   
[36mINFO[0m 08/07 21:37:11 | 0.803305    0.807692    0.000000    0.952520    nan         nan         0.161980    nan         0.941320    nan         0.803305    nan         0.807692    nan         0.985030    nan         0.931210    nan         800         19.161677   0.188265    0.073789    0.020857    0.000000    0.000042    0.093577    0.198526    2.865634    8.974813   
[36mINFO[0m 08/07 21:38:03 | 0.750533    0.792735    0.000000    0.956561    nan         nan         0.144039    nan         0.955990    nan         0.750533    nan         0.792735    nan         0.985030    nan         0.928662    nan         1000        23.952096   0.184245    0.063929    0.020547    0.000000    0.000043    0.099727    0.213186    4.068048    9.158728   
[36mINFO[0m 08/07 21:38:52 | 0.771322    0.777778    0.000000    0.945634    nan         nan         0.168687    nan         0.926650    nan         0.771322    nan         0.777778    nan         0.979042    nan         0.931210    nan         1200        28.742515   0.188591    0.058877    0.020255    0.000000    0.000043    0.109417    0.198719    3.717715    9.337883   
[36mINFO[0m 08/07 21:39:43 | 0.775053    0.777778    0.000000    0.950705    nan         nan         0.140426    nan         0.919315    nan         0.775053    nan         0.777778    nan         0.985030    nan         0.947771    nan         1400        33.532934   0.133648    0.042847    0.020016    0.000000    0.000043    0.070742    0.210457    3.841843    9.519234   
[36mINFO[0m 08/07 21:40:32 | 0.756930    0.771368    0.000000    0.940424    nan         nan         0.192895    nan         0.924205    nan         0.756930    nan         0.771368    nan         0.976048    nan         0.921019    nan         1600        38.323353   0.134729    0.040127    0.019822    0.000000    0.000043    0.074737    0.201143    3.808995    9.521685   
[36mINFO[0m 08/07 21:41:24 | 0.815565    0.846154    0.000000    0.949809    nan         nan         0.149305    nan         0.924205    nan         0.815565    nan         0.846154    nan         0.994012    nan         0.931210    nan         1800        43.113772   0.086228    0.024971    0.019662    0.000000    0.000043    0.041551    0.213587    3.216252    9.527911   
Model converged at step 1400, Start step = 801; Threshold = 0.209138, 
[36mINFO[0m 08/07 21:42:18 | 0.795842    0.792735    0.000000    0.949329    nan         nan         0.157263    nan         0.926650    nan         0.795842    nan         0.792735    nan         0.985030    nan         0.936306    nan         2000        47.904192   0.105981    0.028147    0.019516    0.000000    0.000044    0.058274    0.206979    3.708921    9.708774   
[36mINFO[0m 08/07 21:43:08 | 0.820362    0.841880    0.000000    0.958670    nan         nan         0.133987    nan         0.938875    nan         0.820362    nan         0.841880    nan         0.997006    nan         0.940127    nan         2200        52.694611   0.086811    0.023144    0.019412    0.000000    0.000044    0.044211    0.204364    3.488645    9.708835   
[36mINFO[0m 08/07 21:43:58 | 0.821962    0.863248    0.000000    0.950949    nan         nan         0.151245    nan         0.941320    nan         0.821962    nan         0.863248    nan         0.979042    nan         0.932484    nan         2400        57.485030   0.067443    0.016780    0.019332    0.000000    0.000044    0.031288    0.206593    3.756613    9.710239   
[36mINFO[0m 08/07 21:44:52 | 0.773454    0.784188    0.000000    0.962860    nan         nan         0.128444    nan         0.941320    nan         0.773454    nan         0.784188    nan         0.988024    nan         0.959236    nan         2600        62.275449   0.070884    0.017776    0.019256    0.000000    0.000044    0.033808    0.213497    2.977729    9.711582   
[36mINFO[0m 08/07 21:45:44 | 0.753198    0.758547    0.000000    0.939094    nan         nan         0.222075    nan         0.926650    nan         0.753198    nan         0.758547    nan         0.967066    nan         0.923567    nan         2800        67.065868   0.087540    0.021690    0.019182    0.000000    0.000044    0.046624    0.211123    3.706442    9.711582   
[36mINFO[0m 08/07 21:46:38 | 0.837420    0.878205    0.000000    0.948631    nan         nan         0.179178    nan         0.933985    nan         0.837420    nan         0.878205    nan         0.973054    nan         0.938854    nan         3000        71.856287   0.110017    0.027858    0.019136    0.000000    0.000045    0.062978    0.213279    3.252262    9.711582   
[36mINFO[0m 08/07 21:47:31 | 0.794243    0.801282    0.000000    0.932723    nan         nan         0.247321    nan         0.907090    nan         0.794243    nan         0.801282    nan         0.970060    nan         0.921019    nan         3200        76.646707   0.053915    0.012056    0.019090    0.000000    0.000045    0.022724    0.209638    4.286312    9.711582   
[36mINFO[0m 08/07 21:48:24 | 0.779851    0.822650    0.000000    0.941445    nan         nan         0.207660    nan         0.911980    nan         0.779851    nan         0.822650    nan         0.976048    nan         0.936306    nan         3400        81.437126   0.086773    0.020828    0.019046    0.000000    0.000045    0.046854    0.203819    3.451010    9.711582   
[36mINFO[0m 08/07 21:49:16 | 0.758529    0.794872    0.000000    0.945495    nan         nan         0.201441    nan         0.916870    nan         0.758529    nan         0.794872    nan         0.982036    nan         0.937580    nan         3600        86.227545   0.071337    0.016849    0.018992    0.000000    0.000045    0.035450    0.204247    4.061982    9.711582   
[36mINFO[0m 08/07 21:50:07 | 0.839019    0.848291    0.000000    0.955205    nan         nan         0.152417    nan         0.931540    nan         0.839019    nan         0.848291    nan         0.985030    nan         0.949045    nan         3800        91.017964   0.081383    0.019702    0.018959    0.000000    0.000045    0.042676    0.201370    3.764774    9.711582   
[36mINFO[0m 08/07 21:51:03 | 0.759595    0.803419    0.000000    0.910397    nan         nan         0.353049    nan         0.885086    nan         0.759595    nan         0.803419    nan         0.916168    nan         0.929936    nan         4000        95.808383   0.047304    0.008773    0.018921    0.000000    0.000045    0.019565    0.219965    4.932737    9.711643   
[36mINFO[0m 08/07 21:51:57 | 0.800640    0.816239    0.000000    0.959487    nan         nan         0.153902    nan         0.948655    nan         0.800640    nan         0.816239    nan         0.982036    nan         0.947771    nan         4200        100.598802  0.109998    0.026255    0.018891    0.000000    0.000046    0.064807    0.212561    3.103629    9.711643   
[36mINFO[0m 08/07 21:52:59 | 0.770256    0.771368    0.000000    0.940686    nan         nan         0.194827    nan         0.907090    nan         0.770256    nan         0.771368    nan         0.985030    nan         0.929936    nan         4400        105.389222  0.078656    0.017447    0.018858    0.000000    0.000046    0.042306    0.253946    3.375598    9.711643   
[36mINFO[0m 08/07 21:53:49 | 0.716418    0.698718    0.000000    0.936200    nan         nan         0.221445    nan         0.911980    nan         0.716418    nan         0.698718    nan         0.973054    nan         0.923567    nan         4600        110.179641  0.067971    0.015391    0.018817    0.000000    0.000046    0.033717    0.203622    2.928065    9.713840   
[36mINFO[0m 08/07 21:54:50 | 0.825160    0.844017    0.000000    0.924587    nan         nan         0.290542    nan         0.911980    nan         0.825160    nan         0.844017    nan         0.970060    nan         0.891720    nan         4800        114.970060  0.053032    0.010415    0.018787    0.000000    0.000046    0.023784    0.247088    3.371367    9.714267   
[36mINFO[0m 08/07 21:55:44 | 0.794243    0.805556    0.000000    0.949293    nan         nan         0.188090    nan         0.909535    nan         0.794243    nan         0.805556    nan         0.988024    nan         0.950318    nan         5000        119.760479  0.068775    0.015104    0.018752    0.000000    0.000046    0.034873    0.209023    4.778482    9.715183   
[36mINFO[0m 08/07 21:55:48 | ---
[33mWARNING[0m 08/07 21:56:02 | Evaluate SWAD ...
[36mINFO[0m 08/07 21:56:07 | 0.823028    0.848291    0.000000    0.970319    nan         nan         0.109092    nan         0.955990    nan         0.823028    nan         0.848291    nan         0.997006    nan         0.957962    nan         [801-5000]  (N=22)
[36mINFO[0m 08/07 21:56:07 | oracle = 83.742%
[36mINFO[0m 08/07 21:56:07 | iid = 77.345%
[36mINFO[0m 08/07 21:56:07 | last = 79.424%
[36mINFO[0m 08/07 21:56:07 | last (inD) = 94.929%
[36mINFO[0m 08/07 21:56:07 | iid (inD) = 96.286%
[36mINFO[0m 08/07 21:56:07 | SWAD = 82.303%
[36mINFO[0m 08/07 21:56:07 | SWAD (inD) = 97.032%
[36mINFO[0m 08/07 21:56:09 | 
[36mINFO[0m 08/07 21:56:10 | Testenv name escaping te_photo -> te_photo
[36mINFO[0m 08/07 21:56:10 | Test envs = [2], name = te_photo
[36mINFO[0m 08/07 21:56:10 | Batch sizes for each domain: [32, 32, 0, 32] (total=96)
[36mINFO[0m 08/07 21:56:10 | steps-per-epoch for each domain: 51.22, 58.62, 98.25 -> min = 51.22
[36mINFO[0m 08/07 21:56:15 | # of params = 24234576
[36mINFO[0m 08/07 21:56:19 | test_in     test_out    train_in    train_out   test_in_au  train_out_  tr_outloss  test_out_a  env0_out    env0_out_a  env1_out    env1_out_a  env2_in     env2_in_au  env2_out    env2_out_a  env3_out    env3_out_a  step        epoch       loss        inv_ce      l2          penalty     l1          cl          step_time   eval_time   mem_gb     
[36mINFO[0m 08/07 21:56:19 | 0.389970    0.335329    0.000000    0.239054    nan         nan         1.937300    nan         0.222494    nan         0.262821    nan         0.389970    nan         0.335329    nan         0.231847    nan         0           0.000000    2.299723    1.933120    0.029423    0.000000    0.000039    1.120994    0.252913    2.848078    8.038107   
[36mINFO[0m 08/07 21:57:05 | 0.957335    0.973054    0.000000    0.896269    nan         nan         0.582714    nan         0.911980    nan         0.895299    nan         0.957335    nan         0.973054    nan         0.881529    nan         200         3.904820    1.591696    1.181068    0.029394    0.000000    0.000039    0.829732    0.191594    2.770449    8.426647   
[36mINFO[0m 08/07 21:57:58 | 0.971557    0.976048    0.000000    0.923438    nan         nan         0.297221    nan         0.919315    nan         0.940171    nan         0.971557    nan         0.976048    nan         0.910828    nan         400         7.809640    0.705703    0.365419    0.021216    0.000000    0.000042    0.319027    0.223060    2.915720    8.610950   
[36mINFO[0m 08/07 21:58:47 | 0.964820    0.952096    0.000000    0.951888    nan         nan         0.182257    nan         0.943765    nan         0.967949    nan         0.964820    nan         0.952096    nan         0.943949    nan         600         11.714460   0.383252    0.170348    0.020991    0.000000    0.000042    0.191871    0.203022    4.291963    8.793461   
[36mINFO[0m 08/07 21:59:41 | 0.950599    0.958084    0.000000    0.929136    nan         nan         0.223970    nan         0.919315    nan         0.957265    nan         0.950599    nan         0.958084    nan         0.910828    nan         800         15.619280   0.240081    0.096282    0.020632    0.000000    0.000042    0.123125    0.222281    2.760756    8.974813   
[36mINFO[0m 08/07 22:00:31 | 0.967066    0.973054    0.000000    0.949271    nan         nan         0.148867    nan         0.938875    nan         0.970085    nan         0.967066    nan         0.973054    nan         0.938854    nan         1000        19.524100   0.176311    0.067409    0.020263    0.000000    0.000043    0.088596    0.206085    3.913859    9.158728   
[36mINFO[0m 08/07 22:01:22 | 0.960329    0.976048    0.000000    0.950532    nan         nan         0.152090    nan         0.938875    nan         0.963675    nan         0.960329    nan         0.976048    nan         0.949045    nan         1200        23.428920   0.169363    0.058919    0.019936    0.000000    0.000043    0.090464    0.211313    2.660103    9.337883   
[36mINFO[0m 08/07 22:02:14 | 0.952096    0.973054    0.000000    0.945840    nan         nan         0.156525    nan         0.921760    nan         0.974359    nan         0.952096    nan         0.973054    nan         0.941401    nan         1400        27.333740   0.142705    0.046854    0.019667    0.000000    0.000043    0.076140    0.217243    3.719733    9.519234   
Model converged at step 1000, Start step = -1; Threshold = 0.198243, 
[36mINFO[0m 08/07 22:03:03 | 0.953593    0.982036    0.000000    0.943690    nan         nan         0.176947    nan         0.941320    nan         0.957265    nan         0.953593    nan         0.982036    nan         0.932484    nan         1600        31.238560   0.118459    0.037633    0.019461    0.000000    0.000044    0.061321    0.202254    3.164446    9.703647   
[36mINFO[0m 08/07 22:03:52 | 0.961826    0.970060    0.000000    0.948018    nan         nan         0.155942    nan         0.916870    nan         0.967949    nan         0.961826    nan         0.970060    nan         0.959236    nan         1800        35.143380   0.097056    0.029213    0.019290    0.000000    0.000044    0.048509    0.199121    3.179465    9.707004   
[36mINFO[0m 08/07 22:04:41 | 0.950599    0.937126    0.000000    0.945059    nan         nan         0.169974    nan         0.926650    nan         0.972222    nan         0.950599    nan         0.937126    nan         0.936306    nan         2000        39.048200   0.125692    0.037201    0.019173    0.000000    0.000044    0.069273    0.207203    2.710198    9.709445   
[36mINFO[0m 08/07 22:05:28 | 0.942365    0.928144    0.000000    0.930985    nan         nan         0.207431    nan         0.919315    nan         0.961538    nan         0.942365    nan         0.928144    nan         0.912102    nan         2200        42.953020   0.093626    0.027536    0.019083    0.000000    0.000044    0.046962    0.197467    2.544312    9.709445   
[36mINFO[0m 08/07 22:06:21 | 0.955838    0.961078    0.000000    0.949066    nan         nan         0.178964    nan         0.933985    nan         0.974359    nan         0.955838    nan         0.961078    nan         0.938854    nan         2400        46.857840   0.111781    0.031636    0.018991    0.000000    0.000044    0.061109    0.213455    3.167562    9.711215   
[36mINFO[0m 08/07 22:07:13 | 0.942365    0.937126    0.000000    0.944142    nan         nan         0.231202    nan         0.921760    nan         0.974359    nan         0.942365    nan         0.937126    nan         0.936306    nan         2600        50.762660   0.099347    0.026818    0.018935    0.000000    0.000045    0.053549    0.206166    3.538025    9.713718   
[36mINFO[0m 08/07 22:08:06 | 0.950599    0.958084    0.000000    0.952970    nan         nan         0.147584    nan         0.938875    nan         0.978632    nan         0.950599    nan         0.958084    nan         0.941401    nan         2800        54.667480   0.093728    0.024470    0.018883    0.000000    0.000045    0.050330    0.208579    3.399753    9.713718   
[36mINFO[0m 08/07 22:08:59 | 0.929641    0.931138    0.000000    0.940457    nan         nan         0.201855    nan         0.911980    nan         0.974359    nan         0.929641    nan         0.931138    nan         0.935032    nan         3000        58.572300   0.086595    0.022881    0.018833    0.000000    0.000045    0.044836    0.210721    3.643227    9.715793   
[36mINFO[0m 08/07 22:09:51 | 0.952844    0.949102    0.000000    0.948730    nan         nan         0.177707    nan         0.936430    nan         0.965812    nan         0.952844    nan         0.949102    nan         0.943949    nan         3200        62.477120   0.078443    0.020237    0.018788    0.000000    0.000045    0.039373    0.206400    2.967809    9.715793   
[36mINFO[0m 08/07 22:10:47 | 0.913174    0.949102    0.000000    0.954264    nan         nan         0.162691    nan         0.936430    nan         0.972222    nan         0.913174    nan         0.949102    nan         0.954140    nan         3400        66.381940   0.071446    0.017660    0.018748    0.000000    0.000046    0.034993    0.219188    3.413477    9.715793   
[36mINFO[0m 08/07 22:11:38 | 0.915419    0.913174    0.000000    0.926931    nan         nan         0.283282    nan         0.885086    nan         0.959402    nan         0.915419    nan         0.913174    nan         0.936306    nan         3600        70.286760   0.107134    0.028003    0.018698    0.000000    0.000046    0.060387    0.205907    3.444569    9.715793   
[36mINFO[0m 08/07 22:12:32 | 0.901946    0.922156    0.000000    0.936608    nan         nan         0.244209    nan         0.902200    nan         0.963675    nan         0.901946    nan         0.922156    nan         0.943949    nan         3800        74.191580   0.090399    0.023162    0.018655    0.000000    0.000046    0.048536    0.215305    3.212330    9.715793   
[36mINFO[0m 08/07 22:13:25 | 0.959581    0.967066    0.000000    0.949066    nan         nan         0.184879    nan         0.933985    nan         0.974359    nan         0.959581    nan         0.967066    nan         0.938854    nan         4000        78.096400   0.059621    0.013311    0.018617    0.000000    0.000046    0.027647    0.212011    3.362535    9.715793   
[36mINFO[0m 08/07 22:14:18 | 0.947605    0.949102    0.000000    0.936225    nan         nan         0.255913    nan         0.907090    nan         0.948718    nan         0.947605    nan         0.949102    nan         0.952866    nan         4200        82.001220   0.062546    0.014170    0.018579    0.000000    0.000046    0.029750    0.208528    3.088465    9.715793   
[36mINFO[0m 08/07 22:15:12 | 0.940868    0.937126    0.000000    0.935574    nan         nan         0.222934    nan         0.904645    nan         0.959402    nan         0.940868    nan         0.937126    nan         0.942675    nan         4400        85.906040   0.087628    0.022172    0.018542    0.000000    0.000047    0.046868    0.214823    3.417100    9.715793   
[36mINFO[0m 08/07 22:16:02 | 0.961078    0.982036    0.000000    0.953723    nan         nan         0.169796    nan         0.943765    nan         0.965812    nan         0.961078    nan         0.982036    nan         0.951592    nan         4600        89.810860   0.072358    0.016991    0.018500    0.000000    0.000047    0.036820    0.200758    2.678892    9.715793   
[36mINFO[0m 08/07 22:16:57 | 0.955090    0.952096    0.000000    0.944436    nan         nan         0.195424    nan         0.919315    nan         0.963675    nan         0.955090    nan         0.952096    nan         0.950318    nan         4800        93.715680   0.051942    0.010738    0.018470    0.000000    0.000047    0.022687    0.221650    3.264299    9.715793   
[36mINFO[0m 08/07 22:17:47 | 0.919910    0.934132    0.000000    0.936937    nan         nan         0.237497    nan         0.916870    nan         0.948718    nan         0.919910    nan         0.934132    nan         0.945223    nan         5000        97.620500   0.045944    0.008611    0.018433    0.000000    0.000047    0.018853    0.200842    2.634365    9.715793   
[36mINFO[0m 08/07 22:17:49 | ---
[33mWARNING[0m 08/07 22:17:59 | Evaluate SWAD ...
[36mINFO[0m 08/07 22:18:03 | 0.969311    0.976048    0.000000    0.970016    nan         nan         0.124305    nan         0.965770    nan         0.985043    nan         0.969311    nan         0.976048    nan         0.959236    nan         [801-4800]  (N=20)
[36mINFO[0m 08/07 22:18:03 | oracle = 95.359%
[36mINFO[0m 08/07 22:18:03 | iid = 91.317%
[36mINFO[0m 08/07 22:18:03 | last = 91.991%
[36mINFO[0m 08/07 22:18:03 | last (inD) = 93.694%
[36mINFO[0m 08/07 22:18:03 | iid (inD) = 95.426%
[36mINFO[0m 08/07 22:18:03 | SWAD = 96.931%
[36mINFO[0m 08/07 22:18:03 | SWAD (inD) = 97.002%
[36mINFO[0m 08/07 22:18:05 | 
[36mINFO[0m 08/07 22:18:05 | Testenv name escaping te_sketch -> te_sketch
[36mINFO[0m 08/07 22:18:05 | Test envs = [3], name = te_sketch
[36mINFO[0m 08/07 22:18:05 | Batch sizes for each domain: [32, 32, 32, 0] (total=96)
[36mINFO[0m 08/07 22:18:05 | steps-per-epoch for each domain: 51.22, 58.62, 41.75 -> min = 41.75
[36mINFO[0m 08/07 22:18:13 | # of params = 24234576
[36mINFO[0m 08/07 22:18:18 | test_in     test_out    train_in    train_out   test_in_au  train_out_  tr_outloss  test_out_a  env0_out    env0_out_a  env1_out    env1_out_a  env2_out    env2_out_a  env3_in     env3_in_au  env3_out    env3_out_a  step        epoch       loss        inv_ce      l2          penalty     l1          cl          step_time   eval_time   mem_gb     
[36mINFO[0m 08/07 22:18:18 | 0.250954    0.268790    0.000000    0.160905    nan         nan         1.945721    nan         0.163814    nan         0.205128    nan         0.113772    nan         0.250954    nan         0.268790    nan         0           0.000000    2.188096    1.961139    0.029406    0.000000    0.000039    0.816188    0.214366    5.297084    8.038107   
[36mINFO[0m 08/07 22:19:09 | 0.676209    0.672611    0.000000    0.906718    nan         nan         0.571780    nan         0.875306    nan         0.871795    nan         0.973054    nan         0.676209    nan         0.672611    nan         200         4.790419    1.475802    1.104890    0.029317    0.000000    0.000039    0.621330    0.202051    4.522419    8.426647   
[36mINFO[0m 08/07 22:19:59 | 0.720738    0.719745    0.000000    0.956293    nan         nan         0.217841    nan         0.919315    nan         0.961538    nan         0.988024    nan         0.720738    nan         0.719745    nan         400         9.580838    0.607473    0.309650    0.021027    0.000000    0.000042    0.276755    0.201913    4.715671    8.610950   
[36mINFO[0m 08/07 22:20:46 | 0.761450    0.755414    0.000000    0.959595    nan         nan         0.145856    nan         0.926650    nan         0.955128    nan         0.997006    nan         0.761450    nan         0.755414    nan         600         14.371257   0.306331    0.129325    0.020820    0.000000    0.000042    0.156143    0.193316    3.820666    8.793461   
[36mINFO[0m 08/07 22:21:33 | 0.752226    0.759236    0.000000    0.955763    nan         nan         0.154144    nan         0.916870    nan         0.959402    nan         0.991018    nan         0.752226    nan         0.759236    nan         800         19.161677   0.209545    0.079940    0.020506    0.000000    0.000042    0.109056    0.191923    3.844038    8.974813   
[36mINFO[0m 08/07 22:22:19 | 0.792303    0.782166    0.000000    0.962645    nan         nan         0.111990    nan         0.931540    nan         0.974359    nan         0.982036    nan         0.792303    nan         0.782166    nan         1000        23.952096   0.158556    0.054505    0.020198    0.000000    0.000043    0.083810    0.191604    3.767576    9.158728   
[36mINFO[0m 08/07 22:23:06 | 0.757634    0.773248    0.000000    0.958753    nan         nan         0.127543    nan         0.916870    nan         0.974359    nan         0.985030    nan         0.757634    nan         0.773248    nan         1200        28.742515   0.137879    0.044182    0.019917    0.000000    0.000043    0.073737    0.192245    3.771889    9.337883   
[36mINFO[0m 08/07 22:23:52 | 0.779898    0.779618    0.000000    0.966050    nan         nan         0.123654    nan         0.941320    nan         0.965812    nan         0.991018    nan         0.779898    nan         0.779618    nan         1400        33.532934   0.111647    0.035135    0.019692    0.000000    0.000043    0.056776    0.192169    3.825976    9.519234   
Model converged at step 1000, Start step = 601; Threshold = 0.157381, 
[36mINFO[0m 08/07 22:24:41 | 0.773219    0.798726    0.000000    0.964458    nan         nan         0.122630    nan         0.933985    nan         0.974359    nan         0.985030    nan         0.773219    nan         0.798726    nan         1600        38.323353   0.089890    0.025264    0.019513    0.000000    0.000043    0.045069    0.191965    3.830606    9.703647   
[36mINFO[0m 08/07 22:25:28 | 0.798346    0.785987    0.000000    0.959774    nan         nan         0.127210    nan         0.924205    nan         0.970085    nan         0.985030    nan         0.798346    nan         0.785987    nan         1800        43.113772   0.103001    0.026933    0.019361    0.000000    0.000044    0.056664    0.192065    3.915277    9.707004   
[36mINFO[0m 08/07 22:26:14 | 0.737913    0.731210    0.000000    0.963768    nan         nan         0.118944    nan         0.941320    nan         0.967949    nan         0.982036    nan         0.737913    nan         0.731210    nan         2000        47.904192   0.097720    0.025614    0.019254    0.000000    0.000044    0.052808    0.193004    3.845115    9.709445   
[36mINFO[0m 08/07 22:27:03 | 0.786578    0.788535    0.000000    0.953261    nan         nan         0.138517    nan         0.921760    nan         0.952991    nan         0.985030    nan         0.786578    nan         0.788535    nan         2200        52.694611   0.107019    0.028288    0.019162    0.000000    0.000044    0.059524    0.192940    3.776983    9.709445   
[36mINFO[0m 08/07 22:27:51 | 0.772901    0.779618    0.000000    0.964648    nan         nan         0.125546    nan         0.948655    nan         0.957265    nan         0.988024    nan         0.772901    nan         0.779618    nan         2400        57.485030   0.098181    0.024434    0.019090    0.000000    0.000044    0.054613    0.194309    3.854402    9.711215   
[36mINFO[0m 08/07 22:28:40 | 0.788804    0.797452    0.000000    0.966541    nan         nan         0.115487    nan         0.946210    nan         0.959402    nan         0.994012    nan         0.788804    nan         0.797452    nan         2600        62.275449   0.066443    0.015573    0.019019    0.000000    0.000045    0.031806    0.192181    3.816922    9.713718   
[36mINFO[0m 08/07 22:29:28 | 0.802163    0.798726    0.000000    0.957923    nan         nan         0.120521    nan         0.924205    nan         0.961538    nan         0.988024    nan         0.802163    nan         0.798726    nan         2800        67.065868   0.081321    0.019226    0.018959    0.000000    0.000045    0.043090    0.192269    3.743840    9.713718   
[36mINFO[0m 08/07 22:30:15 | 0.781170    0.789809    0.000000    0.967064    nan         nan         0.114598    nan         0.931540    nan         0.978632    nan         0.991018    nan         0.781170    nan         0.789809    nan         3000        71.856287   0.066220    0.014578    0.018914    0.000000    0.000045    0.032683    0.192992    3.798712    9.715793   
[36mINFO[0m 08/07 22:31:04 | 0.778626    0.778344    0.000000    0.967349    nan         nan         0.108088    nan         0.931540    nan         0.976496    nan         0.994012    nan         0.778626    nan         0.778344    nan         3200        76.646707   0.037927    0.005736    0.018867    0.000000    0.000045    0.013279    0.192557    3.701387    9.715793   
[36mINFO[0m 08/07 22:31:52 | 0.745547    0.757962    0.000000    0.960794    nan         nan         0.150649    nan         0.931540    nan         0.965812    nan         0.985030    nan         0.745547    nan         0.757962    nan         3400        81.437126   0.058665    0.012644    0.018834    0.000000    0.000045    0.027142    0.190767    3.670691    9.715793   
[36mINFO[0m 08/07 22:32:39 | 0.772265    0.768153    0.000000    0.956418    nan         nan         0.149987    nan         0.929095    nan         0.955128    nan         0.985030    nan         0.772265    nan         0.768153    nan         3600        86.227545   0.086834    0.019169    0.018789    0.000000    0.000046    0.048829    0.190409    3.688756    9.715793   
[36mINFO[0m 08/07 22:33:27 | 0.768130    0.752866    0.000000    0.960779    nan         nan         0.138025    nan         0.941320    nan         0.952991    nan         0.988024    nan         0.768130    nan         0.752866    nan         3800        91.017964   0.095082    0.020766    0.018760    0.000000    0.000046    0.055510    0.193884    3.788377    9.715793   
[36mINFO[0m 08/07 22:34:15 | 0.668575    0.700637    0.000000    0.948328    nan         nan         0.165078    nan         0.909535    nan         0.959402    nan         0.976048    nan         0.668575    nan         0.700637    nan         4000        95.808383   0.056041    0.011244    0.018727    0.000000    0.000046    0.026023    0.193585    3.666099    9.715793   
[36mINFO[0m 08/07 22:35:04 | 0.797710    0.806369    0.000000    0.966865    nan         nan         0.100750    nan         0.943765    nan         0.965812    nan         0.991018    nan         0.797710    nan         0.806369    nan         4200        100.598802  0.081581    0.018096    0.018699    0.000000    0.000046    0.044740    0.193828    3.681869    9.715793   
[36mINFO[0m 08/07 22:35:52 | 0.825382    0.811465    0.000000    0.957085    nan         nan         0.144615    nan         0.914425    nan         0.965812    nan         0.991018    nan         0.825382    nan         0.811465    nan         4400        105.389222  0.055263    0.010461    0.018663    0.000000    0.000046    0.026092    0.192041    3.719667    9.715793   
[36mINFO[0m 08/07 22:36:40 | 0.766858    0.789809    0.000000    0.961853    nan         nan         0.126057    nan         0.936430    nan         0.970085    nan         0.979042    nan         0.766858    nan         0.789809    nan         4600        110.179641  0.070952    0.014967    0.018625    0.000000    0.000047    0.037314    0.192921    3.735810    9.715793   
[36mINFO[0m 08/07 22:37:28 | 0.712786    0.717197    0.000000    0.947844    nan         nan         0.187920    nan         0.921760    nan         0.948718    nan         0.973054    nan         0.712786    nan         0.717197    nan         4800        114.970060  0.059727    0.011751    0.018584    0.000000    0.000047    0.029346    0.193361    3.707515    9.715793   
[36mINFO[0m 08/07 22:38:16 | 0.804389    0.811465    0.000000    0.964436    nan         nan         0.127536    nan         0.926650    nan         0.978632    nan         0.988024    nan         0.804389    nan         0.811465    nan         5000        119.760479  0.055226    0.010506    0.018555    0.000000    0.000047    0.026118    0.193206    3.773378    9.715793   
[36mINFO[0m 08/07 22:38:19 | ---
[33mWARNING[0m 08/07 22:38:26 | Evaluate SWAD ...
[36mINFO[0m 08/07 22:38:30 | 0.812977    0.815287    0.000000    0.979898    nan         nan         0.075205    nan         0.965770    nan         0.982906    nan         0.991018    nan         0.812977    nan         0.815287    nan         [601-5000]  (N=23)
[36mINFO[0m 08/07 22:38:30 | oracle = 82.538%
[36mINFO[0m 08/07 22:38:30 | iid = 77.863%
[36mINFO[0m 08/07 22:38:30 | last = 80.439%
[36mINFO[0m 08/07 22:38:30 | last (inD) = 96.444%
[36mINFO[0m 08/07 22:38:30 | iid (inD) = 96.735%
[36mINFO[0m 08/07 22:38:30 | SWAD = 81.298%
[36mINFO[0m 08/07 22:38:30 | SWAD (inD) = 97.990%
[36mINFO[0m 08/07 22:38:31 | === Summary ===
[36mINFO[0m 08/07 22:38:31 | Command: /home/s21_yhr/lzh/new/DomainBed-new/train_all.py PACS_iDAG_SWAD_seed3 --dataset PACS --data_dir /home/s21_yhr/lzh/new/DomainBed-new/dataset --algorithm iDAG --steps 5000 --checkpoint_freq 200 --batch_size 32 --optimizer adam --lr 5e-5 --weight_decay 0 --resnet_dropout 0 --resnet18 False --pretrained True --freeze_bn True --swad LossValley --seed 3 --trial_seed 3 --deterministic --cache disk --prebuild_loader --image_size 224 --out_dim 256 --hidden_size 256 --num_hidden_layers 0 --dag_anneal_steps 200 --temperature 0.07 --ema_ratio 0.99 --lambda1 0.01 --lambda2 0.01 --rho 1.0 --alpha 1.0 --rho_max 100.0 --weight_mu 1.0 --weight_nu 1.0
[36mINFO[0m 08/07 22:38:31 | Unique name: 260807_21-12-26_PACS_iDAG_SWAD_seed3
[36mINFO[0m 08/07 22:38:31 | Out path: train_output/PACS/260807_21-12-26_PACS_iDAG_SWAD_seed3
[36mINFO[0m 08/07 22:38:31 | Algorithm: iDAG
[36mINFO[0m 08/07 22:38:31 | Dataset: PACS
+------------+--------------+---------+---------+---------+---------+
| Selection  | art_painting | cartoon |  photo  |  sketch |   Avg.  |
+------------+--------------+---------+---------+---------+---------+
|   oracle   |   86.211%    | 83.742% | 95.359% | 82.538% | 86.963% |
|    iid     |   84.259%    | 77.345% | 91.317% | 77.863% | 82.696% |
|    last    |   84.808%    | 79.424% | 91.991% | 80.439% | 84.166% |
| last (inD) |   96.707%    | 94.929% | 93.694% | 96.444% | 95.443% |
| iid (inD)  |   97.501%    | 96.286% | 95.426% | 96.735% | 96.487% |
|    SWAD    |   89.140%    | 82.303% | 96.931% | 81.298% | 87.418% |
| SWAD (inD) |   97.984%    | 97.032% | 97.002% | 97.990% | 97.502% |
+------------+--------------+---------+---------+---------+---------+
================================================================================
Starting iDAG_SWAD, seed=4, physical GPU=2
/home/s21_yhr/miniconda3/envs/GGA/bin/python /home/s21_yhr/lzh/new/DomainBed-new/train_all.py PACS_iDAG_SWAD_seed4 --dataset PACS --data_dir /home/s21_yhr/lzh/new/DomainBed-new/dataset --algorithm iDAG --steps 5000 --checkpoint_freq 200 --batch_size 32 --optimizer adam --lr 5e-5 --weight_decay 0 --resnet_dropout 0 --resnet18 False --pretrained True --freeze_bn True --swad LossValley --seed 4 --trial_seed 4 --deterministic --cache disk --prebuild_loader --image_size 224 --out_dim 256 --hidden_size 256 --num_hidden_layers 0 --dag_anneal_steps 200 --temperature 0.07 --ema_ratio 0.99 --lambda1 0.01 --lambda2 0.01 --rho 1.0 --alpha 1.0 --rho_max 100.0 --weight_mu 1.0 --weight_nu 1.0
================================================================================
[36mINFO[0m 08/07 22:38:37 | Command :: /home/s21_yhr/lzh/new/DomainBed-new/train_all.py PACS_iDAG_SWAD_seed4 --dataset PACS --data_dir /home/s21_yhr/lzh/new/DomainBed-new/dataset --algorithm iDAG --steps 5000 --checkpoint_freq 200 --batch_size 32 --optimizer adam --lr 5e-5 --weight_decay 0 --resnet_dropout 0 --resnet18 False --pretrained True --freeze_bn True --swad LossValley --seed 4 --trial_seed 4 --deterministic --cache disk --prebuild_loader --image_size 224 --out_dim 256 --hidden_size 256 --num_hidden_layers 0 --dag_anneal_steps 200 --temperature 0.07 --ema_ratio 0.99 --lambda1 0.01 --lambda2 0.01 --rho 1.0 --alpha 1.0 --rho_max 100.0 --weight_mu 1.0 --weight_nu 1.0
Environment:
	Python: 3.11.15
	PyTorch: 2.11.0+cu128
	Torchvision: 0.26.0+cu128
	CUDA: 12.8
	CUDNN: 91900
	NumPy: 1.26.4
	PIL: 12.2.0
Args:
	algorithm: iDAG
	batch_size: 32
	cache: disk
	cache_root: cache
	cache_size: None
	checkpoint_freq: 200
	configs: []
	data_dir: /home/s21_yhr/lzh/new/DomainBed-new/dataset
	dataset: PACS
	debug: False
	deterministic: True
	end_step: 200
	evalmode: fast
	extra_search: n
	extra_search_end: None
	extra_search_start: None
	gga_l_gamma: 0.001
	grad_fn: sum
	holdout_fraction: 0.2
	model_save: None
	name: PACS_iDAG_SWAD_seed4
	neighborhoodSize: 1e-06
	out_dir: train_output/PACS/260807_22-38-37_PACS_iDAG_SWAD_seed4
	out_root: train_output/PACS
	prebuild_loader: True
	q_steps: 2000
	quant: 0
	resize_mode: stretch
	saliency: False
	saliency_cmap: jet
	saliency_every: 0
	saliency_noise: 0.15
	saliency_num: 16
	saliency_samples: 25
	saliency_split: test_in
	seed: 4
	show: False
	start_step: 100
	steps: 5000
	tb_freq: 10
	test_envs: None
	train_output: train_output
	trial_seed: 4
	unique_name: 260807_22-38-37_PACS_iDAG_SWAD_seed4
	work_dir: .
HParams:
	data_augmentation: True
	val_augment: False
	[36mresnet18: False
	[0m[36mresnet_dropout: 0
	[0mclass_balanced: False
	[36moptimizer: adam
	[0m[36mfreeze_bn: True
	[0m[36mpretrained: True
	[0m[36mimage_size: 224
	[0m[36mlr: 5e-05
	[0mbatch_size: 32
	[36mweight_decay: 0
	[0m[36mhidden_size: 256
	[0m[36mout_dim: 256
	[0m[36mnum_hidden_layers: 0
	[0m[36mdag_anneal_steps: 200
	[0m[36mtemperature: 0.07
	[0m[36mema_ratio: 0.99
	[0m[36mlambda1: 0.01
	[0m[36mlambda2: 0.01
	[0m[36mrho_max: 100.0
	[0m[36mrho: 1.0
	[0m[36malpha: 1.0
	[0m[36mweight_nu: 1.0
	[0m[36mweight_mu: 1.0
	[0m[36mswad: LossValley
	[0mswad_kwargs: 
	  n_converge: 3
	  n_tolerance: 6
	  tolerance_ratio: 0.3
	test_batchsize: 128
	indomain_test: False
	grad_fn: sum
	extra_search: n
	logdir: train_output/PACS/260807_22-38-37_PACS_iDAG_SWAD_seed4
	neighborhoodSize: 1e-06
	start_step: 100
	end_step: 200
	extra_search_start: None
	extra_search_end: None
	gga_l_gamma: 0.001
Dataset:
	[PACS] #envs=4, #classes=7
	env0: art_painting (#2048)
	env1: cartoon (#2344)
	env2: photo (#1670)
	env3: sketch (#3929)

[36mINFO[0m 08/07 22:38:37 | n_steps = 5000
[36mINFO[0m 08/07 22:38:37 | checkpoint_freq = 200
[36mINFO[0m 08/07 22:38:37 | n_steps is updated to 5000 => 5001 for checkpointing
[36mINFO[0m 08/07 22:38:37 | Target test envs = [[0], [1], [2], [3]]
[36mINFO[0m 08/07 22:38:37 | 
[36mINFO[0m 08/07 22:38:37 | Testenv name escaping te_art_painting -> te_art_painting
[36mINFO[0m 08/07 22:38:37 | Test envs = [0], name = te_art_painting
[36mINFO[0m 08/07 22:38:37 | Batch sizes for each domain: [0, 32, 32, 32] (total=96)
[36mINFO[0m 08/07 22:38:37 | steps-per-epoch for each domain: 58.62, 41.75, 98.25 -> min = 41.75
/home/s21_yhr/miniconda3/envs/GGA/lib/python3.11/site-packages/torchvision/models/_utils.py:208: UserWarning: The parameter 'pretrained' is deprecated since 0.13 and may be removed in the future, please use 'weights' instead.
  warnings.warn(
/home/s21_yhr/miniconda3/envs/GGA/lib/python3.11/site-packages/torchvision/models/_utils.py:223: UserWarning: Arguments other than a weight enum or `None` for 'weights' are deprecated since 0.13 and may be removed in the future. The current behavior is equivalent to passing `weights=ResNet50_Weights.IMAGENET1K_V1`. You can also use `weights=ResNet50_Weights.DEFAULT` to get the most up-to-date weights.
  warnings.warn(msg)
[36mINFO[0m 08/07 22:38:40 | # of params = 24234576
/home/s21_yhr/lzh/new/DomainBed-new/domainbed/algorithms/algorithms.py:161: UserWarning: The use of `x.T` on tensors of dimension other than 2 to reverse their shape is deprecated and it will throw an error in a future release. Consider `x.mT` to transpose batches of matrices or `x.permute(*torch.arange(x.ndim - 1, -1, -1))` to reverse the dimensions of a tensor. (Triggered internally at /pytorch/aten/src/ATen/native/TensorShape.cpp:4480.)
  mask_neg = torch.not_equal(labels, labels.T)
[36mINFO[0m 08/07 22:38:44 | test_in     test_out    train_in    train_out   test_in_au  test_out_a  train_out_  tr_outloss  env0_in     env0_in_au  env0_out    env0_out_a  env1_out    env1_out_a  env2_out    env2_out_a  env3_out    env3_out_a  step        epoch       loss        inv_ce      l2          penalty     l1          cl          step_time   eval_time   mem_gb     
[36mINFO[0m 08/07 22:38:44 | 0.226968    0.217604    0.000000    0.163656    nan         nan         nan         1.938521    0.226968    nan         0.217604    nan         0.190171    nan         0.257485    nan         0.043312    nan         0           0.000000    2.159038    1.931475    0.029589    0.000000    0.000039    0.851729    1.126893    2.889237    8.038535   
[36mINFO[0m 08/07 22:39:27 | 0.818792    0.850856    0.000000    0.936663    nan         nan         nan         0.470635    0.818792    nan         0.850856    nan         0.925214    nan         0.979042    nan         0.905732    nan         200         4.790419    1.398748    1.066740    0.029615    0.000000    0.000039    0.652029    0.184147    2.695423    8.428967   
[36mINFO[0m 08/07 22:40:14 | 0.826113    0.863081    0.000000    0.953113    nan         nan         nan         0.197007    0.826113    nan         0.863081    nan         0.940171    nan         0.979042    nan         0.940127    nan         400         9.580838    0.520506    0.266382    0.021384    0.000000    0.000042    0.232698    0.194312    2.716175    8.615833   
[36mINFO[0m 08/07 22:41:00 | 0.680903    0.728606    0.000000    0.935481    nan         nan         nan         0.210753    0.680903    nan         0.728606    nan         0.918803    nan         0.964072    nan         0.923567    nan         600         14.371257   0.302225    0.123641    0.021178    0.000000    0.000042    0.157365    0.193574    2.776117    8.799016   
[36mINFO[0m 08/07 22:41:45 | 0.777913    0.809291    0.000000    0.966465    nan         nan         nan         0.115984    0.777913    nan         0.809291    nan         0.955128    nan         0.985030    nan         0.959236    nan         800         19.161677   0.234407    0.087237    0.020877    0.000000    0.000042    0.126251    0.192907    2.711905    8.980489   
[36mINFO[0m 08/07 22:42:30 | 0.833435    0.831296    0.000000    0.959777    nan         nan         nan         0.129262    0.833435    nan         0.831296    nan         0.931624    nan         0.991018    nan         0.956688    nan         1000        23.952096   0.147051    0.052443    0.020530    0.000000    0.000043    0.074036    0.191530    2.769435    9.164160   
[36mINFO[0m 08/07 22:43:17 | 0.798658    0.836186    0.000000    0.970012    nan         nan         nan         0.098780    0.798658    nan         0.836186    nan         0.959402    nan         0.985030    nan         0.965605    nan         1200        28.742515   0.131707    0.043635    0.020206    0.000000    0.000043    0.067823    0.195246    2.718538    9.344047   
[36mINFO[0m 08/07 22:44:02 | 0.814521    0.843521    0.000000    0.962619    nan         nan         nan         0.115634    0.814521    nan         0.843521    nan         0.950855    nan         0.979042    nan         0.957962    nan         1400        33.532934   0.102150    0.032122    0.019926    0.000000    0.000043    0.050059    0.192468    2.722621    9.526131   
[36mINFO[0m 08/07 22:44:48 | 0.801098    0.850856    0.000000    0.958342    nan         nan         nan         0.127558    0.801098    nan         0.850856    nan         0.952991    nan         0.964072    nan         0.957962    nan         1600        38.323353   0.126804    0.038260    0.019711    0.000000    0.000043    0.068789    0.193319    2.782497    9.527911   
Model converged at step 1200, Start step = 801; Threshold = 0.148188, 
[36mINFO[0m 08/07 22:45:36 | 0.826113    0.853301    0.000000    0.964766    nan         nan         nan         0.109091    0.826113    nan         0.853301    nan         0.955128    nan         0.985030    nan         0.954140    nan         1800        43.113772   0.097984    0.027986    0.019534    0.000000    0.000044    0.050420    0.191777    2.755836    9.706333   
[36mINFO[0m 08/07 22:46:21 | 0.796217    0.811736    0.000000    0.941861    nan         nan         nan         0.179995    0.796217    nan         0.811736    nan         0.944444    nan         0.946108    nan         0.935032    nan         2000        47.904192   0.079718    0.022083    0.019386    0.000000    0.000044    0.038205    0.193335    2.696895    9.706333   
[36mINFO[0m 08/07 22:47:07 | 0.765101    0.792176    0.000000    0.964328    nan         nan         nan         0.120845    0.765101    nan         0.792176    nan         0.948718    nan         0.985030    nan         0.959236    nan         2200        52.694611   0.087624    0.024212    0.019274    0.000000    0.000044    0.044095    0.192773    2.728080    9.710361   
[36mINFO[0m 08/07 22:47:53 | 0.763270    0.801956    0.000000    0.950321    nan         nan         nan         0.155578    0.763270    nan         0.801956    nan         0.961538    nan         0.976048    nan         0.913376    nan         2400        57.485030   0.097313    0.026683    0.019183    0.000000    0.000044    0.051403    0.191684    2.723657    9.710361   
[36mINFO[0m 08/07 22:48:40 | 0.816962    0.826406    0.000000    0.961933    nan         nan         nan         0.114710    0.816962    nan         0.826406    nan         0.957265    nan         0.982036    nan         0.946497    nan         2600        62.275449   0.066718    0.017156    0.019113    0.000000    0.000044    0.030404    0.192579    2.834952    9.710483   
[36mINFO[0m 08/07 22:49:28 | 0.804759    0.841076    0.000000    0.958939    nan         nan         nan         0.116989    0.804759    nan         0.841076    nan         0.957265    nan         0.973054    nan         0.946497    nan         2800        67.065868   0.064092    0.015416    0.019045    0.000000    0.000045    0.029586    0.193641    2.776574    9.710483   
[36mINFO[0m 08/07 22:50:15 | 0.807200    0.828851    0.000000    0.955827    nan         nan         nan         0.165112    0.807200    nan         0.828851    nan         0.955128    nan         0.976048    nan         0.936306    nan         3000        71.856287   0.084679    0.022591    0.018994    0.000000    0.000045    0.043050    0.193382    2.681743    9.712131   
[36mINFO[0m 08/07 22:51:02 | 0.724832    0.731051    0.000000    0.954497    nan         nan         nan         0.146153    0.724832    nan         0.731051    nan         0.948718    nan         0.958084    nan         0.956688    nan         3200        76.646707   0.071833    0.017650    0.018935    0.000000    0.000045    0.035203    0.192710    2.698520    9.712131   
[36mINFO[0m 08/07 22:51:50 | 0.787065    0.804401    0.000000    0.938915    nan         nan         nan         0.196630    0.787065    nan         0.804401    nan         0.929487    nan         0.970060    nan         0.917197    nan         3400        81.437126   0.059570    0.013548    0.018907    0.000000    0.000045    0.027070    0.194151    2.723405    9.715122   
[36mINFO[0m 08/07 22:52:38 | 0.722392    0.745721    0.000000    0.961207    nan         nan         nan         0.143080    0.722392    nan         0.745721    nan         0.948718    nan         0.982036    nan         0.952866    nan         3600        86.227545   0.072094    0.017367    0.018852    0.000000    0.000045    0.035830    0.195561    2.732275    9.720432   
[36mINFO[0m 08/07 22:53:25 | 0.774863    0.809291    0.000000    0.963891    nan         nan         nan         0.136260    0.774863    nan         0.809291    nan         0.946581    nan         0.982036    nan         0.963057    nan         3800        91.017964   0.091000    0.023128    0.018817    0.000000    0.000045    0.049009    0.195319    2.773457    9.720432   
[36mINFO[0m 08/07 22:54:13 | 0.827944    0.843521    0.000000    0.960095    nan         nan         nan         0.133228    0.827944    nan         0.843521    nan         0.955128    nan         0.985030    nan         0.940127    nan         4000        95.808383   0.065613    0.015152    0.018780    0.000000    0.000046    0.031635    0.194969    2.707323    9.720432   
[36mINFO[0m 08/07 22:55:00 | 0.841367    0.845966    0.000000    0.965343    nan         nan         nan         0.118779    0.841367    nan         0.845966    nan         0.963675    nan         0.982036    nan         0.950318    nan         4200        100.598802  0.057081    0.012698    0.018732    0.000000    0.000046    0.025605    0.194804    2.615469    9.720432   
[36mINFO[0m 08/07 22:55:48 | 0.762660    0.831296    0.000000    0.962476    nan         nan         nan         0.135860    0.762660    nan         0.831296    nan         0.963675    nan         0.967066    nan         0.956688    nan         4400        105.389222  0.049662    0.009860    0.018698    0.000000    0.000046    0.021058    0.194143    2.723305    9.720432   
[36mINFO[0m 08/07 22:56:34 | 0.758999    0.762836    0.000000    0.964754    nan         nan         nan         0.130178    0.758999    nan         0.762836    nan         0.952991    nan         0.982036    nan         0.959236    nan         4600        110.179641  0.057925    0.012545    0.018651    0.000000    0.000046    0.026683    0.194532    2.698463    9.720432   
[36mINFO[0m 08/07 22:57:22 | 0.769372    0.775061    0.000000    0.968026    nan         nan         nan         0.106721    0.769372    nan         0.775061    nan         0.957265    nan         0.985030    nan         0.961783    nan         4800        114.970060  0.059526    0.013150    0.018613    0.000000    0.000046    0.027717    0.196930    2.724452    9.720432   
[36mINFO[0m 08/07 22:58:09 | 0.777913    0.821516    0.000000    0.967333    nan         nan         nan         0.109720    0.777913    nan         0.821516    nan         0.974359    nan         0.976048    nan         0.951592    nan         5000        119.760479  0.062896    0.013540    0.018579    0.000000    0.000046    0.030731    0.193905    2.801323    9.720432   
[36mINFO[0m 08/07 22:58:11 | ---
[33mWARNING[0m 08/07 22:58:16 | Evaluate SWAD ...
[36mINFO[0m 08/07 22:58:18 | 0.850519    0.880196    0.000000    0.982526    nan         nan         nan         0.071245    0.850519    nan         0.880196    nan         0.976496    nan         0.994012    nan         0.977070    nan         [801-5000]  (N=22)
[36mINFO[0m 08/07 22:58:18 | oracle = 82.611%
[36mINFO[0m 08/07 22:58:18 | iid = 79.866%
[36mINFO[0m 08/07 22:58:18 | last = 77.791%
[36mINFO[0m 08/07 22:58:18 | last (inD) = 96.733%
[36mINFO[0m 08/07 22:58:18 | iid (inD) = 97.001%
[36mINFO[0m 08/07 22:58:18 | SWAD = 85.052%
[36mINFO[0m 08/07 22:58:18 | SWAD (inD) = 98.253%
[36mINFO[0m 08/07 22:58:19 | 
[36mINFO[0m 08/07 22:58:19 | Testenv name escaping te_cartoon -> te_cartoon
[36mINFO[0m 08/07 22:58:19 | Test envs = [1], name = te_cartoon
[36mINFO[0m 08/07 22:58:19 | Batch sizes for each domain: [32, 0, 32, 32] (total=96)
[36mINFO[0m 08/07 22:58:19 | steps-per-epoch for each domain: 51.22, 41.75, 98.25 -> min = 41.75
[36mINFO[0m 08/07 22:58:23 | # of params = 24234576
[36mINFO[0m 08/07 22:58:26 | test_in     test_out    train_in    train_out   test_in_au  train_out_  tr_outloss  test_out_a  env0_out    env0_out_a  env1_in     env1_in_au  env1_out    env1_out_a  env2_out    env2_out_a  env3_out    env3_out_a  step        epoch       loss        inv_ce      l2          penalty     l1          cl          step_time   eval_time   mem_gb     
[36mINFO[0m 08/07 22:58:26 | 0.138060    0.121795    0.000000    0.117905    nan         nan         1.945566    nan         0.151589    nan         0.138060    nan         0.121795    nan         0.176647    nan         0.025478    nan         0           0.000000    2.264902    1.947283    0.029357    0.000000    0.000039    0.984524    0.201600    2.930112    8.038107   
[36mINFO[0m 08/07 22:59:11 | 0.686567    0.651709    0.000000    0.935155    nan         nan         0.451809    nan         0.916870    nan         0.686567    nan         0.651709    nan         0.979042    nan         0.909554    nan         200         4.790419    1.481395    1.099100    0.029544    0.000000    0.000039    0.729653    0.185320    2.888908    8.426647   
[36mINFO[0m 08/07 22:59:56 | 0.615139    0.572650    0.000000    0.941318    nan         nan         0.266021    nan         0.911980    nan         0.615139    nan         0.572650    nan         0.982036    nan         0.929936    nan         400         9.580838    0.592656    0.293526    0.021441    0.000000    0.000042    0.277647    0.192568    2.896810    8.610950   
[36mINFO[0m 08/07 23:00:42 | 0.753198    0.758547    0.000000    0.960417    nan         nan         0.152077    nan         0.953545    nan         0.753198    nan         0.758547    nan         0.985030    nan         0.942675    nan         600         14.371257   0.348935    0.143650    0.021261    0.000000    0.000042    0.183982    0.192463    2.732434    8.793461   
[36mINFO[0m 08/07 23:01:28 | 0.691365    0.673077    0.000000    0.947083    nan         nan         0.171493    nan         0.953545    nan         0.691365    nan         0.673077    nan         0.973054    nan         0.914650    nan         800         19.161677   0.238091    0.086583    0.020977    0.000000    0.000042    0.130489    0.193383    2.920743    8.974813   
[36mINFO[0m 08/07 23:02:14 | 0.713220    0.660256    0.000000    0.929464    nan         nan         0.208495    nan         0.929095    nan         0.713220    nan         0.660256    nan         0.979042    nan         0.880255    nan         1000        23.952096   0.188118    0.064232    0.020670    0.000000    0.000043    0.103173    0.194886    2.894342    9.158728   
Model converged at step 600, Start step = -1; Threshold = 0.230561, 
[36mINFO[0m 08/07 23:03:01 | 0.762260    0.764957    0.000000    0.968221    nan         nan         0.106296    nan         0.963325    nan         0.762260    nan         0.764957    nan         0.991018    nan         0.950318    nan         1200        28.742515   0.148443    0.048120    0.020372    0.000000    0.000043    0.079908    0.193513    2.882182    9.518685   
[36mINFO[0m 08/07 23:03:47 | 0.769723    0.760684    0.000000    0.962437    nan         nan         0.115394    nan         0.960880    nan         0.769723    nan         0.760684    nan         0.985030    nan         0.941401    nan         1400        33.532934   0.119866    0.036508    0.020118    0.000000    0.000043    0.063197    0.192332    2.897493    9.700952   
[36mINFO[0m 08/07 23:04:32 | 0.762260    0.747863    0.000000    0.953426    nan         nan         0.144350    nan         0.926650    nan         0.762260    nan         0.747863    nan         0.982036    nan         0.951592    nan         1600        38.323353   0.144001    0.042579    0.019895    0.000000    0.000043    0.081484    0.191983    2.742326    9.705234   
[36mINFO[0m 08/07 23:05:18 | 0.753731    0.702991    0.000000    0.956734    nan         nan         0.137948    nan         0.963325    nan         0.753731    nan         0.702991    nan         0.982036    nan         0.924841    nan         1800        43.113772   0.131911    0.037723    0.019712    0.000000    0.000044    0.074432    0.191814    2.873938    9.705234   
[36mINFO[0m 08/07 23:06:05 | 0.781983    0.767094    0.000000    0.971573    nan         nan         0.091708    nan         0.975550    nan         0.781983    nan         0.767094    nan         0.985030    nan         0.954140    nan         2000        47.904192   0.110629    0.030652    0.019561    0.000000    0.000044    0.060373    0.190335    2.784988    9.705234   
[36mINFO[0m 08/07 23:06:51 | 0.802772    0.784188    0.000000    0.967108    nan         nan         0.110643    nan         0.960880    nan         0.802772    nan         0.784188    nan         0.985030    nan         0.955414    nan         2200        52.694611   0.064430    0.016302    0.019435    0.000000    0.000044    0.028649    0.189157    2.791831    9.705234   
[36mINFO[0m 08/07 23:07:37 | 0.759595    0.762821    0.000000    0.966855    nan         nan         0.107517    nan         0.948655    nan         0.759595    nan         0.762821    nan         0.985030    nan         0.966879    nan         2400        57.485030   0.095290    0.024824    0.019339    0.000000    0.000044    0.051083    0.188558    2.768641    9.705234   
[36mINFO[0m 08/07 23:08:24 | 0.745736    0.726496    0.000000    0.955793    nan         nan         0.143831    nan         0.948655    nan         0.745736    nan         0.726496    nan         0.976048    nan         0.942675    nan         2600        62.275449   0.081263    0.020939    0.019248    0.000000    0.000044    0.041031    0.188767    2.848343    9.705234   
[36mINFO[0m 08/07 23:09:10 | 0.771855    0.758547    0.000000    0.961612    nan         nan         0.130055    nan         0.968215    nan         0.771855    nan         0.758547    nan         0.979042    nan         0.937580    nan         2800        67.065868   0.068826    0.015941    0.019184    0.000000    0.000044    0.033657    0.187199    2.750380    9.705539   
[36mINFO[0m 08/07 23:09:56 | 0.784115    0.782051    0.000000    0.954715    nan         nan         0.161726    nan         0.943765    nan         0.784115    nan         0.782051    nan         0.970060    nan         0.950318    nan         3000        71.856287   0.111388    0.027477    0.019112    0.000000    0.000045    0.064755    0.189836    2.833471    9.705539   
[36mINFO[0m 08/07 23:10:42 | 0.726546    0.702991    0.000000    0.966776    nan         nan         0.112764    nan         0.963325    nan         0.726546    nan         0.702991    nan         0.979042    nan         0.957962    nan         3200        76.646707   0.091863    0.022956    0.019061    0.000000    0.000045    0.049801    0.191592    2.799904    9.705539   
[36mINFO[0m 08/07 23:11:29 | 0.771322    0.773504    0.000000    0.971400    nan         nan         0.096718    nan         0.968215    nan         0.771322    nan         0.773504    nan         0.988024    nan         0.957962    nan         3400        81.437126   0.057789    0.012685    0.019015    0.000000    0.000045    0.026044    0.190946    2.711267    9.705600   
[36mINFO[0m 08/07 23:12:15 | 0.799041    0.775641    0.000000    0.965134    nan         nan         0.130461    nan         0.960880    nan         0.799041    nan         0.775641    nan         0.988024    nan         0.946497    nan         3600        86.227545   0.058386    0.012877    0.018977    0.000000    0.000045    0.026486    0.188183    2.824692    9.706089   
[36mINFO[0m 08/07 23:13:02 | 0.800107    0.818376    0.000000    0.962150    nan         nan         0.131838    nan         0.951100    nan         0.800107    nan         0.818376    nan         0.985030    nan         0.950318    nan         3800        91.017964   0.085903    0.020190    0.018944    0.000000    0.000045    0.046724    0.188394    2.730261    9.709629   
[36mINFO[0m 08/07 23:13:48 | 0.773454    0.771368    0.000000    0.953980    nan         nan         0.169008    nan         0.946210    nan         0.773454    nan         0.771368    nan         0.973054    nan         0.942675    nan         4000        95.808383   0.061243    0.013884    0.018908    0.000000    0.000046    0.028406    0.189468    2.854877    9.709629   
[36mINFO[0m 08/07 23:14:34 | 0.816098    0.811966    0.000000    0.961955    nan         nan         0.135574    nan         0.943765    nan         0.816098    nan         0.811966    nan         0.979042    nan         0.963057    nan         4200        100.598802  0.068876    0.015561    0.018865    0.000000    0.000046    0.034404    0.189159    2.902705    9.709629   
[36mINFO[0m 08/07 23:15:21 | 0.751066    0.756410    0.000000    0.961942    nan         nan         0.136543    nan         0.946210    nan         0.751066    nan         0.756410    nan         0.988024    nan         0.951592    nan         4400        105.389222  0.078200    0.017588    0.018830    0.000000    0.000046    0.041737    0.191806    2.741837    9.709629   
[36mINFO[0m 08/07 23:16:08 | 0.806503    0.794872    0.000000    0.964722    nan         nan         0.124918    nan         0.958435    nan         0.806503    nan         0.794872    nan         0.979042    nan         0.956688    nan         4600        110.179641  0.061386    0.013158    0.018792    0.000000    0.000046    0.029389    0.194727    2.850299    9.709629   
[36mINFO[0m 08/07 23:16:55 | 0.801706    0.777778    0.000000    0.955195    nan         nan         0.166339    nan         0.941320    nan         0.801706    nan         0.777778    nan         0.979042    nan         0.945223    nan         4800        114.970060  0.097531    0.023376    0.018768    0.000000    0.000046    0.055341    0.191045    2.827650    9.709629   
[36mINFO[0m 08/07 23:17:42 | 0.767058    0.773504    0.000000    0.963343    nan         nan         0.139381    nan         0.946210    nan         0.767058    nan         0.773504    nan         0.982036    nan         0.961783    nan         5000        119.760479  0.068910    0.014852    0.018724    0.000000    0.000046    0.035289    0.191965    2.923536    9.709629   
[36mINFO[0m 08/07 23:17:44 | ---
[33mWARNING[0m 08/07 23:17:50 | Evaluate SWAD ...
[36mINFO[0m 08/07 23:17:53 | 0.847015    0.826923    0.000000    0.979939    nan         nan         0.074257    nan         0.975550    nan         0.847015    nan         0.826923    nan         0.991018    nan         0.973248    nan         [401-5000]  (N=23)
[36mINFO[0m 08/07 23:17:53 | oracle = 80.011%
[36mINFO[0m 08/07 23:17:53 | iid = 78.198%
[36mINFO[0m 08/07 23:17:53 | last = 76.706%
[36mINFO[0m 08/07 23:17:53 | last (inD) = 96.334%
[36mINFO[0m 08/07 23:17:53 | iid (inD) = 97.157%
[36mINFO[0m 08/07 23:17:53 | SWAD = 84.701%
[36mINFO[0m 08/07 23:17:53 | SWAD (inD) = 97.994%
[36mINFO[0m 08/07 23:17:54 | 
[36mINFO[0m 08/07 23:17:54 | Testenv name escaping te_photo -> te_photo
[36mINFO[0m 08/07 23:17:54 | Test envs = [2], name = te_photo
[36mINFO[0m 08/07 23:17:54 | Batch sizes for each domain: [32, 32, 0, 32] (total=96)
[36mINFO[0m 08/07 23:17:54 | steps-per-epoch for each domain: 51.22, 58.62, 98.25 -> min = 51.22
[36mINFO[0m 08/07 23:17:57 | # of params = 24234576
[36mINFO[0m 08/07 23:18:00 | test_in     test_out    train_in    train_out   test_in_au  train_out_  tr_outloss  test_out_a  env0_out    env0_out_a  env1_out    env1_out_a  env2_in     env2_in_au  env2_out    env2_out_a  env3_out    env3_out_a  step        epoch       loss        inv_ce      l2          penalty     l1          cl          step_time   eval_time   mem_gb     
[36mINFO[0m 08/07 23:18:00 | 0.169910    0.176647    0.000000    0.104922    nan         nan         1.948940    nan         0.176039    nan         0.113248    nan         0.169910    nan         0.176647    nan         0.025478    nan         0           0.000000    2.318300    1.944724    0.029490    0.000000    0.000039    1.220037    0.193089    2.582748    8.038107   
[36mINFO[0m 08/07 23:18:44 | 0.944611    0.922156    0.000000    0.910761    nan         nan         0.524499    nan         0.921760    nan         0.918803    nan         0.944611    nan         0.922156    nan         0.891720    nan         200         3.904820    1.593950    1.181697    0.029503    0.000000    0.000039    0.847238    0.184823    2.494344    8.426647   
[36mINFO[0m 08/07 23:19:29 | 0.962575    0.949102    0.000000    0.926404    nan         nan         0.289464    nan         0.955990    nan         0.912393    nan         0.962575    nan         0.949102    nan         0.910828    nan         400         7.809640    0.699624    0.363221    0.021287    0.000000    0.000042    0.315074    0.192191    2.507953    8.610950   
[36mINFO[0m 08/07 23:20:14 | 0.973802    0.964072    0.000000    0.948484    nan         nan         0.208642    nan         0.960880    nan         0.944444    nan         0.973802    nan         0.964072    nan         0.940127    nan         600         11.714460   0.409278    0.176112    0.021069    0.000000    0.000042    0.212055    0.191060    2.481191    8.793461   
[36mINFO[0m 08/07 23:20:59 | 0.973054    0.958084    0.000000    0.951312    nan         nan         0.150620    nan         0.953545    nan         0.961538    nan         0.973054    nan         0.958084    nan         0.938854    nan         800         15.619280   0.266588    0.107630    0.020750    0.000000    0.000042    0.138165    0.193778    2.535572    8.974813   
[36mINFO[0m 08/07 23:21:45 | 0.966317    0.964072    0.000000    0.946073    nan         nan         0.170238    nan         0.960880    nan         0.942308    nan         0.966317    nan         0.964072    nan         0.935032    nan         1000        19.524100   0.195000    0.071121    0.020393    0.000000    0.000043    0.103443    0.194030    2.481329    9.158728   
[36mINFO[0m 08/07 23:22:30 | 0.929641    0.940120    0.000000    0.933184    nan         nan         0.208317    nan         0.902200    nan         0.950855    nan         0.929641    nan         0.940120    nan         0.946497    nan         1200        23.428920   0.176863    0.061302    0.020056    0.000000    0.000043    0.095462    0.192600    2.524632    9.337883   
Model converged at step 800, Start step = 601; Threshold = 0.229309, 
[36mINFO[0m 08/07 23:23:17 | 0.945359    0.952096    0.000000    0.946936    nan         nan         0.179400    nan         0.931540    nan         0.955128    nan         0.945359    nan         0.952096    nan         0.954140    nan         1400        27.333740   0.160384    0.052647    0.019779    0.000000    0.000043    0.087915    0.193310    2.492848    9.699548   
[36mINFO[0m 08/07 23:24:02 | 0.952844    0.940120    0.000000    0.946512    nan         nan         0.168478    nan         0.951100    nan         0.950855    nan         0.952844    nan         0.940120    nan         0.937580    nan         1600        31.238560   0.124015    0.039994    0.019556    0.000000    0.000043    0.064422    0.192946    2.496660    9.701511   
[36mINFO[0m 08/07 23:24:47 | 0.970060    0.955090    0.000000    0.951059    nan         nan         0.162192    nan         0.960880    nan         0.957265    nan         0.970060    nan         0.955090    nan         0.935032    nan         1800        35.143380   0.130809    0.039856    0.019378    0.000000    0.000044    0.071532    0.193097    2.484926    9.704502   
[36mINFO[0m 08/07 23:25:34 | 0.966317    0.958084    0.000000    0.956887    nan         nan         0.137109    nan         0.958435    nan         0.952991    nan         0.966317    nan         0.958084    nan         0.959236    nan         2000        39.048200   0.099803    0.029546    0.019231    0.000000    0.000044    0.050982    0.192514    2.482171    9.704502   
[36mINFO[0m 08/07 23:26:21 | 0.949850    0.958084    0.000000    0.961538    nan         nan         0.126224    nan         0.970660    nan         0.957265    nan         0.949850    nan         0.958084    nan         0.956688    nan         2200        42.953020   0.112103    0.033583    0.019125    0.000000    0.000044    0.059351    0.192009    2.520161    9.704502   
[36mINFO[0m 08/07 23:27:08 | 0.950599    0.928144    0.000000    0.950922    nan         nan         0.155032    nan         0.941320    nan         0.963675    nan         0.950599    nan         0.928144    nan         0.947771    nan         2400        46.857840   0.124113    0.036070    0.019044    0.000000    0.000044    0.068955    0.194056    2.471931    9.708652   
[36mINFO[0m 08/07 23:27:55 | 0.952844    0.937126    0.000000    0.944662    nan         nan         0.174772    nan         0.941320    nan         0.948718    nan         0.952844    nan         0.937126    nan         0.943949    nan         2600        50.762660   0.090226    0.025210    0.018968    0.000000    0.000045    0.046003    0.193683    2.510222    9.709445   
[36mINFO[0m 08/07 23:28:41 | 0.965569    0.952096    0.000000    0.967256    nan         nan         0.112463    nan         0.968215    nan         0.967949    nan         0.965569    nan         0.952096    nan         0.965605    nan         2800        54.667480   0.074426    0.019409    0.018916    0.000000    0.000045    0.036056    0.192629    2.517782    9.712375   
[36mINFO[0m 08/07 23:29:29 | 0.969311    0.952096    0.000000    0.967715    nan         nan         0.106382    nan         0.975550    nan         0.965812    nan         0.969311    nan         0.952096    nan         0.961783    nan         3000        58.572300   0.076856    0.019334    0.018865    0.000000    0.000045    0.038612    0.194429    2.531993    9.712375   
[36mINFO[0m 08/07 23:30:17 | 0.962575    0.946108    0.000000    0.963777    nan         nan         0.124763    nan         0.963325    nan         0.963675    nan         0.962575    nan         0.946108    nan         0.964331    nan         3200        62.477120   0.089205    0.022915    0.018815    0.000000    0.000045    0.047429    0.194339    2.506647    9.713047   
[36mINFO[0m 08/07 23:31:04 | 0.966317    0.961078    0.000000    0.954292    nan         nan         0.143622    nan         0.951100    nan         0.948718    nan         0.966317    nan         0.961078    nan         0.963057    nan         3400        66.381940   0.074541    0.018452    0.018780    0.000000    0.000046    0.037263    0.193986    2.500374    9.713047   
[36mINFO[0m 08/07 23:31:51 | 0.952844    0.955090    0.000000    0.955840    nan         nan         0.135610    nan         0.970660    nan         0.940171    nan         0.952844    nan         0.955090    nan         0.956688    nan         3600        70.286760   0.088061    0.021960    0.018731    0.000000    0.000046    0.047324    0.193845    2.411152    9.713047   
[36mINFO[0m 08/07 23:32:38 | 0.943114    0.922156    0.000000    0.955730    nan         nan         0.168870    nan         0.951100    nan         0.959402    nan         0.943114    nan         0.922156    nan         0.956688    nan         3800        74.191580   0.071943    0.017314    0.018687    0.000000    0.000046    0.035896    0.193395    2.484642    9.713047   
[36mINFO[0m 08/07 23:33:25 | 0.962575    0.946108    0.000000    0.963592    nan         nan         0.125133    nan         0.965770    nan         0.959402    nan         0.962575    nan         0.946108    nan         0.965605    nan         4000        78.096400   0.070361    0.016806    0.018644    0.000000    0.000046    0.034865    0.197691    2.522866    9.713047   
[36mINFO[0m 08/07 23:34:13 | 0.927395    0.922156    0.000000    0.933897    nan         nan         0.255383    nan         0.946210    nan         0.910256    nan         0.927395    nan         0.922156    nan         0.945223    nan         4200        82.001220   0.077626    0.018662    0.018612    0.000000    0.000046    0.040306    0.194553    2.506517    9.713047   
[36mINFO[0m 08/07 23:35:00 | 0.952096    0.967066    0.000000    0.944957    nan         nan         0.189432    nan         0.948655    nan         0.935897    nan         0.952096    nan         0.967066    nan         0.950318    nan         4400        85.906040   0.070514    0.016285    0.018574    0.000000    0.000047    0.035608    0.194333    2.479899    9.713047   
[36mINFO[0m 08/07 23:35:47 | 0.955838    0.952096    0.000000    0.955073    nan         nan         0.168281    nan         0.965770    nan         0.946581    nan         0.955838    nan         0.952096    nan         0.952866    nan         4600        89.810860   0.061981    0.014139    0.018545    0.000000    0.000047    0.029251    0.194694    2.499447    9.713047   
[36mINFO[0m 08/07 23:36:35 | 0.967814    0.946108    0.000000    0.966222    nan         nan         0.123643    nan         0.970660    nan         0.963675    nan         0.967814    nan         0.946108    nan         0.964331    nan         4800        93.715680   0.058601    0.013113    0.018507    0.000000    0.000047    0.026934    0.195449    2.461294    9.713047   
[36mINFO[0m 08/07 23:37:22 | 0.941617    0.916168    0.000000    0.944498    nan         nan         0.210324    nan         0.941320    nan         0.938034    nan         0.941617    nan         0.916168    nan         0.954140    nan         5000        97.620500   0.074419    0.017677    0.018464    0.000000    0.000047    0.038231    0.193829    2.468375    9.713047   
[36mINFO[0m 08/07 23:37:24 | ---
[33mWARNING[0m 08/07 23:37:31 | Evaluate SWAD ...
[36mINFO[0m 08/07 23:37:34 | 0.976048    0.970060    0.000000    0.975660    nan         nan         0.099602    nan         0.975550    nan         0.974359    nan         0.976048    nan         0.970060    nan         0.977070    nan         [601-5000]  (N=23)
[36mINFO[0m 08/07 23:37:34 | oracle = 95.210%
[36mINFO[0m 08/07 23:37:34 | iid = 96.931%
[36mINFO[0m 08/07 23:37:34 | last = 94.162%
[36mINFO[0m 08/07 23:37:34 | last (inD) = 94.450%
[36mINFO[0m 08/07 23:37:34 | iid (inD) = 96.772%
[36mINFO[0m 08/07 23:37:34 | SWAD = 97.605%
[36mINFO[0m 08/07 23:37:34 | SWAD (inD) = 97.566%
[36mINFO[0m 08/07 23:37:35 | 
[36mINFO[0m 08/07 23:37:35 | Testenv name escaping te_sketch -> te_sketch
[36mINFO[0m 08/07 23:37:35 | Test envs = [3], name = te_sketch
[36mINFO[0m 08/07 23:37:35 | Batch sizes for each domain: [32, 32, 32, 0] (total=96)
[36mINFO[0m 08/07 23:37:35 | steps-per-epoch for each domain: 51.22, 58.62, 41.75 -> min = 41.75
[36mINFO[0m 08/07 23:37:39 | # of params = 24234576
[36mINFO[0m 08/07 23:37:43 | test_in     test_out    train_in    train_out   test_in_au  train_out_  tr_outloss  test_out_a  env0_out    env0_out_a  env1_out    env1_out_a  env2_out    env2_out_a  env3_in     env3_in_au  env3_out    env3_out_a  step        epoch       loss        inv_ce      l2          penalty     l1          cl          step_time   eval_time   mem_gb     
[36mINFO[0m 08/07 23:37:43 | 0.182252    0.211465    0.000000    0.152784    nan         nan         1.942024    nan         0.136919    nan         0.243590    nan         0.077844    nan         0.182252    nan         0.211465    nan         0           0.000000    2.215724    1.955402    0.029468    0.000000    0.000039    0.740845    0.188237    3.906047    8.038107   
[36mINFO[0m 08/07 23:38:28 | 0.728372    0.731210    0.000000    0.965653    nan         nan         0.476331    nan         0.965770    nan         0.940171    nan         0.991018    nan         0.728372    nan         0.731210    nan         200         4.790419    1.504488    1.108703    0.029426    0.000000    0.000039    0.655951    0.184950    3.839476    8.426647   
[36mINFO[0m 08/07 23:39:15 | 0.780852    0.768153    0.000000    0.960763    nan         nan         0.203965    nan         0.951100    nan         0.940171    nan         0.991018    nan         0.780852    nan         0.768153    nan         400         9.580838    0.588300    0.298435    0.021068    0.000000    0.000042    0.268755    0.193032    3.791435    8.610950   
[36mINFO[0m 08/07 23:40:02 | 0.791667    0.784713    0.000000    0.954798    nan         nan         0.168961    nan         0.958435    nan         0.935897    nan         0.970060    nan         0.791667    nan         0.784713    nan         600         14.371257   0.305916    0.125974    0.020903    0.000000    0.000042    0.158997    0.191945    3.842986    8.793461   
[36mINFO[0m 08/07 23:40:48 | 0.769402    0.754140    0.000000    0.963650    nan         nan         0.138016    nan         0.948655    nan         0.957265    nan         0.985030    nan         0.769402    nan         0.754140    nan         800         19.161677   0.205298    0.076064    0.020621    0.000000    0.000042    0.108571    0.192861    3.726490    8.974813   
[36mINFO[0m 08/07 23:41:35 | 0.765267    0.763057    0.000000    0.956086    nan         nan         0.153727    nan         0.958435    nan         0.918803    nan         0.991018    nan         0.765267    nan         0.763057    nan         1000        23.952096   0.148491    0.049197    0.020310    0.000000    0.000043    0.078941    0.192501    3.825584    9.158728   
[36mINFO[0m 08/07 23:42:21 | 0.714695    0.721019    0.000000    0.956912    nan         nan         0.144553    nan         0.951100    nan         0.946581    nan         0.973054    nan         0.714695    nan         0.721019    nan         1200        28.742515   0.140794    0.044226    0.020020    0.000000    0.000043    0.076505    0.190380    3.710145    9.337883   
Model converged at step 800, Start step = 601; Threshold = 0.189062, 
[36mINFO[0m 08/07 23:43:09 | 0.688295    0.699363    0.000000    0.940516    nan         nan         0.181853    nan         0.916870    nan         0.931624    nan         0.973054    nan         0.688295    nan         0.699363    nan         1400        33.532934   0.107199    0.030982    0.019771    0.000000    0.000043    0.056403    0.193097    3.696949    9.699548   
[36mINFO[0m 08/07 23:43:55 | 0.757952    0.728662    0.000000    0.964735    nan         nan         0.114128    nan         0.960880    nan         0.942308    nan         0.991018    nan         0.757952    nan         0.728662    nan         1600        38.323353   0.110389    0.032262    0.019573    0.000000    0.000043    0.058510    0.188697    3.659308    9.701511   
[36mINFO[0m 08/07 23:44:40 | 0.688613    0.639490    0.000000    0.918365    nan         nan         0.288914    nan         0.894866    nan         0.893162    nan         0.967066    nan         0.688613    nan         0.639490    nan         1800        43.113772   0.087387    0.023119    0.019413    0.000000    0.000044    0.044811    0.187804    3.685098    9.704502   
[36mINFO[0m 08/07 23:45:27 | 0.736959    0.722293    0.000000    0.970494    nan         nan         0.099810    nan         0.965770    nan         0.963675    nan         0.982036    nan         0.736959    nan         0.722293    nan         2000        47.904192   0.108509    0.028182    0.019270    0.000000    0.000044    0.061014    0.186781    3.614794    9.704502   
[36mINFO[0m 08/07 23:46:14 | 0.763041    0.740127    0.000000    0.957316    nan         nan         0.153174    nan         0.943765    nan         0.955128    nan         0.973054    nan         0.763041    nan         0.740127    nan         2200        52.694611   0.094988    0.024465    0.019165    0.000000    0.000044    0.051313    0.187850    3.642178    9.704502   
[36mINFO[0m 08/07 23:47:01 | 0.695293    0.666242    0.000000    0.945612    nan         nan         0.177281    nan         0.936430    nan         0.927350    nan         0.973054    nan         0.695293    nan         0.666242    nan         2400        57.485030   0.086354    0.021712    0.019091    0.000000    0.000044    0.045507    0.188048    3.660614    9.708652   
[36mINFO[0m 08/07 23:47:48 | 0.808842    0.802548    0.000000    0.962226    nan         nan         0.132730    nan         0.948655    nan         0.952991    nan         0.985030    nan         0.808842    nan         0.802548    nan         2600        62.275449   0.084852    0.020910    0.019012    0.000000    0.000045    0.044885    0.187229    3.702583    9.709445   
[36mINFO[0m 08/07 23:48:35 | 0.755725    0.770701    0.000000    0.957689    nan         nan         0.144906    nan         0.955990    nan         0.938034    nan         0.979042    nan         0.755725    nan         0.770701    nan         2800        67.065868   0.072936    0.016744    0.018944    0.000000    0.000045    0.037204    0.188158    3.682595    9.712375   
[36mINFO[0m 08/07 23:49:21 | 0.611641    0.626752    0.000000    0.943906    nan         nan         0.169224    nan         0.936430    nan         0.910256    nan         0.985030    nan         0.611641    nan         0.626752    nan         3000        71.856287   0.081866    0.017861    0.018890    0.000000    0.000045    0.045070    0.187570    3.581883    9.712375   
[36mINFO[0m 08/07 23:50:08 | 0.793257    0.756688    0.000000    0.957548    nan         nan         0.146937    nan         0.955990    nan         0.931624    nan         0.985030    nan         0.793257    nan         0.756688    nan         3200        76.646707   0.064787    0.014567    0.018850    0.000000    0.000045    0.031325    0.187763    3.620809    9.713047   
[36mINFO[0m 08/07 23:50:55 | 0.805662    0.779618    0.000000    0.950046    nan         nan         0.178480    nan         0.926650    nan         0.944444    nan         0.979042    nan         0.805662    nan         0.779618    nan         3400        81.437126   0.061091    0.012463    0.018812    0.000000    0.000046    0.029771    0.189018    3.683818    9.713047   
[36mINFO[0m 08/07 23:51:42 | 0.774809    0.731210    0.000000    0.956264    nan         nan         0.146955    nan         0.955990    nan         0.933761    nan         0.979042    nan         0.774809    nan         0.731210    nan         3600        86.227545   0.099776    0.022488    0.018767    0.000000    0.000046    0.058475    0.188569    3.633378    9.713047   
[36mINFO[0m 08/07 23:52:30 | 0.792303    0.793631    0.000000    0.964628    nan         nan         0.115216    nan         0.958435    nan         0.959402    nan         0.976048    nan         0.792303    nan         0.793631    nan         3800        91.017964   0.054004    0.010244    0.018733    0.000000    0.000046    0.024980    0.188483    3.646986    9.713047   
[36mINFO[0m 08/07 23:53:16 | 0.782761    0.774522    0.000000    0.953793    nan         nan         0.170271    nan         0.941320    nan         0.952991    nan         0.967066    nan         0.782761    nan         0.774522    nan         4000        95.808383   0.064354    0.012403    0.018701    0.000000    0.000046    0.033204    0.188895    3.613459    9.713047   
[36mINFO[0m 08/07 23:54:03 | 0.787214    0.756688    0.000000    0.964267    nan         nan         0.121611    nan         0.963325    nan         0.944444    nan         0.985030    nan         0.787214    nan         0.756688    nan         4200        100.598802  0.065139    0.013685    0.018669    0.000000    0.000046    0.032739    0.190069    3.620455    9.713047   
[36mINFO[0m 08/07 23:54:49 | 0.778308    0.765605    0.000000    0.962378    nan         nan         0.140202    nan         0.965770    nan         0.927350    nan         0.994012    nan         0.778308    nan         0.765605    nan         4400        105.389222  0.043044    0.006609    0.018637    0.000000    0.000047    0.017752    0.189918    3.595924    9.713047   
[36mINFO[0m 08/07 23:55:37 | 0.758588    0.755414    0.000000    0.948278    nan         nan         0.173081    nan         0.938875    nan         0.935897    nan         0.970060    nan         0.758588    nan         0.755414    nan         4600        110.179641  0.048382    0.008884    0.018609    0.000000    0.000047    0.020842    0.189709    3.677845    9.713047   
[36mINFO[0m 08/07 23:56:24 | 0.767812    0.751592    0.000000    0.971778    nan         nan         0.107754    nan         0.965770    nan         0.961538    nan         0.988024    nan         0.767812    nan         0.751592    nan         4800        114.970060  0.054529    0.009548    0.018573    0.000000    0.000047    0.026361    0.189444    3.658967    9.713047   
[36mINFO[0m 08/07 23:57:11 | 0.760496    0.735032    0.000000    0.960904    nan         nan         0.138710    nan         0.951100    nan         0.946581    nan         0.985030    nan         0.760496    nan         0.735032    nan         5000        119.760479  0.086911    0.018223    0.018532    0.000000    0.000047    0.050109    0.190075    3.653979    9.713047   
[36mINFO[0m 08/07 23:57:14 | ---
[33mWARNING[0m 08/07 23:57:21 | Evaluate SWAD ...
[36mINFO[0m 08/07 23:57:25 | 0.819020    0.810191    0.000000    0.980838    nan         nan         0.075583    nan         0.977995    nan         0.976496    nan         0.988024    nan         0.819020    nan         0.810191    nan         [601-5000]  (N=23)
[36mINFO[0m 08/07 23:57:25 | oracle = 80.884%
[36mINFO[0m 08/07 23:57:25 | iid = 76.781%
[36mINFO[0m 08/07 23:57:25 | last = 76.050%
[36mINFO[0m 08/07 23:57:25 | last (inD) = 96.090%
[36mINFO[0m 08/07 23:57:25 | iid (inD) = 97.178%
[36mINFO[0m 08/07 23:57:25 | SWAD = 81.902%
[36mINFO[0m 08/07 23:57:25 | SWAD (inD) = 98.084%
[36mINFO[0m 08/07 23:57:26 | === Summary ===
[36mINFO[0m 08/07 23:57:26 | Command: /home/s21_yhr/lzh/new/DomainBed-new/train_all.py PACS_iDAG_SWAD_seed4 --dataset PACS --data_dir /home/s21_yhr/lzh/new/DomainBed-new/dataset --algorithm iDAG --steps 5000 --checkpoint_freq 200 --batch_size 32 --optimizer adam --lr 5e-5 --weight_decay 0 --resnet_dropout 0 --resnet18 False --pretrained True --freeze_bn True --swad LossValley --seed 4 --trial_seed 4 --deterministic --cache disk --prebuild_loader --image_size 224 --out_dim 256 --hidden_size 256 --num_hidden_layers 0 --dag_anneal_steps 200 --temperature 0.07 --ema_ratio 0.99 --lambda1 0.01 --lambda2 0.01 --rho 1.0 --alpha 1.0 --rho_max 100.0 --weight_mu 1.0 --weight_nu 1.0
[36mINFO[0m 08/07 23:57:26 | Unique name: 260807_22-38-37_PACS_iDAG_SWAD_seed4
[36mINFO[0m 08/07 23:57:26 | Out path: train_output/PACS/260807_22-38-37_PACS_iDAG_SWAD_seed4
[36mINFO[0m 08/07 23:57:26 | Algorithm: iDAG
[36mINFO[0m 08/07 23:57:26 | Dataset: PACS
+------------+--------------+---------+---------+---------+---------+
| Selection  | art_painting | cartoon |  photo  |  sketch |   Avg.  |
+------------+--------------+---------+---------+---------+---------+
|   oracle   |   82.611%    | 80.011% | 95.210% | 80.884% | 84.679% |
|    iid     |   79.866%    | 78.198% | 96.931% | 76.781% | 82.944% |
|    last    |   77.791%    | 76.706% | 94.162% | 76.050% | 81.177% |
| last (inD) |   96.733%    | 96.334% | 94.450% | 96.090% | 95.902% |
| iid (inD)  |   97.001%    | 97.157% | 96.772% | 97.178% | 97.027% |
|    SWAD    |   85.052%    | 84.701% | 97.605% | 81.902% | 87.315% |
| SWAD (inD) |   98.253%    | 97.994% | 97.566% | 98.084% | 97.974% |
+------------+--------------+---------+---------+---------+---------+
