Algorithm: QTDoG
Physical GPU: 2
Seeds: [0, 1, 2, 3, 4]
Dataset: /home/s21_yhr/lzh/new/DomainBed-new/dataset/PACS

================================================================================
Starting QTDoG, seed=0, physical GPU=2
/home/s21_yhr/miniconda3/envs/GGA/bin/python /home/s21_yhr/lzh/new/DomainBed-new/train_all.py PACS_QTDoG_seed0 --dataset PACS --data_dir /home/s21_yhr/lzh/new/DomainBed-new/dataset --algorithm ERM --steps 5000 --checkpoint_freq 200 --batch_size 32 --optimizer adam --lr 5e-5 --weight_decay 0 --resnet_dropout 0 --resnet18 False --pretrained True --freeze_bn True --swad LossValley --seed 0 --trial_seed 0 --deterministic --cache disk --prebuild_loader --image_size 224 --quant 1 --q_steps 100
================================================================================
[36mINFO[0m 08/07 10:17:05 | Command :: /home/s21_yhr/lzh/new/DomainBed-new/train_all.py PACS_QTDoG_seed0 --dataset PACS --data_dir /home/s21_yhr/lzh/new/DomainBed-new/dataset --algorithm ERM --steps 5000 --checkpoint_freq 200 --batch_size 32 --optimizer adam --lr 5e-5 --weight_decay 0 --resnet_dropout 0 --resnet18 False --pretrained True --freeze_bn True --swad LossValley --seed 0 --trial_seed 0 --deterministic --cache disk --prebuild_loader --image_size 224 --quant 1 --q_steps 100
Environment:
	Python: 3.11.15
	PyTorch: 2.11.0+cu128
	Torchvision: 0.26.0+cu128
	CUDA: 12.8
	CUDNN: 91900
	NumPy: 1.26.4
	PIL: 12.2.0
Args:
	algorithm: ERM
	batch_size: 32
	cache: disk
	cache_root: cache
	cache_size: None
	checkpoint_freq: 200
	configs: []
	data_dir: /home/s21_yhr/lzh/new/DomainBed-new/dataset
	dataset: PACS
	debug: False
	deterministic: True
	end_step: 200
	evalmode: fast
	extra_search: n
	extra_search_end: None
	extra_search_start: None
	gga_l_gamma: 0.001
	grad_fn: sum
	holdout_fraction: 0.2
	model_save: None
	name: PACS_QTDoG_seed0
	neighborhoodSize: 1e-06
	out_dir: train_output/PACS/260807_10-17-05_PACS_QTDoG_seed0
	out_root: train_output/PACS
	prebuild_loader: True
	q_steps: 100
	quant: 1
	resize_mode: stretch
	saliency: False
	saliency_cmap: jet
	saliency_every: 0
	saliency_noise: 0.15
	saliency_num: 16
	saliency_samples: 25
	saliency_split: test_in
	seed: 0
	show: False
	start_step: 100
	steps: 5000
	tb_freq: 10
	test_envs: None
	train_output: train_output
	trial_seed: 0
	unique_name: 260807_10-17-05_PACS_QTDoG_seed0
	work_dir: .
HParams:
	data_augmentation: True
	val_augment: False
	[36mresnet18: False
	[0m[36mresnet_dropout: 0
	[0mclass_balanced: False
	[36moptimizer: adam
	[0m[36mfreeze_bn: True
	[0m[36mpretrained: True
	[0m[36mimage_size: 224
	[0m[36mlr: 5e-05
	[0mbatch_size: 32
	[36mweight_decay: 0
	[0m[36mswad: LossValley
	[0mswad_kwargs: 
	  n_converge: 3
	  n_tolerance: 6
	  tolerance_ratio: 0.3
	test_batchsize: 128
	indomain_test: False
	grad_fn: sum
	extra_search: n
	logdir: train_output/PACS/260807_10-17-05_PACS_QTDoG_seed0
	neighborhoodSize: 1e-06
	start_step: 100
	end_step: 200
	extra_search_start: None
	extra_search_end: None
	gga_l_gamma: 0.001
Dataset:
	[PACS] #envs=4, #classes=7
	env0: art_painting (#2048)
	env1: cartoon (#2344)
	env2: photo (#1670)
	env3: sketch (#3929)

[36mINFO[0m 08/07 10:17:05 | n_steps = 5000
[36mINFO[0m 08/07 10:17:05 | checkpoint_freq = 200
[36mINFO[0m 08/07 10:17:05 | n_steps is updated to 5000 => 5001 for checkpointing
[36mINFO[0m 08/07 10:17:05 | Target test envs = [[0], [1], [2], [3]]
[36mINFO[0m 08/07 10:17:05 | 
[36mINFO[0m 08/07 10:17:06 | Testenv name escaping te_art_painting -> te_art_painting
[36mINFO[0m 08/07 10:17:06 | Test envs = [0], name = te_art_painting
[36mINFO[0m 08/07 10:17:06 | Batch sizes for each domain: [0, 32, 32, 32] (total=96)
[36mINFO[0m 08/07 10:17:06 | steps-per-epoch for each domain: 58.62, 41.75, 98.25 -> min = 41.75
/home/s21_yhr/miniconda3/envs/GGA/lib/python3.11/site-packages/torchvision/models/_utils.py:208: UserWarning: The parameter 'pretrained' is deprecated since 0.13 and may be removed in the future, please use 'weights' instead.
  warnings.warn(
/home/s21_yhr/miniconda3/envs/GGA/lib/python3.11/site-packages/torchvision/models/_utils.py:223: UserWarning: Arguments other than a weight enum or `None` for 'weights' are deprecated since 0.13 and may be removed in the future. The current behavior is equivalent to passing `weights=ResNet50_Weights.IMAGENET1K_V1`. You can also use `weights=ResNet50_Weights.DEFAULT` to get the most up-to-date weights.
  warnings.warn(msg)
[36mINFO[0m 08/07 10:17:08 | # of params = 23522375
[36mINFO[0m 08/07 10:17:11 | test_in     test_out    train_in    train_out   test_in_au  test_out_a  train_out_  tr_outloss  env0_in     env0_in_au  env0_out    env0_out_a  env1_out    env1_out_a  env2_out    env2_out_a  env3_out    env3_out_a  step        epoch       loss        step_time   eval_time   mem_gb     
[36mINFO[0m 08/07 10:17:11 | 0.274558    0.293399    0.000000    0.351221    nan         nan         nan         1.800138    0.274558    nan         0.293399    nan         0.318376    nan         0.505988    nan         0.229299    nan         0           0.000000    1.902550    0.757831    2.924850    8.026237   
[36mINFO[0m 08/07 10:17:29 | Quantizing 53 modules at step 100
[36mINFO[0m 08/07 10:17:50 | 0.838926    0.828851    0.000000    0.957406    nan         nan         nan         0.120984    0.838926    nan         0.828851    nan         0.972222    nan         0.970060    nan         0.929936    nan         200         4.790419    0.262205    0.155147    2.710394    8.674257   
[36mINFO[0m 08/07 10:18:31 | 0.888957    0.865526    0.000000    0.953829    nan         nan         nan         0.135009    0.888957    nan         0.865526    nan         0.950855    nan         0.973054    nan         0.937580    nan         400         9.580838    0.083690    0.156223    2.966690    8.852023   
[36mINFO[0m 08/07 10:19:11 | 0.840757    0.833741    0.000000    0.965785    nan         nan         nan         0.124383    0.840757    nan         0.833741    nan         0.978632    nan         0.976048    nan         0.942675    nan         600         14.371257   0.058656    0.153536    2.722450    9.030033   
Model converged at step 200, Start step = 201; Threshold = 0.164830, 
[36mINFO[0m 08/07 10:19:52 | 0.859671    0.870416    0.000000    0.964351    nan         nan         nan         0.131227    0.859671    nan         0.870416    nan         0.976496    nan         0.970060    nan         0.946497    nan         800         19.161677   0.043150    0.153324    2.662894    9.382574   
[36mINFO[0m 08/07 10:20:34 | 0.865772    0.858191    0.000000    0.964486    nan         nan         nan         0.119856    0.865772    nan         0.858191    nan         0.970085    nan         0.973054    nan         0.950318    nan         1000        23.952096   0.030884    0.154326    2.764731    9.558204   
[36mINFO[0m 08/07 10:21:15 | 0.856620    0.882641    0.000000    0.963647    nan         nan         nan         0.123276    0.856620    nan         0.882641    nan         0.967949    nan         0.979042    nan         0.943949    nan         1200        28.742515   0.028676    0.152893    2.647993    9.734749   
[36mINFO[0m 08/07 10:21:56 | 0.824893    0.833741    0.000000    0.967593    nan         nan         nan         0.121527    0.824893    nan         0.833741    nan         0.963675    nan         0.976048    nan         0.963057    nan         1400        33.532934   0.023265    0.151629    2.633849    9.914956   
[36mINFO[0m 08/07 10:22:37 | 0.798658    0.797066    0.000000    0.968470    nan         nan         nan         0.162116    0.798658    nan         0.797066    nan         0.976496    nan         0.976048    nan         0.952866    nan         1600        38.323353   0.024055    0.154165    2.747018    9.914956   
[36mINFO[0m 08/07 10:23:19 | 0.866992    0.880196    0.000000    0.964774    nan         nan         nan         0.169310    0.866992    nan         0.880196    nan         0.972222    nan         0.973054    nan         0.949045    nan         1800        43.113772   0.018818    0.155061    2.771760    9.916482   
[36mINFO[0m 08/07 10:24:01 | 0.841367    0.872861    0.000000    0.969180    nan         nan         nan         0.121985    0.841367    nan         0.872861    nan         0.974359    nan         0.979042    nan         0.954140    nan         2000        47.904192   0.022070    0.155342    2.720901    9.916909   
[36mINFO[0m 08/07 10:24:43 | 0.840757    0.816626    0.000000    0.967744    nan         nan         nan         0.134202    0.840757    nan         0.816626    nan         0.967949    nan         0.976048    nan         0.959236    nan         2200        52.694611   0.019089    0.155261    2.835511    9.920693   
[36mINFO[0m 08/07 10:25:26 | 0.859671    0.838631    0.000000    0.963770    nan         nan         nan         0.150338    0.859671    nan         0.838631    nan         0.959402    nan         0.979042    nan         0.952866    nan         2400        57.485030   0.017118    0.154384    2.786733    9.921121   
[36mINFO[0m 08/07 10:26:08 | 0.810250    0.804401    0.000000    0.954956    nan         nan         nan         0.153663    0.810250    nan         0.804401    nan         0.955128    nan         0.967066    nan         0.942675    nan         2600        62.275449   0.021852    0.156342    2.793103    9.927896   
[36mINFO[0m 08/07 10:26:50 | 0.864552    0.828851    0.000000    0.970304    nan         nan         nan         0.123887    0.864552    nan         0.828851    nan         0.970085    nan         0.979042    nan         0.961783    nan         2800        67.065868   0.016484    0.155379    2.741457    9.929055   
[36mINFO[0m 08/07 10:27:32 | 0.835876    0.838631    0.000000    0.960627    nan         nan         nan         0.146222    0.835876    nan         0.838631    nan         0.959402    nan         0.967066    nan         0.955414    nan         3000        71.856287   0.014936    0.154452    2.749803    9.931680   
[36mINFO[0m 08/07 10:28:14 | 0.890787    0.882641    0.000000    0.962633    nan         nan         nan         0.159541    0.890787    nan         0.882641    nan         0.957265    nan         0.979042    nan         0.951592    nan         3200        76.646707   0.017486    0.155747    2.727154    9.931680   
[36mINFO[0m 08/07 10:28:55 | 0.845027    0.831296    0.000000    0.966067    nan         nan         nan         0.135531    0.845027    nan         0.831296    nan         0.967949    nan         0.985030    nan         0.945223    nan         3400        81.437126   0.018355    0.154543    2.755437    9.934060   
[36mINFO[0m 08/07 10:29:37 | 0.804149    0.821516    0.000000    0.970740    nan         nan         nan         0.120611    0.804149    nan         0.821516    nan         0.972222    nan         0.982036    nan         0.957962    nan         3600        86.227545   0.014448    0.154459    2.801474    9.934060   
[36mINFO[0m 08/07 10:30:18 | 0.854790    0.838631    0.000000    0.954229    nan         nan         nan         0.198859    0.854790    nan         0.838631    nan         0.942308    nan         0.970060    nan         0.950318    nan         3800        91.017964   0.009154    0.153155    2.709796    9.934060   
[36mINFO[0m 08/07 10:31:00 | 0.822453    0.804401    0.000000    0.970157    nan         nan         nan         0.147489    0.822453    nan         0.804401    nan         0.974359    nan         0.973054    nan         0.963057    nan         4000        95.808383   0.009718    0.154786    2.754024    9.934060   
[36mINFO[0m 08/07 10:31:42 | 0.809030    0.806846    0.000000    0.964472    nan         nan         nan         0.159893    0.809030    nan         0.806846    nan         0.963675    nan         0.973054    nan         0.956688    nan         4200        100.598802  0.015033    0.154166    2.748978    9.934060   
[36mINFO[0m 08/07 10:32:24 | 0.834045    0.838631    0.000000    0.951248    nan         nan         nan         0.234717    0.834045    nan         0.838631    nan         0.948718    nan         0.961078    nan         0.943949    nan         4400        105.389222  0.017054    0.154633    2.743359    9.934060   
[36mINFO[0m 08/07 10:33:06 | 0.810250    0.814181    0.000000    0.970448    nan         nan         nan         0.125963    0.810250    nan         0.814181    nan         0.985043    nan         0.967066    nan         0.959236    nan         4600        110.179641  0.017327    0.156413    2.721042    9.934060   
[36mINFO[0m 08/07 10:33:47 | 0.765711    0.748166    0.000000    0.951219    nan         nan         nan         0.214520    0.765711    nan         0.748166    nan         0.931624    nan         0.964072    nan         0.957962    nan         4800        114.970060  0.010207    0.153850    2.714939    9.934060   
[36mINFO[0m 08/07 10:34:29 | 0.838316    0.853301    0.000000    0.968754    nan         nan         nan         0.136688    0.838316    nan         0.853301    nan         0.970085    nan         0.982036    nan         0.954140    nan         5000        119.760479  0.013892    0.153899    2.755194    9.934060   
[36mINFO[0m 08/07 10:34:31 | ---
[33mWARNING[0m 08/07 10:34:38 | Evaluate SWAD ...
[36mINFO[0m 08/07 10:34:41 | 0.910921    0.889976    0.000000    0.979970    nan         nan         nan         0.069379    0.910921    nan         0.889976    nan         0.982906    nan         0.985030    nan         0.971975    nan         [201-5000]  (N=29)
[36mINFO[0m 08/07 10:34:41 | oracle = 85.662%
[36mINFO[0m 08/07 10:34:41 | iid = 80.415%
[36mINFO[0m 08/07 10:34:41 | last = 83.832%
[36mINFO[0m 08/07 10:34:41 | last (inD) = 96.875%
[36mINFO[0m 08/07 10:34:41 | iid (inD) = 97.074%
[36mINFO[0m 08/07 10:34:41 | SWAD = 91.092%
[36mINFO[0m 08/07 10:34:41 | SWAD (inD) = 97.997%
[36mINFO[0m 08/07 10:34:42 | 
[36mINFO[0m 08/07 10:34:42 | Testenv name escaping te_cartoon -> te_cartoon
[36mINFO[0m 08/07 10:34:42 | Test envs = [1], name = te_cartoon
[36mINFO[0m 08/07 10:34:42 | Batch sizes for each domain: [32, 0, 32, 32] (total=96)
[36mINFO[0m 08/07 10:34:42 | steps-per-epoch for each domain: 51.22, 41.75, 98.25 -> min = 41.75
[36mINFO[0m 08/07 10:34:46 | # of params = 23522375
[36mINFO[0m 08/07 10:34:49 | test_in     test_out    train_in    train_out   test_in_au  train_out_  tr_outloss  test_out_a  env0_out    env0_out_a  env1_in     env1_in_au  env1_out    env1_out_a  env2_out    env2_out_a  env3_out    env3_out_a  step        epoch       loss        step_time   eval_time   mem_gb     
[36mINFO[0m 08/07 10:34:49 | 0.180704    0.179487    0.000000    0.202532    nan         nan         1.917982    nan         0.207824    nan         0.180704    nan         0.179487    nan         0.203593    nan         0.196178    nan         0           0.000000    2.061657    0.154673    2.885509    8.026054   
[36mINFO[0m 08/07 10:35:07 | Quantizing 53 modules at step 100
[36mINFO[0m 08/07 10:35:29 | 0.802772    0.831197    0.000000    0.949685    nan         nan         0.162457    nan         0.931540    nan         0.802772    nan         0.831197    nan         0.985030    nan         0.932484    nan         200         4.790419    0.288215    0.154734    2.821190    8.671654   
[36mINFO[0m 08/07 10:36:09 | 0.701493    0.720085    0.000000    0.950019    nan         nan         0.153837    nan         0.936430    nan         0.701493    nan         0.720085    nan         0.976048    nan         0.937580    nan         400         9.580838    0.083817    0.155219    2.807804    8.855319   
[36mINFO[0m 08/07 10:36:50 | 0.769190    0.807692    0.000000    0.952017    nan         nan         0.154335    nan         0.955990    nan         0.769190    nan         0.807692    nan         0.979042    nan         0.921019    nan         600         14.371257   0.054292    0.156016    3.006750    9.032780   
[36mINFO[0m 08/07 10:37:30 | 0.764392    0.797009    0.000000    0.965295    nan         nan         0.102429    nan         0.958435    nan         0.764392    nan         0.797009    nan         0.982036    nan         0.955414    nan         800         19.161677   0.043376    0.153254    2.838921    9.212621   
[36mINFO[0m 08/07 10:38:10 | 0.722814    0.739316    0.000000    0.933138    nan         nan         0.200553    nan         0.916870    nan         0.722814    nan         0.739316    nan         0.964072    nan         0.918471    nan         1000        23.952096   0.031795    0.153504    2.761993    9.389776   
[36mINFO[0m 08/07 10:38:51 | 0.826226    0.829060    0.000000    0.955198    nan         nan         0.156368    nan         0.948655    nan         0.826226    nan         0.829060    nan         0.964072    nan         0.952866    nan         1200        28.742515   0.038721    0.157754    2.789101    9.567725   
Model converged at step 800, Start step = 201; Threshold = 0.199051, 
[36mINFO[0m 08/07 10:39:35 | 0.827825    0.837607    0.000000    0.952477    nan         nan         0.160814    nan         0.941320    nan         0.827825    nan         0.837607    nan         0.967066    nan         0.949045    nan         1400        33.532934   0.037405    0.155323    2.851780    9.920938   
[36mINFO[0m 08/07 10:40:15 | 0.783049    0.792735    0.000000    0.962242    nan         nan         0.132727    nan         0.953545    nan         0.783049    nan         0.792735    nan         0.979042    nan         0.954140    nan         1600        38.323353   0.025671    0.152904    2.945296    9.922463   
[36mINFO[0m 08/07 10:40:55 | 0.799574    0.809829    0.000000    0.965434    nan         nan         0.122670    nan         0.968215    nan         0.799574    nan         0.809829    nan         0.979042    nan         0.949045    nan         1800        43.113772   0.019508    0.153197    2.801575    9.923867   
[36mINFO[0m 08/07 10:41:36 | 0.768657    0.814103    0.000000    0.948736    nan         nan         0.241704    nan         0.933985    nan         0.768657    nan         0.814103    nan         0.958084    nan         0.954140    nan         2000        47.904192   0.017587    0.153615    2.774585    9.923867   
[36mINFO[0m 08/07 10:42:18 | 0.839552    0.861111    0.000000    0.951559    nan         nan         0.153701    nan         0.946210    nan         0.839552    nan         0.861111    nan         0.967066    nan         0.941401    nan         2200        52.694611   0.023713    0.153765    2.834163    9.923867   
[36mINFO[0m 08/07 10:43:00 | 0.749467    0.788462    0.000000    0.956503    nan         nan         0.159350    nan         0.938875    nan         0.749467    nan         0.788462    nan         0.979042    nan         0.951592    nan         2400        57.485030   0.024719    0.153479    2.773568    9.923867   
[36mINFO[0m 08/07 10:43:41 | 0.750533    0.741453    0.000000    0.956391    nan         nan         0.183911    nan         0.955990    nan         0.750533    nan         0.741453    nan         0.973054    nan         0.940127    nan         2600        62.275449   0.020357    0.154042    2.775102    9.925271   
[36mINFO[0m 08/07 10:44:23 | 0.744670    0.747863    0.000000    0.954495    nan         nan         0.189815    nan         0.941320    nan         0.744670    nan         0.747863    nan         0.982036    nan         0.940127    nan         2800        67.065868   0.021283    0.153453    2.772897    9.928323   
[36mINFO[0m 08/07 10:45:04 | 0.775053    0.799145    0.000000    0.954734    nan         nan         0.211832    nan         0.924205    nan         0.775053    nan         0.799145    nan         0.982036    nan         0.957962    nan         3000        71.856287   0.015041    0.153179    2.764941    9.930581   
[36mINFO[0m 08/07 10:45:46 | 0.791045    0.824786    0.000000    0.959797    nan         nan         0.154011    nan         0.946210    nan         0.791045    nan         0.824786    nan         0.979042    nan         0.954140    nan         3200        76.646707   0.014017    0.153173    3.006233    9.930581   
[36mINFO[0m 08/07 10:46:27 | 0.825693    0.844017    0.000000    0.959248    nan         nan         0.159446    nan         0.953545    nan         0.825693    nan         0.844017    nan         0.970060    nan         0.954140    nan         3400        81.437126   0.014434    0.152808    2.760555    9.930581   
[36mINFO[0m 08/07 10:47:09 | 0.773454    0.814103    0.000000    0.951020    nan         nan         0.149704    nan         0.943765    nan         0.773454    nan         0.814103    nan         0.964072    nan         0.945223    nan         3600        86.227545   0.028707    0.153212    2.755409    9.930581   
[36mINFO[0m 08/07 10:47:50 | 0.754797    0.788462    0.000000    0.950537    nan         nan         0.198407    nan         0.938875    nan         0.754797    nan         0.788462    nan         0.970060    nan         0.942675    nan         3800        91.017964   0.020931    0.153921    2.782570    9.930581   
[36mINFO[0m 08/07 10:48:32 | 0.809701    0.833333    0.000000    0.954876    nan         nan         0.196402    nan         0.941320    nan         0.809701    nan         0.833333    nan         0.964072    nan         0.959236    nan         4000        95.808383   0.016545    0.154425    2.782626    9.931375   
[36mINFO[0m 08/07 10:49:13 | 0.764392    0.782051    0.000000    0.963516    nan         nan         0.182569    nan         0.953545    nan         0.764392    nan         0.782051    nan         0.979042    nan         0.957962    nan         4200        100.598802  0.014418    0.153594    2.726612    9.931375   
[36mINFO[0m 08/07 10:49:54 | 0.824094    0.846154    0.000000    0.945049    nan         nan         0.219879    nan         0.916870    nan         0.824094    nan         0.846154    nan         0.973054    nan         0.945223    nan         4400        105.389222  0.016503    0.152408    2.819394    9.931375   
[36mINFO[0m 08/07 10:50:36 | 0.792644    0.831197    0.000000    0.963506    nan         nan         0.145391    nan         0.963325    nan         0.792644    nan         0.831197    nan         0.973054    nan         0.954140    nan         4600        110.179641  0.017568    0.153632    2.745518    9.931375   
[36mINFO[0m 08/07 10:51:17 | 0.783582    0.809829    0.000000    0.956264    nan         nan         0.181081    nan         0.943765    nan         0.783582    nan         0.809829    nan         0.967066    nan         0.957962    nan         4800        114.970060  0.008622    0.153643    2.840252    9.931375   
[36mINFO[0m 08/07 10:52:00 | 0.776652    0.801282    0.000000    0.948114    nan         nan         0.233780    nan         0.919315    nan         0.776652    nan         0.801282    nan         0.967066    nan         0.957962    nan         5000        119.760479  0.011631    0.153530    2.782266    9.931375   
[36mINFO[0m 08/07 10:52:02 | ---
[33mWARNING[0m 08/07 10:52:09 | Evaluate SWAD ...
[36mINFO[0m 08/07 10:52:12 | 0.833156    0.861111    0.000000    0.975153    nan         nan         0.084836    nan         0.973105    nan         0.833156    nan         0.861111    nan         0.988024    nan         0.964331    nan         [201-4800]  (N=24)
[36mINFO[0m 08/07 10:52:12 | oracle = 83.955%
[36mINFO[0m 08/07 10:52:12 | iid = 79.957%
[36mINFO[0m 08/07 10:52:12 | last = 77.665%
[36mINFO[0m 08/07 10:52:12 | last (inD) = 94.811%
[36mINFO[0m 08/07 10:52:12 | iid (inD) = 96.543%
[36mINFO[0m 08/07 10:52:12 | SWAD = 83.316%
[36mINFO[0m 08/07 10:52:12 | SWAD (inD) = 97.515%
[36mINFO[0m 08/07 10:52:13 | 
[36mINFO[0m 08/07 10:52:13 | Testenv name escaping te_photo -> te_photo
[36mINFO[0m 08/07 10:52:13 | Test envs = [2], name = te_photo
[36mINFO[0m 08/07 10:52:13 | Batch sizes for each domain: [32, 32, 0, 32] (total=96)
[36mINFO[0m 08/07 10:52:13 | steps-per-epoch for each domain: 51.22, 58.62, 98.25 -> min = 51.22
[36mINFO[0m 08/07 10:52:17 | # of params = 23522375
[36mINFO[0m 08/07 10:52:20 | test_in     test_out    train_in    train_out   test_in_au  train_out_  tr_outloss  test_out_a  env0_out    env0_out_a  env1_out    env1_out_a  env2_in     env2_in_au  env2_out    env2_out_a  env3_out    env3_out_a  step        epoch       loss        step_time   eval_time   mem_gb     
[36mINFO[0m 08/07 10:52:20 | 0.187874    0.200599    0.000000    0.266230    nan         nan         1.881132    nan         0.251834    nan         0.256410    nan         0.187874    nan         0.200599    nan         0.290446    nan         0           0.000000    1.978724    0.146914    2.373160    8.026054   
[36mINFO[0m 08/07 10:52:37 | Quantizing 53 modules at step 100
[36mINFO[0m 08/07 10:52:59 | 0.971557    0.964072    0.000000    0.939382    nan         nan         0.163200    nan         0.943765    nan         0.944444    nan         0.971557    nan         0.964072    nan         0.929936    nan         200         3.904820    0.356753    0.151063    2.954321    8.671654   
[36mINFO[0m 08/07 10:53:38 | 0.968563    0.961078    0.000000    0.949258    nan         nan         0.138789    nan         0.948655    nan         0.961538    nan         0.968563    nan         0.961078    nan         0.937580    nan         400         7.809640    0.111184    0.151611    2.503533    8.855319   
[36mINFO[0m 08/07 10:54:17 | 0.934132    0.916168    0.000000    0.922425    nan         nan         0.344868    nan         0.899756    nan         0.933761    nan         0.934132    nan         0.916168    nan         0.933758    nan         600         11.714460   0.069539    0.152521    2.554107    9.032780   
[36mINFO[0m 08/07 10:54:57 | 0.974551    0.958084    0.000000    0.948039    nan         nan         0.174621    nan         0.943765    nan         0.955128    nan         0.974551    nan         0.958084    nan         0.945223    nan         800         15.619280   0.058059    0.152992    2.537075    9.212621   
Model converged at step 400, Start step = -1; Threshold = 0.285254, 
[36mINFO[0m 08/07 10:55:38 | 0.961826    0.946108    0.000000    0.944655    nan         nan         0.193060    nan         0.933985    nan         0.963675    nan         0.961826    nan         0.946108    nan         0.936306    nan         1000        19.524100   0.044866    0.154030    2.504134    9.566260   
[36mINFO[0m 08/07 10:56:18 | 0.974551    0.955090    0.000000    0.945477    nan         nan         0.180580    nan         0.943765    nan         0.948718    nan         0.974551    nan         0.955090    nan         0.943949    nan         1200        23.428920   0.038591    0.154532    2.454812    9.742805   
[36mINFO[0m 08/07 10:56:58 | 0.930389    0.907186    0.000000    0.937006    nan         nan         0.256664    nan         0.911980    nan         0.948718    nan         0.930389    nan         0.907186    nan         0.950318    nan         1400        27.333740   0.032864    0.154978    2.545250    9.919473   
[36mINFO[0m 08/07 10:57:38 | 0.969311    0.949102    0.000000    0.953203    nan         nan         0.190101    nan         0.948655    nan         0.952991    nan         0.969311    nan         0.949102    nan         0.957962    nan         1600        31.238560   0.029076    0.153852    2.458878    9.919473   
[36mINFO[0m 08/07 10:58:20 | 0.967066    0.967066    0.000000    0.948566    nan         nan         0.184828    nan         0.926650    nan         0.957265    nan         0.967066    nan         0.967066    nan         0.961783    nan         1800        35.143380   0.026326    0.152167    2.505902    9.920938   
[36mINFO[0m 08/07 10:59:01 | 0.955090    0.937126    0.000000    0.959141    nan         nan         0.161885    nan         0.960880    nan         0.963675    nan         0.955090    nan         0.937126    nan         0.952866    nan         2000        39.048200   0.025807    0.152588    2.443949    9.920938   
[36mINFO[0m 08/07 10:59:42 | 0.961826    0.946108    0.000000    0.960681    nan         nan         0.179384    nan         0.963325    nan         0.972222    nan         0.961826    nan         0.946108    nan         0.946497    nan         2200        42.953020   0.023067    0.153559    2.450600    9.921975   
[36mINFO[0m 08/07 11:00:25 | 0.958832    0.955090    0.000000    0.951162    nan         nan         0.183725    nan         0.943765    nan         0.959402    nan         0.958832    nan         0.955090    nan         0.950318    nan         2400        46.857840   0.025190    0.155325    2.487739    9.921975   
[36mINFO[0m 08/07 11:01:06 | 0.959581    0.946108    0.000000    0.957326    nan         nan         0.186165    nan         0.958435    nan         0.959402    nan         0.959581    nan         0.946108    nan         0.954140    nan         2600        50.762660   0.016415    0.152777    2.381305    9.927407   
[36mINFO[0m 08/07 11:01:48 | 0.948353    0.925150    0.000000    0.951758    nan         nan         0.194528    nan         0.941320    nan         0.957265    nan         0.948353    nan         0.925150    nan         0.956688    nan         2800        54.667480   0.016755    0.153194    2.444020    9.929116   
[36mINFO[0m 08/07 11:02:29 | 0.952096    0.934132    0.000000    0.958373    nan         nan         0.181190    nan         0.946210    nan         0.972222    nan         0.952096    nan         0.934132    nan         0.956688    nan         3000        58.572300   0.024683    0.152972    2.453064    9.929116   
[36mINFO[0m 08/07 11:03:12 | 0.964072    0.940120    0.000000    0.958387    nan         nan         0.179952    nan         0.946210    nan         0.978632    nan         0.964072    nan         0.940120    nan         0.950318    nan         3200        62.477120   0.017323    0.156446    2.955459    9.929727   
[36mINFO[0m 08/07 11:03:56 | 0.958832    0.943114    0.000000    0.948292    nan         nan         0.228072    nan         0.936430    nan         0.959402    nan         0.958832    nan         0.943114    nan         0.949045    nan         3400        66.381940   0.020936    0.157843    2.436589    9.929727   
[36mINFO[0m 08/07 11:04:38 | 0.941617    0.916168    0.000000    0.950086    nan         nan         0.223957    nan         0.931540    nan         0.972222    nan         0.941617    nan         0.916168    nan         0.946497    nan         3600        70.286760   0.018552    0.154574    2.482761    9.929727   
[36mINFO[0m 08/07 11:05:20 | 0.966317    0.946108    0.000000    0.965640    nan         nan         0.146699    nan         0.963325    nan         0.974359    nan         0.966317    nan         0.946108    nan         0.959236    nan         3800        74.191580   0.014018    0.153327    2.440307    9.929727   
[36mINFO[0m 08/07 11:06:01 | 0.957335    0.952096    0.000000    0.960428    nan         nan         0.131305    nan         0.951100    nan         0.972222    nan         0.957335    nan         0.952096    nan         0.957962    nan         4000        78.096400   0.017284    0.152542    2.457850    9.929727   
[36mINFO[0m 08/07 11:06:42 | 0.958084    0.946108    0.000000    0.958969    nan         nan         0.186159    nan         0.943765    nan         0.970085    nan         0.958084    nan         0.946108    nan         0.963057    nan         4200        82.001220   0.031312    0.152500    2.384966    9.931436   
[36mINFO[0m 08/07 11:07:23 | 0.965569    0.949102    0.000000    0.950450    nan         nan         0.211302    nan         0.933985    nan         0.959402    nan         0.965569    nan         0.949102    nan         0.957962    nan         4400        85.906040   0.021230    0.152852    2.383364    9.933755   
[36mINFO[0m 08/07 11:08:04 | 0.939371    0.889222    0.000000    0.949648    nan         nan         0.276351    nan         0.941320    nan         0.963675    nan         0.939371    nan         0.889222    nan         0.943949    nan         4600        89.810860   0.012102    0.153229    2.365114    9.933755   
[36mINFO[0m 08/07 11:08:45 | 0.956587    0.949102    0.000000    0.965167    nan         nan         0.149519    nan         0.965770    nan         0.967949    nan         0.956587    nan         0.949102    nan         0.961783    nan         4800        93.715680   0.016744    0.153341    2.408463    9.933755   
[36mINFO[0m 08/07 11:09:28 | 0.948353    0.922156    0.000000    0.949669    nan         nan         0.223007    nan         0.929095    nan         0.959402    nan         0.948353    nan         0.922156    nan         0.960510    nan         5000        97.620500   0.014384    0.156545    2.358807    9.936807   
[36mINFO[0m 08/07 11:09:30 | ---
[33mWARNING[0m 08/07 11:09:38 | Evaluate SWAD ...
[36mINFO[0m 08/07 11:09:40 | 0.976048    0.970060    0.000000    0.972194    nan         nan         0.102991    nan         0.970660    nan         0.976496    nan         0.976048    nan         0.970060    nan         0.969427    nan         [201-5000]  (N=24)
[36mINFO[0m 08/07 11:09:40 | oracle = 96.707%
[36mINFO[0m 08/07 11:09:40 | iid = 96.632%
[36mINFO[0m 08/07 11:09:40 | last = 94.835%
[36mINFO[0m 08/07 11:09:40 | last (inD) = 94.967%
[36mINFO[0m 08/07 11:09:40 | iid (inD) = 96.564%
[36mINFO[0m 08/07 11:09:40 | SWAD = 97.605%
[36mINFO[0m 08/07 11:09:40 | SWAD (inD) = 97.219%
[36mINFO[0m 08/07 11:09:41 | 
[36mINFO[0m 08/07 11:09:42 | Testenv name escaping te_sketch -> te_sketch
[36mINFO[0m 08/07 11:09:42 | Test envs = [3], name = te_sketch
[36mINFO[0m 08/07 11:09:42 | Batch sizes for each domain: [32, 32, 32, 0] (total=96)
[36mINFO[0m 08/07 11:09:42 | steps-per-epoch for each domain: 51.22, 58.62, 41.75 -> min = 41.75
[36mINFO[0m 08/07 11:09:46 | # of params = 23522375
[36mINFO[0m 08/07 11:09:50 | test_in     test_out    train_in    train_out   test_in_au  train_out_  tr_outloss  test_out_a  env0_out    env0_out_a  env1_out    env1_out_a  env2_out    env2_out_a  env3_in     env3_in_au  env3_out    env3_out_a  step        epoch       loss        step_time   eval_time   mem_gb     
[36mINFO[0m 08/07 11:09:50 | 0.196247    0.196178    0.000000    0.295063    nan         nan         1.875668    nan         0.266504    nan         0.256410    nan         0.362275    nan         0.196247    nan         0.196178    nan         0           0.000000    1.984720    0.150442    3.674639    8.026054   
[36mINFO[0m 08/07 11:10:08 | Quantizing 53 modules at step 100
[36mINFO[0m 08/07 11:10:30 | 0.595738    0.570701    0.000000    0.954194    nan         nan         0.141251    nan         0.916870    nan         0.963675    nan         0.982036    nan         0.595738    nan         0.570701    nan         200         4.790419    0.249207    0.153357    3.795789    8.671654   
[36mINFO[0m 08/07 11:11:11 | 0.687659    0.684076    0.000000    0.964362    nan         nan         0.117402    nan         0.948655    nan         0.959402    nan         0.985030    nan         0.687659    nan         0.684076    nan         400         9.580838    0.079356    0.155121    3.721830    8.855319   
[36mINFO[0m 08/07 11:11:53 | 0.769402    0.774522    0.000000    0.952263    nan         nan         0.137529    nan         0.921760    nan         0.952991    nan         0.982036    nan         0.769402    nan         0.774522    nan         600         14.371257   0.050353    0.155278    3.722617    9.032780   
[36mINFO[0m 08/07 11:12:34 | 0.756997    0.759236    0.000000    0.963304    nan         nan         0.126605    nan         0.943765    nan         0.955128    nan         0.991018    nan         0.756997    nan         0.759236    nan         800         19.161677   0.035216    0.156439    3.700003    9.212621   
Model converged at step 400, Start step = 201; Threshold = 0.165332, 
[36mINFO[0m 08/07 11:13:20 | 0.715967    0.718471    0.000000    0.961715    nan         nan         0.113354    nan         0.953545    nan         0.961538    nan         0.970060    nan         0.715967    nan         0.718471    nan         1000        23.952096   0.028874    0.154280    3.724711    9.566260   
[36mINFO[0m 08/07 11:14:02 | 0.789440    0.785987    0.000000    0.959962    nan         nan         0.124117    nan         0.955990    nan         0.965812    nan         0.958084    nan         0.789440    nan         0.785987    nan         1200        28.742515   0.026276    0.156481    3.874542    9.742805   
[36mINFO[0m 08/07 11:14:45 | 0.756997    0.757962    0.000000    0.970429    nan         nan         0.109490    nan         0.960880    nan         0.974359    nan         0.976048    nan         0.756997    nan         0.757962    nan         1400        33.532934   0.023418    0.159248    3.937570    9.919473   
[36mINFO[0m 08/07 11:15:28 | 0.771628    0.770701    0.000000    0.959716    nan         nan         0.153988    nan         0.936430    nan         0.963675    nan         0.979042    nan         0.771628    nan         0.770701    nan         1600        38.323353   0.028495    0.154046    3.695875    9.919473   
[36mINFO[0m 08/07 11:16:13 | 0.690204    0.714650    0.000000    0.961002    nan         nan         0.128985    nan         0.953545    nan         0.959402    nan         0.970060    nan         0.690204    nan         0.714650    nan         1800        43.113772   0.027459    0.159872    3.678052    9.920938   
[36mINFO[0m 08/07 11:16:56 | 0.818384    0.800000    0.000000    0.965010    nan         nan         0.140176    nan         0.943765    nan         0.972222    nan         0.979042    nan         0.818384    nan         0.800000    nan         2000        47.904192   0.012005    0.156846    3.729269    9.920938   
[36mINFO[0m 08/07 11:17:40 | 0.811069    0.808917    0.000000    0.956581    nan         nan         0.174653    nan         0.936430    nan         0.957265    nan         0.976048    nan         0.811069    nan         0.808917    nan         2200        52.694611   0.015263    0.156447    3.722361    9.921975   
[36mINFO[0m 08/07 11:18:23 | 0.706107    0.724841    0.000000    0.946377    nan         nan         0.257513    nan         0.924205    nan         0.950855    nan         0.964072    nan         0.706107    nan         0.724841    nan         2400        57.485030   0.015515    0.154818    3.673163    9.921975   
[36mINFO[0m 08/07 11:19:07 | 0.789440    0.779618    0.000000    0.946538    nan         nan         0.199918    nan         0.914425    nan         0.955128    nan         0.970060    nan         0.789440    nan         0.779618    nan         2600        62.275449   0.020536    0.156433    3.805138    9.927407   
[36mINFO[0m 08/07 11:19:50 | 0.803435    0.794904    0.000000    0.970105    nan         nan         0.124194    nan         0.963325    nan         0.967949    nan         0.979042    nan         0.803435    nan         0.794904    nan         2800        67.065868   0.016594    0.155827    3.709151    9.929116   
[36mINFO[0m 08/07 11:20:34 | 0.705789    0.704459    0.000000    0.954931    nan         nan         0.194942    nan         0.941320    nan         0.959402    nan         0.964072    nan         0.705789    nan         0.704459    nan         3000        71.856287   0.017579    0.155950    3.782242    9.929116   
[36mINFO[0m 08/07 11:21:20 | 0.790712    0.800000    0.000000    0.961266    nan         nan         0.179048    nan         0.946210    nan         0.961538    nan         0.976048    nan         0.790712    nan         0.800000    nan         3200        76.646707   0.015852    0.157776    5.367477    9.929727   
[36mINFO[0m 08/07 11:22:06 | 0.812341    0.807643    0.000000    0.962934    nan         nan         0.166985    nan         0.948655    nan         0.970085    nan         0.970060    nan         0.812341    nan         0.807643    nan         3400        81.437126   0.014058    0.160809    3.685676    9.929727   
[36mINFO[0m 08/07 11:22:50 | 0.818066    0.826752    0.000000    0.959658    nan         nan         0.184104    nan         0.948655    nan         0.957265    nan         0.973054    nan         0.818066    nan         0.826752    nan         3600        86.227545   0.019296    0.157808    3.730954    9.929727   
[36mINFO[0m 08/07 11:23:34 | 0.748410    0.752866    0.000000    0.949858    nan         nan         0.210537    nan         0.929095    nan         0.959402    nan         0.961078    nan         0.748410    nan         0.752866    nan         3800        91.017964   0.019884    0.154883    3.682341    9.929727   
[36mINFO[0m 08/07 11:24:17 | 0.786260    0.785987    0.000000    0.971690    nan         nan         0.119638    nan         0.953545    nan         0.976496    nan         0.985030    nan         0.786260    nan         0.785987    nan         4000        95.808383   0.016060    0.155043    3.723049    9.929727   
[36mINFO[0m 08/07 11:25:01 | 0.681298    0.687898    0.000000    0.953838    nan         nan         0.253617    nan         0.955990    nan         0.944444    nan         0.961078    nan         0.681298    nan         0.687898    nan         4200        100.598802  0.010105    0.157784    3.661517    9.931436   
[36mINFO[0m 08/07 11:25:44 | 0.819975    0.820382    0.000000    0.966377    nan         nan         0.167144    nan         0.955990    nan         0.970085    nan         0.973054    nan         0.819975    nan         0.820382    nan         4400        105.389222  0.013738    0.154050    3.869561    9.933755   
[36mINFO[0m 08/07 11:26:28 | 0.802799    0.810191    0.000000    0.958721    nan         nan         0.197811    nan         0.953545    nan         0.961538    nan         0.961078    nan         0.802799    nan         0.810191    nan         4600        110.179641  0.009850    0.156071    3.605255    9.933755   
[36mINFO[0m 08/07 11:27:11 | 0.812341    0.811465    0.000000    0.960020    nan         nan         0.180158    nan         0.943765    nan         0.972222    nan         0.964072    nan         0.812341    nan         0.811465    nan         4800        114.970060  0.009582    0.156158    3.622612    9.933755   
[36mINFO[0m 08/07 11:27:55 | 0.820293    0.824204    0.000000    0.954867    nan         nan         0.159891    nan         0.936430    nan         0.970085    nan         0.958084    nan         0.820293    nan         0.824204    nan         5000        119.760479  0.016542    0.156172    3.700643    9.936807   
[36mINFO[0m 08/07 11:27:57 | ---
[33mWARNING[0m 08/07 11:28:08 | Evaluate SWAD ...
[36mINFO[0m 08/07 11:28:12 | 0.816158    0.828025    0.000000    0.978291    nan         nan         0.073447    nan         0.968215    nan         0.978632    nan         0.988024    nan         0.816158    nan         0.828025    nan         [201-5000]  (N=27)
[36mINFO[0m 08/07 11:28:12 | oracle = 81.807%
[36mINFO[0m 08/07 11:28:12 | iid = 78.626%
[36mINFO[0m 08/07 11:28:12 | last = 82.029%
[36mINFO[0m 08/07 11:28:12 | last (inD) = 95.487%
[36mINFO[0m 08/07 11:28:12 | iid (inD) = 97.169%
[36mINFO[0m 08/07 11:28:12 | SWAD = 81.616%
[36mINFO[0m 08/07 11:28:12 | SWAD (inD) = 97.829%
[36mINFO[0m 08/07 11:28:13 | === Summary ===
[36mINFO[0m 08/07 11:28:13 | Command: /home/s21_yhr/lzh/new/DomainBed-new/train_all.py PACS_QTDoG_seed0 --dataset PACS --data_dir /home/s21_yhr/lzh/new/DomainBed-new/dataset --algorithm ERM --steps 5000 --checkpoint_freq 200 --batch_size 32 --optimizer adam --lr 5e-5 --weight_decay 0 --resnet_dropout 0 --resnet18 False --pretrained True --freeze_bn True --swad LossValley --seed 0 --trial_seed 0 --deterministic --cache disk --prebuild_loader --image_size 224 --quant 1 --q_steps 100
[36mINFO[0m 08/07 11:28:13 | Unique name: 260807_10-17-05_PACS_QTDoG_seed0
[36mINFO[0m 08/07 11:28:13 | Out path: train_output/PACS/260807_10-17-05_PACS_QTDoG_seed0
[36mINFO[0m 08/07 11:28:13 | Algorithm: ERM
[36mINFO[0m 08/07 11:28:13 | Dataset: PACS
+------------+--------------+---------+---------+---------+---------+
| Selection  | art_painting | cartoon |  photo  |  sketch |   Avg.  |
+------------+--------------+---------+---------+---------+---------+
|   oracle   |   85.662%    | 83.955% | 96.707% | 81.807% | 87.033% |
|    iid     |   80.415%    | 79.957% | 96.632% | 78.626% | 83.907% |
|    last    |   83.832%    | 77.665% | 94.835% | 82.029% | 84.590% |
| last (inD) |   96.875%    | 94.811% | 94.967% | 95.487% | 95.535% |
| iid (inD)  |   97.074%    | 96.543% | 96.564% | 97.169% | 96.838% |
|    SWAD    |   91.092%    | 83.316% | 97.605% | 81.616% | 88.407% |
| SWAD (inD) |   97.997%    | 97.515% | 97.219% | 97.829% | 97.640% |
+------------+--------------+---------+---------+---------+---------+
================================================================================
Starting QTDoG, seed=1, physical GPU=2
/home/s21_yhr/miniconda3/envs/GGA/bin/python /home/s21_yhr/lzh/new/DomainBed-new/train_all.py PACS_QTDoG_seed1 --dataset PACS --data_dir /home/s21_yhr/lzh/new/DomainBed-new/dataset --algorithm ERM --steps 5000 --checkpoint_freq 200 --batch_size 32 --optimizer adam --lr 5e-5 --weight_decay 0 --resnet_dropout 0 --resnet18 False --pretrained True --freeze_bn True --swad LossValley --seed 1 --trial_seed 1 --deterministic --cache disk --prebuild_loader --image_size 224 --quant 1 --q_steps 100
================================================================================
[36mINFO[0m 08/07 11:28:20 | Command :: /home/s21_yhr/lzh/new/DomainBed-new/train_all.py PACS_QTDoG_seed1 --dataset PACS --data_dir /home/s21_yhr/lzh/new/DomainBed-new/dataset --algorithm ERM --steps 5000 --checkpoint_freq 200 --batch_size 32 --optimizer adam --lr 5e-5 --weight_decay 0 --resnet_dropout 0 --resnet18 False --pretrained True --freeze_bn True --swad LossValley --seed 1 --trial_seed 1 --deterministic --cache disk --prebuild_loader --image_size 224 --quant 1 --q_steps 100
Environment:
	Python: 3.11.15
	PyTorch: 2.11.0+cu128
	Torchvision: 0.26.0+cu128
	CUDA: 12.8
	CUDNN: 91900
	NumPy: 1.26.4
	PIL: 12.2.0
Args:
	algorithm: ERM
	batch_size: 32
	cache: disk
	cache_root: cache
	cache_size: None
	checkpoint_freq: 200
	configs: []
	data_dir: /home/s21_yhr/lzh/new/DomainBed-new/dataset
	dataset: PACS
	debug: False
	deterministic: True
	end_step: 200
	evalmode: fast
	extra_search: n
	extra_search_end: None
	extra_search_start: None
	gga_l_gamma: 0.001
	grad_fn: sum
	holdout_fraction: 0.2
	model_save: None
	name: PACS_QTDoG_seed1
	neighborhoodSize: 1e-06
	out_dir: train_output/PACS/260807_11-28-20_PACS_QTDoG_seed1
	out_root: train_output/PACS
	prebuild_loader: True
	q_steps: 100
	quant: 1
	resize_mode: stretch
	saliency: False
	saliency_cmap: jet
	saliency_every: 0
	saliency_noise: 0.15
	saliency_num: 16
	saliency_samples: 25
	saliency_split: test_in
	seed: 1
	show: False
	start_step: 100
	steps: 5000
	tb_freq: 10
	test_envs: None
	train_output: train_output
	trial_seed: 1
	unique_name: 260807_11-28-20_PACS_QTDoG_seed1
	work_dir: .
HParams:
	data_augmentation: True
	val_augment: False
	[36mresnet18: False
	[0m[36mresnet_dropout: 0
	[0mclass_balanced: False
	[36moptimizer: adam
	[0m[36mfreeze_bn: True
	[0m[36mpretrained: True
	[0m[36mimage_size: 224
	[0m[36mlr: 5e-05
	[0mbatch_size: 32
	[36mweight_decay: 0
	[0m[36mswad: LossValley
	[0mswad_kwargs: 
	  n_converge: 3
	  n_tolerance: 6
	  tolerance_ratio: 0.3
	test_batchsize: 128
	indomain_test: False
	grad_fn: sum
	extra_search: n
	logdir: train_output/PACS/260807_11-28-20_PACS_QTDoG_seed1
	neighborhoodSize: 1e-06
	start_step: 100
	end_step: 200
	extra_search_start: None
	extra_search_end: None
	gga_l_gamma: 0.001
Dataset:
	[PACS] #envs=4, #classes=7
	env0: art_painting (#2048)
	env1: cartoon (#2344)
	env2: photo (#1670)
	env3: sketch (#3929)

[36mINFO[0m 08/07 11:28:20 | n_steps = 5000
[36mINFO[0m 08/07 11:28:20 | checkpoint_freq = 200
[36mINFO[0m 08/07 11:28:20 | n_steps is updated to 5000 => 5001 for checkpointing
[36mINFO[0m 08/07 11:28:20 | Target test envs = [[0], [1], [2], [3]]
[36mINFO[0m 08/07 11:28:20 | 
[36mINFO[0m 08/07 11:28:20 | Testenv name escaping te_art_painting -> te_art_painting
[36mINFO[0m 08/07 11:28:20 | Test envs = [0], name = te_art_painting
[36mINFO[0m 08/07 11:28:20 | Batch sizes for each domain: [0, 32, 32, 32] (total=96)
[36mINFO[0m 08/07 11:28:20 | steps-per-epoch for each domain: 58.62, 41.75, 98.25 -> min = 41.75
/home/s21_yhr/miniconda3/envs/GGA/lib/python3.11/site-packages/torchvision/models/_utils.py:208: UserWarning: The parameter 'pretrained' is deprecated since 0.13 and may be removed in the future, please use 'weights' instead.
  warnings.warn(
/home/s21_yhr/miniconda3/envs/GGA/lib/python3.11/site-packages/torchvision/models/_utils.py:223: UserWarning: Arguments other than a weight enum or `None` for 'weights' are deprecated since 0.13 and may be removed in the future. The current behavior is equivalent to passing `weights=ResNet50_Weights.IMAGENET1K_V1`. You can also use `weights=ResNet50_Weights.DEFAULT` to get the most up-to-date weights.
  warnings.warn(msg)
[36mINFO[0m 08/07 11:28:24 | # of params = 23522375
[36mINFO[0m 08/07 11:28:28 | test_in     test_out    train_in    train_out   test_in_au  test_out_a  train_out_  tr_outloss  env0_in     env0_in_au  env0_out    env0_out_a  env1_out    env1_out_a  env2_out    env2_out_a  env3_out    env3_out_a  step        epoch       loss        step_time   eval_time   mem_gb     
[36mINFO[0m 08/07 11:28:28 | 0.203173    0.222494    0.000000    0.285292    nan         nan         nan         1.843875    0.203173    nan         0.222494    nan         0.247863    nan         0.404192    nan         0.203822    nan         0           0.000000    1.945078    0.772452    2.876966    8.026237   
[36mINFO[0m 08/07 11:28:45 | Quantizing 53 modules at step 100
[36mINFO[0m 08/07 11:29:07 | 0.829164    0.826406    0.000000    0.968335    nan         nan         nan         0.098229    0.829164    nan         0.826406    nan         0.959402    nan         0.994012    nan         0.951592    nan         200         4.790419    0.278608    0.156878    2.718387    8.674257   
[36mINFO[0m 08/07 11:29:48 | 0.840757    0.828851    0.000000    0.952411    nan         nan         nan         0.134016    0.840757    nan         0.828851    nan         0.935897    nan         0.985030    nan         0.936306    nan         400         9.580838    0.078585    0.158077    3.326468    8.852023   
[36mINFO[0m 08/07 11:30:29 | 0.810250    0.806846    0.000000    0.961643    nan         nan         nan         0.138171    0.810250    nan         0.806846    nan         0.950855    nan         0.985030    nan         0.949045    nan         600         14.371257   0.056946    0.159349    2.696376    9.030033   
Model converged at step 200, Start step = 201; Threshold = 0.160513, 
[36mINFO[0m 08/07 11:31:13 | 0.823063    0.819071    0.000000    0.964768    nan         nan         nan         0.122585    0.823063    nan         0.819071    nan         0.959402    nan         0.982036    nan         0.952866    nan         800         19.161677   0.037940    0.159446    2.710562    9.382574   
[36mINFO[0m 08/07 11:31:57 | 0.883466    0.887531    0.000000    0.973996    nan         nan         nan         0.076700    0.883466    nan         0.887531    nan         0.965812    nan         0.988024    nan         0.968153    nan         1000        23.952096   0.035266    0.159387    2.827662    9.558204   
[36mINFO[0m 08/07 11:32:39 | 0.856620    0.863081    0.000000    0.971184    nan         nan         nan         0.090011    0.856620    nan         0.863081    nan         0.967949    nan         0.994012    nan         0.951592    nan         1200        28.742515   0.029836    0.157939    3.105059    9.734749   
[36mINFO[0m 08/07 11:33:25 | 0.847468    0.858191    0.000000    0.970312    nan         nan         nan         0.101380    0.847468    nan         0.858191    nan         0.963675    nan         0.988024    nan         0.959236    nan         1400        33.532934   0.030811    0.165409    2.806472    9.914956   
[36mINFO[0m 08/07 11:34:10 | 0.853569    0.833741    0.000000    0.959769    nan         nan         nan         0.143809    0.853569    nan         0.833741    nan         0.938034    nan         0.982036    nan         0.959236    nan         1600        38.323353   0.021942    0.162178    2.782679    9.914956   
[36mINFO[0m 08/07 11:34:53 | 0.760220    0.753056    0.000000    0.944982    nan         nan         nan         0.225164    0.760220    nan         0.753056    nan         0.893162    nan         0.994012    nan         0.947771    nan         1800        43.113772   0.019366    0.158843    2.834094    9.916482   
[36mINFO[0m 08/07 11:35:37 | 0.814521    0.801956    0.000000    0.970599    nan         nan         nan         0.118612    0.814521    nan         0.801956    nan         0.965812    nan         0.988024    nan         0.957962    nan         2000        47.904192   0.016790    0.160350    2.796995    9.916909   
[36mINFO[0m 08/07 11:36:20 | 0.855400    0.831296    0.000000    0.974712    nan         nan         nan         0.090230    0.855400    nan         0.831296    nan         0.976496    nan         0.982036    nan         0.965605    nan         2200        52.694611   0.027642    0.158629    2.754033    9.920693   
[36mINFO[0m 08/07 11:37:03 | 0.857840    0.867971    0.000000    0.977554    nan         nan         nan         0.099490    0.857840    nan         0.867971    nan         0.967949    nan         0.994012    nan         0.970701    nan         2400        57.485030   0.018206    0.157627    3.090836    9.921121   
[36mINFO[0m 08/07 11:37:47 | 0.840146    0.816626    0.000000    0.971711    nan         nan         nan         0.125095    0.840146    nan         0.816626    nan         0.959402    nan         0.985030    nan         0.970701    nan         2600        62.275449   0.014260    0.160063    2.774170    9.927896   
[36mINFO[0m 08/07 11:38:31 | 0.877364    0.887531    0.000000    0.974838    nan         nan         nan         0.096453    0.877364    nan         0.887531    nan         0.972222    nan         0.979042    nan         0.973248    nan         2800        67.065868   0.011760    0.160088    2.744914    9.929055   
[36mINFO[0m 08/07 11:39:14 | 0.814521    0.789731    0.000000    0.964462    nan         nan         nan         0.136077    0.814521    nan         0.789731    nan         0.965812    nan         0.967066    nan         0.960510    nan         3000        71.856287   0.012803    0.160248    2.760663    9.931680   
[36mINFO[0m 08/07 11:39:57 | 0.809030    0.792176    0.000000    0.966463    nan         nan         nan         0.123933    0.809030    nan         0.792176    nan         0.950855    nan         0.988024    nan         0.960510    nan         3200        76.646707   0.014931    0.157309    2.755527    9.931680   
[36mINFO[0m 08/07 11:40:39 | 0.852959    0.843521    0.000000    0.968451    nan         nan         nan         0.126480    0.852959    nan         0.843521    nan         0.957265    nan         0.985030    nan         0.963057    nan         3400        81.437126   0.021211    0.157789    2.816432    9.934060   
[36mINFO[0m 08/07 11:41:23 | 0.744356    0.711491    0.000000    0.967738    nan         nan         nan         0.142312    0.744356    nan         0.711491    nan         0.955128    nan         0.985030    nan         0.963057    nan         3600        86.227545   0.012371    0.159524    2.709153    9.934060   
[36mINFO[0m 08/07 11:42:05 | 0.796217    0.806846    0.000000    0.971288    nan         nan         nan         0.124664    0.796217    nan         0.806846    nan         0.963675    nan         0.982036    nan         0.968153    nan         3800        91.017964   0.017746    0.156538    2.771350    9.934060   
[36mINFO[0m 08/07 11:42:49 | 0.820622    0.826406    0.000000    0.975560    nan         nan         nan         0.090878    0.820622    nan         0.826406    nan         0.972222    nan         0.985030    nan         0.969427    nan         4000        95.808383   0.010157    0.162963    2.786212    9.934060   
[36mINFO[0m 08/07 11:43:32 | 0.812081    0.819071    0.000000    0.976268    nan         nan         nan         0.102898    0.812081    nan         0.819071    nan         0.965812    nan         0.991018    nan         0.971975    nan         4200        100.598802  0.012255    0.158948    2.764341    9.934060   
[36mINFO[0m 08/07 11:44:14 | 0.830384    0.816626    0.000000    0.966866    nan         nan         nan         0.131467    0.830384    nan         0.816626    nan         0.950855    nan         0.979042    nan         0.970701    nan         4400        105.389222  0.013140    0.156707    2.798499    9.934060   
[36mINFO[0m 08/07 11:44:58 | 0.817572    0.819071    0.000000    0.972858    nan         nan         nan         0.103305    0.817572    nan         0.819071    nan         0.959402    nan         0.991018    nan         0.968153    nan         4600        110.179641  0.016867    0.160206    2.666050    9.934060   
[36mINFO[0m 08/07 11:45:41 | 0.834045    0.816626    0.000000    0.971585    nan         nan         nan         0.102279    0.834045    nan         0.816626    nan         0.963675    nan         0.988024    nan         0.963057    nan         4800        114.970060  0.010456    0.159667    2.769531    9.934060   
[36mINFO[0m 08/07 11:46:24 | 0.802318    0.789731    0.000000    0.969439    nan         nan         nan         0.104064    0.802318    nan         0.789731    nan         0.959402    nan         0.982036    nan         0.966879    nan         5000        119.760479  0.013438    0.159505    2.764337    9.934060   
[36mINFO[0m 08/07 11:46:26 | ---
[33mWARNING[0m 08/07 11:46:36 | Evaluate SWAD ...
[36mINFO[0m 08/07 11:46:39 | 0.896278    0.902200    0.000000    0.982377    nan         nan         nan         0.057342    0.896278    nan         0.902200    nan         0.976496    nan         0.991018    nan         0.979618    nan         [201-5000]  (N=29)
[36mINFO[0m 08/07 11:46:39 | oracle = 88.347%
[36mINFO[0m 08/07 11:46:39 | iid = 85.784%
[36mINFO[0m 08/07 11:46:39 | last = 80.232%
[36mINFO[0m 08/07 11:46:39 | last (inD) = 96.944%
[36mINFO[0m 08/07 11:46:39 | iid (inD) = 97.755%
[36mINFO[0m 08/07 11:46:39 | SWAD = 89.628%
[36mINFO[0m 08/07 11:46:39 | SWAD (inD) = 98.238%
[36mINFO[0m 08/07 11:46:40 | 
[36mINFO[0m 08/07 11:46:40 | Testenv name escaping te_cartoon -> te_cartoon
[36mINFO[0m 08/07 11:46:40 | Test envs = [1], name = te_cartoon
[36mINFO[0m 08/07 11:46:40 | Batch sizes for each domain: [32, 0, 32, 32] (total=96)
[36mINFO[0m 08/07 11:46:40 | steps-per-epoch for each domain: 51.22, 41.75, 98.25 -> min = 41.75
[36mINFO[0m 08/07 11:46:45 | # of params = 23522375
[36mINFO[0m 08/07 11:46:48 | test_in     test_out    train_in    train_out   test_in_au  train_out_  tr_outloss  test_out_a  env0_out    env0_out_a  env1_in     env1_in_au  env1_out    env1_out_a  env2_out    env2_out_a  env3_out    env3_out_a  step        epoch       loss        step_time   eval_time   mem_gb     
[36mINFO[0m 08/07 11:46:48 | 0.221215    0.230769    0.000000    0.192345    nan         nan         1.895860    nan         0.139364    nan         0.221215    nan         0.230769    nan         0.218563    nan         0.219108    nan         0           0.000000    2.037532    0.168356    2.821059    8.026054   
[36mINFO[0m 08/07 11:47:06 | Quantizing 53 modules at step 100
[36mINFO[0m 08/07 11:47:27 | 0.735608    0.728632    0.000000    0.951200    nan         nan         0.185091    nan         0.933985    nan         0.735608    nan         0.728632    nan         0.982036    nan         0.937580    nan         200         4.790419    0.252751    0.154586    3.071920    8.671654   
[36mINFO[0m 08/07 11:48:16 | 0.769190    0.756410    0.000000    0.965065    nan         nan         0.134019    nan         0.965770    nan         0.769190    nan         0.756410    nan         0.988024    nan         0.941401    nan         400         9.580838    0.086529    0.180590    3.280445    8.855319   
[36mINFO[0m 08/07 11:48:58 | 0.796375    0.811966    0.000000    0.953748    nan         nan         0.154721    nan         0.933985    nan         0.796375    nan         0.811966    nan         0.982036    nan         0.945223    nan         600         14.371257   0.054683    0.161615    2.976895    9.032780   
[36mINFO[0m 08/07 11:49:39 | 0.833689    0.809829    0.000000    0.952591    nan         nan         0.160025    nan         0.943765    nan         0.833689    nan         0.809829    nan         0.970060    nan         0.943949    nan         800         19.161677   0.050479    0.157178    2.927501    9.212621   
Model converged at step 400, Start step = 201; Threshold = 0.194465, 
[36mINFO[0m 08/07 11:50:26 | 0.807569    0.803419    0.000000    0.965432    nan         nan         0.123129    nan         0.948655    nan         0.807569    nan         0.803419    nan         0.982036    nan         0.965605    nan         1000        23.952096   0.036631    0.158114    3.004597    9.566260   
[36mINFO[0m 08/07 11:51:10 | 0.794776    0.784188    0.000000    0.967267    nan         nan         0.104425    nan         0.951100    nan         0.794776    nan         0.784188    nan         0.994012    nan         0.956688    nan         1200        28.742515   0.030284    0.165732    3.010987    9.742805   
[36mINFO[0m 08/07 11:51:50 | 0.813966    0.794872    0.000000    0.969414    nan         nan         0.123066    nan         0.958435    nan         0.813966    nan         0.794872    nan         0.988024    nan         0.961783    nan         1400        33.532934   0.030980    0.157016    2.906062    9.919473   
[36mINFO[0m 08/07 11:52:33 | 0.767591    0.752137    0.000000    0.971583    nan         nan         0.124745    nan         0.965770    nan         0.767591    nan         0.752137    nan         0.991018    nan         0.957962    nan         1600        38.323353   0.030175    0.158481    2.918174    9.919473   
[36mINFO[0m 08/07 11:53:18 | 0.821962    0.811966    0.000000    0.967289    nan         nan         0.133696    nan         0.938875    nan         0.821962    nan         0.811966    nan         0.991018    nan         0.971975    nan         1800        43.113772   0.019800    0.160792    2.856574    9.920938   
[36mINFO[0m 08/07 11:54:02 | 0.833156    0.826923    0.000000    0.965720    nan         nan         0.123269    nan         0.958435    nan         0.833156    nan         0.826923    nan         0.982036    nan         0.956688    nan         2000        47.904192   0.030844    0.158853    3.086796    9.920938   
[36mINFO[0m 08/07 11:54:45 | 0.825693    0.816239    0.000000    0.974900    nan         nan         0.108019    nan         0.960880    nan         0.825693    nan         0.816239    nan         0.988024    nan         0.975796    nan         2200        52.694611   0.019593    0.156790    2.834544    9.921975   
[36mINFO[0m 08/07 11:55:29 | 0.838486    0.816239    0.000000    0.967301    nan         nan         0.138101    nan         0.948655    nan         0.838486    nan         0.816239    nan         0.994012    nan         0.959236    nan         2400        57.485030   0.015229    0.157449    2.918429    9.921975   
[36mINFO[0m 08/07 11:56:14 | 0.797974    0.805556    0.000000    0.963170    nan         nan         0.125088    nan         0.938875    nan         0.797974    nan         0.805556    nan         0.985030    nan         0.965605    nan         2600        62.275449   0.023635    0.160909    2.913081    9.927407   
[36mINFO[0m 08/07 11:56:57 | 0.735075    0.735043    0.000000    0.955481    nan         nan         0.130049    nan         0.931540    nan         0.735075    nan         0.735043    nan         0.982036    nan         0.952866    nan         2800        67.065868   0.023588    0.157272    2.896444    9.929116   
[36mINFO[0m 08/07 11:57:41 | 0.772388    0.743590    0.000000    0.967681    nan         nan         0.119371    nan         0.960880    nan         0.772388    nan         0.743590    nan         0.988024    nan         0.954140    nan         3000        71.856287   0.013028    0.159030    2.865169    9.929116   
[36mINFO[0m 08/07 11:58:24 | 0.793710    0.807692    0.000000    0.955401    nan         nan         0.147001    nan         0.926650    nan         0.793710    nan         0.807692    nan         0.979042    nan         0.960510    nan         3200        76.646707   0.022228    0.155039    2.851552    9.929727   
[36mINFO[0m 08/07 11:59:06 | 0.793710    0.784188    0.000000    0.956445    nan         nan         0.163042    nan         0.933985    nan         0.793710    nan         0.784188    nan         0.985030    nan         0.950318    nan         3400        81.437126   0.017677    0.154974    2.975657    9.929727   
[36mINFO[0m 08/07 11:59:50 | 0.826226    0.820513    0.000000    0.962721    nan         nan         0.157561    nan         0.931540    nan         0.826226    nan         0.820513    nan         0.991018    nan         0.965605    nan         3600        86.227545   0.011888    0.155826    2.829386    9.929727   
[36mINFO[0m 08/07 12:00:33 | 0.783582    0.758547    0.000000    0.960817    nan         nan         0.174854    nan         0.946210    nan         0.783582    nan         0.758547    nan         0.991018    nan         0.945223    nan         3800        91.017964   0.017732    0.158056    2.843771    9.929727   
[36mINFO[0m 08/07 12:01:17 | 0.827825    0.818376    0.000000    0.961885    nan         nan         0.129868    nan         0.929095    nan         0.827825    nan         0.818376    nan         0.982036    nan         0.974522    nan         4000        95.808383   0.015966    0.158759    2.814801    9.929727   
[36mINFO[0m 08/07 12:01:59 | 0.812367    0.788462    0.000000    0.958875    nan         nan         0.140729    nan         0.924205    nan         0.812367    nan         0.788462    nan         0.997006    nan         0.955414    nan         4200        100.598802  0.015802    0.155370    2.836195    9.931436   
[36mINFO[0m 08/07 12:02:49 | 0.785714    0.760684    0.000000    0.959776    nan         nan         0.144455    nan         0.946210    nan         0.785714    nan         0.760684    nan         0.970060    nan         0.963057    nan         4400        105.389222  0.012659    0.178656    3.060598    9.933755   
[36mINFO[0m 08/07 12:03:36 | 0.834222    0.822650    0.000000    0.974210    nan         nan         0.106654    nan         0.951100    nan         0.834222    nan         0.822650    nan         0.997006    nan         0.974522    nan         4600        110.179641  0.019524    0.166470    2.872816    9.933755   
[36mINFO[0m 08/07 12:04:21 | 0.832090    0.816239    0.000000    0.960371    nan         nan         0.149057    nan         0.946210    nan         0.832090    nan         0.816239    nan         0.982036    nan         0.952866    nan         4800        114.970060  0.015905    0.158858    2.988877    9.933755   
[36mINFO[0m 08/07 12:05:09 | 0.826759    0.829060    0.000000    0.970676    nan         nan         0.102125    nan         0.948655    nan         0.826759    nan         0.829060    nan         0.985030    nan         0.978344    nan         5000        119.760479  0.013780    0.168581    2.950365    9.936807   
[36mINFO[0m 08/07 12:05:13 | ---
[33mWARNING[0m 08/07 12:05:27 | Evaluate SWAD ...
[36mINFO[0m 08/07 12:05:31 | 0.841684    0.831197    0.000000    0.985964    nan         nan         0.058346    nan         0.980440    nan         0.841684    nan         0.831197    nan         0.994012    nan         0.983439    nan         [201-5000]  (N=27)
[36mINFO[0m 08/07 12:05:31 | oracle = 82.676%
[36mINFO[0m 08/07 12:05:31 | iid = 82.569%
[36mINFO[0m 08/07 12:05:31 | last = 82.676%
[36mINFO[0m 08/07 12:05:31 | last (inD) = 97.068%
[36mINFO[0m 08/07 12:05:31 | iid (inD) = 97.490%
[36mINFO[0m 08/07 12:05:31 | SWAD = 84.168%
[36mINFO[0m 08/07 12:05:31 | SWAD (inD) = 98.596%
[36mINFO[0m 08/07 12:05:33 | 
[36mINFO[0m 08/07 12:05:33 | Testenv name escaping te_photo -> te_photo
[36mINFO[0m 08/07 12:05:33 | Test envs = [2], name = te_photo
[36mINFO[0m 08/07 12:05:33 | Batch sizes for each domain: [32, 32, 0, 32] (total=96)
[36mINFO[0m 08/07 12:05:33 | steps-per-epoch for each domain: 51.22, 58.62, 98.25 -> min = 51.22
[36mINFO[0m 08/07 12:05:39 | # of params = 23522375
[36mINFO[0m 08/07 12:05:42 | test_in     test_out    train_in    train_out   test_in_au  train_out_  tr_outloss  test_out_a  env0_out    env0_out_a  env1_out    env1_out_a  env2_in     env2_in_au  env2_out    env2_out_a  env3_out    env3_out_a  step        epoch       loss        step_time   eval_time   mem_gb     
[36mINFO[0m 08/07 12:05:42 | 0.234281    0.242515    0.000000    0.176663    nan         nan         1.868369    nan         0.154034    nan         0.158120    nan         0.234281    nan         0.242515    nan         0.217834    nan         0           0.000000    1.960346    0.143166    2.546326    8.026054   
[36mINFO[0m 08/07 12:06:00 | Quantizing 53 modules at step 100
[36mINFO[0m 08/07 12:06:22 | 0.954341    0.970060    0.000000    0.936362    nan         nan         0.188880    nan         0.926650    nan         0.942308    nan         0.954341    nan         0.970060    nan         0.940127    nan         200         3.904820    0.320800    0.156473    2.675700    8.671654   
[36mINFO[0m 08/07 12:07:05 | 0.967814    0.976048    0.000000    0.957237    nan         nan         0.144311    nan         0.946210    nan         0.970085    nan         0.967814    nan         0.976048    nan         0.955414    nan         400         7.809640    0.107010    0.163210    2.597306    8.855319   
[36mINFO[0m 08/07 12:07:47 | 0.967814    0.979042    0.000000    0.950183    nan         nan         0.164482    nan         0.941320    nan         0.948718    nan         0.967814    nan         0.979042    nan         0.960510    nan         600         11.714460   0.067196    0.160233    2.601818    9.032780   
[36mINFO[0m 08/07 12:08:29 | 0.956587    0.973054    0.000000    0.949402    nan         nan         0.168597    nan         0.936430    nan         0.948718    nan         0.956587    nan         0.973054    nan         0.963057    nan         800         15.619280   0.053362    0.162254    2.645782    9.212621   
Model converged at step 400, Start step = 201; Threshold = 0.206869, 
[36mINFO[0m 08/07 12:09:21 | 0.973802    0.979042    0.000000    0.958360    nan         nan         0.153756    nan         0.955990    nan         0.963675    nan         0.973802    nan         0.979042    nan         0.955414    nan         1000        19.524100   0.043029    0.168214    2.652647    9.566260   
[36mINFO[0m 08/07 12:10:04 | 0.961826    0.967066    0.000000    0.961873    nan         nan         0.141738    nan         0.948655    nan         0.970085    nan         0.961826    nan         0.967066    nan         0.966879    nan         1200        23.428920   0.034012    0.162638    2.593671    9.742805   
[36mINFO[0m 08/07 12:10:44 | 0.964072    0.964072    0.000000    0.956100    nan         nan         0.158985    nan         0.936430    nan         0.970085    nan         0.964072    nan         0.964072    nan         0.961783    nan         1400        27.333740   0.028579    0.155602    2.574871    9.919473   
[36mINFO[0m 08/07 12:11:28 | 0.963323    0.973054    0.000000    0.961093    nan         nan         0.119534    nan         0.943765    nan         0.970085    nan         0.963323    nan         0.973054    nan         0.969427    nan         1600        31.238560   0.028457    0.157354    2.545050    9.919473   
[36mINFO[0m 08/07 12:12:14 | 0.958084    0.970060    0.000000    0.954100    nan         nan         0.160223    nan         0.946210    nan         0.959402    nan         0.958084    nan         0.970060    nan         0.956688    nan         1800        35.143380   0.037363    0.162808    2.579176    9.920938   
[36mINFO[0m 08/07 12:12:57 | 0.958832    0.967066    0.000000    0.962791    nan         nan         0.132980    nan         0.963325    nan         0.965812    nan         0.958832    nan         0.967066    nan         0.959236    nan         2000        39.048200   0.028268    0.156148    2.617280    9.920938   
[36mINFO[0m 08/07 12:13:43 | 0.947605    0.961078    0.000000    0.963996    nan         nan         0.135530    nan         0.948655    nan         0.970085    nan         0.947605    nan         0.961078    nan         0.973248    nan         2200        42.953020   0.026313    0.162500    2.525484    9.921975   
[36mINFO[0m 08/07 12:14:28 | 0.936377    0.964072    0.000000    0.952011    nan         nan         0.174711    nan         0.933985    nan         0.961538    nan         0.936377    nan         0.964072    nan         0.960510    nan         2400        46.857840   0.019493    0.160688    2.788244    9.921975   
[36mINFO[0m 08/07 12:15:20 | 0.960329    0.970060    0.000000    0.970140    nan         nan         0.135498    nan         0.965770    nan         0.976496    nan         0.960329    nan         0.970060    nan         0.968153    nan         2600        50.762660   0.020765    0.183452    3.377740    9.927407   
[36mINFO[0m 08/07 12:16:10 | 0.955838    0.970060    0.000000    0.947155    nan         nan         0.173887    nan         0.946210    nan         0.955128    nan         0.955838    nan         0.970060    nan         0.940127    nan         2800        54.667480   0.019873    0.176166    2.887115    9.929116   
[36mINFO[0m 08/07 12:17:02 | 0.940120    0.955090    0.000000    0.949313    nan         nan         0.178608    nan         0.924205    nan         0.959402    nan         0.940120    nan         0.955090    nan         0.964331    nan         3000        58.572300   0.020752    0.179093    3.935534    9.929116   
[36mINFO[0m 08/07 12:17:53 | 0.927395    0.958084    0.000000    0.955148    nan         nan         0.215129    nan         0.933985    nan         0.972222    nan         0.927395    nan         0.958084    nan         0.959236    nan         3200        62.477120   0.017333    0.173482    3.201377    9.929727   
[36mINFO[0m 08/07 12:18:44 | 0.961826    0.970060    0.000000    0.964640    nan         nan         0.170900    nan         0.943765    nan         0.974359    nan         0.961826    nan         0.970060    nan         0.975796    nan         3400        66.381940   0.022974    0.176177    3.119951    9.929727   
[36mINFO[0m 08/07 12:19:37 | 0.930389    0.958084    0.000000    0.950929    nan         nan         0.238110    nan         0.958435    nan         0.946581    nan         0.930389    nan         0.958084    nan         0.947771    nan         3600        70.286760   0.021251    0.185503    2.990943    9.929727   
[36mINFO[0m 08/07 12:20:26 | 0.962575    0.961078    0.000000    0.960962    nan         nan         0.166314    nan         0.951100    nan         0.957265    nan         0.962575    nan         0.961078    nan         0.974522    nan         3800        74.191580   0.014860    0.174639    2.918619    9.929727   
[36mINFO[0m 08/07 12:21:19 | 0.950599    0.949102    0.000000    0.951703    nan         nan         0.240746    nan         0.926650    nan         0.967949    nan         0.950599    nan         0.949102    nan         0.960510    nan         4000        78.096400   0.022539    0.181756    2.910203    9.929727   
[36mINFO[0m 08/07 12:22:08 | 0.963323    0.973054    0.000000    0.968277    nan         nan         0.145426    nan         0.965770    nan         0.965812    nan         0.963323    nan         0.973054    nan         0.973248    nan         4200        82.001220   0.019260    0.171211    2.856133    9.931436   
[36mINFO[0m 08/07 12:23:01 | 0.940868    0.940120    0.000000    0.957107    nan         nan         0.184221    nan         0.943765    nan         0.959402    nan         0.940868    nan         0.940120    nan         0.968153    nan         4400        85.906040   0.010973    0.184292    3.033899    9.933755   
[36mINFO[0m 08/07 12:23:51 | 0.940868    0.952096    0.000000    0.957579    nan         nan         0.196331    nan         0.931540    nan         0.967949    nan         0.940868    nan         0.952096    nan         0.973248    nan         4600        89.810860   0.009620    0.175363    3.347830    9.933755   
[36mINFO[0m 08/07 12:24:44 | 0.952096    0.973054    0.000000    0.951881    nan         nan         0.188191    nan         0.951100    nan         0.946581    nan         0.952096    nan         0.973054    nan         0.957962    nan         4800        93.715680   0.028975    0.182342    3.200595    9.933755   
[36mINFO[0m 08/07 12:25:34 | 0.934880    0.940120    0.000000    0.962161    nan         nan         0.163536    nan         0.948655    nan         0.972222    nan         0.934880    nan         0.940120    nan         0.965605    nan         5000        97.620500   0.015270    0.170663    3.068717    9.936807   
[36mINFO[0m 08/07 12:25:40 | ---
[33mWARNING[0m 08/07 12:25:56 | Evaluate SWAD ...
[36mINFO[0m 08/07 12:25:59 | 0.978293    0.982036    0.000000    0.978070    nan         nan         0.088065    nan         0.975550    nan         0.976496    nan         0.978293    nan         0.982036    nan         0.982166    nan         [201-5000]  (N=27)
[36mINFO[0m 08/07 12:25:59 | oracle = 96.781%
[36mINFO[0m 08/07 12:25:59 | iid = 96.033%
[36mINFO[0m 08/07 12:25:59 | last = 93.488%
[36mINFO[0m 08/07 12:25:59 | last (inD) = 96.216%
[36mINFO[0m 08/07 12:25:59 | iid (inD) = 97.014%
[36mINFO[0m 08/07 12:25:59 | SWAD = 97.829%
[36mINFO[0m 08/07 12:25:59 | SWAD (inD) = 97.807%
[36mINFO[0m 08/07 12:26:00 | 
[36mINFO[0m 08/07 12:26:00 | Testenv name escaping te_sketch -> te_sketch
[36mINFO[0m 08/07 12:26:00 | Test envs = [3], name = te_sketch
[36mINFO[0m 08/07 12:26:00 | Batch sizes for each domain: [32, 32, 32, 0] (total=96)
[36mINFO[0m 08/07 12:26:00 | steps-per-epoch for each domain: 51.22, 58.62, 41.75 -> min = 41.75
[36mINFO[0m 08/07 12:26:08 | # of params = 23522375
[36mINFO[0m 08/07 12:26:13 | test_in     test_out    train_in    train_out   test_in_au  train_out_  tr_outloss  test_out_a  env0_out    env0_out_a  env1_out    env1_out_a  env2_out    env2_out_a  env3_in     env3_in_au  env3_out    env3_out_a  step        epoch       loss        step_time   eval_time   mem_gb     
[36mINFO[0m 08/07 12:26:13 | 0.044529    0.034395    0.000000    0.255198    nan         nan         1.890312    nan         0.237164    nan         0.264957    nan         0.263473    nan         0.044529    nan         0.034395    nan         0           0.000000    2.108023    0.160017    4.990678    8.026054   
[36mINFO[0m 08/07 12:26:36 | Quantizing 53 modules at step 100
[36mINFO[0m 08/07 12:27:02 | 0.751272    0.752866    0.000000    0.938011    nan         nan         0.180231    nan         0.904645    nan         0.927350    nan         0.982036    nan         0.751272    nan         0.752866    nan         200         4.790419    0.271716    0.176977    5.059687    8.671654   
[36mINFO[0m 08/07 12:27:50 | 0.717239    0.732484    0.000000    0.967135    nan         nan         0.109804    nan         0.953545    nan         0.950855    nan         0.997006    nan         0.717239    nan         0.732484    nan         400         9.580838    0.082404    0.173170    4.602986    8.855319   
[36mINFO[0m 08/07 12:28:42 | 0.715649    0.735032    0.000000    0.959979    nan         nan         0.130481    nan         0.929095    nan         0.965812    nan         0.985030    nan         0.715649    nan         0.735032    nan         600         14.371257   0.042907    0.189213    4.627866    9.032780   
[36mINFO[0m 08/07 12:29:33 | 0.763677    0.775796    0.000000    0.965097    nan         nan         0.123267    nan         0.955990    nan         0.957265    nan         0.982036    nan         0.763677    nan         0.775796    nan         800         19.161677   0.039442    0.177982    6.974077    9.212621   
Model converged at step 400, Start step = 401; Threshold = 0.157539, 
[36mINFO[0m 08/07 12:30:31 | 0.731552    0.727389    0.000000    0.966765    nan         nan         0.115797    nan         0.958435    nan         0.965812    nan         0.976048    nan         0.731552    nan         0.727389    nan         1000        23.952096   0.032842    0.186624    5.201922    9.566260   
[36mINFO[0m 08/07 12:31:22 | 0.814567    0.824204    0.000000    0.965014    nan         nan         0.130086    nan         0.943765    nan         0.957265    nan         0.994012    nan         0.814567    nan         0.824204    nan         1200        28.742515   0.026939    0.184281    4.880541    9.742805   
[36mINFO[0m 08/07 12:32:13 | 0.763995    0.746497    0.000000    0.969230    nan         nan         0.116375    nan         0.955990    nan         0.963675    nan         0.988024    nan         0.763995    nan         0.746497    nan         1400        33.532934   0.025481    0.180919    4.988436    9.919473   
[36mINFO[0m 08/07 12:33:08 | 0.706743    0.712102    0.000000    0.970346    nan         nan         0.119071    nan         0.948655    nan         0.974359    nan         0.988024    nan         0.706743    nan         0.712102    nan         1600        38.323353   0.022639    0.182327    4.666204    9.919473   
[36mINFO[0m 08/07 12:34:11 | 0.768766    0.764331    0.000000    0.960897    nan         nan         0.171790    nan         0.933985    nan         0.963675    nan         0.985030    nan         0.768766    nan         0.764331    nan         1800        43.113772   0.015356    0.213658    4.038645    9.920938   
[36mINFO[0m 08/07 12:34:57 | 0.730916    0.741401    0.000000    0.960794    nan         nan         0.162646    nan         0.931540    nan         0.965812    nan         0.985030    nan         0.730916    nan         0.741401    nan         2000        47.904192   0.024351    0.158818    3.899016    9.920938   
[36mINFO[0m 08/07 12:35:43 | 0.741730    0.747771    0.000000    0.970183    nan         nan         0.131206    nan         0.941320    nan         0.972222    nan         0.997006    nan         0.741730    nan         0.747771    nan         2200        52.694611   0.017908    0.157337    4.037327    9.921975   
[36mINFO[0m 08/07 12:36:29 | 0.745229    0.726115    0.000000    0.959274    nan         nan         0.163429    nan         0.946210    nan         0.946581    nan         0.985030    nan         0.745229    nan         0.726115    nan         2400        57.485030   0.017396    0.161751    3.876546    9.921975   
[36mINFO[0m 08/07 12:37:16 | 0.785305    0.788535    0.000000    0.966351    nan         nan         0.123953    nan         0.931540    nan         0.976496    nan         0.991018    nan         0.785305    nan         0.788535    nan         2600        62.275449   0.017223    0.160514    3.948956    9.927407   
[36mINFO[0m 08/07 12:38:02 | 0.824427    0.802548    0.000000    0.966477    nan         nan         0.118652    nan         0.941320    nan         0.970085    nan         0.988024    nan         0.824427    nan         0.802548    nan         2800        67.065868   0.017772    0.159255    4.516891    9.929116   
[36mINFO[0m 08/07 12:38:47 | 0.772265    0.771975    0.000000    0.954197    nan         nan         0.187162    nan         0.933985    nan         0.961538    nan         0.967066    nan         0.772265    nan         0.771975    nan         3000        71.856287   0.021564    0.156802    3.822274    9.929116   
[36mINFO[0m 08/07 12:39:36 | 0.798028    0.811465    0.000000    0.971527    nan         nan         0.109783    nan         0.946210    nan         0.974359    nan         0.994012    nan         0.798028    nan         0.811465    nan         3200        76.646707   0.016779    0.169180    5.054726    9.929727   
[36mINFO[0m 08/07 12:40:30 | 0.701336    0.694268    0.000000    0.961556    nan         nan         0.144468    nan         0.946210    nan         0.944444    nan         0.994012    nan         0.701336    nan         0.694268    nan         3400        81.437126   0.011878    0.181640    5.042771    9.929727   
[36mINFO[0m 08/07 12:41:22 | 0.833333    0.816561    0.000000    0.966118    nan         nan         0.122432    nan         0.963325    nan         0.952991    nan         0.982036    nan         0.833333    nan         0.816561    nan         3600        86.227545   0.018792    0.176130    4.870256    9.929727   
[36mINFO[0m 08/07 12:42:16 | 0.772583    0.761783    0.000000    0.957336    nan         nan         0.161136    nan         0.933985    nan         0.952991    nan         0.985030    nan         0.772583    nan         0.761783    nan         3800        91.017964   0.011382    0.182455    4.704078    9.929727   
[36mINFO[0m 08/07 12:43:10 | 0.831743    0.820382    0.000000    0.964709    nan         nan         0.123898    nan         0.953545    nan         0.961538    nan         0.979042    nan         0.831743    nan         0.820382    nan         4000        95.808383   0.017441    0.183332    4.654452    9.929727   
[36mINFO[0m 08/07 12:44:01 | 0.786896    0.791083    0.000000    0.962366    nan         nan         0.181599    nan         0.948655    nan         0.959402    nan         0.979042    nan         0.786896    nan         0.791083    nan         4200        100.598802  0.018606    0.173092    4.880350    9.931436   
[36mINFO[0m 08/07 12:45:01 | 0.800573    0.800000    0.000000    0.965669    nan         nan         0.180425    nan         0.955990    nan         0.952991    nan         0.988024    nan         0.800573    nan         0.800000    nan         4400        105.389222  0.011948    0.203733    4.952958    9.933755   
[36mINFO[0m 08/07 12:45:54 | 0.780852    0.784713    0.000000    0.964340    nan         nan         0.137780    nan         0.941320    nan         0.963675    nan         0.988024    nan         0.780852    nan         0.784713    nan         4600        110.179641  0.010872    0.179809    4.308228    9.933755   
[36mINFO[0m 08/07 12:46:46 | 0.738550    0.738854    0.000000    0.951676    nan         nan         0.207348    nan         0.931540    nan         0.944444    nan         0.979042    nan         0.738550    nan         0.738854    nan         4800        114.970060  0.014692    0.176558    4.636577    9.933755   
[36mINFO[0m 08/07 12:47:40 | 0.819656    0.833121    0.000000    0.963056    nan         nan         0.152257    nan         0.941320    nan         0.965812    nan         0.982036    nan         0.819656    nan         0.833121    nan         5000        119.760479  0.012326    0.188339    4.533533    9.936807   
[36mINFO[0m 08/07 12:47:45 | ---
[33mWARNING[0m 08/07 12:48:01 | Evaluate SWAD ...
[36mINFO[0m 08/07 12:48:05 | 0.820293    0.811465    0.000000    0.983238    nan         nan         0.074299    nan         0.970660    nan         0.985043    nan         0.994012    nan         0.820293    nan         0.811465    nan         [401-5000]  (N=26)
[36mINFO[0m 08/07 12:48:05 | oracle = 81.966%
[36mINFO[0m 08/07 12:48:05 | iid = 79.803%
[36mINFO[0m 08/07 12:48:05 | last = 81.966%
[36mINFO[0m 08/07 12:48:05 | last (inD) = 96.306%
[36mINFO[0m 08/07 12:48:05 | iid (inD) = 97.153%
[36mINFO[0m 08/07 12:48:05 | SWAD = 82.029%
[36mINFO[0m 08/07 12:48:05 | SWAD (inD) = 98.324%
[36mINFO[0m 08/07 12:48:07 | === Summary ===
[36mINFO[0m 08/07 12:48:07 | Command: /home/s21_yhr/lzh/new/DomainBed-new/train_all.py PACS_QTDoG_seed1 --dataset PACS --data_dir /home/s21_yhr/lzh/new/DomainBed-new/dataset --algorithm ERM --steps 5000 --checkpoint_freq 200 --batch_size 32 --optimizer adam --lr 5e-5 --weight_decay 0 --resnet_dropout 0 --resnet18 False --pretrained True --freeze_bn True --swad LossValley --seed 1 --trial_seed 1 --deterministic --cache disk --prebuild_loader --image_size 224 --quant 1 --q_steps 100
[36mINFO[0m 08/07 12:48:07 | Unique name: 260807_11-28-20_PACS_QTDoG_seed1
[36mINFO[0m 08/07 12:48:07 | Out path: train_output/PACS/260807_11-28-20_PACS_QTDoG_seed1
[36mINFO[0m 08/07 12:48:07 | Algorithm: ERM
[36mINFO[0m 08/07 12:48:07 | Dataset: PACS
+------------+--------------+---------+---------+---------+---------+
| Selection  | art_painting | cartoon |  photo  |  sketch |   Avg.  |
+------------+--------------+---------+---------+---------+---------+
|   oracle   |   88.347%    | 82.676% | 96.781% | 81.966% | 87.442% |
|    iid     |   85.784%    | 82.569% | 96.033% | 79.803% | 86.047% |
|    last    |   80.232%    | 82.676% | 93.488% | 81.966% | 84.590% |
| last (inD) |   96.944%    | 97.068% | 96.216% | 96.306% | 96.633% |
| iid (inD)  |   97.755%    | 97.490% | 97.014% | 97.153% | 97.353% |
|    SWAD    |   89.628%    | 84.168% | 97.829% | 82.029% | 88.414% |
| SWAD (inD) |   98.238%    | 98.596% | 97.807% | 98.324% | 98.241% |
+------------+--------------+---------+---------+---------+---------+
================================================================================
Starting QTDoG, seed=2, physical GPU=2
/home/s21_yhr/miniconda3/envs/GGA/bin/python /home/s21_yhr/lzh/new/DomainBed-new/train_all.py PACS_QTDoG_seed2 --dataset PACS --data_dir /home/s21_yhr/lzh/new/DomainBed-new/dataset --algorithm ERM --steps 5000 --checkpoint_freq 200 --batch_size 32 --optimizer adam --lr 5e-5 --weight_decay 0 --resnet_dropout 0 --resnet18 False --pretrained True --freeze_bn True --swad LossValley --seed 2 --trial_seed 2 --deterministic --cache disk --prebuild_loader --image_size 224 --quant 1 --q_steps 100
================================================================================
[36mINFO[0m 08/07 12:48:15 | Command :: /home/s21_yhr/lzh/new/DomainBed-new/train_all.py PACS_QTDoG_seed2 --dataset PACS --data_dir /home/s21_yhr/lzh/new/DomainBed-new/dataset --algorithm ERM --steps 5000 --checkpoint_freq 200 --batch_size 32 --optimizer adam --lr 5e-5 --weight_decay 0 --resnet_dropout 0 --resnet18 False --pretrained True --freeze_bn True --swad LossValley --seed 2 --trial_seed 2 --deterministic --cache disk --prebuild_loader --image_size 224 --quant 1 --q_steps 100
Environment:
	Python: 3.11.15
	PyTorch: 2.11.0+cu128
	Torchvision: 0.26.0+cu128
	CUDA: 12.8
	CUDNN: 91900
	NumPy: 1.26.4
	PIL: 12.2.0
Args:
	algorithm: ERM
	batch_size: 32
	cache: disk
	cache_root: cache
	cache_size: None
	checkpoint_freq: 200
	configs: []
	data_dir: /home/s21_yhr/lzh/new/DomainBed-new/dataset
	dataset: PACS
	debug: False
	deterministic: True
	end_step: 200
	evalmode: fast
	extra_search: n
	extra_search_end: None
	extra_search_start: None
	gga_l_gamma: 0.001
	grad_fn: sum
	holdout_fraction: 0.2
	model_save: None
	name: PACS_QTDoG_seed2
	neighborhoodSize: 1e-06
	out_dir: train_output/PACS/260807_12-48-15_PACS_QTDoG_seed2
	out_root: train_output/PACS
	prebuild_loader: True
	q_steps: 100
	quant: 1
	resize_mode: stretch
	saliency: False
	saliency_cmap: jet
	saliency_every: 0
	saliency_noise: 0.15
	saliency_num: 16
	saliency_samples: 25
	saliency_split: test_in
	seed: 2
	show: False
	start_step: 100
	steps: 5000
	tb_freq: 10
	test_envs: None
	train_output: train_output
	trial_seed: 2
	unique_name: 260807_12-48-15_PACS_QTDoG_seed2
	work_dir: .
HParams:
	data_augmentation: True
	val_augment: False
	[36mresnet18: False
	[0m[36mresnet_dropout: 0
	[0mclass_balanced: False
	[36moptimizer: adam
	[0m[36mfreeze_bn: True
	[0m[36mpretrained: True
	[0m[36mimage_size: 224
	[0m[36mlr: 5e-05
	[0mbatch_size: 32
	[36mweight_decay: 0
	[0m[36mswad: LossValley
	[0mswad_kwargs: 
	  n_converge: 3
	  n_tolerance: 6
	  tolerance_ratio: 0.3
	test_batchsize: 128
	indomain_test: False
	grad_fn: sum
	extra_search: n
	logdir: train_output/PACS/260807_12-48-15_PACS_QTDoG_seed2
	neighborhoodSize: 1e-06
	start_step: 100
	end_step: 200
	extra_search_start: None
	extra_search_end: None
	gga_l_gamma: 0.001
Dataset:
	[PACS] #envs=4, #classes=7
	env0: art_painting (#2048)
	env1: cartoon (#2344)
	env2: photo (#1670)
	env3: sketch (#3929)

[36mINFO[0m 08/07 12:48:15 | n_steps = 5000
[36mINFO[0m 08/07 12:48:15 | checkpoint_freq = 200
[36mINFO[0m 08/07 12:48:15 | n_steps is updated to 5000 => 5001 for checkpointing
[36mINFO[0m 08/07 12:48:15 | Target test envs = [[0], [1], [2], [3]]
[36mINFO[0m 08/07 12:48:15 | 
[36mINFO[0m 08/07 12:48:16 | Testenv name escaping te_art_painting -> te_art_painting
[36mINFO[0m 08/07 12:48:16 | Test envs = [0], name = te_art_painting
[36mINFO[0m 08/07 12:48:16 | Batch sizes for each domain: [0, 32, 32, 32] (total=96)
[36mINFO[0m 08/07 12:48:16 | steps-per-epoch for each domain: 58.62, 41.75, 98.25 -> min = 41.75
/home/s21_yhr/miniconda3/envs/GGA/lib/python3.11/site-packages/torchvision/models/_utils.py:208: UserWarning: The parameter 'pretrained' is deprecated since 0.13 and may be removed in the future, please use 'weights' instead.
  warnings.warn(
/home/s21_yhr/miniconda3/envs/GGA/lib/python3.11/site-packages/torchvision/models/_utils.py:223: UserWarning: Arguments other than a weight enum or `None` for 'weights' are deprecated since 0.13 and may be removed in the future. The current behavior is equivalent to passing `weights=ResNet50_Weights.IMAGENET1K_V1`. You can also use `weights=ResNet50_Weights.DEFAULT` to get the most up-to-date weights.
  warnings.warn(msg)
[36mINFO[0m 08/07 12:48:21 | # of params = 23522375
[36mINFO[0m 08/07 12:48:25 | test_in     test_out    train_in    train_out   test_in_au  test_out_a  train_out_  tr_outloss  env0_in     env0_in_au  env0_out    env0_out_a  env1_out    env1_out_a  env2_out    env2_out_a  env3_out    env3_out_a  step        epoch       loss        step_time   eval_time   mem_gb     
[36mINFO[0m 08/07 12:48:25 | 0.227578    0.242054    0.000000    0.272842    nan         nan         nan         1.849198    0.227578    nan         0.242054    nan         0.183761    nan         0.404192    nan         0.230573    nan         0           0.000000    2.028783    0.847891    3.558073    8.026237   
[36mINFO[0m 08/07 12:48:45 | Quantizing 53 modules at step 100
[36mINFO[0m 08/07 12:49:11 | 0.801098    0.801956    0.000000    0.947872    nan         nan         nan         0.170548    0.801098    nan         0.801956    nan         0.920940    nan         0.994012    nan         0.928662    nan         200         4.790419    0.261684    0.173025    3.705318    8.674257   
[36mINFO[0m 08/07 12:49:59 | 0.875534    0.887531    0.000000    0.962968    nan         nan         nan         0.107140    0.875534    nan         0.887531    nan         0.967949    nan         0.991018    nan         0.929936    nan         400         9.580838    0.080245    0.179179    3.497968    8.852023   
[36mINFO[0m 08/07 12:50:46 | 0.856010    0.841076    0.000000    0.963678    nan         nan         nan         0.128056    0.856010    nan         0.841076    nan         0.965812    nan         0.994012    nan         0.931210    nan         600         14.371257   0.048392    0.175469    3.029843    9.030033   
[36mINFO[0m 08/07 12:51:37 | 0.738865    0.748166    0.000000    0.942308    nan         nan         nan         0.200333    0.738865    nan         0.748166    nan         0.944444    nan         0.955090    nan         0.927389    nan         800         19.161677   0.039718    0.189698    3.233435    9.207799   
Model converged at step 400, Start step = -1; Threshold = 0.188729, 
[36mINFO[0m 08/07 12:52:24 | 0.876754    0.865526    0.000000    0.968513    nan         nan         nan         0.123408    0.876754    nan         0.865526    nan         0.976496    nan         0.994012    nan         0.935032    nan         1000        23.952096   0.030593    0.173670    3.519167    9.560828   
[36mINFO[0m 08/07 12:53:14 | 0.834045    0.845966    0.000000    0.947180    nan         nan         nan         0.147539    0.834045    nan         0.845966    nan         0.965812    nan         0.961078    nan         0.914650    nan         1200        28.742515   0.031535    0.185508    3.215955    9.739998   
[36mINFO[0m 08/07 12:54:03 | 0.885296    0.899756    0.000000    0.970623    nan         nan         nan         0.113134    0.885296    nan         0.899756    nan         0.970085    nan         0.994012    nan         0.947771    nan         1400        33.532934   0.027784    0.180674    3.291189    9.919351   
[36mINFO[0m 08/07 12:54:52 | 0.849908    0.853301    0.000000    0.964529    nan         nan         nan         0.135105    0.849908    nan         0.853301    nan         0.970085    nan         0.991018    nan         0.932484    nan         1600        38.323353   0.025086    0.181214    4.088883    9.919351   
[36mINFO[0m 08/07 12:55:45 | 0.846248    0.819071    0.000000    0.957254    nan         nan         nan         0.164598    0.846248    nan         0.819071    nan         0.963675    nan         0.973054    nan         0.935032    nan         1800        43.113772   0.018781    0.179140    3.155237    9.919351   
[36mINFO[0m 08/07 12:56:35 | 0.885296    0.892421    0.000000    0.968349    nan         nan         nan         0.116128    0.885296    nan         0.892421    nan         0.965812    nan         0.994012    nan         0.945223    nan         2000        47.904192   0.020733    0.177175    3.127495    9.920388   
[36mINFO[0m 08/07 12:57:28 | 0.854179    0.865526    0.000000    0.968343    nan         nan         nan         0.099650    0.854179    nan         0.865526    nan         0.976496    nan         0.982036    nan         0.946497    nan         2200        52.694611   0.016920    0.182992    3.229815    9.926370   
[36mINFO[0m 08/07 12:58:17 | 0.760220    0.750611    0.000000    0.963349    nan         nan         nan         0.166700    0.760220    nan         0.750611    nan         0.967949    nan         0.973054    nan         0.949045    nan         2400        57.485030   0.013037    0.173349    2.813096    9.931252   
[36mINFO[0m 08/07 12:59:02 | 0.860891    0.872861    0.000000    0.967484    nan         nan         nan         0.119527    0.860891    nan         0.872861    nan         0.978632    nan         0.976048    nan         0.947771    nan         2600        62.275449   0.021581    0.161284    2.803481    9.932900   
[36mINFO[0m 08/07 12:59:46 | 0.847468    0.848411    0.000000    0.966915    nan         nan         nan         0.127228    0.847468    nan         0.848411    nan         0.963675    nan         0.988024    nan         0.949045    nan         2800        67.065868   0.019817    0.158642    2.727790    9.933389   
[36mINFO[0m 08/07 13:00:31 | 0.812691    0.816626    0.000000    0.968353    nan         nan         nan         0.142876    0.812691    nan         0.816626    nan         0.974359    nan         0.988024    nan         0.942675    nan         3000        71.856287   0.013412    0.164026    2.830356    9.935281   
[36mINFO[0m 08/07 13:01:15 | 0.832215    0.855746    0.000000    0.967343    nan         nan         nan         0.150627    0.832215    nan         0.855746    nan         0.972222    nan         0.982036    nan         0.947771    nan         3200        76.646707   0.011627    0.159009    2.801517    9.935281   
[36mINFO[0m 08/07 13:01:59 | 0.824893    0.823961    0.000000    0.963793    nan         nan         nan         0.154875    0.824893    nan         0.823961    nan         0.963675    nan         0.985030    nan         0.942675    nan         3400        81.437126   0.015224    0.158168    2.796582    9.935281   
[36mINFO[0m 08/07 13:02:45 | 0.836486    0.841076    0.000000    0.970900    nan         nan         nan         0.118612    0.836486    nan         0.841076    nan         0.974359    nan         0.988024    nan         0.950318    nan         3600        86.227545   0.014328    0.160941    2.776500    9.935281   
[36mINFO[0m 08/07 13:03:31 | 0.829164    0.828851    0.000000    0.965339    nan         nan         nan         0.130244    0.829164    nan         0.828851    nan         0.978632    nan         0.967066    nan         0.950318    nan         3800        91.017964   0.010480    0.165580    3.279904    9.935281   
[36mINFO[0m 08/07 13:04:24 | 0.809030    0.811736    0.000000    0.957115    nan         nan         nan         0.155345    0.809030    nan         0.811736    nan         0.961538    nan         0.976048    nan         0.933758    nan         4000        95.808383   0.018633    0.183020    3.245633    9.935281   
[36mINFO[0m 08/07 13:05:13 | 0.804149    0.828851    0.000000    0.965519    nan         nan         nan         0.133312    0.804149    nan         0.828851    nan         0.976496    nan         0.985030    nan         0.935032    nan         4200        100.598802  0.013748    0.171045    3.159235    9.935281   
[36mINFO[0m 08/07 13:06:06 | 0.747407    0.777506    0.000000    0.961500    nan         nan         nan         0.121682    0.747407    nan         0.777506    nan         0.963675    nan         0.973054    nan         0.947771    nan         4400        105.389222  0.013024    0.185164    3.201551    9.935281   
[36mINFO[0m 08/07 13:06:58 | 0.816351    0.809291    0.000000    0.963648    nan         nan         nan         0.194347    0.816351    nan         0.809291    nan         0.972222    nan         0.976048    nan         0.942675    nan         4600        110.179641  0.007194    0.181756    3.360381    9.935281   
[36mINFO[0m 08/07 13:07:51 | 0.826113    0.838631    0.000000    0.972611    nan         nan         nan         0.119958    0.826113    nan         0.838631    nan         0.976496    nan         0.991018    nan         0.950318    nan         4800        114.970060  0.010268    0.184574    3.470520    9.935281   
[36mINFO[0m 08/07 13:08:41 | 0.838316    0.828851    0.000000    0.960222    nan         nan         nan         0.137097    0.838316    nan         0.828851    nan         0.955128    nan         0.979042    nan         0.946497    nan         5000        119.760479  0.017141    0.173074    3.332024    9.935281   
[36mINFO[0m 08/07 13:08:45 | ---
[33mWARNING[0m 08/07 13:09:03 | Evaluate SWAD ...
[36mINFO[0m 08/07 13:09:06 | 0.897498    0.909535    0.000000    0.978440    nan         nan         nan         0.067633    0.897498    nan         0.909535    nan         0.978632    nan         1.000000    nan         0.956688    nan         [201-5000]  (N=24)
[36mINFO[0m 08/07 13:09:06 | oracle = 88.530%
[36mINFO[0m 08/07 13:09:06 | iid = 82.611%
[36mINFO[0m 08/07 13:09:06 | last = 83.832%
[36mINFO[0m 08/07 13:09:06 | last (inD) = 96.022%
[36mINFO[0m 08/07 13:09:06 | iid (inD) = 97.261%
[36mINFO[0m 08/07 13:09:06 | SWAD = 89.750%
[36mINFO[0m 08/07 13:09:06 | SWAD (inD) = 97.844%
[36mINFO[0m 08/07 13:09:07 | 
[36mINFO[0m 08/07 13:09:08 | Testenv name escaping te_cartoon -> te_cartoon
[36mINFO[0m 08/07 13:09:08 | Test envs = [1], name = te_cartoon
[36mINFO[0m 08/07 13:09:08 | Batch sizes for each domain: [32, 0, 32, 32] (total=96)
[36mINFO[0m 08/07 13:09:08 | steps-per-epoch for each domain: 51.22, 41.75, 98.25 -> min = 41.75
[36mINFO[0m 08/07 13:09:14 | # of params = 23522375
[36mINFO[0m 08/07 13:09:17 | test_in     test_out    train_in    train_out   test_in_au  train_out_  tr_outloss  test_out_a  env0_out    env0_out_a  env1_in     env1_in_au  env1_out    env1_out_a  env2_out    env2_out_a  env3_out    env3_out_a  step        epoch       loss        step_time   eval_time   mem_gb     
[36mINFO[0m 08/07 13:09:17 | 0.210554    0.232906    0.000000    0.283329    nan         nan         1.855394    nan         0.286064    nan         0.210554    nan         0.232906    nan         0.296407    nan         0.267516    nan         0           0.000000    2.016134    0.160511    3.436943    8.026054   
[36mINFO[0m 08/07 13:09:39 | Quantizing 53 modules at step 100
[36mINFO[0m 08/07 13:10:06 | 0.756397    0.807692    0.000000    0.952222    nan         nan         0.139417    nan         0.953545    nan         0.756397    nan         0.807692    nan         0.991018    nan         0.912102    nan         200         4.790419    0.248288    0.184474    3.792517    8.671654   
[36mINFO[0m 08/07 13:10:56 | 0.765458    0.803419    0.000000    0.958811    nan         nan         0.118670    nan         0.955990    nan         0.765458    nan         0.803419    nan         0.979042    nan         0.941401    nan         400         9.580838    0.087420    0.181740    4.038607    8.855319   
[36mINFO[0m 08/07 13:11:49 | 0.791578    0.814103    0.000000    0.955976    nan         nan         0.136407    nan         0.946210    nan         0.791578    nan         0.814103    nan         0.979042    nan         0.942675    nan         600         14.371257   0.060544    0.196481    3.457324    9.032780   
[36mINFO[0m 08/07 13:12:46 | 0.743603    0.773504    0.000000    0.946634    nan         nan         0.190853    nan         0.946210    nan         0.743603    nan         0.773504    nan         0.979042    nan         0.914650    nan         800         19.161677   0.050846    0.205628    4.373375    9.212621   
Model converged at step 400, Start step = 201; Threshold = 0.193236, 
[36mINFO[0m 08/07 13:13:49 | 0.786780    0.794872    0.000000    0.957581    nan         nan         0.122941    nan         0.943765    nan         0.786780    nan         0.794872    nan         0.985030    nan         0.943949    nan         1000        23.952096   0.032302    0.190543    3.690985    9.566260   
[36mINFO[0m 08/07 13:14:37 | 0.789446    0.816239    0.000000    0.951715    nan         nan         0.194059    nan         0.929095    nan         0.789446    nan         0.816239    nan         0.991018    nan         0.935032    nan         1200        28.742515   0.022623    0.181190    3.495521    9.742805   
[36mINFO[0m 08/07 13:15:28 | 0.793710    0.797009    0.000000    0.956732    nan         nan         0.155813    nan         0.943765    nan         0.793710    nan         0.797009    nan         0.985030    nan         0.941401    nan         1400        33.532934   0.029023    0.185863    3.609919    9.919473   
[36mINFO[0m 08/07 13:16:20 | 0.762793    0.807692    0.000000    0.960231    nan         nan         0.180700    nan         0.948655    nan         0.762793    nan         0.807692    nan         0.997006    nan         0.935032    nan         1600        38.323353   0.028663    0.180007    3.632847    9.919473   
[36mINFO[0m 08/07 13:17:16 | 0.778785    0.797009    0.000000    0.954643    nan         nan         0.154427    nan         0.941320    nan         0.778785    nan         0.797009    nan         0.985030    nan         0.937580    nan         1800        43.113772   0.025151    0.190185    4.748356    9.920938   
[36mINFO[0m 08/07 13:18:07 | 0.770256    0.784188    0.000000    0.950924    nan         nan         0.198229    nan         0.933985    nan         0.770256    nan         0.784188    nan         0.985030    nan         0.933758    nan         2000        47.904192   0.038296    0.179661    3.468243    9.920938   
[36mINFO[0m 08/07 13:19:09 | 0.787313    0.801282    0.000000    0.946306    nan         nan         0.225575    nan         0.943765    nan         0.787313    nan         0.801282    nan         0.946108    nan         0.949045    nan         2200        52.694611   0.019163    0.209882    3.972467    9.921975   
[36mINFO[0m 08/07 13:20:04 | 0.764392    0.773504    0.000000    0.958545    nan         nan         0.150701    nan         0.946210    nan         0.764392    nan         0.773504    nan         0.988024    nan         0.941401    nan         2400        57.485030   0.018176    0.185754    4.094873    9.921975   
[36mINFO[0m 08/07 13:20:56 | 0.811301    0.816239    0.000000    0.962996    nan         nan         0.157542    nan         0.943765    nan         0.811301    nan         0.816239    nan         1.000000    nan         0.945223    nan         2600        62.275449   0.009733    0.182753    3.545511    9.927407   
[36mINFO[0m 08/07 13:21:49 | 0.811301    0.824786    0.000000    0.956136    nan         nan         0.174441    nan         0.955990    nan         0.811301    nan         0.824786    nan         0.985030    nan         0.927389    nan         2800        67.065868   0.018384    0.183623    3.693781    9.929116   
[36mINFO[0m 08/07 13:22:37 | 0.761727    0.784188    0.000000    0.940849    nan         nan         0.248694    nan         0.924205    nan         0.761727    nan         0.784188    nan         0.976048    nan         0.922293    nan         3000        71.856287   0.018531    0.168863    3.010530    9.929116   
[36mINFO[0m 08/07 13:23:22 | 0.809168    0.831197    0.000000    0.944212    nan         nan         0.221363    nan         0.926650    nan         0.809168    nan         0.831197    nan         0.976048    nan         0.929936    nan         3200        76.646707   0.017793    0.163853    3.061484    9.929727   
[36mINFO[0m 08/07 13:24:07 | 0.790512    0.809829    0.000000    0.955022    nan         nan         0.181570    nan         0.933985    nan         0.790512    nan         0.809829    nan         0.982036    nan         0.949045    nan         3400        81.437126   0.018936    0.159298    3.023345    9.929727   
[36mINFO[0m 08/07 13:24:51 | 0.788380    0.818376    0.000000    0.956283    nan         nan         0.169360    nan         0.936430    nan         0.788380    nan         0.818376    nan         0.991018    nan         0.941401    nan         3600        86.227545   0.016676    0.161004    2.974831    9.929727   
[36mINFO[0m 08/07 13:25:36 | 0.793177    0.805556    0.000000    0.955620    nan         nan         0.189881    nan         0.941320    nan         0.793177    nan         0.805556    nan         0.979042    nan         0.946497    nan         3800        91.017964   0.009198    0.159918    3.046563    9.929727   
[36mINFO[0m 08/07 13:26:20 | 0.767591    0.775641    0.000000    0.961988    nan         nan         0.144048    nan         0.953545    nan         0.767591    nan         0.775641    nan         0.991018    nan         0.941401    nan         4000        95.808383   0.017375    0.160179    2.996627    9.929727   
[36mINFO[0m 08/07 13:27:08 | 0.838486    0.848291    0.000000    0.962733    nan         nan         0.135733    nan         0.941320    nan         0.838486    nan         0.848291    nan         0.994012    nan         0.952866    nan         4200        100.598802  0.019788    0.167226    2.991454    9.931436   
[36mINFO[0m 08/07 13:27:53 | 0.777186    0.779915    0.000000    0.951164    nan         nan         0.236238    nan         0.916870    nan         0.777186    nan         0.779915    nan         0.985030    nan         0.951592    nan         4400        105.389222  0.012563    0.161090    3.033278    9.933755   
[36mINFO[0m 08/07 13:28:42 | 0.762260    0.773504    0.000000    0.948690    nan         nan         0.182769    nan         0.938875    nan         0.762260    nan         0.773504    nan         0.967066    nan         0.940127    nan         4600        110.179641  0.019623    0.172042    3.422461    9.933755   
[36mINFO[0m 08/07 13:29:33 | 0.794776    0.807692    0.000000    0.954988    nan         nan         0.183504    nan         0.936430    nan         0.794776    nan         0.807692    nan         0.982036    nan         0.946497    nan         4800        114.970060  0.014885    0.176878    3.297390    9.933755   
[36mINFO[0m 08/07 13:30:28 | 0.797441    0.805556    0.000000    0.940588    nan         nan         0.263028    nan         0.929095    nan         0.797441    nan         0.805556    nan         0.955090    nan         0.937580    nan         5000        119.760479  0.005914    0.190625    3.507463    9.936807   
[36mINFO[0m 08/07 13:30:32 | ---
[33mWARNING[0m 08/07 13:30:45 | Evaluate SWAD ...
[36mINFO[0m 08/07 13:30:49 | 0.828891    0.844017    0.000000    0.976632    nan         nan         0.084240    nan         0.970660    nan         0.828891    nan         0.844017    nan         1.000000    nan         0.959236    nan         [201-4800]  (N=26)
[36mINFO[0m 08/07 13:30:49 | oracle = 83.849%
[36mINFO[0m 08/07 13:30:49 | iid = 81.130%
[36mINFO[0m 08/07 13:30:49 | last = 79.744%
[36mINFO[0m 08/07 13:30:49 | last (inD) = 94.059%
[36mINFO[0m 08/07 13:30:49 | iid (inD) = 96.300%
[36mINFO[0m 08/07 13:30:49 | SWAD = 82.889%
[36mINFO[0m 08/07 13:30:49 | SWAD (inD) = 97.663%
[36mINFO[0m 08/07 13:30:50 | 
[36mINFO[0m 08/07 13:30:51 | Testenv name escaping te_photo -> te_photo
[36mINFO[0m 08/07 13:30:51 | Test envs = [2], name = te_photo
[36mINFO[0m 08/07 13:30:51 | Batch sizes for each domain: [32, 32, 0, 32] (total=96)
[36mINFO[0m 08/07 13:30:51 | steps-per-epoch for each domain: 51.22, 58.62, 98.25 -> min = 51.22
[36mINFO[0m 08/07 13:30:58 | # of params = 23522375
[36mINFO[0m 08/07 13:31:02 | test_in     test_out    train_in    train_out   test_in_au  train_out_  tr_outloss  test_out_a  env0_out    env0_out_a  env1_out    env1_out_a  env2_in     env2_in_au  env2_out    env2_out_a  env3_out    env3_out_a  step        epoch       loss        step_time   eval_time   mem_gb     
[36mINFO[0m 08/07 13:31:02 | 0.262725    0.272455    0.000000    0.219200    nan         nan         1.860972    nan         0.205379    nan         0.198718    nan         0.262725    nan         0.272455    nan         0.253503    nan         0           0.000000    1.968018    0.250108    3.391164    8.026054   
[36mINFO[0m 08/07 13:31:25 | Quantizing 53 modules at step 100
[36mINFO[0m 08/07 13:31:52 | 0.963323    0.955090    0.000000    0.931800    nan         nan         0.199758    nan         0.931540    nan         0.959402    nan         0.963323    nan         0.955090    nan         0.904459    nan         200         3.904820    0.351358    0.192001    2.721593    8.671654   
[36mINFO[0m 08/07 13:32:40 | 0.967066    0.964072    0.000000    0.942409    nan         nan         0.198493    nan         0.933985    nan         0.972222    nan         0.967066    nan         0.964072    nan         0.921019    nan         400         7.809640    0.106099    0.181921    2.924535    8.855319   
[36mINFO[0m 08/07 13:33:28 | 0.973802    0.982036    0.000000    0.955524    nan         nan         0.134799    nan         0.965770    nan         0.959402    nan         0.973802    nan         0.982036    nan         0.941401    nan         600         11.714460   0.069025    0.178112    2.849887    9.032780   
[36mINFO[0m 08/07 13:34:15 | 0.972305    0.970060    0.000000    0.951401    nan         nan         0.167634    nan         0.965770    nan         0.950855    nan         0.972305    nan         0.970060    nan         0.937580    nan         800         15.619280   0.049039    0.176021    2.964037    9.212621   
[36mINFO[0m 08/07 13:35:04 | 0.973802    0.967066    0.000000    0.952230    nan         nan         0.159708    nan         0.958435    nan         0.959402    nan         0.973802    nan         0.967066    nan         0.938854    nan         1000        19.524100   0.036245    0.183151    2.949781    9.389776   
Model converged at step 600, Start step = 201; Threshold = 0.200261, 
[36mINFO[0m 08/07 13:36:02 | 0.973054    0.973054    0.000000    0.928609    nan         nan         0.283513    nan         0.926650    nan         0.957265    nan         0.973054    nan         0.973054    nan         0.901911    nan         1200        23.428920   0.034345    0.187175    2.868693    9.746956   
[36mINFO[0m 08/07 13:36:48 | 0.956587    0.970060    0.000000    0.943587    nan         nan         0.185702    nan         0.929095    nan         0.961538    nan         0.956587    nan         0.970060    nan         0.940127    nan         1400        27.333740   0.036618    0.174520    2.919974    9.922402   
[36mINFO[0m 08/07 13:37:39 | 0.951347    0.955090    0.000000    0.948169    nan         nan         0.179470    nan         0.946210    nan         0.965812    nan         0.951347    nan         0.955090    nan         0.932484    nan         1600        31.238560   0.022918    0.186494    2.795429    9.923013   
[36mINFO[0m 08/07 13:38:30 | 0.966317    0.967066    0.000000    0.955504    nan         nan         0.178558    nan         0.948655    nan         0.970085    nan         0.966317    nan         0.967066    nan         0.947771    nan         1800        35.143380   0.037343    0.180596    2.935946    9.923135   
[36mINFO[0m 08/07 13:39:23 | 0.947605    0.955090    0.000000    0.938718    nan         nan         0.232624    nan         0.941320    nan         0.948718    nan         0.947605    nan         0.955090    nan         0.926115    nan         2000        39.048200   0.029533    0.182812    3.704878    9.923135   
[36mINFO[0m 08/07 13:40:12 | 0.947605    0.958084    0.000000    0.949648    nan         nan         0.181259    nan         0.941320    nan         0.963675    nan         0.947605    nan         0.958084    nan         0.943949    nan         2200        42.953020   0.020728    0.170291    3.175505    9.923135   
[36mINFO[0m 08/07 13:41:12 | 0.948353    0.952096    0.000000    0.936225    nan         nan         0.232546    nan         0.916870    nan         0.946581    nan         0.948353    nan         0.952096    nan         0.945223    nan         2400        46.857840   0.025787    0.212959    3.064502    9.925271   
[36mINFO[0m 08/07 13:42:01 | 0.958832    0.961078    0.000000    0.951073    nan         nan         0.205714    nan         0.941320    nan         0.967949    nan         0.958832    nan         0.961078    nan         0.943949    nan         2600        50.762660   0.017421    0.171967    2.810963    9.925271   
[36mINFO[0m 08/07 13:42:53 | 0.954341    0.955090    0.000000    0.961798    nan         nan         0.150896    nan         0.946210    nan         0.985043    nan         0.954341    nan         0.955090    nan         0.954140    nan         2800        54.667480   0.020712    0.182990    2.946666    9.925271   
[36mINFO[0m 08/07 13:43:43 | 0.940868    0.937126    0.000000    0.951806    nan         nan         0.164081    nan         0.948655    nan         0.961538    nan         0.940868    nan         0.937126    nan         0.945223    nan         3000        58.572300   0.019323    0.174132    2.898986    9.927651   
[36mINFO[0m 08/07 13:44:35 | 0.952096    0.943114    0.000000    0.946032    nan         nan         0.240088    nan         0.926650    nan         0.963675    nan         0.952096    nan         0.943114    nan         0.947771    nan         3200        62.477120   0.018505    0.180078    2.868298    9.928811   
[36mINFO[0m 08/07 13:45:25 | 0.957335    0.958084    0.000000    0.958421    nan         nan         0.170327    nan         0.963325    nan         0.974359    nan         0.957335    nan         0.958084    nan         0.937580    nan         3400        66.381940   0.025673    0.175225    2.728259    9.933694   
[36mINFO[0m 08/07 13:46:15 | 0.955090    0.934132    0.000000    0.947155    nan         nan         0.179303    nan         0.936430    nan         0.957265    nan         0.955090    nan         0.934132    nan         0.947771    nan         3600        70.286760   0.025218    0.173490    3.247308    9.933694   
[36mINFO[0m 08/07 13:47:06 | 0.959581    0.949102    0.000000    0.956757    nan         nan         0.184528    nan         0.951100    nan         0.976496    nan         0.959581    nan         0.949102    nan         0.942675    nan         3800        74.191580   0.013289    0.176603    2.820027    9.933694   
[36mINFO[0m 08/07 13:47:55 | 0.949850    0.952096    0.000000    0.953990    nan         nan         0.187482    nan         0.946210    nan         0.974359    nan         0.949850    nan         0.952096    nan         0.941401    nan         4000        78.096400   0.018147    0.171441    2.580631    9.933694   
[36mINFO[0m 08/07 13:48:40 | 0.958832    0.958084    0.000000    0.952668    nan         nan         0.152674    nan         0.948655    nan         0.967949    nan         0.958832    nan         0.958084    nan         0.941401    nan         4200        82.001220   0.015238    0.162024    2.539137    9.933694   
[36mINFO[0m 08/07 13:49:24 | 0.952096    0.967066    0.000000    0.946813    nan         nan         0.209373    nan         0.941320    nan         0.961538    nan         0.952096    nan         0.967066    nan         0.937580    nan         4400        85.906040   0.012348    0.160342    2.594575    9.933694   
[36mINFO[0m 08/07 13:50:09 | 0.960329    0.949102    0.000000    0.942464    nan         nan         0.253436    nan         0.909535    nan         0.970085    nan         0.960329    nan         0.949102    nan         0.947771    nan         4600        89.810860   0.016903    0.163023    3.044877    9.933694   
[36mINFO[0m 08/07 13:50:56 | 0.931886    0.943114    0.000000    0.953346    nan         nan         0.171783    nan         0.941320    nan         0.972222    nan         0.931886    nan         0.943114    nan         0.946497    nan         4800        93.715680   0.023296    0.159792    2.632602    9.933694   
[36mINFO[0m 08/07 13:51:42 | 0.944611    0.952096    0.000000    0.963311    nan         nan         0.150112    nan         0.958435    nan         0.978632    nan         0.944611    nan         0.952096    nan         0.952866    nan         5000        97.620500   0.012741    0.161082    3.351460    9.933999   
[36mINFO[0m 08/07 13:51:47 | ---
[33mWARNING[0m 08/07 13:52:00 | Evaluate SWAD ...
[36mINFO[0m 08/07 13:52:03 | 0.976048    0.976048    0.000000    0.968811    nan         nan         0.107048    nan         0.970660    nan         0.982906    nan         0.976048    nan         0.976048    nan         0.952866    nan         [201-5000]  (N=26)
[36mINFO[0m 08/07 13:52:03 | oracle = 97.380%
[36mINFO[0m 08/07 13:52:03 | iid = 94.461%
[36mINFO[0m 08/07 13:52:03 | last = 94.461%
[36mINFO[0m 08/07 13:52:03 | last (inD) = 96.331%
[36mINFO[0m 08/07 13:52:03 | iid (inD) = 96.331%
[36mINFO[0m 08/07 13:52:03 | SWAD = 97.605%
[36mINFO[0m 08/07 13:52:03 | SWAD (inD) = 96.881%
[36mINFO[0m 08/07 13:52:04 | 
[36mINFO[0m 08/07 13:52:04 | Testenv name escaping te_sketch -> te_sketch
[36mINFO[0m 08/07 13:52:04 | Test envs = [3], name = te_sketch
[36mINFO[0m 08/07 13:52:04 | Batch sizes for each domain: [32, 32, 32, 0] (total=96)
[36mINFO[0m 08/07 13:52:04 | steps-per-epoch for each domain: 51.22, 58.62, 41.75 -> min = 41.75
[36mINFO[0m 08/07 13:52:12 | # of params = 23522375
[36mINFO[0m 08/07 13:52:16 | test_in     test_out    train_in    train_out   test_in_au  train_out_  tr_outloss  test_out_a  env0_out    env0_out_a  env1_out    env1_out_a  env2_out    env2_out_a  env3_in     env3_in_au  env3_out    env3_out_a  step        epoch       loss        step_time   eval_time   mem_gb     
[36mINFO[0m 08/07 13:52:16 | 0.224237    0.217834    0.000000    0.257773    nan         nan         1.854694    nan         0.254279    nan         0.243590    nan         0.275449    nan         0.224237    nan         0.217834    nan         0           0.000000    1.992181    0.161791    3.995748    8.026054   
[36mINFO[0m 08/07 13:52:35 | Quantizing 53 modules at step 100
[36mINFO[0m 08/07 13:52:58 | 0.718193    0.719745    0.000000    0.964771    nan         nan         0.116085    nan         0.941320    nan         0.952991    nan         1.000000    nan         0.718193    nan         0.719745    nan         200         4.790419    0.243657    0.158382    4.114132    8.671654   
[36mINFO[0m 08/07 13:53:42 | 0.736323    0.729936    0.000000    0.960535    nan         nan         0.110989    nan         0.938875    nan         0.948718    nan         0.994012    nan         0.736323    nan         0.729936    nan         400         9.580838    0.075034    0.164900    3.956786    8.855319   
[36mINFO[0m 08/07 13:54:37 | 0.758588    0.751592    0.000000    0.952163    nan         nan         0.175582    nan         0.936430    nan         0.952991    nan         0.967066    nan         0.758588    nan         0.751592    nan         600         14.371257   0.047606    0.197233    5.025408    9.032780   
[36mINFO[0m 08/07 13:55:33 | 0.780216    0.761783    0.000000    0.969230    nan         nan         0.129842    nan         0.955990    nan         0.963675    nan         0.988024    nan         0.780216    nan         0.761783    nan         800         19.161677   0.040918    0.200653    5.046818    9.212621   
Model converged at step 400, Start step = 201; Threshold = 0.180446, 
[36mINFO[0m 08/07 13:56:36 | 0.768448    0.763057    0.000000    0.968473    nan         nan         0.115286    nan         0.941320    nan         0.970085    nan         0.994012    nan         0.768448    nan         0.763057    nan         1000        23.952096   0.025217    0.197527    5.444915    9.566260   
[36mINFO[0m 08/07 13:57:28 | 0.773219    0.783439    0.000000    0.964648    nan         nan         0.129756    nan         0.948655    nan         0.957265    nan         0.988024    nan         0.773219    nan         0.783439    nan         1200        28.742515   0.040563    0.187378    4.544508    9.742805   
[36mINFO[0m 08/07 13:58:24 | 0.783079    0.771975    0.000000    0.963951    nan         nan         0.121002    nan         0.938875    nan         0.967949    nan         0.985030    nan         0.783079    nan         0.771975    nan         1400        33.532934   0.027626    0.197690    5.251045    9.919473   
[36mINFO[0m 08/07 13:59:21 | 0.769720    0.751592    0.000000    0.969105    nan         nan         0.128504    nan         0.946210    nan         0.970085    nan         0.991018    nan         0.769720    nan         0.751592    nan         1600        38.323353   0.021165    0.188557    5.526038    9.919473   
[36mINFO[0m 08/07 14:00:19 | 0.754771    0.743949    0.000000    0.966198    nan         nan         0.108224    nan         0.958435    nan         0.955128    nan         0.985030    nan         0.754771    nan         0.743949    nan         1800        43.113772   0.015999    0.193008    5.992980    9.920938   
[36mINFO[0m 08/07 14:01:12 | 0.740776    0.754140    0.000000    0.968129    nan         nan         0.107868    nan         0.953545    nan         0.965812    nan         0.985030    nan         0.740776    nan         0.754140    nan         2000        47.904192   0.018432    0.179793    4.793369    9.920938   
[36mINFO[0m 08/07 14:02:08 | 0.790394    0.775796    0.000000    0.962610    nan         nan         0.133581    nan         0.951100    nan         0.963675    nan         0.973054    nan         0.790394    nan         0.775796    nan         2200        52.694611   0.016721    0.189579    4.704605    9.921975   
[36mINFO[0m 08/07 14:03:01 | 0.812977    0.780892    0.000000    0.968819    nan         nan         0.115423    nan         0.946210    nan         0.972222    nan         0.988024    nan         0.812977    nan         0.780892    nan         2400        57.485030   0.023792    0.184423    4.635416    9.921975   
[36mINFO[0m 08/07 14:03:58 | 0.709606    0.710828    0.000000    0.956405    nan         nan         0.145601    nan         0.955990    nan         0.940171    nan         0.973054    nan         0.709606    nan         0.710828    nan         2600        62.275449   0.019264    0.189325    5.765965    9.927407   
[36mINFO[0m 08/07 14:04:51 | 0.803753    0.780892    0.000000    0.958436    nan         nan         0.155616    nan         0.936430    nan         0.950855    nan         0.988024    nan         0.803753    nan         0.780892    nan         2800        67.065868   0.011621    0.182138    4.678034    9.929116   
[36mINFO[0m 08/07 14:05:57 | 0.732188    0.722293    0.000000    0.944830    nan         nan         0.250318    nan         0.931540    nan         0.950855    nan         0.952096    nan         0.732188    nan         0.722293    nan         3000        71.856287   0.013183    0.223770    4.963376    9.929116   
[36mINFO[0m 08/07 14:06:53 | 0.784987    0.777070    0.000000    0.965639    nan         nan         0.156279    nan         0.931540    nan         0.974359    nan         0.991018    nan         0.784987    nan         0.777070    nan         3200        76.646707   0.016919    0.187798    4.696115    9.929727   
[36mINFO[0m 08/07 14:07:49 | 0.809796    0.788535    0.000000    0.961513    nan         nan         0.143161    nan         0.948655    nan         0.950855    nan         0.985030    nan         0.809796    nan         0.788535    nan         3400        81.437126   0.016706    0.190645    4.966299    9.929727   
[36mINFO[0m 08/07 14:08:47 | 0.793257    0.784713    0.000000    0.960714    nan         nan         0.163558    nan         0.936430    nan         0.963675    nan         0.982036    nan         0.793257    nan         0.784713    nan         3600        86.227545   0.013500    0.195035    6.536108    9.929727   
[36mINFO[0m 08/07 14:09:48 | 0.770674    0.765605    0.000000    0.944401    nan         nan         0.222839    nan         0.914425    nan         0.948718    nan         0.970060    nan         0.770674    nan         0.765605    nan         3800        91.017964   0.012654    0.201101    4.952222    9.929727   
[36mINFO[0m 08/07 14:10:43 | 0.698155    0.707006    0.000000    0.952506    nan         nan         0.177417    nan         0.924205    nan         0.957265    nan         0.976048    nan         0.698155    nan         0.707006    nan         4000        95.808383   0.020527    0.188461    4.661197    9.929727   
[36mINFO[0m 08/07 14:11:40 | 0.766539    0.757962    0.000000    0.957823    nan         nan         0.169593    nan         0.938875    nan         0.961538    nan         0.973054    nan         0.766539    nan         0.757962    nan         4200        100.598802  0.013471    0.190995    4.744423    9.931436   
[36mINFO[0m 08/07 14:12:33 | 0.846056    0.833121    0.000000    0.963197    nan         nan         0.174203    nan         0.941320    nan         0.972222    nan         0.976048    nan         0.846056    nan         0.833121    nan         4400        105.389222  0.014907    0.183956    4.433782    9.933755   
[36mINFO[0m 08/07 14:13:20 | 0.751272    0.742675    0.000000    0.933420    nan         nan         0.267785    nan         0.897311    nan         0.950855    nan         0.952096    nan         0.751272    nan         0.742675    nan         4600        110.179641  0.010293    0.163610    3.933650    9.933755   
[36mINFO[0m 08/07 14:14:09 | 0.830789    0.819108    0.000000    0.966723    nan         nan         0.125424    nan         0.960880    nan         0.972222    nan         0.967066    nan         0.830789    nan         0.819108    nan         4800        114.970060  0.013370    0.171237    4.000594    9.933755   
[36mINFO[0m 08/07 14:14:56 | 0.778944    0.768153    0.000000    0.960040    nan         nan         0.189130    nan         0.933985    nan         0.970085    nan         0.976048    nan         0.778944    nan         0.768153    nan         5000        119.760479  0.005761    0.167328    4.030147    9.936807   
[36mINFO[0m 08/07 14:14:59 | ---
[33mWARNING[0m 08/07 14:15:10 | Evaluate SWAD ...
[36mINFO[0m 08/07 14:15:14 | 0.834288    0.821656    0.000000    0.983238    nan         nan         0.064323    nan         0.970660    nan         0.985043    nan         0.994012    nan         0.834288    nan         0.821656    nan         [201-4800]  (N=26)
[36mINFO[0m 08/07 14:15:14 | oracle = 84.606%
[36mINFO[0m 08/07 14:15:14 | iid = 78.022%
[36mINFO[0m 08/07 14:15:14 | last = 77.894%
[36mINFO[0m 08/07 14:15:14 | last (inD) = 96.004%
[36mINFO[0m 08/07 14:15:14 | iid (inD) = 96.923%
[36mINFO[0m 08/07 14:15:14 | SWAD = 83.429%
[36mINFO[0m 08/07 14:15:14 | SWAD (inD) = 98.324%
[36mINFO[0m 08/07 14:15:15 | === Summary ===
[36mINFO[0m 08/07 14:15:15 | Command: /home/s21_yhr/lzh/new/DomainBed-new/train_all.py PACS_QTDoG_seed2 --dataset PACS --data_dir /home/s21_yhr/lzh/new/DomainBed-new/dataset --algorithm ERM --steps 5000 --checkpoint_freq 200 --batch_size 32 --optimizer adam --lr 5e-5 --weight_decay 0 --resnet_dropout 0 --resnet18 False --pretrained True --freeze_bn True --swad LossValley --seed 2 --trial_seed 2 --deterministic --cache disk --prebuild_loader --image_size 224 --quant 1 --q_steps 100
[36mINFO[0m 08/07 14:15:15 | Unique name: 260807_12-48-15_PACS_QTDoG_seed2
[36mINFO[0m 08/07 14:15:15 | Out path: train_output/PACS/260807_12-48-15_PACS_QTDoG_seed2
[36mINFO[0m 08/07 14:15:15 | Algorithm: ERM
[36mINFO[0m 08/07 14:15:15 | Dataset: PACS
+------------+--------------+---------+---------+---------+---------+
| Selection  | art_painting | cartoon |  photo  |  sketch |   Avg.  |
+------------+--------------+---------+---------+---------+---------+
|   oracle   |   88.530%    | 83.849% | 97.380% | 84.606% | 88.591% |
|    iid     |   82.611%    | 81.130% | 94.461% | 78.022% | 84.056% |
|    last    |   83.832%    | 79.744% | 94.461% | 77.894% | 83.983% |
| last (inD) |   96.022%    | 94.059% | 96.331% | 96.004% | 95.604% |
| iid (inD)  |   97.261%    | 96.300% | 96.331% | 96.923% | 96.704% |
|    SWAD    |   89.750%    | 82.889% | 97.605% | 83.429% | 88.418% |
| SWAD (inD) |   97.844%    | 97.663% | 96.881% | 98.324% | 97.678% |
+------------+--------------+---------+---------+---------+---------+
================================================================================
Starting QTDoG, seed=3, physical GPU=2
/home/s21_yhr/miniconda3/envs/GGA/bin/python /home/s21_yhr/lzh/new/DomainBed-new/train_all.py PACS_QTDoG_seed3 --dataset PACS --data_dir /home/s21_yhr/lzh/new/DomainBed-new/dataset --algorithm ERM --steps 5000 --checkpoint_freq 200 --batch_size 32 --optimizer adam --lr 5e-5 --weight_decay 0 --resnet_dropout 0 --resnet18 False --pretrained True --freeze_bn True --swad LossValley --seed 3 --trial_seed 3 --deterministic --cache disk --prebuild_loader --image_size 224 --quant 1 --q_steps 100
================================================================================
[36mINFO[0m 08/07 14:15:22 | Command :: /home/s21_yhr/lzh/new/DomainBed-new/train_all.py PACS_QTDoG_seed3 --dataset PACS --data_dir /home/s21_yhr/lzh/new/DomainBed-new/dataset --algorithm ERM --steps 5000 --checkpoint_freq 200 --batch_size 32 --optimizer adam --lr 5e-5 --weight_decay 0 --resnet_dropout 0 --resnet18 False --pretrained True --freeze_bn True --swad LossValley --seed 3 --trial_seed 3 --deterministic --cache disk --prebuild_loader --image_size 224 --quant 1 --q_steps 100
Environment:
	Python: 3.11.15
	PyTorch: 2.11.0+cu128
	Torchvision: 0.26.0+cu128
	CUDA: 12.8
	CUDNN: 91900
	NumPy: 1.26.4
	PIL: 12.2.0
Args:
	algorithm: ERM
	batch_size: 32
	cache: disk
	cache_root: cache
	cache_size: None
	checkpoint_freq: 200
	configs: []
	data_dir: /home/s21_yhr/lzh/new/DomainBed-new/dataset
	dataset: PACS
	debug: False
	deterministic: True
	end_step: 200
	evalmode: fast
	extra_search: n
	extra_search_end: None
	extra_search_start: None
	gga_l_gamma: 0.001
	grad_fn: sum
	holdout_fraction: 0.2
	model_save: None
	name: PACS_QTDoG_seed3
	neighborhoodSize: 1e-06
	out_dir: train_output/PACS/260807_14-15-22_PACS_QTDoG_seed3
	out_root: train_output/PACS
	prebuild_loader: True
	q_steps: 100
	quant: 1
	resize_mode: stretch
	saliency: False
	saliency_cmap: jet
	saliency_every: 0
	saliency_noise: 0.15
	saliency_num: 16
	saliency_samples: 25
	saliency_split: test_in
	seed: 3
	show: False
	start_step: 100
	steps: 5000
	tb_freq: 10
	test_envs: None
	train_output: train_output
	trial_seed: 3
	unique_name: 260807_14-15-22_PACS_QTDoG_seed3
	work_dir: .
HParams:
	data_augmentation: True
	val_augment: False
	[36mresnet18: False
	[0m[36mresnet_dropout: 0
	[0mclass_balanced: False
	[36moptimizer: adam
	[0m[36mfreeze_bn: True
	[0m[36mpretrained: True
	[0m[36mimage_size: 224
	[0m[36mlr: 5e-05
	[0mbatch_size: 32
	[36mweight_decay: 0
	[0m[36mswad: LossValley
	[0mswad_kwargs: 
	  n_converge: 3
	  n_tolerance: 6
	  tolerance_ratio: 0.3
	test_batchsize: 128
	indomain_test: False
	grad_fn: sum
	extra_search: n
	logdir: train_output/PACS/260807_14-15-22_PACS_QTDoG_seed3
	neighborhoodSize: 1e-06
	start_step: 100
	end_step: 200
	extra_search_start: None
	extra_search_end: None
	gga_l_gamma: 0.001
Dataset:
	[PACS] #envs=4, #classes=7
	env0: art_painting (#2048)
	env1: cartoon (#2344)
	env2: photo (#1670)
	env3: sketch (#3929)

[36mINFO[0m 08/07 14:15:22 | n_steps = 5000
[36mINFO[0m 08/07 14:15:22 | checkpoint_freq = 200
[36mINFO[0m 08/07 14:15:22 | n_steps is updated to 5000 => 5001 for checkpointing
[36mINFO[0m 08/07 14:15:22 | Target test envs = [[0], [1], [2], [3]]
[36mINFO[0m 08/07 14:15:22 | 
[36mINFO[0m 08/07 14:15:22 | Testenv name escaping te_art_painting -> te_art_painting
[36mINFO[0m 08/07 14:15:22 | Test envs = [0], name = te_art_painting
[36mINFO[0m 08/07 14:15:22 | Batch sizes for each domain: [0, 32, 32, 32] (total=96)
[36mINFO[0m 08/07 14:15:22 | steps-per-epoch for each domain: 58.62, 41.75, 98.25 -> min = 41.75
/home/s21_yhr/miniconda3/envs/GGA/lib/python3.11/site-packages/torchvision/models/_utils.py:208: UserWarning: The parameter 'pretrained' is deprecated since 0.13 and may be removed in the future, please use 'weights' instead.
  warnings.warn(
/home/s21_yhr/miniconda3/envs/GGA/lib/python3.11/site-packages/torchvision/models/_utils.py:223: UserWarning: Arguments other than a weight enum or `None` for 'weights' are deprecated since 0.13 and may be removed in the future. The current behavior is equivalent to passing `weights=ResNet50_Weights.IMAGENET1K_V1`. You can also use `weights=ResNet50_Weights.DEFAULT` to get the most up-to-date weights.
  warnings.warn(msg)
[36mINFO[0m 08/07 14:15:27 | # of params = 23522375
[36mINFO[0m 08/07 14:15:32 | test_in     test_out    train_in    train_out   test_in_au  test_out_a  train_out_  tr_outloss  env0_in     env0_in_au  env0_out    env0_out_a  env1_out    env1_out_a  env2_out    env2_out_a  env3_out    env3_out_a  step        epoch       loss        step_time   eval_time   mem_gb     
[36mINFO[0m 08/07 14:15:32 | 0.158023    0.173594    0.000000    0.268707    nan         nan         nan         1.886133    0.158023    nan         0.173594    nan         0.228632    nan         0.293413    nan         0.284076    nan         0           0.000000    2.102892    0.805152    4.277039    8.026237   
[36mINFO[0m 08/07 14:15:50 | Quantizing 53 modules at step 100
[36mINFO[0m 08/07 14:16:12 | 0.794387    0.789731    0.000000    0.949889    nan         nan         nan         0.131404    0.794387    nan         0.789731    nan         0.944444    nan         0.988024    nan         0.917197    nan         200         4.790419    0.293070    0.156720    2.972539    8.674257   
[36mINFO[0m 08/07 14:16:55 | 0.734594    0.701711    0.000000    0.947734    nan         nan         nan         0.202236    0.734594    nan         0.701711    nan         0.946581    nan         0.973054    nan         0.923567    nan         400         9.580838    0.076198    0.164448    2.862614    8.852023   
[36mINFO[0m 08/07 14:17:39 | 0.809640    0.801956    0.000000    0.966220    nan         nan         nan         0.120168    0.809640    nan         0.801956    nan         0.976496    nan         0.982036    nan         0.940127    nan         600         14.371257   0.055765    0.158866    4.668921    9.030033   
[36mINFO[0m 08/07 14:18:28 | 0.853569    0.855746    0.000000    0.955577    nan         nan         nan         0.156222    0.853569    nan         0.855746    nan         0.963675    nan         0.982036    nan         0.921019    nan         800         19.161677   0.043492    0.181517    3.819507    9.207799   
[36mINFO[0m 08/07 14:19:19 | 0.846858    0.853301    0.000000    0.969202    nan         nan         nan         0.112799    0.846858    nan         0.853301    nan         0.974359    nan         0.988024    nan         0.945223    nan         1000        23.952096   0.037417    0.186540    3.397141    9.384832   
[36mINFO[0m 08/07 14:20:11 | 0.856620    0.855746    0.000000    0.957252    nan         nan         nan         0.156752    0.856620    nan         0.855746    nan         0.959402    nan         0.976048    nan         0.936306    nan         1200        28.742515   0.026371    0.191998    3.555248    9.560279   
[36mINFO[0m 08/07 14:21:00 | 0.826724    0.804401    0.000000    0.966480    nan         nan         nan         0.119001    0.826724    nan         0.804401    nan         0.965812    nan         0.982036    nan         0.951592    nan         1400        33.532934   0.027038    0.176823    4.085129    9.738899   
Model converged at step 1000, Start step = 601; Threshold = 0.168373, 
[36mINFO[0m 08/07 14:21:52 | 0.865772    0.843521    0.000000    0.963212    nan         nan         nan         0.154955    0.865772    nan         0.843521    nan         0.970085    nan         0.973054    nan         0.946497    nan         1600        38.323353   0.023855    0.174998    3.382879    9.917336   
[36mINFO[0m 08/07 14:22:39 | 0.888957    0.870416    0.000000    0.968204    nan         nan         nan         0.126583    0.888957    nan         0.870416    nan         0.974359    nan         0.985030    nan         0.945223    nan         1800        43.113772   0.023312    0.176583    3.293856    9.918191   
[36mINFO[0m 08/07 14:23:27 | 0.834655    0.821516    0.000000    0.962384    nan         nan         nan         0.145820    0.834655    nan         0.821516    nan         0.970085    nan         0.982036    nan         0.935032    nan         2000        47.904192   0.022243    0.175645    3.295354    9.918191   
[36mINFO[0m 08/07 14:24:17 | 0.818792    0.784841    0.000000    0.958118    nan         nan         nan         0.202320    0.818792    nan         0.784841    nan         0.974359    nan         0.970060    nan         0.929936    nan         2200        52.694611   0.018768    0.174627    3.043142    9.918191   
[36mINFO[0m 08/07 14:25:07 | 0.818182    0.806846    0.000000    0.969636    nan         nan         nan         0.136388    0.818182    nan         0.806846    nan         0.972222    nan         0.994012    nan         0.942675    nan         2400        57.485030   0.009990    0.174145    3.222188    9.923135   
[36mINFO[0m 08/07 14:25:58 | 0.824283    0.819071    0.000000    0.901145    nan         nan         nan         0.524807    0.824283    nan         0.819071    nan         0.929487    nan         0.979042    nan         0.794904    nan         2600        62.275449   0.013445    0.177374    2.973093    9.926370   
[36mINFO[0m 08/07 14:26:49 | 0.868822    0.848411    0.000000    0.965507    nan         nan         nan         0.145519    0.868822    nan         0.848411    nan         0.974359    nan         0.982036    nan         0.940127    nan         2800        67.065868   0.021664    0.173489    3.279897    9.930886   
[36mINFO[0m 08/07 14:27:39 | 0.827334    0.821516    0.000000    0.969339    nan         nan         nan         0.115046    0.827334    nan         0.821516    nan         0.972222    nan         0.988024    nan         0.947771    nan         3000        71.856287   0.014345    0.175325    3.309062    9.931558   
[36mINFO[0m 08/07 14:28:30 | 0.846858    0.816626    0.000000    0.960079    nan         nan         nan         0.163052    0.846858    nan         0.816626    nan         0.967949    nan         0.967066    nan         0.945223    nan         3200        76.646707   0.020152    0.176171    3.451254    9.932961   
[36mINFO[0m 08/07 14:29:22 | 0.843197    0.819071    0.000000    0.967619    nan         nan         nan         0.151253    0.843197    nan         0.819071    nan         0.972222    nan         0.979042    nan         0.951592    nan         3400        81.437126   0.017590    0.180282    3.422713    9.935891   
[36mINFO[0m 08/07 14:30:12 | 0.793777    0.770171    0.000000    0.966062    nan         nan         nan         0.122044    0.793777    nan         0.770171    nan         0.955128    nan         0.994012    nan         0.949045    nan         3600        86.227545   0.017998    0.171445    3.556222    9.935891   
[36mINFO[0m 08/07 14:31:05 | 0.815741    0.792176    0.000000    0.961351    nan         nan         nan         0.129225    0.815741    nan         0.792176    nan         0.963675    nan         0.970060    nan         0.950318    nan         3800        91.017964   0.009353    0.178899    4.259966    9.935891   
[36mINFO[0m 08/07 14:31:57 | 0.851739    0.845966    0.000000    0.971176    nan         nan         nan         0.095997    0.851739    nan         0.845966    nan         0.974359    nan         0.985030    nan         0.954140    nan         4000        95.808383   0.010281    0.180993    3.245842    9.935891   
[36mINFO[0m 08/07 14:32:50 | 0.835876    0.821516    0.000000    0.968593    nan         nan         nan         0.123262    0.835876    nan         0.821516    nan         0.967949    nan         0.976048    nan         0.961783    nan         4200        100.598802  0.015182    0.180511    3.899941    9.936379   
[36mINFO[0m 08/07 14:33:39 | 0.729713    0.713936    0.000000    0.955661    nan         nan         nan         0.198877    0.729713    nan         0.713936    nan         0.963675    nan         0.958084    nan         0.945223    nan         4400        105.389222  0.017360    0.170463    3.439129    9.936379   
[36mINFO[0m 08/07 14:34:33 | 0.746797    0.723716    0.000000    0.938338    nan         nan         nan         0.287951    0.746797    nan         0.723716    nan         0.920940    nan         0.973054    nan         0.921019    nan         4600        110.179641  0.014623    0.181159    4.132223    9.937600   
[36mINFO[0m 08/07 14:35:29 | 0.856620    0.828851    0.000000    0.972875    nan         nan         nan         0.116429    0.856620    nan         0.828851    nan         0.974359    nan         0.985030    nan         0.959236    nan         4800        114.970060  0.011413    0.191868    3.315219    9.937600   
[36mINFO[0m 08/07 14:36:17 | 0.801098    0.789731    0.000000    0.953141    nan         nan         nan         0.151643    0.801098    nan         0.789731    nan         0.952991    nan         0.979042    nan         0.927389    nan         5000        119.760479  0.009372    0.168181    2.994549    9.937600   
[36mINFO[0m 08/07 14:36:23 | ---
[33mWARNING[0m 08/07 14:36:36 | Evaluate SWAD ...
[36mINFO[0m 08/07 14:36:39 | 0.893838    0.872861    0.000000    0.978430    nan         nan         nan         0.069957    0.893838    nan         0.872861    nan         0.980769    nan         0.994012    nan         0.960510    nan         [601-5000]  (N=23)
[36mINFO[0m 08/07 14:36:39 | oracle = 88.896%
[36mINFO[0m 08/07 14:36:39 | iid = 85.662%
[36mINFO[0m 08/07 14:36:39 | last = 80.110%
[36mINFO[0m 08/07 14:36:39 | last (inD) = 95.314%
[36mINFO[0m 08/07 14:36:39 | iid (inD) = 97.287%
[36mINFO[0m 08/07 14:36:39 | SWAD = 89.384%
[36mINFO[0m 08/07 14:36:39 | SWAD (inD) = 97.843%
[36mINFO[0m 08/07 14:36:40 | 
[36mINFO[0m 08/07 14:36:40 | Testenv name escaping te_cartoon -> te_cartoon
[36mINFO[0m 08/07 14:36:40 | Test envs = [1], name = te_cartoon
[36mINFO[0m 08/07 14:36:40 | Batch sizes for each domain: [32, 0, 32, 32] (total=96)
[36mINFO[0m 08/07 14:36:40 | steps-per-epoch for each domain: 51.22, 41.75, 98.25 -> min = 41.75
[36mINFO[0m 08/07 14:36:45 | # of params = 23522375
[36mINFO[0m 08/07 14:36:48 | test_in     test_out    train_in    train_out   test_in_au  train_out_  tr_outloss  test_out_a  env0_out    env0_out_a  env1_in     env1_in_au  env1_out    env1_out_a  env2_out    env2_out_a  env3_out    env3_out_a  step        epoch       loss        step_time   eval_time   mem_gb     
[36mINFO[0m 08/07 14:36:48 | 0.251599    0.237179    0.000000    0.250794    nan         nan         1.855628    nan         0.195599    nan         0.251599    nan         0.237179    nan         0.248503    nan         0.308280    nan         0           0.000000    1.968705    0.156246    2.858447    8.026054   
[36mINFO[0m 08/07 14:37:06 | Quantizing 53 modules at step 100
[36mINFO[0m 08/07 14:37:29 | 0.725480    0.745726    0.000000    0.950111    nan         nan         0.155082    nan         0.951100    nan         0.725480    nan         0.745726    nan         0.982036    nan         0.917197    nan         200         4.790419    0.245400    0.156894    3.234882    8.671654   
[36mINFO[0m 08/07 14:38:17 | 0.740405    0.775641    0.000000    0.947401    nan         nan         0.163461    nan         0.921760    nan         0.740405    nan         0.775641    nan         0.979042    nan         0.941401    nan         400         9.580838    0.074505    0.178176    2.973029    8.855319   
[36mINFO[0m 08/07 14:38:59 | 0.748401    0.779915    0.000000    0.951418    nan         nan         0.198651    nan         0.929095    nan         0.748401    nan         0.779915    nan         0.985030    nan         0.940127    nan         600         14.371257   0.055668    0.156482    2.897280    9.032780   
Model converged at step 200, Start step = 201; Threshold = 0.224117, 
[36mINFO[0m 08/07 14:39:45 | 0.722281    0.743590    0.000000    0.957799    nan         nan         0.140524    nan         0.938875    nan         0.722281    nan         0.743590    nan         0.988024    nan         0.946497    nan         800         19.161677   0.047584    0.158845    2.906090    9.390081   
[36mINFO[0m 08/07 14:40:29 | 0.765458    0.805556    0.000000    0.948123    nan         nan         0.157217    nan         0.921760    nan         0.765458    nan         0.805556    nan         0.985030    nan         0.937580    nan         1000        23.952096   0.037676    0.157459    2.972079    9.562964   
[36mINFO[0m 08/07 14:41:12 | 0.802772    0.831197    0.000000    0.951852    nan         nan         0.161964    nan         0.919315    nan         0.802772    nan         0.831197    nan         0.991018    nan         0.945223    nan         1200        28.742515   0.029102    0.156649    2.924562    9.741158   
[36mINFO[0m 08/07 14:41:57 | 0.745736    0.758547    0.000000    0.951913    nan         nan         0.172580    nan         0.943765    nan         0.745736    nan         0.758547    nan         0.982036    nan         0.929936    nan         1400        33.532934   0.032251    0.158648    2.915691    9.918557   
[36mINFO[0m 08/07 14:42:46 | 0.805437    0.841880    0.000000    0.958545    nan         nan         0.194930    nan         0.946210    nan         0.805437    nan         0.841880    nan         0.988024    nan         0.941401    nan         1600        38.323353   0.018190    0.170823    3.708173    9.920815   
[36mINFO[0m 08/07 14:43:39 | 0.787313    0.811966    0.000000    0.957042    nan         nan         0.173815    nan         0.941320    nan         0.787313    nan         0.811966    nan         0.982036    nan         0.947771    nan         1800        43.113772   0.026074    0.180544    3.680502    9.925576   
[36mINFO[0m 08/07 14:44:30 | 0.781450    0.811966    0.000000    0.959336    nan         nan         0.168951    nan         0.941320    nan         0.781450    nan         0.811966    nan         0.994012    nan         0.942675    nan         2000        47.904192   0.023398    0.173993    3.623942    9.925576   
[36mINFO[0m 08/07 14:45:22 | 0.803838    0.826923    0.000000    0.958945    nan         nan         0.162054    nan         0.938875    nan         0.803838    nan         0.826923    nan         0.994012    nan         0.943949    nan         2200        52.694611   0.017519    0.177440    3.640831    9.927102   
[36mINFO[0m 08/07 14:46:11 | 0.784115    0.816239    0.000000    0.952635    nan         nan         0.186245    nan         0.943765    nan         0.784115    nan         0.816239    nan         0.988024    nan         0.926115    nan         2400        57.485030   0.019158    0.168000    3.323706    9.931191   
[36mINFO[0m 08/07 14:47:02 | 0.797441    0.811966    0.000000    0.949697    nan         nan         0.175456    nan         0.929095    nan         0.797441    nan         0.811966    nan         0.976048    nan         0.943949    nan         2600        62.275449   0.024171    0.172319    3.702636    9.935708   
[36mINFO[0m 08/07 14:47:54 | 0.771855    0.790598    0.000000    0.955986    nan         nan         0.178154    nan         0.936430    nan         0.771855    nan         0.790598    nan         0.985030    nan         0.946497    nan         2800        67.065868   0.024922    0.174369    3.442905    9.935708   
[36mINFO[0m 08/07 14:48:44 | 0.800107    0.837607    0.000000    0.949431    nan         nan         0.185640    nan         0.919315    nan         0.800107    nan         0.837607    nan         0.985030    nan         0.943949    nan         3000        71.856287   0.015600    0.171956    3.344047    9.936929   
[36mINFO[0m 08/07 14:49:34 | 0.752665    0.775641    0.000000    0.948880    nan         nan         0.216462    nan         0.919315    nan         0.752665    nan         0.775641    nan         0.991018    nan         0.936306    nan         3200        76.646707   0.014427    0.174784    3.481696    9.936929   
[36mINFO[0m 08/07 14:50:24 | 0.783049    0.824786    0.000000    0.958133    nan         nan         0.195301    nan         0.943765    nan         0.783049    nan         0.824786    nan         0.979042    nan         0.951592    nan         3400        81.437126   0.010319    0.169456    3.424506    9.936929   
[36mINFO[0m 08/07 14:51:19 | 0.809168    0.820513    0.000000    0.960405    nan         nan         0.146351    nan         0.943765    nan         0.809168    nan         0.820513    nan         0.982036    nan         0.955414    nan         3600        86.227545   0.017498    0.191536    3.688493    9.936929   
[36mINFO[0m 08/07 14:52:09 | 0.743070    0.777778    0.000000    0.943233    nan         nan         0.226582    nan         0.907090    nan         0.743070    nan         0.777778    nan         0.985030    nan         0.937580    nan         3800        91.017964   0.021595    0.171149    3.398660    9.936929   
[36mINFO[0m 08/07 14:52:59 | 0.786780    0.807692    0.000000    0.960278    nan         nan         0.160902    nan         0.943765    nan         0.786780    nan         0.807692    nan         0.988024    nan         0.949045    nan         4000        95.808383   0.013851    0.170389    3.619716    9.936929   
[36mINFO[0m 08/07 14:53:49 | 0.803838    0.848291    0.000000    0.940344    nan         nan         0.230102    nan         0.919315    nan         0.803838    nan         0.848291    nan         0.973054    nan         0.928662    nan         4200        100.598802  0.013944    0.170564    3.462220    9.936929   
[36mINFO[0m 08/07 14:54:37 | 0.739872    0.784188    0.000000    0.953072    nan         nan         0.202770    nan         0.941320    nan         0.739872    nan         0.784188    nan         0.979042    nan         0.938854    nan         4400        105.389222  0.017651    0.169307    3.273145    9.936929   
[36mINFO[0m 08/07 14:55:31 | 0.778785    0.797009    0.000000    0.961093    nan         nan         0.132133    nan         0.946210    nan         0.778785    nan         0.797009    nan         0.988024    nan         0.949045    nan         4600        110.179641  0.019597    0.183679    4.364808    9.936929   
[36mINFO[0m 08/07 14:56:20 | 0.805437    0.831197    0.000000    0.956730    nan         nan         0.183282    nan         0.924205    nan         0.805437    nan         0.831197    nan         0.988024    nan         0.957962    nan         4800        114.970060  0.010235    0.168420    3.197062    9.936929   
[36mINFO[0m 08/07 14:57:10 | 0.719616    0.747863    0.000000    0.932884    nan         nan         0.305072    nan         0.916870    nan         0.719616    nan         0.747863    nan         0.976048    nan         0.905732    nan         5000        119.760479  0.012575    0.168900    3.023187    9.936929   
[36mINFO[0m 08/07 14:57:14 | ---
[33mWARNING[0m 08/07 14:57:27 | Evaluate SWAD ...
[36mINFO[0m 08/07 14:57:30 | 0.813966    0.844017    0.000000    0.976908    nan         nan         0.088421    nan         0.970660    nan         0.813966    nan         0.844017    nan         0.997006    nan         0.963057    nan         [201-4800]  (N=28)
[36mINFO[0m 08/07 14:57:30 | oracle = 80.384%
[36mINFO[0m 08/07 14:57:30 | iid = 77.878%
[36mINFO[0m 08/07 14:57:30 | last = 71.962%
[36mINFO[0m 08/07 14:57:30 | last (inD) = 93.288%
[36mINFO[0m 08/07 14:57:30 | iid (inD) = 96.109%
[36mINFO[0m 08/07 14:57:30 | SWAD = 81.397%
[36mINFO[0m 08/07 14:57:30 | SWAD (inD) = 97.691%
[36mINFO[0m 08/07 14:57:32 | 
[36mINFO[0m 08/07 14:57:32 | Testenv name escaping te_photo -> te_photo
[36mINFO[0m 08/07 14:57:32 | Test envs = [2], name = te_photo
[36mINFO[0m 08/07 14:57:32 | Batch sizes for each domain: [32, 32, 0, 32] (total=96)
[36mINFO[0m 08/07 14:57:32 | steps-per-epoch for each domain: 51.22, 58.62, 98.25 -> min = 51.22
[36mINFO[0m 08/07 14:57:40 | # of params = 23522375
[36mINFO[0m 08/07 14:57:43 | test_in     test_out    train_in    train_out   test_in_au  train_out_  tr_outloss  test_out_a  env0_out    env0_out_a  env1_out    env1_out_a  env2_in     env2_in_au  env2_out    env2_out_a  env3_out    env3_out_a  step        epoch       loss        step_time   eval_time   mem_gb     
[36mINFO[0m 08/07 14:57:43 | 0.160180    0.149701    0.000000    0.235445    nan         nan         1.863143    nan         0.273839    nan         0.235043    nan         0.160180    nan         0.149701    nan         0.197452    nan         0           0.000000    1.979750    0.159431    2.937951    8.026054   
[36mINFO[0m 08/07 14:58:03 | Quantizing 53 modules at step 100
[36mINFO[0m 08/07 14:58:27 | 0.962575    0.961078    0.000000    0.904994    nan         nan         0.276520    nan         0.902200    nan         0.940171    nan         0.962575    nan         0.961078    nan         0.872611    nan         200         3.904820    0.328996    0.165732    2.863641    8.671654   
[36mINFO[0m 08/07 14:59:13 | 0.966317    0.967066    0.000000    0.931286    nan         nan         0.222621    nan         0.929095    nan         0.967949    nan         0.966317    nan         0.967066    nan         0.896815    nan         400         7.809640    0.091186    0.171103    2.896950    8.855319   
[36mINFO[0m 08/07 14:59:59 | 0.965569    0.970060    0.000000    0.947525    nan         nan         0.159672    nan         0.931540    nan         0.965812    nan         0.965569    nan         0.970060    nan         0.945223    nan         600         11.714460   0.077367    0.169987    4.048332    9.032780   
[36mINFO[0m 08/07 15:00:43 | 0.957335    0.961078    0.000000    0.940190    nan         nan         0.216852    nan         0.929095    nan         0.961538    nan         0.957335    nan         0.961078    nan         0.929936    nan         800         15.619280   0.050156    0.165175    2.461505    9.212621   
[36mINFO[0m 08/07 15:01:25 | 0.964072    0.961078    0.000000    0.950039    nan         nan         0.165400    nan         0.933985    nan         0.965812    nan         0.964072    nan         0.961078    nan         0.950318    nan         1000        19.524100   0.039503    0.161090    2.598136    9.389776   
Model converged at step 600, Start step = 401; Threshold = 0.234834, 
[36mINFO[0m 08/07 15:02:11 | 0.960329    0.970060    0.000000    0.954127    nan         nan         0.159648    nan         0.946210    nan         0.972222    nan         0.960329    nan         0.970060    nan         0.943949    nan         1200        23.428920   0.036457    0.157762    3.482409    9.746956   
[36mINFO[0m 08/07 15:02:52 | 0.943862    0.940120    0.000000    0.940396    nan         nan         0.255204    nan         0.914425    nan         0.961538    nan         0.943862    nan         0.940120    nan         0.945223    nan         1400        27.333740   0.029124    0.157244    2.510338    9.922402   
[36mINFO[0m 08/07 15:03:34 | 0.958084    0.964072    0.000000    0.952271    nan         nan         0.174528    nan         0.929095    nan         0.985043    nan         0.958084    nan         0.964072    nan         0.942675    nan         1600        31.238560   0.028103    0.159842    2.441316    9.923013   
[36mINFO[0m 08/07 15:04:18 | 0.958832    0.964072    0.000000    0.933280    nan         nan         0.235629    nan         0.916870    nan         0.959402    nan         0.958832    nan         0.964072    nan         0.923567    nan         1800        35.143380   0.026825    0.157725    3.125652    9.923135   
[36mINFO[0m 08/07 15:05:02 | 0.950599    0.961078    0.000000    0.954908    nan         nan         0.163913    nan         0.951100    nan         0.972222    nan         0.950599    nan         0.961078    nan         0.941401    nan         2000        39.048200   0.028467    0.157291    2.420358    9.923135   
[36mINFO[0m 08/07 15:05:53 | 0.943862    0.934132    0.000000    0.941971    nan         nan         0.200014    nan         0.914425    nan         0.970085    nan         0.943862    nan         0.934132    nan         0.941401    nan         2200        42.953020   0.026828    0.180521    2.776965    9.923135   
[36mINFO[0m 08/07 15:06:44 | 0.942365    0.940120    0.000000    0.944621    nan         nan         0.236455    nan         0.916870    nan         0.967949    nan         0.942365    nan         0.940120    nan         0.949045    nan         2400        46.857840   0.027803    0.172980    3.141104    9.925271   
[36mINFO[0m 08/07 15:07:36 | 0.956587    0.955090    0.000000    0.945621    nan         nan         0.162425    nan         0.916870    nan         0.972222    nan         0.956587    nan         0.955090    nan         0.947771    nan         2600        50.762660   0.025289    0.182685    2.825175    9.925271   
[36mINFO[0m 08/07 15:08:26 | 0.963323    0.958084    0.000000    0.963667    nan         nan         0.145697    nan         0.953545    nan         0.980769    nan         0.963323    nan         0.958084    nan         0.956688    nan         2800        54.667480   0.023386    0.175287    2.948180    9.925271   
[36mINFO[0m 08/07 15:09:16 | 0.963323    0.961078    0.000000    0.958777    nan         nan         0.180572    nan         0.948655    nan         0.978632    nan         0.963323    nan         0.961078    nan         0.949045    nan         3000        58.572300   0.016121    0.173037    3.209425    9.927651   
[36mINFO[0m 08/07 15:10:05 | 0.946108    0.919162    0.000000    0.942053    nan         nan         0.216831    nan         0.919315    nan         0.974359    nan         0.946108    nan         0.919162    nan         0.932484    nan         3200        62.477120   0.019596    0.170767    3.140140    9.928811   
[36mINFO[0m 08/07 15:10:57 | 0.927395    0.916168    0.000000    0.935725    nan         nan         0.266667    nan         0.914425    nan         0.961538    nan         0.927395    nan         0.916168    nan         0.931210    nan         3400        66.381940   0.014935    0.173666    3.081553    9.933694   
[36mINFO[0m 08/07 15:11:47 | 0.955090    0.970060    0.000000    0.951545    nan         nan         0.180590    nan         0.929095    nan         0.976496    nan         0.955090    nan         0.970060    nan         0.949045    nan         3600        70.286760   0.021892    0.175501    3.013824    9.933694   
[36mINFO[0m 08/07 15:12:37 | 0.946856    0.949102    0.000000    0.949511    nan         nan         0.190045    nan         0.921760    nan         0.970085    nan         0.946856    nan         0.949102    nan         0.956688    nan         3800        74.191580   0.019772    0.175012    2.876505    9.933694   
[36mINFO[0m 08/07 15:13:28 | 0.931138    0.928144    0.000000    0.944806    nan         nan         0.268381    nan         0.924205    nan         0.970085    nan         0.931138    nan         0.928144    nan         0.940127    nan         4000        78.096400   0.017669    0.179216    2.872616    9.933694   
[36mINFO[0m 08/07 15:14:17 | 0.946108    0.955090    0.000000    0.945662    nan         nan         0.224767    nan         0.931540    nan         0.955128    nan         0.946108    nan         0.955090    nan         0.950318    nan         4200        82.001220   0.025364    0.171316    2.982493    9.933694   
[36mINFO[0m 08/07 15:15:10 | 0.940120    0.940120    0.000000    0.963804    nan         nan         0.142453    nan         0.953545    nan         0.978632    nan         0.940120    nan         0.940120    nan         0.959236    nan         4400        85.906040   0.013648    0.181853    3.375406    9.933694   
[36mINFO[0m 08/07 15:16:04 | 0.946856    0.952096    0.000000    0.943923    nan         nan         0.199082    nan         0.907090    nan         0.974359    nan         0.946856    nan         0.952096    nan         0.950318    nan         4600        89.810860   0.012048    0.186457    3.438222    9.933694   
[36mINFO[0m 08/07 15:16:57 | 0.936377    0.934132    0.000000    0.946436    nan         nan         0.197600    nan         0.929095    nan         0.970085    nan         0.936377    nan         0.934132    nan         0.940127    nan         4800        93.715680   0.017564    0.180841    3.083121    9.933694   
[36mINFO[0m 08/07 15:17:47 | 0.945359    0.940120    0.000000    0.952874    nan         nan         0.180650    nan         0.943765    nan         0.965812    nan         0.945359    nan         0.940120    nan         0.949045    nan         5000        97.620500   0.016970    0.175291    3.011557    9.933999   
[36mINFO[0m 08/07 15:17:52 | ---
[33mWARNING[0m 08/07 15:18:11 | Evaluate SWAD ...
[36mINFO[0m 08/07 15:18:14 | 0.972305    0.970060    0.000000    0.971646    nan         nan         0.099566    nan         0.970660    nan         0.985043    nan         0.972305    nan         0.970060    nan         0.959236    nan         [401-5000]  (N=25)
[36mINFO[0m 08/07 15:18:14 | oracle = 96.557%
[36mINFO[0m 08/07 15:18:14 | iid = 94.012%
[36mINFO[0m 08/07 15:18:14 | last = 94.536%
[36mINFO[0m 08/07 15:18:14 | last (inD) = 95.287%
[36mINFO[0m 08/07 15:18:14 | iid (inD) = 96.380%
[36mINFO[0m 08/07 15:18:14 | SWAD = 97.231%
[36mINFO[0m 08/07 15:18:14 | SWAD (inD) = 97.165%
[36mINFO[0m 08/07 15:18:15 | 
[36mINFO[0m 08/07 15:18:16 | Testenv name escaping te_sketch -> te_sketch
[36mINFO[0m 08/07 15:18:16 | Test envs = [3], name = te_sketch
[36mINFO[0m 08/07 15:18:16 | Batch sizes for each domain: [32, 32, 32, 0] (total=96)
[36mINFO[0m 08/07 15:18:16 | steps-per-epoch for each domain: 51.22, 58.62, 41.75 -> min = 41.75
[36mINFO[0m 08/07 15:18:22 | # of params = 23522375
[36mINFO[0m 08/07 15:18:28 | test_in     test_out    train_in    train_out   test_in_au  train_out_  tr_outloss  test_out_a  env0_out    env0_out_a  env1_out    env1_out_a  env2_out    env2_out_a  env3_in     env3_in_au  env3_out    env3_out_a  step        epoch       loss        step_time   eval_time   mem_gb     
[36mINFO[0m 08/07 15:18:28 | 0.090967    0.099363    0.000000    0.242614    nan         nan         1.839948    nan         0.249389    nan         0.188034    nan         0.290419    nan         0.090967    nan         0.099363    nan         0           0.000000    1.917905    0.224021    5.262602    8.026054   
[36mINFO[0m 08/07 15:18:50 | Quantizing 53 modules at step 100
[36mINFO[0m 08/07 15:19:18 | 0.700700    0.695541    0.000000    0.949521    nan         nan         0.169284    nan         0.924205    nan         0.927350    nan         0.997006    nan         0.700700    nan         0.695541    nan         200         4.790419    0.235063    0.179218    4.997669    8.671654   
[36mINFO[0m 08/07 15:20:07 | 0.688295    0.705732    0.000000    0.956704    nan         nan         0.118708    nan         0.929095    nan         0.952991    nan         0.988024    nan         0.688295    nan         0.705732    nan         400         9.580838    0.066146    0.177373    4.638339    8.855319   
[36mINFO[0m 08/07 15:20:57 | 0.716921    0.699363    0.000000    0.960957    nan         nan         0.133177    nan         0.938875    nan         0.967949    nan         0.976048    nan         0.716921    nan         0.699363    nan         600         14.371257   0.051750    0.182006    4.620639    9.032780   
[36mINFO[0m 08/07 15:21:47 | 0.776718    0.760510    0.000000    0.950568    nan         nan         0.164095    nan         0.911980    nan         0.963675    nan         0.976048    nan         0.776718    nan         0.760510    nan         800         19.161677   0.028775    0.178924    4.681722    9.212621   
Model converged at step 400, Start step = 201; Threshold = 0.180258, 
[36mINFO[0m 08/07 15:22:48 | 0.767812    0.749045    0.000000    0.966294    nan         nan         0.151977    nan         0.943765    nan         0.970085    nan         0.985030    nan         0.767812    nan         0.749045    nan         1000        23.952096   0.025630    0.183134    6.564840    9.566260   
[36mINFO[0m 08/07 15:23:39 | 0.779262    0.761783    0.000000    0.962587    nan         nan         0.139276    nan         0.943765    nan         0.967949    nan         0.976048    nan         0.779262    nan         0.761783    nan         1200        28.742515   0.027933    0.182290    4.753531    9.742805   
[36mINFO[0m 08/07 15:24:29 | 0.820611    0.821656    0.000000    0.964766    nan         nan         0.114006    nan         0.941320    nan         0.967949    nan         0.985030    nan         0.820611    nan         0.821656    nan         1400        33.532934   0.031449    0.180716    4.653239    9.919473   
[36mINFO[0m 08/07 15:25:14 | 0.777672    0.793631    0.000000    0.956581    nan         nan         0.150584    nan         0.936430    nan         0.957265    nan         0.976048    nan         0.777672    nan         0.793631    nan         1600        38.323353   0.020778    0.158362    4.123306    9.919473   
[36mINFO[0m 08/07 15:26:00 | 0.788486    0.780892    0.000000    0.956985    nan         nan         0.182169    nan         0.929095    nan         0.965812    nan         0.976048    nan         0.788486    nan         0.780892    nan         1800        43.113772   0.026345    0.158554    4.554341    9.920938   
[36mINFO[0m 08/07 15:26:48 | 0.786260    0.782166    0.000000    0.965353    nan         nan         0.147921    nan         0.931540    nan         0.976496    nan         0.988024    nan         0.786260    nan         0.782166    nan         2000        47.904192   0.015935    0.165006    4.026544    9.920938   
[36mINFO[0m 08/07 15:27:34 | 0.730916    0.741401    0.000000    0.957800    nan         nan         0.155699    nan         0.931540    nan         0.965812    nan         0.976048    nan         0.730916    nan         0.741401    nan         2200        52.694611   0.020766    0.162763    3.900841    9.921975   
[36mINFO[0m 08/07 15:28:20 | 0.809478    0.810191    0.000000    0.967615    nan         nan         0.129399    nan         0.941320    nan         0.976496    nan         0.985030    nan         0.809478    nan         0.810191    nan         2400        57.485030   0.027024    0.159388    4.087790    9.921975   
[36mINFO[0m 08/07 15:29:08 | 0.826654    0.794904    0.000000    0.974113    nan         nan         0.110176    nan         0.953545    nan         0.980769    nan         0.988024    nan         0.826654    nan         0.794904    nan         2600        62.275449   0.015439    0.157372    3.993170    9.927407   
[36mINFO[0m 08/07 15:29:55 | 0.781807    0.768153    0.000000    0.964458    nan         nan         0.129378    nan         0.933985    nan         0.974359    nan         0.985030    nan         0.781807    nan         0.768153    nan         2800        67.065868   0.018592    0.165395    4.341340    9.929116   
[36mINFO[0m 08/07 15:30:49 | 0.786578    0.793631    0.000000    0.970632    nan         nan         0.124152    nan         0.948655    nan         0.972222    nan         0.991018    nan         0.786578    nan         0.793631    nan         3000        71.856287   0.011483    0.180265    4.579204    9.929116   
[36mINFO[0m 08/07 15:31:42 | 0.826654    0.825478    0.000000    0.960874    nan         nan         0.177308    nan         0.926650    nan         0.967949    nan         0.988024    nan         0.826654    nan         0.825478    nan         3200        76.646707   0.006948    0.179524    4.560544    9.929727   
[36mINFO[0m 08/07 15:32:36 | 0.578244    0.578344    0.000000    0.940146    nan         nan         0.256977    nan         0.921760    nan         0.946581    nan         0.952096    nan         0.578244    nan         0.578344    nan         3400        81.437126   0.015499    0.182378    4.718913    9.929727   
[36mINFO[0m 08/07 15:33:31 | 0.796438    0.803822    0.000000    0.952057    nan         nan         0.190496    nan         0.916870    nan         0.957265    nan         0.982036    nan         0.796438    nan         0.803822    nan         3600        86.227545   0.016346    0.185117    4.750991    9.929727   
[36mINFO[0m 08/07 15:34:26 | 0.818066    0.801274    0.000000    0.975480    nan         nan         0.085013    nan         0.965770    nan         0.978632    nan         0.982036    nan         0.818066    nan         0.801274    nan         3800        91.017964   0.016925    0.180044    6.528992    9.929727   
[36mINFO[0m 08/07 15:35:27 | 0.735051    0.732484    0.000000    0.967109    nan         nan         0.135382    nan         0.946210    nan         0.970085    nan         0.985030    nan         0.735051    nan         0.732484    nan         4000        95.808383   0.016302    0.196148    4.405923    9.929727   
[36mINFO[0m 08/07 15:36:19 | 0.793257    0.774522    0.000000    0.959834    nan         nan         0.166376    nan         0.929095    nan         0.974359    nan         0.976048    nan         0.793257    nan         0.774522    nan         4200        100.598802  0.014963    0.176577    4.733382    9.931436   
[36mINFO[0m 08/07 15:37:20 | 0.752545    0.770701    0.000000    0.966008    nan         nan         0.131307    nan         0.943765    nan         0.972222    nan         0.982036    nan         0.752545    nan         0.770701    nan         4400        105.389222  0.018132    0.194775    7.473421    9.933755   
[36mINFO[0m 08/07 15:38:12 | 0.786896    0.757962    0.000000    0.965539    nan         nan         0.134300    nan         0.946210    nan         0.974359    nan         0.976048    nan         0.786896    nan         0.757962    nan         4600        110.179641  0.010646    0.178764    4.780748    9.933755   
[36mINFO[0m 08/07 15:39:05 | 0.779898    0.773248    0.000000    0.958086    nan         nan         0.158247    nan         0.931540    nan         0.963675    nan         0.979042    nan         0.779898    nan         0.773248    nan         4800        114.970060  0.012906    0.178640    4.438750    9.933755   
[36mINFO[0m 08/07 15:39:57 | 0.763359    0.764331    0.000000    0.960303    nan         nan         0.178251    nan         0.926650    nan         0.972222    nan         0.982036    nan         0.763359    nan         0.764331    nan         5000        119.760479  0.009040    0.176989    4.418615    9.936807   
[36mINFO[0m 08/07 15:40:01 | ---
[33mWARNING[0m 08/07 15:40:14 | Evaluate SWAD ...
[36mINFO[0m 08/07 15:40:20 | 0.840331    0.831847    0.000000    0.982629    nan         nan         0.058616    nan         0.973105    nan         0.980769    nan         0.994012    nan         0.840331    nan         0.831847    nan         [201-5000]  (N=27)
[36mINFO[0m 08/07 15:40:20 | oracle = 82.665%
[36mINFO[0m 08/07 15:40:20 | iid = 81.807%
[36mINFO[0m 08/07 15:40:20 | last = 76.336%
[36mINFO[0m 08/07 15:40:20 | last (inD) = 96.030%
[36mINFO[0m 08/07 15:40:20 | iid (inD) = 97.548%
[36mINFO[0m 08/07 15:40:20 | SWAD = 84.033%
[36mINFO[0m 08/07 15:40:20 | SWAD (inD) = 98.263%
[36mINFO[0m 08/07 15:40:21 | === Summary ===
[36mINFO[0m 08/07 15:40:21 | Command: /home/s21_yhr/lzh/new/DomainBed-new/train_all.py PACS_QTDoG_seed3 --dataset PACS --data_dir /home/s21_yhr/lzh/new/DomainBed-new/dataset --algorithm ERM --steps 5000 --checkpoint_freq 200 --batch_size 32 --optimizer adam --lr 5e-5 --weight_decay 0 --resnet_dropout 0 --resnet18 False --pretrained True --freeze_bn True --swad LossValley --seed 3 --trial_seed 3 --deterministic --cache disk --prebuild_loader --image_size 224 --quant 1 --q_steps 100
[36mINFO[0m 08/07 15:40:21 | Unique name: 260807_14-15-22_PACS_QTDoG_seed3
[36mINFO[0m 08/07 15:40:21 | Out path: train_output/PACS/260807_14-15-22_PACS_QTDoG_seed3
[36mINFO[0m 08/07 15:40:21 | Algorithm: ERM
[36mINFO[0m 08/07 15:40:21 | Dataset: PACS
+------------+--------------+---------+---------+---------+---------+
| Selection  | art_painting | cartoon |  photo  |  sketch |   Avg.  |
+------------+--------------+---------+---------+---------+---------+
|   oracle   |   88.896%    | 80.384% | 96.557% | 82.665% | 87.125% |
|    iid     |   85.662%    | 77.878% | 94.012% | 81.807% | 84.840% |
|    last    |   80.110%    | 71.962% | 94.536% | 76.336% | 80.736% |
| last (inD) |   95.314%    | 93.288% | 95.287% | 96.030% | 94.980% |
| iid (inD)  |   97.287%    | 96.109% | 96.380% | 97.548% | 96.831% |
|    SWAD    |   89.384%    | 81.397% | 97.231% | 84.033% | 88.011% |
| SWAD (inD) |   97.843%    | 97.691% | 97.165% | 98.263% | 97.740% |
+------------+--------------+---------+---------+---------+---------+
================================================================================
Starting QTDoG, seed=4, physical GPU=2
/home/s21_yhr/miniconda3/envs/GGA/bin/python /home/s21_yhr/lzh/new/DomainBed-new/train_all.py PACS_QTDoG_seed4 --dataset PACS --data_dir /home/s21_yhr/lzh/new/DomainBed-new/dataset --algorithm ERM --steps 5000 --checkpoint_freq 200 --batch_size 32 --optimizer adam --lr 5e-5 --weight_decay 0 --resnet_dropout 0 --resnet18 False --pretrained True --freeze_bn True --swad LossValley --seed 4 --trial_seed 4 --deterministic --cache disk --prebuild_loader --image_size 224 --quant 1 --q_steps 100
================================================================================
[36mINFO[0m 08/07 15:40:28 | Command :: /home/s21_yhr/lzh/new/DomainBed-new/train_all.py PACS_QTDoG_seed4 --dataset PACS --data_dir /home/s21_yhr/lzh/new/DomainBed-new/dataset --algorithm ERM --steps 5000 --checkpoint_freq 200 --batch_size 32 --optimizer adam --lr 5e-5 --weight_decay 0 --resnet_dropout 0 --resnet18 False --pretrained True --freeze_bn True --swad LossValley --seed 4 --trial_seed 4 --deterministic --cache disk --prebuild_loader --image_size 224 --quant 1 --q_steps 100
Environment:
	Python: 3.11.15
	PyTorch: 2.11.0+cu128
	Torchvision: 0.26.0+cu128
	CUDA: 12.8
	CUDNN: 91900
	NumPy: 1.26.4
	PIL: 12.2.0
Args:
	algorithm: ERM
	batch_size: 32
	cache: disk
	cache_root: cache
	cache_size: None
	checkpoint_freq: 200
	configs: []
	data_dir: /home/s21_yhr/lzh/new/DomainBed-new/dataset
	dataset: PACS
	debug: False
	deterministic: True
	end_step: 200
	evalmode: fast
	extra_search: n
	extra_search_end: None
	extra_search_start: None
	gga_l_gamma: 0.001
	grad_fn: sum
	holdout_fraction: 0.2
	model_save: None
	name: PACS_QTDoG_seed4
	neighborhoodSize: 1e-06
	out_dir: train_output/PACS/260807_15-40-28_PACS_QTDoG_seed4
	out_root: train_output/PACS
	prebuild_loader: True
	q_steps: 100
	quant: 1
	resize_mode: stretch
	saliency: False
	saliency_cmap: jet
	saliency_every: 0
	saliency_noise: 0.15
	saliency_num: 16
	saliency_samples: 25
	saliency_split: test_in
	seed: 4
	show: False
	start_step: 100
	steps: 5000
	tb_freq: 10
	test_envs: None
	train_output: train_output
	trial_seed: 4
	unique_name: 260807_15-40-28_PACS_QTDoG_seed4
	work_dir: .
HParams:
	data_augmentation: True
	val_augment: False
	[36mresnet18: False
	[0m[36mresnet_dropout: 0
	[0mclass_balanced: False
	[36moptimizer: adam
	[0m[36mfreeze_bn: True
	[0m[36mpretrained: True
	[0m[36mimage_size: 224
	[0m[36mlr: 5e-05
	[0mbatch_size: 32
	[36mweight_decay: 0
	[0m[36mswad: LossValley
	[0mswad_kwargs: 
	  n_converge: 3
	  n_tolerance: 6
	  tolerance_ratio: 0.3
	test_batchsize: 128
	indomain_test: False
	grad_fn: sum
	extra_search: n
	logdir: train_output/PACS/260807_15-40-28_PACS_QTDoG_seed4
	neighborhoodSize: 1e-06
	start_step: 100
	end_step: 200
	extra_search_start: None
	extra_search_end: None
	gga_l_gamma: 0.001
Dataset:
	[PACS] #envs=4, #classes=7
	env0: art_painting (#2048)
	env1: cartoon (#2344)
	env2: photo (#1670)
	env3: sketch (#3929)

[36mINFO[0m 08/07 15:40:28 | n_steps = 5000
[36mINFO[0m 08/07 15:40:28 | checkpoint_freq = 200
[36mINFO[0m 08/07 15:40:28 | n_steps is updated to 5000 => 5001 for checkpointing
[36mINFO[0m 08/07 15:40:28 | Target test envs = [[0], [1], [2], [3]]
[36mINFO[0m 08/07 15:40:28 | 
[36mINFO[0m 08/07 15:40:29 | Testenv name escaping te_art_painting -> te_art_painting
[36mINFO[0m 08/07 15:40:29 | Test envs = [0], name = te_art_painting
[36mINFO[0m 08/07 15:40:29 | Batch sizes for each domain: [0, 32, 32, 32] (total=96)
[36mINFO[0m 08/07 15:40:29 | steps-per-epoch for each domain: 58.62, 41.75, 98.25 -> min = 41.75
/home/s21_yhr/miniconda3/envs/GGA/lib/python3.11/site-packages/torchvision/models/_utils.py:208: UserWarning: The parameter 'pretrained' is deprecated since 0.13 and may be removed in the future, please use 'weights' instead.
  warnings.warn(
/home/s21_yhr/miniconda3/envs/GGA/lib/python3.11/site-packages/torchvision/models/_utils.py:223: UserWarning: Arguments other than a weight enum or `None` for 'weights' are deprecated since 0.13 and may be removed in the future. The current behavior is equivalent to passing `weights=ResNet50_Weights.IMAGENET1K_V1`. You can also use `weights=ResNet50_Weights.DEFAULT` to get the most up-to-date weights.
  warnings.warn(msg)
[36mINFO[0m 08/07 15:40:34 | # of params = 23522375
[36mINFO[0m 08/07 15:40:38 | test_in     test_out    train_in    train_out   test_in_au  test_out_a  train_out_  tr_outloss  env0_in     env0_in_au  env0_out    env0_out_a  env1_out    env1_out_a  env2_out    env2_out_a  env3_out    env3_out_a  step        epoch       loss        step_time   eval_time   mem_gb     
[36mINFO[0m 08/07 15:40:38 | 0.206833    0.190709    0.000000    0.255934    nan         nan         nan         1.843441    0.206833    nan         0.190709    nan         0.175214    nan         0.326347    nan         0.266242    nan         0           0.000000    1.970651    0.887139    3.405692    8.026237   
[36mINFO[0m 08/07 15:40:58 | Quantizing 53 modules at step 100
[36mINFO[0m 08/07 15:41:21 | 0.830384    0.865526    0.000000    0.944024    nan         nan         nan         0.147405    0.830384    nan         0.865526    nan         0.935897    nan         0.970060    nan         0.926115    nan         200         4.790419    0.262861    0.167210    3.026718    8.674257   
[36mINFO[0m 08/07 15:42:06 | 0.832825    0.887531    0.000000    0.950730    nan         nan         nan         0.168503    0.832825    nan         0.887531    nan         0.950855    nan         0.979042    nan         0.922293    nan         400         9.580838    0.074928    0.171038    3.073827    8.852023   
[36mINFO[0m 08/07 15:42:52 | 0.868822    0.911980    0.000000    0.957950    nan         nan         nan         0.122677    0.868822    nan         0.911980    nan         0.955128    nan         0.976048    nan         0.942675    nan         600         14.371257   0.060203    0.172729    3.116729    9.030033   
[36mINFO[0m 08/07 15:43:37 | 0.876754    0.889976    0.000000    0.956260    nan         nan         nan         0.135993    0.876754    nan         0.889976    nan         0.948718    nan         0.985030    nan         0.935032    nan         800         19.161677   0.044279    0.170707    3.255850    9.207799   
[36mINFO[0m 08/07 15:44:22 | 0.798048    0.823961    0.000000    0.944981    nan         nan         nan         0.201894    0.798048    nan         0.823961    nan         0.940171    nan         0.952096    nan         0.942675    nan         1000        23.952096   0.031352    0.169459    3.200766    9.384832   
Model converged at step 600, Start step = 201; Threshold = 0.199578, 
[36mINFO[0m 08/07 15:45:14 | 0.816351    0.853301    0.000000    0.946421    nan         nan         nan         0.186539    0.816351    nan         0.853301    nan         0.931624    nan         0.970060    nan         0.937580    nan         1200        28.742515   0.030078    0.169124    3.154069    9.736397   
[36mINFO[0m 08/07 15:45:59 | 0.851739    0.880196    0.000000    0.956509    nan         nan         nan         0.162422    0.851739    nan         0.880196    nan         0.935897    nan         0.982036    nan         0.951592    nan         1400        33.532934   0.023454    0.171460    3.056346    9.910562   
[36mINFO[0m 08/07 15:46:46 | 0.782184    0.826406    0.000000    0.959488    nan         nan         nan         0.160220    0.782184    nan         0.826406    nan         0.952991    nan         0.970060    nan         0.955414    nan         1600        38.323353   0.023951    0.173451    3.286115    9.914895   
[36mINFO[0m 08/07 15:47:34 | 0.825503    0.863081    0.000000    0.954115    nan         nan         nan         0.185493    0.825503    nan         0.863081    nan         0.948718    nan         0.976048    nan         0.937580    nan         1800        43.113772   0.023865    0.171605    3.317529    9.914895   
[36mINFO[0m 08/07 15:48:23 | 0.779134    0.821516    0.000000    0.948444    nan         nan         nan         0.217165    0.779134    nan         0.821516    nan         0.944444    nan         0.976048    nan         0.924841    nan         2000        47.904192   0.020186    0.172538    2.826660    9.915750   
[36mINFO[0m 08/07 15:49:06 | 0.864552    0.872861    0.000000    0.959774    nan         nan         nan         0.155427    0.864552    nan         0.872861    nan         0.950855    nan         0.973054    nan         0.955414    nan         2200        52.694611   0.020977    0.159002    2.881690    9.920938   
[36mINFO[0m 08/07 15:49:49 | 0.866382    0.889976    0.000000    0.963191    nan         nan         nan         0.120288    0.866382    nan         0.889976    nan         0.946581    nan         0.985030    nan         0.957962    nan         2400        57.485030   0.019064    0.158320    2.841251    9.920938   
[36mINFO[0m 08/07 15:50:34 | 0.830995    0.848411    0.000000    0.956090    nan         nan         nan         0.156056    0.830995    nan         0.848411    nan         0.948718    nan         0.973054    nan         0.946497    nan         2600        62.275449   0.012851    0.159431    2.964211    9.922647   
[36mINFO[0m 08/07 15:51:20 | 0.810860    0.828851    0.000000    0.965893    nan         nan         nan         0.155877    0.810860    nan         0.828851    nan         0.959402    nan         0.979042    nan         0.959236    nan         2800        67.065868   0.013909    0.157201    3.334286    9.928567   
[36mINFO[0m 08/07 15:52:05 | 0.813911    0.850856    0.000000    0.946980    nan         nan         nan         0.239583    0.813911    nan         0.850856    nan         0.948718    nan         0.952096    nan         0.940127    nan         3000        71.856287   0.013839    0.157293    3.279255    9.931252   
[36mINFO[0m 08/07 15:52:50 | 0.736425    0.782396    0.000000    0.914793    nan         nan         nan         0.518246    0.736425    nan         0.782396    nan         0.925214    nan         0.949102    nan         0.870064    nan         3200        76.646707   0.018528    0.157782    3.571785    9.931252   
[36mINFO[0m 08/07 15:53:33 | 0.759610    0.804401    0.000000    0.950822    nan         nan         nan         0.239176    0.759610    nan         0.804401    nan         0.944444    nan         0.964072    nan         0.943949    nan         3400        81.437126   0.013202    0.157302    3.160563    9.931252   
[36mINFO[0m 08/07 15:54:18 | 0.877364    0.872861    0.000000    0.959938    nan         nan         nan         0.142002    0.877364    nan         0.872861    nan         0.961538    nan         0.973054    nan         0.945223    nan         3600        86.227545   0.021341    0.158959    3.715668    9.931985   
[36mINFO[0m 08/07 15:55:11 | 0.882245    0.911980    0.000000    0.964635    nan         nan         nan         0.153143    0.882245    nan         0.911980    nan         0.970085    nan         0.976048    nan         0.947771    nan         3800        91.017964   0.011692    0.177936    4.030269    9.933877   
[36mINFO[0m 08/07 15:56:00 | 0.807200    0.833741    0.000000    0.954937    nan         nan         nan         0.177967    0.807200    nan         0.833741    nan         0.935897    nan         0.976048    nan         0.952866    nan         4000        95.808383   0.018753    0.168333    3.770845    9.933877   
[36mINFO[0m 08/07 15:56:53 | 0.837706    0.870416    0.000000    0.961361    nan         nan         nan         0.174950    0.837706    nan         0.870416    nan         0.961538    nan         0.976048    nan         0.946497    nan         4200        100.598802  0.011063    0.182677    3.346550    9.934976   
[36mINFO[0m 08/07 15:57:42 | 0.810250    0.853301    0.000000    0.965621    nan         nan         nan         0.139888    0.810250    nan         0.853301    nan         0.967949    nan         0.976048    nan         0.952866    nan         4400        105.389222  0.020539    0.171375    3.154336    9.936685   
[36mINFO[0m 08/07 15:58:32 | 0.800488    0.816626    0.000000    0.953391    nan         nan         nan         0.269570    0.800488    nan         0.816626    nan         0.944444    nan         0.973054    nan         0.942675    nan         4600        110.179641  0.010001    0.169602    3.434321    9.939065   
[36mINFO[0m 08/07 15:59:20 | 0.844417    0.882641    0.000000    0.958518    nan         nan         nan         0.198119    0.844417    nan         0.882641    nan         0.965812    nan         0.967066    nan         0.942675    nan         4800        114.970060  0.011627    0.170609    3.712411    9.939065   
[36mINFO[0m 08/07 16:00:10 | 0.860891    0.863081    0.000000    0.961633    nan         nan         nan         0.143688    0.860891    nan         0.863081    nan         0.952991    nan         0.979042    nan         0.952866    nan         5000        119.760479  0.012619    0.170343    3.184223    9.939065   
[36mINFO[0m 08/07 16:00:14 | ---
[33mWARNING[0m 08/07 16:00:31 | Evaluate SWAD ...
[36mINFO[0m 08/07 16:00:34 | 0.892617    0.907090    0.000000    0.978266    nan         nan         nan         0.089575    0.892617    nan         0.907090    nan         0.970085    nan         0.994012    nan         0.970701    nan         [201-5000]  (N=26)
[36mINFO[0m 08/07 16:00:34 | oracle = 86.882%
[36mINFO[0m 08/07 16:00:34 | iid = 81.086%
[36mINFO[0m 08/07 16:00:34 | last = 86.089%
[36mINFO[0m 08/07 16:00:34 | last (inD) = 96.163%
[36mINFO[0m 08/07 16:00:34 | iid (inD) = 96.589%
[36mINFO[0m 08/07 16:00:34 | SWAD = 89.262%
[36mINFO[0m 08/07 16:00:34 | SWAD (inD) = 97.827%
[36mINFO[0m 08/07 16:00:35 | 
[36mINFO[0m 08/07 16:00:35 | Testenv name escaping te_cartoon -> te_cartoon
[36mINFO[0m 08/07 16:00:35 | Test envs = [1], name = te_cartoon
[36mINFO[0m 08/07 16:00:35 | Batch sizes for each domain: [32, 0, 32, 32] (total=96)
[36mINFO[0m 08/07 16:00:35 | steps-per-epoch for each domain: 51.22, 41.75, 98.25 -> min = 41.75
[36mINFO[0m 08/07 16:00:41 | # of params = 23522375
[36mINFO[0m 08/07 16:00:45 | test_in     test_out    train_in    train_out   test_in_au  train_out_  tr_outloss  test_out_a  env0_out    env0_out_a  env1_in     env1_in_au  env1_out    env1_out_a  env2_out    env2_out_a  env3_out    env3_out_a  step        epoch       loss        step_time   eval_time   mem_gb     
[36mINFO[0m 08/07 16:00:45 | 0.202026    0.188034    0.000000    0.299512    nan         nan         1.802470    nan         0.254279    nan         0.202026    nan         0.188034    nan         0.425150    nan         0.219108    nan         0           0.000000    1.923260    0.156782    3.210342    8.026054   
[36mINFO[0m 08/07 16:01:05 | Quantizing 53 modules at step 100
[36mINFO[0m 08/07 16:01:30 | 0.730277    0.760684    0.000000    0.955860    nan         nan         0.133526    nan         0.955990    nan         0.730277    nan         0.760684    nan         0.988024    nan         0.923567    nan         200         4.790419    0.243233    0.169166    3.480727    8.671654   
[36mINFO[0m 08/07 16:02:17 | 0.743070    0.758547    0.000000    0.960175    nan         nan         0.121971    nan         0.951100    nan         0.743070    nan         0.758547    nan         0.988024    nan         0.941401    nan         400         9.580838    0.079631    0.173983    3.667831    8.855319   
[36mINFO[0m 08/07 16:03:03 | 0.786247    0.788462    0.000000    0.958318    nan         nan         0.138185    nan         0.960880    nan         0.786247    nan         0.788462    nan         0.979042    nan         0.935032    nan         600         14.371257   0.058551    0.169293    3.634387    9.032780   
[36mINFO[0m 08/07 16:03:47 | 0.781983    0.788462    0.000000    0.962471    nan         nan         0.104895    nan         0.958435    nan         0.781983    nan         0.788462    nan         0.985030    nan         0.943949    nan         800         19.161677   0.052685    0.165255    3.186343    9.212621   
[36mINFO[0m 08/07 16:04:31 | 0.775053    0.758547    0.000000    0.944555    nan         nan         0.190142    nan         0.933985    nan         0.775053    nan         0.758547    nan         0.985030    nan         0.914650    nan         1000        23.952096   0.040793    0.165454    3.364232    9.389776   
[36mINFO[0m 08/07 16:05:17 | 0.826226    0.805556    0.000000    0.967833    nan         nan         0.109749    nan         0.968215    nan         0.826226    nan         0.805556    nan         0.976048    nan         0.959236    nan         1200        28.742515   0.034449    0.167436    4.120149    9.567725   
Model converged at step 800, Start step = 201; Threshold = 0.175407, 
[36mINFO[0m 08/07 16:06:09 | 0.834222    0.846154    0.000000    0.957869    nan         nan         0.161139    nan         0.953545    nan         0.834222    nan         0.846154    nan         0.985030    nan         0.935032    nan         1400        33.532934   0.025034    0.169382    3.298575    9.920938   
[36mINFO[0m 08/07 16:06:53 | 0.774520    0.769231    0.000000    0.968072    nan         nan         0.106831    nan         0.963325    nan         0.774520    nan         0.769231    nan         0.988024    nan         0.952866    nan         1600        38.323353   0.023956    0.165227    3.647943    9.922463   
[36mINFO[0m 08/07 16:07:38 | 0.775053    0.764957    0.000000    0.962655    nan         nan         0.130567    nan         0.943765    nan         0.775053    nan         0.764957    nan         0.976048    nan         0.968153    nan         1800        43.113772   0.024144    0.168036    3.816755    9.923867   
[36mINFO[0m 08/07 16:08:28 | 0.793710    0.805556    0.000000    0.968475    nan         nan         0.099895    nan         0.963325    nan         0.793710    nan         0.805556    nan         0.979042    nan         0.963057    nan         2000        47.904192   0.027790    0.171021    4.137968    9.923867   
[36mINFO[0m 08/07 16:09:16 | 0.813433    0.818376    0.000000    0.969863    nan         nan         0.129728    nan         0.965770    nan         0.813433    nan         0.818376    nan         0.982036    nan         0.961783    nan         2200        52.694611   0.023182    0.166213    3.980132    9.923867   
[36mINFO[0m 08/07 16:10:04 | 0.795842    0.784188    0.000000    0.967823    nan         nan         0.119036    nan         0.977995    nan         0.795842    nan         0.784188    nan         0.970060    nan         0.955414    nan         2400        57.485030   0.012423    0.167909    3.842115    9.923867   
[36mINFO[0m 08/07 16:10:52 | 0.783049    0.784188    0.000000    0.946681    nan         nan         0.186404    nan         0.941320    nan         0.783049    nan         0.784188    nan         0.970060    nan         0.928662    nan         2600        62.275449   0.021101    0.168333    3.570416    9.925271   
[36mINFO[0m 08/07 16:11:41 | 0.851812    0.835470    0.000000    0.967269    nan         nan         0.130158    nan         0.958435    nan         0.851812    nan         0.835470    nan         0.979042    nan         0.964331    nan         2800        67.065868   0.016173    0.168883    3.468680    9.928323   
[36mINFO[0m 08/07 16:12:30 | 0.843817    0.852564    0.000000    0.961027    nan         nan         0.179980    nan         0.958435    nan         0.843817    nan         0.852564    nan         0.973054    nan         0.951592    nan         3000        71.856287   0.017707    0.167130    3.626037    9.930581   
[36mINFO[0m 08/07 16:13:20 | 0.840085    0.833333    0.000000    0.964907    nan         nan         0.138188    nan         0.963325    nan         0.840085    nan         0.833333    nan         0.967066    nan         0.964331    nan         3200        76.646707   0.017154    0.170268    3.424980    9.930581   
[36mINFO[0m 08/07 16:14:06 | 0.824094    0.811966    0.000000    0.955498    nan         nan         0.168459    nan         0.955990    nan         0.824094    nan         0.811966    nan         0.955090    nan         0.955414    nan         3400        81.437126   0.015124    0.157129    3.018662    9.930581   
[36mINFO[0m 08/07 16:14:51 | 0.800107    0.799145    0.000000    0.969241    nan         nan         0.127336    nan         0.951100    nan         0.800107    nan         0.799145    nan         0.991018    nan         0.965605    nan         3600        86.227545   0.019860    0.161952    3.163402    9.930581   
[36mINFO[0m 08/07 16:15:36 | 0.723881    0.696581    0.000000    0.946923    nan         nan         0.198376    nan         0.931540    nan         0.723881    nan         0.696581    nan         0.955090    nan         0.954140    nan         3800        91.017964   0.014990    0.157873    3.003603    9.930581   
[36mINFO[0m 08/07 16:16:23 | 0.726013    0.713675    0.000000    0.962736    nan         nan         0.146160    nan         0.948655    nan         0.726013    nan         0.713675    nan         0.979042    nan         0.960510    nan         4000        95.808383   0.018836    0.167557    2.973937    9.931375   
[36mINFO[0m 08/07 16:17:06 | 0.818763    0.814103    0.000000    0.963907    nan         nan         0.110707    nan         0.955990    nan         0.818763    nan         0.814103    nan         0.979042    nan         0.956688    nan         4200        100.598802  0.017782    0.157660    2.942820    9.931375   
[36mINFO[0m 08/07 16:17:50 | 0.783582    0.764957    0.000000    0.959627    nan         nan         0.153727    nan         0.946210    nan         0.783582    nan         0.764957    nan         0.967066    nan         0.965605    nan         4400        105.389222  0.012649    0.158332    2.972035    9.931375   
[36mINFO[0m 08/07 16:18:33 | 0.794776    0.782051    0.000000    0.969932    nan         nan         0.130105    nan         0.960880    nan         0.794776    nan         0.782051    nan         0.982036    nan         0.966879    nan         4600        110.179641  0.018076    0.157524    3.096841    9.931375   
[36mINFO[0m 08/07 16:19:20 | 0.783582    0.762821    0.000000    0.959800    nan         nan         0.147887    nan         0.953545    nan         0.783582    nan         0.762821    nan         0.964072    nan         0.961783    nan         4800        114.970060  0.011265    0.167249    3.337605    9.931375   
[36mINFO[0m 08/07 16:20:09 | 0.801173    0.786325    0.000000    0.967214    nan         nan         0.138135    nan         0.960880    nan         0.801173    nan         0.786325    nan         0.970060    nan         0.970701    nan         5000        119.760479  0.015558    0.168949    3.808132    9.931375   
[36mINFO[0m 08/07 16:20:13 | ---
[33mWARNING[0m 08/07 16:20:29 | Evaluate SWAD ...
[36mINFO[0m 08/07 16:20:32 | 0.846482    0.829060    0.000000    0.980822    nan         nan         0.064681    nan         0.973105    nan         0.846482    nan         0.829060    nan         0.991018    nan         0.978344    nan         [201-5000]  (N=25)
[36mINFO[0m 08/07 16:20:32 | oracle = 84.382%
[36mINFO[0m 08/07 16:20:32 | iid = 79.478%
[36mINFO[0m 08/07 16:20:32 | last = 80.117%
[36mINFO[0m 08/07 16:20:32 | last (inD) = 96.721%
[36mINFO[0m 08/07 16:20:32 | iid (inD) = 96.993%
[36mINFO[0m 08/07 16:20:32 | SWAD = 84.648%
[36mINFO[0m 08/07 16:20:32 | SWAD (inD) = 98.082%
[36mINFO[0m 08/07 16:20:33 | 
[36mINFO[0m 08/07 16:20:33 | Testenv name escaping te_photo -> te_photo
[36mINFO[0m 08/07 16:20:33 | Test envs = [2], name = te_photo
[36mINFO[0m 08/07 16:20:33 | Batch sizes for each domain: [32, 32, 0, 32] (total=96)
[36mINFO[0m 08/07 16:20:33 | steps-per-epoch for each domain: 51.22, 58.62, 98.25 -> min = 51.22
[36mINFO[0m 08/07 16:20:39 | # of params = 23522375
[36mINFO[0m 08/07 16:20:43 | test_in     test_out    train_in    train_out   test_in_au  train_out_  tr_outloss  test_out_a  env0_out    env0_out_a  env1_out    env1_out_a  env2_in     env2_in_au  env2_out    env2_out_a  env3_out    env3_out_a  step        epoch       loss        step_time   eval_time   mem_gb     
[36mINFO[0m 08/07 16:20:43 | 0.120509    0.125749    0.000000    0.177176    nan         nan         1.925728    nan         0.166259    nan         0.147436    nan         0.120509    nan         0.125749    nan         0.217834    nan         0           0.000000    1.989748    0.162809    3.522456    8.026054   
[36mINFO[0m 08/07 16:21:04 | Quantizing 53 modules at step 100
[36mINFO[0m 08/07 16:21:28 | 0.932635    0.940120    0.000000    0.894804    nan         nan         0.322155    nan         0.941320    nan         0.865385    nan         0.932635    nan         0.940120    nan         0.877707    nan         200         3.904820    0.357265    0.171519    2.899850    8.671654   
[36mINFO[0m 08/07 16:22:13 | 0.971557    0.949102    0.000000    0.950449    nan         nan         0.155887    nan         0.963325    nan         0.952991    nan         0.971557    nan         0.949102    nan         0.935032    nan         400         7.809640    0.109032    0.168385    2.828677    8.855319   
[36mINFO[0m 08/07 16:22:57 | 0.965569    0.943114    0.000000    0.951977    nan         nan         0.161172    nan         0.965770    nan         0.955128    nan         0.965569    nan         0.943114    nan         0.935032    nan         600         11.714460   0.071545    0.167459    2.832444    9.032780   
[36mINFO[0m 08/07 16:23:41 | 0.973054    0.970060    0.000000    0.948861    nan         nan         0.174836    nan         0.953545    nan         0.940171    nan         0.973054    nan         0.970060    nan         0.952866    nan         800         15.619280   0.050274    0.167550    2.851268    9.212621   
Model converged at step 400, Start step = 401; Threshold = 0.213154, 
[36mINFO[0m 08/07 16:24:29 | 0.953593    0.937126    0.000000    0.947395    nan         nan         0.185178    nan         0.958435    nan         0.948718    nan         0.953593    nan         0.937126    nan         0.935032    nan         1000        19.524100   0.039438    0.168061    2.907660    9.566260   
[36mINFO[0m 08/07 16:25:14 | 0.963323    0.958084    0.000000    0.958079    nan         nan         0.153444    nan         0.963325    nan         0.946581    nan         0.963323    nan         0.958084    nan         0.964331    nan         1200        23.428920   0.040252    0.169811    3.232480    9.742805   
[36mINFO[0m 08/07 16:25:59 | 0.957335    0.955090    0.000000    0.944882    nan         nan         0.203422    nan         0.946210    nan         0.950855    nan         0.957335    nan         0.955090    nan         0.937580    nan         1400        27.333740   0.031317    0.167153    3.099481    9.919473   
[36mINFO[0m 08/07 16:26:45 | 0.962575    0.967066    0.000000    0.954408    nan         nan         0.195299    nan         0.963325    nan         0.950855    nan         0.962575    nan         0.967066    nan         0.949045    nan         1600        31.238560   0.025976    0.167323    2.802151    9.919473   
[36mINFO[0m 08/07 16:27:33 | 0.946108    0.943114    0.000000    0.954155    nan         nan         0.162811    nan         0.970660    nan         0.946581    nan         0.946108    nan         0.943114    nan         0.945223    nan         1800        35.143380   0.030007    0.168879    2.844088    9.920938   
[36mINFO[0m 08/07 16:28:20 | 0.958084    0.949102    0.000000    0.954388    nan         nan         0.173186    nan         0.946210    nan         0.961538    nan         0.958084    nan         0.949102    nan         0.955414    nan         2000        39.048200   0.029683    0.168515    2.882095    9.920938   
[36mINFO[0m 08/07 16:29:08 | 0.957335    0.949102    0.000000    0.949806    nan         nan         0.175293    nan         0.948655    nan         0.952991    nan         0.957335    nan         0.949102    nan         0.947771    nan         2200        42.953020   0.021487    0.168394    3.091772    9.921975   
[36mINFO[0m 08/07 16:29:55 | 0.949102    0.925150    0.000000    0.937088    nan         nan         0.284214    nan         0.936430    nan         0.948718    nan         0.949102    nan         0.925150    nan         0.926115    nan         2400        46.857840   0.022933    0.167881    3.360739    9.921975   
[36mINFO[0m 08/07 16:30:42 | 0.948353    0.904192    0.000000    0.954744    nan         nan         0.218264    nan         0.951100    nan         0.961538    nan         0.948353    nan         0.904192    nan         0.951592    nan         2600        50.762660   0.020115    0.165853    3.375063    9.927407   
[36mINFO[0m 08/07 16:31:29 | 0.937126    0.949102    0.000000    0.926178    nan         nan         0.285250    nan         0.924205    nan         0.929487    nan         0.937126    nan         0.949102    nan         0.924841    nan         2800        54.667480   0.025275    0.166775    3.562329    9.929116   
[36mINFO[0m 08/07 16:32:16 | 0.961078    0.949102    0.000000    0.961366    nan         nan         0.158038    nan         0.953545    nan         0.963675    nan         0.961078    nan         0.949102    nan         0.966879    nan         3000        58.572300   0.019603    0.168454    3.152500    9.929116   
[36mINFO[0m 08/07 16:33:03 | 0.932635    0.934132    0.000000    0.946566    nan         nan         0.230573    nan         0.946210    nan         0.944444    nan         0.932635    nan         0.934132    nan         0.949045    nan         3200        62.477120   0.017603    0.168184    3.151751    9.929727   
[36mINFO[0m 08/07 16:33:52 | 0.953593    0.934132    0.000000    0.958093    nan         nan         0.154583    nan         0.963325    nan         0.952991    nan         0.953593    nan         0.934132    nan         0.957962    nan         3400        66.381940   0.018644    0.172343    3.311127    9.929727   
[36mINFO[0m 08/07 16:34:41 | 0.930389    0.940120    0.000000    0.937239    nan         nan         0.228082    nan         0.951100    nan         0.916667    nan         0.930389    nan         0.940120    nan         0.943949    nan         3600        70.286760   0.017944    0.169415    3.183707    9.929727   
[36mINFO[0m 08/07 16:35:33 | 0.961078    0.949102    0.000000    0.959894    nan         nan         0.142800    nan         0.955990    nan         0.952991    nan         0.961078    nan         0.949102    nan         0.970701    nan         3800        74.191580   0.020100    0.182800    2.963921    9.929727   
[36mINFO[0m 08/07 16:36:22 | 0.945359    0.949102    0.000000    0.957531    nan         nan         0.196181    nan         0.953545    nan         0.957265    nan         0.945359    nan         0.949102    nan         0.961783    nan         4000        78.096400   0.015034    0.169705    2.945197    9.929727   
[36mINFO[0m 08/07 16:37:10 | 0.953593    0.943114    0.000000    0.956018    nan         nan         0.219634    nan         0.960880    nan         0.959402    nan         0.953593    nan         0.943114    nan         0.947771    nan         4200        82.001220   0.019413    0.171743    2.819031    9.931436   
[36mINFO[0m 08/07 16:37:54 | 0.932635    0.928144    0.000000    0.941985    nan         nan         0.216890    nan         0.958435    nan         0.933761    nan         0.932635    nan         0.928144    nan         0.933758    nan         4400        85.906040   0.015871    0.156977    2.548413    9.933755   
[36mINFO[0m 08/07 16:38:37 | 0.962575    0.949102    0.000000    0.961366    nan         nan         0.181660    nan         0.963325    nan         0.961538    nan         0.962575    nan         0.949102    nan         0.959236    nan         4600        89.810860   0.017247    0.157627    2.531049    9.933755   
[36mINFO[0m 08/07 16:39:20 | 0.955090    0.934132    0.000000    0.950984    nan         nan         0.183613    nan         0.953545    nan         0.940171    nan         0.955090    nan         0.934132    nan         0.959236    nan         4800        93.715680   0.018942    0.158066    2.637963    9.933755   
[36mINFO[0m 08/07 16:40:03 | 0.940120    0.922156    0.000000    0.948025    nan         nan         0.245043    nan         0.953545    nan         0.946581    nan         0.940120    nan         0.922156    nan         0.943949    nan         5000        97.620500   0.012966    0.158067    2.621396    9.936807   
[36mINFO[0m 08/07 16:40:06 | ---
[33mWARNING[0m 08/07 16:40:16 | Evaluate SWAD ...
[36mINFO[0m 08/07 16:40:19 | 0.977545    0.973054    0.000000    0.972249    nan         nan         0.099792    nan         0.975550    nan         0.967949    nan         0.977545    nan         0.973054    nan         0.973248    nan         [401-4800]  (N=25)
[36mINFO[0m 08/07 16:40:19 | oracle = 97.305%
[36mINFO[0m 08/07 16:40:19 | iid = 96.108%
[36mINFO[0m 08/07 16:40:19 | last = 94.012%
[36mINFO[0m 08/07 16:40:19 | last (inD) = 94.803%
[36mINFO[0m 08/07 16:40:19 | iid (inD) = 96.137%
[36mINFO[0m 08/07 16:40:19 | SWAD = 97.754%
[36mINFO[0m 08/07 16:40:19 | SWAD (inD) = 97.225%
[36mINFO[0m 08/07 16:40:20 | 
[36mINFO[0m 08/07 16:40:20 | Testenv name escaping te_sketch -> te_sketch
[36mINFO[0m 08/07 16:40:20 | Test envs = [3], name = te_sketch
[36mINFO[0m 08/07 16:40:20 | Batch sizes for each domain: [32, 32, 32, 0] (total=96)
[36mINFO[0m 08/07 16:40:20 | steps-per-epoch for each domain: 51.22, 58.62, 41.75 -> min = 41.75
[36mINFO[0m 08/07 16:40:25 | # of params = 23522375
[36mINFO[0m 08/07 16:40:29 | test_in     test_out    train_in    train_out   test_in_au  train_out_  tr_outloss  test_out_a  env0_out    env0_out_a  env1_out    env1_out_a  env2_out    env2_out_a  env3_in     env3_in_au  env3_out    env3_out_a  step        epoch       loss        step_time   eval_time   mem_gb     
[36mINFO[0m 08/07 16:40:29 | 0.201336    0.178344    0.000000    0.280250    nan         nan         1.831204    nan         0.205379    nan         0.252137    nan         0.383234    nan         0.201336    nan         0.178344    nan         0           0.000000    1.962004    0.151941    3.805496    8.026054   
[36mINFO[0m 08/07 16:40:48 | Quantizing 53 modules at step 100
[36mINFO[0m 08/07 16:41:10 | 0.747455    0.745223    0.000000    0.957095    nan         nan         0.124354    nan         0.948655    nan         0.946581    nan         0.976048    nan         0.747455    nan         0.745223    nan         200         4.790419    0.224366    0.157831    3.809393    8.671654   
[36mINFO[0m 08/07 16:41:53 | 0.728372    0.707006    0.000000    0.966731    nan         nan         0.116829    nan         0.960880    nan         0.942308    nan         0.997006    nan         0.728372    nan         0.707006    nan         400         9.580838    0.076374    0.158709    3.847457    8.855319   
[36mINFO[0m 08/07 16:42:36 | 0.809796    0.814013    0.000000    0.949097    nan         nan         0.159482    nan         0.941320    nan         0.920940    nan         0.985030    nan         0.809796    nan         0.814013    nan         600         14.371257   0.044333    0.158855    3.847213    9.032780   
[36mINFO[0m 08/07 16:43:18 | 0.778626    0.763057    0.000000    0.947710    nan         nan         0.198637    nan         0.938875    nan         0.925214    nan         0.979042    nan         0.778626    nan         0.763057    nan         800         19.161677   0.036277    0.158818    3.941376    9.212621   
Model converged at step 400, Start step = 201; Threshold = 0.205810, 
[36mINFO[0m 08/07 16:44:14 | 0.810115    0.771975    0.000000    0.953797    nan         nan         0.185229    nan         0.941320    nan         0.938034    nan         0.982036    nan         0.810115    nan         0.771975    nan         1000        23.952096   0.034169    0.176040    4.289873    9.566260   
[36mINFO[0m 08/07 16:45:02 | 0.803117    0.798726    0.000000    0.964856    nan         nan         0.122144    nan         0.970660    nan         0.950855    nan         0.973054    nan         0.803117    nan         0.798726    nan         1200        28.742515   0.024517    0.173788    4.647405    9.742805   
[36mINFO[0m 08/07 16:45:50 | 0.746819    0.728662    0.000000    0.966917    nan         nan         0.125333    nan         0.975550    nan         0.940171    nan         0.985030    nan         0.746819    nan         0.728662    nan         1400        33.532934   0.027007    0.174621    4.641186    9.919473   
[36mINFO[0m 08/07 16:46:41 | 0.721374    0.703185    0.000000    0.960926    nan         nan         0.140174    nan         0.958435    nan         0.942308    nan         0.982036    nan         0.721374    nan         0.703185    nan         1600        38.323353   0.017337    0.174216    4.808439    9.919473   
[36mINFO[0m 08/07 16:47:32 | 0.803117    0.793631    0.000000    0.959658    nan         nan         0.165922    nan         0.948655    nan         0.957265    nan         0.973054    nan         0.803117    nan         0.793631    nan         1800        43.113772   0.024799    0.175159    4.402408    9.920938   
[36mINFO[0m 08/07 16:48:23 | 0.716603    0.707006    0.000000    0.945127    nan         nan         0.238673    nan         0.948655    nan         0.916667    nan         0.970060    nan         0.716603    nan         0.707006    nan         2000        47.904192   0.018351    0.176913    4.232064    9.920938   
[36mINFO[0m 08/07 16:49:14 | 0.801845    0.793631    0.000000    0.960938    nan         nan         0.151728    nan         0.948655    nan         0.970085    nan         0.964072    nan         0.801845    nan         0.793631    nan         2200        52.694611   0.016760    0.175131    4.446912    9.921975   
[36mINFO[0m 08/07 16:50:05 | 0.758588    0.759236    0.000000    0.965524    nan         nan         0.146794    nan         0.955990    nan         0.961538    nan         0.979042    nan         0.758588    nan         0.759236    nan         2400        57.485030   0.014730    0.174162    4.466827    9.921975   
[36mINFO[0m 08/07 16:50:54 | 0.823155    0.831847    0.000000    0.969009    nan         nan         0.146108    nan         0.960880    nan         0.955128    nan         0.991018    nan         0.823155    nan         0.831847    nan         2600        62.275449   0.016619    0.170910    4.324919    9.927407   
[36mINFO[0m 08/07 16:51:44 | 0.687023    0.633121    0.000000    0.944892    nan         nan         0.249007    nan         0.919315    nan         0.942308    nan         0.973054    nan         0.687023    nan         0.633121    nan         2800        67.065868   0.015570    0.173095    4.246094    9.929116   
[36mINFO[0m 08/07 16:52:35 | 0.815840    0.780892    0.000000    0.968784    nan         nan         0.149265    nan         0.965770    nan         0.961538    nan         0.979042    nan         0.815840    nan         0.780892    nan         3000        71.856287   0.014897    0.173206    4.394037    9.929116   
[36mINFO[0m 08/07 16:53:29 | 0.798028    0.769427    0.000000    0.956180    nan         nan         0.145831    nan         0.960880    nan         0.946581    nan         0.961078    nan         0.798028    nan         0.769427    nan         3200        76.646707   0.016083    0.187220    5.107780    9.929727   
[36mINFO[0m 08/07 16:54:19 | 0.794529    0.787261    0.000000    0.962594    nan         nan         0.151209    nan         0.960880    nan         0.950855    nan         0.976048    nan         0.794529    nan         0.787261    nan         3400        81.437126   0.019523    0.173166    4.326019    9.929727   
[36mINFO[0m 08/07 16:55:12 | 0.767812    0.759236    0.000000    0.953042    nan         nan         0.201534    nan         0.943765    nan         0.942308    nan         0.973054    nan         0.767812    nan         0.759236    nan         3600        86.227545   0.013081    0.180307    4.069674    9.929727   
[36mINFO[0m 08/07 16:55:56 | 0.769084    0.747771    0.000000    0.956200    nan         nan         0.190293    nan         0.951100    nan         0.944444    nan         0.973054    nan         0.769084    nan         0.747771    nan         3800        91.017964   0.010461    0.161059    4.017310    9.929727   
[36mINFO[0m 08/07 16:56:41 | 0.749364    0.738854    0.000000    0.954608    nan         nan         0.199574    nan         0.943765    nan         0.952991    nan         0.967066    nan         0.749364    nan         0.738854    nan         4000        95.808383   0.015386    0.161734    4.015452    9.929727   
[36mINFO[0m 08/07 16:57:26 | 0.732824    0.735032    0.000000    0.961898    nan         nan         0.147189    nan         0.951100    nan         0.961538    nan         0.973054    nan         0.732824    nan         0.735032    nan         4200        100.598802  0.010435    0.159428    4.072599    9.931436   
[36mINFO[0m 08/07 16:58:10 | 0.809160    0.815287    0.000000    0.970574    nan         nan         0.128492    nan         0.960880    nan         0.965812    nan         0.985030    nan         0.809160    nan         0.815287    nan         4400        105.389222  0.020051    0.160038    4.309306    9.933755   
[36mINFO[0m 08/07 16:58:55 | 0.831425    0.811465    0.000000    0.959681    nan         nan         0.127441    nan         0.955990    nan         0.952991    nan         0.970060    nan         0.831425    nan         0.811465    nan         4600        110.179641  0.016827    0.160976    3.960122    9.933755   
[36mINFO[0m 08/07 16:59:40 | 0.750636    0.721019    0.000000    0.959620    nan         nan         0.154937    nan         0.951100    nan         0.948718    nan         0.979042    nan         0.750636    nan         0.721019    nan         4800        114.970060  0.012956    0.161202    4.027308    9.933755   
[36mINFO[0m 08/07 17:00:24 | 0.828880    0.815287    0.000000    0.962697    nan         nan         0.136279    nan         0.963325    nan         0.948718    nan         0.976048    nan         0.828880    nan         0.815287    nan         5000        119.760479  0.011622    0.159390    4.061967    9.936807   
[36mINFO[0m 08/07 17:00:26 | ---
[33mWARNING[0m 08/07 17:00:35 | Evaluate SWAD ...
[36mINFO[0m 08/07 17:00:39 | 0.848282    0.816561    0.000000    0.981410    nan         nan         0.074355    nan         0.977995    nan         0.972222    nan         0.994012    nan         0.848282    nan         0.816561    nan         [201-5000]  (N=27)
[36mINFO[0m 08/07 17:00:39 | oracle = 82.316%
[36mINFO[0m 08/07 17:00:39 | iid = 80.916%
[36mINFO[0m 08/07 17:00:39 | last = 82.888%
[36mINFO[0m 08/07 17:00:39 | last (inD) = 96.270%
[36mINFO[0m 08/07 17:00:39 | iid (inD) = 97.057%
[36mINFO[0m 08/07 17:00:39 | SWAD = 84.828%
[36mINFO[0m 08/07 17:00:39 | SWAD (inD) = 98.141%
[36mINFO[0m 08/07 17:00:41 | === Summary ===
[36mINFO[0m 08/07 17:00:41 | Command: /home/s21_yhr/lzh/new/DomainBed-new/train_all.py PACS_QTDoG_seed4 --dataset PACS --data_dir /home/s21_yhr/lzh/new/DomainBed-new/dataset --algorithm ERM --steps 5000 --checkpoint_freq 200 --batch_size 32 --optimizer adam --lr 5e-5 --weight_decay 0 --resnet_dropout 0 --resnet18 False --pretrained True --freeze_bn True --swad LossValley --seed 4 --trial_seed 4 --deterministic --cache disk --prebuild_loader --image_size 224 --quant 1 --q_steps 100
[36mINFO[0m 08/07 17:00:41 | Unique name: 260807_15-40-28_PACS_QTDoG_seed4
[36mINFO[0m 08/07 17:00:41 | Out path: train_output/PACS/260807_15-40-28_PACS_QTDoG_seed4
[36mINFO[0m 08/07 17:00:41 | Algorithm: ERM
[36mINFO[0m 08/07 17:00:41 | Dataset: PACS
+------------+--------------+---------+---------+---------+---------+
| Selection  | art_painting | cartoon |  photo  |  sketch |   Avg.  |
+------------+--------------+---------+---------+---------+---------+
|   oracle   |   86.882%    | 84.382% | 97.305% | 82.316% | 87.721% |
|    iid     |   81.086%    | 79.478% | 96.108% | 80.916% | 84.397% |
|    last    |   86.089%    | 80.117% | 94.012% | 82.888% | 85.777% |
| last (inD) |   96.163%    | 96.721% | 94.803% | 96.270% | 95.989% |
| iid (inD)  |   96.589%    | 96.993% | 96.137% | 97.057% | 96.694% |
|    SWAD    |   89.262%    | 84.648% | 97.754% | 84.828% | 89.123% |
| SWAD (inD) |   97.827%    | 98.082% | 97.225% | 98.141% | 97.819% |
+------------+--------------+---------+---------+---------+---------+
