Algorithm: ALOFT_E
Physical GPU: 1
Seeds: [0, 1, 2, 3, 4]
Dataset: /data/home/kxrgzn/lzh/new/DomainBed-new/dataset/SKET

================================================================================
Starting ALOFT_E, seed=0, physical GPU=1
/home/kxrgzn/anaconda3/envs/lzh_DG/bin/python /data/home/kxrgzn/lzh/new/DomainBed-new/train_all.py SKET_ALOFT_E_seed0 --dataset SKET --data_dir /data/home/kxrgzn/lzh/new/DomainBed-new/dataset --algorithm ALOFT_E --steps 5000 --checkpoint_freq 100 --batch_size 32 --optimizer adam --lr 5e-5 --weight_decay 0 --resnet_dropout 0 --resnet18 False --pretrained True --freeze_bn True --swad LossValley --seed 0 --trial_seed 0 --deterministic --cache disk --prebuild_loader --image_size 224 --aloft_alpha 1.0 --aloft_mask_ratio 0.5 --aloft_perturb_prob 1.0
================================================================================
/home/kxrgzn/anaconda3/envs/lzh_DG/lib/python3.9/site-packages/munch/__init__.py:24: UserWarning: pkg_resources is deprecated as an API. See https://setuptools.pypa.io/en/latest/pkg_resources.html. The pkg_resources package is slated for removal as early as 2025-11-30. Refrain from using this package or pin to Setuptools<81.
  import pkg_resources
[36mINFO[0m 08/12 23:17:23 | Command :: /data/home/kxrgzn/lzh/new/DomainBed-new/train_all.py SKET_ALOFT_E_seed0 --dataset SKET --data_dir /data/home/kxrgzn/lzh/new/DomainBed-new/dataset --algorithm ALOFT_E --steps 5000 --checkpoint_freq 100 --batch_size 32 --optimizer adam --lr 5e-5 --weight_decay 0 --resnet_dropout 0 --resnet18 False --pretrained True --freeze_bn True --swad LossValley --seed 0 --trial_seed 0 --deterministic --cache disk --prebuild_loader --image_size 224 --aloft_alpha 1.0 --aloft_mask_ratio 0.5 --aloft_perturb_prob 1.0
Environment:
	Python: 3.9.23
	PyTorch: 2.6.0+cu124
	Torchvision: 0.21.0+cu124
	CUDA: 12.4
	CUDNN: 90100
	NumPy: 1.23.5
	PIL: 8.1.0
Args:
	algorithm: ALOFT_E
	batch_size: 32
	cache: disk
	cache_root: cache
	cache_size: None
	checkpoint_freq: 100
	configs: []
	data_dir: /data/home/kxrgzn/lzh/new/DomainBed-new/dataset
	dataset: SKET
	debug: False
	deterministic: True
	end_step: 200
	evalmode: fast
	extra_search: n
	extra_search_end: None
	extra_search_start: None
	gga_l_gamma: 0.001
	grad_fn: sum
	holdout_fraction: 0.2
	model_save: None
	name: SKET_ALOFT_E_seed0
	neighborhoodSize: 1e-06
	out_dir: train_output/SKET/260812_23-17-23_SKET_ALOFT_E_seed0
	out_root: train_output/SKET
	prebuild_loader: True
	q_steps: 2000
	quant: 0
	resize_mode: stretch
	saliency: False
	saliency_cmap: jet
	saliency_every: 0
	saliency_noise: 0.15
	saliency_num: 16
	saliency_samples: 25
	saliency_split: test_in
	seed: 0
	show: False
	start_step: 100
	steps: 5000
	tb_freq: 10
	test_envs: None
	train_output: train_output
	trial_seed: 0
	unique_name: 260812_23-17-23_SKET_ALOFT_E_seed0
	work_dir: .
HParams:
	data_augmentation: True
	val_augment: False
	[36mresnet18: False
	[0m[36mresnet_dropout: 0
	[0mclass_balanced: False
	[36moptimizer: adam
	[0m[36mfreeze_bn: True
	[0m[36mpretrained: True
	[0m[36mimage_size: 224
	[0m[36mlr: 5e-05
	[0mbatch_size: 32
	[36mweight_decay: 0
	[0m[36maloft_alpha: 1.0
	[0m[36maloft_mask_ratio: 0.5
	[0m[36maloft_perturb_prob: 1.0
	[0maloft_positions: 
	  - layer1
	  - layer2
	  - layer3
	[36mswad: LossValley
	[0mswad_kwargs: 
	  n_converge: 3
	  n_tolerance: 6
	  tolerance_ratio: 0.3
	test_batchsize: 128
	indomain_test: False
	grad_fn: sum
	extra_search: n
	logdir: train_output/SKET/260812_23-17-23_SKET_ALOFT_E_seed0
	neighborhoodSize: 1e-06
	start_step: 100
	end_step: 200
	extra_search_start: None
	extra_search_end: None
	gga_l_gamma: 0.001
Dataset:
	[SKET] #envs=3, #classes=203
	env0: TUBerlin (#16320)
	env1: quickdraw (#101500)
	env2: sketch (#45540)

[36mINFO[0m 08/12 23:17:25 | n_steps = 5000
[36mINFO[0m 08/12 23:17:25 | checkpoint_freq = 100
[36mINFO[0m 08/12 23:17:25 | n_steps is updated to 5000 => 5001 for checkpointing
[36mINFO[0m 08/12 23:17:25 | Target test envs = [[0], [1], [2]]
[36mINFO[0m 08/12 23:17:25 | 
[36mINFO[0m 08/12 23:17:28 | Testenv name escaping te_TUBerlin -> te_TUBerlin
[36mINFO[0m 08/12 23:17:28 | Test envs = [0], name = te_TUBerlin
[36mINFO[0m 08/12 23:17:28 | Batch sizes for each domain: [0, 32, 32] (total=64)
[36mINFO[0m 08/12 23:17:28 | steps-per-epoch for each domain: 2537.50, 1138.50 -> min = 1138.50
/home/kxrgzn/anaconda3/envs/lzh_DG/lib/python3.9/site-packages/torchvision/models/_utils.py:208: UserWarning: The parameter 'pretrained' is deprecated since 0.13 and may be removed in the future, please use 'weights' instead.
  warnings.warn(
/home/kxrgzn/anaconda3/envs/lzh_DG/lib/python3.9/site-packages/torchvision/models/_utils.py:223: UserWarning: Arguments other than a weight enum or `None` for 'weights' are deprecated since 0.13 and may be removed in the future. The current behavior is equivalent to passing `weights=ResNet50_Weights.IMAGENET1K_V1`. You can also use `weights=ResNet50_Weights.DEFAULT` to get the most up-to-date weights.
  warnings.warn(msg)
[36mINFO[0m 08/12 23:17:31 | # of params = 23923979
[36mINFO[0m 08/12 23:19:14 | test_in     test_out    train_in    train_out   test_in_au  test_out_a  train_out_  tr_outloss  env0_in     env0_in_au  env0_out    env0_out_a  env1_out    env1_out_a  env2_out    env2_out_a  step        epoch       loss        step_time   eval_time   mem_gb     
[36mINFO[0m 08/12 23:19:14 | 0.006434    0.005515    0.000000    0.004919    nan         nan         nan         5.351252    0.006434    nan         0.005515    nan         0.005665    nan         0.004172    nan         0           0.000000    5.306439    1.062917    101.670821  9.680035   
WARNING:root:NaN or Inf found in input tensor.
WARNING:root:NaN or Inf found in input tensor.
WARNING:root:NaN or Inf found in input tensor.
WARNING:root:NaN or Inf found in input tensor.
WARNING:root:NaN or Inf found in input tensor.
WARNING:root:NaN or Inf found in input tensor.
WARNING:root:NaN or Inf found in input tensor.
[36mINFO[0m 08/12 23:21:56 | 0.024050    0.022365    0.000000    0.039515    nan         nan         nan         5.044371    0.024050    nan         0.022365    nan         0.023695    nan         0.055336    nan         100         0.087835    5.239969    0.588404    98.758928   10.041303  
WARNING:root:NaN or Inf found in input tensor.
WARNING:root:NaN or Inf found in input tensor.
WARNING:root:NaN or Inf found in input tensor.
WARNING:root:NaN or Inf found in input tensor.
WARNING:root:NaN or Inf found in input tensor.
WARNING:root:NaN or Inf found in input tensor.
WARNING:root:NaN or Inf found in input tensor.
[36mINFO[0m 08/12 23:24:39 | 0.121936    0.125919    0.000000    0.139639    nan         nan         nan         4.078028    0.121936    nan         0.125919    nan         0.112611    nan         0.166667    nan         200         0.175670    4.656739    0.581717    98.612296   10.221546  
WARNING:root:NaN or Inf found in input tensor.
WARNING:root:NaN or Inf found in input tensor.
WARNING:root:NaN or Inf found in input tensor.
WARNING:root:NaN or Inf found in input tensor.
WARNING:root:NaN or Inf found in input tensor.
WARNING:root:NaN or Inf found in input tensor.
WARNING:root:NaN or Inf found in input tensor.
[36mINFO[0m 08/12 23:27:26 | 0.215227    0.215686    0.000000    0.230186    nan         nan         nan         3.401607    0.215227    nan         0.215686    nan         0.210591    nan         0.249780    nan         300         0.263505    3.801788    0.580040    103.575860  10.400310  
WARNING:root:NaN or Inf found in input tensor.
WARNING:root:NaN or Inf found in input tensor.
WARNING:root:NaN or Inf found in input tensor.
WARNING:root:NaN or Inf found in input tensor.
WARNING:root:NaN or Inf found in input tensor.
WARNING:root:NaN or Inf found in input tensor.
WARNING:root:NaN or Inf found in input tensor.
[36mINFO[0m 08/12 23:30:13 | 0.310355    0.320466    0.000000    0.338179    nan         nan         nan         2.856313    0.310355    nan         0.320466    nan         0.330837    nan         0.345520    nan         400         0.351339    3.196608    0.564009    104.527768  10.577593  
WARNING:root:NaN or Inf found in input tensor.
WARNING:root:NaN or Inf found in input tensor.
WARNING:root:NaN or Inf found in input tensor.
WARNING:root:NaN or Inf found in input tensor.
WARNING:root:NaN or Inf found in input tensor.
WARNING:root:NaN or Inf found in input tensor.
WARNING:root:NaN or Inf found in input tensor.
[36mINFO[0m 08/12 23:33:01 | 0.376302    0.380515    0.000000    0.382114    nan         nan         nan         2.607281    0.376302    nan         0.380515    nan         0.378522    nan         0.385705    nan         500         0.439174    2.821873    0.588774    104.563770  10.757920  
WARNING:root:NaN or Inf found in input tensor.
WARNING:root:NaN or Inf found in input tensor.
WARNING:root:NaN or Inf found in input tensor.
WARNING:root:NaN or Inf found in input tensor.
WARNING:root:NaN or Inf found in input tensor.
WARNING:root:NaN or Inf found in input tensor.
WARNING:root:NaN or Inf found in input tensor.
[36mINFO[0m 08/12 23:35:46 | 0.427926    0.445159    0.000000    0.430902    nan         nan         nan         2.373215    0.427926    nan         0.445159    nan         0.440197    nan         0.421607    nan         600         0.527009    2.563576    0.584143    102.293578  10.935616  
WARNING:root:NaN or Inf found in input tensor.
WARNING:root:NaN or Inf found in input tensor.
WARNING:root:NaN or Inf found in input tensor.
WARNING:root:NaN or Inf found in input tensor.
WARNING:root:NaN or Inf found in input tensor.
WARNING:root:NaN or Inf found in input tensor.
WARNING:root:NaN or Inf found in input tensor.
[36mINFO[0m 08/12 23:38:38 | 0.454044    0.468444    0.000000    0.469544    nan         nan         nan         2.214053    0.454044    nan         0.468444    nan         0.484433    nan         0.454655    nan         700         0.614844    2.375832    0.580156    108.997507  11.114852  
WARNING:root:NaN or Inf found in input tensor.
WARNING:root:NaN or Inf found in input tensor.
WARNING:root:NaN or Inf found in input tensor.
WARNING:root:NaN or Inf found in input tensor.
WARNING:root:NaN or Inf found in input tensor.
WARNING:root:NaN or Inf found in input tensor.
WARNING:root:NaN or Inf found in input tensor.
[36mINFO[0m 08/12 23:41:23 | 0.469822    0.478554    0.000000    0.477716    nan         nan         nan         2.172168    0.469822    nan         0.478554    nan         0.495616    nan         0.459816    nan         800         0.702679    2.265555    0.568674    101.007009  11.115905  
WARNING:root:NaN or Inf found in input tensor.
WARNING:root:NaN or Inf found in input tensor.
WARNING:root:NaN or Inf found in input tensor.
WARNING:root:NaN or Inf found in input tensor.
WARNING:root:NaN or Inf found in input tensor.
WARNING:root:NaN or Inf found in input tensor.
WARNING:root:NaN or Inf found in input tensor.
[36mINFO[0m 08/12 23:44:15 | 0.500996    0.513174    0.000000    0.501555    nan         nan         nan         2.044795    0.500996    nan         0.513174    nan         0.523202    nan         0.479908    nan         900         0.790514    2.180211    0.599723    108.277356  11.115905  
WARNING:root:NaN or Inf found in input tensor.
WARNING:root:NaN or Inf found in input tensor.
WARNING:root:NaN or Inf found in input tensor.
WARNING:root:NaN or Inf found in input tensor.
WARNING:root:NaN or Inf found in input tensor.
WARNING:root:NaN or Inf found in input tensor.
WARNING:root:NaN or Inf found in input tensor.
[36mINFO[0m 08/12 23:47:03 | 0.507047    0.512255    0.000000    0.510083    nan         nan         nan         2.010316    0.507047    nan         0.512255    nan         0.527192    nan         0.492973    nan         1000        0.878349    2.089218    0.587481    105.221153  11.115905  
WARNING:root:NaN or Inf found in input tensor.
WARNING:root:NaN or Inf found in input tensor.
WARNING:root:NaN or Inf found in input tensor.
WARNING:root:NaN or Inf found in input tensor.
WARNING:root:NaN or Inf found in input tensor.
WARNING:root:NaN or Inf found in input tensor.
WARNING:root:NaN or Inf found in input tensor.
[36mINFO[0m 08/12 23:49:48 | 0.524510    0.530944    0.000000    0.522609    nan         nan         nan         1.955505    0.524510    nan         0.530944    nan         0.535665    nan         0.509552    nan         1100        0.966184    1.989771    0.587943    101.682643  11.117881  
WARNING:root:NaN or Inf found in input tensor.
WARNING:root:NaN or Inf found in input tensor.
WARNING:root:NaN or Inf found in input tensor.
WARNING:root:NaN or Inf found in input tensor.
WARNING:root:NaN or Inf found in input tensor.
WARNING:root:NaN or Inf found in input tensor.
WARNING:root:NaN or Inf found in input tensor.
[36mINFO[0m 08/12 23:52:34 | 0.525046    0.530637    0.000000    0.524914    nan         nan         nan         1.932975    0.525046    nan         0.530637    nan         0.543350    nan         0.506478    nan         1200        1.054018    1.957833    0.589847    102.906512  11.123733  
WARNING:root:NaN or Inf found in input tensor.
WARNING:root:NaN or Inf found in input tensor.
WARNING:root:NaN or Inf found in input tensor.
WARNING:root:NaN or Inf found in input tensor.
WARNING:root:NaN or Inf found in input tensor.
WARNING:root:NaN or Inf found in input tensor.
WARNING:root:NaN or Inf found in input tensor.
[36mINFO[0m 08/12 23:55:16 | 0.516085    0.523897    0.000000    0.538095    nan         nan         nan         1.898672    0.516085    nan         0.523897    nan         0.552365    nan         0.523825    nan         1300        1.141853    1.874401    0.592114    99.046954   11.124091  
WARNING:root:NaN or Inf found in input tensor.
WARNING:root:NaN or Inf found in input tensor.
WARNING:root:NaN or Inf found in input tensor.
WARNING:root:NaN or Inf found in input tensor.
WARNING:root:NaN or Inf found in input tensor.
WARNING:root:NaN or Inf found in input tensor.
WARNING:root:NaN or Inf found in input tensor.
[36mINFO[0m 08/12 23:57:59 | 0.546339    0.548713    0.000000    0.544431    nan         nan         nan         1.854309    0.546339    nan         0.548713    nan         0.561084    nan         0.527778    nan         1400        1.229688    1.832296    0.589026    99.978800   11.124091  
WARNING:root:NaN or Inf found in input tensor.
WARNING:root:NaN or Inf found in input tensor.
WARNING:root:NaN or Inf found in input tensor.
WARNING:root:NaN or Inf found in input tensor.
WARNING:root:NaN or Inf found in input tensor.
WARNING:root:NaN or Inf found in input tensor.
WARNING:root:NaN or Inf found in input tensor.
[36mINFO[0m 08/13 00:00:41 | 0.573759    0.581495    0.000000    0.582829    nan         nan         nan         1.706854    0.573759    nan         0.581495    nan         0.601429    nan         0.564229    nan         1500        1.317523    1.798294    0.588873    99.094094   11.125129  
WARNING:root:NaN or Inf found in input tensor.
WARNING:root:NaN or Inf found in input tensor.
WARNING:root:NaN or Inf found in input tensor.
WARNING:root:NaN or Inf found in input tensor.
WARNING:root:NaN or Inf found in input tensor.
WARNING:root:NaN or Inf found in input tensor.
WARNING:root:NaN or Inf found in input tensor.
[36mINFO[0m 08/13 00:03:27 | 0.569087    0.571078    0.000000    0.574385    nan         nan         nan         1.722526    0.569087    nan         0.571078    nan         0.594532    nan         0.554238    nan         1600        1.405358    1.761123    0.587709    102.974185  11.125991  
WARNING:root:NaN or Inf found in input tensor.
WARNING:root:NaN or Inf found in input tensor.
WARNING:root:NaN or Inf found in input tensor.
WARNING:root:NaN or Inf found in input tensor.
WARNING:root:NaN or Inf found in input tensor.
WARNING:root:NaN or Inf found in input tensor.
WARNING:root:NaN or Inf found in input tensor.
[36mINFO[0m 08/13 00:06:13 | 0.559283    0.549939    0.000000    0.569611    nan         nan         nan         1.728805    0.559283    nan         0.549939    nan         0.582020    nan         0.557202    nan         1700        1.493193    1.721151    0.589520    102.492762  11.125991  
WARNING:root:NaN or Inf found in input tensor.
WARNING:root:NaN or Inf found in input tensor.
WARNING:root:NaN or Inf found in input tensor.
WARNING:root:NaN or Inf found in input tensor.
WARNING:root:NaN or Inf found in input tensor.
WARNING:root:NaN or Inf found in input tensor.
WARNING:root:NaN or Inf found in input tensor.
Model converged at step 1500, Start step = 1201; Threshold = 2.235214, 
[36mINFO[0m 08/13 00:09:01 | 0.583410    0.593137    0.000000    0.591139    nan         nan         nan         1.651052    0.583410    nan         0.593137    nan         0.613547    nan         0.568731    nan         1800        1.581028    1.678729    0.600888    101.917609  11.307775  
WARNING:root:NaN or Inf found in input tensor.
WARNING:root:NaN or Inf found in input tensor.
WARNING:root:NaN or Inf found in input tensor.
WARNING:root:NaN or Inf found in input tensor.
WARNING:root:NaN or Inf found in input tensor.
WARNING:root:NaN or Inf found in input tensor.
WARNING:root:NaN or Inf found in input tensor.
[36mINFO[0m 08/13 00:11:47 | 0.582031    0.580270    0.000000    0.590848    nan         nan         nan         1.645871    0.582031    nan         0.580270    nan         0.611429    nan         0.570268    nan         1900        1.668863    1.695770    0.584539    102.385628  11.308477  
WARNING:root:NaN or Inf found in input tensor.
WARNING:root:NaN or Inf found in input tensor.
WARNING:root:NaN or Inf found in input tensor.
WARNING:root:NaN or Inf found in input tensor.
WARNING:root:NaN or Inf found in input tensor.
WARNING:root:NaN or Inf found in input tensor.
WARNING:root:NaN or Inf found in input tensor.
[36mINFO[0m 08/13 00:14:30 | 0.584559    0.581495    0.000000    0.600021    nan         nan         nan         1.606398    0.584559    nan         0.581495    nan         0.613744    nan         0.586298    nan         2000        1.756697    1.621517    0.575741    100.054989  11.309416  
WARNING:root:NaN or Inf found in input tensor.
WARNING:root:NaN or Inf found in input tensor.
WARNING:root:NaN or Inf found in input tensor.
WARNING:root:NaN or Inf found in input tensor.
WARNING:root:NaN or Inf found in input tensor.
WARNING:root:NaN or Inf found in input tensor.
WARNING:root:NaN or Inf found in input tensor.
[36mINFO[0m 08/13 00:17:18 | 0.565181    0.570466    0.000000    0.584496    nan         nan         nan         1.664473    0.565181    nan         0.570466    nan         0.608276    nan         0.560716    nan         2100        1.844532    1.625814    0.579469    103.994320  11.309416  
WARNING:root:NaN or Inf found in input tensor.
WARNING:root:NaN or Inf found in input tensor.
WARNING:root:NaN or Inf found in input tensor.
WARNING:root:NaN or Inf found in input tensor.
WARNING:root:NaN or Inf found in input tensor.
WARNING:root:NaN or Inf found in input tensor.
WARNING:root:NaN or Inf found in input tensor.
[36mINFO[0m 08/13 00:20:06 | 0.600643    0.606618    0.000000    0.602388    nan         nan         nan         1.602256    0.600643    nan         0.606618    nan         0.625616    nan         0.579161    nan         2200        1.932367    1.574183    0.593333    104.386820  11.309416  
WARNING:root:NaN or Inf found in input tensor.
WARNING:root:NaN or Inf found in input tensor.
WARNING:root:NaN or Inf found in input tensor.
WARNING:root:NaN or Inf found in input tensor.
WARNING:root:NaN or Inf found in input tensor.
WARNING:root:NaN or Inf found in input tensor.
WARNING:root:NaN or Inf found in input tensor.
[36mINFO[0m 08/13 00:22:52 | 0.586550    0.588542    0.000000    0.610514    nan         nan         nan         1.563435    0.586550    nan         0.588542    nan         0.627044    nan         0.593983    nan         2300        2.020202    1.591246    0.581616    101.675404  11.309416  
WARNING:root:NaN or Inf found in input tensor.
WARNING:root:NaN or Inf found in input tensor.
WARNING:root:NaN or Inf found in input tensor.
WARNING:root:NaN or Inf found in input tensor.
WARNING:root:NaN or Inf found in input tensor.
WARNING:root:NaN or Inf found in input tensor.
WARNING:root:NaN or Inf found in input tensor.
[36mINFO[0m 08/13 00:25:40 | 0.590993    0.594975    0.000000    0.604684    nan         nan         nan         1.599738    0.590993    nan         0.594975    nan         0.619557    nan         0.589811    nan         2400        2.108037    1.515879    0.580149    101.732315  11.309416  
WARNING:root:NaN or Inf found in input tensor.
WARNING:root:NaN or Inf found in input tensor.
WARNING:root:NaN or Inf found in input tensor.
WARNING:root:NaN or Inf found in input tensor.
WARNING:root:NaN or Inf found in input tensor.
WARNING:root:NaN or Inf found in input tensor.
WARNING:root:NaN or Inf found in input tensor.
[36mINFO[0m 08/13 00:28:27 | 0.575061    0.575061    0.000000    0.598807    nan         nan         nan         1.604930    0.575061    nan         0.575061    nan         0.612414    nan         0.585200    nan         2500        2.195872    1.523314    0.575831    102.233357  11.309416  
WARNING:root:NaN or Inf found in input tensor.
WARNING:root:NaN or Inf found in input tensor.
WARNING:root:NaN or Inf found in input tensor.
WARNING:root:NaN or Inf found in input tensor.
WARNING:root:NaN or Inf found in input tensor.
WARNING:root:NaN or Inf found in input tensor.
WARNING:root:NaN or Inf found in input tensor.
[36mINFO[0m 08/13 00:31:13 | 0.589154    0.588542    0.000000    0.617057    nan         nan         nan         1.542129    0.589154    nan         0.588542    nan         0.636946    nan         0.597167    nan         2600        2.283707    1.494553    0.579858    102.143572  11.311033  
WARNING:root:NaN or Inf found in input tensor.
WARNING:root:NaN or Inf found in input tensor.
WARNING:root:NaN or Inf found in input tensor.
WARNING:root:NaN or Inf found in input tensor.
WARNING:root:NaN or Inf found in input tensor.
WARNING:root:NaN or Inf found in input tensor.
WARNING:root:NaN or Inf found in input tensor.
[36mINFO[0m 08/13 00:34:03 | 0.594056    0.593444    0.000000    0.615824    nan         nan         nan         1.540978    0.594056    nan         0.593444    nan         0.633054    nan         0.598595    nan         2700        2.371542    1.473820    0.597274    105.274973  11.318930  
WARNING:root:NaN or Inf found in input tensor.
WARNING:root:NaN or Inf found in input tensor.
WARNING:root:NaN or Inf found in input tensor.
WARNING:root:NaN or Inf found in input tensor.
WARNING:root:NaN or Inf found in input tensor.
WARNING:root:NaN or Inf found in input tensor.
WARNING:root:NaN or Inf found in input tensor.
[36mINFO[0m 08/13 00:36:51 | 0.585938    0.585172    0.000000    0.617928    nan         nan         nan         1.533663    0.585938    nan         0.585172    nan         0.634187    nan         0.601669    nan         2800        2.459376    1.479821    0.579863    104.642813  11.318930  
WARNING:root:NaN or Inf found in input tensor.
WARNING:root:NaN or Inf found in input tensor.
WARNING:root:NaN or Inf found in input tensor.
WARNING:root:NaN or Inf found in input tensor.
WARNING:root:NaN or Inf found in input tensor.
WARNING:root:NaN or Inf found in input tensor.
WARNING:root:NaN or Inf found in input tensor.
[36mINFO[0m 08/13 00:39:39 | 0.610294    0.609375    0.000000    0.625532    nan         nan         nan         1.506259    0.610294    nan         0.609375    nan         0.646650    nan         0.604414    nan         2900        2.547211    1.435837    0.587920    104.988171  11.319662  
WARNING:root:NaN or Inf found in input tensor.
WARNING:root:NaN or Inf found in input tensor.
WARNING:root:NaN or Inf found in input tensor.
WARNING:root:NaN or Inf found in input tensor.
WARNING:root:NaN or Inf found in input tensor.
WARNING:root:NaN or Inf found in input tensor.
WARNING:root:NaN or Inf found in input tensor.
[36mINFO[0m 08/13 00:42:26 | 0.595129    0.605699    0.000000    0.616776    nan         nan         nan         1.556430    0.595129    nan         0.605699    nan         0.639458    nan         0.594093    nan         3000        2.635046    1.391832    0.576699    102.819541  11.319662  
WARNING:root:NaN or Inf found in input tensor.
WARNING:root:NaN or Inf found in input tensor.
WARNING:root:NaN or Inf found in input tensor.
WARNING:root:NaN or Inf found in input tensor.
WARNING:root:NaN or Inf found in input tensor.
WARNING:root:NaN or Inf found in input tensor.
WARNING:root:NaN or Inf found in input tensor.
[36mINFO[0m 08/13 00:45:14 | 0.610218    0.607843    0.000000    0.630462    nan         nan         nan         1.479858    0.610218    nan         0.607843    nan         0.648276    nan         0.612648    nan         3100        2.722881    1.415858    0.583551    103.968572  11.319662  
WARNING:root:NaN or Inf found in input tensor.
WARNING:root:NaN or Inf found in input tensor.
WARNING:root:NaN or Inf found in input tensor.
WARNING:root:NaN or Inf found in input tensor.
WARNING:root:NaN or Inf found in input tensor.
WARNING:root:NaN or Inf found in input tensor.
WARNING:root:NaN or Inf found in input tensor.
[36mINFO[0m 08/13 00:47:59 | 0.595665    0.597426    0.000000    0.631675    nan         nan         nan         1.476176    0.595665    nan         0.597426    nan         0.648177    nan         0.615173    nan         3200        2.810716    1.390612    0.588887    101.631681  11.319662  
WARNING:root:NaN or Inf found in input tensor.
WARNING:root:NaN or Inf found in input tensor.
WARNING:root:NaN or Inf found in input tensor.
WARNING:root:NaN or Inf found in input tensor.
WARNING:root:NaN or Inf found in input tensor.
WARNING:root:NaN or Inf found in input tensor.
WARNING:root:NaN or Inf found in input tensor.
[36mINFO[0m 08/13 00:50:44 | 0.632123    0.637255    0.000000    0.625336    nan         nan         nan         1.503379    0.632123    nan         0.637255    nan         0.649113    nan         0.601559    nan         3300        2.898551    1.424344    0.573314    100.628969  11.319662  
WARNING:root:NaN or Inf found in input tensor.
WARNING:root:NaN or Inf found in input tensor.
WARNING:root:NaN or Inf found in input tensor.
WARNING:root:NaN or Inf found in input tensor.
WARNING:root:NaN or Inf found in input tensor.
WARNING:root:NaN or Inf found in input tensor.
WARNING:root:NaN or Inf found in input tensor.
[36mINFO[0m 08/13 00:53:33 | 0.624464    0.629902    0.000000    0.630393    nan         nan         nan         1.503999    0.624464    nan         0.629902    nan         0.654286    nan         0.606500    nan         3400        2.986386    1.343344    0.566292    104.848662  11.319662  
WARNING:root:NaN or Inf found in input tensor.
WARNING:root:NaN or Inf found in input tensor.
WARNING:root:NaN or Inf found in input tensor.
WARNING:root:NaN or Inf found in input tensor.
WARNING:root:NaN or Inf found in input tensor.
WARNING:root:NaN or Inf found in input tensor.
WARNING:root:NaN or Inf found in input tensor.
[36mINFO[0m 08/13 00:56:16 | 0.606158    0.615809    0.000000    0.644192    nan         nan         nan         1.433732    0.606158    nan         0.615809    nan         0.661133    nan         0.627251    nan         3500        3.074220    1.393398    0.559683    99.415495   11.319662  
WARNING:root:NaN or Inf found in input tensor.
WARNING:root:NaN or Inf found in input tensor.
WARNING:root:NaN or Inf found in input tensor.
WARNING:root:NaN or Inf found in input tensor.
WARNING:root:NaN or Inf found in input tensor.
WARNING:root:NaN or Inf found in input tensor.
WARNING:root:NaN or Inf found in input tensor.
[36mINFO[0m 08/13 00:59:06 | 0.616345    0.624387    0.000000    0.643996    nan         nan         nan         1.433389    0.616345    nan         0.624387    nan         0.658325    nan         0.629666    nan         3600        3.162055    1.334688    0.601555    103.088814  11.319662  
WARNING:root:NaN or Inf found in input tensor.
WARNING:root:NaN or Inf found in input tensor.
WARNING:root:NaN or Inf found in input tensor.
WARNING:root:NaN or Inf found in input tensor.
WARNING:root:NaN or Inf found in input tensor.
WARNING:root:NaN or Inf found in input tensor.
WARNING:root:NaN or Inf found in input tensor.
[36mINFO[0m 08/13 01:01:51 | 0.620711    0.628370    0.000000    0.636510    nan         nan         nan         1.445365    0.620711    nan         0.628370    nan         0.656749    nan         0.616271    nan         3700        3.249890    1.379243    0.559976    102.007123  11.319662  
WARNING:root:NaN or Inf found in input tensor.
WARNING:root:NaN or Inf found in input tensor.
WARNING:root:NaN or Inf found in input tensor.
WARNING:root:NaN or Inf found in input tensor.
WARNING:root:NaN or Inf found in input tensor.
WARNING:root:NaN or Inf found in input tensor.
WARNING:root:NaN or Inf found in input tensor.
[36mINFO[0m 08/13 01:04:34 | 0.630055    0.628676    0.000000    0.643058    nan         nan         nan         1.416527    0.630055    nan         0.628676    nan         0.661281    nan         0.624835    nan         3800        3.337725    1.302411    0.580274    99.671671   11.319662  
WARNING:root:NaN or Inf found in input tensor.
WARNING:root:NaN or Inf found in input tensor.
WARNING:root:NaN or Inf found in input tensor.
WARNING:root:NaN or Inf found in input tensor.
WARNING:root:NaN or Inf found in input tensor.
WARNING:root:NaN or Inf found in input tensor.
WARNING:root:NaN or Inf found in input tensor.
[36mINFO[0m 08/13 01:07:22 | 0.609835    0.612745    0.000000    0.648383    nan         nan         nan         1.412726    0.609835    nan         0.612745    nan         0.668966    nan         0.627800    nan         3900        3.425560    1.296417    0.557923    103.694154  11.319662  
WARNING:root:NaN or Inf found in input tensor.
WARNING:root:NaN or Inf found in input tensor.
WARNING:root:NaN or Inf found in input tensor.
WARNING:root:NaN or Inf found in input tensor.
WARNING:root:NaN or Inf found in input tensor.
WARNING:root:NaN or Inf found in input tensor.
WARNING:root:NaN or Inf found in input tensor.
[36mINFO[0m 08/13 01:10:05 | 0.604167    0.612745    0.000000    0.647253    nan         nan         nan         1.404468    0.604167    nan         0.612745    nan         0.666158    nan         0.628349    nan         4000        3.513395    1.280547    0.593624    98.092184   11.319662  
WARNING:root:NaN or Inf found in input tensor.
WARNING:root:NaN or Inf found in input tensor.
WARNING:root:NaN or Inf found in input tensor.
WARNING:root:NaN or Inf found in input tensor.
WARNING:root:NaN or Inf found in input tensor.
WARNING:root:NaN or Inf found in input tensor.
WARNING:root:NaN or Inf found in input tensor.
[36mINFO[0m 08/13 01:12:52 | 0.622013    0.619179    0.000000    0.643448    nan         nan         nan         1.422346    0.622013    nan         0.619179    nan         0.668867    nan         0.618028    nan         4100        3.601230    1.282612    0.563159    102.323872  11.319662  
WARNING:root:NaN or Inf found in input tensor.
WARNING:root:NaN or Inf found in input tensor.
WARNING:root:NaN or Inf found in input tensor.
WARNING:root:NaN or Inf found in input tensor.
WARNING:root:NaN or Inf found in input tensor.
WARNING:root:NaN or Inf found in input tensor.
WARNING:root:NaN or Inf found in input tensor.
[36mINFO[0m 08/13 01:15:35 | 0.600414    0.603860    0.000000    0.647186    nan         nan         nan         1.423753    0.600414    nan         0.603860    nan         0.664926    nan         0.629447    nan         4200        3.689065    1.281137    0.586407    100.492595  11.321295  
WARNING:root:NaN or Inf found in input tensor.
WARNING:root:NaN or Inf found in input tensor.
WARNING:root:NaN or Inf found in input tensor.
WARNING:root:NaN or Inf found in input tensor.
WARNING:root:NaN or Inf found in input tensor.
WARNING:root:NaN or Inf found in input tensor.
WARNING:root:NaN or Inf found in input tensor.
[36mINFO[0m 08/13 01:18:17 | 0.631664    0.631740    0.000000    0.652454    nan         nan         nan         1.403799    0.631664    nan         0.631740    nan         0.668325    nan         0.636583    nan         4300        3.776899    1.245893    0.575763    99.081568   11.321295  
WARNING:root:NaN or Inf found in input tensor.
WARNING:root:NaN or Inf found in input tensor.
WARNING:root:NaN or Inf found in input tensor.
WARNING:root:NaN or Inf found in input tensor.
WARNING:root:NaN or Inf found in input tensor.
WARNING:root:NaN or Inf found in input tensor.
WARNING:root:NaN or Inf found in input tensor.
[36mINFO[0m 08/13 01:21:01 | 0.617570    0.614583    0.000000    0.650909    nan         nan         nan         1.413678    0.617570    nan         0.614583    nan         0.667980    nan         0.633838    nan         4400        3.864734    1.212693    0.582178    100.636450  11.321295  
WARNING:root:NaN or Inf found in input tensor.
WARNING:root:NaN or Inf found in input tensor.
WARNING:root:NaN or Inf found in input tensor.
WARNING:root:NaN or Inf found in input tensor.
WARNING:root:NaN or Inf found in input tensor.
WARNING:root:NaN or Inf found in input tensor.
WARNING:root:NaN or Inf found in input tensor.
[36mINFO[0m 08/13 01:23:47 | 0.636259    0.640625    0.000000    0.652297    nan         nan         nan         1.382698    0.636259    nan         0.640625    nan         0.676355    nan         0.628239    nan         4500        3.952569    1.241961    0.584064    103.175644  11.321295  
WARNING:root:NaN or Inf found in input tensor.
WARNING:root:NaN or Inf found in input tensor.
WARNING:root:NaN or Inf found in input tensor.
WARNING:root:NaN or Inf found in input tensor.
WARNING:root:NaN or Inf found in input tensor.
WARNING:root:NaN or Inf found in input tensor.
WARNING:root:NaN or Inf found in input tensor.
[36mINFO[0m 08/13 01:26:30 | 0.623928    0.629596    0.000000    0.654701    nan         nan         nan         1.392298    0.623928    nan         0.629596    nan         0.671281    nan         0.638120    nan         4600        4.040404    1.196129    0.572862    100.331335  11.321295  
WARNING:root:NaN or Inf found in input tensor.
WARNING:root:NaN or Inf found in input tensor.
WARNING:root:NaN or Inf found in input tensor.
WARNING:root:NaN or Inf found in input tensor.
WARNING:root:NaN or Inf found in input tensor.
WARNING:root:NaN or Inf found in input tensor.
WARNING:root:NaN or Inf found in input tensor.
[36mINFO[0m 08/13 01:29:11 | 0.652803    0.645833    0.000000    0.659340    nan         nan         nan         1.367459    0.652803    nan         0.645833    nan         0.679901    nan         0.638779    nan         4700        4.128239    1.224356    0.576454    98.144205   11.321295  
WARNING:root:NaN or Inf found in input tensor.
WARNING:root:NaN or Inf found in input tensor.
WARNING:root:NaN or Inf found in input tensor.
WARNING:root:NaN or Inf found in input tensor.
WARNING:root:NaN or Inf found in input tensor.
WARNING:root:NaN or Inf found in input tensor.
WARNING:root:NaN or Inf found in input tensor.
[36mINFO[0m 08/13 01:31:54 | 0.645297    0.650735    0.000000    0.669122    nan         nan         nan         1.329273    0.645297    nan         0.650735    nan         0.684532    nan         0.653711    nan         4800        4.216074    1.180790    0.586674    99.368644   11.321295  
WARNING:root:NaN or Inf found in input tensor.
WARNING:root:NaN or Inf found in input tensor.
WARNING:root:NaN or Inf found in input tensor.
WARNING:root:NaN or Inf found in input tensor.
WARNING:root:NaN or Inf found in input tensor.
WARNING:root:NaN or Inf found in input tensor.
WARNING:root:NaN or Inf found in input tensor.
[36mINFO[0m 08/13 01:34:38 | 0.638557    0.650735    0.000000    0.656433    nan         nan         nan         1.374264    0.638557    nan         0.650735    nan         0.672660    nan         0.640206    nan         4900        4.303909    1.173398    0.581371    100.804506  11.324018  
WARNING:root:NaN or Inf found in input tensor.
WARNING:root:NaN or Inf found in input tensor.
WARNING:root:NaN or Inf found in input tensor.
WARNING:root:NaN or Inf found in input tensor.
WARNING:root:NaN or Inf found in input tensor.
WARNING:root:NaN or Inf found in input tensor.
WARNING:root:NaN or Inf found in input tensor.
[36mINFO[0m 08/13 01:37:21 | 0.635570    0.639706    0.000000    0.660151    nan         nan         nan         1.355628    0.635570    nan         0.639706    nan         0.677241    nan         0.643061    nan         5000        4.391744    1.155824    0.582179    99.910686   11.326300  
WARNING:root:NaN or Inf found in input tensor.
WARNING:root:NaN or Inf found in input tensor.
WARNING:root:NaN or Inf found in input tensor.
WARNING:root:NaN or Inf found in input tensor.
WARNING:root:NaN or Inf found in input tensor.
WARNING:root:NaN or Inf found in input tensor.
WARNING:root:NaN or Inf found in input tensor.
[36mINFO[0m 08/13 01:37:21 | ---
[33mWARNING[0m 08/13 01:37:22 | Evaluate SWAD ...
[36mINFO[0m 08/13 01:39:01 | 0.674709    0.672181    0.000000    0.693654    nan         nan         nan         1.241230    0.674709    nan         0.672181    nan         0.712956    nan         0.674352    nan         [1201-5000]  (N=39)
[36mINFO[0m 08/13 01:39:01 | oracle = 64.530%
[36mINFO[0m 08/13 01:39:01 | iid = 64.530%
[36mINFO[0m 08/13 01:39:01 | last = 63.557%
[36mINFO[0m 08/13 01:39:01 | last (inD) = 66.015%
[36mINFO[0m 08/13 01:39:01 | iid (inD) = 66.912%
[36mINFO[0m 08/13 01:39:01 | SWAD = 67.471%
[36mINFO[0m 08/13 01:39:01 | SWAD (inD) = 69.365%
[36mINFO[0m 08/13 01:39:03 | 
[36mINFO[0m 08/13 01:39:05 | Testenv name escaping te_quickdraw -> te_quickdraw
[36mINFO[0m 08/13 01:39:05 | Test envs = [1], name = te_quickdraw
[36mINFO[0m 08/13 01:39:05 | Batch sizes for each domain: [32, 0, 32] (total=64)
[36mINFO[0m 08/13 01:39:05 | steps-per-epoch for each domain: 408.00, 1138.50 -> min = 408.00
[36mINFO[0m 08/13 01:39:09 | # of params = 23923979
[36mINFO[0m 08/13 01:43:18 | test_in     test_out    train_in    train_out   test_in_au  train_out_  tr_outloss  test_out_a  env0_out    env0_out_a  env1_in     env1_in_au  env1_out    env1_out_a  env2_out    env2_out_a  step        epoch       loss        step_time   eval_time   mem_gb     
[36mINFO[0m 08/13 01:43:18 | 0.005530    0.005616    0.000000    0.004869    nan         nan         5.342625    nan         0.003370    nan         0.005530    nan         0.005616    nan         0.006368    nan         0           0.000000    5.355189    0.490205    248.805354  9.683208   
WARNING:root:NaN or Inf found in input tensor.
WARNING:root:NaN or Inf found in input tensor.
WARNING:root:NaN or Inf found in input tensor.
WARNING:root:NaN or Inf found in input tensor.
WARNING:root:NaN or Inf found in input tensor.
WARNING:root:NaN or Inf found in input tensor.
WARNING:root:NaN or Inf found in input tensor.
[36mINFO[0m 08/13 01:48:29 | 0.015308    0.015665    0.000000    0.052034    nan         nan         4.950041    nan         0.036765    nan         0.015308    nan         0.015665    nan         0.067303    nan         100         0.245098    5.201794    0.587806    247.382358  10.041951  
WARNING:root:NaN or Inf found in input tensor.
WARNING:root:NaN or Inf found in input tensor.
WARNING:root:NaN or Inf found in input tensor.
WARNING:root:NaN or Inf found in input tensor.
WARNING:root:NaN or Inf found in input tensor.
WARNING:root:NaN or Inf found in input tensor.
WARNING:root:NaN or Inf found in input tensor.
[36mINFO[0m 08/13 01:53:41 | 0.072599    0.074975    0.000000    0.245028    nan         nan         3.414057    nan         0.268382    nan         0.072599    nan         0.074975    nan         0.221673    nan         200         0.490196    4.192100    0.565290    249.260858  10.216396  
WARNING:root:NaN or Inf found in input tensor.
WARNING:root:NaN or Inf found in input tensor.
WARNING:root:NaN or Inf found in input tensor.
WARNING:root:NaN or Inf found in input tensor.
WARNING:root:NaN or Inf found in input tensor.
WARNING:root:NaN or Inf found in input tensor.
WARNING:root:NaN or Inf found in input tensor.
[36mINFO[0m 08/13 01:58:56 | 0.151059    0.155961    0.000000    0.374516    nan         nan         2.682290    nan         0.423713    nan         0.151059    nan         0.155961    nan         0.325318    nan         300         0.735294    2.982146    0.579162    252.126765  10.393573  
WARNING:root:NaN or Inf found in input tensor.
WARNING:root:NaN or Inf found in input tensor.
WARNING:root:NaN or Inf found in input tensor.
WARNING:root:NaN or Inf found in input tensor.
WARNING:root:NaN or Inf found in input tensor.
WARNING:root:NaN or Inf found in input tensor.
WARNING:root:NaN or Inf found in input tensor.
[36mINFO[0m 08/13 02:04:12 | 0.207131    0.205961    0.000000    0.485691    nan         nan         2.144639    nan         0.559436    nan         0.207131    nan         0.205961    nan         0.411946    nan         400         0.980392    2.401005    0.580945    252.389257  10.575617  
WARNING:root:NaN or Inf found in input tensor.
WARNING:root:NaN or Inf found in input tensor.
WARNING:root:NaN or Inf found in input tensor.
WARNING:root:NaN or Inf found in input tensor.
WARNING:root:NaN or Inf found in input tensor.
WARNING:root:NaN or Inf found in input tensor.
WARNING:root:NaN or Inf found in input tensor.
[36mINFO[0m 08/13 02:09:27 | 0.222672    0.224581    0.000000    0.527285    nan         nan         1.949238    nan         0.608150    nan         0.222672    nan         0.224581    nan         0.446421    nan         500         1.225490    2.052472    0.586919    252.010695  10.759141  
WARNING:root:NaN or Inf found in input tensor.
WARNING:root:NaN or Inf found in input tensor.
WARNING:root:NaN or Inf found in input tensor.
WARNING:root:NaN or Inf found in input tensor.
WARNING:root:NaN or Inf found in input tensor.
WARNING:root:NaN or Inf found in input tensor.
WARNING:root:NaN or Inf found in input tensor.
[36mINFO[0m 08/13 02:14:43 | 0.199926    0.198522    0.000000    0.552497    nan         nan         1.858376    nan         0.625306    nan         0.199926    nan         0.198522    nan         0.479688    nan         600         1.470588    1.861206    0.591284    251.636557  10.937492  
WARNING:root:NaN or Inf found in input tensor.
WARNING:root:NaN or Inf found in input tensor.
WARNING:root:NaN or Inf found in input tensor.
WARNING:root:NaN or Inf found in input tensor.
WARNING:root:NaN or Inf found in input tensor.
WARNING:root:NaN or Inf found in input tensor.
WARNING:root:NaN or Inf found in input tensor.
[36mINFO[0m 08/13 02:20:04 | 0.227118    0.229261    0.000000    0.583115    nan         nan         1.731998    nan         0.659314    nan         0.227118    nan         0.229261    nan         0.506917    nan         700         1.715686    1.753565    0.590413    257.853100  11.114532  
WARNING:root:NaN or Inf found in input tensor.
WARNING:root:NaN or Inf found in input tensor.
WARNING:root:NaN or Inf found in input tensor.
WARNING:root:NaN or Inf found in input tensor.
WARNING:root:NaN or Inf found in input tensor.
WARNING:root:NaN or Inf found in input tensor.
WARNING:root:NaN or Inf found in input tensor.
[36mINFO[0m 08/13 02:25:19 | 0.267266    0.270000    0.000000    0.595353    nan         nan         1.683545    nan         0.681373    nan         0.267266    nan         0.270000    nan         0.509332    nan         800         1.960784    1.588292    0.585097    251.448282  11.115653  
WARNING:root:NaN or Inf found in input tensor.
WARNING:root:NaN or Inf found in input tensor.
WARNING:root:NaN or Inf found in input tensor.
WARNING:root:NaN or Inf found in input tensor.
WARNING:root:NaN or Inf found in input tensor.
WARNING:root:NaN or Inf found in input tensor.
WARNING:root:NaN or Inf found in input tensor.
[36mINFO[0m 08/13 02:30:30 | 0.287660    0.289951    0.000000    0.625764    nan         nan         1.544618    nan         0.707721    nan         0.287660    nan         0.289951    nan         0.543808    nan         900         2.205882    1.533972    0.587280    248.293296  11.117835  
WARNING:root:NaN or Inf found in input tensor.
WARNING:root:NaN or Inf found in input tensor.
WARNING:root:NaN or Inf found in input tensor.
WARNING:root:NaN or Inf found in input tensor.
WARNING:root:NaN or Inf found in input tensor.
WARNING:root:NaN or Inf found in input tensor.
WARNING:root:NaN or Inf found in input tensor.
[36mINFO[0m 08/13 02:35:43 | 0.278054    0.278227    0.000000    0.621573    nan         nan         1.554112    nan         0.699449    nan         0.278054    nan         0.278227    nan         0.543698    nan         1000        2.450980    1.469879    0.588944    250.268635  11.119376  
WARNING:root:NaN or Inf found in input tensor.
WARNING:root:NaN or Inf found in input tensor.
WARNING:root:NaN or Inf found in input tensor.
WARNING:root:NaN or Inf found in input tensor.
WARNING:root:NaN or Inf found in input tensor.
WARNING:root:NaN or Inf found in input tensor.
WARNING:root:NaN or Inf found in input tensor.
[36mINFO[0m 08/13 02:40:56 | 0.277414    0.277488    0.000000    0.627853    nan         nan         1.555802    nan         0.706189    nan         0.277414    nan         0.277488    nan         0.549517    nan         1100        2.696078    1.380073    0.575794    249.028855  11.121619  
WARNING:root:NaN or Inf found in input tensor.
WARNING:root:NaN or Inf found in input tensor.
WARNING:root:NaN or Inf found in input tensor.
WARNING:root:NaN or Inf found in input tensor.
WARNING:root:NaN or Inf found in input tensor.
WARNING:root:NaN or Inf found in input tensor.
WARNING:root:NaN or Inf found in input tensor.
Model converged at step 900, Start step = 601; Threshold = 2.016964, 
[36mINFO[0m 08/13 02:46:08 | 0.282894    0.284828    0.000000    0.635733    nan         nan         1.471665    nan         0.714154    nan         0.282894    nan         0.284828    nan         0.557312    nan         1200        2.941176    1.387198    0.580740    248.148149  11.302671  
WARNING:root:NaN or Inf found in input tensor.
WARNING:root:NaN or Inf found in input tensor.
WARNING:root:NaN or Inf found in input tensor.
WARNING:root:NaN or Inf found in input tensor.
WARNING:root:NaN or Inf found in input tensor.
WARNING:root:NaN or Inf found in input tensor.
WARNING:root:NaN or Inf found in input tensor.
[36mINFO[0m 08/13 02:51:22 | 0.280259    0.282266    0.000000    0.642913    nan         nan         1.456290    nan         0.727635    nan         0.280259    nan         0.282266    nan         0.558191    nan         1300        3.186275    1.340975    0.572723    251.105160  11.303549  
WARNING:root:NaN or Inf found in input tensor.
WARNING:root:NaN or Inf found in input tensor.
WARNING:root:NaN or Inf found in input tensor.
WARNING:root:NaN or Inf found in input tensor.
WARNING:root:NaN or Inf found in input tensor.
WARNING:root:NaN or Inf found in input tensor.
WARNING:root:NaN or Inf found in input tensor.
[36mINFO[0m 08/13 02:56:36 | 0.310579    0.315419    0.000000    0.647342    nan         nan         1.451156    nan         0.725184    nan         0.310579    nan         0.315419    nan         0.569499    nan         1400        3.431373    1.294569    0.567993    250.902555  11.304708  
WARNING:root:NaN or Inf found in input tensor.
WARNING:root:NaN or Inf found in input tensor.
WARNING:root:NaN or Inf found in input tensor.
WARNING:root:NaN or Inf found in input tensor.
WARNING:root:NaN or Inf found in input tensor.
WARNING:root:NaN or Inf found in input tensor.
WARNING:root:NaN or Inf found in input tensor.
[36mINFO[0m 08/13 03:01:48 | 0.273448    0.273695    0.000000    0.657570    nan         nan         1.399231    nan         0.727635    nan         0.273448    nan         0.273695    nan         0.587505    nan         1500        3.676471    1.268339    0.579904    248.818215  11.304708  
WARNING:root:NaN or Inf found in input tensor.
WARNING:root:NaN or Inf found in input tensor.
WARNING:root:NaN or Inf found in input tensor.
WARNING:root:NaN or Inf found in input tensor.
WARNING:root:NaN or Inf found in input tensor.
WARNING:root:NaN or Inf found in input tensor.
WARNING:root:NaN or Inf found in input tensor.
[36mINFO[0m 08/13 03:07:03 | 0.285591    0.288818    0.000000    0.664758    nan         nan         1.366042    nan         0.742341    nan         0.285591    nan         0.288818    nan         0.587176    nan         1600        3.921569    1.187363    0.584186    251.723037  11.306646  
WARNING:root:NaN or Inf found in input tensor.
WARNING:root:NaN or Inf found in input tensor.
WARNING:root:NaN or Inf found in input tensor.
WARNING:root:NaN or Inf found in input tensor.
WARNING:root:NaN or Inf found in input tensor.
WARNING:root:NaN or Inf found in input tensor.
WARNING:root:NaN or Inf found in input tensor.
[36mINFO[0m 08/13 03:12:17 | 0.294803    0.295665    0.000000    0.666267    nan         nan         1.366666    nan         0.746017    nan         0.294803    nan         0.295665    nan         0.586517    nan         1700        4.166667    1.164681    0.575021    251.792213  11.306646  
WARNING:root:NaN or Inf found in input tensor.
WARNING:root:NaN or Inf found in input tensor.
WARNING:root:NaN or Inf found in input tensor.
WARNING:root:NaN or Inf found in input tensor.
WARNING:root:NaN or Inf found in input tensor.
WARNING:root:NaN or Inf found in input tensor.
WARNING:root:NaN or Inf found in input tensor.
[36mINFO[0m 08/13 03:17:24 | 0.302746    0.307192    0.000000    0.668149    nan         nan         1.358045    nan         0.750000    nan         0.302746    nan         0.307192    nan         0.586298    nan         1800        4.411765    1.143928    0.582567    244.266595  11.308455  
WARNING:root:NaN or Inf found in input tensor.
WARNING:root:NaN or Inf found in input tensor.
WARNING:root:NaN or Inf found in input tensor.
WARNING:root:NaN or Inf found in input tensor.
WARNING:root:NaN or Inf found in input tensor.
WARNING:root:NaN or Inf found in input tensor.
WARNING:root:NaN or Inf found in input tensor.
[36mINFO[0m 08/13 03:22:35 | 0.292709    0.293892    0.000000    0.679607    nan         nan         1.327490    nan         0.759191    nan         0.292709    nan         0.293892    nan         0.600022    nan         1900        4.656863    1.122515    0.572653    248.281015  11.308455  
WARNING:root:NaN or Inf found in input tensor.
WARNING:root:NaN or Inf found in input tensor.
WARNING:root:NaN or Inf found in input tensor.
WARNING:root:NaN or Inf found in input tensor.
WARNING:root:NaN or Inf found in input tensor.
WARNING:root:NaN or Inf found in input tensor.
WARNING:root:NaN or Inf found in input tensor.
[36mINFO[0m 08/13 03:27:47 | 0.322796    0.325961    0.000000    0.680513    nan         nan         1.324268    nan         0.755515    nan         0.322796    nan         0.325961    nan         0.605512    nan         2000        4.901961    1.097611    0.568825    248.911864  11.308455  
WARNING:root:NaN or Inf found in input tensor.
WARNING:root:NaN or Inf found in input tensor.
WARNING:root:NaN or Inf found in input tensor.
WARNING:root:NaN or Inf found in input tensor.
WARNING:root:NaN or Inf found in input tensor.
WARNING:root:NaN or Inf found in input tensor.
WARNING:root:NaN or Inf found in input tensor.
[36mINFO[0m 08/13 03:33:10 | 0.319261    0.319704    0.000000    0.685507    nan         nan         1.284982    nan         0.762868    nan         0.319261    nan         0.319704    nan         0.608147    nan         2100        5.147059    1.056297    0.576232    259.578845  11.308455  
WARNING:root:NaN or Inf found in input tensor.
WARNING:root:NaN or Inf found in input tensor.
WARNING:root:NaN or Inf found in input tensor.
WARNING:root:NaN or Inf found in input tensor.
WARNING:root:NaN or Inf found in input tensor.
WARNING:root:NaN or Inf found in input tensor.
WARNING:root:NaN or Inf found in input tensor.
[36mINFO[0m 08/13 03:38:49 | 0.301207    0.302512    0.000000    0.679898    nan         nan         1.354883    nan         0.755821    nan         0.301207    nan         0.302512    nan         0.603975    nan         2200        5.392157    0.988141    0.542978    275.119383  11.308455  
WARNING:root:NaN or Inf found in input tensor.
WARNING:root:NaN or Inf found in input tensor.
WARNING:root:NaN or Inf found in input tensor.
WARNING:root:NaN or Inf found in input tensor.
WARNING:root:NaN or Inf found in input tensor.
WARNING:root:NaN or Inf found in input tensor.
WARNING:root:NaN or Inf found in input tensor.
[36mINFO[0m 08/13 03:44:01 | 0.319766    0.323498    0.000000    0.697555    nan         nan         1.268463    nan         0.773897    nan         0.319766    nan         0.323498    nan         0.621212    nan         2300        5.637255    1.035823    0.542104    248.881351  11.309301  
WARNING:root:NaN or Inf found in input tensor.
WARNING:root:NaN or Inf found in input tensor.
WARNING:root:NaN or Inf found in input tensor.
WARNING:root:NaN or Inf found in input tensor.
WARNING:root:NaN or Inf found in input tensor.
WARNING:root:NaN or Inf found in input tensor.
WARNING:root:NaN or Inf found in input tensor.
[36mINFO[0m 08/13 03:49:17 | 0.320628    0.328522    0.000000    0.689154    nan         nan         1.277414    nan         0.768076    nan         0.320628    nan         0.328522    nan         0.610233    nan         2400        5.882353    1.009292    0.579140    251.823195  11.309301  
WARNING:root:NaN or Inf found in input tensor.
WARNING:root:NaN or Inf found in input tensor.
WARNING:root:NaN or Inf found in input tensor.
WARNING:root:NaN or Inf found in input tensor.
WARNING:root:NaN or Inf found in input tensor.
WARNING:root:NaN or Inf found in input tensor.
WARNING:root:NaN or Inf found in input tensor.
[36mINFO[0m 08/13 03:54:31 | 0.302180    0.307833    0.000000    0.677738    nan         nan         1.307277    nan         0.747549    nan         0.302180    nan         0.307833    nan         0.607927    nan         2500        6.127451    0.981338    0.584552    248.712231  11.312559  
WARNING:root:NaN or Inf found in input tensor.
WARNING:root:NaN or Inf found in input tensor.
WARNING:root:NaN or Inf found in input tensor.
WARNING:root:NaN or Inf found in input tensor.
WARNING:root:NaN or Inf found in input tensor.
WARNING:root:NaN or Inf found in input tensor.
WARNING:root:NaN or Inf found in input tensor.
[36mINFO[0m 08/13 03:59:48 | 0.304126    0.307143    0.000000    0.690068    nan         nan         1.250888    nan         0.753983    nan         0.304126    nan         0.307143    nan         0.626153    nan         2600        6.372549    0.968298    0.581613    251.395126  11.314840  
WARNING:root:NaN or Inf found in input tensor.
WARNING:root:NaN or Inf found in input tensor.
WARNING:root:NaN or Inf found in input tensor.
WARNING:root:NaN or Inf found in input tensor.
WARNING:root:NaN or Inf found in input tensor.
WARNING:root:NaN or Inf found in input tensor.
WARNING:root:NaN or Inf found in input tensor.
[36mINFO[0m 08/13 04:05:03 | 0.331613    0.334828    0.000000    0.706523    nan         nan         1.213806    nan         0.774816    nan         0.331613    nan         0.334828    nan         0.638230    nan         2700        6.617647    0.983351    0.569938    251.110590  11.316343  
WARNING:root:NaN or Inf found in input tensor.
WARNING:root:NaN or Inf found in input tensor.
WARNING:root:NaN or Inf found in input tensor.
WARNING:root:NaN or Inf found in input tensor.
WARNING:root:NaN or Inf found in input tensor.
WARNING:root:NaN or Inf found in input tensor.
WARNING:root:NaN or Inf found in input tensor.
[36mINFO[0m 08/13 04:10:17 | 0.324175    0.329458    0.000000    0.696612    nan         nan         1.279839    nan         0.772672    nan         0.324175    nan         0.329458    nan         0.620553    nan         2800        6.862745    0.936478    0.586268    249.464046  11.317541  
WARNING:root:NaN or Inf found in input tensor.
WARNING:root:NaN or Inf found in input tensor.
WARNING:root:NaN or Inf found in input tensor.
WARNING:root:NaN or Inf found in input tensor.
WARNING:root:NaN or Inf found in input tensor.
WARNING:root:NaN or Inf found in input tensor.
WARNING:root:NaN or Inf found in input tensor.
[36mINFO[0m 08/13 04:15:21 | 0.324421    0.326946    0.000000    0.705428    nan         nan         1.221508    nan         0.773284    nan         0.324421    nan         0.326946    nan         0.637571    nan         2900        7.107843    0.885696    0.593481    240.896230  11.318663  
WARNING:root:NaN or Inf found in input tensor.
WARNING:root:NaN or Inf found in input tensor.
WARNING:root:NaN or Inf found in input tensor.
WARNING:root:NaN or Inf found in input tensor.
WARNING:root:NaN or Inf found in input tensor.
WARNING:root:NaN or Inf found in input tensor.
WARNING:root:NaN or Inf found in input tensor.
[36mINFO[0m 08/13 04:20:24 | 0.315037    0.316502    0.000000    0.699039    nan         nan         1.290500    nan         0.772365    nan         0.315037    nan         0.316502    nan         0.625714    nan         3000        7.352941    0.890557    0.581285    240.645117  11.322119  
WARNING:root:NaN or Inf found in input tensor.
WARNING:root:NaN or Inf found in input tensor.
WARNING:root:NaN or Inf found in input tensor.
WARNING:root:NaN or Inf found in input tensor.
WARNING:root:NaN or Inf found in input tensor.
WARNING:root:NaN or Inf found in input tensor.
WARNING:root:NaN or Inf found in input tensor.
[36mINFO[0m 08/13 04:25:46 | 0.316638    0.318374    0.000000    0.694397    nan         nan         1.266537    nan         0.758578    nan         0.316638    nan         0.318374    nan         0.630215    nan         3100        7.598039    0.880206    0.588649    259.404149  11.322325  
WARNING:root:NaN or Inf found in input tensor.
WARNING:root:NaN or Inf found in input tensor.
WARNING:root:NaN or Inf found in input tensor.
WARNING:root:NaN or Inf found in input tensor.
WARNING:root:NaN or Inf found in input tensor.
WARNING:root:NaN or Inf found in input tensor.
WARNING:root:NaN or Inf found in input tensor.
[36mINFO[0m 08/13 04:31:04 | 0.339249    0.343645    0.000000    0.704041    nan         nan         1.275136    nan         0.775123    nan         0.339249    nan         0.343645    nan         0.632960    nan         3200        7.843137    0.880481    0.579548    255.667126  11.322325  
WARNING:root:NaN or Inf found in input tensor.
WARNING:root:NaN or Inf found in input tensor.
WARNING:root:NaN or Inf found in input tensor.
WARNING:root:NaN or Inf found in input tensor.
WARNING:root:NaN or Inf found in input tensor.
WARNING:root:NaN or Inf found in input tensor.
WARNING:root:NaN or Inf found in input tensor.
[36mINFO[0m 08/13 04:36:19 | 0.322845    0.321626    0.000000    0.706379    nan         nan         1.234063    nan         0.775735    nan         0.322845    nan         0.321626    nan         0.637022    nan         3300        8.088235    0.868693    0.580374    251.706847  11.323263  
WARNING:root:NaN or Inf found in input tensor.
WARNING:root:NaN or Inf found in input tensor.
WARNING:root:NaN or Inf found in input tensor.
WARNING:root:NaN or Inf found in input tensor.
WARNING:root:NaN or Inf found in input tensor.
WARNING:root:NaN or Inf found in input tensor.
WARNING:root:NaN or Inf found in input tensor.
[36mINFO[0m 08/13 04:41:30 | 0.341429    0.340690    0.000000    0.705056    nan         nan         1.264678    nan         0.778799    nan         0.341429    nan         0.340690    nan         0.631313    nan         3400        8.333333    0.906243    0.588549    248.842661  11.326803  
WARNING:root:NaN or Inf found in input tensor.
WARNING:root:NaN or Inf found in input tensor.
WARNING:root:NaN or Inf found in input tensor.
WARNING:root:NaN or Inf found in input tensor.
WARNING:root:NaN or Inf found in input tensor.
WARNING:root:NaN or Inf found in input tensor.
WARNING:root:NaN or Inf found in input tensor.
[36mINFO[0m 08/13 04:46:43 | 0.333892    0.337783    0.000000    0.710242    nan         nan         1.239405    nan         0.776654    nan         0.333892    nan         0.337783    nan         0.643830    nan         3500        8.578431    0.806196    0.585694    250.559669  11.326803  
WARNING:root:NaN or Inf found in input tensor.
WARNING:root:NaN or Inf found in input tensor.
WARNING:root:NaN or Inf found in input tensor.
WARNING:root:NaN or Inf found in input tensor.
WARNING:root:NaN or Inf found in input tensor.
WARNING:root:NaN or Inf found in input tensor.
WARNING:root:NaN or Inf found in input tensor.
[36mINFO[0m 08/13 04:51:58 | 0.326158    0.331724    0.000000    0.706552    nan         nan         1.226379    nan         0.776961    nan         0.326158    nan         0.331724    nan         0.636144    nan         3600        8.823529    0.828199    0.585374    251.909775  11.326803  
WARNING:root:NaN or Inf found in input tensor.
WARNING:root:NaN or Inf found in input tensor.
WARNING:root:NaN or Inf found in input tensor.
WARNING:root:NaN or Inf found in input tensor.
WARNING:root:NaN or Inf found in input tensor.
WARNING:root:NaN or Inf found in input tensor.
WARNING:root:NaN or Inf found in input tensor.
[36mINFO[0m 08/13 04:57:18 | 0.323485    0.323005    0.000000    0.698682    nan         nan         1.277454    nan         0.762868    nan         0.323485    nan         0.323005    nan         0.634497    nan         3700        9.068627    0.791306    0.590855    257.271327  11.326803  
WARNING:root:NaN or Inf found in input tensor.
WARNING:root:NaN or Inf found in input tensor.
WARNING:root:NaN or Inf found in input tensor.
WARNING:root:NaN or Inf found in input tensor.
WARNING:root:NaN or Inf found in input tensor.
WARNING:root:NaN or Inf found in input tensor.
WARNING:root:NaN or Inf found in input tensor.
[36mINFO[0m 08/13 05:02:30 | 0.332278    0.337241    0.000000    0.708190    nan         nan         1.216502    nan         0.775735    nan         0.332278    nan         0.337241    nan         0.640646    nan         3800        9.313725    0.802630    0.587531    249.795271  11.326803  
WARNING:root:NaN or Inf found in input tensor.
WARNING:root:NaN or Inf found in input tensor.
WARNING:root:NaN or Inf found in input tensor.
WARNING:root:NaN or Inf found in input tensor.
WARNING:root:NaN or Inf found in input tensor.
WARNING:root:NaN or Inf found in input tensor.
WARNING:root:NaN or Inf found in input tensor.
[36mINFO[0m 08/13 05:07:40 | 0.316219    0.319655    0.000000    0.721839    nan         nan         1.174764    nan         0.787990    nan         0.316219    nan         0.319655    nan         0.655687    nan         3900        9.558824    0.795871    0.594187    246.230626  11.326803  
WARNING:root:NaN or Inf found in input tensor.
WARNING:root:NaN or Inf found in input tensor.
WARNING:root:NaN or Inf found in input tensor.
WARNING:root:NaN or Inf found in input tensor.
WARNING:root:NaN or Inf found in input tensor.
WARNING:root:NaN or Inf found in input tensor.
WARNING:root:NaN or Inf found in input tensor.
[36mINFO[0m 08/13 05:12:50 | 0.293103    0.298966    0.000000    0.712559    nan         nan         1.233992    nan         0.776348    nan         0.293103    nan         0.298966    nan         0.648770    nan         4000        9.803922    0.783966    0.587335    247.627794  11.326803  
WARNING:root:NaN or Inf found in input tensor.
WARNING:root:NaN or Inf found in input tensor.
WARNING:root:NaN or Inf found in input tensor.
WARNING:root:NaN or Inf found in input tensor.
WARNING:root:NaN or Inf found in input tensor.
WARNING:root:NaN or Inf found in input tensor.
WARNING:root:NaN or Inf found in input tensor.
[36mINFO[0m 08/13 05:18:00 | 0.311650    0.312463    0.000000    0.711182    nan         nan         1.244731    nan         0.779412    nan         0.311650    nan         0.312463    nan         0.642951    nan         4100        10.049020   0.778061    0.593383    247.404989  11.327536  
WARNING:root:NaN or Inf found in input tensor.
WARNING:root:NaN or Inf found in input tensor.
WARNING:root:NaN or Inf found in input tensor.
WARNING:root:NaN or Inf found in input tensor.
WARNING:root:NaN or Inf found in input tensor.
WARNING:root:NaN or Inf found in input tensor.
WARNING:root:NaN or Inf found in input tensor.
[36mINFO[0m 08/13 05:23:11 | 0.330246    0.333645    0.000000    0.709991    nan         nan         1.243951    nan         0.776042    nan         0.330246    nan         0.333645    nan         0.643939    nan         4200        10.294118   0.774501    0.589062    248.009434  11.327536  
WARNING:root:NaN or Inf found in input tensor.
WARNING:root:NaN or Inf found in input tensor.
WARNING:root:NaN or Inf found in input tensor.
WARNING:root:NaN or Inf found in input tensor.
WARNING:root:NaN or Inf found in input tensor.
WARNING:root:NaN or Inf found in input tensor.
WARNING:root:NaN or Inf found in input tensor.
[36mINFO[0m 08/13 05:28:19 | 0.306305    0.305961    0.000000    0.713993    nan         nan         1.209977    nan         0.779105    nan         0.306305    nan         0.305961    nan         0.648880    nan         4300        10.539216   0.745560    0.594970    245.357239  11.331137  
WARNING:root:NaN or Inf found in input tensor.
WARNING:root:NaN or Inf found in input tensor.
WARNING:root:NaN or Inf found in input tensor.
WARNING:root:NaN or Inf found in input tensor.
WARNING:root:NaN or Inf found in input tensor.
WARNING:root:NaN or Inf found in input tensor.
WARNING:root:NaN or Inf found in input tensor.
[36mINFO[0m 08/13 05:33:29 | 0.338707    0.343005    0.000000    0.717373    nan         nan         1.217810    nan         0.779718    nan         0.338707    nan         0.343005    nan         0.655029    nan         4400        10.784314   0.766873    0.588734    247.331713  11.331137  
WARNING:root:NaN or Inf found in input tensor.
WARNING:root:NaN or Inf found in input tensor.
WARNING:root:NaN or Inf found in input tensor.
WARNING:root:NaN or Inf found in input tensor.
WARNING:root:NaN or Inf found in input tensor.
WARNING:root:NaN or Inf found in input tensor.
WARNING:root:NaN or Inf found in input tensor.
[36mINFO[0m 08/13 05:38:49 | 0.317315    0.317438    0.000000    0.720868    nan         nan         1.201335    nan         0.790441    nan         0.317315    nan         0.317438    nan         0.651296    nan         4500        11.029412   0.777077    0.589868    257.343314  11.331137  
WARNING:root:NaN or Inf found in input tensor.
WARNING:root:NaN or Inf found in input tensor.
WARNING:root:NaN or Inf found in input tensor.
WARNING:root:NaN or Inf found in input tensor.
WARNING:root:NaN or Inf found in input tensor.
WARNING:root:NaN or Inf found in input tensor.
WARNING:root:NaN or Inf found in input tensor.
[36mINFO[0m 08/13 05:44:10 | 0.311798    0.313645    0.000000    0.716773    nan         nan         1.232122    nan         0.784007    nan         0.311798    nan         0.313645    nan         0.649539    nan         4600        11.274510   0.707449    0.588762    257.910884  11.331137  
WARNING:root:NaN or Inf found in input tensor.
WARNING:root:NaN or Inf found in input tensor.
WARNING:root:NaN or Inf found in input tensor.
WARNING:root:NaN or Inf found in input tensor.
WARNING:root:NaN or Inf found in input tensor.
WARNING:root:NaN or Inf found in input tensor.
WARNING:root:NaN or Inf found in input tensor.
[36mINFO[0m 08/13 05:49:25 | 0.331823    0.330493    0.000000    0.725282    nan         nan         1.174613    nan         0.797181    nan         0.331823    nan         0.330493    nan         0.653382    nan         4700        11.519608   0.713406    0.582650    252.214773  11.331137  
WARNING:root:NaN or Inf found in input tensor.
WARNING:root:NaN or Inf found in input tensor.
WARNING:root:NaN or Inf found in input tensor.
WARNING:root:NaN or Inf found in input tensor.
WARNING:root:NaN or Inf found in input tensor.
WARNING:root:NaN or Inf found in input tensor.
WARNING:root:NaN or Inf found in input tensor.
[36mINFO[0m 08/13 05:54:34 | 0.334470    0.338916    0.000000    0.726835    nan         nan         1.176938    nan         0.793811    nan         0.334470    nan         0.338916    nan         0.659859    nan         4800        11.764706   0.699213    0.579502    246.366949  11.331137  
WARNING:root:NaN or Inf found in input tensor.
WARNING:root:NaN or Inf found in input tensor.
WARNING:root:NaN or Inf found in input tensor.
WARNING:root:NaN or Inf found in input tensor.
WARNING:root:NaN or Inf found in input tensor.
WARNING:root:NaN or Inf found in input tensor.
WARNING:root:NaN or Inf found in input tensor.
[36mINFO[0m 08/13 05:59:54 | 0.345333    0.345567    0.000000    0.725437    nan         nan         1.176211    nan         0.795956    nan         0.345333    nan         0.345567    nan         0.654919    nan         4900        12.009804   0.674148    0.577871    257.686771  11.331137  
WARNING:root:NaN or Inf found in input tensor.
WARNING:root:NaN or Inf found in input tensor.
WARNING:root:NaN or Inf found in input tensor.
WARNING:root:NaN or Inf found in input tensor.
WARNING:root:NaN or Inf found in input tensor.
WARNING:root:NaN or Inf found in input tensor.
WARNING:root:NaN or Inf found in input tensor.
[36mINFO[0m 08/13 06:05:03 | 0.297414    0.300788    0.000000    0.722616    nan         nan         1.180152    nan         0.789216    nan         0.297414    nan         0.300788    nan         0.656017    nan         5000        12.254902   0.708384    0.564467    246.738874  11.331137  
WARNING:root:NaN or Inf found in input tensor.
WARNING:root:NaN or Inf found in input tensor.
WARNING:root:NaN or Inf found in input tensor.
WARNING:root:NaN or Inf found in input tensor.
WARNING:root:NaN or Inf found in input tensor.
WARNING:root:NaN or Inf found in input tensor.
WARNING:root:NaN or Inf found in input tensor.
[36mINFO[0m 08/13 06:05:04 | ---
[33mWARNING[0m 08/13 06:05:04 | Evaluate SWAD ...
[36mINFO[0m 08/13 06:09:20 | 0.375702    0.379015    0.000000    0.754849    nan         nan         1.006103    nan         0.822610    nan         0.375702    nan         0.379015    nan         0.687088    nan         [601-5000]  (N=45)
[36mINFO[0m 08/13 06:09:20 | oracle = 34.533%
[36mINFO[0m 08/13 06:09:20 | iid = 33.447%
[36mINFO[0m 08/13 06:09:20 | last = 29.741%
[36mINFO[0m 08/13 06:09:20 | last (inD) = 72.262%
[36mINFO[0m 08/13 06:09:20 | iid (inD) = 72.684%
[36mINFO[0m 08/13 06:09:20 | SWAD = 37.570%
[36mINFO[0m 08/13 06:09:20 | SWAD (inD) = 75.485%
[36mINFO[0m 08/13 06:09:22 | 
[36mINFO[0m 08/13 06:09:24 | Testenv name escaping te_sketch -> te_sketch
[36mINFO[0m 08/13 06:09:24 | Test envs = [2], name = te_sketch
[36mINFO[0m 08/13 06:09:24 | Batch sizes for each domain: [32, 32, 0] (total=64)
[36mINFO[0m 08/13 06:09:24 | steps-per-epoch for each domain: 408.00, 2537.50 -> min = 408.00
[36mINFO[0m 08/13 06:09:27 | # of params = 23923979
[36mINFO[0m 08/13 06:12:03 | test_in     test_out    train_in    train_out   test_in_au  train_out_  tr_outloss  test_out_a  env0_out    env0_out_a  env1_out    env1_out_a  env2_in     env2_in_au  env2_out    env2_out_a  step        epoch       loss        step_time   eval_time   mem_gb     
[36mINFO[0m 08/13 06:12:03 | 0.004858    0.005490    0.000000    0.005882    nan         nan         5.332604    nan         0.006740    nan         0.005025    nan         0.004858    nan         0.005490    nan         0           0.000000    5.425316    0.561097    155.989609  9.683208   
WARNING:root:NaN or Inf found in input tensor.
WARNING:root:NaN or Inf found in input tensor.
WARNING:root:NaN or Inf found in input tensor.
WARNING:root:NaN or Inf found in input tensor.
WARNING:root:NaN or Inf found in input tensor.
WARNING:root:NaN or Inf found in input tensor.
WARNING:root:NaN or Inf found in input tensor.
[36mINFO[0m 08/13 06:15:43 | 0.009854    0.008344    0.000000    0.012280    nan         nan         5.248369    nan         0.011949    nan         0.012611    nan         0.009854    nan         0.008344    nan         100         0.245098    5.305785    0.585878    156.838268  10.041951  
WARNING:root:NaN or Inf found in input tensor.
WARNING:root:NaN or Inf found in input tensor.
WARNING:root:NaN or Inf found in input tensor.
WARNING:root:NaN or Inf found in input tensor.
WARNING:root:NaN or Inf found in input tensor.
WARNING:root:NaN or Inf found in input tensor.
WARNING:root:NaN or Inf found in input tensor.
[36mINFO[0m 08/13 06:19:18 | 0.031758    0.033487    0.000000    0.096288    nan         nan         4.128774    nan         0.099571    nan         0.093005    nan         0.031758    nan         0.033487    nan         200         0.490196    4.727908    0.588539    152.021592  10.216396  
WARNING:root:NaN or Inf found in input tensor.
WARNING:root:NaN or Inf found in input tensor.
WARNING:root:NaN or Inf found in input tensor.
WARNING:root:NaN or Inf found in input tensor.
WARNING:root:NaN or Inf found in input tensor.
WARNING:root:NaN or Inf found in input tensor.
WARNING:root:NaN or Inf found in input tensor.
[36mINFO[0m 08/13 06:22:52 | 0.084788    0.085529    0.000000    0.279441    nan         nan         3.119795    nan         0.311887    nan         0.246995    nan         0.084788    nan         0.085529    nan         300         0.735294    3.653483    0.585162    151.278338  10.393573  
WARNING:root:NaN or Inf found in input tensor.
WARNING:root:NaN or Inf found in input tensor.
WARNING:root:NaN or Inf found in input tensor.
WARNING:root:NaN or Inf found in input tensor.
WARNING:root:NaN or Inf found in input tensor.
WARNING:root:NaN or Inf found in input tensor.
WARNING:root:NaN or Inf found in input tensor.
[36mINFO[0m 08/13 06:26:23 | 0.129529    0.131423    0.000000    0.404355    nan         nan         2.440030    nan         0.436887    nan         0.371823    nan         0.129529    nan         0.131423    nan         400         0.980392    2.759747    0.586910    148.930532  10.575617  
WARNING:root:NaN or Inf found in input tensor.
WARNING:root:NaN or Inf found in input tensor.
WARNING:root:NaN or Inf found in input tensor.
WARNING:root:NaN or Inf found in input tensor.
WARNING:root:NaN or Inf found in input tensor.
WARNING:root:NaN or Inf found in input tensor.
WARNING:root:NaN or Inf found in input tensor.
[36mINFO[0m 08/13 06:29:59 | 0.156264    0.167984    0.000000    0.497023    nan         nan         1.995808    nan         0.546262    nan         0.447783    nan         0.156264    nan         0.167984    nan         500         1.225490    2.289153    0.587072    152.772804  10.759141  
WARNING:root:NaN or Inf found in input tensor.
WARNING:root:NaN or Inf found in input tensor.
WARNING:root:NaN or Inf found in input tensor.
WARNING:root:NaN or Inf found in input tensor.
WARNING:root:NaN or Inf found in input tensor.
WARNING:root:NaN or Inf found in input tensor.
WARNING:root:NaN or Inf found in input tensor.
[36mINFO[0m 08/13 06:33:32 | 0.159942    0.170839    0.000000    0.504629    nan         nan         1.917365    nan         0.555760    nan         0.453498    nan         0.159942    nan         0.170839    nan         600         1.470588    2.013279    0.591306    149.933650  10.937492  
WARNING:root:NaN or Inf found in input tensor.
WARNING:root:NaN or Inf found in input tensor.
WARNING:root:NaN or Inf found in input tensor.
WARNING:root:NaN or Inf found in input tensor.
WARNING:root:NaN or Inf found in input tensor.
WARNING:root:NaN or Inf found in input tensor.
WARNING:root:NaN or Inf found in input tensor.
[36mINFO[0m 08/13 06:37:06 | 0.181901    0.189723    0.000000    0.553026    nan         nan         1.724982    nan         0.598958    nan         0.507094    nan         0.181901    nan         0.189723    nan         700         1.715686    1.830444    0.578436    151.668201  11.114532  
WARNING:root:NaN or Inf found in input tensor.
WARNING:root:NaN or Inf found in input tensor.
WARNING:root:NaN or Inf found in input tensor.
WARNING:root:NaN or Inf found in input tensor.
WARNING:root:NaN or Inf found in input tensor.
WARNING:root:NaN or Inf found in input tensor.
WARNING:root:NaN or Inf found in input tensor.
[36mINFO[0m 08/13 06:40:40 | 0.196091    0.201801    0.000000    0.572819    nan         nan         1.639834    nan         0.617953    nan         0.527685    nan         0.196091    nan         0.201801    nan         800         1.960784    1.644220    0.578850    151.835742  11.115653  
WARNING:root:NaN or Inf found in input tensor.
WARNING:root:NaN or Inf found in input tensor.
WARNING:root:NaN or Inf found in input tensor.
WARNING:root:NaN or Inf found in input tensor.
WARNING:root:NaN or Inf found in input tensor.
WARNING:root:NaN or Inf found in input tensor.
WARNING:root:NaN or Inf found in input tensor.
[36mINFO[0m 08/13 06:44:19 | 0.199413    0.202789    0.000000    0.602850    nan         nan         1.505329    nan         0.660233    nan         0.545468    nan         0.199413    nan         0.202789    nan         900         2.205882    1.572354    0.590331    155.786988  11.117835  
WARNING:root:NaN or Inf found in input tensor.
WARNING:root:NaN or Inf found in input tensor.
WARNING:root:NaN or Inf found in input tensor.
WARNING:root:NaN or Inf found in input tensor.
WARNING:root:NaN or Inf found in input tensor.
WARNING:root:NaN or Inf found in input tensor.
WARNING:root:NaN or Inf found in input tensor.
[36mINFO[0m 08/13 06:47:50 | 0.198534    0.206741    0.000000    0.604546    nan         nan         1.496742    nan         0.664216    nan         0.544877    nan         0.198534    nan         0.206741    nan         1000        2.450980    1.473402    0.568349    148.757088  11.119376  
WARNING:root:NaN or Inf found in input tensor.
WARNING:root:NaN or Inf found in input tensor.
WARNING:root:NaN or Inf found in input tensor.
WARNING:root:NaN or Inf found in input tensor.
WARNING:root:NaN or Inf found in input tensor.
WARNING:root:NaN or Inf found in input tensor.
WARNING:root:NaN or Inf found in input tensor.
[36mINFO[0m 08/13 06:51:24 | 0.213521    0.224528    0.000000    0.637768    nan         nan         1.386594    nan         0.698836    nan         0.576700    nan         0.213521    nan         0.224528    nan         1100        2.696078    1.406424    0.577429    151.413729  11.121619  
WARNING:root:NaN or Inf found in input tensor.
WARNING:root:NaN or Inf found in input tensor.
WARNING:root:NaN or Inf found in input tensor.
WARNING:root:NaN or Inf found in input tensor.
WARNING:root:NaN or Inf found in input tensor.
WARNING:root:NaN or Inf found in input tensor.
WARNING:root:NaN or Inf found in input tensor.
[36mINFO[0m 08/13 06:54:54 | 0.193758    0.196531    0.000000    0.630292    nan         nan         1.383355    nan         0.681373    nan         0.579212    nan         0.193758    nan         0.196531    nan         1200        2.941176    1.350498    0.589681    147.617796  11.123809  
WARNING:root:NaN or Inf found in input tensor.
WARNING:root:NaN or Inf found in input tensor.
WARNING:root:NaN or Inf found in input tensor.
WARNING:root:NaN or Inf found in input tensor.
WARNING:root:NaN or Inf found in input tensor.
WARNING:root:NaN or Inf found in input tensor.
WARNING:root:NaN or Inf found in input tensor.
[36mINFO[0m 08/13 06:58:26 | 0.206604    0.213878    0.000000    0.656354    nan         nan         1.297701    nan         0.715074    nan         0.597635    nan         0.206604    nan         0.213878    nan         1300        3.186275    1.299283    0.566195    150.252719  11.123809  
WARNING:root:NaN or Inf found in input tensor.
WARNING:root:NaN or Inf found in input tensor.
WARNING:root:NaN or Inf found in input tensor.
WARNING:root:NaN or Inf found in input tensor.
WARNING:root:NaN or Inf found in input tensor.
WARNING:root:NaN or Inf found in input tensor.
WARNING:root:NaN or Inf found in input tensor.
[36mINFO[0m 08/13 07:01:59 | 0.212286    0.223101    0.000000    0.661296    nan         nan         1.285623    nan         0.718750    nan         0.603842    nan         0.212286    nan         0.223101    nan         1400        3.431373    1.249034    0.566222    150.440422  11.123809  
WARNING:root:NaN or Inf found in input tensor.
WARNING:root:NaN or Inf found in input tensor.
WARNING:root:NaN or Inf found in input tensor.
WARNING:root:NaN or Inf found in input tensor.
WARNING:root:NaN or Inf found in input tensor.
WARNING:root:NaN or Inf found in input tensor.
WARNING:root:NaN or Inf found in input tensor.
[36mINFO[0m 08/13 07:05:35 | 0.219807    0.229359    0.000000    0.658596    nan         nan         1.286535    nan         0.715074    nan         0.602118    nan         0.219807    nan         0.229359    nan         1500        3.676471    1.194650    0.579267    153.463036  11.125846  
WARNING:root:NaN or Inf found in input tensor.
WARNING:root:NaN or Inf found in input tensor.
WARNING:root:NaN or Inf found in input tensor.
WARNING:root:NaN or Inf found in input tensor.
WARNING:root:NaN or Inf found in input tensor.
WARNING:root:NaN or Inf found in input tensor.
WARNING:root:NaN or Inf found in input tensor.
[36mINFO[0m 08/13 07:09:09 | 0.191315    0.198726    0.000000    0.670297    nan         nan         1.226698    nan         0.731924    nan         0.608670    nan         0.191315    nan         0.198726    nan         1600        3.921569    1.134264    0.584107    151.888800  11.130294  
WARNING:root:NaN or Inf found in input tensor.
WARNING:root:NaN or Inf found in input tensor.
WARNING:root:NaN or Inf found in input tensor.
WARNING:root:NaN or Inf found in input tensor.
WARNING:root:NaN or Inf found in input tensor.
WARNING:root:NaN or Inf found in input tensor.
WARNING:root:NaN or Inf found in input tensor.
[36mINFO[0m 08/13 07:12:45 | 0.236413    0.238032    0.000000    0.671662    nan         nan         1.242563    nan         0.722733    nan         0.620591    nan         0.236413    nan         0.238032    nan         1700        4.166667    1.135019    0.577604    153.744344  11.131164  
WARNING:root:NaN or Inf found in input tensor.
WARNING:root:NaN or Inf found in input tensor.
WARNING:root:NaN or Inf found in input tensor.
WARNING:root:NaN or Inf found in input tensor.
WARNING:root:NaN or Inf found in input tensor.
WARNING:root:NaN or Inf found in input tensor.
WARNING:root:NaN or Inf found in input tensor.
[36mINFO[0m 08/13 07:16:26 | 0.215333    0.220905    0.000000    0.673680    nan         nan         1.221885    nan         0.728248    nan         0.619113    nan         0.215333    nan         0.220905    nan         1800        4.411765    1.102794    0.580141    158.141552  11.133262  
WARNING:root:NaN or Inf found in input tensor.
WARNING:root:NaN or Inf found in input tensor.
WARNING:root:NaN or Inf found in input tensor.
WARNING:root:NaN or Inf found in input tensor.
WARNING:root:NaN or Inf found in input tensor.
WARNING:root:NaN or Inf found in input tensor.
WARNING:root:NaN or Inf found in input tensor.
[36mINFO[0m 08/13 07:19:56 | 0.222854    0.232323    0.000000    0.690953    nan         nan         1.160300    nan         0.748162    nan         0.633744    nan         0.222854    nan         0.232323    nan         1900        4.656863    1.079145    0.590204    146.567456  11.141097  
WARNING:root:NaN or Inf found in input tensor.
WARNING:root:NaN or Inf found in input tensor.
WARNING:root:NaN or Inf found in input tensor.
WARNING:root:NaN or Inf found in input tensor.
WARNING:root:NaN or Inf found in input tensor.
WARNING:root:NaN or Inf found in input tensor.
WARNING:root:NaN or Inf found in input tensor.
[36mINFO[0m 08/13 07:23:30 | 0.226202    0.233531    0.000000    0.687133    nan         nan         1.162566    nan         0.743873    nan         0.630394    nan         0.226202    nan         0.233531    nan         2000        4.901961    1.051068    0.578428    151.950010  11.141097  
WARNING:root:NaN or Inf found in input tensor.
WARNING:root:NaN or Inf found in input tensor.
WARNING:root:NaN or Inf found in input tensor.
WARNING:root:NaN or Inf found in input tensor.
WARNING:root:NaN or Inf found in input tensor.
WARNING:root:NaN or Inf found in input tensor.
WARNING:root:NaN or Inf found in input tensor.
[36mINFO[0m 08/13 07:27:01 | 0.227053    0.235837    0.000000    0.693818    nan         nan         1.130231    nan         0.747243    nan         0.640394    nan         0.227053    nan         0.235837    nan         2100        5.147059    1.001580    0.579509    148.638850  11.141097  
WARNING:root:NaN or Inf found in input tensor.
WARNING:root:NaN or Inf found in input tensor.
WARNING:root:NaN or Inf found in input tensor.
WARNING:root:NaN or Inf found in input tensor.
WARNING:root:NaN or Inf found in input tensor.
WARNING:root:NaN or Inf found in input tensor.
WARNING:root:NaN or Inf found in input tensor.
[36mINFO[0m 08/13 07:30:41 | 0.226998    0.230567    0.000000    0.685251    nan         nan         1.168273    nan         0.740502    nan         0.630000    nan         0.226998    nan         0.230567    nan         2200        5.392157    0.989920    0.588420    157.902601  11.141097  
WARNING:root:NaN or Inf found in input tensor.
WARNING:root:NaN or Inf found in input tensor.
WARNING:root:NaN or Inf found in input tensor.
WARNING:root:NaN or Inf found in input tensor.
WARNING:root:NaN or Inf found in input tensor.
WARNING:root:NaN or Inf found in input tensor.
WARNING:root:NaN or Inf found in input tensor.
[36mINFO[0m 08/13 07:34:14 | 0.207345    0.210035    0.000000    0.692683    nan         nan         1.156060    nan         0.745711    nan         0.639655    nan         0.207345    nan         0.210035    nan         2300        5.637255    0.972421    0.578527    150.669513  11.141097  
WARNING:root:NaN or Inf found in input tensor.
WARNING:root:NaN or Inf found in input tensor.
WARNING:root:NaN or Inf found in input tensor.
WARNING:root:NaN or Inf found in input tensor.
WARNING:root:NaN or Inf found in input tensor.
WARNING:root:NaN or Inf found in input tensor.
WARNING:root:NaN or Inf found in input tensor.
Model converged at step 2100, Start step = 1801; Threshold = 1.496978, 
[36mINFO[0m 08/13 07:37:53 | 0.244071    0.248353    0.000000    0.709334    nan         nan         1.084074    nan         0.768076    nan         0.650591    nan         0.244071    nan         0.248353    nan         2400        5.882353    0.934388    0.584920    155.186848  11.316893  
WARNING:root:NaN or Inf found in input tensor.
WARNING:root:NaN or Inf found in input tensor.
WARNING:root:NaN or Inf found in input tensor.
WARNING:root:NaN or Inf found in input tensor.
WARNING:root:NaN or Inf found in input tensor.
WARNING:root:NaN or Inf found in input tensor.
WARNING:root:NaN or Inf found in input tensor.
[36mINFO[0m 08/13 07:41:33 | 0.208635    0.214317    0.000000    0.699862    nan         nan         1.159777    nan         0.756127    nan         0.643596    nan         0.208635    nan         0.214317    nan         2500        6.127451    0.922986    0.594040    157.968640  11.316893  
WARNING:root:NaN or Inf found in input tensor.
WARNING:root:NaN or Inf found in input tensor.
WARNING:root:NaN or Inf found in input tensor.
WARNING:root:NaN or Inf found in input tensor.
WARNING:root:NaN or Inf found in input tensor.
WARNING:root:NaN or Inf found in input tensor.
WARNING:root:NaN or Inf found in input tensor.
[36mINFO[0m 08/13 07:45:11 | 0.229908    0.236825    0.000000    0.708952    nan         nan         1.113656    nan         0.763174    nan         0.654729    nan         0.229908    nan         0.236825    nan         2600        6.372549    0.950508    0.581870    155.244372  11.316893  
WARNING:root:NaN or Inf found in input tensor.
WARNING:root:NaN or Inf found in input tensor.
WARNING:root:NaN or Inf found in input tensor.
WARNING:root:NaN or Inf found in input tensor.
WARNING:root:NaN or Inf found in input tensor.
WARNING:root:NaN or Inf found in input tensor.
WARNING:root:NaN or Inf found in input tensor.
[36mINFO[0m 08/13 07:48:43 | 0.241903    0.247255    0.000000    0.713888    nan         nan         1.074746    nan         0.776348    nan         0.651429    nan         0.241903    nan         0.247255    nan         2700        6.617647    0.904586    0.583197    148.910977  11.319395  
WARNING:root:NaN or Inf found in input tensor.
WARNING:root:NaN or Inf found in input tensor.
WARNING:root:NaN or Inf found in input tensor.
WARNING:root:NaN or Inf found in input tensor.
WARNING:root:NaN or Inf found in input tensor.
WARNING:root:NaN or Inf found in input tensor.
WARNING:root:NaN or Inf found in input tensor.
[36mINFO[0m 08/13 07:52:21 | 0.214564    0.221673    0.000000    0.718752    nan         nan         1.070721    nan         0.774203    nan         0.663300    nan         0.214564    nan         0.221673    nan         2800        6.862745    0.904147    0.591959    155.088662  11.319395  
WARNING:root:NaN or Inf found in input tensor.
WARNING:root:NaN or Inf found in input tensor.
WARNING:root:NaN or Inf found in input tensor.
WARNING:root:NaN or Inf found in input tensor.
WARNING:root:NaN or Inf found in input tensor.
WARNING:root:NaN or Inf found in input tensor.
WARNING:root:NaN or Inf found in input tensor.
[36mINFO[0m 08/13 07:55:57 | 0.224857    0.233531    0.000000    0.705683    nan         nan         1.122806    nan         0.765012    nan         0.646355    nan         0.224857    nan         0.233531    nan         2900        7.107843    0.856011    0.577683    152.900949  11.319395  
WARNING:root:NaN or Inf found in input tensor.
WARNING:root:NaN or Inf found in input tensor.
WARNING:root:NaN or Inf found in input tensor.
WARNING:root:NaN or Inf found in input tensor.
WARNING:root:NaN or Inf found in input tensor.
WARNING:root:NaN or Inf found in input tensor.
WARNING:root:NaN or Inf found in input tensor.
[36mINFO[0m 08/13 07:59:32 | 0.212890    0.220575    0.000000    0.714765    nan         nan         1.069674    nan         0.770221    nan         0.659310    nan         0.212890    nan         0.220575    nan         3000        7.352941    0.865020    0.567249    153.199419  11.320311  
WARNING:root:NaN or Inf found in input tensor.
WARNING:root:NaN or Inf found in input tensor.
WARNING:root:NaN or Inf found in input tensor.
WARNING:root:NaN or Inf found in input tensor.
WARNING:root:NaN or Inf found in input tensor.
WARNING:root:NaN or Inf found in input tensor.
WARNING:root:NaN or Inf found in input tensor.
[36mINFO[0m 08/13 08:03:03 | 0.233696    0.238252    0.000000    0.715036    nan         nan         1.066796    nan         0.770221    nan         0.659852    nan         0.233696    nan         0.238252    nan         3100        7.598039    0.866836    0.585315    148.622511  11.320311  
WARNING:root:NaN or Inf found in input tensor.
WARNING:root:NaN or Inf found in input tensor.
WARNING:root:NaN or Inf found in input tensor.
WARNING:root:NaN or Inf found in input tensor.
WARNING:root:NaN or Inf found in input tensor.
WARNING:root:NaN or Inf found in input tensor.
WARNING:root:NaN or Inf found in input tensor.
[36mINFO[0m 08/13 08:06:36 | 0.227904    0.231884    0.000000    0.707448    nan         nan         1.115462    nan         0.756127    nan         0.658768    nan         0.227904    nan         0.231884    nan         3200        7.843137    0.835163    0.576421    150.438564  11.321898  
WARNING:root:NaN or Inf found in input tensor.
WARNING:root:NaN or Inf found in input tensor.
WARNING:root:NaN or Inf found in input tensor.
WARNING:root:NaN or Inf found in input tensor.
WARNING:root:NaN or Inf found in input tensor.
WARNING:root:NaN or Inf found in input tensor.
WARNING:root:NaN or Inf found in input tensor.
[36mINFO[0m 08/13 08:10:11 | 0.251812    0.256148    0.000000    0.726498    nan         nan         1.048218    nan         0.781863    nan         0.671133    nan         0.251812    nan         0.256148    nan         3300        8.088235    0.822613    0.577043    152.245790  11.324911  
WARNING:root:NaN or Inf found in input tensor.
WARNING:root:NaN or Inf found in input tensor.
WARNING:root:NaN or Inf found in input tensor.
WARNING:root:NaN or Inf found in input tensor.
WARNING:root:NaN or Inf found in input tensor.
WARNING:root:NaN or Inf found in input tensor.
WARNING:root:NaN or Inf found in input tensor.
[36mINFO[0m 08/13 08:13:49 | 0.242616    0.242754    0.000000    0.716985    nan         nan         1.080952    nan         0.768995    nan         0.664975    nan         0.242616    nan         0.242754    nan         3400        8.333333    0.800597    0.589946    153.435676  11.324911  
WARNING:root:NaN or Inf found in input tensor.
WARNING:root:NaN or Inf found in input tensor.
WARNING:root:NaN or Inf found in input tensor.
WARNING:root:NaN or Inf found in input tensor.
WARNING:root:NaN or Inf found in input tensor.
WARNING:root:NaN or Inf found in input tensor.
WARNING:root:NaN or Inf found in input tensor.
[36mINFO[0m 08/13 08:17:19 | 0.246926    0.252635    0.000000    0.727595    nan         nan         1.039591    nan         0.781250    nan         0.673941    nan         0.246926    nan         0.252635    nan         3500        8.578431    0.800935    0.589170    147.973732  11.324911  
WARNING:root:NaN or Inf found in input tensor.
WARNING:root:NaN or Inf found in input tensor.
WARNING:root:NaN or Inf found in input tensor.
WARNING:root:NaN or Inf found in input tensor.
WARNING:root:NaN or Inf found in input tensor.
WARNING:root:NaN or Inf found in input tensor.
WARNING:root:NaN or Inf found in input tensor.
[36mINFO[0m 08/13 08:20:53 | 0.189449    0.195762    0.000000    0.709552    nan         nan         1.085686    nan         0.756740    nan         0.662365    nan         0.189449    nan         0.195762    nan         3600        8.823529    0.790943    0.593357    151.067762  11.324911  
WARNING:root:NaN or Inf found in input tensor.
WARNING:root:NaN or Inf found in input tensor.
WARNING:root:NaN or Inf found in input tensor.
WARNING:root:NaN or Inf found in input tensor.
WARNING:root:NaN or Inf found in input tensor.
WARNING:root:NaN or Inf found in input tensor.
WARNING:root:NaN or Inf found in input tensor.
[36mINFO[0m 08/13 08:24:32 | 0.225379    0.229359    0.000000    0.726389    nan         nan         1.069355    nan         0.781250    nan         0.671527    nan         0.225379    nan         0.229359    nan         3700        9.068627    0.789919    0.592576    155.646799  11.324911  
WARNING:root:NaN or Inf found in input tensor.
WARNING:root:NaN or Inf found in input tensor.
WARNING:root:NaN or Inf found in input tensor.
WARNING:root:NaN or Inf found in input tensor.
WARNING:root:NaN or Inf found in input tensor.
WARNING:root:NaN or Inf found in input tensor.
WARNING:root:NaN or Inf found in input tensor.
[36mINFO[0m 08/13 08:28:08 | 0.224418    0.229249    0.000000    0.723739    nan         nan         1.064568    nan         0.769301    nan         0.678177    nan         0.224418    nan         0.229249    nan         3800        9.313725    0.761964    0.590239    154.289121  11.324911  
WARNING:root:NaN or Inf found in input tensor.
WARNING:root:NaN or Inf found in input tensor.
WARNING:root:NaN or Inf found in input tensor.
WARNING:root:NaN or Inf found in input tensor.
WARNING:root:NaN or Inf found in input tensor.
WARNING:root:NaN or Inf found in input tensor.
WARNING:root:NaN or Inf found in input tensor.
[36mINFO[0m 08/13 08:31:46 | 0.224281    0.232762    0.000000    0.723843    nan         nan         1.042970    nan         0.772365    nan         0.675320    nan         0.224281    nan         0.232762    nan         3900        9.558824    0.729062    0.587002    154.417672  11.324911  
WARNING:root:NaN or Inf found in input tensor.
WARNING:root:NaN or Inf found in input tensor.
WARNING:root:NaN or Inf found in input tensor.
WARNING:root:NaN or Inf found in input tensor.
WARNING:root:NaN or Inf found in input tensor.
WARNING:root:NaN or Inf found in input tensor.
WARNING:root:NaN or Inf found in input tensor.
[36mINFO[0m 08/13 08:35:34 | 0.237758    0.243303    0.000000    0.728003    nan         nan         1.001791    nan         0.783395    nan         0.672611    nan         0.237758    nan         0.243303    nan         4000        9.803922    0.734475    0.589059    166.090338  11.324911  
WARNING:root:NaN or Inf found in input tensor.
WARNING:root:NaN or Inf found in input tensor.
WARNING:root:NaN or Inf found in input tensor.
WARNING:root:NaN or Inf found in input tensor.
WARNING:root:NaN or Inf found in input tensor.
WARNING:root:NaN or Inf found in input tensor.
WARNING:root:NaN or Inf found in input tensor.
[36mINFO[0m 08/13 08:39:16 | 0.245938    0.249561    0.000000    0.721360    nan         nan         1.044235    nan         0.775429    nan         0.667291    nan         0.245938    nan         0.249561    nan         4100        10.049020   0.771539    0.590777    159.367321  11.324911  
WARNING:root:NaN or Inf found in input tensor.
WARNING:root:NaN or Inf found in input tensor.
WARNING:root:NaN or Inf found in input tensor.
WARNING:root:NaN or Inf found in input tensor.
WARNING:root:NaN or Inf found in input tensor.
WARNING:root:NaN or Inf found in input tensor.
WARNING:root:NaN or Inf found in input tensor.
[36mINFO[0m 08/13 08:42:48 | 0.232241    0.239789    0.000000    0.735511    nan         nan         0.999642    nan         0.787377    nan         0.683645    nan         0.232241    nan         0.239789    nan         4200        10.294118   0.704936    0.586589    149.290129  11.324911  
WARNING:root:NaN or Inf found in input tensor.
WARNING:root:NaN or Inf found in input tensor.
WARNING:root:NaN or Inf found in input tensor.
WARNING:root:NaN or Inf found in input tensor.
WARNING:root:NaN or Inf found in input tensor.
WARNING:root:NaN or Inf found in input tensor.
WARNING:root:NaN or Inf found in input tensor.
[36mINFO[0m 08/13 08:46:24 | 0.217803    0.222991    0.000000    0.725338    nan         nan         1.073484    nan         0.777574    nan         0.673103    nan         0.217803    nan         0.222991    nan         4300        10.539216   0.711757    0.588473    152.972134  11.324911  
WARNING:root:NaN or Inf found in input tensor.
WARNING:root:NaN or Inf found in input tensor.
WARNING:root:NaN or Inf found in input tensor.
WARNING:root:NaN or Inf found in input tensor.
WARNING:root:NaN or Inf found in input tensor.
WARNING:root:NaN or Inf found in input tensor.
WARNING:root:NaN or Inf found in input tensor.
[36mINFO[0m 08/13 08:50:01 | 0.252635    0.263065    0.000000    0.736204    nan         nan         1.021653    nan         0.786152    nan         0.686256    nan         0.252635    nan         0.263065    nan         4400        10.784314   0.693442    0.589692    154.058557  11.324911  
WARNING:root:NaN or Inf found in input tensor.
WARNING:root:NaN or Inf found in input tensor.
WARNING:root:NaN or Inf found in input tensor.
WARNING:root:NaN or Inf found in input tensor.
WARNING:root:NaN or Inf found in input tensor.
WARNING:root:NaN or Inf found in input tensor.
WARNING:root:NaN or Inf found in input tensor.
[36mINFO[0m 08/13 08:53:31 | 0.229331    0.236605    0.000000    0.724451    nan         nan         1.063354    nan         0.767770    nan         0.681133    nan         0.229331    nan         0.236605    nan         4500        11.029412   0.708884    0.588048    147.671135  11.324911  
WARNING:root:NaN or Inf found in input tensor.
WARNING:root:NaN or Inf found in input tensor.
WARNING:root:NaN or Inf found in input tensor.
WARNING:root:NaN or Inf found in input tensor.
WARNING:root:NaN or Inf found in input tensor.
WARNING:root:NaN or Inf found in input tensor.
WARNING:root:NaN or Inf found in input tensor.
[36mINFO[0m 08/13 08:57:04 | 0.234107    0.242205    0.000000    0.743026    nan         nan         0.990242    nan         0.788909    nan         0.697143    nan         0.234107    nan         0.242205    nan         4600        11.274510   0.707384    0.597709    149.634410  11.325926  
WARNING:root:NaN or Inf found in input tensor.
WARNING:root:NaN or Inf found in input tensor.
WARNING:root:NaN or Inf found in input tensor.
WARNING:root:NaN or Inf found in input tensor.
WARNING:root:NaN or Inf found in input tensor.
WARNING:root:NaN or Inf found in input tensor.
WARNING:root:NaN or Inf found in input tensor.
[36mINFO[0m 08/13 09:00:39 | 0.248820    0.249231    0.000000    0.737415    nan         nan         1.005562    nan         0.782169    nan         0.692660    nan         0.248820    nan         0.249231    nan         4700        11.519608   0.696413    0.588846    151.463692  11.325926  
WARNING:root:NaN or Inf found in input tensor.
WARNING:root:NaN or Inf found in input tensor.
WARNING:root:NaN or Inf found in input tensor.
WARNING:root:NaN or Inf found in input tensor.
WARNING:root:NaN or Inf found in input tensor.
WARNING:root:NaN or Inf found in input tensor.
WARNING:root:NaN or Inf found in input tensor.
[36mINFO[0m 08/13 09:04:09 | 0.224638    0.228151    0.000000    0.735734    nan         nan         1.023800    nan         0.784620    nan         0.686847    nan         0.224638    nan         0.228151    nan         4800        11.764706   0.693873    0.570499    147.601925  11.327841  
WARNING:root:NaN or Inf found in input tensor.
WARNING:root:NaN or Inf found in input tensor.
WARNING:root:NaN or Inf found in input tensor.
WARNING:root:NaN or Inf found in input tensor.
WARNING:root:NaN or Inf found in input tensor.
WARNING:root:NaN or Inf found in input tensor.
WARNING:root:NaN or Inf found in input tensor.
[36mINFO[0m 08/13 09:07:37 | 0.238664    0.243522    0.000000    0.743644    nan         nan         0.995971    nan         0.793199    nan         0.694089    nan         0.238664    nan         0.243522    nan         4900        12.009804   0.682777    0.567449    146.188256  11.327841  
WARNING:root:NaN or Inf found in input tensor.
WARNING:root:NaN or Inf found in input tensor.
WARNING:root:NaN or Inf found in input tensor.
WARNING:root:NaN or Inf found in input tensor.
WARNING:root:NaN or Inf found in input tensor.
WARNING:root:NaN or Inf found in input tensor.
WARNING:root:NaN or Inf found in input tensor.
[36mINFO[0m 08/13 09:11:07 | 0.245883    0.249890    0.000000    0.739735    nan         nan         1.022995    nan         0.785233    nan         0.694236    nan         0.245883    nan         0.249890    nan         5000        12.254902   0.654797    0.569551    147.741184  11.327841  
WARNING:root:NaN or Inf found in input tensor.
WARNING:root:NaN or Inf found in input tensor.
WARNING:root:NaN or Inf found in input tensor.
WARNING:root:NaN or Inf found in input tensor.
WARNING:root:NaN or Inf found in input tensor.
WARNING:root:NaN or Inf found in input tensor.
WARNING:root:NaN or Inf found in input tensor.
[36mINFO[0m 08/13 09:11:07 | ---
[33mWARNING[0m 08/13 09:11:08 | Evaluate SWAD ...
[36mINFO[0m 08/13 09:13:39 | 0.268692    0.277009    0.000000    0.779347    nan         nan         0.826480    nan         0.830270    nan         0.728424    nan         0.268692    nan         0.277009    nan         [1801-5000]  (N=33)
[36mINFO[0m 08/13 09:13:39 | oracle = 25.264%
[36mINFO[0m 08/13 09:13:39 | iid = 23.866%
[36mINFO[0m 08/13 09:13:39 | last = 24.588%
[36mINFO[0m 08/13 09:13:39 | last (inD) = 73.973%
[36mINFO[0m 08/13 09:13:39 | iid (inD) = 74.364%
[36mINFO[0m 08/13 09:13:39 | SWAD = 26.869%
[36mINFO[0m 08/13 09:13:39 | SWAD (inD) = 77.935%
[36mINFO[0m 08/13 09:13:40 | === Summary ===
[36mINFO[0m 08/13 09:13:40 | Command: /data/home/kxrgzn/lzh/new/DomainBed-new/train_all.py SKET_ALOFT_E_seed0 --dataset SKET --data_dir /data/home/kxrgzn/lzh/new/DomainBed-new/dataset --algorithm ALOFT_E --steps 5000 --checkpoint_freq 100 --batch_size 32 --optimizer adam --lr 5e-5 --weight_decay 0 --resnet_dropout 0 --resnet18 False --pretrained True --freeze_bn True --swad LossValley --seed 0 --trial_seed 0 --deterministic --cache disk --prebuild_loader --image_size 224 --aloft_alpha 1.0 --aloft_mask_ratio 0.5 --aloft_perturb_prob 1.0
[36mINFO[0m 08/13 09:13:40 | Unique name: 260812_23-17-23_SKET_ALOFT_E_seed0
[36mINFO[0m 08/13 09:13:40 | Out path: train_output/SKET/260812_23-17-23_SKET_ALOFT_E_seed0
[36mINFO[0m 08/13 09:13:40 | Algorithm: ALOFT_E
[36mINFO[0m 08/13 09:13:40 | Dataset: SKET
+------------+----------+-----------+---------+---------+
| Selection  | TUBerlin | quickdraw |  sketch |   Avg.  |
+------------+----------+-----------+---------+---------+
|   oracle   | 64.530%  |  34.533%  | 25.264% | 41.442% |
|    iid     | 64.530%  |  33.447%  | 23.866% | 40.614% |
|    last    | 63.557%  |  29.741%  | 24.588% | 39.296% |
| last (inD) | 66.015%  |  72.262%  | 73.973% | 70.750% |
| iid (inD)  | 66.912%  |  72.684%  | 74.364% | 71.320% |
|    SWAD    | 67.471%  |  37.570%  | 26.869% | 43.970% |
| SWAD (inD) | 69.365%  |  75.485%  | 77.935% | 74.262% |
+------------+----------+-----------+---------+---------+
================================================================================
Starting ALOFT_E, seed=1, physical GPU=1
/home/kxrgzn/anaconda3/envs/lzh_DG/bin/python /data/home/kxrgzn/lzh/new/DomainBed-new/train_all.py SKET_ALOFT_E_seed1 --dataset SKET --data_dir /data/home/kxrgzn/lzh/new/DomainBed-new/dataset --algorithm ALOFT_E --steps 5000 --checkpoint_freq 100 --batch_size 32 --optimizer adam --lr 5e-5 --weight_decay 0 --resnet_dropout 0 --resnet18 False --pretrained True --freeze_bn True --swad LossValley --seed 1 --trial_seed 1 --deterministic --cache disk --prebuild_loader --image_size 224 --aloft_alpha 1.0 --aloft_mask_ratio 0.5 --aloft_perturb_prob 1.0
================================================================================
/home/kxrgzn/anaconda3/envs/lzh_DG/lib/python3.9/site-packages/munch/__init__.py:24: UserWarning: pkg_resources is deprecated as an API. See https://setuptools.pypa.io/en/latest/pkg_resources.html. The pkg_resources package is slated for removal as early as 2025-11-30. Refrain from using this package or pin to Setuptools<81.
  import pkg_resources
[36mINFO[0m 08/13 09:13:46 | Command :: /data/home/kxrgzn/lzh/new/DomainBed-new/train_all.py SKET_ALOFT_E_seed1 --dataset SKET --data_dir /data/home/kxrgzn/lzh/new/DomainBed-new/dataset --algorithm ALOFT_E --steps 5000 --checkpoint_freq 100 --batch_size 32 --optimizer adam --lr 5e-5 --weight_decay 0 --resnet_dropout 0 --resnet18 False --pretrained True --freeze_bn True --swad LossValley --seed 1 --trial_seed 1 --deterministic --cache disk --prebuild_loader --image_size 224 --aloft_alpha 1.0 --aloft_mask_ratio 0.5 --aloft_perturb_prob 1.0
Environment:
	Python: 3.9.23
	PyTorch: 2.6.0+cu124
	Torchvision: 0.21.0+cu124
	CUDA: 12.4
	CUDNN: 90100
	NumPy: 1.23.5
	PIL: 8.1.0
Args:
	algorithm: ALOFT_E
	batch_size: 32
	cache: disk
	cache_root: cache
	cache_size: None
	checkpoint_freq: 100
	configs: []
	data_dir: /data/home/kxrgzn/lzh/new/DomainBed-new/dataset
	dataset: SKET
	debug: False
	deterministic: True
	end_step: 200
	evalmode: fast
	extra_search: n
	extra_search_end: None
	extra_search_start: None
	gga_l_gamma: 0.001
	grad_fn: sum
	holdout_fraction: 0.2
	model_save: None
	name: SKET_ALOFT_E_seed1
	neighborhoodSize: 1e-06
	out_dir: train_output/SKET/260813_09-13-46_SKET_ALOFT_E_seed1
	out_root: train_output/SKET
	prebuild_loader: True
	q_steps: 2000
	quant: 0
	resize_mode: stretch
	saliency: False
	saliency_cmap: jet
	saliency_every: 0
	saliency_noise: 0.15
	saliency_num: 16
	saliency_samples: 25
	saliency_split: test_in
	seed: 1
	show: False
	start_step: 100
	steps: 5000
	tb_freq: 10
	test_envs: None
	train_output: train_output
	trial_seed: 1
	unique_name: 260813_09-13-46_SKET_ALOFT_E_seed1
	work_dir: .
HParams:
	data_augmentation: True
	val_augment: False
	[36mresnet18: False
	[0m[36mresnet_dropout: 0
	[0mclass_balanced: False
	[36moptimizer: adam
	[0m[36mfreeze_bn: True
	[0m[36mpretrained: True
	[0m[36mimage_size: 224
	[0m[36mlr: 5e-05
	[0mbatch_size: 32
	[36mweight_decay: 0
	[0m[36maloft_alpha: 1.0
	[0m[36maloft_mask_ratio: 0.5
	[0m[36maloft_perturb_prob: 1.0
	[0maloft_positions: 
	  - layer1
	  - layer2
	  - layer3
	[36mswad: LossValley
	[0mswad_kwargs: 
	  n_converge: 3
	  n_tolerance: 6
	  tolerance_ratio: 0.3
	test_batchsize: 128
	indomain_test: False
	grad_fn: sum
	extra_search: n
	logdir: train_output/SKET/260813_09-13-46_SKET_ALOFT_E_seed1
	neighborhoodSize: 1e-06
	start_step: 100
	end_step: 200
	extra_search_start: None
	extra_search_end: None
	gga_l_gamma: 0.001
Dataset:
	[SKET] #envs=3, #classes=203
	env0: TUBerlin (#16320)
	env1: quickdraw (#101500)
	env2: sketch (#45540)

[36mINFO[0m 08/13 09:13:49 | n_steps = 5000
[36mINFO[0m 08/13 09:13:49 | checkpoint_freq = 100
[36mINFO[0m 08/13 09:13:49 | n_steps is updated to 5000 => 5001 for checkpointing
[36mINFO[0m 08/13 09:13:49 | Target test envs = [[0], [1], [2]]
[36mINFO[0m 08/13 09:13:49 | 
[36mINFO[0m 08/13 09:13:51 | Testenv name escaping te_TUBerlin -> te_TUBerlin
[36mINFO[0m 08/13 09:13:51 | Test envs = [0], name = te_TUBerlin
[36mINFO[0m 08/13 09:13:51 | Batch sizes for each domain: [0, 32, 32] (total=64)
[36mINFO[0m 08/13 09:13:51 | steps-per-epoch for each domain: 2537.50, 1138.50 -> min = 1138.50
/home/kxrgzn/anaconda3/envs/lzh_DG/lib/python3.9/site-packages/torchvision/models/_utils.py:208: UserWarning: The parameter 'pretrained' is deprecated since 0.13 and may be removed in the future, please use 'weights' instead.
  warnings.warn(
/home/kxrgzn/anaconda3/envs/lzh_DG/lib/python3.9/site-packages/torchvision/models/_utils.py:223: UserWarning: Arguments other than a weight enum or `None` for 'weights' are deprecated since 0.13 and may be removed in the future. The current behavior is equivalent to passing `weights=ResNet50_Weights.IMAGENET1K_V1`. You can also use `weights=ResNet50_Weights.DEFAULT` to get the most up-to-date weights.
  warnings.warn(msg)
[36mINFO[0m 08/13 09:13:53 | # of params = 23923979
[36mINFO[0m 08/13 09:15:38 | test_in     test_out    train_in    train_out   test_in_au  test_out_a  train_out_  tr_outloss  env0_in     env0_in_au  env0_out    env0_out_a  env1_out    env1_out_a  env2_out    env2_out_a  step        epoch       loss        step_time   eval_time   mem_gb     
[36mINFO[0m 08/13 09:15:38 | 0.004366    0.003983    0.000000    0.006885    nan         nan         nan         5.352014    0.004366    nan         0.003983    nan         0.004877    nan         0.008893    nan         0           0.000000    5.321860    1.003899    103.587550  9.680035   
WARNING:root:NaN or Inf found in input tensor.
WARNING:root:NaN or Inf found in input tensor.
WARNING:root:NaN or Inf found in input tensor.
WARNING:root:NaN or Inf found in input tensor.
WARNING:root:NaN or Inf found in input tensor.
WARNING:root:NaN or Inf found in input tensor.
WARNING:root:NaN or Inf found in input tensor.
[36mINFO[0m 08/13 09:18:16 | 0.008885    0.012561    0.000000    0.026143    nan         nan         nan         5.120304    0.008885    nan         0.012561    nan         0.014187    nan         0.038098    nan         100         0.087835    5.260920    0.599620    93.920526   10.041303  
WARNING:root:NaN or Inf found in input tensor.
WARNING:root:NaN or Inf found in input tensor.
WARNING:root:NaN or Inf found in input tensor.
WARNING:root:NaN or Inf found in input tensor.
WARNING:root:NaN or Inf found in input tensor.
WARNING:root:NaN or Inf found in input tensor.
WARNING:root:NaN or Inf found in input tensor.
[36mINFO[0m 08/13 09:20:54 | 0.194700    0.201287    0.000000    0.189203    nan         nan         nan         3.773240    0.194700    nan         0.201287    nan         0.160246    nan         0.218160    nan         200         0.175670    4.635699    0.571357    96.540441   10.221546  
WARNING:root:NaN or Inf found in input tensor.
WARNING:root:NaN or Inf found in input tensor.
WARNING:root:NaN or Inf found in input tensor.
WARNING:root:NaN or Inf found in input tensor.
WARNING:root:NaN or Inf found in input tensor.
WARNING:root:NaN or Inf found in input tensor.
WARNING:root:NaN or Inf found in input tensor.
[36mINFO[0m 08/13 09:23:32 | 0.301777    0.312806    0.000000    0.293721    nan         nan         nan         3.092652    0.301777    nan         0.312806    nan         0.280788    nan         0.306653    nan         300         0.263505    3.542520    0.567930    94.971070   10.400310  
WARNING:root:NaN or Inf found in input tensor.
WARNING:root:NaN or Inf found in input tensor.
WARNING:root:NaN or Inf found in input tensor.
WARNING:root:NaN or Inf found in input tensor.
WARNING:root:NaN or Inf found in input tensor.
WARNING:root:NaN or Inf found in input tensor.
WARNING:root:NaN or Inf found in input tensor.
[36mINFO[0m 08/13 09:26:09 | 0.401118    0.398284    0.000000    0.397854    nan         nan         nan         2.580349    0.401118    nan         0.398284    nan         0.388374    nan         0.407334    nan         400         0.351339    3.037859    0.568985    95.155108   10.577593  
WARNING:root:NaN or Inf found in input tensor.
WARNING:root:NaN or Inf found in input tensor.
WARNING:root:NaN or Inf found in input tensor.
WARNING:root:NaN or Inf found in input tensor.
WARNING:root:NaN or Inf found in input tensor.
WARNING:root:NaN or Inf found in input tensor.
WARNING:root:NaN or Inf found in input tensor.
[36mINFO[0m 08/13 09:28:47 | 0.427313    0.434130    0.000000    0.429388    nan         nan         nan         2.373108    0.427313    nan         0.434130    nan         0.426847    nan         0.431928    nan         500         0.439174    2.703242    0.597246    94.116920   10.757920  
WARNING:root:NaN or Inf found in input tensor.
WARNING:root:NaN or Inf found in input tensor.
WARNING:root:NaN or Inf found in input tensor.
WARNING:root:NaN or Inf found in input tensor.
WARNING:root:NaN or Inf found in input tensor.
WARNING:root:NaN or Inf found in input tensor.
WARNING:root:NaN or Inf found in input tensor.
[36mINFO[0m 08/13 09:31:26 | 0.467218    0.475184    0.000000    0.461306    nan         nan         nan         2.266186    0.467218    nan         0.475184    nan         0.472020    nan         0.450593    nan         600         0.527009    2.442758    0.568914    96.854685   10.935616  
WARNING:root:NaN or Inf found in input tensor.
WARNING:root:NaN or Inf found in input tensor.
WARNING:root:NaN or Inf found in input tensor.
WARNING:root:NaN or Inf found in input tensor.
WARNING:root:NaN or Inf found in input tensor.
WARNING:root:NaN or Inf found in input tensor.
WARNING:root:NaN or Inf found in input tensor.
[36mINFO[0m 08/13 09:34:10 | 0.464997    0.458640    0.000000    0.475411    nan         nan         nan         2.164988    0.464997    nan         0.458640    nan         0.484089    nan         0.466733    nan         700         0.614844    2.321668    0.583085    100.967933  11.114852  
WARNING:root:NaN or Inf found in input tensor.
WARNING:root:NaN or Inf found in input tensor.
WARNING:root:NaN or Inf found in input tensor.
WARNING:root:NaN or Inf found in input tensor.
WARNING:root:NaN or Inf found in input tensor.
WARNING:root:NaN or Inf found in input tensor.
WARNING:root:NaN or Inf found in input tensor.
[36mINFO[0m 08/13 09:36:56 | 0.501302    0.491115    0.000000    0.507988    nan         nan         nan         2.023869    0.501302    nan         0.491115    nan         0.516305    nan         0.499671    nan         800         0.702679    2.161264    0.583864    103.423005  11.115905  
WARNING:root:NaN or Inf found in input tensor.
WARNING:root:NaN or Inf found in input tensor.
WARNING:root:NaN or Inf found in input tensor.
WARNING:root:NaN or Inf found in input tensor.
WARNING:root:NaN or Inf found in input tensor.
WARNING:root:NaN or Inf found in input tensor.
WARNING:root:NaN or Inf found in input tensor.
[36mINFO[0m 08/13 09:39:40 | 0.477252    0.477635    0.000000    0.498256    nan         nan         nan         2.064039    0.477252    nan         0.477635    nan         0.502660    nan         0.493852    nan         900         0.790514    2.085047    0.591939    101.459672  11.115905  
WARNING:root:NaN or Inf found in input tensor.
WARNING:root:NaN or Inf found in input tensor.
WARNING:root:NaN or Inf found in input tensor.
WARNING:root:NaN or Inf found in input tensor.
WARNING:root:NaN or Inf found in input tensor.
WARNING:root:NaN or Inf found in input tensor.
WARNING:root:NaN or Inf found in input tensor.
[36mINFO[0m 08/13 09:42:17 | 0.513863    0.524203    0.000000    0.532545    nan         nan         nan         1.891200    0.513863    nan         0.524203    nan         0.537094    nan         0.527997    nan         1000        0.878349    1.951087    0.579362    93.902183   11.115905  
WARNING:root:NaN or Inf found in input tensor.
WARNING:root:NaN or Inf found in input tensor.
WARNING:root:NaN or Inf found in input tensor.
WARNING:root:NaN or Inf found in input tensor.
WARNING:root:NaN or Inf found in input tensor.
WARNING:root:NaN or Inf found in input tensor.
WARNING:root:NaN or Inf found in input tensor.
[36mINFO[0m 08/13 09:44:59 | 0.561045    0.549326    0.000000    0.554062    nan         nan         nan         1.809133    0.561045    nan         0.549326    nan         0.568818    nan         0.539306    nan         1100        0.966184    1.939973    0.590713    99.303616   11.117881  
WARNING:root:NaN or Inf found in input tensor.
WARNING:root:NaN or Inf found in input tensor.
WARNING:root:NaN or Inf found in input tensor.
WARNING:root:NaN or Inf found in input tensor.
WARNING:root:NaN or Inf found in input tensor.
WARNING:root:NaN or Inf found in input tensor.
WARNING:root:NaN or Inf found in input tensor.
[36mINFO[0m 08/13 09:47:40 | 0.549709    0.538297    0.000000    0.561058    nan         nan         nan         1.787510    0.549709    nan         0.538297    nan         0.567438    nan         0.554677    nan         1200        1.054018    1.860328    0.584737    98.864496   11.123733  
WARNING:root:NaN or Inf found in input tensor.
WARNING:root:NaN or Inf found in input tensor.
WARNING:root:NaN or Inf found in input tensor.
WARNING:root:NaN or Inf found in input tensor.
WARNING:root:NaN or Inf found in input tensor.
WARNING:root:NaN or Inf found in input tensor.
WARNING:root:NaN or Inf found in input tensor.
[36mINFO[0m 08/13 09:50:27 | 0.549632    0.541973    0.000000    0.557148    nan         nan         nan         1.802472    0.549632    nan         0.541973    nan         0.551823    nan         0.562473    nan         1300        1.141853    1.847973    0.590305    104.582907  11.124091  
WARNING:root:NaN or Inf found in input tensor.
WARNING:root:NaN or Inf found in input tensor.
WARNING:root:NaN or Inf found in input tensor.
WARNING:root:NaN or Inf found in input tensor.
WARNING:root:NaN or Inf found in input tensor.
WARNING:root:NaN or Inf found in input tensor.
WARNING:root:NaN or Inf found in input tensor.
[36mINFO[0m 08/13 09:53:05 | 0.563419    0.558824    0.000000    0.570107    nan         nan         nan         1.740477    0.563419    nan         0.558824    nan         0.586305    nan         0.553909    nan         1400        1.229688    1.796471    0.574263    95.341884   11.124091  
WARNING:root:NaN or Inf found in input tensor.
WARNING:root:NaN or Inf found in input tensor.
WARNING:root:NaN or Inf found in input tensor.
WARNING:root:NaN or Inf found in input tensor.
WARNING:root:NaN or Inf found in input tensor.
WARNING:root:NaN or Inf found in input tensor.
WARNING:root:NaN or Inf found in input tensor.
[36mINFO[0m 08/13 09:55:43 | 0.565181    0.563419    0.000000    0.583151    nan         nan         nan         1.695099    0.565181    nan         0.563419    nan         0.601084    nan         0.565217    nan         1500        1.317523    1.754331    0.575002    95.051722   11.125129  
WARNING:root:NaN or Inf found in input tensor.
WARNING:root:NaN or Inf found in input tensor.
WARNING:root:NaN or Inf found in input tensor.
WARNING:root:NaN or Inf found in input tensor.
WARNING:root:NaN or Inf found in input tensor.
WARNING:root:NaN or Inf found in input tensor.
WARNING:root:NaN or Inf found in input tensor.
[36mINFO[0m 08/13 09:58:20 | 0.560892    0.562194    0.000000    0.575787    nan         nan         nan         1.710759    0.560892    nan         0.562194    nan         0.596897    nan         0.554677    nan         1600        1.405358    1.732503    0.587348    94.790829   11.126235  
WARNING:root:NaN or Inf found in input tensor.
WARNING:root:NaN or Inf found in input tensor.
WARNING:root:NaN or Inf found in input tensor.
WARNING:root:NaN or Inf found in input tensor.
WARNING:root:NaN or Inf found in input tensor.
WARNING:root:NaN or Inf found in input tensor.
WARNING:root:NaN or Inf found in input tensor.
[36mINFO[0m 08/13 10:01:02 | 0.604703    0.600490    0.000000    0.599836    nan         nan         nan         1.621512    0.604703    nan         0.600490    nan         0.614581    nan         0.585090    nan         1700        1.493193    1.703078    0.590252    99.421460   11.126235  
WARNING:root:NaN or Inf found in input tensor.
WARNING:root:NaN or Inf found in input tensor.
WARNING:root:NaN or Inf found in input tensor.
WARNING:root:NaN or Inf found in input tensor.
WARNING:root:NaN or Inf found in input tensor.
WARNING:root:NaN or Inf found in input tensor.
WARNING:root:NaN or Inf found in input tensor.
[36mINFO[0m 08/13 10:03:41 | 0.563343    0.566483    0.000000    0.599504    nan         nan         nan         1.610463    0.563343    nan         0.566483    nan         0.605025    nan         0.593983    nan         1800        1.581028    1.616174    0.566094    96.726060   11.126235  
WARNING:root:NaN or Inf found in input tensor.
WARNING:root:NaN or Inf found in input tensor.
WARNING:root:NaN or Inf found in input tensor.
WARNING:root:NaN or Inf found in input tensor.
WARNING:root:NaN or Inf found in input tensor.
WARNING:root:NaN or Inf found in input tensor.
WARNING:root:NaN or Inf found in input tensor.
[36mINFO[0m 08/13 10:06:19 | 0.598499    0.598652    0.000000    0.610313    nan         nan         nan         1.565479    0.598499    nan         0.598652    nan         0.627192    nan         0.593434    nan         1900        1.668863    1.621171    0.588665    94.660605   11.126479  
WARNING:root:NaN or Inf found in input tensor.
WARNING:root:NaN or Inf found in input tensor.
WARNING:root:NaN or Inf found in input tensor.
WARNING:root:NaN or Inf found in input tensor.
WARNING:root:NaN or Inf found in input tensor.
WARNING:root:NaN or Inf found in input tensor.
WARNING:root:NaN or Inf found in input tensor.
[36mINFO[0m 08/13 10:08:57 | 0.592448    0.585784    0.000000    0.611296    nan         nan         nan         1.562893    0.592448    nan         0.585784    nan         0.632562    nan         0.590031    nan         2000        1.756697    1.588692    0.593778    95.849077   11.126479  
WARNING:root:NaN or Inf found in input tensor.
WARNING:root:NaN or Inf found in input tensor.
WARNING:root:NaN or Inf found in input tensor.
WARNING:root:NaN or Inf found in input tensor.
WARNING:root:NaN or Inf found in input tensor.
WARNING:root:NaN or Inf found in input tensor.
WARNING:root:NaN or Inf found in input tensor.
[36mINFO[0m 08/13 10:11:41 | 0.606158    0.598652    0.000000    0.606865    nan         nan         nan         1.595059    0.606158    nan         0.598652    nan         0.620296    nan         0.593434    nan         2100        1.844532    1.552420    0.587284    101.132557  11.126479  
WARNING:root:NaN or Inf found in input tensor.
WARNING:root:NaN or Inf found in input tensor.
WARNING:root:NaN or Inf found in input tensor.
WARNING:root:NaN or Inf found in input tensor.
WARNING:root:NaN or Inf found in input tensor.
WARNING:root:NaN or Inf found in input tensor.
WARNING:root:NaN or Inf found in input tensor.
[36mINFO[0m 08/13 10:14:22 | 0.602482    0.591912    0.000000    0.606537    nan         nan         nan         1.592134    0.602482    nan         0.591912    nan         0.623153    nan         0.589921    nan         2200        1.932367    1.531247    0.565896    97.990963   11.127006  
WARNING:root:NaN or Inf found in input tensor.
WARNING:root:NaN or Inf found in input tensor.
WARNING:root:NaN or Inf found in input tensor.
WARNING:root:NaN or Inf found in input tensor.
WARNING:root:NaN or Inf found in input tensor.
WARNING:root:NaN or Inf found in input tensor.
WARNING:root:NaN or Inf found in input tensor.
Model converged at step 2000, Start step = 1701; Threshold = 2.058371, 
[36mINFO[0m 08/13 10:17:02 | 0.602941    0.594056    0.000000    0.618139    nan         nan         nan         1.530438    0.602941    nan         0.594056    nan         0.640099    nan         0.596179    nan         2300        2.020202    1.456213    0.573431    97.195232   11.307623  
WARNING:root:NaN or Inf found in input tensor.
WARNING:root:NaN or Inf found in input tensor.
WARNING:root:NaN or Inf found in input tensor.
WARNING:root:NaN or Inf found in input tensor.
WARNING:root:NaN or Inf found in input tensor.
WARNING:root:NaN or Inf found in input tensor.
WARNING:root:NaN or Inf found in input tensor.
[36mINFO[0m 08/13 10:19:40 | 0.610677    0.595282    0.000000    0.606603    nan         nan         nan         1.565175    0.610677    nan         0.595282    nan         0.619113    nan         0.594093    nan         2400        2.108037    1.481121    0.585388    95.726069   11.307623  
WARNING:root:NaN or Inf found in input tensor.
WARNING:root:NaN or Inf found in input tensor.
WARNING:root:NaN or Inf found in input tensor.
WARNING:root:NaN or Inf found in input tensor.
WARNING:root:NaN or Inf found in input tensor.
WARNING:root:NaN or Inf found in input tensor.
WARNING:root:NaN or Inf found in input tensor.
[36mINFO[0m 08/13 10:22:23 | 0.607920    0.609375    0.000000    0.614960    nan         nan         nan         1.536565    0.607920    nan         0.609375    nan         0.621773    nan         0.608147    nan         2500        2.195872    1.523716    0.591226    99.129755   11.309454  
WARNING:root:NaN or Inf found in input tensor.
WARNING:root:NaN or Inf found in input tensor.
WARNING:root:NaN or Inf found in input tensor.
WARNING:root:NaN or Inf found in input tensor.
WARNING:root:NaN or Inf found in input tensor.
WARNING:root:NaN or Inf found in input tensor.
WARNING:root:NaN or Inf found in input tensor.
[36mINFO[0m 08/13 10:25:05 | 0.600720    0.612439    0.000000    0.620269    nan         nan         nan         1.529583    0.600720    nan         0.612439    nan         0.636453    nan         0.604084    nan         2600        2.283707    1.414485    0.566928    100.249235  11.313604  
WARNING:root:NaN or Inf found in input tensor.
WARNING:root:NaN or Inf found in input tensor.
WARNING:root:NaN or Inf found in input tensor.
WARNING:root:NaN or Inf found in input tensor.
WARNING:root:NaN or Inf found in input tensor.
WARNING:root:NaN or Inf found in input tensor.
WARNING:root:NaN or Inf found in input tensor.
[36mINFO[0m 08/13 10:27:46 | 0.585325    0.583333    0.000000    0.632203    nan         nan         nan         1.471945    0.585325    nan         0.583333    nan         0.646158    nan         0.618248    nan         2700        2.371542    1.427953    0.581112    97.861126   11.316084  
WARNING:root:NaN or Inf found in input tensor.
WARNING:root:NaN or Inf found in input tensor.
WARNING:root:NaN or Inf found in input tensor.
WARNING:root:NaN or Inf found in input tensor.
WARNING:root:NaN or Inf found in input tensor.
WARNING:root:NaN or Inf found in input tensor.
WARNING:root:NaN or Inf found in input tensor.
[36mINFO[0m 08/13 10:30:30 | 0.597580    0.597733    0.000000    0.633186    nan         nan         nan         1.473620    0.597580    nan         0.597733    nan         0.643842    nan         0.622530    nan         2800        2.459376    1.379401    0.578810    100.690084  11.317022  
WARNING:root:NaN or Inf found in input tensor.
WARNING:root:NaN or Inf found in input tensor.
WARNING:root:NaN or Inf found in input tensor.
WARNING:root:NaN or Inf found in input tensor.
WARNING:root:NaN or Inf found in input tensor.
WARNING:root:NaN or Inf found in input tensor.
WARNING:root:NaN or Inf found in input tensor.
[36mINFO[0m 08/13 10:33:12 | 0.605162    0.607537    0.000000    0.627858    nan         nan         nan         1.493495    0.605162    nan         0.607537    nan         0.641970    nan         0.613746    nan         2900        2.547211    1.385780    0.595766    98.488273   11.318319  
WARNING:root:NaN or Inf found in input tensor.
WARNING:root:NaN or Inf found in input tensor.
WARNING:root:NaN or Inf found in input tensor.
WARNING:root:NaN or Inf found in input tensor.
WARNING:root:NaN or Inf found in input tensor.
WARNING:root:NaN or Inf found in input tensor.
WARNING:root:NaN or Inf found in input tensor.
[36mINFO[0m 08/13 10:35:53 | 0.614660    0.615809    0.000000    0.637392    nan         nan         nan         1.438175    0.614660    nan         0.615809    nan         0.652365    nan         0.622420    nan         3000        2.635046    1.411620    0.586692    98.144635   11.322592  
WARNING:root:NaN or Inf found in input tensor.
WARNING:root:NaN or Inf found in input tensor.
WARNING:root:NaN or Inf found in input tensor.
WARNING:root:NaN or Inf found in input tensor.
WARNING:root:NaN or Inf found in input tensor.
WARNING:root:NaN or Inf found in input tensor.
WARNING:root:NaN or Inf found in input tensor.
[36mINFO[0m 08/13 10:38:35 | 0.612975    0.606311    0.000000    0.640417    nan         nan         nan         1.441952    0.612975    nan         0.606311    nan         0.652266    nan         0.628568    nan         3100        2.722881    1.382841    0.571488    99.480665   11.322592  
WARNING:root:NaN or Inf found in input tensor.
WARNING:root:NaN or Inf found in input tensor.
WARNING:root:NaN or Inf found in input tensor.
WARNING:root:NaN or Inf found in input tensor.
WARNING:root:NaN or Inf found in input tensor.
WARNING:root:NaN or Inf found in input tensor.
WARNING:root:NaN or Inf found in input tensor.
[36mINFO[0m 08/13 10:41:15 | 0.612822    0.602328    0.000000    0.642007    nan         nan         nan         1.426797    0.612822    nan         0.602328    nan         0.660936    nan         0.623079    nan         3200        2.810716    1.350830    0.563056    97.469545   11.322592  
WARNING:root:NaN or Inf found in input tensor.
WARNING:root:NaN or Inf found in input tensor.
WARNING:root:NaN or Inf found in input tensor.
WARNING:root:NaN or Inf found in input tensor.
WARNING:root:NaN or Inf found in input tensor.
WARNING:root:NaN or Inf found in input tensor.
WARNING:root:NaN or Inf found in input tensor.
[36mINFO[0m 08/13 10:43:53 | 0.620481    0.618566    0.000000    0.639396    nan         nan         nan         1.437729    0.620481    nan         0.618566    nan         0.658128    nan         0.620663    nan         3300        2.898551    1.277592    0.591273    95.803735   11.322592  
WARNING:root:NaN or Inf found in input tensor.
WARNING:root:NaN or Inf found in input tensor.
WARNING:root:NaN or Inf found in input tensor.
WARNING:root:NaN or Inf found in input tensor.
WARNING:root:NaN or Inf found in input tensor.
WARNING:root:NaN or Inf found in input tensor.
WARNING:root:NaN or Inf found in input tensor.
[36mINFO[0m 08/13 10:46:35 | 0.627987    0.614277    0.000000    0.642606    nan         nan         nan         1.424513    0.627987    nan         0.614277    nan         0.661034    nan         0.624177    nan         3400        2.986386    1.350772    0.571929    99.373761   11.322592  
WARNING:root:NaN or Inf found in input tensor.
WARNING:root:NaN or Inf found in input tensor.
WARNING:root:NaN or Inf found in input tensor.
WARNING:root:NaN or Inf found in input tensor.
WARNING:root:NaN or Inf found in input tensor.
WARNING:root:NaN or Inf found in input tensor.
WARNING:root:NaN or Inf found in input tensor.
[36mINFO[0m 08/13 10:49:18 | 0.641544    0.638480    0.000000    0.647615    nan         nan         nan         1.404275    0.641544    nan         0.638480    nan         0.666552    nan         0.628678    nan         3500        3.074220    1.325732    0.583490    100.074022  11.322592  
WARNING:root:NaN or Inf found in input tensor.
WARNING:root:NaN or Inf found in input tensor.
WARNING:root:NaN or Inf found in input tensor.
WARNING:root:NaN or Inf found in input tensor.
WARNING:root:NaN or Inf found in input tensor.
WARNING:root:NaN or Inf found in input tensor.
WARNING:root:NaN or Inf found in input tensor.
[36mINFO[0m 08/13 10:52:07 | 0.631510    0.636949    0.000000    0.642646    nan         nan         nan         1.443126    0.631510    nan         0.636949    nan         0.657931    nan         0.627361    nan         3600        3.162055    1.357273    0.590230    105.079701  11.322592  
WARNING:root:NaN or Inf found in input tensor.
WARNING:root:NaN or Inf found in input tensor.
WARNING:root:NaN or Inf found in input tensor.
WARNING:root:NaN or Inf found in input tensor.
WARNING:root:NaN or Inf found in input tensor.
WARNING:root:NaN or Inf found in input tensor.
WARNING:root:NaN or Inf found in input tensor.
[36mINFO[0m 08/13 10:54:48 | 0.651042    0.637561    0.000000    0.658352    nan         nan         nan         1.369461    0.651042    nan         0.637561    nan         0.676059    nan         0.640646    nan         3700        3.249890    1.279132    0.591014    99.398663   11.322592  
WARNING:root:NaN or Inf found in input tensor.
WARNING:root:NaN or Inf found in input tensor.
WARNING:root:NaN or Inf found in input tensor.
WARNING:root:NaN or Inf found in input tensor.
WARNING:root:NaN or Inf found in input tensor.
WARNING:root:NaN or Inf found in input tensor.
WARNING:root:NaN or Inf found in input tensor.
[36mINFO[0m 08/13 10:57:28 | 0.632047    0.636029    0.000000    0.640792    nan         nan         nan         1.431128    0.632047    nan         0.636029    nan         0.651478    nan         0.630105    nan         3800        3.337725    1.303930    0.583315    97.034352   11.322592  
WARNING:root:NaN or Inf found in input tensor.
WARNING:root:NaN or Inf found in input tensor.
WARNING:root:NaN or Inf found in input tensor.
WARNING:root:NaN or Inf found in input tensor.
WARNING:root:NaN or Inf found in input tensor.
WARNING:root:NaN or Inf found in input tensor.
WARNING:root:NaN or Inf found in input tensor.
[36mINFO[0m 08/13 11:00:08 | 0.636183    0.635110    0.000000    0.643654    nan         nan         nan         1.424337    0.636183    nan         0.635110    nan         0.668621    nan         0.618687    nan         3900        3.425560    1.211350    0.584808    97.367763   11.322592  
WARNING:root:NaN or Inf found in input tensor.
WARNING:root:NaN or Inf found in input tensor.
WARNING:root:NaN or Inf found in input tensor.
WARNING:root:NaN or Inf found in input tensor.
WARNING:root:NaN or Inf found in input tensor.
WARNING:root:NaN or Inf found in input tensor.
WARNING:root:NaN or Inf found in input tensor.
[36mINFO[0m 08/13 11:02:52 | 0.627604    0.613051    0.000000    0.654562    nan         nan         nan         1.377214    0.627604    nan         0.613051    nan         0.665074    nan         0.644049    nan         4000        3.513395    1.257461    0.582572    101.185121  11.322592  
WARNING:root:NaN or Inf found in input tensor.
WARNING:root:NaN or Inf found in input tensor.
WARNING:root:NaN or Inf found in input tensor.
WARNING:root:NaN or Inf found in input tensor.
WARNING:root:NaN or Inf found in input tensor.
WARNING:root:NaN or Inf found in input tensor.
WARNING:root:NaN or Inf found in input tensor.
[36mINFO[0m 08/13 11:05:35 | 0.632430    0.632047    0.000000    0.661148    nan         nan         nan         1.349297    0.632430    nan         0.632047    nan         0.675172    nan         0.647123    nan         4100        3.601230    1.249411    0.593244    100.148616  11.322592  
WARNING:root:NaN or Inf found in input tensor.
WARNING:root:NaN or Inf found in input tensor.
WARNING:root:NaN or Inf found in input tensor.
WARNING:root:NaN or Inf found in input tensor.
WARNING:root:NaN or Inf found in input tensor.
WARNING:root:NaN or Inf found in input tensor.
WARNING:root:NaN or Inf found in input tensor.
[36mINFO[0m 08/13 11:08:14 | 0.620941    0.604779    0.000000    0.663578    nan         nan         nan         1.353647    0.620941    nan         0.604779    nan         0.678276    nan         0.648880    nan         4200        3.689065    1.205400    0.587253    95.781569   11.322592  
WARNING:root:NaN or Inf found in input tensor.
WARNING:root:NaN or Inf found in input tensor.
WARNING:root:NaN or Inf found in input tensor.
WARNING:root:NaN or Inf found in input tensor.
WARNING:root:NaN or Inf found in input tensor.
WARNING:root:NaN or Inf found in input tensor.
WARNING:root:NaN or Inf found in input tensor.
[36mINFO[0m 08/13 11:10:53 | 0.625536    0.609375    0.000000    0.650585    nan         nan         nan         1.384256    0.625536    nan         0.609375    nan         0.670296    nan         0.630874    nan         4300        3.776899    1.211038    0.573433    96.409132   11.322592  
WARNING:root:NaN or Inf found in input tensor.
WARNING:root:NaN or Inf found in input tensor.
WARNING:root:NaN or Inf found in input tensor.
WARNING:root:NaN or Inf found in input tensor.
WARNING:root:NaN or Inf found in input tensor.
WARNING:root:NaN or Inf found in input tensor.
WARNING:root:NaN or Inf found in input tensor.
[36mINFO[0m 08/13 11:13:33 | 0.642387    0.637561    0.000000    0.660568    nan         nan         nan         1.347225    0.642387    nan         0.637561    nan         0.669951    nan         0.651186    nan         4400        3.864734    1.190096    0.583024    97.848745   11.322592  
WARNING:root:NaN or Inf found in input tensor.
WARNING:root:NaN or Inf found in input tensor.
WARNING:root:NaN or Inf found in input tensor.
WARNING:root:NaN or Inf found in input tensor.
WARNING:root:NaN or Inf found in input tensor.
WARNING:root:NaN or Inf found in input tensor.
WARNING:root:NaN or Inf found in input tensor.
[36mINFO[0m 08/13 11:16:18 | 0.634957    0.627451    0.000000    0.655340    nan         nan         nan         1.377358    0.634957    nan         0.627451    nan         0.669704    nan         0.640975    nan         4500        3.952569    1.226557    0.599545    101.701051  11.322592  
WARNING:root:NaN or Inf found in input tensor.
WARNING:root:NaN or Inf found in input tensor.
WARNING:root:NaN or Inf found in input tensor.
WARNING:root:NaN or Inf found in input tensor.
WARNING:root:NaN or Inf found in input tensor.
WARNING:root:NaN or Inf found in input tensor.
WARNING:root:NaN or Inf found in input tensor.
[36mINFO[0m 08/13 11:19:00 | 0.625689    0.619485    0.000000    0.662579    nan         nan         nan         1.344528    0.625689    nan         0.619485    nan         0.676059    nan         0.649100    nan         4600        4.040404    1.195607    0.587892    98.979507   11.327848  
WARNING:root:NaN or Inf found in input tensor.
WARNING:root:NaN or Inf found in input tensor.
WARNING:root:NaN or Inf found in input tensor.
WARNING:root:NaN or Inf found in input tensor.
WARNING:root:NaN or Inf found in input tensor.
WARNING:root:NaN or Inf found in input tensor.
WARNING:root:NaN or Inf found in input tensor.
[36mINFO[0m 08/13 11:21:43 | 0.641544    0.626838    0.000000    0.666897    nan         nan         nan         1.321769    0.641544    nan         0.626838    nan         0.683596    nan         0.650198    nan         4700        4.128239    1.187724    0.590043    99.359381   11.327848  
WARNING:root:NaN or Inf found in input tensor.
WARNING:root:NaN or Inf found in input tensor.
WARNING:root:NaN or Inf found in input tensor.
WARNING:root:NaN or Inf found in input tensor.
WARNING:root:NaN or Inf found in input tensor.
WARNING:root:NaN or Inf found in input tensor.
WARNING:root:NaN or Inf found in input tensor.
[36mINFO[0m 08/13 11:24:24 | 0.641927    0.639093    0.000000    0.666912    nan         nan         nan         1.336965    0.641927    nan         0.639093    nan         0.680443    nan         0.653382    nan         4800        4.216074    1.151912    0.579443    99.069011   11.327848  
WARNING:root:NaN or Inf found in input tensor.
WARNING:root:NaN or Inf found in input tensor.
WARNING:root:NaN or Inf found in input tensor.
WARNING:root:NaN or Inf found in input tensor.
WARNING:root:NaN or Inf found in input tensor.
WARNING:root:NaN or Inf found in input tensor.
WARNING:root:NaN or Inf found in input tensor.
[36mINFO[0m 08/13 11:27:02 | 0.632200    0.624694    0.000000    0.668077    nan         nan         nan         1.341136    0.632200    nan         0.624694    nan         0.690788    nan         0.645367    nan         4900        4.303909    1.175167    0.589410    94.188053   11.327848  
WARNING:root:NaN or Inf found in input tensor.
WARNING:root:NaN or Inf found in input tensor.
WARNING:root:NaN or Inf found in input tensor.
WARNING:root:NaN or Inf found in input tensor.
WARNING:root:NaN or Inf found in input tensor.
WARNING:root:NaN or Inf found in input tensor.
WARNING:root:NaN or Inf found in input tensor.
[36mINFO[0m 08/13 11:29:40 | 0.643153    0.633272    0.000000    0.659875    nan         nan         nan         1.393073    0.643153    nan         0.633272    nan         0.676798    nan         0.642951    nan         5000        4.391744    1.132444    0.589400    95.868320   11.328054  
WARNING:root:NaN or Inf found in input tensor.
WARNING:root:NaN or Inf found in input tensor.
WARNING:root:NaN or Inf found in input tensor.
WARNING:root:NaN or Inf found in input tensor.
WARNING:root:NaN or Inf found in input tensor.
WARNING:root:NaN or Inf found in input tensor.
WARNING:root:NaN or Inf found in input tensor.
[36mINFO[0m 08/13 11:29:40 | ---
[33mWARNING[0m 08/13 11:29:41 | Evaluate SWAD ...
[36mINFO[0m 08/13 11:31:22 | 0.686581    0.678309    0.000000    0.705834    nan         nan         nan         1.178808    0.686581    nan         0.678309    nan         0.721724    nan         0.689943    nan         [1701-5000]  (N=34)
[36mINFO[0m 08/13 11:31:22 | oracle = 64.193%
[36mINFO[0m 08/13 11:31:22 | iid = 63.220%
[36mINFO[0m 08/13 11:31:22 | last = 64.315%
[36mINFO[0m 08/13 11:31:22 | last (inD) = 65.987%
[36mINFO[0m 08/13 11:31:22 | iid (inD) = 66.808%
[36mINFO[0m 08/13 11:31:22 | SWAD = 68.658%
[36mINFO[0m 08/13 11:31:22 | SWAD (inD) = 70.583%
[36mINFO[0m 08/13 11:31:23 | 
[36mINFO[0m 08/13 11:31:26 | Testenv name escaping te_quickdraw -> te_quickdraw
[36mINFO[0m 08/13 11:31:26 | Test envs = [1], name = te_quickdraw
[36mINFO[0m 08/13 11:31:26 | Batch sizes for each domain: [32, 0, 32] (total=64)
[36mINFO[0m 08/13 11:31:26 | steps-per-epoch for each domain: 408.00, 1138.50 -> min = 408.00
[36mINFO[0m 08/13 11:31:28 | # of params = 23923979
[36mINFO[0m 08/13 11:35:46 | test_in     test_out    train_in    train_out   test_in_au  train_out_  tr_outloss  test_out_a  env0_out    env0_out_a  env1_in     env1_in_au  env1_out    env1_out_a  env2_out    env2_out_a  step        epoch       loss        step_time   eval_time   mem_gb     
[36mINFO[0m 08/13 11:35:46 | 0.005099    0.005025    0.000000    0.007441    nan         nan         5.343811    nan         0.007966    nan         0.005099    nan         0.005025    nan         0.006917    nan         0           0.000000    5.366693    0.572321    257.369574  9.683208   
WARNING:root:NaN or Inf found in input tensor.
WARNING:root:NaN or Inf found in input tensor.
WARNING:root:NaN or Inf found in input tensor.
WARNING:root:NaN or Inf found in input tensor.
WARNING:root:NaN or Inf found in input tensor.
WARNING:root:NaN or Inf found in input tensor.
WARNING:root:NaN or Inf found in input tensor.
[36mINFO[0m 08/13 11:41:00 | 0.005579    0.005074    0.000000    0.016950    nan         nan         5.209443    nan         0.007659    nan         0.005579    nan         0.005074    nan         0.026241    nan         100         0.245098    5.255148    0.584531    250.788350  10.041951  
WARNING:root:NaN or Inf found in input tensor.
WARNING:root:NaN or Inf found in input tensor.
WARNING:root:NaN or Inf found in input tensor.
WARNING:root:NaN or Inf found in input tensor.
WARNING:root:NaN or Inf found in input tensor.
WARNING:root:NaN or Inf found in input tensor.
WARNING:root:NaN or Inf found in input tensor.
[36mINFO[0m 08/13 11:46:21 | 0.084224    0.082118    0.000000    0.223028    nan         nan         3.585025    nan         0.228554    nan         0.084224    nan         0.082118    nan         0.217501    nan         200         0.490196    4.652224    0.588240    256.485293  10.216396  
WARNING:root:NaN or Inf found in input tensor.
WARNING:root:NaN or Inf found in input tensor.
WARNING:root:NaN or Inf found in input tensor.
WARNING:root:NaN or Inf found in input tensor.
WARNING:root:NaN or Inf found in input tensor.
WARNING:root:NaN or Inf found in input tensor.
WARNING:root:NaN or Inf found in input tensor.
[36mINFO[0m 08/13 11:51:25 | 0.169754    0.166108    0.000000    0.435598    nan         nan         2.420367    nan         0.504596    nan         0.169754    nan         0.166108    nan         0.366601    nan         300         0.735294    3.028656    0.584023    240.696218  10.393573  
WARNING:root:NaN or Inf found in input tensor.
WARNING:root:NaN or Inf found in input tensor.
WARNING:root:NaN or Inf found in input tensor.
WARNING:root:NaN or Inf found in input tensor.
WARNING:root:NaN or Inf found in input tensor.
WARNING:root:NaN or Inf found in input tensor.
WARNING:root:NaN or Inf found in input tensor.
[36mINFO[0m 08/13 11:56:42 | 0.205025    0.205419    0.000000    0.498369    nan         nan         2.097944    nan         0.560968    nan         0.205025    nan         0.205419    nan         0.435771    nan         400         0.980392    2.319463    0.590809    253.920056  10.575617  
WARNING:root:NaN or Inf found in input tensor.
WARNING:root:NaN or Inf found in input tensor.
WARNING:root:NaN or Inf found in input tensor.
WARNING:root:NaN or Inf found in input tensor.
WARNING:root:NaN or Inf found in input tensor.
WARNING:root:NaN or Inf found in input tensor.
WARNING:root:NaN or Inf found in input tensor.
[36mINFO[0m 08/13 12:02:04 | 0.243904    0.241034    0.000000    0.528104    nan         nan         1.939583    nan         0.598039    nan         0.243904    nan         0.241034    nan         0.458169    nan         500         1.225490    2.005736    0.588732    259.364599  10.759141  
WARNING:root:NaN or Inf found in input tensor.
WARNING:root:NaN or Inf found in input tensor.
WARNING:root:NaN or Inf found in input tensor.
WARNING:root:NaN or Inf found in input tensor.
WARNING:root:NaN or Inf found in input tensor.
WARNING:root:NaN or Inf found in input tensor.
WARNING:root:NaN or Inf found in input tensor.
[36mINFO[0m 08/13 12:07:19 | 0.224335    0.226108    0.000000    0.566633    nan         nan         1.782608    nan         0.647978    nan         0.224335    nan         0.226108    nan         0.485288    nan         600         1.470588    1.830205    0.586189    252.176564  10.937492  
WARNING:root:NaN or Inf found in input tensor.
WARNING:root:NaN or Inf found in input tensor.
WARNING:root:NaN or Inf found in input tensor.
WARNING:root:NaN or Inf found in input tensor.
WARNING:root:NaN or Inf found in input tensor.
WARNING:root:NaN or Inf found in input tensor.
WARNING:root:NaN or Inf found in input tensor.
[36mINFO[0m 08/13 12:12:33 | 0.260530    0.258522    0.000000    0.588644    nan         nan         1.671799    nan         0.668505    nan         0.260530    nan         0.258522    nan         0.508783    nan         700         1.715686    1.658812    0.586364    251.532760  11.114532  
WARNING:root:NaN or Inf found in input tensor.
WARNING:root:NaN or Inf found in input tensor.
WARNING:root:NaN or Inf found in input tensor.
WARNING:root:NaN or Inf found in input tensor.
WARNING:root:NaN or Inf found in input tensor.
WARNING:root:NaN or Inf found in input tensor.
WARNING:root:NaN or Inf found in input tensor.
[36mINFO[0m 08/13 12:17:47 | 0.275813    0.271182    0.000000    0.617583    nan         nan         1.582587    nan         0.701900    nan         0.275813    nan         0.271182    nan         0.533267    nan         800         1.960784    1.601073    0.591592    251.367135  11.115653  
WARNING:root:NaN or Inf found in input tensor.
WARNING:root:NaN or Inf found in input tensor.
WARNING:root:NaN or Inf found in input tensor.
WARNING:root:NaN or Inf found in input tensor.
WARNING:root:NaN or Inf found in input tensor.
WARNING:root:NaN or Inf found in input tensor.
WARNING:root:NaN or Inf found in input tensor.
[36mINFO[0m 08/13 12:22:59 | 0.275776    0.268571    0.000000    0.606619    nan         nan         1.617512    nan         0.686887    nan         0.275776    nan         0.268571    nan         0.526350    nan         900         2.205882    1.538216    0.587162    248.773210  11.117835  
WARNING:root:NaN or Inf found in input tensor.
WARNING:root:NaN or Inf found in input tensor.
WARNING:root:NaN or Inf found in input tensor.
WARNING:root:NaN or Inf found in input tensor.
WARNING:root:NaN or Inf found in input tensor.
WARNING:root:NaN or Inf found in input tensor.
WARNING:root:NaN or Inf found in input tensor.
[36mINFO[0m 08/13 12:28:13 | 0.286010    0.284483    0.000000    0.636849    nan         nan         1.479456    nan         0.716605    nan         0.286010    nan         0.284483    nan         0.557093    nan         1000        2.450980    1.461608    0.585182    251.690453  11.119376  
WARNING:root:NaN or Inf found in input tensor.
WARNING:root:NaN or Inf found in input tensor.
WARNING:root:NaN or Inf found in input tensor.
WARNING:root:NaN or Inf found in input tensor.
WARNING:root:NaN or Inf found in input tensor.
WARNING:root:NaN or Inf found in input tensor.
WARNING:root:NaN or Inf found in input tensor.
[36mINFO[0m 08/13 12:33:25 | 0.286404    0.287734    0.000000    0.655005    nan         nan         1.437004    nan         0.731618    nan         0.286404    nan         0.287734    nan         0.578393    nan         1100        2.696078    1.402702    0.588750    248.847478  11.121619  
WARNING:root:NaN or Inf found in input tensor.
WARNING:root:NaN or Inf found in input tensor.
WARNING:root:NaN or Inf found in input tensor.
WARNING:root:NaN or Inf found in input tensor.
WARNING:root:NaN or Inf found in input tensor.
WARNING:root:NaN or Inf found in input tensor.
WARNING:root:NaN or Inf found in input tensor.
[36mINFO[0m 08/13 12:38:37 | 0.275074    0.271872    0.000000    0.646683    nan         nan         1.451545    nan         0.725184    nan         0.275074    nan         0.271872    nan         0.568182    nan         1200        2.941176    1.363855    0.587355    248.818703  11.123809  
WARNING:root:NaN or Inf found in input tensor.
WARNING:root:NaN or Inf found in input tensor.
WARNING:root:NaN or Inf found in input tensor.
WARNING:root:NaN or Inf found in input tensor.
WARNING:root:NaN or Inf found in input tensor.
WARNING:root:NaN or Inf found in input tensor.
WARNING:root:NaN or Inf found in input tensor.
[36mINFO[0m 08/13 12:43:53 | 0.303054    0.300443    0.000000    0.650344    nan         nan         1.460457    nan         0.728554    nan         0.303054    nan         0.300443    nan         0.572134    nan         1300        3.186275    1.334415    0.588382    253.244846  11.123809  
WARNING:root:NaN or Inf found in input tensor.
WARNING:root:NaN or Inf found in input tensor.
WARNING:root:NaN or Inf found in input tensor.
WARNING:root:NaN or Inf found in input tensor.
WARNING:root:NaN or Inf found in input tensor.
WARNING:root:NaN or Inf found in input tensor.
WARNING:root:NaN or Inf found in input tensor.
Model converged at step 1100, Start step = 801; Threshold = 1.884569, 
[36mINFO[0m 08/13 12:49:09 | 0.291798    0.292020    0.000000    0.666466    nan         nan         1.378152    nan         0.745098    nan         0.291798    nan         0.292020    nan         0.587835    nan         1400        3.431373    1.234410    0.588413    253.310897  11.302671  
WARNING:root:NaN or Inf found in input tensor.
WARNING:root:NaN or Inf found in input tensor.
WARNING:root:NaN or Inf found in input tensor.
WARNING:root:NaN or Inf found in input tensor.
WARNING:root:NaN or Inf found in input tensor.
WARNING:root:NaN or Inf found in input tensor.
WARNING:root:NaN or Inf found in input tensor.
[36mINFO[0m 08/13 12:54:28 | 0.305099    0.302512    0.000000    0.659079    nan         nan         1.417118    nan         0.731311    nan         0.305099    nan         0.302512    nan         0.586847    nan         1500        3.676471    1.227141    0.589990    256.219531  11.305357  
WARNING:root:NaN or Inf found in input tensor.
WARNING:root:NaN or Inf found in input tensor.
WARNING:root:NaN or Inf found in input tensor.
WARNING:root:NaN or Inf found in input tensor.
WARNING:root:NaN or Inf found in input tensor.
WARNING:root:NaN or Inf found in input tensor.
WARNING:root:NaN or Inf found in input tensor.
[36mINFO[0m 08/13 12:59:45 | 0.320948    0.318128    0.000000    0.654885    nan         nan         1.404332    nan         0.724571    nan         0.320948    nan         0.318128    nan         0.585200    nan         1600        3.921569    1.180064    0.592747    253.980097  11.305357  
WARNING:root:NaN or Inf found in input tensor.
WARNING:root:NaN or Inf found in input tensor.
WARNING:root:NaN or Inf found in input tensor.
WARNING:root:NaN or Inf found in input tensor.
WARNING:root:NaN or Inf found in input tensor.
WARNING:root:NaN or Inf found in input tensor.
WARNING:root:NaN or Inf found in input tensor.
[36mINFO[0m 08/13 13:04:59 | 0.299470    0.295813    0.000000    0.664583    nan         nan         1.385847    nan         0.729473    nan         0.299470    nan         0.295813    nan         0.599693    nan         1700        4.166667    1.188008    0.590220    251.235884  11.305357  
WARNING:root:NaN or Inf found in input tensor.
WARNING:root:NaN or Inf found in input tensor.
WARNING:root:NaN or Inf found in input tensor.
WARNING:root:NaN or Inf found in input tensor.
WARNING:root:NaN or Inf found in input tensor.
WARNING:root:NaN or Inf found in input tensor.
WARNING:root:NaN or Inf found in input tensor.
[36mINFO[0m 08/13 13:10:08 | 0.319507    0.320345    0.000000    0.674474    nan         nan         1.312546    nan         0.749694    nan         0.319507    nan         0.320345    nan         0.599253    nan         1800        4.411765    1.110970    0.587322    246.524311  11.307554  
WARNING:root:NaN or Inf found in input tensor.
WARNING:root:NaN or Inf found in input tensor.
WARNING:root:NaN or Inf found in input tensor.
WARNING:root:NaN or Inf found in input tensor.
WARNING:root:NaN or Inf found in input tensor.
WARNING:root:NaN or Inf found in input tensor.
WARNING:root:NaN or Inf found in input tensor.
[36mINFO[0m 08/13 13:15:14 | 0.310025    0.310197    0.000000    0.683498    nan         nan         1.311690    nan         0.756434    nan         0.310025    nan         0.310197    nan         0.610562    nan         1900        4.656863    1.070693    0.580700    243.004863  11.309690  
WARNING:root:NaN or Inf found in input tensor.
WARNING:root:NaN or Inf found in input tensor.
WARNING:root:NaN or Inf found in input tensor.
WARNING:root:NaN or Inf found in input tensor.
WARNING:root:NaN or Inf found in input tensor.
WARNING:root:NaN or Inf found in input tensor.
WARNING:root:NaN or Inf found in input tensor.
[36mINFO[0m 08/13 13:20:27 | 0.285800    0.283695    0.000000    0.676565    nan         nan         1.298268    nan         0.746630    nan         0.285800    nan         0.283695    nan         0.606500    nan         2000        4.901961    1.071638    0.594268    250.159984  11.309690  
WARNING:root:NaN or Inf found in input tensor.
WARNING:root:NaN or Inf found in input tensor.
WARNING:root:NaN or Inf found in input tensor.
WARNING:root:NaN or Inf found in input tensor.
WARNING:root:NaN or Inf found in input tensor.
WARNING:root:NaN or Inf found in input tensor.
WARNING:root:NaN or Inf found in input tensor.
[36mINFO[0m 08/13 13:25:35 | 0.301281    0.298177    0.000000    0.693755    nan         nan         1.271511    nan         0.774203    nan         0.301281    nan         0.298177    nan         0.613307    nan         2100        5.147059    1.068319    0.586009    244.762257  11.309690  
WARNING:root:NaN or Inf found in input tensor.
WARNING:root:NaN or Inf found in input tensor.
WARNING:root:NaN or Inf found in input tensor.
WARNING:root:NaN or Inf found in input tensor.
WARNING:root:NaN or Inf found in input tensor.
WARNING:root:NaN or Inf found in input tensor.
WARNING:root:NaN or Inf found in input tensor.
[36mINFO[0m 08/13 13:30:40 | 0.302315    0.301921    0.000000    0.694626    nan         nan         1.263409    nan         0.765625    nan         0.302315    nan         0.301921    nan         0.623628    nan         2200        5.392157    1.008147    0.588116    243.073723  11.309690  
WARNING:root:NaN or Inf found in input tensor.
WARNING:root:NaN or Inf found in input tensor.
WARNING:root:NaN or Inf found in input tensor.
WARNING:root:NaN or Inf found in input tensor.
WARNING:root:NaN or Inf found in input tensor.
WARNING:root:NaN or Inf found in input tensor.
WARNING:root:NaN or Inf found in input tensor.
[36mINFO[0m 08/13 13:35:55 | 0.301121    0.301773    0.000000    0.685442    nan         nan         1.262463    nan         0.755821    nan         0.301121    nan         0.301773    nan         0.615064    nan         2300        5.637255    1.037469    0.592291    251.694960  11.309690  
WARNING:root:NaN or Inf found in input tensor.
WARNING:root:NaN or Inf found in input tensor.
WARNING:root:NaN or Inf found in input tensor.
WARNING:root:NaN or Inf found in input tensor.
WARNING:root:NaN or Inf found in input tensor.
WARNING:root:NaN or Inf found in input tensor.
WARNING:root:NaN or Inf found in input tensor.
[36mINFO[0m 08/13 13:41:11 | 0.317143    0.318325    0.000000    0.688565    nan         nan         1.281849    nan         0.753064    nan         0.317143    nan         0.318325    nan         0.624067    nan         2400        5.882353    0.954042    0.597158    253.248123  11.309690  
WARNING:root:NaN or Inf found in input tensor.
WARNING:root:NaN or Inf found in input tensor.
WARNING:root:NaN or Inf found in input tensor.
WARNING:root:NaN or Inf found in input tensor.
WARNING:root:NaN or Inf found in input tensor.
WARNING:root:NaN or Inf found in input tensor.
WARNING:root:NaN or Inf found in input tensor.
[36mINFO[0m 08/13 13:46:23 | 0.320936    0.320099    0.000000    0.688781    nan         nan         1.337456    nan         0.761949    nan         0.320936    nan         0.320099    nan         0.615613    nan         2500        6.127451    0.953388    0.597103    248.854742  11.312704  
WARNING:root:NaN or Inf found in input tensor.
WARNING:root:NaN or Inf found in input tensor.
WARNING:root:NaN or Inf found in input tensor.
WARNING:root:NaN or Inf found in input tensor.
WARNING:root:NaN or Inf found in input tensor.
WARNING:root:NaN or Inf found in input tensor.
WARNING:root:NaN or Inf found in input tensor.
[36mINFO[0m 08/13 13:51:42 | 0.323042    0.323941    0.000000    0.700200    nan         nan         1.218843    nan         0.767770    nan         0.323042    nan         0.323941    nan         0.632631    nan         2600        6.372549    0.939025    0.592306    254.910190  11.319601  
WARNING:root:NaN or Inf found in input tensor.
WARNING:root:NaN or Inf found in input tensor.
WARNING:root:NaN or Inf found in input tensor.
WARNING:root:NaN or Inf found in input tensor.
WARNING:root:NaN or Inf found in input tensor.
WARNING:root:NaN or Inf found in input tensor.
WARNING:root:NaN or Inf found in input tensor.
[36mINFO[0m 08/13 13:56:45 | 0.323091    0.326404    0.000000    0.695946    nan         nan         1.266892    nan         0.764093    nan         0.323091    nan         0.326404    nan         0.627800    nan         2700        6.617647    0.934946    0.591025    240.084439  11.319601  
WARNING:root:NaN or Inf found in input tensor.
WARNING:root:NaN or Inf found in input tensor.
WARNING:root:NaN or Inf found in input tensor.
WARNING:root:NaN or Inf found in input tensor.
WARNING:root:NaN or Inf found in input tensor.
WARNING:root:NaN or Inf found in input tensor.
WARNING:root:NaN or Inf found in input tensor.
[36mINFO[0m 08/13 14:01:52 | 0.312007    0.313103    0.000000    0.707093    nan         nan         1.207242    nan         0.775735    nan         0.312007    nan         0.313103    nan         0.638450    nan         2800        6.862745    0.959067    0.578254    244.518746  11.319601  
WARNING:root:NaN or Inf found in input tensor.
WARNING:root:NaN or Inf found in input tensor.
WARNING:root:NaN or Inf found in input tensor.
WARNING:root:NaN or Inf found in input tensor.
WARNING:root:NaN or Inf found in input tensor.
WARNING:root:NaN or Inf found in input tensor.
WARNING:root:NaN or Inf found in input tensor.
[36mINFO[0m 08/13 14:07:06 | 0.314914    0.314236    0.000000    0.687664    nan         nan         1.293086    nan         0.753676    nan         0.314914    nan         0.314236    nan         0.621651    nan         2900        7.107843    0.905369    0.566304    252.419105  11.319601  
WARNING:root:NaN or Inf found in input tensor.
WARNING:root:NaN or Inf found in input tensor.
WARNING:root:NaN or Inf found in input tensor.
WARNING:root:NaN or Inf found in input tensor.
WARNING:root:NaN or Inf found in input tensor.
WARNING:root:NaN or Inf found in input tensor.
WARNING:root:NaN or Inf found in input tensor.
[36mINFO[0m 08/13 14:12:16 | 0.303670    0.306798    0.000000    0.706621    nan         nan         1.223946    nan         0.775123    nan         0.303670    nan         0.306798    nan         0.638120    nan         3000        7.352941    0.885626    0.584304    246.897343  11.319601  
WARNING:root:NaN or Inf found in input tensor.
WARNING:root:NaN or Inf found in input tensor.
WARNING:root:NaN or Inf found in input tensor.
WARNING:root:NaN or Inf found in input tensor.
WARNING:root:NaN or Inf found in input tensor.
WARNING:root:NaN or Inf found in input tensor.
WARNING:root:NaN or Inf found in input tensor.
[36mINFO[0m 08/13 14:17:21 | 0.312291    0.312069    0.000000    0.707182    nan         nan         1.242883    nan         0.774816    nan         0.312291    nan         0.312069    nan         0.639548    nan         3100        7.598039    0.877373    0.579910    241.505931  11.321409  
WARNING:root:NaN or Inf found in input tensor.
WARNING:root:NaN or Inf found in input tensor.
WARNING:root:NaN or Inf found in input tensor.
WARNING:root:NaN or Inf found in input tensor.
WARNING:root:NaN or Inf found in input tensor.
WARNING:root:NaN or Inf found in input tensor.
WARNING:root:NaN or Inf found in input tensor.
[36mINFO[0m 08/13 14:22:31 | 0.337771    0.339212    0.000000    0.706969    nan         nan         1.241317    nan         0.777574    nan         0.337771    nan         0.339212    nan         0.636364    nan         3200        7.843137    0.868191    0.563934    247.825153  11.321409  
WARNING:root:NaN or Inf found in input tensor.
WARNING:root:NaN or Inf found in input tensor.
WARNING:root:NaN or Inf found in input tensor.
WARNING:root:NaN or Inf found in input tensor.
WARNING:root:NaN or Inf found in input tensor.
WARNING:root:NaN or Inf found in input tensor.
WARNING:root:NaN or Inf found in input tensor.
[36mINFO[0m 08/13 14:27:38 | 0.330862    0.335123    0.000000    0.705878    nan         nan         1.214194    nan         0.767157    nan         0.330862    nan         0.335123    nan         0.644598    nan         3300        8.088235    0.803219    0.565749    244.299936  11.321409  
WARNING:root:NaN or Inf found in input tensor.
WARNING:root:NaN or Inf found in input tensor.
WARNING:root:NaN or Inf found in input tensor.
WARNING:root:NaN or Inf found in input tensor.
WARNING:root:NaN or Inf found in input tensor.
WARNING:root:NaN or Inf found in input tensor.
WARNING:root:NaN or Inf found in input tensor.
[36mINFO[0m 08/13 14:32:53 | 0.316736    0.318325    0.000000    0.713567    nan         nan         1.229917    nan         0.771446    nan         0.316736    nan         0.318325    nan         0.655687    nan         3400        8.333333    0.820597    0.566398    252.490965  11.321409  
WARNING:root:NaN or Inf found in input tensor.
WARNING:root:NaN or Inf found in input tensor.
WARNING:root:NaN or Inf found in input tensor.
WARNING:root:NaN or Inf found in input tensor.
WARNING:root:NaN or Inf found in input tensor.
WARNING:root:NaN or Inf found in input tensor.
WARNING:root:NaN or Inf found in input tensor.
[36mINFO[0m 08/13 14:38:04 | 0.319594    0.321724    0.000000    0.706149    nan         nan         1.229930    nan         0.768689    nan         0.319594    nan         0.321724    nan         0.643610    nan         3500        8.578431    0.808254    0.566390    248.588400  11.321821  
WARNING:root:NaN or Inf found in input tensor.
WARNING:root:NaN or Inf found in input tensor.
WARNING:root:NaN or Inf found in input tensor.
WARNING:root:NaN or Inf found in input tensor.
WARNING:root:NaN or Inf found in input tensor.
WARNING:root:NaN or Inf found in input tensor.
WARNING:root:NaN or Inf found in input tensor.
[36mINFO[0m 08/13 14:43:17 | 0.329163    0.324187    0.000000    0.700666    nan         nan         1.253729    nan         0.771446    nan         0.329163    nan         0.324187    nan         0.629886    nan         3600        8.823529    0.778710    0.559831    250.982416  11.321821  
WARNING:root:NaN or Inf found in input tensor.
WARNING:root:NaN or Inf found in input tensor.
WARNING:root:NaN or Inf found in input tensor.
WARNING:root:NaN or Inf found in input tensor.
WARNING:root:NaN or Inf found in input tensor.
WARNING:root:NaN or Inf found in input tensor.
WARNING:root:NaN or Inf found in input tensor.
[36mINFO[0m 08/13 14:48:27 | 0.309212    0.309557    0.000000    0.716385    nan         nan         1.213303    nan         0.779718    nan         0.309212    nan         0.309557    nan         0.653052    nan         3700        9.068627    0.809373    0.579179    246.821051  11.321821  
WARNING:root:NaN or Inf found in input tensor.
WARNING:root:NaN or Inf found in input tensor.
WARNING:root:NaN or Inf found in input tensor.
WARNING:root:NaN or Inf found in input tensor.
WARNING:root:NaN or Inf found in input tensor.
WARNING:root:NaN or Inf found in input tensor.
WARNING:root:NaN or Inf found in input tensor.
[36mINFO[0m 08/13 14:53:45 | 0.323140    0.322217    0.000000    0.720215    nan         nan         1.170456    nan         0.787377    nan         0.323140    nan         0.322217    nan         0.653052    nan         3800        9.313725    0.781571    0.585804    254.287774  11.321882  
WARNING:root:NaN or Inf found in input tensor.
WARNING:root:NaN or Inf found in input tensor.
WARNING:root:NaN or Inf found in input tensor.
WARNING:root:NaN or Inf found in input tensor.
WARNING:root:NaN or Inf found in input tensor.
WARNING:root:NaN or Inf found in input tensor.
WARNING:root:NaN or Inf found in input tensor.
[36mINFO[0m 08/13 14:59:06 | 0.322808    0.322020    0.000000    0.703318    nan         nan         1.246070    nan         0.768076    nan         0.322808    nan         0.322020    nan         0.638560    nan         3900        9.558824    0.800584    0.586037    257.811656  11.323668  
WARNING:root:NaN or Inf found in input tensor.
WARNING:root:NaN or Inf found in input tensor.
WARNING:root:NaN or Inf found in input tensor.
WARNING:root:NaN or Inf found in input tensor.
WARNING:root:NaN or Inf found in input tensor.
WARNING:root:NaN or Inf found in input tensor.
WARNING:root:NaN or Inf found in input tensor.
[36mINFO[0m 08/13 15:04:15 | 0.331527    0.334828    0.000000    0.709264    nan         nan         1.231807    nan         0.770527    nan         0.331527    nan         0.334828    nan         0.648002    nan         4000        9.803922    0.776875    0.581062    246.368913  11.323668  
WARNING:root:NaN or Inf found in input tensor.
WARNING:root:NaN or Inf found in input tensor.
WARNING:root:NaN or Inf found in input tensor.
WARNING:root:NaN or Inf found in input tensor.
WARNING:root:NaN or Inf found in input tensor.
WARNING:root:NaN or Inf found in input tensor.
WARNING:root:NaN or Inf found in input tensor.
[36mINFO[0m 08/13 15:09:38 | 0.325123    0.325172    0.000000    0.718402    nan         nan         1.180899    nan         0.781556    nan         0.325123    nan         0.325172    nan         0.655248    nan         4100        10.049020   0.762555    0.578055    260.610252  11.323668  
WARNING:root:NaN or Inf found in input tensor.
WARNING:root:NaN or Inf found in input tensor.
WARNING:root:NaN or Inf found in input tensor.
WARNING:root:NaN or Inf found in input tensor.
WARNING:root:NaN or Inf found in input tensor.
WARNING:root:NaN or Inf found in input tensor.
WARNING:root:NaN or Inf found in input tensor.
[36mINFO[0m 08/13 15:15:01 | 0.298054    0.298128    0.000000    0.712414    nan         nan         1.258248    nan         0.771446    nan         0.298054    nan         0.298128    nan         0.653382    nan         4200        10.294118   0.755462    0.585027    260.455813  11.328535  
WARNING:root:NaN or Inf found in input tensor.
WARNING:root:NaN or Inf found in input tensor.
WARNING:root:NaN or Inf found in input tensor.
WARNING:root:NaN or Inf found in input tensor.
WARNING:root:NaN or Inf found in input tensor.
WARNING:root:NaN or Inf found in input tensor.
WARNING:root:NaN or Inf found in input tensor.
[36mINFO[0m 08/13 15:20:25 | 0.304803    0.301872    0.000000    0.719902    nan         nan         1.204295    nan         0.784007    nan         0.304803    nan         0.301872    nan         0.655797    nan         4300        10.539216   0.760269    0.582020    261.459923  11.328535  
WARNING:root:NaN or Inf found in input tensor.
WARNING:root:NaN or Inf found in input tensor.
WARNING:root:NaN or Inf found in input tensor.
WARNING:root:NaN or Inf found in input tensor.
WARNING:root:NaN or Inf found in input tensor.
WARNING:root:NaN or Inf found in input tensor.
WARNING:root:NaN or Inf found in input tensor.
[36mINFO[0m 08/13 15:25:51 | 0.304101    0.303005    0.000000    0.717555    nan         nan         1.193787    nan         0.776348    nan         0.304101    nan         0.303005    nan         0.658762    nan         4400        10.784314   0.721293    0.587590    263.232521  11.328535  
WARNING:root:NaN or Inf found in input tensor.
WARNING:root:NaN or Inf found in input tensor.
WARNING:root:NaN or Inf found in input tensor.
WARNING:root:NaN or Inf found in input tensor.
WARNING:root:NaN or Inf found in input tensor.
WARNING:root:NaN or Inf found in input tensor.
WARNING:root:NaN or Inf found in input tensor.
[36mINFO[0m 08/13 15:31:17 | 0.320603    0.320936    0.000000    0.721282    nan         nan         1.183850    nan         0.773591    nan         0.320603    nan         0.320936    nan         0.668972    nan         4500        11.029412   0.712259    0.576727    263.042460  11.328535  
WARNING:root:NaN or Inf found in input tensor.
WARNING:root:NaN or Inf found in input tensor.
WARNING:root:NaN or Inf found in input tensor.
WARNING:root:NaN or Inf found in input tensor.
WARNING:root:NaN or Inf found in input tensor.
WARNING:root:NaN or Inf found in input tensor.
WARNING:root:NaN or Inf found in input tensor.
[36mINFO[0m 08/13 15:36:35 | 0.326847    0.328374    0.000000    0.714344    nan         nan         1.182341    nan         0.772672    nan         0.326847    nan         0.328374    nan         0.656017    nan         4600        11.274510   0.716600    0.574498    255.848662  11.328535  
WARNING:root:NaN or Inf found in input tensor.
WARNING:root:NaN or Inf found in input tensor.
WARNING:root:NaN or Inf found in input tensor.
WARNING:root:NaN or Inf found in input tensor.
WARNING:root:NaN or Inf found in input tensor.
WARNING:root:NaN or Inf found in input tensor.
WARNING:root:NaN or Inf found in input tensor.
[36mINFO[0m 08/13 15:41:52 | 0.329175    0.330936    0.000000    0.720278    nan         nan         1.264272    nan         0.782782    nan         0.329175    nan         0.330936    nan         0.657773    nan         4700        11.519608   0.674041    0.583821    254.475318  11.328535  
WARNING:root:NaN or Inf found in input tensor.
WARNING:root:NaN or Inf found in input tensor.
WARNING:root:NaN or Inf found in input tensor.
WARNING:root:NaN or Inf found in input tensor.
WARNING:root:NaN or Inf found in input tensor.
WARNING:root:NaN or Inf found in input tensor.
WARNING:root:NaN or Inf found in input tensor.
[36mINFO[0m 08/13 15:47:16 | 0.316798    0.319064    0.000000    0.722649    nan         nan         1.156940    nan         0.776654    nan         0.316798    nan         0.319064    nan         0.668643    nan         4800        11.764706   0.720389    0.590321    257.521228  11.328535  
WARNING:root:NaN or Inf found in input tensor.
WARNING:root:NaN or Inf found in input tensor.
WARNING:root:NaN or Inf found in input tensor.
WARNING:root:NaN or Inf found in input tensor.
WARNING:root:NaN or Inf found in input tensor.
WARNING:root:NaN or Inf found in input tensor.
WARNING:root:NaN or Inf found in input tensor.
[36mINFO[0m 08/13 15:52:16 | 0.311736    0.312118    0.000000    0.710523    nan         nan         1.256077    nan         0.766238    nan         0.311736    nan         0.312118    nan         0.654809    nan         4900        12.009804   0.681018    0.593378    234.675626  11.328535  
WARNING:root:NaN or Inf found in input tensor.
WARNING:root:NaN or Inf found in input tensor.
WARNING:root:NaN or Inf found in input tensor.
WARNING:root:NaN or Inf found in input tensor.
WARNING:root:NaN or Inf found in input tensor.
WARNING:root:NaN or Inf found in input tensor.
WARNING:root:NaN or Inf found in input tensor.
[36mINFO[0m 08/13 15:57:34 | 0.321995    0.323547    0.000000    0.712345    nan         nan         1.308209    nan         0.773284    nan         0.321995    nan         0.323547    nan         0.651405    nan         5000        12.254902   0.643245    0.580955    255.876622  11.328535  
WARNING:root:NaN or Inf found in input tensor.
WARNING:root:NaN or Inf found in input tensor.
WARNING:root:NaN or Inf found in input tensor.
WARNING:root:NaN or Inf found in input tensor.
WARNING:root:NaN or Inf found in input tensor.
WARNING:root:NaN or Inf found in input tensor.
WARNING:root:NaN or Inf found in input tensor.
[36mINFO[0m 08/13 15:57:35 | ---
[33mWARNING[0m 08/13 15:57:35 | Evaluate SWAD ...
[36mINFO[0m 08/13 16:01:34 | 0.374520    0.377635    0.000000    0.757502    nan         nan         1.003520    nan         0.825061    nan         0.374520    nan         0.377635    nan         0.689943    nan         [801-5000]  (N=43)
[36mINFO[0m 08/13 16:01:34 | oracle = 33.777%
[36mINFO[0m 08/13 16:01:34 | iid = 31.680%
[36mINFO[0m 08/13 16:01:34 | last = 32.200%
[36mINFO[0m 08/13 16:01:34 | last (inD) = 71.234%
[36mINFO[0m 08/13 16:01:34 | iid (inD) = 72.265%
[36mINFO[0m 08/13 16:01:34 | SWAD = 37.452%
[36mINFO[0m 08/13 16:01:34 | SWAD (inD) = 75.750%
[36mINFO[0m 08/13 16:01:35 | 
[36mINFO[0m 08/13 16:01:37 | Testenv name escaping te_sketch -> te_sketch
[36mINFO[0m 08/13 16:01:37 | Test envs = [2], name = te_sketch
[36mINFO[0m 08/13 16:01:37 | Batch sizes for each domain: [32, 32, 0] (total=64)
[36mINFO[0m 08/13 16:01:37 | steps-per-epoch for each domain: 408.00, 2537.50 -> min = 408.00
[36mINFO[0m 08/13 16:01:40 | # of params = 23923979
[36mINFO[0m 08/13 16:04:07 | test_in     test_out    train_in    train_out   test_in_au  train_out_  tr_outloss  test_out_a  env0_out    env0_out_a  env1_out    env1_out_a  env2_in     env2_in_au  env2_out    env2_out_a  step        epoch       loss        step_time   eval_time   mem_gb     
[36mINFO[0m 08/13 16:04:07 | 0.005188    0.004062    0.000000    0.006313    nan         nan         5.349522    nan         0.004596    nan         0.008030    nan         0.005188    nan         0.004062    nan         0           0.000000    5.355917    0.585272    146.944816  9.683208   
WARNING:root:NaN or Inf found in input tensor.
WARNING:root:NaN or Inf found in input tensor.
WARNING:root:NaN or Inf found in input tensor.
WARNING:root:NaN or Inf found in input tensor.
WARNING:root:NaN or Inf found in input tensor.
WARNING:root:NaN or Inf found in input tensor.
WARNING:root:NaN or Inf found in input tensor.
[36mINFO[0m 08/13 16:07:34 | 0.018006    0.019324    0.000000    0.056288    nan         nan         4.723333    nan         0.061887    nan         0.050690    nan         0.018006    nan         0.019324    nan         100         0.245098    5.201459    0.563572    144.139661  10.041951  
WARNING:root:NaN or Inf found in input tensor.
WARNING:root:NaN or Inf found in input tensor.
WARNING:root:NaN or Inf found in input tensor.
WARNING:root:NaN or Inf found in input tensor.
WARNING:root:NaN or Inf found in input tensor.
WARNING:root:NaN or Inf found in input tensor.
WARNING:root:NaN or Inf found in input tensor.
[36mINFO[0m 08/13 16:11:11 | 0.077844    0.080149    0.000000    0.233505    nan         nan         3.339401    nan         0.264400    nan         0.202611    nan         0.077844    nan         0.080149    nan         200         0.490196    4.041556    0.581243    153.621785  10.216396  
WARNING:root:NaN or Inf found in input tensor.
WARNING:root:NaN or Inf found in input tensor.
WARNING:root:NaN or Inf found in input tensor.
WARNING:root:NaN or Inf found in input tensor.
WARNING:root:NaN or Inf found in input tensor.
WARNING:root:NaN or Inf found in input tensor.
WARNING:root:NaN or Inf found in input tensor.
[36mINFO[0m 08/13 16:14:39 | 0.124863    0.132631    0.000000    0.404482    nan         nan         2.430110    nan         0.455270    nan         0.353695    nan         0.124863    nan         0.132631    nan         300         0.735294    2.905663    0.566036    145.596067  10.393573  
WARNING:root:NaN or Inf found in input tensor.
WARNING:root:NaN or Inf found in input tensor.
WARNING:root:NaN or Inf found in input tensor.
WARNING:root:NaN or Inf found in input tensor.
WARNING:root:NaN or Inf found in input tensor.
WARNING:root:NaN or Inf found in input tensor.
WARNING:root:NaN or Inf found in input tensor.
[36mINFO[0m 08/13 16:18:15 | 0.155413    0.160408    0.000000    0.474293    nan         nan         2.068267    nan         0.529718    nan         0.418867    nan         0.155413    nan         0.160408    nan         400         0.980392    2.324034    0.569323    153.639275  10.575617  
WARNING:root:NaN or Inf found in input tensor.
WARNING:root:NaN or Inf found in input tensor.
WARNING:root:NaN or Inf found in input tensor.
WARNING:root:NaN or Inf found in input tensor.
WARNING:root:NaN or Inf found in input tensor.
WARNING:root:NaN or Inf found in input tensor.
WARNING:root:NaN or Inf found in input tensor.
[36mINFO[0m 08/13 16:21:45 | 0.162330    0.158652    0.000000    0.503146    nan         nan         1.928705    nan         0.552696    nan         0.453596    nan         0.162330    nan         0.158652    nan         500         1.225490    1.982511    0.588837    146.704354  10.759141  
WARNING:root:NaN or Inf found in input tensor.
WARNING:root:NaN or Inf found in input tensor.
WARNING:root:NaN or Inf found in input tensor.
WARNING:root:NaN or Inf found in input tensor.
WARNING:root:NaN or Inf found in input tensor.
WARNING:root:NaN or Inf found in input tensor.
WARNING:root:NaN or Inf found in input tensor.
[36mINFO[0m 08/13 16:25:10 | 0.189174    0.192468    0.000000    0.565847    nan         nan         1.680274    nan         0.626225    nan         0.505468    nan         0.189174    nan         0.192468    nan         600         1.470588    1.796735    0.559277    143.135803  10.937492  
WARNING:root:NaN or Inf found in input tensor.
WARNING:root:NaN or Inf found in input tensor.
WARNING:root:NaN or Inf found in input tensor.
WARNING:root:NaN or Inf found in input tensor.
WARNING:root:NaN or Inf found in input tensor.
WARNING:root:NaN or Inf found in input tensor.
WARNING:root:NaN or Inf found in input tensor.
[36mINFO[0m 08/13 16:28:41 | 0.197409    0.205643    0.000000    0.584859    nan         nan         1.586153    nan         0.647059    nan         0.522660    nan         0.197409    nan         0.205643    nan         700         1.715686    1.679869    0.565238    148.300270  11.114532  
WARNING:root:NaN or Inf found in input tensor.
WARNING:root:NaN or Inf found in input tensor.
WARNING:root:NaN or Inf found in input tensor.
WARNING:root:NaN or Inf found in input tensor.
WARNING:root:NaN or Inf found in input tensor.
WARNING:root:NaN or Inf found in input tensor.
WARNING:root:NaN or Inf found in input tensor.
[36mINFO[0m 08/13 16:32:06 | 0.179238    0.186759    0.000000    0.589333    nan         nan         1.549220    nan         0.638174    nan         0.540493    nan         0.179238    nan         0.186759    nan         800         1.960784    1.542817    0.593120    141.916395  11.115653  
WARNING:root:NaN or Inf found in input tensor.
WARNING:root:NaN or Inf found in input tensor.
WARNING:root:NaN or Inf found in input tensor.
WARNING:root:NaN or Inf found in input tensor.
WARNING:root:NaN or Inf found in input tensor.
WARNING:root:NaN or Inf found in input tensor.
WARNING:root:NaN or Inf found in input tensor.
[36mINFO[0m 08/13 16:35:32 | 0.210776    0.219038    0.000000    0.611562    nan         nan         1.451114    nan         0.670956    nan         0.552167    nan         0.210776    nan         0.219038    nan         900         2.205882    1.458525    0.563566    143.353053  11.117835  
WARNING:root:NaN or Inf found in input tensor.
WARNING:root:NaN or Inf found in input tensor.
WARNING:root:NaN or Inf found in input tensor.
WARNING:root:NaN or Inf found in input tensor.
WARNING:root:NaN or Inf found in input tensor.
WARNING:root:NaN or Inf found in input tensor.
WARNING:root:NaN or Inf found in input tensor.
[36mINFO[0m 08/13 16:38:58 | 0.200318    0.209925    0.000000    0.616882    nan         nan         1.442846    nan         0.683517    nan         0.550246    nan         0.200318    nan         0.209925    nan         1000        2.450980    1.390161    0.568451    143.562227  11.119376  
WARNING:root:NaN or Inf found in input tensor.
WARNING:root:NaN or Inf found in input tensor.
WARNING:root:NaN or Inf found in input tensor.
WARNING:root:NaN or Inf found in input tensor.
WARNING:root:NaN or Inf found in input tensor.
WARNING:root:NaN or Inf found in input tensor.
WARNING:root:NaN or Inf found in input tensor.
[36mINFO[0m 08/13 16:42:36 | 0.205369    0.211023    0.000000    0.634334    nan         nan         1.364377    nan         0.695466    nan         0.573202    nan         0.205369    nan         0.211023    nan         1100        2.696078    1.267519    0.589573    154.829600  11.121619  
WARNING:root:NaN or Inf found in input tensor.
WARNING:root:NaN or Inf found in input tensor.
WARNING:root:NaN or Inf found in input tensor.
WARNING:root:NaN or Inf found in input tensor.
WARNING:root:NaN or Inf found in input tensor.
WARNING:root:NaN or Inf found in input tensor.
WARNING:root:NaN or Inf found in input tensor.
[36mINFO[0m 08/13 16:46:04 | 0.202706    0.213658    0.000000    0.647061    nan         nan         1.325543    nan         0.713235    nan         0.580887    nan         0.202706    nan         0.213658    nan         1200        2.941176    1.266297    0.579360    145.776860  11.123809  
WARNING:root:NaN or Inf found in input tensor.
WARNING:root:NaN or Inf found in input tensor.
WARNING:root:NaN or Inf found in input tensor.
WARNING:root:NaN or Inf found in input tensor.
WARNING:root:NaN or Inf found in input tensor.
WARNING:root:NaN or Inf found in input tensor.
WARNING:root:NaN or Inf found in input tensor.
[36mINFO[0m 08/13 16:49:46 | 0.211545    0.219148    0.000000    0.651027    nan         nan         1.300585    nan         0.713235    nan         0.588818    nan         0.211545    nan         0.219148    nan         1300        3.186275    1.253733    0.565027    158.938729  11.123809  
WARNING:root:NaN or Inf found in input tensor.
WARNING:root:NaN or Inf found in input tensor.
WARNING:root:NaN or Inf found in input tensor.
WARNING:root:NaN or Inf found in input tensor.
WARNING:root:NaN or Inf found in input tensor.
WARNING:root:NaN or Inf found in input tensor.
WARNING:root:NaN or Inf found in input tensor.
[36mINFO[0m 08/13 16:53:22 | 0.223101    0.231225    0.000000    0.666622    nan         nan         1.242677    nan         0.728860    nan         0.604384    nan         0.223101    nan         0.231225    nan         1400        3.431373    1.195984    0.593913    153.332728  11.123809  
WARNING:root:NaN or Inf found in input tensor.
WARNING:root:NaN or Inf found in input tensor.
WARNING:root:NaN or Inf found in input tensor.
WARNING:root:NaN or Inf found in input tensor.
WARNING:root:NaN or Inf found in input tensor.
WARNING:root:NaN or Inf found in input tensor.
WARNING:root:NaN or Inf found in input tensor.
[36mINFO[0m 08/13 16:56:57 | 0.216623    0.226943    0.000000    0.647175    nan         nan         1.301359    nan         0.704350    nan         0.590000    nan         0.216623    nan         0.226943    nan         1500        3.676471    1.171568    0.578297    151.972008  11.125846  
WARNING:root:NaN or Inf found in input tensor.
WARNING:root:NaN or Inf found in input tensor.
WARNING:root:NaN or Inf found in input tensor.
WARNING:root:NaN or Inf found in input tensor.
WARNING:root:NaN or Inf found in input tensor.
WARNING:root:NaN or Inf found in input tensor.
WARNING:root:NaN or Inf found in input tensor.
[36mINFO[0m 08/13 17:00:35 | 0.218819    0.229578    0.000000    0.672523    nan         nan         1.205158    nan         0.725490    nan         0.619557    nan         0.218819    nan         0.229578    nan         1600        3.921569    1.111295    0.573600    156.014056  11.130294  
WARNING:root:NaN or Inf found in input tensor.
WARNING:root:NaN or Inf found in input tensor.
WARNING:root:NaN or Inf found in input tensor.
WARNING:root:NaN or Inf found in input tensor.
WARNING:root:NaN or Inf found in input tensor.
WARNING:root:NaN or Inf found in input tensor.
WARNING:root:NaN or Inf found in input tensor.
[36mINFO[0m 08/13 17:04:17 | 0.218544    0.228151    0.000000    0.676458    nan         nan         1.207105    nan         0.727941    nan         0.624975    nan         0.218544    nan         0.228151    nan         1700        4.166667    1.099717    0.598353    158.195202  11.131164  
WARNING:root:NaN or Inf found in input tensor.
WARNING:root:NaN or Inf found in input tensor.
WARNING:root:NaN or Inf found in input tensor.
WARNING:root:NaN or Inf found in input tensor.
WARNING:root:NaN or Inf found in input tensor.
WARNING:root:NaN or Inf found in input tensor.
WARNING:root:NaN or Inf found in input tensor.
[36mINFO[0m 08/13 17:07:52 | 0.210172    0.219258    0.000000    0.676943    nan         nan         1.205764    nan         0.738664    nan         0.615222    nan         0.210172    nan         0.219258    nan         1800        4.411765    1.064611    0.586302    152.704300  11.133262  
WARNING:root:NaN or Inf found in input tensor.
WARNING:root:NaN or Inf found in input tensor.
WARNING:root:NaN or Inf found in input tensor.
WARNING:root:NaN or Inf found in input tensor.
WARNING:root:NaN or Inf found in input tensor.
WARNING:root:NaN or Inf found in input tensor.
WARNING:root:NaN or Inf found in input tensor.
Model converged at step 1600, Start step = 1301; Threshold = 1.567812, 
[36mINFO[0m 08/13 17:11:27 | 0.230429    0.233751    0.000000    0.678697    nan         nan         1.187712    nan         0.729167    nan         0.628227    nan         0.230429    nan         0.233751    nan         1900        4.656863    1.039319    0.583895    152.172125  11.320959  
WARNING:root:NaN or Inf found in input tensor.
WARNING:root:NaN or Inf found in input tensor.
WARNING:root:NaN or Inf found in input tensor.
WARNING:root:NaN or Inf found in input tensor.
WARNING:root:NaN or Inf found in input tensor.
WARNING:root:NaN or Inf found in input tensor.
WARNING:root:NaN or Inf found in input tensor.
[36mINFO[0m 08/13 17:15:04 | 0.221426    0.225187    0.000000    0.690472    nan         nan         1.157357    nan         0.746017    nan         0.634926    nan         0.221426    nan         0.225187    nan         2000        4.901961    1.036242    0.596136    153.701318  11.324530  
WARNING:root:NaN or Inf found in input tensor.
WARNING:root:NaN or Inf found in input tensor.
WARNING:root:NaN or Inf found in input tensor.
WARNING:root:NaN or Inf found in input tensor.
WARNING:root:NaN or Inf found in input tensor.
WARNING:root:NaN or Inf found in input tensor.
WARNING:root:NaN or Inf found in input tensor.
[36mINFO[0m 08/13 17:18:41 | 0.208992    0.217282    0.000000    0.691321    nan         nan         1.149317    nan         0.743873    nan         0.638768    nan         0.208992    nan         0.217282    nan         2100        5.147059    0.993651    0.578129    154.126031  11.324530  
WARNING:root:NaN or Inf found in input tensor.
WARNING:root:NaN or Inf found in input tensor.
WARNING:root:NaN or Inf found in input tensor.
WARNING:root:NaN or Inf found in input tensor.
WARNING:root:NaN or Inf found in input tensor.
WARNING:root:NaN or Inf found in input tensor.
WARNING:root:NaN or Inf found in input tensor.
[36mINFO[0m 08/13 17:22:12 | 0.232982    0.239899    0.000000    0.701023    nan         nan         1.112304    nan         0.752145    nan         0.649901    nan         0.232982    nan         0.239899    nan         2200        5.392157    0.971052    0.582517    148.347610  11.324530  
WARNING:root:NaN or Inf found in input tensor.
WARNING:root:NaN or Inf found in input tensor.
WARNING:root:NaN or Inf found in input tensor.
WARNING:root:NaN or Inf found in input tensor.
WARNING:root:NaN or Inf found in input tensor.
WARNING:root:NaN or Inf found in input tensor.
WARNING:root:NaN or Inf found in input tensor.
[36mINFO[0m 08/13 17:25:47 | 0.224967    0.231445    0.000000    0.695390    nan         nan         1.127585    nan         0.744179    nan         0.646601    nan         0.224967    nan         0.231445    nan         2300        5.637255    0.952842    0.592357    152.044822  11.324530  
WARNING:root:NaN or Inf found in input tensor.
WARNING:root:NaN or Inf found in input tensor.
WARNING:root:NaN or Inf found in input tensor.
WARNING:root:NaN or Inf found in input tensor.
WARNING:root:NaN or Inf found in input tensor.
WARNING:root:NaN or Inf found in input tensor.
WARNING:root:NaN or Inf found in input tensor.
[36mINFO[0m 08/13 17:29:22 | 0.211243    0.221563    0.000000    0.701315    nan         nan         1.117921    nan         0.756127    nan         0.646502    nan         0.211243    nan         0.221563    nan         2400        5.882353    0.958190    0.583503    152.650370  11.324530  
WARNING:root:NaN or Inf found in input tensor.
WARNING:root:NaN or Inf found in input tensor.
WARNING:root:NaN or Inf found in input tensor.
WARNING:root:NaN or Inf found in input tensor.
WARNING:root:NaN or Inf found in input tensor.
WARNING:root:NaN or Inf found in input tensor.
WARNING:root:NaN or Inf found in input tensor.
[36mINFO[0m 08/13 17:32:48 | 0.250412    0.257686    0.000000    0.698844    nan         nan         1.118162    nan         0.741728    nan         0.655961    nan         0.250412    nan         0.257686    nan         2500        6.127451    0.911428    0.584896    143.495075  11.324530  
WARNING:root:NaN or Inf found in input tensor.
WARNING:root:NaN or Inf found in input tensor.
WARNING:root:NaN or Inf found in input tensor.
WARNING:root:NaN or Inf found in input tensor.
WARNING:root:NaN or Inf found in input tensor.
WARNING:root:NaN or Inf found in input tensor.
WARNING:root:NaN or Inf found in input tensor.
[36mINFO[0m 08/13 17:36:29 | 0.215552    0.228041    0.000000    0.698675    nan         nan         1.157748    nan         0.750306    nan         0.647044    nan         0.215552    nan         0.228041    nan         2600        6.372549    0.862368    0.581991    158.103226  11.324530  
WARNING:root:NaN or Inf found in input tensor.
WARNING:root:NaN or Inf found in input tensor.
WARNING:root:NaN or Inf found in input tensor.
WARNING:root:NaN or Inf found in input tensor.
WARNING:root:NaN or Inf found in input tensor.
WARNING:root:NaN or Inf found in input tensor.
WARNING:root:NaN or Inf found in input tensor.
[36mINFO[0m 08/13 17:40:01 | 0.216787    0.229359    0.000000    0.694137    nan         nan         1.130916    nan         0.740196    nan         0.648079    nan         0.216787    nan         0.229359    nan         2700        6.617647    0.905591    0.585756    149.269727  11.324530  
WARNING:root:NaN or Inf found in input tensor.
WARNING:root:NaN or Inf found in input tensor.
WARNING:root:NaN or Inf found in input tensor.
WARNING:root:NaN or Inf found in input tensor.
WARNING:root:NaN or Inf found in input tensor.
WARNING:root:NaN or Inf found in input tensor.
WARNING:root:NaN or Inf found in input tensor.
[36mINFO[0m 08/13 17:43:26 | 0.228810    0.237593    0.000000    0.712415    nan         nan         1.066100    nan         0.757047    nan         0.667783    nan         0.228810    nan         0.237593    nan         2800        6.862745    0.868307    0.569588    142.456848  11.324530  
WARNING:root:NaN or Inf found in input tensor.
WARNING:root:NaN or Inf found in input tensor.
WARNING:root:NaN or Inf found in input tensor.
WARNING:root:NaN or Inf found in input tensor.
WARNING:root:NaN or Inf found in input tensor.
WARNING:root:NaN or Inf found in input tensor.
WARNING:root:NaN or Inf found in input tensor.
[36mINFO[0m 08/13 17:46:57 | 0.220987    0.232543    0.000000    0.698013    nan         nan         1.127442    nan         0.739277    nan         0.656749    nan         0.220987    nan         0.232543    nan         2900        7.107843    0.863142    0.578192    147.715782  11.324530  
WARNING:root:NaN or Inf found in input tensor.
WARNING:root:NaN or Inf found in input tensor.
WARNING:root:NaN or Inf found in input tensor.
WARNING:root:NaN or Inf found in input tensor.
WARNING:root:NaN or Inf found in input tensor.
WARNING:root:NaN or Inf found in input tensor.
WARNING:root:NaN or Inf found in input tensor.
[36mINFO[0m 08/13 17:50:33 | 0.239817    0.249561    0.000000    0.712188    nan         nan         1.096720    nan         0.753983    nan         0.670394    nan         0.239817    nan         0.249561    nan         3000        7.352941    0.848022    0.579397    153.084889  11.324530  
WARNING:root:NaN or Inf found in input tensor.
WARNING:root:NaN or Inf found in input tensor.
WARNING:root:NaN or Inf found in input tensor.
WARNING:root:NaN or Inf found in input tensor.
WARNING:root:NaN or Inf found in input tensor.
WARNING:root:NaN or Inf found in input tensor.
WARNING:root:NaN or Inf found in input tensor.
[36mINFO[0m 08/13 17:54:12 | 0.232241    0.244181    0.000000    0.712784    nan         nan         1.070973    nan         0.759804    nan         0.665764    nan         0.232241    nan         0.244181    nan         3100        7.598039    0.803522    0.590785    155.618096  11.324530  
WARNING:root:NaN or Inf found in input tensor.
WARNING:root:NaN or Inf found in input tensor.
WARNING:root:NaN or Inf found in input tensor.
WARNING:root:NaN or Inf found in input tensor.
WARNING:root:NaN or Inf found in input tensor.
WARNING:root:NaN or Inf found in input tensor.
WARNING:root:NaN or Inf found in input tensor.
[36mINFO[0m 08/13 17:57:52 | 0.249753    0.253513    0.000000    0.709950    nan         nan         1.087042    nan         0.752757    nan         0.667143    nan         0.249753    nan         0.253513    nan         3200        7.843137    0.815325    0.569213    157.696714  11.324530  
WARNING:root:NaN or Inf found in input tensor.
WARNING:root:NaN or Inf found in input tensor.
WARNING:root:NaN or Inf found in input tensor.
WARNING:root:NaN or Inf found in input tensor.
WARNING:root:NaN or Inf found in input tensor.
WARNING:root:NaN or Inf found in input tensor.
WARNING:root:NaN or Inf found in input tensor.
[36mINFO[0m 08/13 18:01:24 | 0.264575    0.276790    0.000000    0.713017    nan         nan         1.125561    nan         0.757659    nan         0.668374    nan         0.264575    nan         0.276790    nan         3300        8.088235    0.787328    0.563916    149.421056  11.324530  
WARNING:root:NaN or Inf found in input tensor.
WARNING:root:NaN or Inf found in input tensor.
WARNING:root:NaN or Inf found in input tensor.
WARNING:root:NaN or Inf found in input tensor.
WARNING:root:NaN or Inf found in input tensor.
WARNING:root:NaN or Inf found in input tensor.
WARNING:root:NaN or Inf found in input tensor.
[36mINFO[0m 08/13 18:04:57 | 0.245389    0.255819    0.000000    0.719332    nan         nan         1.083419    nan         0.763787    nan         0.674877    nan         0.245389    nan         0.255819    nan         3400        8.333333    0.766885    0.563950    150.086918  11.324530  
WARNING:root:NaN or Inf found in input tensor.
WARNING:root:NaN or Inf found in input tensor.
WARNING:root:NaN or Inf found in input tensor.
WARNING:root:NaN or Inf found in input tensor.
WARNING:root:NaN or Inf found in input tensor.
WARNING:root:NaN or Inf found in input tensor.
WARNING:root:NaN or Inf found in input tensor.
[36mINFO[0m 08/13 18:08:26 | 0.213686    0.227602    0.000000    0.708901    nan         nan         1.111463    nan         0.756127    nan         0.661675    nan         0.213686    nan         0.227602    nan         3500        8.578431    0.803287    0.554745    147.584645  11.324530  
WARNING:root:NaN or Inf found in input tensor.
WARNING:root:NaN or Inf found in input tensor.
WARNING:root:NaN or Inf found in input tensor.
WARNING:root:NaN or Inf found in input tensor.
WARNING:root:NaN or Inf found in input tensor.
WARNING:root:NaN or Inf found in input tensor.
WARNING:root:NaN or Inf found in input tensor.
[36mINFO[0m 08/13 18:11:56 | 0.224610    0.233421    0.000000    0.718134    nan         nan         1.096165    nan         0.760110    nan         0.676158    nan         0.224610    nan         0.233421    nan         3600        8.823529    0.760587    0.567083    147.451974  11.324530  
WARNING:root:NaN or Inf found in input tensor.
WARNING:root:NaN or Inf found in input tensor.
WARNING:root:NaN or Inf found in input tensor.
WARNING:root:NaN or Inf found in input tensor.
WARNING:root:NaN or Inf found in input tensor.
WARNING:root:NaN or Inf found in input tensor.
WARNING:root:NaN or Inf found in input tensor.
[36mINFO[0m 08/13 18:15:26 | 0.219917    0.227383    0.000000    0.728250    nan         nan         1.031824    nan         0.777880    nan         0.678621    nan         0.219917    nan         0.227383    nan         3700        9.068627    0.754364    0.556547    147.449327  11.324530  
WARNING:root:NaN or Inf found in input tensor.
WARNING:root:NaN or Inf found in input tensor.
WARNING:root:NaN or Inf found in input tensor.
WARNING:root:NaN or Inf found in input tensor.
WARNING:root:NaN or Inf found in input tensor.
WARNING:root:NaN or Inf found in input tensor.
WARNING:root:NaN or Inf found in input tensor.
[36mINFO[0m 08/13 18:18:58 | 0.257356    0.265042    0.000000    0.726349    nan         nan         1.025733    nan         0.774816    nan         0.677882    nan         0.257356    nan         0.265042    nan         3800        9.313725    0.749708    0.585977    149.313277  11.324530  
WARNING:root:NaN or Inf found in input tensor.
WARNING:root:NaN or Inf found in input tensor.
WARNING:root:NaN or Inf found in input tensor.
WARNING:root:NaN or Inf found in input tensor.
WARNING:root:NaN or Inf found in input tensor.
WARNING:root:NaN or Inf found in input tensor.
WARNING:root:NaN or Inf found in input tensor.
[36mINFO[0m 08/13 18:22:34 | 0.224006    0.231335    0.000000    0.722618    nan         nan         1.038283    nan         0.767157    nan         0.678079    nan         0.224006    nan         0.231335    nan         3900        9.558824    0.781141    0.576107    153.599659  11.324530  
WARNING:root:NaN or Inf found in input tensor.
WARNING:root:NaN or Inf found in input tensor.
WARNING:root:NaN or Inf found in input tensor.
WARNING:root:NaN or Inf found in input tensor.
WARNING:root:NaN or Inf found in input tensor.
WARNING:root:NaN or Inf found in input tensor.
WARNING:root:NaN or Inf found in input tensor.
[36mINFO[0m 08/13 18:26:09 | 0.243687    0.256588    0.000000    0.731503    nan         nan         1.049029    nan         0.782169    nan         0.680837    nan         0.243687    nan         0.256588    nan         4000        9.803922    0.759784    0.588408    151.887936  11.324530  
WARNING:root:NaN or Inf found in input tensor.
WARNING:root:NaN or Inf found in input tensor.
WARNING:root:NaN or Inf found in input tensor.
WARNING:root:NaN or Inf found in input tensor.
WARNING:root:NaN or Inf found in input tensor.
WARNING:root:NaN or Inf found in input tensor.
WARNING:root:NaN or Inf found in input tensor.
[36mINFO[0m 08/13 18:29:41 | 0.225296    0.236825    0.000000    0.720393    nan         nan         1.054802    nan         0.768076    nan         0.672709    nan         0.225296    nan         0.236825    nan         4100        10.049020   0.738742    0.570452    149.065355  11.324530  
WARNING:root:NaN or Inf found in input tensor.
WARNING:root:NaN or Inf found in input tensor.
WARNING:root:NaN or Inf found in input tensor.
WARNING:root:NaN or Inf found in input tensor.
WARNING:root:NaN or Inf found in input tensor.
WARNING:root:NaN or Inf found in input tensor.
WARNING:root:NaN or Inf found in input tensor.
[36mINFO[0m 08/13 18:33:10 | 0.233586    0.244181    0.000000    0.723372    nan         nan         1.076996    nan         0.770833    nan         0.675911    nan         0.233586    nan         0.244181    nan         4200        10.294118   0.738419    0.565460    146.621065  11.325315  
WARNING:root:NaN or Inf found in input tensor.
WARNING:root:NaN or Inf found in input tensor.
WARNING:root:NaN or Inf found in input tensor.
WARNING:root:NaN or Inf found in input tensor.
WARNING:root:NaN or Inf found in input tensor.
WARNING:root:NaN or Inf found in input tensor.
WARNING:root:NaN or Inf found in input tensor.
[36mINFO[0m 08/13 18:36:46 | 0.226888    0.234739    0.000000    0.726821    nan         nan         1.027406    nan         0.770833    nan         0.682808    nan         0.226888    nan         0.234739    nan         4300        10.539216   0.736043    0.564237    153.745620  11.325621  
WARNING:root:NaN or Inf found in input tensor.
WARNING:root:NaN or Inf found in input tensor.
WARNING:root:NaN or Inf found in input tensor.
WARNING:root:NaN or Inf found in input tensor.
WARNING:root:NaN or Inf found in input tensor.
WARNING:root:NaN or Inf found in input tensor.
WARNING:root:NaN or Inf found in input tensor.
[36mINFO[0m 08/13 18:40:21 | 0.240942    0.255051    0.000000    0.719566    nan         nan         1.070658    nan         0.758885    nan         0.680246    nan         0.240942    nan         0.255051    nan         4400        10.784314   0.703023    0.593273    151.191085  11.325621  
WARNING:root:NaN or Inf found in input tensor.
WARNING:root:NaN or Inf found in input tensor.
WARNING:root:NaN or Inf found in input tensor.
WARNING:root:NaN or Inf found in input tensor.
WARNING:root:NaN or Inf found in input tensor.
WARNING:root:NaN or Inf found in input tensor.
WARNING:root:NaN or Inf found in input tensor.
[36mINFO[0m 08/13 18:43:53 | 0.233421    0.239130    0.000000    0.733778    nan         nan         1.023551    nan         0.781250    nan         0.686305    nan         0.233421    nan         0.239130    nan         4500        11.029412   0.680705    0.590943    149.880516  11.328138  
WARNING:root:NaN or Inf found in input tensor.
WARNING:root:NaN or Inf found in input tensor.
WARNING:root:NaN or Inf found in input tensor.
WARNING:root:NaN or Inf found in input tensor.
WARNING:root:NaN or Inf found in input tensor.
WARNING:root:NaN or Inf found in input tensor.
WARNING:root:NaN or Inf found in input tensor.
[36mINFO[0m 08/13 18:47:33 | 0.219230    0.232104    0.000000    0.731299    nan         nan         1.028595    nan         0.767770    nan         0.694828    nan         0.219230    nan         0.232104    nan         4600        11.274510   0.670822    0.590136    156.752341  11.330786  
WARNING:root:NaN or Inf found in input tensor.
WARNING:root:NaN or Inf found in input tensor.
WARNING:root:NaN or Inf found in input tensor.
WARNING:root:NaN or Inf found in input tensor.
WARNING:root:NaN or Inf found in input tensor.
WARNING:root:NaN or Inf found in input tensor.
WARNING:root:NaN or Inf found in input tensor.
[36mINFO[0m 08/13 18:51:17 | 0.226971    0.236605    0.000000    0.729807    nan         nan         1.062139    nan         0.768382    nan         0.691232    nan         0.226971    nan         0.236605    nan         4700        11.519608   0.649329    0.592981    161.141705  11.330786  
WARNING:root:NaN or Inf found in input tensor.
WARNING:root:NaN or Inf found in input tensor.
WARNING:root:NaN or Inf found in input tensor.
WARNING:root:NaN or Inf found in input tensor.
WARNING:root:NaN or Inf found in input tensor.
WARNING:root:NaN or Inf found in input tensor.
WARNING:root:NaN or Inf found in input tensor.
[36mINFO[0m 08/13 18:55:03 | 0.237154    0.243852    0.000000    0.727541    nan         nan         1.024717    nan         0.768382    nan         0.686700    nan         0.237154    nan         0.243852    nan         4800        11.764706   0.688498    0.592745    163.373404  11.330786  
WARNING:root:NaN or Inf found in input tensor.
WARNING:root:NaN or Inf found in input tensor.
WARNING:root:NaN or Inf found in input tensor.
WARNING:root:NaN or Inf found in input tensor.
WARNING:root:NaN or Inf found in input tensor.
WARNING:root:NaN or Inf found in input tensor.
WARNING:root:NaN or Inf found in input tensor.
[36mINFO[0m 08/13 18:58:48 | 0.227300    0.238801    0.000000    0.727254    nan         nan         1.078943    nan         0.764706    nan         0.689803    nan         0.227300    nan         0.238801    nan         4900        12.009804   0.668365    0.592318    162.435155  11.330786  
WARNING:root:NaN or Inf found in input tensor.
WARNING:root:NaN or Inf found in input tensor.
WARNING:root:NaN or Inf found in input tensor.
WARNING:root:NaN or Inf found in input tensor.
WARNING:root:NaN or Inf found in input tensor.
WARNING:root:NaN or Inf found in input tensor.
WARNING:root:NaN or Inf found in input tensor.
[36mINFO[0m 08/13 19:02:35 | 0.206192    0.215195    0.000000    0.741677    nan         nan         0.988000    nan         0.789216    nan         0.694138    nan         0.206192    nan         0.215195    nan         5000        12.254902   0.643736    0.589717    164.096298  11.330786  
WARNING:root:NaN or Inf found in input tensor.
WARNING:root:NaN or Inf found in input tensor.
WARNING:root:NaN or Inf found in input tensor.
WARNING:root:NaN or Inf found in input tensor.
WARNING:root:NaN or Inf found in input tensor.
WARNING:root:NaN or Inf found in input tensor.
WARNING:root:NaN or Inf found in input tensor.
[36mINFO[0m 08/13 19:02:35 | ---
[33mWARNING[0m 08/13 19:02:36 | Evaluate SWAD ...
[36mINFO[0m 08/13 19:05:08 | 0.270504    0.283816    0.000000    0.769627    nan         nan         0.846650    nan         0.814032    nan         0.725222    nan         0.270504    nan         0.283816    nan         [1301-5000]  (N=38)
[36mINFO[0m 08/13 19:05:08 | oracle = 26.458%
[36mINFO[0m 08/13 19:05:08 | iid = 20.619%
[36mINFO[0m 08/13 19:05:08 | last = 20.619%
[36mINFO[0m 08/13 19:05:08 | last (inD) = 74.168%
[36mINFO[0m 08/13 19:05:08 | iid (inD) = 74.168%
[36mINFO[0m 08/13 19:05:08 | SWAD = 27.050%
[36mINFO[0m 08/13 19:05:08 | SWAD (inD) = 76.963%
[36mINFO[0m 08/13 19:05:10 | === Summary ===
[36mINFO[0m 08/13 19:05:10 | Command: /data/home/kxrgzn/lzh/new/DomainBed-new/train_all.py SKET_ALOFT_E_seed1 --dataset SKET --data_dir /data/home/kxrgzn/lzh/new/DomainBed-new/dataset --algorithm ALOFT_E --steps 5000 --checkpoint_freq 100 --batch_size 32 --optimizer adam --lr 5e-5 --weight_decay 0 --resnet_dropout 0 --resnet18 False --pretrained True --freeze_bn True --swad LossValley --seed 1 --trial_seed 1 --deterministic --cache disk --prebuild_loader --image_size 224 --aloft_alpha 1.0 --aloft_mask_ratio 0.5 --aloft_perturb_prob 1.0
[36mINFO[0m 08/13 19:05:10 | Unique name: 260813_09-13-46_SKET_ALOFT_E_seed1
[36mINFO[0m 08/13 19:05:10 | Out path: train_output/SKET/260813_09-13-46_SKET_ALOFT_E_seed1
[36mINFO[0m 08/13 19:05:10 | Algorithm: ALOFT_E
[36mINFO[0m 08/13 19:05:10 | Dataset: SKET
+------------+----------+-----------+---------+---------+
| Selection  | TUBerlin | quickdraw |  sketch |   Avg.  |
+------------+----------+-----------+---------+---------+
|   oracle   | 64.193%  |  33.777%  | 26.458% | 41.476% |
|    iid     | 63.220%  |  31.680%  | 20.619% | 38.506% |
|    last    | 64.315%  |  32.200%  | 20.619% | 39.045% |
| last (inD) | 65.987%  |  71.234%  | 74.168% | 70.463% |
| iid (inD)  | 66.808%  |  72.265%  | 74.168% | 71.080% |
|    SWAD    | 68.658%  |  37.452%  | 27.050% | 44.387% |
| SWAD (inD) | 70.583%  |  75.750%  | 76.963% | 74.432% |
+------------+----------+-----------+---------+---------+
================================================================================
Starting ALOFT_E, seed=2, physical GPU=1
/home/kxrgzn/anaconda3/envs/lzh_DG/bin/python /data/home/kxrgzn/lzh/new/DomainBed-new/train_all.py SKET_ALOFT_E_seed2 --dataset SKET --data_dir /data/home/kxrgzn/lzh/new/DomainBed-new/dataset --algorithm ALOFT_E --steps 5000 --checkpoint_freq 100 --batch_size 32 --optimizer adam --lr 5e-5 --weight_decay 0 --resnet_dropout 0 --resnet18 False --pretrained True --freeze_bn True --swad LossValley --seed 2 --trial_seed 2 --deterministic --cache disk --prebuild_loader --image_size 224 --aloft_alpha 1.0 --aloft_mask_ratio 0.5 --aloft_perturb_prob 1.0
================================================================================
/home/kxrgzn/anaconda3/envs/lzh_DG/lib/python3.9/site-packages/munch/__init__.py:24: UserWarning: pkg_resources is deprecated as an API. See https://setuptools.pypa.io/en/latest/pkg_resources.html. The pkg_resources package is slated for removal as early as 2025-11-30. Refrain from using this package or pin to Setuptools<81.
  import pkg_resources
[36mINFO[0m 08/13 19:05:16 | Command :: /data/home/kxrgzn/lzh/new/DomainBed-new/train_all.py SKET_ALOFT_E_seed2 --dataset SKET --data_dir /data/home/kxrgzn/lzh/new/DomainBed-new/dataset --algorithm ALOFT_E --steps 5000 --checkpoint_freq 100 --batch_size 32 --optimizer adam --lr 5e-5 --weight_decay 0 --resnet_dropout 0 --resnet18 False --pretrained True --freeze_bn True --swad LossValley --seed 2 --trial_seed 2 --deterministic --cache disk --prebuild_loader --image_size 224 --aloft_alpha 1.0 --aloft_mask_ratio 0.5 --aloft_perturb_prob 1.0
Environment:
	Python: 3.9.23
	PyTorch: 2.6.0+cu124
	Torchvision: 0.21.0+cu124
	CUDA: 12.4
	CUDNN: 90100
	NumPy: 1.23.5
	PIL: 8.1.0
Args:
	algorithm: ALOFT_E
	batch_size: 32
	cache: disk
	cache_root: cache
	cache_size: None
	checkpoint_freq: 100
	configs: []
	data_dir: /data/home/kxrgzn/lzh/new/DomainBed-new/dataset
	dataset: SKET
	debug: False
	deterministic: True
	end_step: 200
	evalmode: fast
	extra_search: n
	extra_search_end: None
	extra_search_start: None
	gga_l_gamma: 0.001
	grad_fn: sum
	holdout_fraction: 0.2
	model_save: None
	name: SKET_ALOFT_E_seed2
	neighborhoodSize: 1e-06
	out_dir: train_output/SKET/260813_19-05-16_SKET_ALOFT_E_seed2
	out_root: train_output/SKET
	prebuild_loader: True
	q_steps: 2000
	quant: 0
	resize_mode: stretch
	saliency: False
	saliency_cmap: jet
	saliency_every: 0
	saliency_noise: 0.15
	saliency_num: 16
	saliency_samples: 25
	saliency_split: test_in
	seed: 2
	show: False
	start_step: 100
	steps: 5000
	tb_freq: 10
	test_envs: None
	train_output: train_output
	trial_seed: 2
	unique_name: 260813_19-05-16_SKET_ALOFT_E_seed2
	work_dir: .
HParams:
	data_augmentation: True
	val_augment: False
	[36mresnet18: False
	[0m[36mresnet_dropout: 0
	[0mclass_balanced: False
	[36moptimizer: adam
	[0m[36mfreeze_bn: True
	[0m[36mpretrained: True
	[0m[36mimage_size: 224
	[0m[36mlr: 5e-05
	[0mbatch_size: 32
	[36mweight_decay: 0
	[0m[36maloft_alpha: 1.0
	[0m[36maloft_mask_ratio: 0.5
	[0m[36maloft_perturb_prob: 1.0
	[0maloft_positions: 
	  - layer1
	  - layer2
	  - layer3
	[36mswad: LossValley
	[0mswad_kwargs: 
	  n_converge: 3
	  n_tolerance: 6
	  tolerance_ratio: 0.3
	test_batchsize: 128
	indomain_test: False
	grad_fn: sum
	extra_search: n
	logdir: train_output/SKET/260813_19-05-16_SKET_ALOFT_E_seed2
	neighborhoodSize: 1e-06
	start_step: 100
	end_step: 200
	extra_search_start: None
	extra_search_end: None
	gga_l_gamma: 0.001
Dataset:
	[SKET] #envs=3, #classes=203
	env0: TUBerlin (#16320)
	env1: quickdraw (#101500)
	env2: sketch (#45540)

[36mINFO[0m 08/13 19:05:18 | n_steps = 5000
[36mINFO[0m 08/13 19:05:18 | checkpoint_freq = 100
[36mINFO[0m 08/13 19:05:18 | n_steps is updated to 5000 => 5001 for checkpointing
[36mINFO[0m 08/13 19:05:18 | Target test envs = [[0], [1], [2]]
[36mINFO[0m 08/13 19:05:18 | 
[36mINFO[0m 08/13 19:05:20 | Testenv name escaping te_TUBerlin -> te_TUBerlin
[36mINFO[0m 08/13 19:05:20 | Test envs = [0], name = te_TUBerlin
[36mINFO[0m 08/13 19:05:20 | Batch sizes for each domain: [0, 32, 32] (total=64)
[36mINFO[0m 08/13 19:05:20 | steps-per-epoch for each domain: 2537.50, 1138.50 -> min = 1138.50
/home/kxrgzn/anaconda3/envs/lzh_DG/lib/python3.9/site-packages/torchvision/models/_utils.py:208: UserWarning: The parameter 'pretrained' is deprecated since 0.13 and may be removed in the future, please use 'weights' instead.
  warnings.warn(
/home/kxrgzn/anaconda3/envs/lzh_DG/lib/python3.9/site-packages/torchvision/models/_utils.py:223: UserWarning: Arguments other than a weight enum or `None` for 'weights' are deprecated since 0.13 and may be removed in the future. The current behavior is equivalent to passing `weights=ResNet50_Weights.IMAGENET1K_V1`. You can also use `weights=ResNet50_Weights.DEFAULT` to get the most up-to-date weights.
  warnings.warn(msg)
[36mINFO[0m 08/13 19:05:22 | # of params = 23923979
[36mINFO[0m 08/13 19:07:06 | test_in     test_out    train_in    train_out   test_in_au  test_out_a  train_out_  tr_outloss  env0_in     env0_in_au  env0_out    env0_out_a  env1_out    env1_out_a  env2_out    env2_out_a  step        epoch       loss        step_time   eval_time   mem_gb     
[36mINFO[0m 08/13 19:07:06 | 0.005208    0.005208    0.000000    0.003113    nan         nan         nan         5.345692    0.005208    nan         0.005208    nan         0.003153    nan         0.003074    nan         0           0.000000    5.432150    1.063257    102.057939  9.680035   
WARNING:root:NaN or Inf found in input tensor.
WARNING:root:NaN or Inf found in input tensor.
WARNING:root:NaN or Inf found in input tensor.
WARNING:root:NaN or Inf found in input tensor.
WARNING:root:NaN or Inf found in input tensor.
WARNING:root:NaN or Inf found in input tensor.
WARNING:root:NaN or Inf found in input tensor.
[36mINFO[0m 08/13 19:09:53 | 0.008349    0.007966    0.000000    0.024451    nan         nan         nan         5.113102    0.008349    nan         0.007966    nan         0.014975    nan         0.033926    nan         100         0.087835    5.238713    0.591191    103.760913  10.041303  
WARNING:root:NaN or Inf found in input tensor.
WARNING:root:NaN or Inf found in input tensor.
WARNING:root:NaN or Inf found in input tensor.
WARNING:root:NaN or Inf found in input tensor.
WARNING:root:NaN or Inf found in input tensor.
WARNING:root:NaN or Inf found in input tensor.
WARNING:root:NaN or Inf found in input tensor.
[36mINFO[0m 08/13 19:12:43 | 0.144914    0.141850    0.000000    0.137339    nan         nan         nan         4.170484    0.144914    nan         0.141850    nan         0.117783    nan         0.156895    nan         200         0.175670    4.684906    0.591023    107.959991  10.221546  
WARNING:root:NaN or Inf found in input tensor.
WARNING:root:NaN or Inf found in input tensor.
WARNING:root:NaN or Inf found in input tensor.
WARNING:root:NaN or Inf found in input tensor.
WARNING:root:NaN or Inf found in input tensor.
WARNING:root:NaN or Inf found in input tensor.
WARNING:root:NaN or Inf found in input tensor.
[36mINFO[0m 08/13 19:15:27 | 0.265319    0.269914    0.000000    0.255161    nan         nan         nan         3.336094    0.265319    nan         0.269914    nan         0.234631    nan         0.275692    nan         300         0.263505    3.804807    0.588871    100.557027  10.400310  
WARNING:root:NaN or Inf found in input tensor.
WARNING:root:NaN or Inf found in input tensor.
WARNING:root:NaN or Inf found in input tensor.
WARNING:root:NaN or Inf found in input tensor.
WARNING:root:NaN or Inf found in input tensor.
WARNING:root:NaN or Inf found in input tensor.
WARNING:root:NaN or Inf found in input tensor.
[36mINFO[0m 08/13 19:18:08 | 0.354090    0.340993    0.000000    0.337119    nan         nan         nan         2.882141    0.354090    nan         0.340993    nan         0.344089    nan         0.330149    nan         400         0.351339    3.170418    0.587084    98.771490   10.577593  
WARNING:root:NaN or Inf found in input tensor.
WARNING:root:NaN or Inf found in input tensor.
WARNING:root:NaN or Inf found in input tensor.
WARNING:root:NaN or Inf found in input tensor.
WARNING:root:NaN or Inf found in input tensor.
WARNING:root:NaN or Inf found in input tensor.
WARNING:root:NaN or Inf found in input tensor.
[36mINFO[0m 08/13 19:20:51 | 0.392310    0.392463    0.000000    0.386001    nan         nan         nan         2.621443    0.392310    nan         0.392463    nan         0.389261    nan         0.382740    nan         500         0.439174    2.801260    0.587713    99.932147   10.757920  
WARNING:root:NaN or Inf found in input tensor.
WARNING:root:NaN or Inf found in input tensor.
WARNING:root:NaN or Inf found in input tensor.
WARNING:root:NaN or Inf found in input tensor.
WARNING:root:NaN or Inf found in input tensor.
WARNING:root:NaN or Inf found in input tensor.
WARNING:root:NaN or Inf found in input tensor.
[36mINFO[0m 08/13 19:23:42 | 0.435202    0.435662    0.000000    0.419247    nan         nan         nan         2.434456    0.435202    nan         0.435662    nan         0.426108    nan         0.412385    nan         600         0.527009    2.550082    0.589942    109.429590  10.935616  
WARNING:root:NaN or Inf found in input tensor.
WARNING:root:NaN or Inf found in input tensor.
WARNING:root:NaN or Inf found in input tensor.
WARNING:root:NaN or Inf found in input tensor.
WARNING:root:NaN or Inf found in input tensor.
WARNING:root:NaN or Inf found in input tensor.
WARNING:root:NaN or Inf found in input tensor.
[36mINFO[0m 08/13 19:26:30 | 0.463388    0.466912    0.000000    0.466617    nan         nan         nan         2.259302    0.463388    nan         0.466912    nan         0.474187    nan         0.459047    nan         700         0.614844    2.359308    0.589839    104.558907  11.114852  
WARNING:root:NaN or Inf found in input tensor.
WARNING:root:NaN or Inf found in input tensor.
WARNING:root:NaN or Inf found in input tensor.
WARNING:root:NaN or Inf found in input tensor.
WARNING:root:NaN or Inf found in input tensor.
WARNING:root:NaN or Inf found in input tensor.
WARNING:root:NaN or Inf found in input tensor.
[36mINFO[0m 08/13 19:29:13 | 0.482307    0.491728    0.000000    0.482445    nan         nan         nan         2.163295    0.482307    nan         0.491728    nan         0.497389    nan         0.467501    nan         800         0.702679    2.263008    0.587363    100.041620  11.115905  
WARNING:root:NaN or Inf found in input tensor.
WARNING:root:NaN or Inf found in input tensor.
WARNING:root:NaN or Inf found in input tensor.
WARNING:root:NaN or Inf found in input tensor.
WARNING:root:NaN or Inf found in input tensor.
WARNING:root:NaN or Inf found in input tensor.
WARNING:root:NaN or Inf found in input tensor.
[36mINFO[0m 08/13 19:31:54 | 0.476945    0.476409    0.000000    0.492256    nan         nan         nan         2.119025    0.476945    nan         0.476409    nan         0.513498    nan         0.471014    nan         900         0.790514    2.212053    0.586852    98.524991   11.115905  
WARNING:root:NaN or Inf found in input tensor.
WARNING:root:NaN or Inf found in input tensor.
WARNING:root:NaN or Inf found in input tensor.
WARNING:root:NaN or Inf found in input tensor.
WARNING:root:NaN or Inf found in input tensor.
WARNING:root:NaN or Inf found in input tensor.
WARNING:root:NaN or Inf found in input tensor.
[36mINFO[0m 08/13 19:34:40 | 0.507659    0.496630    0.000000    0.506911    nan         nan         nan         2.021183    0.507659    nan         0.496630    nan         0.524581    nan         0.489240    nan         1000        0.878349    2.114275    0.594247    102.956321  11.115905  
WARNING:root:NaN or Inf found in input tensor.
WARNING:root:NaN or Inf found in input tensor.
WARNING:root:NaN or Inf found in input tensor.
WARNING:root:NaN or Inf found in input tensor.
WARNING:root:NaN or Inf found in input tensor.
WARNING:root:NaN or Inf found in input tensor.
WARNING:root:NaN or Inf found in input tensor.
[36mINFO[0m 08/13 19:37:29 | 0.536535    0.535233    0.000000    0.524337    nan         nan         nan         1.946756    0.536535    nan         0.535233    nan         0.543842    nan         0.504831    nan         1100        0.966184    2.008465    0.592279    106.833087  11.117881  
WARNING:root:NaN or Inf found in input tensor.
WARNING:root:NaN or Inf found in input tensor.
WARNING:root:NaN or Inf found in input tensor.
WARNING:root:NaN or Inf found in input tensor.
WARNING:root:NaN or Inf found in input tensor.
WARNING:root:NaN or Inf found in input tensor.
WARNING:root:NaN or Inf found in input tensor.
[36mINFO[0m 08/13 19:40:08 | 0.525888    0.536765    0.000000    0.532520    nan         nan         nan         1.908902    0.525888    nan         0.536765    nan         0.552414    nan         0.512626    nan         1200        1.054018    1.923092    0.588697    96.115379   11.123733  
WARNING:root:NaN or Inf found in input tensor.
WARNING:root:NaN or Inf found in input tensor.
WARNING:root:NaN or Inf found in input tensor.
WARNING:root:NaN or Inf found in input tensor.
WARNING:root:NaN or Inf found in input tensor.
WARNING:root:NaN or Inf found in input tensor.
WARNING:root:NaN or Inf found in input tensor.
[36mINFO[0m 08/13 19:42:54 | 0.546952    0.541054    0.000000    0.539049    nan         nan         nan         1.896000    0.546952    nan         0.541054    nan         0.552956    nan         0.525143    nan         1300        1.141853    1.881825    0.587582    102.838011  11.124091  
WARNING:root:NaN or Inf found in input tensor.
WARNING:root:NaN or Inf found in input tensor.
WARNING:root:NaN or Inf found in input tensor.
WARNING:root:NaN or Inf found in input tensor.
WARNING:root:NaN or Inf found in input tensor.
WARNING:root:NaN or Inf found in input tensor.
WARNING:root:NaN or Inf found in input tensor.
[36mINFO[0m 08/13 19:45:41 | 0.539905    0.543199    0.000000    0.541051    nan         nan         nan         1.864415    0.539905    nan         0.543199    nan         0.563547    nan         0.518555    nan         1400        1.229688    1.816794    0.595560    104.171035  11.124091  
WARNING:root:NaN or Inf found in input tensor.
WARNING:root:NaN or Inf found in input tensor.
WARNING:root:NaN or Inf found in input tensor.
WARNING:root:NaN or Inf found in input tensor.
WARNING:root:NaN or Inf found in input tensor.
WARNING:root:NaN or Inf found in input tensor.
WARNING:root:NaN or Inf found in input tensor.
[36mINFO[0m 08/13 19:48:27 | 0.559666    0.564951    0.000000    0.552187    nan         nan         nan         1.817909    0.559666    nan         0.564951    nan         0.572315    nan         0.532060    nan         1500        1.317523    1.796622    0.591109    102.809612  11.125129  
WARNING:root:NaN or Inf found in input tensor.
WARNING:root:NaN or Inf found in input tensor.
WARNING:root:NaN or Inf found in input tensor.
WARNING:root:NaN or Inf found in input tensor.
WARNING:root:NaN or Inf found in input tensor.
WARNING:root:NaN or Inf found in input tensor.
WARNING:root:NaN or Inf found in input tensor.
[36mINFO[0m 08/13 19:51:13 | 0.568168    0.564338    0.000000    0.567408    nan         nan         nan         1.770112    0.568168    nan         0.564338    nan         0.583103    nan         0.551713    nan         1600        1.405358    1.745946    0.585278    102.630883  11.125991  
WARNING:root:NaN or Inf found in input tensor.
WARNING:root:NaN or Inf found in input tensor.
WARNING:root:NaN or Inf found in input tensor.
WARNING:root:NaN or Inf found in input tensor.
WARNING:root:NaN or Inf found in input tensor.
WARNING:root:NaN or Inf found in input tensor.
WARNING:root:NaN or Inf found in input tensor.
[36mINFO[0m 08/13 19:53:59 | 0.565794    0.579350    0.000000    0.585766    nan         nan         nan         1.685118    0.565794    nan         0.579350    nan         0.604778    nan         0.566755    nan         1700        1.493193    1.679344    0.589738    103.753489  11.125991  
WARNING:root:NaN or Inf found in input tensor.
WARNING:root:NaN or Inf found in input tensor.
WARNING:root:NaN or Inf found in input tensor.
WARNING:root:NaN or Inf found in input tensor.
WARNING:root:NaN or Inf found in input tensor.
WARNING:root:NaN or Inf found in input tensor.
WARNING:root:NaN or Inf found in input tensor.
[36mINFO[0m 08/13 19:56:46 | 0.581801    0.586091    0.000000    0.588098    nan         nan         nan         1.657173    0.581801    nan         0.586091    nan         0.600000    nan         0.576197    nan         1800        1.581028    1.664841    0.591139    104.224527  11.126037  
WARNING:root:NaN or Inf found in input tensor.
WARNING:root:NaN or Inf found in input tensor.
WARNING:root:NaN or Inf found in input tensor.
WARNING:root:NaN or Inf found in input tensor.
WARNING:root:NaN or Inf found in input tensor.
WARNING:root:NaN or Inf found in input tensor.
WARNING:root:NaN or Inf found in input tensor.
[36mINFO[0m 08/13 19:59:32 | 0.584635    0.580576    0.000000    0.583309    nan         nan         nan         1.691277    0.584635    nan         0.580576    nan         0.605025    nan         0.561594    nan         1900        1.668863    1.719613    0.593241    103.777044  11.130500  
WARNING:root:NaN or Inf found in input tensor.
WARNING:root:NaN or Inf found in input tensor.
WARNING:root:NaN or Inf found in input tensor.
WARNING:root:NaN or Inf found in input tensor.
WARNING:root:NaN or Inf found in input tensor.
WARNING:root:NaN or Inf found in input tensor.
WARNING:root:NaN or Inf found in input tensor.
[36mINFO[0m 08/13 20:02:17 | 0.575980    0.575674    0.000000    0.593203    nan         nan         nan         1.635876    0.575980    nan         0.575674    nan         0.611527    nan         0.574879    nan         2000        1.756697    1.634099    0.587185    102.536454  11.133559  
WARNING:root:NaN or Inf found in input tensor.
WARNING:root:NaN or Inf found in input tensor.
WARNING:root:NaN or Inf found in input tensor.
WARNING:root:NaN or Inf found in input tensor.
WARNING:root:NaN or Inf found in input tensor.
WARNING:root:NaN or Inf found in input tensor.
WARNING:root:NaN or Inf found in input tensor.
[36mINFO[0m 08/13 20:05:05 | 0.598192    0.593444    0.000000    0.606499    nan         nan         nan         1.583258    0.598192    nan         0.593444    nan         0.626700    nan         0.586298    nan         2100        1.844532    1.567600    0.581961    105.461085  11.133559  
WARNING:root:NaN or Inf found in input tensor.
WARNING:root:NaN or Inf found in input tensor.
WARNING:root:NaN or Inf found in input tensor.
WARNING:root:NaN or Inf found in input tensor.
WARNING:root:NaN or Inf found in input tensor.
WARNING:root:NaN or Inf found in input tensor.
WARNING:root:NaN or Inf found in input tensor.
[36mINFO[0m 08/13 20:07:54 | 0.592142    0.597733    0.000000    0.602638    nan         nan         nan         1.593574    0.592142    nan         0.597733    nan         0.620296    nan         0.584980    nan         2200        1.932367    1.585342    0.587182    106.194250  11.133559  
WARNING:root:NaN or Inf found in input tensor.
WARNING:root:NaN or Inf found in input tensor.
WARNING:root:NaN or Inf found in input tensor.
WARNING:root:NaN or Inf found in input tensor.
WARNING:root:NaN or Inf found in input tensor.
WARNING:root:NaN or Inf found in input tensor.
WARNING:root:NaN or Inf found in input tensor.
[36mINFO[0m 08/13 20:10:43 | 0.591222    0.594056    0.000000    0.600608    nan         nan         nan         1.620044    0.591222    nan         0.594056    nan         0.614039    nan         0.587176    nan         2300        2.020202    1.595012    0.591272    106.947785  11.133559  
WARNING:root:NaN or Inf found in input tensor.
WARNING:root:NaN or Inf found in input tensor.
WARNING:root:NaN or Inf found in input tensor.
WARNING:root:NaN or Inf found in input tensor.
WARNING:root:NaN or Inf found in input tensor.
WARNING:root:NaN or Inf found in input tensor.
WARNING:root:NaN or Inf found in input tensor.
Model converged at step 2100, Start step = 1801; Threshold = 2.078646, 
[36mINFO[0m 08/13 20:13:28 | 0.589461    0.584559    0.000000    0.607495    nan         nan         nan         1.590872    0.589461    nan         0.584559    nan         0.636158    nan         0.578832    nan         2400        2.108037    1.516617    0.584502    101.543720  11.310438  
WARNING:root:NaN or Inf found in input tensor.
WARNING:root:NaN or Inf found in input tensor.
WARNING:root:NaN or Inf found in input tensor.
WARNING:root:NaN or Inf found in input tensor.
WARNING:root:NaN or Inf found in input tensor.
WARNING:root:NaN or Inf found in input tensor.
WARNING:root:NaN or Inf found in input tensor.
[36mINFO[0m 08/13 20:16:11 | 0.581419    0.580576    0.000000    0.607836    nan         nan         nan         1.573210    0.581419    nan         0.580576    nan         0.629704    nan         0.585968    nan         2500        2.195872    1.504942    0.588900    100.572666  11.310438  
WARNING:root:NaN or Inf found in input tensor.
WARNING:root:NaN or Inf found in input tensor.
WARNING:root:NaN or Inf found in input tensor.
WARNING:root:NaN or Inf found in input tensor.
WARNING:root:NaN or Inf found in input tensor.
WARNING:root:NaN or Inf found in input tensor.
WARNING:root:NaN or Inf found in input tensor.
[36mINFO[0m 08/13 20:18:59 | 0.585555    0.588848    0.000000    0.619994    nan         nan         nan         1.515483    0.585555    nan         0.588848    nan         0.636453    nan         0.603535    nan         2600        2.283707    1.480081    0.581051    105.789895  11.313643  
WARNING:root:NaN or Inf found in input tensor.
WARNING:root:NaN or Inf found in input tensor.
WARNING:root:NaN or Inf found in input tensor.
WARNING:root:NaN or Inf found in input tensor.
WARNING:root:NaN or Inf found in input tensor.
WARNING:root:NaN or Inf found in input tensor.
WARNING:root:NaN or Inf found in input tensor.
[36mINFO[0m 08/13 20:21:45 | 0.602941    0.603248    0.000000    0.614108    nan         nan         nan         1.543996    0.602941    nan         0.603248    nan         0.635222    nan         0.592995    nan         2700        2.371542    1.460741    0.596899    102.832524  11.314375  
WARNING:root:NaN or Inf found in input tensor.
WARNING:root:NaN or Inf found in input tensor.
WARNING:root:NaN or Inf found in input tensor.
WARNING:root:NaN or Inf found in input tensor.
WARNING:root:NaN or Inf found in input tensor.
WARNING:root:NaN or Inf found in input tensor.
WARNING:root:NaN or Inf found in input tensor.
[36mINFO[0m 08/13 20:24:29 | 0.591605    0.587623    0.000000    0.623050    nan         nan         nan         1.513982    0.591605    nan         0.587623    nan         0.641576    nan         0.604523    nan         2800        2.459376    1.488604    0.584705    100.813157  11.318075  
WARNING:root:NaN or Inf found in input tensor.
WARNING:root:NaN or Inf found in input tensor.
WARNING:root:NaN or Inf found in input tensor.
WARNING:root:NaN or Inf found in input tensor.
WARNING:root:NaN or Inf found in input tensor.
WARNING:root:NaN or Inf found in input tensor.
WARNING:root:NaN or Inf found in input tensor.
[36mINFO[0m 08/13 20:27:11 | 0.591146    0.590686    0.000000    0.619617    nan         nan         nan         1.537403    0.591146    nan         0.590686    nan         0.644483    nan         0.594752    nan         2900        2.547211    1.441645    0.585001    99.149245   11.318075  
WARNING:root:NaN or Inf found in input tensor.
WARNING:root:NaN or Inf found in input tensor.
WARNING:root:NaN or Inf found in input tensor.
WARNING:root:NaN or Inf found in input tensor.
WARNING:root:NaN or Inf found in input tensor.
WARNING:root:NaN or Inf found in input tensor.
WARNING:root:NaN or Inf found in input tensor.
[36mINFO[0m 08/13 20:29:54 | 0.611060    0.609069    0.000000    0.630863    nan         nan         nan         1.478279    0.611060    nan         0.609069    nan         0.647980    nan         0.613746    nan         3000        2.635046    1.418796    0.582442    100.759265  11.318075  
WARNING:root:NaN or Inf found in input tensor.
WARNING:root:NaN or Inf found in input tensor.
WARNING:root:NaN or Inf found in input tensor.
WARNING:root:NaN or Inf found in input tensor.
WARNING:root:NaN or Inf found in input tensor.
WARNING:root:NaN or Inf found in input tensor.
WARNING:root:NaN or Inf found in input tensor.
[36mINFO[0m 08/13 20:32:41 | 0.597503    0.606005    0.000000    0.624662    nan         nan         nan         1.518782    0.597503    nan         0.606005    nan         0.644581    nan         0.604743    nan         3100        2.722881    1.371145    0.592749    104.564949  11.321920  
WARNING:root:NaN or Inf found in input tensor.
WARNING:root:NaN or Inf found in input tensor.
WARNING:root:NaN or Inf found in input tensor.
WARNING:root:NaN or Inf found in input tensor.
WARNING:root:NaN or Inf found in input tensor.
WARNING:root:NaN or Inf found in input tensor.
WARNING:root:NaN or Inf found in input tensor.
[36mINFO[0m 08/13 20:35:22 | 0.597120    0.602635    0.000000    0.627705    nan         nan         nan         1.510914    0.597120    nan         0.602635    nan         0.658571    nan         0.596838    nan         3200        2.810716    1.384462    0.588692    97.733455   11.323614  
WARNING:root:NaN or Inf found in input tensor.
WARNING:root:NaN or Inf found in input tensor.
WARNING:root:NaN or Inf found in input tensor.
WARNING:root:NaN or Inf found in input tensor.
WARNING:root:NaN or Inf found in input tensor.
WARNING:root:NaN or Inf found in input tensor.
WARNING:root:NaN or Inf found in input tensor.
[36mINFO[0m 08/13 20:38:05 | 0.615196    0.623162    0.000000    0.636243    nan         nan         nan         1.487982    0.615196    nan         0.623162    nan         0.660936    nan         0.611550    nan         3300        2.898551    1.317183    0.583295    100.664335  11.323614  
WARNING:root:NaN or Inf found in input tensor.
WARNING:root:NaN or Inf found in input tensor.
WARNING:root:NaN or Inf found in input tensor.
WARNING:root:NaN or Inf found in input tensor.
WARNING:root:NaN or Inf found in input tensor.
WARNING:root:NaN or Inf found in input tensor.
WARNING:root:NaN or Inf found in input tensor.
[36mINFO[0m 08/13 20:40:46 | 0.607384    0.609988    0.000000    0.634745    nan         nan         nan         1.458181    0.607384    nan         0.609988    nan         0.654975    nan         0.614515    nan         3400        2.986386    1.309707    0.587703    97.596652   11.323614  
WARNING:root:NaN or Inf found in input tensor.
WARNING:root:NaN or Inf found in input tensor.
WARNING:root:NaN or Inf found in input tensor.
WARNING:root:NaN or Inf found in input tensor.
WARNING:root:NaN or Inf found in input tensor.
WARNING:root:NaN or Inf found in input tensor.
WARNING:root:NaN or Inf found in input tensor.
[36mINFO[0m 08/13 20:43:31 | 0.619256    0.616115    0.000000    0.630964    nan         nan         nan         1.485095    0.619256    nan         0.616115    nan         0.661576    nan         0.600351    nan         3500        3.074220    1.343494    0.590679    102.561969  11.323614  
WARNING:root:NaN or Inf found in input tensor.
WARNING:root:NaN or Inf found in input tensor.
WARNING:root:NaN or Inf found in input tensor.
WARNING:root:NaN or Inf found in input tensor.
WARNING:root:NaN or Inf found in input tensor.
WARNING:root:NaN or Inf found in input tensor.
WARNING:root:NaN or Inf found in input tensor.
[36mINFO[0m 08/13 20:46:15 | 0.614354    0.616115    0.000000    0.632241    nan         nan         nan         1.471865    0.614354    nan         0.616115    nan         0.659409    nan         0.605072    nan         3600        3.162055    1.329230    0.587884    102.006626  11.324667  
WARNING:root:NaN or Inf found in input tensor.
WARNING:root:NaN or Inf found in input tensor.
WARNING:root:NaN or Inf found in input tensor.
WARNING:root:NaN or Inf found in input tensor.
WARNING:root:NaN or Inf found in input tensor.
WARNING:root:NaN or Inf found in input tensor.
WARNING:root:NaN or Inf found in input tensor.
[36mINFO[0m 08/13 20:48:58 | 0.631434    0.628983    0.000000    0.643935    nan         nan         nan         1.430023    0.631434    nan         0.628983    nan         0.658424    nan         0.629447    nan         3700        3.249890    1.310048    0.586741    100.088948  11.324667  
WARNING:root:NaN or Inf found in input tensor.
WARNING:root:NaN or Inf found in input tensor.
WARNING:root:NaN or Inf found in input tensor.
WARNING:root:NaN or Inf found in input tensor.
WARNING:root:NaN or Inf found in input tensor.
WARNING:root:NaN or Inf found in input tensor.
WARNING:root:NaN or Inf found in input tensor.
[36mINFO[0m 08/13 20:51:42 | 0.618183    0.617341    0.000000    0.643548    nan         nan         nan         1.416093    0.618183    nan         0.617341    nan         0.665665    nan         0.621432    nan         3800        3.337725    1.279544    0.586351    101.247595  11.324667  
WARNING:root:NaN or Inf found in input tensor.
WARNING:root:NaN or Inf found in input tensor.
WARNING:root:NaN or Inf found in input tensor.
WARNING:root:NaN or Inf found in input tensor.
WARNING:root:NaN or Inf found in input tensor.
WARNING:root:NaN or Inf found in input tensor.
WARNING:root:NaN or Inf found in input tensor.
[36mINFO[0m 08/13 20:54:27 | 0.608915    0.612132    0.000000    0.641137    nan         nan         nan         1.432780    0.608915    nan         0.612132    nan         0.653596    nan         0.628678    nan         3900        3.425560    1.267887    0.594925    101.368014  11.324667  
WARNING:root:NaN or Inf found in input tensor.
WARNING:root:NaN or Inf found in input tensor.
WARNING:root:NaN or Inf found in input tensor.
WARNING:root:NaN or Inf found in input tensor.
WARNING:root:NaN or Inf found in input tensor.
WARNING:root:NaN or Inf found in input tensor.
WARNING:root:NaN or Inf found in input tensor.
[36mINFO[0m 08/13 20:57:05 | 0.635876    0.637868    0.000000    0.644765    nan         nan         nan         1.441472    0.635876    nan         0.637868    nan         0.663596    nan         0.625933    nan         4000        3.513395    1.266767    0.587640    95.539439   11.324667  
WARNING:root:NaN or Inf found in input tensor.
WARNING:root:NaN or Inf found in input tensor.
WARNING:root:NaN or Inf found in input tensor.
WARNING:root:NaN or Inf found in input tensor.
WARNING:root:NaN or Inf found in input tensor.
WARNING:root:NaN or Inf found in input tensor.
WARNING:root:NaN or Inf found in input tensor.
[36mINFO[0m 08/13 20:59:46 | 0.622549    0.625000    0.000000    0.657214    nan         nan         nan         1.376711    0.622549    nan         0.625000    nan         0.677734    nan         0.636693    nan         4100        3.601230    1.280421    0.582285    98.725190   11.328375  
WARNING:root:NaN or Inf found in input tensor.
WARNING:root:NaN or Inf found in input tensor.
WARNING:root:NaN or Inf found in input tensor.
WARNING:root:NaN or Inf found in input tensor.
WARNING:root:NaN or Inf found in input tensor.
WARNING:root:NaN or Inf found in input tensor.
WARNING:root:NaN or Inf found in input tensor.
[36mINFO[0m 08/13 21:02:29 | 0.625536    0.622549    0.000000    0.656356    nan         nan         nan         1.371387    0.625536    nan         0.622549    nan         0.674483    nan         0.638230    nan         4200        3.689065    1.292965    0.582972    99.863624   11.328375  
WARNING:root:NaN or Inf found in input tensor.
WARNING:root:NaN or Inf found in input tensor.
WARNING:root:NaN or Inf found in input tensor.
WARNING:root:NaN or Inf found in input tensor.
WARNING:root:NaN or Inf found in input tensor.
WARNING:root:NaN or Inf found in input tensor.
WARNING:root:NaN or Inf found in input tensor.
[36mINFO[0m 08/13 21:05:07 | 0.622243    0.623162    0.000000    0.651703    nan         nan         nan         1.402333    0.622243    nan         0.623162    nan         0.669458    nan         0.633948    nan         4300        3.776899    1.197767    0.587024    95.127162   11.328375  
WARNING:root:NaN or Inf found in input tensor.
WARNING:root:NaN or Inf found in input tensor.
WARNING:root:NaN or Inf found in input tensor.
WARNING:root:NaN or Inf found in input tensor.
WARNING:root:NaN or Inf found in input tensor.
WARNING:root:NaN or Inf found in input tensor.
WARNING:root:NaN or Inf found in input tensor.
[36mINFO[0m 08/13 21:07:52 | 0.637485    0.632966    0.000000    0.655212    nan         nan         nan         1.366567    0.637485    nan         0.632966    nan         0.672414    nan         0.638011    nan         4400        3.864734    1.234813    0.591340    102.423170  11.328375  
WARNING:root:NaN or Inf found in input tensor.
WARNING:root:NaN or Inf found in input tensor.
WARNING:root:NaN or Inf found in input tensor.
WARNING:root:NaN or Inf found in input tensor.
WARNING:root:NaN or Inf found in input tensor.
WARNING:root:NaN or Inf found in input tensor.
WARNING:root:NaN or Inf found in input tensor.
[36mINFO[0m 08/13 21:10:36 | 0.637178    0.640931    0.000000    0.651899    nan         nan         nan         1.394109    0.637178    nan         0.640931    nan         0.663153    nan         0.640646    nan         4500        3.952569    1.247936    0.586867    100.823936  11.328375  
WARNING:root:NaN or Inf found in input tensor.
WARNING:root:NaN or Inf found in input tensor.
WARNING:root:NaN or Inf found in input tensor.
WARNING:root:NaN or Inf found in input tensor.
WARNING:root:NaN or Inf found in input tensor.
WARNING:root:NaN or Inf found in input tensor.
WARNING:root:NaN or Inf found in input tensor.
[36mINFO[0m 08/13 21:13:15 | 0.616345    0.614583    0.000000    0.652775    nan         nan         nan         1.397408    0.616345    nan         0.614583    nan         0.678079    nan         0.627470    nan         4600        4.040404    1.220360    0.584085    96.205647   11.328375  
WARNING:root:NaN or Inf found in input tensor.
WARNING:root:NaN or Inf found in input tensor.
WARNING:root:NaN or Inf found in input tensor.
WARNING:root:NaN or Inf found in input tensor.
WARNING:root:NaN or Inf found in input tensor.
WARNING:root:NaN or Inf found in input tensor.
WARNING:root:NaN or Inf found in input tensor.
[36mINFO[0m 08/13 21:15:54 | 0.628140    0.640012    0.000000    0.651770    nan         nan         nan         1.402458    0.628140    nan         0.640012    nan         0.665419    nan         0.638120    nan         4700        4.128239    1.206682    0.590559    96.097635   11.328375  
WARNING:root:NaN or Inf found in input tensor.
WARNING:root:NaN or Inf found in input tensor.
WARNING:root:NaN or Inf found in input tensor.
WARNING:root:NaN or Inf found in input tensor.
WARNING:root:NaN or Inf found in input tensor.
WARNING:root:NaN or Inf found in input tensor.
WARNING:root:NaN or Inf found in input tensor.
[36mINFO[0m 08/13 21:18:37 | 0.637102    0.650735    0.000000    0.659784    nan         nan         nan         1.365091    0.637102    nan         0.650735    nan         0.676946    nan         0.642622    nan         4800        4.216074    1.195453    0.586909    99.428324   11.328375  
WARNING:root:NaN or Inf found in input tensor.
WARNING:root:NaN or Inf found in input tensor.
WARNING:root:NaN or Inf found in input tensor.
WARNING:root:NaN or Inf found in input tensor.
WARNING:root:NaN or Inf found in input tensor.
WARNING:root:NaN or Inf found in input tensor.
WARNING:root:NaN or Inf found in input tensor.
[36mINFO[0m 08/13 21:21:18 | 0.639553    0.640319    0.000000    0.665369    nan         nan         nan         1.346167    0.639553    nan         0.640319    nan         0.688227    nan         0.642512    nan         4900        4.303909    1.202120    0.568199    99.293540   11.328375  
WARNING:root:NaN or Inf found in input tensor.
WARNING:root:NaN or Inf found in input tensor.
WARNING:root:NaN or Inf found in input tensor.
WARNING:root:NaN or Inf found in input tensor.
WARNING:root:NaN or Inf found in input tensor.
WARNING:root:NaN or Inf found in input tensor.
WARNING:root:NaN or Inf found in input tensor.
[36mINFO[0m 08/13 21:23:57 | 0.628983    0.638174    0.000000    0.657633    nan         nan         nan         1.374386    0.628983    nan         0.638174    nan         0.676158    nan         0.639108    nan         5000        4.391744    1.156081    0.579335    96.276447   11.328375  
WARNING:root:NaN or Inf found in input tensor.
WARNING:root:NaN or Inf found in input tensor.
WARNING:root:NaN or Inf found in input tensor.
WARNING:root:NaN or Inf found in input tensor.
WARNING:root:NaN or Inf found in input tensor.
WARNING:root:NaN or Inf found in input tensor.
WARNING:root:NaN or Inf found in input tensor.
[36mINFO[0m 08/13 21:23:58 | ---
[33mWARNING[0m 08/13 21:23:58 | Evaluate SWAD ...
[36mINFO[0m 08/13 21:25:35 | 0.683594    0.685355    0.000000    0.698741    nan         nan         nan         1.208175    0.683594    nan         0.685355    nan         0.719507    nan         0.677975    nan         [1801-5000]  (N=33)
[36mINFO[0m 08/13 21:25:35 | oracle = 63.710%
[36mINFO[0m 08/13 21:25:35 | iid = 63.955%
[36mINFO[0m 08/13 21:25:35 | last = 62.898%
[36mINFO[0m 08/13 21:25:35 | last (inD) = 65.763%
[36mINFO[0m 08/13 21:25:35 | iid (inD) = 66.537%
[36mINFO[0m 08/13 21:25:35 | SWAD = 68.359%
[36mINFO[0m 08/13 21:25:35 | SWAD (inD) = 69.874%
[36mINFO[0m 08/13 21:25:37 | 
[36mINFO[0m 08/13 21:25:39 | Testenv name escaping te_quickdraw -> te_quickdraw
[36mINFO[0m 08/13 21:25:39 | Test envs = [1], name = te_quickdraw
[36mINFO[0m 08/13 21:25:39 | Batch sizes for each domain: [32, 0, 32] (total=64)
[36mINFO[0m 08/13 21:25:39 | steps-per-epoch for each domain: 408.00, 1138.50 -> min = 408.00
[36mINFO[0m 08/13 21:25:42 | # of params = 23923979
[36mINFO[0m 08/13 21:29:51 | test_in     test_out    train_in    train_out   test_in_au  train_out_  tr_outloss  test_out_a  env0_out    env0_out_a  env1_in     env1_in_au  env1_out    env1_out_a  env2_out    env2_out_a  step        epoch       loss        step_time   eval_time   mem_gb     
[36mINFO[0m 08/13 21:29:51 | 0.002635    0.002611    0.000000    0.006372    nan         nan         5.346825    nan         0.004289    nan         0.002635    nan         0.002611    nan         0.008454    nan         0           0.000000    5.309190    0.543233    248.363677  9.683208   
WARNING:root:NaN or Inf found in input tensor.
WARNING:root:NaN or Inf found in input tensor.
WARNING:root:NaN or Inf found in input tensor.
WARNING:root:NaN or Inf found in input tensor.
WARNING:root:NaN or Inf found in input tensor.
WARNING:root:NaN or Inf found in input tensor.
WARNING:root:NaN or Inf found in input tensor.
[36mINFO[0m 08/13 21:35:05 | 0.031330    0.034384    0.000000    0.077943    nan         nan         4.604190    nan         0.057292    nan         0.031330    nan         0.034384    nan         0.098595    nan         100         0.245098    5.145849    0.584308    251.062076  10.041951  
WARNING:root:NaN or Inf found in input tensor.
WARNING:root:NaN or Inf found in input tensor.
WARNING:root:NaN or Inf found in input tensor.
WARNING:root:NaN or Inf found in input tensor.
WARNING:root:NaN or Inf found in input tensor.
WARNING:root:NaN or Inf found in input tensor.
WARNING:root:NaN or Inf found in input tensor.
[36mINFO[0m 08/13 21:40:05 | 0.117722    0.117044    0.000000    0.311724    nan         nan         2.945140    nan         0.347426    nan         0.117722    nan         0.117044    nan         0.276021    nan         200         0.490196    3.669557    0.564001    238.276527  10.216396  
WARNING:root:NaN or Inf found in input tensor.
WARNING:root:NaN or Inf found in input tensor.
WARNING:root:NaN or Inf found in input tensor.
WARNING:root:NaN or Inf found in input tensor.
WARNING:root:NaN or Inf found in input tensor.
WARNING:root:NaN or Inf found in input tensor.
WARNING:root:NaN or Inf found in input tensor.
[36mINFO[0m 08/13 21:45:25 | 0.182549    0.186108    0.000000    0.451154    nan         nan         2.310042    nan         0.518689    nan         0.182549    nan         0.186108    nan         0.383619    nan         300         0.735294    2.536291    0.584741    257.011235  10.393573  
WARNING:root:NaN or Inf found in input tensor.
WARNING:root:NaN or Inf found in input tensor.
WARNING:root:NaN or Inf found in input tensor.
WARNING:root:NaN or Inf found in input tensor.
WARNING:root:NaN or Inf found in input tensor.
WARNING:root:NaN or Inf found in input tensor.
WARNING:root:NaN or Inf found in input tensor.
[36mINFO[0m 08/13 21:50:39 | 0.216884    0.218966    0.000000    0.525848    nan         nan         1.939481    nan         0.601103    nan         0.216884    nan         0.218966    nan         0.450593    nan         400         0.980392    2.165069    0.581621    251.148363  10.575617  
WARNING:root:NaN or Inf found in input tensor.
WARNING:root:NaN or Inf found in input tensor.
WARNING:root:NaN or Inf found in input tensor.
WARNING:root:NaN or Inf found in input tensor.
WARNING:root:NaN or Inf found in input tensor.
WARNING:root:NaN or Inf found in input tensor.
WARNING:root:NaN or Inf found in input tensor.
[36mINFO[0m 08/13 21:55:50 | 0.237796    0.240394    0.000000    0.544545    nan         nan         1.861105    nan         0.620711    nan         0.237796    nan         0.240394    nan         0.468379    nan         500         1.225490    1.937200    0.574284    248.327987  10.759141  
WARNING:root:NaN or Inf found in input tensor.
WARNING:root:NaN or Inf found in input tensor.
WARNING:root:NaN or Inf found in input tensor.
WARNING:root:NaN or Inf found in input tensor.
WARNING:root:NaN or Inf found in input tensor.
WARNING:root:NaN or Inf found in input tensor.
WARNING:root:NaN or Inf found in input tensor.
[36mINFO[0m 08/13 22:01:04 | 0.251613    0.254680    0.000000    0.572597    nan         nan         1.744528    nan         0.652880    nan         0.251613    nan         0.254680    nan         0.492314    nan         600         1.470588    1.757450    0.590134    251.495059  10.937492  
WARNING:root:NaN or Inf found in input tensor.
WARNING:root:NaN or Inf found in input tensor.
WARNING:root:NaN or Inf found in input tensor.
WARNING:root:NaN or Inf found in input tensor.
WARNING:root:NaN or Inf found in input tensor.
WARNING:root:NaN or Inf found in input tensor.
WARNING:root:NaN or Inf found in input tensor.
[36mINFO[0m 08/13 22:06:12 | 0.266244    0.267931    0.000000    0.601340    nan         nan         1.638608    nan         0.685662    nan         0.266244    nan         0.267931    nan         0.517018    nan         700         1.715686    1.690448    0.587913    245.114417  11.114532  
WARNING:root:NaN or Inf found in input tensor.
WARNING:root:NaN or Inf found in input tensor.
WARNING:root:NaN or Inf found in input tensor.
WARNING:root:NaN or Inf found in input tensor.
WARNING:root:NaN or Inf found in input tensor.
WARNING:root:NaN or Inf found in input tensor.
WARNING:root:NaN or Inf found in input tensor.
[36mINFO[0m 08/13 22:11:26 | 0.264704    0.270936    0.000000    0.615900    nan         nan         1.565301    nan         0.691176    nan         0.264704    nan         0.270936    nan         0.540624    nan         800         1.960784    1.566063    0.589675    251.354270  11.115653  
WARNING:root:NaN or Inf found in input tensor.
WARNING:root:NaN or Inf found in input tensor.
WARNING:root:NaN or Inf found in input tensor.
WARNING:root:NaN or Inf found in input tensor.
WARNING:root:NaN or Inf found in input tensor.
WARNING:root:NaN or Inf found in input tensor.
WARNING:root:NaN or Inf found in input tensor.
[36mINFO[0m 08/13 22:16:30 | 0.255714    0.257192    0.000000    0.619024    nan         nan         1.533537    nan         0.694240    nan         0.255714    nan         0.257192    nan         0.543808    nan         900         2.205882    1.493349    0.590884    241.647948  11.117835  
WARNING:root:NaN or Inf found in input tensor.
WARNING:root:NaN or Inf found in input tensor.
WARNING:root:NaN or Inf found in input tensor.
WARNING:root:NaN or Inf found in input tensor.
WARNING:root:NaN or Inf found in input tensor.
WARNING:root:NaN or Inf found in input tensor.
WARNING:root:NaN or Inf found in input tensor.
[36mINFO[0m 08/13 22:21:45 | 0.285579    0.287241    0.000000    0.628059    nan         nan         1.545608    nan         0.713848    nan         0.285579    nan         0.287241    nan         0.542271    nan         1000        2.450980    1.384291    0.596621    252.032897  11.119376  
WARNING:root:NaN or Inf found in input tensor.
WARNING:root:NaN or Inf found in input tensor.
WARNING:root:NaN or Inf found in input tensor.
WARNING:root:NaN or Inf found in input tensor.
WARNING:root:NaN or Inf found in input tensor.
WARNING:root:NaN or Inf found in input tensor.
WARNING:root:NaN or Inf found in input tensor.
[36mINFO[0m 08/13 22:27:03 | 0.288916    0.289852    0.000000    0.642765    nan         nan         1.473862    nan         0.724265    nan         0.288916    nan         0.289852    nan         0.561265    nan         1100        2.696078    1.363562    0.593869    254.497355  11.121619  
WARNING:root:NaN or Inf found in input tensor.
WARNING:root:NaN or Inf found in input tensor.
WARNING:root:NaN or Inf found in input tensor.
WARNING:root:NaN or Inf found in input tensor.
WARNING:root:NaN or Inf found in input tensor.
WARNING:root:NaN or Inf found in input tensor.
WARNING:root:NaN or Inf found in input tensor.
[36mINFO[0m 08/13 22:32:03 | 0.284138    0.283251    0.000000    0.651876    nan         nan         1.418430    nan         0.731618    nan         0.284138    nan         0.283251    nan         0.572134    nan         1200        2.941176    1.327416    0.591905    237.521360  11.123809  
WARNING:root:NaN or Inf found in input tensor.
WARNING:root:NaN or Inf found in input tensor.
WARNING:root:NaN or Inf found in input tensor.
WARNING:root:NaN or Inf found in input tensor.
WARNING:root:NaN or Inf found in input tensor.
WARNING:root:NaN or Inf found in input tensor.
WARNING:root:NaN or Inf found in input tensor.
[36mINFO[0m 08/13 22:37:16 | 0.283227    0.286059    0.000000    0.658705    nan         nan         1.408159    nan         0.738358    nan         0.283227    nan         0.286059    nan         0.579051    nan         1300        3.186275    1.246824    0.584278    249.691881  11.123809  
WARNING:root:NaN or Inf found in input tensor.
WARNING:root:NaN or Inf found in input tensor.
WARNING:root:NaN or Inf found in input tensor.
WARNING:root:NaN or Inf found in input tensor.
WARNING:root:NaN or Inf found in input tensor.
WARNING:root:NaN or Inf found in input tensor.
WARNING:root:NaN or Inf found in input tensor.
[36mINFO[0m 08/13 22:42:30 | 0.293596    0.300690    0.000000    0.659852    nan         nan         1.406221    nan         0.741422    nan         0.293596    nan         0.300690    nan         0.578283    nan         1400        3.431373    1.246068    0.588172    252.092182  11.123809  
WARNING:root:NaN or Inf found in input tensor.
WARNING:root:NaN or Inf found in input tensor.
WARNING:root:NaN or Inf found in input tensor.
WARNING:root:NaN or Inf found in input tensor.
WARNING:root:NaN or Inf found in input tensor.
WARNING:root:NaN or Inf found in input tensor.
WARNING:root:NaN or Inf found in input tensor.
[36mINFO[0m 08/13 22:47:45 | 0.274680    0.280049    0.000000    0.667469    nan         nan         1.336654    nan         0.743260    nan         0.274680    nan         0.280049    nan         0.591678    nan         1500        3.676471    1.219985    0.589574    251.881792  11.125846  
WARNING:root:NaN or Inf found in input tensor.
WARNING:root:NaN or Inf found in input tensor.
WARNING:root:NaN or Inf found in input tensor.
WARNING:root:NaN or Inf found in input tensor.
WARNING:root:NaN or Inf found in input tensor.
WARNING:root:NaN or Inf found in input tensor.
WARNING:root:NaN or Inf found in input tensor.
[36mINFO[0m 08/13 22:52:58 | 0.307869    0.310985    0.000000    0.673963    nan         nan         1.329045    nan         0.753064    nan         0.307869    nan         0.310985    nan         0.594862    nan         1600        3.921569    1.191931    0.584862    250.264575  11.130294  
WARNING:root:NaN or Inf found in input tensor.
WARNING:root:NaN or Inf found in input tensor.
WARNING:root:NaN or Inf found in input tensor.
WARNING:root:NaN or Inf found in input tensor.
WARNING:root:NaN or Inf found in input tensor.
WARNING:root:NaN or Inf found in input tensor.
WARNING:root:NaN or Inf found in input tensor.
[36mINFO[0m 08/13 22:58:07 | 0.318510    0.316847    0.000000    0.688869    nan         nan         1.261267    nan         0.774203    nan         0.318510    nan         0.316847    nan         0.603535    nan         1700        4.166667    1.114425    0.582873    246.501294  11.131164  
WARNING:root:NaN or Inf found in input tensor.
WARNING:root:NaN or Inf found in input tensor.
WARNING:root:NaN or Inf found in input tensor.
WARNING:root:NaN or Inf found in input tensor.
WARNING:root:NaN or Inf found in input tensor.
WARNING:root:NaN or Inf found in input tensor.
WARNING:root:NaN or Inf found in input tensor.
[36mINFO[0m 08/13 23:03:12 | 0.283990    0.290197    0.000000    0.671816    nan         nan         1.342804    nan         0.756127    nan         0.283990    nan         0.290197    nan         0.587505    nan         1800        4.411765    1.135322    0.588760    242.305553  11.133262  
WARNING:root:NaN or Inf found in input tensor.
WARNING:root:NaN or Inf found in input tensor.
WARNING:root:NaN or Inf found in input tensor.
WARNING:root:NaN or Inf found in input tensor.
WARNING:root:NaN or Inf found in input tensor.
WARNING:root:NaN or Inf found in input tensor.
WARNING:root:NaN or Inf found in input tensor.
[36mINFO[0m 08/13 23:08:25 | 0.301823    0.309458    0.000000    0.678435    nan         nan         1.313880    nan         0.750919    nan         0.301823    nan         0.309458    nan         0.605951    nan         1900        4.656863    1.099855    0.588689    250.113273  11.141097  
WARNING:root:NaN or Inf found in input tensor.
WARNING:root:NaN or Inf found in input tensor.
WARNING:root:NaN or Inf found in input tensor.
WARNING:root:NaN or Inf found in input tensor.
WARNING:root:NaN or Inf found in input tensor.
WARNING:root:NaN or Inf found in input tensor.
WARNING:root:NaN or Inf found in input tensor.
Model converged at step 1700, Start step = 1401; Threshold = 1.697779, 
[36mINFO[0m 08/13 23:13:45 | 0.299618    0.303695    0.000000    0.682282    nan         nan         1.298078    nan         0.761029    nan         0.299618    nan         0.303695    nan         0.603535    nan         2000        4.901961    1.073899    0.587903    257.067273  11.319403  
WARNING:root:NaN or Inf found in input tensor.
WARNING:root:NaN or Inf found in input tensor.
WARNING:root:NaN or Inf found in input tensor.
WARNING:root:NaN or Inf found in input tensor.
WARNING:root:NaN or Inf found in input tensor.
WARNING:root:NaN or Inf found in input tensor.
WARNING:root:NaN or Inf found in input tensor.
[36mINFO[0m 08/13 23:19:08 | 0.310086    0.313842    0.000000    0.687676    nan         nan         1.273767    nan         0.759191    nan         0.310086    nan         0.313842    nan         0.616162    nan         2100        5.147059    1.059614    0.588916    258.920864  11.320395  
WARNING:root:NaN or Inf found in input tensor.
WARNING:root:NaN or Inf found in input tensor.
WARNING:root:NaN or Inf found in input tensor.
WARNING:root:NaN or Inf found in input tensor.
WARNING:root:NaN or Inf found in input tensor.
WARNING:root:NaN or Inf found in input tensor.
WARNING:root:NaN or Inf found in input tensor.
[36mINFO[0m 08/13 23:24:17 | 0.312672    0.319163    0.000000    0.691571    nan         nan         1.243457    nan         0.773897    nan         0.312672    nan         0.319163    nan         0.609245    nan         2200        5.392157    1.017161    0.595253    246.318291  11.320395  
WARNING:root:NaN or Inf found in input tensor.
WARNING:root:NaN or Inf found in input tensor.
WARNING:root:NaN or Inf found in input tensor.
WARNING:root:NaN or Inf found in input tensor.
WARNING:root:NaN or Inf found in input tensor.
WARNING:root:NaN or Inf found in input tensor.
WARNING:root:NaN or Inf found in input tensor.
[36mINFO[0m 08/13 23:29:22 | 0.311059    0.316256    0.000000    0.692639    nan         nan         1.275899    nan         0.765931    nan         0.311059    nan         0.316256    nan         0.619346    nan         2300        5.637255    1.002238    0.594235    241.228467  11.320395  
WARNING:root:NaN or Inf found in input tensor.
WARNING:root:NaN or Inf found in input tensor.
WARNING:root:NaN or Inf found in input tensor.
WARNING:root:NaN or Inf found in input tensor.
WARNING:root:NaN or Inf found in input tensor.
WARNING:root:NaN or Inf found in input tensor.
WARNING:root:NaN or Inf found in input tensor.
[36mINFO[0m 08/13 23:34:41 | 0.310948    0.313596    0.000000    0.697289    nan         nan         1.269368    nan         0.775123    nan         0.310948    nan         0.313596    nan         0.619455    nan         2400        5.882353    0.975056    0.594130    256.221586  11.320395  
WARNING:root:NaN or Inf found in input tensor.
WARNING:root:NaN or Inf found in input tensor.
WARNING:root:NaN or Inf found in input tensor.
WARNING:root:NaN or Inf found in input tensor.
WARNING:root:NaN or Inf found in input tensor.
WARNING:root:NaN or Inf found in input tensor.
WARNING:root:NaN or Inf found in input tensor.
[36mINFO[0m 08/13 23:39:49 | 0.321810    0.323399    0.000000    0.696547    nan         nan         1.272802    nan         0.778799    nan         0.321810    nan         0.323399    nan         0.614295    nan         2500        6.127451    0.947343    0.590747    244.910399  11.320395  
WARNING:root:NaN or Inf found in input tensor.
WARNING:root:NaN or Inf found in input tensor.
WARNING:root:NaN or Inf found in input tensor.
WARNING:root:NaN or Inf found in input tensor.
WARNING:root:NaN or Inf found in input tensor.
WARNING:root:NaN or Inf found in input tensor.
WARNING:root:NaN or Inf found in input tensor.
[36mINFO[0m 08/13 23:44:54 | 0.321663    0.320246    0.000000    0.683374    nan         nan         1.293590    nan         0.758272    nan         0.321663    nan         0.320246    nan         0.608476    nan         2600        6.372549    0.954040    0.593804    241.568844  11.320395  
WARNING:root:NaN or Inf found in input tensor.
WARNING:root:NaN or Inf found in input tensor.
WARNING:root:NaN or Inf found in input tensor.
WARNING:root:NaN or Inf found in input tensor.
WARNING:root:NaN or Inf found in input tensor.
WARNING:root:NaN or Inf found in input tensor.
WARNING:root:NaN or Inf found in input tensor.
[36mINFO[0m 08/13 23:50:08 | 0.333485    0.334483    0.000000    0.696708    nan         nan         1.252457    nan         0.774510    nan         0.333485    nan         0.334483    nan         0.618906    nan         2700        6.617647    0.944211    0.588855    251.005490  11.320395  
WARNING:root:NaN or Inf found in input tensor.
WARNING:root:NaN or Inf found in input tensor.
WARNING:root:NaN or Inf found in input tensor.
WARNING:root:NaN or Inf found in input tensor.
WARNING:root:NaN or Inf found in input tensor.
WARNING:root:NaN or Inf found in input tensor.
WARNING:root:NaN or Inf found in input tensor.
[36mINFO[0m 08/13 23:55:15 | 0.309828    0.309951    0.000000    0.697387    nan         nan         1.218738    nan         0.775429    nan         0.309828    nan         0.309951    nan         0.619346    nan         2800        6.862745    0.905799    0.589043    244.768794  11.320395  
WARNING:root:NaN or Inf found in input tensor.
WARNING:root:NaN or Inf found in input tensor.
WARNING:root:NaN or Inf found in input tensor.
WARNING:root:NaN or Inf found in input tensor.
WARNING:root:NaN or Inf found in input tensor.
WARNING:root:NaN or Inf found in input tensor.
WARNING:root:NaN or Inf found in input tensor.
[36mINFO[0m 08/14 00:00:28 | 0.319544    0.322611    0.000000    0.717538    nan         nan         1.169608    nan         0.798713    nan         0.319544    nan         0.322611    nan         0.636364    nan         2900        7.107843    0.918629    0.560353    249.685855  11.320700  
WARNING:root:NaN or Inf found in input tensor.
WARNING:root:NaN or Inf found in input tensor.
WARNING:root:NaN or Inf found in input tensor.
WARNING:root:NaN or Inf found in input tensor.
WARNING:root:NaN or Inf found in input tensor.
WARNING:root:NaN or Inf found in input tensor.
WARNING:root:NaN or Inf found in input tensor.
[36mINFO[0m 08/14 00:05:34 | 0.320320    0.322857    0.000000    0.719424    nan         nan         1.169067    nan         0.793811    nan         0.320320    nan         0.322857    nan         0.645037    nan         3000        7.352941    0.857463    0.573753    243.651044  11.320700  
WARNING:root:NaN or Inf found in input tensor.
WARNING:root:NaN or Inf found in input tensor.
WARNING:root:NaN or Inf found in input tensor.
WARNING:root:NaN or Inf found in input tensor.
WARNING:root:NaN or Inf found in input tensor.
WARNING:root:NaN or Inf found in input tensor.
WARNING:root:NaN or Inf found in input tensor.
[36mINFO[0m 08/14 00:10:49 | 0.318929    0.322266    0.000000    0.708692    nan         nan         1.187570    nan         0.784314    nan         0.318929    nan         0.322266    nan         0.633070    nan         3100        7.598039    0.867657    0.577843    251.937204  11.324240  
WARNING:root:NaN or Inf found in input tensor.
WARNING:root:NaN or Inf found in input tensor.
WARNING:root:NaN or Inf found in input tensor.
WARNING:root:NaN or Inf found in input tensor.
WARNING:root:NaN or Inf found in input tensor.
WARNING:root:NaN or Inf found in input tensor.
WARNING:root:NaN or Inf found in input tensor.
[36mINFO[0m 08/14 00:15:59 | 0.317131    0.316355    0.000000    0.706813    nan         nan         1.225547    nan         0.778799    nan         0.317131    nan         0.316355    nan         0.634827    nan         3200        7.843137    0.878444    0.568298    247.191053  11.324423  
WARNING:root:NaN or Inf found in input tensor.
WARNING:root:NaN or Inf found in input tensor.
WARNING:root:NaN or Inf found in input tensor.
WARNING:root:NaN or Inf found in input tensor.
WARNING:root:NaN or Inf found in input tensor.
WARNING:root:NaN or Inf found in input tensor.
WARNING:root:NaN or Inf found in input tensor.
[36mINFO[0m 08/14 00:20:57 | 0.322820    0.325222    0.000000    0.715052    nan         nan         1.208685    nan         0.788909    nan         0.322820    nan         0.325222    nan         0.641195    nan         3300        8.088235    0.852434    0.572599    235.504246  11.324423  
WARNING:root:NaN or Inf found in input tensor.
WARNING:root:NaN or Inf found in input tensor.
WARNING:root:NaN or Inf found in input tensor.
WARNING:root:NaN or Inf found in input tensor.
WARNING:root:NaN or Inf found in input tensor.
WARNING:root:NaN or Inf found in input tensor.
WARNING:root:NaN or Inf found in input tensor.
[36mINFO[0m 08/14 00:26:03 | 0.300259    0.303498    0.000000    0.708154    nan         nan         1.233231    nan         0.784007    nan         0.300259    nan         0.303498    nan         0.632301    nan         3400        8.333333    0.818013    0.566686    243.037754  11.324423  
WARNING:root:NaN or Inf found in input tensor.
WARNING:root:NaN or Inf found in input tensor.
WARNING:root:NaN or Inf found in input tensor.
WARNING:root:NaN or Inf found in input tensor.
WARNING:root:NaN or Inf found in input tensor.
WARNING:root:NaN or Inf found in input tensor.
WARNING:root:NaN or Inf found in input tensor.
[36mINFO[0m 08/14 00:31:05 | 0.316884    0.316946    0.000000    0.714752    nan         nan         1.189368    nan         0.791054    nan         0.316884    nan         0.316946    nan         0.638450    nan         3500        8.578431    0.828273    0.573312    240.279915  11.325521  
WARNING:root:NaN or Inf found in input tensor.
WARNING:root:NaN or Inf found in input tensor.
WARNING:root:NaN or Inf found in input tensor.
WARNING:root:NaN or Inf found in input tensor.
WARNING:root:NaN or Inf found in input tensor.
WARNING:root:NaN or Inf found in input tensor.
WARNING:root:NaN or Inf found in input tensor.
[36mINFO[0m 08/14 00:36:14 | 0.324667    0.330493    0.000000    0.717690    nan         nan         1.182577    nan         0.787377    nan         0.324667    nan         0.330493    nan         0.648002    nan         3600        8.823529    0.807412    0.569594    246.185152  11.325521  
WARNING:root:NaN or Inf found in input tensor.
WARNING:root:NaN or Inf found in input tensor.
WARNING:root:NaN or Inf found in input tensor.
WARNING:root:NaN or Inf found in input tensor.
WARNING:root:NaN or Inf found in input tensor.
WARNING:root:NaN or Inf found in input tensor.
WARNING:root:NaN or Inf found in input tensor.
[36mINFO[0m 08/14 00:41:38 | 0.323941    0.329261    0.000000    0.711157    nan         nan         1.208698    nan         0.787377    nan         0.323941    nan         0.329261    nan         0.634936    nan         3700        9.068627    0.818366    0.582364    260.597212  11.325521  
WARNING:root:NaN or Inf found in input tensor.
WARNING:root:NaN or Inf found in input tensor.
WARNING:root:NaN or Inf found in input tensor.
WARNING:root:NaN or Inf found in input tensor.
WARNING:root:NaN or Inf found in input tensor.
WARNING:root:NaN or Inf found in input tensor.
WARNING:root:NaN or Inf found in input tensor.
[36mINFO[0m 08/14 00:46:57 | 0.315616    0.314483    0.000000    0.715295    nan         nan         1.150453    nan         0.788297    nan         0.315616    nan         0.314483    nan         0.642292    nan         3800        9.313725    0.816221    0.585831    255.852707  11.327848  
WARNING:root:NaN or Inf found in input tensor.
WARNING:root:NaN or Inf found in input tensor.
WARNING:root:NaN or Inf found in input tensor.
WARNING:root:NaN or Inf found in input tensor.
WARNING:root:NaN or Inf found in input tensor.
WARNING:root:NaN or Inf found in input tensor.
WARNING:root:NaN or Inf found in input tensor.
[36mINFO[0m 08/14 00:52:22 | 0.330973    0.336650    0.000000    0.710467    nan         nan         1.196898    nan         0.773591    nan         0.330973    nan         0.336650    nan         0.647343    nan         3900        9.558824    0.746142    0.582378    262.400089  11.327917  
WARNING:root:NaN or Inf found in input tensor.
WARNING:root:NaN or Inf found in input tensor.
WARNING:root:NaN or Inf found in input tensor.
WARNING:root:NaN or Inf found in input tensor.
WARNING:root:NaN or Inf found in input tensor.
WARNING:root:NaN or Inf found in input tensor.
WARNING:root:NaN or Inf found in input tensor.
[36mINFO[0m 08/14 00:57:41 | 0.303411    0.311034    0.000000    0.705635    nan         nan         1.266112    nan         0.767770    nan         0.303411    nan         0.311034    nan         0.643500    nan         4000        9.803922    0.750691    0.583644    256.974984  11.327917  
WARNING:root:NaN or Inf found in input tensor.
WARNING:root:NaN or Inf found in input tensor.
WARNING:root:NaN or Inf found in input tensor.
WARNING:root:NaN or Inf found in input tensor.
WARNING:root:NaN or Inf found in input tensor.
WARNING:root:NaN or Inf found in input tensor.
WARNING:root:NaN or Inf found in input tensor.
[36mINFO[0m 08/14 01:02:56 | 0.329914    0.333645    0.000000    0.712189    nan         nan         1.179020    nan         0.774510    nan         0.329914    nan         0.333645    nan         0.649868    nan         4100        10.049020   0.749273    0.584824    252.298757  11.327917  
WARNING:root:NaN or Inf found in input tensor.
WARNING:root:NaN or Inf found in input tensor.
WARNING:root:NaN or Inf found in input tensor.
WARNING:root:NaN or Inf found in input tensor.
WARNING:root:NaN or Inf found in input tensor.
WARNING:root:NaN or Inf found in input tensor.
WARNING:root:NaN or Inf found in input tensor.
[36mINFO[0m 08/14 01:08:11 | 0.316034    0.316995    0.000000    0.719487    nan         nan         1.180829    nan         0.789216    nan         0.316034    nan         0.316995    nan         0.649758    nan         4200        10.294118   0.761282    0.572125    252.628206  11.327917  
WARNING:root:NaN or Inf found in input tensor.
WARNING:root:NaN or Inf found in input tensor.
WARNING:root:NaN or Inf found in input tensor.
WARNING:root:NaN or Inf found in input tensor.
WARNING:root:NaN or Inf found in input tensor.
WARNING:root:NaN or Inf found in input tensor.
WARNING:root:NaN or Inf found in input tensor.
[36mINFO[0m 08/14 01:13:27 | 0.330751    0.335320    0.000000    0.721706    nan         nan         1.177708    nan         0.788603    nan         0.330751    nan         0.335320    nan         0.654809    nan         4300        10.539216   0.698824    0.584347    253.409133  11.327917  
WARNING:root:NaN or Inf found in input tensor.
WARNING:root:NaN or Inf found in input tensor.
WARNING:root:NaN or Inf found in input tensor.
WARNING:root:NaN or Inf found in input tensor.
WARNING:root:NaN or Inf found in input tensor.
WARNING:root:NaN or Inf found in input tensor.
WARNING:root:NaN or Inf found in input tensor.
[36mINFO[0m 08/14 01:18:44 | 0.319236    0.324680    0.000000    0.728546    nan         nan         1.162185    nan         0.795037    nan         0.319236    nan         0.324680    nan         0.662055    nan         4400        10.784314   0.730884    0.571728    250.584768  11.327917  
WARNING:root:NaN or Inf found in input tensor.
WARNING:root:NaN or Inf found in input tensor.
WARNING:root:NaN or Inf found in input tensor.
WARNING:root:NaN or Inf found in input tensor.
WARNING:root:NaN or Inf found in input tensor.
WARNING:root:NaN or Inf found in input tensor.
WARNING:root:NaN or Inf found in input tensor.
[36mINFO[0m 08/14 01:23:49 | 0.322365    0.329015    0.000000    0.732332    nan         nan         1.152732    nan         0.802390    nan         0.322365    nan         0.329015    nan         0.662275    nan         4500        11.029412   0.715984    0.573547    242.384678  11.331945  
WARNING:root:NaN or Inf found in input tensor.
WARNING:root:NaN or Inf found in input tensor.
WARNING:root:NaN or Inf found in input tensor.
WARNING:root:NaN or Inf found in input tensor.
WARNING:root:NaN or Inf found in input tensor.
WARNING:root:NaN or Inf found in input tensor.
WARNING:root:NaN or Inf found in input tensor.
[36mINFO[0m 08/14 01:29:03 | 0.315825    0.313645    0.000000    0.729737    nan         nan         1.164382    nan         0.798407    nan         0.315825    nan         0.313645    nan         0.661067    nan         4600        11.274510   0.684970    0.577679    250.939120  11.334311  
WARNING:root:NaN or Inf found in input tensor.
WARNING:root:NaN or Inf found in input tensor.
WARNING:root:NaN or Inf found in input tensor.
WARNING:root:NaN or Inf found in input tensor.
WARNING:root:NaN or Inf found in input tensor.
WARNING:root:NaN or Inf found in input tensor.
WARNING:root:NaN or Inf found in input tensor.
[36mINFO[0m 08/14 01:34:13 | 0.327401    0.329163    0.000000    0.728690    nan         nan         1.159810    nan         0.794118    nan         0.327401    nan         0.329163    nan         0.663263    nan         4700        11.519608   0.683755    0.594033    246.517097  11.338278  
WARNING:root:NaN or Inf found in input tensor.
WARNING:root:NaN or Inf found in input tensor.
WARNING:root:NaN or Inf found in input tensor.
WARNING:root:NaN or Inf found in input tensor.
WARNING:root:NaN or Inf found in input tensor.
WARNING:root:NaN or Inf found in input tensor.
WARNING:root:NaN or Inf found in input tensor.
[36mINFO[0m 08/14 01:39:24 | 0.318608    0.321084    0.000000    0.720147    nan         nan         1.203092    nan         0.781863    nan         0.318608    nan         0.321084    nan         0.658432    nan         4800        11.764706   0.683621    0.586719    248.802197  11.338278  
WARNING:root:NaN or Inf found in input tensor.
WARNING:root:NaN or Inf found in input tensor.
WARNING:root:NaN or Inf found in input tensor.
WARNING:root:NaN or Inf found in input tensor.
WARNING:root:NaN or Inf found in input tensor.
WARNING:root:NaN or Inf found in input tensor.
WARNING:root:NaN or Inf found in input tensor.
[36mINFO[0m 08/14 01:44:34 | 0.333608    0.337192    0.000000    0.727322    nan         nan         1.149097    nan         0.798407    nan         0.333608    nan         0.337192    nan         0.656236    nan         4900        12.009804   0.690140    0.571760    247.569157  11.338278  
WARNING:root:NaN or Inf found in input tensor.
WARNING:root:NaN or Inf found in input tensor.
WARNING:root:NaN or Inf found in input tensor.
WARNING:root:NaN or Inf found in input tensor.
WARNING:root:NaN or Inf found in input tensor.
WARNING:root:NaN or Inf found in input tensor.
WARNING:root:NaN or Inf found in input tensor.
[36mINFO[0m 08/14 01:49:45 | 0.313140    0.317980    0.000000    0.726410    nan         nan         1.157885    nan         0.791973    nan         0.313140    nan         0.317980    nan         0.660848    nan         5000        12.254902   0.677219    0.584620    247.890332  11.338278  
WARNING:root:NaN or Inf found in input tensor.
WARNING:root:NaN or Inf found in input tensor.
WARNING:root:NaN or Inf found in input tensor.
WARNING:root:NaN or Inf found in input tensor.
WARNING:root:NaN or Inf found in input tensor.
WARNING:root:NaN or Inf found in input tensor.
WARNING:root:NaN or Inf found in input tensor.
[36mINFO[0m 08/14 01:49:45 | ---
[33mWARNING[0m 08/14 01:49:46 | Evaluate SWAD ...
[36mINFO[0m 08/14 01:53:56 | 0.374815    0.379803    0.000000    0.771334    nan         nan         0.951291    nan         0.845588    nan         0.374815    nan         0.379803    nan         0.697079    nan         [1401-5000]  (N=37)
[36mINFO[0m 08/14 01:53:56 | oracle = 33.361%
[36mINFO[0m 08/14 01:53:56 | iid = 32.236%
[36mINFO[0m 08/14 01:53:56 | last = 31.314%
[36mINFO[0m 08/14 01:53:56 | last (inD) = 72.641%
[36mINFO[0m 08/14 01:53:56 | iid (inD) = 73.233%
[36mINFO[0m 08/14 01:53:56 | SWAD = 37.482%
[36mINFO[0m 08/14 01:53:56 | SWAD (inD) = 77.133%
[36mINFO[0m 08/14 01:53:57 | 
[36mINFO[0m 08/14 01:53:59 | Testenv name escaping te_sketch -> te_sketch
[36mINFO[0m 08/14 01:53:59 | Test envs = [2], name = te_sketch
[36mINFO[0m 08/14 01:53:59 | Batch sizes for each domain: [32, 32, 0] (total=64)
[36mINFO[0m 08/14 01:53:59 | steps-per-epoch for each domain: 408.00, 2537.50 -> min = 408.00
[36mINFO[0m 08/14 01:54:02 | # of params = 23923979
[36mINFO[0m 08/14 01:56:35 | test_in     test_out    train_in    train_out   test_in_au  train_out_  tr_outloss  test_out_a  env0_out    env0_out_a  env1_out    env1_out_a  env2_in     env2_in_au  env2_out    env2_out_a  step        epoch       loss        step_time   eval_time   mem_gb     
[36mINFO[0m 08/14 01:56:35 | 0.007823    0.006478    0.000000    0.006939    nan         nan         5.338959    nan         0.007966    nan         0.005911    nan         0.007823    nan         0.006478    nan         0           0.000000    5.332612    0.557707    152.226635  9.683208   
WARNING:root:NaN or Inf found in input tensor.
WARNING:root:NaN or Inf found in input tensor.
WARNING:root:NaN or Inf found in input tensor.
WARNING:root:NaN or Inf found in input tensor.
WARNING:root:NaN or Inf found in input tensor.
WARNING:root:NaN or Inf found in input tensor.
WARNING:root:NaN or Inf found in input tensor.
[36mINFO[0m 08/14 02:00:15 | 0.013285    0.013285    0.000000    0.032969    nan         nan         4.974453    nan         0.037071    nan         0.028867    nan         0.013285    nan         0.013285    nan         100         0.245098    5.257045    0.588022    155.934395  10.041951  
WARNING:root:NaN or Inf found in input tensor.
WARNING:root:NaN or Inf found in input tensor.
WARNING:root:NaN or Inf found in input tensor.
WARNING:root:NaN or Inf found in input tensor.
WARNING:root:NaN or Inf found in input tensor.
WARNING:root:NaN or Inf found in input tensor.
WARNING:root:NaN or Inf found in input tensor.
[36mINFO[0m 08/14 02:03:45 | 0.083553    0.084431    0.000000    0.204637    nan         nan         3.534648    nan         0.234988    nan         0.174286    nan         0.083553    nan         0.084431    nan         200         0.490196    4.268978    0.579303    148.109900  10.216396  
WARNING:root:NaN or Inf found in input tensor.
WARNING:root:NaN or Inf found in input tensor.
WARNING:root:NaN or Inf found in input tensor.
WARNING:root:NaN or Inf found in input tensor.
WARNING:root:NaN or Inf found in input tensor.
WARNING:root:NaN or Inf found in input tensor.
WARNING:root:NaN or Inf found in input tensor.
[36mINFO[0m 08/14 02:07:28 | 0.126455    0.123628    0.000000    0.370751    nan         nan         2.542765    nan         0.409926    nan         0.331576    nan         0.126455    nan         0.123628    nan         300         0.735294    3.095611    0.579928    159.830575  10.393573  
WARNING:root:NaN or Inf found in input tensor.
WARNING:root:NaN or Inf found in input tensor.
WARNING:root:NaN or Inf found in input tensor.
WARNING:root:NaN or Inf found in input tensor.
WARNING:root:NaN or Inf found in input tensor.
WARNING:root:NaN or Inf found in input tensor.
WARNING:root:NaN or Inf found in input tensor.
[36mINFO[0m 08/14 02:11:04 | 0.166831    0.166227    0.000000    0.476425    nan         nan         2.080534    nan         0.526348    nan         0.426502    nan         0.166831    nan         0.166227    nan         400         0.980392    2.331470    0.590418    153.835407  10.575617  
WARNING:root:NaN or Inf found in input tensor.
WARNING:root:NaN or Inf found in input tensor.
WARNING:root:NaN or Inf found in input tensor.
WARNING:root:NaN or Inf found in input tensor.
WARNING:root:NaN or Inf found in input tensor.
WARNING:root:NaN or Inf found in input tensor.
WARNING:root:NaN or Inf found in input tensor.
[36mINFO[0m 08/14 02:14:35 | 0.193017    0.192907    0.000000    0.513973    nan         nan         1.910812    nan         0.574449    nan         0.453498    nan         0.193017    nan         0.192907    nan         500         1.225490    2.020394    0.585836    147.821060  10.759141  
WARNING:root:NaN or Inf found in input tensor.
WARNING:root:NaN or Inf found in input tensor.
WARNING:root:NaN or Inf found in input tensor.
WARNING:root:NaN or Inf found in input tensor.
WARNING:root:NaN or Inf found in input tensor.
WARNING:root:NaN or Inf found in input tensor.
WARNING:root:NaN or Inf found in input tensor.
[36mINFO[0m 08/14 02:18:12 | 0.192194    0.193676    0.000000    0.552830    nan         nan         1.708609    nan         0.606005    nan         0.499655    nan         0.192194    nan         0.193676    nan         600         1.470588    1.846470    0.582918    154.128369  10.937492  
WARNING:root:NaN or Inf found in input tensor.
WARNING:root:NaN or Inf found in input tensor.
WARNING:root:NaN or Inf found in input tensor.
WARNING:root:NaN or Inf found in input tensor.
WARNING:root:NaN or Inf found in input tensor.
WARNING:root:NaN or Inf found in input tensor.
WARNING:root:NaN or Inf found in input tensor.
[36mINFO[0m 08/14 02:22:00 | 0.175944    0.176877    0.000000    0.566316    nan         nan         1.667834    nan         0.630515    nan         0.502118    nan         0.175944    nan         0.176877    nan         700         1.715686    1.652548    0.592890    165.327390  11.114532  
WARNING:root:NaN or Inf found in input tensor.
WARNING:root:NaN or Inf found in input tensor.
WARNING:root:NaN or Inf found in input tensor.
WARNING:root:NaN or Inf found in input tensor.
WARNING:root:NaN or Inf found in input tensor.
WARNING:root:NaN or Inf found in input tensor.
WARNING:root:NaN or Inf found in input tensor.
[36mINFO[0m 08/14 02:25:38 | 0.216568    0.219477    0.000000    0.598278    nan         nan         1.518863    nan         0.656556    nan         0.540000    nan         0.216568    nan         0.219477    nan         800         1.960784    1.605911    0.586257    155.124086  11.115653  
WARNING:root:NaN or Inf found in input tensor.
WARNING:root:NaN or Inf found in input tensor.
WARNING:root:NaN or Inf found in input tensor.
WARNING:root:NaN or Inf found in input tensor.
WARNING:root:NaN or Inf found in input tensor.
WARNING:root:NaN or Inf found in input tensor.
WARNING:root:NaN or Inf found in input tensor.
[36mINFO[0m 08/14 02:29:05 | 0.217364    0.221344    0.000000    0.627178    nan         nan         1.400822    nan         0.693321    nan         0.561034    nan         0.217364    nan         0.221344    nan         900         2.205882    1.464448    0.582939    145.195894  11.117835  
WARNING:root:NaN or Inf found in input tensor.
WARNING:root:NaN or Inf found in input tensor.
WARNING:root:NaN or Inf found in input tensor.
WARNING:root:NaN or Inf found in input tensor.
WARNING:root:NaN or Inf found in input tensor.
WARNING:root:NaN or Inf found in input tensor.
WARNING:root:NaN or Inf found in input tensor.
[36mINFO[0m 08/14 02:32:32 | 0.210996    0.208278    0.000000    0.645100    nan         nan         1.331724    nan         0.706801    nan         0.583399    nan         0.210996    nan         0.208278    nan         1000        2.450980    1.421208    0.587541    144.042876  11.119376  
WARNING:root:NaN or Inf found in input tensor.
WARNING:root:NaN or Inf found in input tensor.
WARNING:root:NaN or Inf found in input tensor.
WARNING:root:NaN or Inf found in input tensor.
WARNING:root:NaN or Inf found in input tensor.
WARNING:root:NaN or Inf found in input tensor.
WARNING:root:NaN or Inf found in input tensor.
[36mINFO[0m 08/14 02:36:09 | 0.221536    0.217611    0.000000    0.631159    nan         nan         1.390824    nan         0.684436    nan         0.577882    nan         0.221536    nan         0.217611    nan         1100        2.696078    1.295272    0.582289    154.453423  11.121619  
WARNING:root:NaN or Inf found in input tensor.
WARNING:root:NaN or Inf found in input tensor.
WARNING:root:NaN or Inf found in input tensor.
WARNING:root:NaN or Inf found in input tensor.
WARNING:root:NaN or Inf found in input tensor.
WARNING:root:NaN or Inf found in input tensor.
WARNING:root:NaN or Inf found in input tensor.
[36mINFO[0m 08/14 02:39:43 | 0.199001    0.196091    0.000000    0.641864    nan         nan         1.315475    nan         0.690870    nan         0.592857    nan         0.199001    nan         0.196091    nan         1200        2.941176    1.263554    0.576256    151.266705  11.123809  
WARNING:root:NaN or Inf found in input tensor.
WARNING:root:NaN or Inf found in input tensor.
WARNING:root:NaN or Inf found in input tensor.
WARNING:root:NaN or Inf found in input tensor.
WARNING:root:NaN or Inf found in input tensor.
WARNING:root:NaN or Inf found in input tensor.
WARNING:root:NaN or Inf found in input tensor.
[36mINFO[0m 08/14 02:43:26 | 0.209321    0.212011    0.000000    0.660489    nan         nan         1.262434    nan         0.719056    nan         0.601921    nan         0.209321    nan         0.212011    nan         1300        3.186275    1.213547    0.594044    160.489194  11.123809  
WARNING:root:NaN or Inf found in input tensor.
WARNING:root:NaN or Inf found in input tensor.
WARNING:root:NaN or Inf found in input tensor.
WARNING:root:NaN or Inf found in input tensor.
WARNING:root:NaN or Inf found in input tensor.
WARNING:root:NaN or Inf found in input tensor.
WARNING:root:NaN or Inf found in input tensor.
[36mINFO[0m 08/14 02:47:02 | 0.219917    0.217721    0.000000    0.665994    nan         nan         1.227793    nan         0.723958    nan         0.608030    nan         0.219917    nan         0.217721    nan         1400        3.431373    1.183397    0.575085    153.248806  11.123809  
WARNING:root:NaN or Inf found in input tensor.
WARNING:root:NaN or Inf found in input tensor.
WARNING:root:NaN or Inf found in input tensor.
WARNING:root:NaN or Inf found in input tensor.
WARNING:root:NaN or Inf found in input tensor.
WARNING:root:NaN or Inf found in input tensor.
WARNING:root:NaN or Inf found in input tensor.
[36mINFO[0m 08/14 02:50:35 | 0.240173    0.240777    0.000000    0.664795    nan         nan         1.244073    nan         0.723039    nan         0.606552    nan         0.240173    nan         0.240777    nan         1500        3.676471    1.153410    0.563573    150.332090  11.125846  
WARNING:root:NaN or Inf found in input tensor.
WARNING:root:NaN or Inf found in input tensor.
WARNING:root:NaN or Inf found in input tensor.
WARNING:root:NaN or Inf found in input tensor.
WARNING:root:NaN or Inf found in input tensor.
WARNING:root:NaN or Inf found in input tensor.
WARNING:root:NaN or Inf found in input tensor.
[36mINFO[0m 08/14 02:54:12 | 0.229441    0.232323    0.000000    0.672011    nan         nan         1.194985    nan         0.728554    nan         0.615468    nan         0.229441    nan         0.232323    nan         1600        3.921569    1.142845    0.575827    154.842551  11.130294  
WARNING:root:NaN or Inf found in input tensor.
WARNING:root:NaN or Inf found in input tensor.
WARNING:root:NaN or Inf found in input tensor.
WARNING:root:NaN or Inf found in input tensor.
WARNING:root:NaN or Inf found in input tensor.
WARNING:root:NaN or Inf found in input tensor.
WARNING:root:NaN or Inf found in input tensor.
[36mINFO[0m 08/14 02:57:46 | 0.227904    0.225077    0.000000    0.688528    nan         nan         1.163903    nan         0.747549    nan         0.629507    nan         0.227904    nan         0.225077    nan         1700        4.166667    1.106402    0.571587    150.753599  11.131164  
WARNING:root:NaN or Inf found in input tensor.
WARNING:root:NaN or Inf found in input tensor.
WARNING:root:NaN or Inf found in input tensor.
WARNING:root:NaN or Inf found in input tensor.
WARNING:root:NaN or Inf found in input tensor.
WARNING:root:NaN or Inf found in input tensor.
WARNING:root:NaN or Inf found in input tensor.
[36mINFO[0m 08/14 03:01:13 | 0.227794    0.223430    0.000000    0.687672    nan         nan         1.164605    nan         0.747855    nan         0.627488    nan         0.227794    nan         0.223430    nan         1800        4.411765    1.054835    0.565511    145.590687  11.133262  
WARNING:root:NaN or Inf found in input tensor.
WARNING:root:NaN or Inf found in input tensor.
WARNING:root:NaN or Inf found in input tensor.
WARNING:root:NaN or Inf found in input tensor.
WARNING:root:NaN or Inf found in input tensor.
WARNING:root:NaN or Inf found in input tensor.
WARNING:root:NaN or Inf found in input tensor.
[36mINFO[0m 08/14 03:04:38 | 0.258948    0.257137    0.000000    0.688835    nan         nan         1.174547    nan         0.748162    nan         0.629507    nan         0.258948    nan         0.257137    nan         1900        4.656863    1.022394    0.565351    142.270871  11.141097  
WARNING:root:NaN or Inf found in input tensor.
WARNING:root:NaN or Inf found in input tensor.
WARNING:root:NaN or Inf found in input tensor.
WARNING:root:NaN or Inf found in input tensor.
WARNING:root:NaN or Inf found in input tensor.
WARNING:root:NaN or Inf found in input tensor.
WARNING:root:NaN or Inf found in input tensor.
Model converged at step 1700, Start step = 1401; Threshold = 1.517990, 
[36mINFO[0m 08/14 03:08:12 | 0.218681    0.216623    0.000000    0.694402    nan         nan         1.127204    nan         0.755208    nan         0.633596    nan         0.218681    nan         0.216623    nan         2000        4.901961    1.032868    0.564891    152.024296  11.319403  
WARNING:root:NaN or Inf found in input tensor.
WARNING:root:NaN or Inf found in input tensor.
WARNING:root:NaN or Inf found in input tensor.
WARNING:root:NaN or Inf found in input tensor.
WARNING:root:NaN or Inf found in input tensor.
WARNING:root:NaN or Inf found in input tensor.
WARNING:root:NaN or Inf found in input tensor.
[36mINFO[0m 08/14 03:11:50 | 0.222359    0.222771    0.000000    0.691694    nan         nan         1.125194    nan         0.749694    nan         0.633695    nan         0.222359    nan         0.222771    nan         2100        5.147059    0.962148    0.569379    155.283378  11.320395  
WARNING:root:NaN or Inf found in input tensor.
WARNING:root:NaN or Inf found in input tensor.
WARNING:root:NaN or Inf found in input tensor.
WARNING:root:NaN or Inf found in input tensor.
WARNING:root:NaN or Inf found in input tensor.
WARNING:root:NaN or Inf found in input tensor.
WARNING:root:NaN or Inf found in input tensor.
[36mINFO[0m 08/14 03:15:39 | 0.243632    0.236935    0.000000    0.702491    nan         nan         1.108619    nan         0.761336    nan         0.643645    nan         0.243632    nan         0.236935    nan         2200        5.392157    0.956079    0.572467    165.220705  11.320395  
WARNING:root:NaN or Inf found in input tensor.
WARNING:root:NaN or Inf found in input tensor.
WARNING:root:NaN or Inf found in input tensor.
WARNING:root:NaN or Inf found in input tensor.
WARNING:root:NaN or Inf found in input tensor.
WARNING:root:NaN or Inf found in input tensor.
WARNING:root:NaN or Inf found in input tensor.
[36mINFO[0m 08/14 03:19:08 | 0.232680    0.230457    0.000000    0.691203    nan         nan         1.154143    nan         0.741422    nan         0.640985    nan         0.232680    nan         0.230457    nan         2300        5.637255    0.929432    0.585937    146.850345  11.320395  
WARNING:root:NaN or Inf found in input tensor.
WARNING:root:NaN or Inf found in input tensor.
WARNING:root:NaN or Inf found in input tensor.
WARNING:root:NaN or Inf found in input tensor.
WARNING:root:NaN or Inf found in input tensor.
WARNING:root:NaN or Inf found in input tensor.
WARNING:root:NaN or Inf found in input tensor.
[36mINFO[0m 08/14 03:22:38 | 0.248573    0.245938    0.000000    0.704298    nan         nan         1.092685    nan         0.757659    nan         0.650936    nan         0.248573    nan         0.245938    nan         2400        5.882353    0.950289    0.568538    146.925341  11.320395  
WARNING:root:NaN or Inf found in input tensor.
WARNING:root:NaN or Inf found in input tensor.
WARNING:root:NaN or Inf found in input tensor.
WARNING:root:NaN or Inf found in input tensor.
WARNING:root:NaN or Inf found in input tensor.
WARNING:root:NaN or Inf found in input tensor.
WARNING:root:NaN or Inf found in input tensor.
[36mINFO[0m 08/14 03:26:11 | 0.246706    0.243193    0.000000    0.704991    nan         nan         1.084945    nan         0.763480    nan         0.646502    nan         0.246706    nan         0.243193    nan         2500        6.127451    0.904497    0.573481    151.171168  11.320395  
WARNING:root:NaN or Inf found in input tensor.
WARNING:root:NaN or Inf found in input tensor.
WARNING:root:NaN or Inf found in input tensor.
WARNING:root:NaN or Inf found in input tensor.
WARNING:root:NaN or Inf found in input tensor.
WARNING:root:NaN or Inf found in input tensor.
WARNING:root:NaN or Inf found in input tensor.
[36mINFO[0m 08/14 03:29:55 | 0.260403    0.261309    0.000000    0.694021    nan         nan         1.146501    nan         0.744792    nan         0.643251    nan         0.260403    nan         0.261309    nan         2600        6.372549    0.905210    0.591784    160.872653  11.320395  
WARNING:root:NaN or Inf found in input tensor.
WARNING:root:NaN or Inf found in input tensor.
WARNING:root:NaN or Inf found in input tensor.
WARNING:root:NaN or Inf found in input tensor.
WARNING:root:NaN or Inf found in input tensor.
WARNING:root:NaN or Inf found in input tensor.
WARNING:root:NaN or Inf found in input tensor.
[36mINFO[0m 08/14 03:33:27 | 0.244236    0.239460    0.000000    0.702366    nan         nan         1.106232    nan         0.754289    nan         0.650443    nan         0.244236    nan         0.239460    nan         2700        6.617647    0.897149    0.577667    148.512578  11.320395  
WARNING:root:NaN or Inf found in input tensor.
WARNING:root:NaN or Inf found in input tensor.
WARNING:root:NaN or Inf found in input tensor.
WARNING:root:NaN or Inf found in input tensor.
WARNING:root:NaN or Inf found in input tensor.
WARNING:root:NaN or Inf found in input tensor.
WARNING:root:NaN or Inf found in input tensor.
[36mINFO[0m 08/14 03:36:51 | 0.254639    0.249890    0.000000    0.713497    nan         nan         1.027045    nan         0.765319    nan         0.661675    nan         0.254639    nan         0.249890    nan         2800        6.862745    0.885991    0.572655    141.986678  11.320395  
WARNING:root:NaN or Inf found in input tensor.
WARNING:root:NaN or Inf found in input tensor.
WARNING:root:NaN or Inf found in input tensor.
WARNING:root:NaN or Inf found in input tensor.
WARNING:root:NaN or Inf found in input tensor.
WARNING:root:NaN or Inf found in input tensor.
WARNING:root:NaN or Inf found in input tensor.
[36mINFO[0m 08/14 03:40:23 | 0.227190    0.219368    0.000000    0.711121    nan         nan         1.079679    nan         0.764706    nan         0.657537    nan         0.227190    nan         0.219368    nan         2900        7.107843    0.852165    0.585952    149.563941  11.320700  
WARNING:root:NaN or Inf found in input tensor.
WARNING:root:NaN or Inf found in input tensor.
WARNING:root:NaN or Inf found in input tensor.
WARNING:root:NaN or Inf found in input tensor.
WARNING:root:NaN or Inf found in input tensor.
WARNING:root:NaN or Inf found in input tensor.
WARNING:root:NaN or Inf found in input tensor.
[36mINFO[0m 08/14 03:43:56 | 0.245059    0.235727    0.000000    0.718348    nan         nan         1.051771    nan         0.770833    nan         0.665862    nan         0.245059    nan         0.235727    nan         3000        7.352941    0.894027    0.575482    149.955798  11.320700  
WARNING:root:NaN or Inf found in input tensor.
WARNING:root:NaN or Inf found in input tensor.
WARNING:root:NaN or Inf found in input tensor.
WARNING:root:NaN or Inf found in input tensor.
WARNING:root:NaN or Inf found in input tensor.
WARNING:root:NaN or Inf found in input tensor.
WARNING:root:NaN or Inf found in input tensor.
[36mINFO[0m 08/14 03:47:43 | 0.250110    0.246267    0.000000    0.711297    nan         nan         1.085410    nan         0.760723    nan         0.661872    nan         0.250110    nan         0.246267    nan         3100        7.598039    0.807852    0.564852    164.750492  11.324240  
WARNING:root:NaN or Inf found in input tensor.
WARNING:root:NaN or Inf found in input tensor.
WARNING:root:NaN or Inf found in input tensor.
WARNING:root:NaN or Inf found in input tensor.
WARNING:root:NaN or Inf found in input tensor.
WARNING:root:NaN or Inf found in input tensor.
WARNING:root:NaN or Inf found in input tensor.
[36mINFO[0m 08/14 03:51:27 | 0.236056    0.233092    0.000000    0.710753    nan         nan         1.057637    nan         0.761949    nan         0.659557    nan         0.236056    nan         0.233092    nan         3200        7.843137    0.792033    0.598430    160.640438  11.324423  
WARNING:root:NaN or Inf found in input tensor.
WARNING:root:NaN or Inf found in input tensor.
WARNING:root:NaN or Inf found in input tensor.
WARNING:root:NaN or Inf found in input tensor.
WARNING:root:NaN or Inf found in input tensor.
WARNING:root:NaN or Inf found in input tensor.
WARNING:root:NaN or Inf found in input tensor.
[36mINFO[0m 08/14 03:55:06 | 0.237923    0.233202    0.000000    0.718712    nan         nan         1.029233    nan         0.767770    nan         0.669655    nan         0.237923    nan         0.233202    nan         3300        8.088235    0.814102    0.582790    157.172323  11.324423  
WARNING:root:NaN or Inf found in input tensor.
WARNING:root:NaN or Inf found in input tensor.
WARNING:root:NaN or Inf found in input tensor.
WARNING:root:NaN or Inf found in input tensor.
WARNING:root:NaN or Inf found in input tensor.
WARNING:root:NaN or Inf found in input tensor.
WARNING:root:NaN or Inf found in input tensor.
[36mINFO[0m 08/14 03:58:37 | 0.259223    0.258344    0.000000    0.717546    nan         nan         1.066889    nan         0.771446    nan         0.663645    nan         0.259223    nan         0.258344    nan         3400        8.333333    0.777460    0.567909    147.924537  11.324423  
WARNING:root:NaN or Inf found in input tensor.
WARNING:root:NaN or Inf found in input tensor.
WARNING:root:NaN or Inf found in input tensor.
WARNING:root:NaN or Inf found in input tensor.
WARNING:root:NaN or Inf found in input tensor.
WARNING:root:NaN or Inf found in input tensor.
WARNING:root:NaN or Inf found in input tensor.
[36mINFO[0m 08/14 04:02:15 | 0.257466    0.250988    0.000000    0.723464    nan         nan         1.055190    nan         0.776042    nan         0.670887    nan         0.257466    nan         0.250988    nan         3500        8.578431    0.792002    0.588633    155.809628  11.325521  
WARNING:root:NaN or Inf found in input tensor.
WARNING:root:NaN or Inf found in input tensor.
WARNING:root:NaN or Inf found in input tensor.
WARNING:root:NaN or Inf found in input tensor.
WARNING:root:NaN or Inf found in input tensor.
WARNING:root:NaN or Inf found in input tensor.
WARNING:root:NaN or Inf found in input tensor.
[36mINFO[0m 08/14 04:05:52 | 0.257054    0.255490    0.000000    0.724506    nan         nan         1.029152    nan         0.768076    nan         0.680936    nan         0.257054    nan         0.255490    nan         3600        8.823529    0.764992    0.572726    154.543761  11.325521  
WARNING:root:NaN or Inf found in input tensor.
WARNING:root:NaN or Inf found in input tensor.
WARNING:root:NaN or Inf found in input tensor.
WARNING:root:NaN or Inf found in input tensor.
WARNING:root:NaN or Inf found in input tensor.
WARNING:root:NaN or Inf found in input tensor.
WARNING:root:NaN or Inf found in input tensor.
[36mINFO[0m 08/14 04:09:25 | 0.253706    0.252196    0.000000    0.708318    nan         nan         1.108543    nan         0.757966    nan         0.658670    nan         0.253706    nan         0.252196    nan         3700        9.068627    0.787710    0.567518    150.683133  11.325521  
WARNING:root:NaN or Inf found in input tensor.
WARNING:root:NaN or Inf found in input tensor.
WARNING:root:NaN or Inf found in input tensor.
WARNING:root:NaN or Inf found in input tensor.
WARNING:root:NaN or Inf found in input tensor.
WARNING:root:NaN or Inf found in input tensor.
WARNING:root:NaN or Inf found in input tensor.
[36mINFO[0m 08/14 04:12:57 | 0.228810    0.223210    0.000000    0.723789    nan         nan         1.041487    nan         0.766544    nan         0.681034    nan         0.228810    nan         0.223210    nan         3800        9.313725    0.753272    0.579180    149.666152  11.327848  
WARNING:root:NaN or Inf found in input tensor.
WARNING:root:NaN or Inf found in input tensor.
WARNING:root:NaN or Inf found in input tensor.
WARNING:root:NaN or Inf found in input tensor.
WARNING:root:NaN or Inf found in input tensor.
WARNING:root:NaN or Inf found in input tensor.
WARNING:root:NaN or Inf found in input tensor.
[36mINFO[0m 08/14 04:16:34 | 0.238609    0.237044    0.000000    0.727745    nan         nan         1.002210    nan         0.772978    nan         0.682512    nan         0.238609    nan         0.237044    nan         3900        9.558824    0.762426    0.584920    154.492090  11.327917  
WARNING:root:NaN or Inf found in input tensor.
WARNING:root:NaN or Inf found in input tensor.
WARNING:root:NaN or Inf found in input tensor.
WARNING:root:NaN or Inf found in input tensor.
WARNING:root:NaN or Inf found in input tensor.
WARNING:root:NaN or Inf found in input tensor.
WARNING:root:NaN or Inf found in input tensor.
[36mINFO[0m 08/14 04:20:13 | 0.232406    0.229908    0.000000    0.731134    nan         nan         1.028058    nan         0.782169    nan         0.680099    nan         0.232406    nan         0.229908    nan         4000        9.803922    0.752472    0.581059    156.065635  11.327917  
WARNING:root:NaN or Inf found in input tensor.
WARNING:root:NaN or Inf found in input tensor.
WARNING:root:NaN or Inf found in input tensor.
WARNING:root:NaN or Inf found in input tensor.
WARNING:root:NaN or Inf found in input tensor.
WARNING:root:NaN or Inf found in input tensor.
WARNING:root:NaN or Inf found in input tensor.
[36mINFO[0m 08/14 04:23:45 | 0.244949    0.238032    0.000000    0.731485    nan         nan         1.021925    nan         0.776961    nan         0.686010    nan         0.244949    nan         0.238032    nan         4100        10.049020   0.736672    0.585026    149.510947  11.327917  
WARNING:root:NaN or Inf found in input tensor.
WARNING:root:NaN or Inf found in input tensor.
WARNING:root:NaN or Inf found in input tensor.
WARNING:root:NaN or Inf found in input tensor.
WARNING:root:NaN or Inf found in input tensor.
WARNING:root:NaN or Inf found in input tensor.
WARNING:root:NaN or Inf found in input tensor.
[36mINFO[0m 08/14 04:27:20 | 0.253568    0.247036    0.000000    0.722688    nan         nan         1.060958    nan         0.761336    nan         0.684039    nan         0.253568    nan         0.247036    nan         4200        10.294118   0.730848    0.582166    151.667137  11.327917  
WARNING:root:NaN or Inf found in input tensor.
WARNING:root:NaN or Inf found in input tensor.
WARNING:root:NaN or Inf found in input tensor.
WARNING:root:NaN or Inf found in input tensor.
WARNING:root:NaN or Inf found in input tensor.
WARNING:root:NaN or Inf found in input tensor.
WARNING:root:NaN or Inf found in input tensor.
[36mINFO[0m 08/14 04:30:55 | 0.241107    0.237593    0.000000    0.738673    nan         nan         0.988758    nan         0.786458    nan         0.690887    nan         0.241107    nan         0.237593    nan         4300        10.539216   0.705673    0.573589    152.881161  11.327917  
WARNING:root:NaN or Inf found in input tensor.
WARNING:root:NaN or Inf found in input tensor.
WARNING:root:NaN or Inf found in input tensor.
WARNING:root:NaN or Inf found in input tensor.
WARNING:root:NaN or Inf found in input tensor.
WARNING:root:NaN or Inf found in input tensor.
WARNING:root:NaN or Inf found in input tensor.
[36mINFO[0m 08/14 04:34:29 | 0.265728    0.258454    0.000000    0.725275    nan         nan         1.026881    nan         0.768382    nan         0.682167    nan         0.265728    nan         0.258454    nan         4400        10.784314   0.708797    0.578933    151.224515  11.327917  
WARNING:root:NaN or Inf found in input tensor.
WARNING:root:NaN or Inf found in input tensor.
WARNING:root:NaN or Inf found in input tensor.
WARNING:root:NaN or Inf found in input tensor.
WARNING:root:NaN or Inf found in input tensor.
WARNING:root:NaN or Inf found in input tensor.
WARNING:root:NaN or Inf found in input tensor.
[36mINFO[0m 08/14 04:38:06 | 0.232845    0.229688    0.000000    0.726834    nan         nan         1.014867    nan         0.770221    nan         0.683448    nan         0.232845    nan         0.229688    nan         4500        11.029412   0.703974    0.577941    154.596944  11.331945  
WARNING:root:NaN or Inf found in input tensor.
WARNING:root:NaN or Inf found in input tensor.
WARNING:root:NaN or Inf found in input tensor.
WARNING:root:NaN or Inf found in input tensor.
WARNING:root:NaN or Inf found in input tensor.
WARNING:root:NaN or Inf found in input tensor.
WARNING:root:NaN or Inf found in input tensor.
[36mINFO[0m 08/14 04:41:40 | 0.239130    0.234080    0.000000    0.730249    nan         nan         1.017611    nan         0.773897    nan         0.686601    nan         0.239130    nan         0.234080    nan         4600        11.274510   0.699740    0.585204    151.438851  11.334311  
WARNING:root:NaN or Inf found in input tensor.
WARNING:root:NaN or Inf found in input tensor.
WARNING:root:NaN or Inf found in input tensor.
WARNING:root:NaN or Inf found in input tensor.
WARNING:root:NaN or Inf found in input tensor.
WARNING:root:NaN or Inf found in input tensor.
WARNING:root:NaN or Inf found in input tensor.
[36mINFO[0m 08/14 04:45:19 | 0.225818    0.223320    0.000000    0.735366    nan         nan         1.033187    nan         0.776348    nan         0.694384    nan         0.225818    nan         0.223320    nan         4700        11.519608   0.668251    0.578321    156.266479  11.338278  
WARNING:root:NaN or Inf found in input tensor.
WARNING:root:NaN or Inf found in input tensor.
WARNING:root:NaN or Inf found in input tensor.
WARNING:root:NaN or Inf found in input tensor.
WARNING:root:NaN or Inf found in input tensor.
WARNING:root:NaN or Inf found in input tensor.
WARNING:root:NaN or Inf found in input tensor.
[36mINFO[0m 08/14 04:48:50 | 0.227931    0.223979    0.000000    0.734015    nan         nan         1.027248    nan         0.772365    nan         0.695665    nan         0.227931    nan         0.223979    nan         4800        11.764706   0.668899    0.572979    149.072209  11.338278  
WARNING:root:NaN or Inf found in input tensor.
WARNING:root:NaN or Inf found in input tensor.
WARNING:root:NaN or Inf found in input tensor.
WARNING:root:NaN or Inf found in input tensor.
WARNING:root:NaN or Inf found in input tensor.
WARNING:root:NaN or Inf found in input tensor.
WARNING:root:NaN or Inf found in input tensor.
[36mINFO[0m 08/14 04:52:23 | 0.255270    0.252306    0.000000    0.732962    nan         nan         1.007307    nan         0.782475    nan         0.683448    nan         0.255270    nan         0.252306    nan         4900        12.009804   0.656651    0.573725    150.496438  11.338278  
WARNING:root:NaN or Inf found in input tensor.
WARNING:root:NaN or Inf found in input tensor.
WARNING:root:NaN or Inf found in input tensor.
WARNING:root:NaN or Inf found in input tensor.
WARNING:root:NaN or Inf found in input tensor.
WARNING:root:NaN or Inf found in input tensor.
WARNING:root:NaN or Inf found in input tensor.
[36mINFO[0m 08/14 04:55:59 | 0.235507    0.230127    0.000000    0.737960    nan         nan         1.024706    nan         0.778186    nan         0.697734    nan         0.235507    nan         0.230127    nan         5000        12.254902   0.640193    0.591513    152.731846  11.338278  
WARNING:root:NaN or Inf found in input tensor.
WARNING:root:NaN or Inf found in input tensor.
WARNING:root:NaN or Inf found in input tensor.
WARNING:root:NaN or Inf found in input tensor.
WARNING:root:NaN or Inf found in input tensor.
WARNING:root:NaN or Inf found in input tensor.
WARNING:root:NaN or Inf found in input tensor.
[36mINFO[0m 08/14 04:55:59 | ---
[33mWARNING[0m 08/14 04:56:00 | Evaluate SWAD ...
[36mINFO[0m 08/14 04:58:35 | 0.283240    0.277339    0.000000    0.776294    nan         nan         0.815703    nan         0.824755    nan         0.727833    nan         0.283240    nan         0.277339    nan         [1401-5000]  (N=37)
[36mINFO[0m 08/14 04:58:35 | oracle = 26.040%
[36mINFO[0m 08/14 04:58:35 | iid = 24.111%
[36mINFO[0m 08/14 04:58:35 | last = 23.551%
[36mINFO[0m 08/14 04:58:35 | last (inD) = 73.796%
[36mINFO[0m 08/14 04:58:35 | iid (inD) = 73.867%
[36mINFO[0m 08/14 04:58:35 | SWAD = 28.324%
[36mINFO[0m 08/14 04:58:35 | SWAD (inD) = 77.629%
[36mINFO[0m 08/14 04:58:37 | === Summary ===
[36mINFO[0m 08/14 04:58:37 | Command: /data/home/kxrgzn/lzh/new/DomainBed-new/train_all.py SKET_ALOFT_E_seed2 --dataset SKET --data_dir /data/home/kxrgzn/lzh/new/DomainBed-new/dataset --algorithm ALOFT_E --steps 5000 --checkpoint_freq 100 --batch_size 32 --optimizer adam --lr 5e-5 --weight_decay 0 --resnet_dropout 0 --resnet18 False --pretrained True --freeze_bn True --swad LossValley --seed 2 --trial_seed 2 --deterministic --cache disk --prebuild_loader --image_size 224 --aloft_alpha 1.0 --aloft_mask_ratio 0.5 --aloft_perturb_prob 1.0
[36mINFO[0m 08/14 04:58:37 | Unique name: 260813_19-05-16_SKET_ALOFT_E_seed2
[36mINFO[0m 08/14 04:58:37 | Out path: train_output/SKET/260813_19-05-16_SKET_ALOFT_E_seed2
[36mINFO[0m 08/14 04:58:37 | Algorithm: ALOFT_E
[36mINFO[0m 08/14 04:58:37 | Dataset: SKET
+------------+----------+-----------+---------+---------+
| Selection  | TUBerlin | quickdraw |  sketch |   Avg.  |
+------------+----------+-----------+---------+---------+
|   oracle   | 63.710%  |  33.361%  | 26.040% | 41.037% |
|    iid     | 63.955%  |  32.236%  | 24.111% | 40.101% |
|    last    | 62.898%  |  31.314%  | 23.551% | 39.254% |
| last (inD) | 65.763%  |  72.641%  | 73.796% | 70.733% |
| iid (inD)  | 66.537%  |  73.233%  | 73.867% | 71.212% |
|    SWAD    | 68.359%  |  37.482%  | 28.324% | 44.722% |
| SWAD (inD) | 69.874%  |  77.133%  | 77.629% | 74.879% |
+------------+----------+-----------+---------+---------+
================================================================================
Starting ALOFT_E, seed=3, physical GPU=1
/home/kxrgzn/anaconda3/envs/lzh_DG/bin/python /data/home/kxrgzn/lzh/new/DomainBed-new/train_all.py SKET_ALOFT_E_seed3 --dataset SKET --data_dir /data/home/kxrgzn/lzh/new/DomainBed-new/dataset --algorithm ALOFT_E --steps 5000 --checkpoint_freq 100 --batch_size 32 --optimizer adam --lr 5e-5 --weight_decay 0 --resnet_dropout 0 --resnet18 False --pretrained True --freeze_bn True --swad LossValley --seed 3 --trial_seed 3 --deterministic --cache disk --prebuild_loader --image_size 224 --aloft_alpha 1.0 --aloft_mask_ratio 0.5 --aloft_perturb_prob 1.0
================================================================================
/home/kxrgzn/anaconda3/envs/lzh_DG/lib/python3.9/site-packages/munch/__init__.py:24: UserWarning: pkg_resources is deprecated as an API. See https://setuptools.pypa.io/en/latest/pkg_resources.html. The pkg_resources package is slated for removal as early as 2025-11-30. Refrain from using this package or pin to Setuptools<81.
  import pkg_resources
[36mINFO[0m 08/14 04:58:43 | Command :: /data/home/kxrgzn/lzh/new/DomainBed-new/train_all.py SKET_ALOFT_E_seed3 --dataset SKET --data_dir /data/home/kxrgzn/lzh/new/DomainBed-new/dataset --algorithm ALOFT_E --steps 5000 --checkpoint_freq 100 --batch_size 32 --optimizer adam --lr 5e-5 --weight_decay 0 --resnet_dropout 0 --resnet18 False --pretrained True --freeze_bn True --swad LossValley --seed 3 --trial_seed 3 --deterministic --cache disk --prebuild_loader --image_size 224 --aloft_alpha 1.0 --aloft_mask_ratio 0.5 --aloft_perturb_prob 1.0
Environment:
	Python: 3.9.23
	PyTorch: 2.6.0+cu124
	Torchvision: 0.21.0+cu124
	CUDA: 12.4
	CUDNN: 90100
	NumPy: 1.23.5
	PIL: 8.1.0
Args:
	algorithm: ALOFT_E
	batch_size: 32
	cache: disk
	cache_root: cache
	cache_size: None
	checkpoint_freq: 100
	configs: []
	data_dir: /data/home/kxrgzn/lzh/new/DomainBed-new/dataset
	dataset: SKET
	debug: False
	deterministic: True
	end_step: 200
	evalmode: fast
	extra_search: n
	extra_search_end: None
	extra_search_start: None
	gga_l_gamma: 0.001
	grad_fn: sum
	holdout_fraction: 0.2
	model_save: None
	name: SKET_ALOFT_E_seed3
	neighborhoodSize: 1e-06
	out_dir: train_output/SKET/260814_04-58-43_SKET_ALOFT_E_seed3
	out_root: train_output/SKET
	prebuild_loader: True
	q_steps: 2000
	quant: 0
	resize_mode: stretch
	saliency: False
	saliency_cmap: jet
	saliency_every: 0
	saliency_noise: 0.15
	saliency_num: 16
	saliency_samples: 25
	saliency_split: test_in
	seed: 3
	show: False
	start_step: 100
	steps: 5000
	tb_freq: 10
	test_envs: None
	train_output: train_output
	trial_seed: 3
	unique_name: 260814_04-58-43_SKET_ALOFT_E_seed3
	work_dir: .
HParams:
	data_augmentation: True
	val_augment: False
	[36mresnet18: False
	[0m[36mresnet_dropout: 0
	[0mclass_balanced: False
	[36moptimizer: adam
	[0m[36mfreeze_bn: True
	[0m[36mpretrained: True
	[0m[36mimage_size: 224
	[0m[36mlr: 5e-05
	[0mbatch_size: 32
	[36mweight_decay: 0
	[0m[36maloft_alpha: 1.0
	[0m[36maloft_mask_ratio: 0.5
	[0m[36maloft_perturb_prob: 1.0
	[0maloft_positions: 
	  - layer1
	  - layer2
	  - layer3
	[36mswad: LossValley
	[0mswad_kwargs: 
	  n_converge: 3
	  n_tolerance: 6
	  tolerance_ratio: 0.3
	test_batchsize: 128
	indomain_test: False
	grad_fn: sum
	extra_search: n
	logdir: train_output/SKET/260814_04-58-43_SKET_ALOFT_E_seed3
	neighborhoodSize: 1e-06
	start_step: 100
	end_step: 200
	extra_search_start: None
	extra_search_end: None
	gga_l_gamma: 0.001
Dataset:
	[SKET] #envs=3, #classes=203
	env0: TUBerlin (#16320)
	env1: quickdraw (#101500)
	env2: sketch (#45540)

[36mINFO[0m 08/14 04:58:45 | n_steps = 5000
[36mINFO[0m 08/14 04:58:45 | checkpoint_freq = 100
[36mINFO[0m 08/14 04:58:45 | n_steps is updated to 5000 => 5001 for checkpointing
[36mINFO[0m 08/14 04:58:45 | Target test envs = [[0], [1], [2]]
[36mINFO[0m 08/14 04:58:45 | 
[36mINFO[0m 08/14 04:58:47 | Testenv name escaping te_TUBerlin -> te_TUBerlin
[36mINFO[0m 08/14 04:58:47 | Test envs = [0], name = te_TUBerlin
[36mINFO[0m 08/14 04:58:47 | Batch sizes for each domain: [0, 32, 32] (total=64)
[36mINFO[0m 08/14 04:58:47 | steps-per-epoch for each domain: 2537.50, 1138.50 -> min = 1138.50
/home/kxrgzn/anaconda3/envs/lzh_DG/lib/python3.9/site-packages/torchvision/models/_utils.py:208: UserWarning: The parameter 'pretrained' is deprecated since 0.13 and may be removed in the future, please use 'weights' instead.
  warnings.warn(
/home/kxrgzn/anaconda3/envs/lzh_DG/lib/python3.9/site-packages/torchvision/models/_utils.py:223: UserWarning: Arguments other than a weight enum or `None` for 'weights' are deprecated since 0.13 and may be removed in the future. The current behavior is equivalent to passing `weights=ResNet50_Weights.IMAGENET1K_V1`. You can also use `weights=ResNet50_Weights.DEFAULT` to get the most up-to-date weights.
  warnings.warn(msg)
[36mINFO[0m 08/14 04:58:50 | # of params = 23923979
[36mINFO[0m 08/14 05:00:33 | test_in     test_out    train_in    train_out   test_in_au  test_out_a  train_out_  tr_outloss  env0_in     env0_in_au  env0_out    env0_out_a  env1_out    env1_out_a  env2_out    env2_out_a  step        epoch       loss        step_time   eval_time   mem_gb     
[36mINFO[0m 08/14 05:00:33 | 0.006510    0.006740    0.000000    0.007589    nan         nan         nan         5.344193    0.006510    nan         0.006740    nan         0.007931    nan         0.007246    nan         0           0.000000    5.392561    1.109130    102.472138  9.680035   
WARNING:root:NaN or Inf found in input tensor.
WARNING:root:NaN or Inf found in input tensor.
WARNING:root:NaN or Inf found in input tensor.
WARNING:root:NaN or Inf found in input tensor.
WARNING:root:NaN or Inf found in input tensor.
WARNING:root:NaN or Inf found in input tensor.
WARNING:root:NaN or Inf found in input tensor.
[36mINFO[0m 08/14 05:03:17 | 0.011029    0.010417    0.000000    0.023676    nan         nan         nan         5.167394    0.011029    nan         0.010417    nan         0.009803    nan         0.037549    nan         100         0.087835    5.262153    0.581824    100.855749  10.041303  
WARNING:root:NaN or Inf found in input tensor.
WARNING:root:NaN or Inf found in input tensor.
WARNING:root:NaN or Inf found in input tensor.
WARNING:root:NaN or Inf found in input tensor.
WARNING:root:NaN or Inf found in input tensor.
WARNING:root:NaN or Inf found in input tensor.
WARNING:root:NaN or Inf found in input tensor.
[36mINFO[0m 08/14 05:05:56 | 0.108609    0.099877    0.000000    0.105897    nan         nan         nan         4.309469    0.108609    nan         0.099877    nan         0.088276    nan         0.123518    nan         200         0.175670    4.851199    0.589916    96.112921   10.221546  
WARNING:root:NaN or Inf found in input tensor.
WARNING:root:NaN or Inf found in input tensor.
WARNING:root:NaN or Inf found in input tensor.
WARNING:root:NaN or Inf found in input tensor.
WARNING:root:NaN or Inf found in input tensor.
WARNING:root:NaN or Inf found in input tensor.
WARNING:root:NaN or Inf found in input tensor.
[36mINFO[0m 08/14 05:08:41 | 0.240885    0.238358    0.000000    0.230529    nan         nan         nan         3.432487    0.240885    nan         0.238358    nan         0.219951    nan         0.241107    nan         300         0.263505    3.960381    0.576811    102.240437  10.400310  
WARNING:root:NaN or Inf found in input tensor.
WARNING:root:NaN or Inf found in input tensor.
WARNING:root:NaN or Inf found in input tensor.
WARNING:root:NaN or Inf found in input tensor.
WARNING:root:NaN or Inf found in input tensor.
WARNING:root:NaN or Inf found in input tensor.
WARNING:root:NaN or Inf found in input tensor.
[36mINFO[0m 08/14 05:11:25 | 0.313189    0.321078    0.000000    0.306286    nan         nan         nan         3.008678    0.313189    nan         0.321078    nan         0.296256    nan         0.316315    nan         400         0.351339    3.241487    0.590718    100.970984  10.577593  
WARNING:root:NaN or Inf found in input tensor.
WARNING:root:NaN or Inf found in input tensor.
WARNING:root:NaN or Inf found in input tensor.
WARNING:root:NaN or Inf found in input tensor.
WARNING:root:NaN or Inf found in input tensor.
WARNING:root:NaN or Inf found in input tensor.
WARNING:root:NaN or Inf found in input tensor.
[36mINFO[0m 08/14 05:14:10 | 0.404105    0.402574    0.000000    0.392300    nan         nan         nan         2.556892    0.404105    nan         0.402574    nan         0.405813    nan         0.378788    nan         500         0.439174    2.891899    0.564122    102.201161  10.757920  
WARNING:root:NaN or Inf found in input tensor.
WARNING:root:NaN or Inf found in input tensor.
WARNING:root:NaN or Inf found in input tensor.
WARNING:root:NaN or Inf found in input tensor.
WARNING:root:NaN or Inf found in input tensor.
WARNING:root:NaN or Inf found in input tensor.
WARNING:root:NaN or Inf found in input tensor.
[36mINFO[0m 08/14 05:16:53 | 0.442249    0.449449    0.000000    0.429576    nan         nan         nan         2.419738    0.442249    nan         0.449449    nan         0.442266    nan         0.416886    nan         600         0.527009    2.627027    0.566551    98.319176   10.935616  
WARNING:root:NaN or Inf found in input tensor.
WARNING:root:NaN or Inf found in input tensor.
WARNING:root:NaN or Inf found in input tensor.
WARNING:root:NaN or Inf found in input tensor.
WARNING:root:NaN or Inf found in input tensor.
WARNING:root:NaN or Inf found in input tensor.
WARNING:root:NaN or Inf found in input tensor.
[36mINFO[0m 08/14 05:19:33 | 0.435585    0.433517    0.000000    0.431799    nan         nan         nan         2.363467    0.435585    nan         0.433517    nan         0.433645    nan         0.429952    nan         700         0.614844    2.438070    0.576045    97.156992   11.114852  
WARNING:root:NaN or Inf found in input tensor.
WARNING:root:NaN or Inf found in input tensor.
WARNING:root:NaN or Inf found in input tensor.
WARNING:root:NaN or Inf found in input tensor.
WARNING:root:NaN or Inf found in input tensor.
WARNING:root:NaN or Inf found in input tensor.
WARNING:root:NaN or Inf found in input tensor.
[36mINFO[0m 08/14 05:22:12 | 0.502757    0.498162    0.000000    0.486138    nan         nan         nan         2.144702    0.502757    nan         0.498162    nan         0.496650    nan         0.475626    nan         800         0.702679    2.277082    0.597399    96.131521   11.115905  
WARNING:root:NaN or Inf found in input tensor.
WARNING:root:NaN or Inf found in input tensor.
WARNING:root:NaN or Inf found in input tensor.
WARNING:root:NaN or Inf found in input tensor.
WARNING:root:NaN or Inf found in input tensor.
WARNING:root:NaN or Inf found in input tensor.
WARNING:root:NaN or Inf found in input tensor.
[36mINFO[0m 08/14 05:24:53 | 0.480699    0.491422    0.000000    0.488379    nan         nan         nan         2.120409    0.480699    nan         0.491422    nan         0.508818    nan         0.467940    nan         900         0.790514    2.147526    0.589950    98.121119   11.115905  
WARNING:root:NaN or Inf found in input tensor.
WARNING:root:NaN or Inf found in input tensor.
WARNING:root:NaN or Inf found in input tensor.
WARNING:root:NaN or Inf found in input tensor.
WARNING:root:NaN or Inf found in input tensor.
WARNING:root:NaN or Inf found in input tensor.
WARNING:root:NaN or Inf found in input tensor.
[36mINFO[0m 08/14 05:27:37 | 0.510570    0.515319    0.000000    0.510424    nan         nan         nan         2.027111    0.510570    nan         0.515319    nan         0.523153    nan         0.497694    nan         1000        0.878349    2.045615    0.580956    101.799953  11.115905  
WARNING:root:NaN or Inf found in input tensor.
WARNING:root:NaN or Inf found in input tensor.
WARNING:root:NaN or Inf found in input tensor.
WARNING:root:NaN or Inf found in input tensor.
WARNING:root:NaN or Inf found in input tensor.
WARNING:root:NaN or Inf found in input tensor.
WARNING:root:NaN or Inf found in input tensor.
[36mINFO[0m 08/14 05:30:23 | 0.532475    0.540135    0.000000    0.529864    nan         nan         nan         1.929844    0.532475    nan         0.540135    nan         0.551823    nan         0.507905    nan         1100        0.966184    2.001018    0.600733    102.418529  11.117881  
WARNING:root:NaN or Inf found in input tensor.
WARNING:root:NaN or Inf found in input tensor.
WARNING:root:NaN or Inf found in input tensor.
WARNING:root:NaN or Inf found in input tensor.
WARNING:root:NaN or Inf found in input tensor.
WARNING:root:NaN or Inf found in input tensor.
WARNING:root:NaN or Inf found in input tensor.
[36mINFO[0m 08/14 05:33:10 | 0.541667    0.545037    0.000000    0.545295    nan         nan         nan         1.850537    0.541667    nan         0.545037    nan         0.563251    nan         0.527339    nan         1200        1.054018    1.913078    0.600309    103.866702  11.123733  
WARNING:root:NaN or Inf found in input tensor.
WARNING:root:NaN or Inf found in input tensor.
WARNING:root:NaN or Inf found in input tensor.
WARNING:root:NaN or Inf found in input tensor.
WARNING:root:NaN or Inf found in input tensor.
WARNING:root:NaN or Inf found in input tensor.
WARNING:root:NaN or Inf found in input tensor.
[36mINFO[0m 08/14 05:35:58 | 0.549020    0.546875    0.000000    0.547776    nan         nan         nan         1.842129    0.549020    nan         0.546875    nan         0.565468    nan         0.530083    nan         1300        1.141853    1.916958    0.597574    104.882146  11.124091  
WARNING:root:NaN or Inf found in input tensor.
WARNING:root:NaN or Inf found in input tensor.
WARNING:root:NaN or Inf found in input tensor.
WARNING:root:NaN or Inf found in input tensor.
WARNING:root:NaN or Inf found in input tensor.
WARNING:root:NaN or Inf found in input tensor.
WARNING:root:NaN or Inf found in input tensor.
[36mINFO[0m 08/14 05:38:40 | 0.557215    0.569547    0.000000    0.556776    nan         nan         nan         1.789543    0.557215    nan         0.569547    nan         0.567438    nan         0.546113    nan         1400        1.229688    1.854773    0.607178    98.318304   11.124091  
WARNING:root:NaN or Inf found in input tensor.
WARNING:root:NaN or Inf found in input tensor.
WARNING:root:NaN or Inf found in input tensor.
WARNING:root:NaN or Inf found in input tensor.
WARNING:root:NaN or Inf found in input tensor.
WARNING:root:NaN or Inf found in input tensor.
WARNING:root:NaN or Inf found in input tensor.
[36mINFO[0m 08/14 05:41:21 | 0.566330    0.571385    0.000000    0.573666    nan         nan         nan         1.742585    0.566330    nan         0.571385    nan         0.596059    nan         0.551274    nan         1500        1.317523    1.763753    0.602595    98.157257   11.125129  
WARNING:root:NaN or Inf found in input tensor.
WARNING:root:NaN or Inf found in input tensor.
WARNING:root:NaN or Inf found in input tensor.
WARNING:root:NaN or Inf found in input tensor.
WARNING:root:NaN or Inf found in input tensor.
WARNING:root:NaN or Inf found in input tensor.
WARNING:root:NaN or Inf found in input tensor.
[36mINFO[0m 08/14 05:44:03 | 0.556296    0.554228    0.000000    0.561865    nan         nan         nan         1.770858    0.556296    nan         0.554228    nan         0.582118    nan         0.541612    nan         1600        1.405358    1.787411    0.595467    98.588023   11.125991  
WARNING:root:NaN or Inf found in input tensor.
WARNING:root:NaN or Inf found in input tensor.
WARNING:root:NaN or Inf found in input tensor.
WARNING:root:NaN or Inf found in input tensor.
WARNING:root:NaN or Inf found in input tensor.
WARNING:root:NaN or Inf found in input tensor.
WARNING:root:NaN or Inf found in input tensor.
[36mINFO[0m 08/14 05:46:48 | 0.557904    0.555453    0.000000    0.577821    nan         nan         nan         1.713113    0.557904    nan         0.555453    nan         0.587241    nan         0.568401    nan         1700        1.493193    1.694356    0.590710    102.569550  11.125991  
WARNING:root:NaN or Inf found in input tensor.
WARNING:root:NaN or Inf found in input tensor.
WARNING:root:NaN or Inf found in input tensor.
WARNING:root:NaN or Inf found in input tensor.
WARNING:root:NaN or Inf found in input tensor.
WARNING:root:NaN or Inf found in input tensor.
WARNING:root:NaN or Inf found in input tensor.
[36mINFO[0m 08/14 05:49:29 | 0.576517    0.571691    0.000000    0.585287    nan         nan         nan         1.678154    0.576517    nan         0.571691    nan         0.598768    nan         0.571805    nan         1800        1.581028    1.700504    0.584881    97.978293   11.126037  
WARNING:root:NaN or Inf found in input tensor.
WARNING:root:NaN or Inf found in input tensor.
WARNING:root:NaN or Inf found in input tensor.
WARNING:root:NaN or Inf found in input tensor.
WARNING:root:NaN or Inf found in input tensor.
WARNING:root:NaN or Inf found in input tensor.
WARNING:root:NaN or Inf found in input tensor.
[36mINFO[0m 08/14 05:52:11 | 0.602099    0.593444    0.000000    0.597817    nan         nan         nan         1.622362    0.602099    nan         0.593444    nan         0.613399    nan         0.582235    nan         1900        1.668863    1.664052    0.590043    99.042574   11.130500  
WARNING:root:NaN or Inf found in input tensor.
WARNING:root:NaN or Inf found in input tensor.
WARNING:root:NaN or Inf found in input tensor.
WARNING:root:NaN or Inf found in input tensor.
WARNING:root:NaN or Inf found in input tensor.
WARNING:root:NaN or Inf found in input tensor.
WARNING:root:NaN or Inf found in input tensor.
[36mINFO[0m 08/14 05:54:54 | 0.580346    0.577819    0.000000    0.594342    nan         nan         nan         1.632760    0.580346    nan         0.577819    nan         0.615123    nan         0.573562    nan         2000        1.756697    1.614726    0.591563    100.478071  11.133559  
WARNING:root:NaN or Inf found in input tensor.
WARNING:root:NaN or Inf found in input tensor.
WARNING:root:NaN or Inf found in input tensor.
WARNING:root:NaN or Inf found in input tensor.
WARNING:root:NaN or Inf found in input tensor.
WARNING:root:NaN or Inf found in input tensor.
WARNING:root:NaN or Inf found in input tensor.
[36mINFO[0m 08/14 05:57:37 | 0.592754    0.577512    0.000000    0.589987    nan         nan         nan         1.656053    0.592754    nan         0.577512    nan         0.611133    nan         0.568841    nan         2100        1.844532    1.590798    0.598642    100.017117  11.133559  
WARNING:root:NaN or Inf found in input tensor.
WARNING:root:NaN or Inf found in input tensor.
WARNING:root:NaN or Inf found in input tensor.
WARNING:root:NaN or Inf found in input tensor.
WARNING:root:NaN or Inf found in input tensor.
WARNING:root:NaN or Inf found in input tensor.
WARNING:root:NaN or Inf found in input tensor.
Model converged at step 1900, Start step = 1601; Threshold = 2.128176, 
[36mINFO[0m 08/14 06:00:20 | 0.595741    0.600797    0.000000    0.609801    nan         nan         nan         1.575262    0.595741    nan         0.600797    nan         0.628473    nan         0.591129    nan         2200        1.932367    1.567703    0.598508    99.199217   11.309095  
WARNING:root:NaN or Inf found in input tensor.
WARNING:root:NaN or Inf found in input tensor.
WARNING:root:NaN or Inf found in input tensor.
WARNING:root:NaN or Inf found in input tensor.
WARNING:root:NaN or Inf found in input tensor.
WARNING:root:NaN or Inf found in input tensor.
WARNING:root:NaN or Inf found in input tensor.
[36mINFO[0m 08/14 06:03:02 | 0.594822    0.585478    0.000000    0.611332    nan         nan         nan         1.574187    0.594822    nan         0.585478    nan         0.627143    nan         0.595520    nan         2300        2.020202    1.526092    0.600448    98.566819   11.310873  
WARNING:root:NaN or Inf found in input tensor.
WARNING:root:NaN or Inf found in input tensor.
WARNING:root:NaN or Inf found in input tensor.
WARNING:root:NaN or Inf found in input tensor.
WARNING:root:NaN or Inf found in input tensor.
WARNING:root:NaN or Inf found in input tensor.
WARNING:root:NaN or Inf found in input tensor.
[36mINFO[0m 08/14 06:05:51 | 0.594516    0.592218    0.000000    0.613328    nan         nan         nan         1.557017    0.594516    nan         0.592218    nan         0.624877    nan         0.601779    nan         2400        2.108037    1.532257    0.602050    105.651311  11.315878  
WARNING:root:NaN or Inf found in input tensor.
WARNING:root:NaN or Inf found in input tensor.
WARNING:root:NaN or Inf found in input tensor.
WARNING:root:NaN or Inf found in input tensor.
WARNING:root:NaN or Inf found in input tensor.
WARNING:root:NaN or Inf found in input tensor.
WARNING:root:NaN or Inf found in input tensor.
[36mINFO[0m 08/14 06:08:36 | 0.611903    0.599571    0.000000    0.619257    nan         nan         nan         1.523999    0.611903    nan         0.599571    nan         0.633990    nan         0.604523    nan         2500        2.195872    1.460516    0.599038    101.387893  11.315878  
WARNING:root:NaN or Inf found in input tensor.
WARNING:root:NaN or Inf found in input tensor.
WARNING:root:NaN or Inf found in input tensor.
WARNING:root:NaN or Inf found in input tensor.
WARNING:root:NaN or Inf found in input tensor.
WARNING:root:NaN or Inf found in input tensor.
WARNING:root:NaN or Inf found in input tensor.
[36mINFO[0m 08/14 06:11:20 | 0.615656    0.601716    0.000000    0.622634    nan         nan         nan         1.524716    0.615656    nan         0.601716    nan         0.646453    nan         0.598814    nan         2600        2.283707    1.467207    0.589755    101.482004  11.319334  
WARNING:root:NaN or Inf found in input tensor.
WARNING:root:NaN or Inf found in input tensor.
WARNING:root:NaN or Inf found in input tensor.
WARNING:root:NaN or Inf found in input tensor.
WARNING:root:NaN or Inf found in input tensor.
WARNING:root:NaN or Inf found in input tensor.
WARNING:root:NaN or Inf found in input tensor.
[36mINFO[0m 08/14 06:13:59 | 0.587240    0.581495    0.000000    0.613964    nan         nan         nan         1.553351    0.587240    nan         0.581495    nan         0.625271    nan         0.602657    nan         2700        2.371542    1.508882    0.585629    95.154062   11.319334  
WARNING:root:NaN or Inf found in input tensor.
WARNING:root:NaN or Inf found in input tensor.
WARNING:root:NaN or Inf found in input tensor.
WARNING:root:NaN or Inf found in input tensor.
WARNING:root:NaN or Inf found in input tensor.
WARNING:root:NaN or Inf found in input tensor.
WARNING:root:NaN or Inf found in input tensor.
[36mINFO[0m 08/14 06:16:39 | 0.606694    0.605086    0.000000    0.612489    nan         nan         nan         1.538834    0.606694    nan         0.605086    nan         0.625616    nan         0.599363    nan         2800        2.459376    1.482140    0.597766    96.688689   11.324667  
WARNING:root:NaN or Inf found in input tensor.
WARNING:root:NaN or Inf found in input tensor.
WARNING:root:NaN or Inf found in input tensor.
WARNING:root:NaN or Inf found in input tensor.
WARNING:root:NaN or Inf found in input tensor.
WARNING:root:NaN or Inf found in input tensor.
WARNING:root:NaN or Inf found in input tensor.
[36mINFO[0m 08/14 06:19:23 | 0.628753    0.621017    0.000000    0.631221    nan         nan         nan         1.471486    0.628753    nan         0.621017    nan         0.652759    nan         0.609684    nan         2900        2.547211    1.406753    0.597808    100.135145  11.324667  
WARNING:root:NaN or Inf found in input tensor.
WARNING:root:NaN or Inf found in input tensor.
WARNING:root:NaN or Inf found in input tensor.
WARNING:root:NaN or Inf found in input tensor.
WARNING:root:NaN or Inf found in input tensor.
WARNING:root:NaN or Inf found in input tensor.
WARNING:root:NaN or Inf found in input tensor.
[36mINFO[0m 08/14 06:22:10 | 0.619332    0.617034    0.000000    0.619672    nan         nan         nan         1.517912    0.619332    nan         0.617034    nan         0.631527    nan         0.607817    nan         3000        2.635046    1.423887    0.591145    104.133224  11.324667  
WARNING:root:NaN or Inf found in input tensor.
WARNING:root:NaN or Inf found in input tensor.
WARNING:root:NaN or Inf found in input tensor.
WARNING:root:NaN or Inf found in input tensor.
WARNING:root:NaN or Inf found in input tensor.
WARNING:root:NaN or Inf found in input tensor.
WARNING:root:NaN or Inf found in input tensor.
[36mINFO[0m 08/14 06:24:53 | 0.620021    0.610907    0.000000    0.632899    nan         nan         nan         1.470123    0.620021    nan         0.610907    nan         0.654138    nan         0.611660    nan         3100        2.722881    1.424843    0.573926    100.460165  11.324667  
WARNING:root:NaN or Inf found in input tensor.
WARNING:root:NaN or Inf found in input tensor.
WARNING:root:NaN or Inf found in input tensor.
WARNING:root:NaN or Inf found in input tensor.
WARNING:root:NaN or Inf found in input tensor.
WARNING:root:NaN or Inf found in input tensor.
WARNING:root:NaN or Inf found in input tensor.
[36mINFO[0m 08/14 06:27:36 | 0.624387    0.621936    0.000000    0.633981    nan         nan         nan         1.450324    0.624387    nan         0.621936    nan         0.657291    nan         0.610672    nan         3200        2.810716    1.357427    0.600543    99.493246   11.324667  
WARNING:root:NaN or Inf found in input tensor.
WARNING:root:NaN or Inf found in input tensor.
WARNING:root:NaN or Inf found in input tensor.
WARNING:root:NaN or Inf found in input tensor.
WARNING:root:NaN or Inf found in input tensor.
WARNING:root:NaN or Inf found in input tensor.
WARNING:root:NaN or Inf found in input tensor.
[36mINFO[0m 08/14 06:30:22 | 0.627068    0.635110    0.000000    0.630693    nan         nan         nan         1.467767    0.627068    nan         0.635110    nan         0.651921    nan         0.609464    nan         3300        2.898551    1.415192    0.588383    103.071955  11.324667  
WARNING:root:NaN or Inf found in input tensor.
WARNING:root:NaN or Inf found in input tensor.
WARNING:root:NaN or Inf found in input tensor.
WARNING:root:NaN or Inf found in input tensor.
WARNING:root:NaN or Inf found in input tensor.
WARNING:root:NaN or Inf found in input tensor.
WARNING:root:NaN or Inf found in input tensor.
[36mINFO[0m 08/14 06:33:07 | 0.625077    0.614583    0.000000    0.642746    nan         nan         nan         1.430488    0.625077    nan         0.614583    nan         0.660985    nan         0.624506    nan         3400        2.986386    1.348646    0.597970    101.314440  11.324667  
WARNING:root:NaN or Inf found in input tensor.
WARNING:root:NaN or Inf found in input tensor.
WARNING:root:NaN or Inf found in input tensor.
WARNING:root:NaN or Inf found in input tensor.
WARNING:root:NaN or Inf found in input tensor.
WARNING:root:NaN or Inf found in input tensor.
WARNING:root:NaN or Inf found in input tensor.
[36mINFO[0m 08/14 06:35:52 | 0.623698    0.607537    0.000000    0.644560    nan         nan         nan         1.423524    0.623698    nan         0.607537    nan         0.659015    nan         0.630105    nan         3500        3.074220    1.328638    0.590318    102.104081  11.324667  
WARNING:root:NaN or Inf found in input tensor.
WARNING:root:NaN or Inf found in input tensor.
WARNING:root:NaN or Inf found in input tensor.
WARNING:root:NaN or Inf found in input tensor.
WARNING:root:NaN or Inf found in input tensor.
WARNING:root:NaN or Inf found in input tensor.
WARNING:root:NaN or Inf found in input tensor.
[36mINFO[0m 08/14 06:38:37 | 0.614277    0.610907    0.000000    0.647198    nan         nan         nan         1.405304    0.614277    nan         0.610907    nan         0.662315    nan         0.632082    nan         3600        3.162055    1.319021    0.591645    101.339516  11.324667  
WARNING:root:NaN or Inf found in input tensor.
WARNING:root:NaN or Inf found in input tensor.
WARNING:root:NaN or Inf found in input tensor.
WARNING:root:NaN or Inf found in input tensor.
WARNING:root:NaN or Inf found in input tensor.
WARNING:root:NaN or Inf found in input tensor.
WARNING:root:NaN or Inf found in input tensor.
[36mINFO[0m 08/14 06:41:27 | 0.633578    0.623468    0.000000    0.641052    nan         nan         nan         1.427869    0.633578    nan         0.623468    nan         0.658916    nan         0.623188    nan         3700        3.249890    1.319391    0.594185    106.435650  11.324667  
WARNING:root:NaN or Inf found in input tensor.
WARNING:root:NaN or Inf found in input tensor.
WARNING:root:NaN or Inf found in input tensor.
WARNING:root:NaN or Inf found in input tensor.
WARNING:root:NaN or Inf found in input tensor.
WARNING:root:NaN or Inf found in input tensor.
WARNING:root:NaN or Inf found in input tensor.
[36mINFO[0m 08/14 06:44:12 | 0.643995    0.639093    0.000000    0.644824    nan         nan         nan         1.418146    0.643995    nan         0.639093    nan         0.660640    nan         0.629007    nan         3800        3.337725    1.289684    0.598709    102.073126  11.324667  
WARNING:root:NaN or Inf found in input tensor.
WARNING:root:NaN or Inf found in input tensor.
WARNING:root:NaN or Inf found in input tensor.
WARNING:root:NaN or Inf found in input tensor.
WARNING:root:NaN or Inf found in input tensor.
WARNING:root:NaN or Inf found in input tensor.
WARNING:root:NaN or Inf found in input tensor.
[36mINFO[0m 08/14 06:46:56 | 0.637255    0.640319    0.000000    0.648279    nan         nan         nan         1.432412    0.637255    nan         0.640319    nan         0.666453    nan         0.630105    nan         3900        3.425560    1.309164    0.589085    99.757295   11.324667  
WARNING:root:NaN or Inf found in input tensor.
WARNING:root:NaN or Inf found in input tensor.
WARNING:root:NaN or Inf found in input tensor.
WARNING:root:NaN or Inf found in input tensor.
WARNING:root:NaN or Inf found in input tensor.
WARNING:root:NaN or Inf found in input tensor.
WARNING:root:NaN or Inf found in input tensor.
[36mINFO[0m 08/14 06:49:35 | 0.647289    0.642463    0.000000    0.647271    nan         nan         nan         1.414917    0.647289    nan         0.642463    nan         0.663448    nan         0.631094    nan         4000        3.513395    1.276601    0.596183    95.305521   11.324667  
WARNING:root:NaN or Inf found in input tensor.
WARNING:root:NaN or Inf found in input tensor.
WARNING:root:NaN or Inf found in input tensor.
WARNING:root:NaN or Inf found in input tensor.
WARNING:root:NaN or Inf found in input tensor.
WARNING:root:NaN or Inf found in input tensor.
WARNING:root:NaN or Inf found in input tensor.
[36mINFO[0m 08/14 06:52:21 | 0.632430    0.623162    0.000000    0.651646    nan         nan         nan         1.387125    0.632430    nan         0.623162    nan         0.667586    nan         0.635705    nan         4100        3.601230    1.245552    0.588874    102.537026  11.324667  
WARNING:root:NaN or Inf found in input tensor.
WARNING:root:NaN or Inf found in input tensor.
WARNING:root:NaN or Inf found in input tensor.
WARNING:root:NaN or Inf found in input tensor.
WARNING:root:NaN or Inf found in input tensor.
WARNING:root:NaN or Inf found in input tensor.
WARNING:root:NaN or Inf found in input tensor.
[36mINFO[0m 08/14 06:55:06 | 0.626455    0.616115    0.000000    0.653799    nan         nan         nan         1.406961    0.626455    nan         0.616115    nan         0.675517    nan         0.632082    nan         4200        3.689065    1.264889    0.590210    101.344898  11.324667  
WARNING:root:NaN or Inf found in input tensor.
WARNING:root:NaN or Inf found in input tensor.
WARNING:root:NaN or Inf found in input tensor.
WARNING:root:NaN or Inf found in input tensor.
WARNING:root:NaN or Inf found in input tensor.
WARNING:root:NaN or Inf found in input tensor.
WARNING:root:NaN or Inf found in input tensor.
[36mINFO[0m 08/14 06:57:49 | 0.636795    0.621017    0.000000    0.657239    nan         nan         nan         1.393103    0.636795    nan         0.621017    nan         0.680640    nan         0.633838    nan         4300        3.776899    1.261467    0.594121    99.578229   11.324667  
WARNING:root:NaN or Inf found in input tensor.
WARNING:root:NaN or Inf found in input tensor.
WARNING:root:NaN or Inf found in input tensor.
WARNING:root:NaN or Inf found in input tensor.
WARNING:root:NaN or Inf found in input tensor.
WARNING:root:NaN or Inf found in input tensor.
WARNING:root:NaN or Inf found in input tensor.
[36mINFO[0m 08/14 07:00:34 | 0.634191    0.624387    0.000000    0.647699    nan         nan         nan         1.411996    0.634191    nan         0.624387    nan         0.668916    nan         0.626482    nan         4400        3.864734    1.230147    0.595740    102.224272  11.324667  
WARNING:root:NaN or Inf found in input tensor.
WARNING:root:NaN or Inf found in input tensor.
WARNING:root:NaN or Inf found in input tensor.
WARNING:root:NaN or Inf found in input tensor.
WARNING:root:NaN or Inf found in input tensor.
WARNING:root:NaN or Inf found in input tensor.
WARNING:root:NaN or Inf found in input tensor.
[36mINFO[0m 08/14 07:03:19 | 0.603248    0.599571    0.000000    0.655292    nan         nan         nan         1.370187    0.603248    nan         0.599571    nan         0.668621    nan         0.641963    nan         4500        3.952569    1.233292    0.595388    100.593291  11.324667  
WARNING:root:NaN or Inf found in input tensor.
WARNING:root:NaN or Inf found in input tensor.
WARNING:root:NaN or Inf found in input tensor.
WARNING:root:NaN or Inf found in input tensor.
WARNING:root:NaN or Inf found in input tensor.
WARNING:root:NaN or Inf found in input tensor.
WARNING:root:NaN or Inf found in input tensor.
[36mINFO[0m 08/14 07:06:11 | 0.652344    0.641850    0.000000    0.657084    nan         nan         nan         1.373005    0.652344    nan         0.641850    nan         0.672315    nan         0.641853    nan         4600        4.040404    1.218160    0.590315    109.429480  11.324667  
WARNING:root:NaN or Inf found in input tensor.
WARNING:root:NaN or Inf found in input tensor.
WARNING:root:NaN or Inf found in input tensor.
WARNING:root:NaN or Inf found in input tensor.
WARNING:root:NaN or Inf found in input tensor.
WARNING:root:NaN or Inf found in input tensor.
WARNING:root:NaN or Inf found in input tensor.
[36mINFO[0m 08/14 07:09:00 | 0.644608    0.644914    0.000000    0.660911    nan         nan         nan         1.352336    0.644608    nan         0.644914    nan         0.677882    nan         0.643939    nan         4700        4.128239    1.233096    0.593557    104.804722  11.324667  
WARNING:root:NaN or Inf found in input tensor.
WARNING:root:NaN or Inf found in input tensor.
WARNING:root:NaN or Inf found in input tensor.
WARNING:root:NaN or Inf found in input tensor.
WARNING:root:NaN or Inf found in input tensor.
WARNING:root:NaN or Inf found in input tensor.
WARNING:root:NaN or Inf found in input tensor.
[36mINFO[0m 08/14 07:11:45 | 0.640931    0.628064    0.000000    0.662699    nan         nan         nan         1.331057    0.640931    nan         0.628064    nan         0.684532    nan         0.640865    nan         4800        4.216074    1.176974    0.594140    100.957330  11.324667  
WARNING:root:NaN or Inf found in input tensor.
WARNING:root:NaN or Inf found in input tensor.
WARNING:root:NaN or Inf found in input tensor.
WARNING:root:NaN or Inf found in input tensor.
WARNING:root:NaN or Inf found in input tensor.
WARNING:root:NaN or Inf found in input tensor.
WARNING:root:NaN or Inf found in input tensor.
[36mINFO[0m 08/14 07:14:33 | 0.632047    0.629902    0.000000    0.663757    nan         nan         nan         1.353937    0.632047    nan         0.629902    nan         0.685222    nan         0.642292    nan         4900        4.303909    1.159378    0.587110    101.709039  11.324667  
WARNING:root:NaN or Inf found in input tensor.
WARNING:root:NaN or Inf found in input tensor.
WARNING:root:NaN or Inf found in input tensor.
WARNING:root:NaN or Inf found in input tensor.
WARNING:root:NaN or Inf found in input tensor.
WARNING:root:NaN or Inf found in input tensor.
WARNING:root:NaN or Inf found in input tensor.
[36mINFO[0m 08/14 07:17:20 | 0.631204    0.624694    0.000000    0.667092    nan         nan         nan         1.341268    0.631204    nan         0.624694    nan         0.692660    nan         0.641524    nan         5000        4.391744    1.180974    0.586673    101.815973  11.324667  
WARNING:root:NaN or Inf found in input tensor.
WARNING:root:NaN or Inf found in input tensor.
WARNING:root:NaN or Inf found in input tensor.
WARNING:root:NaN or Inf found in input tensor.
WARNING:root:NaN or Inf found in input tensor.
WARNING:root:NaN or Inf found in input tensor.
WARNING:root:NaN or Inf found in input tensor.
[36mINFO[0m 08/14 07:17:21 | ---
[33mWARNING[0m 08/14 07:17:21 | Evaluate SWAD ...
[36mINFO[0m 08/14 07:19:02 | 0.685892    0.679841    0.000000    0.699497    nan         nan         nan         1.208656    0.685892    nan         0.679841    nan         0.719261    nan         0.679732    nan         [1601-5000]  (N=35)
[36mINFO[0m 08/14 07:19:02 | oracle = 64.461%
[36mINFO[0m 08/14 07:19:02 | iid = 63.120%
[36mINFO[0m 08/14 07:19:02 | last = 63.120%
[36mINFO[0m 08/14 07:19:02 | last (inD) = 66.709%
[36mINFO[0m 08/14 07:19:02 | iid (inD) = 66.709%
[36mINFO[0m 08/14 07:19:02 | SWAD = 68.589%
[36mINFO[0m 08/14 07:19:02 | SWAD (inD) = 69.950%
[36mINFO[0m 08/14 07:19:04 | 
[36mINFO[0m 08/14 07:19:06 | Testenv name escaping te_quickdraw -> te_quickdraw
[36mINFO[0m 08/14 07:19:06 | Test envs = [1], name = te_quickdraw
[36mINFO[0m 08/14 07:19:06 | Batch sizes for each domain: [32, 0, 32] (total=64)
[36mINFO[0m 08/14 07:19:06 | steps-per-epoch for each domain: 408.00, 1138.50 -> min = 408.00
[36mINFO[0m 08/14 07:19:09 | # of params = 23923979
[36mINFO[0m 08/14 07:23:19 | test_in     test_out    train_in    train_out   test_in_au  train_out_  tr_outloss  test_out_a  env0_out    env0_out_a  env1_in     env1_in_au  env1_out    env1_out_a  env2_out    env2_out_a  step        epoch       loss        step_time   eval_time   mem_gb     
[36mINFO[0m 08/14 07:23:19 | 0.004126    0.004187    0.000000    0.007037    nan         nan         5.345809    nan         0.007047    nan         0.004126    nan         0.004187    nan         0.007027    nan         0           0.000000    5.307343    0.565961    249.199478  9.683208   
WARNING:root:NaN or Inf found in input tensor.
WARNING:root:NaN or Inf found in input tensor.
WARNING:root:NaN or Inf found in input tensor.
WARNING:root:NaN or Inf found in input tensor.
WARNING:root:NaN or Inf found in input tensor.
WARNING:root:NaN or Inf found in input tensor.
WARNING:root:NaN or Inf found in input tensor.
[36mINFO[0m 08/14 07:28:35 | 0.018399    0.018670    0.000000    0.077122    nan         nan         4.619803    nan         0.068934    nan         0.018399    nan         0.018670    nan         0.085310    nan         100         0.245098    5.140949    0.588175    253.765189  10.041951  
WARNING:root:NaN or Inf found in input tensor.
WARNING:root:NaN or Inf found in input tensor.
WARNING:root:NaN or Inf found in input tensor.
WARNING:root:NaN or Inf found in input tensor.
WARNING:root:NaN or Inf found in input tensor.
WARNING:root:NaN or Inf found in input tensor.
WARNING:root:NaN or Inf found in input tensor.
[36mINFO[0m 08/14 07:33:49 | 0.103978    0.101527    0.000000    0.285509    nan         nan         3.136676    nan         0.313113    nan         0.103978    nan         0.101527    nan         0.257905    nan         200         0.490196    3.862997    0.594676    251.384737  10.216396  
WARNING:root:NaN or Inf found in input tensor.
WARNING:root:NaN or Inf found in input tensor.
WARNING:root:NaN or Inf found in input tensor.
WARNING:root:NaN or Inf found in input tensor.
WARNING:root:NaN or Inf found in input tensor.
WARNING:root:NaN or Inf found in input tensor.
WARNING:root:NaN or Inf found in input tensor.
[36mINFO[0m 08/14 07:38:53 | 0.172057    0.174286    0.000000    0.398951    nan         nan         2.568156    nan         0.458640    nan         0.172057    nan         0.174286    nan         0.339262    nan         300         0.735294    2.830081    0.593067    240.471309  10.393573  
WARNING:root:NaN or Inf found in input tensor.
WARNING:root:NaN or Inf found in input tensor.
WARNING:root:NaN or Inf found in input tensor.
WARNING:root:NaN or Inf found in input tensor.
WARNING:root:NaN or Inf found in input tensor.
WARNING:root:NaN or Inf found in input tensor.
WARNING:root:NaN or Inf found in input tensor.
[36mINFO[0m 08/14 07:44:01 | 0.182956    0.185369    0.000000    0.464143    nan         nan         2.346406    nan         0.530944    nan         0.182956    nan         0.185369    nan         0.397343    nan         400         0.980392    2.354015    0.590719    245.453935  10.575617  
WARNING:root:NaN or Inf found in input tensor.
WARNING:root:NaN or Inf found in input tensor.
WARNING:root:NaN or Inf found in input tensor.
WARNING:root:NaN or Inf found in input tensor.
WARNING:root:NaN or Inf found in input tensor.
WARNING:root:NaN or Inf found in input tensor.
WARNING:root:NaN or Inf found in input tensor.
[36mINFO[0m 08/14 07:49:09 | 0.218153    0.218522    0.000000    0.511915    nan         nan         2.018368    nan         0.581801    nan         0.218153    nan         0.218522    nan         0.442029    nan         500         1.225490    2.122529    0.596551    244.705791  10.759141  
WARNING:root:NaN or Inf found in input tensor.
WARNING:root:NaN or Inf found in input tensor.
WARNING:root:NaN or Inf found in input tensor.
WARNING:root:NaN or Inf found in input tensor.
WARNING:root:NaN or Inf found in input tensor.
WARNING:root:NaN or Inf found in input tensor.
WARNING:root:NaN or Inf found in input tensor.
[36mINFO[0m 08/14 07:54:20 | 0.232943    0.238966    0.000000    0.557947    nan         nan         1.825966    nan         0.629289    nan         0.232943    nan         0.238966    nan         0.486605    nan         600         1.470588    1.887670    0.595130    248.132317  10.937492  
WARNING:root:NaN or Inf found in input tensor.
WARNING:root:NaN or Inf found in input tensor.
WARNING:root:NaN or Inf found in input tensor.
WARNING:root:NaN or Inf found in input tensor.
WARNING:root:NaN or Inf found in input tensor.
WARNING:root:NaN or Inf found in input tensor.
WARNING:root:NaN or Inf found in input tensor.
[36mINFO[0m 08/14 07:59:37 | 0.223768    0.226404    0.000000    0.583734    nan         nan         1.742291    nan         0.663297    nan         0.223768    nan         0.226404    nan         0.504172    nan         700         1.715686    1.783503    0.595942    253.933722  11.114532  
WARNING:root:NaN or Inf found in input tensor.
WARNING:root:NaN or Inf found in input tensor.
WARNING:root:NaN or Inf found in input tensor.
WARNING:root:NaN or Inf found in input tensor.
WARNING:root:NaN or Inf found in input tensor.
WARNING:root:NaN or Inf found in input tensor.
WARNING:root:NaN or Inf found in input tensor.
[36mINFO[0m 08/14 08:04:48 | 0.234163    0.237291    0.000000    0.589916    nan         nan         1.684331    nan         0.669730    nan         0.234163    nan         0.237291    nan         0.510101    nan         800         1.960784    1.716303    0.591086    249.014728  11.115653  
WARNING:root:NaN or Inf found in input tensor.
WARNING:root:NaN or Inf found in input tensor.
WARNING:root:NaN or Inf found in input tensor.
WARNING:root:NaN or Inf found in input tensor.
WARNING:root:NaN or Inf found in input tensor.
WARNING:root:NaN or Inf found in input tensor.
WARNING:root:NaN or Inf found in input tensor.
[36mINFO[0m 08/14 08:10:05 | 0.240086    0.246355    0.000000    0.586699    nan         nan         1.676475    nan         0.663297    nan         0.240086    nan         0.246355    nan         0.510101    nan         900         2.205882    1.600889    0.594935    253.638908  11.117835  
WARNING:root:NaN or Inf found in input tensor.
WARNING:root:NaN or Inf found in input tensor.
WARNING:root:NaN or Inf found in input tensor.
WARNING:root:NaN or Inf found in input tensor.
WARNING:root:NaN or Inf found in input tensor.
WARNING:root:NaN or Inf found in input tensor.
WARNING:root:NaN or Inf found in input tensor.
[36mINFO[0m 08/14 08:15:20 | 0.233116    0.238276    0.000000    0.616981    nan         nan         1.598813    nan         0.694547    nan         0.233116    nan         0.238276    nan         0.539416    nan         1000        2.450980    1.538267    0.593722    251.845363  11.119376  
WARNING:root:NaN or Inf found in input tensor.
WARNING:root:NaN or Inf found in input tensor.
WARNING:root:NaN or Inf found in input tensor.
WARNING:root:NaN or Inf found in input tensor.
WARNING:root:NaN or Inf found in input tensor.
WARNING:root:NaN or Inf found in input tensor.
WARNING:root:NaN or Inf found in input tensor.
[36mINFO[0m 08/14 08:20:33 | 0.276207    0.279015    0.000000    0.624974    nan         nan         1.529833    nan         0.700980    nan         0.276207    nan         0.279015    nan         0.548968    nan         1100        2.696078    1.439094    0.592081    249.758719  11.121619  
WARNING:root:NaN or Inf found in input tensor.
WARNING:root:NaN or Inf found in input tensor.
WARNING:root:NaN or Inf found in input tensor.
WARNING:root:NaN or Inf found in input tensor.
WARNING:root:NaN or Inf found in input tensor.
WARNING:root:NaN or Inf found in input tensor.
WARNING:root:NaN or Inf found in input tensor.
[36mINFO[0m 08/14 08:25:47 | 0.275591    0.282315    0.000000    0.618157    nan         nan         1.577188    nan         0.693934    nan         0.275591    nan         0.282315    nan         0.542380    nan         1200        2.941176    1.396136    0.591794    251.586909  11.123809  
WARNING:root:NaN or Inf found in input tensor.
WARNING:root:NaN or Inf found in input tensor.
WARNING:root:NaN or Inf found in input tensor.
WARNING:root:NaN or Inf found in input tensor.
WARNING:root:NaN or Inf found in input tensor.
WARNING:root:NaN or Inf found in input tensor.
WARNING:root:NaN or Inf found in input tensor.
[36mINFO[0m 08/14 08:31:04 | 0.263756    0.271675    0.000000    0.635623    nan         nan         1.499284    nan         0.708333    nan         0.263756    nan         0.271675    nan         0.562912    nan         1300        3.186275    1.343418    0.594314    253.107186  11.123809  
WARNING:root:NaN or Inf found in input tensor.
WARNING:root:NaN or Inf found in input tensor.
WARNING:root:NaN or Inf found in input tensor.
WARNING:root:NaN or Inf found in input tensor.
WARNING:root:NaN or Inf found in input tensor.
WARNING:root:NaN or Inf found in input tensor.
WARNING:root:NaN or Inf found in input tensor.
[36mINFO[0m 08/14 08:36:14 | 0.288929    0.295764    0.000000    0.636632    nan         nan         1.484703    nan         0.715074    nan         0.288929    nan         0.295764    nan         0.558191    nan         1400        3.431373    1.282003    0.593367    247.555511  11.123809  
WARNING:root:NaN or Inf found in input tensor.
WARNING:root:NaN or Inf found in input tensor.
WARNING:root:NaN or Inf found in input tensor.
WARNING:root:NaN or Inf found in input tensor.
WARNING:root:NaN or Inf found in input tensor.
WARNING:root:NaN or Inf found in input tensor.
WARNING:root:NaN or Inf found in input tensor.
[36mINFO[0m 08/14 08:41:32 | 0.288596    0.293793    0.000000    0.641841    nan         nan         1.497910    nan         0.712316    nan         0.288596    nan         0.293793    nan         0.571366    nan         1500        3.676471    1.275810    0.597583    254.499535  11.125846  
WARNING:root:NaN or Inf found in input tensor.
WARNING:root:NaN or Inf found in input tensor.
WARNING:root:NaN or Inf found in input tensor.
WARNING:root:NaN or Inf found in input tensor.
WARNING:root:NaN or Inf found in input tensor.
WARNING:root:NaN or Inf found in input tensor.
WARNING:root:NaN or Inf found in input tensor.
[36mINFO[0m 08/14 08:46:47 | 0.293916    0.299704    0.000000    0.662021    nan         nan         1.420523    nan         0.737745    nan         0.293916    nan         0.299704    nan         0.586298    nan         1600        3.921569    1.249849    0.595039    251.655629  11.130294  
WARNING:root:NaN or Inf found in input tensor.
WARNING:root:NaN or Inf found in input tensor.
WARNING:root:NaN or Inf found in input tensor.
WARNING:root:NaN or Inf found in input tensor.
WARNING:root:NaN or Inf found in input tensor.
WARNING:root:NaN or Inf found in input tensor.
WARNING:root:NaN or Inf found in input tensor.
[36mINFO[0m 08/14 08:52:03 | 0.285554    0.291527    0.000000    0.645021    nan         nan         1.459742    nan         0.721201    nan         0.285554    nan         0.291527    nan         0.568841    nan         1700        4.166667    1.222045    0.594838    252.367807  11.131164  
WARNING:root:NaN or Inf found in input tensor.
WARNING:root:NaN or Inf found in input tensor.
WARNING:root:NaN or Inf found in input tensor.
WARNING:root:NaN or Inf found in input tensor.
WARNING:root:NaN or Inf found in input tensor.
WARNING:root:NaN or Inf found in input tensor.
WARNING:root:NaN or Inf found in input tensor.
[36mINFO[0m 08/14 08:57:22 | 0.287155    0.292463    0.000000    0.669254    nan         nan         1.350639    nan         0.739583    nan         0.287155    nan         0.292463    nan         0.598924    nan         1800        4.411765    1.204505    0.595192    256.079766  11.133262  
WARNING:root:NaN or Inf found in input tensor.
WARNING:root:NaN or Inf found in input tensor.
WARNING:root:NaN or Inf found in input tensor.
WARNING:root:NaN or Inf found in input tensor.
WARNING:root:NaN or Inf found in input tensor.
WARNING:root:NaN or Inf found in input tensor.
WARNING:root:NaN or Inf found in input tensor.
[36mINFO[0m 08/14 09:02:41 | 0.297254    0.302611    0.000000    0.672071    nan         nan         1.369171    nan         0.742034    nan         0.297254    nan         0.302611    nan         0.602108    nan         1900        4.656863    1.137331    0.589085    255.440441  11.141097  
WARNING:root:NaN or Inf found in input tensor.
WARNING:root:NaN or Inf found in input tensor.
WARNING:root:NaN or Inf found in input tensor.
WARNING:root:NaN or Inf found in input tensor.
WARNING:root:NaN or Inf found in input tensor.
WARNING:root:NaN or Inf found in input tensor.
WARNING:root:NaN or Inf found in input tensor.
