Algorithm: ERM
Physical GPU: 0
Seeds: [0, 1, 2, 3, 4]
Dataset: /data/home/kxrgzn/lzh/new/DomainBed-new/dataset/SKET

================================================================================
Starting ERM, seed=0, physical GPU=0
/home/kxrgzn/anaconda3/envs/lzh_DG/bin/python /data/home/kxrgzn/lzh/new/DomainBed-new/train_all.py SKET_ERM_seed0 --dataset SKET --data_dir /data/home/kxrgzn/lzh/new/DomainBed-new/dataset --algorithm ERM --steps 5000 --checkpoint_freq 100 --batch_size 32 --optimizer adam --lr 5e-5 --weight_decay 0 --resnet_dropout 0 --resnet18 False --pretrained True --freeze_bn True --swad False --seed 0 --trial_seed 0 --deterministic --cache disk --prebuild_loader --image_size 224
================================================================================
/home/kxrgzn/anaconda3/envs/lzh_DG/lib/python3.9/site-packages/munch/__init__.py:24: UserWarning: pkg_resources is deprecated as an API. See https://setuptools.pypa.io/en/latest/pkg_resources.html. The pkg_resources package is slated for removal as early as 2025-11-30. Refrain from using this package or pin to Setuptools<81.
  import pkg_resources
[36mINFO[0m 08/12 17:24:08 | Command :: /data/home/kxrgzn/lzh/new/DomainBed-new/train_all.py SKET_ERM_seed0 --dataset SKET --data_dir /data/home/kxrgzn/lzh/new/DomainBed-new/dataset --algorithm ERM --steps 5000 --checkpoint_freq 100 --batch_size 32 --optimizer adam --lr 5e-5 --weight_decay 0 --resnet_dropout 0 --resnet18 False --pretrained True --freeze_bn True --swad False --seed 0 --trial_seed 0 --deterministic --cache disk --prebuild_loader --image_size 224
Environment:
	Python: 3.9.23
	PyTorch: 2.6.0+cu124
	Torchvision: 0.21.0+cu124
	CUDA: 12.4
	CUDNN: 90100
	NumPy: 1.23.5
	PIL: 8.1.0
Args:
	algorithm: ERM
	batch_size: 32
	cache: disk
	cache_root: cache
	cache_size: None
	checkpoint_freq: 100
	configs: []
	data_dir: /data/home/kxrgzn/lzh/new/DomainBed-new/dataset
	dataset: SKET
	debug: False
	deterministic: True
	end_step: 200
	evalmode: fast
	extra_search: n
	extra_search_end: None
	extra_search_start: None
	gga_l_gamma: 0.001
	grad_fn: sum
	holdout_fraction: 0.2
	model_save: None
	name: SKET_ERM_seed0
	neighborhoodSize: 1e-06
	out_dir: train_output/SKET/260812_17-24-08_SKET_ERM_seed0
	out_root: train_output/SKET
	prebuild_loader: True
	q_steps: 2000
	quant: 0
	resize_mode: stretch
	saliency: False
	saliency_cmap: jet
	saliency_every: 0
	saliency_noise: 0.15
	saliency_num: 16
	saliency_samples: 25
	saliency_split: test_in
	seed: 0
	show: False
	start_step: 100
	steps: 5000
	tb_freq: 10
	test_envs: None
	train_output: train_output
	trial_seed: 0
	unique_name: 260812_17-24-08_SKET_ERM_seed0
	work_dir: .
HParams:
	data_augmentation: True
	val_augment: False
	[36mresnet18: False
	[0m[36mresnet_dropout: 0
	[0mclass_balanced: False
	[36moptimizer: adam
	[0m[36mfreeze_bn: True
	[0m[36mpretrained: True
	[0m[36mimage_size: 224
	[0m[36mlr: 5e-05
	[0mbatch_size: 32
	[36mweight_decay: 0
	[0m[36mswad: False
	[0mswad_kwargs: 
	  n_converge: 3
	  n_tolerance: 6
	  tolerance_ratio: 0.3
	test_batchsize: 128
	indomain_test: False
	grad_fn: sum
	extra_search: n
	logdir: train_output/SKET/260812_17-24-08_SKET_ERM_seed0
	neighborhoodSize: 1e-06
	start_step: 100
	end_step: 200
	extra_search_start: None
	extra_search_end: None
	gga_l_gamma: 0.001
[cache] 建缓存 full_0a97eb68eda1bf69: 16320 张
[cache] 200/16320
[cache] 400/16320
[cache] 600/16320
[cache] 800/16320
[cache] 1000/16320
[cache] 1200/16320
[cache] 1400/16320
[cache] 1600/16320
[cache] 1800/16320
[cache] 2000/16320
[cache] 2200/16320
[cache] 2400/16320
[cache] 2600/16320
[cache] 2800/16320
[cache] 3000/16320
[cache] 3200/16320
[cache] 3400/16320
[cache] 3600/16320
[cache] 3800/16320
[cache] 4000/16320
[cache] 4200/16320
[cache] 4400/16320
[cache] 4600/16320
[cache] 4800/16320
[cache] 5000/16320
[cache] 5200/16320
[cache] 5400/16320
[cache] 5600/16320
[cache] 5800/16320
[cache] 6000/16320
[cache] 6200/16320
[cache] 6400/16320
[cache] 6600/16320
[cache] 6800/16320
[cache] 7000/16320
[cache] 7200/16320
[cache] 7400/16320
[cache] 7600/16320
[cache] 7800/16320
[cache] 8000/16320
[cache] 8200/16320
[cache] 8400/16320
[cache] 8600/16320
[cache] 8800/16320
[cache] 9000/16320
[cache] 9200/16320
[cache] 9400/16320
[cache] 9600/16320
[cache] 9800/16320
[cache] 10000/16320
[cache] 10200/16320
[cache] 10400/16320
[cache] 10600/16320
[cache] 10800/16320
[cache] 11000/16320
[cache] 11200/16320
[cache] 11400/16320
[cache] 11600/16320
[cache] 11800/16320
[cache] 12000/16320
[cache] 12200/16320
[cache] 12400/16320
[cache] 12600/16320
[cache] 12800/16320
[cache] 13000/16320
[cache] 13200/16320
[cache] 13400/16320
[cache] 13600/16320
[cache] 13800/16320
[cache] 14000/16320
[cache] 14200/16320
[cache] 14400/16320
[cache] 14600/16320
[cache] 14800/16320
[cache] 15000/16320
[cache] 15200/16320
[cache] 15400/16320
[cache] 15600/16320
[cache] 15800/16320
[cache] 16000/16320
[cache] 16200/16320
[cache] 建缓存 full_6d92b337e379bed0: 101500 张
[cache] 200/101500
[cache] 400/101500
[cache] 600/101500
[cache] 800/101500
[cache] 1000/101500
[cache] 1200/101500
[cache] 1400/101500
[cache] 1600/101500
[cache] 1800/101500
[cache] 2000/101500
[cache] 2200/101500
[cache] 2400/101500
[cache] 2600/101500
[cache] 2800/101500
[cache] 3000/101500
[cache] 3200/101500
[cache] 3400/101500
[cache] 3600/101500
[cache] 3800/101500
[cache] 4000/101500
[cache] 4200/101500
[cache] 4400/101500
[cache] 4600/101500
[cache] 4800/101500
[cache] 5000/101500
[cache] 5200/101500
[cache] 5400/101500
[cache] 5600/101500
[cache] 5800/101500
[cache] 6000/101500
[cache] 6200/101500
[cache] 6400/101500
[cache] 6600/101500
[cache] 6800/101500
[cache] 7000/101500
[cache] 7200/101500
[cache] 7400/101500
[cache] 7600/101500
[cache] 7800/101500
[cache] 8000/101500
[cache] 8200/101500
[cache] 8400/101500
[cache] 8600/101500
[cache] 8800/101500
[cache] 9000/101500
[cache] 9200/101500
[cache] 9400/101500
[cache] 9600/101500
[cache] 9800/101500
[cache] 10000/101500
[cache] 10200/101500
[cache] 10400/101500
[cache] 10600/101500
[cache] 10800/101500
[cache] 11000/101500
[cache] 11200/101500
[cache] 11400/101500
[cache] 11600/101500
[cache] 11800/101500
[cache] 12000/101500
[cache] 12200/101500
[cache] 12400/101500
[cache] 12600/101500
[cache] 12800/101500
[cache] 13000/101500
[cache] 13200/101500
[cache] 13400/101500
[cache] 13600/101500
[cache] 13800/101500
[cache] 14000/101500
[cache] 14200/101500
[cache] 14400/101500
[cache] 14600/101500
[cache] 14800/101500
[cache] 15000/101500
[cache] 15200/101500
[cache] 15400/101500
[cache] 15600/101500
[cache] 15800/101500
[cache] 16000/101500
[cache] 16200/101500
[cache] 16400/101500
[cache] 16600/101500
[cache] 16800/101500
[cache] 17000/101500
[cache] 17200/101500
[cache] 17400/101500
[cache] 17600/101500
[cache] 17800/101500
[cache] 18000/101500
[cache] 18200/101500
[cache] 18400/101500
[cache] 18600/101500
[cache] 18800/101500
[cache] 19000/101500
[cache] 19200/101500
[cache] 19400/101500
[cache] 19600/101500
[cache] 19800/101500
[cache] 20000/101500
[cache] 20200/101500
[cache] 20400/101500
[cache] 20600/101500
[cache] 20800/101500
[cache] 21000/101500
[cache] 21200/101500
[cache] 21400/101500
[cache] 21600/101500
[cache] 21800/101500
[cache] 22000/101500
[cache] 22200/101500
[cache] 22400/101500
[cache] 22600/101500
[cache] 22800/101500
[cache] 23000/101500
[cache] 23200/101500
[cache] 23400/101500
[cache] 23600/101500
[cache] 23800/101500
[cache] 24000/101500
[cache] 24200/101500
[cache] 24400/101500
[cache] 24600/101500
[cache] 24800/101500
[cache] 25000/101500
[cache] 25200/101500
[cache] 25400/101500
[cache] 25600/101500
[cache] 25800/101500
[cache] 26000/101500
[cache] 26200/101500
[cache] 26400/101500
[cache] 26600/101500
[cache] 26800/101500
[cache] 27000/101500
[cache] 27200/101500
[cache] 27400/101500
[cache] 27600/101500
[cache] 27800/101500
[cache] 28000/101500
[cache] 28200/101500
[cache] 28400/101500
[cache] 28600/101500
[cache] 28800/101500
[cache] 29000/101500
[cache] 29200/101500
[cache] 29400/101500
[cache] 29600/101500
[cache] 29800/101500
[cache] 30000/101500
[cache] 30200/101500
[cache] 30400/101500
[cache] 30600/101500
[cache] 30800/101500
[cache] 31000/101500
[cache] 31200/101500
[cache] 31400/101500
[cache] 31600/101500
[cache] 31800/101500
[cache] 32000/101500
[cache] 32200/101500
[cache] 32400/101500
[cache] 32600/101500
[cache] 32800/101500
[cache] 33000/101500
[cache] 33200/101500
[cache] 33400/101500
[cache] 33600/101500
[cache] 33800/101500
[cache] 34000/101500
[cache] 34200/101500
[cache] 34400/101500
[cache] 34600/101500
[cache] 34800/101500
[cache] 35000/101500
[cache] 35200/101500
[cache] 35400/101500
[cache] 35600/101500
[cache] 35800/101500
[cache] 36000/101500
[cache] 36200/101500
[cache] 36400/101500
[cache] 36600/101500
[cache] 36800/101500
[cache] 37000/101500
[cache] 37200/101500
[cache] 37400/101500
[cache] 37600/101500
[cache] 37800/101500
[cache] 38000/101500
[cache] 38200/101500
[cache] 38400/101500
[cache] 38600/101500
[cache] 38800/101500
[cache] 39000/101500
[cache] 39200/101500
[cache] 39400/101500
[cache] 39600/101500
[cache] 39800/101500
[cache] 40000/101500
[cache] 40200/101500
[cache] 40400/101500
[cache] 40600/101500
[cache] 40800/101500
[cache] 41000/101500
[cache] 41200/101500
[cache] 41400/101500
[cache] 41600/101500
[cache] 41800/101500
[cache] 42000/101500
[cache] 42200/101500
[cache] 42400/101500
[cache] 42600/101500
[cache] 42800/101500
[cache] 43000/101500
[cache] 43200/101500
[cache] 43400/101500
[cache] 43600/101500
[cache] 43800/101500
[cache] 44000/101500
[cache] 44200/101500
[cache] 44400/101500
[cache] 44600/101500
[cache] 44800/101500
[cache] 45000/101500
[cache] 45200/101500
[cache] 45400/101500
[cache] 45600/101500
[cache] 45800/101500
[cache] 46000/101500
[cache] 46200/101500
[cache] 46400/101500
[cache] 46600/101500
[cache] 46800/101500
[cache] 47000/101500
[cache] 47200/101500
[cache] 47400/101500
[cache] 47600/101500
[cache] 47800/101500
[cache] 48000/101500
[cache] 48200/101500
[cache] 48400/101500
[cache] 48600/101500
[cache] 48800/101500
[cache] 49000/101500
[cache] 49200/101500
[cache] 49400/101500
[cache] 49600/101500
[cache] 49800/101500
[cache] 50000/101500
[cache] 50200/101500
[cache] 50400/101500
[cache] 50600/101500
[cache] 50800/101500
[cache] 51000/101500
[cache] 51200/101500
[cache] 51400/101500
[cache] 51600/101500
[cache] 51800/101500
[cache] 52000/101500
[cache] 52200/101500
[cache] 52400/101500
[cache] 52600/101500
[cache] 52800/101500
[cache] 53000/101500
[cache] 53200/101500
[cache] 53400/101500
[cache] 53600/101500
[cache] 53800/101500
[cache] 54000/101500
[cache] 54200/101500
[cache] 54400/101500
[cache] 54600/101500
[cache] 54800/101500
[cache] 55000/101500
[cache] 55200/101500
[cache] 55400/101500
[cache] 55600/101500
[cache] 55800/101500
[cache] 56000/101500
[cache] 56200/101500
[cache] 56400/101500
[cache] 56600/101500
[cache] 56800/101500
[cache] 57000/101500
[cache] 57200/101500
[cache] 57400/101500
[cache] 57600/101500
[cache] 57800/101500
[cache] 58000/101500
[cache] 58200/101500
[cache] 58400/101500
[cache] 58600/101500
[cache] 58800/101500
[cache] 59000/101500
[cache] 59200/101500
[cache] 59400/101500
[cache] 59600/101500
[cache] 59800/101500
[cache] 60000/101500
[cache] 60200/101500
[cache] 60400/101500
[cache] 60600/101500
[cache] 60800/101500
[cache] 61000/101500
[cache] 61200/101500
[cache] 61400/101500
[cache] 61600/101500
[cache] 61800/101500
[cache] 62000/101500
[cache] 62200/101500
[cache] 62400/101500
[cache] 62600/101500
[cache] 62800/101500
[cache] 63000/101500
[cache] 63200/101500
[cache] 63400/101500
[cache] 63600/101500
[cache] 63800/101500
[cache] 64000/101500
[cache] 64200/101500
[cache] 64400/101500
[cache] 64600/101500
[cache] 64800/101500
[cache] 65000/101500
[cache] 65200/101500
[cache] 65400/101500
[cache] 65600/101500
[cache] 65800/101500
[cache] 66000/101500
[cache] 66200/101500
[cache] 66400/101500
[cache] 66600/101500
[cache] 66800/101500
[cache] 67000/101500
[cache] 67200/101500
[cache] 67400/101500
[cache] 67600/101500
[cache] 67800/101500
[cache] 68000/101500
[cache] 68200/101500
[cache] 68400/101500
[cache] 68600/101500
[cache] 68800/101500
[cache] 69000/101500
[cache] 69200/101500
[cache] 69400/101500
[cache] 69600/101500
[cache] 69800/101500
[cache] 70000/101500
[cache] 70200/101500
[cache] 70400/101500
[cache] 70600/101500
[cache] 70800/101500
[cache] 71000/101500
[cache] 71200/101500
[cache] 71400/101500
[cache] 71600/101500
[cache] 71800/101500
[cache] 72000/101500
[cache] 72200/101500
[cache] 72400/101500
[cache] 72600/101500
[cache] 72800/101500
[cache] 73000/101500
[cache] 73200/101500
[cache] 73400/101500
[cache] 73600/101500
[cache] 73800/101500
[cache] 74000/101500
[cache] 74200/101500
[cache] 74400/101500
[cache] 74600/101500
[cache] 74800/101500
[cache] 75000/101500
[cache] 75200/101500
[cache] 75400/101500
[cache] 75600/101500
[cache] 75800/101500
[cache] 76000/101500
[cache] 76200/101500
[cache] 76400/101500
[cache] 76600/101500
[cache] 76800/101500
[cache] 77000/101500
[cache] 77200/101500
[cache] 77400/101500
[cache] 77600/101500
[cache] 77800/101500
[cache] 78000/101500
[cache] 78200/101500
[cache] 78400/101500
[cache] 78600/101500
[cache] 78800/101500
[cache] 79000/101500
[cache] 79200/101500
[cache] 79400/101500
[cache] 79600/101500
[cache] 79800/101500
[cache] 80000/101500
[cache] 80200/101500
[cache] 80400/101500
[cache] 80600/101500
[cache] 80800/101500
[cache] 81000/101500
[cache] 81200/101500
[cache] 81400/101500
[cache] 81600/101500
[cache] 81800/101500
[cache] 82000/101500
[cache] 82200/101500
[cache] 82400/101500
[cache] 82600/101500
[cache] 82800/101500
[cache] 83000/101500
[cache] 83200/101500
[cache] 83400/101500
[cache] 83600/101500
[cache] 83800/101500
[cache] 84000/101500
[cache] 84200/101500
[cache] 84400/101500
[cache] 84600/101500
[cache] 84800/101500
[cache] 85000/101500
[cache] 85200/101500
[cache] 85400/101500
[cache] 85600/101500
[cache] 85800/101500
[cache] 86000/101500
[cache] 86200/101500
[cache] 86400/101500
[cache] 86600/101500
[cache] 86800/101500
[cache] 87000/101500
[cache] 87200/101500
[cache] 87400/101500
[cache] 87600/101500
[cache] 87800/101500
[cache] 88000/101500
[cache] 88200/101500
[cache] 88400/101500
[cache] 88600/101500
[cache] 88800/101500
[cache] 89000/101500
[cache] 89200/101500
[cache] 89400/101500
[cache] 89600/101500
[cache] 89800/101500
[cache] 90000/101500
[cache] 90200/101500
[cache] 90400/101500
[cache] 90600/101500
[cache] 90800/101500
[cache] 91000/101500
[cache] 91200/101500
[cache] 91400/101500
[cache] 91600/101500
[cache] 91800/101500
[cache] 92000/101500
[cache] 92200/101500
[cache] 92400/101500
[cache] 92600/101500
[cache] 92800/101500
[cache] 93000/101500
[cache] 93200/101500
[cache] 93400/101500
[cache] 93600/101500
[cache] 93800/101500
[cache] 94000/101500
[cache] 94200/101500
[cache] 94400/101500
[cache] 94600/101500
[cache] 94800/101500
[cache] 95000/101500
[cache] 95200/101500
[cache] 95400/101500
[cache] 95600/101500
[cache] 95800/101500
[cache] 96000/101500
[cache] 96200/101500
[cache] 96400/101500
[cache] 96600/101500
[cache] 96800/101500
[cache] 97000/101500
[cache] 97200/101500
[cache] 97400/101500
[cache] 97600/101500
[cache] 97800/101500
[cache] 98000/101500
[cache] 98200/101500
[cache] 98400/101500
[cache] 98600/101500
[cache] 98800/101500
[cache] 99000/101500
[cache] 99200/101500
[cache] 99400/101500
[cache] 99600/101500
[cache] 99800/101500
[cache] 100000/101500
[cache] 100200/101500
[cache] 100400/101500
[cache] 100600/101500
[cache] 100800/101500
[cache] 101000/101500
[cache] 101200/101500
[cache] 101400/101500
[cache] 建缓存 full_861d297227a8ab91: 45540 张
[cache] 200/45540
[cache] 400/45540
[cache] 600/45540
[cache] 800/45540
[cache] 1000/45540
[cache] 1200/45540
[cache] 1400/45540
[cache] 1600/45540
[cache] 1800/45540
[cache] 2000/45540
[cache] 2200/45540
[cache] 2400/45540
[cache] 2600/45540
[cache] 2800/45540
[cache] 3000/45540
[cache] 3200/45540
[cache] 3400/45540
[cache] 3600/45540
[cache] 3800/45540
[cache] 4000/45540
[cache] 4200/45540
[cache] 4400/45540
[cache] 4600/45540
[cache] 4800/45540
[cache] 5000/45540
[cache] 5200/45540
[cache] 5400/45540
[cache] 5600/45540
[cache] 5800/45540
[cache] 6000/45540
[cache] 6200/45540
[cache] 6400/45540
[cache] 6600/45540
[cache] 6800/45540
[cache] 7000/45540
[cache] 7200/45540
[cache] 7400/45540
[cache] 7600/45540
[cache] 7800/45540
[cache] 8000/45540
[cache] 8200/45540
[cache] 8400/45540
[cache] 8600/45540
[cache] 8800/45540
[cache] 9000/45540
[cache] 9200/45540
[cache] 9400/45540
[cache] 9600/45540
[cache] 9800/45540
[cache] 10000/45540
[cache] 10200/45540
[cache] 10400/45540
[cache] 10600/45540
[cache] 10800/45540
[cache] 11000/45540
[cache] 11200/45540
[cache] 11400/45540
[cache] 11600/45540
[cache] 11800/45540
[cache] 12000/45540
[cache] 12200/45540
[cache] 12400/45540
[cache] 12600/45540
[cache] 12800/45540
[cache] 13000/45540
[cache] 13200/45540
[cache] 13400/45540
[cache] 13600/45540
[cache] 13800/45540
[cache] 14000/45540
[cache] 14200/45540
[cache] 14400/45540
[cache] 14600/45540
[cache] 14800/45540
[cache] 15000/45540
[cache] 15200/45540
[cache] 15400/45540
[cache] 15600/45540
[cache] 15800/45540
[cache] 16000/45540
[cache] 16200/45540
[cache] 16400/45540
[cache] 16600/45540
[cache] 16800/45540
[cache] 17000/45540
[cache] 17200/45540
[cache] 17400/45540
[cache] 17600/45540
[cache] 17800/45540
[cache] 18000/45540
[cache] 18200/45540
[cache] 18400/45540
[cache] 18600/45540
[cache] 18800/45540
[cache] 19000/45540
[cache] 19200/45540
[cache] 19400/45540
[cache] 19600/45540
[cache] 19800/45540
[cache] 20000/45540
[cache] 20200/45540
[cache] 20400/45540
[cache] 20600/45540
[cache] 20800/45540
[cache] 21000/45540
[cache] 21200/45540
[cache] 21400/45540
[cache] 21600/45540
[cache] 21800/45540
[cache] 22000/45540
[cache] 22200/45540
[cache] 22400/45540
[cache] 22600/45540
[cache] 22800/45540
[cache] 23000/45540
[cache] 23200/45540
[cache] 23400/45540
[cache] 23600/45540
[cache] 23800/45540
[cache] 24000/45540
[cache] 24200/45540
[cache] 24400/45540
[cache] 24600/45540
[cache] 24800/45540
[cache] 25000/45540
[cache] 25200/45540
[cache] 25400/45540
[cache] 25600/45540
[cache] 25800/45540
[cache] 26000/45540
[cache] 26200/45540
[cache] 26400/45540
[cache] 26600/45540
[cache] 26800/45540
[cache] 27000/45540
[cache] 27200/45540
[cache] 27400/45540
[cache] 27600/45540
[cache] 27800/45540
[cache] 28000/45540
[cache] 28200/45540
[cache] 28400/45540
[cache] 28600/45540
[cache] 28800/45540
[cache] 29000/45540
[cache] 29200/45540
[cache] 29400/45540
[cache] 29600/45540
[cache] 29800/45540
[cache] 30000/45540
[cache] 30200/45540
[cache] 30400/45540
[cache] 30600/45540
[cache] 30800/45540
[cache] 31000/45540
[cache] 31200/45540
[cache] 31400/45540
[cache] 31600/45540
[cache] 31800/45540
[cache] 32000/45540
[cache] 32200/45540
[cache] 32400/45540
[cache] 32600/45540
[cache] 32800/45540
[cache] 33000/45540
[cache] 33200/45540
[cache] 33400/45540
[cache] 33600/45540
[cache] 33800/45540
[cache] 34000/45540
[cache] 34200/45540
[cache] 34400/45540
[cache] 34600/45540
[cache] 34800/45540
[cache] 35000/45540
[cache] 35200/45540
[cache] 35400/45540
[cache] 35600/45540
[cache] 35800/45540
[cache] 36000/45540
[cache] 36200/45540
[cache] 36400/45540
[cache] 36600/45540
[cache] 36800/45540
[cache] 37000/45540
[cache] 37200/45540
[cache] 37400/45540
[cache] 37600/45540
[cache] 37800/45540
[cache] 38000/45540
[cache] 38200/45540
[cache] 38400/45540
[cache] 38600/45540
[cache] 38800/45540
[cache] 39000/45540
[cache] 39200/45540
[cache] 39400/45540
[cache] 39600/45540
[cache] 39800/45540
[cache] 40000/45540
[cache] 40200/45540
[cache] 40400/45540
[cache] 40600/45540
[cache] 40800/45540
[cache] 41000/45540
[cache] 41200/45540
[cache] 41400/45540
[cache] 41600/45540
[cache] 41800/45540
[cache] 42000/45540
[cache] 42200/45540
[cache] 42400/45540
[cache] 42600/45540
[cache] 42800/45540
[cache] 43000/45540
[cache] 43200/45540
[cache] 43400/45540
[cache] 43600/45540
[cache] 43800/45540
[cache] 44000/45540
[cache] 44200/45540
[cache] 44400/45540
[cache] 44600/45540
[cache] 44800/45540
[cache] 45000/45540
[cache] 45200/45540
[cache] 45400/45540
Dataset:
	[SKET] #envs=3, #classes=203
	env0: TUBerlin (#16320)
	env1: quickdraw (#101500)
	env2: sketch (#45540)

[36mINFO[0m 08/12 17:36:03 | n_steps = 5000
[36mINFO[0m 08/12 17:36:03 | checkpoint_freq = 100
[36mINFO[0m 08/12 17:36:03 | n_steps is updated to 5000 => 5001 for checkpointing
[36mINFO[0m 08/12 17:36:03 | Target test envs = [[0], [1], [2]]
[36mINFO[0m 08/12 17:36:03 | 
[36mINFO[0m 08/12 17:36:06 | Testenv name escaping te_TUBerlin -> te_TUBerlin
[36mINFO[0m 08/12 17:36:06 | Test envs = [0], name = te_TUBerlin
[36mINFO[0m 08/12 17:36:06 | Batch sizes for each domain: [0, 32, 32] (total=64)
[36mINFO[0m 08/12 17:36:06 | steps-per-epoch for each domain: 2537.50, 1138.50 -> min = 1138.50
/home/kxrgzn/anaconda3/envs/lzh_DG/lib/python3.9/site-packages/torchvision/models/_utils.py:208: UserWarning: The parameter 'pretrained' is deprecated since 0.13 and may be removed in the future, please use 'weights' instead.
  warnings.warn(
/home/kxrgzn/anaconda3/envs/lzh_DG/lib/python3.9/site-packages/torchvision/models/_utils.py:223: UserWarning: Arguments other than a weight enum or `None` for 'weights' are deprecated since 0.13 and may be removed in the future. The current behavior is equivalent to passing `weights=ResNet50_Weights.IMAGENET1K_V1`. You can also use `weights=ResNet50_Weights.DEFAULT` to get the most up-to-date weights.
  warnings.warn(msg)
[36mINFO[0m 08/12 17:36:10 | # of params = 23923979
[36mINFO[0m 08/12 17:37:15 | test_in     test_out    train_in    train_out   test_in_au  test_out_a  train_out_  tr_outloss  env0_in     env0_in_au  env0_out    env0_out_a  env1_out    env1_out_a  env2_out    env2_out_a  step        epoch       loss        step_time   eval_time   mem_gb     
[36mINFO[0m 08/12 17:37:15 | 0.007812    0.007659    0.000000    0.005085    nan         nan         nan         5.351302    0.007812    nan         0.007659    nan         0.004680    nan         0.005490    nan         0           0.000000    5.292624    0.636792    63.799412   8.243447   
WARNING:root:NaN or Inf found in input tensor.
WARNING:root:NaN or Inf found in input tensor.
WARNING:root:NaN or Inf found in input tensor.
WARNING:root:NaN or Inf found in input tensor.
WARNING:root:NaN or Inf found in input tensor.
WARNING:root:NaN or Inf found in input tensor.
WARNING:root:NaN or Inf found in input tensor.
[36mINFO[0m 08/12 17:38:40 | 0.051777    0.050858    0.000000    0.071913    nan         nan         nan         4.811291    0.051777    nan         0.050858    nan         0.034581    nan         0.109245    nan         100         0.087835    5.168341    0.219016    63.372277   8.432520   
WARNING:root:NaN or Inf found in input tensor.
WARNING:root:NaN or Inf found in input tensor.
WARNING:root:NaN or Inf found in input tensor.
WARNING:root:NaN or Inf found in input tensor.
WARNING:root:NaN or Inf found in input tensor.
WARNING:root:NaN or Inf found in input tensor.
WARNING:root:NaN or Inf found in input tensor.
[36mINFO[0m 08/12 17:40:05 | 0.203585    0.210784    0.000000    0.211807    nan         nan         nan         3.678067    0.203585    nan         0.210784    nan         0.176798    nan         0.246816    nan         200         0.175670    4.177616    0.219547    63.076804   8.432520   
WARNING:root:NaN or Inf found in input tensor.
WARNING:root:NaN or Inf found in input tensor.
WARNING:root:NaN or Inf found in input tensor.
WARNING:root:NaN or Inf found in input tensor.
WARNING:root:NaN or Inf found in input tensor.
WARNING:root:NaN or Inf found in input tensor.
WARNING:root:NaN or Inf found in input tensor.
[36mINFO[0m 08/12 17:41:30 | 0.326517    0.332414    0.000000    0.327149    nan         nan         nan         2.897804    0.326517    nan         0.332414    nan         0.309655    nan         0.344642    nan         300         0.263505    3.241919    0.222193    63.007933   8.432520   
WARNING:root:NaN or Inf found in input tensor.
WARNING:root:NaN or Inf found in input tensor.
WARNING:root:NaN or Inf found in input tensor.
WARNING:root:NaN or Inf found in input tensor.
WARNING:root:NaN or Inf found in input tensor.
WARNING:root:NaN or Inf found in input tensor.
WARNING:root:NaN or Inf found in input tensor.
[36mINFO[0m 08/12 17:42:56 | 0.404105    0.404412    0.000000    0.389420    nan         nan         nan         2.594904    0.404105    nan         0.404412    nan         0.376995    nan         0.401845    nan         400         0.351339    2.715997    0.222150    63.556264   8.432520   
WARNING:root:NaN or Inf found in input tensor.
WARNING:root:NaN or Inf found in input tensor.
WARNING:root:NaN or Inf found in input tensor.
WARNING:root:NaN or Inf found in input tensor.
WARNING:root:NaN or Inf found in input tensor.
WARNING:root:NaN or Inf found in input tensor.
WARNING:root:NaN or Inf found in input tensor.
[36mINFO[0m 08/12 17:44:22 | 0.432751    0.433517    0.000000    0.441042    nan         nan         nan         2.343533    0.432751    nan         0.433517    nan         0.434236    nan         0.447848    nan         500         0.439174    2.440754    0.222553    63.878042   8.432520   
WARNING:root:NaN or Inf found in input tensor.
WARNING:root:NaN or Inf found in input tensor.
WARNING:root:NaN or Inf found in input tensor.
WARNING:root:NaN or Inf found in input tensor.
WARNING:root:NaN or Inf found in input tensor.
WARNING:root:NaN or Inf found in input tensor.
WARNING:root:NaN or Inf found in input tensor.
[36mINFO[0m 08/12 17:45:48 | 0.454044    0.465686    0.000000    0.470152    nan         nan         nan         2.176379    0.454044    nan         0.465686    nan         0.470936    nan         0.469368    nan         600         0.527009    2.226315    0.222624    63.717576   8.432520   
WARNING:root:NaN or Inf found in input tensor.
WARNING:root:NaN or Inf found in input tensor.
WARNING:root:NaN or Inf found in input tensor.
WARNING:root:NaN or Inf found in input tensor.
WARNING:root:NaN or Inf found in input tensor.
WARNING:root:NaN or Inf found in input tensor.
WARNING:root:NaN or Inf found in input tensor.
[36mINFO[0m 08/12 17:47:16 | 0.508885    0.508885    0.000000    0.508309    nan         nan         nan         2.003681    0.508885    nan         0.508885    nan         0.509261    nan         0.507356    nan         700         0.614844    2.069083    0.227650    64.719566   8.432520   
WARNING:root:NaN or Inf found in input tensor.
WARNING:root:NaN or Inf found in input tensor.
WARNING:root:NaN or Inf found in input tensor.
WARNING:root:NaN or Inf found in input tensor.
WARNING:root:NaN or Inf found in input tensor.
WARNING:root:NaN or Inf found in input tensor.
WARNING:root:NaN or Inf found in input tensor.
[36mINFO[0m 08/12 17:48:41 | 0.499923    0.504289    0.000000    0.513976    nan         nan         nan         2.014237    0.499923    nan         0.504289    nan         0.517192    nan         0.510760    nan         800         0.702679    2.003145    0.223426    63.563581   8.432520   
WARNING:root:NaN or Inf found in input tensor.
WARNING:root:NaN or Inf found in input tensor.
WARNING:root:NaN or Inf found in input tensor.
WARNING:root:NaN or Inf found in input tensor.
WARNING:root:NaN or Inf found in input tensor.
WARNING:root:NaN or Inf found in input tensor.
WARNING:root:NaN or Inf found in input tensor.
[36mINFO[0m 08/12 17:50:07 | 0.519608    0.518995    0.000000    0.521534    nan         nan         nan         1.954878    0.519608    nan         0.518995    nan         0.523744    nan         0.519324    nan         900         0.790514    1.928320    0.221475    63.629816   8.432520   
WARNING:root:NaN or Inf found in input tensor.
WARNING:root:NaN or Inf found in input tensor.
WARNING:root:NaN or Inf found in input tensor.
WARNING:root:NaN or Inf found in input tensor.
WARNING:root:NaN or Inf found in input tensor.
WARNING:root:NaN or Inf found in input tensor.
WARNING:root:NaN or Inf found in input tensor.
[36mINFO[0m 08/12 17:51:33 | 0.526731    0.536765    0.000000    0.539941    nan         nan         nan         1.868595    0.526731    nan         0.536765    nan         0.544089    nan         0.535793    nan         1000        0.878349    1.870293    0.222692    63.856800   8.432520   
WARNING:root:NaN or Inf found in input tensor.
WARNING:root:NaN or Inf found in input tensor.
WARNING:root:NaN or Inf found in input tensor.
WARNING:root:NaN or Inf found in input tensor.
WARNING:root:NaN or Inf found in input tensor.
WARNING:root:NaN or Inf found in input tensor.
WARNING:root:NaN or Inf found in input tensor.
[36mINFO[0m 08/12 17:52:59 | 0.542356    0.551164    0.000000    0.550824    nan         nan         nan         1.823870    0.542356    nan         0.551164    nan         0.557291    nan         0.544357    nan         1100        0.966184    1.776100    0.221350    63.860636   8.432520   
WARNING:root:NaN or Inf found in input tensor.
WARNING:root:NaN or Inf found in input tensor.
WARNING:root:NaN or Inf found in input tensor.
WARNING:root:NaN or Inf found in input tensor.
WARNING:root:NaN or Inf found in input tensor.
WARNING:root:NaN or Inf found in input tensor.
WARNING:root:NaN or Inf found in input tensor.
[36mINFO[0m 08/12 17:54:26 | 0.547028    0.547488    0.000000    0.550048    nan         nan         nan         1.831117    0.547028    nan         0.547488    nan         0.562217    nan         0.537879    nan         1200        1.054018    1.751752    0.221858    64.143118   8.432520   
WARNING:root:NaN or Inf found in input tensor.
WARNING:root:NaN or Inf found in input tensor.
WARNING:root:NaN or Inf found in input tensor.
WARNING:root:NaN or Inf found in input tensor.
WARNING:root:NaN or Inf found in input tensor.
WARNING:root:NaN or Inf found in input tensor.
WARNING:root:NaN or Inf found in input tensor.
[36mINFO[0m 08/12 17:55:51 | 0.545037    0.557598    0.000000    0.564510    nan         nan         nan         1.757540    0.545037    nan         0.557598    nan         0.566108    nan         0.562912    nan         1300        1.141853    1.666446    0.220648    63.416135   8.432520   
WARNING:root:NaN or Inf found in input tensor.
WARNING:root:NaN or Inf found in input tensor.
WARNING:root:NaN or Inf found in input tensor.
WARNING:root:NaN or Inf found in input tensor.
WARNING:root:NaN or Inf found in input tensor.
WARNING:root:NaN or Inf found in input tensor.
WARNING:root:NaN or Inf found in input tensor.
[36mINFO[0m 08/12 17:57:17 | 0.569853    0.571078    0.000000    0.573711    nan         nan         nan         1.737195    0.569853    nan         0.571078    nan         0.571773    nan         0.575648    nan         1400        1.229688    1.658196    0.221641    63.528114   8.432520   
WARNING:root:NaN or Inf found in input tensor.
WARNING:root:NaN or Inf found in input tensor.
WARNING:root:NaN or Inf found in input tensor.
WARNING:root:NaN or Inf found in input tensor.
WARNING:root:NaN or Inf found in input tensor.
WARNING:root:NaN or Inf found in input tensor.
WARNING:root:NaN or Inf found in input tensor.
[36mINFO[0m 08/12 17:58:43 | 0.590074    0.605699    0.000000    0.588877    nan         nan         nan         1.655955    0.590074    nan         0.605699    nan         0.596946    nan         0.580808    nan         1500        1.317523    1.616109    0.221552    63.794755   8.432520   
WARNING:root:NaN or Inf found in input tensor.
WARNING:root:NaN or Inf found in input tensor.
WARNING:root:NaN or Inf found in input tensor.
WARNING:root:NaN or Inf found in input tensor.
WARNING:root:NaN or Inf found in input tensor.
WARNING:root:NaN or Inf found in input tensor.
WARNING:root:NaN or Inf found in input tensor.
[36mINFO[0m 08/12 18:00:09 | 0.602099    0.611213    0.000000    0.591927    nan         nan         nan         1.635754    0.602099    nan         0.611213    nan         0.602167    nan         0.581686    nan         1600        1.405358    1.570633    0.222623    63.980967   8.432520   
WARNING:root:NaN or Inf found in input tensor.
WARNING:root:NaN or Inf found in input tensor.
WARNING:root:NaN or Inf found in input tensor.
WARNING:root:NaN or Inf found in input tensor.
WARNING:root:NaN or Inf found in input tensor.
WARNING:root:NaN or Inf found in input tensor.
WARNING:root:NaN or Inf found in input tensor.
[36mINFO[0m 08/12 18:01:35 | 0.572227    0.583027    0.000000    0.592986    nan         nan         nan         1.652183    0.572227    nan         0.583027    nan         0.599015    nan         0.586957    nan         1700        1.493193    1.547998    0.221722    63.839232   8.432520   
WARNING:root:NaN or Inf found in input tensor.
WARNING:root:NaN or Inf found in input tensor.
WARNING:root:NaN or Inf found in input tensor.
WARNING:root:NaN or Inf found in input tensor.
WARNING:root:NaN or Inf found in input tensor.
WARNING:root:NaN or Inf found in input tensor.
WARNING:root:NaN or Inf found in input tensor.
[36mINFO[0m 08/12 18:03:01 | 0.587623    0.600797    0.000000    0.603305    nan         nan         nan         1.611788    0.587623    nan         0.600797    nan         0.616798    nan         0.589811    nan         1800        1.581028    1.514427    0.222049    63.351148   8.432520   
WARNING:root:NaN or Inf found in input tensor.
WARNING:root:NaN or Inf found in input tensor.
WARNING:root:NaN or Inf found in input tensor.
WARNING:root:NaN or Inf found in input tensor.
WARNING:root:NaN or Inf found in input tensor.
WARNING:root:NaN or Inf found in input tensor.
WARNING:root:NaN or Inf found in input tensor.
[36mINFO[0m 08/12 18:04:27 | 0.594056    0.575980    0.000000    0.606482    nan         nan         nan         1.593691    0.594056    nan         0.575980    nan         0.619310    nan         0.593654    nan         1900        1.668863    1.522869    0.222529    63.811972   8.432520   
WARNING:root:NaN or Inf found in input tensor.
WARNING:root:NaN or Inf found in input tensor.
WARNING:root:NaN or Inf found in input tensor.
WARNING:root:NaN or Inf found in input tensor.
WARNING:root:NaN or Inf found in input tensor.
WARNING:root:NaN or Inf found in input tensor.
WARNING:root:NaN or Inf found in input tensor.
[36mINFO[0m 08/12 18:05:52 | 0.591376    0.587010    0.000000    0.609315    nan         nan         nan         1.582203    0.591376    nan         0.587010    nan         0.617291    nan         0.601339    nan         2000        1.756697    1.445091    0.221862    63.269132   8.432520   
WARNING:root:NaN or Inf found in input tensor.
WARNING:root:NaN or Inf found in input tensor.
WARNING:root:NaN or Inf found in input tensor.
WARNING:root:NaN or Inf found in input tensor.
WARNING:root:NaN or Inf found in input tensor.
WARNING:root:NaN or Inf found in input tensor.
WARNING:root:NaN or Inf found in input tensor.
[36mINFO[0m 08/12 18:07:18 | 0.575214    0.575980    0.000000    0.590851    nan         nan         nan         1.625717    0.575214    nan         0.575980    nan         0.605616    nan         0.576087    nan         2100        1.844532    1.454973    0.222344    63.302598   8.432520   
WARNING:root:NaN or Inf found in input tensor.
WARNING:root:NaN or Inf found in input tensor.
WARNING:root:NaN or Inf found in input tensor.
WARNING:root:NaN or Inf found in input tensor.
WARNING:root:NaN or Inf found in input tensor.
WARNING:root:NaN or Inf found in input tensor.
WARNING:root:NaN or Inf found in input tensor.
[36mINFO[0m 08/12 18:08:43 | 0.594975    0.594056    0.000000    0.614492    nan         nan         nan         1.553501    0.594975    nan         0.594056    nan         0.628522    nan         0.600461    nan         2200        1.932367    1.424586    0.221892    63.321916   8.432520   
WARNING:root:NaN or Inf found in input tensor.
WARNING:root:NaN or Inf found in input tensor.
WARNING:root:NaN or Inf found in input tensor.
WARNING:root:NaN or Inf found in input tensor.
WARNING:root:NaN or Inf found in input tensor.
WARNING:root:NaN or Inf found in input tensor.
WARNING:root:NaN or Inf found in input tensor.
[36mINFO[0m 08/12 18:10:09 | 0.587469    0.589154    0.000000    0.610810    nan         nan         nan         1.546514    0.587469    nan         0.589154    nan         0.616108    nan         0.605512    nan         2300        2.020202    1.445568    0.221804    63.393284   8.432520   
WARNING:root:NaN or Inf found in input tensor.
WARNING:root:NaN or Inf found in input tensor.
WARNING:root:NaN or Inf found in input tensor.
WARNING:root:NaN or Inf found in input tensor.
WARNING:root:NaN or Inf found in input tensor.
WARNING:root:NaN or Inf found in input tensor.
WARNING:root:NaN or Inf found in input tensor.
[36mINFO[0m 08/12 18:11:35 | 0.585095    0.585478    0.000000    0.610913    nan         nan         nan         1.576874    0.585095    nan         0.585478    nan         0.617192    nan         0.604633    nan         2400        2.108037    1.367578    0.222115    63.533490   8.432520   
WARNING:root:NaN or Inf found in input tensor.
WARNING:root:NaN or Inf found in input tensor.
WARNING:root:NaN or Inf found in input tensor.
WARNING:root:NaN or Inf found in input tensor.
WARNING:root:NaN or Inf found in input tensor.
WARNING:root:NaN or Inf found in input tensor.
WARNING:root:NaN or Inf found in input tensor.
[36mINFO[0m 08/12 18:13:01 | 0.604090    0.609375    0.000000    0.609601    nan         nan         nan         1.564827    0.604090    nan         0.609375    nan         0.617094    nan         0.602108    nan         2500        2.195872    1.356338    0.221023    63.870835   8.432520   
WARNING:root:NaN or Inf found in input tensor.
WARNING:root:NaN or Inf found in input tensor.
WARNING:root:NaN or Inf found in input tensor.
WARNING:root:NaN or Inf found in input tensor.
WARNING:root:NaN or Inf found in input tensor.
WARNING:root:NaN or Inf found in input tensor.
WARNING:root:NaN or Inf found in input tensor.
[36mINFO[0m 08/12 18:14:26 | 0.610371    0.618873    0.000000    0.626611    nan         nan         nan         1.495286    0.610371    nan         0.618873    nan         0.638818    nan         0.614405    nan         2600        2.283707    1.340966    0.221503    63.489700   8.432520   
WARNING:root:NaN or Inf found in input tensor.
WARNING:root:NaN or Inf found in input tensor.
WARNING:root:NaN or Inf found in input tensor.
WARNING:root:NaN or Inf found in input tensor.
WARNING:root:NaN or Inf found in input tensor.
WARNING:root:NaN or Inf found in input tensor.
WARNING:root:NaN or Inf found in input tensor.
[36mINFO[0m 08/12 18:15:52 | 0.605392    0.607843    0.000000    0.629487    nan         nan         nan         1.488732    0.605392    nan         0.607843    nan         0.634138    nan         0.624835    nan         2700        2.371542    1.329062    0.221693    63.685874   8.432520   
WARNING:root:NaN or Inf found in input tensor.
WARNING:root:NaN or Inf found in input tensor.
WARNING:root:NaN or Inf found in input tensor.
WARNING:root:NaN or Inf found in input tensor.
WARNING:root:NaN or Inf found in input tensor.
WARNING:root:NaN or Inf found in input tensor.
WARNING:root:NaN or Inf found in input tensor.
[36mINFO[0m 08/12 18:17:18 | 0.591146    0.600184    0.000000    0.627653    nan         nan         nan         1.478965    0.591146    nan         0.600184    nan         0.635961    nan         0.619346    nan         2800        2.459376    1.322831    0.221892    63.367078   8.432520   
WARNING:root:NaN or Inf found in input tensor.
WARNING:root:NaN or Inf found in input tensor.
WARNING:root:NaN or Inf found in input tensor.
WARNING:root:NaN or Inf found in input tensor.
WARNING:root:NaN or Inf found in input tensor.
WARNING:root:NaN or Inf found in input tensor.
WARNING:root:NaN or Inf found in input tensor.
[36mINFO[0m 08/12 18:18:43 | 0.609988    0.614277    0.000000    0.633140    nan         nan         nan         1.465432    0.609988    nan         0.614277    nan         0.637931    nan         0.628349    nan         2900        2.547211    1.278368    0.221773    63.165421   8.432520   
WARNING:root:NaN or Inf found in input tensor.
WARNING:root:NaN or Inf found in input tensor.
WARNING:root:NaN or Inf found in input tensor.
WARNING:root:NaN or Inf found in input tensor.
WARNING:root:NaN or Inf found in input tensor.
WARNING:root:NaN or Inf found in input tensor.
WARNING:root:NaN or Inf found in input tensor.
[36mINFO[0m 08/12 18:20:08 | 0.615426    0.629289    0.000000    0.638393    nan         nan         nan         1.462647    0.615426    nan         0.629289    nan         0.651182    nan         0.625604    nan         3000        2.635046    1.253474    0.222296    63.139051   8.432520   
WARNING:root:NaN or Inf found in input tensor.
WARNING:root:NaN or Inf found in input tensor.
WARNING:root:NaN or Inf found in input tensor.
WARNING:root:NaN or Inf found in input tensor.
WARNING:root:NaN or Inf found in input tensor.
WARNING:root:NaN or Inf found in input tensor.
WARNING:root:NaN or Inf found in input tensor.
[36mINFO[0m 08/12 18:21:34 | 0.614124    0.617647    0.000000    0.642458    nan         nan         nan         1.439661    0.614124    nan         0.617647    nan         0.653054    nan         0.631862    nan         3100        2.722881    1.257116    0.222262    62.822357   8.432520   
WARNING:root:NaN or Inf found in input tensor.
WARNING:root:NaN or Inf found in input tensor.
WARNING:root:NaN or Inf found in input tensor.
WARNING:root:NaN or Inf found in input tensor.
WARNING:root:NaN or Inf found in input tensor.
WARNING:root:NaN or Inf found in input tensor.
WARNING:root:NaN or Inf found in input tensor.
[36mINFO[0m 08/12 18:22:59 | 0.609375    0.601716    0.000000    0.639080    nan         nan         nan         1.454160    0.609375    nan         0.601716    nan         0.641576    nan         0.636583    nan         3200        2.810716    1.254706    0.222411    63.185590   8.432520   
WARNING:root:NaN or Inf found in input tensor.
WARNING:root:NaN or Inf found in input tensor.
WARNING:root:NaN or Inf found in input tensor.
WARNING:root:NaN or Inf found in input tensor.
WARNING:root:NaN or Inf found in input tensor.
WARNING:root:NaN or Inf found in input tensor.
WARNING:root:NaN or Inf found in input tensor.
[36mINFO[0m 08/12 18:24:24 | 0.634727    0.641238    0.000000    0.639556    nan         nan         nan         1.441011    0.634727    nan         0.641238    nan         0.648128    nan         0.630984    nan         3300        2.898551    1.282789    0.221919    63.130901   8.432520   
WARNING:root:NaN or Inf found in input tensor.
WARNING:root:NaN or Inf found in input tensor.
WARNING:root:NaN or Inf found in input tensor.
WARNING:root:NaN or Inf found in input tensor.
WARNING:root:NaN or Inf found in input tensor.
WARNING:root:NaN or Inf found in input tensor.
WARNING:root:NaN or Inf found in input tensor.
[36mINFO[0m 08/12 18:25:50 | 0.627221    0.631127    0.000000    0.642865    nan         nan         nan         1.449611    0.627221    nan         0.631127    nan         0.657931    nan         0.627800    nan         3400        2.986386    1.206023    0.222062    63.361616   8.432520   
WARNING:root:NaN or Inf found in input tensor.
WARNING:root:NaN or Inf found in input tensor.
WARNING:root:NaN or Inf found in input tensor.
WARNING:root:NaN or Inf found in input tensor.
WARNING:root:NaN or Inf found in input tensor.
WARNING:root:NaN or Inf found in input tensor.
WARNING:root:NaN or Inf found in input tensor.
[36mINFO[0m 08/12 18:27:16 | 0.632353    0.635417    0.000000    0.659545    nan         nan         nan         1.363755    0.632353    nan         0.635417    nan         0.671527    nan         0.647563    nan         3500        3.074220    1.271970    0.222018    63.449293   8.432520   
WARNING:root:NaN or Inf found in input tensor.
WARNING:root:NaN or Inf found in input tensor.
WARNING:root:NaN or Inf found in input tensor.
WARNING:root:NaN or Inf found in input tensor.
WARNING:root:NaN or Inf found in input tensor.
WARNING:root:NaN or Inf found in input tensor.
WARNING:root:NaN or Inf found in input tensor.
[36mINFO[0m 08/12 18:28:41 | 0.632200    0.641238    0.000000    0.649904    nan         nan         nan         1.404774    0.632200    nan         0.641238    nan         0.659163    nan         0.640646    nan         3600        3.162055    1.197788    0.221458    63.367350   8.432520   
WARNING:root:NaN or Inf found in input tensor.
WARNING:root:NaN or Inf found in input tensor.
WARNING:root:NaN or Inf found in input tensor.
WARNING:root:NaN or Inf found in input tensor.
WARNING:root:NaN or Inf found in input tensor.
WARNING:root:NaN or Inf found in input tensor.
WARNING:root:NaN or Inf found in input tensor.
[36mINFO[0m 08/12 18:30:07 | 0.623085    0.625613    0.000000    0.644056    nan         nan         nan         1.429558    0.623085    nan         0.625613    nan         0.658227    nan         0.629886    nan         3700        3.249890    1.250397    0.222360    63.678298   8.432520   
WARNING:root:NaN or Inf found in input tensor.
WARNING:root:NaN or Inf found in input tensor.
WARNING:root:NaN or Inf found in input tensor.
WARNING:root:NaN or Inf found in input tensor.
WARNING:root:NaN or Inf found in input tensor.
WARNING:root:NaN or Inf found in input tensor.
WARNING:root:NaN or Inf found in input tensor.
[36mINFO[0m 08/12 18:31:33 | 0.626225    0.625613    0.000000    0.650294    nan         nan         nan         1.417868    0.626225    nan         0.625613    nan         0.662906    nan         0.637681    nan         3800        3.337725    1.175414    0.221000    63.632548   8.432520   
WARNING:root:NaN or Inf found in input tensor.
WARNING:root:NaN or Inf found in input tensor.
WARNING:root:NaN or Inf found in input tensor.
WARNING:root:NaN or Inf found in input tensor.
WARNING:root:NaN or Inf found in input tensor.
WARNING:root:NaN or Inf found in input tensor.
WARNING:root:NaN or Inf found in input tensor.
[36mINFO[0m 08/12 18:32:59 | 0.606005    0.599571    0.000000    0.649602    nan         nan         nan         1.417911    0.606005    nan         0.599571    nan         0.666355    nan         0.632850    nan         3900        3.425560    1.167472    0.221777    63.719913   8.432520   
WARNING:root:NaN or Inf found in input tensor.
WARNING:root:NaN or Inf found in input tensor.
WARNING:root:NaN or Inf found in input tensor.
WARNING:root:NaN or Inf found in input tensor.
WARNING:root:NaN or Inf found in input tensor.
WARNING:root:NaN or Inf found in input tensor.
WARNING:root:NaN or Inf found in input tensor.
[36mINFO[0m 08/12 18:34:24 | 0.628830    0.639706    0.000000    0.663005    nan         nan         nan         1.344785    0.628830    nan         0.639706    nan         0.671970    nan         0.654040    nan         4000        3.513395    1.152861    0.221140    63.698348   8.432520   
WARNING:root:NaN or Inf found in input tensor.
WARNING:root:NaN or Inf found in input tensor.
WARNING:root:NaN or Inf found in input tensor.
WARNING:root:NaN or Inf found in input tensor.
WARNING:root:NaN or Inf found in input tensor.
WARNING:root:NaN or Inf found in input tensor.
WARNING:root:NaN or Inf found in input tensor.
[36mINFO[0m 08/12 18:35:50 | 0.622396    0.631434    0.000000    0.652429    nan         nan         nan         1.390610    0.622396    nan         0.631434    nan         0.666847    nan         0.638011    nan         4100        3.601230    1.158292    0.221427    63.849437   8.432520   
WARNING:root:NaN or Inf found in input tensor.
WARNING:root:NaN or Inf found in input tensor.
WARNING:root:NaN or Inf found in input tensor.
WARNING:root:NaN or Inf found in input tensor.
WARNING:root:NaN or Inf found in input tensor.
WARNING:root:NaN or Inf found in input tensor.
WARNING:root:NaN or Inf found in input tensor.
[36mINFO[0m 08/12 18:37:16 | 0.624923    0.626838    0.000000    0.656801    nan         nan         nan         1.394829    0.624923    nan         0.626838    nan         0.670542    nan         0.643061    nan         4200        3.689065    1.164226    0.220845    63.566694   8.432520   
WARNING:root:NaN or Inf found in input tensor.
WARNING:root:NaN or Inf found in input tensor.
WARNING:root:NaN or Inf found in input tensor.
WARNING:root:NaN or Inf found in input tensor.
WARNING:root:NaN or Inf found in input tensor.
WARNING:root:NaN or Inf found in input tensor.
WARNING:root:NaN or Inf found in input tensor.
[36mINFO[0m 08/12 18:38:42 | 0.635493    0.637868    0.000000    0.659240    nan         nan         nan         1.374152    0.635493    nan         0.637868    nan         0.663892    nan         0.654589    nan         4300        3.776899    1.104806    0.221735    63.432153   8.432520   
WARNING:root:NaN or Inf found in input tensor.
WARNING:root:NaN or Inf found in input tensor.
WARNING:root:NaN or Inf found in input tensor.
WARNING:root:NaN or Inf found in input tensor.
WARNING:root:NaN or Inf found in input tensor.
WARNING:root:NaN or Inf found in input tensor.
WARNING:root:NaN or Inf found in input tensor.
[36mINFO[0m 08/12 18:40:07 | 0.639017    0.640931    0.000000    0.658515    nan         nan         nan         1.384788    0.639017    nan         0.640931    nan         0.670345    nan         0.646684    nan         4400        3.864734    1.074651    0.220955    63.354496   8.432520   
WARNING:root:NaN or Inf found in input tensor.
WARNING:root:NaN or Inf found in input tensor.
WARNING:root:NaN or Inf found in input tensor.
WARNING:root:NaN or Inf found in input tensor.
WARNING:root:NaN or Inf found in input tensor.
WARNING:root:NaN or Inf found in input tensor.
WARNING:root:NaN or Inf found in input tensor.
[36mINFO[0m 08/12 18:41:33 | 0.651042    0.647672    0.000000    0.656794    nan         nan         nan         1.382936    0.651042    nan         0.647672    nan         0.671626    nan         0.641963    nan         4500        3.952569    1.108167    0.221961    63.487168   8.432520   
WARNING:root:NaN or Inf found in input tensor.
WARNING:root:NaN or Inf found in input tensor.
WARNING:root:NaN or Inf found in input tensor.
WARNING:root:NaN or Inf found in input tensor.
WARNING:root:NaN or Inf found in input tensor.
WARNING:root:NaN or Inf found in input tensor.
WARNING:root:NaN or Inf found in input tensor.
[36mINFO[0m 08/12 18:42:59 | 0.643842    0.650123    0.000000    0.669196    nan         nan         nan         1.332629    0.643842    nan         0.650123    nan         0.682266    nan         0.656126    nan         4600        4.040404    1.072810    0.221450    63.482227   8.432520   
WARNING:root:NaN or Inf found in input tensor.
WARNING:root:NaN or Inf found in input tensor.
WARNING:root:NaN or Inf found in input tensor.
WARNING:root:NaN or Inf found in input tensor.
WARNING:root:NaN or Inf found in input tensor.
WARNING:root:NaN or Inf found in input tensor.
WARNING:root:NaN or Inf found in input tensor.
[36mINFO[0m 08/12 18:44:24 | 0.650582    0.640931    0.000000    0.669510    nan         nan         nan         1.331176    0.650582    nan         0.640931    nan         0.681576    nan         0.657444    nan         4700        4.128239    1.111988    0.221432    63.462965   8.432520   
WARNING:root:NaN or Inf found in input tensor.
WARNING:root:NaN or Inf found in input tensor.
WARNING:root:NaN or Inf found in input tensor.
WARNING:root:NaN or Inf found in input tensor.
WARNING:root:NaN or Inf found in input tensor.
WARNING:root:NaN or Inf found in input tensor.
WARNING:root:NaN or Inf found in input tensor.
[36mINFO[0m 08/12 18:45:50 | 0.643306    0.661458    0.000000    0.670889    nan         nan         nan         1.358089    0.643306    nan         0.661458    nan         0.684335    nan         0.657444    nan         4800        4.216074    1.039769    0.221062    63.606122   8.432520   
WARNING:root:NaN or Inf found in input tensor.
WARNING:root:NaN or Inf found in input tensor.
WARNING:root:NaN or Inf found in input tensor.
WARNING:root:NaN or Inf found in input tensor.
WARNING:root:NaN or Inf found in input tensor.
WARNING:root:NaN or Inf found in input tensor.
WARNING:root:NaN or Inf found in input tensor.
[36mINFO[0m 08/12 18:47:16 | 0.634804    0.643995    0.000000    0.662139    nan         nan         nan         1.365606    0.634804    nan         0.643995    nan         0.669360    nan         0.654919    nan         4900        4.303909    1.057279    0.221612    63.839074   8.432520   
WARNING:root:NaN or Inf found in input tensor.
WARNING:root:NaN or Inf found in input tensor.
WARNING:root:NaN or Inf found in input tensor.
WARNING:root:NaN or Inf found in input tensor.
WARNING:root:NaN or Inf found in input tensor.
WARNING:root:NaN or Inf found in input tensor.
WARNING:root:NaN or Inf found in input tensor.
[36mINFO[0m 08/12 18:48:42 | 0.641238    0.645221    0.000000    0.660214    nan         nan         nan         1.384948    0.641238    nan         0.645221    nan         0.669901    nan         0.650527    nan         5000        4.391744    1.013108    0.220682    64.037571   8.432520   
WARNING:root:NaN or Inf found in input tensor.
WARNING:root:NaN or Inf found in input tensor.
WARNING:root:NaN or Inf found in input tensor.
WARNING:root:NaN or Inf found in input tensor.
WARNING:root:NaN or Inf found in input tensor.
WARNING:root:NaN or Inf found in input tensor.
WARNING:root:NaN or Inf found in input tensor.
[36mINFO[0m 08/12 18:48:42 | ---
[36mINFO[0m 08/12 18:48:42 | oracle = 64.331%
[36mINFO[0m 08/12 18:48:42 | iid = 64.331%
[36mINFO[0m 08/12 18:48:42 | last = 64.124%
[36mINFO[0m 08/12 18:48:42 | last (inD) = 66.021%
[36mINFO[0m 08/12 18:48:42 | iid (inD) = 67.089%
[36mINFO[0m 08/12 18:48:43 | 
[36mINFO[0m 08/12 18:48:45 | Testenv name escaping te_quickdraw -> te_quickdraw
[36mINFO[0m 08/12 18:48:45 | Test envs = [1], name = te_quickdraw
[36mINFO[0m 08/12 18:48:45 | Batch sizes for each domain: [32, 0, 32] (total=64)
[36mINFO[0m 08/12 18:48:45 | steps-per-epoch for each domain: 408.00, 1138.50 -> min = 408.00
[36mINFO[0m 08/12 18:48:47 | # of params = 23923979
[36mINFO[0m 08/12 18:51:33 | test_in     test_out    train_in    train_out   test_in_au  train_out_  tr_outloss  test_out_a  env0_out    env0_out_a  env1_in     env1_in_au  env1_out    env1_out_a  env2_out    env2_out_a  step        epoch       loss        step_time   eval_time   mem_gb     
[36mINFO[0m 08/12 18:51:33 | 0.005037    0.005419    0.000000    0.004990    nan         nan         5.348633    nan         0.003064    nan         0.005037    nan         0.005419    nan         0.006917    nan         0           0.000000    5.333875    0.247796    165.005478  8.247475   
WARNING:root:NaN or Inf found in input tensor.
WARNING:root:NaN or Inf found in input tensor.
WARNING:root:NaN or Inf found in input tensor.
WARNING:root:NaN or Inf found in input tensor.
WARNING:root:NaN or Inf found in input tensor.
WARNING:root:NaN or Inf found in input tensor.
WARNING:root:NaN or Inf found in input tensor.
[36mINFO[0m 08/12 18:54:39 | 0.035998    0.035271    0.000000    0.090210    nan         nan         4.661549    nan         0.081495    nan         0.035998    nan         0.035271    nan         0.098924    nan         100         0.245098    5.149022    0.223366    163.822954  8.431300   
WARNING:root:NaN or Inf found in input tensor.
WARNING:root:NaN or Inf found in input tensor.
WARNING:root:NaN or Inf found in input tensor.
WARNING:root:NaN or Inf found in input tensor.
WARNING:root:NaN or Inf found in input tensor.
WARNING:root:NaN or Inf found in input tensor.
WARNING:root:NaN or Inf found in input tensor.
[36mINFO[0m 08/12 18:57:45 | 0.104261    0.103793    0.000000    0.327528    nan         nan         2.935366    nan         0.363664    nan         0.104261    nan         0.103793    nan         0.291392    nan         200         0.490196    3.649754    0.222265    164.494819  8.431300   
WARNING:root:NaN or Inf found in input tensor.
WARNING:root:NaN or Inf found in input tensor.
WARNING:root:NaN or Inf found in input tensor.
WARNING:root:NaN or Inf found in input tensor.
WARNING:root:NaN or Inf found in input tensor.
WARNING:root:NaN or Inf found in input tensor.
WARNING:root:NaN or Inf found in input tensor.
[36mINFO[0m 08/12 19:00:53 | 0.171909    0.176601    0.000000    0.445851    nan         nan         2.327621    nan         0.499081    nan         0.171909    nan         0.176601    nan         0.392622    nan         300         0.735294    2.501275    0.222213    165.077487  8.431300   
WARNING:root:NaN or Inf found in input tensor.
WARNING:root:NaN or Inf found in input tensor.
WARNING:root:NaN or Inf found in input tensor.
WARNING:root:NaN or Inf found in input tensor.
WARNING:root:NaN or Inf found in input tensor.
WARNING:root:NaN or Inf found in input tensor.
WARNING:root:NaN or Inf found in input tensor.
[36mINFO[0m 08/12 19:04:01 | 0.192069    0.192857    0.000000    0.511808    nan         nan         2.012600    nan         0.580270    nan         0.192069    nan         0.192857    nan         0.443347    nan         400         0.980392    2.051389    0.222361    165.791747  8.431300   
WARNING:root:NaN or Inf found in input tensor.
WARNING:root:NaN or Inf found in input tensor.
WARNING:root:NaN or Inf found in input tensor.
WARNING:root:NaN or Inf found in input tensor.
WARNING:root:NaN or Inf found in input tensor.
WARNING:root:NaN or Inf found in input tensor.
WARNING:root:NaN or Inf found in input tensor.
[36mINFO[0m 08/12 19:07:08 | 0.217857    0.221872    0.000000    0.556613    nan         nan         1.821622    nan         0.632659    nan         0.217857    nan         0.221872    nan         0.480567    nan         500         1.225490    1.805704    0.222447    164.699456  8.431300   
WARNING:root:NaN or Inf found in input tensor.
WARNING:root:NaN or Inf found in input tensor.
WARNING:root:NaN or Inf found in input tensor.
WARNING:root:NaN or Inf found in input tensor.
WARNING:root:NaN or Inf found in input tensor.
WARNING:root:NaN or Inf found in input tensor.
WARNING:root:NaN or Inf found in input tensor.
[36mINFO[0m 08/12 19:10:14 | 0.225074    0.227685    0.000000    0.588139    nan         nan         1.703407    nan         0.668811    nan         0.225074    nan         0.227685    nan         0.507466    nan         600         1.470588    1.624882    0.221137    164.047782  8.431300   
WARNING:root:NaN or Inf found in input tensor.
WARNING:root:NaN or Inf found in input tensor.
WARNING:root:NaN or Inf found in input tensor.
WARNING:root:NaN or Inf found in input tensor.
WARNING:root:NaN or Inf found in input tensor.
WARNING:root:NaN or Inf found in input tensor.
WARNING:root:NaN or Inf found in input tensor.
[36mINFO[0m 08/12 19:13:20 | 0.241798    0.240542    0.000000    0.609204    nan         nan         1.628758    nan         0.683824    nan         0.241798    nan         0.240542    nan         0.534585    nan         700         1.715686    1.547273    0.223023    164.147080  8.431300   
WARNING:root:NaN or Inf found in input tensor.
WARNING:root:NaN or Inf found in input tensor.
WARNING:root:NaN or Inf found in input tensor.
WARNING:root:NaN or Inf found in input tensor.
WARNING:root:NaN or Inf found in input tensor.
WARNING:root:NaN or Inf found in input tensor.
WARNING:root:NaN or Inf found in input tensor.
[36mINFO[0m 08/12 19:16:27 | 0.261158    0.266305    0.000000    0.612372    nan         nan         1.603823    nan         0.687194    nan         0.261158    nan         0.266305    nan         0.537549    nan         800         1.960784    1.398974    0.221892    163.944059  8.431300   
WARNING:root:NaN or Inf found in input tensor.
WARNING:root:NaN or Inf found in input tensor.
WARNING:root:NaN or Inf found in input tensor.
WARNING:root:NaN or Inf found in input tensor.
WARNING:root:NaN or Inf found in input tensor.
WARNING:root:NaN or Inf found in input tensor.
WARNING:root:NaN or Inf found in input tensor.
[36mINFO[0m 08/12 19:19:33 | 0.271675    0.276355    0.000000    0.637048    nan         nan         1.489546    nan         0.715686    nan         0.271675    nan         0.276355    nan         0.558410    nan         900         2.205882    1.356614    0.221550    163.999228  8.431300   
WARNING:root:NaN or Inf found in input tensor.
WARNING:root:NaN or Inf found in input tensor.
WARNING:root:NaN or Inf found in input tensor.
WARNING:root:NaN or Inf found in input tensor.
WARNING:root:NaN or Inf found in input tensor.
WARNING:root:NaN or Inf found in input tensor.
WARNING:root:NaN or Inf found in input tensor.
[36mINFO[0m 08/12 19:22:38 | 0.289581    0.297537    0.000000    0.643085    nan         nan         1.471553    nan         0.723039    nan         0.289581    nan         0.297537    nan         0.563131    nan         1000        2.450980    1.289843    0.221757    163.508161  8.431300   
WARNING:root:NaN or Inf found in input tensor.
WARNING:root:NaN or Inf found in input tensor.
WARNING:root:NaN or Inf found in input tensor.
WARNING:root:NaN or Inf found in input tensor.
WARNING:root:NaN or Inf found in input tensor.
WARNING:root:NaN or Inf found in input tensor.
WARNING:root:NaN or Inf found in input tensor.
[36mINFO[0m 08/12 19:25:45 | 0.282599    0.284483    0.000000    0.652419    nan         nan         1.443979    nan         0.715686    nan         0.282599    nan         0.284483    nan         0.589152    nan         1100        2.696078    1.226867    0.221848    164.187159  8.431300   
WARNING:root:NaN or Inf found in input tensor.
WARNING:root:NaN or Inf found in input tensor.
WARNING:root:NaN or Inf found in input tensor.
WARNING:root:NaN or Inf found in input tensor.
WARNING:root:NaN or Inf found in input tensor.
WARNING:root:NaN or Inf found in input tensor.
WARNING:root:NaN or Inf found in input tensor.
[36mINFO[0m 08/12 19:29:45 | 0.291071    0.294631    0.000000    0.649757    nan         nan         1.444399    nan         0.725184    nan         0.291071    nan         0.294631    nan         0.574330    nan         1200        2.941176    1.232777    0.221623    218.342489  8.431300   
WARNING:root:NaN or Inf found in input tensor.
WARNING:root:NaN or Inf found in input tensor.
WARNING:root:NaN or Inf found in input tensor.
WARNING:root:NaN or Inf found in input tensor.
WARNING:root:NaN or Inf found in input tensor.
WARNING:root:NaN or Inf found in input tensor.
WARNING:root:NaN or Inf found in input tensor.
[36mINFO[0m 08/12 19:34:57 | 0.267943    0.273547    0.000000    0.655109    nan         nan         1.397610    nan         0.728860    nan         0.267943    nan         0.273547    nan         0.581357    nan         1300        3.186275    1.204781    0.411349    270.364065  8.431300   
WARNING:root:NaN or Inf found in input tensor.
WARNING:root:NaN or Inf found in input tensor.
WARNING:root:NaN or Inf found in input tensor.
WARNING:root:NaN or Inf found in input tensor.
WARNING:root:NaN or Inf found in input tensor.
WARNING:root:NaN or Inf found in input tensor.
WARNING:root:NaN or Inf found in input tensor.
[36mINFO[0m 08/12 19:40:01 | 0.298830    0.304433    0.000000    0.667438    nan         nan         1.359443    nan         0.735294    nan         0.298830    nan         0.304433    nan         0.599583    nan         1400        3.431373    1.154145    0.411121    263.419155  8.431300   
WARNING:root:NaN or Inf found in input tensor.
WARNING:root:NaN or Inf found in input tensor.
WARNING:root:NaN or Inf found in input tensor.
WARNING:root:NaN or Inf found in input tensor.
WARNING:root:NaN or Inf found in input tensor.
WARNING:root:NaN or Inf found in input tensor.
WARNING:root:NaN or Inf found in input tensor.
[36mINFO[0m 08/12 19:45:07 | 0.272131    0.273596    0.000000    0.669701    nan         nan         1.343033    nan         0.734988    nan         0.272131    nan         0.273596    nan         0.604414    nan         1500        3.676471    1.106039    0.406737    265.193500  8.431300   
WARNING:root:NaN or Inf found in input tensor.
WARNING:root:NaN or Inf found in input tensor.
WARNING:root:NaN or Inf found in input tensor.
WARNING:root:NaN or Inf found in input tensor.
WARNING:root:NaN or Inf found in input tensor.
WARNING:root:NaN or Inf found in input tensor.
WARNING:root:NaN or Inf found in input tensor.
[36mINFO[0m 08/12 19:50:01 | 0.280554    0.282463    0.000000    0.673788    nan         nan         1.334643    nan         0.746017    nan         0.280554    nan         0.282463    nan         0.601559    nan         1600        3.921569    1.041872    0.411470    252.648037  8.431300   
WARNING:root:NaN or Inf found in input tensor.
WARNING:root:NaN or Inf found in input tensor.
WARNING:root:NaN or Inf found in input tensor.
WARNING:root:NaN or Inf found in input tensor.
WARNING:root:NaN or Inf found in input tensor.
WARNING:root:NaN or Inf found in input tensor.
WARNING:root:NaN or Inf found in input tensor.
[36mINFO[0m 08/12 19:54:56 | 0.282943    0.291182    0.000000    0.670153    nan         nan         1.348727    nan         0.746324    nan         0.282943    nan         0.291182    nan         0.593983    nan         1700        4.166667    1.022182    0.410249    253.832000  8.431300   
WARNING:root:NaN or Inf found in input tensor.
WARNING:root:NaN or Inf found in input tensor.
WARNING:root:NaN or Inf found in input tensor.
WARNING:root:NaN or Inf found in input tensor.
WARNING:root:NaN or Inf found in input tensor.
WARNING:root:NaN or Inf found in input tensor.
WARNING:root:NaN or Inf found in input tensor.
[36mINFO[0m 08/12 20:00:02 | 0.290862    0.294680    0.000000    0.687501    nan         nan         1.286131    nan         0.765319    nan         0.290862    nan         0.294680    nan         0.609684    nan         1800        4.411765    1.011517    0.414105    264.458911  8.431300   
WARNING:root:NaN or Inf found in input tensor.
WARNING:root:NaN or Inf found in input tensor.
WARNING:root:NaN or Inf found in input tensor.
WARNING:root:NaN or Inf found in input tensor.
WARNING:root:NaN or Inf found in input tensor.
WARNING:root:NaN or Inf found in input tensor.
WARNING:root:NaN or Inf found in input tensor.
[36mINFO[0m 08/12 20:04:52 | 0.307167    0.311429    0.000000    0.697456    nan         nan         1.268441    nan         0.773591    nan         0.307167    nan         0.311429    nan         0.621322    nan         1900        4.656863    0.988169    0.410520    249.609523  8.431300   
WARNING:root:NaN or Inf found in input tensor.
WARNING:root:NaN or Inf found in input tensor.
WARNING:root:NaN or Inf found in input tensor.
WARNING:root:NaN or Inf found in input tensor.
WARNING:root:NaN or Inf found in input tensor.
WARNING:root:NaN or Inf found in input tensor.
WARNING:root:NaN or Inf found in input tensor.
[36mINFO[0m 08/12 20:09:44 | 0.294557    0.299261    0.000000    0.679737    nan         nan         1.307052    nan         0.746936    nan         0.294557    nan         0.299261    nan         0.612538    nan         2000        4.901961    0.981443    0.405285    250.754522  8.431300   
WARNING:root:NaN or Inf found in input tensor.
WARNING:root:NaN or Inf found in input tensor.
WARNING:root:NaN or Inf found in input tensor.
WARNING:root:NaN or Inf found in input tensor.
WARNING:root:NaN or Inf found in input tensor.
WARNING:root:NaN or Inf found in input tensor.
WARNING:root:NaN or Inf found in input tensor.
[36mINFO[0m 08/12 20:14:35 | 0.312919    0.313350    0.000000    0.698169    nan         nan         1.258335    nan         0.767770    nan         0.312919    nan         0.313350    nan         0.628568    nan         2100        5.147059    0.948547    0.411215    250.335985  8.431300   
WARNING:root:NaN or Inf found in input tensor.
WARNING:root:NaN or Inf found in input tensor.
WARNING:root:NaN or Inf found in input tensor.
WARNING:root:NaN or Inf found in input tensor.
WARNING:root:NaN or Inf found in input tensor.
WARNING:root:NaN or Inf found in input tensor.
WARNING:root:NaN or Inf found in input tensor.
[36mINFO[0m 08/12 20:19:25 | 0.296379    0.300690    0.000000    0.698025    nan         nan         1.274405    nan         0.768689    nan         0.296379    nan         0.300690    nan         0.627361    nan         2200        5.392157    0.859491    0.410888    249.133021  8.431300   
WARNING:root:NaN or Inf found in input tensor.
WARNING:root:NaN or Inf found in input tensor.
WARNING:root:NaN or Inf found in input tensor.
WARNING:root:NaN or Inf found in input tensor.
WARNING:root:NaN or Inf found in input tensor.
WARNING:root:NaN or Inf found in input tensor.
WARNING:root:NaN or Inf found in input tensor.
[36mINFO[0m 08/12 20:24:13 | 0.286638    0.291823    0.000000    0.687544    nan         nan         1.283533    nan         0.759804    nan         0.286638    nan         0.291823    nan         0.615283    nan         2300        5.637255    0.909371    0.412770    245.769956  8.431300   
WARNING:root:NaN or Inf found in input tensor.
WARNING:root:NaN or Inf found in input tensor.
WARNING:root:NaN or Inf found in input tensor.
WARNING:root:NaN or Inf found in input tensor.
WARNING:root:NaN or Inf found in input tensor.
WARNING:root:NaN or Inf found in input tensor.
WARNING:root:NaN or Inf found in input tensor.
[36mINFO[0m 08/12 20:28:58 | 0.299914    0.302709    0.000000    0.697756    nan         nan         1.257128    nan         0.771446    nan         0.299914    nan         0.302709    nan         0.624067    nan         2400        5.882353    0.888055    0.408454    244.879038  8.431300   
WARNING:root:NaN or Inf found in input tensor.
WARNING:root:NaN or Inf found in input tensor.
WARNING:root:NaN or Inf found in input tensor.
WARNING:root:NaN or Inf found in input tensor.
WARNING:root:NaN or Inf found in input tensor.
WARNING:root:NaN or Inf found in input tensor.
WARNING:root:NaN or Inf found in input tensor.
[36mINFO[0m 08/12 20:33:51 | 0.296958    0.300837    0.000000    0.699472    nan         nan         1.264890    nan         0.769608    nan         0.296958    nan         0.300837    nan         0.629337    nan         2500        6.127451    0.859123    0.410331    251.229146  8.431300   
WARNING:root:NaN or Inf found in input tensor.
WARNING:root:NaN or Inf found in input tensor.
WARNING:root:NaN or Inf found in input tensor.
WARNING:root:NaN or Inf found in input tensor.
WARNING:root:NaN or Inf found in input tensor.
WARNING:root:NaN or Inf found in input tensor.
WARNING:root:NaN or Inf found in input tensor.
[36mINFO[0m 08/12 20:38:47 | 0.291884    0.294975    0.000000    0.704287    nan         nan         1.230688    nan         0.772978    nan         0.291884    nan         0.294975    nan         0.635595    nan         2600        6.372549    0.858215    0.411033    255.701115  8.431300   
WARNING:root:NaN or Inf found in input tensor.
WARNING:root:NaN or Inf found in input tensor.
WARNING:root:NaN or Inf found in input tensor.
WARNING:root:NaN or Inf found in input tensor.
WARNING:root:NaN or Inf found in input tensor.
WARNING:root:NaN or Inf found in input tensor.
WARNING:root:NaN or Inf found in input tensor.
[36mINFO[0m 08/12 20:44:19 | 0.320234    0.323202    0.000000    0.701899    nan         nan         1.222433    nan         0.769301    nan         0.320234    nan         0.323202    nan         0.634497    nan         2700        6.617647    0.860399    0.409288    290.644669  8.431300   
WARNING:root:NaN or Inf found in input tensor.
WARNING:root:NaN or Inf found in input tensor.
WARNING:root:NaN or Inf found in input tensor.
WARNING:root:NaN or Inf found in input tensor.
WARNING:root:NaN or Inf found in input tensor.
WARNING:root:NaN or Inf found in input tensor.
WARNING:root:NaN or Inf found in input tensor.
[36mINFO[0m 08/12 20:50:02 | 0.301970    0.306897    0.000000    0.694943    nan         nan         1.261953    nan         0.760110    nan         0.301970    nan         0.306897    nan         0.629776    nan         2800        6.862745    0.826154    0.413977    301.282221  8.431300   
WARNING:root:NaN or Inf found in input tensor.
WARNING:root:NaN or Inf found in input tensor.
WARNING:root:NaN or Inf found in input tensor.
WARNING:root:NaN or Inf found in input tensor.
WARNING:root:NaN or Inf found in input tensor.
WARNING:root:NaN or Inf found in input tensor.
WARNING:root:NaN or Inf found in input tensor.
[36mINFO[0m 08/12 20:55:31 | 0.306884    0.308276    0.000000    0.709982    nan         nan         1.246515    nan         0.774816    nan         0.306884    nan         0.308276    nan         0.645147    nan         2900        7.107843    0.784125    0.412934    288.449485  8.431300   
WARNING:root:NaN or Inf found in input tensor.
WARNING:root:NaN or Inf found in input tensor.
WARNING:root:NaN or Inf found in input tensor.
WARNING:root:NaN or Inf found in input tensor.
WARNING:root:NaN or Inf found in input tensor.
WARNING:root:NaN or Inf found in input tensor.
WARNING:root:NaN or Inf found in input tensor.
[36mINFO[0m 08/12 21:00:43 | 0.314914    0.316897    0.000000    0.703485    nan         nan         1.274644    nan         0.766544    nan         0.314914    nan         0.316897    nan         0.640426    nan         3000        7.352941    0.783380    0.414467    269.683692  8.431300   
WARNING:root:NaN or Inf found in input tensor.
WARNING:root:NaN or Inf found in input tensor.
WARNING:root:NaN or Inf found in input tensor.
WARNING:root:NaN or Inf found in input tensor.
WARNING:root:NaN or Inf found in input tensor.
WARNING:root:NaN or Inf found in input tensor.
WARNING:root:NaN or Inf found in input tensor.
[36mINFO[0m 08/12 21:06:06 | 0.302155    0.307340    0.000000    0.702949    nan         nan         1.258709    nan         0.758885    nan         0.302155    nan         0.307340    nan         0.647014    nan         3100        7.598039    0.769807    0.409607    282.801216  8.431300   
WARNING:root:NaN or Inf found in input tensor.
WARNING:root:NaN or Inf found in input tensor.
WARNING:root:NaN or Inf found in input tensor.
WARNING:root:NaN or Inf found in input tensor.
WARNING:root:NaN or Inf found in input tensor.
WARNING:root:NaN or Inf found in input tensor.
WARNING:root:NaN or Inf found in input tensor.
[36mINFO[0m 08/12 21:11:38 | 0.302365    0.304286    0.000000    0.712993    nan         nan         1.210321    nan         0.779412    nan         0.302365    nan         0.304286    nan         0.646574    nan         3200        7.843137    0.775283    0.411278    290.645951  8.431300   
WARNING:root:NaN or Inf found in input tensor.
WARNING:root:NaN or Inf found in input tensor.
WARNING:root:NaN or Inf found in input tensor.
WARNING:root:NaN or Inf found in input tensor.
WARNING:root:NaN or Inf found in input tensor.
WARNING:root:NaN or Inf found in input tensor.
WARNING:root:NaN or Inf found in input tensor.
[36mINFO[0m 08/12 21:17:01 | 0.286564    0.284581    0.000000    0.717272    nan         nan         1.203633    nan         0.780944    nan         0.286564    nan         0.284581    nan         0.653601    nan         3300        8.088235    0.741715    0.412078    281.703567  8.431300   
WARNING:root:NaN or Inf found in input tensor.
WARNING:root:NaN or Inf found in input tensor.
WARNING:root:NaN or Inf found in input tensor.
WARNING:root:NaN or Inf found in input tensor.
WARNING:root:NaN or Inf found in input tensor.
WARNING:root:NaN or Inf found in input tensor.
WARNING:root:NaN or Inf found in input tensor.
[36mINFO[0m 08/12 21:22:35 | 0.321158    0.320887    0.000000    0.710141    nan         nan         1.245285    nan         0.777880    nan         0.321158    nan         0.320887    nan         0.642402    nan         3400        8.333333    0.800074    0.409691    292.960254  8.431300   
WARNING:root:NaN or Inf found in input tensor.
WARNING:root:NaN or Inf found in input tensor.
WARNING:root:NaN or Inf found in input tensor.
WARNING:root:NaN or Inf found in input tensor.
WARNING:root:NaN or Inf found in input tensor.
WARNING:root:NaN or Inf found in input tensor.
WARNING:root:NaN or Inf found in input tensor.
[36mINFO[0m 08/12 21:28:06 | 0.306958    0.310591    0.000000    0.705762    nan         nan         1.219105    nan         0.770221    nan         0.306958    nan         0.310591    nan         0.641304    nan         3500        8.578431    0.701619    0.411098    290.009352  8.431300   
WARNING:root:NaN or Inf found in input tensor.
WARNING:root:NaN or Inf found in input tensor.
WARNING:root:NaN or Inf found in input tensor.
WARNING:root:NaN or Inf found in input tensor.
WARNING:root:NaN or Inf found in input tensor.
WARNING:root:NaN or Inf found in input tensor.
WARNING:root:NaN or Inf found in input tensor.
[36mINFO[0m 08/12 21:33:34 | 0.302081    0.303054    0.000000    0.711063    nan         nan         1.238177    nan         0.778186    nan         0.302081    nan         0.303054    nan         0.643939    nan         3600        8.823529    0.720190    0.407961    286.674142  8.431300   
WARNING:root:NaN or Inf found in input tensor.
WARNING:root:NaN or Inf found in input tensor.
WARNING:root:NaN or Inf found in input tensor.
WARNING:root:NaN or Inf found in input tensor.
WARNING:root:NaN or Inf found in input tensor.
WARNING:root:NaN or Inf found in input tensor.
WARNING:root:NaN or Inf found in input tensor.
[36mINFO[0m 08/12 21:38:46 | 0.303768    0.302315    0.000000    0.713435    nan         nan         1.222922    nan         0.777880    nan         0.303768    nan         0.302315    nan         0.648990    nan         3700        9.068627    0.686808    0.419476    270.909903  8.431300   
WARNING:root:NaN or Inf found in input tensor.
WARNING:root:NaN or Inf found in input tensor.
WARNING:root:NaN or Inf found in input tensor.
WARNING:root:NaN or Inf found in input tensor.
WARNING:root:NaN or Inf found in input tensor.
WARNING:root:NaN or Inf found in input tensor.
WARNING:root:NaN or Inf found in input tensor.
[36mINFO[0m 08/12 21:43:58 | 0.302746    0.307734    0.000000    0.706991    nan         nan         1.270119    nan         0.771140    nan         0.302746    nan         0.307734    nan         0.642841    nan         3800        9.313725    0.704621    0.408117    271.062622  8.431300   
WARNING:root:NaN or Inf found in input tensor.
WARNING:root:NaN or Inf found in input tensor.
WARNING:root:NaN or Inf found in input tensor.
WARNING:root:NaN or Inf found in input tensor.
WARNING:root:NaN or Inf found in input tensor.
WARNING:root:NaN or Inf found in input tensor.
WARNING:root:NaN or Inf found in input tensor.
[36mINFO[0m 08/12 21:49:21 | 0.278239    0.279704    0.000000    0.716432    nan         nan         1.225145    nan         0.784314    nan         0.278239    nan         0.279704    nan         0.648551    nan         3900        9.558824    0.691319    0.413604    281.633197  8.431300   
WARNING:root:NaN or Inf found in input tensor.
WARNING:root:NaN or Inf found in input tensor.
WARNING:root:NaN or Inf found in input tensor.
WARNING:root:NaN or Inf found in input tensor.
WARNING:root:NaN or Inf found in input tensor.
WARNING:root:NaN or Inf found in input tensor.
WARNING:root:NaN or Inf found in input tensor.
[36mINFO[0m 08/12 21:54:29 | 0.286268    0.287340    0.000000    0.705927    nan         nan         1.234339    nan         0.770221    nan         0.286268    nan         0.287340    nan         0.641634    nan         4000        9.803922    0.695972    0.413341    266.752519  8.431300   
WARNING:root:NaN or Inf found in input tensor.
WARNING:root:NaN or Inf found in input tensor.
WARNING:root:NaN or Inf found in input tensor.
WARNING:root:NaN or Inf found in input tensor.
WARNING:root:NaN or Inf found in input tensor.
WARNING:root:NaN or Inf found in input tensor.
WARNING:root:NaN or Inf found in input tensor.
[36mINFO[0m 08/12 21:59:37 | 0.299372    0.301379    0.000000    0.719567    nan         nan         1.204409    nan         0.781250    nan         0.299372    nan         0.301379    nan         0.657883    nan         4100        10.049020   0.676830    0.411038    266.846473  8.431300   
WARNING:root:NaN or Inf found in input tensor.
WARNING:root:NaN or Inf found in input tensor.
WARNING:root:NaN or Inf found in input tensor.
WARNING:root:NaN or Inf found in input tensor.
WARNING:root:NaN or Inf found in input tensor.
WARNING:root:NaN or Inf found in input tensor.
WARNING:root:NaN or Inf found in input tensor.
[36mINFO[0m 08/12 22:04:51 | 0.309618    0.313005    0.000000    0.712180    nan         nan         1.312562    nan         0.773284    nan         0.309618    nan         0.313005    nan         0.651076    nan         4200        10.294118   0.655424    0.417663    271.452270  8.431300   
WARNING:root:NaN or Inf found in input tensor.
WARNING:root:NaN or Inf found in input tensor.
WARNING:root:NaN or Inf found in input tensor.
WARNING:root:NaN or Inf found in input tensor.
WARNING:root:NaN or Inf found in input tensor.
WARNING:root:NaN or Inf found in input tensor.
WARNING:root:NaN or Inf found in input tensor.
[36mINFO[0m 08/12 22:10:04 | 0.304791    0.307783    0.000000    0.715844    nan         nan         1.245838    nan         0.775123    nan         0.304791    nan         0.307783    nan         0.656566    nan         4300        10.539216   0.640147    0.415022    271.955549  8.431300   
WARNING:root:NaN or Inf found in input tensor.
WARNING:root:NaN or Inf found in input tensor.
WARNING:root:NaN or Inf found in input tensor.
WARNING:root:NaN or Inf found in input tensor.
WARNING:root:NaN or Inf found in input tensor.
WARNING:root:NaN or Inf found in input tensor.
WARNING:root:NaN or Inf found in input tensor.
[36mINFO[0m 08/12 22:14:57 | 0.320653    0.325025    0.000000    0.717168    nan         nan         1.245305    nan         0.777880    nan         0.320653    nan         0.325025    nan         0.656456    nan         4400        10.784314   0.665412    0.410621    251.431453  8.431300   
WARNING:root:NaN or Inf found in input tensor.
WARNING:root:NaN or Inf found in input tensor.
WARNING:root:NaN or Inf found in input tensor.
WARNING:root:NaN or Inf found in input tensor.
WARNING:root:NaN or Inf found in input tensor.
WARNING:root:NaN or Inf found in input tensor.
WARNING:root:NaN or Inf found in input tensor.
[36mINFO[0m 08/12 22:19:46 | 0.284544    0.284926    0.000000    0.728503    nan         nan         1.274189    nan         0.794730    nan         0.284544    nan         0.284926    nan         0.662275    nan         4500        11.029412   0.661620    0.413076    247.936394  8.431300   
WARNING:root:NaN or Inf found in input tensor.
WARNING:root:NaN or Inf found in input tensor.
WARNING:root:NaN or Inf found in input tensor.
WARNING:root:NaN or Inf found in input tensor.
WARNING:root:NaN or Inf found in input tensor.
WARNING:root:NaN or Inf found in input tensor.
WARNING:root:NaN or Inf found in input tensor.
[36mINFO[0m 08/12 22:24:58 | 0.286244    0.284926    0.000000    0.717908    nan         nan         1.251424    nan         0.781556    nan         0.286244    nan         0.284926    nan         0.654260    nan         4600        11.274510   0.627551    0.412503    270.366855  8.431300   
WARNING:root:NaN or Inf found in input tensor.
WARNING:root:NaN or Inf found in input tensor.
WARNING:root:NaN or Inf found in input tensor.
WARNING:root:NaN or Inf found in input tensor.
WARNING:root:NaN or Inf found in input tensor.
WARNING:root:NaN or Inf found in input tensor.
WARNING:root:NaN or Inf found in input tensor.
[36mINFO[0m 08/12 22:30:35 | 0.307562    0.309655    0.000000    0.720520    nan         nan         1.224524    nan         0.782169    nan         0.307562    nan         0.309655    nan         0.658871    nan         4700        11.519608   0.629604    0.415869    296.028656  8.431300   
WARNING:root:NaN or Inf found in input tensor.
WARNING:root:NaN or Inf found in input tensor.
WARNING:root:NaN or Inf found in input tensor.
WARNING:root:NaN or Inf found in input tensor.
WARNING:root:NaN or Inf found in input tensor.
WARNING:root:NaN or Inf found in input tensor.
WARNING:root:NaN or Inf found in input tensor.
[36mINFO[0m 08/12 22:36:11 | 0.293276    0.292956    0.000000    0.735689    nan         nan         1.165073    nan         0.797794    nan         0.293276    nan         0.292956    nan         0.673584    nan         4800        11.764706   0.597642    0.416855    293.937633  8.431300   
WARNING:root:NaN or Inf found in input tensor.
WARNING:root:NaN or Inf found in input tensor.
WARNING:root:NaN or Inf found in input tensor.
WARNING:root:NaN or Inf found in input tensor.
WARNING:root:NaN or Inf found in input tensor.
WARNING:root:NaN or Inf found in input tensor.
WARNING:root:NaN or Inf found in input tensor.
[36mINFO[0m 08/12 22:41:52 | 0.313744    0.315616    0.000000    0.721839    nan         nan         1.210434    nan         0.787990    nan         0.313744    nan         0.315616    nan         0.655687    nan         4900        12.009804   0.574469    0.415070    299.398612  8.431300   
WARNING:root:NaN or Inf found in input tensor.
WARNING:root:NaN or Inf found in input tensor.
WARNING:root:NaN or Inf found in input tensor.
WARNING:root:NaN or Inf found in input tensor.
WARNING:root:NaN or Inf found in input tensor.
WARNING:root:NaN or Inf found in input tensor.
WARNING:root:NaN or Inf found in input tensor.
[36mINFO[0m 08/12 22:46:37 | 0.297869    0.300887    0.000000    0.715197    nan         nan         1.250114    nan         0.774816    nan         0.297869    nan         0.300887    nan         0.655578    nan         5000        12.254902   0.603732    0.412625    244.404549  8.431300   
WARNING:root:NaN or Inf found in input tensor.
WARNING:root:NaN or Inf found in input tensor.
WARNING:root:NaN or Inf found in input tensor.
WARNING:root:NaN or Inf found in input tensor.
WARNING:root:NaN or Inf found in input tensor.
WARNING:root:NaN or Inf found in input tensor.
WARNING:root:NaN or Inf found in input tensor.
[36mINFO[0m 08/12 22:46:37 | ---
[36mINFO[0m 08/12 22:46:37 | oracle = 32.065%
[36mINFO[0m 08/12 22:46:37 | iid = 29.328%
[36mINFO[0m 08/12 22:46:37 | last = 29.787%
[36mINFO[0m 08/12 22:46:37 | last (inD) = 71.520%
[36mINFO[0m 08/12 22:46:37 | iid (inD) = 73.569%
[36mINFO[0m 08/12 22:46:39 | 
[36mINFO[0m 08/12 22:46:42 | Testenv name escaping te_sketch -> te_sketch
[36mINFO[0m 08/12 22:46:42 | Test envs = [2], name = te_sketch
[36mINFO[0m 08/12 22:46:42 | Batch sizes for each domain: [32, 32, 0] (total=64)
[36mINFO[0m 08/12 22:46:42 | steps-per-epoch for each domain: 408.00, 2537.50 -> min = 408.00
[36mINFO[0m 08/12 22:46:46 | # of params = 23923979
[36mINFO[0m 08/12 22:49:18 | test_in     test_out    train_in    train_out   test_in_au  train_out_  tr_outloss  test_out_a  env0_out    env0_out_a  env1_out    env1_out_a  env2_in     env2_in_au  env2_out    env2_out_a  step        epoch       loss        step_time   eval_time   mem_gb     
[36mINFO[0m 08/12 22:49:18 | 0.004913    0.004831    0.000000    0.007590    nan         nan         5.329837    nan         0.008578    nan         0.006601    nan         0.004913    nan         0.004831    nan         0           0.000000    5.432099    0.457375    151.456505  8.247475   
WARNING:root:NaN or Inf found in input tensor.
WARNING:root:NaN or Inf found in input tensor.
WARNING:root:NaN or Inf found in input tensor.
WARNING:root:NaN or Inf found in input tensor.
WARNING:root:NaN or Inf found in input tensor.
WARNING:root:NaN or Inf found in input tensor.
WARNING:root:NaN or Inf found in input tensor.
[36mINFO[0m 08/12 22:52:27 | 0.022672    0.024594    0.000000    0.051656    nan         nan         4.769937    nan         0.060355    nan         0.042956    nan         0.022672    nan         0.024594    nan         100         0.245098    5.192706    0.410719    148.657786  8.431300   
WARNING:root:NaN or Inf found in input tensor.
WARNING:root:NaN or Inf found in input tensor.
WARNING:root:NaN or Inf found in input tensor.
WARNING:root:NaN or Inf found in input tensor.
WARNING:root:NaN or Inf found in input tensor.
WARNING:root:NaN or Inf found in input tensor.
WARNING:root:NaN or Inf found in input tensor.
[36mINFO[0m 08/12 22:55:37 | 0.079134    0.076307    0.000000    0.250793    nan         nan         3.205586    nan         0.265625    nan         0.235961    nan         0.079134    nan         0.076307    nan         200         0.490196    3.863131    0.410821    148.882337  8.431300   
WARNING:root:NaN or Inf found in input tensor.
WARNING:root:NaN or Inf found in input tensor.
WARNING:root:NaN or Inf found in input tensor.
WARNING:root:NaN or Inf found in input tensor.
WARNING:root:NaN or Inf found in input tensor.
WARNING:root:NaN or Inf found in input tensor.
WARNING:root:NaN or Inf found in input tensor.
[36mINFO[0m 08/12 22:58:40 | 0.129831    0.128678    0.000000    0.399771    nan         nan         2.446575    nan         0.447917    nan         0.351626    nan         0.129831    nan         0.128678    nan         300         0.735294    2.741977    0.292213    153.096076  8.431300   
WARNING:root:NaN or Inf found in input tensor.
WARNING:root:NaN or Inf found in input tensor.
WARNING:root:NaN or Inf found in input tensor.
WARNING:root:NaN or Inf found in input tensor.
WARNING:root:NaN or Inf found in input tensor.
WARNING:root:NaN or Inf found in input tensor.
WARNING:root:NaN or Inf found in input tensor.
[36mINFO[0m 08/12 23:01:52 | 0.134332    0.136364    0.000000    0.487452    nan         nan         2.047434    nan         0.534314    nan         0.440591    nan         0.134332    nan         0.136364    nan         400         0.980392    2.182380    0.409035    150.913383  8.431300   
WARNING:root:NaN or Inf found in input tensor.
WARNING:root:NaN or Inf found in input tensor.
WARNING:root:NaN or Inf found in input tensor.
WARNING:root:NaN or Inf found in input tensor.
WARNING:root:NaN or Inf found in input tensor.
WARNING:root:NaN or Inf found in input tensor.
WARNING:root:NaN or Inf found in input tensor.
[36mINFO[0m 08/12 23:05:04 | 0.144516    0.150307    0.000000    0.524830    nan         nan         1.841870    nan         0.571385    nan         0.478276    nan         0.144516    nan         0.150307    nan         500         1.225490    1.905619    0.410669    151.258657  8.431300   
WARNING:root:NaN or Inf found in input tensor.
WARNING:root:NaN or Inf found in input tensor.
WARNING:root:NaN or Inf found in input tensor.
WARNING:root:NaN or Inf found in input tensor.
WARNING:root:NaN or Inf found in input tensor.
WARNING:root:NaN or Inf found in input tensor.
WARNING:root:NaN or Inf found in input tensor.
[36mINFO[0m 08/12 23:08:14 | 0.171992    0.176438    0.000000    0.546174    nan         nan         1.733583    nan         0.605699    nan         0.486650    nan         0.171992    nan         0.176438    nan         600         1.470588    1.738519    0.410377    149.121308  8.431300   
WARNING:root:NaN or Inf found in input tensor.
WARNING:root:NaN or Inf found in input tensor.
WARNING:root:NaN or Inf found in input tensor.
WARNING:root:NaN or Inf found in input tensor.
WARNING:root:NaN or Inf found in input tensor.
WARNING:root:NaN or Inf found in input tensor.
WARNING:root:NaN or Inf found in input tensor.
[36mINFO[0m 08/12 23:11:25 | 0.181653    0.181928    0.000000    0.570626    nan         nan         1.648604    nan         0.620711    nan         0.520542    nan         0.181653    nan         0.181928    nan         700         1.715686    1.597199    0.413985    149.115060  8.431300   
WARNING:root:NaN or Inf found in input tensor.
WARNING:root:NaN or Inf found in input tensor.
WARNING:root:NaN or Inf found in input tensor.
WARNING:root:NaN or Inf found in input tensor.
WARNING:root:NaN or Inf found in input tensor.
WARNING:root:NaN or Inf found in input tensor.
WARNING:root:NaN or Inf found in input tensor.
[36mINFO[0m 08/12 23:14:34 | 0.210666    0.215195    0.000000    0.593523    nan         nan         1.570323    nan         0.652267    nan         0.534778    nan         0.210666    nan         0.215195    nan         800         1.960784    1.482853    0.412868    148.380253  8.431300   
WARNING:root:NaN or Inf found in input tensor.
WARNING:root:NaN or Inf found in input tensor.
WARNING:root:NaN or Inf found in input tensor.
WARNING:root:NaN or Inf found in input tensor.
WARNING:root:NaN or Inf found in input tensor.
WARNING:root:NaN or Inf found in input tensor.
WARNING:root:NaN or Inf found in input tensor.
[36mINFO[0m 08/12 23:17:43 | 0.198836    0.204106    0.000000    0.637608    nan         nan         1.367424    nan         0.703738    nan         0.571478    nan         0.198836    nan         0.204106    nan         900         2.205882    1.408060    0.415913    147.584487  8.431300   
WARNING:root:NaN or Inf found in input tensor.
WARNING:root:NaN or Inf found in input tensor.
WARNING:root:NaN or Inf found in input tensor.
WARNING:root:NaN or Inf found in input tensor.
WARNING:root:NaN or Inf found in input tensor.
WARNING:root:NaN or Inf found in input tensor.
WARNING:root:NaN or Inf found in input tensor.
[36mINFO[0m 08/12 23:20:53 | 0.193594    0.201910    0.000000    0.622847    nan         nan         1.436879    nan         0.686581    nan         0.559113    nan         0.193594    nan         0.201910    nan         1000        2.450980    1.335260    0.414309    148.336373  8.431300   
WARNING:root:NaN or Inf found in input tensor.
WARNING:root:NaN or Inf found in input tensor.
WARNING:root:NaN or Inf found in input tensor.
WARNING:root:NaN or Inf found in input tensor.
WARNING:root:NaN or Inf found in input tensor.
WARNING:root:NaN or Inf found in input tensor.
WARNING:root:NaN or Inf found in input tensor.
[36mINFO[0m 08/12 23:24:03 | 0.201938    0.208937    0.000000    0.653882    nan         nan         1.330156    nan         0.718750    nan         0.589015    nan         0.201938    nan         0.208937    nan         1100        2.696078    1.278618    0.408979    149.220109  8.431300   
WARNING:root:NaN or Inf found in input tensor.
WARNING:root:NaN or Inf found in input tensor.
WARNING:root:NaN or Inf found in input tensor.
WARNING:root:NaN or Inf found in input tensor.
WARNING:root:NaN or Inf found in input tensor.
WARNING:root:NaN or Inf found in input tensor.
WARNING:root:NaN or Inf found in input tensor.
[36mINFO[0m 08/12 23:27:12 | 0.214729    0.220905    0.000000    0.640628    nan         nan         1.336700    nan         0.697610    nan         0.583645    nan         0.214729    nan         0.220905    nan         1200        2.941176    1.203265    0.410795    147.929197  8.431300   
WARNING:root:NaN or Inf found in input tensor.
WARNING:root:NaN or Inf found in input tensor.
WARNING:root:NaN or Inf found in input tensor.
WARNING:root:NaN or Inf found in input tensor.
WARNING:root:NaN or Inf found in input tensor.
WARNING:root:NaN or Inf found in input tensor.
WARNING:root:NaN or Inf found in input tensor.
[36mINFO[0m 08/12 23:30:20 | 0.212890    0.221673    0.000000    0.663179    nan         nan         1.256148    nan         0.719363    nan         0.606995    nan         0.212890    nan         0.221673    nan         1300        3.186275    1.205708    0.409773    146.965047  8.431300   
WARNING:root:NaN or Inf found in input tensor.
WARNING:root:NaN or Inf found in input tensor.
WARNING:root:NaN or Inf found in input tensor.
WARNING:root:NaN or Inf found in input tensor.
WARNING:root:NaN or Inf found in input tensor.
WARNING:root:NaN or Inf found in input tensor.
WARNING:root:NaN or Inf found in input tensor.
[36mINFO[0m 08/12 23:33:27 | 0.207318    0.218379    0.000000    0.666554    nan         nan         1.264770    nan         0.726409    nan         0.606700    nan         0.207318    nan         0.218379    nan         1400        3.431373    1.129662    0.406464    145.830517  8.431300   
WARNING:root:NaN or Inf found in input tensor.
WARNING:root:NaN or Inf found in input tensor.
WARNING:root:NaN or Inf found in input tensor.
WARNING:root:NaN or Inf found in input tensor.
WARNING:root:NaN or Inf found in input tensor.
WARNING:root:NaN or Inf found in input tensor.
WARNING:root:NaN or Inf found in input tensor.
[36mINFO[0m 08/12 23:36:33 | 0.223046    0.233311    0.000000    0.675471    nan         nan         1.196928    nan         0.736213    nan         0.614729    nan         0.223046    nan         0.233311    nan         1500        3.676471    1.115429    0.410085    144.903797  8.431300   
WARNING:root:NaN or Inf found in input tensor.
WARNING:root:NaN or Inf found in input tensor.
WARNING:root:NaN or Inf found in input tensor.
WARNING:root:NaN or Inf found in input tensor.
WARNING:root:NaN or Inf found in input tensor.
WARNING:root:NaN or Inf found in input tensor.
WARNING:root:NaN or Inf found in input tensor.
[36mINFO[0m 08/12 23:39:49 | 0.199385    0.204875    0.000000    0.670984    nan         nan         1.221686    nan         0.733150    nan         0.608818    nan         0.199385    nan         0.204875    nan         1600        3.921569    1.031756    0.412397    155.223263  8.431300   
WARNING:root:NaN or Inf found in input tensor.
WARNING:root:NaN or Inf found in input tensor.
WARNING:root:NaN or Inf found in input tensor.
WARNING:root:NaN or Inf found in input tensor.
WARNING:root:NaN or Inf found in input tensor.
WARNING:root:NaN or Inf found in input tensor.
WARNING:root:NaN or Inf found in input tensor.
[36mINFO[0m 08/12 23:42:56 | 0.245032    0.254941    0.000000    0.686488    nan         nan         1.180458    nan         0.740809    nan         0.632167    nan         0.245032    nan         0.254941    nan         1700        4.166667    1.025816    0.411083    145.430046  8.431300   
WARNING:root:NaN or Inf found in input tensor.
WARNING:root:NaN or Inf found in input tensor.
WARNING:root:NaN or Inf found in input tensor.
WARNING:root:NaN or Inf found in input tensor.
WARNING:root:NaN or Inf found in input tensor.
WARNING:root:NaN or Inf found in input tensor.
WARNING:root:NaN or Inf found in input tensor.
[36mINFO[0m 08/12 23:46:03 | 0.203255    0.203338    0.000000    0.680553    nan         nan         1.204949    nan         0.738051    nan         0.623054    nan         0.203255    nan         0.203338    nan         1800        4.411765    1.016611    0.412444    145.619642  8.431300   
WARNING:root:NaN or Inf found in input tensor.
WARNING:root:NaN or Inf found in input tensor.
WARNING:root:NaN or Inf found in input tensor.
WARNING:root:NaN or Inf found in input tensor.
WARNING:root:NaN or Inf found in input tensor.
WARNING:root:NaN or Inf found in input tensor.
WARNING:root:NaN or Inf found in input tensor.
[36mINFO[0m 08/12 23:49:11 | 0.232159    0.237374    0.000000    0.691032    nan         nan         1.141865    nan         0.748468    nan         0.633596    nan         0.232159    nan         0.237374    nan         1900        4.656863    1.016931    0.412279    146.901918  8.431300   
WARNING:root:NaN or Inf found in input tensor.
WARNING:root:NaN or Inf found in input tensor.
WARNING:root:NaN or Inf found in input tensor.
WARNING:root:NaN or Inf found in input tensor.
WARNING:root:NaN or Inf found in input tensor.
WARNING:root:NaN or Inf found in input tensor.
WARNING:root:NaN or Inf found in input tensor.
[36mINFO[0m 08/12 23:52:17 | 0.220493    0.224308    0.000000    0.691074    nan         nan         1.148984    nan         0.746630    nan         0.635517    nan         0.220493    nan         0.224308    nan         2000        4.901961    0.967889    0.410419    145.318044  8.431300   
WARNING:root:NaN or Inf found in input tensor.
WARNING:root:NaN or Inf found in input tensor.
WARNING:root:NaN or Inf found in input tensor.
WARNING:root:NaN or Inf found in input tensor.
WARNING:root:NaN or Inf found in input tensor.
WARNING:root:NaN or Inf found in input tensor.
WARNING:root:NaN or Inf found in input tensor.
[36mINFO[0m 08/12 23:55:24 | 0.227630    0.229359    0.000000    0.699322    nan         nan         1.145531    nan         0.757659    nan         0.640985    nan         0.227630    nan         0.229359    nan         2100        5.147059    0.928973    0.410545    145.495240  8.431300   
WARNING:root:NaN or Inf found in input tensor.
WARNING:root:NaN or Inf found in input tensor.
WARNING:root:NaN or Inf found in input tensor.
WARNING:root:NaN or Inf found in input tensor.
WARNING:root:NaN or Inf found in input tensor.
WARNING:root:NaN or Inf found in input tensor.
WARNING:root:NaN or Inf found in input tensor.
[36mINFO[0m 08/12 23:58:31 | 0.226943    0.232433    0.000000    0.698077    nan         nan         1.136328    nan         0.758272    nan         0.637882    nan         0.226943    nan         0.232433    nan         2200        5.392157    0.919250    0.411416    146.582164  8.431300   
WARNING:root:NaN or Inf found in input tensor.
WARNING:root:NaN or Inf found in input tensor.
WARNING:root:NaN or Inf found in input tensor.
WARNING:root:NaN or Inf found in input tensor.
WARNING:root:NaN or Inf found in input tensor.
WARNING:root:NaN or Inf found in input tensor.
WARNING:root:NaN or Inf found in input tensor.
[36mINFO[0m 08/13 00:01:39 | 0.218626    0.227712    0.000000    0.699036    nan         nan         1.127754    nan         0.751225    nan         0.646847    nan         0.218626    nan         0.227712    nan         2300        5.637255    0.897033    0.411088    146.284618  8.431300   
WARNING:root:NaN or Inf found in input tensor.
WARNING:root:NaN or Inf found in input tensor.
WARNING:root:NaN or Inf found in input tensor.
WARNING:root:NaN or Inf found in input tensor.
WARNING:root:NaN or Inf found in input tensor.
WARNING:root:NaN or Inf found in input tensor.
WARNING:root:NaN or Inf found in input tensor.
[36mINFO[0m 08/13 00:04:46 | 0.211215    0.225296    0.000000    0.710864    nan         nan         1.089459    nan         0.764093    nan         0.657635    nan         0.211215    nan         0.225296    nan         2400        5.882353    0.864369    0.410304    145.794187  8.431300   
WARNING:root:NaN or Inf found in input tensor.
WARNING:root:NaN or Inf found in input tensor.
WARNING:root:NaN or Inf found in input tensor.
WARNING:root:NaN or Inf found in input tensor.
WARNING:root:NaN or Inf found in input tensor.
WARNING:root:NaN or Inf found in input tensor.
WARNING:root:NaN or Inf found in input tensor.
[36mINFO[0m 08/13 00:07:56 | 0.213329    0.223210    0.000000    0.706210    nan         nan         1.130602    nan         0.758578    nan         0.653842    nan         0.213329    nan         0.223210    nan         2500        6.127451    0.868330    0.407062    149.510399  8.431300   
WARNING:root:NaN or Inf found in input tensor.
WARNING:root:NaN or Inf found in input tensor.
WARNING:root:NaN or Inf found in input tensor.
WARNING:root:NaN or Inf found in input tensor.
WARNING:root:NaN or Inf found in input tensor.
WARNING:root:NaN or Inf found in input tensor.
WARNING:root:NaN or Inf found in input tensor.
[36mINFO[0m 08/13 00:11:05 | 0.224006    0.231555    0.000000    0.726108    nan         nan         1.038151    nan         0.787684    nan         0.664532    nan         0.224006    nan         0.231555    nan         2600        6.372549    0.887609    0.410766    148.210642  8.431300   
WARNING:root:NaN or Inf found in input tensor.
WARNING:root:NaN or Inf found in input tensor.
WARNING:root:NaN or Inf found in input tensor.
WARNING:root:NaN or Inf found in input tensor.
WARNING:root:NaN or Inf found in input tensor.
WARNING:root:NaN or Inf found in input tensor.
WARNING:root:NaN or Inf found in input tensor.
[36mINFO[0m 08/13 00:14:13 | 0.246240    0.253404    0.000000    0.719490    nan         nan         1.067189    nan         0.776961    nan         0.662020    nan         0.246240    nan         0.253404    nan         2700        6.617647    0.844187    0.410459    146.996843  8.431300   
WARNING:root:NaN or Inf found in input tensor.
WARNING:root:NaN or Inf found in input tensor.
WARNING:root:NaN or Inf found in input tensor.
WARNING:root:NaN or Inf found in input tensor.
WARNING:root:NaN or Inf found in input tensor.
WARNING:root:NaN or Inf found in input tensor.
WARNING:root:NaN or Inf found in input tensor.
[36mINFO[0m 08/13 00:17:24 | 0.214701    0.223430    0.000000    0.714124    nan         nan         1.057168    nan         0.772978    nan         0.655271    nan         0.214701    nan         0.223430    nan         2800        6.862745    0.848525    0.410615    149.458019  8.431300   
WARNING:root:NaN or Inf found in input tensor.
WARNING:root:NaN or Inf found in input tensor.
WARNING:root:NaN or Inf found in input tensor.
WARNING:root:NaN or Inf found in input tensor.
WARNING:root:NaN or Inf found in input tensor.
WARNING:root:NaN or Inf found in input tensor.
WARNING:root:NaN or Inf found in input tensor.
[36mINFO[0m 08/13 00:20:37 | 0.216129    0.225955    0.000000    0.701388    nan         nan         1.149283    nan         0.758885    nan         0.643892    nan         0.216129    nan         0.225955    nan         2900        7.107843    0.785963    0.409691    152.198238  8.431300   
WARNING:root:NaN or Inf found in input tensor.
WARNING:root:NaN or Inf found in input tensor.
WARNING:root:NaN or Inf found in input tensor.
WARNING:root:NaN or Inf found in input tensor.
WARNING:root:NaN or Inf found in input tensor.
WARNING:root:NaN or Inf found in input tensor.
WARNING:root:NaN or Inf found in input tensor.
[36mINFO[0m 08/13 00:23:48 | 0.224830    0.233421    0.000000    0.716097    nan         nan         1.070771    nan         0.774510    nan         0.657685    nan         0.224830    nan         0.233421    nan         3000        7.352941    0.818742    0.410314    150.383136  8.431300   
WARNING:root:NaN or Inf found in input tensor.
WARNING:root:NaN or Inf found in input tensor.
WARNING:root:NaN or Inf found in input tensor.
WARNING:root:NaN or Inf found in input tensor.
WARNING:root:NaN or Inf found in input tensor.
WARNING:root:NaN or Inf found in input tensor.
WARNING:root:NaN or Inf found in input tensor.
[36mINFO[0m 08/13 00:27:00 | 0.221207    0.229578    0.000000    0.723658    nan         nan         1.018351    nan         0.777267    nan         0.670049    nan         0.221207    nan         0.229578    nan         3100        7.598039    0.790389    0.409455    150.755914  8.431300   
WARNING:root:NaN or Inf found in input tensor.
WARNING:root:NaN or Inf found in input tensor.
WARNING:root:NaN or Inf found in input tensor.
WARNING:root:NaN or Inf found in input tensor.
WARNING:root:NaN or Inf found in input tensor.
WARNING:root:NaN or Inf found in input tensor.
WARNING:root:NaN or Inf found in input tensor.
[36mINFO[0m 08/13 00:30:09 | 0.243961    0.248243    0.000000    0.710821    nan         nan         1.097663    nan         0.761642    nan         0.660000    nan         0.243961    nan         0.248243    nan         3200        7.843137    0.775939    0.410240    147.578518  8.431300   
WARNING:root:NaN or Inf found in input tensor.
WARNING:root:NaN or Inf found in input tensor.
WARNING:root:NaN or Inf found in input tensor.
WARNING:root:NaN or Inf found in input tensor.
WARNING:root:NaN or Inf found in input tensor.
WARNING:root:NaN or Inf found in input tensor.
WARNING:root:NaN or Inf found in input tensor.
[36mINFO[0m 08/13 00:33:18 | 0.248243    0.257686    0.000000    0.732209    nan         nan         1.021254    nan         0.785846    nan         0.678571    nan         0.248243    nan         0.257686    nan         3300        8.088235    0.764763    0.410286    148.505838  8.431300   
WARNING:root:NaN or Inf found in input tensor.
WARNING:root:NaN or Inf found in input tensor.
WARNING:root:NaN or Inf found in input tensor.
WARNING:root:NaN or Inf found in input tensor.
WARNING:root:NaN or Inf found in input tensor.
WARNING:root:NaN or Inf found in input tensor.
WARNING:root:NaN or Inf found in input tensor.
[36mINFO[0m 08/13 00:36:28 | 0.234437    0.243742    0.000000    0.722235    nan         nan         1.062627    nan         0.767770    nan         0.676700    nan         0.234437    nan         0.243742    nan         3400        8.333333    0.752023    0.411888    148.088032  8.431300   
WARNING:root:NaN or Inf found in input tensor.
WARNING:root:NaN or Inf found in input tensor.
WARNING:root:NaN or Inf found in input tensor.
WARNING:root:NaN or Inf found in input tensor.
WARNING:root:NaN or Inf found in input tensor.
WARNING:root:NaN or Inf found in input tensor.
WARNING:root:NaN or Inf found in input tensor.
[36mINFO[0m 08/13 00:39:30 | 0.242507    0.247255    0.000000    0.726443    nan         nan         1.061333    nan         0.781556    nan         0.671330    nan         0.242507    nan         0.247255    nan         3500        8.578431    0.734925    0.411217    140.863114  8.431300   
WARNING:root:NaN or Inf found in input tensor.
WARNING:root:NaN or Inf found in input tensor.
WARNING:root:NaN or Inf found in input tensor.
WARNING:root:NaN or Inf found in input tensor.
WARNING:root:NaN or Inf found in input tensor.
WARNING:root:NaN or Inf found in input tensor.
WARNING:root:NaN or Inf found in input tensor.
[36mINFO[0m 08/13 00:42:38 | 0.211270    0.217611    0.000000    0.714825    nan         nan         1.079531    nan         0.761029    nan         0.668621    nan         0.211270    nan         0.217611    nan         3600        8.823529    0.728516    0.408732    147.726504  8.431300   
WARNING:root:NaN or Inf found in input tensor.
WARNING:root:NaN or Inf found in input tensor.
WARNING:root:NaN or Inf found in input tensor.
WARNING:root:NaN or Inf found in input tensor.
WARNING:root:NaN or Inf found in input tensor.
WARNING:root:NaN or Inf found in input tensor.
WARNING:root:NaN or Inf found in input tensor.
[36mINFO[0m 08/13 00:45:49 | 0.219532    0.222991    0.000000    0.731897    nan         nan         1.025003    nan         0.782169    nan         0.681626    nan         0.219532    nan         0.222991    nan         3700        9.068627    0.730780    0.413390    149.988086  8.431300   
WARNING:root:NaN or Inf found in input tensor.
WARNING:root:NaN or Inf found in input tensor.
WARNING:root:NaN or Inf found in input tensor.
WARNING:root:NaN or Inf found in input tensor.
WARNING:root:NaN or Inf found in input tensor.
WARNING:root:NaN or Inf found in input tensor.
WARNING:root:NaN or Inf found in input tensor.
[36mINFO[0m 08/13 00:49:01 | 0.222387    0.227273    0.000000    0.720045    nan         nan         1.081556    nan         0.769301    nan         0.670788    nan         0.222387    nan         0.227273    nan         3800        9.313725    0.706814    0.413370    150.058442  8.431300   
WARNING:root:NaN or Inf found in input tensor.
WARNING:root:NaN or Inf found in input tensor.
WARNING:root:NaN or Inf found in input tensor.
WARNING:root:NaN or Inf found in input tensor.
WARNING:root:NaN or Inf found in input tensor.
WARNING:root:NaN or Inf found in input tensor.
WARNING:root:NaN or Inf found in input tensor.
[36mINFO[0m 08/13 00:52:12 | 0.208745    0.218928    0.000000    0.721505    nan         nan         1.077218    nan         0.773897    nan         0.669113    nan         0.208745    nan         0.218928    nan         3900        9.558824    0.676117    0.413653    150.205113  8.431300   
WARNING:root:NaN or Inf found in input tensor.
WARNING:root:NaN or Inf found in input tensor.
WARNING:root:NaN or Inf found in input tensor.
WARNING:root:NaN or Inf found in input tensor.
WARNING:root:NaN or Inf found in input tensor.
WARNING:root:NaN or Inf found in input tensor.
WARNING:root:NaN or Inf found in input tensor.
[36mINFO[0m 08/13 00:55:21 | 0.224857    0.233751    0.000000    0.736208    nan         nan         0.993961    nan         0.791973    nan         0.680443    nan         0.224857    nan         0.233751    nan         4000        9.803922    0.690078    0.409551    147.722548  8.431300   
WARNING:root:NaN or Inf found in input tensor.
WARNING:root:NaN or Inf found in input tensor.
WARNING:root:NaN or Inf found in input tensor.
WARNING:root:NaN or Inf found in input tensor.
WARNING:root:NaN or Inf found in input tensor.
WARNING:root:NaN or Inf found in input tensor.
WARNING:root:NaN or Inf found in input tensor.
[36mINFO[0m 08/13 00:58:30 | 0.250439    0.255599    0.000000    0.724086    nan         nan         1.007303    nan         0.773591    nan         0.674581    nan         0.250439    nan         0.255599    nan         4100        10.049020   0.722580    0.412327    147.562051  8.431300   
WARNING:root:NaN or Inf found in input tensor.
WARNING:root:NaN or Inf found in input tensor.
WARNING:root:NaN or Inf found in input tensor.
WARNING:root:NaN or Inf found in input tensor.
WARNING:root:NaN or Inf found in input tensor.
WARNING:root:NaN or Inf found in input tensor.
WARNING:root:NaN or Inf found in input tensor.
[36mINFO[0m 08/13 01:01:40 | 0.225653    0.232213    0.000000    0.731556    nan         nan         1.065482    nan         0.778186    nan         0.684926    nan         0.225653    nan         0.232213    nan         4200        10.294118   0.656869    0.413649    148.660673  8.431300   
WARNING:root:NaN or Inf found in input tensor.
WARNING:root:NaN or Inf found in input tensor.
WARNING:root:NaN or Inf found in input tensor.
WARNING:root:NaN or Inf found in input tensor.
WARNING:root:NaN or Inf found in input tensor.
WARNING:root:NaN or Inf found in input tensor.
WARNING:root:NaN or Inf found in input tensor.
[36mINFO[0m 08/13 01:04:48 | 0.214921    0.221344    0.000000    0.730170    nan         nan         1.058598    nan         0.783395    nan         0.676946    nan         0.214921    nan         0.221344    nan         4300        10.539216   0.679300    0.411391    147.340227  8.431300   
WARNING:root:NaN or Inf found in input tensor.
WARNING:root:NaN or Inf found in input tensor.
WARNING:root:NaN or Inf found in input tensor.
WARNING:root:NaN or Inf found in input tensor.
WARNING:root:NaN or Inf found in input tensor.
WARNING:root:NaN or Inf found in input tensor.
WARNING:root:NaN or Inf found in input tensor.
[36mINFO[0m 08/13 01:07:57 | 0.228316    0.239240    0.000000    0.740195    nan         nan         1.044090    nan         0.793199    nan         0.687192    nan         0.228316    nan         0.239240    nan         4400        10.784314   0.636989    0.410480    147.398626  8.431300   
WARNING:root:NaN or Inf found in input tensor.
WARNING:root:NaN or Inf found in input tensor.
WARNING:root:NaN or Inf found in input tensor.
WARNING:root:NaN or Inf found in input tensor.
WARNING:root:NaN or Inf found in input tensor.
WARNING:root:NaN or Inf found in input tensor.
WARNING:root:NaN or Inf found in input tensor.
[36mINFO[0m 08/13 01:11:06 | 0.246349    0.255709    0.000000    0.734429    nan         nan         1.016503    nan         0.781863    nan         0.686995    nan         0.246349    nan         0.255709    nan         4500        11.029412   0.655647    0.411990    147.441570  8.431300   
WARNING:root:NaN or Inf found in input tensor.
WARNING:root:NaN or Inf found in input tensor.
WARNING:root:NaN or Inf found in input tensor.
WARNING:root:NaN or Inf found in input tensor.
WARNING:root:NaN or Inf found in input tensor.
WARNING:root:NaN or Inf found in input tensor.
WARNING:root:NaN or Inf found in input tensor.
[36mINFO[0m 08/13 01:14:13 | 0.244263    0.251427    0.000000    0.747683    nan         nan         1.010567    nan         0.793199    nan         0.702167    nan         0.244263    nan         0.251427    nan         4600        11.274510   0.643633    0.412742    146.557324  8.431300   
WARNING:root:NaN or Inf found in input tensor.
WARNING:root:NaN or Inf found in input tensor.
WARNING:root:NaN or Inf found in input tensor.
WARNING:root:NaN or Inf found in input tensor.
WARNING:root:NaN or Inf found in input tensor.
WARNING:root:NaN or Inf found in input tensor.
WARNING:root:NaN or Inf found in input tensor.
[36mINFO[0m 08/13 01:17:21 | 0.223457    0.230127    0.000000    0.735474    nan         nan         1.026434    nan         0.785233    nan         0.685714    nan         0.223457    nan         0.230127    nan         4700        11.519608   0.641622    0.407181    146.632924  8.431300   
WARNING:root:NaN or Inf found in input tensor.
WARNING:root:NaN or Inf found in input tensor.
WARNING:root:NaN or Inf found in input tensor.
WARNING:root:NaN or Inf found in input tensor.
WARNING:root:NaN or Inf found in input tensor.
WARNING:root:NaN or Inf found in input tensor.
WARNING:root:NaN or Inf found in input tensor.
[36mINFO[0m 08/13 01:20:29 | 0.227081    0.230457    0.000000    0.731691    nan         nan         1.082138    nan         0.773284    nan         0.690099    nan         0.227081    nan         0.230457    nan         4800        11.764706   0.645403    0.413128    146.628535  8.431300   
WARNING:root:NaN or Inf found in input tensor.
WARNING:root:NaN or Inf found in input tensor.
WARNING:root:NaN or Inf found in input tensor.
WARNING:root:NaN or Inf found in input tensor.
WARNING:root:NaN or Inf found in input tensor.
WARNING:root:NaN or Inf found in input tensor.
WARNING:root:NaN or Inf found in input tensor.
[36mINFO[0m 08/13 01:23:36 | 0.225598    0.233311    0.000000    0.740501    nan         nan         1.036407    nan         0.786765    nan         0.694236    nan         0.225598    nan         0.233311    nan         4900        12.009804   0.629925    0.410340    146.355239  8.431300   
WARNING:root:NaN or Inf found in input tensor.
WARNING:root:NaN or Inf found in input tensor.
WARNING:root:NaN or Inf found in input tensor.
WARNING:root:NaN or Inf found in input tensor.
WARNING:root:NaN or Inf found in input tensor.
WARNING:root:NaN or Inf found in input tensor.
WARNING:root:NaN or Inf found in input tensor.
[36mINFO[0m 08/13 01:26:43 | 0.237758    0.245828    0.000000    0.739940    nan         nan         0.975324    nan         0.784314    nan         0.695567    nan         0.237758    nan         0.245828    nan         5000        12.254902   0.617758    0.410729    146.233871  8.431300   
WARNING:root:NaN or Inf found in input tensor.
WARNING:root:NaN or Inf found in input tensor.
WARNING:root:NaN or Inf found in input tensor.
WARNING:root:NaN or Inf found in input tensor.
WARNING:root:NaN or Inf found in input tensor.
WARNING:root:NaN or Inf found in input tensor.
WARNING:root:NaN or Inf found in input tensor.
[36mINFO[0m 08/13 01:26:43 | ---
[36mINFO[0m 08/13 01:26:43 | oracle = 24.824%
[36mINFO[0m 08/13 01:26:43 | iid = 24.426%
[36mINFO[0m 08/13 01:26:43 | last = 23.776%
[36mINFO[0m 08/13 01:26:43 | last (inD) = 73.994%
[36mINFO[0m 08/13 01:26:43 | iid (inD) = 74.768%
[36mINFO[0m 08/13 01:26:45 | === Summary ===
[36mINFO[0m 08/13 01:26:45 | Command: /data/home/kxrgzn/lzh/new/DomainBed-new/train_all.py SKET_ERM_seed0 --dataset SKET --data_dir /data/home/kxrgzn/lzh/new/DomainBed-new/dataset --algorithm ERM --steps 5000 --checkpoint_freq 100 --batch_size 32 --optimizer adam --lr 5e-5 --weight_decay 0 --resnet_dropout 0 --resnet18 False --pretrained True --freeze_bn True --swad False --seed 0 --trial_seed 0 --deterministic --cache disk --prebuild_loader --image_size 224
[36mINFO[0m 08/13 01:26:45 | Unique name: 260812_17-24-08_SKET_ERM_seed0
[36mINFO[0m 08/13 01:26:45 | Out path: train_output/SKET/260812_17-24-08_SKET_ERM_seed0
[36mINFO[0m 08/13 01:26:45 | Algorithm: ERM
[36mINFO[0m 08/13 01:26:45 | Dataset: SKET
+------------+----------+-----------+---------+---------+
| Selection  | TUBerlin | quickdraw |  sketch |   Avg.  |
+------------+----------+-----------+---------+---------+
|   oracle   | 64.331%  |  32.065%  | 24.824% | 40.407% |
|    iid     | 64.331%  |  29.328%  | 24.426% | 39.361% |
|    last    | 64.124%  |  29.787%  | 23.776% | 39.229% |
| last (inD) | 66.021%  |  71.520%  | 73.994% | 70.512% |
| iid (inD)  | 67.089%  |  73.569%  | 74.768% | 71.809% |
+------------+----------+-----------+---------+---------+
================================================================================
Starting ERM, seed=1, physical GPU=0
/home/kxrgzn/anaconda3/envs/lzh_DG/bin/python /data/home/kxrgzn/lzh/new/DomainBed-new/train_all.py SKET_ERM_seed1 --dataset SKET --data_dir /data/home/kxrgzn/lzh/new/DomainBed-new/dataset --algorithm ERM --steps 5000 --checkpoint_freq 100 --batch_size 32 --optimizer adam --lr 5e-5 --weight_decay 0 --resnet_dropout 0 --resnet18 False --pretrained True --freeze_bn True --swad False --seed 1 --trial_seed 1 --deterministic --cache disk --prebuild_loader --image_size 224
================================================================================
/home/kxrgzn/anaconda3/envs/lzh_DG/lib/python3.9/site-packages/munch/__init__.py:24: UserWarning: pkg_resources is deprecated as an API. See https://setuptools.pypa.io/en/latest/pkg_resources.html. The pkg_resources package is slated for removal as early as 2025-11-30. Refrain from using this package or pin to Setuptools<81.
  import pkg_resources
[36mINFO[0m 08/13 01:26:52 | Command :: /data/home/kxrgzn/lzh/new/DomainBed-new/train_all.py SKET_ERM_seed1 --dataset SKET --data_dir /data/home/kxrgzn/lzh/new/DomainBed-new/dataset --algorithm ERM --steps 5000 --checkpoint_freq 100 --batch_size 32 --optimizer adam --lr 5e-5 --weight_decay 0 --resnet_dropout 0 --resnet18 False --pretrained True --freeze_bn True --swad False --seed 1 --trial_seed 1 --deterministic --cache disk --prebuild_loader --image_size 224
Environment:
	Python: 3.9.23
	PyTorch: 2.6.0+cu124
	Torchvision: 0.21.0+cu124
	CUDA: 12.4
	CUDNN: 90100
	NumPy: 1.23.5
	PIL: 8.1.0
Args:
	algorithm: ERM
	batch_size: 32
	cache: disk
	cache_root: cache
	cache_size: None
	checkpoint_freq: 100
	configs: []
	data_dir: /data/home/kxrgzn/lzh/new/DomainBed-new/dataset
	dataset: SKET
	debug: False
	deterministic: True
	end_step: 200
	evalmode: fast
	extra_search: n
	extra_search_end: None
	extra_search_start: None
	gga_l_gamma: 0.001
	grad_fn: sum
	holdout_fraction: 0.2
	model_save: None
	name: SKET_ERM_seed1
	neighborhoodSize: 1e-06
	out_dir: train_output/SKET/260813_01-26-52_SKET_ERM_seed1
	out_root: train_output/SKET
	prebuild_loader: True
	q_steps: 2000
	quant: 0
	resize_mode: stretch
	saliency: False
	saliency_cmap: jet
	saliency_every: 0
	saliency_noise: 0.15
	saliency_num: 16
	saliency_samples: 25
	saliency_split: test_in
	seed: 1
	show: False
	start_step: 100
	steps: 5000
	tb_freq: 10
	test_envs: None
	train_output: train_output
	trial_seed: 1
	unique_name: 260813_01-26-52_SKET_ERM_seed1
	work_dir: .
HParams:
	data_augmentation: True
	val_augment: False
	[36mresnet18: False
	[0m[36mresnet_dropout: 0
	[0mclass_balanced: False
	[36moptimizer: adam
	[0m[36mfreeze_bn: True
	[0m[36mpretrained: True
	[0m[36mimage_size: 224
	[0m[36mlr: 5e-05
	[0mbatch_size: 32
	[36mweight_decay: 0
	[0m[36mswad: False
	[0mswad_kwargs: 
	  n_converge: 3
	  n_tolerance: 6
	  tolerance_ratio: 0.3
	test_batchsize: 128
	indomain_test: False
	grad_fn: sum
	extra_search: n
	logdir: train_output/SKET/260813_01-26-52_SKET_ERM_seed1
	neighborhoodSize: 1e-06
	start_step: 100
	end_step: 200
	extra_search_start: None
	extra_search_end: None
	gga_l_gamma: 0.001
Dataset:
	[SKET] #envs=3, #classes=203
	env0: TUBerlin (#16320)
	env1: quickdraw (#101500)
	env2: sketch (#45540)

[36mINFO[0m 08/13 01:26:55 | n_steps = 5000
[36mINFO[0m 08/13 01:26:55 | checkpoint_freq = 100
[36mINFO[0m 08/13 01:26:55 | n_steps is updated to 5000 => 5001 for checkpointing
[36mINFO[0m 08/13 01:26:55 | Target test envs = [[0], [1], [2]]
[36mINFO[0m 08/13 01:26:55 | 
[36mINFO[0m 08/13 01:26:57 | Testenv name escaping te_TUBerlin -> te_TUBerlin
[36mINFO[0m 08/13 01:26:57 | Test envs = [0], name = te_TUBerlin
[36mINFO[0m 08/13 01:26:57 | Batch sizes for each domain: [0, 32, 32] (total=64)
[36mINFO[0m 08/13 01:26:57 | steps-per-epoch for each domain: 2537.50, 1138.50 -> min = 1138.50
/home/kxrgzn/anaconda3/envs/lzh_DG/lib/python3.9/site-packages/torchvision/models/_utils.py:208: UserWarning: The parameter 'pretrained' is deprecated since 0.13 and may be removed in the future, please use 'weights' instead.
  warnings.warn(
/home/kxrgzn/anaconda3/envs/lzh_DG/lib/python3.9/site-packages/torchvision/models/_utils.py:223: UserWarning: Arguments other than a weight enum or `None` for 'weights' are deprecated since 0.13 and may be removed in the future. The current behavior is equivalent to passing `weights=ResNet50_Weights.IMAGENET1K_V1`. You can also use `weights=ResNet50_Weights.DEFAULT` to get the most up-to-date weights.
  warnings.warn(msg)
[36mINFO[0m 08/13 01:27:00 | # of params = 23923979
[36mINFO[0m 08/13 01:28:37 | test_in     test_out    train_in    train_out   test_in_au  test_out_a  train_out_  tr_outloss  env0_in     env0_in_au  env0_out    env0_out_a  env1_out    env1_out_a  env2_out    env2_out_a  step        epoch       loss        step_time   eval_time   mem_gb     
[36mINFO[0m 08/13 01:28:37 | 0.004213    0.003370    0.000000    0.006849    nan         nan         nan         5.351344    0.004213    nan         0.003370    nan         0.005025    nan         0.008674    nan         0           0.000000    5.329165    0.948092    95.663181   8.243447   
WARNING:root:NaN or Inf found in input tensor.
WARNING:root:NaN or Inf found in input tensor.
WARNING:root:NaN or Inf found in input tensor.
WARNING:root:NaN or Inf found in input tensor.
WARNING:root:NaN or Inf found in input tensor.
WARNING:root:NaN or Inf found in input tensor.
WARNING:root:NaN or Inf found in input tensor.
[36mINFO[0m 08/13 01:30:54 | 0.049786    0.052696    0.000000    0.069300    nan         nan         nan         4.805904    0.049786    nan         0.052696    nan         0.041872    nan         0.096728    nan         100         0.087835    5.166651    0.415262    95.280930   8.432520   
WARNING:root:NaN or Inf found in input tensor.
WARNING:root:NaN or Inf found in input tensor.
WARNING:root:NaN or Inf found in input tensor.
WARNING:root:NaN or Inf found in input tensor.
WARNING:root:NaN or Inf found in input tensor.
WARNING:root:NaN or Inf found in input tensor.
WARNING:root:NaN or Inf found in input tensor.
[36mINFO[0m 08/13 01:33:11 | 0.274433    0.268995    0.000000    0.263476    nan         nan         nan         3.302628    0.274433    nan         0.268995    nan         0.237537    nan         0.289416    nan         200         0.175670    3.992885    0.412228    95.706092   8.432520   
WARNING:root:NaN or Inf found in input tensor.
WARNING:root:NaN or Inf found in input tensor.
WARNING:root:NaN or Inf found in input tensor.
WARNING:root:NaN or Inf found in input tensor.
WARNING:root:NaN or Inf found in input tensor.
WARNING:root:NaN or Inf found in input tensor.
WARNING:root:NaN or Inf found in input tensor.
[36mINFO[0m 08/13 01:35:27 | 0.366805    0.371936    0.000000    0.358693    nan         nan         nan         2.774077    0.366805    nan         0.371936    nan         0.342660    nan         0.374726    nan         300         0.263505    3.037391    0.409591    95.709867   8.432520   
WARNING:root:NaN or Inf found in input tensor.
WARNING:root:NaN or Inf found in input tensor.
WARNING:root:NaN or Inf found in input tensor.
WARNING:root:NaN or Inf found in input tensor.
WARNING:root:NaN or Inf found in input tensor.
WARNING:root:NaN or Inf found in input tensor.
WARNING:root:NaN or Inf found in input tensor.
[36mINFO[0m 08/13 01:37:45 | 0.442785    0.432904    0.000000    0.437018    nan         nan         nan         2.375592    0.442785    nan         0.432904    nan         0.430690    nan         0.443347    nan         400         0.351339    2.671107    0.412343    96.010403   8.432520   
WARNING:root:NaN or Inf found in input tensor.
WARNING:root:NaN or Inf found in input tensor.
WARNING:root:NaN or Inf found in input tensor.
WARNING:root:NaN or Inf found in input tensor.
WARNING:root:NaN or Inf found in input tensor.
WARNING:root:NaN or Inf found in input tensor.
WARNING:root:NaN or Inf found in input tensor.
[36mINFO[0m 08/13 01:40:02 | 0.476562    0.491115    0.000000    0.469616    nan         nan         nan         2.194148    0.476562    nan         0.491115    nan         0.465911    nan         0.473320    nan         500         0.439174    2.412880    0.412317    96.162768   8.432520   
WARNING:root:NaN or Inf found in input tensor.
WARNING:root:NaN or Inf found in input tensor.
WARNING:root:NaN or Inf found in input tensor.
WARNING:root:NaN or Inf found in input tensor.
WARNING:root:NaN or Inf found in input tensor.
WARNING:root:NaN or Inf found in input tensor.
WARNING:root:NaN or Inf found in input tensor.
[36mINFO[0m 08/13 01:42:19 | 0.474188    0.473652    0.000000    0.487296    nan         nan         nan         2.124738    0.474188    nan         0.473652    nan         0.491281    nan         0.483311    nan         600         0.527009    2.217611    0.409131    95.791924   8.432520   
WARNING:root:NaN or Inf found in input tensor.
WARNING:root:NaN or Inf found in input tensor.
WARNING:root:NaN or Inf found in input tensor.
WARNING:root:NaN or Inf found in input tensor.
WARNING:root:NaN or Inf found in input tensor.
WARNING:root:NaN or Inf found in input tensor.
WARNING:root:NaN or Inf found in input tensor.
[36mINFO[0m 08/13 01:44:36 | 0.502145    0.494792    0.000000    0.511235    nan         nan         nan         1.995332    0.502145    nan         0.494792    nan         0.521921    nan         0.500549    nan         700         0.614844    2.094064    0.411786    96.237288   8.432520   
WARNING:root:NaN or Inf found in input tensor.
WARNING:root:NaN or Inf found in input tensor.
WARNING:root:NaN or Inf found in input tensor.
WARNING:root:NaN or Inf found in input tensor.
WARNING:root:NaN or Inf found in input tensor.
WARNING:root:NaN or Inf found in input tensor.
WARNING:root:NaN or Inf found in input tensor.
[36mINFO[0m 08/13 01:46:53 | 0.533318    0.532169    0.000000    0.526554    nan         nan         nan         1.949648    0.533318    nan         0.532169    nan         0.529064    nan         0.524045    nan         800         0.702679    1.961174    0.410643    95.660817   8.432520   
WARNING:root:NaN or Inf found in input tensor.
WARNING:root:NaN or Inf found in input tensor.
WARNING:root:NaN or Inf found in input tensor.
WARNING:root:NaN or Inf found in input tensor.
WARNING:root:NaN or Inf found in input tensor.
WARNING:root:NaN or Inf found in input tensor.
WARNING:root:NaN or Inf found in input tensor.
[36mINFO[0m 08/13 01:49:00 | 0.499617    0.496324    0.000000    0.528140    nan         nan         nan         1.916730    0.499617    nan         0.496324    nan         0.531576    nan         0.524704    nan         900         0.790514    1.886846    0.327726    93.940081   8.432520   
WARNING:root:NaN or Inf found in input tensor.
WARNING:root:NaN or Inf found in input tensor.
WARNING:root:NaN or Inf found in input tensor.
WARNING:root:NaN or Inf found in input tensor.
WARNING:root:NaN or Inf found in input tensor.
WARNING:root:NaN or Inf found in input tensor.
WARNING:root:NaN or Inf found in input tensor.
[36mINFO[0m 08/13 01:51:17 | 0.522365    0.526654    0.000000    0.549955    nan         nan         nan         1.833240    0.522365    nan         0.526654    nan         0.550394    nan         0.549517    nan         1000        0.878349    1.782420    0.409437    96.695729   8.432520   
WARNING:root:NaN or Inf found in input tensor.
WARNING:root:NaN or Inf found in input tensor.
WARNING:root:NaN or Inf found in input tensor.
WARNING:root:NaN or Inf found in input tensor.
WARNING:root:NaN or Inf found in input tensor.
WARNING:root:NaN or Inf found in input tensor.
WARNING:root:NaN or Inf found in input tensor.
[36mINFO[0m 08/13 01:53:36 | 0.560815    0.560355    0.000000    0.558999    nan         nan         nan         1.796305    0.560815    nan         0.560355    nan         0.565517    nan         0.552481    nan         1100        0.966184    1.777412    0.410863    97.324046   8.432520   
WARNING:root:NaN or Inf found in input tensor.
WARNING:root:NaN or Inf found in input tensor.
WARNING:root:NaN or Inf found in input tensor.
WARNING:root:NaN or Inf found in input tensor.
WARNING:root:NaN or Inf found in input tensor.
WARNING:root:NaN or Inf found in input tensor.
WARNING:root:NaN or Inf found in input tensor.
[36mINFO[0m 08/13 01:55:53 | 0.570236    0.564338    0.000000    0.572340    nan         nan         nan         1.730122    0.570236    nan         0.564338    nan         0.579901    nan         0.564778    nan         1200        1.054018    1.710782    0.412275    96.493417   8.432520   
WARNING:root:NaN or Inf found in input tensor.
WARNING:root:NaN or Inf found in input tensor.
WARNING:root:NaN or Inf found in input tensor.
WARNING:root:NaN or Inf found in input tensor.
WARNING:root:NaN or Inf found in input tensor.
WARNING:root:NaN or Inf found in input tensor.
WARNING:root:NaN or Inf found in input tensor.
[36mINFO[0m 08/13 01:58:11 | 0.555300    0.554534    0.000000    0.558442    nan         nan         nan         1.780505    0.555300    nan         0.554534    nan         0.563744    nan         0.553140    nan         1300        1.141853    1.698759    0.410947    96.714400   8.432520   
WARNING:root:NaN or Inf found in input tensor.
WARNING:root:NaN or Inf found in input tensor.
WARNING:root:NaN or Inf found in input tensor.
WARNING:root:NaN or Inf found in input tensor.
WARNING:root:NaN or Inf found in input tensor.
WARNING:root:NaN or Inf found in input tensor.
WARNING:root:NaN or Inf found in input tensor.
[36mINFO[0m 08/13 02:00:29 | 0.576057    0.573223    0.000000    0.571633    nan         nan         nan         1.710321    0.576057    nan         0.573223    nan         0.582660    nan         0.560606    nan         1400        1.229688    1.646138    0.413586    96.411844   8.432520   
WARNING:root:NaN or Inf found in input tensor.
WARNING:root:NaN or Inf found in input tensor.
WARNING:root:NaN or Inf found in input tensor.
WARNING:root:NaN or Inf found in input tensor.
WARNING:root:NaN or Inf found in input tensor.
WARNING:root:NaN or Inf found in input tensor.
WARNING:root:NaN or Inf found in input tensor.
[36mINFO[0m 08/13 02:02:49 | 0.580423    0.576900    0.000000    0.592931    nan         nan         nan         1.638337    0.580423    nan         0.576900    nan         0.602857    nan         0.583004    nan         1500        1.317523    1.613471    0.410922    98.569438   8.432520   
WARNING:root:NaN or Inf found in input tensor.
WARNING:root:NaN or Inf found in input tensor.
WARNING:root:NaN or Inf found in input tensor.
WARNING:root:NaN or Inf found in input tensor.
WARNING:root:NaN or Inf found in input tensor.
WARNING:root:NaN or Inf found in input tensor.
WARNING:root:NaN or Inf found in input tensor.
[36mINFO[0m 08/13 02:05:06 | 0.578125    0.578431    0.000000    0.586314    nan         nan         nan         1.666933    0.578125    nan         0.578431    nan         0.605764    nan         0.566864    nan         1600        1.405358    1.565686    0.410873    96.444863   8.432520   
WARNING:root:NaN or Inf found in input tensor.
WARNING:root:NaN or Inf found in input tensor.
WARNING:root:NaN or Inf found in input tensor.
WARNING:root:NaN or Inf found in input tensor.
WARNING:root:NaN or Inf found in input tensor.
WARNING:root:NaN or Inf found in input tensor.
WARNING:root:NaN or Inf found in input tensor.
[36mINFO[0m 08/13 02:07:25 | 0.621017    0.622549    0.000000    0.597588    nan         nan         nan         1.633264    0.621017    nan         0.622549    nan         0.612611    nan         0.582565    nan         1700        1.493193    1.565698    0.411857    97.911278   8.432520   
WARNING:root:NaN or Inf found in input tensor.
WARNING:root:NaN or Inf found in input tensor.
WARNING:root:NaN or Inf found in input tensor.
WARNING:root:NaN or Inf found in input tensor.
WARNING:root:NaN or Inf found in input tensor.
WARNING:root:NaN or Inf found in input tensor.
WARNING:root:NaN or Inf found in input tensor.
[36mINFO[0m 08/13 02:09:44 | 0.589308    0.576287    0.000000    0.605940    nan         nan         nan         1.576161    0.589308    nan         0.576287    nan         0.612956    nan         0.598924    nan         1800        1.581028    1.494173    0.411471    97.345621   8.432520   
WARNING:root:NaN or Inf found in input tensor.
WARNING:root:NaN or Inf found in input tensor.
WARNING:root:NaN or Inf found in input tensor.
WARNING:root:NaN or Inf found in input tensor.
WARNING:root:NaN or Inf found in input tensor.
WARNING:root:NaN or Inf found in input tensor.
WARNING:root:NaN or Inf found in input tensor.
[36mINFO[0m 08/13 02:12:02 | 0.598269    0.594363    0.000000    0.617804    nan         nan         nan         1.526506    0.598269    nan         0.594363    nan         0.631084    nan         0.604523    nan         1900        1.668863    1.480268    0.411695    96.633452   8.432520   
WARNING:root:NaN or Inf found in input tensor.
WARNING:root:NaN or Inf found in input tensor.
WARNING:root:NaN or Inf found in input tensor.
WARNING:root:NaN or Inf found in input tensor.
WARNING:root:NaN or Inf found in input tensor.
WARNING:root:NaN or Inf found in input tensor.
WARNING:root:NaN or Inf found in input tensor.
[36mINFO[0m 08/13 02:14:19 | 0.596354    0.590686    0.000000    0.609236    nan         nan         nan         1.566397    0.596354    nan         0.590686    nan         0.622512    nan         0.595960    nan         2000        1.756697    1.459514    0.410401    96.130273   8.432520   
WARNING:root:NaN or Inf found in input tensor.
WARNING:root:NaN or Inf found in input tensor.
WARNING:root:NaN or Inf found in input tensor.
WARNING:root:NaN or Inf found in input tensor.
WARNING:root:NaN or Inf found in input tensor.
WARNING:root:NaN or Inf found in input tensor.
WARNING:root:NaN or Inf found in input tensor.
[36mINFO[0m 08/13 02:16:36 | 0.610983    0.607230    0.000000    0.611680    nan         nan         nan         1.563152    0.610983    nan         0.607230    nan         0.622020    nan         0.601339    nan         2100        1.844532    1.442590    0.410676    96.420443   8.432520   
WARNING:root:NaN or Inf found in input tensor.
WARNING:root:NaN or Inf found in input tensor.
WARNING:root:NaN or Inf found in input tensor.
WARNING:root:NaN or Inf found in input tensor.
WARNING:root:NaN or Inf found in input tensor.
WARNING:root:NaN or Inf found in input tensor.
WARNING:root:NaN or Inf found in input tensor.
[36mINFO[0m 08/13 02:18:54 | 0.611520    0.608150    0.000000    0.623128    nan         nan         nan         1.516202    0.611520    nan         0.608150    nan         0.634926    nan         0.611331    nan         2200        1.932367    1.391895    0.410859    96.668788   8.432520   
WARNING:root:NaN or Inf found in input tensor.
WARNING:root:NaN or Inf found in input tensor.
WARNING:root:NaN or Inf found in input tensor.
WARNING:root:NaN or Inf found in input tensor.
WARNING:root:NaN or Inf found in input tensor.
WARNING:root:NaN or Inf found in input tensor.
WARNING:root:NaN or Inf found in input tensor.
[36mINFO[0m 08/13 02:21:11 | 0.612592    0.602022    0.000000    0.625545    nan         nan         nan         1.504314    0.612592    nan         0.602022    nan         0.641626    nan         0.609464    nan         2300        2.020202    1.355504    0.409398    95.780104   8.432520   
WARNING:root:NaN or Inf found in input tensor.
WARNING:root:NaN or Inf found in input tensor.
WARNING:root:NaN or Inf found in input tensor.
WARNING:root:NaN or Inf found in input tensor.
WARNING:root:NaN or Inf found in input tensor.
WARNING:root:NaN or Inf found in input tensor.
WARNING:root:NaN or Inf found in input tensor.
[36mINFO[0m 08/13 02:23:18 | 0.613358    0.604779    0.000000    0.615421    nan         nan         nan         1.524219    0.613358    nan         0.604779    nan         0.627635    nan         0.603206    nan         2400        2.108037    1.368356    0.375487    90.035981   8.432520   
WARNING:root:NaN or Inf found in input tensor.
WARNING:root:NaN or Inf found in input tensor.
WARNING:root:NaN or Inf found in input tensor.
WARNING:root:NaN or Inf found in input tensor.
WARNING:root:NaN or Inf found in input tensor.
WARNING:root:NaN or Inf found in input tensor.
WARNING:root:NaN or Inf found in input tensor.
[36mINFO[0m 08/13 02:25:35 | 0.611826    0.615196    0.000000    0.628262    nan         nan         nan         1.486975    0.611826    nan         0.615196    nan         0.638276    nan         0.618248    nan         2500        2.195872    1.399480    0.410631    95.796994   8.432520   
WARNING:root:NaN or Inf found in input tensor.
WARNING:root:NaN or Inf found in input tensor.
WARNING:root:NaN or Inf found in input tensor.
WARNING:root:NaN or Inf found in input tensor.
WARNING:root:NaN or Inf found in input tensor.
WARNING:root:NaN or Inf found in input tensor.
WARNING:root:NaN or Inf found in input tensor.
[36mINFO[0m 08/13 02:27:53 | 0.614200    0.620098    0.000000    0.625923    nan         nan         nan         1.516185    0.614200    nan         0.620098    nan         0.635025    nan         0.616820    nan         2600        2.283707    1.307355    0.408561    96.506541   8.432520   
WARNING:root:NaN or Inf found in input tensor.
WARNING:root:NaN or Inf found in input tensor.
WARNING:root:NaN or Inf found in input tensor.
WARNING:root:NaN or Inf found in input tensor.
WARNING:root:NaN or Inf found in input tensor.
WARNING:root:NaN or Inf found in input tensor.
WARNING:root:NaN or Inf found in input tensor.
[36mINFO[0m 08/13 02:30:10 | 0.603401    0.595282    0.000000    0.629361    nan         nan         nan         1.465044    0.603401    nan         0.595282    nan         0.644975    nan         0.613746    nan         2700        2.371542    1.289082    0.409136    96.441291   8.432520   
WARNING:root:NaN or Inf found in input tensor.
WARNING:root:NaN or Inf found in input tensor.
WARNING:root:NaN or Inf found in input tensor.
WARNING:root:NaN or Inf found in input tensor.
WARNING:root:NaN or Inf found in input tensor.
WARNING:root:NaN or Inf found in input tensor.
WARNING:root:NaN or Inf found in input tensor.
[36mINFO[0m 08/13 02:32:27 | 0.607843    0.611826    0.000000    0.643669    nan         nan         nan         1.418531    0.607843    nan         0.611826    nan         0.651084    nan         0.636254    nan         2800        2.459376    1.273707    0.408970    96.506799   8.432520   
WARNING:root:NaN or Inf found in input tensor.
WARNING:root:NaN or Inf found in input tensor.
WARNING:root:NaN or Inf found in input tensor.
WARNING:root:NaN or Inf found in input tensor.
WARNING:root:NaN or Inf found in input tensor.
WARNING:root:NaN or Inf found in input tensor.
WARNING:root:NaN or Inf found in input tensor.
[36mINFO[0m 08/13 02:34:45 | 0.613588    0.617647    0.000000    0.639899    nan         nan         nan         1.436360    0.613588    nan         0.617647    nan         0.653645    nan         0.626153    nan         2900        2.547211    1.278375    0.411511    96.870696   8.432520   
WARNING:root:NaN or Inf found in input tensor.
WARNING:root:NaN or Inf found in input tensor.
WARNING:root:NaN or Inf found in input tensor.
WARNING:root:NaN or Inf found in input tensor.
WARNING:root:NaN or Inf found in input tensor.
WARNING:root:NaN or Inf found in input tensor.
WARNING:root:NaN or Inf found in input tensor.
[36mINFO[0m 08/13 02:37:03 | 0.609222    0.608150    0.000000    0.638248    nan         nan         nan         1.442241    0.609222    nan         0.608150    nan         0.660443    nan         0.616052    nan         3000        2.635046    1.292813    0.411596    96.609969   8.432520   
WARNING:root:NaN or Inf found in input tensor.
WARNING:root:NaN or Inf found in input tensor.
WARNING:root:NaN or Inf found in input tensor.
WARNING:root:NaN or Inf found in input tensor.
WARNING:root:NaN or Inf found in input tensor.
WARNING:root:NaN or Inf found in input tensor.
WARNING:root:NaN or Inf found in input tensor.
[36mINFO[0m 08/13 02:39:21 | 0.627374    0.624081    0.000000    0.647851    nan         nan         nan         1.394053    0.627374    nan         0.624081    nan         0.655714    nan         0.639987    nan         3100        2.722881    1.276247    0.410689    96.932368   8.432520   
WARNING:root:NaN or Inf found in input tensor.
WARNING:root:NaN or Inf found in input tensor.
WARNING:root:NaN or Inf found in input tensor.
WARNING:root:NaN or Inf found in input tensor.
WARNING:root:NaN or Inf found in input tensor.
WARNING:root:NaN or Inf found in input tensor.
WARNING:root:NaN or Inf found in input tensor.
[36mINFO[0m 08/13 02:41:39 | 0.625766    0.621630    0.000000    0.647476    nan         nan         nan         1.398971    0.625766    nan         0.621630    nan         0.664187    nan         0.630764    nan         3200        2.810716    1.250673    0.412029    96.096997   8.432520   
WARNING:root:NaN or Inf found in input tensor.
WARNING:root:NaN or Inf found in input tensor.
WARNING:root:NaN or Inf found in input tensor.
WARNING:root:NaN or Inf found in input tensor.
WARNING:root:NaN or Inf found in input tensor.
WARNING:root:NaN or Inf found in input tensor.
WARNING:root:NaN or Inf found in input tensor.
[36mINFO[0m 08/13 02:43:56 | 0.626838    0.622549    0.000000    0.643971    nan         nan         nan         1.410862    0.626838    nan         0.622549    nan         0.658276    nan         0.629666    nan         3300        2.898551    1.164483    0.411913    96.708937   8.432520   
WARNING:root:NaN or Inf found in input tensor.
WARNING:root:NaN or Inf found in input tensor.
WARNING:root:NaN or Inf found in input tensor.
WARNING:root:NaN or Inf found in input tensor.
WARNING:root:NaN or Inf found in input tensor.
WARNING:root:NaN or Inf found in input tensor.
WARNING:root:NaN or Inf found in input tensor.
[36mINFO[0m 08/13 02:46:15 | 0.631204    0.621017    0.000000    0.647282    nan         nan         nan         1.401761    0.631204    nan         0.621017    nan         0.667094    nan         0.627470    nan         3400        2.986386    1.229208    0.409539    97.375841   8.432520   
WARNING:root:NaN or Inf found in input tensor.
WARNING:root:NaN or Inf found in input tensor.
WARNING:root:NaN or Inf found in input tensor.
WARNING:root:NaN or Inf found in input tensor.
WARNING:root:NaN or Inf found in input tensor.
WARNING:root:NaN or Inf found in input tensor.
WARNING:root:NaN or Inf found in input tensor.
[36mINFO[0m 08/13 02:48:33 | 0.624081    0.619179    0.000000    0.647992    nan         nan         nan         1.402089    0.624081    nan         0.619179    nan         0.662365    nan         0.633619    nan         3500        3.074220    1.206810    0.412034    97.087361   8.432520   
WARNING:root:NaN or Inf found in input tensor.
WARNING:root:NaN or Inf found in input tensor.
WARNING:root:NaN or Inf found in input tensor.
WARNING:root:NaN or Inf found in input tensor.
WARNING:root:NaN or Inf found in input tensor.
WARNING:root:NaN or Inf found in input tensor.
WARNING:root:NaN or Inf found in input tensor.
[36mINFO[0m 08/13 02:50:51 | 0.647289    0.634498    0.000000    0.641892    nan         nan         nan         1.413824    0.647289    nan         0.634498    nan         0.657192    nan         0.626592    nan         3600        3.162055    1.240061    0.409401    96.798489   8.432520   
WARNING:root:NaN or Inf found in input tensor.
WARNING:root:NaN or Inf found in input tensor.
WARNING:root:NaN or Inf found in input tensor.
WARNING:root:NaN or Inf found in input tensor.
WARNING:root:NaN or Inf found in input tensor.
WARNING:root:NaN or Inf found in input tensor.
WARNING:root:NaN or Inf found in input tensor.
[36mINFO[0m 08/13 02:53:08 | 0.651654    0.629596    0.000000    0.663213    nan         nan         nan         1.344529    0.651654    nan         0.629596    nan         0.678424    nan         0.648002    nan         3700        3.249890    1.198047    0.408978    95.927004   8.432520   
WARNING:root:NaN or Inf found in input tensor.
WARNING:root:NaN or Inf found in input tensor.
WARNING:root:NaN or Inf found in input tensor.
WARNING:root:NaN or Inf found in input tensor.
WARNING:root:NaN or Inf found in input tensor.
WARNING:root:NaN or Inf found in input tensor.
WARNING:root:NaN or Inf found in input tensor.
[36mINFO[0m 08/13 02:55:26 | 0.617953    0.621324    0.000000    0.635642    nan         nan         nan         1.467804    0.617953    nan         0.621324    nan         0.644581    nan         0.626702    nan         3800        3.337725    1.208866    0.409780    97.340509   8.432520   
WARNING:root:NaN or Inf found in input tensor.
WARNING:root:NaN or Inf found in input tensor.
WARNING:root:NaN or Inf found in input tensor.
WARNING:root:NaN or Inf found in input tensor.
WARNING:root:NaN or Inf found in input tensor.
WARNING:root:NaN or Inf found in input tensor.
WARNING:root:NaN or Inf found in input tensor.
[36mINFO[0m 08/13 02:57:37 | 0.643306    0.641850    0.000000    0.651219    nan         nan         nan         1.382293    0.643306    nan         0.641850    nan         0.670246    nan         0.632191    nan         3900        3.425560    1.115117    0.410101    89.901889   8.432520   
WARNING:root:NaN or Inf found in input tensor.
WARNING:root:NaN or Inf found in input tensor.
WARNING:root:NaN or Inf found in input tensor.
WARNING:root:NaN or Inf found in input tensor.
WARNING:root:NaN or Inf found in input tensor.
WARNING:root:NaN or Inf found in input tensor.
WARNING:root:NaN or Inf found in input tensor.
[36mINFO[0m 08/13 02:59:54 | 0.613588    0.619792    0.000000    0.649973    nan         nan         nan         1.398696    0.613588    nan         0.619792    nan         0.666108    nan         0.633838    nan         4000        3.513395    1.145396    0.410960    95.545173   8.432520   
WARNING:root:NaN or Inf found in input tensor.
WARNING:root:NaN or Inf found in input tensor.
WARNING:root:NaN or Inf found in input tensor.
WARNING:root:NaN or Inf found in input tensor.
WARNING:root:NaN or Inf found in input tensor.
WARNING:root:NaN or Inf found in input tensor.
WARNING:root:NaN or Inf found in input tensor.
[36mINFO[0m 08/13 03:02:12 | 0.639170    0.640012    0.000000    0.660911    nan         nan         nan         1.379100    0.639170    nan         0.640012    nan         0.674039    nan         0.647782    nan         4100        3.601230    1.152226    0.411513    96.837805   8.432520   
WARNING:root:NaN or Inf found in input tensor.
WARNING:root:NaN or Inf found in input tensor.
WARNING:root:NaN or Inf found in input tensor.
WARNING:root:NaN or Inf found in input tensor.
WARNING:root:NaN or Inf found in input tensor.
WARNING:root:NaN or Inf found in input tensor.
WARNING:root:NaN or Inf found in input tensor.
[36mINFO[0m 08/13 03:04:29 | 0.619332    0.620711    0.000000    0.657789    nan         nan         nan         1.385927    0.619332    nan         0.620711    nan         0.669113    nan         0.646465    nan         4200        3.689065    1.119823    0.409113    96.114807   8.432520   
WARNING:root:NaN or Inf found in input tensor.
WARNING:root:NaN or Inf found in input tensor.
WARNING:root:NaN or Inf found in input tensor.
WARNING:root:NaN or Inf found in input tensor.
WARNING:root:NaN or Inf found in input tensor.
WARNING:root:NaN or Inf found in input tensor.
WARNING:root:NaN or Inf found in input tensor.
[36mINFO[0m 08/13 03:06:46 | 0.634038    0.624694    0.000000    0.654118    nan         nan         nan         1.363709    0.634038    nan         0.624694    nan         0.671872    nan         0.636364    nan         4300        3.776899    1.105288    0.413119    96.116387   8.432520   
WARNING:root:NaN or Inf found in input tensor.
WARNING:root:NaN or Inf found in input tensor.
WARNING:root:NaN or Inf found in input tensor.
WARNING:root:NaN or Inf found in input tensor.
WARNING:root:NaN or Inf found in input tensor.
WARNING:root:NaN or Inf found in input tensor.
WARNING:root:NaN or Inf found in input tensor.
[36mINFO[0m 08/13 03:09:03 | 0.645067    0.629902    0.000000    0.664001    nan         nan         nan         1.340454    0.645067    nan         0.629902    nan         0.680000    nan         0.648002    nan         4400        3.864734    1.101624    0.410898    95.959759   8.432520   
WARNING:root:NaN or Inf found in input tensor.
WARNING:root:NaN or Inf found in input tensor.
WARNING:root:NaN or Inf found in input tensor.
WARNING:root:NaN or Inf found in input tensor.
WARNING:root:NaN or Inf found in input tensor.
WARNING:root:NaN or Inf found in input tensor.
WARNING:root:NaN or Inf found in input tensor.
[36mINFO[0m 08/13 03:11:20 | 0.644301    0.641850    0.000000    0.664831    nan         nan         nan         1.345051    0.644301    nan         0.641850    nan         0.677488    nan         0.652174    nan         4500        3.952569    1.134220    0.410611    96.188660   8.432520   
WARNING:root:NaN or Inf found in input tensor.
WARNING:root:NaN or Inf found in input tensor.
WARNING:root:NaN or Inf found in input tensor.
WARNING:root:NaN or Inf found in input tensor.
WARNING:root:NaN or Inf found in input tensor.
WARNING:root:NaN or Inf found in input tensor.
WARNING:root:NaN or Inf found in input tensor.
[36mINFO[0m 08/13 03:13:38 | 0.646599    0.635723    0.000000    0.666802    nan         nan         nan         1.343049    0.646599    nan         0.635723    nan         0.682857    nan         0.650747    nan         4600        4.040404    1.099492    0.411099    96.183053   8.432520   
WARNING:root:NaN or Inf found in input tensor.
WARNING:root:NaN or Inf found in input tensor.
WARNING:root:NaN or Inf found in input tensor.
WARNING:root:NaN or Inf found in input tensor.
WARNING:root:NaN or Inf found in input tensor.
WARNING:root:NaN or Inf found in input tensor.
WARNING:root:NaN or Inf found in input tensor.
[36mINFO[0m 08/13 03:15:55 | 0.644608    0.643995    0.000000    0.659951    nan         nan         nan         1.356278    0.644608    nan         0.643995    nan         0.678818    nan         0.641085    nan         4700        4.128239    1.085364    0.410501    96.117654   8.432520   
WARNING:root:NaN or Inf found in input tensor.
WARNING:root:NaN or Inf found in input tensor.
WARNING:root:NaN or Inf found in input tensor.
WARNING:root:NaN or Inf found in input tensor.
WARNING:root:NaN or Inf found in input tensor.
WARNING:root:NaN or Inf found in input tensor.
WARNING:root:NaN or Inf found in input tensor.
[36mINFO[0m 08/13 03:18:12 | 0.641927    0.631740    0.000000    0.670029    nan         nan         nan         1.327060    0.641927    nan         0.631740    nan         0.681626    nan         0.658432    nan         4800        4.216074    1.059163    0.412481    96.005363   8.432520   
WARNING:root:NaN or Inf found in input tensor.
WARNING:root:NaN or Inf found in input tensor.
WARNING:root:NaN or Inf found in input tensor.
WARNING:root:NaN or Inf found in input tensor.
WARNING:root:NaN or Inf found in input tensor.
WARNING:root:NaN or Inf found in input tensor.
WARNING:root:NaN or Inf found in input tensor.
[36mINFO[0m 08/13 03:20:29 | 0.651195    0.641544    0.000000    0.672120    nan         nan         nan         1.320616    0.651195    nan         0.641544    nan         0.683941    nan         0.660299    nan         4900        4.303909    1.064006    0.411630    96.008643   8.432520   
WARNING:root:NaN or Inf found in input tensor.
WARNING:root:NaN or Inf found in input tensor.
WARNING:root:NaN or Inf found in input tensor.
WARNING:root:NaN or Inf found in input tensor.
WARNING:root:NaN or Inf found in input tensor.
WARNING:root:NaN or Inf found in input tensor.
WARNING:root:NaN or Inf found in input tensor.
[36mINFO[0m 08/13 03:22:47 | 0.657322    0.649203    0.000000    0.674522    nan         nan         nan         1.334369    0.657322    nan         0.649203    nan         0.692808    nan         0.656236    nan         5000        4.391744    1.024291    0.410623    96.554788   8.432520   
WARNING:root:NaN or Inf found in input tensor.
WARNING:root:NaN or Inf found in input tensor.
WARNING:root:NaN or Inf found in input tensor.
WARNING:root:NaN or Inf found in input tensor.
WARNING:root:NaN or Inf found in input tensor.
WARNING:root:NaN or Inf found in input tensor.
WARNING:root:NaN or Inf found in input tensor.
[36mINFO[0m 08/13 03:22:47 | ---
[36mINFO[0m 08/13 03:22:47 | oracle = 65.732%
[36mINFO[0m 08/13 03:22:47 | iid = 65.732%
[36mINFO[0m 08/13 03:22:47 | last = 65.732%
[36mINFO[0m 08/13 03:22:47 | last (inD) = 67.452%
[36mINFO[0m 08/13 03:22:47 | iid (inD) = 67.452%
[36mINFO[0m 08/13 03:22:48 | 
[36mINFO[0m 08/13 03:22:51 | Testenv name escaping te_quickdraw -> te_quickdraw
[36mINFO[0m 08/13 03:22:51 | Test envs = [1], name = te_quickdraw
[36mINFO[0m 08/13 03:22:51 | Batch sizes for each domain: [32, 0, 32] (total=64)
[36mINFO[0m 08/13 03:22:51 | steps-per-epoch for each domain: 408.00, 1138.50 -> min = 408.00
[36mINFO[0m 08/13 03:22:54 | # of params = 23923979
[36mINFO[0m 08/13 03:26:52 | test_in     test_out    train_in    train_out   test_in_au  train_out_  tr_outloss  test_out_a  env0_out    env0_out_a  env1_in     env1_in_au  env1_out    env1_out_a  env2_out    env2_out_a  step        epoch       loss        step_time   eval_time   mem_gb     
[36mINFO[0m 08/13 03:26:52 | 0.004926    0.005025    0.000000    0.007638    nan         nan         5.339291    nan         0.008578    nan         0.004926    nan         0.005025    nan         0.006697    nan         0           0.000000    5.345905    0.462612    238.280580  8.247475   
WARNING:root:NaN or Inf found in input tensor.
WARNING:root:NaN or Inf found in input tensor.
WARNING:root:NaN or Inf found in input tensor.
WARNING:root:NaN or Inf found in input tensor.
WARNING:root:NaN or Inf found in input tensor.
WARNING:root:NaN or Inf found in input tensor.
WARNING:root:NaN or Inf found in input tensor.
[36mINFO[0m 08/13 03:31:40 | 0.024052    0.022759    0.000000    0.094045    nan         nan         4.699693    nan         0.072917    nan         0.024052    nan         0.022759    nan         0.115173    nan         100         0.245098    5.151738    0.411063    246.553600  8.431300   
WARNING:root:NaN or Inf found in input tensor.
WARNING:root:NaN or Inf found in input tensor.
WARNING:root:NaN or Inf found in input tensor.
WARNING:root:NaN or Inf found in input tensor.
WARNING:root:NaN or Inf found in input tensor.
WARNING:root:NaN or Inf found in input tensor.
WARNING:root:NaN or Inf found in input tensor.
[36mINFO[0m 08/13 03:36:50 | 0.154335    0.149704    0.000000    0.379021    nan         nan         2.644846    nan         0.428002    nan         0.154335    nan         0.149704    nan         0.330040    nan         200         0.490196    3.509418    0.410709    268.702926  8.431300   
WARNING:root:NaN or Inf found in input tensor.
WARNING:root:NaN or Inf found in input tensor.
WARNING:root:NaN or Inf found in input tensor.
WARNING:root:NaN or Inf found in input tensor.
WARNING:root:NaN or Inf found in input tensor.
WARNING:root:NaN or Inf found in input tensor.
WARNING:root:NaN or Inf found in input tensor.
[36mINFO[0m 08/13 03:41:47 | 0.192303    0.184680    0.000000    0.513736    nan         nan         2.037405    nan         0.583027    nan         0.192303    nan         0.184680    nan         0.444444    nan         300         0.735294    2.379916    0.412165    255.612582  8.431300   
WARNING:root:NaN or Inf found in input tensor.
WARNING:root:NaN or Inf found in input tensor.
WARNING:root:NaN or Inf found in input tensor.
WARNING:root:NaN or Inf found in input tensor.
WARNING:root:NaN or Inf found in input tensor.
WARNING:root:NaN or Inf found in input tensor.
WARNING:root:NaN or Inf found in input tensor.
[36mINFO[0m 08/13 03:46:29 | 0.223522    0.221379    0.000000    0.533120    nan         nan         1.893883    nan         0.598958    nan         0.223522    nan         0.221379    nan         0.467282    nan         400         0.980392    1.940716    0.408266    241.545176  8.431300   
WARNING:root:NaN or Inf found in input tensor.
WARNING:root:NaN or Inf found in input tensor.
WARNING:root:NaN or Inf found in input tensor.
WARNING:root:NaN or Inf found in input tensor.
WARNING:root:NaN or Inf found in input tensor.
WARNING:root:NaN or Inf found in input tensor.
WARNING:root:NaN or Inf found in input tensor.
[36mINFO[0m 08/13 03:51:12 | 0.254840    0.254236    0.000000    0.552185    nan         nan         1.869194    nan         0.621936    nan         0.254840    nan         0.254236    nan         0.482433    nan         500         1.225490    1.762305    0.407783    242.080028  8.431300   
WARNING:root:NaN or Inf found in input tensor.
WARNING:root:NaN or Inf found in input tensor.
WARNING:root:NaN or Inf found in input tensor.
WARNING:root:NaN or Inf found in input tensor.
WARNING:root:NaN or Inf found in input tensor.
WARNING:root:NaN or Inf found in input tensor.
WARNING:root:NaN or Inf found in input tensor.
[36mINFO[0m 08/13 03:55:55 | 0.239938    0.238818    0.000000    0.583202    nan         nan         1.712512    nan         0.659926    nan         0.239938    nan         0.238818    nan         0.506478    nan         600         1.470588    1.625337    0.409465    242.083914  8.431300   
WARNING:root:NaN or Inf found in input tensor.
WARNING:root:NaN or Inf found in input tensor.
WARNING:root:NaN or Inf found in input tensor.
WARNING:root:NaN or Inf found in input tensor.
WARNING:root:NaN or Inf found in input tensor.
WARNING:root:NaN or Inf found in input tensor.
WARNING:root:NaN or Inf found in input tensor.
[36mINFO[0m 08/13 04:00:37 | 0.276798    0.270000    0.000000    0.600758    nan         nan         1.612148    nan         0.679228    nan         0.276798    nan         0.270000    nan         0.522288    nan         700         1.715686    1.466573    0.409697    241.293606  8.431300   
WARNING:root:NaN or Inf found in input tensor.
WARNING:root:NaN or Inf found in input tensor.
WARNING:root:NaN or Inf found in input tensor.
WARNING:root:NaN or Inf found in input tensor.
WARNING:root:NaN or Inf found in input tensor.
WARNING:root:NaN or Inf found in input tensor.
WARNING:root:NaN or Inf found in input tensor.
[36mINFO[0m 08/13 04:05:18 | 0.268522    0.265567    0.000000    0.619577    nan         nan         1.575556    nan         0.698529    nan         0.268522    nan         0.265567    nan         0.540624    nan         800         1.960784    1.438180    0.411176    239.344676  8.431300   
WARNING:root:NaN or Inf found in input tensor.
WARNING:root:NaN or Inf found in input tensor.
WARNING:root:NaN or Inf found in input tensor.
WARNING:root:NaN or Inf found in input tensor.
WARNING:root:NaN or Inf found in input tensor.
WARNING:root:NaN or Inf found in input tensor.
WARNING:root:NaN or Inf found in input tensor.
[36mINFO[0m 08/13 04:08:30 | 0.263818    0.257488    0.000000    0.616245    nan         nan         1.550709    nan         0.681985    nan         0.263818    nan         0.257488    nan         0.550505    nan         900         2.205882    1.368455    0.221195    170.450677  8.431300   
WARNING:root:NaN or Inf found in input tensor.
WARNING:root:NaN or Inf found in input tensor.
WARNING:root:NaN or Inf found in input tensor.
WARNING:root:NaN or Inf found in input tensor.
WARNING:root:NaN or Inf found in input tensor.
WARNING:root:NaN or Inf found in input tensor.
WARNING:root:NaN or Inf found in input tensor.
[36mINFO[0m 08/13 04:11:38 | 0.278190    0.274581    0.000000    0.647172    nan         nan         1.460604    nan         0.715074    nan         0.278190    nan         0.274581    nan         0.579271    nan         1000        2.450980    1.308375    0.222732    165.032994  8.431300   
WARNING:root:NaN or Inf found in input tensor.
WARNING:root:NaN or Inf found in input tensor.
WARNING:root:NaN or Inf found in input tensor.
WARNING:root:NaN or Inf found in input tensor.
WARNING:root:NaN or Inf found in input tensor.
WARNING:root:NaN or Inf found in input tensor.
WARNING:root:NaN or Inf found in input tensor.
[36mINFO[0m 08/13 04:14:47 | 0.279889    0.278030    0.000000    0.661466    nan         nan         1.390963    nan         0.734988    nan         0.279889    nan         0.278030    nan         0.587945    nan         1100        2.696078    1.264671    0.222806    167.493158  8.431300   
WARNING:root:NaN or Inf found in input tensor.
WARNING:root:NaN or Inf found in input tensor.
WARNING:root:NaN or Inf found in input tensor.
WARNING:root:NaN or Inf found in input tensor.
WARNING:root:NaN or Inf found in input tensor.
WARNING:root:NaN or Inf found in input tensor.
WARNING:root:NaN or Inf found in input tensor.
[36mINFO[0m 08/13 04:17:57 | 0.268756    0.263005    0.000000    0.657703    nan         nan         1.404210    nan         0.727022    nan         0.268756    nan         0.263005    nan         0.588384    nan         1200        2.941176    1.237059    0.222742    167.234505  8.431300   
WARNING:root:NaN or Inf found in input tensor.
WARNING:root:NaN or Inf found in input tensor.
WARNING:root:NaN or Inf found in input tensor.
WARNING:root:NaN or Inf found in input tensor.
WARNING:root:NaN or Inf found in input tensor.
WARNING:root:NaN or Inf found in input tensor.
WARNING:root:NaN or Inf found in input tensor.
[36mINFO[0m 08/13 04:21:05 | 0.297389    0.296256    0.000000    0.662234    nan         nan         1.405293    nan         0.729167    nan         0.297389    nan         0.296256    nan         0.595301    nan         1300        3.186275    1.190642    0.220309    165.977079  8.431300   
WARNING:root:NaN or Inf found in input tensor.
WARNING:root:NaN or Inf found in input tensor.
WARNING:root:NaN or Inf found in input tensor.
WARNING:root:NaN or Inf found in input tensor.
WARNING:root:NaN or Inf found in input tensor.
WARNING:root:NaN or Inf found in input tensor.
WARNING:root:NaN or Inf found in input tensor.
[36mINFO[0m 08/13 04:24:12 | 0.286515    0.285567    0.000000    0.668774    nan         nan         1.361065    nan         0.737745    nan         0.286515    nan         0.285567    nan         0.599802    nan         1400        3.431373    1.108805    0.219234    165.381302  8.431300   
WARNING:root:NaN or Inf found in input tensor.
WARNING:root:NaN or Inf found in input tensor.
WARNING:root:NaN or Inf found in input tensor.
WARNING:root:NaN or Inf found in input tensor.
WARNING:root:NaN or Inf found in input tensor.
WARNING:root:NaN or Inf found in input tensor.
WARNING:root:NaN or Inf found in input tensor.
[36mINFO[0m 08/13 04:27:22 | 0.299766    0.298177    0.000000    0.673599    nan         nan         1.349698    nan         0.740809    nan         0.299766    nan         0.298177    nan         0.606390    nan         1500        3.676471    1.109587    0.221644    167.202322  8.431300   
WARNING:root:NaN or Inf found in input tensor.
WARNING:root:NaN or Inf found in input tensor.
WARNING:root:NaN or Inf found in input tensor.
WARNING:root:NaN or Inf found in input tensor.
WARNING:root:NaN or Inf found in input tensor.
WARNING:root:NaN or Inf found in input tensor.
WARNING:root:NaN or Inf found in input tensor.
[36mINFO[0m 08/13 04:30:30 | 0.310320    0.308128    0.000000    0.673508    nan         nan         1.337061    nan         0.730086    nan         0.310320    nan         0.308128    nan         0.616930    nan         1600        3.921569    1.044662    0.219727    166.378938  8.431300   
WARNING:root:NaN or Inf found in input tensor.
WARNING:root:NaN or Inf found in input tensor.
WARNING:root:NaN or Inf found in input tensor.
WARNING:root:NaN or Inf found in input tensor.
WARNING:root:NaN or Inf found in input tensor.
WARNING:root:NaN or Inf found in input tensor.
WARNING:root:NaN or Inf found in input tensor.
[36mINFO[0m 08/13 04:33:38 | 0.291872    0.287192    0.000000    0.667375    nan         nan         1.384199    nan         0.734069    nan         0.291872    nan         0.287192    nan         0.600681    nan         1700        4.166667    1.062567    0.221250    165.976520  8.431300   
WARNING:root:NaN or Inf found in input tensor.
WARNING:root:NaN or Inf found in input tensor.
WARNING:root:NaN or Inf found in input tensor.
WARNING:root:NaN or Inf found in input tensor.
WARNING:root:NaN or Inf found in input tensor.
WARNING:root:NaN or Inf found in input tensor.
WARNING:root:NaN or Inf found in input tensor.
[36mINFO[0m 08/13 04:36:47 | 0.312389    0.306552    0.000000    0.686083    nan         nan         1.303100    nan         0.753370    nan         0.312389    nan         0.306552    nan         0.618797    nan         1800        4.411765    0.989261    0.224411    165.975076  8.431300   
WARNING:root:NaN or Inf found in input tensor.
WARNING:root:NaN or Inf found in input tensor.
WARNING:root:NaN or Inf found in input tensor.
WARNING:root:NaN or Inf found in input tensor.
WARNING:root:NaN or Inf found in input tensor.
WARNING:root:NaN or Inf found in input tensor.
WARNING:root:NaN or Inf found in input tensor.
[36mINFO[0m 08/13 04:39:55 | 0.285283    0.284138    0.000000    0.678841    nan         nan         1.343911    nan         0.744485    nan         0.285283    nan         0.284138    nan         0.613197    nan         1900        4.656863    0.952738    0.220066    166.370214  8.431300   
WARNING:root:NaN or Inf found in input tensor.
WARNING:root:NaN or Inf found in input tensor.
WARNING:root:NaN or Inf found in input tensor.
WARNING:root:NaN or Inf found in input tensor.
WARNING:root:NaN or Inf found in input tensor.
WARNING:root:NaN or Inf found in input tensor.
WARNING:root:NaN or Inf found in input tensor.
[36mINFO[0m 08/13 04:43:04 | 0.292660    0.291281    0.000000    0.690258    nan         nan         1.266935    nan         0.765012    nan         0.292660    nan         0.291281    nan         0.615503    nan         2000        4.901961    0.966832    0.219691    167.284480  8.431300   
WARNING:root:NaN or Inf found in input tensor.
WARNING:root:NaN or Inf found in input tensor.
WARNING:root:NaN or Inf found in input tensor.
WARNING:root:NaN or Inf found in input tensor.
WARNING:root:NaN or Inf found in input tensor.
WARNING:root:NaN or Inf found in input tensor.
WARNING:root:NaN or Inf found in input tensor.
[36mINFO[0m 08/13 04:46:14 | 0.293522    0.289901    0.000000    0.690305    nan         nan         1.281837    nan         0.769608    nan         0.293522    nan         0.289901    nan         0.611001    nan         2100        5.147059    0.920822    0.221660    167.954949  8.431300   
WARNING:root:NaN or Inf found in input tensor.
WARNING:root:NaN or Inf found in input tensor.
WARNING:root:NaN or Inf found in input tensor.
WARNING:root:NaN or Inf found in input tensor.
WARNING:root:NaN or Inf found in input tensor.
WARNING:root:NaN or Inf found in input tensor.
WARNING:root:NaN or Inf found in input tensor.
[36mINFO[0m 08/13 04:49:24 | 0.304347    0.303448    0.000000    0.697178    nan         nan         1.246418    nan         0.769301    nan         0.304347    nan         0.303448    nan         0.625055    nan         2200        5.392157    0.912036    0.221129    167.013984  8.431300   
WARNING:root:NaN or Inf found in input tensor.
WARNING:root:NaN or Inf found in input tensor.
WARNING:root:NaN or Inf found in input tensor.
WARNING:root:NaN or Inf found in input tensor.
WARNING:root:NaN or Inf found in input tensor.
WARNING:root:NaN or Inf found in input tensor.
WARNING:root:NaN or Inf found in input tensor.
[36mINFO[0m 08/13 04:52:34 | 0.270296    0.267586    0.000000    0.690803    nan         nan         1.250583    nan         0.760723    nan         0.270296    nan         0.267586    nan         0.620883    nan         2300        5.637255    0.939110    0.225461    167.645782  8.431300   
WARNING:root:NaN or Inf found in input tensor.
WARNING:root:NaN or Inf found in input tensor.
WARNING:root:NaN or Inf found in input tensor.
WARNING:root:NaN or Inf found in input tensor.
WARNING:root:NaN or Inf found in input tensor.
WARNING:root:NaN or Inf found in input tensor.
WARNING:root:NaN or Inf found in input tensor.
[36mINFO[0m 08/13 04:55:43 | 0.318941    0.321921    0.000000    0.699177    nan         nan         1.270346    nan         0.768689    nan         0.318941    nan         0.321921    nan         0.629666    nan         2400        5.882353    0.856194    0.221817    166.926096  8.431300   
WARNING:root:NaN or Inf found in input tensor.
WARNING:root:NaN or Inf found in input tensor.
WARNING:root:NaN or Inf found in input tensor.
WARNING:root:NaN or Inf found in input tensor.
WARNING:root:NaN or Inf found in input tensor.
WARNING:root:NaN or Inf found in input tensor.
WARNING:root:NaN or Inf found in input tensor.
[36mINFO[0m 08/13 04:58:52 | 0.301687    0.301281    0.000000    0.693051    nan         nan         1.340201    nan         0.762255    nan         0.301687    nan         0.301281    nan         0.623847    nan         2500        6.127451    0.844627    0.220999    167.015079  8.431300   
WARNING:root:NaN or Inf found in input tensor.
WARNING:root:NaN or Inf found in input tensor.
WARNING:root:NaN or Inf found in input tensor.
WARNING:root:NaN or Inf found in input tensor.
WARNING:root:NaN or Inf found in input tensor.
WARNING:root:NaN or Inf found in input tensor.
WARNING:root:NaN or Inf found in input tensor.
[36mINFO[0m 08/13 05:02:02 | 0.331675    0.332217    0.000000    0.706823    nan         nan         1.226623    nan         0.772672    nan         0.331675    nan         0.332217    nan         0.640975    nan         2600        6.372549    0.826683    0.222289    167.394738  8.431300   
WARNING:root:NaN or Inf found in input tensor.
WARNING:root:NaN or Inf found in input tensor.
WARNING:root:NaN or Inf found in input tensor.
WARNING:root:NaN or Inf found in input tensor.
WARNING:root:NaN or Inf found in input tensor.
WARNING:root:NaN or Inf found in input tensor.
WARNING:root:NaN or Inf found in input tensor.
[36mINFO[0m 08/13 05:05:12 | 0.310899    0.314729    0.000000    0.689122    nan         nan         1.297259    nan         0.748468    nan         0.310899    nan         0.314729    nan         0.629776    nan         2700        6.617647    0.843916    0.224179    167.879694  8.431300   
WARNING:root:NaN or Inf found in input tensor.
WARNING:root:NaN or Inf found in input tensor.
WARNING:root:NaN or Inf found in input tensor.
WARNING:root:NaN or Inf found in input tensor.
WARNING:root:NaN or Inf found in input tensor.
WARNING:root:NaN or Inf found in input tensor.
WARNING:root:NaN or Inf found in input tensor.
[36mINFO[0m 08/13 05:08:21 | 0.311872    0.309704    0.000000    0.704191    nan         nan         1.229018    nan         0.771140    nan         0.311872    nan         0.309704    nan         0.637242    nan         2800        6.862745    0.852624    0.224828    166.961664  8.431300   
WARNING:root:NaN or Inf found in input tensor.
WARNING:root:NaN or Inf found in input tensor.
WARNING:root:NaN or Inf found in input tensor.
WARNING:root:NaN or Inf found in input tensor.
WARNING:root:NaN or Inf found in input tensor.
WARNING:root:NaN or Inf found in input tensor.
WARNING:root:NaN or Inf found in input tensor.
[36mINFO[0m 08/13 05:11:31 | 0.285628    0.285320    0.000000    0.690325    nan         nan         1.294405    nan         0.751532    nan         0.285628    nan         0.285320    nan         0.629117    nan         2900        7.107843    0.800566    0.224224    167.647839  8.431300   
WARNING:root:NaN or Inf found in input tensor.
WARNING:root:NaN or Inf found in input tensor.
WARNING:root:NaN or Inf found in input tensor.
WARNING:root:NaN or Inf found in input tensor.
WARNING:root:NaN or Inf found in input tensor.
WARNING:root:NaN or Inf found in input tensor.
WARNING:root:NaN or Inf found in input tensor.
[36mINFO[0m 08/13 05:14:41 | 0.315690    0.313892    0.000000    0.701369    nan         nan         1.258517    nan         0.758578    nan         0.315690    nan         0.313892    nan         0.644159    nan         3000        7.352941    0.783239    0.224676    166.583599  8.431300   
WARNING:root:NaN or Inf found in input tensor.
WARNING:root:NaN or Inf found in input tensor.
WARNING:root:NaN or Inf found in input tensor.
WARNING:root:NaN or Inf found in input tensor.
WARNING:root:NaN or Inf found in input tensor.
WARNING:root:NaN or Inf found in input tensor.
WARNING:root:NaN or Inf found in input tensor.
[36mINFO[0m 08/13 05:17:51 | 0.313719    0.319409    0.000000    0.714854    nan         nan         1.209925    nan         0.782475    nan         0.313719    nan         0.319409    nan         0.647233    nan         3100        7.598039    0.783055    0.222534    168.593510  8.431300   
WARNING:root:NaN or Inf found in input tensor.
WARNING:root:NaN or Inf found in input tensor.
WARNING:root:NaN or Inf found in input tensor.
WARNING:root:NaN or Inf found in input tensor.
WARNING:root:NaN or Inf found in input tensor.
WARNING:root:NaN or Inf found in input tensor.
WARNING:root:NaN or Inf found in input tensor.
[36mINFO[0m 08/13 05:21:01 | 0.312352    0.313645    0.000000    0.709491    nan         nan         1.210528    nan         0.779105    nan         0.312352    nan         0.313645    nan         0.639877    nan         3200        7.843137    0.768208    0.221024    167.477338  8.431300   
WARNING:root:NaN or Inf found in input tensor.
WARNING:root:NaN or Inf found in input tensor.
WARNING:root:NaN or Inf found in input tensor.
WARNING:root:NaN or Inf found in input tensor.
WARNING:root:NaN or Inf found in input tensor.
WARNING:root:NaN or Inf found in input tensor.
WARNING:root:NaN or Inf found in input tensor.
[36mINFO[0m 08/13 05:24:10 | 0.323978    0.322906    0.000000    0.706566    nan         nan         1.215680    nan         0.769301    nan         0.323978    nan         0.322906    nan         0.643830    nan         3300        8.088235    0.717160    0.224718    166.037466  8.431300   
WARNING:root:NaN or Inf found in input tensor.
WARNING:root:NaN or Inf found in input tensor.
WARNING:root:NaN or Inf found in input tensor.
WARNING:root:NaN or Inf found in input tensor.
WARNING:root:NaN or Inf found in input tensor.
WARNING:root:NaN or Inf found in input tensor.
WARNING:root:NaN or Inf found in input tensor.
[36mINFO[0m 08/13 05:27:19 | 0.315037    0.315025    0.000000    0.721569    nan         nan         1.221845    nan         0.779105    nan         0.315037    nan         0.315025    nan         0.664032    nan         3400        8.333333    0.724894    0.225574    167.201489  8.431300   
WARNING:root:NaN or Inf found in input tensor.
WARNING:root:NaN or Inf found in input tensor.
WARNING:root:NaN or Inf found in input tensor.
WARNING:root:NaN or Inf found in input tensor.
WARNING:root:NaN or Inf found in input tensor.
WARNING:root:NaN or Inf found in input tensor.
WARNING:root:NaN or Inf found in input tensor.
[36mINFO[0m 08/13 05:30:28 | 0.323042    0.323892    0.000000    0.711875    nan         nan         1.266943    nan         0.778493    nan         0.323042    nan         0.323892    nan         0.645257    nan         3500        8.578431    0.730046    0.221271    166.147707  8.431300   
WARNING:root:NaN or Inf found in input tensor.
WARNING:root:NaN or Inf found in input tensor.
WARNING:root:NaN or Inf found in input tensor.
WARNING:root:NaN or Inf found in input tensor.
WARNING:root:NaN or Inf found in input tensor.
WARNING:root:NaN or Inf found in input tensor.
WARNING:root:NaN or Inf found in input tensor.
[36mINFO[0m 08/13 05:33:37 | 0.328990    0.328818    0.000000    0.706673    nan         nan         1.249402    nan         0.770833    nan         0.328990    nan         0.328818    nan         0.642512    nan         3600        8.823529    0.686915    0.220404    167.369762  8.431300   
WARNING:root:NaN or Inf found in input tensor.
WARNING:root:NaN or Inf found in input tensor.
WARNING:root:NaN or Inf found in input tensor.
WARNING:root:NaN or Inf found in input tensor.
WARNING:root:NaN or Inf found in input tensor.
WARNING:root:NaN or Inf found in input tensor.
WARNING:root:NaN or Inf found in input tensor.
[36mINFO[0m 08/13 05:36:46 | 0.317672    0.320394    0.000000    0.718119    nan         nan         1.186673    nan         0.780331    nan         0.317672    nan         0.320394    nan         0.655907    nan         3700        9.068627    0.709686    0.219446    166.542233  8.431300   
WARNING:root:NaN or Inf found in input tensor.
WARNING:root:NaN or Inf found in input tensor.
WARNING:root:NaN or Inf found in input tensor.
WARNING:root:NaN or Inf found in input tensor.
WARNING:root:NaN or Inf found in input tensor.
WARNING:root:NaN or Inf found in input tensor.
WARNING:root:NaN or Inf found in input tensor.
[36mINFO[0m 08/13 05:39:54 | 0.336305    0.334828    0.000000    0.715253    nan         nan         1.188277    nan         0.780637    nan         0.336305    nan         0.334828    nan         0.649868    nan         3800        9.313725    0.700624    0.219862    166.181698  8.431300   
WARNING:root:NaN or Inf found in input tensor.
WARNING:root:NaN or Inf found in input tensor.
WARNING:root:NaN or Inf found in input tensor.
WARNING:root:NaN or Inf found in input tensor.
WARNING:root:NaN or Inf found in input tensor.
WARNING:root:NaN or Inf found in input tensor.
WARNING:root:NaN or Inf found in input tensor.
[36mINFO[0m 08/13 05:43:03 | 0.314076    0.315172    0.000000    0.713484    nan         nan         1.214368    nan         0.775123    nan         0.314076    nan         0.315172    nan         0.651845    nan         3900        9.558824    0.700200    0.220606    167.172095  8.431300   
WARNING:root:NaN or Inf found in input tensor.
WARNING:root:NaN or Inf found in input tensor.
WARNING:root:NaN or Inf found in input tensor.
WARNING:root:NaN or Inf found in input tensor.
WARNING:root:NaN or Inf found in input tensor.
WARNING:root:NaN or Inf found in input tensor.
WARNING:root:NaN or Inf found in input tensor.
[36mINFO[0m 08/13 05:46:11 | 0.324852    0.324433    0.000000    0.715032    nan         nan         1.246923    nan         0.774816    nan         0.324852    nan         0.324433    nan         0.655248    nan         4000        9.803922    0.690692    0.219602    166.452253  8.431300   
WARNING:root:NaN or Inf found in input tensor.
WARNING:root:NaN or Inf found in input tensor.
WARNING:root:NaN or Inf found in input tensor.
WARNING:root:NaN or Inf found in input tensor.
WARNING:root:NaN or Inf found in input tensor.
WARNING:root:NaN or Inf found in input tensor.
WARNING:root:NaN or Inf found in input tensor.
[36mINFO[0m 08/13 05:49:21 | 0.312857    0.311823    0.000000    0.714362    nan         nan         1.251412    nan         0.775123    nan         0.312857    nan         0.311823    nan         0.653601    nan         4100        10.049020   0.663551    0.222841    167.554879  8.431300   
WARNING:root:NaN or Inf found in input tensor.
WARNING:root:NaN or Inf found in input tensor.
WARNING:root:NaN or Inf found in input tensor.
WARNING:root:NaN or Inf found in input tensor.
WARNING:root:NaN or Inf found in input tensor.
WARNING:root:NaN or Inf found in input tensor.
WARNING:root:NaN or Inf found in input tensor.
[36mINFO[0m 08/13 05:52:31 | 0.301379    0.299113    0.000000    0.711227    nan         nan         1.246651    nan         0.772365    nan         0.301379    nan         0.299113    nan         0.650088    nan         4200        10.294118   0.664995    0.220656    167.526114  8.431300   
WARNING:root:NaN or Inf found in input tensor.
WARNING:root:NaN or Inf found in input tensor.
WARNING:root:NaN or Inf found in input tensor.
WARNING:root:NaN or Inf found in input tensor.
WARNING:root:NaN or Inf found in input tensor.
WARNING:root:NaN or Inf found in input tensor.
WARNING:root:NaN or Inf found in input tensor.
[36mINFO[0m 08/13 05:55:39 | 0.306034    0.301773    0.000000    0.720022    nan         nan         1.231926    nan         0.772059    nan         0.306034    nan         0.301773    nan         0.667984    nan         4300        10.539216   0.658287    0.221794    166.405242  8.431300   
WARNING:root:NaN or Inf found in input tensor.
WARNING:root:NaN or Inf found in input tensor.
WARNING:root:NaN or Inf found in input tensor.
WARNING:root:NaN or Inf found in input tensor.
WARNING:root:NaN or Inf found in input tensor.
WARNING:root:NaN or Inf found in input tensor.
WARNING:root:NaN or Inf found in input tensor.
[36mINFO[0m 08/13 05:58:48 | 0.301010    0.304729    0.000000    0.728672    nan         nan         1.204503    nan         0.785846    nan         0.301010    nan         0.304729    nan         0.671498    nan         4400        10.784314   0.626979    0.221455    166.511175  8.431300   
WARNING:root:NaN or Inf found in input tensor.
WARNING:root:NaN or Inf found in input tensor.
WARNING:root:NaN or Inf found in input tensor.
WARNING:root:NaN or Inf found in input tensor.
WARNING:root:NaN or Inf found in input tensor.
WARNING:root:NaN or Inf found in input tensor.
WARNING:root:NaN or Inf found in input tensor.
[36mINFO[0m 08/13 06:01:56 | 0.309791    0.310394    0.000000    0.727362    nan         nan         1.161865    nan         0.781250    nan         0.309791    nan         0.310394    nan         0.673474    nan         4500        11.029412   0.618858    0.220319    165.554946  8.431300   
WARNING:root:NaN or Inf found in input tensor.
WARNING:root:NaN or Inf found in input tensor.
WARNING:root:NaN or Inf found in input tensor.
WARNING:root:NaN or Inf found in input tensor.
WARNING:root:NaN or Inf found in input tensor.
WARNING:root:NaN or Inf found in input tensor.
WARNING:root:NaN or Inf found in input tensor.
[36mINFO[0m 08/13 06:05:06 | 0.318571    0.319557    0.000000    0.722898    nan         nan         1.222624    nan         0.778799    nan         0.318571    nan         0.319557    nan         0.666996    nan         4600        11.274510   0.619648    0.219684    168.047023  8.431300   
WARNING:root:NaN or Inf found in input tensor.
WARNING:root:NaN or Inf found in input tensor.
WARNING:root:NaN or Inf found in input tensor.
WARNING:root:NaN or Inf found in input tensor.
WARNING:root:NaN or Inf found in input tensor.
WARNING:root:NaN or Inf found in input tensor.
WARNING:root:NaN or Inf found in input tensor.
[36mINFO[0m 08/13 06:08:14 | 0.322377    0.322709    0.000000    0.716297    nan         nan         1.270164    nan         0.773284    nan         0.322377    nan         0.322709    nan         0.659310    nan         4700        11.519608   0.581643    0.219546    166.351631  8.431300   
WARNING:root:NaN or Inf found in input tensor.
WARNING:root:NaN or Inf found in input tensor.
WARNING:root:NaN or Inf found in input tensor.
WARNING:root:NaN or Inf found in input tensor.
WARNING:root:NaN or Inf found in input tensor.
WARNING:root:NaN or Inf found in input tensor.
WARNING:root:NaN or Inf found in input tensor.
[36mINFO[0m 08/13 06:11:22 | 0.319594    0.320296    0.000000    0.726339    nan         nan         1.206005    nan         0.782169    nan         0.319594    nan         0.320296    nan         0.670509    nan         4800        11.764706   0.635677    0.219647    165.984919  8.431300   
WARNING:root:NaN or Inf found in input tensor.
WARNING:root:NaN or Inf found in input tensor.
WARNING:root:NaN or Inf found in input tensor.
WARNING:root:NaN or Inf found in input tensor.
WARNING:root:NaN or Inf found in input tensor.
WARNING:root:NaN or Inf found in input tensor.
WARNING:root:NaN or Inf found in input tensor.
[36mINFO[0m 08/13 06:14:33 | 0.298990    0.302660    0.000000    0.718583    nan         nan         1.254171    nan         0.772365    nan         0.298990    nan         0.302660    nan         0.664800    nan         4900        12.009804   0.588506    0.219414    168.574536  8.431300   
WARNING:root:NaN or Inf found in input tensor.
WARNING:root:NaN or Inf found in input tensor.
WARNING:root:NaN or Inf found in input tensor.
WARNING:root:NaN or Inf found in input tensor.
WARNING:root:NaN or Inf found in input tensor.
WARNING:root:NaN or Inf found in input tensor.
WARNING:root:NaN or Inf found in input tensor.
[36mINFO[0m 08/13 06:17:41 | 0.287155    0.288374    0.000000    0.714744    nan         nan         1.296899    nan         0.776654    nan         0.287155    nan         0.288374    nan         0.652833    nan         5000        12.254902   0.577169    0.221291    166.743141  8.431300   
WARNING:root:NaN or Inf found in input tensor.
WARNING:root:NaN or Inf found in input tensor.
WARNING:root:NaN or Inf found in input tensor.
WARNING:root:NaN or Inf found in input tensor.
WARNING:root:NaN or Inf found in input tensor.
WARNING:root:NaN or Inf found in input tensor.
WARNING:root:NaN or Inf found in input tensor.
[36mINFO[0m 08/13 06:17:41 | ---
[36mINFO[0m 08/13 06:17:41 | oracle = 33.631%
[36mINFO[0m 08/13 06:17:41 | iid = 30.101%
[36mINFO[0m 08/13 06:17:41 | last = 28.716%
[36mINFO[0m 08/13 06:17:41 | last (inD) = 71.474%
[36mINFO[0m 08/13 06:17:41 | iid (inD) = 72.867%
[36mINFO[0m 08/13 06:17:43 | 
[36mINFO[0m 08/13 06:17:45 | Testenv name escaping te_sketch -> te_sketch
[36mINFO[0m 08/13 06:17:45 | Test envs = [2], name = te_sketch
[36mINFO[0m 08/13 06:17:45 | Batch sizes for each domain: [32, 32, 0] (total=64)
[36mINFO[0m 08/13 06:17:45 | steps-per-epoch for each domain: 408.00, 2537.50 -> min = 408.00
[36mINFO[0m 08/13 06:17:48 | # of params = 23923979
[36mINFO[0m 08/13 06:19:39 | test_in     test_out    train_in    train_out   test_in_au  train_out_  tr_outloss  test_out_a  env0_out    env0_out_a  env1_out    env1_out_a  env2_in     env2_in_au  env2_out    env2_out_a  step        epoch       loss        step_time   eval_time   mem_gb     
[36mINFO[0m 08/13 06:19:39 | 0.005545    0.003733    0.000000    0.007461    nan         nan         5.344521    nan         0.008272    nan         0.006650    nan         0.005545    nan         0.003733    nan         0           0.000000    5.350626    0.242057    110.789469  8.247475   
WARNING:root:NaN or Inf found in input tensor.
WARNING:root:NaN or Inf found in input tensor.
WARNING:root:NaN or Inf found in input tensor.
WARNING:root:NaN or Inf found in input tensor.
WARNING:root:NaN or Inf found in input tensor.
WARNING:root:NaN or Inf found in input tensor.
WARNING:root:NaN or Inf found in input tensor.
[36mINFO[0m 08/13 06:21:51 | 0.045921    0.045235    0.000000    0.115970    nan         nan         4.360313    nan         0.126225    nan         0.105714    nan         0.045921    nan         0.045235    nan         100         0.245098    5.087913    0.221934    109.629277  8.431300   
WARNING:root:NaN or Inf found in input tensor.
WARNING:root:NaN or Inf found in input tensor.
WARNING:root:NaN or Inf found in input tensor.
WARNING:root:NaN or Inf found in input tensor.
WARNING:root:NaN or Inf found in input tensor.
WARNING:root:NaN or Inf found in input tensor.
WARNING:root:NaN or Inf found in input tensor.
[36mINFO[0m 08/13 06:24:02 | 0.118138    0.118028    0.000000    0.309730    nan         nan         2.880364    nan         0.342218    nan         0.277241    nan         0.118138    nan         0.118028    nan         200         0.490196    3.404036    0.226249    108.519658  8.431300   
WARNING:root:NaN or Inf found in input tensor.
WARNING:root:NaN or Inf found in input tensor.
WARNING:root:NaN or Inf found in input tensor.
WARNING:root:NaN or Inf found in input tensor.
WARNING:root:NaN or Inf found in input tensor.
WARNING:root:NaN or Inf found in input tensor.
WARNING:root:NaN or Inf found in input tensor.
[36mINFO[0m 08/13 06:26:15 | 0.158460    0.161616    0.000000    0.458487    nan         nan         2.152990    nan         0.511949    nan         0.405025    nan         0.158460    nan         0.161616    nan         300         0.735294    2.397987    0.224872    110.541744  8.431300   
WARNING:root:NaN or Inf found in input tensor.
WARNING:root:NaN or Inf found in input tensor.
WARNING:root:NaN or Inf found in input tensor.
WARNING:root:NaN or Inf found in input tensor.
WARNING:root:NaN or Inf found in input tensor.
WARNING:root:NaN or Inf found in input tensor.
WARNING:root:NaN or Inf found in input tensor.
[36mINFO[0m 08/13 06:28:28 | 0.189943    0.189833    0.000000    0.519998    nan         nan         1.861755    nan         0.580882    nan         0.459113    nan         0.189943    nan         0.189833    nan         400         0.980392    2.000256    0.229518    109.661365  8.431300   
WARNING:root:NaN or Inf found in input tensor.
WARNING:root:NaN or Inf found in input tensor.
WARNING:root:NaN or Inf found in input tensor.
WARNING:root:NaN or Inf found in input tensor.
WARNING:root:NaN or Inf found in input tensor.
WARNING:root:NaN or Inf found in input tensor.
WARNING:root:NaN or Inf found in input tensor.
[36mINFO[0m 08/13 06:30:39 | 0.194829    0.201471    0.000000    0.560134    nan         nan         1.694757    nan         0.620711    nan         0.499557    nan         0.194829    nan         0.201471    nan         500         1.225490    1.727294    0.224143    108.493535  8.431300   
WARNING:root:NaN or Inf found in input tensor.
WARNING:root:NaN or Inf found in input tensor.
WARNING:root:NaN or Inf found in input tensor.
WARNING:root:NaN or Inf found in input tensor.
WARNING:root:NaN or Inf found in input tensor.
WARNING:root:NaN or Inf found in input tensor.
WARNING:root:NaN or Inf found in input tensor.
[36mINFO[0m 08/13 06:32:52 | 0.196805    0.209706    0.000000    0.582867    nan         nan         1.596392    nan         0.648591    nan         0.517143    nan         0.196805    nan         0.209706    nan         600         1.470588    1.574204    0.225693    110.529941  8.431300   
WARNING:root:NaN or Inf found in input tensor.
WARNING:root:NaN or Inf found in input tensor.
WARNING:root:NaN or Inf found in input tensor.
WARNING:root:NaN or Inf found in input tensor.
WARNING:root:NaN or Inf found in input tensor.
WARNING:root:NaN or Inf found in input tensor.
WARNING:root:NaN or Inf found in input tensor.
[36mINFO[0m 08/13 06:35:05 | 0.212258    0.222991    0.000000    0.594901    nan         nan         1.510749    nan         0.645221    nan         0.544581    nan         0.212258    nan         0.222991    nan         700         1.715686    1.500175    0.228224    110.569117  8.431300   
WARNING:root:NaN or Inf found in input tensor.
WARNING:root:NaN or Inf found in input tensor.
WARNING:root:NaN or Inf found in input tensor.
WARNING:root:NaN or Inf found in input tensor.
WARNING:root:NaN or Inf found in input tensor.
WARNING:root:NaN or Inf found in input tensor.
WARNING:root:NaN or Inf found in input tensor.
[36mINFO[0m 08/13 06:37:16 | 0.194884    0.198397    0.000000    0.619386    nan         nan         1.444771    nan         0.681679    nan         0.557094    nan         0.194884    nan         0.198397    nan         800         1.960784    1.386456    0.225443    108.620637  8.431300   
WARNING:root:NaN or Inf found in input tensor.
WARNING:root:NaN or Inf found in input tensor.
WARNING:root:NaN or Inf found in input tensor.
WARNING:root:NaN or Inf found in input tensor.
WARNING:root:NaN or Inf found in input tensor.
WARNING:root:NaN or Inf found in input tensor.
WARNING:root:NaN or Inf found in input tensor.
[36mINFO[0m 08/13 06:39:29 | 0.233915    0.242973    0.000000    0.631659    nan         nan         1.365478    nan         0.689032    nan         0.574286    nan         0.233915    nan         0.242973    nan         900         2.205882    1.336825    0.226043    110.014633  8.431300   
WARNING:root:NaN or Inf found in input tensor.
WARNING:root:NaN or Inf found in input tensor.
WARNING:root:NaN or Inf found in input tensor.
WARNING:root:NaN or Inf found in input tensor.
WARNING:root:NaN or Inf found in input tensor.
WARNING:root:NaN or Inf found in input tensor.
WARNING:root:NaN or Inf found in input tensor.
[36mINFO[0m 08/13 06:41:40 | 0.206686    0.217391    0.000000    0.635606    nan         nan         1.367096    nan         0.696385    nan         0.574828    nan         0.206686    nan         0.217391    nan         1000        2.450980    1.256584    0.225556    108.326222  8.431300   
WARNING:root:NaN or Inf found in input tensor.
WARNING:root:NaN or Inf found in input tensor.
WARNING:root:NaN or Inf found in input tensor.
WARNING:root:NaN or Inf found in input tensor.
WARNING:root:NaN or Inf found in input tensor.
WARNING:root:NaN or Inf found in input tensor.
WARNING:root:NaN or Inf found in input tensor.
[36mINFO[0m 08/13 06:43:53 | 0.193017    0.199056    0.000000    0.639894    nan         nan         1.361274    nan         0.697917    nan         0.581872    nan         0.193017    nan         0.199056    nan         1100        2.696078    1.142290    0.227019    109.952549  8.431300   
WARNING:root:NaN or Inf found in input tensor.
WARNING:root:NaN or Inf found in input tensor.
WARNING:root:NaN or Inf found in input tensor.
WARNING:root:NaN or Inf found in input tensor.
WARNING:root:NaN or Inf found in input tensor.
WARNING:root:NaN or Inf found in input tensor.
WARNING:root:NaN or Inf found in input tensor.
[36mINFO[0m 08/13 06:46:06 | 0.198095    0.210804    0.000000    0.651729    nan         nan         1.304203    nan         0.715380    nan         0.588079    nan         0.198095    nan         0.210804    nan         1200        2.941176    1.182164    0.227167    110.513761  8.431300   
WARNING:root:NaN or Inf found in input tensor.
WARNING:root:NaN or Inf found in input tensor.
WARNING:root:NaN or Inf found in input tensor.
WARNING:root:NaN or Inf found in input tensor.
WARNING:root:NaN or Inf found in input tensor.
WARNING:root:NaN or Inf found in input tensor.
WARNING:root:NaN or Inf found in input tensor.
[36mINFO[0m 08/13 06:48:17 | 0.195268    0.201910    0.000000    0.659129    nan         nan         1.274641    nan         0.718750    nan         0.599507    nan         0.195268    nan         0.201910    nan         1300        3.186275    1.138254    0.226377    108.823816  8.431300   
WARNING:root:NaN or Inf found in input tensor.
WARNING:root:NaN or Inf found in input tensor.
WARNING:root:NaN or Inf found in input tensor.
WARNING:root:NaN or Inf found in input tensor.
WARNING:root:NaN or Inf found in input tensor.
WARNING:root:NaN or Inf found in input tensor.
WARNING:root:NaN or Inf found in input tensor.
[36mINFO[0m 08/13 06:50:30 | 0.211023    0.214976    0.000000    0.667904    nan         nan         1.211855    nan         0.723346    nan         0.612463    nan         0.211023    nan         0.214976    nan         1400        3.431373    1.100505    0.224497    110.369027  8.431300   
WARNING:root:NaN or Inf found in input tensor.
WARNING:root:NaN or Inf found in input tensor.
WARNING:root:NaN or Inf found in input tensor.
WARNING:root:NaN or Inf found in input tensor.
WARNING:root:NaN or Inf found in input tensor.
WARNING:root:NaN or Inf found in input tensor.
WARNING:root:NaN or Inf found in input tensor.
[36mINFO[0m 08/13 06:52:41 | 0.228865    0.244181    0.000000    0.660132    nan         nan         1.266608    nan         0.723958    nan         0.596305    nan         0.228865    nan         0.244181    nan         1500        3.676471    1.078941    0.224856    108.518975  8.431300   
WARNING:root:NaN or Inf found in input tensor.
WARNING:root:NaN or Inf found in input tensor.
WARNING:root:NaN or Inf found in input tensor.
WARNING:root:NaN or Inf found in input tensor.
WARNING:root:NaN or Inf found in input tensor.
WARNING:root:NaN or Inf found in input tensor.
WARNING:root:NaN or Inf found in input tensor.
[36mINFO[0m 08/13 06:54:54 | 0.215937    0.227273    0.000000    0.682502    nan         nan         1.180273    nan         0.736826    nan         0.628177    nan         0.215937    nan         0.227273    nan         1600        3.921569    1.029607    0.225572    110.235535  8.431300   
WARNING:root:NaN or Inf found in input tensor.
WARNING:root:NaN or Inf found in input tensor.
WARNING:root:NaN or Inf found in input tensor.
WARNING:root:NaN or Inf found in input tensor.
WARNING:root:NaN or Inf found in input tensor.
WARNING:root:NaN or Inf found in input tensor.
WARNING:root:NaN or Inf found in input tensor.
[36mINFO[0m 08/13 06:57:05 | 0.231061    0.244949    0.000000    0.686870    nan         nan         1.158814    nan         0.735907    nan         0.637833    nan         0.231061    nan         0.244949    nan         1700        4.166667    1.020851    0.224259    108.916542  8.431300   
WARNING:root:NaN or Inf found in input tensor.
WARNING:root:NaN or Inf found in input tensor.
WARNING:root:NaN or Inf found in input tensor.
WARNING:root:NaN or Inf found in input tensor.
WARNING:root:NaN or Inf found in input tensor.
WARNING:root:NaN or Inf found in input tensor.
WARNING:root:NaN or Inf found in input tensor.
[36mINFO[0m 08/13 06:59:17 | 0.226092    0.236605    0.000000    0.679672    nan         nan         1.211385    nan         0.735600    nan         0.623744    nan         0.226092    nan         0.236605    nan         1800        4.411765    0.977425    0.224954    108.922529  8.431300   
WARNING:root:NaN or Inf found in input tensor.
WARNING:root:NaN or Inf found in input tensor.
WARNING:root:NaN or Inf found in input tensor.
WARNING:root:NaN or Inf found in input tensor.
WARNING:root:NaN or Inf found in input tensor.
WARNING:root:NaN or Inf found in input tensor.
WARNING:root:NaN or Inf found in input tensor.
[36mINFO[0m 08/13 07:01:30 | 0.240173    0.250878    0.000000    0.682522    nan         nan         1.167331    nan         0.731005    nan         0.634039    nan         0.240173    nan         0.250878    nan         1900        4.656863    0.960313    0.224044    110.539902  8.431300   
WARNING:root:NaN or Inf found in input tensor.
WARNING:root:NaN or Inf found in input tensor.
WARNING:root:NaN or Inf found in input tensor.
WARNING:root:NaN or Inf found in input tensor.
WARNING:root:NaN or Inf found in input tensor.
WARNING:root:NaN or Inf found in input tensor.
WARNING:root:NaN or Inf found in input tensor.
[36mINFO[0m 08/13 07:03:42 | 0.215086    0.223869    0.000000    0.687830    nan         nan         1.144402    nan         0.738664    nan         0.636995    nan         0.215086    nan         0.223869    nan         2000        4.901961    0.983472    0.224977    109.389131  8.431300   
WARNING:root:NaN or Inf found in input tensor.
WARNING:root:NaN or Inf found in input tensor.
WARNING:root:NaN or Inf found in input tensor.
WARNING:root:NaN or Inf found in input tensor.
WARNING:root:NaN or Inf found in input tensor.
WARNING:root:NaN or Inf found in input tensor.
WARNING:root:NaN or Inf found in input tensor.
[36mINFO[0m 08/13 07:05:53 | 0.231664    0.243632    0.000000    0.687758    nan         nan         1.176720    nan         0.727635    nan         0.647882    nan         0.231664    nan         0.243632    nan         2100        5.147059    0.910940    0.224904    109.098031  8.431300   
WARNING:root:NaN or Inf found in input tensor.
WARNING:root:NaN or Inf found in input tensor.
WARNING:root:NaN or Inf found in input tensor.
WARNING:root:NaN or Inf found in input tensor.
WARNING:root:NaN or Inf found in input tensor.
WARNING:root:NaN or Inf found in input tensor.
WARNING:root:NaN or Inf found in input tensor.
[36mINFO[0m 08/13 07:08:04 | 0.235535    0.245718    0.000000    0.702553    nan         nan         1.126403    nan         0.753676    nan         0.651429    nan         0.235535    nan         0.245718    nan         2200        5.392157    0.874566    0.220864    109.047718  8.431300   
WARNING:root:NaN or Inf found in input tensor.
WARNING:root:NaN or Inf found in input tensor.
WARNING:root:NaN or Inf found in input tensor.
WARNING:root:NaN or Inf found in input tensor.
WARNING:root:NaN or Inf found in input tensor.
WARNING:root:NaN or Inf found in input tensor.
WARNING:root:NaN or Inf found in input tensor.
[36mINFO[0m 08/13 07:10:16 | 0.249039    0.262736    0.000000    0.703033    nan         nan         1.101143    nan         0.746017    nan         0.660049    nan         0.249039    nan         0.262736    nan         2300        5.637255    0.872253    0.222943    109.211604  8.431300   
WARNING:root:NaN or Inf found in input tensor.
WARNING:root:NaN or Inf found in input tensor.
WARNING:root:NaN or Inf found in input tensor.
WARNING:root:NaN or Inf found in input tensor.
WARNING:root:NaN or Inf found in input tensor.
WARNING:root:NaN or Inf found in input tensor.
WARNING:root:NaN or Inf found in input tensor.
[36mINFO[0m 08/13 07:12:28 | 0.216870    0.231994    0.000000    0.708735    nan         nan         1.097432    nan         0.763480    nan         0.653990    nan         0.216870    nan         0.231994    nan         2400        5.882353    0.875456    0.224696    109.296724  8.431300   
WARNING:root:NaN or Inf found in input tensor.
WARNING:root:NaN or Inf found in input tensor.
WARNING:root:NaN or Inf found in input tensor.
WARNING:root:NaN or Inf found in input tensor.
WARNING:root:NaN or Inf found in input tensor.
WARNING:root:NaN or Inf found in input tensor.
WARNING:root:NaN or Inf found in input tensor.
[36mINFO[0m 08/13 07:14:39 | 0.248655    0.257905    0.000000    0.707021    nan         nan         1.099199    nan         0.757047    nan         0.656995    nan         0.248655    nan         0.257905    nan         2500        6.127451    0.832525    0.224102    108.929577  8.431300   
WARNING:root:NaN or Inf found in input tensor.
WARNING:root:NaN or Inf found in input tensor.
WARNING:root:NaN or Inf found in input tensor.
WARNING:root:NaN or Inf found in input tensor.
WARNING:root:NaN or Inf found in input tensor.
WARNING:root:NaN or Inf found in input tensor.
WARNING:root:NaN or Inf found in input tensor.
[36mINFO[0m 08/13 07:16:51 | 0.233641    0.242973    0.000000    0.696242    nan         nan         1.154837    nan         0.750613    nan         0.641872    nan         0.233641    nan         0.242973    nan         2600        6.372549    0.798594    0.224654    109.219742  8.431300   
WARNING:root:NaN or Inf found in input tensor.
WARNING:root:NaN or Inf found in input tensor.
WARNING:root:NaN or Inf found in input tensor.
WARNING:root:NaN or Inf found in input tensor.
WARNING:root:NaN or Inf found in input tensor.
WARNING:root:NaN or Inf found in input tensor.
WARNING:root:NaN or Inf found in input tensor.
[36mINFO[0m 08/13 07:19:02 | 0.227931    0.238691    0.000000    0.702828    nan         nan         1.114608    nan         0.746936    nan         0.658719    nan         0.227931    nan         0.238691    nan         2700        6.617647    0.842306    0.222331    109.450282  8.431300   
WARNING:root:NaN or Inf found in input tensor.
WARNING:root:NaN or Inf found in input tensor.
WARNING:root:NaN or Inf found in input tensor.
WARNING:root:NaN or Inf found in input tensor.
WARNING:root:NaN or Inf found in input tensor.
WARNING:root:NaN or Inf found in input tensor.
WARNING:root:NaN or Inf found in input tensor.
[36mINFO[0m 08/13 07:21:15 | 0.242507    0.250110    0.000000    0.719232    nan         nan         1.067432    nan         0.759498    nan         0.678966    nan         0.242507    nan         0.250110    nan         2800        6.862745    0.800022    0.223671    109.745889  8.431300   
WARNING:root:NaN or Inf found in input tensor.
WARNING:root:NaN or Inf found in input tensor.
WARNING:root:NaN or Inf found in input tensor.
WARNING:root:NaN or Inf found in input tensor.
WARNING:root:NaN or Inf found in input tensor.
WARNING:root:NaN or Inf found in input tensor.
WARNING:root:NaN or Inf found in input tensor.
[36mINFO[0m 08/13 07:23:27 | 0.206851    0.214097    0.000000    0.708406    nan         nan         1.113015    nan         0.754596    nan         0.662217    nan         0.206851    nan         0.214097    nan         2900        7.107843    0.780016    0.225668    109.373380  8.431300   
WARNING:root:NaN or Inf found in input tensor.
WARNING:root:NaN or Inf found in input tensor.
WARNING:root:NaN or Inf found in input tensor.
WARNING:root:NaN or Inf found in input tensor.
WARNING:root:NaN or Inf found in input tensor.
WARNING:root:NaN or Inf found in input tensor.
WARNING:root:NaN or Inf found in input tensor.
[36mINFO[0m 08/13 07:25:39 | 0.251043    0.261748    0.000000    0.708708    nan         nan         1.113782    nan         0.749387    nan         0.668030    nan         0.251043    nan         0.261748    nan         3000        7.352941    0.780641    0.223764    110.271260  8.431300   
WARNING:root:NaN or Inf found in input tensor.
WARNING:root:NaN or Inf found in input tensor.
WARNING:root:NaN or Inf found in input tensor.
WARNING:root:NaN or Inf found in input tensor.
WARNING:root:NaN or Inf found in input tensor.
WARNING:root:NaN or Inf found in input tensor.
WARNING:root:NaN or Inf found in input tensor.
[36mINFO[0m 08/13 07:27:51 | 0.220822    0.234848    0.000000    0.702652    nan         nan         1.104185    nan         0.748162    nan         0.657143    nan         0.220822    nan         0.234848    nan         3100        7.598039    0.748412    0.223244    109.369796  8.431300   
WARNING:root:NaN or Inf found in input tensor.
WARNING:root:NaN or Inf found in input tensor.
WARNING:root:NaN or Inf found in input tensor.
WARNING:root:NaN or Inf found in input tensor.
WARNING:root:NaN or Inf found in input tensor.
WARNING:root:NaN or Inf found in input tensor.
WARNING:root:NaN or Inf found in input tensor.
[36mINFO[0m 08/13 07:30:03 | 0.237072    0.243961    0.000000    0.717561    nan         nan         1.080203    nan         0.765319    nan         0.669803    nan         0.237072    nan         0.243961    nan         3200        7.843137    0.743581    0.224666    109.607546  8.431300   
WARNING:root:NaN or Inf found in input tensor.
WARNING:root:NaN or Inf found in input tensor.
WARNING:root:NaN or Inf found in input tensor.
WARNING:root:NaN or Inf found in input tensor.
WARNING:root:NaN or Inf found in input tensor.
WARNING:root:NaN or Inf found in input tensor.
WARNING:root:NaN or Inf found in input tensor.
[36mINFO[0m 08/13 07:32:14 | 0.261528    0.273276    0.000000    0.718206    nan         nan         1.096164    nan         0.755821    nan         0.680591    nan         0.261528    nan         0.273276    nan         3300        8.088235    0.740215    0.222838    109.145565  8.431300   
WARNING:root:NaN or Inf found in input tensor.
WARNING:root:NaN or Inf found in input tensor.
WARNING:root:NaN or Inf found in input tensor.
WARNING:root:NaN or Inf found in input tensor.
WARNING:root:NaN or Inf found in input tensor.
WARNING:root:NaN or Inf found in input tensor.
WARNING:root:NaN or Inf found in input tensor.
[36mINFO[0m 08/13 07:34:32 | 0.234080    0.245498    0.000000    0.713648    nan         nan         1.106899    nan         0.751532    nan         0.675764    nan         0.234080    nan         0.245498    nan         3400        8.333333    0.708504    0.224506    114.656994  8.431300   
WARNING:root:NaN or Inf found in input tensor.
WARNING:root:NaN or Inf found in input tensor.
WARNING:root:NaN or Inf found in input tensor.
WARNING:root:NaN or Inf found in input tensor.
WARNING:root:NaN or Inf found in input tensor.
WARNING:root:NaN or Inf found in input tensor.
WARNING:root:NaN or Inf found in input tensor.
[36mINFO[0m 08/13 07:36:48 | 0.224528    0.235617    0.000000    0.712730    nan         nan         1.084803    nan         0.753983    nan         0.671478    nan         0.224528    nan         0.235617    nan         3500        8.578431    0.745567    0.223590    114.142651  8.431300   
WARNING:root:NaN or Inf found in input tensor.
WARNING:root:NaN or Inf found in input tensor.
WARNING:root:NaN or Inf found in input tensor.
WARNING:root:NaN or Inf found in input tensor.
WARNING:root:NaN or Inf found in input tensor.
WARNING:root:NaN or Inf found in input tensor.
WARNING:root:NaN or Inf found in input tensor.
[36mINFO[0m 08/13 07:39:04 | 0.239762    0.246487    0.000000    0.719216    nan         nan         1.094873    nan         0.765625    nan         0.672808    nan         0.239762    nan         0.246487    nan         3600        8.823529    0.707366    0.224537    113.662796  8.431300   
WARNING:root:NaN or Inf found in input tensor.
WARNING:root:NaN or Inf found in input tensor.
WARNING:root:NaN or Inf found in input tensor.
WARNING:root:NaN or Inf found in input tensor.
WARNING:root:NaN or Inf found in input tensor.
WARNING:root:NaN or Inf found in input tensor.
WARNING:root:NaN or Inf found in input tensor.
[36mINFO[0m 08/13 07:41:24 | 0.223155    0.230676    0.000000    0.726344    nan         nan         1.071581    nan         0.774510    nan         0.678177    nan         0.223155    nan         0.230676    nan         3700        9.068627    0.716670    0.224063    117.763073  8.431300   
WARNING:root:NaN or Inf found in input tensor.
WARNING:root:NaN or Inf found in input tensor.
WARNING:root:NaN or Inf found in input tensor.
WARNING:root:NaN or Inf found in input tensor.
WARNING:root:NaN or Inf found in input tensor.
WARNING:root:NaN or Inf found in input tensor.
WARNING:root:NaN or Inf found in input tensor.
[36mINFO[0m 08/13 07:43:37 | 0.245279    0.254611    0.000000    0.731524    nan         nan         1.033473    nan         0.773591    nan         0.689458    nan         0.245279    nan         0.254611    nan         3800        9.313725    0.700804    0.221712    110.085091  8.431300   
WARNING:root:NaN or Inf found in input tensor.
WARNING:root:NaN or Inf found in input tensor.
WARNING:root:NaN or Inf found in input tensor.
WARNING:root:NaN or Inf found in input tensor.
WARNING:root:NaN or Inf found in input tensor.
WARNING:root:NaN or Inf found in input tensor.
WARNING:root:NaN or Inf found in input tensor.
[36mINFO[0m 08/13 07:45:49 | 0.229084    0.239240    0.000000    0.727834    nan         nan         1.058861    nan         0.766850    nan         0.688818    nan         0.229084    nan         0.239240    nan         3900        9.558824    0.727856    0.222231    109.742900  8.431300   
WARNING:root:NaN or Inf found in input tensor.
WARNING:root:NaN or Inf found in input tensor.
WARNING:root:NaN or Inf found in input tensor.
WARNING:root:NaN or Inf found in input tensor.
WARNING:root:NaN or Inf found in input tensor.
WARNING:root:NaN or Inf found in input tensor.
WARNING:root:NaN or Inf found in input tensor.
[36mINFO[0m 08/13 07:48:01 | 0.239048    0.248792    0.000000    0.722055    nan         nan         1.115076    nan         0.763174    nan         0.680936    nan         0.239048    nan         0.248792    nan         4000        9.803922    0.694235    0.221644    109.875191  8.431300   
WARNING:root:NaN or Inf found in input tensor.
WARNING:root:NaN or Inf found in input tensor.
WARNING:root:NaN or Inf found in input tensor.
WARNING:root:NaN or Inf found in input tensor.
WARNING:root:NaN or Inf found in input tensor.
WARNING:root:NaN or Inf found in input tensor.
WARNING:root:NaN or Inf found in input tensor.
[36mINFO[0m 08/13 07:50:11 | 0.220109    0.231445    0.000000    0.731017    nan         nan         1.014343    nan         0.776961    nan         0.685074    nan         0.220109    nan         0.231445    nan         4100        10.049020   0.682651    0.221630    108.599672  8.431300   
WARNING:root:NaN or Inf found in input tensor.
WARNING:root:NaN or Inf found in input tensor.
WARNING:root:NaN or Inf found in input tensor.
WARNING:root:NaN or Inf found in input tensor.
WARNING:root:NaN or Inf found in input tensor.
WARNING:root:NaN or Inf found in input tensor.
WARNING:root:NaN or Inf found in input tensor.
[36mINFO[0m 08/13 07:52:24 | 0.236221    0.249671    0.000000    0.728538    nan         nan         1.066641    nan         0.776042    nan         0.681034    nan         0.236221    nan         0.249671    nan         4200        10.294118   0.674211    0.226716    109.901433  8.431300   
WARNING:root:NaN or Inf found in input tensor.
WARNING:root:NaN or Inf found in input tensor.
WARNING:root:NaN or Inf found in input tensor.
WARNING:root:NaN or Inf found in input tensor.
WARNING:root:NaN or Inf found in input tensor.
WARNING:root:NaN or Inf found in input tensor.
WARNING:root:NaN or Inf found in input tensor.
[36mINFO[0m 08/13 07:54:36 | 0.231280    0.244510    0.000000    0.730262    nan         nan         1.044937    nan         0.776042    nan         0.684483    nan         0.231280    nan         0.244510    nan         4300        10.539216   0.663968    0.221637    109.784920  8.431300   
WARNING:root:NaN or Inf found in input tensor.
WARNING:root:NaN or Inf found in input tensor.
WARNING:root:NaN or Inf found in input tensor.
WARNING:root:NaN or Inf found in input tensor.
WARNING:root:NaN or Inf found in input tensor.
WARNING:root:NaN or Inf found in input tensor.
WARNING:root:NaN or Inf found in input tensor.
[36mINFO[0m 08/13 07:56:48 | 0.239734    0.252196    0.000000    0.718019    nan         nan         1.088082    nan         0.761949    nan         0.674089    nan         0.239734    nan         0.252196    nan         4400        10.784314   0.655393    0.221761    109.984421  8.431300   
WARNING:root:NaN or Inf found in input tensor.
WARNING:root:NaN or Inf found in input tensor.
WARNING:root:NaN or Inf found in input tensor.
WARNING:root:NaN or Inf found in input tensor.
WARNING:root:NaN or Inf found in input tensor.
WARNING:root:NaN or Inf found in input tensor.
WARNING:root:NaN or Inf found in input tensor.
[36mINFO[0m 08/13 07:59:01 | 0.232378    0.244620    0.000000    0.729843    nan         nan         1.103296    nan         0.776042    nan         0.683645    nan         0.232378    nan         0.244620    nan         4500        11.029412   0.627792    0.225227    110.137888  8.431300   
WARNING:root:NaN or Inf found in input tensor.
WARNING:root:NaN or Inf found in input tensor.
WARNING:root:NaN or Inf found in input tensor.
WARNING:root:NaN or Inf found in input tensor.
WARNING:root:NaN or Inf found in input tensor.
WARNING:root:NaN or Inf found in input tensor.
WARNING:root:NaN or Inf found in input tensor.
[36mINFO[0m 08/13 08:01:12 | 0.227739    0.239789    0.000000    0.724876    nan         nan         1.080695    nan         0.755515    nan         0.694236    nan         0.227739    nan         0.239789    nan         4600        11.274510   0.611513    0.224954    108.847809  8.431300   
WARNING:root:NaN or Inf found in input tensor.
WARNING:root:NaN or Inf found in input tensor.
WARNING:root:NaN or Inf found in input tensor.
WARNING:root:NaN or Inf found in input tensor.
WARNING:root:NaN or Inf found in input tensor.
WARNING:root:NaN or Inf found in input tensor.
WARNING:root:NaN or Inf found in input tensor.
[36mINFO[0m 08/13 08:03:24 | 0.224199    0.232982    0.000000    0.730709    nan         nan         1.079081    nan         0.774816    nan         0.686601    nan         0.224199    nan         0.232982    nan         4700        11.519608   0.612409    0.223420    109.089919  8.431300   
WARNING:root:NaN or Inf found in input tensor.
WARNING:root:NaN or Inf found in input tensor.
WARNING:root:NaN or Inf found in input tensor.
WARNING:root:NaN or Inf found in input tensor.
WARNING:root:NaN or Inf found in input tensor.
WARNING:root:NaN or Inf found in input tensor.
WARNING:root:NaN or Inf found in input tensor.
[36mINFO[0m 08/13 08:05:36 | 0.225214    0.233970    0.000000    0.729230    nan         nan         1.048022    nan         0.767770    nan         0.690690    nan         0.225214    nan         0.233970    nan         4800        11.764706   0.646279    0.222167    109.607918  8.431300   
WARNING:root:NaN or Inf found in input tensor.
WARNING:root:NaN or Inf found in input tensor.
WARNING:root:NaN or Inf found in input tensor.
WARNING:root:NaN or Inf found in input tensor.
WARNING:root:NaN or Inf found in input tensor.
WARNING:root:NaN or Inf found in input tensor.
WARNING:root:NaN or Inf found in input tensor.
[36mINFO[0m 08/13 08:07:47 | 0.216238    0.219587    0.000000    0.729287    nan         nan         1.083957    nan         0.766850    nan         0.691724    nan         0.216238    nan         0.219587    nan         4900        12.009804   0.616623    0.223419    108.946786  8.431300   
WARNING:root:NaN or Inf found in input tensor.
WARNING:root:NaN or Inf found in input tensor.
WARNING:root:NaN or Inf found in input tensor.
WARNING:root:NaN or Inf found in input tensor.
WARNING:root:NaN or Inf found in input tensor.
WARNING:root:NaN or Inf found in input tensor.
WARNING:root:NaN or Inf found in input tensor.
[36mINFO[0m 08/13 08:09:58 | 0.217858    0.222881    0.000000    0.733622    nan         nan         1.051381    nan         0.779412    nan         0.687833    nan         0.217858    nan         0.222881    nan         5000        12.254902   0.600820    0.224199    109.060952  8.431300   
WARNING:root:NaN or Inf found in input tensor.
WARNING:root:NaN or Inf found in input tensor.
WARNING:root:NaN or Inf found in input tensor.
WARNING:root:NaN or Inf found in input tensor.
WARNING:root:NaN or Inf found in input tensor.
WARNING:root:NaN or Inf found in input tensor.
WARNING:root:NaN or Inf found in input tensor.
[36mINFO[0m 08/13 08:09:58 | ---
[36mINFO[0m 08/13 08:09:58 | oracle = 26.153%
[36mINFO[0m 08/13 08:09:58 | iid = 21.786%
[36mINFO[0m 08/13 08:09:58 | last = 21.786%
[36mINFO[0m 08/13 08:09:58 | last (inD) = 73.362%
[36mINFO[0m 08/13 08:09:58 | iid (inD) = 73.362%
[36mINFO[0m 08/13 08:10:00 | === Summary ===
[36mINFO[0m 08/13 08:10:00 | Command: /data/home/kxrgzn/lzh/new/DomainBed-new/train_all.py SKET_ERM_seed1 --dataset SKET --data_dir /data/home/kxrgzn/lzh/new/DomainBed-new/dataset --algorithm ERM --steps 5000 --checkpoint_freq 100 --batch_size 32 --optimizer adam --lr 5e-5 --weight_decay 0 --resnet_dropout 0 --resnet18 False --pretrained True --freeze_bn True --swad False --seed 1 --trial_seed 1 --deterministic --cache disk --prebuild_loader --image_size 224
[36mINFO[0m 08/13 08:10:00 | Unique name: 260813_01-26-52_SKET_ERM_seed1
[36mINFO[0m 08/13 08:10:00 | Out path: train_output/SKET/260813_01-26-52_SKET_ERM_seed1
[36mINFO[0m 08/13 08:10:00 | Algorithm: ERM
[36mINFO[0m 08/13 08:10:00 | Dataset: SKET
+------------+----------+-----------+---------+---------+
| Selection  | TUBerlin | quickdraw |  sketch |   Avg.  |
+------------+----------+-----------+---------+---------+
|   oracle   | 65.732%  |  33.631%  | 26.153% | 41.839% |
|    iid     | 65.732%  |  30.101%  | 21.786% | 39.206% |
|    last    | 65.732%  |  28.716%  | 21.786% | 38.745% |
| last (inD) | 67.452%  |  71.474%  | 73.362% | 70.763% |
| iid (inD)  | 67.452%  |  72.867%  | 73.362% | 71.227% |
+------------+----------+-----------+---------+---------+
================================================================================
Starting ERM, seed=2, physical GPU=0
/home/kxrgzn/anaconda3/envs/lzh_DG/bin/python /data/home/kxrgzn/lzh/new/DomainBed-new/train_all.py SKET_ERM_seed2 --dataset SKET --data_dir /data/home/kxrgzn/lzh/new/DomainBed-new/dataset --algorithm ERM --steps 5000 --checkpoint_freq 100 --batch_size 32 --optimizer adam --lr 5e-5 --weight_decay 0 --resnet_dropout 0 --resnet18 False --pretrained True --freeze_bn True --swad False --seed 2 --trial_seed 2 --deterministic --cache disk --prebuild_loader --image_size 224
================================================================================
/home/kxrgzn/anaconda3/envs/lzh_DG/lib/python3.9/site-packages/munch/__init__.py:24: UserWarning: pkg_resources is deprecated as an API. See https://setuptools.pypa.io/en/latest/pkg_resources.html. The pkg_resources package is slated for removal as early as 2025-11-30. Refrain from using this package or pin to Setuptools<81.
  import pkg_resources
[36mINFO[0m 08/13 08:10:06 | Command :: /data/home/kxrgzn/lzh/new/DomainBed-new/train_all.py SKET_ERM_seed2 --dataset SKET --data_dir /data/home/kxrgzn/lzh/new/DomainBed-new/dataset --algorithm ERM --steps 5000 --checkpoint_freq 100 --batch_size 32 --optimizer adam --lr 5e-5 --weight_decay 0 --resnet_dropout 0 --resnet18 False --pretrained True --freeze_bn True --swad False --seed 2 --trial_seed 2 --deterministic --cache disk --prebuild_loader --image_size 224
Environment:
	Python: 3.9.23
	PyTorch: 2.6.0+cu124
	Torchvision: 0.21.0+cu124
	CUDA: 12.4
	CUDNN: 90100
	NumPy: 1.23.5
	PIL: 8.1.0
Args:
	algorithm: ERM
	batch_size: 32
	cache: disk
	cache_root: cache
	cache_size: None
	checkpoint_freq: 100
	configs: []
	data_dir: /data/home/kxrgzn/lzh/new/DomainBed-new/dataset
	dataset: SKET
	debug: False
	deterministic: True
	end_step: 200
	evalmode: fast
	extra_search: n
	extra_search_end: None
	extra_search_start: None
	gga_l_gamma: 0.001
	grad_fn: sum
	holdout_fraction: 0.2
	model_save: None
	name: SKET_ERM_seed2
	neighborhoodSize: 1e-06
	out_dir: train_output/SKET/260813_08-10-06_SKET_ERM_seed2
	out_root: train_output/SKET
	prebuild_loader: True
	q_steps: 2000
	quant: 0
	resize_mode: stretch
	saliency: False
	saliency_cmap: jet
	saliency_every: 0
	saliency_noise: 0.15
	saliency_num: 16
	saliency_samples: 25
	saliency_split: test_in
	seed: 2
	show: False
	start_step: 100
	steps: 5000
	tb_freq: 10
	test_envs: None
	train_output: train_output
	trial_seed: 2
	unique_name: 260813_08-10-06_SKET_ERM_seed2
	work_dir: .
HParams:
	data_augmentation: True
	val_augment: False
	[36mresnet18: False
	[0m[36mresnet_dropout: 0
	[0mclass_balanced: False
	[36moptimizer: adam
	[0m[36mfreeze_bn: True
	[0m[36mpretrained: True
	[0m[36mimage_size: 224
	[0m[36mlr: 5e-05
	[0mbatch_size: 32
	[36mweight_decay: 0
	[0m[36mswad: False
	[0mswad_kwargs: 
	  n_converge: 3
	  n_tolerance: 6
	  tolerance_ratio: 0.3
	test_batchsize: 128
	indomain_test: False
	grad_fn: sum
	extra_search: n
	logdir: train_output/SKET/260813_08-10-06_SKET_ERM_seed2
	neighborhoodSize: 1e-06
	start_step: 100
	end_step: 200
	extra_search_start: None
	extra_search_end: None
	gga_l_gamma: 0.001
Dataset:
	[SKET] #envs=3, #classes=203
	env0: TUBerlin (#16320)
	env1: quickdraw (#101500)
	env2: sketch (#45540)

[36mINFO[0m 08/13 08:10:08 | n_steps = 5000
[36mINFO[0m 08/13 08:10:08 | checkpoint_freq = 100
[36mINFO[0m 08/13 08:10:08 | n_steps is updated to 5000 => 5001 for checkpointing
[36mINFO[0m 08/13 08:10:08 | Target test envs = [[0], [1], [2]]
[36mINFO[0m 08/13 08:10:08 | 
[36mINFO[0m 08/13 08:10:10 | Testenv name escaping te_TUBerlin -> te_TUBerlin
[36mINFO[0m 08/13 08:10:10 | Test envs = [0], name = te_TUBerlin
[36mINFO[0m 08/13 08:10:10 | Batch sizes for each domain: [0, 32, 32] (total=64)
[36mINFO[0m 08/13 08:10:10 | steps-per-epoch for each domain: 2537.50, 1138.50 -> min = 1138.50
/home/kxrgzn/anaconda3/envs/lzh_DG/lib/python3.9/site-packages/torchvision/models/_utils.py:208: UserWarning: The parameter 'pretrained' is deprecated since 0.13 and may be removed in the future, please use 'weights' instead.
  warnings.warn(
/home/kxrgzn/anaconda3/envs/lzh_DG/lib/python3.9/site-packages/torchvision/models/_utils.py:223: UserWarning: Arguments other than a weight enum or `None` for 'weights' are deprecated since 0.13 and may be removed in the future. The current behavior is equivalent to passing `weights=ResNet50_Weights.IMAGENET1K_V1`. You can also use `weights=ResNet50_Weights.DEFAULT` to get the most up-to-date weights.
  warnings.warn(msg)
[36mINFO[0m 08/13 08:10:13 | # of params = 23923979
[36mINFO[0m 08/13 08:11:18 | test_in     test_out    train_in    train_out   test_in_au  test_out_a  train_out_  tr_outloss  env0_in     env0_in_au  env0_out    env0_out_a  env1_out    env1_out_a  env2_out    env2_out_a  step        epoch       loss        step_time   eval_time   mem_gb     
[36mINFO[0m 08/13 08:11:18 | 0.004366    0.005515    0.000000    0.004184    nan         nan         nan         5.345317    0.004366    nan         0.005515    nan         0.005074    nan         0.003294    nan         0           0.000000    5.385950    0.608810    64.793156   8.243447   
WARNING:root:NaN or Inf found in input tensor.
WARNING:root:NaN or Inf found in input tensor.
WARNING:root:NaN or Inf found in input tensor.
WARNING:root:NaN or Inf found in input tensor.
WARNING:root:NaN or Inf found in input tensor.
WARNING:root:NaN or Inf found in input tensor.
WARNING:root:NaN or Inf found in input tensor.
[36mINFO[0m 08/13 08:12:45 | 0.058824    0.057598    0.000000    0.073642    nan         nan         nan         4.793797    0.058824    nan         0.057598    nan         0.036502    nan         0.110782    nan         100         0.087835    5.158170    0.220007    65.297848   8.432520   
WARNING:root:NaN or Inf found in input tensor.
WARNING:root:NaN or Inf found in input tensor.
WARNING:root:NaN or Inf found in input tensor.
WARNING:root:NaN or Inf found in input tensor.
WARNING:root:NaN or Inf found in input tensor.
WARNING:root:NaN or Inf found in input tensor.
WARNING:root:NaN or Inf found in input tensor.
[36mINFO[0m 08/13 08:14:12 | 0.252834    0.250919    0.000000    0.245252    nan         nan         nan         3.462205    0.252834    nan         0.250919    nan         0.206798    nan         0.283707    nan         200         0.175670    4.092360    0.220579    64.409806   8.432520   
WARNING:root:NaN or Inf found in input tensor.
WARNING:root:NaN or Inf found in input tensor.
WARNING:root:NaN or Inf found in input tensor.
WARNING:root:NaN or Inf found in input tensor.
WARNING:root:NaN or Inf found in input tensor.
WARNING:root:NaN or Inf found in input tensor.
WARNING:root:NaN or Inf found in input tensor.
[36mINFO[0m 08/13 08:15:39 | 0.356388    0.353248    0.000000    0.354076    nan         nan         nan         2.791799    0.356388    nan         0.353248    nan         0.331232    nan         0.376921    nan         300         0.263505    3.147067    0.219557    64.785604   8.432520   
WARNING:root:NaN or Inf found in input tensor.
WARNING:root:NaN or Inf found in input tensor.
WARNING:root:NaN or Inf found in input tensor.
WARNING:root:NaN or Inf found in input tensor.
WARNING:root:NaN or Inf found in input tensor.
WARNING:root:NaN or Inf found in input tensor.
WARNING:root:NaN or Inf found in input tensor.
[36mINFO[0m 08/13 08:17:07 | 0.428539    0.439951    0.000000    0.406757    nan         nan         nan         2.506200    0.428539    nan         0.439951    nan         0.393005    nan         0.420509    nan         400         0.351339    2.661646    0.227574    65.642833   8.432520   
WARNING:root:NaN or Inf found in input tensor.
WARNING:root:NaN or Inf found in input tensor.
WARNING:root:NaN or Inf found in input tensor.
WARNING:root:NaN or Inf found in input tensor.
WARNING:root:NaN or Inf found in input tensor.
WARNING:root:NaN or Inf found in input tensor.
WARNING:root:NaN or Inf found in input tensor.
[36mINFO[0m 08/13 08:18:33 | 0.451134    0.450061    0.000000    0.454607    nan         nan         nan         2.283141    0.451134    nan         0.450061    nan         0.454778    nan         0.454436    nan         500         0.439174    2.338122    0.221340    64.232605   8.432520   
WARNING:root:NaN or Inf found in input tensor.
WARNING:root:NaN or Inf found in input tensor.
WARNING:root:NaN or Inf found in input tensor.
WARNING:root:NaN or Inf found in input tensor.
WARNING:root:NaN or Inf found in input tensor.
WARNING:root:NaN or Inf found in input tensor.
WARNING:root:NaN or Inf found in input tensor.
[36mINFO[0m 08/13 08:20:02 | 0.482460    0.502145    0.000000    0.473740    nan         nan         nan         2.167088    0.482460    nan         0.502145    nan         0.468670    nan         0.478810    nan         600         0.527009    2.189178    0.224809    65.755488   8.432520   
WARNING:root:NaN or Inf found in input tensor.
WARNING:root:NaN or Inf found in input tensor.
WARNING:root:NaN or Inf found in input tensor.
WARNING:root:NaN or Inf found in input tensor.
WARNING:root:NaN or Inf found in input tensor.
WARNING:root:NaN or Inf found in input tensor.
WARNING:root:NaN or Inf found in input tensor.
[36mINFO[0m 08/13 08:21:29 | 0.504366    0.507966    0.000000    0.506283    nan         nan         nan         2.032714    0.504366    nan         0.507966    nan         0.503892    nan         0.508674    nan         700         0.614844    2.070439    0.223282    64.412943   8.432520   
WARNING:root:NaN or Inf found in input tensor.
WARNING:root:NaN or Inf found in input tensor.
WARNING:root:NaN or Inf found in input tensor.
WARNING:root:NaN or Inf found in input tensor.
WARNING:root:NaN or Inf found in input tensor.
WARNING:root:NaN or Inf found in input tensor.
WARNING:root:NaN or Inf found in input tensor.
[36mINFO[0m 08/13 08:22:55 | 0.525888    0.531250    0.000000    0.514465    nan         nan         nan         1.997192    0.525888    nan         0.531250    nan         0.518719    nan         0.510211    nan         800         0.702679    1.963589    0.219766    64.991204   8.432520   
WARNING:root:NaN or Inf found in input tensor.
WARNING:root:NaN or Inf found in input tensor.
WARNING:root:NaN or Inf found in input tensor.
WARNING:root:NaN or Inf found in input tensor.
WARNING:root:NaN or Inf found in input tensor.
WARNING:root:NaN or Inf found in input tensor.
WARNING:root:NaN or Inf found in input tensor.
[36mINFO[0m 08/13 08:24:22 | 0.528722    0.531250    0.000000    0.536700    nan         nan         nan         1.886657    0.528722    nan         0.531250    nan         0.543645    nan         0.529754    nan         900         0.790514    1.950268    0.220000    64.399009   8.432520   
WARNING:root:NaN or Inf found in input tensor.
WARNING:root:NaN or Inf found in input tensor.
WARNING:root:NaN or Inf found in input tensor.
WARNING:root:NaN or Inf found in input tensor.
WARNING:root:NaN or Inf found in input tensor.
WARNING:root:NaN or Inf found in input tensor.
WARNING:root:NaN or Inf found in input tensor.
[36mINFO[0m 08/13 08:25:47 | 0.526195    0.532475    0.000000    0.544488    nan         nan         nan         1.856193    0.526195    nan         0.532475    nan         0.539458    nan         0.549517    nan         1000        0.878349    1.871371    0.219444    63.457867   8.432520   
WARNING:root:NaN or Inf found in input tensor.
WARNING:root:NaN or Inf found in input tensor.
WARNING:root:NaN or Inf found in input tensor.
WARNING:root:NaN or Inf found in input tensor.
WARNING:root:NaN or Inf found in input tensor.
WARNING:root:NaN or Inf found in input tensor.
WARNING:root:NaN or Inf found in input tensor.
[36mINFO[0m 08/13 08:27:14 | 0.572763    0.578431    0.000000    0.556344    nan         nan         nan         1.827898    0.572763    nan         0.578431    nan         0.557241    nan         0.555446    nan         1100        0.966184    1.770556    0.220787    64.942830   8.432520   
WARNING:root:NaN or Inf found in input tensor.
WARNING:root:NaN or Inf found in input tensor.
WARNING:root:NaN or Inf found in input tensor.
WARNING:root:NaN or Inf found in input tensor.
WARNING:root:NaN or Inf found in input tensor.
WARNING:root:NaN or Inf found in input tensor.
WARNING:root:NaN or Inf found in input tensor.
[36mINFO[0m 08/13 08:28:40 | 0.559283    0.564951    0.000000    0.558567    nan         nan         nan         1.772312    0.559283    nan         0.564951    nan         0.572118    nan         0.545015    nan         1200        1.054018    1.710001    0.219606    63.748441   8.432520   
WARNING:root:NaN or Inf found in input tensor.
WARNING:root:NaN or Inf found in input tensor.
WARNING:root:NaN or Inf found in input tensor.
WARNING:root:NaN or Inf found in input tensor.
WARNING:root:NaN or Inf found in input tensor.
WARNING:root:NaN or Inf found in input tensor.
WARNING:root:NaN or Inf found in input tensor.
[36mINFO[0m 08/13 08:30:07 | 0.566100    0.559743    0.000000    0.566115    nan         nan         nan         1.755009    0.566100    nan         0.559743    nan         0.568768    nan         0.563461    nan         1300        1.141853    1.700423    0.218757    64.699199   8.432520   
WARNING:root:NaN or Inf found in input tensor.
WARNING:root:NaN or Inf found in input tensor.
WARNING:root:NaN or Inf found in input tensor.
WARNING:root:NaN or Inf found in input tensor.
WARNING:root:NaN or Inf found in input tensor.
WARNING:root:NaN or Inf found in input tensor.
WARNING:root:NaN or Inf found in input tensor.
[36mINFO[0m 08/13 08:31:33 | 0.564032    0.561581    0.000000    0.568156    nan         nan         nan         1.720486    0.564032    nan         0.561581    nan         0.574828    nan         0.561484    nan         1400        1.229688    1.613853    0.219587    64.386682   8.432520   
WARNING:root:NaN or Inf found in input tensor.
WARNING:root:NaN or Inf found in input tensor.
WARNING:root:NaN or Inf found in input tensor.
WARNING:root:NaN or Inf found in input tensor.
WARNING:root:NaN or Inf found in input tensor.
WARNING:root:NaN or Inf found in input tensor.
WARNING:root:NaN or Inf found in input tensor.
[36mINFO[0m 08/13 08:32:59 | 0.577206    0.571385    0.000000    0.585791    nan         nan         nan         1.676932    0.577206    nan         0.571385    nan         0.591872    nan         0.579710    nan         1500        1.317523    1.607955    0.219731    63.999151   8.432520   
WARNING:root:NaN or Inf found in input tensor.
WARNING:root:NaN or Inf found in input tensor.
WARNING:root:NaN or Inf found in input tensor.
WARNING:root:NaN or Inf found in input tensor.
WARNING:root:NaN or Inf found in input tensor.
WARNING:root:NaN or Inf found in input tensor.
WARNING:root:NaN or Inf found in input tensor.
[36mINFO[0m 08/13 08:34:26 | 0.579580    0.575674    0.000000    0.583129    nan         nan         nan         1.677042    0.579580    nan         0.575674    nan         0.589951    nan         0.576307    nan         1600        1.405358    1.536799    0.219952    64.912395   8.432520   
WARNING:root:NaN or Inf found in input tensor.
WARNING:root:NaN or Inf found in input tensor.
WARNING:root:NaN or Inf found in input tensor.
WARNING:root:NaN or Inf found in input tensor.
WARNING:root:NaN or Inf found in input tensor.
WARNING:root:NaN or Inf found in input tensor.
WARNING:root:NaN or Inf found in input tensor.
[36mINFO[0m 08/13 08:35:52 | 0.590839    0.593750    0.000000    0.592545    nan         nan         nan         1.626643    0.590839    nan         0.593750    nan         0.600000    nan         0.585090    nan         1700        1.493193    1.500046    0.219833    63.793334   8.432520   
WARNING:root:NaN or Inf found in input tensor.
WARNING:root:NaN or Inf found in input tensor.
WARNING:root:NaN or Inf found in input tensor.
WARNING:root:NaN or Inf found in input tensor.
WARNING:root:NaN or Inf found in input tensor.
WARNING:root:NaN or Inf found in input tensor.
WARNING:root:NaN or Inf found in input tensor.
[36mINFO[0m 08/13 08:37:18 | 0.588925    0.592831    0.000000    0.604369    nan         nan         nan         1.602775    0.588925    nan         0.592831    nan         0.609704    nan         0.599034    nan         1800        1.581028    1.506071    0.218772    64.411041   8.432520   
WARNING:root:NaN or Inf found in input tensor.
WARNING:root:NaN or Inf found in input tensor.
WARNING:root:NaN or Inf found in input tensor.
WARNING:root:NaN or Inf found in input tensor.
WARNING:root:NaN or Inf found in input tensor.
WARNING:root:NaN or Inf found in input tensor.
WARNING:root:NaN or Inf found in input tensor.
[36mINFO[0m 08/13 08:38:45 | 0.599112    0.609681    0.000000    0.600883    nan         nan         nan         1.594786    0.599112    nan         0.609681    nan         0.616897    nan         0.584870    nan         1900        1.668863    1.537258    0.220650    64.560111   8.432520   
WARNING:root:NaN or Inf found in input tensor.
WARNING:root:NaN or Inf found in input tensor.
WARNING:root:NaN or Inf found in input tensor.
WARNING:root:NaN or Inf found in input tensor.
WARNING:root:NaN or Inf found in input tensor.
WARNING:root:NaN or Inf found in input tensor.
WARNING:root:NaN or Inf found in input tensor.
[36mINFO[0m 08/13 08:40:10 | 0.590456    0.587316    0.000000    0.604254    nan         nan         nan         1.581814    0.590456    nan         0.587316    nan         0.615074    nan         0.593434    nan         2000        1.756697    1.474020    0.219568    63.528360   8.432520   
WARNING:root:NaN or Inf found in input tensor.
WARNING:root:NaN or Inf found in input tensor.
WARNING:root:NaN or Inf found in input tensor.
WARNING:root:NaN or Inf found in input tensor.
WARNING:root:NaN or Inf found in input tensor.
WARNING:root:NaN or Inf found in input tensor.
WARNING:root:NaN or Inf found in input tensor.
[36mINFO[0m 08/13 08:41:37 | 0.613358    0.620098    0.000000    0.621662    nan         nan         nan         1.523940    0.613358    nan         0.620098    nan         0.635616    nan         0.607708    nan         2100        1.844532    1.399108    0.219665    65.299647   8.432520   
WARNING:root:NaN or Inf found in input tensor.
WARNING:root:NaN or Inf found in input tensor.
WARNING:root:NaN or Inf found in input tensor.
WARNING:root:NaN or Inf found in input tensor.
WARNING:root:NaN or Inf found in input tensor.
WARNING:root:NaN or Inf found in input tensor.
WARNING:root:NaN or Inf found in input tensor.
[36mINFO[0m 08/13 08:43:04 | 0.620787    0.630515    0.000000    0.621857    nan         nan         nan         1.497819    0.620787    nan         0.630515    nan         0.631724    nan         0.611989    nan         2200        1.932367    1.424283    0.219367    64.725606   8.432520   
WARNING:root:NaN or Inf found in input tensor.
WARNING:root:NaN or Inf found in input tensor.
WARNING:root:NaN or Inf found in input tensor.
WARNING:root:NaN or Inf found in input tensor.
WARNING:root:NaN or Inf found in input tensor.
WARNING:root:NaN or Inf found in input tensor.
WARNING:root:NaN or Inf found in input tensor.
[36mINFO[0m 08/13 08:44:31 | 0.609911    0.615196    0.000000    0.619313    nan         nan         nan         1.544246    0.609911    nan         0.615196    nan         0.627734    nan         0.610892    nan         2300        2.020202    1.421377    0.218996    64.586534   8.432520   
WARNING:root:NaN or Inf found in input tensor.
WARNING:root:NaN or Inf found in input tensor.
WARNING:root:NaN or Inf found in input tensor.
WARNING:root:NaN or Inf found in input tensor.
WARNING:root:NaN or Inf found in input tensor.
WARNING:root:NaN or Inf found in input tensor.
WARNING:root:NaN or Inf found in input tensor.
[36mINFO[0m 08/13 08:45:58 | 0.589308    0.592831    0.000000    0.614674    nan         nan         nan         1.579250    0.589308    nan         0.592831    nan         0.633498    nan         0.595850    nan         2400        2.108037    1.369022    0.219296    65.400463   8.432520   
WARNING:root:NaN or Inf found in input tensor.
WARNING:root:NaN or Inf found in input tensor.
WARNING:root:NaN or Inf found in input tensor.
WARNING:root:NaN or Inf found in input tensor.
WARNING:root:NaN or Inf found in input tensor.
WARNING:root:NaN or Inf found in input tensor.
WARNING:root:NaN or Inf found in input tensor.
[36mINFO[0m 08/13 08:47:24 | 0.611137    0.618260    0.000000    0.628035    nan         nan         nan         1.484065    0.611137    nan         0.618260    nan         0.643202    nan         0.612868    nan         2500        2.195872    1.352249    0.220397    63.772223   8.432520   
WARNING:root:NaN or Inf found in input tensor.
WARNING:root:NaN or Inf found in input tensor.
WARNING:root:NaN or Inf found in input tensor.
WARNING:root:NaN or Inf found in input tensor.
WARNING:root:NaN or Inf found in input tensor.
WARNING:root:NaN or Inf found in input tensor.
WARNING:root:NaN or Inf found in input tensor.
[36mINFO[0m 08/13 08:48:51 | 0.619256    0.614890    0.000000    0.631228    nan         nan         nan         1.470591    0.619256    nan         0.614890    nan         0.638719    nan         0.623737    nan         2600        2.283707    1.320706    0.220385    64.986331   8.432520   
WARNING:root:NaN or Inf found in input tensor.
WARNING:root:NaN or Inf found in input tensor.
WARNING:root:NaN or Inf found in input tensor.
WARNING:root:NaN or Inf found in input tensor.
WARNING:root:NaN or Inf found in input tensor.
WARNING:root:NaN or Inf found in input tensor.
WARNING:root:NaN or Inf found in input tensor.
[36mINFO[0m 08/13 08:50:17 | 0.621630    0.623162    0.000000    0.628676    nan         nan         nan         1.500503    0.621630    nan         0.623162    nan         0.645911    nan         0.611440    nan         2700        2.371542    1.317634    0.220554    64.643855   8.432520   
WARNING:root:NaN or Inf found in input tensor.
WARNING:root:NaN or Inf found in input tensor.
WARNING:root:NaN or Inf found in input tensor.
WARNING:root:NaN or Inf found in input tensor.
WARNING:root:NaN or Inf found in input tensor.
WARNING:root:NaN or Inf found in input tensor.
WARNING:root:NaN or Inf found in input tensor.
[36mINFO[0m 08/13 08:51:44 | 0.615579    0.612439    0.000000    0.639869    nan         nan         nan         1.449034    0.615579    nan         0.612439    nan         0.655123    nan         0.624616    nan         2800        2.459376    1.313160    0.218746    64.758993   8.432520   
WARNING:root:NaN or Inf found in input tensor.
WARNING:root:NaN or Inf found in input tensor.
WARNING:root:NaN or Inf found in input tensor.
WARNING:root:NaN or Inf found in input tensor.
WARNING:root:NaN or Inf found in input tensor.
WARNING:root:NaN or Inf found in input tensor.
WARNING:root:NaN or Inf found in input tensor.
[36mINFO[0m 08/13 08:53:11 | 0.600260    0.603554    0.000000    0.632674    nan         nan         nan         1.482887    0.600260    nan         0.603554    nan         0.645123    nan         0.620224    nan         2900        2.547211    1.290943    0.220006    65.288818   8.432520   
WARNING:root:NaN or Inf found in input tensor.
WARNING:root:NaN or Inf found in input tensor.
WARNING:root:NaN or Inf found in input tensor.
WARNING:root:NaN or Inf found in input tensor.
WARNING:root:NaN or Inf found in input tensor.
WARNING:root:NaN or Inf found in input tensor.
WARNING:root:NaN or Inf found in input tensor.
[36mINFO[0m 08/13 08:54:39 | 0.629902    0.626838    0.000000    0.637296    nan         nan         nan         1.452495    0.629902    nan         0.626838    nan         0.652611    nan         0.621981    nan         3000        2.635046    1.267204    0.225527    64.957914   8.432520   
WARNING:root:NaN or Inf found in input tensor.
WARNING:root:NaN or Inf found in input tensor.
WARNING:root:NaN or Inf found in input tensor.
WARNING:root:NaN or Inf found in input tensor.
WARNING:root:NaN or Inf found in input tensor.
WARNING:root:NaN or Inf found in input tensor.
WARNING:root:NaN or Inf found in input tensor.
[36mINFO[0m 08/13 08:56:06 | 0.620711    0.623775    0.000000    0.640469    nan         nan         nan         1.440821    0.620711    nan         0.623775    nan         0.648966    nan         0.631972    nan         3100        2.722881    1.236281    0.219533    65.294480   8.432520   
WARNING:root:NaN or Inf found in input tensor.
WARNING:root:NaN or Inf found in input tensor.
WARNING:root:NaN or Inf found in input tensor.
WARNING:root:NaN or Inf found in input tensor.
WARNING:root:NaN or Inf found in input tensor.
WARNING:root:NaN or Inf found in input tensor.
WARNING:root:NaN or Inf found in input tensor.
[36mINFO[0m 08/13 08:57:33 | 0.620021    0.619485    0.000000    0.638170    nan         nan         nan         1.446749    0.620021    nan         0.619485    nan         0.659409    nan         0.616930    nan         3200        2.810716    1.235207    0.219295    64.495132   8.432520   
WARNING:root:NaN or Inf found in input tensor.
WARNING:root:NaN or Inf found in input tensor.
WARNING:root:NaN or Inf found in input tensor.
WARNING:root:NaN or Inf found in input tensor.
WARNING:root:NaN or Inf found in input tensor.
WARNING:root:NaN or Inf found in input tensor.
WARNING:root:NaN or Inf found in input tensor.
[36mINFO[0m 08/13 08:59:10 | 0.636795    0.653186    0.000000    0.641818    nan         nan         nan         1.459360    0.636795    nan         0.653186    nan         0.657044    nan         0.626592    nan         3300        2.898551    1.182463    0.219430    75.006603   8.432520   
WARNING:root:NaN or Inf found in input tensor.
WARNING:root:NaN or Inf found in input tensor.
WARNING:root:NaN or Inf found in input tensor.
WARNING:root:NaN or Inf found in input tensor.
WARNING:root:NaN or Inf found in input tensor.
WARNING:root:NaN or Inf found in input tensor.
WARNING:root:NaN or Inf found in input tensor.
[36mINFO[0m 08/13 09:01:25 | 0.620787    0.624081    0.000000    0.648271    nan         nan         nan         1.421561    0.620787    nan         0.624081    nan         0.660837    nan         0.635705    nan         3400        2.986386    1.188024    0.371188    98.587672   8.432520   
WARNING:root:NaN or Inf found in input tensor.
WARNING:root:NaN or Inf found in input tensor.
WARNING:root:NaN or Inf found in input tensor.
WARNING:root:NaN or Inf found in input tensor.
WARNING:root:NaN or Inf found in input tensor.
WARNING:root:NaN or Inf found in input tensor.
WARNING:root:NaN or Inf found in input tensor.
[36mINFO[0m 08/13 09:03:39 | 0.644914    0.630821    0.000000    0.647069    nan         nan         nan         1.410880    0.644914    nan         0.630821    nan         0.666010    nan         0.628129    nan         3500        3.074220    1.212353    0.369230    96.486566   8.432520   
WARNING:root:NaN or Inf found in input tensor.
WARNING:root:NaN or Inf found in input tensor.
WARNING:root:NaN or Inf found in input tensor.
WARNING:root:NaN or Inf found in input tensor.
WARNING:root:NaN or Inf found in input tensor.
WARNING:root:NaN or Inf found in input tensor.
WARNING:root:NaN or Inf found in input tensor.
[36mINFO[0m 08/13 09:05:53 | 0.633349    0.637255    0.000000    0.651134    nan         nan         nan         1.395144    0.633349    nan         0.637255    nan         0.666453    nan         0.635815    nan         3600        3.162055    1.195856    0.371339    97.565506   8.432520   
WARNING:root:NaN or Inf found in input tensor.
WARNING:root:NaN or Inf found in input tensor.
WARNING:root:NaN or Inf found in input tensor.
WARNING:root:NaN or Inf found in input tensor.
WARNING:root:NaN or Inf found in input tensor.
WARNING:root:NaN or Inf found in input tensor.
WARNING:root:NaN or Inf found in input tensor.
[36mINFO[0m 08/13 09:08:13 | 0.639017    0.643076    0.000000    0.649363    nan         nan         nan         1.402564    0.639017    nan         0.643076    nan         0.659507    nan         0.639218    nan         3700        3.249890    1.161565    0.389037    100.724987  8.432520   
WARNING:root:NaN or Inf found in input tensor.
WARNING:root:NaN or Inf found in input tensor.
WARNING:root:NaN or Inf found in input tensor.
WARNING:root:NaN or Inf found in input tensor.
WARNING:root:NaN or Inf found in input tensor.
WARNING:root:NaN or Inf found in input tensor.
WARNING:root:NaN or Inf found in input tensor.
[36mINFO[0m 08/13 09:10:30 | 0.640242    0.641850    0.000000    0.655992    nan         nan         nan         1.376772    0.640242    nan         0.641850    nan         0.664532    nan         0.647453    nan         3800        3.337725    1.150985    0.389339    97.649024   8.432520   
WARNING:root:NaN or Inf found in input tensor.
WARNING:root:NaN or Inf found in input tensor.
WARNING:root:NaN or Inf found in input tensor.
WARNING:root:NaN or Inf found in input tensor.
WARNING:root:NaN or Inf found in input tensor.
WARNING:root:NaN or Inf found in input tensor.
WARNING:root:NaN or Inf found in input tensor.
[36mINFO[0m 08/13 09:12:47 | 0.611979    0.618873    0.000000    0.641458    nan         nan         nan         1.442088    0.611979    nan         0.618873    nan         0.647980    nan         0.634936    nan         3900        3.425560    1.126395    0.373660    99.823504   8.432520   
WARNING:root:NaN or Inf found in input tensor.
WARNING:root:NaN or Inf found in input tensor.
WARNING:root:NaN or Inf found in input tensor.
WARNING:root:NaN or Inf found in input tensor.
WARNING:root:NaN or Inf found in input tensor.
WARNING:root:NaN or Inf found in input tensor.
WARNING:root:NaN or Inf found in input tensor.
[36mINFO[0m 08/13 09:15:03 | 0.635340    0.639093    0.000000    0.649476    nan         nan         nan         1.413343    0.635340    nan         0.639093    nan         0.662808    nan         0.636144    nan         4000        3.513395    1.140576    0.370321    99.350003   8.432520   
WARNING:root:NaN or Inf found in input tensor.
WARNING:root:NaN or Inf found in input tensor.
WARNING:root:NaN or Inf found in input tensor.
WARNING:root:NaN or Inf found in input tensor.
WARNING:root:NaN or Inf found in input tensor.
WARNING:root:NaN or Inf found in input tensor.
WARNING:root:NaN or Inf found in input tensor.
[36mINFO[0m 08/13 09:17:21 | 0.625689    0.622549    0.000000    0.656640    nan         nan         nan         1.392092    0.625689    nan         0.622549    nan         0.673842    nan         0.639438    nan         4100        3.601230    1.166662    0.369026    100.683280  8.432520   
WARNING:root:NaN or Inf found in input tensor.
WARNING:root:NaN or Inf found in input tensor.
WARNING:root:NaN or Inf found in input tensor.
WARNING:root:NaN or Inf found in input tensor.
WARNING:root:NaN or Inf found in input tensor.
WARNING:root:NaN or Inf found in input tensor.
WARNING:root:NaN or Inf found in input tensor.
[36mINFO[0m 08/13 09:19:34 | 0.625000    0.629902    0.000000    0.660700    nan         nan         nan         1.367862    0.625000    nan         0.629902    nan         0.681084    nan         0.640316    nan         4200        3.689065    1.159184    0.369972    95.994793   8.432520   
WARNING:root:NaN or Inf found in input tensor.
WARNING:root:NaN or Inf found in input tensor.
WARNING:root:NaN or Inf found in input tensor.
WARNING:root:NaN or Inf found in input tensor.
WARNING:root:NaN or Inf found in input tensor.
WARNING:root:NaN or Inf found in input tensor.
WARNING:root:NaN or Inf found in input tensor.
[36mINFO[0m 08/13 09:21:49 | 0.654412    0.660233    0.000000    0.664304    nan         nan         nan         1.359112    0.654412    nan         0.660233    nan         0.679507    nan         0.649100    nan         4300        3.776899    1.088027    0.378548    97.623236   8.432520   
WARNING:root:NaN or Inf found in input tensor.
WARNING:root:NaN or Inf found in input tensor.
WARNING:root:NaN or Inf found in input tensor.
WARNING:root:NaN or Inf found in input tensor.
WARNING:root:NaN or Inf found in input tensor.
WARNING:root:NaN or Inf found in input tensor.
WARNING:root:NaN or Inf found in input tensor.
[36mINFO[0m 08/13 09:24:03 | 0.636489    0.642157    0.000000    0.655382    nan         nan         nan         1.404846    0.636489    nan         0.642157    nan         0.670887    nan         0.639877    nan         4400        3.864734    1.096935    0.381624    95.030313   8.432520   
WARNING:root:NaN or Inf found in input tensor.
WARNING:root:NaN or Inf found in input tensor.
WARNING:root:NaN or Inf found in input tensor.
WARNING:root:NaN or Inf found in input tensor.
WARNING:root:NaN or Inf found in input tensor.
WARNING:root:NaN or Inf found in input tensor.
WARNING:root:NaN or Inf found in input tensor.
[36mINFO[0m 08/13 09:26:14 | 0.646906    0.662684    0.000000    0.660361    nan         nan         nan         1.344764    0.646906    nan         0.662684    nan         0.663498    nan         0.657224    nan         4500        3.952569    1.134009    0.381960    92.815108   8.432520   
WARNING:root:NaN or Inf found in input tensor.
WARNING:root:NaN or Inf found in input tensor.
WARNING:root:NaN or Inf found in input tensor.
WARNING:root:NaN or Inf found in input tensor.
WARNING:root:NaN or Inf found in input tensor.
WARNING:root:NaN or Inf found in input tensor.
WARNING:root:NaN or Inf found in input tensor.
[36mINFO[0m 08/13 09:28:28 | 0.626685    0.629902    0.000000    0.657711    nan         nan         nan         1.351845    0.626685    nan         0.629902    nan         0.668079    nan         0.647343    nan         4600        4.040404    1.087601    0.363255    98.320202   8.432520   
WARNING:root:NaN or Inf found in input tensor.
WARNING:root:NaN or Inf found in input tensor.
WARNING:root:NaN or Inf found in input tensor.
WARNING:root:NaN or Inf found in input tensor.
WARNING:root:NaN or Inf found in input tensor.
WARNING:root:NaN or Inf found in input tensor.
WARNING:root:NaN or Inf found in input tensor.
[36mINFO[0m 08/13 09:30:40 | 0.632736    0.641850    0.000000    0.660658    nan         nan         nan         1.352619    0.632736    nan         0.641850    nan         0.668374    nan         0.652942    nan         4700        4.128239    1.070122    0.365170    95.188693   8.432520   
WARNING:root:NaN or Inf found in input tensor.
WARNING:root:NaN or Inf found in input tensor.
WARNING:root:NaN or Inf found in input tensor.
WARNING:root:NaN or Inf found in input tensor.
WARNING:root:NaN or Inf found in input tensor.
WARNING:root:NaN or Inf found in input tensor.
WARNING:root:NaN or Inf found in input tensor.
[36mINFO[0m 08/13 09:32:55 | 0.663143    0.672181    0.000000    0.671263    nan         nan         nan         1.308848    0.663143    nan         0.672181    nan         0.682118    nan         0.660408    nan         4800        4.216074    1.073030    0.369794    98.118307   8.432520   
WARNING:root:NaN or Inf found in input tensor.
WARNING:root:NaN or Inf found in input tensor.
WARNING:root:NaN or Inf found in input tensor.
WARNING:root:NaN or Inf found in input tensor.
WARNING:root:NaN or Inf found in input tensor.
WARNING:root:NaN or Inf found in input tensor.
WARNING:root:NaN or Inf found in input tensor.
[36mINFO[0m 08/13 09:35:02 | 0.641161    0.651348    0.000000    0.665423    nan         nan         nan         1.343345    0.641161    nan         0.651348    nan         0.680099    nan         0.650747    nan         4900        4.303909    1.071544    0.375049    89.289544   8.432520   
WARNING:root:NaN or Inf found in input tensor.
WARNING:root:NaN or Inf found in input tensor.
WARNING:root:NaN or Inf found in input tensor.
WARNING:root:NaN or Inf found in input tensor.
WARNING:root:NaN or Inf found in input tensor.
WARNING:root:NaN or Inf found in input tensor.
WARNING:root:NaN or Inf found in input tensor.
[36mINFO[0m 08/13 09:37:11 | 0.641774    0.646752    0.000000    0.669204    nan         nan         nan         1.352241    0.641774    nan         0.646752    nan         0.677340    nan         0.661067    nan         5000        4.391744    1.033030    0.389880    90.094503   8.432520   
WARNING:root:NaN or Inf found in input tensor.
WARNING:root:NaN or Inf found in input tensor.
WARNING:root:NaN or Inf found in input tensor.
WARNING:root:NaN or Inf found in input tensor.
WARNING:root:NaN or Inf found in input tensor.
WARNING:root:NaN or Inf found in input tensor.
WARNING:root:NaN or Inf found in input tensor.
[36mINFO[0m 08/13 09:37:11 | ---
[36mINFO[0m 08/13 09:37:11 | oracle = 66.314%
[36mINFO[0m 08/13 09:37:11 | iid = 66.314%
[36mINFO[0m 08/13 09:37:11 | last = 64.177%
[36mINFO[0m 08/13 09:37:11 | last (inD) = 66.920%
[36mINFO[0m 08/13 09:37:11 | iid (inD) = 67.126%
[36mINFO[0m 08/13 09:37:12 | 
[36mINFO[0m 08/13 09:37:15 | Testenv name escaping te_quickdraw -> te_quickdraw
[36mINFO[0m 08/13 09:37:15 | Test envs = [1], name = te_quickdraw
[36mINFO[0m 08/13 09:37:15 | Batch sizes for each domain: [32, 0, 32] (total=64)
[36mINFO[0m 08/13 09:37:15 | steps-per-epoch for each domain: 408.00, 1138.50 -> min = 408.00
[36mINFO[0m 08/13 09:37:17 | # of params = 23923979
[36mINFO[0m 08/13 09:41:18 | test_in     test_out    train_in    train_out   test_in_au  train_out_  tr_outloss  test_out_a  env0_out    env0_out_a  env1_in     env1_in_au  env1_out    env1_out_a  env2_out    env2_out_a  step        epoch       loss        step_time   eval_time   mem_gb     
[36mINFO[0m 08/13 09:41:18 | 0.004212    0.004089    0.000000    0.006141    nan         nan         5.347910    nan         0.004596    nan         0.004212    nan         0.004089    nan         0.007686    nan         0           0.000000    5.305278    0.240172    240.313763  8.247475   
WARNING:root:NaN or Inf found in input tensor.
WARNING:root:NaN or Inf found in input tensor.
WARNING:root:NaN or Inf found in input tensor.
WARNING:root:NaN or Inf found in input tensor.
WARNING:root:NaN or Inf found in input tensor.
WARNING:root:NaN or Inf found in input tensor.
WARNING:root:NaN or Inf found in input tensor.
[36mINFO[0m 08/13 09:45:50 | 0.062081    0.065025    0.000000    0.164091    nan         nan         3.945259    nan         0.157782    nan         0.062081    nan         0.065025    nan         0.170400    nan         100         0.245098    4.892968    0.366729    235.646307  8.431300   
WARNING:root:NaN or Inf found in input tensor.
WARNING:root:NaN or Inf found in input tensor.
WARNING:root:NaN or Inf found in input tensor.
WARNING:root:NaN or Inf found in input tensor.
WARNING:root:NaN or Inf found in input tensor.
WARNING:root:NaN or Inf found in input tensor.
WARNING:root:NaN or Inf found in input tensor.
[36mINFO[0m 08/13 09:50:24 | 0.136047    0.136847    0.000000    0.385794    nan         nan         2.615417    nan         0.428922    nan         0.136047    nan         0.136847    nan         0.342666    nan         200         0.490196    3.165499    0.379773    236.595992  8.431300   
WARNING:root:NaN or Inf found in input tensor.
WARNING:root:NaN or Inf found in input tensor.
WARNING:root:NaN or Inf found in input tensor.
WARNING:root:NaN or Inf found in input tensor.
WARNING:root:NaN or Inf found in input tensor.
WARNING:root:NaN or Inf found in input tensor.
WARNING:root:NaN or Inf found in input tensor.
[36mINFO[0m 08/13 09:54:58 | 0.192254    0.193251    0.000000    0.485505    nan         nan         2.152941    nan         0.552696    nan         0.192254    nan         0.193251    nan         0.418314    nan         300         0.735294    2.235986    0.381168    235.475537  8.431300   
WARNING:root:NaN or Inf found in input tensor.
WARNING:root:NaN or Inf found in input tensor.
WARNING:root:NaN or Inf found in input tensor.
WARNING:root:NaN or Inf found in input tensor.
WARNING:root:NaN or Inf found in input tensor.
WARNING:root:NaN or Inf found in input tensor.
WARNING:root:NaN or Inf found in input tensor.
[36mINFO[0m 08/13 09:59:26 | 0.218227    0.221281    0.000000    0.545646    nan         nan         1.860841    nan         0.619179    nan         0.218227    nan         0.221281    nan         0.472112    nan         400         0.980392    1.984127    0.369022    230.732645  8.431300   
WARNING:root:NaN or Inf found in input tensor.
WARNING:root:NaN or Inf found in input tensor.
WARNING:root:NaN or Inf found in input tensor.
WARNING:root:NaN or Inf found in input tensor.
WARNING:root:NaN or Inf found in input tensor.
WARNING:root:NaN or Inf found in input tensor.
WARNING:root:NaN or Inf found in input tensor.
[36mINFO[0m 08/13 10:03:56 | 0.234138    0.234286    0.000000    0.569484    nan         nan         1.758520    nan         0.643689    nan         0.234138    nan         0.234286    nan         0.495279    nan         500         1.225490    1.766886    0.369688    233.635421  8.431300   
WARNING:root:NaN or Inf found in input tensor.
WARNING:root:NaN or Inf found in input tensor.
WARNING:root:NaN or Inf found in input tensor.
WARNING:root:NaN or Inf found in input tensor.
WARNING:root:NaN or Inf found in input tensor.
WARNING:root:NaN or Inf found in input tensor.
WARNING:root:NaN or Inf found in input tensor.
[36mINFO[0m 08/13 10:08:24 | 0.252956    0.255862    0.000000    0.573044    nan         nan         1.780851    nan         0.648284    nan         0.252956    nan         0.255862    nan         0.497804    nan         600         1.470588    1.659720    0.384550    229.270413  8.431300   
WARNING:root:NaN or Inf found in input tensor.
WARNING:root:NaN or Inf found in input tensor.
WARNING:root:NaN or Inf found in input tensor.
WARNING:root:NaN or Inf found in input tensor.
WARNING:root:NaN or Inf found in input tensor.
WARNING:root:NaN or Inf found in input tensor.
WARNING:root:NaN or Inf found in input tensor.
[36mINFO[0m 08/13 10:12:49 | 0.273805    0.277635    0.000000    0.601890    nan         nan         1.615371    nan         0.678309    nan         0.273805    nan         0.277635    nan         0.525472    nan         700         1.715686    1.542916    0.376334    227.312472  8.431300   
WARNING:root:NaN or Inf found in input tensor.
WARNING:root:NaN or Inf found in input tensor.
WARNING:root:NaN or Inf found in input tensor.
WARNING:root:NaN or Inf found in input tensor.
WARNING:root:NaN or Inf found in input tensor.
WARNING:root:NaN or Inf found in input tensor.
WARNING:root:NaN or Inf found in input tensor.
[36mINFO[0m 08/13 10:17:18 | 0.277328    0.282020    0.000000    0.624425    nan         nan         1.518146    nan         0.700980    nan         0.277328    nan         0.282020    nan         0.547870    nan         800         1.960784    1.433471    0.369883    231.694553  8.431300   
WARNING:root:NaN or Inf found in input tensor.
WARNING:root:NaN or Inf found in input tensor.
WARNING:root:NaN or Inf found in input tensor.
WARNING:root:NaN or Inf found in input tensor.
WARNING:root:NaN or Inf found in input tensor.
WARNING:root:NaN or Inf found in input tensor.
WARNING:root:NaN or Inf found in input tensor.
