Algorithm: ALOFT_S
Physical GPU: 3
Seeds: [0, 1, 2, 3, 4]
Dataset: /home/s21_yhr/lzh/DomainBed-new/dataset/HTP

================================================================================
Starting ALOFT_S, seed=0, physical GPU=3
/home/s21_yhr/miniconda3/envs/GGA/bin/python /home/s21_yhr/lzh/DomainBed-new/train_all.py HTP_ALOFT_S_seed0 --dataset HTP --data_dir /home/s21_yhr/lzh/DomainBed-new/dataset --algorithm ALOFT_S --steps 5000 --checkpoint_freq 100 --batch_size 32 --optimizer adam --lr 5e-5 --weight_decay 0 --resnet_dropout 0 --resnet18 False --pretrained True --freeze_bn True --swad False --seed 0 --trial_seed 0 --deterministic --prebuild_loader --cache_size 640 --aloft_alpha 0.9 --aloft_mask_ratio 0.5 --aloft_perturb_prob 1.0
================================================================================
[36mINFO[0m 08/01 09:32:10 | Command :: /home/s21_yhr/lzh/DomainBed-new/train_all.py HTP_ALOFT_S_seed0 --dataset HTP --data_dir /home/s21_yhr/lzh/DomainBed-new/dataset --algorithm ALOFT_S --steps 5000 --checkpoint_freq 100 --batch_size 32 --optimizer adam --lr 5e-5 --weight_decay 0 --resnet_dropout 0 --resnet18 False --pretrained True --freeze_bn True --swad False --seed 0 --trial_seed 0 --deterministic --prebuild_loader --cache_size 640 --aloft_alpha 0.9 --aloft_mask_ratio 0.5 --aloft_perturb_prob 1.0
Environment:
	Python: 3.11.15
	PyTorch: 2.11.0+cu128
	Torchvision: 0.26.0+cu128
	CUDA: 12.8
	CUDNN: 91900
	NumPy: 1.26.4
	PIL: 12.2.0
Args:
	algorithm: ALOFT_S
	batch_size: 32
	cache_root: cache
	cache_size: 640
	checkpoint_freq: 100
	configs: []
	data_dir: /home/s21_yhr/lzh/DomainBed-new/dataset
	dataset: HTP
	debug: False
	deterministic: True
	end_step: 200
	evalmode: fast
	extra_search: n
	extra_search_end: None
	extra_search_start: None
	gga_l_gamma: 0.001
	grad_fn: sum
	holdout_fraction: 0.2
	model_save: None
	name: HTP_ALOFT_S_seed0
	neighborhoodSize: 1e-06
	out_dir: train_output/HTP/260801_09-32-10_HTP_ALOFT_S_seed0
	out_root: train_output/HTP
	prebuild_loader: True
	seed: 0
	show: False
	start_step: 100
	steps: 5000
	tb_freq: 10
	test_envs: None
	train_output: train_output
	trial_seed: 0
	unique_name: 260801_09-32-10_HTP_ALOFT_S_seed0
	work_dir: .
HParams:
	data_augmentation: True
	val_augment: False
	[36mresnet18: False
	[0m[36mresnet_dropout: 0
	[0mclass_balanced: False
	[36moptimizer: adam
	[0m[36mfreeze_bn: True
	[0m[36mpretrained: True
	[0m[36mlr: 5e-05
	[0mbatch_size: 32
	[36mweight_decay: 0
	[0m[36maloft_alpha: 0.9
	[0m[36maloft_mask_ratio: 0.5
	[0m[36maloft_perturb_prob: 1.0
	[0maloft_positions: 
	  - layer1
	  - layer2
	  - layer3
	[36mswad: False
	[0mswad_kwargs: 
	  n_converge: 3
	  n_tolerance: 6
	  tolerance_ratio: 0.3
	test_batchsize: 128
	indomain_test: False
	grad_fn: sum
	extra_search: n
	logdir: train_output/HTP/260801_09-32-10_HTP_ALOFT_S_seed0
	neighborhoodSize: 1e-06
	start_step: 100
	end_step: 200
	extra_search_start: None
	extra_search_end: None
	gga_l_gamma: 0.001
Dataset:
	[HTP] #envs=3, #classes=2
	env0: 00 (#367)
	env1: 01 (#523)
	env2: 02 (#274)

[36mINFO[0m 08/01 09:32:15 | n_steps = 5000
[36mINFO[0m 08/01 09:32:15 | checkpoint_freq = 100
[36mINFO[0m 08/01 09:32:15 | n_steps is updated to 5000 => 5001 for checkpointing
[36mINFO[0m 08/01 09:32:15 | Target test envs = [[0], [1], [2]]
[36mINFO[0m 08/01 09:32:15 | 
[36mINFO[0m 08/01 09:32:15 | Testenv name escaping te_00 -> te_00
[36mINFO[0m 08/01 09:32:15 | Test envs = [0], name = te_00
[36mINFO[0m 08/01 09:32:15 | Batch sizes for each domain: [0, 32, 32] (total=64)
[36mINFO[0m 08/01 09:32:15 | steps-per-epoch for each domain: 13.09, 6.88 -> min = 6.88
/home/s21_yhr/miniconda3/envs/GGA/lib/python3.11/site-packages/torchvision/models/_utils.py:208: UserWarning: The parameter 'pretrained' is deprecated since 0.13 and may be removed in the future, please use 'weights' instead.
  warnings.warn(
/home/s21_yhr/miniconda3/envs/GGA/lib/python3.11/site-packages/torchvision/models/_utils.py:223: UserWarning: Arguments other than a weight enum or `None` for 'weights' are deprecated since 0.13 and may be removed in the future. The current behavior is equivalent to passing `weights=ResNet50_Weights.IMAGENET1K_V1`. You can also use `weights=ResNet50_Weights.DEFAULT` to get the most up-to-date weights.
  warnings.warn(msg)
[36mINFO[0m 08/01 09:32:19 | # of params = 23512130
[36mINFO[0m 08/01 09:32:21 | test_in     test_out    train_in    train_out   test_in_au  test_out_a  train_out_  tr_outloss  env0_in     env0_in_au  env0_out    env0_out_a  env1_out    env1_out_a  env2_out    env2_out_a  step        epoch       loss        step_time   eval_time   mem_gb     
[36mINFO[0m 08/01 09:32:21 | 0.571429    0.589041    0.000000    0.566239    0.505055    0.521705    0.733333    0.768142    0.571429    0.505055    0.589041    0.521705    0.576923    0.775000    0.555556    0.691667    0           0.000000    0.726476    0.833668    0.612579    8.219685   
[36mINFO[0m 08/01 09:32:40 | 0.564626    0.547945    0.000000    0.694979    0.546674    0.482171    0.813068    0.533126    0.564626    0.546674    0.547945    0.482171    0.778846    0.934470    0.611111    0.691667    100         14.545455   0.594406    0.190608    0.402094    8.400243   
[36mINFO[0m 08/01 09:33:00 | 0.530612    0.547945    0.000000    0.742699    0.545257    0.497674    0.778598    0.799872    0.530612    0.545257    0.547945    0.497674    0.855769    0.915530    0.629630    0.641667    200         29.090909   0.406440    0.190894    0.396954    8.400243   
[36mINFO[0m 08/01 09:33:19 | 0.547619    0.493151    0.000000    0.733796    0.536139    0.458140    0.764646    1.024858    0.547619    0.536139    0.493151    0.458140    0.875000    0.922348    0.592593    0.606944    300         43.636364   0.256042    0.190649    0.403488    8.400243   
[36mINFO[0m 08/01 09:33:39 | 0.561224    0.520548    0.000000    0.681624    0.533541    0.481395    0.762753    1.159056    0.561224    0.533541    0.520548    0.481395    0.807692    0.926894    0.555556    0.598611    400         58.181818   0.220469    0.190845    0.398992    8.400243   
[36mINFO[0m 08/01 09:33:58 | 0.506803    0.534247    0.000000    0.671296    0.511716    0.462791    0.739205    1.385369    0.506803    0.511716    0.534247    0.462791    0.750000    0.882576    0.592593    0.595833    500         72.727273   0.182157    0.190871    0.393674    8.400243   
[36mINFO[0m 08/01 09:34:18 | 0.554422    0.506849    0.000000    0.686075    0.549887    0.471318    0.738889    1.369486    0.554422    0.549887    0.506849    0.471318    0.798077    0.900000    0.574074    0.577778    600         87.272727   0.137472    0.190206    0.393729    8.400243   
[36mINFO[0m 08/01 09:34:37 | 0.554422    0.506849    0.000000    0.700142    0.547005    0.444961    0.721970    1.692940    0.554422    0.547005    0.506849    0.444961    0.807692    0.902273    0.592593    0.541667    700         101.818182  0.144674    0.190098    0.401304    8.400243   
[36mINFO[0m 08/01 09:34:56 | 0.554422    0.534247    0.000000    0.723113    0.559713    0.496124    0.747096    1.414383    0.554422    0.559713    0.534247    0.496124    0.798077    0.880303    0.648148    0.613889    800         116.363636  0.108953    0.190382    0.394494    8.400243   
[36mINFO[0m 08/01 09:35:16 | 0.557823    0.547945    0.000000    0.704594    0.547902    0.484496    0.757134    1.362403    0.557823    0.547902    0.547945    0.484496    0.798077    0.912879    0.611111    0.601389    900         130.909091  0.121620    0.190374    0.392940    8.400243   
[36mINFO[0m 08/01 09:35:35 | 0.530612    0.589041    0.000000    0.713853    0.540391    0.496124    0.764520    1.588833    0.530612    0.540391    0.589041    0.496124    0.798077    0.919318    0.629630    0.609722    1000        145.454545  0.091010    0.190725    0.402798    8.400243   
[36mINFO[0m 08/01 09:35:55 | 0.534014    0.547945    0.000000    0.723469    0.542800    0.410078    0.759848    1.688590    0.534014    0.542800    0.547945    0.410078    0.817308    0.898864    0.629630    0.620833    1100        160.000000  0.118294    0.190425    0.405185    8.400243   
[36mINFO[0m 08/01 09:36:14 | 0.540816    0.438356    0.000000    0.662749    0.549934    0.428682    0.735701    2.301172    0.540816    0.549934    0.438356    0.428682    0.788462    0.894318    0.537037    0.577083    1200        174.545455  0.092544    0.190703    0.398551    8.400243   
[36mINFO[0m 08/01 09:36:34 | 0.561224    0.493151    0.000000    0.685719    0.548186    0.466667    0.772917    1.960003    0.561224    0.548186    0.493151    0.466667    0.778846    0.916667    0.592593    0.629167    1300        189.090909  0.093629    0.190447    0.384875    8.400243   
[36mINFO[0m 08/01 09:36:53 | 0.547619    0.520548    0.000000    0.699786    0.558059    0.459302    0.766888    2.063160    0.547619    0.558059    0.520548    0.459302    0.788462    0.888636    0.611111    0.645139    1400        203.636364  0.078382    0.190402    0.402413    8.400243   
[36mINFO[0m 08/01 09:37:13 | 0.534014    0.493151    0.000000    0.704238    0.562972    0.448062    0.750505    1.891567    0.534014    0.562972    0.493151    0.448062    0.778846    0.891288    0.629630    0.609722    1500        218.181818  0.079529    0.190193    0.403161    8.400243   
[36mINFO[0m 08/01 09:37:32 | 0.551020    0.534247    0.000000    0.703882    0.559429    0.451938    0.730745    2.037752    0.551020    0.559429    0.534247    0.451938    0.759615    0.879545    0.648148    0.581944    1600        232.727273  0.085372    0.190307    0.383074    8.400243   
[36mINFO[0m 08/01 09:37:51 | 0.544218    0.479452    0.000000    0.722756    0.536848    0.404651    0.731755    2.070055    0.544218    0.536848    0.479452    0.404651    0.778846    0.878788    0.666667    0.584722    1700        247.272727  0.081693    0.190088    0.380498    8.400243   
[36mINFO[0m 08/01 09:38:11 | 0.544218    0.520548    0.000000    0.732728    0.538076    0.431783    0.758775    2.047283    0.544218    0.538076    0.520548    0.431783    0.817308    0.885606    0.648148    0.631944    1800        261.818182  0.075160    0.190465    0.397697    8.400243   
[36mINFO[0m 08/01 09:38:30 | 0.530612    0.589041    0.000000    0.714209    0.562831    0.483721    0.732702    1.647611    0.530612    0.562831    0.589041    0.483721    0.817308    0.897348    0.611111    0.568056    1900        276.363636  0.072322    0.190191    0.393421    8.400243   
[36mINFO[0m 08/01 09:38:50 | 0.564626    0.589041    0.000000    0.699430    0.561697    0.483721    0.728472    1.745445    0.564626    0.561697    0.589041    0.483721    0.769231    0.875000    0.629630    0.581944    2000        290.909091  0.081516    0.190563    0.381510    8.400243   
[36mINFO[0m 08/01 09:39:09 | 0.554422    0.506849    0.000000    0.732728    0.552201    0.413953    0.740909    1.723316    0.554422    0.552201    0.506849    0.413953    0.817308    0.881818    0.648148    0.600000    2100        305.454545  0.077355    0.190301    0.385237    8.400243   
[36mINFO[0m 08/01 09:39:29 | 0.534014    0.520548    0.000000    0.685719    0.566917    0.474419    0.755492    2.032746    0.534014    0.566917    0.520548    0.474419    0.778846    0.885985    0.592593    0.625000    2200        320.000000  0.064198    0.190426    0.395458    8.400243   
[36mINFO[0m 08/01 09:39:48 | 0.561224    0.575342    0.000000    0.695335    0.564224    0.486434    0.719665    2.683222    0.561224    0.564224    0.575342    0.486434    0.798077    0.896970    0.592593    0.542361    2300        334.545455  0.059160    0.190484    0.396385    8.400243   
[36mINFO[0m 08/01 09:40:07 | 0.547619    0.520548    0.000000    0.704238    0.552178    0.443411    0.732197    2.775096    0.547619    0.552178    0.520548    0.443411    0.778846    0.889394    0.629630    0.575000    2400        349.090909  0.063292    0.190312    0.384196    8.400243   
[36mINFO[0m 08/01 09:40:27 | 0.523810    0.575342    0.000000    0.675748    0.545777    0.513953    0.724621    2.233761    0.523810    0.545777    0.575342    0.513953    0.740385    0.870076    0.611111    0.579167    2500        363.636364  0.061604    0.190263    0.384043    8.400243   
[36mINFO[0m 08/01 09:40:46 | 0.523810    0.602740    0.000000    0.709402    0.558532    0.501550    0.756629    1.850596    0.523810    0.558532    0.602740    0.501550    0.807692    0.917424    0.611111    0.595833    2600        378.181818  0.067833    0.190497    0.399750    8.400243   
[36mINFO[0m 08/01 09:41:06 | 0.544218    0.534247    0.000000    0.691239    0.560539    0.489147    0.761648    2.070339    0.544218    0.560539    0.534247    0.489147    0.826923    0.925379    0.555556    0.597917    2700        392.727273  0.065395    0.190650    0.398401    8.400243   
[36mINFO[0m 08/01 09:41:25 | 0.544218    0.547945    0.000000    0.694979    0.570838    0.493798    0.719287    2.571084    0.544218    0.570838    0.547945    0.493798    0.778846    0.850379    0.611111    0.588194    2800        407.272727  0.052777    0.190522    0.387476    8.400243   
[36mINFO[0m 08/01 09:41:45 | 0.544218    0.506849    0.000000    0.666845    0.581538    0.480620    0.713826    2.851594    0.544218    0.581538    0.506849    0.480620    0.759615    0.865152    0.574074    0.562500    2900        421.818182  0.051993    0.190775    0.384621    8.400243   
[36mINFO[0m 08/01 09:42:04 | 0.537415    0.547945    0.000000    0.680912    0.565146    0.476357    0.744918    2.842502    0.537415    0.565146    0.547945    0.476357    0.769231    0.873864    0.592593    0.615972    3000        436.363636  0.049329    0.190360    0.394480    8.400243   
[36mINFO[0m 08/01 09:42:24 | 0.554422    0.465753    0.000000    0.675748    0.583947    0.416279    0.721338    2.337912    0.554422    0.583947    0.465753    0.416279    0.740385    0.870455    0.611111    0.572222    3100        450.909091  0.056453    0.190231    0.409276    8.400243   
[36mINFO[0m 08/01 09:42:43 | 0.547619    0.534247    0.000000    0.703882    0.553949    0.453488    0.726641    2.189105    0.547619    0.553949    0.534247    0.453488    0.759615    0.860227    0.648148    0.593056    3200        465.454545  0.051306    0.190274    0.390943    8.400243   
[36mINFO[0m 08/01 09:43:03 | 0.557823    0.506849    0.000000    0.708689    0.581515    0.428295    0.738194    2.931080    0.557823    0.581515    0.506849    0.428295    0.769231    0.883333    0.648148    0.593056    3300        480.000000  0.054365    0.190691    0.382556    8.400243   
[36mINFO[0m 08/01 09:43:22 | 0.534014    0.520548    0.000000    0.699786    0.544265    0.415504    0.710606    2.550385    0.534014    0.544265    0.520548    0.415504    0.788462    0.875379    0.611111    0.545833    3400        494.545455  0.056262    0.190234    0.392641    8.400243   
[36mINFO[0m 08/01 09:43:41 | 0.534014    0.506849    0.000000    0.718305    0.550973    0.468217    0.707071    3.866689    0.534014    0.550973    0.506849    0.468217    0.788462    0.836364    0.648148    0.577778    3500        509.090909  0.049754    0.190400    0.391872    8.400243   
[36mINFO[0m 08/01 09:44:01 | 0.544218    0.547945    0.000000    0.704594    0.565949    0.457752    0.744381    2.532463    0.544218    0.565949    0.547945    0.457752    0.798077    0.890152    0.611111    0.598611    3600        523.636364  0.051323    0.190358    0.388498    8.400243   
[36mINFO[0m 08/01 09:44:20 | 0.540816    0.534247    0.000000    0.703882    0.567744    0.468992    0.713258    2.769108    0.540816    0.567744    0.534247    0.468992    0.759615    0.868182    0.648148    0.558333    3700        538.181818  0.047108    0.190313    0.388882    8.400243   
[36mINFO[0m 08/01 09:44:40 | 0.551020    0.493151    0.000000    0.695691    0.554233    0.483721    0.747159    2.309058    0.551020    0.554233    0.493151    0.483721    0.817308    0.906818    0.574074    0.587500    3800        552.727273  0.055260    0.190370    0.395004    8.400243   
[36mINFO[0m 08/01 09:44:59 | 0.544218    0.575342    0.000000    0.694623    0.576436    0.511628    0.722980    2.470734    0.544218    0.576436    0.575342    0.511628    0.759615    0.847348    0.629630    0.598611    3900        567.272727  0.048935    0.190053    0.388109    8.400243   
[36mINFO[0m 08/01 09:45:19 | 0.534014    0.561644    0.000000    0.704594    0.566303    0.509302    0.746465    1.962345    0.534014    0.566303    0.561644    0.509302    0.798077    0.894318    0.611111    0.598611    4000        581.818182  0.043087    0.190143    0.391018    8.400243   
[36mINFO[0m 08/01 09:45:38 | 0.506803    0.589041    0.000000    0.694266    0.553619    0.509302    0.717929    2.429363    0.506803    0.553619    0.589041    0.509302    0.740385    0.863636    0.648148    0.572222    4100        596.363636  0.042941    0.190186    0.399358    8.400243   
[36mINFO[0m 08/01 09:45:57 | 0.554422    0.520548    0.000000    0.699430    0.560185    0.465891    0.717551    2.195175    0.554422    0.560185    0.520548    0.465891    0.769231    0.862879    0.629630    0.572222    4200        610.909091  0.050241    0.190732    0.428220    8.400243   
[36mINFO[0m 08/01 09:46:17 | 0.554422    0.452055    0.000000    0.718661    0.574381    0.440310    0.759280    2.199222    0.554422    0.574381    0.452055    0.440310    0.807692    0.918561    0.629630    0.600000    4300        625.454545  0.046859    0.191450    0.393293    8.400243   
[36mINFO[0m 08/01 09:46:36 | 0.554422    0.534247    0.000000    0.713497    0.559288    0.505426    0.755777    2.262649    0.554422    0.559288    0.534247    0.505426    0.778846    0.901136    0.648148    0.610417    4400        640.000000  0.044828    0.190442    0.390031    8.400243   
[36mINFO[0m 08/01 09:46:56 | 0.557823    0.493151    0.000000    0.681268    0.553571    0.435271    0.706944    2.590818    0.557823    0.553571    0.493151    0.435271    0.788462    0.875000    0.574074    0.538889    4500        654.545455  0.052700    0.190244    0.388345    8.400243   
[36mINFO[0m 08/01 09:47:15 | 0.557823    0.547945    0.000000    0.703882    0.560823    0.475194    0.741067    2.690934    0.557823    0.560823    0.547945    0.475194    0.759615    0.873106    0.648148    0.609028    4600        669.090909  0.052631    0.190702    0.400412    8.400243   
[36mINFO[0m 08/01 09:47:35 | 0.517007    0.506849    0.000000    0.699430    0.541383    0.486822    0.761742    2.594651    0.517007    0.541383    0.506849    0.486822    0.769231    0.894318    0.629630    0.629167    4700        683.636364  0.039254    0.190321    0.397321    8.400243   
[36mINFO[0m 08/01 09:47:54 | 0.489796    0.506849    0.000000    0.671652    0.551918    0.501550    0.725947    2.179685    0.489796    0.551918    0.506849    0.501550    0.769231    0.856061    0.574074    0.595833    4800        698.181818  0.039151    0.190695    0.404462    8.400243   
[36mINFO[0m 08/01 09:48:14 | 0.537415    0.452055    0.000000    0.713497    0.575043    0.434884    0.740657    2.524831    0.537415    0.575043    0.452055    0.434884    0.778846    0.867424    0.648148    0.613889    4900        712.727273  0.050600    0.190418    0.390435    8.400243   
[36mINFO[0m 08/01 09:48:33 | 0.537415    0.547945    0.000000    0.713853    0.567791    0.456589    0.728788    3.038985    0.537415    0.567791    0.547945    0.456589    0.798077    0.849242    0.629630    0.608333    5000        727.272727  0.038640    0.190236    0.388382    8.400243   
[36mINFO[0m 08/01 09:48:33 | ---
[36mINFO[0m 08/01 09:48:33 | oracle = 52.381%
[36mINFO[0m 08/01 09:48:33 | iid = 53.061%
[36mINFO[0m 08/01 09:48:33 | last = 53.741%
[36mINFO[0m 08/01 09:48:33 | last (inD) = 71.385%
[36mINFO[0m 08/01 09:48:33 | iid (inD) = 74.270%
[36mINFO[0m 08/01 09:48:34 | 
[36mINFO[0m 08/01 09:48:34 | Testenv name escaping te_01 -> te_01
[36mINFO[0m 08/01 09:48:34 | Test envs = [1], name = te_01
[36mINFO[0m 08/01 09:48:34 | Batch sizes for each domain: [32, 0, 32] (total=64)
[36mINFO[0m 08/01 09:48:34 | steps-per-epoch for each domain: 9.19, 6.88 -> min = 6.88
/home/s21_yhr/miniconda3/envs/GGA/lib/python3.11/site-packages/torchvision/models/_utils.py:208: UserWarning: The parameter 'pretrained' is deprecated since 0.13 and may be removed in the future, please use 'weights' instead.
  warnings.warn(
/home/s21_yhr/miniconda3/envs/GGA/lib/python3.11/site-packages/torchvision/models/_utils.py:223: UserWarning: Arguments other than a weight enum or `None` for 'weights' are deprecated since 0.13 and may be removed in the future. The current behavior is equivalent to passing `weights=ResNet50_Weights.IMAGENET1K_V1`. You can also use `weights=ResNet50_Weights.DEFAULT` to get the most up-to-date weights.
  warnings.warn(msg)
[36mINFO[0m 08/01 09:48:37 | # of params = 23512130
[36mINFO[0m 08/01 09:48:37 | test_in     test_out    train_in    train_out   test_in_au  train_out_  tr_outloss  test_out_a  env0_out    env0_out_a  env1_in     env1_in_au  env1_out    env1_out_a  env2_out    env2_out_a  step        epoch       loss        step_time   eval_time   mem_gb     
[36mINFO[0m 08/01 09:48:37 | 0.513126    0.423077    0.000000    0.427702    0.500274    0.549354    0.908077    0.413258    0.410959    0.620930    0.513126    0.500274    0.423077    0.413258    0.444444    0.477778    0           0.000000    0.701088    0.191359    0.534547    8.222371   
[36mINFO[0m 08/01 09:48:57 | 0.484487    0.538462    0.000000    0.553399    0.542932    0.573950    0.828776    0.455682    0.643836    0.646512    0.484487    0.542932    0.538462    0.455682    0.462963    0.501389    100         14.545455   0.618431    0.190695    0.486814    8.399633   
[36mINFO[0m 08/01 09:49:16 | 0.453461    0.432692    0.000000    0.601725    0.497788    0.537968    1.566212    0.465530    0.684932    0.568992    0.453461    0.497788    0.432692    0.465530    0.518519    0.506944    200         29.090909   0.394470    0.190491    0.491039    8.399633   
[36mINFO[0m 08/01 09:49:36 | 0.582339    0.528846    0.000000    0.537671    0.601915    0.558769    1.440464    0.550758    0.575342    0.588372    0.582339    0.601915    0.528846    0.550758    0.500000    0.529167    300         43.636364   0.237966    0.190193    0.471798    8.399633   
[36mINFO[0m 08/01 09:49:55 | 0.513126    0.461538    0.000000    0.583587    0.516940    0.581831    1.702076    0.482576    0.630137    0.651163    0.513126    0.516940    0.461538    0.482576    0.537037    0.512500    400         58.181818   0.200641    0.190317    0.491004    8.399633   
[36mINFO[0m 08/01 09:50:15 | 0.541766    0.480769    0.000000    0.581558    0.563725    0.538098    1.972346    0.504545    0.589041    0.524806    0.541766    0.563725    0.480769    0.504545    0.574074    0.551389    500         72.727273   0.156870    0.190214    0.480147    8.399633   
[36mINFO[0m 08/01 09:50:34 | 0.501193    0.490385    0.000000    0.569888    0.467259    0.576583    1.973561    0.431818    0.602740    0.617054    0.501193    0.467259    0.490385    0.431818    0.537037    0.536111    600         87.272727   0.112598    0.190242    0.473731    8.399633   
[36mINFO[0m 08/01 09:50:54 | 0.491647    0.471154    0.000000    0.563039    0.440641    0.553682    2.244119    0.419697    0.589041    0.657364    0.491647    0.440641    0.471154    0.419697    0.537037    0.450000    700         101.818182  0.112418    0.190103    0.481236    8.399633   
[36mINFO[0m 08/01 09:51:13 | 0.448687    0.394231    0.000000    0.556190    0.419824    0.553222    3.028622    0.415530    0.575342    0.608527    0.448687    0.419824    0.394231    0.415530    0.537037    0.497917    800         116.363636  0.111070    0.190217    0.471115    8.399633   
[36mINFO[0m 08/01 09:51:33 | 0.503580    0.461538    0.000000    0.599696    0.508687    0.563663    2.475193    0.446591    0.643836    0.635659    0.503580    0.508687    0.461538    0.446591    0.555556    0.491667    900         130.909091  0.089029    0.189922    0.484716    8.399633   
[36mINFO[0m 08/01 09:51:52 | 0.565632    0.519231    0.000000    0.542491    0.563281    0.562225    3.012515    0.538068    0.547945    0.581395    0.565632    0.563281    0.519231    0.538068    0.537037    0.543056    1000        145.454545  0.077186    0.189853    0.475801    8.399633   
[36mINFO[0m 08/01 09:52:12 | 0.455847    0.480769    0.000000    0.590436    0.465048    0.578440    2.497226    0.401515    0.643836    0.652713    0.455847    0.465048    0.480769    0.401515    0.537037    0.504167    1100        160.000000  0.092145    0.189850    0.483017    8.399633   
[36mINFO[0m 08/01 09:52:31 | 0.474940    0.461538    0.000000    0.556190    0.490470    0.574176    3.375292    0.457197    0.575342    0.610853    0.474940    0.490470    0.461538    0.457197    0.537037    0.537500    1200        174.545455  0.082919    0.189988    0.476991    8.399633   
[36mINFO[0m 08/01 09:52:51 | 0.479714    0.480769    0.000000    0.572298    0.502029    0.563404    2.599975    0.437121    0.589041    0.624031    0.479714    0.502029    0.480769    0.437121    0.555556    0.502778    1300        189.090909  0.066092    0.189871    0.485535    8.399633   
[36mINFO[0m 08/01 09:53:10 | 0.508353    0.528846    0.000000    0.565449    0.520064    0.571197    3.787716    0.493939    0.575342    0.606977    0.508353    0.520064    0.528846    0.493939    0.555556    0.535417    1400        203.636364  0.067351    0.189658    0.475390    8.399633   
[36mINFO[0m 08/01 09:53:30 | 0.453461    0.423077    0.000000    0.521563    0.440299    0.533487    4.801176    0.377273    0.561644    0.616279    0.453461    0.440299    0.423077    0.377273    0.481481    0.450694    1500        218.181818  0.071805    0.189819    0.490489    8.399633   
[36mINFO[0m 08/01 09:53:49 | 0.503580    0.461538    0.000000    0.556190    0.492408    0.543047    3.529865    0.472348    0.575342    0.579845    0.503580    0.492408    0.461538    0.472348    0.537037    0.506250    1600        232.727273  0.058549    0.189545    0.487121    8.399633   
[36mINFO[0m 08/01 09:54:09 | 0.465394    0.480769    0.000000    0.567478    0.472709    0.563840    2.575231    0.402273    0.616438    0.645736    0.465394    0.472709    0.480769    0.402273    0.518519    0.481944    1700        247.272727  0.058648    0.189800    0.489236    8.399633   
[36mINFO[0m 08/01 09:54:28 | 0.498807    0.461538    0.000000    0.548960    0.471227    0.577955    2.986437    0.450758    0.616438    0.676744    0.498807    0.471227    0.461538    0.450758    0.481481    0.479167    1800        261.818182  0.064508    0.189908    0.478577    8.399633   
[36mINFO[0m 08/01 09:54:48 | 0.515513    0.451923    0.000000    0.576738    0.517487    0.571899    2.440592    0.428788    0.616438    0.660465    0.515513    0.517487    0.451923    0.428788    0.537037    0.483333    1900        276.363636  0.063533    0.189683    0.484046    8.399633   
[36mINFO[0m 08/01 09:55:07 | 0.474940    0.480769    0.000000    0.581177    0.450821    0.538857    4.167540    0.391667    0.643836    0.586047    0.474940    0.450821    0.480769    0.391667    0.518519    0.491667    2000        290.909091  0.046175    0.189706    0.479690    8.399633   
[36mINFO[0m 08/01 09:55:27 | 0.467780    0.442308    0.000000    0.553780    0.467670    0.537645    2.239970    0.445833    0.589041    0.562791    0.467780    0.467670    0.442308    0.445833    0.518519    0.512500    2100        305.454545  0.053884    0.190183    0.482755    8.399633   
[36mINFO[0m 08/01 09:55:46 | 0.546539    0.500000    0.000000    0.558219    0.545360    0.544557    3.054497    0.479924    0.616438    0.615504    0.546539    0.545360    0.500000    0.479924    0.500000    0.473611    2200        320.000000  0.052358    0.189964    0.482577    8.399633   
[36mINFO[0m 08/01 09:56:06 | 0.558473    0.557692    0.000000    0.569888    0.587187    0.555556    2.990557    0.528030    0.602740    0.600000    0.558473    0.587187    0.557692    0.528030    0.537037    0.511111    2300        334.545455  0.043426    0.189801    0.494445    8.399633   
[36mINFO[0m 08/01 09:56:25 | 0.546539    0.480769    0.000000    0.567478    0.583721    0.562403    2.946230    0.508333    0.616438    0.624806    0.546539    0.583721    0.480769    0.508333    0.518519    0.500000    2400        349.090909  0.034455    0.189996    0.483020    8.399633   
[36mINFO[0m 08/01 09:56:45 | 0.491647    0.557692    0.000000    0.625063    0.530848    0.558640    3.619955    0.530303    0.657534    0.632558    0.491647    0.530848    0.557692    0.530303    0.592593    0.484722    2500        363.636364  0.046140    0.189976    0.486297    8.399633   
[36mINFO[0m 08/01 09:57:04 | 0.539379    0.500000    0.000000    0.538052    0.522275    0.540181    3.758373    0.508333    0.520548    0.591473    0.539379    0.522275    0.500000    0.508333    0.555556    0.488889    2600        378.181818  0.043641    0.189980    0.485097    8.399633   
[36mINFO[0m 08/01 09:57:24 | 0.508353    0.471154    0.000000    0.560629    0.481920    0.526478    3.546124    0.469697    0.602740    0.605039    0.508353    0.481920    0.471154    0.469697    0.518519    0.447917    2700        392.727273  0.041505    0.189683    0.481400    8.399633   
[36mINFO[0m 08/01 09:57:43 | 0.503580    0.480769    0.000000    0.576738    0.502109    0.562395    3.897393    0.500379    0.616438    0.637984    0.503580    0.502109    0.480769    0.500379    0.537037    0.486806    2800        407.272727  0.047438    0.189668    0.480214    8.399633   
[36mINFO[0m 08/01 09:58:02 | 0.482100    0.519231    0.000000    0.558219    0.478796    0.541998    4.952373    0.440909    0.616438    0.626357    0.482100    0.478796    0.519231    0.440909    0.500000    0.457639    2900        421.818182  0.041289    0.189777    0.485612    8.399633   
[36mINFO[0m 08/01 09:58:22 | 0.455847    0.461538    0.000000    0.569508    0.466370    0.545995    3.598300    0.402273    0.657534    0.636434    0.455847    0.466370    0.461538    0.402273    0.481481    0.455556    3000        436.363636  0.065111    0.189872    0.477116    8.399633   
[36mINFO[0m 08/01 09:58:41 | 0.546539    0.548077    0.000000    0.571918    0.561674    0.595252    2.362570    0.579545    0.643836    0.615504    0.546539    0.561674    0.548077    0.579545    0.500000    0.575000    3100        450.909091  0.042462    0.190151    0.480155    8.399633   
[36mINFO[0m 08/01 09:59:01 | 0.470167    0.576923    0.000000    0.560629    0.469152    0.520317    4.347993    0.504167    0.602740    0.610078    0.470167    0.469152    0.576923    0.504167    0.518519    0.430556    3200        465.454545  0.043113    0.190394    0.479646    8.399633   
[36mINFO[0m 08/01 09:59:20 | 0.470167    0.567308    0.000000    0.562659    0.482535    0.513687    4.176747    0.489015    0.643836    0.596124    0.470167    0.482535    0.567308    0.489015    0.481481    0.431250    3300        480.000000  0.042012    0.189993    0.482587    8.399633   
[36mINFO[0m 08/01 09:59:40 | 0.496420    0.548077    0.000000    0.594876    0.539991    0.542910    4.583252    0.505682    0.671233    0.603876    0.496420    0.539991    0.548077    0.505682    0.518519    0.481944    3400        494.545455  0.035171    0.189706    0.487005    8.399633   
[36mINFO[0m 08/01 10:00:00 | 0.467780    0.480769    0.000000    0.558219    0.461560    0.543718    3.308421    0.460985    0.616438    0.619380    0.467780    0.461560    0.480769    0.460985    0.500000    0.468056    3500        509.090909  0.040753    0.192261    0.491545    8.399633   
[36mINFO[0m 08/01 10:00:19 | 0.491647    0.403846    0.000000    0.532851    0.468399    0.535166    5.086664    0.442235    0.602740    0.608527    0.491647    0.468399    0.403846    0.442235    0.462963    0.461806    3600        523.636364  0.032868    0.190644    0.489870    8.399633   
[36mINFO[0m 08/01 10:00:39 | 0.505967    0.548077    0.000000    0.583587    0.517761    0.552681    3.164380    0.492803    0.630137    0.591473    0.505967    0.517761    0.548077    0.492803    0.537037    0.513889    3700        538.181818  0.048753    0.190236    0.482864    8.399633   
[36mINFO[0m 08/01 10:00:58 | 0.482100    0.480769    0.000000    0.576738    0.498313    0.552697    3.645736    0.516667    0.616438    0.598450    0.482100    0.498313    0.480769    0.516667    0.537037    0.506944    3800        552.727273  0.035320    0.190301    0.485011    8.399633   
[36mINFO[0m 08/01 10:01:18 | 0.496420    0.442308    0.000000    0.588026    0.480939    0.566521    2.415195    0.492424    0.657534    0.670543    0.496420    0.480939    0.442308    0.492424    0.518519    0.462500    3900        567.272727  0.053422    0.190318    0.483801    8.399633   
[36mINFO[0m 08/01 10:01:37 | 0.486874    0.461538    0.000000    0.569508    0.487528    0.564583    3.175654    0.493182    0.657534    0.666667    0.486874    0.487528    0.461538    0.493182    0.481481    0.462500    4000        581.818182  0.036325    0.190329    0.481820    8.399633   
[36mINFO[0m 08/01 10:01:57 | 0.482100    0.538462    0.000000    0.574328    0.489216    0.530216    4.906671    0.479545    0.630137    0.586822    0.482100    0.489216    0.538462    0.479545    0.518519    0.473611    4100        596.363636  0.052227    0.190079    0.483977    8.399633   
[36mINFO[0m 08/01 10:02:16 | 0.501193    0.548077    0.000000    0.551370    0.493958    0.579247    3.483776    0.556439    0.602740    0.634884    0.501193    0.493958    0.548077    0.556439    0.500000    0.523611    4200        610.909091  0.041691    0.190186    0.489343    8.399633   
[36mINFO[0m 08/01 10:02:36 | 0.513126    0.557692    0.000000    0.574328    0.512791    0.556799    4.686317    0.526326    0.630137    0.603876    0.513126    0.512791    0.557692    0.526326    0.518519    0.509722    4300        625.454545  0.036719    0.189811    0.485382    8.399633   
[36mINFO[0m 08/01 10:02:55 | 0.513126    0.480769    0.000000    0.588026    0.533710    0.578505    3.384753    0.482576    0.657534    0.647287    0.513126    0.533710    0.480769    0.482576    0.518519    0.509722    4400        640.000000  0.028405    0.189884    0.486102    8.399633   
[36mINFO[0m 08/01 10:03:15 | 0.443914    0.490385    0.000000    0.583587    0.431874    0.551680    4.408333    0.468561    0.630137    0.608915    0.443914    0.431874    0.490385    0.468561    0.537037    0.494444    4500        654.545455  0.033986    0.189974    0.484225    8.399633   
[36mINFO[0m 08/01 10:03:34 | 0.517900    0.567308    0.000000    0.578767    0.565777    0.566521    4.082685    0.550758    0.657534    0.637209    0.517900    0.565777    0.567308    0.550758    0.500000    0.495833    4600        669.090909  0.032739    0.190212    0.484101    8.399633   
[36mINFO[0m 08/01 10:03:54 | 0.503580    0.413462    0.000000    0.583206    0.510955    0.558026    4.446790    0.428409    0.684932    0.634109    0.503580    0.510955    0.413462    0.428409    0.481481    0.481944    4700        683.636364  0.036158    0.190510    0.481804    8.399633   
[36mINFO[0m 08/01 10:04:13 | 0.494033    0.432692    0.000000    0.526002    0.502257    0.562169    4.612464    0.460417    0.589041    0.690310    0.494033    0.502257    0.432692    0.460417    0.462963    0.434028    4800        698.181818  0.027384    0.190302    0.482962    8.399633   
[36mINFO[0m 08/01 10:04:33 | 0.508353    0.538462    0.000000    0.569508    0.515527    0.555362    4.772000    0.516288    0.657534    0.632946    0.508353    0.515527    0.538462    0.516288    0.481481    0.477778    4900        712.727273  0.032760    0.190093    0.482778    8.399633   
[36mINFO[0m 08/01 10:04:52 | 0.494033    0.500000    0.000000    0.578767    0.475798    0.584819    4.027423    0.495833    0.657534    0.675194    0.494033    0.475798    0.500000    0.495833    0.500000    0.494444    5000        727.272727  0.033710    0.189934    0.484545    8.399633   
[36mINFO[0m 08/01 10:04:52 | ---
[36mINFO[0m 08/01 10:04:52 | oracle = 47.017%
[36mINFO[0m 08/01 10:04:52 | iid = 49.165%
[36mINFO[0m 08/01 10:04:52 | last = 49.403%
[36mINFO[0m 08/01 10:04:52 | last (inD) = 57.877%
[36mINFO[0m 08/01 10:04:52 | iid (inD) = 62.506%
[36mINFO[0m 08/01 10:04:53 | 
[36mINFO[0m 08/01 10:04:53 | Testenv name escaping te_02 -> te_02
[36mINFO[0m 08/01 10:04:53 | Test envs = [2], name = te_02
[36mINFO[0m 08/01 10:04:53 | Batch sizes for each domain: [32, 32, 0] (total=64)
[36mINFO[0m 08/01 10:04:53 | steps-per-epoch for each domain: 9.19, 13.09 -> min = 9.19
/home/s21_yhr/miniconda3/envs/GGA/lib/python3.11/site-packages/torchvision/models/_utils.py:208: UserWarning: The parameter 'pretrained' is deprecated since 0.13 and may be removed in the future, please use 'weights' instead.
  warnings.warn(
/home/s21_yhr/miniconda3/envs/GGA/lib/python3.11/site-packages/torchvision/models/_utils.py:223: UserWarning: Arguments other than a weight enum or `None` for 'weights' are deprecated since 0.13 and may be removed in the future. The current behavior is equivalent to passing `weights=ResNet50_Weights.IMAGENET1K_V1`. You can also use `weights=ResNet50_Weights.DEFAULT` to get the most up-to-date weights.
  warnings.warn(msg)
[36mINFO[0m 08/01 10:04:56 | # of params = 23512130
[36mINFO[0m 08/01 10:04:56 | test_in     test_out    train_in    train_out   test_in_au  train_out_  tr_outloss  test_out_a  env0_out    env0_out_a  env1_out    env1_out_a  env2_in     env2_in_au  env2_out    env2_out_a  step        epoch       loss        step_time   eval_time   mem_gb     
[36mINFO[0m 08/01 10:04:56 | 0.577273    0.555556    0.000000    0.582982    0.465244    0.579197    0.798000    0.512500    0.589041    0.452713    0.576923    0.705682    0.577273    0.465244    0.555556    0.512500    0           0.000000    0.656777    0.196042    0.380549    8.222371   
[36mINFO[0m 08/01 10:05:16 | 0.568182    0.592593    0.000000    0.637447    0.608331    0.738090    0.615563    0.677778    0.438356    0.551938    0.836538    0.924242    0.568182    0.608331    0.592593    0.677778    100         10.884354   0.634180    0.190361    0.346056    8.399633   
[36mINFO[0m 08/01 10:05:35 | 0.590909    0.629630    0.000000    0.689476    0.605368    0.759897    0.670735    0.719444    0.561644    0.620930    0.817308    0.898864    0.590909    0.605368    0.629630    0.719444    200         21.768707   0.546738    0.190046    0.337957    8.399633   
[36mINFO[0m 08/01 10:05:54 | 0.568182    0.629630    0.000000    0.739463    0.575904    0.758584    0.735543    0.672222    0.671233    0.638760    0.807692    0.878409    0.568182    0.575904    0.629630    0.672222    300         32.653061   0.462410    0.189820    0.328986    8.399633   
[36mINFO[0m 08/01 10:06:14 | 0.581818    0.611111    0.000000    0.730572    0.581746    0.739962    1.412896    0.644444    0.643836    0.600000    0.817308    0.879924    0.581818    0.581746    0.611111    0.644444    400         43.537415   0.365050    0.189938    0.341186    8.399633   
[36mINFO[0m 08/01 10:06:33 | 0.495455    0.648148    0.000000    0.718915    0.550842    0.758554    0.933147    0.705556    0.630137    0.619380    0.807692    0.897727    0.495455    0.550842    0.648148    0.705556    500         54.421769   0.285242    0.189848    0.339492    8.399633   
[36mINFO[0m 08/01 10:06:52 | 0.536364    0.611111    0.000000    0.730572    0.545593    0.789861    1.033066    0.690278    0.643836    0.674419    0.817308    0.905303    0.536364    0.545593    0.611111    0.690278    600         65.306122   0.245128    0.190101    0.338032    8.399633   
[36mINFO[0m 08/01 10:07:12 | 0.568182    0.666667    0.000000    0.689476    0.597325    0.760628    1.490982    0.677778    0.561644    0.618605    0.817308    0.902652    0.568182    0.597325    0.666667    0.677778    700         76.190476   0.181040    0.189903    0.332774    8.399633   
[36mINFO[0m 08/01 10:07:31 | 0.518182    0.722222    0.000000    0.738145    0.537719    0.764407    1.341303    0.715278    0.630137    0.651163    0.846154    0.877652    0.518182    0.537719    0.722222    0.715278    800         87.074830   0.186787    0.189753    0.336110    8.399633   
[36mINFO[0m 08/01 10:07:50 | 0.545455    0.703704    0.000000    0.708707    0.544408    0.751462    1.349280    0.706944    0.561644    0.595349    0.855769    0.907576    0.545455    0.544408    0.703704    0.706944    900         97.959184   0.172183    0.189407    0.337000    8.399633   
[36mINFO[0m 08/01 10:08:10 | 0.509091    0.574074    0.000000    0.724447    0.519431    0.762346    1.657906    0.700000    0.602740    0.636434    0.846154    0.888258    0.509091    0.519431    0.574074    0.700000    1000        108.843537  0.116891    0.189522    0.338304    8.399633   
[36mINFO[0m 08/01 10:08:29 | 0.495455    0.685185    0.000000    0.720956    0.517399    0.748987    2.034749    0.740278    0.643836    0.644186    0.798077    0.853788    0.495455    0.517399    0.685185    0.740278    1100        119.727891  0.113743    0.189453    0.340267    8.399633   
[36mINFO[0m 08/01 10:08:48 | 0.536364    0.592593    0.000000    0.712790    0.545932    0.756541    1.806878    0.734722    0.589041    0.625581    0.836538    0.887500    0.536364    0.545932    0.592593    0.734722    1200        130.612245  0.112683    0.190079    0.342499    8.399633   
[36mINFO[0m 08/01 10:09:08 | 0.522727    0.703704    0.000000    0.718322    0.525612    0.725295    1.563085    0.715278    0.561644    0.542636    0.875000    0.907955    0.522727    0.525612    0.703704    0.715278    1300        141.496599  0.095111    0.189910    0.332210    8.399633   
[36mINFO[0m 08/01 10:09:27 | 0.563636    0.703704    0.000000    0.704492    0.553636    0.745752    1.727504    0.737500    0.630137    0.617829    0.778846    0.873674    0.563636    0.553636    0.703704    0.737500    1400        152.380952  0.106287    0.189487    0.338866    8.399633   
[36mINFO[0m 08/01 10:09:46 | 0.559091    0.666667    0.000000    0.701133    0.581576    0.757514    1.656102    0.751389    0.575342    0.627907    0.826923    0.887121    0.559091    0.581576    0.666667    0.751389    1500        163.265306  0.089794    0.189748    0.334589    8.399633   
[36mINFO[0m 08/01 10:10:06 | 0.559091    0.740741    0.000000    0.732613    0.556092    0.730413    1.532983    0.744444    0.657534    0.626357    0.807692    0.834470    0.559091    0.556092    0.740741    0.744444    1600        174.149660  0.085949    0.189574    0.341178    8.399633   
[36mINFO[0m 08/01 10:10:25 | 0.477273    0.629630    0.000000    0.701001    0.531835    0.758822    1.737062    0.711111    0.671233    0.693023    0.730769    0.824621    0.477273    0.531835    0.629630    0.711111    1700        185.034014  0.090539    0.189578    0.330814    8.399633   
[36mINFO[0m 08/01 10:10:44 | 0.559091    0.666667    0.000000    0.716873    0.560325    0.770146    1.552947    0.718056    0.616438    0.672868    0.817308    0.867424    0.559091    0.560325    0.666667    0.718056    1800        195.918367  0.092077    0.189653    0.336726    8.399633   
[36mINFO[0m 08/01 10:11:04 | 0.527273    0.685185    0.000000    0.714107    0.558208    0.766424    1.480921    0.738889    0.630137    0.662016    0.798077    0.870833    0.527273    0.558208    0.685185    0.738889    1900        206.802721  0.081390    0.189553    0.338017    8.399633   
[36mINFO[0m 08/01 10:11:23 | 0.568182    0.703704    0.000000    0.718190    0.559478    0.760795    2.913895    0.750000    0.657534    0.666667    0.778846    0.854924    0.568182    0.559478    0.703704    0.750000    2000        217.687075  0.062586    0.189812    0.345610    8.399633   
[36mINFO[0m 08/01 10:11:42 | 0.563636    0.703704    0.000000    0.712065    0.578020    0.744860    1.830225    0.727778    0.616438    0.631008    0.807692    0.858712    0.563636    0.578020    0.703704    0.727778    2100        228.571429  0.075350    0.189848    0.332252    8.399633   
[36mINFO[0m 08/01 10:12:02 | 0.545455    0.703704    0.000000    0.720956    0.557870    0.759831    2.055675    0.751389    0.643836    0.665116    0.798077    0.854545    0.545455    0.557870    0.703704    0.751389    2200        239.455782  0.071121    0.189566    0.337277    8.399633   
[36mINFO[0m 08/01 10:12:21 | 0.545455    0.685185    0.000000    0.707982    0.545805    0.766178    1.485139    0.719444    0.589041    0.640310    0.826923    0.892045    0.545455    0.545805    0.685185    0.719444    2300        250.340136  0.079642    0.189436    0.337321    8.399633   
[36mINFO[0m 08/01 10:12:40 | 0.554545    0.685185    0.000000    0.715424    0.568199    0.738782    1.456403    0.802778    0.671233    0.629457    0.759615    0.848106    0.554545    0.568199    0.685185    0.802778    2400        261.224490  0.087120    0.189452    0.341758    8.399633   
[36mINFO[0m 08/01 10:12:59 | 0.540909    0.666667    0.000000    0.698959    0.505630    0.737584    2.210296    0.730556    0.657534    0.624031    0.740385    0.851136    0.540909    0.505630    0.666667    0.730556    2500        272.108844  0.067895    0.189619    0.331272    8.399633   
[36mINFO[0m 08/01 10:13:19 | 0.540909    0.722222    0.000000    0.712790    0.566760    0.735064    2.065144    0.744444    0.589041    0.602326    0.836538    0.867803    0.540909    0.566760    0.722222    0.744444    2600        282.993197  0.063108    0.190055    0.336460    8.399633   
[36mINFO[0m 08/01 10:13:39 | 0.513636    0.611111    0.000000    0.696325    0.537804    0.731135    1.735189    0.705556    0.575342    0.589922    0.817308    0.872348    0.513636    0.537804    0.611111    0.705556    2700        293.877551  0.054054    0.194068    0.344574    8.399633   
[36mINFO[0m 08/01 10:13:58 | 0.550000    0.666667    0.000000    0.725764    0.600373    0.748817    1.818256    0.716667    0.643836    0.654264    0.807692    0.843371    0.550000    0.600373    0.666667    0.716667    2800        304.761905  0.056954    0.191280    0.352698    8.399633   
[36mINFO[0m 08/01 10:14:17 | 0.572727    0.648148    0.000000    0.723722    0.597494    0.748287    2.143508    0.734722    0.630137    0.632558    0.817308    0.864015    0.572727    0.597494    0.648148    0.734722    2900        315.646259  0.056965    0.190752    0.336301    8.399633   
[36mINFO[0m 08/01 10:14:37 | 0.527273    0.740741    0.000000    0.696325    0.581195    0.750031    1.679824    0.772222    0.575342    0.619380    0.817308    0.880682    0.527273    0.581195    0.740741    0.772222    3000        326.530612  0.070897    0.190545    0.346933    8.399633   
[36mINFO[0m 08/01 10:14:56 | 0.536364    0.703704    0.000000    0.706533    0.563542    0.756118    1.741172    0.715278    0.643836    0.655039    0.769231    0.857197    0.536364    0.563542    0.703704    0.715278    3100        337.414966  0.054208    0.190375    0.337357    8.399633   
[36mINFO[0m 08/01 10:15:16 | 0.540909    0.722222    0.000000    0.728530    0.569469    0.741962    2.420389    0.748611    0.630137    0.609302    0.826923    0.874621    0.540909    0.569469    0.722222    0.748611    3200        348.299320  0.046339    0.198157    0.361628    8.399633   
[36mINFO[0m 08/01 10:15:36 | 0.536364    0.666667    0.000000    0.718915    0.560918    0.733084    1.899207    0.723611    0.630137    0.603101    0.807692    0.863068    0.536364    0.560918    0.666667    0.723611    3300        359.183673  0.062660    0.192942    0.358356    8.399633   
[36mINFO[0m 08/01 10:15:56 | 0.536364    0.722222    0.000000    0.720232    0.541106    0.719580    2.048770    0.750000    0.671233    0.581395    0.769231    0.857765    0.536364    0.541106    0.722222    0.750000    3400        370.068027  0.054044    0.193645    0.369085    8.399633   
[36mINFO[0m 08/01 10:16:16 | 0.545455    0.592593    0.000000    0.675053    0.582635    0.720177    2.260693    0.747222    0.561644    0.592248    0.788462    0.848106    0.545455    0.582635    0.592593    0.747222    3500        380.952381  0.045024    0.193107    0.361372    8.399633   
[36mINFO[0m 08/01 10:16:35 | 0.568182    0.666667    0.000000    0.660630    0.591737    0.722774    1.892322    0.695833    0.561644    0.612403    0.759615    0.833144    0.568182    0.591737    0.666667    0.695833    3600        391.836735  0.044793    0.192596    0.362677    8.399633   
[36mINFO[0m 08/01 10:16:55 | 0.572727    0.740741    0.000000    0.723722    0.587673    0.744120    2.240030    0.781944    0.630137    0.632558    0.817308    0.855682    0.572727    0.587673    0.740741    0.781944    3700        402.721088  0.059260    0.193208    0.353004    8.399633   
[36mINFO[0m 08/01 10:17:15 | 0.545455    0.648148    0.000000    0.717597    0.619169    0.732952    1.868696    0.783333    0.589041    0.574806    0.846154    0.891098    0.545455    0.619169    0.648148    0.783333    3800        413.605442  0.064188    0.193756    0.363638    8.399633   
[36mINFO[0m 08/01 10:17:34 | 0.518182    0.703704    0.000000    0.727806    0.538820    0.742021    2.576756    0.729167    0.657534    0.606202    0.798077    0.877841    0.518182    0.538820    0.703704    0.729167    3900        424.489796  0.054124    0.194417    0.362836    8.399633   
[36mINFO[0m 08/01 10:17:54 | 0.550000    0.648148    0.000000    0.691386    0.536280    0.706171    2.499905    0.766667    0.671233    0.593023    0.711538    0.819318    0.550000    0.536280    0.648148    0.766667    4000        435.374150  0.055065    0.194442    0.359567    8.399633   
[36mINFO[0m 08/01 10:18:14 | 0.545455    0.685185    0.000000    0.722998    0.574041    0.718803    2.500962    0.727778    0.657534    0.571318    0.788462    0.866288    0.545455    0.574041    0.685185    0.727778    4100        446.258503  0.051671    0.193804    0.353567    8.399633   
[36mINFO[0m 08/01 10:18:34 | 0.513636    0.666667    0.000000    0.661354    0.558843    0.706402    2.448660    0.701389    0.534247    0.571705    0.788462    0.841098    0.513636    0.558843    0.666667    0.701389    4200        457.142857  0.045442    0.193886    0.391160    8.399633   
[36mINFO[0m 08/01 10:18:54 | 0.568182    0.685185    0.000000    0.666162    0.590975    0.731585    2.785086    0.773611    0.534247    0.579457    0.798077    0.883712    0.568182    0.590975    0.685185    0.773611    4300        468.027211  0.042665    0.194479    0.366167    8.399633   
[36mINFO[0m 08/01 10:19:13 | 0.513636    0.703704    0.000000    0.737421    0.553340    0.742750    1.931359    0.722222    0.657534    0.612016    0.817308    0.873485    0.513636    0.553340    0.703704    0.722222    4400        478.911565  0.061267    0.194437    0.361736    8.399633   
[36mINFO[0m 08/01 10:19:33 | 0.554545    0.759259    0.000000    0.705216    0.571755    0.720648    2.551626    0.787500    0.602740    0.583721    0.807692    0.857576    0.554545    0.571755    0.759259    0.787500    4500        489.795918  0.040664    0.194175    0.355492    8.399633   
[36mINFO[0m 08/01 10:19:53 | 0.518182    0.574074    0.000000    0.679136    0.553552    0.748317    2.553291    0.711111    0.589041    0.635271    0.769231    0.861364    0.518182    0.553552    0.574074    0.711111    4600        500.680272  0.048654    0.193537    0.362522    8.399633   
[36mINFO[0m 08/01 10:20:13 | 0.604545    0.648148    0.000000    0.731296    0.615274    0.712976    2.403065    0.672917    0.616438    0.541860    0.846154    0.884091    0.604545    0.615274    0.648148    0.672917    4700        511.564626  0.042804    0.194218    0.396634    8.399633   
[36mINFO[0m 08/01 10:20:33 | 0.572727    0.703704    0.000000    0.693559    0.595674    0.724789    2.431785    0.748611    0.589041    0.581395    0.798077    0.868182    0.572727    0.595674    0.703704    0.748611    4800        522.448980  0.046117    0.194162    0.372487    8.399633   
[36mINFO[0m 08/01 10:20:52 | 0.540909    0.685185    0.000000    0.661354    0.562526    0.735701    2.296690    0.755556    0.534247    0.583333    0.788462    0.888068    0.540909    0.562526    0.685185    0.755556    4900        533.333333  0.039872    0.193920    0.354147    8.399633   
[36mINFO[0m 08/01 10:21:12 | 0.500000    0.611111    0.000000    0.602345    0.533232    0.671340    2.087854    0.663889    0.493151    0.527907    0.711538    0.814773    0.500000    0.533232    0.611111    0.663889    5000        544.217687  0.042452    0.194404    0.366700    8.399633   
[36mINFO[0m 08/01 10:21:12 | ---
[36mINFO[0m 08/01 10:21:12 | oracle = 55.455%
[36mINFO[0m 08/01 10:21:12 | iid = 56.818%
[36mINFO[0m 08/01 10:21:12 | last = 50.000%
[36mINFO[0m 08/01 10:21:12 | last (inD) = 60.234%
[36mINFO[0m 08/01 10:21:12 | iid (inD) = 73.946%
[36mINFO[0m 08/01 10:21:13 | === Summary ===
[36mINFO[0m 08/01 10:21:13 | Command: /home/s21_yhr/lzh/DomainBed-new/train_all.py HTP_ALOFT_S_seed0 --dataset HTP --data_dir /home/s21_yhr/lzh/DomainBed-new/dataset --algorithm ALOFT_S --steps 5000 --checkpoint_freq 100 --batch_size 32 --optimizer adam --lr 5e-5 --weight_decay 0 --resnet_dropout 0 --resnet18 False --pretrained True --freeze_bn True --swad False --seed 0 --trial_seed 0 --deterministic --prebuild_loader --cache_size 640 --aloft_alpha 0.9 --aloft_mask_ratio 0.5 --aloft_perturb_prob 1.0
[36mINFO[0m 08/01 10:21:13 | Unique name: 260801_09-32-10_HTP_ALOFT_S_seed0
[36mINFO[0m 08/01 10:21:13 | Out path: train_output/HTP/260801_09-32-10_HTP_ALOFT_S_seed0
[36mINFO[0m 08/01 10:21:13 | Algorithm: ALOFT_S
[36mINFO[0m 08/01 10:21:13 | Dataset: HTP
+------------+---------+---------+---------+---------+
| Selection  |    00   |    01   |    02   |   Avg.  |
+------------+---------+---------+---------+---------+
|   oracle   | 52.381% | 47.017% | 55.455% | 51.617% |
|    iid     | 53.061% | 49.165% | 56.818% | 53.015% |
|    last    | 53.741% | 49.403% | 50.000% | 51.048% |
| last (inD) | 71.385% | 57.877% | 60.234% | 63.165% |
| iid (inD)  | 74.270% | 62.506% | 73.946% | 70.241% |
+------------+---------+---------+---------+---------+
================================================================================
Starting ALOFT_S, seed=1, physical GPU=3
/home/s21_yhr/miniconda3/envs/GGA/bin/python /home/s21_yhr/lzh/DomainBed-new/train_all.py HTP_ALOFT_S_seed1 --dataset HTP --data_dir /home/s21_yhr/lzh/DomainBed-new/dataset --algorithm ALOFT_S --steps 5000 --checkpoint_freq 100 --batch_size 32 --optimizer adam --lr 5e-5 --weight_decay 0 --resnet_dropout 0 --resnet18 False --pretrained True --freeze_bn True --swad False --seed 1 --trial_seed 1 --deterministic --prebuild_loader --cache_size 640 --aloft_alpha 0.9 --aloft_mask_ratio 0.5 --aloft_perturb_prob 1.0
================================================================================
[36mINFO[0m 08/01 10:21:19 | Command :: /home/s21_yhr/lzh/DomainBed-new/train_all.py HTP_ALOFT_S_seed1 --dataset HTP --data_dir /home/s21_yhr/lzh/DomainBed-new/dataset --algorithm ALOFT_S --steps 5000 --checkpoint_freq 100 --batch_size 32 --optimizer adam --lr 5e-5 --weight_decay 0 --resnet_dropout 0 --resnet18 False --pretrained True --freeze_bn True --swad False --seed 1 --trial_seed 1 --deterministic --prebuild_loader --cache_size 640 --aloft_alpha 0.9 --aloft_mask_ratio 0.5 --aloft_perturb_prob 1.0
Environment:
	Python: 3.11.15
	PyTorch: 2.11.0+cu128
	Torchvision: 0.26.0+cu128
	CUDA: 12.8
	CUDNN: 91900
	NumPy: 1.26.4
	PIL: 12.2.0
Args:
	algorithm: ALOFT_S
	batch_size: 32
	cache_root: cache
	cache_size: 640
	checkpoint_freq: 100
	configs: []
	data_dir: /home/s21_yhr/lzh/DomainBed-new/dataset
	dataset: HTP
	debug: False
	deterministic: True
	end_step: 200
	evalmode: fast
	extra_search: n
	extra_search_end: None
	extra_search_start: None
	gga_l_gamma: 0.001
	grad_fn: sum
	holdout_fraction: 0.2
	model_save: None
	name: HTP_ALOFT_S_seed1
	neighborhoodSize: 1e-06
	out_dir: train_output/HTP/260801_10-21-19_HTP_ALOFT_S_seed1
	out_root: train_output/HTP
	prebuild_loader: True
	seed: 1
	show: False
	start_step: 100
	steps: 5000
	tb_freq: 10
	test_envs: None
	train_output: train_output
	trial_seed: 1
	unique_name: 260801_10-21-19_HTP_ALOFT_S_seed1
	work_dir: .
HParams:
	data_augmentation: True
	val_augment: False
	[36mresnet18: False
	[0m[36mresnet_dropout: 0
	[0mclass_balanced: False
	[36moptimizer: adam
	[0m[36mfreeze_bn: True
	[0m[36mpretrained: True
	[0m[36mlr: 5e-05
	[0mbatch_size: 32
	[36mweight_decay: 0
	[0m[36maloft_alpha: 0.9
	[0m[36maloft_mask_ratio: 0.5
	[0m[36maloft_perturb_prob: 1.0
	[0maloft_positions: 
	  - layer1
	  - layer2
	  - layer3
	[36mswad: False
	[0mswad_kwargs: 
	  n_converge: 3
	  n_tolerance: 6
	  tolerance_ratio: 0.3
	test_batchsize: 128
	indomain_test: False
	grad_fn: sum
	extra_search: n
	logdir: train_output/HTP/260801_10-21-19_HTP_ALOFT_S_seed1
	neighborhoodSize: 1e-06
	start_step: 100
	end_step: 200
	extra_search_start: None
	extra_search_end: None
	gga_l_gamma: 0.001
Dataset:
	[HTP] #envs=3, #classes=2
	env0: 00 (#367)
	env1: 01 (#523)
	env2: 02 (#274)

[36mINFO[0m 08/01 10:21:19 | n_steps = 5000
[36mINFO[0m 08/01 10:21:19 | checkpoint_freq = 100
[36mINFO[0m 08/01 10:21:19 | n_steps is updated to 5000 => 5001 for checkpointing
[36mINFO[0m 08/01 10:21:19 | Target test envs = [[0], [1], [2]]
[36mINFO[0m 08/01 10:21:19 | 
[36mINFO[0m 08/01 10:21:19 | Testenv name escaping te_00 -> te_00
[36mINFO[0m 08/01 10:21:19 | Test envs = [0], name = te_00
[36mINFO[0m 08/01 10:21:19 | Batch sizes for each domain: [0, 32, 32] (total=64)
[36mINFO[0m 08/01 10:21:19 | steps-per-epoch for each domain: 13.09, 6.88 -> min = 6.88
/home/s21_yhr/miniconda3/envs/GGA/lib/python3.11/site-packages/torchvision/models/_utils.py:208: UserWarning: The parameter 'pretrained' is deprecated since 0.13 and may be removed in the future, please use 'weights' instead.
  warnings.warn(
/home/s21_yhr/miniconda3/envs/GGA/lib/python3.11/site-packages/torchvision/models/_utils.py:223: UserWarning: Arguments other than a weight enum or `None` for 'weights' are deprecated since 0.13 and may be removed in the future. The current behavior is equivalent to passing `weights=ResNet50_Weights.IMAGENET1K_V1`. You can also use `weights=ResNet50_Weights.DEFAULT` to get the most up-to-date weights.
  warnings.warn(msg)
[36mINFO[0m 08/01 10:21:23 | # of params = 23512130
[36mINFO[0m 08/01 10:21:25 | test_in     test_out    train_in    train_out   test_in_au  test_out_a  train_out_  tr_outloss  env0_in     env0_in_au  env0_out    env0_out_a  env1_out    env1_out_a  env2_out    env2_out_a  step        epoch       loss        step_time   eval_time   mem_gb     
[36mINFO[0m 08/01 10:21:25 | 0.445578    0.424658    0.000000    0.459580    0.493368    0.487121    0.681286    0.736076    0.445578    0.493368    0.424658    0.487121    0.567308    0.740015    0.351852    0.622556    0           0.000000    0.705211    0.972731    0.659878    8.219685   
[36mINFO[0m 08/01 10:21:45 | 0.551020    0.493151    0.000000    0.694979    0.524557    0.499242    0.802647    0.549505    0.551020    0.524557    0.493151    0.499242    0.778846    0.952663    0.611111    0.652632    100         14.545455   0.529906    0.193666    0.415053    8.400243   
[36mINFO[0m 08/01 10:22:04 | 0.527211    0.479452    0.000000    0.760862    0.528408    0.471970    0.794671    0.921774    0.527211    0.528408    0.479452    0.471970    0.836538    0.939719    0.685185    0.649624    200         29.090909   0.364449    0.193935    0.416522    8.400243   
[36mINFO[0m 08/01 10:22:24 | 0.540816    0.561644    0.000000    0.676104    0.492559    0.496970    0.802658    1.076662    0.540816    0.492559    0.561644    0.496970    0.759615    0.928624    0.592593    0.676692    300         43.636364   0.265061    0.194387    0.414679    8.400243   
[36mINFO[0m 08/01 10:22:44 | 0.540816    0.575342    0.000000    0.662037    0.504065    0.512879    0.814862    1.338313    0.540816    0.504065    0.575342    0.512879    0.750000    0.953033    0.574074    0.676692    400         58.181818   0.206230    0.193934    0.419941    8.400243   
[36mINFO[0m 08/01 10:23:04 | 0.493197    0.534247    0.000000    0.728276    0.536585    0.556061    0.819644    1.181804    0.493197    0.536585    0.534247    0.556061    0.826923    0.943047    0.629630    0.696241    500         72.727273   0.168709    0.194077    0.420299    8.400243   
[36mINFO[0m 08/01 10:23:24 | 0.527211    0.520548    0.000000    0.676104    0.509675    0.470455    0.797149    1.010615    0.527211    0.509675    0.520548    0.470455    0.759615    0.935651    0.592593    0.658647    600         87.272727   0.145408    0.194199    0.432214    8.400243   
[36mINFO[0m 08/01 10:23:44 | 0.540816    0.493151    0.000000    0.684651    0.530167    0.455303    0.792725    1.189795    0.540816    0.530167    0.493151    0.455303    0.721154    0.947855    0.648148    0.637594    700         101.818182  0.146276    0.193987    0.415893    8.400243   
[36mINFO[0m 08/01 10:24:03 | 0.520408    0.534247    0.000000    0.699786    0.547948    0.521212    0.795929    1.496773    0.520408    0.547948    0.534247    0.521212    0.788462    0.946746    0.611111    0.645113    800         116.363636  0.144809    0.194161    0.402898    8.400243   
[36mINFO[0m 08/01 10:24:24 | 0.547619    0.479452    0.000000    0.695691    0.529644    0.497727    0.769834    1.347890    0.547619    0.529644    0.479452    0.497727    0.817308    0.920118    0.574074    0.619549    900         130.909091  0.118919    0.197437    0.407530    8.400243   
[36mINFO[0m 08/01 10:24:43 | 0.503401    0.465753    0.000000    0.719017    0.545643    0.497727    0.778061    1.933893    0.503401    0.545643    0.465753    0.497727    0.826923    0.925296    0.611111    0.630827    1000        145.454545  0.110271    0.193224    0.457273    8.400243   
[36mINFO[0m 08/01 10:25:03 | 0.537415    0.534247    0.000000    0.704950    0.567442    0.560606    0.795892    1.405186    0.537415    0.567442    0.534247    0.560606    0.817308    0.951183    0.592593    0.640602    1100        160.000000  0.104661    0.193974    0.417891    8.400243   
[36mINFO[0m 08/01 10:25:23 | 0.547619    0.506849    0.000000    0.657229    0.569486    0.528788    0.791442    1.469450    0.547619    0.569486    0.506849    0.528788    0.740385    0.943787    0.574074    0.639098    1200        174.545455  0.119638    0.193874    0.426011    8.400243   
[36mINFO[0m 08/01 10:25:43 | 0.517007    0.534247    0.000000    0.662037    0.514477    0.503788    0.794363    1.834929    0.517007    0.514477    0.534247    0.503788    0.750000    0.931583    0.574074    0.657143    1300        189.090909  0.095671    0.194246    0.417964    8.400243   
[36mINFO[0m 08/01 10:26:03 | 0.510204    0.561644    0.000000    0.709402    0.503542    0.532576    0.807405    1.511312    0.510204    0.503542    0.561644    0.532576    0.807692    0.945636    0.611111    0.669173    1400        203.636364  0.102957    0.194638    0.421633    8.400243   
[36mINFO[0m 08/01 10:26:23 | 0.520408    0.575342    0.000000    0.699074    0.519945    0.506818    0.802221    1.992511    0.520408    0.519945    0.575342    0.506818    0.750000    0.936021    0.648148    0.668421    1500        218.181818  0.090210    0.194704    0.407804    8.400243   
[36mINFO[0m 08/01 10:26:43 | 0.527211    0.561644    0.000000    0.690171    0.516664    0.521970    0.771015    1.665131    0.527211    0.516664    0.561644    0.521970    0.769231    0.890902    0.611111    0.651128    1600        232.727273  0.094358    0.194765    0.445196    8.400243   
[36mINFO[0m 08/01 10:27:02 | 0.540816    0.534247    0.000000    0.662037    0.495887    0.478030    0.787775    1.890502    0.540816    0.495887    0.534247    0.478030    0.750000    0.932692    0.574074    0.642857    1700        247.272727  0.098606    0.193721    0.414212    8.400243   
[36mINFO[0m 08/01 10:27:22 | 0.510204    0.589041    0.000000    0.694266    0.500452    0.519697    0.786980    1.622815    0.510204    0.500452    0.589041    0.519697    0.740385    0.937870    0.648148    0.636090    1800        261.818182  0.083888    0.194283    0.417884    8.400243   
[36mINFO[0m 08/01 10:27:42 | 0.523810    0.493151    0.000000    0.656517    0.531142    0.492424    0.745994    1.900383    0.523810    0.531142    0.493151    0.492424    0.701923    0.893491    0.611111    0.598496    1900        276.363636  0.088446    0.197907    0.416142    8.400243   
[36mINFO[0m 08/01 10:28:02 | 0.527211    0.643836    0.000000    0.675748    0.515048    0.543182    0.768329    2.099469    0.527211    0.515048    0.643836    0.543182    0.740385    0.908839    0.611111    0.627820    2000        290.909091  0.079296    0.195284    0.434761    8.400243   
[36mINFO[0m 08/01 10:28:22 | 0.517007    0.520548    0.000000    0.637999    0.514477    0.477273    0.767271    1.895557    0.517007    0.514477    0.520548    0.477273    0.701923    0.934541    0.574074    0.600000    2100        305.454545  0.083744    0.195049    0.413487    8.400243   
[36mINFO[0m 08/01 10:28:42 | 0.527211    0.534247    0.000000    0.685363    0.510103    0.471970    0.777716    1.908135    0.527211    0.510103    0.534247    0.471970    0.759615    0.921598    0.611111    0.633835    2200        320.000000  0.080865    0.195139    0.468942    8.400243   
[36mINFO[0m 08/01 10:29:02 | 0.527211    0.561644    0.000000    0.700142    0.527433    0.560606    0.753389    2.017419    0.527211    0.527433    0.561644    0.560606    0.807692    0.885725    0.592593    0.621053    2300        334.545455  0.077380    0.194528    0.419956    8.400243   
[36mINFO[0m 08/01 10:29:22 | 0.534014    0.520548    0.000000    0.710114    0.532877    0.505303    0.775985    1.572626    0.534014    0.532877    0.520548    0.505303    0.846154    0.926405    0.574074    0.625564    2400        349.090909  0.073582    0.194665    0.424440    8.400243   
[36mINFO[0m 08/01 10:29:42 | 0.527211    0.616438    0.000000    0.670584    0.532782    0.571212    0.756362    1.508420    0.527211    0.532782    0.616438    0.571212    0.711538    0.935281    0.629630    0.577444    2500        363.636364  0.082474    0.194525    0.414112    8.400243   
[36mINFO[0m 08/01 10:30:02 | 0.506803    0.589041    0.000000    0.680556    0.531213    0.572727    0.760793    2.574553    0.506803    0.531213    0.589041    0.572727    0.750000    0.922337    0.611111    0.599248    2600        378.181818  0.064981    0.194399    0.420671    8.400243   
[36mINFO[0m 08/01 10:30:22 | 0.489796    0.465753    0.000000    0.671296    0.521752    0.483333    0.785637    1.937174    0.489796    0.521752    0.465753    0.483333    0.750000    0.941198    0.592593    0.630075    2700        392.727273  0.078765    0.194650    0.421285    8.400243   
[36mINFO[0m 08/01 10:30:42 | 0.523810    0.534247    0.000000    0.685719    0.504778    0.491667    0.775467    2.038871    0.523810    0.504778    0.534247    0.491667    0.778846    0.920858    0.592593    0.630075    2800        407.272727  0.062458    0.194255    0.444057    8.400243   
[36mINFO[0m 08/01 10:31:02 | 0.527211    0.561644    0.000000    0.666845    0.504374    0.515909    0.794812    2.404009    0.527211    0.504374    0.561644    0.515909    0.759615    0.922707    0.574074    0.666917    2900        421.818182  0.062644    0.193975    0.427076    8.400243   
[36mINFO[0m 08/01 10:31:21 | 0.527211    0.493151    0.000000    0.638355    0.510293    0.491667    0.778671    2.203416    0.527211    0.510293    0.493151    0.491667    0.721154    0.919749    0.555556    0.637594    3000        436.363636  0.059678    0.194474    0.419064    8.400243   
[36mINFO[0m 08/01 10:31:41 | 0.530612    0.547945    0.000000    0.657229    0.524985    0.512879    0.755565    2.109583    0.530612    0.524985    0.547945    0.512879    0.740385    0.895340    0.574074    0.615789    3100        450.909091  0.057332    0.193786    0.426947    8.400243   
[36mINFO[0m 08/01 10:32:01 | 0.534014    0.520548    0.000000    0.662037    0.529691    0.523485    0.768970    1.831666    0.534014    0.529691    0.520548    0.523485    0.750000    0.899593    0.574074    0.638346    3200        465.454545  0.071471    0.194406    0.418259    8.400243   
[36mINFO[0m 08/01 10:32:21 | 0.530612    0.534247    0.000000    0.676104    0.534113    0.503788    0.759341    1.888803    0.530612    0.534113    0.534247    0.503788    0.759615    0.870562    0.592593    0.648120    3300        480.000000  0.063368    0.194762    0.414791    8.400243   
[36mINFO[0m 08/01 10:32:41 | 0.520408    0.506849    0.000000    0.666489    0.538083    0.488636    0.778867    2.151555    0.520408    0.538083    0.506849    0.488636    0.740385    0.896080    0.592593    0.661654    3400        494.545455  0.063285    0.194443    0.450312    8.400243   
[36mINFO[0m 08/01 10:33:01 | 0.523810    0.547945    0.000000    0.689459    0.536776    0.508333    0.735089    3.076700    0.523810    0.536776    0.547945    0.508333    0.730769    0.848373    0.648148    0.621805    3500        509.090909  0.074988    0.194183    0.408797    8.400243   
[36mINFO[0m 08/01 10:33:21 | 0.503401    0.547945    0.000000    0.727920    0.517520    0.543182    0.778735    2.070088    0.503401    0.517520    0.547945    0.543182    0.807692    0.855214    0.648148    0.702256    3600        523.636364  0.058286    0.198083    0.415657    8.400243   
[36mINFO[0m 08/01 10:33:41 | 0.540816    0.589041    0.000000    0.685007    0.504469    0.552273    0.759366    2.026972    0.540816    0.504469    0.589041    0.552273    0.740385    0.867604    0.629630    0.651128    3700        538.181818  0.064295    0.193488    0.415815    8.400243   
[36mINFO[0m 08/01 10:34:01 | 0.537415    0.506849    0.000000    0.704238    0.492013    0.522727    0.774452    2.257763    0.537415    0.492013    0.506849    0.522727    0.778846    0.850407    0.629630    0.698496    3800        552.727273  0.055620    0.193736    0.420026    8.400243   
[36mINFO[0m 08/01 10:34:20 | 0.527211    0.534247    0.000000    0.699430    0.529691    0.530303    0.759502    1.995432    0.527211    0.529691    0.534247    0.530303    0.769231    0.873891    0.629630    0.645113    3900        567.272727  0.065701    0.193863    0.413036    8.400243   
[36mINFO[0m 08/01 10:34:40 | 0.520408    0.534247    0.000000    0.723469    0.514667    0.568939    0.784943    1.414601    0.520408    0.514667    0.534247    0.568939    0.817308    0.888683    0.629630    0.681203    4000        581.818182  0.058642    0.194149    0.412396    8.400243   
[36mINFO[0m 08/01 10:35:00 | 0.527211    0.547945    0.000000    0.694979    0.529311    0.537879    0.744267    2.276092    0.527211    0.529311    0.547945    0.537879    0.778846    0.875000    0.611111    0.613534    4100        596.363636  0.059078    0.194032    0.417055    8.400243   
[36mINFO[0m 08/01 10:35:20 | 0.530612    0.520548    0.000000    0.670228    0.501712    0.521970    0.783378    2.365437    0.530612    0.501712    0.520548    0.521970    0.692308    0.896080    0.648148    0.670677    4200        610.909091  0.068506    0.194427    0.429433    8.400243   
[36mINFO[0m 08/01 10:35:40 | 0.540816    0.547945    0.000000    0.704238    0.516759    0.518182    0.791034    1.388091    0.540816    0.516759    0.547945    0.518182    0.778846    0.924926    0.629630    0.657143    4300        625.454545  0.057473    0.194230    0.418017    8.400243   
[36mINFO[0m 08/01 10:36:00 | 0.510204    0.589041    0.000000    0.670228    0.489992    0.515152    0.743699    1.898652    0.510204    0.489992    0.589041    0.515152    0.692308    0.852811    0.648148    0.634586    4400        640.000000  0.062491    0.194347    0.418202    8.400243   
[36mINFO[0m 08/01 10:36:20 | 0.527211    0.547945    0.000000    0.637999    0.526720    0.510227    0.765136    2.883707    0.527211    0.526720    0.547945    0.510227    0.701923    0.897189    0.574074    0.633083    4500        654.545455  0.051227    0.194968    0.417151    8.400243   
[36mINFO[0m 08/01 10:36:39 | 0.540816    0.561644    0.000000    0.694979    0.536395    0.584848    0.760993    2.536058    0.540816    0.536395    0.561644    0.584848    0.778846    0.875370    0.611111    0.646617    4600        669.090909  0.043070    0.194491    0.414911    8.400243   
[36mINFO[0m 08/01 10:36:59 | 0.493197    0.589041    0.000000    0.699430    0.505895    0.536364    0.768592    1.978993    0.493197    0.505895    0.589041    0.536364    0.769231    0.865754    0.629630    0.671429    4700        683.636364  0.051074    0.193886    0.415797    8.400243   
[36mINFO[0m 08/01 10:37:19 | 0.544218    0.589041    0.000000    0.727920    0.529858    0.546212    0.782952    1.623945    0.544218    0.529858    0.589041    0.546212    0.807692    0.879438    0.648148    0.686466    4800        698.181818  0.045841    0.193708    0.414675    8.400243   
[36mINFO[0m 08/01 10:37:39 | 0.540816    0.547945    0.000000    0.699430    0.512623    0.549242    0.781639    1.683268    0.540816    0.512623    0.547945    0.549242    0.769231    0.879068    0.629630    0.684211    4900        712.727273  0.044362    0.194252    0.417790    8.400243   
[36mINFO[0m 08/01 10:37:59 | 0.527211    0.534247    0.000000    0.651709    0.503114    0.481818    0.775392    2.535485    0.527211    0.503114    0.534247    0.481818    0.692308    0.907175    0.611111    0.643609    5000        727.272727  0.079537    0.194300    0.421636    8.400243   
[36mINFO[0m 08/01 10:37:59 | ---
[36mINFO[0m 08/01 10:37:59 | oracle = 52.721%
[36mINFO[0m 08/01 10:37:59 | iid = 52.721%
[36mINFO[0m 08/01 10:37:59 | last = 52.721%
[36mINFO[0m 08/01 10:37:59 | last (inD) = 65.171%
[36mINFO[0m 08/01 10:37:59 | iid (inD) = 76.086%
[36mINFO[0m 08/01 10:38:00 | 
[36mINFO[0m 08/01 10:38:00 | Testenv name escaping te_01 -> te_01
[36mINFO[0m 08/01 10:38:00 | Test envs = [1], name = te_01
[36mINFO[0m 08/01 10:38:00 | Batch sizes for each domain: [32, 0, 32] (total=64)
[36mINFO[0m 08/01 10:38:00 | steps-per-epoch for each domain: 9.19, 6.88 -> min = 6.88
/home/s21_yhr/miniconda3/envs/GGA/lib/python3.11/site-packages/torchvision/models/_utils.py:208: UserWarning: The parameter 'pretrained' is deprecated since 0.13 and may be removed in the future, please use 'weights' instead.
  warnings.warn(
/home/s21_yhr/miniconda3/envs/GGA/lib/python3.11/site-packages/torchvision/models/_utils.py:223: UserWarning: Arguments other than a weight enum or `None` for 'weights' are deprecated since 0.13 and may be removed in the future. The current behavior is equivalent to passing `weights=ResNet50_Weights.IMAGENET1K_V1`. You can also use `weights=ResNet50_Weights.DEFAULT` to get the most up-to-date weights.
  warnings.warn(msg)
[36mINFO[0m 08/01 10:38:03 | # of params = 23512130
[36mINFO[0m 08/01 10:38:04 | test_in     test_out    train_in    train_out   test_in_au  train_out_  tr_outloss  test_out_a  env0_out    env0_out_a  env1_in     env1_in_au  env1_out    env1_out_a  env2_out    env2_out_a  step        epoch       loss        step_time   eval_time   mem_gb     
[36mINFO[0m 08/01 10:38:04 | 0.505967    0.500000    0.000000    0.598047    0.682709    0.438807    0.705464    0.667160    0.547945    0.522727    0.505967    0.682709    0.500000    0.667160    0.648148    0.354887    0           0.000000    0.703655    0.242093    0.593167    8.222371   
[36mINFO[0m 08/01 10:38:24 | 0.620525    0.586538    0.000000    0.531583    0.650921    0.531004    1.094673    0.661243    0.452055    0.446970    0.620525    0.650921    0.586538    0.661243    0.611111    0.615038    100         14.545455   0.637003    0.194604    0.536916    8.399633   
[36mINFO[0m 08/01 10:38:44 | 0.467780    0.471154    0.000000    0.590817    0.440935    0.652412    0.835754    0.511834    0.589041    0.641667    0.467780    0.440935    0.471154    0.511834    0.592593    0.663158    200         29.090909   0.459679    0.193870    0.516697    8.399633   
[36mINFO[0m 08/01 10:39:04 | 0.494033    0.500000    0.000000    0.583968    0.476050    0.665297    1.020180    0.578772    0.575342    0.668939    0.494033    0.476050    0.500000    0.578772    0.592593    0.661654    300         43.636364   0.302767    0.194353    0.513621    8.399633   
[36mINFO[0m 08/01 10:39:24 | 0.522673    0.605769    0.000000    0.616185    0.548264    0.652751    1.540029    0.636464    0.602740    0.631818    0.522673    0.548264    0.605769    0.636464    0.629630    0.673684    400         58.181818   0.239779    0.195123    0.534118    8.399633   
[36mINFO[0m 08/01 10:39:44 | 0.489260    0.509615    0.000000    0.639143    0.508682    0.644039    1.861330    0.561021    0.630137    0.614394    0.489260    0.508682    0.509615    0.561021    0.648148    0.673684    500         72.727273   0.171079    0.194591    0.573323    8.399633   
[36mINFO[0m 08/01 10:40:04 | 0.517900    0.509615    0.000000    0.611365    0.493893    0.656331    1.243134    0.541050    0.630137    0.684091    0.517900    0.493893    0.509615    0.541050    0.592593    0.628571    600         87.272727   0.169589    0.194202    0.507239    8.399633   
[36mINFO[0m 08/01 10:40:24 | 0.470167    0.480769    0.000000    0.641553    0.443328    0.710823    1.063065    0.501849    0.616438    0.678788    0.470167    0.443328    0.480769    0.501849    0.666667    0.742857    700         101.818182  0.146544    0.194956    0.523448    8.399633   
[36mINFO[0m 08/01 10:40:44 | 0.527446    0.538462    0.000000    0.577118    0.534409    0.639331    1.712844    0.566198    0.561644    0.662121    0.527446    0.534409    0.538462    0.566198    0.592593    0.616541    800         116.363636  0.142125    0.194459    0.527511    8.399633   
[36mINFO[0m 08/01 10:41:04 | 0.525060    0.538462    0.000000    0.595256    0.497015    0.647619    1.697021    0.550296    0.616438    0.666667    0.525060    0.497015    0.538462    0.550296    0.574074    0.628571    900         130.909091  0.105163    0.194791    0.514729    8.399633   
[36mINFO[0m 08/01 10:41:24 | 0.491647    0.528846    0.000000    0.634703    0.495762    0.667111    1.812393    0.536982    0.602740    0.651515    0.491647    0.495762    0.528846    0.536982    0.666667    0.682707    1000        145.454545  0.095659    0.194988    0.534671    8.399633   
[36mINFO[0m 08/01 10:41:44 | 0.484487    0.500000    0.000000    0.625444    0.478124    0.639907    2.079316    0.509615    0.602740    0.615152    0.484487    0.478124    0.500000    0.509615    0.648148    0.664662    1100        160.000000  0.104824    0.194629    0.585223    8.399633   
[36mINFO[0m 08/01 10:42:05 | 0.579952    0.557692    0.000000    0.629883    0.622733    0.674262    1.683389    0.614275    0.630137    0.653788    0.579952    0.622733    0.557692    0.614275    0.629630    0.694737    1200        174.545455  0.090825    0.198769    0.529279    8.399633   
[36mINFO[0m 08/01 10:42:25 | 0.522673    0.528846    0.000000    0.630264    0.514356    0.684507    2.556212    0.537352    0.575342    0.678788    0.522673    0.514356    0.528846    0.537352    0.685185    0.690226    1300        189.090909  0.087356    0.199642    0.515971    8.399633   
[36mINFO[0m 08/01 10:42:45 | 0.541766    0.538462    0.000000    0.652841    0.573284    0.648462    2.123245    0.609098    0.657534    0.690909    0.541766    0.573284    0.538462    0.609098    0.648148    0.606015    1400        203.636364  0.091224    0.193586    0.532522    8.399633   
[36mINFO[0m 08/01 10:43:05 | 0.520286    0.519231    0.000000    0.632293    0.567770    0.662346    1.734084    0.609283    0.616438    0.684091    0.520286    0.567770    0.519231    0.609283    0.648148    0.640602    1500        218.181818  0.078691    0.194294    0.521759    8.399633   
[36mINFO[0m 08/01 10:43:25 | 0.548926    0.596154    0.000000    0.560629    0.572441    0.636708    1.624626    0.629068    0.602740    0.664394    0.548926    0.572441    0.596154    0.629068    0.518519    0.609023    1600        232.727273  0.085101    0.194641    0.533073    8.399633   
[36mINFO[0m 08/01 10:43:45 | 0.510740    0.509615    0.000000    0.636733    0.495044    0.679971    1.929558    0.521820    0.643836    0.722348    0.510740    0.495044    0.509615    0.521820    0.629630    0.637594    1700        247.272727  0.078777    0.194479    0.511508    8.399633   
[36mINFO[0m 08/01 10:44:05 | 0.508353    0.538462    0.000000    0.602106    0.472906    0.707927    1.911466    0.529956    0.630137    0.758712    0.508353    0.472906    0.538462    0.529956    0.574074    0.657143    1800        261.818182  0.064781    0.193719    0.579656    8.399633   
[36mINFO[0m 08/01 10:44:25 | 0.486874    0.519231    0.000000    0.650431    0.484413    0.685390    2.407963    0.568047    0.671233    0.713636    0.486874    0.484413    0.519231    0.568047    0.629630    0.657143    1900        276.363636  0.068835    0.194548    0.521934    8.399633   
[36mINFO[0m 08/01 10:44:45 | 0.465394    0.509615    0.000000    0.680238    0.458162    0.720687    1.756812    0.440089    0.712329    0.752652    0.465394    0.458162    0.509615    0.440089    0.648148    0.688722    2000        290.909091  0.063663    0.194021    0.520502    8.399633   
[36mINFO[0m 08/01 10:45:05 | 0.470167    0.509615    0.000000    0.655251    0.489381    0.665399    2.068887    0.515533    0.643836    0.696212    0.470167    0.489381    0.509615    0.515533    0.666667    0.634586    2100        305.454545  0.062537    0.193992    0.521507    8.399633   
[36mINFO[0m 08/01 10:45:25 | 0.522673    0.548077    0.000000    0.592846    0.549904    0.675443    1.741821    0.552515    0.630137    0.717803    0.522673    0.549904    0.548077    0.552515    0.555556    0.633083    2200        320.000000  0.068857    0.194123    0.521753    8.399633   
[36mINFO[0m 08/01 10:45:45 | 0.577566    0.557692    0.000000    0.613775    0.578981    0.652560    1.710282    0.568047    0.616438    0.681061    0.577566    0.578981    0.557692    0.568047    0.611111    0.624060    2300        334.545455  0.069924    0.194056    0.505677    8.399633   
[36mINFO[0m 08/01 10:46:05 | 0.489260    0.528846    0.000000    0.595256    0.504535    0.632277    2.335435    0.480399    0.616438    0.685606    0.489260    0.504535    0.528846    0.480399    0.574074    0.578947    2400        349.090909  0.065360    0.194155    0.514839    8.399633   
[36mINFO[0m 08/01 10:46:25 | 0.546539    0.605769    0.000000    0.593227    0.532916    0.666370    1.949615    0.584320    0.575342    0.654545    0.546539    0.532916    0.605769    0.584320    0.611111    0.678195    2500        363.636364  0.060144    0.194451    0.528267    8.399633   
[36mINFO[0m 08/01 10:46:45 | 0.522673    0.538462    0.000000    0.618214    0.540288    0.650517    3.486266    0.548077    0.643836    0.687500    0.522673    0.540288    0.538462    0.548077    0.592593    0.613534    2600        378.181818  0.055768    0.194191    0.529996    8.399633   
[36mINFO[0m 08/01 10:47:05 | 0.505967    0.500000    0.000000    0.643582    0.511530    0.678267    2.572187    0.482618    0.657534    0.718939    0.505967    0.511530    0.500000    0.482618    0.629630    0.637594    2700        392.727273  0.069132    0.194083    0.511286    8.399633   
[36mINFO[0m 08/01 10:47:25 | 0.517900    0.490385    0.000000    0.588787    0.569000    0.623009    2.404882    0.589127    0.547945    0.620455    0.517900    0.569000    0.490385    0.589127    0.629630    0.625564    2800        407.272727  0.063921    0.193927    0.524061    8.399633   
[36mINFO[0m 08/01 10:47:45 | 0.563246    0.548077    0.000000    0.604515    0.601472    0.647189    2.079415    0.583580    0.616438    0.652273    0.563246    0.601472    0.548077    0.583580    0.592593    0.642105    2900        421.818182  0.057169    0.194387    0.522779    8.399633   
[36mINFO[0m 08/01 10:48:04 | 0.544153    0.490385    0.000000    0.609335    0.549403    0.694324    2.362877    0.513683    0.589041    0.690152    0.544153    0.549403    0.490385    0.513683    0.629630    0.698496    3000        436.363636  0.051612    0.193859    0.516908    8.399633   
[36mINFO[0m 08/01 10:48:24 | 0.477327    0.480769    0.000000    0.611365    0.431672    0.681653    2.316412    0.504068    0.630137    0.719697    0.477327    0.431672    0.480769    0.504068    0.592593    0.643609    3100        450.909091  0.056962    0.194659    0.528583    8.399633   
[36mINFO[0m 08/01 10:48:44 | 0.517900    0.519231    0.000000    0.634323    0.541313    0.662782    2.349745    0.546228    0.657534    0.700000    0.517900    0.541313    0.519231    0.546228    0.611111    0.625564    3200        465.454545  0.067717    0.194617    0.520303    8.399633   
[36mINFO[0m 08/01 10:49:04 | 0.522673    0.567308    0.000000    0.588026    0.531105    0.670759    2.122809    0.601331    0.657534    0.721970    0.522673    0.531105    0.567308    0.601331    0.518519    0.619549    3300        480.000000  0.061250    0.193892    0.522135    8.399633   
[36mINFO[0m 08/01 10:49:24 | 0.594272    0.538462    0.000000    0.652841    0.638661    0.617498    2.708591    0.637574    0.657534    0.654545    0.594272    0.638661    0.538462    0.637574    0.648148    0.580451    3400        494.545455  0.055677    0.194305    0.541919    8.399633   
[36mINFO[0m 08/01 10:49:44 | 0.539379    0.548077    0.000000    0.655251    0.598897    0.691066    2.808043    0.561391    0.643836    0.723485    0.539379    0.598897    0.548077    0.561391    0.666667    0.658647    3500        509.090909  0.064335    0.194778    0.507188    8.399633   
[36mINFO[0m 08/01 10:50:04 | 0.517900    0.567308    0.000000    0.637113    0.542681    0.669945    2.452479    0.586908    0.589041    0.705303    0.517900    0.542681    0.567308    0.586908    0.685185    0.634586    3600        523.636364  0.054788    0.194676    0.523031    8.399633   
[36mINFO[0m 08/01 10:50:24 | 0.544153    0.567308    0.000000    0.639143    0.590283    0.658570    2.391604    0.610577    0.630137    0.679545    0.544153    0.590283    0.567308    0.610577    0.648148    0.637594    3700        538.181818  0.051382    0.194179    0.524052    8.399633   
[36mINFO[0m 08/01 10:50:44 | 0.513126    0.538462    0.000000    0.609335    0.507976    0.667897    2.795808    0.551960    0.589041    0.660606    0.513126    0.507976    0.538462    0.551960    0.629630    0.675188    3800        552.727273  0.037189    0.193740    0.520257    8.399633   
[36mINFO[0m 08/01 10:51:04 | 0.551313    0.576923    0.000000    0.664510    0.607442    0.701942    2.496078    0.624630    0.643836    0.716667    0.551313    0.607442    0.576923    0.624630    0.685185    0.687218    3900        567.272727  0.049949    0.193868    0.520915    8.399633   
[36mINFO[0m 08/01 10:51:24 | 0.539379    0.548077    0.000000    0.662100    0.562984    0.683088    2.208456    0.562500    0.657534    0.701515    0.539379    0.562984    0.548077    0.562500    0.666667    0.664662    4000        581.818182  0.046961    0.194749    0.557619    8.399633   
[36mINFO[0m 08/01 10:51:45 | 0.579952    0.548077    0.000000    0.625063    0.581636    0.689889    2.438090    0.548077    0.657534    0.710606    0.579952    0.581636    0.548077    0.548077    0.592593    0.669173    4100        596.363636  0.041221    0.198161    0.520930    8.399633   
[36mINFO[0m 08/01 10:52:04 | 0.553699    0.528846    0.000000    0.606925    0.573466    0.656382    2.356496    0.528846    0.602740    0.697727    0.553699    0.573466    0.528846    0.528846    0.611111    0.615038    4200        610.909091  0.053809    0.193457    0.529767    8.399633   
[36mINFO[0m 08/01 10:52:24 | 0.541766    0.576923    0.000000    0.636733    0.544230    0.665405    1.820741    0.585799    0.643836    0.697727    0.541766    0.544230    0.576923    0.585799    0.629630    0.633083    4300        625.454545  0.046248    0.193879    0.514364    8.399633   
[36mINFO[0m 08/01 10:52:44 | 0.558473    0.509615    0.000000    0.588787    0.573330    0.642424    2.299640    0.555104    0.547945    0.684848    0.558473    0.573330    0.509615    0.555104    0.629630    0.600000    4400        640.000000  0.051836    0.193931    0.548788    8.399633   
[36mINFO[0m 08/01 10:53:04 | 0.551313    0.509615    0.000000    0.653222    0.562904    0.688186    2.054970    0.565089    0.602740    0.657576    0.551313    0.562904    0.509615    0.565089    0.703704    0.718797    4500        654.545455  0.046832    0.193606    0.523822    8.399633   
[36mINFO[0m 08/01 10:53:24 | 0.532220    0.576923    0.000000    0.625063    0.562164    0.695033    2.538291    0.564534    0.657534    0.678788    0.532220    0.562164    0.576923    0.564534    0.592593    0.711278    4600        669.090909  0.040143    0.194401    0.524990    8.399633   
[36mINFO[0m 08/01 10:53:44 | 0.577566    0.538462    0.000000    0.620624    0.597575    0.683342    2.284488    0.591716    0.630137    0.668939    0.577566    0.597575    0.538462    0.591716    0.611111    0.697744    4700        683.636364  0.037664    0.194231    0.526709    8.399633   
[36mINFO[0m 08/01 10:54:04 | 0.551313    0.557692    0.000000    0.648402    0.564648    0.676282    2.264217    0.562870    0.630137    0.690909    0.551313    0.564648    0.557692    0.562870    0.666667    0.661654    4800        698.181818  0.043542    0.194173    0.523577    8.399633   
[36mINFO[0m 08/01 10:54:24 | 0.546539    0.538462    0.000000    0.650431    0.552673    0.712210    2.527275    0.565089    0.671233    0.747727    0.546539    0.552673    0.538462    0.565089    0.629630    0.676692    4900        712.727273  0.036276    0.194191    0.516497    8.399633   
[36mINFO[0m 08/01 10:54:44 | 0.575179    0.605769    0.000000    0.629883    0.584473    0.698115    2.044189    0.571746    0.630137    0.698485    0.575179    0.584473    0.605769    0.571746    0.629630    0.697744    5000        727.272727  0.046522    0.194473    0.553381    8.399633   
[36mINFO[0m 08/01 10:54:44 | ---
[36mINFO[0m 08/01 10:54:44 | oracle = 52.267%
[36mINFO[0m 08/01 10:54:44 | iid = 46.539%
[36mINFO[0m 08/01 10:54:44 | last = 57.518%
[36mINFO[0m 08/01 10:54:44 | last (inD) = 62.988%
[36mINFO[0m 08/01 10:54:44 | iid (inD) = 68.024%
[36mINFO[0m 08/01 10:54:45 | 
[36mINFO[0m 08/01 10:54:45 | Testenv name escaping te_02 -> te_02
[36mINFO[0m 08/01 10:54:45 | Test envs = [2], name = te_02
[36mINFO[0m 08/01 10:54:45 | Batch sizes for each domain: [32, 32, 0] (total=64)
[36mINFO[0m 08/01 10:54:45 | steps-per-epoch for each domain: 9.19, 13.09 -> min = 9.19
/home/s21_yhr/miniconda3/envs/GGA/lib/python3.11/site-packages/torchvision/models/_utils.py:208: UserWarning: The parameter 'pretrained' is deprecated since 0.13 and may be removed in the future, please use 'weights' instead.
  warnings.warn(
/home/s21_yhr/miniconda3/envs/GGA/lib/python3.11/site-packages/torchvision/models/_utils.py:223: UserWarning: Arguments other than a weight enum or `None` for 'weights' are deprecated since 0.13 and may be removed in the future. The current behavior is equivalent to passing `weights=ResNet50_Weights.IMAGENET1K_V1`. You can also use `weights=ResNet50_Weights.DEFAULT` to get the most up-to-date weights.
  warnings.warn(msg)
[36mINFO[0m 08/01 10:54:49 | # of params = 23512130
[36mINFO[0m 08/01 10:54:50 | test_in     test_out    train_in    train_out   test_in_au  train_out_  tr_outloss  test_out_a  env0_out    env0_out_a  env1_out    env1_out_a  env2_in     env2_in_au  env2_out    env2_out_a  step        epoch       loss        step_time   eval_time   mem_gb     
[36mINFO[0m 08/01 10:54:50 | 0.554545    0.648148    0.000000    0.523973    0.556959    0.566564    0.720998    0.535338    0.547945    0.437121    0.500000    0.696006    0.554545    0.556959    0.648148    0.535338    0           0.000000    0.793084    0.215794    0.391900    8.222371   
[36mINFO[0m 08/01 10:55:09 | 0.527273    0.555556    0.000000    0.620258    0.594430    0.718863    0.879313    0.461654    0.452055    0.493939    0.788462    0.943787    0.527273    0.594430    0.555556    0.461654    100         10.884354   0.623330    0.194330    0.360725    8.399633   
[36mINFO[0m 08/01 10:55:29 | 0.550000    0.611111    0.000000    0.679268    0.603630    0.755385    0.599550    0.490226    0.493151    0.564394    0.865385    0.946376    0.550000    0.603630    0.611111    0.490226    200         21.768707   0.583240    0.194323    0.346918    8.399633   
[36mINFO[0m 08/01 10:55:49 | 0.581818    0.648148    0.000000    0.648973    0.594764    0.747922    1.009272    0.508271    0.547945    0.543182    0.750000    0.952663    0.581818    0.594764    0.648148    0.508271    300         32.653061   0.503308    0.194233    0.348798    8.399633   
[36mINFO[0m 08/01 10:56:09 | 0.563636    0.555556    0.000000    0.712790    0.565239    0.753652    0.938988    0.530827    0.589041    0.574242    0.836538    0.933062    0.563636    0.565239    0.555556    0.530827    400         43.537415   0.434425    0.198158    0.359771    8.399633   
[36mINFO[0m 08/01 10:56:29 | 0.563636    0.666667    0.000000    0.732613    0.574941    0.778789    1.159823    0.616541    0.657534    0.604545    0.807692    0.953033    0.563636    0.574941    0.666667    0.616541    500         54.421769   0.335711    0.194640    0.351391    8.399633   
[36mINFO[0m 08/01 10:56:49 | 0.577273    0.648148    0.000000    0.701133    0.585982    0.780424    1.145028    0.586466    0.575342    0.633333    0.826923    0.927515    0.577273    0.585982    0.648148    0.586466    600         65.306122   0.309815    0.194680    0.350984    8.399633   
[36mINFO[0m 08/01 10:57:09 | 0.572727    0.592593    0.000000    0.705216    0.568919    0.767068    1.127318    0.578947    0.602740    0.598485    0.807692    0.935651    0.572727    0.568919    0.592593    0.578947    700         76.190476   0.238446    0.193921    0.346887    8.399633   
[36mINFO[0m 08/01 10:57:28 | 0.568182    0.685185    0.000000    0.624210    0.564737    0.745364    1.998914    0.584962    0.575342    0.561364    0.673077    0.929364    0.568182    0.564737    0.685185    0.584962    800         87.074830   0.174198    0.194173    0.369734    8.399633   
[36mINFO[0m 08/01 10:57:48 | 0.595455    0.703704    0.000000    0.707258    0.591669    0.763312    1.514955    0.645113    0.616438    0.578030    0.798077    0.948595    0.595455    0.591669    0.703704    0.645113    900         97.959184   0.164957    0.194253    0.365095    8.399633   
[36mINFO[0m 08/01 10:58:08 | 0.590909    0.592593    0.000000    0.695732    0.632820    0.755916    1.187932    0.696241    0.506849    0.578030    0.884615    0.933802    0.590909    0.632820    0.592593    0.696241    1000        108.843537  0.131564    0.193985    0.351958    8.399633   
[36mINFO[0m 08/01 10:58:28 | 0.559091    0.555556    0.000000    0.771075    0.624373    0.824366    0.842660    0.673684    0.657534    0.690152    0.884615    0.958580    0.559091    0.624373    0.555556    0.673684    1100        119.727891  0.129131    0.194223    0.366868    8.399633   
[36mINFO[0m 08/01 10:58:48 | 0.531818    0.574074    0.000000    0.712065    0.566745    0.760021    1.518698    0.675188    0.616438    0.628030    0.807692    0.892012    0.531818    0.566745    0.574074    0.675188    1200        130.612245  0.118564    0.194640    0.361713    8.399633   
[36mINFO[0m 08/01 10:59:07 | 0.536364    0.537037    0.000000    0.688159    0.586400    0.758269    1.171447    0.625564    0.520548    0.589394    0.855769    0.927145    0.536364    0.586400    0.537037    0.625564    1300        141.496599  0.121169    0.194114    0.362143    8.399633   
[36mINFO[0m 08/01 10:59:27 | 0.554545    0.574074    0.000000    0.724447    0.578538    0.785041    1.278148    0.618045    0.602740    0.648485    0.846154    0.921598    0.554545    0.578538    0.574074    0.618045    1400        152.380952  0.120506    0.194200    0.395068    8.399633   
[36mINFO[0m 08/01 10:59:47 | 0.554545    0.629630    0.000000    0.679136    0.573101    0.774566    1.777439    0.622556    0.589041    0.622727    0.769231    0.926405    0.554545    0.573101    0.629630    0.622556    1500        163.265306  0.099226    0.194097    0.378133    8.399633   
[36mINFO[0m 08/01 11:00:07 | 0.563636    0.666667    0.000000    0.718190    0.612830    0.778778    2.080440    0.678195    0.657534    0.634848    0.778846    0.922707    0.563636    0.612830    0.666667    0.678195    1600        174.149660  0.093602    0.193953    0.395093    8.399633   
[36mINFO[0m 08/01 11:00:27 | 0.563636    0.666667    0.000000    0.712065    0.582218    0.767075    1.455541    0.697744    0.616438    0.630303    0.807692    0.903846    0.563636    0.582218    0.666667    0.697744    1700        185.034014  0.087397    0.193882    0.357116    8.399633   
[36mINFO[0m 08/01 11:00:47 | 0.522727    0.574074    0.000000    0.710748    0.552066    0.787633    1.398110    0.673684    0.575342    0.664394    0.846154    0.910873    0.522727    0.552066    0.574074    0.673684    1800        195.918367  0.071454    0.198053    0.360979    8.399633   
[36mINFO[0m 08/01 11:01:07 | 0.559091    0.703704    0.000000    0.721681    0.584476    0.773192    1.926871    0.684211    0.616438    0.639394    0.826923    0.906990    0.559091    0.584476    0.703704    0.684211    1900        206.802721  0.075684    0.193301    0.366260    8.399633   
[36mINFO[0m 08/01 11:01:26 | 0.563636    0.592593    0.000000    0.731296    0.592422    0.773520    1.495235    0.724812    0.616438    0.628030    0.846154    0.919009    0.563636    0.592422    0.592593    0.724812    2000        217.687075  0.066604    0.194003    0.363911    8.399633   
[36mINFO[0m 08/01 11:01:46 | 0.554545    0.611111    0.000000    0.719639    0.579667    0.773069    2.077783    0.672180    0.602740    0.621212    0.836538    0.924926    0.554545    0.579667    0.611111    0.672180    2100        228.571429  0.075649    0.194085    0.366637    8.399633   
[36mINFO[0m 08/01 11:02:06 | 0.559091    0.703704    0.000000    0.713383    0.564152    0.783106    2.076196    0.660150    0.657534    0.656818    0.769231    0.909393    0.559091    0.564152    0.703704    0.660150    2200        239.455782  0.070874    0.194656    0.363417    8.399633   
[36mINFO[0m 08/01 11:02:26 | 0.554545    0.740741    0.000000    0.707258    0.563274    0.773970    2.261022    0.709774    0.616438    0.634848    0.798077    0.913092    0.554545    0.563274    0.740741    0.709774    2300        250.340136  0.066418    0.194287    0.370483    8.399633   
[36mINFO[0m 08/01 11:02:46 | 0.600000    0.666667    0.000000    0.716873    0.598988    0.776288    1.549866    0.744361    0.616438    0.643182    0.817308    0.909393    0.600000    0.598988    0.666667    0.744361    2400        261.224490  0.067368    0.194218    0.397945    8.399633   
[36mINFO[0m 08/01 11:03:05 | 0.595455    0.592593    0.000000    0.760735    0.595224    0.800477    1.716523    0.694737    0.684932    0.671591    0.836538    0.929364    0.595455    0.595224    0.592593    0.694737    2500        272.108844  0.067254    0.193741    0.360001    8.399633   
[36mINFO[0m 08/01 11:03:25 | 0.550000    0.518519    0.000000    0.749802    0.559970    0.821789    1.276561    0.636842    0.643836    0.706818    0.855769    0.936760    0.550000    0.559970    0.518519    0.636842    2600        282.993197  0.060155    0.194872    0.353821    8.399633   
[36mINFO[0m 08/01 11:03:45 | 0.559091    0.518519    0.000000    0.716873    0.568752    0.787201    1.428192    0.618045    0.616438    0.659091    0.817308    0.915311    0.559091    0.568752    0.518519    0.618045    2700        293.877551  0.061836    0.194306    0.369345    8.399633   
[36mINFO[0m 08/01 11:04:05 | 0.590909    0.611111    0.000000    0.718915    0.597399    0.786380    1.701793    0.643609    0.630137    0.652273    0.807692    0.920488    0.590909    0.597399    0.611111    0.643609    2800        304.761905  0.067244    0.194826    0.370500    8.399633   
[36mINFO[0m 08/01 11:04:25 | 0.531818    0.685185    0.000000    0.670245    0.538851    0.776997    1.518713    0.661654    0.561644    0.625000    0.778846    0.928994    0.531818    0.538851    0.685185    0.661654    2900        315.646259  0.059932    0.194859    0.369137    8.399633   
[36mINFO[0m 08/01 11:04:44 | 0.586364    0.666667    0.000000    0.703174    0.612538    0.777033    1.935101    0.718797    0.589041    0.628030    0.817308    0.926036    0.586364    0.612538    0.666667    0.718797    3000        326.530612  0.055865    0.193926    0.356216    8.399633   
[36mINFO[0m 08/01 11:05:04 | 0.595455    0.666667    0.000000    0.688751    0.628722    0.766105    2.075086    0.708271    0.589041    0.626515    0.788462    0.905695    0.595455    0.628722    0.666667    0.708271    3100        337.414966  0.062038    0.194127    0.383593    8.399633   
[36mINFO[0m 08/01 11:05:24 | 0.581818    0.592593    0.000000    0.696325    0.608732    0.742358    2.120696    0.736842    0.575342    0.588636    0.817308    0.896080    0.581818    0.608732    0.592593    0.736842    3200        348.299320  0.050420    0.195025    0.363296    8.399633   
[36mINFO[0m 08/01 11:05:44 | 0.559091    0.537037    0.000000    0.728530    0.589453    0.779023    2.055672    0.661654    0.630137    0.671212    0.826923    0.886834    0.559091    0.589453    0.537037    0.661654    3300        359.183673  0.059178    0.194175    0.362539    8.399633   
[36mINFO[0m 08/01 11:06:04 | 0.586364    0.574074    0.000000    0.720956    0.603337    0.756290    1.510339    0.702256    0.643836    0.640909    0.798077    0.871672    0.586364    0.603337    0.574074    0.702256    3400        370.068027  0.053021    0.194123    0.371833    8.399633   
[36mINFO[0m 08/01 11:06:24 | 0.536364    0.574074    0.000000    0.742229    0.576823    0.788979    1.729509    0.663158    0.657534    0.676515    0.826923    0.901442    0.536364    0.576823    0.574074    0.663158    3500        380.952381  0.048866    0.193922    0.368314    8.399633   
[36mINFO[0m 08/01 11:06:43 | 0.559091    0.648148    0.000000    0.734655    0.573227    0.776894    1.583167    0.736842    0.671233    0.678788    0.798077    0.875000    0.559091    0.573227    0.648148    0.736842    3600        391.836735  0.050313    0.194457    0.370831    8.399633   
[36mINFO[0m 08/01 11:07:03 | 0.590909    0.666667    0.000000    0.716873    0.588826    0.792089    2.170355    0.655639    0.616438    0.665909    0.817308    0.918269    0.590909    0.588826    0.666667    0.655639    3700        402.721088  0.057318    0.194012    0.376397    8.399633   
[36mINFO[0m 08/01 11:07:23 | 0.586364    0.703704    0.000000    0.699684    0.577325    0.765577    2.551117    0.662406    0.630137    0.628788    0.769231    0.902367    0.586364    0.577325    0.703704    0.662406    3800        413.605442  0.050062    0.194631    0.358968    8.399633   
[36mINFO[0m 08/01 11:07:43 | 0.568182    0.648148    0.000000    0.714831    0.608565    0.779679    1.967553    0.689474    0.602740    0.648485    0.826923    0.910873    0.568182    0.608565    0.648148    0.689474    3900        424.489796  0.050856    0.194771    0.366238    8.399633   
[36mINFO[0m 08/01 11:08:03 | 0.568182    0.592593    0.000000    0.727806    0.591419    0.800252    2.055908    0.628571    0.657534    0.668182    0.798077    0.932322    0.568182    0.591419    0.592593    0.628571    4000        435.374150  0.041946    0.194034    0.367512    8.399633   
[36mINFO[0m 08/01 11:08:22 | 0.563636    0.592593    0.000000    0.704492    0.575694    0.736579    1.598851    0.655639    0.630137    0.615909    0.778846    0.857249    0.563636    0.575694    0.592593    0.655639    4100        446.258503  0.060662    0.194278    0.361621    8.399633   
[36mINFO[0m 08/01 11:08:42 | 0.618182    0.629630    0.000000    0.716149    0.652141    0.755601    2.464800    0.706767    0.643836    0.629545    0.788462    0.881657    0.618182    0.652141    0.629630    0.706767    4200        457.142857  0.040900    0.194496    0.362185    8.399633   
[36mINFO[0m 08/01 11:09:02 | 0.554545    0.648148    0.000000    0.677094    0.583222    0.743451    2.770226    0.624060    0.575342    0.634091    0.778846    0.852811    0.554545    0.583222    0.648148    0.624060    4300        468.027211  0.048314    0.194487    0.371624    8.399633   
[36mINFO[0m 08/01 11:09:22 | 0.568182    0.648148    0.000000    0.691517    0.608272    0.757811    2.043714    0.646617    0.575342    0.628788    0.807692    0.886834    0.568182    0.608272    0.648148    0.646617    4400        478.911565  0.049110    0.194035    0.366890    8.399633   
[36mINFO[0m 08/01 11:09:42 | 0.568182    0.629630    0.000000    0.716149    0.599699    0.749505    2.334400    0.723308    0.643836    0.614394    0.788462    0.884615    0.568182    0.599699    0.629630    0.723308    4500        489.795918  0.045834    0.198230    0.356226    8.399633   
[36mINFO[0m 08/01 11:10:02 | 0.550000    0.648148    0.000000    0.683944    0.588742    0.763502    2.348147    0.754887    0.589041    0.640909    0.778846    0.886095    0.550000    0.588742    0.648148    0.754887    4600        500.680272  0.039901    0.193676    0.359006    8.399633   
[36mINFO[0m 08/01 11:10:22 | 0.577273    0.685185    0.000000    0.677094    0.603003    0.742737    2.138780    0.691729    0.575342    0.612879    0.778846    0.872596    0.577273    0.603003    0.685185    0.691729    4700        511.564626  0.040860    0.197528    0.375014    8.399633   
[36mINFO[0m 08/01 11:10:42 | 0.581818    0.592593    0.000000    0.688751    0.602919    0.756424    2.033060    0.716541    0.589041    0.628788    0.788462    0.884061    0.581818    0.602919    0.592593    0.716541    4800        522.448980  0.040995    0.194545    0.371725    8.399633   
[36mINFO[0m 08/01 11:11:02 | 0.595455    0.703704    0.000000    0.675053    0.598402    0.751303    2.771224    0.609774    0.561644    0.625758    0.788462    0.876849    0.595455    0.598402    0.703704    0.609774    4900        533.333333  0.047292    0.195172    0.376421    8.399633   
[36mINFO[0m 08/01 11:11:21 | 0.577273    0.740741    0.000000    0.699684    0.597524    0.788764    2.369423    0.667669    0.630137    0.681818    0.769231    0.895710    0.577273    0.597524    0.740741    0.667669    5000        544.217687  0.049630    0.194185    0.367527    8.399633   
[36mINFO[0m 08/01 11:11:21 | ---
[36mINFO[0m 08/01 11:11:21 | oracle = 55.455%
[36mINFO[0m 08/01 11:11:21 | iid = 55.909%
[36mINFO[0m 08/01 11:11:21 | last = 57.727%
[36mINFO[0m 08/01 11:11:21 | last (inD) = 69.968%
[36mINFO[0m 08/01 11:11:21 | iid (inD) = 77.107%
[36mINFO[0m 08/01 11:11:22 | === Summary ===
[36mINFO[0m 08/01 11:11:22 | Command: /home/s21_yhr/lzh/DomainBed-new/train_all.py HTP_ALOFT_S_seed1 --dataset HTP --data_dir /home/s21_yhr/lzh/DomainBed-new/dataset --algorithm ALOFT_S --steps 5000 --checkpoint_freq 100 --batch_size 32 --optimizer adam --lr 5e-5 --weight_decay 0 --resnet_dropout 0 --resnet18 False --pretrained True --freeze_bn True --swad False --seed 1 --trial_seed 1 --deterministic --prebuild_loader --cache_size 640 --aloft_alpha 0.9 --aloft_mask_ratio 0.5 --aloft_perturb_prob 1.0
[36mINFO[0m 08/01 11:11:22 | Unique name: 260801_10-21-19_HTP_ALOFT_S_seed1
[36mINFO[0m 08/01 11:11:22 | Out path: train_output/HTP/260801_10-21-19_HTP_ALOFT_S_seed1
[36mINFO[0m 08/01 11:11:22 | Algorithm: ALOFT_S
[36mINFO[0m 08/01 11:11:22 | Dataset: HTP
+------------+---------+---------+---------+---------+
| Selection  |    00   |    01   |    02   |   Avg.  |
+------------+---------+---------+---------+---------+
|   oracle   | 52.721% | 52.267% | 55.455% | 53.481% |
|    iid     | 52.721% | 46.539% | 55.909% | 51.723% |
|    last    | 52.721% | 57.518% | 57.727% | 55.989% |
| last (inD) | 65.171% | 62.988% | 69.968% | 66.043% |
| iid (inD)  | 76.086% | 68.024% | 77.107% | 73.739% |
+------------+---------+---------+---------+---------+
================================================================================
Starting ALOFT_S, seed=2, physical GPU=3
/home/s21_yhr/miniconda3/envs/GGA/bin/python /home/s21_yhr/lzh/DomainBed-new/train_all.py HTP_ALOFT_S_seed2 --dataset HTP --data_dir /home/s21_yhr/lzh/DomainBed-new/dataset --algorithm ALOFT_S --steps 5000 --checkpoint_freq 100 --batch_size 32 --optimizer adam --lr 5e-5 --weight_decay 0 --resnet_dropout 0 --resnet18 False --pretrained True --freeze_bn True --swad False --seed 2 --trial_seed 2 --deterministic --prebuild_loader --cache_size 640 --aloft_alpha 0.9 --aloft_mask_ratio 0.5 --aloft_perturb_prob 1.0
================================================================================
[36mINFO[0m 08/01 11:11:29 | Command :: /home/s21_yhr/lzh/DomainBed-new/train_all.py HTP_ALOFT_S_seed2 --dataset HTP --data_dir /home/s21_yhr/lzh/DomainBed-new/dataset --algorithm ALOFT_S --steps 5000 --checkpoint_freq 100 --batch_size 32 --optimizer adam --lr 5e-5 --weight_decay 0 --resnet_dropout 0 --resnet18 False --pretrained True --freeze_bn True --swad False --seed 2 --trial_seed 2 --deterministic --prebuild_loader --cache_size 640 --aloft_alpha 0.9 --aloft_mask_ratio 0.5 --aloft_perturb_prob 1.0
Environment:
	Python: 3.11.15
	PyTorch: 2.11.0+cu128
	Torchvision: 0.26.0+cu128
	CUDA: 12.8
	CUDNN: 91900
	NumPy: 1.26.4
	PIL: 12.2.0
Args:
	algorithm: ALOFT_S
	batch_size: 32
	cache_root: cache
	cache_size: 640
	checkpoint_freq: 100
	configs: []
	data_dir: /home/s21_yhr/lzh/DomainBed-new/dataset
	dataset: HTP
	debug: False
	deterministic: True
	end_step: 200
	evalmode: fast
	extra_search: n
	extra_search_end: None
	extra_search_start: None
	gga_l_gamma: 0.001
	grad_fn: sum
	holdout_fraction: 0.2
	model_save: None
	name: HTP_ALOFT_S_seed2
	neighborhoodSize: 1e-06
	out_dir: train_output/HTP/260801_11-11-28_HTP_ALOFT_S_seed2
	out_root: train_output/HTP
	prebuild_loader: True
	seed: 2
	show: False
	start_step: 100
	steps: 5000
	tb_freq: 10
	test_envs: None
	train_output: train_output
	trial_seed: 2
	unique_name: 260801_11-11-28_HTP_ALOFT_S_seed2
	work_dir: .
HParams:
	data_augmentation: True
	val_augment: False
	[36mresnet18: False
	[0m[36mresnet_dropout: 0
	[0mclass_balanced: False
	[36moptimizer: adam
	[0m[36mfreeze_bn: True
	[0m[36mpretrained: True
	[0m[36mlr: 5e-05
	[0mbatch_size: 32
	[36mweight_decay: 0
	[0m[36maloft_alpha: 0.9
	[0m[36maloft_mask_ratio: 0.5
	[0m[36maloft_perturb_prob: 1.0
	[0maloft_positions: 
	  - layer1
	  - layer2
	  - layer3
	[36mswad: False
	[0mswad_kwargs: 
	  n_converge: 3
	  n_tolerance: 6
	  tolerance_ratio: 0.3
	test_batchsize: 128
	indomain_test: False
	grad_fn: sum
	extra_search: n
	logdir: train_output/HTP/260801_11-11-28_HTP_ALOFT_S_seed2
	neighborhoodSize: 1e-06
	start_step: 100
	end_step: 200
	extra_search_start: None
	extra_search_end: None
	gga_l_gamma: 0.001
Dataset:
	[HTP] #envs=3, #classes=2
	env0: 00 (#367)
	env1: 01 (#523)
	env2: 02 (#274)

[36mINFO[0m 08/01 11:11:29 | n_steps = 5000
[36mINFO[0m 08/01 11:11:29 | checkpoint_freq = 100
[36mINFO[0m 08/01 11:11:29 | n_steps is updated to 5000 => 5001 for checkpointing
[36mINFO[0m 08/01 11:11:29 | Target test envs = [[0], [1], [2]]
[36mINFO[0m 08/01 11:11:29 | 
[36mINFO[0m 08/01 11:11:29 | Testenv name escaping te_00 -> te_00
[36mINFO[0m 08/01 11:11:29 | Test envs = [0], name = te_00
[36mINFO[0m 08/01 11:11:29 | Batch sizes for each domain: [0, 32, 32] (total=64)
[36mINFO[0m 08/01 11:11:29 | steps-per-epoch for each domain: 13.09, 6.88 -> min = 6.88
/home/s21_yhr/miniconda3/envs/GGA/lib/python3.11/site-packages/torchvision/models/_utils.py:208: UserWarning: The parameter 'pretrained' is deprecated since 0.13 and may be removed in the future, please use 'weights' instead.
  warnings.warn(
/home/s21_yhr/miniconda3/envs/GGA/lib/python3.11/site-packages/torchvision/models/_utils.py:223: UserWarning: Arguments other than a weight enum or `None` for 'weights' are deprecated since 0.13 and may be removed in the future. The current behavior is equivalent to passing `weights=ResNet50_Weights.IMAGENET1K_V1`. You can also use `weights=ResNet50_Weights.DEFAULT` to get the most up-to-date weights.
  warnings.warn(msg)
[36mINFO[0m 08/01 11:11:32 | # of params = 23512130
[36mINFO[0m 08/01 11:11:34 | test_in     test_out    train_in    train_out   test_in_au  test_out_a  train_out_  tr_outloss  env0_in     env0_in_au  env0_out    env0_out_a  env1_out    env1_out_a  env2_out    env2_out_a  step        epoch       loss        step_time   eval_time   mem_gb     
[36mINFO[0m 08/01 11:11:34 | 0.568027    0.602740    0.000000    0.552172    0.452638    0.518809    0.720016    0.692848    0.568027    0.452638    0.602740    0.518809    0.567308    0.824859    0.537037    0.615172    0           0.000000    0.682893    0.936909    0.666790    8.219685   
[36mINFO[0m 08/01 11:11:54 | 0.534014    0.589041    0.000000    0.668269    0.530388    0.674765    0.768189    0.779032    0.534014    0.530388    0.589041    0.674765    0.836538    0.961205    0.500000    0.575172    100         14.545455   0.589470    0.194025    0.493473    8.400243   
[36mINFO[0m 08/01 11:12:14 | 0.547619    0.561644    0.000000    0.738248    0.541751    0.571317    0.767178    0.992528    0.547619    0.541751    0.561644    0.571317    0.865385    0.949529    0.611111    0.584828    200         29.090909   0.371608    0.194335    0.437169    8.400243   
[36mINFO[0m 08/01 11:12:34 | 0.530612    0.561644    0.000000    0.700855    0.535622    0.620690    0.738462    1.332528    0.530612    0.535622    0.561644    0.620690    0.846154    0.947269    0.555556    0.529655    300         43.636364   0.249352    0.194599    0.436800    8.400243   
[36mINFO[0m 08/01 11:12:53 | 0.540816    0.630137    0.000000    0.706019    0.535952    0.603448    0.741542    1.525533    0.540816    0.535952    0.630137    0.603448    0.875000    0.958945    0.537037    0.524138    400         58.181818   0.182570    0.194562    0.421280    8.400243   
[36mINFO[0m 08/01 11:13:13 | 0.564626    0.589041    0.000000    0.696403    0.546230    0.591693    0.749499    1.359542    0.564626    0.546230    0.589041    0.591693    0.855769    0.951412    0.537037    0.547586    500         72.727273   0.172801    0.194147    0.419918    8.400243   
[36mINFO[0m 08/01 11:13:33 | 0.534014    0.589041    0.000000    0.705662    0.536376    0.594828    0.695685    2.088015    0.534014    0.536376    0.589041    0.594828    0.855769    0.918267    0.555556    0.473103    600         87.272727   0.147606    0.194230    0.417712    8.400243   
[36mINFO[0m 08/01 11:13:53 | 0.551020    0.575342    0.000000    0.697115    0.560140    0.553292    0.720279    2.240842    0.551020    0.560140    0.575342    0.553292    0.894231    0.945386    0.500000    0.495172    700         101.818182  0.131374    0.194455    0.421048    8.400243   
[36mINFO[0m 08/01 11:14:13 | 0.551020    0.520548    0.000000    0.696047    0.547409    0.573668    0.709611    2.194497    0.551020    0.547409    0.520548    0.573668    0.836538    0.929567    0.555556    0.489655    800         116.363636  0.104899    0.194001    0.438051    8.400243   
[36mINFO[0m 08/01 11:14:33 | 0.530612    0.561644    0.000000    0.673433    0.543991    0.585423    0.697134    2.439295    0.530612    0.543991    0.561644    0.585423    0.865385    0.928060    0.481481    0.466207    900         130.909091  0.118308    0.194155    0.422570    8.400243   
[36mINFO[0m 08/01 11:14:53 | 0.547619    0.534247    0.000000    0.673433    0.545712    0.618339    0.722730    2.487534    0.547619    0.545712    0.534247    0.618339    0.865385    0.954426    0.481481    0.491034    1000        145.454545  0.106616    0.193807    0.421812    8.400243   
[36mINFO[0m 08/01 11:15:12 | 0.561224    0.547945    0.000000    0.738604    0.552643    0.592476    0.719401    2.473146    0.561224    0.552643    0.547945    0.592476    0.884615    0.945009    0.592593    0.493793    1100        160.000000  0.085788    0.194198    0.431566    8.400243   
[36mINFO[0m 08/01 11:15:32 | 0.520408    0.589041    0.000000    0.672721    0.528644    0.595611    0.714062    2.371118    0.520408    0.528644    0.589041    0.595611    0.826923    0.928814    0.518519    0.499310    1200        174.545455  0.097614    0.193952    0.419502    8.400243   
[36mINFO[0m 08/01 11:15:52 | 0.540816    0.534247    0.000000    0.664174    0.567684    0.550157    0.713950    2.134285    0.540816    0.567684    0.534247    0.550157    0.865385    0.950659    0.462963    0.477241    1300        189.090909  0.092885    0.193925    0.413235    8.400243   
[36mINFO[0m 08/01 11:16:12 | 0.513605    0.561644    0.000000    0.692664    0.533382    0.574451    0.711253    3.072043    0.513605    0.533382    0.561644    0.574451    0.903846    0.948023    0.481481    0.474483    1400        203.636364  0.086795    0.194261    0.431710    8.400243   
[36mINFO[0m 08/01 11:16:32 | 0.537415    0.561644    0.000000    0.682692    0.545500    0.596395    0.705404    3.228913    0.537415    0.545500    0.561644    0.596395    0.865385    0.919774    0.500000    0.491034    1500        218.181818  0.080108    0.194138    0.428170    8.400243   
[36mINFO[0m 08/01 11:16:52 | 0.557823    0.589041    0.000000    0.696403    0.561931    0.636364    0.704096    2.363665    0.557823    0.561931    0.589041    0.636364    0.855769    0.933710    0.537037    0.474483    1600        232.727273  0.083453    0.193788    0.424316    8.400243   
[36mINFO[0m 08/01 11:17:11 | 0.561224    0.561644    0.000000    0.682336    0.567966    0.589342    0.728271    3.200278    0.561224    0.567966    0.561644    0.589342    0.846154    0.942750    0.518519    0.513793    1700        247.272727  0.070014    0.193589    0.414352    8.400243   
[36mINFO[0m 08/01 11:17:31 | 0.554422    0.602740    0.000000    0.696403    0.558112    0.625392    0.710274    2.954810    0.554422    0.558112    0.602740    0.625392    0.855769    0.937100    0.537037    0.483448    1800        261.818182  0.070814    0.193692    0.413374    8.400243   
[36mINFO[0m 08/01 11:17:51 | 0.530612    0.547945    0.000000    0.702279    0.563086    0.592476    0.710348    2.443607    0.530612    0.563086    0.547945    0.592476    0.923077    0.955179    0.481481    0.465517    1900        276.363636  0.070400    0.193794    0.422383    8.400243   
[36mINFO[0m 08/01 11:18:11 | 0.554422    0.589041    0.000000    0.682692    0.545523    0.627743    0.707988    2.421438    0.554422    0.545523    0.589041    0.627743    0.865385    0.940113    0.500000    0.475862    2000        290.909091  0.084483    0.193928    0.478373    8.400243   
[36mINFO[0m 08/01 11:18:31 | 0.551020    0.575342    0.000000    0.635684    0.567589    0.584639    0.662533    2.708765    0.551020    0.567589    0.575342    0.584639    0.826923    0.890584    0.444444    0.434483    2100        305.454545  0.070956    0.193838    0.417816    8.400243   
[36mINFO[0m 08/01 11:18:51 | 0.564626    0.547945    0.000000    0.668269    0.570324    0.568182    0.709651    2.475452    0.564626    0.570324    0.547945    0.568182    0.836538    0.942750    0.500000    0.476552    2200        320.000000  0.062848    0.198301    0.414810    8.400243   
[36mINFO[0m 08/01 11:19:11 | 0.561224    0.575342    0.000000    0.686432    0.568462    0.617555    0.689797    3.709892    0.561224    0.568462    0.575342    0.617555    0.817308    0.925800    0.555556    0.453793    2300        334.545455  0.066818    0.193846    0.417179    8.400243   
[36mINFO[0m 08/01 11:19:31 | 0.554422    0.575342    0.000000    0.649395    0.563416    0.574451    0.702807    3.301737    0.554422    0.563416    0.575342    0.574451    0.817308    0.927684    0.481481    0.477931    2400        349.090909  0.059091    0.193863    0.472723    8.400243   
[36mINFO[0m 08/01 11:19:50 | 0.564626    0.589041    0.000000    0.705662    0.567401    0.595611    0.707163    2.672438    0.564626    0.567401    0.589041    0.595611    0.855769    0.924670    0.555556    0.489655    2500        363.636364  0.062542    0.193374    0.415354    8.400243   
[36mINFO[0m 08/01 11:20:10 | 0.530612    0.630137    0.000000    0.654558    0.558230    0.599922    0.695192    4.095013    0.530612    0.558230    0.630137    0.599922    0.846154    0.931073    0.462963    0.459310    2600        378.181818  0.068951    0.194127    0.445845    8.400243   
[36mINFO[0m 08/01 11:20:30 | 0.530612    0.534247    0.000000    0.673433    0.538286    0.513323    0.710181    3.552676    0.530612    0.538286    0.534247    0.513323    0.865385    0.938983    0.481481    0.481379    2700        392.727273  0.066646    0.193849    0.428497    8.400243   
[36mINFO[0m 08/01 11:20:50 | 0.517007    0.561644    0.000000    0.682336    0.537979    0.559561    0.705478    3.538539    0.517007    0.537979    0.561644    0.559561    0.846154    0.937853    0.518519    0.473103    2800        407.272727  0.055930    0.194158    0.413863    8.400243   
[36mINFO[0m 08/01 11:21:10 | 0.540816    0.589041    0.000000    0.673433    0.557216    0.539969    0.693746    3.615836    0.540816    0.557216    0.589041    0.539969    0.865385    0.925424    0.481481    0.462069    2900        421.818182  0.056864    0.193564    0.414704    8.400243   
[36mINFO[0m 08/01 11:21:29 | 0.551020    0.534247    0.000000    0.676460    0.532180    0.584639    0.704409    4.131641    0.551020    0.532180    0.534247    0.584639    0.778846    0.932957    0.574074    0.475862    3000        436.363636  0.056657    0.193657    0.405588    8.400243   
[36mINFO[0m 08/01 11:21:49 | 0.564626    0.602740    0.000000    0.687144    0.565067    0.608934    0.687097    3.587393    0.564626    0.565067    0.602740    0.608934    0.855769    0.919021    0.518519    0.455172    3100        450.909091  0.060355    0.193923    0.409266    8.400243   
[36mINFO[0m 08/01 11:22:09 | 0.527211    0.602740    0.000000    0.650107    0.551723    0.614420    0.696887    4.031888    0.527211    0.551723    0.602740    0.614420    0.855769    0.934463    0.444444    0.459310    3200        465.454545  0.049740    0.193789    0.463867    8.400243   
[36mINFO[0m 08/01 11:22:29 | 0.530612    0.547945    0.000000    0.668625    0.559668    0.582288    0.671834    3.638930    0.530612    0.559668    0.547945    0.582288    0.855769    0.925047    0.481481    0.418621    3300        480.000000  0.053085    0.194048    0.418813    8.400243   
[36mINFO[0m 08/01 11:22:49 | 0.547619    0.575342    0.000000    0.677885    0.542576    0.612069    0.700399    4.136510    0.547619    0.542576    0.575342    0.612069    0.855769    0.935970    0.500000    0.464828    3400        494.545455  0.060568    0.194052    0.407645    8.400243   
[36mINFO[0m 08/01 11:23:09 | 0.534014    0.575342    0.000000    0.673433    0.559621    0.602665    0.689171    2.729133    0.534014    0.559621    0.575342    0.602665    0.865385    0.927307    0.481481    0.451034    3500        509.090909  0.062150    0.193756    0.415038    8.400243   
[36mINFO[0m 08/01 11:23:28 | 0.557823    0.630137    0.000000    0.654558    0.570725    0.626959    0.681208    3.692862    0.557823    0.570725    0.630137    0.626959    0.846154    0.926554    0.462963    0.435862    3600        523.636364  0.044445    0.194230    0.418970    8.400243   
[36mINFO[0m 08/01 11:23:48 | 0.527211    0.602740    0.000000    0.677528    0.532345    0.567398    0.674085    4.463794    0.527211    0.532345    0.602740    0.567398    0.836538    0.915066    0.518519    0.433103    3700        538.181818  0.044580    0.194249    0.419585    8.400243   
[36mINFO[0m 08/01 11:24:08 | 0.534014    0.602740    0.000000    0.663818    0.542175    0.597962    0.686534    2.047300    0.534014    0.542175    0.602740    0.597962    0.846154    0.922034    0.481481    0.451034    3800        552.727273  0.067526    0.194061    0.430290    8.400243   
[36mINFO[0m 08/01 11:24:28 | 0.540816    0.602740    0.000000    0.668981    0.559102    0.613636    0.708802    2.768636    0.540816    0.559102    0.602740    0.613636    0.875000    0.938983    0.462963    0.478621    3900        567.272727  0.051159    0.195166    0.739726    8.400243   
[36mINFO[0m 08/01 11:24:49 | 0.523810    0.616438    0.000000    0.696047    0.535009    0.594828    0.691725    2.681321    0.523810    0.535009    0.616438    0.594828    0.836538    0.902072    0.555556    0.481379    4000        581.818182  0.049725    0.197762    0.471844    8.400243   
[36mINFO[0m 08/01 11:25:09 | 0.506803    0.630137    0.000000    0.682692    0.523669    0.614420    0.706717    3.065899    0.506803    0.523669    0.630137    0.614420    0.865385    0.914124    0.500000    0.499310    4100        596.363636  0.054816    0.194798    0.454058    8.400243   
[36mINFO[0m 08/01 11:25:29 | 0.527211    0.575342    0.000000    0.677528    0.543543    0.568966    0.706213    2.251412    0.527211    0.543543    0.575342    0.568966    0.836538    0.910358    0.518519    0.502069    4200        610.909091  0.046999    0.194548    0.442346    8.400243   
[36mINFO[0m 08/01 11:25:48 | 0.544218    0.616438    0.000000    0.691239    0.557593    0.619122    0.721977    3.090083    0.544218    0.557593    0.616438    0.619122    0.826923    0.903955    0.555556    0.540000    4300        625.454545  0.071250    0.194020    0.442997    8.400243   
[36mINFO[0m 08/01 11:26:08 | 0.540816    0.534247    0.000000    0.663462    0.535386    0.597962    0.691853    3.110492    0.540816    0.535386    0.534247    0.597962    0.826923    0.905085    0.500000    0.478621    4400        640.000000  0.051598    0.194333    0.471364    8.400243   
[36mINFO[0m 08/01 11:26:28 | 0.517007    0.630137    0.000000    0.682692    0.540902    0.624608    0.692864    3.022438    0.517007    0.540902    0.630137    0.624608    0.865385    0.918832    0.500000    0.466897    4500        654.545455  0.042321    0.193816    0.454059    8.400243   
[36mINFO[0m 08/01 11:26:48 | 0.500000    0.643836    0.000000    0.673433    0.536635    0.634796    0.678972    3.554059    0.500000    0.536635    0.643836    0.634796    0.865385    0.910358    0.481481    0.447586    4600        669.090909  0.041555    0.193297    0.435228    8.400243   
[36mINFO[0m 08/01 11:27:08 | 0.557823    0.602740    0.000000    0.672721    0.560422    0.576803    0.700068    3.522302    0.557823    0.560422    0.602740    0.576803    0.826923    0.907721    0.518519    0.492414    4700        683.636364  0.044924    0.193070    0.450175    8.400243   
[36mINFO[0m 08/01 11:27:28 | 0.544218    0.630137    0.000000    0.668625    0.555377    0.623041    0.703144    3.014002    0.544218    0.555377    0.630137    0.623041    0.855769    0.915254    0.481481    0.491034    4800        698.181818  0.056655    0.193371    0.451440    8.400243   
[36mINFO[0m 08/01 11:27:47 | 0.544218    0.616438    0.000000    0.663818    0.543779    0.632837    0.702118    3.612626    0.544218    0.543779    0.616438    0.632837    0.846154    0.927684    0.481481    0.476552    4900        712.727273  0.041745    0.193546    0.434694    8.400243   
[36mINFO[0m 08/01 11:28:07 | 0.540816    0.630137    0.000000    0.650463    0.553303    0.613636    0.691518    3.364439    0.540816    0.553303    0.630137    0.613636    0.875000    0.921657    0.425926    0.461379    5000        727.272727  0.045338    0.195327    0.444343    8.400243   
[36mINFO[0m 08/01 11:28:07 | ---
[36mINFO[0m 08/01 11:28:07 | oracle = 50.000%
[36mINFO[0m 08/01 11:28:07 | iid = 56.122%
[36mINFO[0m 08/01 11:28:07 | last = 54.082%
[36mINFO[0m 08/01 11:28:07 | last (inD) = 65.046%
[36mINFO[0m 08/01 11:28:07 | iid (inD) = 73.860%
[36mINFO[0m 08/01 11:28:08 | 
[36mINFO[0m 08/01 11:28:08 | Testenv name escaping te_01 -> te_01
[36mINFO[0m 08/01 11:28:08 | Test envs = [1], name = te_01
[36mINFO[0m 08/01 11:28:08 | Batch sizes for each domain: [32, 0, 32] (total=64)
[36mINFO[0m 08/01 11:28:08 | steps-per-epoch for each domain: 9.19, 6.88 -> min = 6.88
/home/s21_yhr/miniconda3/envs/GGA/lib/python3.11/site-packages/torchvision/models/_utils.py:208: UserWarning: The parameter 'pretrained' is deprecated since 0.13 and may be removed in the future, please use 'weights' instead.
  warnings.warn(
/home/s21_yhr/miniconda3/envs/GGA/lib/python3.11/site-packages/torchvision/models/_utils.py:223: UserWarning: Arguments other than a weight enum or `None` for 'weights' are deprecated since 0.13 and may be removed in the future. The current behavior is equivalent to passing `weights=ResNet50_Weights.IMAGENET1K_V1`. You can also use `weights=ResNet50_Weights.DEFAULT` to get the most up-to-date weights.
  warnings.warn(msg)
[36mINFO[0m 08/01 11:28:12 | # of params = 23512130
[36mINFO[0m 08/01 11:28:13 | test_in     test_out    train_in    train_out   test_in_au  train_out_  tr_outloss  test_out_a  env0_out    env0_out_a  env1_in     env1_in_au  env1_out    env1_out_a  env2_out    env2_out_a  step        epoch       loss        step_time   eval_time   mem_gb     
[36mINFO[0m 08/01 11:28:13 | 0.568019    0.653846    0.000000    0.530822    0.601778    0.546630    0.688240    0.656121    0.561644    0.541536    0.568019    0.601778    0.653846    0.656121    0.500000    0.551724    0           0.000000    0.708071    0.192015    0.652081    8.222371   
[36mINFO[0m 08/01 11:28:33 | 0.656325    0.711538    0.000000    0.533232    0.671188    0.606489    0.677733    0.775141    0.547945    0.590909    0.656325    0.671188    0.711538    0.775141    0.518519    0.622069    100         14.545455   0.671096    0.194606    0.524138    8.399633   
[36mINFO[0m 08/01 11:28:53 | 0.558473    0.596154    0.000000    0.591197    0.610440    0.599718    0.783900    0.615819    0.534247    0.581505    0.558473    0.610440    0.596154    0.615819    0.648148    0.617931    200         29.090909   0.619891    0.193680    0.531854    8.399633   
[36mINFO[0m 08/01 11:29:13 | 0.541766    0.644231    0.000000    0.523973    0.537953    0.573056    1.077923    0.630508    0.547945    0.602665    0.541766    0.537953    0.644231    0.630508    0.500000    0.543448    300         43.636364   0.451989    0.193581    0.524429    8.399633   
[36mINFO[0m 08/01 11:29:33 | 0.536993    0.653846    0.000000    0.535261    0.561204    0.579075    1.411761    0.635405    0.589041    0.668495    0.536993    0.561204    0.653846    0.635405    0.481481    0.489655    400         58.181818   0.292040    0.192219    0.535750    8.399633   
[36mINFO[0m 08/01 11:29:52 | 0.491647    0.567308    0.000000    0.521563    0.474949    0.571458    2.330646    0.567608    0.561644    0.644984    0.491647    0.474949    0.567308    0.567608    0.481481    0.497931    500         72.727273   0.201638    0.192233    0.525527    8.399633   
[36mINFO[0m 08/01 11:30:12 | 0.470167    0.567308    0.000000    0.576738    0.477844    0.578589    2.569914    0.578531    0.616438    0.666144    0.470167    0.477844    0.567308    0.578531    0.537037    0.491034    600         87.272727   0.153009    0.192345    0.510251    8.399633   
[36mINFO[0m 08/01 11:30:32 | 0.505967    0.576923    0.000000    0.528412    0.529177    0.550705    1.856415    0.656121    0.575342    0.597962    0.505967    0.529177    0.576923    0.656121    0.481481    0.503448    700         101.818182  0.143975    0.192997    0.511450    8.399633   
[36mINFO[0m 08/01 11:30:52 | 0.496420    0.625000    0.000000    0.565449    0.480226    0.601332    2.258847    0.592467    0.575342    0.706113    0.496420    0.480226    0.625000    0.592467    0.555556    0.496552    800         116.363636  0.115495    0.192963    0.528804    8.399633   
[36mINFO[0m 08/01 11:31:12 | 0.505967    0.634615    0.000000    0.551370    0.535343    0.580611    3.075150    0.669680    0.602740    0.682602    0.505967    0.535343    0.634615    0.669680    0.500000    0.478621    900         130.909091  0.097625    0.192993    0.539563    8.399633   
[36mINFO[0m 08/01 11:31:32 | 0.484487    0.596154    0.000000    0.576738    0.496011    0.589232    3.047448    0.661770    0.616438    0.665361    0.484487    0.496011    0.596154    0.661770    0.537037    0.513103    1000        145.454545  0.091440    0.193136    0.496724    8.399633   
[36mINFO[0m 08/01 11:31:51 | 0.486874    0.615385    0.000000    0.620244    0.491372    0.600987    3.477454    0.659887    0.684932    0.706113    0.486874    0.491372    0.615385    0.659887    0.555556    0.495862    1100        160.000000  0.071801    0.193552    0.498348    8.399633   
[36mINFO[0m 08/01 11:32:11 | 0.520286    0.605769    0.000000    0.638762    0.477764    0.614702    2.530760    0.592844    0.684932    0.716301    0.520286    0.477764    0.605769    0.592844    0.592593    0.513103    1200        174.545455  0.088425    0.192851    0.533116    8.399633   
[36mINFO[0m 08/01 11:32:31 | 0.446301    0.509615    0.000000    0.562659    0.430214    0.586944    3.105250    0.496422    0.643836    0.724922    0.446301    0.430214    0.509615    0.496422    0.481481    0.448966    1300        189.090909  0.063200    0.192712    0.498301    8.399633   
[36mINFO[0m 08/01 11:32:51 | 0.491647    0.596154    0.000000    0.571918    0.476704    0.590392    3.032621    0.600565    0.643836    0.673197    0.491647    0.476704    0.596154    0.600565    0.500000    0.507586    1400        203.636364  0.073027    0.193015    0.492991    8.399633   
[36mINFO[0m 08/01 11:33:11 | 0.467780    0.567308    0.000000    0.565068    0.464007    0.584028    3.750071    0.590584    0.630137    0.676332    0.467780    0.464007    0.567308    0.590584    0.500000    0.491724    1500        218.181818  0.077129    0.193665    0.503604    8.399633   
[36mINFO[0m 08/01 11:33:30 | 0.479714    0.634615    0.000000    0.581177    0.499863    0.579828    2.841988    0.658004    0.643836    0.681034    0.479714    0.499863    0.634615    0.658004    0.518519    0.478621    1600        232.727273  0.067060    0.192195    0.537405    8.399633   
[36mINFO[0m 08/01 11:33:50 | 0.496420    0.557692    0.000000    0.533232    0.509334    0.561473    4.222365    0.622787    0.547945    0.656740    0.496420    0.509334    0.557692    0.622787    0.518519    0.466207    1700        247.272727  0.054923    0.192592    0.507495    8.399633   
[36mINFO[0m 08/01 11:34:10 | 0.527446    0.634615    0.000000    0.537291    0.568145    0.556160    4.102782    0.675330    0.630137    0.654389    0.527446    0.568145    0.634615    0.675330    0.444444    0.457931    1800        261.818182  0.049972    0.192257    0.506130    8.399633   
[36mINFO[0m 08/01 11:34:30 | 0.501193    0.596154    0.000000    0.514333    0.528060    0.588072    4.115019    0.593597    0.602740    0.692006    0.501193    0.528060    0.596154    0.593597    0.425926    0.484138    1900        276.363636  0.060132    0.192979    0.500283    8.399633   
[36mINFO[0m 08/01 11:34:50 | 0.529833    0.586538    0.000000    0.558219    0.553909    0.566207    4.220882    0.624482    0.616438    0.689655    0.529833    0.553909    0.586538    0.624482    0.500000    0.442759    2000        290.909091  0.057307    0.193434    0.520541    8.399633   
[36mINFO[0m 08/01 11:35:10 | 0.525060    0.567308    0.000000    0.569508    0.532756    0.557288    3.201666    0.603766    0.657534    0.638715    0.525060    0.532756    0.567308    0.603766    0.481481    0.475862    2100        305.454545  0.066250    0.193473    0.527766    8.399633   
[36mINFO[0m 08/01 11:35:29 | 0.467780    0.625000    0.000000    0.576738    0.479462    0.592053    2.940928    0.646893    0.616438    0.660658    0.467780    0.479462    0.625000    0.646893    0.537037    0.523448    2200        320.000000  0.057649    0.194046    0.483517    8.399633   
[36mINFO[0m 08/01 11:35:49 | 0.441527    0.596154    0.000000    0.548960    0.457055    0.579828    3.115632    0.611676    0.616438    0.681034    0.441527    0.457055    0.596154    0.611676    0.481481    0.478621    2300        334.545455  0.040673    0.193895    0.510099    8.399633   
[36mINFO[0m 08/01 11:36:09 | 0.515513    0.644231    0.000000    0.560249    0.556303    0.590502    3.096426    0.665537    0.657534    0.703762    0.515513    0.556303    0.644231    0.665537    0.462963    0.477241    2400        349.090909  0.058062    0.192985    0.533089    8.399633   
[36mINFO[0m 08/01 11:36:29 | 0.510740    0.644231    0.000000    0.567478    0.532357    0.585878    2.762688    0.641808    0.616438    0.701411    0.510740    0.532357    0.644231    0.641808    0.518519    0.470345    2500        363.636364  0.051446    0.193006    0.514264    8.399633   
[36mINFO[0m 08/01 11:36:49 | 0.501193    0.605769    0.000000    0.530822    0.484021    0.555243    5.595915    0.615631    0.561644    0.664969    0.501193    0.484021    0.605769    0.615631    0.500000    0.445517    2600        378.181818  0.040646    0.192874    0.497122    8.399633   
[36mINFO[0m 08/01 11:37:09 | 0.529833    0.605769    0.000000    0.558219    0.523513    0.600055    4.208273    0.611676    0.616438    0.704937    0.529833    0.523513    0.605769    0.611676    0.500000    0.495172    2700        392.727273  0.043188    0.198582    0.540340    8.399633   
[36mINFO[0m 08/01 11:37:29 | 0.494033    0.615385    0.000000    0.555809    0.493515    0.569373    4.395425    0.623352    0.630137    0.684953    0.494033    0.493515    0.615385    0.623352    0.481481    0.453793    2800        407.272727  0.050098    0.194450    0.509892    8.399633   
[36mINFO[0m 08/01 11:37:49 | 0.548926    0.634615    0.000000    0.567478    0.563494    0.587712    3.934753    0.645009    0.616438    0.714734    0.548926    0.563494    0.634615    0.645009    0.518519    0.460690    2900        421.818182  0.039327    0.194142    0.618493    8.399633   
[36mINFO[0m 08/01 11:38:09 | 0.527446    0.653846    0.000000    0.548960    0.546843    0.589420    3.841222    0.696045    0.616438    0.702978    0.527446    0.546843    0.653846    0.696045    0.481481    0.475862    3000        436.363636  0.038443    0.194980    0.513192    8.399633   
[36mINFO[0m 08/01 11:38:29 | 0.513126    0.625000    0.000000    0.548960    0.508457    0.547476    3.534689    0.654237    0.616438    0.659091    0.513126    0.508457    0.625000    0.654237    0.481481    0.435862    3100        450.909091  0.045055    0.194357    0.501683    8.399633   
[36mINFO[0m 08/01 11:38:50 | 0.515513    0.586538    0.000000    0.565068    0.526772    0.583519    3.531918    0.589266    0.630137    0.699451    0.515513    0.526772    0.586538    0.589266    0.500000    0.467586    3200        465.454545  0.050561    0.197633    0.541492    8.399633   
[36mINFO[0m 08/01 11:39:10 | 0.534606    0.576923    0.000000    0.574708    0.532585    0.580486    4.066224    0.623352    0.575342    0.692006    0.534606    0.532585    0.576923    0.623352    0.574074    0.468966    3300        480.000000  0.043542    0.194723    0.511644    8.399633   
[36mINFO[0m 08/01 11:39:29 | 0.510740    0.634615    0.000000    0.542111    0.529918    0.572163    4.290776    0.650094    0.602740    0.673981    0.510740    0.529918    0.634615    0.650094    0.481481    0.470345    3400        494.545455  0.038675    0.193904    0.527997    8.399633   
[36mINFO[0m 08/01 11:39:49 | 0.536993    0.567308    0.000000    0.572298    0.564452    0.558425    4.227795    0.620904    0.589041    0.672022    0.536993    0.564452    0.567308    0.620904    0.555556    0.444828    3500        509.090909  0.041428    0.194625    0.510799    8.399633   
[36mINFO[0m 08/01 11:40:09 | 0.556086    0.644231    0.000000    0.542491    0.582676    0.592657    4.354793    0.654049    0.547945    0.673589    0.556086    0.582676    0.644231    0.654049    0.537037    0.511724    3600        523.636364  0.039819    0.193904    0.509648    8.399633   
[36mINFO[0m 08/01 11:40:29 | 0.510740    0.596154    0.000000    0.537671    0.575747    0.518542    2.874027    0.680226    0.575342    0.579154    0.510740    0.575747    0.596154    0.680226    0.500000    0.457931    3700        538.181818  0.039069    0.194850    0.499378    8.399633   
[36mINFO[0m 08/01 11:40:49 | 0.536993    0.615385    0.000000    0.581177    0.582357    0.552524    3.264926    0.674576    0.643836    0.651254    0.536993    0.582357    0.615385    0.674576    0.518519    0.453793    3800        552.727273  0.039966    0.194460    0.519042    8.399633   
[36mINFO[0m 08/01 11:41:09 | 0.515513    0.576923    0.000000    0.611365    0.535400    0.581520    3.562065    0.601130    0.630137    0.657524    0.515513    0.535400    0.576923    0.601130    0.592593    0.505517    3900        567.272727  0.035370    0.194230    0.507211    8.399633   
[36mINFO[0m 08/01 11:41:29 | 0.472554    0.576923    0.000000    0.588407    0.489378    0.575502    3.446801    0.598117    0.602740    0.660658    0.472554    0.489378    0.576923    0.598117    0.574074    0.490345    4000        581.818182  0.040192    0.194171    0.507225    8.399633   
[36mINFO[0m 08/01 11:41:49 | 0.536993    0.605769    0.000000    0.611365    0.540814    0.613135    4.091935    0.648399    0.630137    0.678683    0.536993    0.540814    0.605769    0.648399    0.592593    0.547586    4100        596.363636  0.036933    0.194108    0.524933    8.399633   
[36mINFO[0m 08/01 11:42:09 | 0.503580    0.615385    0.000000    0.556190    0.511432    0.563495    3.409518    0.622411    0.575342    0.638715    0.503580    0.511432    0.615385    0.622411    0.537037    0.488276    4200        610.909091  0.031100    0.194084    0.506526    8.399633   
[36mINFO[0m 08/01 11:42:29 | 0.463007    0.538462    0.000000    0.562659    0.449236    0.586379    4.194136    0.564030    0.643836    0.698276    0.463007    0.449236    0.538462    0.564030    0.481481    0.474483    4300        625.454545  0.037706    0.194694    0.574019    8.399633   
[36mINFO[0m 08/01 11:42:49 | 0.498807    0.644231    0.000000    0.581558    0.521085    0.584091    4.249024    0.654991    0.589041    0.671630    0.498807    0.521085    0.644231    0.654991    0.574074    0.496552    4400        640.000000  0.027793    0.194352    0.520834    8.399633   
[36mINFO[0m 08/01 11:43:09 | 0.520286    0.625000    0.000000    0.512303    0.505607    0.562226    3.553595    0.680791    0.561644    0.652038    0.520286    0.505607    0.625000    0.680791    0.462963    0.472414    4500        654.545455  0.034533    0.193727    0.535332    8.399633   
[36mINFO[0m 08/01 11:43:29 | 0.527446    0.528846    0.000000    0.558219    0.556508    0.558292    2.962879    0.608286    0.616438    0.666928    0.527446    0.556508    0.528846    0.608286    0.500000    0.449655    4600        669.090909  0.064902    0.194096    0.533556    8.399633   
[36mINFO[0m 08/01 11:43:49 | 0.525060    0.528846    0.000000    0.601725    0.570527    0.588119    3.464896    0.622599    0.684932    0.675549    0.525060    0.570527    0.528846    0.622599    0.518519    0.500690    4700        683.636364  0.045080    0.194117    0.522659    8.399633   
[36mINFO[0m 08/01 11:44:09 | 0.508353    0.615385    0.000000    0.585616    0.525439    0.591826    3.275841    0.651977    0.671233    0.705721    0.508353    0.525439    0.615385    0.651977    0.500000    0.477931    4800        698.181818  0.039344    0.193838    0.523284    8.399633   
[36mINFO[0m 08/01 11:44:29 | 0.489260    0.557692    0.000000    0.528031    0.489344    0.561105    3.750845    0.567985    0.630137    0.682210    0.489260    0.489344    0.557692    0.567985    0.425926    0.440000    4900        712.727273  0.038485    0.193965    0.510861    8.399633   
[36mINFO[0m 08/01 11:44:49 | 0.515513    0.634615    0.000000    0.574328    0.557032    0.619483    2.616722    0.639171    0.630137    0.732759    0.515513    0.557032    0.634615    0.639171    0.518519    0.506207    5000        727.272727  0.039904    0.193746    0.543544    8.399633   
[36mINFO[0m 08/01 11:44:49 | ---
[36mINFO[0m 08/01 11:44:49 | oracle = 65.632%
[36mINFO[0m 08/01 11:44:49 | iid = 52.029%
[36mINFO[0m 08/01 11:44:49 | last = 51.551%
[36mINFO[0m 08/01 11:44:49 | last (inD) = 57.433%
[36mINFO[0m 08/01 11:44:49 | iid (inD) = 63.876%
[36mINFO[0m 08/01 11:44:50 | 
[36mINFO[0m 08/01 11:44:50 | Testenv name escaping te_02 -> te_02
[36mINFO[0m 08/01 11:44:50 | Test envs = [2], name = te_02
[36mINFO[0m 08/01 11:44:50 | Batch sizes for each domain: [32, 32, 0] (total=64)
[36mINFO[0m 08/01 11:44:50 | steps-per-epoch for each domain: 9.19, 13.09 -> min = 9.19
/home/s21_yhr/miniconda3/envs/GGA/lib/python3.11/site-packages/torchvision/models/_utils.py:208: UserWarning: The parameter 'pretrained' is deprecated since 0.13 and may be removed in the future, please use 'weights' instead.
  warnings.warn(
/home/s21_yhr/miniconda3/envs/GGA/lib/python3.11/site-packages/torchvision/models/_utils.py:223: UserWarning: Arguments other than a weight enum or `None` for 'weights' are deprecated since 0.13 and may be removed in the future. The current behavior is equivalent to passing `weights=ResNet50_Weights.IMAGENET1K_V1`. You can also use `weights=ResNet50_Weights.DEFAULT` to get the most up-to-date weights.
  warnings.warn(msg)
[36mINFO[0m 08/01 11:44:54 | # of params = 23512130
[36mINFO[0m 08/01 11:44:54 | test_in     test_out    train_in    train_out   test_in_au  train_out_  tr_outloss  test_out_a  env0_out    env0_out_a  env1_out    env1_out_a  env2_in     env2_in_au  env2_out    env2_out_a  step        epoch       loss        step_time   eval_time   mem_gb     
[36mINFO[0m 08/01 11:44:54 | 0.581818    0.537037    0.000000    0.585024    0.568784    0.642394    0.703681    0.459310    0.602740    0.467085    0.567308    0.817702    0.581818    0.568784    0.537037    0.459310    0           0.000000    0.723147    0.207597    0.421248    8.222371   
[36mINFO[0m 08/01 11:45:14 | 0.586364    0.500000    0.000000    0.776607    0.649881    0.812879    0.507522    0.540690    0.630137    0.683386    0.923077    0.942373    0.586364    0.649881    0.500000    0.540690    100         10.884354   0.640519    0.194680    0.361602    8.399633   
[36mINFO[0m 08/01 11:45:34 | 0.590909    0.611111    0.000000    0.747761    0.616253    0.770927    0.622234    0.548966    0.630137    0.588558    0.865385    0.953296    0.590909    0.616253    0.611111    0.548966    200         21.768707   0.536105    0.194053    0.348797    8.399633   
[36mINFO[0m 08/01 11:45:54 | 0.595455    0.518519    0.000000    0.744402    0.621518    0.774836    0.574698    0.522759    0.575342    0.586207    0.913462    0.963465    0.595455    0.621518    0.518519    0.522759    300         32.653061   0.435907    0.193628    0.339369    8.399633   
[36mINFO[0m 08/01 11:46:14 | 0.572727    0.518519    0.000000    0.737553    0.595279    0.771498    0.690720    0.477241    0.561644    0.579154    0.913462    0.963842    0.572727    0.595279    0.518519    0.477241    400         43.537415   0.322039    0.196607    0.367515    8.399633   
[36mINFO[0m 08/01 11:46:33 | 0.600000    0.518519    0.000000    0.706665    0.622028    0.771753    1.032902    0.533793    0.547945    0.572884    0.865385    0.970621    0.600000    0.622028    0.518519    0.533793    500         54.421769   0.253059    0.193445    0.348379    8.399633   
[36mINFO[0m 08/01 11:46:53 | 0.572727    0.518519    0.000000    0.713514    0.618886    0.778916    1.006408    0.515862    0.561644    0.612069    0.865385    0.945763    0.572727    0.618886    0.518519    0.515862    600         65.306122   0.199368    0.194131    0.365549    8.399633   
[36mINFO[0m 08/01 11:47:13 | 0.604545    0.462963    0.000000    0.715556    0.640455    0.797485    1.160818    0.431724    0.575342    0.656740    0.855769    0.938230    0.604545    0.640455    0.462963    0.431724    700         76.190476   0.189252    0.193871    0.360396    8.399633   
[36mINFO[0m 08/01 11:47:33 | 0.540909    0.518519    0.000000    0.697050    0.653448    0.755256    1.537063    0.499310    0.547945    0.576803    0.846154    0.933710    0.540909    0.653448    0.518519    0.499310    800         87.074830   0.149789    0.194565    0.358499    8.399633   
[36mINFO[0m 08/01 11:47:52 | 0.568182    0.500000    0.000000    0.725171    0.630010    0.792479    1.077918    0.500690    0.575342    0.631661    0.875000    0.953296    0.568182    0.630010    0.500000    0.500690    900         97.959184   0.124338    0.193635    0.361905    8.399633   
[36mINFO[0m 08/01 11:48:12 | 0.554545    0.518519    0.000000    0.710748    0.596722    0.766854    1.544576    0.464828    0.575342    0.601881    0.846154    0.931827    0.554545    0.596722    0.518519    0.464828    1000        108.843537  0.117256    0.194204    0.363836    8.399633   
[36mINFO[0m 08/01 11:48:32 | 0.563636    0.481481    0.000000    0.683351    0.610139    0.744855    1.252588    0.497931    0.520548    0.545455    0.846154    0.944256    0.563636    0.610139    0.481481    0.497931    1100        119.727891  0.105926    0.193549    0.354012    8.399633   
[36mINFO[0m 08/01 11:48:52 | 0.527273    0.481481    0.000000    0.720364    0.599355    0.770559    1.290538    0.444138    0.575342    0.598746    0.865385    0.942373    0.527273    0.599355    0.481481    0.444138    1200        130.612245  0.148267    0.193170    0.365553    8.399633   
[36mINFO[0m 08/01 11:49:11 | 0.640909    0.574074    0.000000    0.680585    0.633662    0.777853    1.198051    0.514483    0.534247    0.605799    0.826923    0.949906    0.640909    0.633662    0.574074    0.514483    1300        141.496599  0.106360    0.193929    0.351070    8.399633   
[36mINFO[0m 08/01 11:49:31 | 0.622727    0.555556    0.000000    0.723130    0.637398    0.774168    1.508693    0.554483    0.561644    0.600313    0.884615    0.948023    0.622727    0.637398    0.555556    0.554483    1400        152.380952  0.088071    0.194060    0.356604    8.399633   
[36mINFO[0m 08/01 11:49:51 | 0.609091    0.574074    0.000000    0.721681    0.607846    0.773579    1.508428    0.560000    0.616438    0.637931    0.826923    0.909228    0.609091    0.607846    0.574074    0.560000    1500        163.265306  0.088751    0.194263    0.361998    8.399633   
[36mINFO[0m 08/01 11:50:11 | 0.572727    0.462963    0.000000    0.694283    0.592901    0.766775    1.527174    0.468966    0.561644    0.626959    0.826923    0.906591    0.572727    0.592901    0.462963    0.468966    1600        174.149660  0.085885    0.193803    0.368854    8.399633   
[36mINFO[0m 08/01 11:50:30 | 0.536364    0.574074    0.000000    0.685393    0.598888    0.768653    1.678336    0.562069    0.534247    0.597571    0.836538    0.939736    0.536364    0.598888    0.574074    0.562069    1700        185.034014  0.077937    0.193705    0.356635    8.399633   
[36mINFO[0m 08/01 11:50:50 | 0.554545    0.518519    0.000000    0.717597    0.590948    0.781167    1.526465    0.504828    0.589041    0.650470    0.846154    0.911864    0.554545    0.590948    0.518519    0.504828    1800        195.918367  0.080590    0.193781    0.360895    8.399633   
[36mINFO[0m 08/01 11:51:10 | 0.600000    0.537037    0.000000    0.749802    0.608865    0.793059    1.461727    0.579310    0.643836    0.632445    0.855769    0.953672    0.600000    0.608865    0.537037    0.579310    1900        206.802721  0.076102    0.194089    0.358532    8.399633   
[36mINFO[0m 08/01 11:51:30 | 0.631818    0.500000    0.000000    0.710748    0.646315    0.745636    1.668142    0.475862    0.575342    0.614812    0.846154    0.876460    0.631818    0.646315    0.500000    0.475862    2000        217.687075  0.081423    0.193771    0.373465    8.399633   
[36mINFO[0m 08/01 11:51:49 | 0.518182    0.518519    0.000000    0.705940    0.577785    0.748440    1.070098    0.507586    0.575342    0.584639    0.836538    0.912241    0.518182    0.577785    0.518519    0.507586    2100        228.571429  0.076287    0.193532    0.360201    8.399633   
[36mINFO[0m 08/01 11:52:09 | 0.531818    0.574074    0.000000    0.703174    0.573709    0.768892    2.065206    0.488276    0.589041    0.629310    0.817308    0.908475    0.531818    0.573709    0.574074    0.488276    2200        239.455782  0.069104    0.194100    0.356703    8.399633   
[36mINFO[0m 08/01 11:52:29 | 0.545455    0.481481    0.000000    0.687434    0.569845    0.748164    2.033444    0.473103    0.547945    0.599530    0.826923    0.896798    0.545455    0.569845    0.481481    0.473103    2300        250.340136  0.066448    0.194249    0.411754    8.399633   
[36mINFO[0m 08/01 11:52:49 | 0.572727    0.555556    0.000000    0.701133    0.608950    0.749285    1.792559    0.546207    0.575342    0.589342    0.826923    0.909228    0.572727    0.608950    0.555556    0.546207    2400        261.224490  0.066400    0.194467    0.369131    8.399633   
[36mINFO[0m 08/01 11:53:09 | 0.536364    0.500000    0.000000    0.696325    0.592731    0.749294    1.670051    0.484138    0.575342    0.599530    0.817308    0.899058    0.536364    0.592731    0.500000    0.484138    2500        272.108844  0.062108    0.197111    0.366446    8.399633   
[36mINFO[0m 08/01 11:53:29 | 0.627273    0.518519    0.000000    0.740911    0.662576    0.771362    1.754745    0.561379    0.616438    0.620690    0.865385    0.922034    0.627273    0.662576    0.518519    0.561379    2600        282.993197  0.067924    0.194444    0.371697    8.399633   
[36mINFO[0m 08/01 11:53:49 | 0.586364    0.481481    0.000000    0.687434    0.586787    0.739440    1.391562    0.473103    0.547945    0.596395    0.826923    0.882486    0.586364    0.586787    0.481481    0.473103    2700        293.877551  0.065859    0.194934    0.369558    8.399633   
[36mINFO[0m 08/01 11:54:09 | 0.572727    0.481481    0.000000    0.691517    0.617103    0.763081    1.707619    0.525517    0.575342    0.611285    0.807692    0.914878    0.572727    0.617103    0.481481    0.525517    2800        304.761905  0.058224    0.195524    0.363238    8.399633   
[36mINFO[0m 08/01 11:54:28 | 0.618182    0.500000    0.000000    0.705940    0.650306    0.780772    1.457565    0.491034    0.575342    0.630094    0.836538    0.931450    0.618182    0.650306    0.500000    0.491034    2900        315.646259  0.068474    0.193500    0.365339    8.399633   
[36mINFO[0m 08/01 11:54:48 | 0.577273    0.481481    0.000000    0.687434    0.642663    0.755166    1.901152    0.506207    0.547945    0.620690    0.826923    0.889642    0.577273    0.642663    0.481481    0.506207    3000        326.530612  0.050380    0.193677    0.366098    8.399633   
[36mINFO[0m 08/01 11:55:08 | 0.581818    0.444444    0.000000    0.707258    0.608738    0.763353    1.134916    0.474483    0.616438    0.654389    0.798077    0.872316    0.581818    0.608738    0.444444    0.474483    3100        337.414966  0.054184    0.193193    0.361715    8.399633   
[36mINFO[0m 08/01 11:55:28 | 0.604545    0.500000    0.000000    0.690200    0.638417    0.770548    1.775140    0.455172    0.534247    0.617555    0.846154    0.923540    0.604545    0.638417    0.500000    0.455172    3200        348.299320  0.050997    0.197322    0.389050    8.399633   
[36mINFO[0m 08/01 11:55:48 | 0.618182    0.537037    0.000000    0.760735    0.634851    0.801036    1.521419    0.526897    0.684932    0.674765    0.836538    0.927307    0.618182    0.634851    0.537037    0.526897    3300        359.183673  0.057570    0.193676    0.373797    8.399633   
[36mINFO[0m 08/01 11:56:07 | 0.581818    0.500000    0.000000    0.715556    0.638884    0.766368    1.800719    0.544828    0.575342    0.625392    0.855769    0.907345    0.581818    0.638884    0.500000    0.544828    3400        370.068027  0.062268    0.193897    0.356761    8.399633   
[36mINFO[0m 08/01 11:56:27 | 0.586364    0.481481    0.000000    0.683944    0.606318    0.776739    2.166366    0.430345    0.589041    0.655172    0.778846    0.898305    0.586364    0.606318    0.481481    0.430345    3500        380.952381  0.050210    0.193685    0.365433    8.399633   
[36mINFO[0m 08/01 11:56:47 | 0.554545    0.537037    0.000000    0.757376    0.602751    0.803580    1.917384    0.536552    0.630137    0.660266    0.884615    0.946893    0.554545    0.602751    0.537037    0.536552    3600        391.836735  0.043115    0.194133    0.360730    8.399633   
[36mINFO[0m 08/01 11:57:07 | 0.581818    0.537037    0.000000    0.738870    0.650560    0.801521    1.277174    0.537931    0.602740    0.651254    0.875000    0.951789    0.581818    0.650560    0.537037    0.537931    3700        402.721088  0.068044    0.194145    0.369085    8.399633   
[36mINFO[0m 08/01 11:57:27 | 0.568182    0.518519    0.000000    0.717597    0.607592    0.795021    1.559122    0.555862    0.589041    0.655956    0.846154    0.934087    0.568182    0.607592    0.518519    0.555862    3800        413.605442  0.049080    0.194094    0.372066    8.399633   
[36mINFO[0m 08/01 11:57:46 | 0.572727    0.537037    0.000000    0.722405    0.614725    0.804514    1.612211    0.522759    0.589041    0.659875    0.855769    0.949153    0.572727    0.614725    0.537037    0.522759    3900        424.489796  0.047558    0.194116    0.367893    8.399633   
[36mINFO[0m 08/01 11:58:06 | 0.572727    0.500000    0.000000    0.703899    0.636294    0.760120    1.865282    0.546207    0.561644    0.604232    0.846154    0.916008    0.572727    0.636294    0.500000    0.546207    4000        435.374150  0.043391    0.193693    0.366819    8.399633   
[36mINFO[0m 08/01 11:58:26 | 0.545455    0.481481    0.000000    0.673736    0.634086    0.770404    2.112706    0.548276    0.520548    0.634404    0.826923    0.906403    0.545455    0.634086    0.481481    0.548276    4100        446.258503  0.049302    0.193755    0.372843    8.399633   
[36mINFO[0m 08/01 11:58:46 | 0.550000    0.555556    0.000000    0.658588    0.629586    0.763102    1.870898    0.544828    0.547945    0.641458    0.769231    0.884746    0.550000    0.629586    0.555556    0.544828    4200        457.142857  0.042350    0.194101    0.363528    8.399633   
[36mINFO[0m 08/01 11:59:05 | 0.609091    0.500000    0.000000    0.711473    0.616168    0.782543    1.860605    0.482069    0.547945    0.634013    0.875000    0.931073    0.609091    0.616168    0.500000    0.482069    4300        468.027211  0.060234    0.193744    0.364726    8.399633   
[36mINFO[0m 08/01 11:59:25 | 0.613636    0.555556    0.000000    0.690793    0.635403    0.776490    1.396855    0.551724    0.602740    0.652038    0.778846    0.900942    0.613636    0.635403    0.555556    0.551724    4400        478.911565  0.049588    0.193973    0.364518    8.399633   
[36mINFO[0m 08/01 11:59:45 | 0.568182    0.518519    0.000000    0.693559    0.599270    0.796081    1.636189    0.532414    0.589041    0.642633    0.798077    0.949529    0.568182    0.599270    0.518519    0.532414    4500        489.795918  0.042937    0.193695    0.360791    8.399633   
[36mINFO[0m 08/01 12:00:05 | 0.590909    0.555556    0.000000    0.689476    0.622368    0.786395    1.506965    0.513793    0.561644    0.648119    0.817308    0.924670    0.590909    0.622368    0.555556    0.513793    4600        500.680272  0.039705    0.194097    0.367552    8.399633   
[36mINFO[0m 08/01 12:00:24 | 0.581818    0.611111    0.000000    0.729254    0.624066    0.795179    1.440275    0.562759    0.602740    0.654389    0.855769    0.935970    0.581818    0.624066    0.611111    0.562759    4700        511.564626  0.046834    0.193834    0.366243    8.399633   
[36mINFO[0m 08/01 12:00:44 | 0.568182    0.425926    0.000000    0.715556    0.601011    0.795512    1.510297    0.495172    0.575342    0.661834    0.855769    0.929190    0.568182    0.601011    0.425926    0.495172    4800        522.448980  0.041353    0.194073    0.365108    8.399633   
[36mINFO[0m 08/01 12:01:04 | 0.554545    0.518519    0.000000    0.731296    0.585428    0.784534    1.768622    0.440000    0.616438    0.649295    0.846154    0.919774    0.554545    0.585428    0.518519    0.440000    4900        533.333333  0.042261    0.194544    0.361309    8.399633   
[36mINFO[0m 08/01 12:01:24 | 0.568182    0.537037    0.000000    0.716873    0.630222    0.801163    1.558445    0.536552    0.616438    0.710423    0.817308    0.891902    0.568182    0.630222    0.537037    0.536552    5000        544.217687  0.060126    0.193685    0.368143    8.399633   
[36mINFO[0m 08/01 12:01:24 | ---
[36mINFO[0m 08/01 12:01:24 | oracle = 59.091%
[36mINFO[0m 08/01 12:01:24 | iid = 58.636%
[36mINFO[0m 08/01 12:01:24 | last = 56.818%
[36mINFO[0m 08/01 12:01:24 | last (inD) = 71.687%
[36mINFO[0m 08/01 12:01:24 | iid (inD) = 77.661%
[36mINFO[0m 08/01 12:01:25 | === Summary ===
[36mINFO[0m 08/01 12:01:25 | Command: /home/s21_yhr/lzh/DomainBed-new/train_all.py HTP_ALOFT_S_seed2 --dataset HTP --data_dir /home/s21_yhr/lzh/DomainBed-new/dataset --algorithm ALOFT_S --steps 5000 --checkpoint_freq 100 --batch_size 32 --optimizer adam --lr 5e-5 --weight_decay 0 --resnet_dropout 0 --resnet18 False --pretrained True --freeze_bn True --swad False --seed 2 --trial_seed 2 --deterministic --prebuild_loader --cache_size 640 --aloft_alpha 0.9 --aloft_mask_ratio 0.5 --aloft_perturb_prob 1.0
[36mINFO[0m 08/01 12:01:25 | Unique name: 260801_11-11-28_HTP_ALOFT_S_seed2
[36mINFO[0m 08/01 12:01:25 | Out path: train_output/HTP/260801_11-11-28_HTP_ALOFT_S_seed2
[36mINFO[0m 08/01 12:01:25 | Algorithm: ALOFT_S
[36mINFO[0m 08/01 12:01:25 | Dataset: HTP
+------------+---------+---------+---------+---------+
| Selection  |    00   |    01   |    02   |   Avg.  |
+------------+---------+---------+---------+---------+
|   oracle   | 50.000% | 65.632% | 59.091% | 58.241% |
|    iid     | 56.122% | 52.029% | 58.636% | 55.596% |
|    last    | 54.082% | 51.551% | 56.818% | 54.150% |
| last (inD) | 65.046% | 57.433% | 71.687% | 64.722% |
| iid (inD)  | 73.860% | 63.876% | 77.661% | 71.799% |
+------------+---------+---------+---------+---------+
================================================================================
Starting ALOFT_S, seed=3, physical GPU=3
/home/s21_yhr/miniconda3/envs/GGA/bin/python /home/s21_yhr/lzh/DomainBed-new/train_all.py HTP_ALOFT_S_seed3 --dataset HTP --data_dir /home/s21_yhr/lzh/DomainBed-new/dataset --algorithm ALOFT_S --steps 5000 --checkpoint_freq 100 --batch_size 32 --optimizer adam --lr 5e-5 --weight_decay 0 --resnet_dropout 0 --resnet18 False --pretrained True --freeze_bn True --swad False --seed 3 --trial_seed 3 --deterministic --prebuild_loader --cache_size 640 --aloft_alpha 0.9 --aloft_mask_ratio 0.5 --aloft_perturb_prob 1.0
================================================================================
[36mINFO[0m 08/01 12:01:31 | Command :: /home/s21_yhr/lzh/DomainBed-new/train_all.py HTP_ALOFT_S_seed3 --dataset HTP --data_dir /home/s21_yhr/lzh/DomainBed-new/dataset --algorithm ALOFT_S --steps 5000 --checkpoint_freq 100 --batch_size 32 --optimizer adam --lr 5e-5 --weight_decay 0 --resnet_dropout 0 --resnet18 False --pretrained True --freeze_bn True --swad False --seed 3 --trial_seed 3 --deterministic --prebuild_loader --cache_size 640 --aloft_alpha 0.9 --aloft_mask_ratio 0.5 --aloft_perturb_prob 1.0
Environment:
	Python: 3.11.15
	PyTorch: 2.11.0+cu128
	Torchvision: 0.26.0+cu128
	CUDA: 12.8
	CUDNN: 91900
	NumPy: 1.26.4
	PIL: 12.2.0
Args:
	algorithm: ALOFT_S
	batch_size: 32
	cache_root: cache
	cache_size: 640
	checkpoint_freq: 100
	configs: []
	data_dir: /home/s21_yhr/lzh/DomainBed-new/dataset
	dataset: HTP
	debug: False
	deterministic: True
	end_step: 200
	evalmode: fast
	extra_search: n
	extra_search_end: None
	extra_search_start: None
	gga_l_gamma: 0.001
	grad_fn: sum
	holdout_fraction: 0.2
	model_save: None
	name: HTP_ALOFT_S_seed3
	neighborhoodSize: 1e-06
	out_dir: train_output/HTP/260801_12-01-31_HTP_ALOFT_S_seed3
	out_root: train_output/HTP
	prebuild_loader: True
	seed: 3
	show: False
	start_step: 100
	steps: 5000
	tb_freq: 10
	test_envs: None
	train_output: train_output
	trial_seed: 3
	unique_name: 260801_12-01-31_HTP_ALOFT_S_seed3
	work_dir: .
HParams:
	data_augmentation: True
	val_augment: False
	[36mresnet18: False
	[0m[36mresnet_dropout: 0
	[0mclass_balanced: False
	[36moptimizer: adam
	[0m[36mfreeze_bn: True
	[0m[36mpretrained: True
	[0m[36mlr: 5e-05
	[0mbatch_size: 32
	[36mweight_decay: 0
	[0m[36maloft_alpha: 0.9
	[0m[36maloft_mask_ratio: 0.5
	[0m[36maloft_perturb_prob: 1.0
	[0maloft_positions: 
	  - layer1
	  - layer2
	  - layer3
	[36mswad: False
	[0mswad_kwargs: 
	  n_converge: 3
	  n_tolerance: 6
	  tolerance_ratio: 0.3
	test_batchsize: 128
	indomain_test: False
	grad_fn: sum
	extra_search: n
	logdir: train_output/HTP/260801_12-01-31_HTP_ALOFT_S_seed3
	neighborhoodSize: 1e-06
	start_step: 100
	end_step: 200
	extra_search_start: None
	extra_search_end: None
	gga_l_gamma: 0.001
Dataset:
	[HTP] #envs=3, #classes=2
	env0: 00 (#367)
	env1: 01 (#523)
	env2: 02 (#274)

[36mINFO[0m 08/01 12:01:31 | n_steps = 5000
[36mINFO[0m 08/01 12:01:31 | checkpoint_freq = 100
[36mINFO[0m 08/01 12:01:31 | n_steps is updated to 5000 => 5001 for checkpointing
[36mINFO[0m 08/01 12:01:31 | Target test envs = [[0], [1], [2]]
[36mINFO[0m 08/01 12:01:31 | 
[36mINFO[0m 08/01 12:01:31 | Testenv name escaping te_00 -> te_00
[36mINFO[0m 08/01 12:01:31 | Test envs = [0], name = te_00
[36mINFO[0m 08/01 12:01:31 | Batch sizes for each domain: [0, 32, 32] (total=64)
[36mINFO[0m 08/01 12:01:31 | steps-per-epoch for each domain: 13.09, 6.88 -> min = 6.88
/home/s21_yhr/miniconda3/envs/GGA/lib/python3.11/site-packages/torchvision/models/_utils.py:208: UserWarning: The parameter 'pretrained' is deprecated since 0.13 and may be removed in the future, please use 'weights' instead.
  warnings.warn(
/home/s21_yhr/miniconda3/envs/GGA/lib/python3.11/site-packages/torchvision/models/_utils.py:223: UserWarning: Arguments other than a weight enum or `None` for 'weights' are deprecated since 0.13 and may be removed in the future. The current behavior is equivalent to passing `weights=ResNet50_Weights.IMAGENET1K_V1`. You can also use `weights=ResNet50_Weights.DEFAULT` to get the most up-to-date weights.
  warnings.warn(msg)
[36mINFO[0m 08/01 12:01:35 | # of params = 23512130
[36mINFO[0m 08/01 12:01:36 | test_in     test_out    train_in    train_out   test_in_au  test_out_a  train_out_  tr_outloss  env0_in     env0_in_au  env0_out    env0_out_a  env1_out    env1_out_a  env2_out    env2_out_a  step        epoch       loss        step_time   eval_time   mem_gb     
[36mINFO[0m 08/01 12:01:36 | 0.571429    0.589041    0.000000    0.537393    0.431500    0.486822    0.645741    0.771955    0.571429    0.431500    0.589041    0.486822    0.519231    0.735926    0.555556    0.555556    0           0.000000    0.739264    0.921948    0.672851    8.219685   
[36mINFO[0m 08/01 12:01:56 | 0.503401    0.589041    0.000000    0.770833    0.517621    0.624806    0.831157    0.505819    0.503401    0.517621    0.589041    0.624806    0.875000    0.947037    0.666667    0.715278    100         14.545455   0.566935    0.194437    0.426578    8.400243   
[36mINFO[0m 08/01 12:02:16 | 0.517007    0.602740    0.000000    0.710114    0.507937    0.612403    0.805417    0.662416    0.517007    0.507937    0.602740    0.612403    0.846154    0.923333    0.574074    0.687500    200         29.090909   0.439205    0.194527    0.541177    8.400243   
[36mINFO[0m 08/01 12:02:36 | 0.534014    0.575342    0.000000    0.727920    0.503118    0.606977    0.792083    0.886531    0.534014    0.503118    0.575342    0.606977    0.807692    0.907778    0.648148    0.676389    300         43.636364   0.305306    0.194891    0.428805    8.400243   
[36mINFO[0m 08/01 12:02:56 | 0.517007    0.630137    0.000000    0.746795    0.482521    0.633333    0.798380    0.952027    0.517007    0.482521    0.630137    0.633333    0.826923    0.909259    0.666667    0.687500    400         58.181818   0.218516    0.194493    0.422115    8.400243   
[36mINFO[0m 08/01 12:03:16 | 0.530612    0.616438    0.000000    0.751603    0.510299    0.629457    0.797269    1.199149    0.530612    0.510299    0.616438    0.629457    0.836538    0.912593    0.666667    0.681944    500         72.727273   0.187040    0.194702    0.413105    8.400243   
[36mINFO[0m 08/01 12:03:36 | 0.537415    0.561644    0.000000    0.728632    0.492536    0.586047    0.785231    1.174307    0.537415    0.492536    0.561644    0.586047    0.846154    0.905185    0.611111    0.665278    600         87.272727   0.165624    0.194041    0.424369    8.400243   
[36mINFO[0m 08/01 12:03:56 | 0.493197    0.643836    0.000000    0.672721    0.495985    0.651938    0.749074    1.331615    0.493197    0.495985    0.643836    0.651938    0.826923    0.892593    0.518519    0.605556    700         101.818182  0.162711    0.194133    0.419011    8.400243   
[36mINFO[0m 08/01 12:04:15 | 0.557823    0.561644    0.000000    0.696047    0.514314    0.613178    0.757639    1.202902    0.557823    0.514314    0.561644    0.613178    0.836538    0.888889    0.555556    0.626389    800         116.363636  0.136362    0.193942    0.429596    8.400243   
[36mINFO[0m 08/01 12:04:35 | 0.510204    0.506849    0.000000    0.681980    0.505480    0.575969    0.761065    1.162545    0.510204    0.505480    0.506849    0.575969    0.826923    0.898519    0.537037    0.623611    900         130.909091  0.134117    0.195869    0.458512    8.400243   
[36mINFO[0m 08/01 12:04:55 | 0.544218    0.602740    0.000000    0.695335    0.511291    0.645736    0.784398    1.478461    0.544218    0.511291    0.602740    0.645736    0.798077    0.911852    0.592593    0.656944    1000        145.454545  0.110276    0.194751    0.433932    8.400243   
[36mINFO[0m 08/01 12:05:15 | 0.493197    0.534247    0.000000    0.696047    0.489229    0.559690    0.770324    1.377221    0.493197    0.489229    0.534247    0.559690    0.836538    0.900370    0.555556    0.640278    1100        160.000000  0.103494    0.194575    0.414220    8.400243   
[36mINFO[0m 08/01 12:05:35 | 0.530612    0.589041    0.000000    0.672721    0.503071    0.596899    0.755139    1.544406    0.530612    0.503071    0.589041    0.596899    0.826923    0.870000    0.518519    0.640278    1200        174.545455  0.100685    0.194495    0.422004    8.400243   
[36mINFO[0m 08/01 12:05:55 | 0.537415    0.561644    0.000000    0.719373    0.525132    0.613178    0.767639    1.835513    0.537415    0.525132    0.561644    0.613178    0.846154    0.903333    0.592593    0.631944    1300        189.090909  0.098825    0.193627    0.427807    8.400243   
[36mINFO[0m 08/01 12:06:15 | 0.557823    0.561644    0.000000    0.676104    0.491638    0.578295    0.745000    1.544007    0.557823    0.491638    0.561644    0.578295    0.759615    0.890000    0.592593    0.600000    1400        203.636364  0.104145    0.194122    0.464587    8.400243   
[36mINFO[0m 08/01 12:06:35 | 0.544218    0.616438    0.000000    0.656873    0.503023    0.582171    0.730324    1.834026    0.544218    0.503023    0.616438    0.582171    0.721154    0.892593    0.592593    0.568056    1500        218.181818  0.118861    0.193469    0.412303    8.400243   
[36mINFO[0m 08/01 12:06:55 | 0.540816    0.534247    0.000000    0.714209    0.518188    0.617829    0.760370    1.700723    0.540816    0.518188    0.534247    0.617829    0.817308    0.876296    0.611111    0.644444    1600        232.727273  0.090666    0.193454    0.460418    8.400243   
[36mINFO[0m 08/01 12:07:15 | 0.520408    0.589041    0.000000    0.682336    0.499291    0.617054    0.772731    1.513086    0.520408    0.499291    0.589041    0.617054    0.846154    0.899630    0.518519    0.645833    1700        247.272727  0.083838    0.197440    0.444150    8.400243   
[36mINFO[0m 08/01 12:07:34 | 0.564626    0.602740    0.000000    0.700142    0.520385    0.665891    0.769213    1.908538    0.564626    0.520385    0.602740    0.665891    0.807692    0.909259    0.592593    0.629167    1800        261.818182  0.072314    0.193298    0.431314    8.400243   
[36mINFO[0m 08/01 12:07:54 | 0.534014    0.602740    0.000000    0.690171    0.485261    0.642636    0.748519    1.508858    0.534014    0.485261    0.602740    0.642636    0.769231    0.852593    0.611111    0.644444    1900        276.363636  0.079688    0.193984    0.436876    8.400243   
[36mINFO[0m 08/01 12:08:14 | 0.540816    0.589041    0.000000    0.685719    0.494189    0.620155    0.773333    1.669350    0.540816    0.494189    0.589041    0.620155    0.778846    0.896667    0.592593    0.650000    2000        290.909091  0.081885    0.193541    0.424383    8.400243   
[36mINFO[0m 08/01 12:08:34 | 0.523810    0.643836    0.000000    0.700499    0.493693    0.643411    0.763333    1.657101    0.523810    0.493693    0.643836    0.643411    0.826923    0.904444    0.574074    0.622222    2100        305.454545  0.077217    0.193146    0.428671    8.400243   
[36mINFO[0m 08/01 12:08:54 | 0.530612    0.589041    0.000000    0.676460    0.489087    0.589922    0.740741    2.075460    0.530612    0.489087    0.589041    0.589922    0.778846    0.848148    0.574074    0.633333    2200        320.000000  0.073100    0.192573    0.425039    8.400243   
[36mINFO[0m 08/01 12:09:13 | 0.517007    0.589041    0.000000    0.699786    0.534864    0.659690    0.734491    2.097134    0.517007    0.534864    0.589041    0.659690    0.788462    0.848148    0.611111    0.620833    2300        334.545455  0.069637    0.191998    0.418982    8.400243   
[36mINFO[0m 08/01 12:09:33 | 0.530612    0.589041    0.000000    0.690171    0.484410    0.616279    0.755648    2.187206    0.530612    0.484410    0.589041    0.616279    0.769231    0.897407    0.611111    0.613889    2400        349.090909  0.067797    0.191383    0.437774    8.400243   
[36mINFO[0m 08/01 12:09:52 | 0.520408    0.561644    0.000000    0.681624    0.487717    0.563566    0.759306    1.831710    0.520408    0.487717    0.561644    0.563566    0.807692    0.875556    0.555556    0.643056    2500        363.636364  0.063795    0.191691    0.406725    8.400243   
[36mINFO[0m 08/01 12:10:12 | 0.520408    0.575342    0.000000    0.653134    0.511338    0.637984    0.742546    2.109551    0.520408    0.511338    0.575342    0.637984    0.769231    0.872593    0.537037    0.612500    2600        378.181818  0.072875    0.190573    0.452200    8.400243   
[36mINFO[0m 08/01 12:10:31 | 0.568027    0.589041    0.000000    0.662037    0.523668    0.623256    0.745972    2.462448    0.568027    0.523668    0.589041    0.623256    0.750000    0.843333    0.574074    0.648611    2700        392.727273  0.068349    0.191257    0.448058    8.400243   
[36mINFO[0m 08/01 12:10:51 | 0.489796    0.589041    0.000000    0.714566    0.497071    0.640310    0.773981    1.673144    0.489796    0.497071    0.589041    0.640310    0.836538    0.911852    0.592593    0.636111    2800        407.272727  0.076445    0.191159    0.444501    8.400243   
[36mINFO[0m 08/01 12:11:11 | 0.537415    0.575342    0.000000    0.671296    0.505622    0.598450    0.751898    2.328280    0.537415    0.505622    0.575342    0.598450    0.750000    0.888519    0.592593    0.615278    2900        421.818182  0.067729    0.191330    0.409177    8.400243   
[36mINFO[0m 08/01 12:11:30 | 0.544218    0.643836    0.000000    0.718661    0.531463    0.724031    0.782500    1.793002    0.544218    0.531463    0.643836    0.724031    0.807692    0.890000    0.629630    0.675000    3000        436.363636  0.063380    0.190738    0.413613    8.400243   
[36mINFO[0m 08/01 12:11:50 | 0.544218    0.575342    0.000000    0.718305    0.510842    0.643411    0.777130    1.684736    0.544218    0.510842    0.575342    0.643411    0.788462    0.879259    0.648148    0.675000    3100        450.909091  0.054867    0.191209    0.416978    8.400243   
[36mINFO[0m 08/01 12:12:09 | 0.547619    0.616438    0.000000    0.709758    0.516912    0.665116    0.777500    1.723468    0.547619    0.516912    0.616438    0.665116    0.826923    0.891111    0.592593    0.663889    3200        465.454545  0.059713    0.191507    0.428843    8.400243   
[36mINFO[0m 08/01 12:12:29 | 0.517007    0.534247    0.000000    0.704594    0.504677    0.605426    0.762778    1.907009    0.517007    0.504677    0.534247    0.605426    0.798077    0.864444    0.611111    0.661111    3300        480.000000  0.057146    0.190859    0.417029    8.400243   
[36mINFO[0m 08/01 12:12:48 | 0.554422    0.575342    0.000000    0.713853    0.532455    0.648837    0.748102    2.244752    0.554422    0.532455    0.575342    0.648837    0.798077    0.855926    0.629630    0.640278    3400        494.545455  0.066159    0.191080    0.418989    8.400243   
[36mINFO[0m 08/01 12:13:08 | 0.544218    0.602740    0.000000    0.685719    0.514834    0.659690    0.773333    1.939055    0.544218    0.514834    0.602740    0.659690    0.778846    0.885556    0.592593    0.661111    3500        509.090909  0.059781    0.190779    0.394599    8.400243   
[36mINFO[0m 08/01 12:13:28 | 0.517007    0.643836    0.000000    0.666489    0.519133    0.623256    0.740509    2.242065    0.517007    0.519133    0.643836    0.623256    0.740385    0.835185    0.592593    0.645833    3600        523.636364  0.047607    0.196213    0.466819    8.400243   
[36mINFO[0m 08/01 12:13:48 | 0.523810    0.589041    0.000000    0.667913    0.511716    0.663566    0.731157    1.941854    0.523810    0.511716    0.589041    0.663566    0.817308    0.852593    0.518519    0.609722    3700        538.181818  0.063785    0.194525    0.440042    8.400243   
[36mINFO[0m 08/01 12:14:08 | 0.571429    0.616438    0.000000    0.685719    0.513700    0.618605    0.733148    2.679769    0.571429    0.513700    0.616438    0.618605    0.778846    0.877407    0.592593    0.588889    3800        552.727273  0.057669    0.194909    0.422188    8.400243   
[36mINFO[0m 08/01 12:14:28 | 0.547619    0.589041    0.000000    0.704950    0.529006    0.618605    0.761481    1.936166    0.547619    0.529006    0.589041    0.618605    0.817308    0.872963    0.592593    0.650000    3900        567.272727  0.052209    0.194496    0.424904    8.400243   
[36mINFO[0m 08/01 12:14:48 | 0.544218    0.602740    0.000000    0.728276    0.536612    0.599225    0.763935    1.930504    0.544218    0.536612    0.602740    0.599225    0.826923    0.873704    0.629630    0.654167    4000        581.818182  0.054567    0.195144    0.415073    8.400243   
[36mINFO[0m 08/01 12:15:08 | 0.544218    0.602740    0.000000    0.689815    0.531085    0.612403    0.770463    1.846884    0.544218    0.531085    0.602740    0.612403    0.750000    0.871481    0.629630    0.669444    4100        596.363636  0.049228    0.195058    0.418580    8.400243   
[36mINFO[0m 08/01 12:15:27 | 0.523810    0.534247    0.000000    0.696047    0.505858    0.589922    0.754236    2.501511    0.523810    0.505858    0.534247    0.589922    0.836538    0.918889    0.555556    0.589583    4200        610.909091  0.047215    0.194663    0.410041    8.400243   
[36mINFO[0m 08/01 12:15:47 | 0.534014    0.602740    0.000000    0.680912    0.503260    0.621705    0.747454    3.059800    0.534014    0.503260    0.602740    0.621705    0.769231    0.860185    0.592593    0.634722    4300        625.454545  0.066326    0.193910    0.420557    8.400243   
[36mINFO[0m 08/01 12:16:07 | 0.544218    0.602740    0.000000    0.665776    0.511527    0.620155    0.761852    1.954317    0.544218    0.511527    0.602740    0.620155    0.701923    0.862593    0.629630    0.661111    4400        640.000000  0.050400    0.194530    0.416329    8.400243   
[36mINFO[0m 08/01 12:16:27 | 0.547619    0.616438    0.000000    0.685719    0.519322    0.658915    0.772824    2.608147    0.547619    0.519322    0.616438    0.658915    0.778846    0.902593    0.592593    0.643056    4500        654.545455  0.045145    0.194266    0.411405    8.400243   
[36mINFO[0m 08/01 12:16:47 | 0.561224    0.602740    0.000000    0.704594    0.502173    0.593023    0.761204    1.971942    0.561224    0.502173    0.602740    0.593023    0.798077    0.875185    0.611111    0.647222    4600        669.090909  0.049417    0.194499    0.415860    8.400243   
[36mINFO[0m 08/01 12:17:07 | 0.503401    0.575342    0.000000    0.681624    0.511999    0.599225    0.743657    2.386155    0.503401    0.511999    0.575342    0.599225    0.807692    0.877593    0.555556    0.609722    4700        683.636364  0.044449    0.194570    0.418023    8.400243   
[36mINFO[0m 08/01 12:17:27 | 0.554422    0.602740    0.000000    0.676104    0.533683    0.612403    0.743843    2.739415    0.554422    0.533683    0.602740    0.612403    0.759615    0.836296    0.592593    0.651389    4800        698.181818  0.043853    0.194504    0.426917    8.400243   
[36mINFO[0m 08/01 12:17:46 | 0.537415    0.671233    0.000000    0.634259    0.510393    0.674419    0.704815    2.086654    0.537415    0.510393    0.671233    0.674419    0.750000    0.804074    0.518519    0.605556    4900        712.727273  0.046563    0.194082    0.423317    8.400243   
[36mINFO[0m 08/01 12:18:06 | 0.530612    0.616438    0.000000    0.646902    0.508551    0.620930    0.751528    2.732444    0.530612    0.508551    0.616438    0.620930    0.682692    0.854444    0.611111    0.648611    5000        727.272727  0.045970    0.193666    0.412907    8.400243   
[36mINFO[0m 08/01 12:18:06 | ---
[36mINFO[0m 08/01 12:18:06 | oracle = 53.741%
[36mINFO[0m 08/01 12:18:06 | iid = 50.340%
[36mINFO[0m 08/01 12:18:06 | last = 53.061%
[36mINFO[0m 08/01 12:18:06 | last (inD) = 64.690%
[36mINFO[0m 08/01 12:18:06 | iid (inD) = 77.083%
[36mINFO[0m 08/01 12:18:07 | 
[36mINFO[0m 08/01 12:18:07 | Testenv name escaping te_01 -> te_01
[36mINFO[0m 08/01 12:18:07 | Test envs = [1], name = te_01
[36mINFO[0m 08/01 12:18:07 | Batch sizes for each domain: [32, 0, 32] (total=64)
[36mINFO[0m 08/01 12:18:07 | steps-per-epoch for each domain: 9.19, 6.88 -> min = 6.88
/home/s21_yhr/miniconda3/envs/GGA/lib/python3.11/site-packages/torchvision/models/_utils.py:208: UserWarning: The parameter 'pretrained' is deprecated since 0.13 and may be removed in the future, please use 'weights' instead.
  warnings.warn(
/home/s21_yhr/miniconda3/envs/GGA/lib/python3.11/site-packages/torchvision/models/_utils.py:223: UserWarning: Arguments other than a weight enum or `None` for 'weights' are deprecated since 0.13 and may be removed in the future. The current behavior is equivalent to passing `weights=ResNet50_Weights.IMAGENET1K_V1`. You can also use `weights=ResNet50_Weights.DEFAULT` to get the most up-to-date weights.
  warnings.warn(msg)
[36mINFO[0m 08/01 12:18:11 | # of params = 23512130
[36mINFO[0m 08/01 12:18:12 | test_in     test_out    train_in    train_out   test_in_au  train_out_  tr_outloss  test_out_a  env0_out    env0_out_a  env1_in     env1_in_au  env1_out    env1_out_a  env2_out    env2_out_a  step        epoch       loss        step_time   eval_time   mem_gb     
[36mINFO[0m 08/01 12:18:12 | 0.618138    0.596154    0.000000    0.554160    0.664502    0.522287    0.713906    0.613333    0.534247    0.427907    0.618138    0.664502    0.596154    0.613333    0.574074    0.616667    0           0.000000    0.702609    0.202408    0.623136    8.222371   
[36mINFO[0m 08/01 12:18:32 | 0.618138    0.663462    0.000000    0.623034    0.688767    0.680426    0.644408    0.736667    0.616438    0.710853    0.618138    0.688767    0.663462    0.736667    0.629630    0.650000    100         14.545455   0.656470    0.194779    0.588049    8.399633   
[36mINFO[0m 08/01 12:18:52 | 0.570406    0.528846    0.000000    0.574708    0.587081    0.644735    0.901453    0.606296    0.575342    0.692248    0.570406    0.587081    0.528846    0.606296    0.574074    0.597222    200         29.090909   0.473809    0.194296    0.520171    8.399633   
[36mINFO[0m 08/01 12:19:12 | 0.486874    0.519231    0.000000    0.625063    0.465300    0.676421    1.085088    0.548148    0.657534    0.747287    0.486874    0.465300    0.519231    0.548148    0.592593    0.605556    300         43.636364   0.304580    0.194435    0.533260    8.399633   
[36mINFO[0m 08/01 12:19:32 | 0.570406    0.596154    0.000000    0.650431    0.557599    0.682267    1.266084    0.581111    0.671233    0.739535    0.570406    0.557599    0.596154    0.581111    0.629630    0.625000    400         58.181818   0.191095    0.194730    0.539921    8.399633   
[36mINFO[0m 08/01 12:19:52 | 0.501193    0.586538    0.000000    0.645992    0.468786    0.687306    1.427695    0.586667    0.643836    0.749612    0.501193    0.468786    0.586538    0.586667    0.648148    0.625000    500         72.727273   0.171130    0.195155    0.567152    8.399633   
[36mINFO[0m 08/01 12:20:12 | 0.508353    0.644231    0.000000    0.638762    0.542105    0.680103    1.844480    0.626667    0.684932    0.737984    0.508353    0.542105    0.644231    0.626667    0.592593    0.622222    600         87.272727   0.130963    0.195215    0.515733    8.399633   
[36mINFO[0m 08/01 12:20:32 | 0.517900    0.605769    0.000000    0.648402    0.515972    0.662742    1.960462    0.582222    0.630137    0.704651    0.517900    0.515972    0.605769    0.582222    0.666667    0.620833    700         101.818182  0.106705    0.194794    0.581410    8.399633   
[36mINFO[0m 08/01 12:20:52 | 0.551313    0.596154    0.000000    0.623034    0.545956    0.673385    1.744176    0.580000    0.616438    0.702326    0.551313    0.545956    0.596154    0.580000    0.629630    0.644444    800         116.363636  0.114654    0.193941    0.539629    8.399633   
[36mINFO[0m 08/01 12:21:12 | 0.501193    0.528846    0.000000    0.657661    0.523559    0.674919    2.158392    0.551111    0.630137    0.698450    0.501193    0.523559    0.528846    0.551111    0.685185    0.651389    900         130.909091  0.102155    0.193485    0.546808    8.399633   
[36mINFO[0m 08/01 12:21:32 | 0.570406    0.567308    0.000000    0.618595    0.572180    0.669291    2.432077    0.586296    0.589041    0.683721    0.570406    0.572180    0.567308    0.586296    0.648148    0.654861    1000        145.454545  0.079849    0.197773    0.540571    8.399633   
[36mINFO[0m 08/01 12:21:52 | 0.501193    0.548077    0.000000    0.629883    0.511141    0.638194    2.136510    0.551852    0.630137    0.700000    0.501193    0.511141    0.548077    0.551852    0.629630    0.576389    1100        160.000000  0.091334    0.194025    0.575773    8.399633   
[36mINFO[0m 08/01 12:22:12 | 0.606205    0.538462    0.000000    0.613775    0.624402    0.644671    2.354811    0.565185    0.616438    0.681008    0.606205    0.624402    0.538462    0.565185    0.611111    0.608333    1200        174.545455  0.095689    0.193868    0.567065    8.399633   
[36mINFO[0m 08/01 12:22:32 | 0.529833    0.548077    0.000000    0.639143    0.510298    0.685869    2.383596    0.538333    0.630137    0.745349    0.529833    0.510298    0.548077    0.538333    0.648148    0.626389    1300        189.090909  0.088004    0.194232    0.584627    8.399633   
[36mINFO[0m 08/01 12:22:53 | 0.584726    0.634615    0.000000    0.629883    0.579813    0.637597    2.185575    0.611481    0.630137    0.675194    0.584726    0.579813    0.634615    0.611481    0.629630    0.600000    1400        203.636364  0.076824    0.196885    0.564100    8.399633   
[36mINFO[0m 08/01 12:23:13 | 0.575179    0.682692    0.000000    0.662100    0.578446    0.684084    2.541305    0.657222    0.657534    0.707752    0.575179    0.578446    0.682692    0.657222    0.666667    0.660417    1500        218.181818  0.077607    0.193979    0.606959    8.399633   
[36mINFO[0m 08/01 12:23:32 | 0.563246    0.615385    0.000000    0.670979    0.564616    0.670898    2.682990    0.582593    0.712329    0.727907    0.563246    0.564616    0.615385    0.582593    0.629630    0.613889    1600        232.727273  0.073422    0.193185    0.565457    8.399633   
[36mINFO[0m 08/01 12:23:52 | 0.534606    0.586538    0.000000    0.666540    0.543996    0.702681    1.910628    0.585926    0.684932    0.758140    0.534606    0.543996    0.586538    0.585926    0.648148    0.647222    1700        247.272727  0.075695    0.192452    0.558397    8.399633   
[36mINFO[0m 08/01 12:24:12 | 0.498807    0.567308    0.000000    0.677829    0.505650    0.698207    2.726891    0.580000    0.726027    0.758915    0.498807    0.505650    0.567308    0.580000    0.629630    0.637500    1800        261.818182  0.067673    0.193684    0.543525    8.399633   
[36mINFO[0m 08/01 12:24:32 | 0.477327    0.557692    0.000000    0.645992    0.468649    0.674774    2.318446    0.607778    0.643836    0.735659    0.477327    0.468649    0.557692    0.607778    0.648148    0.613889    1900        276.363636  0.065090    0.193482    0.584071    8.399633   
[36mINFO[0m 08/01 12:24:52 | 0.503580    0.596154    0.000000    0.650431    0.485486    0.674362    2.542072    0.595556    0.671233    0.707752    0.503580    0.485486    0.596154    0.595556    0.629630    0.640972    2000        290.909091  0.056969    0.192359    0.555248    8.399633   
[36mINFO[0m 08/01 12:25:12 | 0.477327    0.605769    0.000000    0.636352    0.479369    0.691554    2.492521    0.591111    0.698630    0.751163    0.477327    0.479369    0.605769    0.591111    0.574074    0.631944    2100        305.454545  0.063636    0.192886    0.526832    8.399633   
[36mINFO[0m 08/01 12:25:32 | 0.577566    0.605769    0.000000    0.620624    0.596389    0.676227    2.241618    0.687778    0.630137    0.730233    0.577566    0.596389    0.605769    0.687778    0.611111    0.622222    2200        320.000000  0.074418    0.192735    0.574072    8.399633   
[36mINFO[0m 08/01 12:25:51 | 0.491647    0.528846    0.000000    0.638762    0.514764    0.668903    2.765564    0.596296    0.684932    0.716279    0.491647    0.514764    0.528846    0.596296    0.592593    0.621528    2300        334.545455  0.062770    0.192904    0.592720    8.399633   
[36mINFO[0m 08/01 12:26:11 | 0.553699    0.615385    0.000000    0.581558    0.577489    0.619897    2.549999    0.594444    0.589041    0.628682    0.553699    0.577489    0.615385    0.594444    0.574074    0.611111    2400        349.090909  0.058990    0.192798    0.539729    8.399633   
[36mINFO[0m 08/01 12:26:31 | 0.584726    0.615385    0.000000    0.648402    0.581670    0.648030    3.003502    0.571481    0.630137    0.648837    0.584726    0.581670    0.615385    0.571481    0.666667    0.647222    2500        363.636364  0.060415    0.192391    0.509054    8.399633   
[36mINFO[0m 08/01 12:26:51 | 0.520286    0.615385    0.000000    0.662100    0.529563    0.662258    2.711920    0.627037    0.657534    0.695349    0.520286    0.529563    0.615385    0.627037    0.666667    0.629167    2600        378.181818  0.052299    0.192440    0.545834    8.399633   
[36mINFO[0m 08/01 12:27:11 | 0.541766    0.567308    0.000000    0.641553    0.530588    0.654054    3.527616    0.567593    0.616438    0.684496    0.541766    0.530588    0.567308    0.567593    0.666667    0.623611    2700        392.727273  0.045757    0.191516    0.539754    8.399633   
[36mINFO[0m 08/01 12:27:30 | 0.548926    0.528846    0.000000    0.600076    0.578389    0.627584    3.220354    0.583704    0.589041    0.616279    0.548926    0.578389    0.528846    0.583704    0.611111    0.638889    2800        407.272727  0.058669    0.191644    0.525073    8.399633   
[36mINFO[0m 08/01 12:27:50 | 0.527446    0.576923    0.000000    0.623034    0.509843    0.623837    2.635489    0.569259    0.616438    0.631008    0.527446    0.509843    0.576923    0.569259    0.629630    0.616667    2900        421.818182  0.050598    0.191812    0.518159    8.399633   
[36mINFO[0m 08/01 12:28:10 | 0.527446    0.557692    0.000000    0.648402    0.528720    0.655523    3.317051    0.571852    0.630137    0.702713    0.527446    0.528720    0.557692    0.571852    0.666667    0.608333    3000        436.363636  0.048080    0.192124    0.505481    8.399633   
[36mINFO[0m 08/01 12:28:29 | 0.546539    0.519231    0.000000    0.625063    0.550786    0.630669    2.641303    0.543704    0.657534    0.682171    0.546539    0.550786    0.519231    0.543704    0.592593    0.579167    3100        450.909091  0.057715    0.191346    0.556633    8.399633   
[36mINFO[0m 08/01 12:28:49 | 0.591885    0.596154    0.000000    0.579148    0.627113    0.582590    2.417535    0.624444    0.602740    0.612403    0.591885    0.627113    0.596154    0.624444    0.555556    0.552778    3200        465.454545  0.062988    0.192001    0.534035    8.399633   
[36mINFO[0m 08/01 12:29:09 | 0.544153    0.567308    0.000000    0.650051    0.561631    0.666537    3.431566    0.582222    0.726027    0.744186    0.544153    0.561631    0.567308    0.582222    0.574074    0.588889    3300        480.000000  0.054104    0.192417    0.497170    8.399633   
[36mINFO[0m 08/01 12:29:29 | 0.517900    0.548077    0.000000    0.599696    0.539440    0.639228    2.692053    0.540000    0.643836    0.679845    0.517900    0.539440    0.548077    0.540000    0.555556    0.598611    3400        494.545455  0.051487    0.192866    0.502641    8.399633   
[36mINFO[0m 08/01 12:29:48 | 0.510740    0.490385    0.000000    0.617834    0.574710    0.671996    3.456265    0.533333    0.698630    0.735659    0.510740    0.574710    0.490385    0.533333    0.537037    0.608333    3500        509.090909  0.043364    0.192142    0.536856    8.399633   
[36mINFO[0m 08/01 12:30:08 | 0.515513    0.567308    0.000000    0.616185    0.532969    0.633705    2.744056    0.577778    0.602740    0.643798    0.515513    0.532969    0.567308    0.577778    0.629630    0.623611    3600        523.636364  0.051386    0.192651    0.551850    8.399633   
[36mINFO[0m 08/01 12:30:28 | 0.563246    0.596154    0.000000    0.643582    0.578458    0.652124    2.619431    0.628889    0.657534    0.667442    0.563246    0.578458    0.596154    0.628889    0.629630    0.636806    3700        538.181818  0.062369    0.191635    0.505049    8.399633   
[36mINFO[0m 08/01 12:30:48 | 0.501193    0.538462    0.000000    0.625063    0.515721    0.641311    2.043690    0.578519    0.657534    0.663178    0.501193    0.515721    0.538462    0.578519    0.592593    0.619444    3800        552.727273  0.053645    0.191990    0.533048    8.399633   
[36mINFO[0m 08/01 12:31:07 | 0.503580    0.490385    0.000000    0.631913    0.505537    0.671859    3.310705    0.508148    0.671233    0.726357    0.503580    0.505537    0.490385    0.508148    0.592593    0.617361    3900        567.272727  0.048291    0.191970    0.586672    8.399633   
[36mINFO[0m 08/01 12:31:27 | 0.536993    0.548077    0.000000    0.634323    0.539838    0.669961    2.861576    0.541111    0.657534    0.723256    0.536993    0.539838    0.548077    0.541111    0.611111    0.616667    4000        581.818182  0.047039    0.191958    0.527651    8.399633   
[36mINFO[0m 08/01 12:31:47 | 0.582339    0.605769    0.000000    0.590817    0.611688    0.624257    2.546082    0.655926    0.589041    0.645736    0.582339    0.611688    0.605769    0.655926    0.592593    0.602778    4100        596.363636  0.052521    0.192224    0.499161    8.399633   
[36mINFO[0m 08/01 12:32:07 | 0.534606    0.528846    0.000000    0.634323    0.544931    0.648676    2.745758    0.553704    0.657534    0.661240    0.534606    0.544931    0.528846    0.553704    0.611111    0.636111    4200        610.909091  0.042052    0.191459    0.505029    8.399633   
[36mINFO[0m 08/01 12:32:26 | 0.510740    0.567308    0.000000    0.657281    0.512702    0.682808    2.379138    0.579259    0.684932    0.723256    0.510740    0.512702    0.567308    0.579259    0.629630    0.642361    4300        625.454545  0.040286    0.191434    0.499928    8.399633   
[36mINFO[0m 08/01 12:32:46 | 0.460621    0.538462    0.000000    0.661720    0.455092    0.695228    2.146196    0.565926    0.712329    0.788372    0.460621    0.455092    0.538462    0.565926    0.611111    0.602083    4400        640.000000  0.047447    0.191115    0.486531    8.399633   
[36mINFO[0m 08/01 12:33:06 | 0.520286    0.615385    0.000000    0.618214    0.547801    0.666965    2.860912    0.613704    0.643836    0.712403    0.520286    0.547801    0.615385    0.613704    0.592593    0.621528    4500        654.545455  0.043106    0.191289    0.511505    8.399633   
[36mINFO[0m 08/01 12:33:25 | 0.575179    0.625000    0.000000    0.664130    0.594874    0.667902    2.906268    0.611852    0.698630    0.733721    0.575179    0.594874    0.625000    0.611852    0.629630    0.602083    4600        669.090909  0.038035    0.190919    0.494239    8.399633   
[36mINFO[0m 08/01 12:33:45 | 0.527446    0.528846    0.000000    0.650431    0.560150    0.647150    2.410989    0.581852    0.671233    0.685271    0.527446    0.560150    0.528846    0.581852    0.629630    0.609028    4700        683.636364  0.040385    0.190840    0.490648    8.399633   
[36mINFO[0m 08/01 12:34:04 | 0.515513    0.625000    0.000000    0.645992    0.553315    0.663986    2.710189    0.619259    0.643836    0.708527    0.515513    0.553315    0.625000    0.619259    0.648148    0.619444    4800        698.181818  0.043158    0.190861    0.498270    8.399633   
[36mINFO[0m 08/01 12:34:24 | 0.606205    0.576923    0.000000    0.654871    0.643803    0.640197    2.878959    0.627222    0.698630    0.698450    0.606205    0.643803    0.576923    0.627222    0.611111    0.581944    4900        712.727273  0.045211    0.190629    0.500644    8.399633   
[36mINFO[0m 08/01 12:34:43 | 0.541766    0.605769    0.000000    0.643582    0.582547    0.634496    3.187829    0.688519    0.657534    0.668992    0.541766    0.582547    0.605769    0.688519    0.629630    0.600000    5000        727.272727  0.044921    0.190860    0.502151    8.399633   
[36mINFO[0m 08/01 12:34:43 | ---
[36mINFO[0m 08/01 12:34:43 | oracle = 57.518%
[36mINFO[0m 08/01 12:34:43 | iid = 49.881%
[36mINFO[0m 08/01 12:34:43 | last = 54.177%
[36mINFO[0m 08/01 12:34:43 | last (inD) = 64.358%
[36mINFO[0m 08/01 12:34:43 | iid (inD) = 67.783%
[36mINFO[0m 08/01 12:34:44 | 
[36mINFO[0m 08/01 12:34:44 | Testenv name escaping te_02 -> te_02
[36mINFO[0m 08/01 12:34:44 | Test envs = [2], name = te_02
[36mINFO[0m 08/01 12:34:44 | Batch sizes for each domain: [32, 32, 0] (total=64)
[36mINFO[0m 08/01 12:34:44 | steps-per-epoch for each domain: 9.19, 13.09 -> min = 9.19
/home/s21_yhr/miniconda3/envs/GGA/lib/python3.11/site-packages/torchvision/models/_utils.py:208: UserWarning: The parameter 'pretrained' is deprecated since 0.13 and may be removed in the future, please use 'weights' instead.
  warnings.warn(
/home/s21_yhr/miniconda3/envs/GGA/lib/python3.11/site-packages/torchvision/models/_utils.py:223: UserWarning: Arguments other than a weight enum or `None` for 'weights' are deprecated since 0.13 and may be removed in the future. The current behavior is equivalent to passing `weights=ResNet50_Weights.IMAGENET1K_V1`. You can also use `weights=ResNet50_Weights.DEFAULT` to get the most up-to-date weights.
  warnings.warn(msg)
[36mINFO[0m 08/01 12:34:47 | # of params = 23512130
[36mINFO[0m 08/01 12:34:48 | test_in     test_out    train_in    train_out   test_in_au  train_out_  tr_outloss  test_out_a  env0_out    env0_out_a  env1_out    env1_out_a  env2_in     env2_in_au  env2_out    env2_out_a  step        epoch       loss        step_time   eval_time   mem_gb     
[36mINFO[0m 08/01 12:34:48 | 0.577273    0.555556    0.000000    0.554136    0.569638    0.569109    0.815099    0.565278    0.589041    0.434884    0.519231    0.703333    0.577273    0.569638    0.555556    0.565278    0           0.000000    0.715616    0.204603    0.378984    8.222371   
[36mINFO[0m 08/01 12:35:07 | 0.454545    0.537037    0.000000    0.695008    0.602574    0.780814    0.577137    0.611111    0.534247    0.611628    0.855769    0.950000    0.454545    0.602574    0.537037    0.611111    100         10.884354   0.616341    0.189913    0.339485    8.399633   
[36mINFO[0m 08/01 12:35:26 | 0.509091    0.537037    0.000000    0.722998    0.511896    0.797786    0.801846    0.575000    0.657534    0.683721    0.788462    0.911852    0.509091    0.511896    0.537037    0.575000    200         21.768707   0.512842    0.189769    0.342120    8.399633   
[36mINFO[0m 08/01 12:35:46 | 0.545455    0.518519    0.000000    0.694876    0.494624    0.797894    0.869032    0.540278    0.630137    0.696899    0.759615    0.898889    0.545455    0.494624    0.518519    0.540278    300         32.653061   0.408626    0.191464    0.332550    8.399633   
[36mINFO[0m 08/01 12:36:05 | 0.531818    0.629630    0.000000    0.747761    0.583355    0.823488    0.810388    0.656944    0.630137    0.706977    0.865385    0.940000    0.531818    0.583355    0.629630    0.656944    400         43.537415   0.320733    0.191000    0.338582    8.399633   
[36mINFO[0m 08/01 12:36:25 | 0.559091    0.648148    0.000000    0.708575    0.528236    0.815603    0.988873    0.613889    0.657534    0.727132    0.759615    0.904074    0.559091    0.528236    0.648148    0.613889    500         54.421769   0.250927    0.190596    0.336831    8.399633   
[36mINFO[0m 08/01 12:36:44 | 0.472727    0.648148    0.000000    0.657864    0.485649    0.768424    1.478376    0.619444    0.575342    0.645736    0.740385    0.891111    0.472727    0.485649    0.648148    0.619444    600         65.306122   0.190726    0.190493    0.338111    8.399633   
[36mINFO[0m 08/01 12:37:03 | 0.550000    0.611111    0.000000    0.704492    0.532046    0.783751    1.008659    0.587500    0.630137    0.660465    0.778846    0.907037    0.550000    0.532046    0.611111    0.587500    700         76.190476   0.175804    0.190655    0.340714    8.399633   
[36mINFO[0m 08/01 12:37:23 | 0.595455    0.611111    0.000000    0.677687    0.563373    0.779729    1.358925    0.625000    0.643836    0.696124    0.711538    0.863333    0.595455    0.563373    0.611111    0.625000    800         87.074830   0.133267    0.190465    0.342590    8.399633   
[36mINFO[0m 08/01 12:37:42 | 0.518182    0.611111    0.000000    0.729847    0.517653    0.789432    1.333527    0.637500    0.671233    0.674419    0.788462    0.904444    0.518182    0.517653    0.611111    0.637500    900         97.959184   0.144107    0.190064    0.346509    8.399633   
[36mINFO[0m 08/01 12:38:02 | 0.486364    0.592593    0.000000    0.725764    0.489713    0.800189    1.076950    0.559722    0.643836    0.708527    0.807692    0.891852    0.486364    0.489713    0.592593    0.559722    1000        108.843537  0.128658    0.190406    0.336795    8.399633   
[36mINFO[0m 08/01 12:38:21 | 0.481818    0.537037    0.000000    0.722998    0.527051    0.796615    1.173293    0.569444    0.657534    0.697674    0.788462    0.895556    0.481818    0.527051    0.537037    0.569444    1100        119.727891  0.111895    0.190362    0.347133    8.399633   
[36mINFO[0m 08/01 12:38:40 | 0.572727    0.629630    0.000000    0.706533    0.523495    0.818562    1.932077    0.643056    0.643836    0.718605    0.769231    0.918519    0.572727    0.523495    0.629630    0.643056    1200        130.612245  0.105075    0.190284    0.340793    8.399633   
[36mINFO[0m 08/01 12:39:00 | 0.550000    0.518519    0.000000    0.699684    0.515790    0.791568    1.345827    0.519444    0.630137    0.670543    0.769231    0.912593    0.550000    0.515790    0.518519    0.519444    1300        141.496599  0.100444    0.190161    0.341889    8.399633   
[36mINFO[0m 08/01 12:39:19 | 0.550000    0.500000    0.000000    0.725040    0.561172    0.819763    1.379260    0.575000    0.671233    0.731008    0.778846    0.908519    0.550000    0.561172    0.500000    0.575000    1400        152.380952  0.099174    0.189893    0.338795    8.399633   
[36mINFO[0m 08/01 12:39:38 | 0.522727    0.648148    0.000000    0.732613    0.545678    0.805590    1.346085    0.697222    0.657534    0.701550    0.807692    0.909630    0.522727    0.545678    0.648148    0.697222    1500        163.265306  0.084867    0.190089    0.345008    8.399633   
[36mINFO[0m 08/01 12:39:58 | 0.504545    0.629630    0.000000    0.679860    0.496994    0.786296    1.308279    0.637500    0.561644    0.666667    0.798077    0.905926    0.504545    0.496994    0.629630    0.637500    1600        174.149660  0.089230    0.190136    0.342625    8.399633   
[36mINFO[0m 08/01 12:40:17 | 0.568182    0.555556    0.000000    0.715424    0.552197    0.812248    1.938768    0.613889    0.671233    0.717829    0.759615    0.906667    0.568182    0.552197    0.555556    0.613889    1700        185.034014  0.073359    0.190030    0.356230    8.399633   
[36mINFO[0m 08/01 12:40:37 | 0.540909    0.500000    0.000000    0.742229    0.538058    0.798898    1.469171    0.559722    0.657534    0.683721    0.826923    0.914074    0.540909    0.538058    0.500000    0.559722    1800        195.918367  0.071419    0.190115    0.339538    8.399633   
[36mINFO[0m 08/01 12:40:56 | 0.509091    0.592593    0.000000    0.677687    0.504868    0.790022    1.482183    0.627778    0.643836    0.709302    0.711538    0.870741    0.509091    0.504868    0.592593    0.627778    1900        206.802721  0.088768    0.189929    0.344236    8.399633   
[36mINFO[0m 08/01 12:41:15 | 0.504545    0.629630    0.000000    0.753161    0.522394    0.813760    1.556101    0.656944    0.698630    0.710853    0.807692    0.916667    0.504545    0.522394    0.629630    0.656944    2000        217.687075  0.076292    0.189889    0.337390    8.399633   
[36mINFO[0m 08/01 12:41:35 | 0.504545    0.574074    0.000000    0.734655    0.499788    0.808531    1.320760    0.580556    0.671233    0.692248    0.798077    0.924815    0.504545    0.499788    0.574074    0.580556    2100        228.571429  0.074268    0.190019    0.336977    8.399633   
[36mINFO[0m 08/01 12:41:54 | 0.559091    0.629630    0.000000    0.762777    0.533994    0.817442    1.498582    0.622222    0.698630    0.734884    0.826923    0.900000    0.559091    0.533994    0.629630    0.622222    2200        239.455782  0.059611    0.189755    0.335752    8.399633   
[36mINFO[0m 08/01 12:42:13 | 0.490909    0.537037    0.000000    0.767584    0.507408    0.811021    1.370820    0.570833    0.698630    0.720930    0.836538    0.901111    0.490909    0.507408    0.537037    0.570833    2300        250.340136  0.077347    0.189638    0.346506    8.399633   
[36mINFO[0m 08/01 12:42:33 | 0.472727    0.574074    0.000000    0.733930    0.528194    0.816109    1.572988    0.611111    0.698630    0.745736    0.769231    0.886481    0.472727    0.528194    0.574074    0.611111    2400        261.224490  0.062121    0.189653    0.341531    8.399633   
[36mINFO[0m 08/01 12:42:52 | 0.522727    0.555556    0.000000    0.725764    0.489036    0.809160    1.535143    0.559722    0.643836    0.703876    0.807692    0.914444    0.522727    0.489036    0.555556    0.559722    2500        272.108844  0.079296    0.189760    0.338631    8.399633   
[36mINFO[0m 08/01 12:43:11 | 0.509091    0.592593    0.000000    0.734655    0.481035    0.809500    1.769943    0.641667    0.671233    0.710853    0.798077    0.908148    0.509091    0.481035    0.592593    0.641667    2600        282.993197  0.061620    0.189793    0.352318    8.399633   
[36mINFO[0m 08/01 12:43:31 | 0.550000    0.629630    0.000000    0.692110    0.513674    0.820732    1.957114    0.605556    0.643836    0.716279    0.740385    0.925185    0.550000    0.513674    0.629630    0.605556    2700        293.877551  0.075058    0.189818    0.348917    8.399633   
[36mINFO[0m 08/01 12:43:50 | 0.522727    0.740741    0.000000    0.701726    0.508848    0.812575    1.846626    0.713889    0.643836    0.699225    0.759615    0.925926    0.522727    0.508848    0.740741    0.713889    2800        304.761905  0.051487    0.190538    0.343836    8.399633   
[36mINFO[0m 08/01 12:44:09 | 0.550000    0.611111    0.000000    0.698959    0.522140    0.817046    2.175535    0.627778    0.657534    0.717054    0.740385    0.917037    0.550000    0.522140    0.611111    0.627778    2900        315.646259  0.052650    0.189916    0.343486    8.399633   
[36mINFO[0m 08/01 12:44:29 | 0.490909    0.629630    0.000000    0.758693    0.527728    0.800599    1.786616    0.665278    0.671233    0.685271    0.846154    0.915926    0.490909    0.527728    0.629630    0.665278    3000        326.530612  0.056822    0.190071    0.340060    8.399633   
[36mINFO[0m 08/01 12:44:48 | 0.563636    0.648148    0.000000    0.688620    0.541275    0.798919    2.441363    0.668056    0.684932    0.693023    0.692308    0.904815    0.563636    0.541275    0.648148    0.668056    3100        337.414966  0.062599    0.189940    0.348296    8.399633   
[36mINFO[0m 08/01 12:45:07 | 0.468182    0.555556    0.000000    0.739463    0.505038    0.815280    1.533922    0.647222    0.671233    0.720930    0.807692    0.909630    0.468182    0.505038    0.555556    0.647222    3200        348.299320  0.055631    0.190157    0.346218    8.399633   
[36mINFO[0m 08/01 12:45:27 | 0.540909    0.592593    0.000000    0.734062    0.586657    0.806146    1.398230    0.593056    0.602740    0.668217    0.865385    0.944074    0.540909    0.586657    0.592593    0.593056    3300        359.183673  0.052114    0.189928    0.341367    8.399633   
[36mINFO[0m 08/01 12:45:46 | 0.609091    0.611111    0.000000    0.714700    0.571755    0.825607    1.606479    0.650000    0.698630    0.768992    0.730769    0.882222    0.609091    0.571755    0.611111    0.650000    3400        370.068027  0.057688    0.189962    0.347491    8.399633   
[36mINFO[0m 08/01 12:46:05 | 0.550000    0.555556    0.000000    0.709299    0.498688    0.810504    1.955707    0.568056    0.630137    0.697674    0.788462    0.923333    0.550000    0.498688    0.555556    0.568056    3500        380.952381  0.047573    0.189874    0.344459    8.399633   
[36mINFO[0m 08/01 12:46:25 | 0.531818    0.629630    0.000000    0.717466    0.525739    0.817050    2.039792    0.659722    0.684932    0.725581    0.750000    0.908519    0.531818    0.525739    0.629630    0.659722    3600        391.836735  0.060725    0.189629    0.343019    8.399633   
[36mINFO[0m 08/01 12:46:44 | 0.563636    0.629630    0.000000    0.701726    0.523156    0.812937    1.823542    0.651389    0.643836    0.715504    0.759615    0.910370    0.563636    0.523156    0.629630    0.651389    3700        402.721088  0.056572    0.189836    0.342342    8.399633   
[36mINFO[0m 08/01 12:47:03 | 0.490909    0.555556    0.000000    0.737421    0.521802    0.803600    1.552690    0.618056    0.657534    0.695349    0.817308    0.911852    0.490909    0.521802    0.555556    0.618056    3800        413.605442  0.045946    0.190135    0.340697    8.399633   
[36mINFO[0m 08/01 12:47:23 | 0.527273    0.685185    0.000000    0.729254    0.522056    0.806680    1.253339    0.654167    0.602740    0.692248    0.855769    0.921111    0.527273    0.522056    0.685185    0.654167    3900        424.489796  0.056730    0.189808    0.343102    8.399633   
[36mINFO[0m 08/01 12:47:42 | 0.509091    0.611111    0.000000    0.744270    0.527898    0.805009    1.071107    0.650000    0.671233    0.717054    0.817308    0.892963    0.509091    0.527898    0.611111    0.650000    4000        435.374150  0.049556    0.189691    0.342826    8.399633   
[36mINFO[0m 08/01 12:48:01 | 0.522727    0.611111    0.000000    0.746312    0.534121    0.811994    1.486828    0.669444    0.684932    0.714729    0.807692    0.909259    0.522727    0.534121    0.611111    0.669444    4100        446.258503  0.040860    0.189560    0.338541    8.399633   
[36mINFO[0m 08/01 12:48:21 | 0.522727    0.648148    0.000000    0.707258    0.518754    0.799772    1.977483    0.643056    0.616438    0.681395    0.798077    0.918148    0.522727    0.518754    0.648148    0.643056    4200        457.142857  0.040428    0.189753    0.338573    8.399633   
[36mINFO[0m 08/01 12:48:40 | 0.536364    0.537037    0.000000    0.734655    0.522140    0.792003    1.741887    0.648611    0.671233    0.698450    0.798077    0.885556    0.536364    0.522140    0.537037    0.648611    4300        468.027211  0.046637    0.189858    0.348505    8.399633   
[36mINFO[0m 08/01 12:48:59 | 0.500000    0.555556    0.000000    0.713383    0.543222    0.790482    1.686188    0.693056    0.657534    0.705039    0.769231    0.875926    0.500000    0.543222    0.555556    0.693056    4400        478.911565  0.042160    0.189622    0.342538    8.399633   
[36mINFO[0m 08/01 12:49:19 | 0.513636    0.592593    0.000000    0.693559    0.545000    0.750788    1.791120    0.615278    0.589041    0.627132    0.798077    0.874444    0.513636    0.545000    0.592593    0.615278    4500        489.795918  0.053064    0.189606    0.335531    8.399633   
[36mINFO[0m 08/01 12:49:38 | 0.554545    0.685185    0.000000    0.753886    0.578867    0.843816    1.044080    0.702778    0.671233    0.755039    0.836538    0.932593    0.554545    0.578867    0.685185    0.702778    4600        500.680272  0.064894    0.191552    0.345865    8.399633   
[36mINFO[0m 08/01 12:49:58 | 0.500000    0.666667    0.000000    0.715424    0.489374    0.779849    1.812194    0.673611    0.671233    0.701550    0.759615    0.858148    0.500000    0.489374    0.666667    0.673611    4700        511.564626  0.058938    0.190642    0.348287    8.399633   
[36mINFO[0m 08/01 12:50:17 | 0.522727    0.518519    0.000000    0.722998    0.541741    0.810413    1.713061    0.630556    0.657534    0.718605    0.788462    0.902222    0.522727    0.541741    0.518519    0.630556    4800        522.448980  0.056989    0.190700    0.347807    8.399633   
[36mINFO[0m 08/01 12:50:36 | 0.495455    0.574074    0.000000    0.749078    0.506392    0.799395    2.037099    0.596528    0.671233    0.685271    0.826923    0.913519    0.495455    0.506392    0.574074    0.596528    4900        533.333333  0.030123    0.190806    0.333145    8.399633   
[36mINFO[0m 08/01 12:50:56 | 0.490909    0.518519    0.000000    0.716873    0.543476    0.788790    1.663772    0.636111    0.616438    0.703876    0.817308    0.873704    0.490909    0.543476    0.518519    0.636111    5000        544.217687  0.050718    0.190440    0.340525    8.399633   
[36mINFO[0m 08/01 12:50:56 | ---
[36mINFO[0m 08/01 12:50:56 | oracle = 52.273%
[36mINFO[0m 08/01 12:50:56 | iid = 49.091%
[36mINFO[0m 08/01 12:50:56 | last = 49.091%
[36mINFO[0m 08/01 12:50:56 | last (inD) = 71.687%
[36mINFO[0m 08/01 12:50:56 | iid (inD) = 76.758%
[36mINFO[0m 08/01 12:50:57 | === Summary ===
[36mINFO[0m 08/01 12:50:57 | Command: /home/s21_yhr/lzh/DomainBed-new/train_all.py HTP_ALOFT_S_seed3 --dataset HTP --data_dir /home/s21_yhr/lzh/DomainBed-new/dataset --algorithm ALOFT_S --steps 5000 --checkpoint_freq 100 --batch_size 32 --optimizer adam --lr 5e-5 --weight_decay 0 --resnet_dropout 0 --resnet18 False --pretrained True --freeze_bn True --swad False --seed 3 --trial_seed 3 --deterministic --prebuild_loader --cache_size 640 --aloft_alpha 0.9 --aloft_mask_ratio 0.5 --aloft_perturb_prob 1.0
[36mINFO[0m 08/01 12:50:57 | Unique name: 260801_12-01-31_HTP_ALOFT_S_seed3
[36mINFO[0m 08/01 12:50:57 | Out path: train_output/HTP/260801_12-01-31_HTP_ALOFT_S_seed3
[36mINFO[0m 08/01 12:50:57 | Algorithm: ALOFT_S
[36mINFO[0m 08/01 12:50:57 | Dataset: HTP
+------------+---------+---------+---------+---------+
| Selection  |    00   |    01   |    02   |   Avg.  |
+------------+---------+---------+---------+---------+
|   oracle   | 53.741% | 57.518% | 52.273% | 54.511% |
|    iid     | 50.340% | 49.881% | 49.091% | 49.771% |
|    last    | 53.061% | 54.177% | 49.091% | 52.110% |
| last (inD) | 64.690% | 64.358% | 71.687% | 66.912% |
| iid (inD)  | 77.083% | 67.783% | 76.758% | 73.875% |
+------------+---------+---------+---------+---------+
================================================================================
Starting ALOFT_S, seed=4, physical GPU=3
/home/s21_yhr/miniconda3/envs/GGA/bin/python /home/s21_yhr/lzh/DomainBed-new/train_all.py HTP_ALOFT_S_seed4 --dataset HTP --data_dir /home/s21_yhr/lzh/DomainBed-new/dataset --algorithm ALOFT_S --steps 5000 --checkpoint_freq 100 --batch_size 32 --optimizer adam --lr 5e-5 --weight_decay 0 --resnet_dropout 0 --resnet18 False --pretrained True --freeze_bn True --swad False --seed 4 --trial_seed 4 --deterministic --prebuild_loader --cache_size 640 --aloft_alpha 0.9 --aloft_mask_ratio 0.5 --aloft_perturb_prob 1.0
================================================================================
[36mINFO[0m 08/01 12:51:02 | Command :: /home/s21_yhr/lzh/DomainBed-new/train_all.py HTP_ALOFT_S_seed4 --dataset HTP --data_dir /home/s21_yhr/lzh/DomainBed-new/dataset --algorithm ALOFT_S --steps 5000 --checkpoint_freq 100 --batch_size 32 --optimizer adam --lr 5e-5 --weight_decay 0 --resnet_dropout 0 --resnet18 False --pretrained True --freeze_bn True --swad False --seed 4 --trial_seed 4 --deterministic --prebuild_loader --cache_size 640 --aloft_alpha 0.9 --aloft_mask_ratio 0.5 --aloft_perturb_prob 1.0
Environment:
	Python: 3.11.15
	PyTorch: 2.11.0+cu128
	Torchvision: 0.26.0+cu128
	CUDA: 12.8
	CUDNN: 91900
	NumPy: 1.26.4
	PIL: 12.2.0
Args:
	algorithm: ALOFT_S
	batch_size: 32
	cache_root: cache
	cache_size: 640
	checkpoint_freq: 100
	configs: []
	data_dir: /home/s21_yhr/lzh/DomainBed-new/dataset
	dataset: HTP
	debug: False
	deterministic: True
	end_step: 200
	evalmode: fast
	extra_search: n
	extra_search_end: None
	extra_search_start: None
	gga_l_gamma: 0.001
	grad_fn: sum
	holdout_fraction: 0.2
	model_save: None
	name: HTP_ALOFT_S_seed4
	neighborhoodSize: 1e-06
	out_dir: train_output/HTP/260801_12-51-02_HTP_ALOFT_S_seed4
	out_root: train_output/HTP
	prebuild_loader: True
	seed: 4
	show: False
	start_step: 100
	steps: 5000
	tb_freq: 10
	test_envs: None
	train_output: train_output
	trial_seed: 4
	unique_name: 260801_12-51-02_HTP_ALOFT_S_seed4
	work_dir: .
HParams:
	data_augmentation: True
	val_augment: False
	[36mresnet18: False
	[0m[36mresnet_dropout: 0
	[0mclass_balanced: False
	[36moptimizer: adam
	[0m[36mfreeze_bn: True
	[0m[36mpretrained: True
	[0m[36mlr: 5e-05
	[0mbatch_size: 32
	[36mweight_decay: 0
	[0m[36maloft_alpha: 0.9
	[0m[36maloft_mask_ratio: 0.5
	[0m[36maloft_perturb_prob: 1.0
	[0maloft_positions: 
	  - layer1
	  - layer2
	  - layer3
	[36mswad: False
	[0mswad_kwargs: 
	  n_converge: 3
	  n_tolerance: 6
	  tolerance_ratio: 0.3
	test_batchsize: 128
	indomain_test: False
	grad_fn: sum
	extra_search: n
	logdir: train_output/HTP/260801_12-51-02_HTP_ALOFT_S_seed4
	neighborhoodSize: 1e-06
	start_step: 100
	end_step: 200
	extra_search_start: None
	extra_search_end: None
	gga_l_gamma: 0.001
Dataset:
	[HTP] #envs=3, #classes=2
	env0: 00 (#367)
	env1: 01 (#523)
	env2: 02 (#274)

[36mINFO[0m 08/01 12:51:02 | n_steps = 5000
[36mINFO[0m 08/01 12:51:02 | checkpoint_freq = 100
[36mINFO[0m 08/01 12:51:02 | n_steps is updated to 5000 => 5001 for checkpointing
[36mINFO[0m 08/01 12:51:02 | Target test envs = [[0], [1], [2]]
[36mINFO[0m 08/01 12:51:02 | 
[36mINFO[0m 08/01 12:51:02 | Testenv name escaping te_00 -> te_00
[36mINFO[0m 08/01 12:51:02 | Test envs = [0], name = te_00
[36mINFO[0m 08/01 12:51:02 | Batch sizes for each domain: [0, 32, 32] (total=64)
[36mINFO[0m 08/01 12:51:02 | steps-per-epoch for each domain: 13.09, 6.88 -> min = 6.88
/home/s21_yhr/miniconda3/envs/GGA/lib/python3.11/site-packages/torchvision/models/_utils.py:208: UserWarning: The parameter 'pretrained' is deprecated since 0.13 and may be removed in the future, please use 'weights' instead.
  warnings.warn(
/home/s21_yhr/miniconda3/envs/GGA/lib/python3.11/site-packages/torchvision/models/_utils.py:223: UserWarning: Arguments other than a weight enum or `None` for 'weights' are deprecated since 0.13 and may be removed in the future. The current behavior is equivalent to passing `weights=ResNet50_Weights.IMAGENET1K_V1`. You can also use `weights=ResNet50_Weights.DEFAULT` to get the most up-to-date weights.
  warnings.warn(msg)
[36mINFO[0m 08/01 12:51:04 | # of params = 23512130
[36mINFO[0m 08/01 12:51:06 | test_in     test_out    train_in    train_out   test_in_au  test_out_a  train_out_  tr_outloss  env0_in     env0_in_au  env0_out    env0_out_a  env1_out    env1_out_a  env2_out    env2_out_a  step        epoch       loss        step_time   eval_time   mem_gb     
[36mINFO[0m 08/01 12:51:06 | 0.462585    0.410959    0.000000    0.508013    0.533547    0.465517    0.718692    0.738012    0.462585    0.533547    0.410959    0.465517    0.682692    0.873474    0.333333    0.563910    0           0.000000    0.686932    0.846586    0.589466    8.219685   
[36mINFO[0m 08/01 12:51:25 | 0.537415    0.547945    0.000000    0.718661    0.564713    0.533699    0.801809    0.577294    0.537415    0.564713    0.547945    0.533699    0.807692    0.938957    0.629630    0.664662    100         14.545455   0.538542    0.190480    0.394405    8.400243   
[36mINFO[0m 08/01 12:51:45 | 0.554422    0.575342    0.000000    0.693910    0.559857    0.514890    0.812729    0.915184    0.554422    0.559857    0.575342    0.514890    0.721154    0.936737    0.666667    0.688722    200         29.090909   0.321070    0.190140    0.395054    8.400243   
[36mINFO[0m 08/01 12:52:04 | 0.534014    0.520548    0.000000    0.670228    0.540431    0.480408    0.784702    0.966644    0.534014    0.540431    0.520548    0.480408    0.692308    0.892712    0.648148    0.676692    300         43.636364   0.257861    0.189803    0.398037    8.400243   
[36mINFO[0m 08/01 12:52:24 | 0.537415    0.493151    0.000000    0.713853    0.536470    0.483542    0.795317    0.956089    0.537415    0.536470    0.493151    0.483542    0.798077    0.951535    0.629630    0.639098    400         58.181818   0.200497    0.189818    0.404706    8.400243   
[36mINFO[0m 08/01 12:52:43 | 0.557823    0.438356    0.000000    0.756766    0.570088    0.486677    0.822778    1.588297    0.557823    0.570088    0.438356    0.486677    0.865385    0.949316    0.648148    0.696241    500         72.727273   0.184018    0.189787    0.396045    8.400243   
[36mINFO[0m 08/01 12:53:02 | 0.551020    0.547945    0.000000    0.704594    0.559244    0.526646    0.826084    1.142476    0.551020    0.559244    0.547945    0.526646    0.798077    0.958935    0.611111    0.693233    600         87.272727   0.155095    0.189627    0.386108    8.400243   
[36mINFO[0m 08/01 12:53:22 | 0.574830    0.561644    0.000000    0.756410    0.551370    0.477273    0.815420    1.240050    0.574830    0.551370    0.561644    0.477273    0.846154    0.952645    0.666667    0.678195    700         101.818182  0.140692    0.189882    0.384481    8.400243   
[36mINFO[0m 08/01 12:53:41 | 0.547619    0.534247    0.000000    0.789352    0.581546    0.548589    0.814692    1.167929    0.547619    0.581546    0.534247    0.548589    0.875000    0.949686    0.703704    0.679699    800         116.363636  0.123281    0.190042    0.384420    8.400243   
[36mINFO[0m 08/01 12:54:00 | 0.547619    0.534247    0.000000    0.717949    0.557641    0.503135    0.813863    1.425032    0.547619    0.557641    0.534247    0.503135    0.769231    0.935997    0.666667    0.691729    900         130.909091  0.116874    0.190346    0.385385    8.400243   
[36mINFO[0m 08/01 12:54:20 | 0.547619    0.547945    0.000000    0.728276    0.559432    0.529781    0.793037    1.427808    0.547619    0.559432    0.547945    0.529781    0.826923    0.954495    0.629630    0.631579    1000        145.454545  0.113049    0.190148    0.391787    8.400243   
[36mINFO[0m 08/01 12:54:39 | 0.561224    0.479452    0.000000    0.784900    0.556038    0.482367    0.801445    1.547327    0.561224    0.556038    0.479452    0.482367    0.884615    0.937477    0.685185    0.665414    1100        160.000000  0.124733    0.190252    0.389139    8.400243   
[36mINFO[0m 08/01 12:54:59 | 0.557823    0.479452    0.000000    0.784900    0.564878    0.461991    0.813976    2.030059    0.557823    0.564878    0.479452    0.461991    0.884615    0.945246    0.685185    0.682707    1200        174.545455  0.104689    0.190229    0.385144    8.400243   
[36mINFO[0m 08/01 12:55:18 | 0.581633    0.506849    0.000000    0.722756    0.558961    0.531348    0.800288    1.547739    0.581633    0.558961    0.506849    0.531348    0.778846    0.917869    0.666667    0.682707    1300        189.090909  0.109593    0.190315    0.392420    8.400243   
[36mINFO[0m 08/01 12:55:38 | 0.534014    0.506849    0.000000    0.738248    0.572870    0.502743    0.800251    1.865262    0.534014    0.572870    0.506849    0.502743    0.865385    0.968923    0.611111    0.631579    1400        203.636364  0.092989    0.190612    0.393091    8.400243   
[36mINFO[0m 08/01 12:55:57 | 0.571429    0.520548    0.000000    0.737536    0.572045    0.528213    0.803068    1.600305    0.571429    0.572045    0.520548    0.528213    0.826923    0.945986    0.648148    0.660150    1500        218.181818  0.093337    0.189908    0.392257    8.400243   
[36mINFO[0m 08/01 12:56:16 | 0.537415    0.534247    0.000000    0.713141    0.533264    0.510188    0.774426    1.861474    0.537415    0.533264    0.534247    0.510188    0.759615    0.908250    0.666667    0.640602    1600        232.727273  0.087709    0.189972    0.387801    8.400243   
[36mINFO[0m 08/01 12:56:36 | 0.547619    0.602740    0.000000    0.732728    0.540902    0.561912    0.811171    1.672355    0.547619    0.540902    0.602740    0.561912    0.817308    0.966704    0.648148    0.655639    1700        247.272727  0.085297    0.190254    0.383296    8.400243   
[36mINFO[0m 08/01 12:56:55 | 0.571429    0.602740    0.000000    0.741987    0.558937    0.519592    0.793216    1.667467    0.571429    0.558937    0.602740    0.519592    0.817308    0.932297    0.666667    0.654135    1800        261.818182  0.101923    0.190353    0.387896    8.400243   
[36mINFO[0m 08/01 12:57:15 | 0.568027    0.534247    0.000000    0.742343    0.564666    0.500784    0.785191    1.394342    0.568027    0.564666    0.534247    0.500784    0.836538    0.925268    0.648148    0.645113    1900        276.363636  0.094738    0.190251    0.392827    8.400243   
[36mINFO[0m 08/01 12:57:34 | 0.571429    0.534247    0.000000    0.751603    0.594653    0.490596    0.804256    1.476442    0.571429    0.594653    0.534247    0.490596    0.836538    0.915279    0.666667    0.693233    2000        290.909091  0.088397    0.190237    0.389071    8.400243   
[36mINFO[0m 08/01 12:57:54 | 0.561224    0.493151    0.000000    0.761218    0.571055    0.484718    0.814036    1.792264    0.561224    0.571055    0.493151    0.484718    0.855769    0.937847    0.666667    0.690226    2100        305.454545  0.072340    0.190306    0.384439    8.400243   
[36mINFO[0m 08/01 12:58:13 | 0.537415    0.506849    0.000000    0.736823    0.533500    0.470219    0.806679    2.369570    0.537415    0.533500    0.506849    0.470219    0.788462    0.894562    0.685185    0.718797    2200        320.000000  0.079176    0.189966    0.389031    8.400243   
[36mINFO[0m 08/01 12:58:32 | 0.561224    0.534247    0.000000    0.737179    0.563723    0.547806    0.775041    1.412841    0.561224    0.563723    0.534247    0.547806    0.807692    0.901961    0.666667    0.648120    2300        334.545455  0.078314    0.190071    0.390010    8.400243   
[36mINFO[0m 08/01 12:58:52 | 0.561224    0.547945    0.000000    0.722756    0.549672    0.503918    0.772146    2.013514    0.561224    0.549672    0.547945    0.503918    0.778846    0.911210    0.666667    0.633083    2400        349.090909  0.072174    0.190392    0.380941    8.400243   
[36mINFO[0m 08/01 12:59:11 | 0.534014    0.547945    0.000000    0.751603    0.510349    0.473354    0.795705    1.295451    0.534014    0.510349    0.547945    0.473354    0.836538    0.926748    0.666667    0.664662    2500        363.636364  0.087243    0.190220    0.380832    8.400243   
[36mINFO[0m 08/01 12:59:31 | 0.571429    0.589041    0.000000    0.746795    0.542411    0.531348    0.782231    1.873794    0.571429    0.542411    0.589041    0.531348    0.826923    0.919349    0.666667    0.645113    2600        378.181818  0.075494    0.190021    0.386965    8.400243   
[36mINFO[0m 08/01 12:59:50 | 0.540816    0.602740    0.000000    0.718661    0.570560    0.589342    0.780327    2.061493    0.540816    0.570560    0.602740    0.589342    0.807692    0.922309    0.629630    0.638346    2700        392.727273  0.062376    0.190083    0.394189    8.400243   
[36mINFO[0m 08/01 13:00:09 | 0.561224    0.534247    0.000000    0.714209    0.574025    0.561912    0.775840    2.409524    0.561224    0.574025    0.534247    0.561912    0.817308    0.896041    0.611111    0.655639    2800        407.272727  0.075880    0.190038    0.386287    8.400243   
[36mINFO[0m 08/01 13:00:29 | 0.568027    0.493151    0.000000    0.732728    0.598614    0.508621    0.786682    1.928863    0.568027    0.598614    0.493151    0.508621    0.817308    0.926748    0.648148    0.646617    2900        421.818182  0.066886    0.190245    0.382731    8.400243   
[36mINFO[0m 08/01 13:00:48 | 0.564626    0.547945    0.000000    0.742343    0.556981    0.540752    0.808343    1.626922    0.564626    0.556981    0.547945    0.540752    0.836538    0.944506    0.648148    0.672180    3000        436.363636  0.077579    0.190145    0.390311    8.400243   
[36mINFO[0m 08/01 13:01:08 | 0.547619    0.589041    0.000000    0.742343    0.536494    0.519984    0.815391    1.886048    0.547619    0.536494    0.589041    0.519984    0.836538    0.933037    0.648148    0.697744    3100        450.909091  0.076549    0.190157    0.388604    8.400243   
[36mINFO[0m 08/01 13:01:27 | 0.564626    0.506849    0.000000    0.742343    0.563581    0.518417    0.793437    2.284090    0.564626    0.563581    0.506849    0.518417    0.836538    0.928228    0.648148    0.658647    3200        465.454545  0.058949    0.190444    0.387667    8.400243   
[36mINFO[0m 08/01 13:01:47 | 0.557823    0.575342    0.000000    0.694623    0.553374    0.578762    0.789475    2.077116    0.557823    0.553374    0.575342    0.578762    0.759615    0.930078    0.629630    0.648872    3300        480.000000  0.060379    0.190240    0.384536    8.400243   
[36mINFO[0m 08/01 13:02:06 | 0.554422    0.589041    0.000000    0.727920    0.527748    0.509404    0.793873    1.698326    0.554422    0.527748    0.589041    0.509404    0.807692    0.944136    0.648148    0.643609    3400        494.545455  0.059731    0.189923    0.385720    8.400243   
[36mINFO[0m 08/01 13:02:25 | 0.551020    0.534247    0.000000    0.704594    0.534726    0.460031    0.788926    2.036503    0.551020    0.534726    0.534247    0.460031    0.798077    0.928228    0.611111    0.649624    3500        509.090909  0.054696    0.190250    0.389235    8.400243   
[36mINFO[0m 08/01 13:02:45 | 0.554422    0.547945    0.000000    0.704594    0.532250    0.544671    0.807227    2.441147    0.554422    0.532250    0.547945    0.544671    0.798077    0.943026    0.611111    0.671429    3600        523.636364  0.059764    0.189930    0.393445    8.400243   
[36mINFO[0m 08/01 13:03:04 | 0.540816    0.493151    0.000000    0.733084    0.534207    0.472571    0.806106    1.473306    0.540816    0.534207    0.493151    0.472571    0.836538    0.942286    0.629630    0.669925    3700        538.181818  0.080980    0.190253    0.382623    8.400243   
[36mINFO[0m 08/01 13:03:24 | 0.527211    0.493151    0.000000    0.737892    0.519001    0.472571    0.794219    2.025770    0.527211    0.519001    0.493151    0.472571    0.846154    0.947836    0.629630    0.640602    3800        552.727273  0.056931    0.190038    0.386674    8.400243   
[36mINFO[0m 08/01 13:03:43 | 0.547619    0.561644    0.000000    0.727920    0.539181    0.495298    0.797363    2.298598    0.547619    0.539181    0.561644    0.495298    0.807692    0.954125    0.648148    0.640602    3900        567.272727  0.050597    0.190565    0.381253    8.400243   
[36mINFO[0m 08/01 13:04:02 | 0.554422    0.547945    0.000000    0.742343    0.553209    0.524295    0.802770    1.968399    0.554422    0.553209    0.547945    0.524295    0.836538    0.936367    0.648148    0.669173    4000        581.818182  0.060539    0.190637    0.375543    8.400243   
[36mINFO[0m 08/01 13:04:22 | 0.534014    0.506849    0.000000    0.723825    0.563464    0.515674    0.801558    2.121015    0.534014    0.563464    0.506849    0.515674    0.836538    0.946726    0.611111    0.656391    4100        596.363636  0.058997    0.190105    0.382492    8.400243   
[36mINFO[0m 08/01 13:04:41 | 0.530612    0.520548    0.000000    0.737892    0.558560    0.507837    0.806714    1.723518    0.530612    0.558560    0.520548    0.507837    0.846154    0.936737    0.629630    0.676692    4200        610.909091  0.060524    0.189817    0.391008    8.400243   
[36mINFO[0m 08/01 13:05:01 | 0.554422    0.534247    0.000000    0.714566    0.550356    0.491379    0.783949    2.321512    0.554422    0.550356    0.534247    0.491379    0.836538    0.939327    0.592593    0.628571    4300        625.454545  0.053723    0.189773    0.373582    8.400243   
[36mINFO[0m 08/01 13:05:20 | 0.551020    0.561644    0.000000    0.746795    0.541657    0.492163    0.803110    1.911497    0.551020    0.541657    0.561644    0.492163    0.826923    0.917499    0.666667    0.688722    4400        640.000000  0.060952    0.189559    0.380167    8.400243   
[36mINFO[0m 08/01 13:05:39 | 0.530612    0.493151    0.000000    0.718661    0.557900    0.540752    0.781020    1.648440    0.530612    0.557900    0.493151    0.540752    0.807692    0.906400    0.629630    0.655639    4500        654.545455  0.059910    0.189722    0.387949    8.400243   
[36mINFO[0m 08/01 13:05:59 | 0.581633    0.547945    0.000000    0.751603    0.576194    0.550940    0.803110    2.431572    0.581633    0.576194    0.547945    0.550940    0.836538    0.917499    0.666667    0.688722    4600        669.090909  0.047282    0.189388    0.382992    8.400243   
[36mINFO[0m 08/01 13:06:18 | 0.520408    0.520548    0.000000    0.679487    0.537838    0.498433    0.745516    2.053610    0.520408    0.537838    0.520548    0.498433    0.692308    0.787273    0.666667    0.703759    4700        683.636364  0.057080    0.189242    0.377813    8.400243   
[36mINFO[0m 08/01 13:06:37 | 0.537415    0.616438    0.000000    0.719017    0.554081    0.527429    0.793879    2.053882    0.537415    0.554081    0.616438    0.527429    0.826923    0.920089    0.611111    0.667669    4800        698.181818  0.052921    0.189259    0.389297    8.400243   
[36mINFO[0m 08/01 13:06:57 | 0.537415    0.534247    0.000000    0.755698    0.557193    0.483542    0.798605    2.194396    0.537415    0.557193    0.534247    0.483542    0.807692    0.916759    0.703704    0.680451    4900        712.727273  0.043931    0.189211    0.383889    8.400243   
[36mINFO[0m 08/01 13:07:16 | 0.534014    0.534247    0.000000    0.676816    0.520086    0.489812    0.778716    2.241153    0.534014    0.520086    0.534247    0.489812    0.798077    0.912320    0.555556    0.645113    5000        727.272727  0.049969    0.189371    0.399989    8.400243   
[36mINFO[0m 08/01 13:07:16 | ---
[36mINFO[0m 08/01 13:07:16 | oracle = 53.741%
[36mINFO[0m 08/01 13:07:16 | iid = 54.762%
[36mINFO[0m 08/01 13:07:16 | last = 53.401%
[36mINFO[0m 08/01 13:07:16 | last (inD) = 67.682%
[36mINFO[0m 08/01 13:07:16 | iid (inD) = 78.935%
[36mINFO[0m 08/01 13:07:17 | 
[36mINFO[0m 08/01 13:07:17 | Testenv name escaping te_01 -> te_01
[36mINFO[0m 08/01 13:07:17 | Test envs = [1], name = te_01
[36mINFO[0m 08/01 13:07:17 | Batch sizes for each domain: [32, 0, 32] (total=64)
[36mINFO[0m 08/01 13:07:17 | steps-per-epoch for each domain: 9.19, 6.88 -> min = 6.88
/home/s21_yhr/miniconda3/envs/GGA/lib/python3.11/site-packages/torchvision/models/_utils.py:208: UserWarning: The parameter 'pretrained' is deprecated since 0.13 and may be removed in the future, please use 'weights' instead.
  warnings.warn(
/home/s21_yhr/miniconda3/envs/GGA/lib/python3.11/site-packages/torchvision/models/_utils.py:223: UserWarning: Arguments other than a weight enum or `None` for 'weights' are deprecated since 0.13 and may be removed in the future. The current behavior is equivalent to passing `weights=ResNet50_Weights.IMAGENET1K_V1`. You can also use `weights=ResNet50_Weights.DEFAULT` to get the most up-to-date weights.
  warnings.warn(msg)
[36mINFO[0m 08/01 13:07:19 | # of params = 23512130
[36mINFO[0m 08/01 13:07:20 | test_in     test_out    train_in    train_out   test_in_au  train_out_  tr_outloss  test_out_a  env0_out    env0_out_a  env1_in     env1_in_au  env1_out    env1_out_a  env2_out    env2_out_a  step        epoch       loss        step_time   eval_time   mem_gb     
[36mINFO[0m 08/01 13:07:20 | 0.398568    0.365385    0.000000    0.593607    0.352192    0.584905    0.672501    0.318905    0.520548    0.515674    0.398568    0.352192    0.365385    0.318905    0.666667    0.654135    0           0.000000    0.694866    0.192761    0.519439    8.222371   
[36mINFO[0m 08/01 13:07:39 | 0.620525    0.509615    0.000000    0.531583    0.687887    0.556574    0.666762    0.562708    0.452055    0.434953    0.620525    0.687887    0.509615    0.562708    0.611111    0.678195    100         14.545455   0.649957    0.189825    0.463517    8.399633   
[36mINFO[0m 08/01 13:07:59 | 0.618138    0.605769    0.000000    0.600457    0.680778    0.586536    0.966996    0.601184    0.534247    0.521944    0.618138    0.680778    0.605769    0.601184    0.666667    0.651128    200         29.090909   0.451899    0.189216    0.474499    8.399633   
[36mINFO[0m 08/01 13:08:18 | 0.603819    0.509615    0.000000    0.669330    0.636529    0.697871    0.975845    0.504994    0.616438    0.654389    0.603819    0.636529    0.509615    0.504994    0.722222    0.741353    300         43.636364   0.305136    0.189189    0.468706    8.399633   
[36mINFO[0m 08/01 13:08:38 | 0.613365    0.528846    0.000000    0.591197    0.644869    0.644295    1.372806    0.506844    0.534247    0.589342    0.613365    0.644869    0.528846    0.506844    0.648148    0.699248    400         58.181818   0.255974    0.189096    0.460620    8.399633   
[36mINFO[0m 08/01 13:08:57 | 0.656325    0.567308    0.000000    0.652841    0.698915    0.675856    1.347432    0.591195    0.657534    0.681034    0.656325    0.698915    0.567308    0.591195    0.648148    0.670677    500         72.727273   0.166034    0.189097    0.469394    8.399633   
[36mINFO[0m 08/01 13:09:16 | 0.610979    0.567308    0.000000    0.639143    0.616319    0.730995    1.948883    0.548650    0.630137    0.786050    0.610979    0.616319    0.567308    0.548650    0.648148    0.675940    600         87.272727   0.124005    0.189080    0.460681    8.399633   
[36mINFO[0m 08/01 13:09:36 | 0.572792    0.519231    0.000000    0.636733    0.595277    0.681427    2.155632    0.469108    0.643836    0.714734    0.572792    0.595277    0.519231    0.469108    0.629630    0.648120    700         101.818182  0.123953    0.188861    0.466321    8.399633   
[36mINFO[0m 08/01 13:09:55 | 0.577566    0.538462    0.000000    0.680619    0.667791    0.668029    1.631397    0.596004    0.657534    0.647335    0.577566    0.667791    0.538462    0.596004    0.703704    0.688722    800         116.363636  0.121606    0.189151    0.461802    8.399633   
[36mINFO[0m 08/01 13:10:15 | 0.572792    0.528846    0.000000    0.623034    0.599617    0.680817    2.335213    0.526452    0.616438    0.693966    0.572792    0.599617    0.528846    0.526452    0.629630    0.667669    900         130.909091  0.097621    0.189099    0.473716    8.399633   
[36mINFO[0m 08/01 13:10:34 | 0.577566    0.528846    0.000000    0.614155    0.613653    0.648637    1.782331    0.519793    0.561644    0.599530    0.577566    0.613653    0.528846    0.519793    0.666667    0.697744    1000        145.454545  0.101633    0.189310    0.462398    8.399633   
[36mINFO[0m 08/01 13:10:53 | 0.627685    0.625000    0.000000    0.623415    0.644960    0.673027    1.999824    0.579356    0.561644    0.652821    0.627685    0.644960    0.625000    0.579356    0.685185    0.693233    1100        160.000000  0.084263    0.189186    0.465369    8.399633   
[36mINFO[0m 08/01 13:11:13 | 0.544153    0.500000    0.000000    0.660071    0.582460    0.670380    1.456921    0.468738    0.616438    0.652038    0.544153    0.582460    0.500000    0.468738    0.703704    0.688722    1200        174.545455  0.099251    0.189169    0.468754    8.399633   
[36mINFO[0m 08/01 13:11:32 | 0.536993    0.490385    0.000000    0.593227    0.561247    0.659853    2.002426    0.462819    0.575342    0.652038    0.536993    0.561247    0.490385    0.462819    0.611111    0.667669    1300        189.090909  0.083174    0.189103    0.464615    8.399633   
[36mINFO[0m 08/01 13:11:51 | 0.551313    0.480769    0.000000    0.643962    0.587837    0.686529    2.133690    0.486496    0.602740    0.651254    0.551313    0.587837    0.480769    0.486496    0.685185    0.721805    1400        203.636364  0.069940    0.189061    0.460296    8.399633   
[36mINFO[0m 08/01 13:12:11 | 0.548926    0.500000    0.000000    0.673770    0.605154    0.710951    1.590448    0.510359    0.643836    0.706113    0.548926    0.605154    0.500000    0.510359    0.703704    0.715789    1500        218.181818  0.079653    0.188885    0.463046    8.399633   
[36mINFO[0m 08/01 13:12:30 | 0.560859    0.509615    0.000000    0.668950    0.592440    0.685175    2.151706    0.507954    0.671233    0.677116    0.560859    0.592440    0.509615    0.507954    0.666667    0.693233    1600        232.727273  0.078895    0.188881    0.469885    8.399633   
[36mINFO[0m 08/01 13:12:50 | 0.577566    0.500000    0.000000    0.639523    0.603172    0.672090    2.227463    0.479467    0.575342    0.662226    0.577566    0.603172    0.500000    0.479467    0.703704    0.681955    1700        247.272727  0.078704    0.188918    0.466884    8.399633   
[36mINFO[0m 08/01 13:13:09 | 0.596659    0.519231    0.000000    0.653222    0.672029    0.704422    2.286421    0.545690    0.602740    0.690047    0.596659    0.672029    0.519231    0.545690    0.703704    0.718797    1800        261.818182  0.072609    0.189011    0.461041    8.399633   
[36mINFO[0m 08/01 13:13:28 | 0.556086    0.519231    0.000000    0.671360    0.618552    0.712159    1.884072    0.541990    0.657534    0.710031    0.556086    0.618552    0.519231    0.541990    0.685185    0.714286    1900        276.363636  0.061773    0.189028    0.468979    8.399633   
[36mINFO[0m 08/01 13:13:48 | 0.582339    0.557692    0.000000    0.595637    0.595789    0.737810    2.370679    0.509434    0.561644    0.788401    0.582339    0.595789    0.557692    0.509434    0.629630    0.687218    2000        290.909091  0.067985    0.188987    0.467800    8.399633   
[36mINFO[0m 08/01 13:14:07 | 0.541766    0.423077    0.000000    0.698757    0.583462    0.728151    2.003188    0.441731    0.712329    0.757053    0.541766    0.583462    0.423077    0.441731    0.685185    0.699248    2100        305.454545  0.065428    0.189082    0.465762    8.399633   
[36mINFO[0m 08/01 13:14:26 | 0.596659    0.538462    0.000000    0.623034    0.630457    0.688860    2.251941    0.522752    0.616438    0.692006    0.596659    0.630457    0.538462    0.522752    0.629630    0.685714    2200        320.000000  0.066473    0.188896    0.458527    8.399633   
[36mINFO[0m 08/01 13:14:46 | 0.563246    0.509615    0.000000    0.632293    0.602705    0.694907    2.817810    0.478357    0.616438    0.693574    0.563246    0.602705    0.509615    0.478357    0.648148    0.696241    2300        334.545455  0.049015    0.188886    0.464440    8.399633   
[36mINFO[0m 08/01 13:15:05 | 0.513126    0.471154    0.000000    0.625444    0.530840    0.695687    1.822256    0.388457    0.602740    0.731975    0.513126    0.530840    0.471154    0.388457    0.648148    0.659398    2400        349.090909  0.071015    0.188867    0.469329    8.399633   
[36mINFO[0m 08/01 13:15:25 | 0.532220    0.509615    0.000000    0.643582    0.618438    0.713197    1.731205    0.527562    0.657534    0.724138    0.532220    0.618438    0.509615    0.527562    0.629630    0.702256    2500        363.636364  0.059942    0.188946    0.464656    8.399633   
[36mINFO[0m 08/01 13:15:44 | 0.577566    0.567308    0.000000    0.655251    0.647535    0.719704    1.924353    0.572327    0.643836    0.720611    0.577566    0.647535    0.567308    0.572327    0.666667    0.718797    2600        378.181818  0.046146    0.188810    0.469154    8.399633   
[36mINFO[0m 08/01 13:16:03 | 0.539379    0.538462    0.000000    0.643582    0.570885    0.706758    2.336551    0.508324    0.657534    0.721787    0.539379    0.570885    0.538462    0.508324    0.629630    0.691729    2700        392.727273  0.055877    0.188667    0.462803    8.399633   
[36mINFO[0m 08/01 13:16:23 | 0.544153    0.538462    0.000000    0.611365    0.578290    0.699653    3.034039    0.478727    0.630137    0.742163    0.544153    0.578290    0.538462    0.478727    0.592593    0.657143    2800        407.272727  0.047999    0.188849    0.469117    8.399633   
[36mINFO[0m 08/01 13:16:42 | 0.568019    0.500000    0.000000    0.648021    0.606214    0.709571    2.599400    0.473363    0.684932    0.749216    0.568019    0.606214    0.500000    0.473363    0.611111    0.669925    2900        421.818182  0.050462    0.188674    0.463150    8.399633   
[36mINFO[0m 08/01 13:17:01 | 0.532220    0.548077    0.000000    0.673389    0.573277    0.726923    1.541662    0.470958    0.698630    0.789185    0.532220    0.573277    0.548077    0.470958    0.648148    0.664662    3000        436.363636  0.061880    0.188782    0.461077    8.399633   
[36mINFO[0m 08/01 13:17:21 | 0.496420    0.432692    0.000000    0.623034    0.516690    0.697205    2.625306    0.420274    0.616438    0.704937    0.496420    0.516690    0.432692    0.420274    0.629630    0.689474    3100        450.909091  0.058883    0.188635    0.460756    8.399633   
[36mINFO[0m 08/01 13:17:40 | 0.541766    0.509615    0.000000    0.650812    0.584055    0.700108    1.736603    0.514243    0.616438    0.746082    0.541766    0.584055    0.509615    0.514243    0.685185    0.654135    3200        465.454545  0.054841    0.188748    0.472886    8.399633   
[36mINFO[0m 08/01 13:17:59 | 0.558473    0.480769    0.000000    0.648402    0.576194    0.698382    2.768296    0.487606    0.630137    0.735110    0.558473    0.576194    0.480769    0.487606    0.666667    0.661654    3300        480.000000  0.052548    0.188784    0.471903    8.399633   
[36mINFO[0m 08/01 13:18:19 | 0.575179    0.509615    0.000000    0.641553    0.621764    0.704534    2.503923    0.519053    0.616438    0.723354    0.575179    0.621764    0.509615    0.519053    0.666667    0.685714    3400        494.545455  0.059073    0.188665    0.457256    8.399633   
[36mINFO[0m 08/01 13:18:38 | 0.568019    0.500000    0.000000    0.650812    0.624863    0.640738    2.194364    0.510174    0.616438    0.636364    0.568019    0.624863    0.500000    0.510174    0.685185    0.645113    3500        509.090909  0.045252    0.188723    0.464264    8.399633   
[36mINFO[0m 08/01 13:18:57 | 0.577566    0.596154    0.000000    0.659691    0.637304    0.704784    2.483037    0.616722    0.671233    0.744906    0.577566    0.637304    0.596154    0.616722    0.648148    0.664662    3600        523.636364  0.039589    0.188751    0.467991    8.399633   
[36mINFO[0m 08/01 13:19:17 | 0.563246    0.538462    0.000000    0.639143    0.607273    0.694123    2.702564    0.549760    0.630137    0.692006    0.563246    0.607273    0.538462    0.549760    0.648148    0.696241    3700        538.181818  0.044115    0.188849    0.464622    8.399633   
[36mINFO[0m 08/01 13:19:36 | 0.572792    0.500000    0.000000    0.613775    0.600232    0.668670    2.236536    0.509434    0.616438    0.669671    0.572792    0.600232    0.500000    0.509434    0.611111    0.667669    3800        552.727273  0.064719    0.188755    0.458986    8.399633   
[36mINFO[0m 08/01 13:19:55 | 0.587112    0.509615    0.000000    0.623034    0.615954    0.695496    2.472886    0.540881    0.616438    0.722571    0.587112    0.615954    0.509615    0.540881    0.629630    0.668421    3900        567.272727  0.061182    0.188816    0.465390    8.399633   
[36mINFO[0m 08/01 13:20:15 | 0.565632    0.519231    0.000000    0.648402    0.612320    0.713912    2.564571    0.569737    0.630137    0.731583    0.565632    0.612320    0.519231    0.569737    0.666667    0.696241    4000        581.818182  0.037677    0.189048    0.468972    8.399633   
[36mINFO[0m 08/01 13:20:34 | 0.477327    0.432692    0.000000    0.641172    0.482114    0.738441    2.671737    0.415464    0.671233    0.828762    0.477327    0.482114    0.432692    0.415464    0.611111    0.648120    4100        596.363636  0.046216    0.188955    0.463199    8.399633   
[36mINFO[0m 08/01 13:20:54 | 0.510740    0.480769    0.000000    0.627473    0.560859    0.709200    2.794369    0.464299    0.643836    0.740204    0.510740    0.560859    0.480769    0.464299    0.611111    0.678195    4200        610.909091  0.036272    0.188947    0.463266    8.399633   
[36mINFO[0m 08/01 13:21:13 | 0.551313    0.557692    0.000000    0.687088    0.567251    0.725721    2.378188    0.572697    0.726027    0.776254    0.551313    0.567251    0.557692    0.572697    0.648148    0.675188    4300        625.454545  0.060907    0.188835    0.466359    8.399633   
[36mINFO[0m 08/01 13:21:32 | 0.577566    0.500000    0.000000    0.632293    0.599959    0.704672    1.624670    0.516833    0.616438    0.711599    0.577566    0.599959    0.500000    0.516833    0.648148    0.697744    4400        640.000000  0.062594    0.188917    0.473516    8.399633   
[36mINFO[0m 08/01 13:21:52 | 0.551313    0.576923    0.000000    0.632293    0.579714    0.649470    4.110589    0.555864    0.616438    0.659091    0.551313    0.579714    0.576923    0.555864    0.648148    0.639850    4500        654.545455  0.038444    0.188871    0.463425    8.399633   
[36mINFO[0m 08/01 13:22:11 | 0.525060    0.519231    0.000000    0.613775    0.558752    0.680432    2.030163    0.507214    0.616438    0.739812    0.525060    0.558752    0.519231    0.507214    0.611111    0.621053    4600        669.090909  0.050081    0.188761    0.466107    8.399633   
[36mINFO[0m 08/01 13:22:30 | 0.527446    0.500000    0.000000    0.661720    0.543292    0.681174    2.664433    0.507584    0.712329    0.757837    0.527446    0.543292    0.500000    0.507584    0.611111    0.604511    4700        683.636364  0.038105    0.188943    0.465752    8.399633   
[36mINFO[0m 08/01 13:22:50 | 0.529833    0.490385    0.000000    0.634703    0.576809    0.683545    2.880630    0.493526    0.602740    0.726489    0.529833    0.576809    0.490385    0.493526    0.666667    0.640602    4800        698.181818  0.043484    0.188958    0.469103    8.399633   
[36mINFO[0m 08/01 13:23:09 | 0.579952    0.480769    0.000000    0.613394    0.577584    0.718330    2.360576    0.470218    0.671233    0.810345    0.579952    0.577584    0.480769    0.470218    0.555556    0.626316    4900        712.727273  0.039230    0.188852    0.470981    8.399633   
[36mINFO[0m 08/01 13:23:28 | 0.532220    0.490385    0.000000    0.618214    0.571170    0.696826    2.593265    0.485387    0.643836    0.769592    0.532220    0.571170    0.490385    0.485387    0.592593    0.624060    5000        727.272727  0.048640    0.188793    0.459831    8.399633   
[36mINFO[0m 08/01 13:23:28 | ---
[36mINFO[0m 08/01 13:23:28 | oracle = 62.768%
[36mINFO[0m 08/01 13:23:28 | iid = 54.177%
[36mINFO[0m 08/01 13:23:28 | last = 53.222%
[36mINFO[0m 08/01 13:23:28 | last (inD) = 61.821%
[36mINFO[0m 08/01 13:23:28 | iid (inD) = 69.876%
[36mINFO[0m 08/01 13:23:29 | 
[36mINFO[0m 08/01 13:23:29 | Testenv name escaping te_02 -> te_02
[36mINFO[0m 08/01 13:23:29 | Test envs = [2], name = te_02
[36mINFO[0m 08/01 13:23:29 | Batch sizes for each domain: [32, 32, 0] (total=64)
[36mINFO[0m 08/01 13:23:29 | steps-per-epoch for each domain: 9.19, 13.09 -> min = 9.19
/home/s21_yhr/miniconda3/envs/GGA/lib/python3.11/site-packages/torchvision/models/_utils.py:208: UserWarning: The parameter 'pretrained' is deprecated since 0.13 and may be removed in the future, please use 'weights' instead.
  warnings.warn(
/home/s21_yhr/miniconda3/envs/GGA/lib/python3.11/site-packages/torchvision/models/_utils.py:223: UserWarning: Arguments other than a weight enum or `None` for 'weights' are deprecated since 0.13 and may be removed in the future. The current behavior is equivalent to passing `weights=ResNet50_Weights.IMAGENET1K_V1`. You can also use `weights=ResNet50_Weights.DEFAULT` to get the most up-to-date weights.
  warnings.warn(msg)
[36mINFO[0m 08/01 13:23:32 | # of params = 23512130
[36mINFO[0m 08/01 13:23:32 | test_in     test_out    train_in    train_out   test_in_au  train_out_  tr_outloss  test_out_a  env0_out    env0_out_a  env1_out    env1_out_a  env2_in     env2_in_au  env2_out    env2_out_a  step        epoch       loss        step_time   eval_time   mem_gb     
[36mINFO[0m 08/01 13:23:32 | 0.554545    0.648148    0.000000    0.556178    0.608983    0.596749    0.701670    0.678195    0.602740    0.364420    0.509615    0.829079    0.554545    0.608983    0.648148    0.678195    0           0.000000    0.697588    0.188520    0.342818    8.222371   
[36mINFO[0m 08/01 13:23:52 | 0.559091    0.648148    0.000000    0.642716    0.531281    0.771933    0.681039    0.499248    0.602740    0.609718    0.682692    0.934147    0.559091    0.531281    0.648148    0.499248    100         10.884354   0.590736    0.188787    0.328551    8.399633   
[36mINFO[0m 08/01 13:24:11 | 0.586364    0.574074    0.000000    0.745719    0.601957    0.787575    0.606393    0.571429    0.616438    0.646552    0.875000    0.928598    0.586364    0.601957    0.574074    0.571429    200         21.768707   0.460472    0.188721    0.332247    8.399633   
[36mINFO[0m 08/01 13:24:30 | 0.545455    0.388889    0.000000    0.723130    0.611158    0.807316    0.792703    0.392481    0.561644    0.664577    0.884615    0.950055    0.545455    0.611158    0.388889    0.392481    300         32.653061   0.376417    0.188690    0.323695    8.399633   
[36mINFO[0m 08/01 13:24:49 | 0.627273    0.537037    0.000000    0.716873    0.632068    0.808643    0.963770    0.536842    0.616438    0.659091    0.817308    0.958195    0.627273    0.632068    0.537037    0.536842    400         43.537415   0.302691    0.188506    0.325039    8.399633   
[36mINFO[0m 08/01 13:25:08 | 0.613636    0.555556    0.000000    0.722405    0.660505    0.780865    0.871080    0.526316    0.589041    0.605016    0.855769    0.956715    0.613636    0.660505    0.555556    0.526316    500         54.421769   0.241892    0.188493    0.322310    8.399633   
[36mINFO[0m 08/01 13:25:28 | 0.595455    0.500000    0.000000    0.768309    0.631064    0.808112    0.780965    0.511278    0.671233    0.673197    0.865385    0.943026    0.595455    0.631064    0.500000    0.511278    600         65.306122   0.176479    0.188548    0.323675    8.399633   
[36mINFO[0m 08/01 13:25:47 | 0.536364    0.407407    0.000000    0.725171    0.617765    0.806618    0.775764    0.469173    0.575342    0.652821    0.875000    0.960414    0.536364    0.617765    0.407407    0.469173    700         76.190476   0.181318    0.188505    0.318172    8.399633   
[36mINFO[0m 08/01 13:26:06 | 0.609091    0.537037    0.000000    0.718915    0.633155    0.804639    1.338866    0.461654    0.630137    0.661442    0.807692    0.947836    0.609091    0.633155    0.537037    0.461654    800         87.074830   0.137082    0.188490    0.332841    8.399633   
[36mINFO[0m 08/01 13:26:25 | 0.572727    0.444444    0.000000    0.698367    0.617180    0.799106    1.337816    0.424060    0.589041    0.695141    0.807692    0.903071    0.572727    0.617180    0.444444    0.424060    900         97.959184   0.107761    0.188531    0.325792    8.399633   
[36mINFO[0m 08/01 13:26:44 | 0.604545    0.462963    0.000000    0.768309    0.630646    0.832005    1.274113    0.452632    0.671233    0.727273    0.865385    0.936737    0.604545    0.630646    0.462963    0.452632    1000        108.843537  0.118284    0.188435    0.327163    8.399633   
[36mINFO[0m 08/01 13:27:04 | 0.609091    0.425926    0.000000    0.744995    0.647290    0.813848    0.989035    0.449624    0.643836    0.686520    0.846154    0.941176    0.609091    0.647290    0.425926    0.449624    1100        119.727891  0.121595    0.188517    0.331653    8.399633   
[36mINFO[0m 08/01 13:27:23 | 0.613636    0.555556    0.000000    0.754610    0.632151    0.807423    1.069639    0.493233    0.643836    0.655172    0.865385    0.959674    0.613636    0.632151    0.555556    0.493233    1200        130.612245  0.108670    0.188350    0.324827    8.399633   
[36mINFO[0m 08/01 13:27:42 | 0.559091    0.407407    0.000000    0.726488    0.645450    0.807450    1.534523    0.478195    0.616438    0.682602    0.836538    0.932297    0.559091    0.645450    0.407407    0.478195    1300        141.496599  0.096661    0.188500    0.327304    8.399633   
[36mINFO[0m 08/01 13:28:01 | 0.559091    0.351852    0.000000    0.759418    0.610154    0.830787    1.899734    0.400000    0.643836    0.730016    0.875000    0.931558    0.559091    0.610154    0.351852    0.400000    1400        152.380952  0.082028    0.188389    0.328962    8.399633   
[36mINFO[0m 08/01 13:28:20 | 0.618182    0.500000    0.000000    0.747036    0.638926    0.840407    1.038357    0.478195    0.657534    0.736677    0.836538    0.944136    0.618182    0.638926    0.500000    0.478195    1500        163.265306  0.085625    0.188387    0.328090    8.399633   
[36mINFO[0m 08/01 13:28:39 | 0.595455    0.462963    0.000000    0.777200    0.634326    0.850456    0.893062    0.467669    0.698630    0.771944    0.855769    0.928968    0.595455    0.634326    0.462963    0.467669    1600        174.149660  0.086769    0.188420    0.327753    8.399633   
[36mINFO[0m 08/01 13:28:59 | 0.604545    0.537037    0.000000    0.715424    0.607979    0.830630    1.490341    0.536842    0.671233    0.704545    0.759615    0.956715    0.604545    0.607979    0.537037    0.536842    1700        185.034014  0.088856    0.188276    0.329612    8.399633   
[36mINFO[0m 08/01 13:29:18 | 0.504545    0.425926    0.000000    0.753886    0.565992    0.841579    1.084288    0.451128    0.671233    0.785266    0.836538    0.897891    0.504545    0.565992    0.425926    0.451128    1800        195.918367  0.063004    0.188499    0.333792    8.399633   
[36mINFO[0m 08/01 13:29:37 | 0.577273    0.481481    0.000000    0.716873    0.624707    0.812138    1.209516    0.437594    0.616438    0.671630    0.817308    0.952645    0.577273    0.624707    0.481481    0.437594    1900        206.802721  0.071698    0.188629    0.333039    8.399633   
[36mINFO[0m 08/01 13:29:56 | 0.527273    0.425926    0.000000    0.746312    0.609819    0.804524    1.139592    0.512782    0.684932    0.690439    0.807692    0.918609    0.527273    0.609819    0.425926    0.512782    2000        217.687075  0.080940    0.188421    0.324827    8.399633   
[36mINFO[0m 08/01 13:30:15 | 0.613636    0.537037    0.000000    0.723722    0.628638    0.787915    1.537096    0.518797    0.630137    0.665361    0.817308    0.910470    0.613636    0.628638    0.537037    0.518797    2100        228.571429  0.065509    0.188182    0.327978    8.399633   
[36mINFO[0m 08/01 13:30:35 | 0.586364    0.462963    0.000000    0.720364    0.623871    0.768885    1.151441    0.512782    0.575342    0.606583    0.865385    0.931188    0.586364    0.623871    0.462963    0.512782    2200        239.455782  0.069984    0.188240    0.328159    8.399633   
[36mINFO[0m 08/01 13:30:54 | 0.595455    0.592593    0.000000    0.721681    0.645785    0.789561    1.637457    0.539850    0.616438    0.684561    0.826923    0.894562    0.595455    0.645785    0.592593    0.539850    2300        250.340136  0.067569    0.188256    0.326266    8.399633   
[36mINFO[0m 08/01 13:31:13 | 0.568182    0.462963    0.000000    0.718190    0.596270    0.787751    2.131943    0.436090    0.657534    0.659483    0.778846    0.916019    0.568182    0.596270    0.462963    0.436090    2400        261.224490  0.061933    0.188401    0.324617    8.399633   
[36mINFO[0m 08/01 13:31:32 | 0.545455    0.444444    0.000000    0.740911    0.608439    0.805467    1.710624    0.438346    0.616438    0.671238    0.865385    0.939697    0.545455    0.608439    0.444444    0.438346    2500        272.108844  0.073321    0.188296    0.327212    8.399633   
[36mINFO[0m 08/01 13:31:51 | 0.522727    0.425926    0.000000    0.710748    0.550853    0.813842    1.704336    0.464662    0.575342    0.712774    0.846154    0.914909    0.522727    0.550853    0.425926    0.464662    2600        282.993197  0.063435    0.188314    0.335558    8.399633   
[36mINFO[0m 08/01 13:32:10 | 0.550000    0.425926    0.000000    0.732613    0.644488    0.790604    1.348195    0.488722    0.657534    0.675549    0.807692    0.905660    0.550000    0.644488    0.425926    0.488722    2700        293.877551  0.061565    0.188558    0.331302    8.399633   
[36mINFO[0m 08/01 13:32:30 | 0.618182    0.444444    0.000000    0.777200    0.651305    0.805308    1.433941    0.503759    0.698630    0.692006    0.855769    0.918609    0.618182    0.651305    0.444444    0.503759    2800        304.761905  0.051419    0.188517    0.331310    8.399633   
[36mINFO[0m 08/01 13:32:49 | 0.627273    0.481481    0.000000    0.751844    0.644446    0.812609    1.665685    0.443609    0.657534    0.695141    0.846154    0.930078    0.627273    0.644446    0.481481    0.443609    2900        315.646259  0.058789    0.188502    0.328241    8.399633   
[36mINFO[0m 08/01 13:33:08 | 0.577273    0.481481    0.000000    0.731296    0.653981    0.780076    1.384869    0.521805    0.616438    0.636364    0.846154    0.923788    0.577273    0.653981    0.481481    0.521805    3000        326.530612  0.054308    0.188360    0.326875    8.399633   
[36mINFO[0m 08/01 13:33:27 | 0.595455    0.518519    0.000000    0.742953    0.659627    0.808939    1.659526    0.539850    0.630137    0.676332    0.855769    0.941546    0.595455    0.659627    0.518519    0.539850    3100        337.414966  0.045547    0.188475    0.331876    8.399633   
[36mINFO[0m 08/01 13:33:46 | 0.572727    0.425926    0.000000    0.716873    0.629977    0.809270    1.168822    0.427068    0.616438    0.701411    0.817308    0.917129    0.572727    0.629977    0.425926    0.427068    3200        348.299320  0.068262    0.188347    0.321823    8.399633   
[36mINFO[0m 08/01 13:34:05 | 0.563636    0.444444    0.000000    0.742229    0.601079    0.843013    1.177360    0.448120    0.657534    0.770376    0.826923    0.915649    0.563636    0.601079    0.444444    0.448120    3300        359.183673  0.051441    0.188472    0.327854    8.399633   
[36mINFO[0m 08/01 13:34:25 | 0.581818    0.611111    0.000000    0.730572    0.621027    0.774453    1.629473    0.506767    0.643836    0.653605    0.817308    0.895302    0.581818    0.621027    0.611111    0.506767    3400        370.068027  0.045193    0.188282    0.328934    8.399633   
[36mINFO[0m 08/01 13:34:44 | 0.572727    0.555556    0.000000    0.716873    0.605596    0.787986    1.850076    0.505263    0.616438    0.664577    0.817308    0.911395    0.572727    0.605596    0.555556    0.505263    3500        380.952381  0.055706    0.188553    0.330894    8.399633   
[36mINFO[0m 08/01 13:35:03 | 0.486364    0.370370    0.000000    0.672287    0.643944    0.772115    2.479016    0.484211    0.575342    0.662618    0.769231    0.881613    0.486364    0.643944    0.370370    0.484211    3600        391.836735  0.051083    0.188804    0.329018    8.399633   
[36mINFO[0m 08/01 13:35:22 | 0.581818    0.518519    0.000000    0.768309    0.602292    0.826299    1.509117    0.443609    0.671233    0.738245    0.865385    0.914354    0.581818    0.602292    0.518519    0.443609    3700        402.721088  0.043424    0.188640    0.331246    8.399633   
[36mINFO[0m 08/01 13:35:41 | 0.604545    0.407407    0.000000    0.734062    0.607519    0.785416    1.439809    0.455639    0.602740    0.652038    0.865385    0.918794    0.604545    0.607519    0.407407    0.455639    3800        413.605442  0.044526    0.188528    0.323926    8.399633   
[36mINFO[0m 08/01 13:36:01 | 0.586364    0.555556    0.000000    0.722998    0.615130    0.822125    1.271644    0.545865    0.657534    0.731191    0.788462    0.913060    0.586364    0.615130    0.555556    0.545865    3900        424.489796  0.054561    0.188573    0.326357    8.399633   
[36mINFO[0m 08/01 13:36:20 | 0.550000    0.444444    0.000000    0.747761    0.592422    0.831532    1.148584    0.499248    0.630137    0.763323    0.865385    0.899741    0.550000    0.592422    0.444444    0.499248    4000        435.374150  0.052369    0.188528    0.329144    8.399633   
[36mINFO[0m 08/01 13:36:39 | 0.600000    0.462963    0.000000    0.730572    0.639177    0.788860    1.508980    0.478195    0.643836    0.689263    0.817308    0.888457    0.600000    0.639177    0.462963    0.478195    4100        446.258503  0.050718    0.188708    0.329950    8.399633   
[36mINFO[0m 08/01 13:36:58 | 0.604545    0.500000    0.000000    0.749078    0.652308    0.816627    1.574758    0.511278    0.671233    0.713166    0.826923    0.920089    0.604545    0.652308    0.500000    0.511278    4200        457.142857  0.042678    0.188447    0.327085    8.399633   
[36mINFO[0m 08/01 13:37:17 | 0.563636    0.518519    0.000000    0.761459    0.603044    0.791661    1.740312    0.509774    0.657534    0.680251    0.865385    0.903071    0.563636    0.603044    0.518519    0.509774    4300        468.027211  0.029969    0.188496    0.325877    8.399633   
[36mINFO[0m 08/01 13:37:37 | 0.568182    0.518519    0.000000    0.713383    0.592673    0.813103    1.509527    0.460150    0.657534    0.719436    0.769231    0.906770    0.568182    0.592673    0.518519    0.460150    4400        478.911565  0.045621    0.188271    0.327715    8.399633   
[36mINFO[0m 08/01 13:37:56 | 0.545455    0.444444    0.000000    0.744995    0.593593    0.793837    1.375075    0.488722    0.643836    0.678683    0.846154    0.908990    0.545455    0.593593    0.444444    0.488722    4500        489.795918  0.039832    0.188178    0.328897    8.399633   
[36mINFO[0m 08/01 13:38:15 | 0.563636    0.444444    0.000000    0.739463    0.602543    0.830396    1.338032    0.428571    0.671233    0.735893    0.807692    0.924898    0.563636    0.602543    0.444444    0.428571    4600        500.680272  0.058811    0.188168    0.329534    8.399633   
[36mINFO[0m 08/01 13:38:34 | 0.595455    0.481481    0.000000    0.757969    0.628638    0.852400    1.706670    0.457143    0.698630    0.748824    0.817308    0.955975    0.595455    0.628638    0.481481    0.457143    4700        511.564626  0.043280    0.189066    0.329354    8.399633   
[36mINFO[0m 08/01 13:38:53 | 0.595455    0.500000    0.000000    0.733338    0.614587    0.819382    1.172034    0.460150    0.630137    0.725705    0.836538    0.913060    0.595455    0.614587    0.500000    0.460150    4800        522.448980  0.057744    0.189017    0.326323    8.399633   
[36mINFO[0m 08/01 13:39:13 | 0.540909    0.500000    0.000000    0.739463    0.604215    0.810837    1.351073    0.454135    0.671233    0.704545    0.807692    0.917129    0.540909    0.604215    0.500000    0.454135    4900        533.333333  0.040249    0.188882    0.330963    8.399633   
[36mINFO[0m 08/01 13:39:32 | 0.595455    0.407407    0.000000    0.776475    0.603170    0.811932    1.289296    0.425564    0.726027    0.743730    0.826923    0.880133    0.595455    0.603170    0.407407    0.425564    5000        544.217687  0.037534    0.188633    0.329958    8.399633   
[36mINFO[0m 08/01 13:39:32 | ---
[36mINFO[0m 08/01 13:39:32 | oracle = 55.455%
[36mINFO[0m 08/01 13:39:32 | iid = 59.545%
[36mINFO[0m 08/01 13:39:32 | last = 59.545%
[36mINFO[0m 08/01 13:39:32 | last (inD) = 77.648%
[36mINFO[0m 08/01 13:39:32 | iid (inD) = 77.720%
[36mINFO[0m 08/01 13:39:33 | === Summary ===
[36mINFO[0m 08/01 13:39:33 | Command: /home/s21_yhr/lzh/DomainBed-new/train_all.py HTP_ALOFT_S_seed4 --dataset HTP --data_dir /home/s21_yhr/lzh/DomainBed-new/dataset --algorithm ALOFT_S --steps 5000 --checkpoint_freq 100 --batch_size 32 --optimizer adam --lr 5e-5 --weight_decay 0 --resnet_dropout 0 --resnet18 False --pretrained True --freeze_bn True --swad False --seed 4 --trial_seed 4 --deterministic --prebuild_loader --cache_size 640 --aloft_alpha 0.9 --aloft_mask_ratio 0.5 --aloft_perturb_prob 1.0
[36mINFO[0m 08/01 13:39:33 | Unique name: 260801_12-51-02_HTP_ALOFT_S_seed4
[36mINFO[0m 08/01 13:39:33 | Out path: train_output/HTP/260801_12-51-02_HTP_ALOFT_S_seed4
[36mINFO[0m 08/01 13:39:33 | Algorithm: ALOFT_S
[36mINFO[0m 08/01 13:39:33 | Dataset: HTP
+------------+---------+---------+---------+---------+
| Selection  |    00   |    01   |    02   |   Avg.  |
+------------+---------+---------+---------+---------+
|   oracle   | 53.741% | 62.768% | 55.455% | 57.322% |
|    iid     | 54.762% | 54.177% | 59.545% | 56.161% |
|    last    | 53.401% | 53.222% | 59.545% | 55.390% |
| last (inD) | 67.682% | 61.821% | 77.648% | 69.050% |
| iid (inD)  | 78.935% | 69.876% | 77.720% | 75.510% |
+------------+---------+---------+---------+---------+
