Algorithm: Arith
Physical GPU: 1
Seeds: [0, 1, 2, 3, 4]
Dataset: /home/s21_yhr/lzh/DomainBed-new/dataset/HTP

================================================================================
Starting Arith, seed=0, physical GPU=1
/home/s21_yhr/miniconda3/envs/GGA/bin/python /home/s21_yhr/lzh/DomainBed-new/train_all.py HTP_Arith_seed0 --dataset HTP --data_dir /home/s21_yhr/lzh/DomainBed-new/dataset --algorithm Arith --steps 5000 --checkpoint_freq 100 --batch_size 32 --optimizer adam --lr 5e-5 --weight_decay 0 --resnet_dropout 0 --resnet18 False --pretrained True --freeze_bn True --swad False --seed 0 --trial_seed 0 --deterministic --prebuild_loader --cache_size 640 --arith_meta_lr 0.01
================================================================================
[36mINFO[0m 08/01 14:10:03 | Command :: /home/s21_yhr/lzh/DomainBed-new/train_all.py HTP_Arith_seed0 --dataset HTP --data_dir /home/s21_yhr/lzh/DomainBed-new/dataset --algorithm Arith --steps 5000 --checkpoint_freq 100 --batch_size 32 --optimizer adam --lr 5e-5 --weight_decay 0 --resnet_dropout 0 --resnet18 False --pretrained True --freeze_bn True --swad False --seed 0 --trial_seed 0 --deterministic --prebuild_loader --cache_size 640 --arith_meta_lr 0.01
Environment:
	Python: 3.11.15
	PyTorch: 2.11.0+cu128
	Torchvision: 0.26.0+cu128
	CUDA: 12.8
	CUDNN: 91900
	NumPy: 1.26.4
	PIL: 12.2.0
Args:
	algorithm: Arith
	batch_size: 32
	cache_root: cache
	cache_size: 640
	checkpoint_freq: 100
	configs: []
	data_dir: /home/s21_yhr/lzh/DomainBed-new/dataset
	dataset: HTP
	debug: False
	deterministic: True
	end_step: 200
	evalmode: fast
	extra_search: n
	extra_search_end: None
	extra_search_start: None
	gga_l_gamma: 0.001
	grad_fn: sum
	holdout_fraction: 0.2
	model_save: None
	name: HTP_Arith_seed0
	neighborhoodSize: 1e-06
	out_dir: train_output/HTP/260801_14-10-02_HTP_Arith_seed0
	out_root: train_output/HTP
	prebuild_loader: True
	seed: 0
	show: False
	start_step: 100
	steps: 5000
	tb_freq: 10
	test_envs: None
	train_output: train_output
	trial_seed: 0
	unique_name: 260801_14-10-02_HTP_Arith_seed0
	work_dir: .
HParams:
	data_augmentation: True
	val_augment: False
	[36mresnet18: False
	[0m[36mresnet_dropout: 0
	[0mclass_balanced: False
	[36moptimizer: adam
	[0m[36mfreeze_bn: True
	[0m[36mpretrained: True
	[0m[36mlr: 5e-05
	[0mbatch_size: 32
	[36mweight_decay: 0
	[0m[36marith_meta_lr: 0.01
	[0m[36mswad: False
	[0mswad_kwargs: 
	  n_converge: 3
	  n_tolerance: 6
	  tolerance_ratio: 0.3
	test_batchsize: 128
	indomain_test: False
	grad_fn: sum
	extra_search: n
	logdir: train_output/HTP/260801_14-10-02_HTP_Arith_seed0
	neighborhoodSize: 1e-06
	start_step: 100
	end_step: 200
	extra_search_start: None
	extra_search_end: None
	gga_l_gamma: 0.001
Dataset:
	[HTP] #envs=3, #classes=2
	env0: 00 (#367)
	env1: 01 (#523)
	env2: 02 (#274)

[36mINFO[0m 08/01 14:10:03 | n_steps = 5000
[36mINFO[0m 08/01 14:10:03 | checkpoint_freq = 100
[36mINFO[0m 08/01 14:10:03 | n_steps is updated to 5000 => 5001 for checkpointing
[36mINFO[0m 08/01 14:10:03 | Target test envs = [[0], [1], [2]]
[36mINFO[0m 08/01 14:10:03 | 
[36mINFO[0m 08/01 14:10:03 | Testenv name escaping te_00 -> te_00
[36mINFO[0m 08/01 14:10:03 | Test envs = [0], name = te_00
[36mINFO[0m 08/01 14:10:03 | Batch sizes for each domain: [0, 32, 32] (total=64)
[36mINFO[0m 08/01 14:10:03 | steps-per-epoch for each domain: 13.09, 6.88 -> min = 6.88
/home/s21_yhr/miniconda3/envs/GGA/lib/python3.11/site-packages/torchvision/models/_utils.py:208: UserWarning: The parameter 'pretrained' is deprecated since 0.13 and may be removed in the future, please use 'weights' instead.
  warnings.warn(
/home/s21_yhr/miniconda3/envs/GGA/lib/python3.11/site-packages/torchvision/models/_utils.py:223: UserWarning: Arguments other than a weight enum or `None` for 'weights' are deprecated since 0.13 and may be removed in the future. The current behavior is equivalent to passing `weights=ResNet50_Weights.IMAGENET1K_V1`. You can also use `weights=ResNet50_Weights.DEFAULT` to get the most up-to-date weights.
  warnings.warn(msg)
[36mINFO[0m 08/01 14:10:05 | # of params = 23512130
[36mINFO[0m 08/01 14:10:06 | test_in     test_out    train_in    train_out   test_in_au  test_out_a  train_out_  tr_outloss  env0_in     env0_in_au  env0_out    env0_out_a  env1_out    env1_out_a  env2_out    env2_out_a  step        epoch       loss        step_time   eval_time   mem_gb     
[36mINFO[0m 08/01 14:10:06 | 0.554422    0.602740    0.000000    0.642094    0.543651    0.482171    0.757323    0.629758    0.554422    0.543651    0.602740    0.482171    0.673077    0.813258    0.611111    0.701389    0           0.000000    0.667159    0.759887    0.579718    2.998997   
[36mINFO[0m 08/01 14:10:18 | 0.544218    0.534247    0.000000    0.710114    0.559996    0.538760    0.778220    0.564301    0.544218    0.559996    0.534247    0.538760    0.846154    0.906439    0.574074    0.650000    100         14.545455   0.619002    0.111906    0.417752    3.268919   
[36mINFO[0m 08/01 14:10:29 | 0.510204    0.534247    0.000000    0.710114    0.545446    0.511628    0.774053    0.870916    0.510204    0.545446    0.534247    0.511628    0.846154    0.927273    0.574074    0.620833    200         29.090909   0.402222    0.109202    0.399828    3.268919   
[36mINFO[0m 08/01 14:10:41 | 0.530612    0.575342    0.000000    0.685363    0.555272    0.566667    0.744697    1.327040    0.530612    0.555272    0.575342    0.566667    0.759615    0.914394    0.611111    0.575000    300         43.636364   0.301244    0.114661    0.407015    3.268919   
[36mINFO[0m 08/01 14:10:53 | 0.530612    0.602740    0.000000    0.709758    0.529856    0.524806    0.759028    1.040552    0.530612    0.529856    0.602740    0.524806    0.826923    0.937500    0.592593    0.580556    400         58.181818   0.214874    0.111082    0.412363    3.268919   
[36mINFO[0m 08/01 14:11:06 | 0.534014    0.547945    0.000000    0.728632    0.513416    0.454264    0.727525    1.482575    0.534014    0.513416    0.547945    0.454264    0.846154    0.914773    0.611111    0.540278    500         72.727273   0.173752    0.129179    0.521203    3.268919   
[36mINFO[0m 08/01 14:11:18 | 0.554422    0.575342    0.000000    0.737892    0.531132    0.530233    0.753346    1.689225    0.554422    0.531132    0.575342    0.530233    0.846154    0.926136    0.629630    0.580556    600         87.272727   0.148282    0.117759    0.438781    3.268919   
[36mINFO[0m 08/01 14:11:30 | 0.510204    0.547945    0.000000    0.709758    0.522581    0.529457    0.732449    1.393874    0.510204    0.522581    0.547945    0.529457    0.826923    0.912121    0.592593    0.552778    700         101.818182  0.142419    0.114291    0.433242    3.268919   
[36mINFO[0m 08/01 14:11:42 | 0.534014    0.575342    0.000000    0.685363    0.519605    0.486822    0.697348    2.310462    0.534014    0.519605    0.575342    0.486822    0.759615    0.882197    0.611111    0.512500    800         116.363636  0.159209    0.119002    0.418772    3.268919   
[36mINFO[0m 08/01 14:11:54 | 0.534014    0.589041    0.000000    0.686075    0.529478    0.551163    0.713194    1.993257    0.534014    0.529478    0.589041    0.551163    0.798077    0.895833    0.574074    0.530556    900         130.909091  0.144763    0.111510    0.431343    3.268919   
[36mINFO[0m 08/01 14:12:07 | 0.530612    0.589041    0.000000    0.705306    0.505197    0.551938    0.742045    1.682801    0.530612    0.505197    0.589041    0.551938    0.836538    0.929924    0.574074    0.554167    1000        145.454545  0.112019    0.121220    0.438064    3.268919   
[36mINFO[0m 08/01 14:12:19 | 0.503401    0.547945    0.000000    0.681980    0.500945    0.551938    0.726957    1.828942    0.503401    0.500945    0.547945    0.551938    0.826923    0.917803    0.537037    0.536111    1100        160.000000  0.096523    0.120444    0.437965    3.268919   
[36mINFO[0m 08/01 14:12:31 | 0.496599    0.520548    0.000000    0.671652    0.502173    0.495349    0.711111    1.850939    0.496599    0.502173    0.520548    0.495349    0.769231    0.875000    0.574074    0.547222    1200        174.545455  0.073323    0.115244    0.478194    3.268919   
[36mINFO[0m 08/01 14:12:43 | 0.547619    0.438356    0.000000    0.691595    0.541430    0.448062    0.721086    2.163534    0.547619    0.541430    0.438356    0.448062    0.846154    0.918561    0.537037    0.523611    1300        189.090909  0.078251    0.119285    0.448368    3.268919   
[36mINFO[0m 08/01 14:12:55 | 0.513605    0.575342    0.000000    0.691239    0.541997    0.548837    0.731313    1.891353    0.513605    0.541997    0.575342    0.548837    0.826923    0.905682    0.555556    0.556944    1400        203.636364  0.076120    0.115219    0.426829    3.268919   
[36mINFO[0m 08/01 14:13:08 | 0.530612    0.589041    0.000000    0.704950    0.543462    0.574419    0.730556    2.276750    0.530612    0.543462    0.589041    0.574419    0.817308    0.916667    0.592593    0.544444    1500        218.181818  0.070660    0.121527    0.456929    3.268919   
[36mINFO[0m 08/01 14:13:20 | 0.520408    0.602740    0.000000    0.700499    0.533730    0.529457    0.749179    2.067393    0.520408    0.533730    0.602740    0.529457    0.826923    0.921970    0.574074    0.576389    1600        232.727273  0.078588    0.115551    0.422665    3.268919   
[36mINFO[0m 08/01 14:13:32 | 0.527211    0.561644    0.000000    0.700142    0.546533    0.538760    0.744192    1.838726    0.527211    0.546533    0.561644    0.538760    0.807692    0.906439    0.592593    0.581944    1700        247.272727  0.064976    0.116929    0.452101    3.268919   
[36mINFO[0m 08/01 14:13:45 | 0.534014    0.575342    0.000000    0.700142    0.540580    0.526357    0.734785    2.437789    0.534014    0.540580    0.575342    0.526357    0.807692    0.905682    0.592593    0.563889    1800        261.818182  0.065347    0.119489    0.480018    3.268919   
[36mINFO[0m 08/01 14:13:57 | 0.530612    0.547945    0.000000    0.724181    0.519558    0.489147    0.751326    1.931661    0.530612    0.519558    0.547945    0.489147    0.855769    0.919318    0.592593    0.583333    1900        276.363636  0.054731    0.118240    0.430454    3.268919   
[36mINFO[0m 08/01 14:14:09 | 0.544218    0.575342    0.000000    0.695335    0.516865    0.494574    0.738068    1.942714    0.544218    0.516865    0.575342    0.494574    0.798077    0.901136    0.592593    0.575000    2000        290.909091  0.062177    0.113395    0.410337    3.268919   
[36mINFO[0m 08/01 14:14:21 | 0.537415    0.534247    0.000000    0.713497    0.562169    0.573643    0.726768    1.764115    0.537415    0.562169    0.534247    0.573643    0.778846    0.884091    0.648148    0.569444    2100        305.454545  0.060262    0.117623    0.403194    3.268919   
[36mINFO[0m 08/01 14:14:33 | 0.523810    0.547945    0.000000    0.680912    0.535950    0.554264    0.713384    2.205076    0.523810    0.535950    0.547945    0.554264    0.769231    0.887879    0.592593    0.538889    2200        320.000000  0.060264    0.120373    0.462240    3.268919   
[36mINFO[0m 08/01 14:14:46 | 0.523810    0.547945    0.000000    0.690527    0.539494    0.537209    0.730556    2.774725    0.523810    0.539494    0.547945    0.537209    0.788462    0.891667    0.592593    0.569444    2300        334.545455  0.053234    0.124349    0.540359    3.268919   
[36mINFO[0m 08/01 14:14:59 | 0.551020    0.506849    0.000000    0.719017    0.555296    0.536047    0.743371    1.893206    0.551020    0.555296    0.506849    0.536047    0.826923    0.899242    0.611111    0.587500    2400        349.090909  0.056714    0.119604    0.540181    3.268919   
[36mINFO[0m 08/01 14:15:11 | 0.551020    0.534247    0.000000    0.728632    0.543131    0.523256    0.733617    2.654126    0.551020    0.543131    0.534247    0.523256    0.846154    0.913068    0.611111    0.554167    2500        363.636364  0.052079    0.118534    0.416278    3.268919   
[36mINFO[0m 08/01 14:15:23 | 0.520408    0.630137    0.000000    0.666845    0.520739    0.577519    0.743056    2.409273    0.520408    0.520739    0.630137    0.577519    0.759615    0.891667    0.574074    0.594444    2600        378.181818  0.065556    0.116379    0.458421    3.268919   
[36mINFO[0m 08/01 14:15:36 | 0.530612    0.520548    0.000000    0.705306    0.528534    0.479845    0.731029    2.407477    0.530612    0.528534    0.520548    0.479845    0.836538    0.894697    0.574074    0.567361    2700        392.727273  0.053535    0.119616    0.436348    3.268919   
[36mINFO[0m 08/01 14:15:48 | 0.554422    0.506849    0.000000    0.728632    0.550997    0.493798    0.744697    2.442473    0.554422    0.550997    0.506849    0.493798    0.846154    0.931061    0.611111    0.558333    2800        407.272727  0.052575    0.122586    0.485387    3.268919   
[36mINFO[0m 08/01 14:16:01 | 0.544218    0.493151    0.000000    0.690883    0.553217    0.503876    0.737090    3.368423    0.544218    0.553217    0.493151    0.503876    0.807692    0.906818    0.574074    0.567361    2900        421.818182  0.051499    0.117416    0.413282    3.268919   
[36mINFO[0m 08/01 14:16:13 | 0.530612    0.575342    0.000000    0.695691    0.535856    0.514729    0.736806    2.093113    0.530612    0.535856    0.575342    0.514729    0.817308    0.891667    0.574074    0.581944    3000        436.363636  0.066642    0.118040    0.447609    3.268919   
[36mINFO[0m 08/01 14:16:25 | 0.540816    0.534247    0.000000    0.681268    0.537533    0.522481    0.707260    2.914793    0.540816    0.537533    0.534247    0.522481    0.788462    0.895076    0.574074    0.519444    3100        450.909091  0.059772    0.116193    0.419272    3.268919   
[36mINFO[0m 08/01 14:16:37 | 0.520408    0.561644    0.000000    0.690527    0.519227    0.524031    0.707576    2.478623    0.520408    0.519227    0.561644    0.524031    0.788462    0.869318    0.592593    0.545833    3200        465.454545  0.052205    0.118830    0.409018    3.268919   
[36mINFO[0m 08/01 14:16:49 | 0.520408    0.520548    0.000000    0.737536    0.538572    0.510078    0.737879    2.902159    0.520408    0.538572    0.520548    0.510078    0.826923    0.900758    0.648148    0.575000    3300        480.000000  0.037659    0.116535    0.505791    3.268919   
[36mINFO[0m 08/01 14:17:02 | 0.554422    0.547945    0.000000    0.671296    0.540391    0.531783    0.699621    2.322695    0.554422    0.540391    0.547945    0.531783    0.750000    0.836742    0.592593    0.562500    3400        494.545455  0.054021    0.118549    0.424726    3.268919   
[36mINFO[0m 08/01 14:17:14 | 0.523810    0.506849    0.000000    0.713853    0.521920    0.443411    0.741035    2.216547    0.523810    0.521920    0.506849    0.443411    0.798077    0.893182    0.629630    0.588889    3500        509.090909  0.050143    0.115248    0.429489    3.268919   
[36mINFO[0m 08/01 14:17:26 | 0.520408    0.561644    0.000000    0.695691    0.525180    0.516279    0.740593    2.403420    0.520408    0.525180    0.561644    0.516279    0.817308    0.915909    0.574074    0.565278    3600        523.636364  0.047285    0.116263    0.423124    3.268919   
[36mINFO[0m 08/01 14:17:38 | 0.530612    0.506849    0.000000    0.710114    0.535620    0.471318    0.736427    2.410237    0.530612    0.535620    0.506849    0.471318    0.846154    0.903409    0.574074    0.569444    3700        538.181818  0.043938    0.120308    0.416236    3.268919   
[36mINFO[0m 08/01 14:17:51 | 0.517007    0.506849    0.000000    0.738604    0.542328    0.470543    0.743371    2.198334    0.517007    0.542328    0.506849    0.470543    0.884615    0.924242    0.592593    0.562500    3800        552.727273  0.037547    0.122460    0.457858    3.268919   
[36mINFO[0m 08/01 14:18:03 | 0.517007    0.534247    0.000000    0.695691    0.547572    0.494574    0.742740    2.759141    0.517007    0.547572    0.534247    0.494574    0.817308    0.904924    0.574074    0.580556    3900        567.272727  0.034919    0.117710    0.445326    3.268919   
[36mINFO[0m 08/01 14:18:15 | 0.571429    0.547945    0.000000    0.727564    0.553737    0.519767    0.736742    3.200152    0.571429    0.553737    0.547945    0.519767    0.788462    0.873485    0.666667    0.600000    4000        581.818182  0.039436    0.118504    0.423910    3.268919   
[36mINFO[0m 08/01 14:18:28 | 0.530612    0.520548    0.000000    0.704238    0.547147    0.531783    0.695739    2.982820    0.530612    0.547147    0.520548    0.531783    0.778846    0.870644    0.629630    0.520833    4100        596.363636  0.058408    0.117137    0.444598    3.268919   
[36mINFO[0m 08/01 14:18:40 | 0.540816    0.534247    0.000000    0.704950    0.560469    0.539535    0.718119    2.169558    0.540816    0.560469    0.534247    0.539535    0.817308    0.884848    0.592593    0.551389    4200        610.909091  0.042281    0.123386    0.431938    3.268919   
[36mINFO[0m 08/01 14:18:52 | 0.513605    0.506849    0.000000    0.699786    0.532785    0.480620    0.737311    2.670056    0.513605    0.532785    0.506849    0.480620    0.788462    0.891288    0.611111    0.583333    4300        625.454545  0.045417    0.115859    0.411548    3.268919   
[36mINFO[0m 08/01 14:19:05 | 0.530612    0.561644    0.000000    0.704238    0.536305    0.501550    0.745707    2.470412    0.530612    0.536305    0.561644    0.501550    0.778846    0.892803    0.629630    0.598611    4400        640.000000  0.043484    0.116871    0.420709    3.268919   
[36mINFO[0m 08/01 14:19:17 | 0.540816    0.575342    0.000000    0.709046    0.549320    0.524806    0.719571    2.534642    0.540816    0.549320    0.575342    0.524806    0.788462    0.873864    0.629630    0.565278    4500        654.545455  0.034047    0.117060    0.472538    3.268919   
[36mINFO[0m 08/01 14:19:29 | 0.534014    0.534247    0.000000    0.689815    0.547690    0.522481    0.698958    3.130511    0.534014    0.547690    0.534247    0.522481    0.750000    0.854167    0.629630    0.543750    4600        669.090909  0.033098    0.117142    0.412730    3.268919   
[36mINFO[0m 08/01 14:19:42 | 0.540816    0.602740    0.000000    0.724537    0.544974    0.563566    0.748138    2.407962    0.540816    0.544974    0.602740    0.563566    0.875000    0.909470    0.574074    0.586806    4700        683.636364  0.038989    0.121872    0.462607    3.268919   
[36mINFO[0m 08/01 14:19:54 | 0.530612    0.561644    0.000000    0.733440    0.519841    0.543798    0.761837    2.875896    0.530612    0.519841    0.561644    0.543798    0.855769    0.929924    0.611111    0.593750    4800        698.181818  0.045254    0.118919    0.436641    3.268919   
[36mINFO[0m 08/01 14:20:06 | 0.544218    0.506849    0.000000    0.695691    0.518944    0.496124    0.716540    2.694236    0.544218    0.518944    0.506849    0.496124    0.817308    0.905303    0.574074    0.527778    4900        712.727273  0.036988    0.120122    0.404098    3.268919   
[36mINFO[0m 08/01 14:20:19 | 0.523810    0.547945    0.000000    0.649038    0.514692    0.522481    0.703283    2.267803    0.523810    0.514692    0.547945    0.522481    0.798077    0.882955    0.500000    0.523611    5000        727.272727  0.046296    0.125055    0.518720    3.268919   
[36mINFO[0m 08/01 14:20:19 | ---
[36mINFO[0m 08/01 14:20:19 | oracle = 52.041%
[36mINFO[0m 08/01 14:20:19 | iid = 51.701%
[36mINFO[0m 08/01 14:20:19 | last = 52.381%
[36mINFO[0m 08/01 14:20:19 | last (inD) = 64.904%
[36mINFO[0m 08/01 14:20:19 | iid (inD) = 73.860%
[36mINFO[0m 08/01 14:20:20 | 
[36mINFO[0m 08/01 14:20:20 | Testenv name escaping te_01 -> te_01
[36mINFO[0m 08/01 14:20:20 | Test envs = [1], name = te_01
[36mINFO[0m 08/01 14:20:20 | Batch sizes for each domain: [32, 0, 32] (total=64)
[36mINFO[0m 08/01 14:20:20 | steps-per-epoch for each domain: 9.19, 6.88 -> min = 6.88
/home/s21_yhr/miniconda3/envs/GGA/lib/python3.11/site-packages/torchvision/models/_utils.py:208: UserWarning: The parameter 'pretrained' is deprecated since 0.13 and may be removed in the future, please use 'weights' instead.
  warnings.warn(
/home/s21_yhr/miniconda3/envs/GGA/lib/python3.11/site-packages/torchvision/models/_utils.py:223: UserWarning: Arguments other than a weight enum or `None` for 'weights' are deprecated since 0.13 and may be removed in the future. The current behavior is equivalent to passing `weights=ResNet50_Weights.IMAGENET1K_V1`. You can also use `weights=ResNet50_Weights.DEFAULT` to get the most up-to-date weights.
  warnings.warn(msg)
[36mINFO[0m 08/01 14:20:24 | # of params = 23512130
[36mINFO[0m 08/01 14:20:25 | test_in     test_out    train_in    train_out   test_in_au  train_out_  tr_outloss  test_out_a  env0_out    env0_out_a  env1_in     env1_in_au  env1_out    env1_out_a  env2_out    env2_out_a  step        epoch       loss        step_time   eval_time   mem_gb     
[36mINFO[0m 08/01 14:20:25 | 0.584726    0.500000    0.000000    0.478057    0.681863    0.476389    0.719812    0.728030    0.493151    0.466667    0.584726    0.681863    0.500000    0.728030    0.462963    0.486111    0           0.000000    0.710374    0.128413    0.667808    2.997349   
[36mINFO[0m 08/01 14:20:38 | 0.553699    0.375000    0.000000    0.521943    0.488076    0.632251    0.729059    0.304545    0.506849    0.665891    0.553699    0.488076    0.375000    0.304545    0.537037    0.598611    100         14.545455   0.663594    0.123379    0.504745    3.271666   
[36mINFO[0m 08/01 14:20:50 | 0.474940    0.413462    0.000000    0.622273    0.471341    0.659803    0.676042    0.276515    0.726027    0.701550    0.474940    0.471341    0.413462    0.276515    0.518519    0.618056    200         29.090909   0.562395    0.118519    0.582167    3.271666   
[36mINFO[0m 08/01 14:21:03 | 0.503580    0.423077    0.000000    0.647641    0.535955    0.621899    1.004470    0.368182    0.739726    0.693798    0.503580    0.535955    0.423077    0.368182    0.555556    0.550000    300         43.636364   0.436311    0.118238    0.557734    3.271666   
[36mINFO[0m 08/01 14:21:15 | 0.491647    0.375000    0.000000    0.623034    0.490857    0.650517    1.107263    0.353030    0.616438    0.723256    0.491647    0.490857    0.375000    0.353030    0.629630    0.577778    400         58.181818   0.279416    0.120140    0.578779    3.271666   
[36mINFO[0m 08/01 14:21:28 | 0.470167    0.423077    0.000000    0.594876    0.491222    0.614906    1.398757    0.336742    0.671233    0.672868    0.470167    0.491222    0.423077    0.336742    0.518519    0.556944    500         72.727273   0.178349    0.119667    0.533826    3.271666   
[36mINFO[0m 08/01 14:21:41 | 0.503580    0.423077    0.000000    0.622653    0.546375    0.603634    1.794671    0.388636    0.671233    0.669767    0.503580    0.546375    0.423077    0.388636    0.574074    0.537500    600         87.272727   0.144412    0.120941    0.567660    3.271666   
[36mINFO[0m 08/01 14:21:53 | 0.515513    0.423077    0.000000    0.615804    0.549362    0.635869    1.790786    0.437879    0.657534    0.695349    0.515513    0.549362    0.423077    0.437879    0.574074    0.576389    700         101.818182  0.118534    0.120431    0.576121    3.271666   
[36mINFO[0m 08/01 14:22:05 | 0.470167    0.423077    0.000000    0.599696    0.494209    0.588937    2.334642    0.398864    0.643836    0.654264    0.470167    0.494209    0.423077    0.398864    0.555556    0.523611    800         116.363636  0.122469    0.116545    0.522201    3.271666   
[36mINFO[0m 08/01 14:22:18 | 0.548926    0.432692    0.000000    0.533232    0.517465    0.583382    1.461960    0.434091    0.547945    0.687597    0.548926    0.517465    0.432692    0.434091    0.518519    0.479167    900         130.909091  0.106114    0.121440    0.542560    3.271666   
[36mINFO[0m 08/01 14:22:31 | 0.539379    0.471154    0.000000    0.615804    0.550547    0.586725    2.217404    0.416667    0.657534    0.631783    0.539379    0.550547    0.471154    0.416667    0.574074    0.541667    1000        145.454545  0.101849    0.122262    0.528906    3.271666   
[36mINFO[0m 08/01 14:22:43 | 0.553699    0.480769    0.000000    0.599315    0.533151    0.584577    2.530921    0.410985    0.698630    0.670543    0.553699    0.533151    0.480769    0.410985    0.500000    0.498611    1100        160.000000  0.072960    0.119500    0.526059    3.271666   
[36mINFO[0m 08/01 14:22:56 | 0.513126    0.394231    0.000000    0.613775    0.499065    0.610110    2.011746    0.364773    0.616438    0.634109    0.513126    0.499065    0.394231    0.364773    0.611111    0.586111    1200        174.545455  0.086923    0.122293    0.506419    3.271666   
[36mINFO[0m 08/01 14:23:09 | 0.517900    0.461538    0.000000    0.592846    0.529503    0.597739    2.771250    0.395833    0.630137    0.656589    0.517900    0.529503    0.461538    0.395833    0.555556    0.538889    1300        189.090909  0.079182    0.119035    0.514759    3.271666   
[36mINFO[0m 08/01 14:23:21 | 0.501193    0.432692    0.000000    0.560629    0.467784    0.615843    2.341473    0.372727    0.602740    0.677519    0.501193    0.467784    0.432692    0.372727    0.518519    0.554167    1400        203.636364  0.058878    0.121995    0.534835    3.271666   
[36mINFO[0m 08/01 14:23:34 | 0.541766    0.461538    0.000000    0.581558    0.552440    0.582494    2.942546    0.445076    0.589041    0.603876    0.541766    0.552440    0.461538    0.445076    0.574074    0.561111    1500        218.181818  0.065356    0.121240    0.615778    3.271666   
[36mINFO[0m 08/01 14:23:47 | 0.568019    0.432692    0.000000    0.544521    0.582501    0.604441    2.648015    0.459848    0.589041    0.651938    0.568019    0.582501    0.432692    0.459848    0.500000    0.556944    1600        232.727273  0.104002    0.119860    0.579698    3.271666   
[36mINFO[0m 08/01 14:23:59 | 0.525060    0.528846    0.000000    0.643582    0.570565    0.604732    2.449025    0.472727    0.657534    0.644186    0.525060    0.570565    0.528846    0.472727    0.629630    0.565278    1700        247.272727  0.058438    0.116333    0.504691    3.271666   
[36mINFO[0m 08/01 14:24:11 | 0.522673    0.509615    0.000000    0.622653    0.546124    0.599386    2.769117    0.449242    0.671233    0.634884    0.522673    0.546124    0.509615    0.449242    0.574074    0.563889    1800        261.818182  0.047266    0.119945    0.522992    3.271666   
[36mINFO[0m 08/01 14:24:24 | 0.539379    0.471154    0.000000    0.542111    0.503557    0.588598    2.694189    0.458333    0.602740    0.641085    0.539379    0.503557    0.471154    0.458333    0.481481    0.536111    1900        276.363636  0.062495    0.120935    0.535437    3.271666   
[36mINFO[0m 08/01 14:24:37 | 0.520286    0.471154    0.000000    0.576738    0.536582    0.612815    3.464900    0.451894    0.616438    0.686047    0.520286    0.536582    0.471154    0.451894    0.537037    0.539583    2000        290.909091  0.043065    0.121253    0.596162    3.271666   
[36mINFO[0m 08/01 14:24:49 | 0.486874    0.576923    0.000000    0.625063    0.482946    0.580669    2.734770    0.471212    0.657534    0.648837    0.486874    0.482946    0.576923    0.471212    0.592593    0.512500    2100        305.454545  0.056269    0.120125    0.578411    3.271666   
[36mINFO[0m 08/01 14:25:02 | 0.510740    0.500000    0.000000    0.608955    0.512996    0.619654    2.499021    0.466667    0.643836    0.690698    0.510740    0.512996    0.500000    0.466667    0.574074    0.548611    2200        320.000000  0.061227    0.123533    0.626944    3.271666   
[36mINFO[0m 08/01 14:25:14 | 0.470167    0.413462    0.000000    0.588026    0.469836    0.598870    2.830136    0.352652    0.657534    0.678295    0.470167    0.469836    0.413462    0.352652    0.518519    0.519444    2300        334.545455  0.042530    0.115776    0.550740    3.271666   
[36mINFO[0m 08/01 14:25:27 | 0.482100    0.480769    0.000000    0.588026    0.503602    0.613009    2.820293    0.446591    0.657534    0.703101    0.482100    0.503602    0.480769    0.446591    0.518519    0.522917    2400        349.090909  0.037714    0.119620    0.624203    3.271666   
[36mINFO[0m 08/01 14:25:40 | 0.529833    0.461538    0.000000    0.588407    0.488611    0.609593    3.313850    0.475189    0.602740    0.677519    0.529833    0.488611    0.461538    0.475189    0.574074    0.541667    2500        363.636364  0.040045    0.124038    0.526489    3.271666   
[36mINFO[0m 08/01 14:25:52 | 0.474940    0.548077    0.000000    0.548960    0.493662    0.593072    2.495559    0.424242    0.616438    0.673643    0.474940    0.493662    0.548077    0.424242    0.481481    0.512500    2600        378.181818  0.051335    0.119200    0.577213    3.271666   
[36mINFO[0m 08/01 14:26:05 | 0.479714    0.490385    0.000000    0.588407    0.479560    0.574330    3.384683    0.414015    0.602740    0.660465    0.479714    0.479560    0.490385    0.414015    0.574074    0.488194    2700        392.727273  0.041851    0.115510    0.623691    3.271666   
[36mINFO[0m 08/01 14:26:17 | 0.443914    0.471154    0.000000    0.583206    0.423917    0.590657    3.713808    0.395076    0.684932    0.713953    0.443914    0.423917    0.471154    0.395076    0.481481    0.467361    2800        407.272727  0.029983    0.121298    0.509788    3.271666   
[36mINFO[0m 08/01 14:26:29 | 0.496420    0.432692    0.000000    0.579148    0.507296    0.585837    3.204029    0.417424    0.602740    0.648062    0.496420    0.507296    0.432692    0.417424    0.555556    0.523611    2900        421.818182  0.039194    0.115349    0.536449    3.271666   
[36mINFO[0m 08/01 14:26:42 | 0.513126    0.442308    0.000000    0.565068    0.512734    0.596641    3.978572    0.426894    0.630137    0.682171    0.513126    0.512734    0.442308    0.426894    0.500000    0.511111    3000        436.363636  0.038680    0.121604    0.586980    3.271666   
[36mINFO[0m 08/01 14:26:55 | 0.465394    0.480769    0.000000    0.565068    0.486719    0.590786    3.374645    0.417045    0.630137    0.669767    0.465394    0.486719    0.480769    0.417045    0.500000    0.511806    3100        450.909091  0.036705    0.124665    0.529635    3.271666   
[36mINFO[0m 08/01 14:27:08 | 0.496420    0.413462    0.000000    0.617834    0.479891    0.655507    2.391345    0.382197    0.698630    0.745736    0.496420    0.479891    0.413462    0.382197    0.537037    0.565278    3200        465.454545  0.036375    0.119029    0.501713    3.271666   
[36mINFO[0m 08/01 14:27:20 | 0.482100    0.423077    0.000000    0.585997    0.467442    0.591392    3.426894    0.380682    0.616438    0.648062    0.482100    0.467442    0.423077    0.380682    0.555556    0.534722    3300        480.000000  0.031917    0.117076    0.530369    3.271666   
[36mINFO[0m 08/01 14:27:32 | 0.515513    0.451923    0.000000    0.620624    0.522777    0.618629    2.685390    0.425000    0.630137    0.697674    0.515513    0.522777    0.451923    0.425000    0.611111    0.539583    3400        494.545455  0.036547    0.119747    0.541511    3.271666   
[36mINFO[0m 08/01 14:27:45 | 0.455847    0.461538    0.000000    0.553780    0.455483    0.566844    3.630811    0.386364    0.589041    0.643411    0.455847    0.455483    0.461538    0.386364    0.518519    0.490278    3500        509.090909  0.037143    0.121049    0.513550    3.271666   
[36mINFO[0m 08/01 14:27:57 | 0.496420    0.538462    0.000000    0.585616    0.555347    0.581444    3.197062    0.426136    0.671233    0.683721    0.496420    0.555347    0.538462    0.426136    0.500000    0.479167    3600        523.636364  0.042999    0.119405    0.554801    3.271666   
[36mINFO[0m 08/01 14:28:10 | 0.532220    0.480769    0.000000    0.560629    0.542590    0.571932    3.627617    0.481439    0.602740    0.641085    0.532220    0.542590    0.480769    0.481439    0.518519    0.502778    3700        538.181818  0.038765    0.118343    0.566827    3.271666   
[36mINFO[0m 08/01 14:28:23 | 0.522673    0.548077    0.000000    0.620244    0.534770    0.607380    3.747956    0.496970    0.684932    0.688372    0.522673    0.534770    0.548077    0.496970    0.555556    0.526389    3800        552.727273  0.050569    0.122536    0.545350    3.271666   
[36mINFO[0m 08/01 14:28:35 | 0.482100    0.423077    0.000000    0.578767    0.502234    0.577584    2.650240    0.386742    0.657534    0.682946    0.482100    0.502234    0.423077    0.386742    0.500000    0.472222    3900        567.272727  0.047557    0.119068    0.621418    3.271666   
[36mINFO[0m 08/01 14:28:47 | 0.544153    0.548077    0.000000    0.597286    0.582604    0.533511    3.740001    0.475379    0.657534    0.543411    0.544153    0.582604    0.548077    0.475379    0.537037    0.523611    4000        581.818182  0.034083    0.115789    0.535765    3.271666   
[36mINFO[0m 08/01 14:29:00 | 0.498807    0.442308    0.000000    0.553780    0.517157    0.526623    3.444082    0.434470    0.589041    0.567829    0.498807    0.517157    0.442308    0.434470    0.518519    0.485417    4100        596.363636  0.044157    0.116906    0.602437    3.271666   
[36mINFO[0m 08/01 14:29:12 | 0.539379    0.461538    0.000000    0.585997    0.489535    0.572965    2.658183    0.426515    0.616438    0.620930    0.539379    0.489535    0.461538    0.426515    0.555556    0.525000    4200        610.909091  0.031081    0.116029    0.574300    3.271666   
[36mINFO[0m 08/01 14:29:24 | 0.489260    0.432692    0.000000    0.608955    0.474772    0.561079    3.901440    0.423864    0.643836    0.619380    0.489260    0.474772    0.432692    0.423864    0.574074    0.502778    4300        625.454545  0.025242    0.120018    0.554765    3.271666   
[36mINFO[0m 08/01 14:29:37 | 0.463007    0.432692    0.000000    0.590436    0.441473    0.594622    2.847103    0.373106    0.643836    0.676744    0.463007    0.441473    0.432692    0.373106    0.537037    0.512500    4400        640.000000  0.038309    0.124416    0.561901    3.271666   
[36mINFO[0m 08/01 14:29:50 | 0.463007    0.471154    0.000000    0.544521    0.473735    0.554934    3.703740    0.403409    0.589041    0.614729    0.463007    0.473735    0.471154    0.403409    0.500000    0.495139    4500        654.545455  0.027026    0.116838    0.542298    3.271666   
[36mINFO[0m 08/01 14:30:02 | 0.470167    0.519231    0.000000    0.610984    0.451368    0.579845    3.750301    0.438636    0.684932    0.659690    0.470167    0.451368    0.519231    0.438636    0.537037    0.500000    4600        669.090909  0.030016    0.120928    0.564194    3.271666   
[36mINFO[0m 08/01 14:30:15 | 0.527446    0.442308    0.000000    0.590436    0.549430    0.572271    2.936647    0.379167    0.643836    0.654264    0.527446    0.549430    0.442308    0.379167    0.537037    0.490278    4700        683.636364  0.035697    0.120850    0.565761    3.271666   
[36mINFO[0m 08/01 14:30:28 | 0.482100    0.461538    0.000000    0.572298    0.499749    0.601728    3.233710    0.415530    0.589041    0.646512    0.482100    0.499749    0.461538    0.415530    0.555556    0.556944    4800        698.181818  0.031589    0.120147    0.499897    3.271666   
[36mINFO[0m 08/01 14:30:40 | 0.546539    0.471154    0.000000    0.567859    0.538041    0.573538    4.909795    0.492235    0.561644    0.585271    0.546539    0.538041    0.471154    0.492235    0.574074    0.561806    4900        712.727273  0.024376    0.120615    0.510474    3.271666   
[36mINFO[0m 08/01 14:30:53 | 0.486874    0.490385    0.000000    0.597286    0.471409    0.607041    2.579953    0.385227    0.657534    0.725194    0.486874    0.471409    0.490385    0.385227    0.537037    0.488889    5000        727.272727  0.034442    0.122793    0.516943    3.271666   
[36mINFO[0m 08/01 14:30:53 | ---
[36mINFO[0m 08/01 14:30:53 | oracle = 48.687%
[36mINFO[0m 08/01 14:30:53 | iid = 50.358%
[36mINFO[0m 08/01 14:30:53 | last = 48.687%
[36mINFO[0m 08/01 14:30:53 | last (inD) = 59.729%
[36mINFO[0m 08/01 14:30:53 | iid (inD) = 64.764%
[36mINFO[0m 08/01 14:30:54 | 
[36mINFO[0m 08/01 14:30:54 | Testenv name escaping te_02 -> te_02
[36mINFO[0m 08/01 14:30:54 | Test envs = [2], name = te_02
[36mINFO[0m 08/01 14:30:54 | Batch sizes for each domain: [32, 32, 0] (total=64)
[36mINFO[0m 08/01 14:30:54 | steps-per-epoch for each domain: 9.19, 13.09 -> min = 9.19
/home/s21_yhr/miniconda3/envs/GGA/lib/python3.11/site-packages/torchvision/models/_utils.py:208: UserWarning: The parameter 'pretrained' is deprecated since 0.13 and may be removed in the future, please use 'weights' instead.
  warnings.warn(
/home/s21_yhr/miniconda3/envs/GGA/lib/python3.11/site-packages/torchvision/models/_utils.py:223: UserWarning: Arguments other than a weight enum or `None` for 'weights' are deprecated since 0.13 and may be removed in the future. The current behavior is equivalent to passing `weights=ResNet50_Weights.IMAGENET1K_V1`. You can also use `weights=ResNet50_Weights.DEFAULT` to get the most up-to-date weights.
  warnings.warn(msg)
[36mINFO[0m 08/01 14:30:57 | # of params = 23512130
[36mINFO[0m 08/01 14:30:58 | test_in     test_out    train_in    train_out   test_in_au  train_out_  tr_outloss  test_out_a  env0_out    env0_out_a  env1_out    env1_out_a  env2_in     env2_in_au  env2_out    env2_out_a  step        epoch       loss        step_time   eval_time   mem_gb     
[36mINFO[0m 08/01 14:30:58 | 0.454545    0.462963    0.000000    0.480835    0.501990    0.626035    0.710284    0.518056    0.452055    0.607752    0.509615    0.644318    0.454545    0.501990    0.462963    0.518056    0           0.000000    0.719381    0.125062    0.522029    2.997349   
[36mINFO[0m 08/01 14:31:11 | 0.563636    0.666667    0.000000    0.722405    0.598510    0.747837    0.576099    0.727778    0.589041    0.593023    0.855769    0.902652    0.563636    0.598510    0.666667    0.727778    100         10.884354   0.626167    0.123886    0.359390    3.271666   
[36mINFO[0m 08/01 14:31:23 | 0.550000    0.740741    0.000000    0.708707    0.599780    0.721137    0.745666    0.790278    0.561644    0.543411    0.855769    0.898864    0.550000    0.599780    0.740741    0.790278    200         21.768707   0.472706    0.116630    0.381580    3.271666   
[36mINFO[0m 08/01 14:31:35 | 0.459091    0.500000    0.000000    0.542611    0.564050    0.680911    1.262427    0.718056    0.479452    0.486822    0.605769    0.875000    0.459091    0.564050    0.500000    0.718056    300         32.653061   0.339893    0.121249    0.383076    3.271666   
[36mINFO[0m 08/01 14:31:48 | 0.550000    0.666667    0.000000    0.696325    0.594277    0.758985    0.921295    0.762500    0.575342    0.624031    0.817308    0.893939    0.550000    0.594277    0.666667    0.762500    400         43.537415   0.292432    0.121330    0.357458    3.271666   
[36mINFO[0m 08/01 14:32:01 | 0.550000    0.759259    0.000000    0.690793    0.532470    0.719873    1.075640    0.825000    0.602740    0.582171    0.778846    0.857576    0.550000    0.532470    0.759259    0.825000    500         54.421769   0.196237    0.122977    0.368981    3.271666   
[36mINFO[0m 08/01 14:32:13 | 0.568182    0.703704    0.000000    0.707982    0.588519    0.702533    2.163502    0.747222    0.589041    0.539535    0.826923    0.865530    0.568182    0.588519    0.703704    0.747222    600         65.306122   0.171334    0.121442    0.417689    3.271666   
[36mINFO[0m 08/01 14:32:25 | 0.554545    0.648148    0.000000    0.675053    0.549826    0.698362    1.386400    0.756944    0.561644    0.555814    0.788462    0.840909    0.554545    0.549826    0.648148    0.756944    700         76.190476   0.129943    0.115925    0.353939    3.271666   
[36mINFO[0m 08/01 14:32:38 | 0.554545    0.648148    0.000000    0.710748    0.579968    0.754867    1.328967    0.719444    0.575342    0.611628    0.846154    0.898106    0.554545    0.579968    0.648148    0.719444    800         87.074830   0.162852    0.120267    0.374966    3.271666   
[36mINFO[0m 08/01 14:32:50 | 0.572727    0.666667    0.000000    0.675777    0.598552    0.712491    2.155395    0.762500    0.534247    0.532558    0.817308    0.892424    0.572727    0.598552    0.666667    0.762500    900         97.959184   0.111384    0.117792    0.359406    3.271666   
[36mINFO[0m 08/01 14:33:02 | 0.563636    0.740741    0.000000    0.672287    0.544323    0.735091    1.594497    0.719444    0.575342    0.604651    0.769231    0.865530    0.563636    0.544323    0.740741    0.719444    1000        108.843537  0.109866    0.120749    0.372210    3.271666   
[36mINFO[0m 08/01 14:33:14 | 0.536364    0.666667    0.000000    0.670245    0.589874    0.703634    1.658105    0.731944    0.561644    0.536434    0.778846    0.870833    0.536364    0.589874    0.666667    0.731944    1100        119.727891  0.080383    0.117773    0.412051    3.271666   
[36mINFO[0m 08/01 14:33:26 | 0.540909    0.740741    0.000000    0.705940    0.571162    0.716944    2.213065    0.772222    0.575342    0.541085    0.836538    0.892803    0.540909    0.571162    0.740741    0.772222    1200        130.612245  0.069872    0.113384    0.378066    3.271666   
[36mINFO[0m 08/01 14:33:39 | 0.568182    0.685185    0.000000    0.712065    0.603675    0.764434    1.477391    0.780556    0.616438    0.653488    0.807692    0.875379    0.568182    0.603675    0.685185    0.780556    1300        141.496599  0.105309    0.123376    0.435206    3.271666   
[36mINFO[0m 08/01 14:33:51 | 0.577273    0.574074    0.000000    0.653056    0.611125    0.699458    1.248430    0.666667    0.575342    0.568992    0.730769    0.829924    0.577273    0.611125    0.574074    0.666667    1400        152.380952  0.088376    0.119827    0.369132    3.271666   
[36mINFO[0m 08/01 14:34:03 | 0.563636    0.722222    0.000000    0.681902    0.589197    0.720807    2.630425    0.747222    0.575342    0.564341    0.788462    0.877273    0.563636    0.589197    0.722222    0.747222    1500        163.265306  0.072317    0.116797    0.392006    3.271666   
[36mINFO[0m 08/01 14:34:16 | 0.545455    0.722222    0.000000    0.712790    0.584963    0.741922    1.380864    0.740278    0.589041    0.589147    0.836538    0.894697    0.545455    0.584963    0.722222    0.740278    1600        174.149660  0.076494    0.120596    0.396752    3.271666   
[36mINFO[0m 08/01 14:34:28 | 0.536364    0.703704    0.000000    0.697642    0.567098    0.726828    1.759790    0.772222    0.616438    0.577519    0.778846    0.876136    0.536364    0.567098    0.703704    0.772222    1700        185.034014  0.063432    0.117128    0.359237    3.271666   
[36mINFO[0m 08/01 14:34:40 | 0.509091    0.648148    0.000000    0.692835    0.555076    0.740328    1.594755    0.779167    0.616438    0.615504    0.769231    0.865152    0.509091    0.555076    0.648148    0.779167    1800        195.918367  0.067970    0.117534    0.366617    3.271666   
[36mINFO[0m 08/01 14:34:53 | 0.545455    0.703704    0.000000    0.679136    0.568876    0.715684    2.589029    0.786111    0.589041    0.596899    0.769231    0.834470    0.545455    0.568876    0.703704    0.786111    1900        206.802721  0.048443    0.121278    0.372967    3.271666   
[36mINFO[0m 08/01 14:35:05 | 0.540909    0.666667    0.000000    0.698367    0.516722    0.714790    2.022836    0.737500    0.589041    0.568217    0.807692    0.861364    0.540909    0.516722    0.666667    0.737500    2000        217.687075  0.081680    0.118100    0.388106    3.271666   
[36mINFO[0m 08/01 14:35:17 | 0.527273    0.666667    0.000000    0.701133    0.554906    0.729382    1.466412    0.731944    0.575342    0.568992    0.826923    0.889773    0.527273    0.554906    0.666667    0.731944    2100        228.571429  0.066650    0.117230    0.388364    3.271666   
[36mINFO[0m 08/01 14:35:29 | 0.581818    0.648148    0.000000    0.668928    0.599949    0.712236    2.073431    0.706944    0.520548    0.543411    0.817308    0.881061    0.581818    0.599949    0.648148    0.706944    2200        239.455782  0.058556    0.118259    0.377724    3.271666   
[36mINFO[0m 08/01 14:35:42 | 0.540909    0.759259    0.000000    0.647524    0.564643    0.735980    1.487662    0.759722    0.602740    0.649612    0.692308    0.822348    0.540909    0.564643    0.759259    0.759722    2300        250.340136  0.074144    0.120446    0.378322    3.271666   
[36mINFO[0m 08/01 14:35:54 | 0.572727    0.703704    0.000000    0.723722    0.569892    0.771186    1.421436    0.763889    0.630137    0.664341    0.817308    0.878030    0.572727    0.569892    0.703704    0.763889    2400        261.224490  0.057534    0.116037    0.382185    3.271666   
[36mINFO[0m 08/01 14:36:06 | 0.550000    0.722222    0.000000    0.660630    0.546355    0.752585    1.780884    0.730556    0.561644    0.644186    0.759615    0.860985    0.550000    0.546355    0.722222    0.730556    2500        272.108844  0.053351    0.122086    0.397578    3.271666   
[36mINFO[0m 08/01 14:36:19 | 0.545455    0.648148    0.000000    0.675777    0.575142    0.744351    2.163020    0.765278    0.534247    0.611240    0.817308    0.877462    0.545455    0.575142    0.648148    0.765278    2600        282.993197  0.049571    0.125203    0.376559    3.271666   
[36mINFO[0m 08/01 14:36:31 | 0.513636    0.629630    0.000000    0.676370    0.561553    0.725480    2.009027    0.698611    0.602740    0.592248    0.750000    0.858712    0.513636    0.561553    0.629630    0.698611    2700        293.877551  0.063660    0.116798    0.391113    3.271666   
[36mINFO[0m 08/01 14:36:43 | 0.577273    0.648148    0.000000    0.677094    0.587080    0.726066    1.956555    0.726389    0.575342    0.593798    0.778846    0.858333    0.577273    0.587080    0.648148    0.726389    2800        304.761905  0.041256    0.115106    0.368996    3.271666   
[36mINFO[0m 08/01 14:36:55 | 0.554545    0.685185    0.000000    0.713383    0.567945    0.756576    1.661643    0.738889    0.657534    0.662016    0.769231    0.851136    0.554545    0.567945    0.685185    0.738889    2900        315.646259  0.045530    0.119548    0.470664    3.271666   
[36mINFO[0m 08/01 14:37:08 | 0.559091    0.648148    0.000000    0.711341    0.562484    0.729766    1.833523    0.776389    0.643836    0.619380    0.778846    0.840152    0.559091    0.562484    0.648148    0.776389    3000        326.530612  0.054552    0.123058    0.396293    3.271666   
[36mINFO[0m 08/01 14:37:21 | 0.554545    0.666667    0.000000    0.688027    0.567268    0.748670    1.673591    0.777778    0.616438    0.649612    0.759615    0.847727    0.554545    0.567268    0.666667    0.777778    3100        337.414966  0.049154    0.123084    0.365474    3.271666   
[36mINFO[0m 08/01 14:37:34 | 0.568182    0.648148    0.000000    0.720956    0.581576    0.746234    2.168510    0.780556    0.643836    0.618605    0.798077    0.873864    0.568182    0.581576    0.648148    0.780556    3200        348.299320  0.044020    0.124497    0.364678    3.271666   
[36mINFO[0m 08/01 14:37:46 | 0.536364    0.648148    0.000000    0.674328    0.614089    0.734179    2.045201    0.737500    0.589041    0.641085    0.759615    0.827273    0.536364    0.614089    0.648148    0.737500    3300        359.183673  0.040424    0.115928    0.362703    3.271666   
[36mINFO[0m 08/01 14:37:58 | 0.572727    0.703704    0.000000    0.711341    0.566844    0.745137    1.294635    0.756944    0.643836    0.638760    0.778846    0.851515    0.572727    0.566844    0.703704    0.756944    3400        370.068027  0.060741    0.123962    0.382355    3.271666   
[36mINFO[0m 08/01 14:38:11 | 0.600000    0.740741    0.000000    0.707258    0.583990    0.766446    2.177876    0.801389    0.616438    0.647287    0.798077    0.885606    0.600000    0.583990    0.740741    0.801389    3500        380.952381  0.037125    0.118720    0.401061    3.271666   
[36mINFO[0m 08/01 14:38:23 | 0.554545    0.648148    0.000000    0.689476    0.549445    0.703339    2.344694    0.731944    0.561644    0.560465    0.817308    0.846212    0.554545    0.549445    0.648148    0.731944    3600        391.836735  0.038120    0.121175    0.433202    3.271666   
[36mINFO[0m 08/01 14:38:36 | 0.568182    0.685185    0.000000    0.708575    0.584117    0.773366    1.732027    0.772222    0.657534    0.706202    0.759615    0.840530    0.568182    0.584117    0.685185    0.772222    3700        402.721088  0.047693    0.124537    0.447382    3.271666   
[36mINFO[0m 08/01 14:38:49 | 0.627273    0.703704    0.000000    0.696918    0.610109    0.740788    2.403102    0.808333    0.643836    0.647674    0.750000    0.833902    0.627273    0.610109    0.703704    0.808333    3800        413.605442  0.038309    0.118442    0.386044    3.271666   
[36mINFO[0m 08/01 14:39:01 | 0.572727    0.685185    0.000000    0.655822    0.590001    0.732514    2.334271    0.783333    0.561644    0.627907    0.750000    0.837121    0.572727    0.590001    0.685185    0.783333    3900        424.489796  0.045354    0.116844    0.392475    3.271666   
[36mINFO[0m 08/01 14:39:13 | 0.581818    0.685185    0.000000    0.696918    0.553382    0.717810    1.443111    0.711111    0.643836    0.625581    0.750000    0.810038    0.581818    0.553382    0.685185    0.711111    4000        435.374150  0.034878    0.119009    0.357373    3.271666   
[36mINFO[0m 08/01 14:39:25 | 0.545455    0.629630    0.000000    0.699684    0.604437    0.771780    2.175849    0.734028    0.630137    0.666667    0.769231    0.876894    0.545455    0.604437    0.629630    0.734028    4100        446.258503  0.043027    0.114727    0.421657    3.271666   
[36mINFO[0m 08/01 14:39:37 | 0.577273    0.703704    0.000000    0.739463    0.566421    0.752682    2.076436    0.772222    0.671233    0.652713    0.807692    0.852652    0.577273    0.566421    0.703704    0.772222    4200        457.142857  0.035800    0.117996    0.354496    3.271666   
[36mINFO[0m 08/01 14:39:49 | 0.513636    0.611111    0.000000    0.588646    0.543900    0.723478    2.424011    0.731250    0.465753    0.607752    0.711538    0.839205    0.513636    0.543900    0.611111    0.731250    4300        468.027211  0.059987    0.117799    0.391972    3.271666   
[36mINFO[0m 08/01 14:40:01 | 0.568182    0.740741    0.000000    0.672287    0.613157    0.713376    2.326976    0.722222    0.575342    0.593798    0.769231    0.832955    0.568182    0.613157    0.740741    0.722222    4400        478.911565  0.056050    0.113390    0.409076    3.271666   
[36mINFO[0m 08/01 14:40:13 | 0.572727    0.666667    0.000000    0.678411    0.582762    0.736185    2.260381    0.761806    0.616438    0.642636    0.740385    0.829735    0.572727    0.582762    0.666667    0.761806    4500        489.795918  0.043257    0.118345    0.383091    3.271666   
[36mINFO[0m 08/01 14:40:26 | 0.586364    0.703704    0.000000    0.681178    0.608882    0.724322    2.383056    0.776389    0.602740    0.640310    0.759615    0.808333    0.586364    0.608882    0.703704    0.776389    4600        500.680272  0.045944    0.123392    0.391711    3.271666   
[36mINFO[0m 08/01 14:40:38 | 0.577273    0.685185    0.000000    0.723722    0.574803    0.762685    2.450665    0.788889    0.630137    0.649612    0.817308    0.875758    0.577273    0.574803    0.685185    0.788889    4700        511.564626  0.031880    0.114917    0.395863    3.271666   
[36mINFO[0m 08/01 14:40:50 | 0.540909    0.666667    0.000000    0.711341    0.537126    0.722736    2.046958    0.758333    0.643836    0.600775    0.778846    0.844697    0.540909    0.537126    0.666667    0.758333    4800        522.448980  0.034290    0.115438    0.374660    3.271666   
[36mINFO[0m 08/01 14:41:02 | 0.513636    0.592593    0.000000    0.681178    0.605622    0.718834    2.301680    0.727778    0.602740    0.574031    0.759615    0.863636    0.513636    0.605622    0.592593    0.727778    4900        533.333333  0.034505    0.116444    0.388067    3.271666   
[36mINFO[0m 08/01 14:41:14 | 0.563636    0.648148    0.000000    0.672287    0.587334    0.753576    1.964473    0.735417    0.575342    0.614729    0.769231    0.892424    0.563636    0.587334    0.648148    0.735417    5000        544.217687  0.039179    0.118129    0.375932    3.271666   
[36mINFO[0m 08/01 14:41:14 | ---
[36mINFO[0m 08/01 14:41:14 | oracle = 55.000%
[36mINFO[0m 08/01 14:41:14 | iid = 57.727%
[36mINFO[0m 08/01 14:41:14 | last = 56.364%
[36mINFO[0m 08/01 14:41:14 | last (inD) = 67.229%
[36mINFO[0m 08/01 14:41:14 | iid (inD) = 73.946%
[36mINFO[0m 08/01 14:41:15 | === Summary ===
[36mINFO[0m 08/01 14:41:15 | Command: /home/s21_yhr/lzh/DomainBed-new/train_all.py HTP_Arith_seed0 --dataset HTP --data_dir /home/s21_yhr/lzh/DomainBed-new/dataset --algorithm Arith --steps 5000 --checkpoint_freq 100 --batch_size 32 --optimizer adam --lr 5e-5 --weight_decay 0 --resnet_dropout 0 --resnet18 False --pretrained True --freeze_bn True --swad False --seed 0 --trial_seed 0 --deterministic --prebuild_loader --cache_size 640 --arith_meta_lr 0.01
[36mINFO[0m 08/01 14:41:15 | Unique name: 260801_14-10-02_HTP_Arith_seed0
[36mINFO[0m 08/01 14:41:15 | Out path: train_output/HTP/260801_14-10-02_HTP_Arith_seed0
[36mINFO[0m 08/01 14:41:15 | Algorithm: Arith
[36mINFO[0m 08/01 14:41:15 | Dataset: HTP
+------------+---------+---------+---------+---------+
| Selection  |    00   |    01   |    02   |   Avg.  |
+------------+---------+---------+---------+---------+
|   oracle   | 52.041% | 48.687% | 55.000% | 51.909% |
|    iid     | 51.701% | 50.358% | 57.727% | 53.262% |
|    last    | 52.381% | 48.687% | 56.364% | 52.477% |
| last (inD) | 64.904% | 59.729% | 67.229% | 63.954% |
| iid (inD)  | 73.860% | 64.764% | 73.946% | 70.857% |
+------------+---------+---------+---------+---------+
================================================================================
Starting Arith, seed=1, physical GPU=1
/home/s21_yhr/miniconda3/envs/GGA/bin/python /home/s21_yhr/lzh/DomainBed-new/train_all.py HTP_Arith_seed1 --dataset HTP --data_dir /home/s21_yhr/lzh/DomainBed-new/dataset --algorithm Arith --steps 5000 --checkpoint_freq 100 --batch_size 32 --optimizer adam --lr 5e-5 --weight_decay 0 --resnet_dropout 0 --resnet18 False --pretrained True --freeze_bn True --swad False --seed 1 --trial_seed 1 --deterministic --prebuild_loader --cache_size 640 --arith_meta_lr 0.01
================================================================================
[36mINFO[0m 08/01 14:41:20 | Command :: /home/s21_yhr/lzh/DomainBed-new/train_all.py HTP_Arith_seed1 --dataset HTP --data_dir /home/s21_yhr/lzh/DomainBed-new/dataset --algorithm Arith --steps 5000 --checkpoint_freq 100 --batch_size 32 --optimizer adam --lr 5e-5 --weight_decay 0 --resnet_dropout 0 --resnet18 False --pretrained True --freeze_bn True --swad False --seed 1 --trial_seed 1 --deterministic --prebuild_loader --cache_size 640 --arith_meta_lr 0.01
Environment:
	Python: 3.11.15
	PyTorch: 2.11.0+cu128
	Torchvision: 0.26.0+cu128
	CUDA: 12.8
	CUDNN: 91900
	NumPy: 1.26.4
	PIL: 12.2.0
Args:
	algorithm: Arith
	batch_size: 32
	cache_root: cache
	cache_size: 640
	checkpoint_freq: 100
	configs: []
	data_dir: /home/s21_yhr/lzh/DomainBed-new/dataset
	dataset: HTP
	debug: False
	deterministic: True
	end_step: 200
	evalmode: fast
	extra_search: n
	extra_search_end: None
	extra_search_start: None
	gga_l_gamma: 0.001
	grad_fn: sum
	holdout_fraction: 0.2
	model_save: None
	name: HTP_Arith_seed1
	neighborhoodSize: 1e-06
	out_dir: train_output/HTP/260801_14-41-20_HTP_Arith_seed1
	out_root: train_output/HTP
	prebuild_loader: True
	seed: 1
	show: False
	start_step: 100
	steps: 5000
	tb_freq: 10
	test_envs: None
	train_output: train_output
	trial_seed: 1
	unique_name: 260801_14-41-20_HTP_Arith_seed1
	work_dir: .
HParams:
	data_augmentation: True
	val_augment: False
	[36mresnet18: False
	[0m[36mresnet_dropout: 0
	[0mclass_balanced: False
	[36moptimizer: adam
	[0m[36mfreeze_bn: True
	[0m[36mpretrained: True
	[0m[36mlr: 5e-05
	[0mbatch_size: 32
	[36mweight_decay: 0
	[0m[36marith_meta_lr: 0.01
	[0m[36mswad: False
	[0mswad_kwargs: 
	  n_converge: 3
	  n_tolerance: 6
	  tolerance_ratio: 0.3
	test_batchsize: 128
	indomain_test: False
	grad_fn: sum
	extra_search: n
	logdir: train_output/HTP/260801_14-41-20_HTP_Arith_seed1
	neighborhoodSize: 1e-06
	start_step: 100
	end_step: 200
	extra_search_start: None
	extra_search_end: None
	gga_l_gamma: 0.001
Dataset:
	[HTP] #envs=3, #classes=2
	env0: 00 (#367)
	env1: 01 (#523)
	env2: 02 (#274)

[36mINFO[0m 08/01 14:41:20 | n_steps = 5000
[36mINFO[0m 08/01 14:41:20 | checkpoint_freq = 100
[36mINFO[0m 08/01 14:41:20 | n_steps is updated to 5000 => 5001 for checkpointing
[36mINFO[0m 08/01 14:41:20 | Target test envs = [[0], [1], [2]]
[36mINFO[0m 08/01 14:41:20 | 
[36mINFO[0m 08/01 14:41:20 | Testenv name escaping te_00 -> te_00
[36mINFO[0m 08/01 14:41:20 | Test envs = [0], name = te_00
[36mINFO[0m 08/01 14:41:20 | Batch sizes for each domain: [0, 32, 32] (total=64)
[36mINFO[0m 08/01 14:41:20 | steps-per-epoch for each domain: 13.09, 6.88 -> min = 6.88
/home/s21_yhr/miniconda3/envs/GGA/lib/python3.11/site-packages/torchvision/models/_utils.py:208: UserWarning: The parameter 'pretrained' is deprecated since 0.13 and may be removed in the future, please use 'weights' instead.
  warnings.warn(
/home/s21_yhr/miniconda3/envs/GGA/lib/python3.11/site-packages/torchvision/models/_utils.py:223: UserWarning: Arguments other than a weight enum or `None` for 'weights' are deprecated since 0.13 and may be removed in the future. The current behavior is equivalent to passing `weights=ResNet50_Weights.IMAGENET1K_V1`. You can also use `weights=ResNet50_Weights.DEFAULT` to get the most up-to-date weights.
  warnings.warn(msg)
[36mINFO[0m 08/01 14:41:24 | # of params = 23512130
[36mINFO[0m 08/01 14:41:26 | test_in     test_out    train_in    train_out   test_in_au  test_out_a  train_out_  tr_outloss  env0_in     env0_in_au  env0_out    env0_out_a  env1_out    env1_out_a  env2_out    env2_out_a  step        epoch       loss        step_time   eval_time   mem_gb     
[36mINFO[0m 08/01 14:41:26 | 0.506803    0.465753    0.000000    0.647258    0.521419    0.445455    0.699358    0.653892    0.506803    0.521419    0.465753    0.445455    0.701923    0.782175    0.592593    0.616541    0           0.000000    0.701224    0.874197    0.759043    2.998997   
[36mINFO[0m 08/01 14:41:39 | 0.547619    0.479452    0.000000    0.751246    0.547045    0.443182    0.796395    0.551498    0.547619    0.547045    0.479452    0.443182    0.817308    0.913092    0.685185    0.679699    100         14.545455   0.576851    0.121475    0.457921    3.268919   
[36mINFO[0m 08/01 14:41:51 | 0.561224    0.547945    0.000000    0.662393    0.526363    0.457576    0.801905    0.761751    0.561224    0.526363    0.547945    0.457576    0.769231    0.906065    0.555556    0.697744    200         29.090909   0.422036    0.121365    0.415602    3.268919   
[36mINFO[0m 08/01 14:42:03 | 0.537415    0.493151    0.000000    0.686075    0.543955    0.444697    0.759934    0.888051    0.537415    0.543955    0.493151    0.444697    0.798077    0.889793    0.574074    0.630075    300         43.636364   0.275532    0.114425    0.426643    3.268919   
[36mINFO[0m 08/01 14:42:15 | 0.551020    0.547945    0.000000    0.704594    0.536443    0.520455    0.742947    0.915599    0.551020    0.536443    0.547945    0.520455    0.798077    0.852811    0.611111    0.633083    400         58.181818   0.206798    0.116662    0.428233    3.268919   
[36mINFO[0m 08/01 14:42:27 | 0.544218    0.589041    0.000000    0.685363    0.524699    0.467424    0.774886    1.168976    0.544218    0.524699    0.589041    0.467424    0.759615    0.900148    0.611111    0.649624    500         72.727273   0.186363    0.117152    0.425215    3.268919   
[36mINFO[0m 08/01 14:42:39 | 0.554422    0.561644    0.000000    0.718661    0.533305    0.493182    0.779460    1.107573    0.554422    0.533305    0.561644    0.493182    0.807692    0.915311    0.629630    0.643609    600         87.272727   0.159507    0.115304    0.413110    3.268919   
[36mINFO[0m 08/01 14:42:51 | 0.513605    0.561644    0.000000    0.689815    0.545524    0.492424    0.755224    1.140373    0.513605    0.545524    0.561644    0.492424    0.750000    0.868343    0.629630    0.642105    700         101.818182  0.128909    0.114414    0.414653    3.268919   
[36mINFO[0m 08/01 14:43:04 | 0.551020    0.534247    0.000000    0.717236    0.546427    0.512121    0.762619    1.470757    0.551020    0.546427    0.534247    0.512121    0.730769    0.860577    0.703704    0.664662    800         116.363636  0.116119    0.119979    0.427615    3.268919   
[36mINFO[0m 08/01 14:43:16 | 0.534014    0.520548    0.000000    0.694623    0.517615    0.493182    0.792856    1.745383    0.534014    0.517615    0.520548    0.493182    0.759615    0.886464    0.629630    0.699248    900         130.909091  0.107421    0.117740    0.419269    3.268919   
[36mINFO[0m 08/01 14:43:28 | 0.547619    0.575342    0.000000    0.685363    0.541768    0.487879    0.763509    1.741807    0.547619    0.541768    0.575342    0.487879    0.759615    0.889423    0.611111    0.637594    1000        145.454545  0.116455    0.112342    0.406143    3.268919   
[36mINFO[0m 08/01 14:43:39 | 0.551020    0.520548    0.000000    0.704238    0.546617    0.510606    0.773318    1.456361    0.551020    0.546617    0.520548    0.510606    0.778846    0.862426    0.629630    0.684211    1100        160.000000  0.091599    0.111380    0.419612    3.268919   
[36mINFO[0m 08/01 14:43:51 | 0.530612    0.520548    0.000000    0.699786    0.530975    0.509848    0.766497    1.647976    0.530612    0.530975    0.520548    0.509848    0.788462    0.880362    0.611111    0.652632    1200        174.545455  0.100207    0.118612    0.441262    3.268919   
[36mINFO[0m 08/01 14:44:03 | 0.564626    0.589041    0.000000    0.698718    0.536633    0.490909    0.766269    1.576123    0.564626    0.536633    0.589041    0.490909    0.730769    0.873891    0.666667    0.658647    1300        189.090909  0.094806    0.112516    0.429828    3.268919   
[36mINFO[0m 08/01 14:44:15 | 0.564626    0.602740    0.000000    0.703526    0.548424    0.543182    0.785029    1.588073    0.564626    0.548424    0.602740    0.543182    0.740385    0.878328    0.666667    0.691729    1400        203.636364  0.082789    0.115342    0.400949    3.268919   
[36mINFO[0m 08/01 14:44:27 | 0.523810    0.479452    0.000000    0.717949    0.535349    0.474242    0.806130    1.139443    0.523810    0.535349    0.479452    0.474242    0.769231    0.872411    0.666667    0.739850    1500        218.181818  0.090711    0.114165    0.488387    3.268919   
[36mINFO[0m 08/01 14:44:39 | 0.551020    0.493151    0.000000    0.694623    0.536776    0.516667    0.776306    1.719518    0.551020    0.536776    0.493151    0.516667    0.759615    0.842086    0.629630    0.710526    1600        232.727273  0.081463    0.114003    0.409348    3.268919   
[36mINFO[0m 08/01 14:44:51 | 0.530612    0.561644    0.000000    0.684295    0.542861    0.474242    0.727367    2.489955    0.530612    0.542861    0.561644    0.474242    0.701923    0.850222    0.666667    0.604511    1700        247.272727  0.075841    0.117827    0.447428    3.268919   
[36mINFO[0m 08/01 14:45:04 | 0.537415    0.547945    0.000000    0.680556    0.537489    0.493939    0.762818    1.830025    0.537415    0.537489    0.547945    0.493939    0.750000    0.882027    0.611111    0.643609    1800        261.818182  0.072319    0.124775    0.438693    3.268919   
[36mINFO[0m 08/01 14:45:16 | 0.551020    0.534247    0.000000    0.709046    0.533305    0.518939    0.785879    1.654845    0.551020    0.533305    0.534247    0.518939    0.788462    0.866494    0.629630    0.705263    1900        276.363636  0.072192    0.115211    0.439132    3.268919   
[36mINFO[0m 08/01 14:45:28 | 0.540816    0.520548    0.000000    0.670584    0.520753    0.537121    0.753854    1.684397    0.540816    0.520753    0.520548    0.537121    0.711538    0.829512    0.629630    0.678195    2000        290.909091  0.061478    0.116671    0.410948    3.268919   
[36mINFO[0m 08/01 14:45:40 | 0.520408    0.534247    0.000000    0.713141    0.537679    0.480303    0.770891    1.895378    0.520408    0.537679    0.534247    0.480303    0.759615    0.883136    0.666667    0.658647    2100        305.454545  0.078799    0.117905    0.442822    3.268919   
[36mINFO[0m 08/01 14:45:52 | 0.547619    0.520548    0.000000    0.690527    0.576879    0.531061    0.757343    1.490643    0.547619    0.576879    0.520548    0.531061    0.788462    0.839497    0.592593    0.675188    2200        320.000000  0.076472    0.114523    0.408128    3.268919   
[36mINFO[0m 08/01 14:46:04 | 0.574830    0.589041    0.000000    0.707977    0.569581    0.525758    0.757567    2.173170    0.574830    0.569581    0.589041    0.525758    0.730769    0.880547    0.685185    0.634586    2300        334.545455  0.072831    0.112817    0.438015    3.268919   
[36mINFO[0m 08/01 14:46:16 | 0.544218    0.547945    0.000000    0.685363    0.543622    0.517424    0.765583    1.979823    0.544218    0.543622    0.547945    0.517424    0.759615    0.854475    0.611111    0.676692    2400        349.090909  0.069279    0.112662    0.426458    3.268919   
[36mINFO[0m 08/01 14:46:28 | 0.510204    0.616438    0.000000    0.689103    0.529073    0.526515    0.754674    2.739147    0.510204    0.529073    0.616438    0.526515    0.711538    0.832655    0.666667    0.676692    2500        363.636364  0.057255    0.114663    0.466443    3.268919   
[36mINFO[0m 08/01 14:46:39 | 0.523810    0.520548    0.000000    0.693910    0.550088    0.529545    0.776005    1.617790    0.523810    0.550088    0.520548    0.529545    0.721154    0.855769    0.666667    0.696241    2600        378.181818  0.071200    0.114282    0.405611    3.268919   
[36mINFO[0m 08/01 14:46:51 | 0.534014    0.520548    0.000000    0.736467    0.529145    0.461364    0.788974    1.672798    0.534014    0.529145    0.520548    0.461364    0.769231    0.889978    0.703704    0.687970    2700        392.727273  0.058662    0.115096    0.483452    3.268919   
[36mINFO[0m 08/01 14:47:04 | 0.551020    0.575342    0.000000    0.707977    0.553487    0.493182    0.788813    2.364472    0.551020    0.553487    0.575342    0.493182    0.730769    0.875370    0.685185    0.702256    2800        407.272727  0.061907    0.120436    0.454298    3.268919   
[36mINFO[0m 08/01 14:47:16 | 0.534014    0.547945    0.000000    0.689103    0.558789    0.493939    0.776167    1.757591    0.534014    0.558789    0.547945    0.493939    0.711538    0.881657    0.666667    0.670677    2900        421.818182  0.063668    0.116584    0.405562    3.268919   
[36mINFO[0m 08/01 14:47:28 | 0.534014    0.534247    0.000000    0.717236    0.543527    0.487879    0.770785    1.845389    0.534014    0.543527    0.534247    0.487879    0.730769    0.850592    0.703704    0.690977    3000        436.363636  0.053148    0.116099    0.412922    3.268919   
[36mINFO[0m 08/01 14:47:40 | 0.551020    0.589041    0.000000    0.731660    0.554414    0.538636    0.782810    2.220539    0.551020    0.554414    0.589041    0.538636    0.759615    0.873891    0.703704    0.691729    3100        450.909091  0.047480    0.112959    0.426796    3.268919   
[36mINFO[0m 08/01 14:47:53 | 0.517007    0.506849    0.000000    0.732372    0.528693    0.498485    0.801879    1.556451    0.517007    0.528693    0.506849    0.498485    0.798077    0.886464    0.666667    0.717293    3200        465.454545  0.054210    0.122129    0.533748    3.268919   
[36mINFO[0m 08/01 14:48:06 | 0.544218    0.575342    0.000000    0.685007    0.561261    0.499242    0.798526    1.485965    0.544218    0.561261    0.575342    0.499242    0.740385    0.882766    0.629630    0.714286    3300        480.000000  0.059672    0.125356    0.481316    3.268919   
[36mINFO[0m 08/01 14:48:18 | 0.540816    0.547945    0.000000    0.666489    0.567798    0.479545    0.780814    1.774493    0.540816    0.567798    0.547945    0.479545    0.740385    0.887944    0.592593    0.673684    3400        494.545455  0.061883    0.120330    0.471895    3.268919   
[36mINFO[0m 08/01 14:48:30 | 0.547619    0.561644    0.000000    0.745726    0.542671    0.495455    0.810495    1.284743    0.547619    0.542671    0.561644    0.495455    0.769231    0.890163    0.722222    0.730827    3500        509.090909  0.065000    0.117392    0.446417    3.268919   
[36mINFO[0m 08/01 14:48:43 | 0.554422    0.520548    0.000000    0.690171    0.526744    0.490909    0.765664    1.603452    0.554422    0.526744    0.520548    0.490909    0.769231    0.856139    0.611111    0.675188    3600        523.636364  0.046428    0.118221    0.416046    3.268919   
[36mINFO[0m 08/01 14:48:55 | 0.547619    0.561644    0.000000    0.655805    0.561974    0.501515    0.740949    3.074764    0.547619    0.561974    0.561644    0.501515    0.663462    0.844305    0.648148    0.637594    3700        538.181818  0.050465    0.115351    0.409247    3.268919   
[36mINFO[0m 08/01 14:49:07 | 0.544218    0.547945    0.000000    0.685007    0.564375    0.502273    0.764167    2.604531    0.544218    0.564375    0.547945    0.502273    0.740385    0.866679    0.629630    0.661654    3800        552.727273  0.044970    0.115801    0.408785    3.268919   
[36mINFO[0m 08/01 14:49:19 | 0.574830    0.534247    0.000000    0.727208    0.581420    0.540909    0.761139    1.499614    0.574830    0.581420    0.534247    0.540909    0.769231    0.835059    0.685185    0.687218    3900        567.272727  0.052569    0.118373    0.410085    3.268919   
[36mINFO[0m 08/01 14:49:31 | 0.544218    0.630137    0.000000    0.740563    0.552323    0.527273    0.759420    2.072387    0.544218    0.552323    0.630137    0.527273    0.740385    0.849667    0.740741    0.669173    4000        581.818182  0.064908    0.117854    0.423411    3.268919   
[36mINFO[0m 08/01 14:49:44 | 0.534014    0.589041    0.000000    0.679843    0.531403    0.516667    0.729528    2.432881    0.534014    0.531403    0.589041    0.516667    0.711538    0.827478    0.648148    0.631579    4100        596.363636  0.051874    0.121782    0.411370    3.268919   
[36mINFO[0m 08/01 14:49:55 | 0.557823    0.534247    0.000000    0.741631    0.547378    0.521212    0.787821    1.768250    0.557823    0.547378    0.534247    0.521212    0.798077    0.881657    0.685185    0.693985    4200        610.909091  0.053963    0.112559    0.409055    3.268919   
[36mINFO[0m 08/01 14:50:08 | 0.517007    0.493151    0.000000    0.708689    0.521324    0.493182    0.792770    1.816992    0.517007    0.521324    0.493151    0.493182    0.769231    0.885540    0.648148    0.700000    4300        625.454545  0.052021    0.116304    0.560742    3.268919   
[36mINFO[0m 08/01 14:50:20 | 0.513605    0.493151    0.000000    0.717593    0.534137    0.509091    0.776616    1.951625    0.513605    0.534137    0.493151    0.509091    0.750000    0.872781    0.685185    0.680451    4400        640.000000  0.046992    0.119247    0.539545    3.268919   
[36mINFO[0m 08/01 14:50:33 | 0.554422    0.602740    0.000000    0.716880    0.537489    0.530303    0.771789    2.387740    0.554422    0.537489    0.602740    0.530303    0.711538    0.842825    0.722222    0.700752    4500        654.545455  0.058767    0.122282    0.420061    3.268919   
[36mINFO[0m 08/01 14:50:46 | 0.523810    0.561644    0.000000    0.707977    0.553416    0.512121    0.758009    2.180121    0.523810    0.553416    0.561644    0.512121    0.730769    0.849852    0.685185    0.666165    4600        669.090909  0.042881    0.125600    0.420192    3.268919   
[36mINFO[0m 08/01 14:50:59 | 0.551020    0.547945    0.000000    0.699430    0.549375    0.501894    0.757701    2.284848    0.551020    0.549375    0.547945    0.501894    0.769231    0.864275    0.629630    0.651128    4700        683.636364  0.040975    0.125875    0.433982    3.268919   
[36mINFO[0m 08/01 14:51:11 | 0.561224    0.575342    0.000000    0.685719    0.552941    0.514394    0.758355    1.862480    0.561224    0.552941    0.575342    0.514394    0.778846    0.876109    0.592593    0.640602    4800        698.181818  0.054744    0.115790    0.465162    3.268919   
[36mINFO[0m 08/01 14:51:23 | 0.527211    0.506849    0.000000    0.708689    0.563519    0.504545    0.774052    2.331895    0.527211    0.563519    0.506849    0.504545    0.769231    0.864645    0.648148    0.683459    4900        712.727273  0.036459    0.113984    0.441103    3.268919   
[36mINFO[0m 08/01 14:51:34 | 0.571429    0.493151    0.000000    0.675748    0.566443    0.497727    0.789713    1.879829    0.571429    0.566443    0.493151    0.497727    0.740385    0.880178    0.611111    0.699248    5000        727.272727  0.034900    0.112821    0.412230    3.268919   
[36mINFO[0m 08/01 14:51:34 | ---
[36mINFO[0m 08/01 14:51:34 | oracle = 54.422%
[36mINFO[0m 08/01 14:51:34 | iid = 54.762%
[36mINFO[0m 08/01 14:51:34 | last = 57.143%
[36mINFO[0m 08/01 14:51:34 | last (inD) = 67.575%
[36mINFO[0m 08/01 14:51:34 | iid (inD) = 75.125%
[36mINFO[0m 08/01 14:51:35 | 
[36mINFO[0m 08/01 14:51:35 | Testenv name escaping te_01 -> te_01
[36mINFO[0m 08/01 14:51:35 | Test envs = [1], name = te_01
[36mINFO[0m 08/01 14:51:35 | Batch sizes for each domain: [32, 0, 32] (total=64)
[36mINFO[0m 08/01 14:51:35 | steps-per-epoch for each domain: 9.19, 6.88 -> min = 6.88
/home/s21_yhr/miniconda3/envs/GGA/lib/python3.11/site-packages/torchvision/models/_utils.py:208: UserWarning: The parameter 'pretrained' is deprecated since 0.13 and may be removed in the future, please use 'weights' instead.
  warnings.warn(
/home/s21_yhr/miniconda3/envs/GGA/lib/python3.11/site-packages/torchvision/models/_utils.py:223: UserWarning: Arguments other than a weight enum or `None` for 'weights' are deprecated since 0.13 and may be removed in the future. The current behavior is equivalent to passing `weights=ResNet50_Weights.IMAGENET1K_V1`. You can also use `weights=ResNet50_Weights.DEFAULT` to get the most up-to-date weights.
  warnings.warn(msg)
[36mINFO[0m 08/01 14:51:39 | # of params = 23512130
[36mINFO[0m 08/01 14:51:39 | test_in     test_out    train_in    train_out   test_in_au  train_out_  tr_outloss  test_out_a  env0_out    env0_out_a  env1_in     env1_in_au  env1_out    env1_out_a  env2_out    env2_out_a  step        epoch       loss        step_time   eval_time   mem_gb     
[36mINFO[0m 08/01 14:51:39 | 0.494033    0.500000    0.000000    0.401953    0.343360    0.493882    0.853761    0.410503    0.452055    0.572727    0.494033    0.343360    0.500000    0.410503    0.351852    0.415038    0           0.000000    0.774985    0.119945    0.580379    2.997349   
[36mINFO[0m 08/01 14:51:51 | 0.565632    0.615385    0.000000    0.549721    0.634012    0.559327    0.682751    0.625740    0.506849    0.481061    0.565632    0.634012    0.615385    0.625740    0.592593    0.637594    100         14.545455   0.655019    0.115089    0.517603    3.271666   
[36mINFO[0m 08/01 14:52:04 | 0.563246    0.576923    0.000000    0.627854    0.580667    0.665046    0.887665    0.606879    0.589041    0.602273    0.563246    0.580667    0.576923    0.606879    0.666667    0.727820    200         29.090909   0.544010    0.116357    0.532351    3.271666   
[36mINFO[0m 08/01 14:52:16 | 0.565632    0.586538    0.000000    0.591197    0.556171    0.599428    0.850759    0.585799    0.534247    0.547727    0.565632    0.556171    0.586538    0.585799    0.648148    0.651128    300         43.636364   0.546128    0.116901    0.520083    3.271666   
[36mINFO[0m 08/01 14:52:28 | 0.563246    0.615385    0.000000    0.583968    0.563440    0.610170    1.076369    0.587648    0.575342    0.605303    0.563246    0.563440    0.615385    0.587648    0.592593    0.615038    400         58.181818   0.345648    0.118898    0.530817    3.271666   
[36mINFO[0m 08/01 14:52:41 | 0.548926    0.509615    0.000000    0.636733    0.556763    0.640778    1.367581    0.546598    0.643836    0.646970    0.548926    0.556763    0.509615    0.546598    0.629630    0.634586    500         72.727273   0.264251    0.120345    0.525052    3.271666   
[36mINFO[0m 08/01 14:52:53 | 0.522673    0.548077    0.000000    0.627473    0.456886    0.688742    1.205484    0.593935    0.643836    0.705303    0.522673    0.456886    0.548077    0.593935    0.611111    0.672180    600         87.272727   0.188647    0.114137    0.569066    3.271666   
[36mINFO[0m 08/01 14:53:05 | 0.498807    0.519231    0.000000    0.670979    0.459154    0.726190    1.456841    0.527367    0.712329    0.766667    0.498807    0.459154    0.519231    0.527367    0.629630    0.685714    700         101.818182  0.166679    0.118469    0.509087    3.271666   
[36mINFO[0m 08/01 14:53:17 | 0.522673    0.548077    0.000000    0.604515    0.550360    0.642857    1.634229    0.582840    0.616438    0.600000    0.522673    0.550360    0.548077    0.582840    0.592593    0.685714    800         116.363636  0.139018    0.115591    0.535241    3.271666   
[36mINFO[0m 08/01 14:53:29 | 0.544153    0.586538    0.000000    0.627473    0.555943    0.660142    1.334472    0.604660    0.643836    0.697727    0.544153    0.555943    0.586538    0.604660    0.611111    0.622556    900         130.909091  0.111519    0.115925    0.545326    3.271666   
[36mINFO[0m 08/01 14:53:42 | 0.532220    0.548077    0.000000    0.648402    0.547307    0.650282    1.934571    0.614645    0.630137    0.675000    0.532220    0.547307    0.548077    0.614645    0.666667    0.625564    1000        145.454545  0.097597    0.118189    0.537057    3.271666   
[36mINFO[0m 08/01 14:53:54 | 0.539379    0.557692    0.000000    0.620624    0.529965    0.676361    1.350845    0.555658    0.630137    0.712121    0.539379    0.529965    0.557692    0.555658    0.611111    0.640602    1100        160.000000  0.103241    0.118055    0.596254    3.271666   
[36mINFO[0m 08/01 14:54:06 | 0.513126    0.567308    0.000000    0.659691    0.499578    0.712118    1.510555    0.588757    0.671233    0.723485    0.513126    0.499578    0.567308    0.588757    0.648148    0.700752    1200        174.545455  0.101836    0.117435    0.513851    3.271666   
[36mINFO[0m 08/01 14:54:18 | 0.560859    0.567308    0.000000    0.636733    0.555407    0.689035    2.317742    0.584874    0.643836    0.683333    0.560859    0.555407    0.567308    0.584874    0.629630    0.694737    1300        189.090909  0.093719    0.113414    0.506506    3.271666   
[36mINFO[0m 08/01 14:54:31 | 0.501193    0.567308    0.000000    0.639143    0.529453    0.706499    1.991254    0.588572    0.630137    0.728788    0.501193    0.529453    0.567308    0.588572    0.648148    0.684211    1400        203.636364  0.076678    0.117720    0.565782    3.271666   
[36mINFO[0m 08/01 14:54:43 | 0.575179    0.644231    0.000000    0.643582    0.569615    0.673354    1.532240    0.633876    0.657534    0.712121    0.575179    0.569615    0.644231    0.633876    0.629630    0.634586    1500        218.181818  0.075199    0.119879    0.509122    3.271666   
[36mINFO[0m 08/01 14:54:55 | 0.498807    0.548077    0.000000    0.652841    0.561412    0.683145    1.912959    0.631287    0.657534    0.716667    0.498807    0.561412    0.548077    0.631287    0.648148    0.649624    1600        232.727273  0.087239    0.114066    0.620838    3.271666   
[36mINFO[0m 08/01 14:55:07 | 0.515513    0.605769    0.000000    0.625444    0.468496    0.675134    1.359592    0.608358    0.602740    0.685606    0.515513    0.468496    0.605769    0.608358    0.648148    0.664662    1700        247.272727  0.080461    0.116564    0.514101    3.271666   
[36mINFO[0m 08/01 14:55:20 | 0.467780    0.528846    0.000000    0.638762    0.472792    0.661278    1.417520    0.535873    0.684932    0.700000    0.467780    0.472792    0.528846    0.535873    0.592593    0.622556    1800        261.818182  0.073742    0.118842    0.494792    3.271666   
[36mINFO[0m 08/01 14:55:32 | 0.510740    0.586538    0.000000    0.606925    0.534284    0.606183    2.170924    0.610207    0.602740    0.544697    0.510740    0.534284    0.586538    0.610207    0.611111    0.667669    1900        276.363636  0.063727    0.119040    0.558036    3.271666   
[36mINFO[0m 08/01 14:55:45 | 0.479714    0.586538    0.000000    0.657281    0.492389    0.680201    1.539580    0.623151    0.684932    0.733333    0.479714    0.492389    0.586538    0.623151    0.629630    0.627068    2000        290.909091  0.070469    0.117693    0.515644    3.271666   
[36mINFO[0m 08/01 14:55:57 | 0.541766    0.586538    0.000000    0.588407    0.534318    0.628495    2.072868    0.629438    0.602740    0.679545    0.541766    0.534318    0.586538    0.629438    0.574074    0.577444    2100        305.454545  0.066691    0.119110    0.511053    3.271666   
[36mINFO[0m 08/01 14:56:09 | 0.503580    0.567308    0.000000    0.716895    0.501641    0.708496    1.989072    0.588388    0.767123    0.759848    0.503580    0.501641    0.567308    0.588388    0.666667    0.657143    2200        320.000000  0.056020    0.116043    0.535335    3.271666   
[36mINFO[0m 08/01 14:56:21 | 0.541766    0.596154    0.000000    0.625444    0.553915    0.668908    1.840194    0.573225    0.602740    0.629545    0.541766    0.553915    0.596154    0.573225    0.648148    0.708271    2300        334.545455  0.066828    0.114824    0.525434    3.271666   
[36mINFO[0m 08/01 14:56:33 | 0.539379    0.605769    0.000000    0.636733    0.563041    0.661267    1.654630    0.663092    0.643836    0.696970    0.539379    0.563041    0.605769    0.663092    0.629630    0.625564    2400        349.090909  0.068873    0.114634    0.603362    3.271666   
[36mINFO[0m 08/01 14:56:45 | 0.539379    0.538462    0.000000    0.666540    0.553960    0.660831    1.877110    0.554364    0.684932    0.681061    0.539379    0.553960    0.538462    0.554364    0.648148    0.640602    2500        363.636364  0.074089    0.113806    0.570880    3.271666   
[36mINFO[0m 08/01 14:56:58 | 0.527446    0.528846    0.000000    0.691527    0.489472    0.719922    1.786506    0.553809    0.753425    0.799242    0.527446    0.489472    0.528846    0.553809    0.629630    0.640602    2600        378.181818  0.068407    0.118003    0.558047    3.271666   
[36mINFO[0m 08/01 14:57:11 | 0.532220    0.519231    0.000000    0.668569    0.534090    0.665405    2.495988    0.592086    0.726027    0.697727    0.532220    0.534090    0.519231    0.592086    0.611111    0.633083    2700        392.727273  0.058749    0.126027    0.604561    3.271666   
[36mINFO[0m 08/01 14:57:23 | 0.525060    0.509615    0.000000    0.677829    0.532107    0.695289    2.374740    0.546228    0.726027    0.746970    0.525060    0.532107    0.509615    0.546228    0.629630    0.643609    2800        407.272727  0.062101    0.119019    0.519799    3.271666   
[36mINFO[0m 08/01 14:57:36 | 0.541766    0.538462    0.000000    0.673009    0.504740    0.705693    1.938441    0.559541    0.753425    0.814394    0.541766    0.504740    0.538462    0.559541    0.592593    0.596992    2900        421.818182  0.054323    0.119042    0.550907    3.271666   
[36mINFO[0m 08/01 14:57:48 | 0.505967    0.634615    0.000000    0.661720    0.498063    0.694381    1.899114    0.620007    0.712329    0.805303    0.505967    0.498063    0.634615    0.620007    0.611111    0.583459    3000        436.363636  0.060469    0.116850    0.593551    3.271666   
[36mINFO[0m 08/01 14:58:00 | 0.503580    0.528846    0.000000    0.625063    0.535548    0.662964    2.054887    0.588757    0.657534    0.748485    0.503580    0.535548    0.528846    0.588757    0.592593    0.577444    3100        450.909091  0.052775    0.117650    0.509799    3.271666   
[36mINFO[0m 08/01 14:58:13 | 0.501193    0.500000    0.000000    0.643962    0.484505    0.689123    2.290133    0.510355    0.602740    0.706818    0.501193    0.484505    0.500000    0.510355    0.685185    0.671429    3200        465.454545  0.049213    0.118987    0.509260    3.271666   
[36mINFO[0m 08/01 14:58:25 | 0.522673    0.615385    0.000000    0.622653    0.506699    0.639055    2.121011    0.599112    0.671233    0.688636    0.522673    0.506699    0.615385    0.599112    0.574074    0.589474    3300        480.000000  0.059102    0.118687    0.509209    3.271666   
[36mINFO[0m 08/01 14:58:38 | 0.548926    0.538462    0.000000    0.675419    0.539616    0.685113    2.197666    0.573964    0.739726    0.740152    0.548926    0.539616    0.538462    0.573964    0.611111    0.630075    3400        494.545455  0.051656    0.119945    0.668413    3.271666   
[36mINFO[0m 08/01 14:58:50 | 0.551313    0.557692    0.000000    0.631913    0.548218    0.628529    1.827910    0.584689    0.671233    0.688636    0.551313    0.548218    0.557692    0.584689    0.592593    0.568421    3500        509.090909  0.059521    0.117652    0.510930    3.271666   
[36mINFO[0m 08/01 14:59:03 | 0.505967    0.528846    0.000000    0.654871    0.457969    0.685572    1.805432    0.542530    0.698630    0.762121    0.505967    0.457969    0.528846    0.542530    0.611111    0.609023    3600        523.636364  0.059470    0.118999    0.581841    3.271666   
[36mINFO[0m 08/01 14:59:15 | 0.527446    0.548077    0.000000    0.638762    0.546418    0.681331    2.471525    0.592456    0.684932    0.734091    0.527446    0.546418    0.548077    0.592456    0.592593    0.628571    3700        538.181818  0.043502    0.119440    0.601254    3.271666   
[36mINFO[0m 08/01 14:59:28 | 0.539379    0.615385    0.000000    0.654871    0.490589    0.723147    2.310119    0.630917    0.698630    0.807197    0.539379    0.490589    0.615385    0.630917    0.611111    0.639098    3800        552.727273  0.044591    0.119260    0.544367    3.271666   
[36mINFO[0m 08/01 14:59:40 | 0.622912    0.538462    0.000000    0.655251    0.644928    0.675604    1.789160    0.595414    0.643836    0.710606    0.622912    0.644928    0.538462    0.595414    0.666667    0.640602    3900        567.272727  0.049387    0.116928    0.505171    3.271666   
[36mINFO[0m 08/01 14:59:52 | 0.539379    0.625000    0.000000    0.655251    0.582353    0.679127    1.862202    0.673447    0.643836    0.747727    0.539379    0.582353    0.625000    0.673447    0.666667    0.610526    4000        581.818182  0.051409    0.112653    0.513832    3.271666   
[36mINFO[0m 08/01 15:00:04 | 0.534606    0.519231    0.000000    0.606925    0.599125    0.660899    3.205595    0.601331    0.602740    0.699242    0.534606    0.599125    0.519231    0.601331    0.611111    0.622556    4100        596.363636  0.046209    0.117409    0.514838    3.271666   
[36mINFO[0m 08/01 15:00:17 | 0.615752    0.567308    0.000000    0.668569    0.605540    0.701692    2.114497    0.603550    0.726027    0.750000    0.615752    0.605540    0.567308    0.603550    0.611111    0.653383    4200        610.909091  0.046413    0.121998    0.597339    3.271666   
[36mINFO[0m 08/01 15:00:28 | 0.560859    0.567308    0.000000    0.650431    0.585589    0.708459    2.379241    0.621857    0.671233    0.750000    0.560859    0.585589    0.567308    0.621857    0.629630    0.666917    4300        625.454545  0.044829    0.111948    0.525631    3.271666   
[36mINFO[0m 08/01 15:00:40 | 0.565632    0.596154    0.000000    0.638762    0.586159    0.652720    2.082920    0.609467    0.684932    0.723485    0.565632    0.586159    0.596154    0.609467    0.592593    0.581955    4400        640.000000  0.045259    0.114573    0.551702    3.271666   
[36mINFO[0m 08/01 15:00:53 | 0.563246    0.519231    0.000000    0.613394    0.553277    0.711164    1.037016    0.570636    0.671233    0.769697    0.563246    0.553277    0.519231    0.570636    0.555556    0.652632    4500        654.545455  0.049593    0.119468    0.627006    3.271666   
[36mINFO[0m 08/01 15:01:06 | 0.510740    0.538462    0.000000    0.728564    0.509525    0.722092    1.903025    0.557692    0.753425    0.776515    0.510740    0.509525    0.538462    0.557692    0.703704    0.667669    4600        669.090909  0.044336    0.122967    0.516117    3.271666   
[36mINFO[0m 08/01 15:01:18 | 0.517900    0.596154    0.000000    0.613394    0.484892    0.646742    2.347397    0.610947    0.671233    0.733333    0.517900    0.484892    0.596154    0.610947    0.555556    0.560150    4700        683.636364  0.047275    0.119823    0.571449    3.271666   
[36mINFO[0m 08/01 15:01:31 | 0.525060    0.557692    0.000000    0.680238    0.546463    0.706212    2.554717    0.603550    0.712329    0.752273    0.525060    0.546463    0.557692    0.603550    0.648148    0.660150    4800        698.181818  0.041717    0.115817    0.547695    3.271666   
[36mINFO[0m 08/01 15:01:43 | 0.575179    0.548077    0.000000    0.654871    0.598646    0.694950    1.638658    0.596154    0.698630    0.756818    0.575179    0.598646    0.548077    0.596154    0.611111    0.633083    4900        712.727273  0.047578    0.115512    0.520237    3.271666   
[36mINFO[0m 08/01 15:01:55 | 0.560859    0.557692    0.000000    0.655251    0.610245    0.649989    2.511378    0.615385    0.643836    0.696970    0.560859    0.610245    0.557692    0.615385    0.666667    0.603008    5000        727.272727  0.053917    0.117187    0.618947    3.271666   
[36mINFO[0m 08/01 15:01:55 | ---
[36mINFO[0m 08/01 15:01:55 | oracle = 57.518%
[36mINFO[0m 08/01 15:01:55 | iid = 51.074%
[36mINFO[0m 08/01 15:01:55 | last = 56.086%
[36mINFO[0m 08/01 15:01:55 | last (inD) = 65.525%
[36mINFO[0m 08/01 15:01:55 | iid (inD) = 72.856%
[36mINFO[0m 08/01 15:01:56 | 
[36mINFO[0m 08/01 15:01:56 | Testenv name escaping te_02 -> te_02
[36mINFO[0m 08/01 15:01:56 | Test envs = [2], name = te_02
[36mINFO[0m 08/01 15:01:56 | Batch sizes for each domain: [32, 32, 0] (total=64)
[36mINFO[0m 08/01 15:01:56 | steps-per-epoch for each domain: 9.19, 13.09 -> min = 9.19
/home/s21_yhr/miniconda3/envs/GGA/lib/python3.11/site-packages/torchvision/models/_utils.py:208: UserWarning: The parameter 'pretrained' is deprecated since 0.13 and may be removed in the future, please use 'weights' instead.
  warnings.warn(
/home/s21_yhr/miniconda3/envs/GGA/lib/python3.11/site-packages/torchvision/models/_utils.py:223: UserWarning: Arguments other than a weight enum or `None` for 'weights' are deprecated since 0.13 and may be removed in the future. The current behavior is equivalent to passing `weights=ResNet50_Weights.IMAGENET1K_V1`. You can also use `weights=ResNet50_Weights.DEFAULT` to get the most up-to-date weights.
  warnings.warn(msg)
[36mINFO[0m 08/01 15:02:00 | # of params = 23512130
[36mINFO[0m 08/01 15:02:00 | test_in     test_out    train_in    train_out   test_in_au  train_out_  tr_outloss  test_out_a  env0_out    env0_out_a  env1_out    env1_out_a  env2_in     env2_in_au  env2_out    env2_out_a  step        epoch       loss        step_time   eval_time   mem_gb     
[36mINFO[0m 08/01 15:02:00 | 0.563636    0.611111    0.000000    0.531546    0.576614    0.530446    0.689514    0.466165    0.534247    0.447727    0.528846    0.613166    0.563636    0.576614    0.611111    0.466165    0           0.000000    0.785338    0.127477    0.408223    2.997349   
[36mINFO[0m 08/01 15:02:12 | 0.613636    0.629630    0.000000    0.712197    0.635748    0.724536    0.650256    0.610526    0.520548    0.504545    0.903846    0.944527    0.613636    0.635748    0.629630    0.610526    100         10.884354   0.630932    0.119068    0.416996    3.271666   
[36mINFO[0m 08/01 15:02:24 | 0.568182    0.537037    0.000000    0.646338    0.632486    0.745003    0.690707    0.593985    0.465753    0.562121    0.826923    0.927885    0.568182    0.632486    0.537037    0.593985    200         21.768707   0.514584    0.113740    0.349839    3.271666   
[36mINFO[0m 08/01 15:02:36 | 0.627273    0.518519    0.000000    0.635274    0.644028    0.708592    1.082981    0.600000    0.520548    0.516667    0.750000    0.900518    0.627273    0.644028    0.518519    0.600000    300         32.653061   0.413727    0.117811    0.372218    3.271666   
[36mINFO[0m 08/01 15:02:48 | 0.513636    0.555556    0.000000    0.657271    0.584560    0.744843    1.045442    0.628571    0.506849    0.595455    0.807692    0.894231    0.513636    0.584560    0.555556    0.628571    400         43.537415   0.341609    0.114782    0.409382    3.271666   
[36mINFO[0m 08/01 15:03:00 | 0.550000    0.518519    0.000000    0.653780    0.562228    0.725093    1.096316    0.584962    0.547945    0.598485    0.759615    0.851701    0.550000    0.562228    0.518519    0.584962    500         54.421769   0.271239    0.117250    0.397582    3.271666   
[36mINFO[0m 08/01 15:03:13 | 0.577273    0.555556    0.000000    0.644889    0.607310    0.702026    1.786293    0.604511    0.520548    0.571212    0.769231    0.832840    0.577273    0.607310    0.555556    0.604511    600         65.306122   0.218311    0.116741    0.460783    3.271666   
[36mINFO[0m 08/01 15:03:25 | 0.550000    0.629630    0.000000    0.659181    0.583138    0.713083    2.307898    0.652632    0.616438    0.599242    0.701923    0.826923    0.550000    0.583138    0.629630    0.652632    700         76.190476   0.156795    0.118740    0.359997    3.271666   
[36mINFO[0m 08/01 15:03:37 | 0.545455    0.592593    0.000000    0.703174    0.612119    0.753370    1.449080    0.675188    0.589041    0.612879    0.817308    0.893861    0.545455    0.612119    0.592593    0.675188    800         87.074830   0.146126    0.117912    0.400265    3.271666   
[36mINFO[0m 08/01 15:03:49 | 0.613636    0.629630    0.000000    0.653056    0.623034    0.709739    1.997106    0.702256    0.575342    0.566667    0.730769    0.852811    0.613636    0.623034    0.629630    0.702256    900         97.959184   0.116968    0.116153    0.353510    3.271666   
[36mINFO[0m 08/01 15:04:01 | 0.536364    0.685185    0.000000    0.649565    0.559552    0.707489    2.194435    0.685714    0.616438    0.548485    0.682692    0.866494    0.536364    0.559552    0.685185    0.685714    1000        108.843537  0.104972    0.118051    0.361006    3.271666   
[36mINFO[0m 08/01 15:04:13 | 0.536364    0.500000    0.000000    0.616043    0.542322    0.712238    2.197365    0.560902    0.520548    0.559091    0.711538    0.865385    0.536364    0.542322    0.500000    0.560902    1100        119.727891  0.112832    0.119118    0.390316    3.271666   
[36mINFO[0m 08/01 15:04:26 | 0.550000    0.574074    0.000000    0.641399    0.560304    0.696246    2.703853    0.569925    0.561644    0.551515    0.721154    0.840976    0.550000    0.560304    0.574074    0.569925    1200        130.612245  0.099716    0.117503    0.418482    3.271666   
[36mINFO[0m 08/01 15:04:38 | 0.554545    0.481481    0.000000    0.651739    0.573185    0.700639    2.060810    0.571429    0.534247    0.547727    0.769231    0.853550    0.554545    0.573185    0.481481    0.571429    1300        141.496599  0.089223    0.118323    0.394082    3.271666   
[36mINFO[0m 08/01 15:04:50 | 0.550000    0.611111    0.000000    0.648248    0.574523    0.732400    2.701758    0.637594    0.575342    0.590909    0.721154    0.873891    0.550000    0.574523    0.611111    0.637594    1400        152.380952  0.095413    0.118772    0.382191    3.271666   
[36mINFO[0m 08/01 15:05:02 | 0.550000    0.648148    0.000000    0.646931    0.576865    0.693641    2.235224    0.642105    0.534247    0.518939    0.759615    0.868343    0.550000    0.576865    0.648148    0.642105    1500        163.265306  0.073837    0.117783    0.395852    3.271666   
[36mINFO[0m 08/01 15:05:15 | 0.550000    0.592593    0.000000    0.641399    0.576949    0.719796    2.511091    0.596992    0.561644    0.572727    0.721154    0.866864    0.550000    0.576949    0.592593    0.596992    1600        174.149660  0.076434    0.124505    0.380299    3.271666   
[36mINFO[0m 08/01 15:05:27 | 0.531818    0.555556    0.000000    0.681178    0.582720    0.686126    2.252357    0.640602    0.602740    0.540152    0.759615    0.832101    0.531818    0.582720    0.555556    0.640602    1700        185.034014  0.069102    0.119046    0.360892    3.271666   
[36mINFO[0m 08/01 15:05:40 | 0.527273    0.648148    0.000000    0.646931    0.556708    0.703937    1.983891    0.664662    0.534247    0.529545    0.759615    0.878328    0.527273    0.556708    0.648148    0.664662    1800        195.918367  0.067140    0.117949    0.375288    3.271666   
[36mINFO[0m 08/01 15:05:52 | 0.518182    0.592593    0.000000    0.697642    0.542824    0.715027    1.796286    0.679699    0.616438    0.591667    0.778846    0.838388    0.518182    0.542824    0.592593    0.679699    1900        206.802721  0.060977    0.117307    0.380602    3.271666   
[36mINFO[0m 08/01 15:06:04 | 0.518182    0.518519    0.000000    0.635274    0.570801    0.704841    2.513369    0.618045    0.520548    0.559091    0.750000    0.850592    0.518182    0.570801    0.518519    0.618045    2000        217.687075  0.065931    0.119973    0.388088    3.271666   
[36mINFO[0m 08/01 15:06:16 | 0.554545    0.555556    0.000000    0.635274    0.583640    0.702847    2.748844    0.630075    0.520548    0.578030    0.750000    0.827663    0.554545    0.583640    0.555556    0.630075    2100        228.571429  0.067670    0.117162    0.348830    3.271666   
[36mINFO[0m 08/01 15:06:29 | 0.522727    0.555556    0.000000    0.696325    0.592129    0.716541    2.542698    0.644361    0.575342    0.547727    0.817308    0.885355    0.522727    0.592129    0.555556    0.644361    2200        239.455782  0.066053    0.121209    0.391508    3.271666   
[36mINFO[0m 08/01 15:06:40 | 0.518182    0.666667    0.000000    0.692835    0.546504    0.714875    2.863113    0.714286    0.616438    0.578788    0.769231    0.850962    0.518182    0.546504    0.666667    0.714286    2300        250.340136  0.055720    0.112627    0.386280    3.271666   
[36mINFO[0m 08/01 15:06:53 | 0.536364    0.629630    0.000000    0.698367    0.559510    0.713329    3.135753    0.607519    0.589041    0.557576    0.807692    0.869083    0.536364    0.559510    0.629630    0.607519    2400        261.224490  0.066967    0.116808    0.351493    3.271666   
[36mINFO[0m 08/01 15:07:05 | 0.495455    0.537037    0.000000    0.688751    0.532160    0.726716    2.207457    0.669925    0.589041    0.610606    0.788462    0.842825    0.495455    0.532160    0.537037    0.669925    2500        272.108844  0.049864    0.117910    0.386143    3.271666   
[36mINFO[0m 08/01 15:07:17 | 0.536364    0.555556    0.000000    0.676370    0.529859    0.717410    2.887423    0.598496    0.602740    0.574242    0.750000    0.860577    0.536364    0.529859    0.555556    0.598496    2600        282.993197  0.052396    0.120475    0.445145    3.271666   
[36mINFO[0m 08/01 15:07:29 | 0.554545    0.574074    0.000000    0.673604    0.550017    0.701301    2.212944    0.685714    0.616438    0.556818    0.730769    0.845784    0.554545    0.550017    0.574074    0.685714    2700        293.877551  0.056131    0.115975    0.360497    3.271666   
[36mINFO[0m 08/01 15:07:41 | 0.531818    0.592593    0.000000    0.661354    0.558464    0.699678    2.000463    0.682707    0.534247    0.544697    0.788462    0.854660    0.531818    0.558464    0.592593    0.682707    2800        304.761905  0.051424    0.115126    0.359336    3.271666   
[36mINFO[0m 08/01 15:07:53 | 0.568182    0.574074    0.000000    0.661947    0.571512    0.707719    2.891315    0.650376    0.602740    0.552273    0.721154    0.863166    0.568182    0.571512    0.574074    0.650376    2900        315.646259  0.051680    0.120051    0.377848    3.271666   
[36mINFO[0m 08/01 15:08:05 | 0.540909    0.611111    0.000000    0.685985    0.577618    0.738899    2.134662    0.655639    0.602740    0.593182    0.769231    0.884615    0.540909    0.577618    0.611111    0.655639    3000        326.530612  0.044664    0.115616    0.350197    3.271666   
[36mINFO[0m 08/01 15:08:17 | 0.550000    0.611111    0.000000    0.665437    0.591753    0.709846    1.607511    0.649624    0.561644    0.575758    0.769231    0.843935    0.550000    0.591753    0.611111    0.649624    3100        337.414966  0.052061    0.116010    0.350270    3.271666   
[36mINFO[0m 08/01 15:08:29 | 0.572727    0.574074    0.000000    0.667479    0.595935    0.691602    2.359215    0.618045    0.575342    0.534091    0.759615    0.849112    0.572727    0.595935    0.574074    0.618045    3200        348.299320  0.053656    0.115522    0.336844    3.271666   
[36mINFO[0m 08/01 15:08:41 | 0.518182    0.629630    0.000000    0.670245    0.547508    0.692819    1.674635    0.663158    0.561644    0.543182    0.778846    0.842456    0.518182    0.547508    0.629630    0.663158    3300        359.183673  0.061617    0.112924    0.441694    3.271666   
[36mINFO[0m 08/01 15:08:53 | 0.540909    0.629630    0.000000    0.702450    0.566494    0.716013    2.484908    0.706767    0.616438    0.550000    0.788462    0.882027    0.540909    0.566494    0.629630    0.706767    3400        370.068027  0.043949    0.116656    0.376124    3.271666   
[36mINFO[0m 08/01 15:09:05 | 0.486364    0.555556    0.000000    0.644165    0.515473    0.720279    1.751111    0.619549    0.547945    0.566667    0.740385    0.873891    0.486364    0.515473    0.555556    0.619549    3500        380.952381  0.053818    0.119262    0.351173    3.271666   
[36mINFO[0m 08/01 15:09:18 | 0.527273    0.481481    0.000000    0.633232    0.540649    0.707012    2.145783    0.649624    0.506849    0.539394    0.759615    0.874630    0.527273    0.540649    0.481481    0.649624    3600        391.836735  0.034628    0.120220    0.360114    3.271666   
[36mINFO[0m 08/01 15:09:30 | 0.518182    0.518519    0.000000    0.674328    0.568501    0.742676    1.932673    0.718797    0.589041    0.654545    0.759615    0.830806    0.518182    0.568501    0.518519    0.718797    3700        402.721088  0.046975    0.117058    0.385928    3.271666   
[36mINFO[0m 08/01 15:09:42 | 0.531818    0.648148    0.000000    0.681178    0.578789    0.698569    2.220460    0.658647    0.602740    0.544697    0.759615    0.852441    0.531818    0.578789    0.648148    0.658647    3800        413.605442  0.043494    0.119867    0.344700    3.271666   
[36mINFO[0m 08/01 15:09:54 | 0.581818    0.666667    0.000000    0.670838    0.562061    0.723930    2.779202    0.721805    0.630137    0.593939    0.711538    0.853920    0.581818    0.562061    0.666667    0.721805    3900        424.489796  0.049408    0.115083    0.346485    3.271666   
[36mINFO[0m 08/01 15:10:06 | 0.509091    0.555556    0.000000    0.651739    0.572683    0.745085    1.505926    0.706767    0.534247    0.615909    0.769231    0.874260    0.509091    0.572683    0.555556    0.706767    4000        435.374150  0.045758    0.114928    0.410809    3.271666   
[36mINFO[0m 08/01 15:10:18 | 0.495455    0.629630    0.000000    0.727806    0.547215    0.742806    2.107726    0.687218    0.657534    0.603030    0.798077    0.882581    0.495455    0.547215    0.629630    0.687218    4100        446.258503  0.036754    0.115759    0.374857    3.271666   
[36mINFO[0m 08/01 15:10:30 | 0.522727    0.574074    0.000000    0.674328    0.558715    0.725415    2.669855    0.651880    0.589041    0.578788    0.759615    0.872041    0.522727    0.558715    0.574074    0.651880    4200        457.142857  0.033415    0.118235    0.450247    3.271666   
[36mINFO[0m 08/01 15:10:42 | 0.536364    0.555556    0.000000    0.657864    0.571387    0.736308    2.130816    0.595489    0.575342    0.624242    0.740385    0.848373    0.536364    0.571387    0.555556    0.595489    4300        468.027211  0.047099    0.114705    0.382320    3.271666   
[36mINFO[0m 08/01 15:10:54 | 0.559091    0.611111    0.000000    0.707258    0.581633    0.734956    2.223101    0.637594    0.616438    0.603788    0.798077    0.866124    0.559091    0.581633    0.611111    0.637594    4400        478.911565  0.043862    0.116634    0.374809    3.271666   
[36mINFO[0m 08/01 15:11:06 | 0.531818    0.629630    0.000000    0.652331    0.533958    0.707749    3.207031    0.631579    0.602740    0.570455    0.701923    0.845044    0.531818    0.533958    0.629630    0.631579    4500        489.795918  0.032508    0.116675    0.386747    3.271666   
[36mINFO[0m 08/01 15:11:18 | 0.559091    0.592593    0.000000    0.656546    0.589495    0.725564    2.414838    0.646617    0.534247    0.575758    0.778846    0.875370    0.559091    0.589495    0.592593    0.646617    4600        500.680272  0.026606    0.117476    0.361769    3.271666   
[36mINFO[0m 08/01 15:11:30 | 0.581818    0.592593    0.000000    0.671562    0.571261    0.722659    3.129640    0.657143    0.602740    0.580303    0.740385    0.865015    0.581818    0.571261    0.592593    0.657143    4700        511.564626  0.033616    0.112460    0.400340    3.271666   
[36mINFO[0m 08/01 15:11:42 | 0.509091    0.592593    0.000000    0.707258    0.548929    0.719237    2.299213    0.676692    0.616438    0.556818    0.798077    0.881657    0.509091    0.548929    0.592593    0.676692    4800        522.448980  0.029945    0.115334    0.356631    3.271666   
[36mINFO[0m 08/01 15:11:54 | 0.550000    0.500000    0.000000    0.640082    0.568418    0.710064    1.855572    0.658647    0.520548    0.562879    0.759615    0.857249    0.550000    0.568418    0.500000    0.658647    4900        533.333333  0.044394    0.115761    0.371244    3.271666   
[36mINFO[0m 08/01 15:12:06 | 0.595455    0.611111    0.000000    0.725764    0.593844    0.753680    1.639756    0.684211    0.643836    0.623485    0.807692    0.883876    0.595455    0.593844    0.611111    0.684211    5000        544.217687  0.042684    0.117175    0.359670    3.271666   
[36mINFO[0m 08/01 15:12:06 | ---
[36mINFO[0m 08/01 15:12:06 | oracle = 53.636%
[36mINFO[0m 08/01 15:12:06 | iid = 49.545%
[36mINFO[0m 08/01 15:12:06 | last = 59.545%
[36mINFO[0m 08/01 15:12:06 | last (inD) = 72.576%
[36mINFO[0m 08/01 15:12:06 | iid (inD) = 72.781%
[36mINFO[0m 08/01 15:12:07 | === Summary ===
[36mINFO[0m 08/01 15:12:07 | Command: /home/s21_yhr/lzh/DomainBed-new/train_all.py HTP_Arith_seed1 --dataset HTP --data_dir /home/s21_yhr/lzh/DomainBed-new/dataset --algorithm Arith --steps 5000 --checkpoint_freq 100 --batch_size 32 --optimizer adam --lr 5e-5 --weight_decay 0 --resnet_dropout 0 --resnet18 False --pretrained True --freeze_bn True --swad False --seed 1 --trial_seed 1 --deterministic --prebuild_loader --cache_size 640 --arith_meta_lr 0.01
[36mINFO[0m 08/01 15:12:07 | Unique name: 260801_14-41-20_HTP_Arith_seed1
[36mINFO[0m 08/01 15:12:07 | Out path: train_output/HTP/260801_14-41-20_HTP_Arith_seed1
[36mINFO[0m 08/01 15:12:07 | Algorithm: Arith
[36mINFO[0m 08/01 15:12:07 | Dataset: HTP
+------------+---------+---------+---------+---------+
| Selection  |    00   |    01   |    02   |   Avg.  |
+------------+---------+---------+---------+---------+
|   oracle   | 54.422% | 57.518% | 53.636% | 55.192% |
|    iid     | 54.762% | 51.074% | 49.545% | 51.794% |
|    last    | 57.143% | 56.086% | 59.545% | 57.591% |
| last (inD) | 67.575% | 65.525% | 72.576% | 68.559% |
| iid (inD)  | 75.125% | 72.856% | 72.781% | 73.587% |
+------------+---------+---------+---------+---------+
================================================================================
Starting Arith, seed=2, physical GPU=1
/home/s21_yhr/miniconda3/envs/GGA/bin/python /home/s21_yhr/lzh/DomainBed-new/train_all.py HTP_Arith_seed2 --dataset HTP --data_dir /home/s21_yhr/lzh/DomainBed-new/dataset --algorithm Arith --steps 5000 --checkpoint_freq 100 --batch_size 32 --optimizer adam --lr 5e-5 --weight_decay 0 --resnet_dropout 0 --resnet18 False --pretrained True --freeze_bn True --swad False --seed 2 --trial_seed 2 --deterministic --prebuild_loader --cache_size 640 --arith_meta_lr 0.01
================================================================================
[36mINFO[0m 08/01 15:12:12 | Command :: /home/s21_yhr/lzh/DomainBed-new/train_all.py HTP_Arith_seed2 --dataset HTP --data_dir /home/s21_yhr/lzh/DomainBed-new/dataset --algorithm Arith --steps 5000 --checkpoint_freq 100 --batch_size 32 --optimizer adam --lr 5e-5 --weight_decay 0 --resnet_dropout 0 --resnet18 False --pretrained True --freeze_bn True --swad False --seed 2 --trial_seed 2 --deterministic --prebuild_loader --cache_size 640 --arith_meta_lr 0.01
Environment:
	Python: 3.11.15
	PyTorch: 2.11.0+cu128
	Torchvision: 0.26.0+cu128
	CUDA: 12.8
	CUDNN: 91900
	NumPy: 1.26.4
	PIL: 12.2.0
Args:
	algorithm: Arith
	batch_size: 32
	cache_root: cache
	cache_size: 640
	checkpoint_freq: 100
	configs: []
	data_dir: /home/s21_yhr/lzh/DomainBed-new/dataset
	dataset: HTP
	debug: False
	deterministic: True
	end_step: 200
	evalmode: fast
	extra_search: n
	extra_search_end: None
	extra_search_start: None
	gga_l_gamma: 0.001
	grad_fn: sum
	holdout_fraction: 0.2
	model_save: None
	name: HTP_Arith_seed2
	neighborhoodSize: 1e-06
	out_dir: train_output/HTP/260801_15-12-12_HTP_Arith_seed2
	out_root: train_output/HTP
	prebuild_loader: True
	seed: 2
	show: False
	start_step: 100
	steps: 5000
	tb_freq: 10
	test_envs: None
	train_output: train_output
	trial_seed: 2
	unique_name: 260801_15-12-12_HTP_Arith_seed2
	work_dir: .
HParams:
	data_augmentation: True
	val_augment: False
	[36mresnet18: False
	[0m[36mresnet_dropout: 0
	[0mclass_balanced: False
	[36moptimizer: adam
	[0m[36mfreeze_bn: True
	[0m[36mpretrained: True
	[0m[36mlr: 5e-05
	[0mbatch_size: 32
	[36mweight_decay: 0
	[0m[36marith_meta_lr: 0.01
	[0m[36mswad: False
	[0mswad_kwargs: 
	  n_converge: 3
	  n_tolerance: 6
	  tolerance_ratio: 0.3
	test_batchsize: 128
	indomain_test: False
	grad_fn: sum
	extra_search: n
	logdir: train_output/HTP/260801_15-12-12_HTP_Arith_seed2
	neighborhoodSize: 1e-06
	start_step: 100
	end_step: 200
	extra_search_start: None
	extra_search_end: None
	gga_l_gamma: 0.001
Dataset:
	[HTP] #envs=3, #classes=2
	env0: 00 (#367)
	env1: 01 (#523)
	env2: 02 (#274)

[36mINFO[0m 08/01 15:12:12 | n_steps = 5000
[36mINFO[0m 08/01 15:12:12 | checkpoint_freq = 100
[36mINFO[0m 08/01 15:12:12 | n_steps is updated to 5000 => 5001 for checkpointing
[36mINFO[0m 08/01 15:12:12 | Target test envs = [[0], [1], [2]]
[36mINFO[0m 08/01 15:12:12 | 
[36mINFO[0m 08/01 15:12:12 | Testenv name escaping te_00 -> te_00
[36mINFO[0m 08/01 15:12:12 | Test envs = [0], name = te_00
[36mINFO[0m 08/01 15:12:12 | Batch sizes for each domain: [0, 32, 32] (total=64)
[36mINFO[0m 08/01 15:12:12 | steps-per-epoch for each domain: 13.09, 6.88 -> min = 6.88
/home/s21_yhr/miniconda3/envs/GGA/lib/python3.11/site-packages/torchvision/models/_utils.py:208: UserWarning: The parameter 'pretrained' is deprecated since 0.13 and may be removed in the future, please use 'weights' instead.
  warnings.warn(
/home/s21_yhr/miniconda3/envs/GGA/lib/python3.11/site-packages/torchvision/models/_utils.py:223: UserWarning: Arguments other than a weight enum or `None` for 'weights' are deprecated since 0.13 and may be removed in the future. The current behavior is equivalent to passing `weights=ResNet50_Weights.IMAGENET1K_V1`. You can also use `weights=ResNet50_Weights.DEFAULT` to get the most up-to-date weights.
  warnings.warn(msg)
[36mINFO[0m 08/01 15:12:16 | # of params = 23512130
[36mINFO[0m 08/01 15:12:17 | test_in     test_out    train_in    train_out   test_in_au  test_out_a  train_out_  tr_outloss  env0_in     env0_in_au  env0_out    env0_out_a  env1_out    env1_out_a  env2_out    env2_out_a  step        epoch       loss        step_time   eval_time   mem_gb     
[36mINFO[0m 08/01 15:12:17 | 0.564626    0.602740    0.000000    0.552172    0.431892    0.551724    0.685555    0.761326    0.564626    0.431892    0.602740    0.551724    0.567308    0.760075    0.537037    0.611034    0           0.000000    0.729298    1.000690    0.617302    2.998997   
[36mINFO[0m 08/01 15:12:30 | 0.557823    0.575342    0.000000    0.686788    0.517846    0.615987    0.780523    0.579775    0.557823    0.517846    0.575342    0.615987    0.836538    0.934840    0.537037    0.626207    100         14.545455   0.571304    0.120293    0.461401    3.268919   
[36mINFO[0m 08/01 15:12:42 | 0.551020    0.602740    0.000000    0.672721    0.536518    0.629310    0.711545    1.118864    0.551020    0.536518    0.602740    0.629310    0.826923    0.914124    0.518519    0.508966    200         29.090909   0.425771    0.117918    0.400780    3.268919   
[36mINFO[0m 08/01 15:12:54 | 0.554422    0.589041    0.000000    0.678241    0.548352    0.565831    0.741027    0.897238    0.554422    0.548352    0.589041    0.565831    0.875000    0.938606    0.481481    0.543448    300         43.636364   0.243143    0.116662    0.421737    3.268919   
[36mINFO[0m 08/01 15:13:06 | 0.564626    0.547945    0.000000    0.714566    0.573436    0.577586    0.717996    1.383566    0.564626    0.573436    0.547945    0.577586    0.836538    0.903578    0.592593    0.532414    400         58.181818   0.183715    0.118755    0.433967    3.268919   
[36mINFO[0m 08/01 15:13:19 | 0.534014    0.616438    0.000000    0.658654    0.542600    0.617555    0.706213    1.954605    0.534014    0.542600    0.616438    0.617555    0.817308    0.910358    0.500000    0.502069    500         72.727273   0.149177    0.119312    0.447028    3.268919   
[36mINFO[0m 08/01 15:13:31 | 0.544218    0.602740    0.000000    0.649395    0.547032    0.609718    0.678744    2.132408    0.544218    0.547032    0.602740    0.609718    0.817308    0.896798    0.481481    0.460690    600         87.272727   0.103350    0.115818    0.493134    3.268919   
[36mINFO[0m 08/01 15:13:43 | 0.554422    0.575342    0.000000    0.710470    0.532934    0.552508    0.709847    2.098962    0.554422    0.532934    0.575342    0.552508    0.865385    0.906591    0.555556    0.513103    700         101.818182  0.126808    0.115750    0.441340    3.268919   
[36mINFO[0m 08/01 15:13:55 | 0.564626    0.602740    0.000000    0.719729    0.538026    0.587774    0.708158    2.044012    0.564626    0.538026    0.602740    0.587774    0.865385    0.911488    0.574074    0.504828    800         116.363636  0.113395    0.119254    0.490871    3.268919   
[36mINFO[0m 08/01 15:14:07 | 0.544218    0.534247    0.000000    0.677528    0.533641    0.552508    0.689972    2.393260    0.544218    0.533641    0.534247    0.552508    0.836538    0.905461    0.518519    0.474483    900         130.909091  0.088441    0.115861    0.414495    3.268919   
[36mINFO[0m 08/01 15:14:19 | 0.561224    0.616438    0.000000    0.659010    0.541657    0.579937    0.698973    1.894118    0.561224    0.541657    0.616438    0.579937    0.836538    0.912429    0.481481    0.485517    1000        145.454545  0.083800    0.115548    0.406798    3.268919   
[36mINFO[0m 08/01 15:14:32 | 0.540816    0.602740    0.000000    0.659010    0.523834    0.623041    0.697491    2.218313    0.540816    0.523834    0.602740    0.623041    0.836538    0.897740    0.481481    0.497241    1100        160.000000  0.074838    0.119200    0.425882    3.268919   
[36mINFO[0m 08/01 15:14:44 | 0.540816    0.561644    0.000000    0.686432    0.540808    0.579937    0.697678    2.016799    0.540816    0.540808    0.561644    0.579937    0.817308    0.896045    0.555556    0.499310    1200        174.545455  0.137519    0.116001    0.464065    3.268919   
[36mINFO[0m 08/01 15:14:56 | 0.537415    0.534247    0.000000    0.629452    0.528007    0.523511    0.684283    1.646652    0.537415    0.528007    0.534247    0.523511    0.740385    0.832015    0.518519    0.536552    1300        189.090909  0.146853    0.115630    0.399630    3.268919   
[36mINFO[0m 08/01 15:15:08 | 0.506803    0.561644    0.000000    0.649038    0.523410    0.559561    0.683503    2.396270    0.506803    0.523410    0.561644    0.559561    0.798077    0.887006    0.500000    0.480000    1400        203.636364  0.111425    0.119897    0.425889    3.268919   
[36mINFO[0m 08/01 15:15:20 | 0.523810    0.575342    0.000000    0.677172    0.517823    0.574060    0.698171    2.575877    0.523810    0.517823    0.575342    0.574060    0.817308    0.883239    0.537037    0.513103    1500        218.181818  0.079014    0.117148    0.434231    3.268919   
[36mINFO[0m 08/01 15:15:32 | 0.517007    0.534247    0.000000    0.667913    0.528644    0.560345    0.690368    2.645942    0.517007    0.528644    0.534247    0.560345    0.817308    0.886252    0.518519    0.494483    1600        232.727273  0.071369    0.114781    0.425530    3.268919   
[36mINFO[0m 08/01 15:15:45 | 0.517007    0.520548    0.000000    0.606838    0.542435    0.558386    0.664976    3.299825    0.517007    0.542435    0.520548    0.558386    0.769231    0.887194    0.444444    0.442759    1700        247.272727  0.050851    0.123592    0.409971    3.268919   
[36mINFO[0m 08/01 15:15:57 | 0.544218    0.602740    0.000000    0.653490    0.497195    0.582288    0.683487    3.301487    0.544218    0.497195    0.602740    0.582288    0.788462    0.911111    0.518519    0.455862    1800        261.818182  0.054871    0.118939    0.433687    3.268919   
[36mINFO[0m 08/01 15:16:10 | 0.493197    0.575342    0.000000    0.644587    0.501532    0.581897    0.701449    2.607265    0.493197    0.501532    0.575342    0.581897    0.807692    0.911864    0.481481    0.491034    1900        276.363636  0.057523    0.117663    0.431207    3.268919   
[36mINFO[0m 08/01 15:16:22 | 0.523810    0.547945    0.000000    0.654558    0.527866    0.599530    0.693773    2.462277    0.523810    0.527866    0.547945    0.599530    0.846154    0.917891    0.462963    0.469655    2000        290.909091  0.057179    0.116103    0.411731    3.268919   
[36mINFO[0m 08/01 15:16:34 | 0.554422    0.575342    0.000000    0.668269    0.530907    0.619122    0.680408    2.683596    0.554422    0.530907    0.575342    0.619122    0.836538    0.901507    0.500000    0.459310    2100        305.454545  0.060086    0.116177    0.421982    3.268919   
[36mINFO[0m 08/01 15:16:45 | 0.523810    0.520548    0.000000    0.696047    0.502192    0.551724    0.705707    2.884866    0.523810    0.502192    0.520548    0.551724    0.836538    0.902448    0.555556    0.508966    2200        320.000000  0.066863    0.113153    0.430652    3.268919   
[36mINFO[0m 08/01 15:16:58 | 0.557823    0.575342    0.000000    0.657942    0.532038    0.631661    0.661935    2.995663    0.557823    0.532038    0.575342    0.631661    0.778846    0.886629    0.537037    0.437241    2300        334.545455  0.121548    0.118335    0.427720    3.268919   
[36mINFO[0m 08/01 15:17:10 | 0.537415    0.561644    0.000000    0.691595    0.535339    0.613636    0.677500    2.278838    0.537415    0.535339    0.561644    0.613636    0.846154    0.912241    0.537037    0.442759    2400        349.090909  0.052154    0.117408    0.456299    3.268919   
[36mINFO[0m 08/01 15:17:21 | 0.527211    0.589041    0.000000    0.681980    0.517563    0.636364    0.669766    2.615280    0.527211    0.517563    0.589041    0.636364    0.826923    0.876083    0.537037    0.463448    2500        363.636364  0.051400    0.111710    0.429039    3.268919   
[36mINFO[0m 08/01 15:17:34 | 0.547619    0.575342    0.000000    0.649038    0.546843    0.654389    0.703142    2.554617    0.547619    0.546843    0.575342    0.654389    0.798077    0.911111    0.500000    0.495172    2600        378.181818  0.053118    0.124299    0.434644    3.268919   
[36mINFO[0m 08/01 15:17:47 | 0.534014    0.602740    0.000000    0.682336    0.553326    0.648119    0.685107    3.058967    0.534014    0.553326    0.602740    0.648119    0.846154    0.896422    0.518519    0.473793    2700        392.727273  0.047131    0.117247    0.423847    3.268919   
[36mINFO[0m 08/01 15:17:59 | 0.544218    0.575342    0.000000    0.682692    0.529445    0.628527    0.680816    2.109890    0.544218    0.529445    0.575342    0.628527    0.865385    0.900942    0.500000    0.460690    2800        407.272727  0.058191    0.118140    0.474505    3.268919   
[36mINFO[0m 08/01 15:18:11 | 0.530612    0.616438    0.000000    0.650107    0.534632    0.642633    0.665706    3.497304    0.530612    0.534632    0.616438    0.642633    0.855769    0.900377    0.444444    0.431034    2900        421.818182  0.040371    0.117211    0.480059    3.268919   
[36mINFO[0m 08/01 15:18:23 | 0.578231    0.630137    0.000000    0.643875    0.540950    0.630094    0.675837    3.770906    0.578231    0.540950    0.630137    0.630094    0.769231    0.860640    0.518519    0.491034    3000        436.363636  0.045100    0.117281    0.413686    3.268919   
[36mINFO[0m 08/01 15:18:35 | 0.530612    0.602740    0.000000    0.625000    0.521288    0.630094    0.656453    2.893075    0.530612    0.521288    0.602740    0.630094    0.750000    0.842561    0.500000    0.470345    3100        450.909091  0.046821    0.114310    0.427757    3.268919   
[36mINFO[0m 08/01 15:18:48 | 0.540816    0.561644    0.000000    0.640491    0.543048    0.605799    0.675955    3.179210    0.540816    0.543048    0.561644    0.605799    0.836538    0.898117    0.444444    0.453793    3200        465.454545  0.045230    0.120241    0.420582    3.268919   
[36mINFO[0m 08/01 15:19:00 | 0.588435    0.561644    0.000000    0.639779    0.550615    0.619122    0.674451    4.340712    0.588435    0.550615    0.561644    0.619122    0.798077    0.899247    0.481481    0.449655    3300        480.000000  0.036660    0.124182    0.477835    3.268919   
[36mINFO[0m 08/01 15:19:12 | 0.523810    0.506849    0.000000    0.672721    0.521854    0.562696    0.694385    3.124464    0.523810    0.521854    0.506849    0.562696    0.826923    0.893597    0.518519    0.495172    3400        494.545455  0.049215    0.113938    0.470813    3.268919   
[36mINFO[0m 08/01 15:19:25 | 0.520408    0.479452    0.000000    0.659010    0.561106    0.546630    0.696487    2.857180    0.520408    0.561106    0.479452    0.546630    0.836538    0.896422    0.481481    0.496552    3500        509.090909  0.040737    0.119318    0.429579    3.268919   
[36mINFO[0m 08/01 15:19:37 | 0.506803    0.575342    0.000000    0.620905    0.536447    0.624608    0.666699    3.355335    0.506803    0.536447    0.575342    0.624608    0.778846    0.885122    0.462963    0.448276    3600        523.636364  0.045146    0.117355    0.423064    3.268919   
[36mINFO[0m 08/01 15:19:49 | 0.530612    0.493151    0.000000    0.696047    0.525296    0.500000    0.680154    3.432972    0.530612    0.525296    0.493151    0.500000    0.836538    0.895480    0.555556    0.464828    3700        538.181818  0.035935    0.119955    0.463664    3.268919   
[36mINFO[0m 08/01 15:20:02 | 0.489796    0.547945    0.000000    0.663818    0.544061    0.593260    0.694146    3.545963    0.489796    0.544061    0.547945    0.593260    0.846154    0.912429    0.481481    0.475862    3800        552.727273  0.039077    0.119098    0.443315    3.268919   
[36mINFO[0m 08/01 15:20:14 | 0.554422    0.589041    0.000000    0.672721    0.527748    0.652038    0.692736    3.229956    0.554422    0.527748    0.589041    0.652038    0.826923    0.913748    0.518519    0.471724    3900        567.272727  0.039090    0.120848    0.424190    3.268919   
[36mINFO[0m 08/01 15:20:26 | 0.547619    0.547945    0.000000    0.681980    0.532840    0.588558    0.695619    2.786025    0.547619    0.532840    0.547945    0.588558    0.826923    0.912618    0.537037    0.478621    4000        581.818182  0.050149    0.118138    0.414317    3.268919   
[36mINFO[0m 08/01 15:20:39 | 0.537415    0.589041    0.000000    0.682336    0.538356    0.613636    0.690214    3.028269    0.537415    0.538356    0.589041    0.613636    0.846154    0.890772    0.518519    0.489655    4100        596.363636  0.041228    0.118959    0.459252    3.268919   
[36mINFO[0m 08/01 15:20:51 | 0.568027    0.575342    0.000000    0.682336    0.550332    0.564263    0.687399    2.377843    0.568027    0.550332    0.575342    0.564263    0.846154    0.901695    0.518519    0.473103    4200        610.909091  0.047909    0.118908    0.413132    3.268919   
[36mINFO[0m 08/01 15:21:04 | 0.534014    0.520548    0.000000    0.681980    0.528455    0.570533    0.676389    3.147760    0.534014    0.528455    0.520548    0.570533    0.826923    0.890019    0.537037    0.462759    4300        625.454545  0.043606    0.119439    0.443608    3.268919   
[36mINFO[0m 08/01 15:21:16 | 0.503401    0.520548    0.000000    0.634615    0.538168    0.570533    0.684580    2.371150    0.503401    0.538168    0.520548    0.570533    0.769231    0.904331    0.500000    0.464828    4400        640.000000  0.037983    0.115104    0.437545    3.268919   
[36mINFO[0m 08/01 15:21:28 | 0.517007    0.602740    0.000000    0.677172    0.518931    0.605799    0.706781    3.073470    0.517007    0.518931    0.602740    0.605799    0.817308    0.915631    0.537037    0.497931    4500        654.545455  0.044485    0.116785    0.481459    3.268919   
[36mINFO[0m 08/01 15:21:40 | 0.517007    0.534247    0.000000    0.649038    0.521760    0.594828    0.693222    3.757676    0.517007    0.521760    0.534247    0.594828    0.798077    0.888512    0.500000    0.497931    4600        669.090909  0.046199    0.116831    0.455167    3.268919   
[36mINFO[0m 08/01 15:21:52 | 0.537415    0.561644    0.000000    0.667913    0.537673    0.589342    0.689586    3.081607    0.537415    0.537673    0.561644    0.589342    0.817308    0.890207    0.518519    0.488966    4700        683.636364  0.058153    0.120387    0.453412    3.268919   
[36mINFO[0m 08/01 15:22:04 | 0.544218    0.561644    0.000000    0.686432    0.532604    0.576803    0.695199    2.989304    0.544218    0.532604    0.561644    0.576803    0.817308    0.892467    0.555556    0.497931    4800        698.181818  0.037796    0.115250    0.469150    3.268919   
[36mINFO[0m 08/01 15:22:16 | 0.523810    0.506849    0.000000    0.672365    0.535952    0.563480    0.700123    3.981756    0.523810    0.535952    0.506849    0.563480    0.807692    0.896798    0.537037    0.503448    4900        712.727273  0.033691    0.115308    0.461143    3.268919   
[36mINFO[0m 08/01 15:22:28 | 0.557823    0.561644    0.000000    0.686788    0.537083    0.519592    0.706065    2.797922    0.557823    0.537083    0.561644    0.519592    0.836538    0.923164    0.537037    0.488966    5000        727.272727  0.051487    0.116094    0.510269    3.268919   
[36mINFO[0m 08/01 15:22:28 | ---
[36mINFO[0m 08/01 15:22:28 | oracle = 57.823%
[36mINFO[0m 08/01 15:22:28 | iid = 56.463%
[36mINFO[0m 08/01 15:22:29 | last = 55.782%
[36mINFO[0m 08/01 15:22:29 | last (inD) = 68.679%
[36mINFO[0m 08/01 15:22:29 | iid (inD) = 71.973%
[36mINFO[0m 08/01 15:22:29 | 
[36mINFO[0m 08/01 15:22:29 | Testenv name escaping te_01 -> te_01
[36mINFO[0m 08/01 15:22:29 | Test envs = [1], name = te_01
[36mINFO[0m 08/01 15:22:29 | Batch sizes for each domain: [32, 0, 32] (total=64)
[36mINFO[0m 08/01 15:22:29 | steps-per-epoch for each domain: 9.19, 6.88 -> min = 6.88
/home/s21_yhr/miniconda3/envs/GGA/lib/python3.11/site-packages/torchvision/models/_utils.py:208: UserWarning: The parameter 'pretrained' is deprecated since 0.13 and may be removed in the future, please use 'weights' instead.
  warnings.warn(
/home/s21_yhr/miniconda3/envs/GGA/lib/python3.11/site-packages/torchvision/models/_utils.py:223: UserWarning: Arguments other than a weight enum or `None` for 'weights' are deprecated since 0.13 and may be removed in the future. The current behavior is equivalent to passing `weights=ResNet50_Weights.IMAGENET1K_V1`. You can also use `weights=ResNet50_Weights.DEFAULT` to get the most up-to-date weights.
  warnings.warn(msg)
[36mINFO[0m 08/01 15:22:33 | # of params = 23512130
[36mINFO[0m 08/01 15:22:34 | test_in     test_out    train_in    train_out   test_in_au  train_out_  tr_outloss  test_out_a  env0_out    env0_out_a  env1_in     env1_in_au  env1_out    env1_out_a  env2_out    env2_out_a  step        epoch       loss        step_time   eval_time   mem_gb     
[36mINFO[0m 08/01 15:22:34 | 0.489260    0.567308    0.000000    0.569888    0.409779    0.512649    0.859131    0.485122    0.602740    0.503918    0.489260    0.409779    0.567308    0.485122    0.537037    0.521379    0           0.000000    0.631519    0.129554    0.636466    2.997349   
[36mINFO[0m 08/01 15:22:46 | 0.489260    0.567308    0.000000    0.569888    0.465489    0.565188    0.668423    0.432015    0.602740    0.597962    0.489260    0.465489    0.567308    0.432015    0.537037    0.532414    100         14.545455   0.682170    0.118297    0.526133    3.271666   
[36mINFO[0m 08/01 15:22:59 | 0.546539    0.538462    0.000000    0.533232    0.587303    0.597994    0.719243    0.575895    0.547945    0.633229    0.546539    0.587303    0.538462    0.575895    0.518519    0.562759    200         29.090909   0.639091    0.121280    0.569356    3.271666   
[36mINFO[0m 08/01 15:23:11 | 0.622912    0.634615    0.000000    0.521943    0.681035    0.563370    0.788950    0.664783    0.506849    0.544671    0.622912    0.681035    0.634615    0.664783    0.537037    0.582069    300         43.636364   0.619223    0.115376    0.560273    3.271666   
[36mINFO[0m 08/01 15:23:23 | 0.615752    0.605769    0.000000    0.583587    0.628448    0.578824    0.760392    0.589831    0.630137    0.618339    0.615752    0.628448    0.605769    0.589831    0.537037    0.539310    400         58.181818   0.502265    0.117122    0.565146    3.271666   
[36mINFO[0m 08/01 15:23:36 | 0.513126    0.557692    0.000000    0.569508    0.541851    0.588245    1.660465    0.604143    0.657534    0.735110    0.513126    0.541851    0.557692    0.604143    0.481481    0.441379    500         72.727273   0.394483    0.119633    0.548423    3.271666   
[36mINFO[0m 08/01 15:23:48 | 0.517900    0.548077    0.000000    0.574328    0.500524    0.623887    1.440299    0.589077    0.630137    0.777429    0.517900    0.500524    0.548077    0.589077    0.518519    0.470345    600         87.272727   0.309365    0.117669    0.561173    3.271666   
[36mINFO[0m 08/01 15:24:00 | 0.463007    0.500000    0.000000    0.613394    0.475473    0.619687    1.391226    0.519774    0.671233    0.730408    0.463007    0.475473    0.500000    0.519774    0.555556    0.508966    700         101.818182  0.218017    0.118299    0.545663    3.271666   
[36mINFO[0m 08/01 15:24:12 | 0.470167    0.586538    0.000000    0.596905    0.503556    0.611317    2.549261    0.630885    0.712329    0.728840    0.470167    0.503556    0.586538    0.630885    0.481481    0.493793    800         116.363636  0.179507    0.114813    0.533423    3.271666   
[36mINFO[0m 08/01 15:24:25 | 0.541766    0.615385    0.000000    0.583206    0.565215    0.623213    2.562228    0.688889    0.684932    0.737461    0.541766    0.565215    0.615385    0.688889    0.481481    0.508966    900         130.909091  0.114462    0.117932    0.595802    3.271666   
[36mINFO[0m 08/01 15:24:38 | 0.525060    0.634615    0.000000    0.631532    0.564873    0.623103    2.428604    0.667420    0.726027    0.741379    0.525060    0.564873    0.634615    0.667420    0.537037    0.504828    1000        145.454545  0.129836    0.121415    0.577604    3.271666   
[36mINFO[0m 08/01 15:24:50 | 0.529833    0.663462    0.000000    0.601725    0.555847    0.642335    2.517298    0.677589    0.684932    0.734326    0.529833    0.555847    0.663462    0.677589    0.518519    0.550345    1100        160.000000  0.109641    0.117376    0.548866    3.271666   
[36mINFO[0m 08/01 15:25:03 | 0.522673    0.586538    0.000000    0.571918    0.542626    0.595893    2.235423    0.645574    0.643836    0.678683    0.522673    0.542626    0.586538    0.645574    0.500000    0.513103    1200        174.545455  0.117346    0.123752    0.514039    3.271666   
[36mINFO[0m 08/01 15:25:15 | 0.541766    0.576923    0.000000    0.578767    0.547572    0.585721    2.907036    0.661394    0.657534    0.652821    0.541766    0.547572    0.576923    0.661394    0.500000    0.518621    1300        189.090909  0.080289    0.114382    0.514027    3.271666   
[36mINFO[0m 08/01 15:25:27 | 0.505967    0.548077    0.000000    0.592466    0.514452    0.607727    3.091175    0.582298    0.684932    0.743730    0.505967    0.514452    0.548077    0.582298    0.500000    0.471724    1400        203.636364  0.078405    0.117391    0.574180    3.271666   
[36mINFO[0m 08/01 15:25:39 | 0.529833    0.605769    0.000000    0.519153    0.533235    0.559953    2.879846    0.645198    0.575342    0.637147    0.529833    0.533235    0.605769    0.645198    0.462963    0.482759    1500        218.181818  0.072374    0.117507    0.593107    3.271666   
[36mINFO[0m 08/01 15:25:52 | 0.508353    0.625000    0.000000    0.560629    0.536243    0.572947    3.130682    0.644821    0.602740    0.675549    0.508353    0.536243    0.625000    0.644821    0.518519    0.470345    1600        232.727273  0.074597    0.116192    0.545751    3.271666   
[36mINFO[0m 08/01 15:26:05 | 0.532220    0.596154    0.000000    0.553780    0.540358    0.556050    3.315798    0.656121    0.589041    0.623824    0.532220    0.540358    0.596154    0.656121    0.518519    0.488276    1700        247.272727  0.067036    0.123614    0.573741    3.271666   
[36mINFO[0m 08/01 15:26:17 | 0.548926    0.576923    0.000000    0.578767    0.563984    0.574232    3.600888    0.627872    0.657534    0.673981    0.548926    0.563984    0.576923    0.627872    0.500000    0.474483    1800        261.818182  0.058550    0.116694    0.520557    3.271666   
[36mINFO[0m 08/01 15:26:29 | 0.539379    0.615385    0.000000    0.567478    0.551220    0.608777    3.115352    0.629379    0.616438    0.686520    0.539379    0.551220    0.615385    0.629379    0.518519    0.531034    1900        276.363636  0.052673    0.115673    0.523108    3.271666   
[36mINFO[0m 08/01 15:26:41 | 0.517900    0.557692    0.000000    0.571918    0.541281    0.577759    3.262827    0.604520    0.643836    0.681034    0.517900    0.541281    0.557692    0.604520    0.500000    0.474483    2000        290.909091  0.051442    0.116254    0.517235    3.271666   
[36mINFO[0m 08/01 15:26:53 | 0.522673    0.586538    0.000000    0.576357    0.563209    0.590000    4.042710    0.664030    0.671233    0.672414    0.522673    0.563209    0.586538    0.664030    0.481481    0.507586    2100        305.454545  0.052034    0.116137    0.556710    3.271666   
[36mINFO[0m 08/01 15:27:06 | 0.556086    0.605769    0.000000    0.597286    0.549556    0.607257    3.978051    0.669868    0.657534    0.701411    0.556086    0.549556    0.605769    0.669868    0.537037    0.513103    2200        320.000000  0.046264    0.118165    0.566318    3.271666   
[36mINFO[0m 08/01 15:27:18 | 0.520286    0.644231    0.000000    0.542491    0.535286    0.571113    2.657902    0.649718    0.547945    0.627743    0.520286    0.535286    0.644231    0.649718    0.537037    0.514483    2300        334.545455  0.052682    0.122125    0.522915    3.271666   
[36mINFO[0m 08/01 15:27:30 | 0.527446    0.557692    0.000000    0.555809    0.542079    0.591317    4.885750    0.655367    0.630137    0.677116    0.527446    0.542079    0.557692    0.655367    0.481481    0.505517    2400        349.090909  0.048865    0.113613    0.504129    3.271666   
[36mINFO[0m 08/01 15:27:42 | 0.479714    0.605769    0.000000    0.562659    0.495190    0.558793    3.973200    0.645951    0.643836    0.663793    0.479714    0.495190    0.605769    0.645951    0.481481    0.453793    2500        363.636364  0.138915    0.115565    0.547616    3.271666   
[36mINFO[0m 08/01 15:27:55 | 0.501193    0.605769    0.000000    0.583206    0.507705    0.594561    3.057262    0.605650    0.684932    0.696708    0.501193    0.507705    0.605769    0.605650    0.481481    0.492414    2600        378.181818  0.046776    0.123624    0.530525    3.271666   
[36mINFO[0m 08/01 15:28:08 | 0.510740    0.586538    0.000000    0.542111    0.532072    0.576332    3.912889    0.685687    0.602740    0.663009    0.510740    0.532072    0.586538    0.685687    0.481481    0.489655    2700        392.727273  0.045722    0.117818    0.514971    3.271666   
[36mINFO[0m 08/01 15:28:20 | 0.472554    0.576923    0.000000    0.546930    0.509574    0.588401    3.589175    0.612429    0.575342    0.697492    0.472554    0.509574    0.576923    0.612429    0.518519    0.479310    2800        407.272727  0.042278    0.119693    0.569017    3.271666   
[36mINFO[0m 08/01 15:28:33 | 0.532220    0.605769    0.000000    0.562659    0.567996    0.591129    4.630821    0.690395    0.643836    0.691223    0.532220    0.567996    0.605769    0.690395    0.481481    0.491034    2900        421.818182  0.041509    0.119700    0.595325    3.271666   
[36mINFO[0m 08/01 15:28:46 | 0.491647    0.586538    0.000000    0.581177    0.511602    0.588950    2.593676    0.590960    0.643836    0.695141    0.491647    0.511602    0.586538    0.590960    0.518519    0.482759    3000        436.363636  0.054977    0.122991    0.496081    3.271666   
[36mINFO[0m 08/01 15:28:58 | 0.491647    0.557692    0.000000    0.548960    0.517962    0.587571    3.968321    0.611299    0.616438    0.695141    0.491647    0.517962    0.557692    0.611299    0.481481    0.480000    3100        450.909091  0.047507    0.116666    0.509758    3.271666   
[36mINFO[0m 08/01 15:29:10 | 0.534606    0.615385    0.000000    0.583587    0.561204    0.636975    3.030512    0.676083    0.630137    0.748433    0.534606    0.561204    0.615385    0.676083    0.537037    0.525517    3200        465.454545  0.038539    0.120450    0.526830    3.271666   
[36mINFO[0m 08/01 15:29:23 | 0.501193    0.682692    0.000000    0.565068    0.540951    0.598707    4.170747    0.706215    0.630137    0.676724    0.501193    0.540951    0.682692    0.706215    0.500000    0.520690    3300        480.000000  0.036542    0.118580    0.518268    3.271666   
[36mINFO[0m 08/01 15:29:35 | 0.527446    0.538462    0.000000    0.571918    0.548598    0.582351    3.807705    0.568362    0.643836    0.659875    0.527446    0.548598    0.538462    0.568362    0.500000    0.504828    3400        494.545455  0.041313    0.119325    0.567670    3.271666   
[36mINFO[0m 08/01 15:29:47 | 0.513126    0.576923    0.000000    0.571918    0.544450    0.559091    3.635477    0.654237    0.643836    0.628527    0.513126    0.544450    0.576923    0.654237    0.500000    0.489655    3500        509.090909  0.042359    0.115218    0.538920    3.271666   
[36mINFO[0m 08/01 15:30:00 | 0.515513    0.663462    0.000000    0.546930    0.538831    0.557006    4.726917    0.679849    0.575342    0.702978    0.515513    0.538831    0.663462    0.679849    0.518519    0.411034    3600        523.636364  0.041865    0.123762    0.510419    3.271666   
[36mINFO[0m 08/01 15:30:12 | 0.508353    0.615385    0.000000    0.569508    0.525063    0.586034    3.624506    0.638606    0.657534    0.698276    0.508353    0.525063    0.615385    0.638606    0.481481    0.473793    3700        538.181818  0.031972    0.116872    0.580078    3.271666   
[36mINFO[0m 08/01 15:30:25 | 0.546539    0.644231    0.000000    0.555809    0.580328    0.563401    3.937579    0.689642    0.630137    0.688871    0.546539    0.580328    0.644231    0.689642    0.481481    0.437931    3800        552.727273  0.027302    0.116667    0.543240    3.271666   
[36mINFO[0m 08/01 15:30:37 | 0.491647    0.605769    0.000000    0.562659    0.523433    0.573041    4.482265    0.663277    0.643836    0.677116    0.491647    0.523433    0.605769    0.663277    0.481481    0.468966    3900        567.272727  0.032232    0.116285    0.579331    3.271666   
[36mINFO[0m 08/01 15:30:49 | 0.482100    0.557692    0.000000    0.548960    0.457807    0.594420    2.821373    0.571375    0.616438    0.711599    0.482100    0.457807    0.557692    0.571375    0.481481    0.477241    4000        581.818182  0.071792    0.118105    0.544674    3.271666   
[36mINFO[0m 08/01 15:31:02 | 0.536993    0.605769    0.000000    0.581177    0.536369    0.584028    4.147045    0.667608    0.643836    0.676332    0.536993    0.536369    0.605769    0.667608    0.518519    0.491724    4100        596.363636  0.034974    0.122319    0.522859    3.271666   
[36mINFO[0m 08/01 15:31:14 | 0.501193    0.528846    0.000000    0.555809    0.518532    0.594781    3.149904    0.609793    0.630137    0.723354    0.501193    0.518532    0.528846    0.609793    0.481481    0.466207    4200        610.909091  0.044006    0.114487    0.506594    3.271666   
[36mINFO[0m 08/01 15:31:26 | 0.513126    0.605769    0.000000    0.574328    0.544267    0.566050    3.020717    0.680226    0.630137    0.675549    0.513126    0.544267    0.605769    0.680226    0.518519    0.456552    4300        625.454545  0.035097    0.114152    0.540195    3.271666   
[36mINFO[0m 08/01 15:31:38 | 0.482100    0.586538    0.000000    0.567098    0.487714    0.537571    3.386093    0.615443    0.671233    0.643417    0.482100    0.487714    0.586538    0.615443    0.462963    0.431724    4400        640.000000  0.032290    0.119239    0.543858    3.271666   
[36mINFO[0m 08/01 15:31:51 | 0.491647    0.605769    0.000000    0.546550    0.496091    0.582908    5.682616    0.612618    0.630137    0.723746    0.491647    0.496091    0.605769    0.612618    0.462963    0.442069    4500        654.545455  0.025342    0.117902    0.598067    3.271666   
[36mINFO[0m 08/01 15:32:03 | 0.536993    0.596154    0.000000    0.574328    0.575883    0.574060    3.608335    0.662900    0.630137    0.648119    0.536993    0.575883    0.596154    0.662900    0.518519    0.500000    4600        669.090909  0.037110    0.118340    0.563645    3.271666   
[36mINFO[0m 08/01 15:32:16 | 0.489260    0.528846    0.000000    0.544140    0.503921    0.558668    3.571762    0.546516    0.643836    0.655956    0.489260    0.503921    0.528846    0.546516    0.444444    0.461379    4700        683.636364  0.037381    0.119670    0.537343    3.271666   
[36mINFO[0m 08/01 15:32:28 | 0.522673    0.528846    0.000000    0.537291    0.540050    0.585533    3.138871    0.587194    0.630137    0.684169    0.522673    0.540050    0.528846    0.587194    0.444444    0.486897    4800        698.181818  0.035290    0.118558    0.580791    3.271666   
[36mINFO[0m 08/01 15:32:41 | 0.546539    0.625000    0.000000    0.578767    0.545179    0.614138    2.556040    0.640301    0.657534    0.741379    0.546539    0.545179    0.625000    0.640301    0.500000    0.486897    4900        712.727273  0.031081    0.118680    0.574648    3.271666   
[36mINFO[0m 08/01 15:32:53 | 0.539379    0.596154    0.000000    0.526002    0.573843    0.581066    3.970358    0.665913    0.589041    0.695925    0.539379    0.573843    0.596154    0.665913    0.462963    0.466207    5000        727.272727  0.023441    0.116141    0.558845    3.271666   
[36mINFO[0m 08/01 15:32:53 | ---
[36mINFO[0m 08/01 15:32:53 | oracle = 50.119%
[36mINFO[0m 08/01 15:32:53 | iid = 52.506%
[36mINFO[0m 08/01 15:32:53 | last = 53.938%
[36mINFO[0m 08/01 15:32:53 | last (inD) = 52.600%
[36mINFO[0m 08/01 15:32:53 | iid (inD) = 63.153%
[36mINFO[0m 08/01 15:32:54 | 
[36mINFO[0m 08/01 15:32:54 | Testenv name escaping te_02 -> te_02
[36mINFO[0m 08/01 15:32:54 | Test envs = [2], name = te_02
[36mINFO[0m 08/01 15:32:54 | Batch sizes for each domain: [32, 32, 0] (total=64)
[36mINFO[0m 08/01 15:32:54 | steps-per-epoch for each domain: 9.19, 13.09 -> min = 9.19
/home/s21_yhr/miniconda3/envs/GGA/lib/python3.11/site-packages/torchvision/models/_utils.py:208: UserWarning: The parameter 'pretrained' is deprecated since 0.13 and may be removed in the future, please use 'weights' instead.
  warnings.warn(
/home/s21_yhr/miniconda3/envs/GGA/lib/python3.11/site-packages/torchvision/models/_utils.py:223: UserWarning: Arguments other than a weight enum or `None` for 'weights' are deprecated since 0.13 and may be removed in the future. The current behavior is equivalent to passing `weights=ResNet50_Weights.IMAGENET1K_V1`. You can also use `weights=ResNet50_Weights.DEFAULT` to get the most up-to-date weights.
  warnings.warn(msg)
[36mINFO[0m 08/01 15:32:58 | # of params = 23512130
[36mINFO[0m 08/01 15:32:59 | test_in     test_out    train_in    train_out   test_in_au  train_out_  tr_outloss  test_out_a  env0_out    env0_out_a  env1_out    env1_out_a  env2_in     env2_in_au  env2_out    env2_out_a  step        epoch       loss        step_time   eval_time   mem_gb     
[36mINFO[0m 08/01 15:32:59 | 0.409091    0.444444    0.000000    0.516531    0.475459    0.622066    0.693967    0.413793    0.465753    0.574451    0.567308    0.669680    0.409091    0.475459    0.444444    0.413793    0           0.000000    0.712110    0.112495    0.404784    2.997349   
[36mINFO[0m 08/01 15:33:11 | 0.590909    0.592593    0.000000    0.726488    0.617782    0.757753    0.573247    0.473103    0.616438    0.598746    0.836538    0.916761    0.590909    0.617782    0.592593    0.473103    100         10.884354   0.612123    0.118467    0.385466    3.271666   
[36mINFO[0m 08/01 15:33:23 | 0.568182    0.444444    0.000000    0.681902    0.543478    0.753237    0.722575    0.446897    0.575342    0.618339    0.788462    0.888136    0.568182    0.543478    0.444444    0.446897    200         21.768707   0.491242    0.117904    0.406635    3.271666   
[36mINFO[0m 08/01 15:33:35 | 0.545455    0.462963    0.000000    0.735379    0.537364    0.770530    0.830113    0.511724    0.643836    0.645768    0.826923    0.895292    0.545455    0.537364    0.462963    0.511724    300         32.653061   0.363353    0.120735    0.350321    3.271666   
[36mINFO[0m 08/01 15:33:48 | 0.554545    0.574074    0.000000    0.756652    0.549507    0.816470    0.794836    0.562759    0.657534    0.713166    0.855769    0.919774    0.554545    0.549507    0.574074    0.562759    400         43.537415   0.263906    0.120810    0.356416    3.271666   
[36mINFO[0m 08/01 15:34:01 | 0.486364    0.481481    0.000000    0.572774    0.553499    0.759997    1.213550    0.488276    0.520548    0.675549    0.625000    0.844444    0.486364    0.553499    0.481481    0.488276    500         54.421769   0.232610    0.124662    0.364059    3.271666   
[36mINFO[0m 08/01 15:34:13 | 0.527273    0.518519    0.000000    0.661354    0.572775    0.732518    1.309787    0.543448    0.534247    0.598746    0.788462    0.866290    0.527273    0.572775    0.518519    0.543448    600         65.306122   0.198027    0.118041    0.375837    3.271666   
[36mINFO[0m 08/01 15:34:26 | 0.577273    0.444444    0.000000    0.749078    0.621858    0.788190    1.222196    0.522759    0.671233    0.663009    0.826923    0.913371    0.577273    0.621858    0.444444    0.522759    700         76.190476   0.137776    0.128436    0.496158    3.271666   
[36mINFO[0m 08/01 15:34:39 | 0.581818    0.629630    0.000000    0.737421    0.608016    0.775800    1.146366    0.673103    0.657534    0.626176    0.817308    0.925424    0.581818    0.608016    0.629630    0.673103    800         87.074830   0.124191    0.119541    0.382712    3.271666   
[36mINFO[0m 08/01 15:34:50 | 0.527273    0.444444    0.000000    0.673011    0.585598    0.747432    1.278299    0.561379    0.547945    0.590909    0.798077    0.903955    0.527273    0.585598    0.444444    0.561379    900         97.959184   0.115990    0.113981    0.395456    3.271666   
[36mINFO[0m 08/01 15:35:03 | 0.513636    0.537037    0.000000    0.672287    0.569718    0.752742    1.455102    0.571034    0.575342    0.631661    0.769231    0.873823    0.513636    0.569718    0.537037    0.571034    1000        108.843537  0.108751    0.125160    0.365058    3.271666   
[36mINFO[0m 08/01 15:35:16 | 0.590909    0.500000    0.000000    0.728530    0.607846    0.756788    1.165742    0.537931    0.630137    0.636364    0.826923    0.877213    0.590909    0.607846    0.500000    0.537931    1100        119.727891  0.105083    0.122659    0.386101    3.271666   
[36mINFO[0m 08/01 15:35:28 | 0.495455    0.462963    0.000000    0.651739    0.596680    0.763465    1.497289    0.550345    0.534247    0.650470    0.769231    0.876460    0.495455    0.596680    0.462963    0.550345    1200        130.612245  0.092920    0.119194    0.438934    3.271666   
[36mINFO[0m 08/01 15:35:41 | 0.536364    0.537037    0.000000    0.704492    0.584154    0.757308    1.300316    0.511724    0.630137    0.634013    0.778846    0.880603    0.536364    0.584154    0.537037    0.511724    1300        141.496599  0.081362    0.121743    0.384351    3.271666   
[36mINFO[0m 08/01 15:35:53 | 0.522727    0.500000    0.000000    0.697642    0.573624    0.749103    0.981421    0.533793    0.616438    0.628527    0.778846    0.869680    0.522727    0.573624    0.500000    0.533793    1400        152.380952  0.098042    0.119562    0.403171    3.271666   
[36mINFO[0m 08/01 15:36:06 | 0.559091    0.481481    0.000000    0.692835    0.595618    0.779877    1.052065    0.547586    0.616438    0.681034    0.769231    0.878719    0.559091    0.595618    0.481481    0.547586    1500        163.265306  0.082638    0.119212    0.353713    3.271666   
[36mINFO[0m 08/01 15:36:18 | 0.568182    0.500000    0.000000    0.679860    0.594939    0.740370    1.308788    0.466207    0.561644    0.615204    0.798077    0.865537    0.568182    0.594939    0.500000    0.466207    1600        174.149660  0.078158    0.118811    0.371393    3.271666   
[36mINFO[0m 08/01 15:36:30 | 0.577273    0.481481    0.000000    0.666162    0.576936    0.711586    1.294549    0.496552    0.534247    0.568182    0.798077    0.854991    0.577273    0.576936    0.481481    0.496552    1700        185.034014  0.065933    0.117769    0.367576    3.271666   
[36mINFO[0m 08/01 15:36:42 | 0.540909    0.462963    0.000000    0.691517    0.600119    0.753100    1.352392    0.577931    0.575342    0.611285    0.807692    0.894915    0.540909    0.600119    0.462963    0.577931    1800        195.918367  0.069435    0.119573    0.405447    3.271666   
[36mINFO[0m 08/01 15:36:55 | 0.563636    0.462963    0.000000    0.665437    0.576512    0.737254    1.226246    0.500690    0.561644    0.629310    0.769231    0.845198    0.563636    0.576512    0.462963    0.500690    1900        206.802721  0.062914    0.118595    0.378045    3.271666   
[36mINFO[0m 08/01 15:37:07 | 0.595455    0.518519    0.000000    0.681178    0.625679    0.768001    0.781662    0.464828    0.602740    0.699843    0.759615    0.836158    0.595455    0.625679    0.518519    0.464828    2000        217.687075  0.078902    0.120002    0.391295    3.271666   
[36mINFO[0m 08/01 15:37:19 | 0.586364    0.425926    0.000000    0.690068    0.639436    0.761618    1.554832    0.520000    0.630137    0.642633    0.750000    0.880603    0.586364    0.639436    0.425926    0.520000    2100        228.571429  0.068113    0.120091    0.355525    3.271666   
[36mINFO[0m 08/01 15:37:32 | 0.568182    0.444444    0.000000    0.703174    0.617867    0.773878    1.073232    0.404138    0.589041    0.663009    0.817308    0.884746    0.568182    0.617867    0.444444    0.404138    2200        239.455782  0.062370    0.119157    0.395683    3.271666   
[36mINFO[0m 08/01 15:37:44 | 0.550000    0.444444    0.000000    0.707850    0.628397    0.821443    1.243406    0.500690    0.684932    0.717085    0.730769    0.925800    0.550000    0.628397    0.444444    0.500690    2300        250.340136  0.077216    0.120505    0.374304    3.271666   
[36mINFO[0m 08/01 15:37:56 | 0.600000    0.555556    0.000000    0.720956    0.597996    0.759185    1.653193    0.495172    0.643836    0.643417    0.798077    0.874953    0.600000    0.597996    0.555556    0.495172    2400        261.224490  0.056601    0.116989    0.364871    3.271666   
[36mINFO[0m 08/01 15:38:09 | 0.536364    0.500000    0.000000    0.714107    0.579314    0.754316    1.696914    0.484138    0.630137    0.625392    0.798077    0.883239    0.536364    0.579314    0.500000    0.484138    2500        272.108844  0.044912    0.121402    0.358873    3.271666   
[36mINFO[0m 08/01 15:38:21 | 0.586364    0.611111    0.000000    0.644165    0.623132    0.749748    1.902646    0.569655    0.547945    0.652038    0.740385    0.847458    0.586364    0.623132    0.611111    0.569655    2600        282.993197  0.049691    0.121706    0.372474    3.271666   
[36mINFO[0m 08/01 15:38:33 | 0.604545    0.537037    0.000000    0.698959    0.602666    0.760963    1.289166    0.554483    0.657534    0.686520    0.740385    0.835405    0.604545    0.602666    0.537037    0.554483    2700        293.877551  0.060833    0.116373    0.370536    3.271666   
[36mINFO[0m 08/01 15:38:45 | 0.581818    0.592593    0.000000    0.715424    0.586107    0.800964    1.413620    0.565517    0.671233    0.739028    0.759615    0.862900    0.581818    0.586107    0.592593    0.565517    2800        304.761905  0.056866    0.115218    0.371018    3.271666   
[36mINFO[0m 08/01 15:38:57 | 0.586364    0.611111    0.000000    0.707258    0.600883    0.779934    1.481024    0.575172    0.616438    0.664577    0.798077    0.895292    0.586364    0.600883    0.611111    0.575172    2900        315.646259  0.073290    0.115852    0.362835    3.271666   
[36mINFO[0m 08/01 15:39:09 | 0.518182    0.500000    0.000000    0.701133    0.563179    0.750825    1.495813    0.547586    0.575342    0.610502    0.826923    0.891149    0.518182    0.563179    0.500000    0.547586    3000        326.530612  0.042567    0.115257    0.382661    3.271666   
[36mINFO[0m 08/01 15:39:22 | 0.559091    0.555556    0.000000    0.648248    0.598166    0.714485    1.626100    0.558621    0.575342    0.601097    0.721154    0.827872    0.559091    0.598166    0.555556    0.558621    3100        337.414966  0.051781    0.120860    0.360222    3.271666   
[36mINFO[0m 08/01 15:39:34 | 0.545455    0.592593    0.000000    0.707258    0.558764    0.793527    1.246573    0.572414    0.616438    0.685737    0.798077    0.901318    0.545455    0.558764    0.592593    0.572414    3200        348.299320  0.053308    0.120466    0.375489    3.271666   
[36mINFO[0m 08/01 15:39:46 | 0.586364    0.574074    0.000000    0.763501    0.591712    0.802409    1.069932    0.524138    0.671233    0.687304    0.855769    0.917514    0.586364    0.591712    0.574074    0.524138    3300        359.183673  0.052671    0.117196    0.362043    3.271666   
[36mINFO[0m 08/01 15:39:58 | 0.577273    0.537037    0.000000    0.737421    0.619735    0.799311    1.398660    0.556552    0.657534    0.721787    0.817308    0.876836    0.577273    0.619735    0.537037    0.556552    3400        370.068027  0.045264    0.117668    0.431859    3.271666   
[36mINFO[0m 08/01 15:40:11 | 0.554545    0.537037    0.000000    0.695601    0.562075    0.758648    1.148403    0.547586    0.602740    0.673981    0.788462    0.843315    0.554545    0.562075    0.537037    0.547586    3500        380.952381  0.049438    0.117415    0.365999    3.271666   
[36mINFO[0m 08/01 15:40:23 | 0.600000    0.555556    0.000000    0.779241    0.629416    0.801264    1.361286    0.563448    0.712329    0.686520    0.846154    0.916008    0.600000    0.629416    0.555556    0.563448    3600        391.836735  0.045111    0.116509    0.356768    3.271666   
[36mINFO[0m 08/01 15:40:35 | 0.509091    0.425926    0.000000    0.637316    0.624660    0.765464    3.248535    0.577241    0.534247    0.690439    0.740385    0.840490    0.509091    0.624660    0.425926    0.577241    3700        402.721088  0.036507    0.118150    0.373389    3.271666   
[36mINFO[0m 08/01 15:40:47 | 0.559091    0.537037    0.000000    0.705216    0.591882    0.787747    1.932909    0.612414    0.602740    0.669279    0.807692    0.906215    0.559091    0.591882    0.537037    0.612414    3800        413.605442  0.052296    0.120061    0.377445    3.271666   
[36mINFO[0m 08/01 15:40:59 | 0.590909    0.537037    0.000000    0.738145    0.579399    0.776830    1.476176    0.536552    0.630137    0.659875    0.846154    0.893785    0.590909    0.579399    0.537037    0.536552    3900        424.489796  0.043789    0.114892    0.369314    3.271666   
[36mINFO[0m 08/01 15:41:11 | 0.613636    0.518519    0.000000    0.705216    0.605384    0.771035    1.796973    0.537931    0.602740    0.666928    0.807692    0.875141    0.613636    0.605384    0.518519    0.537931    4000        435.374150  0.041070    0.116776    0.476902    3.271666   
[36mINFO[0m 08/01 15:41:23 | 0.540909    0.537037    0.000000    0.712065    0.554603    0.772289    1.346531    0.539310    0.616438    0.668495    0.807692    0.876083    0.540909    0.554603    0.537037    0.539310    4100        446.258503  0.061257    0.115262    0.385634    3.271666   
[36mINFO[0m 08/01 15:41:35 | 0.540909    0.555556    0.000000    0.719639    0.567595    0.757851    1.917482    0.574483    0.602740    0.642633    0.836538    0.873070    0.540909    0.567595    0.555556    0.574483    4200        457.142857  0.042066    0.118938    0.399376    3.271666   
[36mINFO[0m 08/01 15:41:48 | 0.540909    0.518519    0.000000    0.707258    0.567850    0.767068    1.879616    0.513103    0.616438    0.661442    0.798077    0.872693    0.540909    0.567850    0.518519    0.513103    4300        468.027211  0.039010    0.119178    0.401858    3.271666   
[36mINFO[0m 08/01 15:42:00 | 0.545455    0.555556    0.000000    0.725040    0.614852    0.790755    1.599036    0.498621    0.671233    0.727273    0.778846    0.854237    0.545455    0.614852    0.555556    0.498621    4400        478.911565  0.042690    0.116035    0.374610    3.271666   
[36mINFO[0m 08/01 15:42:12 | 0.550000    0.500000    0.000000    0.696193    0.581819    0.766258    1.470971    0.562759    0.671233    0.726489    0.721154    0.806026    0.550000    0.581819    0.500000    0.562759    4500        489.795918  0.042992    0.117650    0.458743    3.271666   
[36mINFO[0m 08/01 15:42:24 | 0.590909    0.500000    0.000000    0.645614    0.619650    0.734405    1.851297    0.497241    0.493151    0.618339    0.798077    0.850471    0.590909    0.619650    0.500000    0.497241    4600        500.680272  0.035719    0.118668    0.412935    3.271666   
[36mINFO[0m 08/01 15:42:36 | 0.595455    0.555556    0.000000    0.689476    0.611158    0.743371    1.730056    0.551724    0.561644    0.609718    0.817308    0.877024    0.595455    0.611158    0.555556    0.551724    4700        511.564626  0.036890    0.117203    0.365620    3.271666   
[36mINFO[0m 08/01 15:42:49 | 0.604545    0.574074    0.000000    0.695601    0.621179    0.767746    1.690987    0.520000    0.602740    0.706113    0.788462    0.829379    0.604545    0.621179    0.574074    0.520000    4800        522.448980  0.044948    0.117926    0.370825    3.271666   
[36mINFO[0m 08/01 15:43:01 | 0.609091    0.555556    0.000000    0.734655    0.631411    0.781101    1.569862    0.540690    0.671233    0.705329    0.798077    0.856874    0.609091    0.631411    0.555556    0.540690    4900        533.333333  0.035450    0.120391    0.370713    3.271666   
[36mINFO[0m 08/01 15:43:14 | 0.618182    0.555556    0.000000    0.692835    0.640795    0.746379    2.459946    0.477241    0.616438    0.643417    0.769231    0.849341    0.618182    0.640795    0.555556    0.477241    5000        544.217687  0.035513    0.125957    0.355232    3.271666   
[36mINFO[0m 08/01 15:43:14 | ---
[36mINFO[0m 08/01 15:43:14 | oracle = 58.182%
[36mINFO[0m 08/01 15:43:14 | iid = 60.000%
[36mINFO[0m 08/01 15:43:14 | last = 61.818%
[36mINFO[0m 08/01 15:43:14 | last (inD) = 69.283%
[36mINFO[0m 08/01 15:43:14 | iid (inD) = 77.924%
[36mINFO[0m 08/01 15:43:15 | === Summary ===
[36mINFO[0m 08/01 15:43:15 | Command: /home/s21_yhr/lzh/DomainBed-new/train_all.py HTP_Arith_seed2 --dataset HTP --data_dir /home/s21_yhr/lzh/DomainBed-new/dataset --algorithm Arith --steps 5000 --checkpoint_freq 100 --batch_size 32 --optimizer adam --lr 5e-5 --weight_decay 0 --resnet_dropout 0 --resnet18 False --pretrained True --freeze_bn True --swad False --seed 2 --trial_seed 2 --deterministic --prebuild_loader --cache_size 640 --arith_meta_lr 0.01
[36mINFO[0m 08/01 15:43:15 | Unique name: 260801_15-12-12_HTP_Arith_seed2
[36mINFO[0m 08/01 15:43:15 | Out path: train_output/HTP/260801_15-12-12_HTP_Arith_seed2
[36mINFO[0m 08/01 15:43:15 | Algorithm: Arith
[36mINFO[0m 08/01 15:43:15 | Dataset: HTP
+------------+---------+---------+---------+---------+
| Selection  |    00   |    01   |    02   |   Avg.  |
+------------+---------+---------+---------+---------+
|   oracle   | 57.823% | 50.119% | 58.182% | 55.375% |
|    iid     | 56.463% | 52.506% | 60.000% | 56.323% |
|    last    | 55.782% | 53.938% | 61.818% | 57.179% |
| last (inD) | 68.679% | 52.600% | 69.283% | 63.521% |
| iid (inD)  | 71.973% | 63.153% | 77.924% | 71.017% |
+------------+---------+---------+---------+---------+
================================================================================
Starting Arith, seed=3, physical GPU=1
/home/s21_yhr/miniconda3/envs/GGA/bin/python /home/s21_yhr/lzh/DomainBed-new/train_all.py HTP_Arith_seed3 --dataset HTP --data_dir /home/s21_yhr/lzh/DomainBed-new/dataset --algorithm Arith --steps 5000 --checkpoint_freq 100 --batch_size 32 --optimizer adam --lr 5e-5 --weight_decay 0 --resnet_dropout 0 --resnet18 False --pretrained True --freeze_bn True --swad False --seed 3 --trial_seed 3 --deterministic --prebuild_loader --cache_size 640 --arith_meta_lr 0.01
================================================================================
[36mINFO[0m 08/01 15:43:21 | Command :: /home/s21_yhr/lzh/DomainBed-new/train_all.py HTP_Arith_seed3 --dataset HTP --data_dir /home/s21_yhr/lzh/DomainBed-new/dataset --algorithm Arith --steps 5000 --checkpoint_freq 100 --batch_size 32 --optimizer adam --lr 5e-5 --weight_decay 0 --resnet_dropout 0 --resnet18 False --pretrained True --freeze_bn True --swad False --seed 3 --trial_seed 3 --deterministic --prebuild_loader --cache_size 640 --arith_meta_lr 0.01
Environment:
	Python: 3.11.15
	PyTorch: 2.11.0+cu128
	Torchvision: 0.26.0+cu128
	CUDA: 12.8
	CUDNN: 91900
	NumPy: 1.26.4
	PIL: 12.2.0
Args:
	algorithm: Arith
	batch_size: 32
	cache_root: cache
	cache_size: 640
	checkpoint_freq: 100
	configs: []
	data_dir: /home/s21_yhr/lzh/DomainBed-new/dataset
	dataset: HTP
	debug: False
	deterministic: True
	end_step: 200
	evalmode: fast
	extra_search: n
	extra_search_end: None
	extra_search_start: None
	gga_l_gamma: 0.001
	grad_fn: sum
	holdout_fraction: 0.2
	model_save: None
	name: HTP_Arith_seed3
	neighborhoodSize: 1e-06
	out_dir: train_output/HTP/260801_15-43-20_HTP_Arith_seed3
	out_root: train_output/HTP
	prebuild_loader: True
	seed: 3
	show: False
	start_step: 100
	steps: 5000
	tb_freq: 10
	test_envs: None
	train_output: train_output
	trial_seed: 3
	unique_name: 260801_15-43-20_HTP_Arith_seed3
	work_dir: .
HParams:
	data_augmentation: True
	val_augment: False
	[36mresnet18: False
	[0m[36mresnet_dropout: 0
	[0mclass_balanced: False
	[36moptimizer: adam
	[0m[36mfreeze_bn: True
	[0m[36mpretrained: True
	[0m[36mlr: 5e-05
	[0mbatch_size: 32
	[36mweight_decay: 0
	[0m[36marith_meta_lr: 0.01
	[0m[36mswad: False
	[0mswad_kwargs: 
	  n_converge: 3
	  n_tolerance: 6
	  tolerance_ratio: 0.3
	test_batchsize: 128
	indomain_test: False
	grad_fn: sum
	extra_search: n
	logdir: train_output/HTP/260801_15-43-20_HTP_Arith_seed3
	neighborhoodSize: 1e-06
	start_step: 100
	end_step: 200
	extra_search_start: None
	extra_search_end: None
	gga_l_gamma: 0.001
Dataset:
	[HTP] #envs=3, #classes=2
	env0: 00 (#367)
	env1: 01 (#523)
	env2: 02 (#274)

[36mINFO[0m 08/01 15:43:21 | n_steps = 5000
[36mINFO[0m 08/01 15:43:21 | checkpoint_freq = 100
[36mINFO[0m 08/01 15:43:21 | n_steps is updated to 5000 => 5001 for checkpointing
[36mINFO[0m 08/01 15:43:21 | Target test envs = [[0], [1], [2]]
[36mINFO[0m 08/01 15:43:21 | 
[36mINFO[0m 08/01 15:43:21 | Testenv name escaping te_00 -> te_00
[36mINFO[0m 08/01 15:43:21 | Test envs = [0], name = te_00
[36mINFO[0m 08/01 15:43:21 | Batch sizes for each domain: [0, 32, 32] (total=64)
[36mINFO[0m 08/01 15:43:21 | steps-per-epoch for each domain: 13.09, 6.88 -> min = 6.88
/home/s21_yhr/miniconda3/envs/GGA/lib/python3.11/site-packages/torchvision/models/_utils.py:208: UserWarning: The parameter 'pretrained' is deprecated since 0.13 and may be removed in the future, please use 'weights' instead.
  warnings.warn(
/home/s21_yhr/miniconda3/envs/GGA/lib/python3.11/site-packages/torchvision/models/_utils.py:223: UserWarning: Arguments other than a weight enum or `None` for 'weights' are deprecated since 0.13 and may be removed in the future. The current behavior is equivalent to passing `weights=ResNet50_Weights.IMAGENET1K_V1`. You can also use `weights=ResNet50_Weights.DEFAULT` to get the most up-to-date weights.
  warnings.warn(msg)
[36mINFO[0m 08/01 15:43:25 | # of params = 23512130
[36mINFO[0m 08/01 15:43:26 | test_in     test_out    train_in    train_out   test_in_au  test_out_a  train_out_  tr_outloss  env0_in     env0_in_au  env0_out    env0_out_a  env1_out    env1_out_a  env2_out    env2_out_a  step        epoch       loss        step_time   eval_time   mem_gb     
[36mINFO[0m 08/01 15:43:26 | 0.571429    0.602740    0.000000    0.541845    0.445295    0.506202    0.566713    0.687301    0.571429    0.445295    0.602740    0.506202    0.509615    0.640370    0.574074    0.493056    0           0.000000    1.179560    0.892890    0.665461    2.998997   
[36mINFO[0m 08/01 15:43:39 | 0.540816    0.561644    0.000000    0.760506    0.510346    0.566667    0.817963    0.541023    0.540816    0.510346    0.561644    0.566667    0.817308    0.930370    0.703704    0.705556    100         14.545455   0.613776    0.127275    0.460080    3.268919   
[36mINFO[0m 08/01 15:43:52 | 0.469388    0.561644    0.000000    0.605413    0.526408    0.597674    0.796713    0.625168    0.469388    0.526408    0.561644    0.597674    0.692308    0.928148    0.518519    0.665278    200         29.090909   0.522648    0.119800    0.395452    3.268919   
[36mINFO[0m 08/01 15:44:05 | 0.527211    0.630137    0.000000    0.681624    0.506094    0.648062    0.772778    0.711286    0.527211    0.506094    0.630137    0.648062    0.807692    0.940000    0.555556    0.605556    300         43.636364   0.395217    0.125174    0.409682    3.268919   
[36mINFO[0m 08/01 15:44:17 | 0.544218    0.589041    0.000000    0.751959    0.556311    0.672093    0.775556    0.757026    0.544218    0.556311    0.589041    0.672093    0.855769    0.928889    0.648148    0.622222    400         58.181818   0.273690    0.116943    0.455193    3.268919   
[36mINFO[0m 08/01 15:44:29 | 0.544218    0.657534    0.000000    0.695691    0.533872    0.694574    0.749907    1.165546    0.544218    0.533872    0.657534    0.694574    0.817308    0.908148    0.574074    0.591667    500         72.727273   0.212624    0.119627    0.481444    3.268919   
[36mINFO[0m 08/01 15:44:41 | 0.578231    0.602740    0.000000    0.733084    0.532691    0.624806    0.763519    1.705862    0.578231    0.532691    0.602740    0.624806    0.836538    0.899259    0.629630    0.627778    600         87.272727   0.174875    0.116429    0.472767    3.268919   
[36mINFO[0m 08/01 15:44:53 | 0.551020    0.630137    0.000000    0.709046    0.533211    0.665891    0.763380    1.542334    0.551020    0.533211    0.630137    0.665891    0.788462    0.905926    0.629630    0.620833    700         101.818182  0.150304    0.113850    0.492071    3.268919   
[36mINFO[0m 08/01 15:45:06 | 0.544218    0.589041    0.000000    0.699430    0.512046    0.632558    0.771852    1.613849    0.544218    0.512046    0.589041    0.632558    0.769231    0.910370    0.629630    0.633333    800         116.363636  0.130606    0.121234    0.446610    3.268919   
[36mINFO[0m 08/01 15:45:18 | 0.527211    0.630137    0.000000    0.672365    0.511432    0.631008    0.747778    1.199004    0.527211    0.511432    0.630137    0.631008    0.807692    0.895556    0.537037    0.600000    900         130.909091  0.141344    0.119723    0.479785    3.268919   
[36mINFO[0m 08/01 15:45:30 | 0.568027    0.657534    0.000000    0.709402    0.533069    0.676744    0.744722    1.943296    0.568027    0.533069    0.657534    0.676744    0.807692    0.881111    0.611111    0.608333    1000        145.454545  0.102028    0.114289    0.408803    3.268919   
[36mINFO[0m 08/01 15:45:43 | 0.506803    0.630137    0.000000    0.728276    0.499008    0.627907    0.773009    1.164196    0.506803    0.499008    0.630137    0.627907    0.826923    0.908519    0.629630    0.637500    1100        160.000000  0.117472    0.121051    0.402267    3.268919   
[36mINFO[0m 08/01 15:45:55 | 0.530612    0.602740    0.000000    0.723825    0.483702    0.602326    0.780185    1.070704    0.530612    0.483702    0.602740    0.602326    0.836538    0.904815    0.611111    0.655556    1200        174.545455  0.103217    0.115312    0.472262    3.268919   
[36mINFO[0m 08/01 15:46:07 | 0.537415    0.616438    0.000000    0.728276    0.512377    0.645736    0.763241    1.761879    0.537415    0.512377    0.616438    0.645736    0.826923    0.895926    0.629630    0.630556    1300        189.090909  0.114073    0.115817    0.406574    3.268919   
[36mINFO[0m 08/01 15:46:19 | 0.537415    0.602740    0.000000    0.690883    0.515401    0.648062    0.757500    1.784227    0.537415    0.515401    0.602740    0.648062    0.807692    0.878889    0.574074    0.636111    1400        203.636364  0.112763    0.119161    0.509647    3.268919   
[36mINFO[0m 08/01 15:46:32 | 0.571429    0.643836    0.000000    0.671296    0.509684    0.657364    0.736713    1.801306    0.571429    0.509684    0.643836    0.657364    0.750000    0.880370    0.592593    0.593056    1500        218.181818  0.092744    0.120003    0.519066    3.268919   
[36mINFO[0m 08/01 15:46:44 | 0.551020    0.726027    0.000000    0.705306    0.536069    0.731783    0.741574    2.212137    0.551020    0.536069    0.726027    0.731783    0.836538    0.897037    0.574074    0.586111    1600        232.727273  0.075193    0.113124    0.431118    3.268919   
[36mINFO[0m 08/01 15:46:56 | 0.547619    0.643836    0.000000    0.710470    0.520385    0.614729    0.768380    1.805637    0.547619    0.520385    0.643836    0.614729    0.865385    0.915926    0.555556    0.620833    1700        247.272727  0.073245    0.116354    0.419608    3.268919   
[36mINFO[0m 08/01 15:47:09 | 0.564626    0.616438    0.000000    0.713497    0.533352    0.638760    0.725093    1.517185    0.564626    0.533352    0.616438    0.638760    0.778846    0.819630    0.648148    0.630556    1800        261.818182  0.118957    0.123924    0.514577    3.268919   
[36mINFO[0m 08/01 15:47:22 | 0.551020    0.616438    0.000000    0.641738    0.517574    0.682946    0.713750    2.013852    0.551020    0.517574    0.616438    0.682946    0.653846    0.834444    0.629630    0.593056    1900        276.363636  0.093135    0.127593    0.421231    3.268919   
[36mINFO[0m 08/01 15:47:34 | 0.551020    0.616438    0.000000    0.709402    0.528581    0.675194    0.744537    1.765993    0.551020    0.528581    0.616438    0.675194    0.807692    0.875185    0.611111    0.613889    2000        290.909091  0.073474    0.113449    0.454346    3.268919   
[36mINFO[0m 08/01 15:47:46 | 0.554422    0.602740    0.000000    0.676460    0.523951    0.615504    0.723472    2.145875    0.554422    0.523951    0.602740    0.615504    0.778846    0.845556    0.574074    0.601389    2100        305.454545  0.076612    0.116922    0.403336    3.268919   
[36mINFO[0m 08/01 15:47:58 | 0.510204    0.602740    0.000000    0.723825    0.504630    0.597674    0.749907    1.570664    0.510204    0.504630    0.602740    0.597674    0.836538    0.863704    0.611111    0.636111    2200        320.000000  0.067343    0.118585    0.425400    3.268919   
[36mINFO[0m 08/01 15:48:10 | 0.551020    0.657534    0.000000    0.728632    0.546155    0.624806    0.761435    2.157470    0.551020    0.546155    0.657534    0.624806    0.846154    0.910370    0.611111    0.612500    2300        334.545455  0.071985    0.120210    0.453772    3.268919   
[36mINFO[0m 08/01 15:48:22 | 0.547619    0.589041    0.000000    0.728276    0.526691    0.650388    0.749028    2.195178    0.547619    0.526691    0.589041    0.650388    0.826923    0.868889    0.629630    0.629167    2400        349.090909  0.071499    0.115791    0.419380    3.268919   
[36mINFO[0m 08/01 15:48:35 | 0.540816    0.616438    0.000000    0.728632    0.518424    0.662791    0.743657    1.673155    0.540816    0.518424    0.616438    0.662791    0.846154    0.869259    0.611111    0.618056    2500        363.636364  0.073915    0.121154    0.398576    3.268919   
[36mINFO[0m 08/01 15:48:47 | 0.564626    0.589041    0.000000    0.718305    0.526101    0.642636    0.751065    2.269248    0.564626    0.526101    0.589041    0.642636    0.788462    0.884074    0.648148    0.618056    2600        378.181818  0.059622    0.117915    0.401967    3.268919   
[36mINFO[0m 08/01 15:48:59 | 0.530612    0.643836    0.000000    0.728276    0.525841    0.675194    0.736157    1.638601    0.530612    0.525841    0.643836    0.675194    0.826923    0.857037    0.629630    0.615278    2700        392.727273  0.069042    0.116927    0.489411    3.268919   
[36mINFO[0m 08/01 15:49:11 | 0.557823    0.616438    0.000000    0.685719    0.531132    0.641085    0.723102    2.396639    0.557823    0.531132    0.616438    0.641085    0.778846    0.867037    0.592593    0.579167    2800        407.272727  0.070643    0.116808    0.395646    3.268919   
[36mINFO[0m 08/01 15:49:24 | 0.544218    0.630137    0.000000    0.728632    0.525345    0.630233    0.759630    1.770041    0.544218    0.525345    0.630137    0.630233    0.846154    0.905370    0.611111    0.613889    2900        421.818182  0.058617    0.124987    0.417368    3.268919   
[36mINFO[0m 08/01 15:49:37 | 0.530612    0.630137    0.000000    0.714209    0.486820    0.661240    0.768009    2.082870    0.530612    0.486820    0.630137    0.661240    0.817308    0.904074    0.611111    0.631944    3000        436.363636  0.065534    0.120498    0.408513    3.268919   
[36mINFO[0m 08/01 15:49:49 | 0.551020    0.698630    0.000000    0.704950    0.510842    0.689147    0.747824    1.948059    0.551020    0.510842    0.698630    0.689147    0.817308    0.885926    0.592593    0.609722    3100        450.909091  0.063284    0.116731    0.419352    3.268919   
[36mINFO[0m 08/01 15:50:01 | 0.527211    0.616438    0.000000    0.690527    0.489725    0.606202    0.761296    2.158247    0.527211    0.489725    0.616438    0.606202    0.788462    0.869815    0.592593    0.652778    3200        465.454545  0.062436    0.117600    0.519550    3.268919   
[36mINFO[0m 08/01 15:50:13 | 0.534014    0.602740    0.000000    0.714209    0.513724    0.641860    0.764421    2.393114    0.534014    0.513724    0.602740    0.641860    0.817308    0.905926    0.611111    0.622917    3300        480.000000  0.048528    0.116769    0.447784    3.268919   
[36mINFO[0m 08/01 15:50:26 | 0.530612    0.630137    0.000000    0.714566    0.512401    0.672868    0.753056    1.951243    0.530612    0.512401    0.630137    0.672868    0.836538    0.886667    0.592593    0.619444    3400        494.545455  0.065948    0.116174    0.453574    3.268919   
[36mINFO[0m 08/01 15:50:38 | 0.554422    0.630137    0.000000    0.699786    0.524943    0.692248    0.734352    2.045311    0.554422    0.524943    0.630137    0.692248    0.788462    0.877037    0.611111    0.591667    3500        509.090909  0.043839    0.118483    0.417834    3.268919   
[36mINFO[0m 08/01 15:50:50 | 0.544218    0.589041    0.000000    0.672009    0.522817    0.640310    0.735000    2.394336    0.544218    0.522817    0.589041    0.640310    0.788462    0.847778    0.555556    0.622222    3600        523.636364  0.054446    0.117574    0.445100    3.268919   
[36mINFO[0m 08/01 15:51:02 | 0.568027    0.684932    0.000000    0.713853    0.520503    0.668217    0.727917    2.953460    0.568027    0.520503    0.684932    0.668217    0.798077    0.843333    0.629630    0.612500    3700        538.181818  0.048143    0.119152    0.416200    3.268919   
[36mINFO[0m 08/01 15:51:14 | 0.520408    0.575342    0.000000    0.648326    0.521613    0.637209    0.744676    2.509306    0.520408    0.521613    0.575342    0.637209    0.759615    0.879630    0.537037    0.609722    3800        552.727273  0.059591    0.115954    0.505665    3.268919   
[36mINFO[0m 08/01 15:51:27 | 0.537415    0.630137    0.000000    0.724181    0.518235    0.620930    0.765394    2.263175    0.537415    0.518235    0.630137    0.620930    0.855769    0.914815    0.592593    0.615972    3900        567.272727  0.060519    0.125275    0.402803    3.268919   
[36mINFO[0m 08/01 15:51:40 | 0.540816    0.657534    0.000000    0.685719    0.494189    0.652713    0.743426    1.700261    0.540816    0.494189    0.657534    0.652713    0.778846    0.867407    0.592593    0.619444    4000        581.818182  0.064573    0.116518    0.407779    3.268919   
[36mINFO[0m 08/01 15:51:52 | 0.537415    0.616438    0.000000    0.723113    0.508338    0.606202    0.767755    2.049132    0.537415    0.508338    0.616438    0.606202    0.798077    0.876481    0.648148    0.659028    4100        596.363636  0.047856    0.119901    0.403922    3.268919   
[36mINFO[0m 08/01 15:52:04 | 0.537415    0.589041    0.000000    0.709402    0.521211    0.610853    0.772755    2.304488    0.537415    0.521211    0.589041    0.610853    0.807692    0.897593    0.611111    0.647917    4200        610.909091  0.041605    0.118557    0.404240    3.268919   
[36mINFO[0m 08/01 15:52:17 | 0.561224    0.616438    0.000000    0.666845    0.511976    0.645736    0.736389    3.507137    0.561224    0.511976    0.616438    0.645736    0.759615    0.881111    0.574074    0.591667    4300        625.454545  0.041247    0.119598    0.436650    3.268919   
[36mINFO[0m 08/01 15:52:29 | 0.534014    0.616438    0.000000    0.671296    0.522345    0.658140    0.700509    2.602130    0.534014    0.522345    0.616438    0.658140    0.750000    0.782963    0.592593    0.618056    4400        640.000000  0.058067    0.116943    0.409027    3.268919   
[36mINFO[0m 08/01 15:52:41 | 0.557823    0.602740    0.000000    0.723825    0.506378    0.602326    0.746620    2.069886    0.557823    0.506378    0.602740    0.602326    0.836538    0.875185    0.611111    0.618056    4500        654.545455  0.046346    0.119038    0.440637    3.268919   
[36mINFO[0m 08/01 15:52:54 | 0.537415    0.589041    0.000000    0.709402    0.505078    0.617829    0.752569    2.985415    0.537415    0.505078    0.589041    0.617829    0.807692    0.879444    0.611111    0.625694    4600        669.090909  0.038399    0.128525    0.501795    3.268919   
[36mINFO[0m 08/01 15:53:07 | 0.527211    0.616438    0.000000    0.704950    0.520550    0.658915    0.755417    2.204315    0.527211    0.520550    0.616438    0.658915    0.817308    0.876111    0.592593    0.634722    4700        683.636364  0.052836    0.119204    0.435501    3.268919   
[36mINFO[0m 08/01 15:53:20 | 0.530612    0.630137    0.000000    0.703526    0.509944    0.624806    0.751389    1.819712    0.530612    0.509944    0.630137    0.624806    0.740385    0.838889    0.666667    0.663889    4800        698.181818  0.070930    0.123999    0.456434    3.268919   
[36mINFO[0m 08/01 15:53:32 | 0.513605    0.602740    0.000000    0.656873    0.488308    0.592248    0.723218    2.445743    0.513605    0.488308    0.602740    0.592248    0.721154    0.815185    0.592593    0.631250    4900        712.727273  0.045249    0.120049    0.398020    3.268919   
[36mINFO[0m 08/01 15:53:44 | 0.547619    0.643836    0.000000    0.680912    0.504724    0.675194    0.738333    2.651092    0.547619    0.504724    0.643836    0.675194    0.769231    0.860000    0.592593    0.616667    5000        727.272727  0.036972    0.115897    0.400651    3.268919   
[36mINFO[0m 08/01 15:53:44 | ---
[36mINFO[0m 08/01 15:53:44 | oracle = 55.102%
[36mINFO[0m 08/01 15:53:44 | iid = 54.082%
[36mINFO[0m 08/01 15:53:44 | last = 54.762%
[36mINFO[0m 08/01 15:53:44 | last (inD) = 68.091%
[36mINFO[0m 08/01 15:53:44 | iid (inD) = 76.051%
[36mINFO[0m 08/01 15:53:45 | 
[36mINFO[0m 08/01 15:53:45 | Testenv name escaping te_01 -> te_01
[36mINFO[0m 08/01 15:53:45 | Test envs = [1], name = te_01
[36mINFO[0m 08/01 15:53:45 | Batch sizes for each domain: [32, 0, 32] (total=64)
[36mINFO[0m 08/01 15:53:45 | steps-per-epoch for each domain: 9.19, 6.88 -> min = 6.88
/home/s21_yhr/miniconda3/envs/GGA/lib/python3.11/site-packages/torchvision/models/_utils.py:208: UserWarning: The parameter 'pretrained' is deprecated since 0.13 and may be removed in the future, please use 'weights' instead.
  warnings.warn(
/home/s21_yhr/miniconda3/envs/GGA/lib/python3.11/site-packages/torchvision/models/_utils.py:223: UserWarning: Arguments other than a weight enum or `None` for 'weights' are deprecated since 0.13 and may be removed in the future. The current behavior is equivalent to passing `weights=ResNet50_Weights.IMAGENET1K_V1`. You can also use `weights=ResNet50_Weights.DEFAULT` to get the most up-to-date weights.
  warnings.warn(msg)
[36mINFO[0m 08/01 15:53:49 | # of params = 23512130
[36mINFO[0m 08/01 15:53:49 | test_in     test_out    train_in    train_out   test_in_au  train_out_  tr_outloss  test_out_a  env0_out    env0_out_a  env1_in     env1_in_au  env1_out    env1_out_a  env2_out    env2_out_a  step        epoch       loss        step_time   eval_time   mem_gb     
[36mINFO[0m 08/01 15:53:49 | 0.501193    0.519231    0.000000    0.572298    0.693780    0.451744    0.693606    0.681481    0.589041    0.420155    0.501193    0.693780    0.519231    0.681481    0.555556    0.483333    0           0.000000    0.738007    0.117809    0.576225    2.997349   
[36mINFO[0m 08/01 15:54:02 | 0.701671    0.730769    0.000000    0.671360    0.746275    0.681702    0.676513    0.758519    0.657534    0.695349    0.701671    0.746275    0.730769    0.758519    0.685185    0.668056    100         14.545455   0.645666    0.120004    0.550479    3.271666   
[36mINFO[0m 08/01 15:54:14 | 0.570406    0.586538    0.000000    0.694318    0.621577    0.699257    0.954698    0.646667    0.684932    0.712403    0.570406    0.621577    0.586538    0.646667    0.703704    0.686111    200         29.090909   0.480898    0.118851    0.564852    3.271666   
[36mINFO[0m 08/01 15:54:27 | 0.575179    0.596154    0.000000    0.691908    0.604010    0.710998    1.223283    0.617778    0.698630    0.751163    0.575179    0.604010    0.596154    0.617778    0.685185    0.670833    300         43.636364   0.285740    0.118282    0.585636    3.271666   
[36mINFO[0m 08/01 15:54:39 | 0.603819    0.586538    0.000000    0.621005    0.645546    0.684545    1.286052    0.610741    0.575342    0.689922    0.603819    0.645546    0.586538    0.610741    0.666667    0.679167    400         58.181818   0.193908    0.113678    0.562237    3.271666   
[36mINFO[0m 08/01 15:54:51 | 0.575179    0.576923    0.000000    0.643582    0.611255    0.689503    1.153008    0.614444    0.657534    0.698450    0.575179    0.611255    0.576923    0.614444    0.629630    0.680556    500         72.727273   0.156365    0.118200    0.573395    3.271666   
[36mINFO[0m 08/01 15:55:03 | 0.587112    0.605769    0.000000    0.636733    0.630098    0.716247    1.498851    0.631481    0.643836    0.718605    0.587112    0.630098    0.605769    0.631481    0.629630    0.713889    600         87.272727   0.143439    0.118164    0.574687    3.271666   
[36mINFO[0m 08/01 15:55:16 | 0.529833    0.500000    0.000000    0.636352    0.579836    0.719654    2.091918    0.572222    0.698630    0.757364    0.529833    0.579836    0.500000    0.572222    0.574074    0.681944    700         101.818182  0.139758    0.122165    0.578066    3.271666   
[36mINFO[0m 08/01 15:55:29 | 0.546539    0.480769    0.000000    0.668950    0.538528    0.708866    1.751044    0.484815    0.671233    0.730233    0.546539    0.538528    0.480769    0.484815    0.666667    0.687500    800         116.363636  0.092781    0.117928    0.512179    3.271666   
[36mINFO[0m 08/01 15:55:41 | 0.570406    0.653846    0.000000    0.664510    0.614605    0.699629    1.864038    0.684444    0.643836    0.706202    0.570406    0.614605    0.653846    0.684444    0.685185    0.693056    900         130.909091  0.084506    0.116931    0.498033    3.271666   
[36mINFO[0m 08/01 15:55:53 | 0.591885    0.586538    0.000000    0.618214    0.640100    0.693492    1.682133    0.593704    0.643836    0.721705    0.591885    0.640100    0.586538    0.593704    0.592593    0.665278    1000        145.454545  0.075685    0.121302    0.513657    3.271666   
[36mINFO[0m 08/01 15:56:06 | 0.534606    0.576923    0.000000    0.641172    0.557826    0.707849    1.508112    0.592963    0.671233    0.757364    0.534606    0.557826    0.576923    0.592963    0.611111    0.658333    1100        160.000000  0.085005    0.115282    0.534759    3.271666   
[36mINFO[0m 08/01 15:56:18 | 0.539379    0.509615    0.000000    0.638762    0.558761    0.709948    1.673773    0.557407    0.684932    0.764341    0.539379    0.558761    0.509615    0.557407    0.592593    0.655556    1200        174.545455  0.095784    0.122330    0.506927    3.271666   
[36mINFO[0m 08/01 15:56:31 | 0.534606    0.596154    0.000000    0.641172    0.595056    0.724879    2.264024    0.649630    0.671233    0.764341    0.534606    0.595056    0.596154    0.649630    0.611111    0.685417    1300        189.090909  0.083258    0.121352    0.543304    3.271666   
[36mINFO[0m 08/01 15:56:43 | 0.541766    0.548077    0.000000    0.641553    0.563044    0.682817    1.926293    0.594444    0.616438    0.676744    0.541766    0.563044    0.548077    0.594444    0.666667    0.688889    1400        203.636364  0.067547    0.117447    0.550667    3.271666   
[36mINFO[0m 08/01 15:56:56 | 0.548926    0.538462    0.000000    0.639143    0.584598    0.659916    1.476066    0.566667    0.630137    0.650388    0.548926    0.584598    0.538462    0.566667    0.648148    0.669444    1500        218.181818  0.077013    0.119384    0.533200    3.271666   
[36mINFO[0m 08/01 15:57:08 | 0.541766    0.557692    0.000000    0.634323    0.582524    0.689196    1.519287    0.589630    0.657534    0.732558    0.541766    0.582524    0.557692    0.589630    0.611111    0.645833    1600        232.727273  0.062286    0.117586    0.633062    3.271666   
[36mINFO[0m 08/01 15:57:21 | 0.587112    0.586538    0.000000    0.623034    0.616860    0.678521    1.856674    0.617407    0.616438    0.720930    0.587112    0.616860    0.586538    0.617407    0.629630    0.636111    1700        247.272727  0.062299    0.121202    0.545538    3.271666   
[36mINFO[0m 08/01 15:57:34 | 0.570406    0.634615    0.000000    0.639143    0.607667    0.681307    2.610488    0.632222    0.630137    0.707752    0.570406    0.607667    0.634615    0.632222    0.648148    0.654861    1800        261.818182  0.065540    0.121024    0.521527    3.271666   
[36mINFO[0m 08/01 15:57:46 | 0.565632    0.586538    0.000000    0.643582    0.594589    0.689737    2.244149    0.573333    0.657534    0.716279    0.565632    0.594589    0.586538    0.573333    0.629630    0.663194    1900        276.363636  0.059786    0.118210    0.587784    3.271666   
[36mINFO[0m 08/01 15:57:58 | 0.565632    0.586538    0.000000    0.629883    0.590886    0.697965    3.158452    0.620556    0.630137    0.687597    0.565632    0.590886    0.586538    0.620556    0.629630    0.708333    2000        290.909091  0.051295    0.118187    0.574787    3.271666   
[36mINFO[0m 08/01 15:58:11 | 0.529833    0.548077    0.000000    0.609335    0.545705    0.649758    2.343831    0.597037    0.589041    0.628682    0.529833    0.545705    0.548077    0.597037    0.629630    0.670833    2100        305.454545  0.054042    0.118951    0.520564    3.271666   
[36mINFO[0m 08/01 15:58:23 | 0.491647    0.557692    0.000000    0.659691    0.503486    0.670107    2.012218    0.571111    0.671233    0.686047    0.491647    0.503486    0.557692    0.571111    0.648148    0.654167    2200        320.000000  0.050829    0.115103    0.524713    3.271666   
[36mINFO[0m 08/01 15:58:35 | 0.505967    0.538462    0.000000    0.623034    0.534085    0.664083    2.123640    0.570000    0.616438    0.683721    0.505967    0.534085    0.538462    0.570000    0.629630    0.644444    2300        334.545455  0.057862    0.118604    0.574184    3.271666   
[36mINFO[0m 08/01 15:58:47 | 0.539379    0.538462    0.000000    0.613775    0.574994    0.669671    2.932199    0.556667    0.616438    0.664341    0.539379    0.574994    0.538462    0.556667    0.611111    0.675000    2400        349.090909  0.063940    0.115598    0.539494    3.271666   
[36mINFO[0m 08/01 15:59:00 | 0.541766    0.538462    0.000000    0.650431    0.595170    0.716844    2.827487    0.603333    0.671233    0.743411    0.541766    0.595170    0.538462    0.603333    0.629630    0.690278    2500        363.636364  0.053586    0.120967    0.642958    3.271666   
[36mINFO[0m 08/01 15:59:12 | 0.527446    0.509615    0.000000    0.615804    0.530622    0.688275    2.745772    0.504444    0.657534    0.701550    0.527446    0.530622    0.509615    0.504444    0.574074    0.675000    2600        378.181818  0.058318    0.116452    0.514431    3.271666   
[36mINFO[0m 08/01 15:59:25 | 0.560859    0.557692    0.000000    0.590436    0.587810    0.673046    1.938972    0.591111    0.643836    0.722481    0.560859    0.587810    0.557692    0.591111    0.537037    0.623611    2700        392.727273  0.053435    0.122141    0.535728    3.271666   
[36mINFO[0m 08/01 15:59:37 | 0.520286    0.538462    0.000000    0.668569    0.557097    0.709512    1.808424    0.579630    0.726027    0.775969    0.520286    0.557097    0.538462    0.579630    0.611111    0.643056    2800        407.272727  0.053912    0.117331    0.574992    3.271666   
[36mINFO[0m 08/01 15:59:50 | 0.534606    0.586538    0.000000    0.629883    0.617476    0.698288    2.492399    0.648889    0.630137    0.727132    0.534606    0.617476    0.586538    0.648889    0.629630    0.669444    2900        421.818182  0.040036    0.122490    0.541422    3.271666   
[36mINFO[0m 08/01 16:00:03 | 0.553699    0.576923    0.000000    0.659691    0.515026    0.652019    3.202443    0.569444    0.671233    0.672093    0.553699    0.515026    0.576923    0.569444    0.648148    0.631944    3000        436.363636  0.056821    0.119729    0.633597    3.271666   
[36mINFO[0m 08/01 16:00:15 | 0.534606    0.528846    0.000000    0.613775    0.573912    0.702035    2.582362    0.582222    0.616438    0.712403    0.534606    0.573912    0.528846    0.582222    0.611111    0.691667    3100        450.909091  0.055866    0.117345    0.531574    3.271666   
[36mINFO[0m 08/01 16:00:28 | 0.591885    0.548077    0.000000    0.664130    0.620392    0.692329    2.142635    0.650000    0.698630    0.719380    0.591885    0.620392    0.548077    0.650000    0.629630    0.665278    3200        465.454545  0.053894    0.120262    0.559633    3.271666   
[36mINFO[0m 08/01 16:00:40 | 0.489260    0.451923    0.000000    0.636733    0.525769    0.664511    3.052370    0.483704    0.643836    0.685271    0.489260    0.525769    0.451923    0.483704    0.629630    0.643750    3300        480.000000  0.041544    0.119679    0.532706    3.271666   
[36mINFO[0m 08/01 16:00:53 | 0.501193    0.461538    0.000000    0.631913    0.497220    0.708333    2.231394    0.476296    0.671233    0.733333    0.501193    0.497220    0.461538    0.476296    0.592593    0.683333    3400        494.545455  0.047942    0.121299    0.597907    3.271666   
[36mINFO[0m 08/01 16:01:05 | 0.570406    0.586538    0.000000    0.643582    0.598314    0.707219    2.855728    0.586667    0.657534    0.751938    0.570406    0.598314    0.586538    0.586667    0.629630    0.662500    3500        509.090909  0.041984    0.117262    0.530969    3.271666   
[36mINFO[0m 08/01 16:01:17 | 0.606205    0.644231    0.000000    0.664130    0.630383    0.701510    2.673278    0.674630    0.698630    0.735659    0.606205    0.630383    0.644231    0.674630    0.629630    0.667361    3600        523.636364  0.049887    0.114149    0.538003    3.271666   
[36mINFO[0m 08/01 16:01:29 | 0.539379    0.576923    0.000000    0.648021    0.591410    0.706420    2.705156    0.642963    0.684932    0.756589    0.539379    0.591410    0.576923    0.642963    0.611111    0.656250    3700        538.181818  0.049238    0.116402    0.541056    3.271666   
[36mINFO[0m 08/01 16:01:42 | 0.522673    0.586538    0.000000    0.636733    0.559923    0.701510    3.765578    0.661852    0.643836    0.735659    0.522673    0.559923    0.586538    0.661852    0.629630    0.667361    3800        552.727273  0.036484    0.115159    0.538862    3.271666   
[36mINFO[0m 08/01 16:01:54 | 0.498807    0.538462    0.000000    0.641172    0.547710    0.694138    2.157369    0.544444    0.671233    0.734109    0.498807    0.547710    0.538462    0.544444    0.611111    0.654167    3900        567.272727  0.050372    0.121220    0.511674    3.271666   
[36mINFO[0m 08/01 16:02:07 | 0.539379    0.557692    0.000000    0.620624    0.563978    0.695874    2.630071    0.612037    0.630137    0.767442    0.539379    0.563978    0.557692    0.612037    0.611111    0.624306    4000        581.818182  0.042707    0.118971    0.560250    3.271666   
[36mINFO[0m 08/01 16:02:20 | 0.563246    0.548077    0.000000    0.680238    0.590841    0.689922    2.675276    0.615926    0.712329    0.713178    0.563246    0.590841    0.548077    0.615926    0.648148    0.666667    4100        596.363636  0.042065    0.126035    0.574099    3.271666   
[36mINFO[0m 08/01 16:02:32 | 0.546539    0.634615    0.000000    0.625063    0.596753    0.693710    3.285463    0.642407    0.657534    0.732558    0.546539    0.596753    0.634615    0.642407    0.592593    0.654861    4200        610.909091  0.038987    0.119105    0.602281    3.271666   
[36mINFO[0m 08/01 16:02:45 | 0.548926    0.548077    0.000000    0.627473    0.578697    0.669735    2.052238    0.610000    0.643836    0.725581    0.548926    0.578697    0.548077    0.610000    0.611111    0.613889    4300        625.454545  0.047959    0.119466    0.520760    3.271666   
[36mINFO[0m 08/01 16:02:57 | 0.491647    0.490385    0.000000    0.654871    0.497904    0.706024    2.175315    0.482593    0.698630    0.768992    0.491647    0.497904    0.490385    0.482593    0.611111    0.643056    4400        640.000000  0.042499    0.113557    0.556687    3.271666   
[36mINFO[0m 08/01 16:03:09 | 0.575179    0.538462    0.000000    0.606925    0.554170    0.656953    3.253809    0.542963    0.602740    0.653488    0.575179    0.554170    0.538462    0.542963    0.611111    0.660417    4500        654.545455  0.040125    0.120995    0.521594    3.271666   
[36mINFO[0m 08/01 16:03:22 | 0.539379    0.538462    0.000000    0.650431    0.553304    0.690003    2.207699    0.597037    0.671233    0.714729    0.539379    0.553304    0.538462    0.597037    0.629630    0.665278    4600        669.090909  0.036773    0.117419    0.504647    3.271666   
[36mINFO[0m 08/01 16:03:35 | 0.529833    0.500000    0.000000    0.634323    0.557644    0.710885    2.918512    0.617407    0.657534    0.735659    0.529833    0.557644    0.500000    0.617407    0.611111    0.686111    4700        683.636364  0.045815    0.123001    0.567039    3.271666   
[36mINFO[0m 08/01 16:03:47 | 0.575179    0.548077    0.000000    0.627473    0.583276    0.669880    1.830405    0.608889    0.643836    0.688372    0.575179    0.583276    0.548077    0.608889    0.611111    0.651389    4800        698.181818  0.063376    0.119379    0.569711    3.271666   
[36mINFO[0m 08/01 16:03:59 | 0.556086    0.567308    0.000000    0.652841    0.609797    0.679280    2.400614    0.648519    0.657534    0.715504    0.556086    0.609797    0.567308    0.648519    0.648148    0.643056    4900        712.727273  0.038074    0.115804    0.511253    3.271666   
[36mINFO[0m 08/01 16:04:11 | 0.546539    0.528846    0.000000    0.652461    0.550148    0.706557    2.153709    0.584815    0.712329    0.765891    0.546539    0.550148    0.528846    0.584815    0.592593    0.647222    5000        727.272727  0.040128    0.116423    0.612538    3.271666   
[36mINFO[0m 08/01 16:04:11 | ---
[36mINFO[0m 08/01 16:04:11 | oracle = 70.167%
[36mINFO[0m 08/01 16:04:11 | iid = 57.041%
[36mINFO[0m 08/01 16:04:11 | last = 54.654%
[36mINFO[0m 08/01 16:04:11 | last (inD) = 65.246%
[36mINFO[0m 08/01 16:04:11 | iid (inD) = 69.432%
[36mINFO[0m 08/01 16:04:12 | 
[36mINFO[0m 08/01 16:04:12 | Testenv name escaping te_02 -> te_02
[36mINFO[0m 08/01 16:04:12 | Test envs = [2], name = te_02
[36mINFO[0m 08/01 16:04:12 | Batch sizes for each domain: [32, 32, 0] (total=64)
[36mINFO[0m 08/01 16:04:12 | steps-per-epoch for each domain: 9.19, 13.09 -> min = 9.19
/home/s21_yhr/miniconda3/envs/GGA/lib/python3.11/site-packages/torchvision/models/_utils.py:208: UserWarning: The parameter 'pretrained' is deprecated since 0.13 and may be removed in the future, please use 'weights' instead.
  warnings.warn(
/home/s21_yhr/miniconda3/envs/GGA/lib/python3.11/site-packages/torchvision/models/_utils.py:223: UserWarning: Arguments other than a weight enum or `None` for 'weights' are deprecated since 0.13 and may be removed in the future. The current behavior is equivalent to passing `weights=ResNet50_Weights.IMAGENET1K_V1`. You can also use `weights=ResNet50_Weights.DEFAULT` to get the most up-to-date weights.
  warnings.warn(msg)
[36mINFO[0m 08/01 16:04:16 | # of params = 23512130
[36mINFO[0m 08/01 16:04:17 | test_in     test_out    train_in    train_out   test_in_au  train_out_  tr_outloss  test_out_a  env0_out    env0_out_a  env1_out    env1_out_a  env2_in     env2_in_au  env2_out    env2_out_a  step        epoch       loss        step_time   eval_time   mem_gb     
[36mINFO[0m 08/01 16:04:17 | 0.559091    0.500000    0.000000    0.513764    0.527813    0.579823    0.679060    0.518056    0.479452    0.483721    0.548077    0.675926    0.559091    0.527813    0.500000    0.518056    0           0.000000    0.828327    0.109897    0.493084    2.997349   
[36mINFO[0m 08/01 16:04:30 | 0.550000    0.592593    0.000000    0.700408    0.635255    0.773096    0.598978    0.631944    0.602740    0.597674    0.798077    0.948519    0.550000    0.635255    0.592593    0.631944    100         10.884354   0.664184    0.121588    0.448562    3.271666   
[36mINFO[0m 08/01 16:04:42 | 0.586364    0.611111    0.000000    0.674921    0.609432    0.769444    0.637766    0.630556    0.657534    0.700000    0.692308    0.838889    0.586364    0.609432    0.611111    0.630556    200         21.768707   0.544053    0.117786    0.394741    3.271666   
[36mINFO[0m 08/01 16:04:54 | 0.550000    0.500000    0.000000    0.731889    0.585810    0.807257    0.710252    0.543056    0.684932    0.734884    0.778846    0.879630    0.550000    0.585810    0.500000    0.543056    300         32.653061   0.449366    0.122763    0.400915    3.271666   
[36mINFO[0m 08/01 16:05:07 | 0.613636    0.555556    0.000000    0.657732    0.610194    0.795775    1.333722    0.645833    0.671233    0.734884    0.644231    0.856667    0.613636    0.610194    0.555556    0.645833    400         43.537415   0.320469    0.117447    0.375583    3.271666   
[36mINFO[0m 08/01 16:05:18 | 0.559091    0.592593    0.000000    0.767584    0.621031    0.826520    0.820458    0.630556    0.698630    0.743411    0.836538    0.909630    0.559091    0.621031    0.592593    0.630556    500         54.421769   0.280823    0.113658    0.357259    3.271666   
[36mINFO[0m 08/01 16:05:31 | 0.486364    0.500000    0.000000    0.708575    0.532554    0.792433    0.836275    0.551389    0.657534    0.717829    0.759615    0.867037    0.486364    0.532554    0.500000    0.551389    600         65.306122   0.189846    0.122186    0.387156    3.271666   
[36mINFO[0m 08/01 16:05:43 | 0.518182    0.537037    0.000000    0.674921    0.509779    0.783079    1.700100    0.594444    0.657534    0.730233    0.692308    0.835926    0.518182    0.509779    0.537037    0.594444    700         76.190476   0.158699    0.119092    0.368581    3.271666   
[36mINFO[0m 08/01 16:05:56 | 0.509091    0.611111    0.000000    0.715424    0.530438    0.782028    1.147045    0.600000    0.671233    0.682946    0.759615    0.881111    0.509091    0.530438    0.611111    0.600000    800         87.074830   0.154377    0.122400    0.365272    3.271666   
[36mINFO[0m 08/01 16:06:08 | 0.536364    0.648148    0.000000    0.725040    0.537804    0.782903    1.201475    0.691667    0.671233    0.680620    0.778846    0.885185    0.536364    0.537804    0.648148    0.691667    900         97.959184   0.119899    0.120634    0.360439    3.271666   
[36mINFO[0m 08/01 16:06:20 | 0.572727    0.574074    0.000000    0.692110    0.574464    0.800814    1.451381    0.631944    0.643836    0.711628    0.740385    0.890000    0.572727    0.574464    0.574074    0.631944    1000        108.843537  0.118404    0.116915    0.391145    3.271666   
[36mINFO[0m 08/01 16:06:33 | 0.563636    0.629630    0.000000    0.698959    0.525019    0.779918    1.585338    0.640278    0.657534    0.704651    0.740385    0.855185    0.563636    0.525019    0.629630    0.640278    1100        119.727891  0.108257    0.118388    0.452091    3.271666   
[36mINFO[0m 08/01 16:06:45 | 0.577273    0.574074    0.000000    0.717466    0.561976    0.823829    1.453281    0.631944    0.684932    0.747287    0.750000    0.900370    0.577273    0.561976    0.574074    0.631944    1200        130.612245  0.097256    0.115675    0.388635    3.271666   
[36mINFO[0m 08/01 16:06:57 | 0.540909    0.592593    0.000000    0.738738    0.568114    0.789724    1.467927    0.658333    0.698630    0.687597    0.778846    0.891852    0.540909    0.568114    0.592593    0.658333    1300        141.496599  0.095193    0.115881    0.378727    3.271666   
[36mINFO[0m 08/01 16:07:09 | 0.527273    0.629630    0.000000    0.753161    0.556176    0.797407    1.301277    0.702778    0.698630    0.733333    0.807692    0.861481    0.527273    0.556176    0.629630    0.702778    1400        152.380952  0.069035    0.116843    0.386147    3.271666   
[36mINFO[0m 08/01 16:07:21 | 0.500000    0.666667    0.000000    0.741504    0.574126    0.801563    1.493094    0.681944    0.684932    0.728682    0.798077    0.874444    0.500000    0.574126    0.666667    0.681944    1500        163.265306  0.078189    0.117782    0.391728    3.271666   
[36mINFO[0m 08/01 16:07:33 | 0.509091    0.574074    0.000000    0.729847    0.532724    0.814341    1.291943    0.641667    0.671233    0.728682    0.788462    0.900000    0.509091    0.532724    0.574074    0.641667    1600        174.149660  0.079605    0.114894    0.394043    3.271666   
[36mINFO[0m 08/01 16:07:45 | 0.509091    0.592593    0.000000    0.731889    0.520786    0.828040    1.166818    0.645833    0.684932    0.753488    0.778846    0.902593    0.509091    0.520786    0.592593    0.645833    1700        185.034014  0.060878    0.116312    0.368904    3.271666   
[36mINFO[0m 08/01 16:07:57 | 0.590909    0.629630    0.000000    0.728530    0.605707    0.790551    1.115941    0.652778    0.630137    0.691473    0.826923    0.889630    0.590909    0.605707    0.629630    0.652778    1800        195.918367  0.074090    0.115058    0.366128    3.271666   
[36mINFO[0m 08/01 16:08:08 | 0.600000    0.648148    0.000000    0.727081    0.604098    0.794561    1.222064    0.644444    0.684932    0.730233    0.769231    0.858889    0.600000    0.604098    0.648148    0.644444    1900        206.802721  0.076434    0.113706    0.359847    3.271666   
[36mINFO[0m 08/01 16:08:20 | 0.618182    0.611111    0.000000    0.668796    0.619169    0.760564    1.395265    0.627778    0.616438    0.683721    0.721154    0.837407    0.618182    0.619169    0.611111    0.627778    2000        217.687075  0.065276    0.112283    0.353376    3.271666   
[36mINFO[0m 08/01 16:08:32 | 0.595455    0.685185    0.000000    0.713383    0.585471    0.791021    2.033015    0.708333    0.657534    0.720930    0.769231    0.861111    0.595455    0.585471    0.685185    0.708333    2100        228.571429  0.064672    0.115656    0.364490    3.271666   
[36mINFO[0m 08/01 16:08:44 | 0.554545    0.685185    0.000000    0.746312    0.582762    0.795116    1.491929    0.704167    0.684932    0.730233    0.807692    0.860000    0.554545    0.582762    0.685185    0.704167    2200        239.455782  0.058249    0.115137    0.362679    3.271666   
[36mINFO[0m 08/01 16:08:56 | 0.586364    0.685185    0.000000    0.729123    0.584709    0.808036    1.459260    0.644444    0.698630    0.744961    0.759615    0.871111    0.586364    0.584709    0.685185    0.644444    2300        250.340136  0.069938    0.121788    0.439450    3.271666   
[36mINFO[0m 08/01 16:09:09 | 0.545455    0.574074    0.000000    0.693427    0.506562    0.786068    1.852732    0.622222    0.684932    0.748062    0.701923    0.824074    0.545455    0.506562    0.574074    0.622222    2400        261.224490  0.067015    0.117757    0.393513    3.271666   
[36mINFO[0m 08/01 16:09:21 | 0.577273    0.648148    0.000000    0.736697    0.610109    0.807037    1.377136    0.693056    0.684932    0.733333    0.788462    0.880741    0.577273    0.610109    0.648148    0.693056    2500        272.108844  0.064158    0.115562    0.390526    3.271666   
[36mINFO[0m 08/01 16:09:33 | 0.586364    0.703704    0.000000    0.733930    0.612480    0.786034    1.850873    0.717361    0.698630    0.713178    0.769231    0.858889    0.586364    0.612480    0.703704    0.717361    2600        282.993197  0.055522    0.117578    0.366244    3.271666   
[36mINFO[0m 08/01 16:09:45 | 0.559091    0.629630    0.000000    0.744270    0.575057    0.806408    1.586493    0.660417    0.671233    0.721705    0.817308    0.891111    0.559091    0.575057    0.629630    0.660417    2700        293.877551  0.056794    0.116248    0.373605    3.271666   
[36mINFO[0m 08/01 16:09:57 | 0.554545    0.648148    0.000000    0.701726    0.578147    0.780030    1.823782    0.699306    0.643836    0.693023    0.759615    0.867037    0.554545    0.578147    0.648148    0.699306    2800        304.761905  0.047957    0.117813    0.369045    3.271666   
[36mINFO[0m 08/01 16:10:09 | 0.527273    0.648148    0.000000    0.757969    0.559182    0.791718    1.530376    0.597222    0.698630    0.735659    0.817308    0.847778    0.527273    0.559182    0.648148    0.597222    2900        315.646259  0.066515    0.117415    0.395065    3.271666   
[36mINFO[0m 08/01 16:10:21 | 0.554545    0.611111    0.000000    0.725764    0.567776    0.776908    1.569021    0.591667    0.643836    0.677519    0.807692    0.876296    0.554545    0.567776    0.611111    0.591667    3000        326.530612  0.058224    0.116265    0.382428    3.271666   
[36mINFO[0m 08/01 16:10:33 | 0.586364    0.611111    0.000000    0.714107    0.579163    0.771723    2.083588    0.622917    0.630137    0.660853    0.798077    0.882593    0.586364    0.579163    0.611111    0.622917    3100        337.414966  0.046746    0.115115    0.365046    3.271666   
[36mINFO[0m 08/01 16:10:45 | 0.550000    0.555556    0.000000    0.668072    0.587419    0.768381    1.619269    0.629167    0.643836    0.693798    0.692308    0.842963    0.550000    0.587419    0.555556    0.629167    3200        348.299320  0.056270    0.113852    0.352494    3.271666   
[36mINFO[0m 08/01 16:10:57 | 0.627273    0.629630    0.000000    0.698367    0.614935    0.778527    1.512546    0.680556    0.589041    0.683721    0.807692    0.873333    0.627273    0.614935    0.629630    0.680556    3300        359.183673  0.053581    0.116256    0.366092    3.271666   
[36mINFO[0m 08/01 16:11:09 | 0.554545    0.592593    0.000000    0.692110    0.604310    0.779897    1.574815    0.752778    0.643836    0.695349    0.740385    0.864444    0.554545    0.604310    0.592593    0.752778    3400        370.068027  0.057966    0.114956    0.361765    3.271666   
[36mINFO[0m 08/01 16:11:21 | 0.577273    0.703704    0.000000    0.681178    0.601389    0.787102    1.824137    0.736806    0.602740    0.694574    0.759615    0.879630    0.577273    0.601389    0.703704    0.736806    3500        380.952381  0.039556    0.119204    0.373024    3.271666   
[36mINFO[0m 08/01 16:11:34 | 0.504545    0.648148    0.000000    0.680453    0.554864    0.755129    2.400665    0.716667    0.630137    0.639147    0.730769    0.871111    0.504545    0.554864    0.648148    0.716667    3600        391.836735  0.051275    0.126851    0.444615    3.271666   
[36mINFO[0m 08/01 16:11:47 | 0.527273    0.629630    0.000000    0.692110    0.566760    0.766059    1.554353    0.683333    0.643836    0.697674    0.740385    0.834444    0.527273    0.566760    0.629630    0.683333    3700        402.721088  0.050481    0.121967    0.407774    3.271666   
[36mINFO[0m 08/01 16:11:59 | 0.531818    0.629630    0.000000    0.709299    0.555499    0.768540    1.696640    0.627778    0.630137    0.709302    0.788462    0.827778    0.531818    0.555499    0.629630    0.627778    3800        413.605442  0.046792    0.117433    0.420129    3.271666   
[36mINFO[0m 08/01 16:12:11 | 0.531818    0.555556    0.000000    0.714107    0.546694    0.779483    1.588712    0.636111    0.630137    0.676744    0.798077    0.882222    0.531818    0.546694    0.555556    0.636111    3900        424.489796  0.042916    0.119533    0.365130    3.271666   
[36mINFO[0m 08/01 16:12:23 | 0.577273    0.611111    0.000000    0.689344    0.557954    0.793355    2.104030    0.626389    0.657534    0.742636    0.721154    0.844074    0.577273    0.557954    0.611111    0.626389    4000        435.374150  0.043941    0.114976    0.455337    3.271666   
[36mINFO[0m 08/01 16:12:35 | 0.468182    0.574074    0.000000    0.681902    0.556769    0.750900    1.637675    0.661111    0.575342    0.648837    0.788462    0.852963    0.468182    0.556769    0.574074    0.661111    4100        446.258503  0.056731    0.119106    0.351466    3.271666   
[36mINFO[0m 08/01 16:12:48 | 0.586364    0.648148    0.000000    0.687302    0.606638    0.776275    1.327157    0.668056    0.643836    0.724031    0.730769    0.828519    0.586364    0.606638    0.648148    0.668056    4200        457.142857  0.045075    0.120912    0.364542    3.271666   
[36mINFO[0m 08/01 16:13:00 | 0.504545    0.648148    0.000000    0.657864    0.584921    0.729393    2.378327    0.695139    0.575342    0.647674    0.740385    0.811111    0.504545    0.584921    0.648148    0.695139    4300        468.027211  0.038734    0.118114    0.368442    3.271666   
[36mINFO[0m 08/01 16:13:13 | 0.613636    0.592593    0.000000    0.676370    0.598933    0.768376    1.716902    0.576389    0.602740    0.685271    0.750000    0.851481    0.613636    0.598933    0.592593    0.576389    4400        478.911565  0.043043    0.121244    0.368401    3.271666   
[36mINFO[0m 08/01 16:13:25 | 0.586364    0.666667    0.000000    0.666030    0.601389    0.771684    1.524496    0.725000    0.630137    0.700775    0.701923    0.842593    0.586364    0.601389    0.666667    0.725000    4500        489.795918  0.038075    0.118801    0.371647    3.271666   
[36mINFO[0m 08/01 16:13:37 | 0.527273    0.629630    0.000000    0.729123    0.579671    0.783045    1.828885    0.662500    0.698630    0.745349    0.759615    0.820741    0.527273    0.579671    0.629630    0.662500    4600        500.680272  0.036904    0.118575    0.394001    3.271666   
[36mINFO[0m 08/01 16:13:50 | 0.513636    0.574074    0.000000    0.731889    0.521294    0.790853    1.546114    0.627778    0.684932    0.721705    0.778846    0.860000    0.513636    0.521294    0.574074    0.627778    4700        511.564626  0.036653    0.122228    0.373245    3.271666   
[36mINFO[0m 08/01 16:14:02 | 0.540909    0.648148    0.000000    0.692110    0.569892    0.805370    2.095280    0.643056    0.643836    0.733333    0.740385    0.877407    0.540909    0.569892    0.648148    0.643056    4800        522.448980  0.040150    0.114460    0.370551    3.271666   
[36mINFO[0m 08/01 16:14:13 | 0.577273    0.555556    0.000000    0.699684    0.537973    0.786098    1.520794    0.565278    0.630137    0.707752    0.769231    0.864444    0.577273    0.537973    0.555556    0.565278    4900        533.333333  0.055488    0.113676    0.399684    3.271666   
[36mINFO[0m 08/01 16:14:25 | 0.572727    0.629630    0.000000    0.771668    0.547879    0.814044    1.618267    0.686111    0.726027    0.740310    0.817308    0.887778    0.572727    0.547879    0.629630    0.686111    5000        544.217687  0.041187    0.115551    0.362166    3.271666   
[36mINFO[0m 08/01 16:14:25 | ---
[36mINFO[0m 08/01 16:14:25 | oracle = 58.636%
[36mINFO[0m 08/01 16:14:25 | iid = 57.273%
[36mINFO[0m 08/01 16:14:25 | last = 57.273%
[36mINFO[0m 08/01 16:14:25 | last (inD) = 77.167%
[36mINFO[0m 08/01 16:14:25 | iid (inD) = 77.167%
[36mINFO[0m 08/01 16:14:26 | === Summary ===
[36mINFO[0m 08/01 16:14:26 | Command: /home/s21_yhr/lzh/DomainBed-new/train_all.py HTP_Arith_seed3 --dataset HTP --data_dir /home/s21_yhr/lzh/DomainBed-new/dataset --algorithm Arith --steps 5000 --checkpoint_freq 100 --batch_size 32 --optimizer adam --lr 5e-5 --weight_decay 0 --resnet_dropout 0 --resnet18 False --pretrained True --freeze_bn True --swad False --seed 3 --trial_seed 3 --deterministic --prebuild_loader --cache_size 640 --arith_meta_lr 0.01
[36mINFO[0m 08/01 16:14:26 | Unique name: 260801_15-43-20_HTP_Arith_seed3
[36mINFO[0m 08/01 16:14:26 | Out path: train_output/HTP/260801_15-43-20_HTP_Arith_seed3
[36mINFO[0m 08/01 16:14:26 | Algorithm: Arith
[36mINFO[0m 08/01 16:14:26 | Dataset: HTP
+------------+---------+---------+---------+---------+
| Selection  |    00   |    01   |    02   |   Avg.  |
+------------+---------+---------+---------+---------+
|   oracle   | 55.102% | 70.167% | 58.636% | 61.302% |
|    iid     | 54.082% | 57.041% | 57.273% | 56.132% |
|    last    | 54.762% | 54.654% | 57.273% | 55.563% |
| last (inD) | 68.091% | 65.246% | 77.167% | 70.168% |
| iid (inD)  | 76.051% | 69.432% | 77.167% | 74.216% |
+------------+---------+---------+---------+---------+
================================================================================
Starting Arith, seed=4, physical GPU=1
/home/s21_yhr/miniconda3/envs/GGA/bin/python /home/s21_yhr/lzh/DomainBed-new/train_all.py HTP_Arith_seed4 --dataset HTP --data_dir /home/s21_yhr/lzh/DomainBed-new/dataset --algorithm Arith --steps 5000 --checkpoint_freq 100 --batch_size 32 --optimizer adam --lr 5e-5 --weight_decay 0 --resnet_dropout 0 --resnet18 False --pretrained True --freeze_bn True --swad False --seed 4 --trial_seed 4 --deterministic --prebuild_loader --cache_size 640 --arith_meta_lr 0.01
================================================================================
[36mINFO[0m 08/01 16:14:32 | Command :: /home/s21_yhr/lzh/DomainBed-new/train_all.py HTP_Arith_seed4 --dataset HTP --data_dir /home/s21_yhr/lzh/DomainBed-new/dataset --algorithm Arith --steps 5000 --checkpoint_freq 100 --batch_size 32 --optimizer adam --lr 5e-5 --weight_decay 0 --resnet_dropout 0 --resnet18 False --pretrained True --freeze_bn True --swad False --seed 4 --trial_seed 4 --deterministic --prebuild_loader --cache_size 640 --arith_meta_lr 0.01
Environment:
	Python: 3.11.15
	PyTorch: 2.11.0+cu128
	Torchvision: 0.26.0+cu128
	CUDA: 12.8
	CUDNN: 91900
	NumPy: 1.26.4
	PIL: 12.2.0
Args:
	algorithm: Arith
	batch_size: 32
	cache_root: cache
	cache_size: 640
	checkpoint_freq: 100
	configs: []
	data_dir: /home/s21_yhr/lzh/DomainBed-new/dataset
	dataset: HTP
	debug: False
	deterministic: True
	end_step: 200
	evalmode: fast
	extra_search: n
	extra_search_end: None
	extra_search_start: None
	gga_l_gamma: 0.001
	grad_fn: sum
	holdout_fraction: 0.2
	model_save: None
	name: HTP_Arith_seed4
	neighborhoodSize: 1e-06
	out_dir: train_output/HTP/260801_16-14-32_HTP_Arith_seed4
	out_root: train_output/HTP
	prebuild_loader: True
	seed: 4
	show: False
	start_step: 100
	steps: 5000
	tb_freq: 10
	test_envs: None
	train_output: train_output
	trial_seed: 4
	unique_name: 260801_16-14-32_HTP_Arith_seed4
	work_dir: .
HParams:
	data_augmentation: True
	val_augment: False
	[36mresnet18: False
	[0m[36mresnet_dropout: 0
	[0mclass_balanced: False
	[36moptimizer: adam
	[0m[36mfreeze_bn: True
	[0m[36mpretrained: True
	[0m[36mlr: 5e-05
	[0mbatch_size: 32
	[36mweight_decay: 0
	[0m[36marith_meta_lr: 0.01
	[0m[36mswad: False
	[0mswad_kwargs: 
	  n_converge: 3
	  n_tolerance: 6
	  tolerance_ratio: 0.3
	test_batchsize: 128
	indomain_test: False
	grad_fn: sum
	extra_search: n
	logdir: train_output/HTP/260801_16-14-32_HTP_Arith_seed4
	neighborhoodSize: 1e-06
	start_step: 100
	end_step: 200
	extra_search_start: None
	extra_search_end: None
	gga_l_gamma: 0.001
Dataset:
	[HTP] #envs=3, #classes=2
	env0: 00 (#367)
	env1: 01 (#523)
	env2: 02 (#274)

[36mINFO[0m 08/01 16:14:32 | n_steps = 5000
[36mINFO[0m 08/01 16:14:32 | checkpoint_freq = 100
[36mINFO[0m 08/01 16:14:32 | n_steps is updated to 5000 => 5001 for checkpointing
[36mINFO[0m 08/01 16:14:32 | Target test envs = [[0], [1], [2]]
[36mINFO[0m 08/01 16:14:32 | 
[36mINFO[0m 08/01 16:14:32 | Testenv name escaping te_00 -> te_00
[36mINFO[0m 08/01 16:14:32 | Test envs = [0], name = te_00
[36mINFO[0m 08/01 16:14:32 | Batch sizes for each domain: [0, 32, 32] (total=64)
[36mINFO[0m 08/01 16:14:32 | steps-per-epoch for each domain: 13.09, 6.88 -> min = 6.88
/home/s21_yhr/miniconda3/envs/GGA/lib/python3.11/site-packages/torchvision/models/_utils.py:208: UserWarning: The parameter 'pretrained' is deprecated since 0.13 and may be removed in the future, please use 'weights' instead.
  warnings.warn(
/home/s21_yhr/miniconda3/envs/GGA/lib/python3.11/site-packages/torchvision/models/_utils.py:223: UserWarning: Arguments other than a weight enum or `None` for 'weights' are deprecated since 0.13 and may be removed in the future. The current behavior is equivalent to passing `weights=ResNet50_Weights.IMAGENET1K_V1`. You can also use `weights=ResNet50_Weights.DEFAULT` to get the most up-to-date weights.
  warnings.warn(msg)
[36mINFO[0m 08/01 16:14:36 | # of params = 23512130
[36mINFO[0m 08/01 16:14:37 | test_in     test_out    train_in    train_out   test_in_au  test_out_a  train_out_  tr_outloss  env0_in     env0_in_au  env0_out    env0_out_a  env1_out    env1_out_a  env2_out    env2_out_a  step        epoch       loss        step_time   eval_time   mem_gb     
[36mINFO[0m 08/01 16:14:37 | 0.448980    0.397260    0.000000    0.435897    0.520817    0.516458    0.648476    0.794943    0.448980    0.520817    0.397260    0.516458    0.538462    0.793193    0.333333    0.503759    0           0.000000    0.728923    0.816367    0.639279    2.998997   
[36mINFO[0m 08/01 16:14:49 | 0.564626    0.465753    0.000000    0.710114    0.548965    0.441223    0.768154    0.592107    0.564626    0.548965    0.465753    0.441223    0.846154    0.916759    0.574074    0.619549    100         14.545455   0.568489    0.114601    0.432400    3.268919   
[36mINFO[0m 08/01 16:15:01 | 0.534014    0.452055    0.000000    0.742699    0.543449    0.489812    0.802597    0.746181    0.534014    0.543449    0.452055    0.489812    0.855769    0.934517    0.629630    0.670677    200         29.090909   0.386304    0.111816    0.473639    3.268919   
[36mINFO[0m 08/01 16:15:12 | 0.557823    0.493151    0.000000    0.732728    0.559621    0.500784    0.805175    0.848956    0.557823    0.559621    0.493151    0.500784    0.817308    0.941176    0.648148    0.669173    300         43.636364   0.263470    0.111753    0.416728    3.268919   
[36mINFO[0m 08/01 16:15:24 | 0.544218    0.506849    0.000000    0.774573    0.531520    0.485110    0.805140    0.680116    0.544218    0.531520    0.506849    0.485110    0.826923    0.899001    0.722222    0.711278    400         58.181818   0.228924    0.115193    0.407368    3.268919   
[36mINFO[0m 08/01 16:15:36 | 0.537415    0.602740    0.000000    0.742699    0.558631    0.542320    0.812461    0.936946    0.537415    0.558631    0.602740    0.542320    0.855769    0.946726    0.629630    0.678195    500         72.727273   0.170765    0.116659    0.427554    3.268919   
[36mINFO[0m 08/01 16:15:48 | 0.588435    0.493151    0.000000    0.741987    0.581876    0.529781    0.801434    1.274744    0.588435    0.581876    0.493151    0.529781    0.817308    0.915649    0.666667    0.687218    600         87.272727   0.161621    0.114132    0.454799    3.268919   
[36mINFO[0m 08/01 16:16:00 | 0.547619    0.520548    0.000000    0.751959    0.555873    0.490596    0.793688    1.462384    0.547619    0.555873    0.520548    0.490596    0.855769    0.943766    0.648148    0.643609    700         101.818182  0.144845    0.111692    0.392052    3.268919   
[36mINFO[0m 08/01 16:16:12 | 0.561224    0.506849    0.000000    0.780093    0.562096    0.538793    0.802895    1.796642    0.561224    0.562096    0.506849    0.538793    0.875000    0.944136    0.685185    0.661654    800         116.363636  0.128249    0.116129    0.397074    3.268919   
[36mINFO[0m 08/01 16:16:24 | 0.534014    0.493151    0.000000    0.722756    0.522231    0.521944    0.790681    1.514747    0.534014    0.522231    0.493151    0.521944    0.778846    0.897151    0.666667    0.684211    900         130.909091  0.111402    0.116814    0.435658    3.268919   
[36mINFO[0m 08/01 16:16:36 | 0.557823    0.547945    0.000000    0.770477    0.551676    0.541536    0.794243    1.949165    0.557823    0.551676    0.547945    0.541536    0.855769    0.944876    0.685185    0.643609    1000        145.454545  0.113737    0.116586    0.403943    3.268919   
[36mINFO[0m 08/01 16:16:48 | 0.547619    0.547945    0.000000    0.704594    0.542741    0.569749    0.777111    1.530800    0.547619    0.542741    0.547945    0.569749    0.798077    0.901591    0.611111    0.652632    1100        160.000000  0.096349    0.116368    0.429750    3.268919   
[36mINFO[0m 08/01 16:17:00 | 0.547619    0.575342    0.000000    0.728632    0.564383    0.541536    0.788132    1.616971    0.547619    0.564383    0.575342    0.541536    0.846154    0.933407    0.611111    0.642857    1200        174.545455  0.111182    0.115940    0.450484    3.268919   
[36mINFO[0m 08/01 16:17:12 | 0.554422    0.561644    0.000000    0.747151    0.542270    0.502351    0.800574    1.248085    0.554422    0.542270    0.561644    0.502351    0.846154    0.928968    0.648148    0.672180    1300        189.090909  0.106201    0.114580    0.402744    3.268919   
[36mINFO[0m 08/01 16:17:24 | 0.551020    0.561644    0.000000    0.742699    0.554411    0.548589    0.807299    1.828670    0.551020    0.554411    0.561644    0.548589    0.855769    0.957455    0.629630    0.657143    1400        203.636364  0.087313    0.111684    0.435318    3.268919   
[36mINFO[0m 08/01 16:17:35 | 0.557823    0.575342    0.000000    0.713853    0.559668    0.524295    0.821042    1.523954    0.557823    0.559668    0.575342    0.524295    0.798077    0.954865    0.629630    0.687218    1500        218.181818  0.092783    0.112617    0.400522    3.268919   
[36mINFO[0m 08/01 16:17:48 | 0.544218    0.493151    0.000000    0.784900    0.549083    0.499216    0.833111    1.158830    0.544218    0.549083    0.493151    0.499216    0.884615    0.938402    0.685185    0.727820    1600        232.727273  0.094801    0.119197    0.403004    3.268919   
[36mINFO[0m 08/01 16:18:00 | 0.506803    0.561644    0.000000    0.750890    0.508652    0.526646    0.778777    1.431522    0.506803    0.508652    0.561644    0.526646    0.798077    0.858306    0.703704    0.699248    1700        247.272727  0.101326    0.115229    0.406222    3.268919   
[36mINFO[0m 08/01 16:18:12 | 0.547619    0.575342    0.000000    0.761218    0.549767    0.513323    0.821752    1.392340    0.547619    0.549767    0.575342    0.513323    0.855769    0.936737    0.666667    0.706767    1800        261.818182  0.093327    0.117460    0.483566    3.268919   
[36mINFO[0m 08/01 16:18:24 | 0.523810    0.506849    0.000000    0.779380    0.539064    0.483542    0.831216    1.237687    0.523810    0.539064    0.506849    0.483542    0.836538    0.928598    0.722222    0.733835    1900        276.363636  0.074334    0.115275    0.408381    3.268919   
[36mINFO[0m 08/01 16:18:37 | 0.551020    0.575342    0.000000    0.775285    0.552478    0.557210    0.835303    1.656532    0.551020    0.552478    0.575342    0.557210    0.865385    0.957825    0.685185    0.712782    2000        290.909091  0.079640    0.120817    0.518293    3.268919   
[36mINFO[0m 08/01 16:18:49 | 0.547619    0.534247    0.000000    0.727920    0.534184    0.514107    0.794923    2.405791    0.547619    0.534184    0.534247    0.514107    0.807692    0.907140    0.648148    0.682707    2100        305.454545  0.055561    0.118454    0.429594    3.268919   
[36mINFO[0m 08/01 16:19:01 | 0.551020    0.520548    0.000000    0.756766    0.554364    0.490987    0.824485    1.700286    0.551020    0.554364    0.520548    0.490987    0.865385    0.947466    0.648148    0.701504    2200        320.000000  0.072419    0.119629    0.419075    3.268919   
[36mINFO[0m 08/01 16:19:13 | 0.540816    0.547945    0.000000    0.766382    0.559102    0.496082    0.818840    1.869314    0.540816    0.559102    0.547945    0.496082    0.884615    0.948206    0.648148    0.689474    2300        334.545455  0.075260    0.118166    0.405348    3.268919   
[36mINFO[0m 08/01 16:19:26 | 0.544218    0.589041    0.000000    0.784188    0.545240    0.563480    0.811518    1.218288    0.544218    0.545240    0.589041    0.563480    0.846154    0.923788    0.722222    0.699248    2400        349.090909  0.066220    0.117751    0.461155    3.268919   
[36mINFO[0m 08/01 16:19:38 | 0.547619    0.561644    0.000000    0.732728    0.550945    0.505486    0.815576    1.922347    0.547619    0.550945    0.561644    0.505486    0.817308    0.933407    0.648148    0.697744    2500        363.636364  0.077283    0.114841    0.432567    3.268919   
[36mINFO[0m 08/01 16:19:49 | 0.534014    0.534247    0.000000    0.732372    0.538828    0.510972    0.810981    2.171827    0.534014    0.538828    0.534247    0.510972    0.798077    0.920459    0.666667    0.701504    2600        378.181818  0.066946    0.113611    0.425195    3.268919   
[36mINFO[0m 08/01 16:20:01 | 0.540816    0.561644    0.000000    0.728632    0.574049    0.543887    0.820943    1.881474    0.540816    0.574049    0.561644    0.543887    0.846154    0.932112    0.611111    0.709774    2700        392.727273  0.063082    0.113821    0.496171    3.268919   
[36mINFO[0m 08/01 16:20:14 | 0.530612    0.493151    0.000000    0.756054    0.524211    0.492163    0.802400    1.841833    0.530612    0.524211    0.493151    0.492163    0.826923    0.935627    0.685185    0.669173    2800        407.272727  0.063751    0.120211    0.418612    3.268919   
[36mINFO[0m 08/01 16:20:26 | 0.523810    0.534247    0.000000    0.751603    0.521972    0.553292    0.791540    1.692054    0.523810    0.521972    0.534247    0.553292    0.836538    0.930448    0.666667    0.652632    2900        421.818182  0.064012    0.119357    0.413277    3.268919   
[36mINFO[0m 08/01 16:20:39 | 0.527211    0.506849    0.000000    0.737892    0.522797    0.510972    0.819968    1.276510    0.527211    0.522797    0.506849    0.510972    0.846154    0.948206    0.629630    0.691729    3000        436.363636  0.061976    0.122456    0.406145    3.268919   
[36mINFO[0m 08/01 16:20:52 | 0.537415    0.479452    0.000000    0.761930    0.574945    0.507837    0.823446    1.379446    0.537415    0.574945    0.479452    0.507837    0.894231    0.959674    0.629630    0.687218    3100        450.909091  0.061893    0.122298    0.438349    3.268919   
[36mINFO[0m 08/01 16:21:04 | 0.530612    0.547945    0.000000    0.732372    0.568414    0.537226    0.815397    1.934977    0.530612    0.568414    0.547945    0.537226    0.798077    0.932297    0.666667    0.698496    3200        465.454545  0.057871    0.117212    0.447754    3.268919   
[36mINFO[0m 08/01 16:21:16 | 0.544218    0.506849    0.000000    0.760862    0.567801    0.474922    0.821997    1.907070    0.544218    0.567801    0.506849    0.474922    0.836538    0.929708    0.685185    0.714286    3300        480.000000  0.062306    0.120835    0.434954    3.268919   
[36mINFO[0m 08/01 16:21:29 | 0.551020    0.547945    0.000000    0.746795    0.550757    0.539969    0.811148    1.672543    0.551020    0.550757    0.547945    0.539969    0.826923    0.946356    0.666667    0.675940    3400        494.545455  0.054302    0.118240    0.436562    3.268919   
[36mINFO[0m 08/01 16:21:41 | 0.540816    0.561644    0.000000    0.760862    0.570866    0.550940    0.810456    1.735912    0.540816    0.570866    0.561644    0.550940    0.836538    0.915649    0.685185    0.705263    3500        509.090909  0.067157    0.115093    0.454394    3.268919   
[36mINFO[0m 08/01 16:21:52 | 0.544218    0.520548    0.000000    0.751959    0.556108    0.532915    0.821555    1.402944    0.544218    0.556108    0.520548    0.532915    0.855769    0.937847    0.648148    0.705263    3600        523.636364  0.070199    0.114964    0.425056    3.268919   
[36mINFO[0m 08/01 16:22:05 | 0.540816    0.561644    0.000000    0.747507    0.562591    0.505486    0.817118    2.150704    0.540816    0.562591    0.561644    0.505486    0.865385    0.940252    0.629630    0.693985    3700        538.181818  0.051553    0.117388    0.409039    3.268919   
[36mINFO[0m 08/01 16:22:17 | 0.561224    0.520548    0.000000    0.699430    0.575793    0.478056    0.797931    1.960817    0.561224    0.575793    0.520548    0.478056    0.769231    0.907140    0.629630    0.688722    3800        552.727273  0.051593    0.118744    0.444875    3.268919   
[36mINFO[0m 08/01 16:22:29 | 0.534014    0.547945    0.000000    0.733084    0.569381    0.509404    0.787876    1.927818    0.534014    0.569381    0.547945    0.509404    0.836538    0.895302    0.629630    0.680451    3900        567.272727  0.049393    0.117106    0.421806    3.268919   
[36mINFO[0m 08/01 16:22:41 | 0.547619    0.452055    0.000000    0.696759    0.550898    0.480408    0.787822    1.388448    0.547619    0.550898    0.452055    0.480408    0.875000    0.948576    0.518519    0.627068    4000        581.818182  0.056601    0.117534    0.439492    3.268919   
[36mINFO[0m 08/01 16:22:53 | 0.568027    0.493151    0.000000    0.714209    0.549295    0.467085    0.776347    1.731008    0.568027    0.549295    0.493151    0.467085    0.817308    0.903071    0.611111    0.649624    4100        596.363636  0.071737    0.117410    0.407587    3.268919   
[36mINFO[0m 08/01 16:23:06 | 0.547619    0.520548    0.000000    0.727920    0.562921    0.489420    0.775136    2.061905    0.547619    0.562921    0.520548    0.489420    0.807692    0.890122    0.648148    0.660150    4200        610.909091  0.046979    0.122522    0.452273    3.268919   
[36mINFO[0m 08/01 16:23:19 | 0.537415    0.506849    0.000000    0.732728    0.543920    0.456897    0.782243    2.521517    0.537415    0.543920    0.506849    0.456897    0.817308    0.917869    0.648148    0.646617    4300        625.454545  0.058458    0.121164    0.417641    3.268919   
[36mINFO[0m 08/01 16:23:31 | 0.547619    0.493151    0.000000    0.747151    0.554222    0.482759    0.805443    1.489251    0.547619    0.554222    0.493151    0.482759    0.846154    0.931188    0.648148    0.679699    4400        640.000000  0.051215    0.114008    0.403758    3.268919   
[36mINFO[0m 08/01 16:23:43 | 0.551020    0.561644    0.000000    0.709046    0.577113    0.518809    0.778060    2.110832    0.551020    0.577113    0.561644    0.518809    0.788462    0.900481    0.629630    0.655639    4500        654.545455  0.038644    0.119917    0.440506    3.268919   
[36mINFO[0m 08/01 16:23:56 | 0.547619    0.506849    0.000000    0.686075    0.543378    0.495298    0.771974    1.589269    0.547619    0.543378    0.506849    0.495298    0.798077    0.886053    0.574074    0.657895    4600        669.090909  0.049522    0.121895    0.413187    3.268919   
[36mINFO[0m 08/01 16:24:08 | 0.537415    0.493151    0.000000    0.728276    0.548824    0.433386    0.792488    1.914795    0.537415    0.548824    0.493151    0.433386    0.826923    0.929338    0.629630    0.655639    4700        683.636364  0.050976    0.120896    0.396745    3.268919   
[36mINFO[0m 08/01 16:24:20 | 0.537415    0.506849    0.000000    0.713497    0.540572    0.445141    0.768113    1.943965    0.537415    0.540572    0.506849    0.445141    0.778846    0.852016    0.648148    0.684211    4800        698.181818  0.052536    0.119501    0.401227    3.268919   
[36mINFO[0m 08/01 16:24:33 | 0.523810    0.438356    0.000000    0.722400    0.526192    0.417712    0.792966    1.765639    0.523810    0.526192    0.438356    0.417712    0.759615    0.916759    0.685185    0.669173    4900        712.727273  0.053652    0.119696    0.410109    3.268919   
[36mINFO[0m 08/01 16:24:46 | 0.544218    0.438356    0.000000    0.741631    0.568179    0.463166    0.817531    2.193239    0.544218    0.568179    0.438356    0.463166    0.798077    0.912505    0.685185    0.722556    5000        727.272727  0.044386    0.122388    0.406110    3.268919   
[36mINFO[0m 08/01 16:24:46 | ---
[36mINFO[0m 08/01 16:24:46 | oracle = 53.741%
[36mINFO[0m 08/01 16:24:46 | iid = 54.422%
[36mINFO[0m 08/01 16:24:46 | last = 54.422%
[36mINFO[0m 08/01 16:24:46 | last (inD) = 74.163%
[36mINFO[0m 08/01 16:24:46 | iid (inD) = 78.490%
[36mINFO[0m 08/01 16:24:46 | 
[36mINFO[0m 08/01 16:24:46 | Testenv name escaping te_01 -> te_01
[36mINFO[0m 08/01 16:24:46 | Test envs = [1], name = te_01
[36mINFO[0m 08/01 16:24:46 | Batch sizes for each domain: [32, 0, 32] (total=64)
[36mINFO[0m 08/01 16:24:46 | steps-per-epoch for each domain: 9.19, 6.88 -> min = 6.88
/home/s21_yhr/miniconda3/envs/GGA/lib/python3.11/site-packages/torchvision/models/_utils.py:208: UserWarning: The parameter 'pretrained' is deprecated since 0.13 and may be removed in the future, please use 'weights' instead.
  warnings.warn(
/home/s21_yhr/miniconda3/envs/GGA/lib/python3.11/site-packages/torchvision/models/_utils.py:223: UserWarning: Arguments other than a weight enum or `None` for 'weights' are deprecated since 0.13 and may be removed in the future. The current behavior is equivalent to passing `weights=ResNet50_Weights.IMAGENET1K_V1`. You can also use `weights=ResNet50_Weights.DEFAULT` to get the most up-to-date weights.
  warnings.warn(msg)
[36mINFO[0m 08/01 16:24:50 | # of params = 23512130
[36mINFO[0m 08/01 16:24:51 | test_in     test_out    train_in    train_out   test_in_au  train_out_  tr_outloss  test_out_a  env0_out    env0_out_a  env1_in     env1_in_au  env1_out    env1_out_a  env2_out    env2_out_a  step        epoch       loss        step_time   eval_time   mem_gb     
[36mINFO[0m 08/01 16:24:51 | 0.429594    0.461538    0.000000    0.632293    0.259501    0.496704    0.664846    0.321865    0.616438    0.578370    0.429594    0.259501    0.461538    0.321865    0.648148    0.415038    0           0.000000    0.711427    0.108787    0.608549    2.997349   
[36mINFO[0m 08/01 16:25:03 | 0.642005    0.663462    0.000000    0.538813    0.704065    0.562738    0.654304    0.665927    0.410959    0.460815    0.642005    0.704065    0.663462    0.665927    0.666667    0.664662    100         14.545455   0.659396    0.116348    0.494144    3.271666   
[36mINFO[0m 08/01 16:25:14 | 0.608592    0.538462    0.000000    0.598047    0.655623    0.609243    0.717523    0.564558    0.547945    0.603448    0.608592    0.655623    0.538462    0.564558    0.648148    0.615038    200         29.090909   0.575321    0.110896    0.491780    3.271666   
[36mINFO[0m 08/01 16:25:27 | 0.622912    0.586538    0.000000    0.609335    0.680323    0.640144    1.059672    0.576767    0.589041    0.588558    0.622912    0.680323    0.586538    0.576767    0.629630    0.691729    300         43.636364   0.392430    0.115553    0.566277    3.271666   
[36mINFO[0m 08/01 16:25:38 | 0.570406    0.471154    0.000000    0.588026    0.619440    0.683820    1.259137    0.455420    0.657534    0.702978    0.570406    0.619440    0.471154    0.455420    0.518519    0.664662    400         58.181818   0.286903    0.113673    0.537708    3.271666   
[36mINFO[0m 08/01 16:25:51 | 0.558473    0.403846    0.000000    0.652461    0.583827    0.718038    1.237312    0.399926    0.712329    0.777429    0.558473    0.583827    0.403846    0.399926    0.592593    0.658647    500         72.727273   0.221534    0.118369    0.517808    3.271666   
[36mINFO[0m 08/01 16:26:03 | 0.534606    0.490385    0.000000    0.594876    0.536320    0.713093    1.349625    0.471698    0.671233    0.793103    0.534606    0.536320    0.490385    0.471698    0.518519    0.633083    600         87.272727   0.148972    0.117248    0.499290    3.271666   
[36mINFO[0m 08/01 16:26:16 | 0.556086    0.471154    0.000000    0.588407    0.554047    0.680188    1.349084    0.454310    0.602740    0.709248    0.556086    0.554047    0.471154    0.454310    0.574074    0.651128    700         101.818182  0.145625    0.120168    0.511284    3.271666   
[36mINFO[0m 08/01 16:26:28 | 0.501193    0.471154    0.000000    0.604515    0.506357    0.691245    1.625651    0.407695    0.616438    0.753918    0.501193    0.506357    0.471154    0.407695    0.592593    0.628571    800         116.363636  0.121289    0.117291    0.532907    3.271666   
[36mINFO[0m 08/01 16:26:40 | 0.565632    0.471154    0.000000    0.583587    0.558843    0.657600    2.579600    0.406585    0.630137    0.707680    0.565632    0.558843    0.471154    0.406585    0.537037    0.607519    900         130.909091  0.103300    0.117513    0.498005    3.271666   
[36mINFO[0m 08/01 16:26:52 | 0.494033    0.480769    0.000000    0.654490    0.532196    0.671951    1.694885    0.496485    0.753425    0.766458    0.494033    0.532196    0.480769    0.496485    0.555556    0.577444    1000        145.454545  0.111186    0.115629    0.531057    3.271666   
[36mINFO[0m 08/01 16:27:04 | 0.541766    0.519231    0.000000    0.576738    0.558820    0.663233    2.166143    0.469108    0.616438    0.688871    0.541766    0.558820    0.519231    0.469108    0.537037    0.637594    1100        160.000000  0.092658    0.115268    0.548891    3.271666   
[36mINFO[0m 08/01 16:27:17 | 0.474940    0.480769    0.000000    0.618214    0.502187    0.672701    1.863940    0.448021    0.643836    0.710815    0.474940    0.502187    0.480769    0.448021    0.592593    0.634586    1200        174.545455  0.094534    0.118943    0.615555    3.271666   
[36mINFO[0m 08/01 16:27:29 | 0.486874    0.509615    0.000000    0.606925    0.538598    0.653771    2.448833    0.465039    0.602740    0.685737    0.486874    0.538598    0.509615    0.465039    0.611111    0.621805    1300        189.090909  0.066450    0.116832    0.600631    3.271666   
[36mINFO[0m 08/01 16:27:42 | 0.520286    0.451923    0.000000    0.583968    0.533927    0.652261    1.453966    0.442841    0.575342    0.666928    0.520286    0.533927    0.451923    0.442841    0.592593    0.637594    1400        203.636364  0.197453    0.121959    0.519741    3.271666   
[36mINFO[0m 08/01 16:27:54 | 0.536993    0.509615    0.000000    0.595256    0.545365    0.666093    1.647586    0.484277    0.616438    0.718652    0.536993    0.545365    0.509615    0.484277    0.574074    0.613534    1500        218.181818  0.080817    0.117638    0.632110    3.271666   
[36mINFO[0m 08/01 16:28:07 | 0.520286    0.528846    0.000000    0.640791    0.526203    0.680390    1.740659    0.511654    0.726027    0.756270    0.520286    0.526203    0.528846    0.511654    0.555556    0.604511    1600        232.727273  0.067634    0.118991    0.563112    3.271666   
[36mINFO[0m 08/01 16:28:19 | 0.472554    0.480769    0.000000    0.652461    0.518274    0.677817    1.984219    0.465039    0.712329    0.740596    0.472554    0.518274    0.480769    0.465039    0.592593    0.615038    1700        247.272727  0.066948    0.118837    0.608834    3.271666   
[36mINFO[0m 08/01 16:28:32 | 0.572792    0.490385    0.000000    0.597666    0.565599    0.684763    1.670418    0.485387    0.602740    0.712382    0.572792    0.565599    0.490385    0.485387    0.592593    0.657143    1800        261.818182  0.073307    0.122468    0.531667    3.271666   
[36mINFO[0m 08/01 16:28:44 | 0.510740    0.557692    0.000000    0.604515    0.553739    0.705430    2.594822    0.538291    0.616438    0.758229    0.510740    0.553739    0.557692    0.538291    0.592593    0.652632    1900        276.363636  0.058433    0.117160    0.503822    3.271666   
[36mINFO[0m 08/01 16:28:57 | 0.575179    0.528846    0.000000    0.622653    0.570076    0.688078    1.996406    0.527932    0.671233    0.746082    0.575179    0.570076    0.528846    0.527932    0.574074    0.630075    2000        290.909091  0.064534    0.117212    0.575251    3.271666   
[36mINFO[0m 08/01 16:29:09 | 0.558473    0.528846    0.000000    0.657281    0.547462    0.680951    1.914579    0.495745    0.684932    0.746865    0.558473    0.547462    0.528846    0.495745    0.629630    0.615038    2100        305.454545  0.095708    0.116429    0.502821    3.271666   
[36mINFO[0m 08/01 16:29:21 | 0.591885    0.576923    0.000000    0.673389    0.604448    0.710096    1.381811    0.544580    0.698630    0.775078    0.591885    0.604448    0.576923    0.544580    0.648148    0.645113    2200        320.000000  0.064711    0.119630    0.519551    3.271666   
[36mINFO[0m 08/01 16:29:34 | 0.565632    0.538462    0.000000    0.611365    0.587951    0.697059    1.878614    0.520163    0.630137    0.762539    0.565632    0.587951    0.538462    0.520163    0.592593    0.631579    2300        334.545455  0.070465    0.118929    0.533396    3.271666   
[36mINFO[0m 08/01 16:29:46 | 0.527446    0.451923    0.000000    0.622653    0.513455    0.699955    2.369611    0.447836    0.671233    0.757053    0.527446    0.513455    0.451923    0.447836    0.574074    0.642857    2400        349.090909  0.052862    0.117158    0.518805    3.271666   
[36mINFO[0m 08/01 16:29:58 | 0.568019    0.480769    0.000000    0.595256    0.554138    0.683599    3.376854    0.488716    0.616438    0.747649    0.568019    0.554138    0.480769    0.488716    0.574074    0.619549    2500        363.636364  0.048655    0.114653    0.507078    3.271666   
[36mINFO[0m 08/01 16:30:10 | 0.579952    0.567308    0.000000    0.590817    0.618734    0.677721    1.362551    0.575287    0.589041    0.735893    0.579952    0.618734    0.567308    0.575287    0.592593    0.619549    2600        378.181818  0.060838    0.115049    0.510630    3.271666   
[36mINFO[0m 08/01 16:30:22 | 0.544153    0.528846    0.000000    0.615804    0.548214    0.689158    2.193865    0.483907    0.657534    0.743730    0.544153    0.548214    0.528846    0.483907    0.574074    0.634586    2700        392.727273  0.059135    0.114260    0.494408    3.271666   
[36mINFO[0m 08/01 16:30:34 | 0.572792    0.528846    0.000000    0.588407    0.588031    0.663048    2.160824    0.504624    0.602740    0.698276    0.572792    0.588031    0.528846    0.504624    0.574074    0.627820    2800        407.272727  0.050374    0.112902    0.522608    3.271666   
[36mINFO[0m 08/01 16:30:46 | 0.556086    0.548077    0.000000    0.659691    0.612719    0.693417    1.826903    0.524972    0.671233    0.786834    0.556086    0.612719    0.548077    0.524972    0.648148    0.600000    2900        421.818182  0.049774    0.116055    0.541272    3.271666   
[36mINFO[0m 08/01 16:30:58 | 0.568019    0.519231    0.000000    0.620244    0.573938    0.692178    1.801743    0.475768    0.684932    0.781348    0.568019    0.573938    0.519231    0.475768    0.555556    0.603008    3000        436.363636  0.072068    0.115742    0.540088    3.271666   
[36mINFO[0m 08/01 16:31:10 | 0.546539    0.461538    0.000000    0.602106    0.544819    0.678515    2.348612    0.458750    0.630137    0.719436    0.546539    0.544819    0.461538    0.458750    0.574074    0.637594    3100        450.909091  0.060540    0.114516    0.569430    3.271666   
[36mINFO[0m 08/01 16:31:22 | 0.532220    0.480769    0.000000    0.618214    0.556553    0.672902    2.283992    0.461339    0.643836    0.702194    0.532220    0.556553    0.480769    0.461339    0.592593    0.643609    3200        465.454545  0.050125    0.112775    0.510572    3.271666   
[36mINFO[0m 08/01 16:31:34 | 0.579952    0.490385    0.000000    0.611365    0.597703    0.674405    1.970073    0.472438    0.630137    0.702194    0.579952    0.597703    0.490385    0.472438    0.592593    0.646617    3300        480.000000  0.043263    0.111492    0.517963    3.271666   
[36mINFO[0m 08/01 16:31:46 | 0.591885    0.548077    0.000000    0.563039    0.603388    0.638828    2.917994    0.511284    0.589041    0.662618    0.591885    0.603388    0.548077    0.511284    0.537037    0.615038    3400        494.545455  0.038519    0.114017    0.528414    3.271666   
[36mINFO[0m 08/01 16:31:57 | 0.613365    0.490385    0.000000    0.597666    0.605952    0.649094    2.236065    0.496855    0.602740    0.659091    0.613365    0.605952    0.490385    0.496855    0.592593    0.639098    3500        509.090909  0.049826    0.111840    0.502685    3.271666   
[36mINFO[0m 08/01 16:32:09 | 0.594272    0.538462    0.000000    0.631913    0.633818    0.685113    2.640658    0.505549    0.671233    0.729624    0.594272    0.633818    0.538462    0.505549    0.592593    0.640602    3600        523.636364  0.041450    0.114325    0.509810    3.271666   
[36mINFO[0m 08/01 16:32:21 | 0.572792    0.480769    0.000000    0.625063    0.610258    0.681363    2.186649    0.430263    0.657534    0.711599    0.572792    0.610258    0.480769    0.430263    0.592593    0.651128    3700        538.181818  0.043590    0.109322    0.512613    3.271666   
[36mINFO[0m 08/01 16:32:32 | 0.517900    0.471154    0.000000    0.595256    0.505901    0.663404    3.139710    0.408990    0.616438    0.734326    0.517900    0.505901    0.471154    0.408990    0.574074    0.592481    3800        552.727273  0.042811    0.111729    0.497134    3.271666   
[36mINFO[0m 08/01 16:32:44 | 0.570406    0.490385    0.000000    0.579148    0.561691    0.662000    3.078061    0.498335    0.602740    0.730016    0.570406    0.561691    0.490385    0.498335    0.555556    0.593985    3900        567.272727  0.053065    0.111067    0.522498    3.271666   
[36mINFO[0m 08/01 16:32:55 | 0.565632    0.471154    0.000000    0.604515    0.574508    0.641237    2.414545    0.454310    0.616438    0.679467    0.565632    0.574508    0.471154    0.454310    0.592593    0.603008    4000        581.818182  0.054170    0.109970    0.509195    3.271666   
[36mINFO[0m 08/01 16:33:07 | 0.608592    0.519231    0.000000    0.636733    0.626356    0.672478    2.544966    0.501665    0.643836    0.699843    0.608592    0.626356    0.519231    0.501665    0.629630    0.645113    4100        596.363636  0.043788    0.110304    0.504997    3.271666   
[36mINFO[0m 08/01 16:33:18 | 0.565632    0.567308    0.000000    0.583587    0.582779    0.631240    2.763437    0.535331    0.630137    0.668495    0.565632    0.582779    0.567308    0.535331    0.537037    0.593985    4200        610.909091  0.046747    0.108705    0.483552    3.271666   
[36mINFO[0m 08/01 16:33:30 | 0.532220    0.548077    0.000000    0.602106    0.553272    0.661900    2.362668    0.467259    0.630137    0.734326    0.532220    0.553272    0.548077    0.467259    0.574074    0.589474    4300        625.454545  0.047869    0.110428    0.504892    3.271666   
[36mINFO[0m 08/01 16:33:42 | 0.558473    0.442308    0.000000    0.615804    0.571044    0.652177    2.664941    0.440622    0.657534    0.699843    0.558473    0.571044    0.442308    0.440622    0.574074    0.604511    4400        640.000000  0.034002    0.110198    0.523103    3.271666   
[36mINFO[0m 08/01 16:33:53 | 0.513126    0.471154    0.000000    0.604515    0.584533    0.650536    2.194777    0.421014    0.616438    0.711599    0.513126    0.584533    0.471154    0.421014    0.592593    0.589474    4500        654.545455  0.074593    0.110925    0.535826    3.271666   
[36mINFO[0m 08/01 16:34:05 | 0.565632    0.480769    0.000000    0.608955    0.592463    0.676112    2.626145    0.471883    0.643836    0.749216    0.565632    0.592463    0.480769    0.471883    0.574074    0.603008    4600        669.090909  0.044085    0.113816    0.505217    3.271666   
[36mINFO[0m 08/01 16:34:17 | 0.558473    0.480769    0.000000    0.597286    0.585262    0.661444    2.266665    0.485757    0.657534    0.730408    0.558473    0.585262    0.480769    0.485757    0.537037    0.592481    4700        683.636364  0.039915    0.111690    0.515399    3.271666   
[36mINFO[0m 08/01 16:34:28 | 0.599045    0.509615    0.000000    0.597666    0.614063    0.654781    2.057099    0.537551    0.602740    0.661442    0.599045    0.614063    0.509615    0.537551    0.592593    0.648120    4800        698.181818  0.036786    0.111679    0.533944    3.271666   
[36mINFO[0m 08/01 16:34:40 | 0.570406    0.576923    0.000000    0.661720    0.618335    0.700972    2.568475    0.576027    0.712329    0.751567    0.570406    0.618335    0.576923    0.576027    0.611111    0.650376    4900        712.727273  0.030515    0.112490    0.492610    3.271666   
[36mINFO[0m 08/01 16:34:52 | 0.556086    0.451923    0.000000    0.634323    0.585980    0.640951    2.577821    0.420274    0.657534    0.665361    0.556086    0.585980    0.451923    0.420274    0.611111    0.616541    5000        727.272727  0.035289    0.112037    0.485856    3.271666   
[36mINFO[0m 08/01 16:34:52 | ---
[36mINFO[0m 08/01 16:34:52 | oracle = 64.200%
[36mINFO[0m 08/01 16:34:52 | iid = 59.189%
[36mINFO[0m 08/01 16:34:52 | last = 55.609%
[36mINFO[0m 08/01 16:34:52 | last (inD) = 63.432%
[36mINFO[0m 08/01 16:34:52 | iid (inD) = 67.339%
[36mINFO[0m 08/01 16:34:53 | 
[36mINFO[0m 08/01 16:34:53 | Testenv name escaping te_02 -> te_02
[36mINFO[0m 08/01 16:34:53 | Test envs = [2], name = te_02
[36mINFO[0m 08/01 16:34:53 | Batch sizes for each domain: [32, 32, 0] (total=64)
[36mINFO[0m 08/01 16:34:53 | steps-per-epoch for each domain: 9.19, 13.09 -> min = 9.19
/home/s21_yhr/miniconda3/envs/GGA/lib/python3.11/site-packages/torchvision/models/_utils.py:208: UserWarning: The parameter 'pretrained' is deprecated since 0.13 and may be removed in the future, please use 'weights' instead.
  warnings.warn(
/home/s21_yhr/miniconda3/envs/GGA/lib/python3.11/site-packages/torchvision/models/_utils.py:223: UserWarning: Arguments other than a weight enum or `None` for 'weights' are deprecated since 0.13 and may be removed in the future. The current behavior is equivalent to passing `weights=ResNet50_Weights.IMAGENET1K_V1`. You can also use `weights=ResNet50_Weights.DEFAULT` to get the most up-to-date weights.
  warnings.warn(msg)
[36mINFO[0m 08/01 16:34:55 | # of params = 23512130
[36mINFO[0m 08/01 16:34:56 | test_in     test_out    train_in    train_out   test_in_au  train_out_  tr_outloss  test_out_a  env0_out    env0_out_a  env1_out    env1_out_a  env2_in     env2_in_au  env2_out    env2_out_a  step        epoch       loss        step_time   eval_time   mem_gb     
[36mINFO[0m 08/01 16:34:56 | 0.554545    0.648148    0.000000    0.558219    0.562395    0.715693    0.654689    0.607519    0.616438    0.642633    0.500000    0.788753    0.554545    0.562395    0.648148    0.607519    0           0.000000    0.654377    0.127600    0.392037    2.997349   
[36mINFO[0m 08/01 16:35:08 | 0.650000    0.592593    0.000000    0.679268    0.693459    0.747409    0.586327    0.622556    0.493151    0.559561    0.865385    0.935257    0.650000    0.693459    0.592593    0.622556    100         10.884354   0.601785    0.116095    0.353731    3.271666   
[36mINFO[0m 08/01 16:35:20 | 0.631818    0.500000    0.000000    0.736828    0.638508    0.766488    0.613585    0.506767    0.589041    0.586991    0.884615    0.945986    0.631818    0.638508    0.500000    0.506767    200         21.768707   0.473086    0.118410    0.331855    3.271666   
[36mINFO[0m 08/01 16:35:32 | 0.609091    0.666667    0.000000    0.685985    0.653396    0.739837    0.853965    0.574436    0.602740    0.566614    0.769231    0.913060    0.609091    0.653396    0.666667    0.574436    300         32.653061   0.393065    0.116070    0.392795    3.271666   
[36mINFO[0m 08/01 16:35:44 | 0.581818    0.500000    0.000000    0.702450    0.585396    0.800878    1.131364    0.529323    0.616438    0.685737    0.788462    0.916019    0.581818    0.585396    0.500000    0.529323    400         43.537415   0.273533    0.117723    0.376338    3.271666   
[36mINFO[0m 08/01 16:35:57 | 0.600000    0.592593    0.000000    0.795706    0.606139    0.843150    0.813005    0.493233    0.726027    0.742163    0.865385    0.944136    0.600000    0.606139    0.592593    0.493233    500         54.421769   0.203906    0.124601    0.329173    3.271666   
[36mINFO[0m 08/01 16:36:09 | 0.527273    0.444444    0.000000    0.786091    0.552024    0.838265    0.738462    0.464662    0.726027    0.746082    0.846154    0.930448    0.527273    0.552024    0.444444    0.464662    600         65.306122   0.157288    0.115930    0.348751    3.271666   
[36mINFO[0m 08/01 16:36:21 | 0.522727    0.425926    0.000000    0.712790    0.578538    0.781928    0.838642    0.511278    0.589041    0.649687    0.836538    0.914169    0.522727    0.578538    0.425926    0.511278    700         76.190476   0.169912    0.117630    0.357557    3.271666   
[36mINFO[0m 08/01 16:36:33 | 0.550000    0.518519    0.000000    0.767584    0.597357    0.824238    0.934289    0.541353    0.698630    0.740596    0.836538    0.907880    0.550000    0.597357    0.518519    0.541353    800         87.074830   0.125673    0.116183    0.370402    3.271666   
[36mINFO[0m 08/01 16:36:45 | 0.586364    0.481481    0.000000    0.723722    0.646454    0.791436    1.265298    0.544361    0.630137    0.705329    0.817308    0.877543    0.586364    0.646454    0.481481    0.544361    900         97.959184   0.099922    0.116353    0.344389    3.271666   
[36mINFO[0m 08/01 16:36:57 | 0.563636    0.518519    0.000000    0.726488    0.614252    0.822116    1.134371    0.523308    0.616438    0.737461    0.836538    0.906770    0.563636    0.614252    0.518519    0.523308    1000        108.843537  0.114168    0.118278    0.350894    3.271666   
[36mINFO[0m 08/01 16:37:09 | 0.595455    0.555556    0.000000    0.715556    0.610238    0.796335    1.302872    0.506767    0.575342    0.648903    0.855769    0.943766    0.595455    0.610238    0.555556    0.506767    1100        119.727891  0.095906    0.116237    0.367657    3.271666   
[36mINFO[0m 08/01 16:37:21 | 0.568182    0.500000    0.000000    0.747036    0.639344    0.812011    1.240042    0.541353    0.657534    0.693574    0.836538    0.930448    0.568182    0.639344    0.500000    0.541353    1200        130.612245  0.087224    0.113512    0.336195    3.271666   
[36mINFO[0m 08/01 16:37:33 | 0.627273    0.611111    0.000000    0.727806    0.641853    0.766193    1.187659    0.621053    0.657534    0.642633    0.798077    0.889752    0.627273    0.641853    0.611111    0.621053    1300        141.496599  0.090560    0.114291    0.364182    3.271666   
[36mINFO[0m 08/01 16:37:45 | 0.572727    0.629630    0.000000    0.670113    0.595851    0.789327    2.161180    0.603008    0.657534    0.649687    0.682692    0.928968    0.572727    0.595851    0.629630    0.603008    1400        152.380952  0.097984    0.114586    0.340870    3.271666   
[36mINFO[0m 08/01 16:37:57 | 0.563636    0.481481    0.000000    0.736697    0.607645    0.810321    1.063856    0.502256    0.684932    0.739028    0.788462    0.881613    0.563636    0.607645    0.481481    0.502256    1500        163.265306  0.092454    0.120348    0.360081    3.271666   
[36mINFO[0m 08/01 16:38:09 | 0.563636    0.518519    0.000000    0.729847    0.589997    0.810358    1.332592    0.491729    0.671233    0.700627    0.788462    0.920089    0.563636    0.589997    0.518519    0.491729    1600        174.149660  0.072017    0.116704    0.351017    3.271666   
[36mINFO[0m 08/01 16:38:21 | 0.550000    0.481481    0.000000    0.766992    0.598110    0.820717    0.938451    0.524812    0.630137    0.700627    0.903846    0.940807    0.550000    0.598110    0.481481    0.524812    1700        185.034014  0.082434    0.116452    0.350896    3.271666   
[36mINFO[0m 08/01 16:38:33 | 0.568182    0.518519    0.000000    0.756652    0.606390    0.810618    1.200077    0.520301    0.657534    0.696708    0.855769    0.924528    0.568182    0.606390    0.518519    0.520301    1800        195.918367  0.061478    0.113579    0.359490    3.271666   
[36mINFO[0m 08/01 16:38:44 | 0.563636    0.537037    0.000000    0.745719    0.599657    0.820148    1.344679    0.508271    0.616438    0.680251    0.875000    0.960044    0.563636    0.599657    0.537037    0.508271    1900        206.802721  0.066921    0.113743    0.351190    3.271666   
[36mINFO[0m 08/01 16:38:56 | 0.581818    0.518519    0.000000    0.738145    0.575527    0.815501    1.203632    0.539850    0.630137    0.679467    0.846154    0.951535    0.581818    0.575527    0.518519    0.539850    2000        217.687075  0.072427    0.114037    0.360742    3.271666   
[36mINFO[0m 08/01 16:39:08 | 0.590909    0.500000    0.000000    0.736828    0.597692    0.817884    1.367291    0.506767    0.589041    0.678683    0.884615    0.957085    0.590909    0.597692    0.500000    0.506767    2100        228.571429  0.056579    0.115996    0.348727    3.271666   
[36mINFO[0m 08/01 16:39:20 | 0.550000    0.537037    0.000000    0.751844    0.567916    0.832472    1.248287    0.499248    0.657534    0.724138    0.846154    0.940807    0.550000    0.567916    0.537037    0.499248    2200        239.455782  0.060450    0.113049    0.353338    3.271666   
[36mINFO[0m 08/01 16:39:32 | 0.636364    0.555556    0.000000    0.760735    0.621111    0.821401    1.149772    0.511278    0.684932    0.692006    0.836538    0.950795    0.636364    0.621111    0.555556    0.511278    2300        250.340136  0.063876    0.112116    0.376204    3.271666   
[36mINFO[0m 08/01 16:39:43 | 0.600000    0.500000    0.000000    0.705216    0.625209    0.808484    1.136003    0.469173    0.602740    0.686520    0.807692    0.930448    0.600000    0.625209    0.500000    0.469173    2400        261.224490  0.068197    0.111233    0.372991    3.271666   
[36mINFO[0m 08/01 16:39:55 | 0.631818    0.592593    0.000000    0.705216    0.639846    0.814262    1.385909    0.530827    0.602740    0.688088    0.807692    0.940437    0.631818    0.639846    0.592593    0.530827    2500        272.108844  0.042732    0.114874    0.340562    3.271666   
[36mINFO[0m 08/01 16:40:07 | 0.645455    0.518519    0.000000    0.723722    0.690950    0.788273    1.974989    0.521805    0.630137    0.658307    0.817308    0.918239    0.645455    0.690950    0.518519    0.521805    2600        282.993197  0.053614    0.114381    0.380288    3.271666   
[36mINFO[0m 08/01 16:40:18 | 0.595455    0.555556    0.000000    0.703174    0.632068    0.814525    1.709411    0.541353    0.589041    0.697492    0.817308    0.931558    0.595455    0.632068    0.555556    0.541353    2700        293.877551  0.049058    0.113071    0.371665    3.271666   
[36mINFO[0m 08/01 16:40:30 | 0.618182    0.611111    0.000000    0.726488    0.638842    0.809572    1.323694    0.518797    0.616438    0.685737    0.836538    0.933407    0.618182    0.638842    0.611111    0.518797    2800        304.761905  0.063510    0.114062    0.351493    3.271666   
[36mINFO[0m 08/01 16:40:42 | 0.595455    0.481481    0.000000    0.784773    0.657160    0.823155    1.422914    0.466165    0.684932    0.708464    0.884615    0.937847    0.595455    0.657160    0.481481    0.466165    2900        315.646259  0.051125    0.112880    0.373835    3.271666   
[36mINFO[0m 08/01 16:40:54 | 0.609091    0.500000    0.000000    0.739463    0.616929    0.852530    1.367228    0.490226    0.671233    0.746865    0.807692    0.958195    0.609091    0.616929    0.500000    0.490226    3000        326.530612  0.051337    0.113358    0.420089    3.271666   
[36mINFO[0m 08/01 16:41:07 | 0.554545    0.555556    0.000000    0.702450    0.594597    0.786525    1.362474    0.532331    0.616438    0.681818    0.788462    0.891232    0.554545    0.594597    0.555556    0.532331    3100        337.414966  0.080089    0.133859    0.401955    3.271666   
[36mINFO[0m 08/01 16:41:20 | 0.572727    0.500000    0.000000    0.770350    0.628053    0.818533    1.145403    0.481203    0.684932    0.721787    0.855769    0.915279    0.572727    0.628053    0.500000    0.481203    3200        348.299320  0.067667    0.121299    0.358359    3.271666   
[36mINFO[0m 08/01 16:41:33 | 0.600000    0.537037    0.000000    0.733338    0.637755    0.835042    1.448837    0.494737    0.630137    0.736677    0.836538    0.933407    0.600000    0.637755    0.537037    0.494737    3300        359.183673  0.046813    0.121845    0.421181    3.271666   
[36mINFO[0m 08/01 16:41:45 | 0.613636    0.537037    0.000000    0.770350    0.604466    0.823026    1.423610    0.496241    0.684932    0.717085    0.855769    0.928968    0.613636    0.604466    0.537037    0.496241    3400        370.068027  0.046977    0.124667    0.375798    3.271666   
[36mINFO[0m 08/01 16:41:58 | 0.604545    0.537037    0.000000    0.751844    0.640599    0.812329    1.353675    0.494737    0.657534    0.711599    0.846154    0.913060    0.604545    0.640599    0.537037    0.494737    3500        380.952381  0.045048    0.119412    0.431539    3.271666   
[36mINFO[0m 08/01 16:42:12 | 0.572727    0.425926    0.000000    0.732613    0.655152    0.805743    1.170915    0.476692    0.657534    0.694357    0.807692    0.917129    0.572727    0.655152    0.425926    0.476692    3600        391.836735  0.045053    0.138169    0.616100    3.271666   
[36mINFO[0m 08/01 16:42:25 | 0.627273    0.500000    0.000000    0.760011    0.659292    0.836680    1.297286    0.520301    0.712329    0.768809    0.807692    0.904550    0.627273    0.659292    0.500000    0.520301    3700        402.721088  0.050687    0.120103    0.367237    3.271666   
[36mINFO[0m 08/01 16:42:36 | 0.622727    0.500000    0.000000    0.735379    0.645115    0.827251    1.142720    0.469173    0.643836    0.735893    0.826923    0.918609    0.622727    0.645115    0.500000    0.469173    3800        413.605442  0.038378    0.114448    0.369786    3.271666   
[36mINFO[0m 08/01 16:42:48 | 0.618182    0.500000    0.000000    0.722998    0.646454    0.827752    1.356412    0.452632    0.657534    0.740596    0.788462    0.914909    0.618182    0.646454    0.500000    0.452632    3900        424.489796  0.044658    0.111555    0.352087    3.271666   
[36mINFO[0m 08/01 16:42:59 | 0.640909    0.537037    0.000000    0.732613    0.651974    0.836415    1.288931    0.497744    0.657534    0.746082    0.807692    0.926748    0.640909    0.651974    0.537037    0.497744    4000        435.374150  0.046591    0.109825    0.351104    3.271666   
[36mINFO[0m 08/01 16:43:12 | 0.581818    0.574074    0.000000    0.761459    0.634159    0.823545    1.316160    0.518797    0.657534    0.695925    0.865385    0.951165    0.581818    0.634159    0.574074    0.518797    4100        446.258503  0.038774    0.126395    0.385296    3.271666   
[36mINFO[0m 08/01 16:43:25 | 0.613636    0.555556    0.000000    0.751844    0.642355    0.821568    1.345348    0.523308    0.657534    0.717868    0.846154    0.925268    0.613636    0.642355    0.555556    0.523308    4200        457.142857  0.041215    0.118352    0.349338    3.271666   
[36mINFO[0m 08/01 16:43:37 | 0.604545    0.500000    0.000000    0.721549    0.623453    0.803846    1.868356    0.505263    0.712329    0.739028    0.730769    0.868664    0.604545    0.623453    0.500000    0.505263    4300        468.027211  0.048296    0.118816    0.354814    3.271666   
[36mINFO[0m 08/01 16:43:49 | 0.659091    0.481481    0.000000    0.735379    0.633573    0.830318    1.407264    0.509774    0.643836    0.726489    0.826923    0.934147    0.659091    0.633573    0.481481    0.509774    4400        478.911565  0.037453    0.116509    0.414857    3.271666   
[36mINFO[0m 08/01 16:44:01 | 0.627273    0.592593    0.000000    0.740187    0.657494    0.807515    1.811019    0.521053    0.643836    0.684953    0.836538    0.930078    0.627273    0.657494    0.592593    0.521053    4500        489.795918  0.033812    0.116879    0.377567    3.271666   
[36mINFO[0m 08/01 16:44:13 | 0.631818    0.574074    0.000000    0.730572    0.656532    0.803647    1.699786    0.488722    0.643836    0.718652    0.817308    0.888642    0.631818    0.656532    0.574074    0.488722    4600        500.680272  0.048294    0.117602    0.446990    3.271666   
[36mINFO[0m 08/01 16:44:25 | 0.654545    0.518519    0.000000    0.747036    0.660338    0.837537    1.291329    0.496241    0.657534    0.753135    0.836538    0.921939    0.654545    0.660338    0.518519    0.496241    4700        511.564626  0.040374    0.116511    0.379414    3.271666   
[36mINFO[0m 08/01 16:44:37 | 0.590909    0.500000    0.000000    0.726357    0.638006    0.822820    1.383267    0.449624    0.712329    0.789185    0.740385    0.856456    0.590909    0.638006    0.500000    0.449624    4800        522.448980  0.049940    0.114542    0.398388    3.271666   
[36mINFO[0m 08/01 16:44:50 | 0.636364    0.574074    0.000000    0.731164    0.663516    0.827944    1.216464    0.521805    0.712329    0.780564    0.750000    0.875324    0.636364    0.663516    0.574074    0.521805    4900        533.333333  0.058905    0.120610    0.363312    3.271666   
[36mINFO[0m 08/01 16:45:02 | 0.640909    0.500000    0.000000    0.751120    0.659418    0.846330    1.415174    0.482707    0.684932    0.763323    0.817308    0.929338    0.640909    0.659418    0.500000    0.482707    5000        544.217687  0.043590    0.116933    0.360662    3.271666   
[36mINFO[0m 08/01 16:45:02 | ---
[36mINFO[0m 08/01 16:45:02 | oracle = 60.909%
[36mINFO[0m 08/01 16:45:02 | iid = 60.000%
[36mINFO[0m 08/01 16:45:02 | last = 64.091%
[36mINFO[0m 08/01 16:45:02 | last (inD) = 75.112%
[36mINFO[0m 08/01 16:45:02 | iid (inD) = 79.571%
[36mINFO[0m 08/01 16:45:02 | === Summary ===
[36mINFO[0m 08/01 16:45:02 | Command: /home/s21_yhr/lzh/DomainBed-new/train_all.py HTP_Arith_seed4 --dataset HTP --data_dir /home/s21_yhr/lzh/DomainBed-new/dataset --algorithm Arith --steps 5000 --checkpoint_freq 100 --batch_size 32 --optimizer adam --lr 5e-5 --weight_decay 0 --resnet_dropout 0 --resnet18 False --pretrained True --freeze_bn True --swad False --seed 4 --trial_seed 4 --deterministic --prebuild_loader --cache_size 640 --arith_meta_lr 0.01
[36mINFO[0m 08/01 16:45:02 | Unique name: 260801_16-14-32_HTP_Arith_seed4
[36mINFO[0m 08/01 16:45:02 | Out path: train_output/HTP/260801_16-14-32_HTP_Arith_seed4
[36mINFO[0m 08/01 16:45:02 | Algorithm: Arith
[36mINFO[0m 08/01 16:45:02 | Dataset: HTP
+------------+---------+---------+---------+---------+
| Selection  |    00   |    01   |    02   |   Avg.  |
+------------+---------+---------+---------+---------+
|   oracle   | 53.741% | 64.200% | 60.909% | 59.617% |
|    iid     | 54.422% | 59.189% | 60.000% | 57.870% |
|    last    | 54.422% | 55.609% | 64.091% | 58.040% |
| last (inD) | 74.163% | 63.432% | 75.112% | 70.902% |
| iid (inD)  | 78.490% | 67.339% | 79.571% | 75.133% |
+------------+---------+---------+---------+---------+
