Algorithm: Fish
Physical GPU: 2
Seeds: [0, 1, 2, 3, 4]
Dataset: /home/s21_yhr/lzh/DomainBed-new/dataset/HTP

================================================================================
Starting Fish, seed=0, physical GPU=2
/home/s21_yhr/miniconda3/envs/GGA/bin/python /home/s21_yhr/lzh/DomainBed-new/train_all.py HTP_Fish_seed0 --dataset HTP --data_dir /home/s21_yhr/lzh/DomainBed-new/dataset --algorithm Fish --steps 5000 --checkpoint_freq 100 --batch_size 32 --optimizer adam --lr 5e-5 --weight_decay 0 --resnet_dropout 0 --resnet18 False --pretrained True --freeze_bn True --swad False --seed 0 --trial_seed 0 --deterministic --prebuild_loader --cache_size 640 --meta_lr 0.5
================================================================================
[36mINFO[0m 08/01 14:10:31 | Command :: /home/s21_yhr/lzh/DomainBed-new/train_all.py HTP_Fish_seed0 --dataset HTP --data_dir /home/s21_yhr/lzh/DomainBed-new/dataset --algorithm Fish --steps 5000 --checkpoint_freq 100 --batch_size 32 --optimizer adam --lr 5e-5 --weight_decay 0 --resnet_dropout 0 --resnet18 False --pretrained True --freeze_bn True --swad False --seed 0 --trial_seed 0 --deterministic --prebuild_loader --cache_size 640 --meta_lr 0.5
Environment:
	Python: 3.11.15
	PyTorch: 2.11.0+cu128
	Torchvision: 0.26.0+cu128
	CUDA: 12.8
	CUDNN: 91900
	NumPy: 1.26.4
	PIL: 12.2.0
Args:
	algorithm: Fish
	batch_size: 32
	cache_root: cache
	cache_size: 640
	checkpoint_freq: 100
	configs: []
	data_dir: /home/s21_yhr/lzh/DomainBed-new/dataset
	dataset: HTP
	debug: False
	deterministic: True
	end_step: 200
	evalmode: fast
	extra_search: n
	extra_search_end: None
	extra_search_start: None
	gga_l_gamma: 0.001
	grad_fn: sum
	holdout_fraction: 0.2
	model_save: None
	name: HTP_Fish_seed0
	neighborhoodSize: 1e-06
	out_dir: train_output/HTP/260801_14-10-31_HTP_Fish_seed0
	out_root: train_output/HTP
	prebuild_loader: True
	seed: 0
	show: False
	start_step: 100
	steps: 5000
	tb_freq: 10
	test_envs: None
	train_output: train_output
	trial_seed: 0
	unique_name: 260801_14-10-31_HTP_Fish_seed0
	work_dir: .
HParams:
	data_augmentation: True
	val_augment: False
	[36mresnet18: False
	[0m[36mresnet_dropout: 0
	[0mclass_balanced: False
	[36moptimizer: adam
	[0m[36mfreeze_bn: True
	[0m[36mpretrained: True
	[0m[36mlr: 5e-05
	[0mbatch_size: 32
	[36mweight_decay: 0
	[0m[36mmeta_lr: 0.5
	[0m[36mswad: False
	[0mswad_kwargs: 
	  n_converge: 3
	  n_tolerance: 6
	  tolerance_ratio: 0.3
	test_batchsize: 128
	indomain_test: False
	grad_fn: sum
	extra_search: n
	logdir: train_output/HTP/260801_14-10-31_HTP_Fish_seed0
	neighborhoodSize: 1e-06
	start_step: 100
	end_step: 200
	extra_search_start: None
	extra_search_end: None
	gga_l_gamma: 0.001
Dataset:
	[HTP] #envs=3, #classes=2
	env0: 00 (#367)
	env1: 01 (#523)
	env2: 02 (#274)

[36mINFO[0m 08/01 14:10:31 | n_steps = 5000
[36mINFO[0m 08/01 14:10:31 | checkpoint_freq = 100
[36mINFO[0m 08/01 14:10:31 | n_steps is updated to 5000 => 5001 for checkpointing
[36mINFO[0m 08/01 14:10:31 | Target test envs = [[0], [1], [2]]
[36mINFO[0m 08/01 14:10:31 | 
[36mINFO[0m 08/01 14:10:31 | Testenv name escaping te_00 -> te_00
[36mINFO[0m 08/01 14:10:31 | Test envs = [0], name = te_00
[36mINFO[0m 08/01 14:10:31 | Batch sizes for each domain: [0, 32, 32] (total=64)
[36mINFO[0m 08/01 14:10:31 | steps-per-epoch for each domain: 13.09, 6.88 -> min = 6.88
/home/s21_yhr/miniconda3/envs/GGA/lib/python3.11/site-packages/torchvision/models/_utils.py:208: UserWarning: The parameter 'pretrained' is deprecated since 0.13 and may be removed in the future, please use 'weights' instead.
  warnings.warn(
/home/s21_yhr/miniconda3/envs/GGA/lib/python3.11/site-packages/torchvision/models/_utils.py:223: UserWarning: Arguments other than a weight enum or `None` for 'weights' are deprecated since 0.13 and may be removed in the future. The current behavior is equivalent to passing `weights=ResNet50_Weights.IMAGENET1K_V1`. You can also use `weights=ResNet50_Weights.DEFAULT` to get the most up-to-date weights.
  warnings.warn(msg)
[36mINFO[0m 08/01 14:10:34 | # of params = 23512130
[36mINFO[0m 08/01 14:10:36 | test_in     test_out    train_in    train_out   test_in_au  test_out_a  train_out_  tr_outloss  env0_in     env0_in_au  env0_out    env0_out_a  env1_out    env1_out_a  env2_out    env2_out_a  step        epoch       loss        step_time   eval_time   mem_gb     
[36mINFO[0m 08/01 14:10:36 | 0.554422    0.602740    0.000000    0.599537    0.545163    0.486822    0.765404    0.630867    0.554422    0.545163    0.602740    0.486822    0.625000    0.811364    0.574074    0.719444    0           0.000000    0.629012    1.703814    0.597309    3.062448   
/home/s21_yhr/miniconda3/envs/GGA/lib/python3.11/site-packages/torchvision/models/_utils.py:208: UserWarning: The parameter 'pretrained' is deprecated since 0.13 and may be removed in the future, please use 'weights' instead.
  warnings.warn(
/home/s21_yhr/miniconda3/envs/GGA/lib/python3.11/site-packages/torchvision/models/_utils.py:223: UserWarning: Arguments other than a weight enum or `None` for 'weights' are deprecated since 0.13 and may be removed in the future. The current behavior is equivalent to passing `weights=ResNet50_Weights.IMAGENET1K_V1`. You can also use `weights=ResNet50_Weights.DEFAULT` to get the most up-to-date weights.
  warnings.warn(msg)
[36mINFO[0m 08/01 14:12:29 | 0.520408    0.438356    0.000000    0.714566    0.521825    0.452713    0.781376    0.612165    0.520408    0.521825    0.438356    0.452713    0.836538    0.923864    0.592593    0.638889    100         14.545455   0.525957    1.121564    0.446678    3.068185   
/home/s21_yhr/miniconda3/envs/GGA/lib/python3.11/site-packages/torchvision/models/_utils.py:208: UserWarning: The parameter 'pretrained' is deprecated since 0.13 and may be removed in the future, please use 'weights' instead.
  warnings.warn(
/home/s21_yhr/miniconda3/envs/GGA/lib/python3.11/site-packages/torchvision/models/_utils.py:223: UserWarning: Arguments other than a weight enum or `None` for 'weights' are deprecated since 0.13 and may be removed in the future. The current behavior is equivalent to passing `weights=ResNet50_Weights.IMAGENET1K_V1`. You can also use `weights=ResNet50_Weights.DEFAULT` to get the most up-to-date weights.
  warnings.warn(msg)
[36mINFO[0m 08/01 14:14:23 | 0.513605    0.506849    0.000000    0.719373    0.525510    0.475969    0.752399    0.879321    0.513605    0.525510    0.506849    0.475969    0.846154    0.895076    0.592593    0.609722    200         29.090909   0.254026    1.136720    0.409343    3.068185   
/home/s21_yhr/miniconda3/envs/GGA/lib/python3.11/site-packages/torchvision/models/_utils.py:208: UserWarning: The parameter 'pretrained' is deprecated since 0.13 and may be removed in the future, please use 'weights' instead.
  warnings.warn(
/home/s21_yhr/miniconda3/envs/GGA/lib/python3.11/site-packages/torchvision/models/_utils.py:223: UserWarning: Arguments other than a weight enum or `None` for 'weights' are deprecated since 0.13 and may be removed in the future. The current behavior is equivalent to passing `weights=ResNet50_Weights.IMAGENET1K_V1`. You can also use `weights=ResNet50_Weights.DEFAULT` to get the most up-to-date weights.
  warnings.warn(msg)
[36mINFO[0m 08/01 14:16:18 | 0.534014    0.465753    0.000000    0.723825    0.532833    0.457364    0.768056    1.337394    0.534014    0.532833    0.465753    0.457364    0.836538    0.941667    0.611111    0.594444    300         43.636364   0.154378    1.144845    0.403671    3.068185   
/home/s21_yhr/miniconda3/envs/GGA/lib/python3.11/site-packages/torchvision/models/_utils.py:208: UserWarning: The parameter 'pretrained' is deprecated since 0.13 and may be removed in the future, please use 'weights' instead.
  warnings.warn(
/home/s21_yhr/miniconda3/envs/GGA/lib/python3.11/site-packages/torchvision/models/_utils.py:223: UserWarning: Arguments other than a weight enum or `None` for 'weights' are deprecated since 0.13 and may be removed in the future. The current behavior is equivalent to passing `weights=ResNet50_Weights.IMAGENET1K_V1`. You can also use `weights=ResNet50_Weights.DEFAULT` to get the most up-to-date weights.
  warnings.warn(msg)
[36mINFO[0m 08/01 14:18:17 | 0.500000    0.547945    0.000000    0.733084    0.524849    0.482171    0.751136    1.102943    0.500000    0.524849    0.547945    0.482171    0.836538    0.914773    0.629630    0.587500    400         58.181818   0.122261    1.183626    0.433562    3.068795   
/home/s21_yhr/miniconda3/envs/GGA/lib/python3.11/site-packages/torchvision/models/_utils.py:208: UserWarning: The parameter 'pretrained' is deprecated since 0.13 and may be removed in the future, please use 'weights' instead.
  warnings.warn(
/home/s21_yhr/miniconda3/envs/GGA/lib/python3.11/site-packages/torchvision/models/_utils.py:223: UserWarning: Arguments other than a weight enum or `None` for 'weights' are deprecated since 0.13 and may be removed in the future. The current behavior is equivalent to passing `weights=ResNet50_Weights.IMAGENET1K_V1`. You can also use `weights=ResNet50_Weights.DEFAULT` to get the most up-to-date weights.
  warnings.warn(msg)
[36mINFO[0m 08/01 14:20:14 | 0.544218    0.506849    0.000000    0.709758    0.534580    0.478295    0.752778    1.438279    0.544218    0.534580    0.506849    0.478295    0.826923    0.900000    0.592593    0.605556    500         72.727273   0.114543    1.170377    0.423486    3.068795   
/home/s21_yhr/miniconda3/envs/GGA/lib/python3.11/site-packages/torchvision/models/_utils.py:208: UserWarning: The parameter 'pretrained' is deprecated since 0.13 and may be removed in the future, please use 'weights' instead.
  warnings.warn(
/home/s21_yhr/miniconda3/envs/GGA/lib/python3.11/site-packages/torchvision/models/_utils.py:223: UserWarning: Arguments other than a weight enum or `None` for 'weights' are deprecated since 0.13 and may be removed in the future. The current behavior is equivalent to passing `weights=ResNet50_Weights.IMAGENET1K_V1`. You can also use `weights=ResNet50_Weights.DEFAULT` to get the most up-to-date weights.
  warnings.warn(msg)
[36mINFO[0m 08/01 14:22:12 | 0.523810    0.561644    0.000000    0.718661    0.551824    0.495349    0.740341    1.724385    0.523810    0.551824    0.561644    0.495349    0.807692    0.876515    0.629630    0.604167    600         87.272727   0.108773    1.174991    0.423835    3.068795   
/home/s21_yhr/miniconda3/envs/GGA/lib/python3.11/site-packages/torchvision/models/_utils.py:208: UserWarning: The parameter 'pretrained' is deprecated since 0.13 and may be removed in the future, please use 'weights' instead.
  warnings.warn(
/home/s21_yhr/miniconda3/envs/GGA/lib/python3.11/site-packages/torchvision/models/_utils.py:223: UserWarning: Arguments other than a weight enum or `None` for 'weights' are deprecated since 0.13 and may be removed in the future. The current behavior is equivalent to passing `weights=ResNet50_Weights.IMAGENET1K_V1`. You can also use `weights=ResNet50_Weights.DEFAULT` to get the most up-to-date weights.
  warnings.warn(msg)
[36mINFO[0m 08/01 14:24:08 | 0.571429    0.589041    0.000000    0.691239    0.538927    0.513953    0.742677    1.487141    0.571429    0.538927    0.589041    0.513953    0.826923    0.924242    0.555556    0.561111    700         101.818182  0.096984    1.157538    0.434274    3.068795   
/home/s21_yhr/miniconda3/envs/GGA/lib/python3.11/site-packages/torchvision/models/_utils.py:208: UserWarning: The parameter 'pretrained' is deprecated since 0.13 and may be removed in the future, please use 'weights' instead.
  warnings.warn(
/home/s21_yhr/miniconda3/envs/GGA/lib/python3.11/site-packages/torchvision/models/_utils.py:223: UserWarning: Arguments other than a weight enum or `None` for 'weights' are deprecated since 0.13 and may be removed in the future. The current behavior is equivalent to passing `weights=ResNet50_Weights.IMAGENET1K_V1`. You can also use `weights=ResNet50_Weights.DEFAULT` to get the most up-to-date weights.
  warnings.warn(msg)
[36mINFO[0m 08/01 14:26:06 | 0.568027    0.589041    0.000000    0.685719    0.561602    0.451938    0.746528    1.694133    0.568027    0.561602    0.589041    0.451938    0.778846    0.925000    0.592593    0.568056    800         116.363636  0.085504    1.175129    0.456867    3.068978   
/home/s21_yhr/miniconda3/envs/GGA/lib/python3.11/site-packages/torchvision/models/_utils.py:208: UserWarning: The parameter 'pretrained' is deprecated since 0.13 and may be removed in the future, please use 'weights' instead.
  warnings.warn(
/home/s21_yhr/miniconda3/envs/GGA/lib/python3.11/site-packages/torchvision/models/_utils.py:223: UserWarning: Arguments other than a weight enum or `None` for 'weights' are deprecated since 0.13 and may be removed in the future. The current behavior is equivalent to passing `weights=ResNet50_Weights.IMAGENET1K_V1`. You can also use `weights=ResNet50_Weights.DEFAULT` to get the most up-to-date weights.
  warnings.warn(msg)
[36mINFO[0m 08/01 14:28:02 | 0.534014    0.561644    0.000000    0.742699    0.554989    0.474419    0.769634    1.629369    0.534014    0.554989    0.561644    0.474419    0.855769    0.917045    0.629630    0.622222    900         130.909091  0.070889    1.154300    0.455051    3.069100   
/home/s21_yhr/miniconda3/envs/GGA/lib/python3.11/site-packages/torchvision/models/_utils.py:208: UserWarning: The parameter 'pretrained' is deprecated since 0.13 and may be removed in the future, please use 'weights' instead.
  warnings.warn(
/home/s21_yhr/miniconda3/envs/GGA/lib/python3.11/site-packages/torchvision/models/_utils.py:223: UserWarning: Arguments other than a weight enum or `None` for 'weights' are deprecated since 0.13 and may be removed in the future. The current behavior is equivalent to passing `weights=ResNet50_Weights.IMAGENET1K_V1`. You can also use `weights=ResNet50_Weights.DEFAULT` to get the most up-to-date weights.
  warnings.warn(msg)
[36mINFO[0m 08/01 14:30:01 | 0.554422    0.575342    0.000000    0.737179    0.569303    0.500775    0.761301    2.082292    0.554422    0.569303    0.575342    0.500775    0.807692    0.896212    0.666667    0.626389    1000        145.454545  0.074480    1.178068    0.422755    3.069100   
/home/s21_yhr/miniconda3/envs/GGA/lib/python3.11/site-packages/torchvision/models/_utils.py:208: UserWarning: The parameter 'pretrained' is deprecated since 0.13 and may be removed in the future, please use 'weights' instead.
  warnings.warn(
/home/s21_yhr/miniconda3/envs/GGA/lib/python3.11/site-packages/torchvision/models/_utils.py:223: UserWarning: Arguments other than a weight enum or `None` for 'weights' are deprecated since 0.13 and may be removed in the future. The current behavior is equivalent to passing `weights=ResNet50_Weights.IMAGENET1K_V1`. You can also use `weights=ResNet50_Weights.DEFAULT` to get the most up-to-date weights.
  warnings.warn(msg)
[36mINFO[0m 08/01 14:32:01 | 0.547619    0.547945    0.000000    0.733440    0.558248    0.504651    0.762058    1.678979    0.547619    0.558248    0.547945    0.504651    0.855769    0.931061    0.611111    0.593056    1100        160.000000  0.084919    1.197309    0.473276    3.069100   
/home/s21_yhr/miniconda3/envs/GGA/lib/python3.11/site-packages/torchvision/models/_utils.py:208: UserWarning: The parameter 'pretrained' is deprecated since 0.13 and may be removed in the future, please use 'weights' instead.
  warnings.warn(
/home/s21_yhr/miniconda3/envs/GGA/lib/python3.11/site-packages/torchvision/models/_utils.py:223: UserWarning: Arguments other than a weight enum or `None` for 'weights' are deprecated since 0.13 and may be removed in the future. The current behavior is equivalent to passing `weights=ResNet50_Weights.IMAGENET1K_V1`. You can also use `weights=ResNet50_Weights.DEFAULT` to get the most up-to-date weights.
  warnings.warn(msg)
[36mINFO[0m 08/01 14:33:59 | 0.537415    0.534247    0.000000    0.718661    0.580877    0.510078    0.744255    2.208681    0.537415    0.580877    0.534247    0.510078    0.807692    0.903788    0.629630    0.584722    1200        174.545455  0.065802    1.180247    0.431671    3.069100   
/home/s21_yhr/miniconda3/envs/GGA/lib/python3.11/site-packages/torchvision/models/_utils.py:208: UserWarning: The parameter 'pretrained' is deprecated since 0.13 and may be removed in the future, please use 'weights' instead.
  warnings.warn(
/home/s21_yhr/miniconda3/envs/GGA/lib/python3.11/site-packages/torchvision/models/_utils.py:223: UserWarning: Arguments other than a weight enum or `None` for 'weights' are deprecated since 0.13 and may be removed in the future. The current behavior is equivalent to passing `weights=ResNet50_Weights.IMAGENET1K_V1`. You can also use `weights=ResNet50_Weights.DEFAULT` to get the most up-to-date weights.
  warnings.warn(msg)
[36mINFO[0m 08/01 14:35:57 | 0.551020    0.493151    0.000000    0.724181    0.569397    0.465116    0.780871    1.664290    0.551020    0.569397    0.493151    0.465116    0.855769    0.945076    0.592593    0.616667    1300        189.090909  0.051159    1.177510    0.438779    3.069100   
/home/s21_yhr/miniconda3/envs/GGA/lib/python3.11/site-packages/torchvision/models/_utils.py:208: UserWarning: The parameter 'pretrained' is deprecated since 0.13 and may be removed in the future, please use 'weights' instead.
  warnings.warn(
/home/s21_yhr/miniconda3/envs/GGA/lib/python3.11/site-packages/torchvision/models/_utils.py:223: UserWarning: Arguments other than a weight enum or `None` for 'weights' are deprecated since 0.13 and may be removed in the future. The current behavior is equivalent to passing `weights=ResNet50_Weights.IMAGENET1K_V1`. You can also use `weights=ResNet50_Weights.DEFAULT` to get the most up-to-date weights.
  warnings.warn(msg)
[36mINFO[0m 08/01 14:37:57 | 0.537415    0.547945    0.000000    0.719373    0.549792    0.492248    0.747412    2.153990    0.537415    0.549792    0.547945    0.492248    0.846154    0.925379    0.592593    0.569444    1400        203.636364  0.063986    1.186667    0.417195    3.070809   
/home/s21_yhr/miniconda3/envs/GGA/lib/python3.11/site-packages/torchvision/models/_utils.py:208: UserWarning: The parameter 'pretrained' is deprecated since 0.13 and may be removed in the future, please use 'weights' instead.
  warnings.warn(
/home/s21_yhr/miniconda3/envs/GGA/lib/python3.11/site-packages/torchvision/models/_utils.py:223: UserWarning: Arguments other than a weight enum or `None` for 'weights' are deprecated since 0.13 and may be removed in the future. The current behavior is equivalent to passing `weights=ResNet50_Weights.IMAGENET1K_V1`. You can also use `weights=ResNet50_Weights.DEFAULT` to get the most up-to-date weights.
  warnings.warn(msg)
[36mINFO[0m 08/01 14:39:53 | 0.568027    0.602740    0.000000    0.700499    0.566090    0.532558    0.755556    2.031967    0.568027    0.566090    0.602740    0.532558    0.826923    0.933333    0.574074    0.577778    1500        218.181818  0.051409    1.161830    0.426745    3.070809   
/home/s21_yhr/miniconda3/envs/GGA/lib/python3.11/site-packages/torchvision/models/_utils.py:208: UserWarning: The parameter 'pretrained' is deprecated since 0.13 and may be removed in the future, please use 'weights' instead.
  warnings.warn(
/home/s21_yhr/miniconda3/envs/GGA/lib/python3.11/site-packages/torchvision/models/_utils.py:223: UserWarning: Arguments other than a weight enum or `None` for 'weights' are deprecated since 0.13 and may be removed in the future. The current behavior is equivalent to passing `weights=ResNet50_Weights.IMAGENET1K_V1`. You can also use `weights=ResNet50_Weights.DEFAULT` to get the most up-to-date weights.
  warnings.warn(msg)
[36mINFO[0m 08/01 14:41:50 | 0.547619    0.534247    0.000000    0.714209    0.558555    0.519380    0.751768    2.814885    0.547619    0.558555    0.534247    0.519380    0.817308    0.917424    0.611111    0.586111    1600        232.727273  0.055553    1.160467    0.465345    3.070809   
/home/s21_yhr/miniconda3/envs/GGA/lib/python3.11/site-packages/torchvision/models/_utils.py:208: UserWarning: The parameter 'pretrained' is deprecated since 0.13 and may be removed in the future, please use 'weights' instead.
  warnings.warn(
/home/s21_yhr/miniconda3/envs/GGA/lib/python3.11/site-packages/torchvision/models/_utils.py:223: UserWarning: Arguments other than a weight enum or `None` for 'weights' are deprecated since 0.13 and may be removed in the future. The current behavior is equivalent to passing `weights=ResNet50_Weights.IMAGENET1K_V1`. You can also use `weights=ResNet50_Weights.DEFAULT` to get the most up-to-date weights.
  warnings.warn(msg)
[36mINFO[0m 08/01 14:43:48 | 0.551020    0.589041    0.000000    0.700142    0.565382    0.537209    0.749495    2.582566    0.551020    0.565382    0.589041    0.537209    0.807692    0.908712    0.592593    0.590278    1700        247.272727  0.046570    1.173138    0.452943    3.070809   
/home/s21_yhr/miniconda3/envs/GGA/lib/python3.11/site-packages/torchvision/models/_utils.py:208: UserWarning: The parameter 'pretrained' is deprecated since 0.13 and may be removed in the future, please use 'weights' instead.
  warnings.warn(
/home/s21_yhr/miniconda3/envs/GGA/lib/python3.11/site-packages/torchvision/models/_utils.py:223: UserWarning: Arguments other than a weight enum or `None` for 'weights' are deprecated since 0.13 and may be removed in the future. The current behavior is equivalent to passing `weights=ResNet50_Weights.IMAGENET1K_V1`. You can also use `weights=ResNet50_Weights.DEFAULT` to get the most up-to-date weights.
  warnings.warn(msg)
[36mINFO[0m 08/01 14:45:43 | 0.578231    0.561644    0.000000    0.737892    0.543887    0.488372    0.757734    2.264542    0.578231    0.543887    0.561644    0.488372    0.846154    0.908523    0.629630    0.606944    1800        261.818182  0.045585    1.152013    0.448004    3.070809   
/home/s21_yhr/miniconda3/envs/GGA/lib/python3.11/site-packages/torchvision/models/_utils.py:208: UserWarning: The parameter 'pretrained' is deprecated since 0.13 and may be removed in the future, please use 'weights' instead.
  warnings.warn(
/home/s21_yhr/miniconda3/envs/GGA/lib/python3.11/site-packages/torchvision/models/_utils.py:223: UserWarning: Arguments other than a weight enum or `None` for 'weights' are deprecated since 0.13 and may be removed in the future. The current behavior is equivalent to passing `weights=ResNet50_Weights.IMAGENET1K_V1`. You can also use `weights=ResNet50_Weights.DEFAULT` to get the most up-to-date weights.
  warnings.warn(msg)
[36mINFO[0m 08/01 14:47:40 | 0.544218    0.493151    0.000000    0.747151    0.557681    0.491473    0.741098    2.224190    0.544218    0.557681    0.493151    0.491473    0.846154    0.898864    0.648148    0.583333    1900        276.363636  0.050513    1.163215    0.413024    3.070809   
/home/s21_yhr/miniconda3/envs/GGA/lib/python3.11/site-packages/torchvision/models/_utils.py:208: UserWarning: The parameter 'pretrained' is deprecated since 0.13 and may be removed in the future, please use 'weights' instead.
  warnings.warn(
/home/s21_yhr/miniconda3/envs/GGA/lib/python3.11/site-packages/torchvision/models/_utils.py:223: UserWarning: Arguments other than a weight enum or `None` for 'weights' are deprecated since 0.13 and may be removed in the future. The current behavior is equivalent to passing `weights=ResNet50_Weights.IMAGENET1K_V1`. You can also use `weights=ResNet50_Weights.DEFAULT` to get the most up-to-date weights.
  warnings.warn(msg)
[36mINFO[0m 08/01 14:49:37 | 0.554422    0.465753    0.000000    0.690527    0.559854    0.493798    0.746402    2.492963    0.554422    0.559854    0.465753    0.493798    0.788462    0.888636    0.592593    0.604167    2000        290.909091  0.046017    1.162347    0.421774    3.070809   
/home/s21_yhr/miniconda3/envs/GGA/lib/python3.11/site-packages/torchvision/models/_utils.py:208: UserWarning: The parameter 'pretrained' is deprecated since 0.13 and may be removed in the future, please use 'weights' instead.
  warnings.warn(
/home/s21_yhr/miniconda3/envs/GGA/lib/python3.11/site-packages/torchvision/models/_utils.py:223: UserWarning: Arguments other than a weight enum or `None` for 'weights' are deprecated since 0.13 and may be removed in the future. The current behavior is equivalent to passing `weights=ResNet50_Weights.IMAGENET1K_V1`. You can also use `weights=ResNet50_Weights.DEFAULT` to get the most up-to-date weights.
  warnings.warn(msg)
[36mINFO[0m 08/01 14:51:30 | 0.520408    0.465753    0.000000    0.672009    0.532927    0.436434    0.725694    2.316073    0.520408    0.532927    0.465753    0.436434    0.788462    0.904167    0.555556    0.547222    2100        305.454545  0.047598    1.131340    0.439824    3.070809   
/home/s21_yhr/miniconda3/envs/GGA/lib/python3.11/site-packages/torchvision/models/_utils.py:208: UserWarning: The parameter 'pretrained' is deprecated since 0.13 and may be removed in the future, please use 'weights' instead.
  warnings.warn(
/home/s21_yhr/miniconda3/envs/GGA/lib/python3.11/site-packages/torchvision/models/_utils.py:223: UserWarning: Arguments other than a weight enum or `None` for 'weights' are deprecated since 0.13 and may be removed in the future. The current behavior is equivalent to passing `weights=ResNet50_Weights.IMAGENET1K_V1`. You can also use `weights=ResNet50_Weights.DEFAULT` to get the most up-to-date weights.
  warnings.warn(msg)
[36mINFO[0m 08/01 14:53:27 | 0.544218    0.534247    0.000000    0.695691    0.564295    0.481395    0.738384    2.321167    0.544218    0.564295    0.534247    0.481395    0.817308    0.912879    0.574074    0.563889    2200        320.000000  0.039153    1.166327    0.425932    3.070809   
/home/s21_yhr/miniconda3/envs/GGA/lib/python3.11/site-packages/torchvision/models/_utils.py:208: UserWarning: The parameter 'pretrained' is deprecated since 0.13 and may be removed in the future, please use 'weights' instead.
  warnings.warn(
/home/s21_yhr/miniconda3/envs/GGA/lib/python3.11/site-packages/torchvision/models/_utils.py:223: UserWarning: Arguments other than a weight enum or `None` for 'weights' are deprecated since 0.13 and may be removed in the future. The current behavior is equivalent to passing `weights=ResNet50_Weights.IMAGENET1K_V1`. You can also use `weights=ResNet50_Weights.DEFAULT` to get the most up-to-date weights.
  warnings.warn(msg)
[36mINFO[0m 08/01 14:55:21 | 0.561224    0.561644    0.000000    0.733440    0.566610    0.480620    0.769129    2.278813    0.561224    0.566610    0.561644    0.480620    0.855769    0.921591    0.611111    0.616667    2300        334.545455  0.045282    1.136186    0.433778    3.070809   
/home/s21_yhr/miniconda3/envs/GGA/lib/python3.11/site-packages/torchvision/models/_utils.py:208: UserWarning: The parameter 'pretrained' is deprecated since 0.13 and may be removed in the future, please use 'weights' instead.
  warnings.warn(
/home/s21_yhr/miniconda3/envs/GGA/lib/python3.11/site-packages/torchvision/models/_utils.py:223: UserWarning: Arguments other than a weight enum or `None` for 'weights' are deprecated since 0.13 and may be removed in the future. The current behavior is equivalent to passing `weights=ResNet50_Weights.IMAGENET1K_V1`. You can also use `weights=ResNet50_Weights.DEFAULT` to get the most up-to-date weights.
  warnings.warn(msg)
[36mINFO[0m 08/01 14:57:16 | 0.564626    0.575342    0.000000    0.667557    0.547336    0.465116    0.722412    2.307193    0.564626    0.547336    0.575342    0.465116    0.798077    0.908712    0.537037    0.536111    2400        349.090909  0.046335    1.144492    0.425101    3.070809   
/home/s21_yhr/miniconda3/envs/GGA/lib/python3.11/site-packages/torchvision/models/_utils.py:208: UserWarning: The parameter 'pretrained' is deprecated since 0.13 and may be removed in the future, please use 'weights' instead.
  warnings.warn(
/home/s21_yhr/miniconda3/envs/GGA/lib/python3.11/site-packages/torchvision/models/_utils.py:223: UserWarning: Arguments other than a weight enum or `None` for 'weights' are deprecated since 0.13 and may be removed in the future. The current behavior is equivalent to passing `weights=ResNet50_Weights.IMAGENET1K_V1`. You can also use `weights=ResNet50_Weights.DEFAULT` to get the most up-to-date weights.
  warnings.warn(msg)
[36mINFO[0m 08/01 14:59:12 | 0.534014    0.506849    0.000000    0.699786    0.566681    0.497674    0.739047    2.486454    0.534014    0.566681    0.506849    0.497674    0.788462    0.897538    0.611111    0.580556    2500        363.636364  0.043665    1.153485    0.451605    3.070809   
/home/s21_yhr/miniconda3/envs/GGA/lib/python3.11/site-packages/torchvision/models/_utils.py:208: UserWarning: The parameter 'pretrained' is deprecated since 0.13 and may be removed in the future, please use 'weights' instead.
  warnings.warn(
/home/s21_yhr/miniconda3/envs/GGA/lib/python3.11/site-packages/torchvision/models/_utils.py:223: UserWarning: Arguments other than a weight enum or `None` for 'weights' are deprecated since 0.13 and may be removed in the future. The current behavior is equivalent to passing `weights=ResNet50_Weights.IMAGENET1K_V1`. You can also use `weights=ResNet50_Weights.DEFAULT` to get the most up-to-date weights.
  warnings.warn(msg)
[36mINFO[0m 08/01 15:01:07 | 0.551020    0.589041    0.000000    0.676104    0.569870    0.531008    0.711932    2.720078    0.551020    0.569870    0.589041    0.531008    0.759615    0.844697    0.592593    0.579167    2600        378.181818  0.039520    1.145962    0.443715    3.070809   
/home/s21_yhr/miniconda3/envs/GGA/lib/python3.11/site-packages/torchvision/models/_utils.py:208: UserWarning: The parameter 'pretrained' is deprecated since 0.13 and may be removed in the future, please use 'weights' instead.
  warnings.warn(
/home/s21_yhr/miniconda3/envs/GGA/lib/python3.11/site-packages/torchvision/models/_utils.py:223: UserWarning: Arguments other than a weight enum or `None` for 'weights' are deprecated since 0.13 and may be removed in the future. The current behavior is equivalent to passing `weights=ResNet50_Weights.IMAGENET1K_V1`. You can also use `weights=ResNet50_Weights.DEFAULT` to get the most up-to-date weights.
  warnings.warn(msg)
[36mINFO[0m 08/01 15:03:03 | 0.554422    0.589041    0.000000    0.690527    0.536045    0.496899    0.726136    2.231267    0.554422    0.536045    0.589041    0.496899    0.788462    0.877273    0.592593    0.575000    2700        392.727273  0.057014    1.159877    0.443421    3.070809   
/home/s21_yhr/miniconda3/envs/GGA/lib/python3.11/site-packages/torchvision/models/_utils.py:208: UserWarning: The parameter 'pretrained' is deprecated since 0.13 and may be removed in the future, please use 'weights' instead.
  warnings.warn(
/home/s21_yhr/miniconda3/envs/GGA/lib/python3.11/site-packages/torchvision/models/_utils.py:223: UserWarning: Arguments other than a weight enum or `None` for 'weights' are deprecated since 0.13 and may be removed in the future. The current behavior is equivalent to passing `weights=ResNet50_Weights.IMAGENET1K_V1`. You can also use `weights=ResNet50_Weights.DEFAULT` to get the most up-to-date weights.
  warnings.warn(msg)
[36mINFO[0m 08/01 15:04:59 | 0.557823    0.575342    0.000000    0.723469    0.567578    0.532558    0.763068    3.031759    0.557823    0.567578    0.575342    0.532558    0.817308    0.894886    0.629630    0.631250    2800        407.272727  0.029182    1.151256    0.444116    3.070809   
/home/s21_yhr/miniconda3/envs/GGA/lib/python3.11/site-packages/torchvision/models/_utils.py:208: UserWarning: The parameter 'pretrained' is deprecated since 0.13 and may be removed in the future, please use 'weights' instead.
  warnings.warn(
/home/s21_yhr/miniconda3/envs/GGA/lib/python3.11/site-packages/torchvision/models/_utils.py:223: UserWarning: Arguments other than a weight enum or `None` for 'weights' are deprecated since 0.13 and may be removed in the future. The current behavior is equivalent to passing `weights=ResNet50_Weights.IMAGENET1K_V1`. You can also use `weights=ResNet50_Weights.DEFAULT` to get the most up-to-date weights.
  warnings.warn(msg)
[36mINFO[0m 08/01 15:06:53 | 0.527211    0.493151    0.000000    0.727920    0.552603    0.497674    0.741193    2.515965    0.527211    0.552603    0.493151    0.497674    0.807692    0.869886    0.648148    0.612500    2900        421.818182  0.050127    1.130476    0.451878    3.070809   
/home/s21_yhr/miniconda3/envs/GGA/lib/python3.11/site-packages/torchvision/models/_utils.py:208: UserWarning: The parameter 'pretrained' is deprecated since 0.13 and may be removed in the future, please use 'weights' instead.
  warnings.warn(
/home/s21_yhr/miniconda3/envs/GGA/lib/python3.11/site-packages/torchvision/models/_utils.py:223: UserWarning: Arguments other than a weight enum or `None` for 'weights' are deprecated since 0.13 and may be removed in the future. The current behavior is equivalent to passing `weights=ResNet50_Weights.IMAGENET1K_V1`. You can also use `weights=ResNet50_Weights.DEFAULT` to get the most up-to-date weights.
  warnings.warn(msg)
[36mINFO[0m 08/01 15:08:48 | 0.517007    0.493151    0.000000    0.719017    0.556973    0.455814    0.743655    2.861761    0.517007    0.556973    0.493151    0.455814    0.826923    0.899811    0.611111    0.587500    3000        436.363636  0.050462    1.154224    0.438893    3.070809   
/home/s21_yhr/miniconda3/envs/GGA/lib/python3.11/site-packages/torchvision/models/_utils.py:208: UserWarning: The parameter 'pretrained' is deprecated since 0.13 and may be removed in the future, please use 'weights' instead.
  warnings.warn(
/home/s21_yhr/miniconda3/envs/GGA/lib/python3.11/site-packages/torchvision/models/_utils.py:223: UserWarning: Arguments other than a weight enum or `None` for 'weights' are deprecated since 0.13 and may be removed in the future. The current behavior is equivalent to passing `weights=ResNet50_Weights.IMAGENET1K_V1`. You can also use `weights=ResNet50_Weights.DEFAULT` to get the most up-to-date weights.
  warnings.warn(msg)
[36mINFO[0m 08/01 15:10:43 | 0.540816    0.479452    0.000000    0.653490    0.576743    0.511628    0.725221    2.653482    0.540816    0.576743    0.479452    0.511628    0.788462    0.884470    0.518519    0.565972    3100        450.909091  0.032099    1.137851    0.454322    3.070809   
/home/s21_yhr/miniconda3/envs/GGA/lib/python3.11/site-packages/torchvision/models/_utils.py:208: UserWarning: The parameter 'pretrained' is deprecated since 0.13 and may be removed in the future, please use 'weights' instead.
  warnings.warn(
/home/s21_yhr/miniconda3/envs/GGA/lib/python3.11/site-packages/torchvision/models/_utils.py:223: UserWarning: Arguments other than a weight enum or `None` for 'weights' are deprecated since 0.13 and may be removed in the future. The current behavior is equivalent to passing `weights=ResNet50_Weights.IMAGENET1K_V1`. You can also use `weights=ResNet50_Weights.DEFAULT` to get the most up-to-date weights.
  warnings.warn(msg)
[36mINFO[0m 08/01 15:12:39 | 0.534014    0.534247    0.000000    0.719017    0.550902    0.511628    0.754735    1.964298    0.534014    0.550902    0.534247    0.511628    0.826923    0.892803    0.611111    0.616667    3200        465.454545  0.047448    1.155172    0.456524    3.070809   
/home/s21_yhr/miniconda3/envs/GGA/lib/python3.11/site-packages/torchvision/models/_utils.py:208: UserWarning: The parameter 'pretrained' is deprecated since 0.13 and may be removed in the future, please use 'weights' instead.
  warnings.warn(
/home/s21_yhr/miniconda3/envs/GGA/lib/python3.11/site-packages/torchvision/models/_utils.py:223: UserWarning: Arguments other than a weight enum or `None` for 'weights' are deprecated since 0.13 and may be removed in the future. The current behavior is equivalent to passing `weights=ResNet50_Weights.IMAGENET1K_V1`. You can also use `weights=ResNet50_Weights.DEFAULT` to get the most up-to-date weights.
  warnings.warn(msg)
[36mINFO[0m 08/01 15:14:35 | 0.540816    0.575342    0.000000    0.704238    0.557918    0.542636    0.752336    2.524889    0.540816    0.557918    0.575342    0.542636    0.778846    0.901894    0.629630    0.602778    3300        480.000000  0.040642    1.154069    0.437865    3.070809   
/home/s21_yhr/miniconda3/envs/GGA/lib/python3.11/site-packages/torchvision/models/_utils.py:208: UserWarning: The parameter 'pretrained' is deprecated since 0.13 and may be removed in the future, please use 'weights' instead.
  warnings.warn(
/home/s21_yhr/miniconda3/envs/GGA/lib/python3.11/site-packages/torchvision/models/_utils.py:223: UserWarning: Arguments other than a weight enum or `None` for 'weights' are deprecated since 0.13 and may be removed in the future. The current behavior is equivalent to passing `weights=ResNet50_Weights.IMAGENET1K_V1`. You can also use `weights=ResNet50_Weights.DEFAULT` to get the most up-to-date weights.
  warnings.warn(msg)
[36mINFO[0m 08/01 15:16:30 | 0.534014    0.520548    0.000000    0.723825    0.547430    0.477519    0.750253    2.035717    0.534014    0.547430    0.520548    0.477519    0.836538    0.914394    0.611111    0.586111    3400        494.545455  0.031844    1.153206    0.420444    3.070809   
/home/s21_yhr/miniconda3/envs/GGA/lib/python3.11/site-packages/torchvision/models/_utils.py:208: UserWarning: The parameter 'pretrained' is deprecated since 0.13 and may be removed in the future, please use 'weights' instead.
  warnings.warn(
/home/s21_yhr/miniconda3/envs/GGA/lib/python3.11/site-packages/torchvision/models/_utils.py:223: UserWarning: Arguments other than a weight enum or `None` for 'weights' are deprecated since 0.13 and may be removed in the future. The current behavior is equivalent to passing `weights=ResNet50_Weights.IMAGENET1K_V1`. You can also use `weights=ResNet50_Weights.DEFAULT` to get the most up-to-date weights.
  warnings.warn(msg)
[36mINFO[0m 08/01 15:18:25 | 0.544218    0.479452    0.000000    0.746439    0.561413    0.524806    0.747001    2.133712    0.544218    0.561413    0.479452    0.524806    0.807692    0.884280    0.685185    0.609722    3500        509.090909  0.046187    1.146757    0.431133    3.070809   
/home/s21_yhr/miniconda3/envs/GGA/lib/python3.11/site-packages/torchvision/models/_utils.py:208: UserWarning: The parameter 'pretrained' is deprecated since 0.13 and may be removed in the future, please use 'weights' instead.
  warnings.warn(
/home/s21_yhr/miniconda3/envs/GGA/lib/python3.11/site-packages/torchvision/models/_utils.py:223: UserWarning: Arguments other than a weight enum or `None` for 'weights' are deprecated since 0.13 and may be removed in the future. The current behavior is equivalent to passing `weights=ResNet50_Weights.IMAGENET1K_V1`. You can also use `weights=ResNet50_Weights.DEFAULT` to get the most up-to-date weights.
  warnings.warn(msg)
[36mINFO[0m 08/01 15:20:20 | 0.517007    0.561644    0.000000    0.713497    0.550595    0.520930    0.744003    2.860088    0.517007    0.550595    0.561644    0.520930    0.778846    0.897727    0.648148    0.590278    3600        523.636364  0.040034    1.141879    0.423415    3.070809   
/home/s21_yhr/miniconda3/envs/GGA/lib/python3.11/site-packages/torchvision/models/_utils.py:208: UserWarning: The parameter 'pretrained' is deprecated since 0.13 and may be removed in the future, please use 'weights' instead.
  warnings.warn(
/home/s21_yhr/miniconda3/envs/GGA/lib/python3.11/site-packages/torchvision/models/_utils.py:223: UserWarning: Arguments other than a weight enum or `None` for 'weights' are deprecated since 0.13 and may be removed in the future. The current behavior is equivalent to passing `weights=ResNet50_Weights.IMAGENET1K_V1`. You can also use `weights=ResNet50_Weights.DEFAULT` to get the most up-to-date weights.
  warnings.warn(msg)
[36mINFO[0m 08/01 15:22:15 | 0.561224    0.520548    0.000000    0.756054    0.565476    0.528682    0.741035    2.682953    0.561224    0.565476    0.520548    0.528682    0.826923    0.874432    0.685185    0.607639    3700        538.181818  0.035533    1.146266    0.457851    3.070809   
/home/s21_yhr/miniconda3/envs/GGA/lib/python3.11/site-packages/torchvision/models/_utils.py:208: UserWarning: The parameter 'pretrained' is deprecated since 0.13 and may be removed in the future, please use 'weights' instead.
  warnings.warn(
/home/s21_yhr/miniconda3/envs/GGA/lib/python3.11/site-packages/torchvision/models/_utils.py:223: UserWarning: Arguments other than a weight enum or `None` for 'weights' are deprecated since 0.13 and may be removed in the future. The current behavior is equivalent to passing `weights=ResNet50_Weights.IMAGENET1K_V1`. You can also use `weights=ResNet50_Weights.DEFAULT` to get the most up-to-date weights.
  warnings.warn(msg)
[36mINFO[0m 08/01 15:24:12 | 0.540816    0.520548    0.000000    0.713853    0.530518    0.527132    0.743813    2.184632    0.540816    0.530518    0.520548    0.527132    0.798077    0.876515    0.629630    0.611111    3800        552.727273  0.040261    1.159335    0.445311    3.070809   
/home/s21_yhr/miniconda3/envs/GGA/lib/python3.11/site-packages/torchvision/models/_utils.py:208: UserWarning: The parameter 'pretrained' is deprecated since 0.13 and may be removed in the future, please use 'weights' instead.
  warnings.warn(
/home/s21_yhr/miniconda3/envs/GGA/lib/python3.11/site-packages/torchvision/models/_utils.py:223: UserWarning: Arguments other than a weight enum or `None` for 'weights' are deprecated since 0.13 and may be removed in the future. The current behavior is equivalent to passing `weights=ResNet50_Weights.IMAGENET1K_V1`. You can also use `weights=ResNet50_Weights.DEFAULT` to get the most up-to-date weights.
  warnings.warn(msg)
[36mINFO[0m 08/01 15:26:07 | 0.547619    0.534247    0.000000    0.738248    0.559004    0.535659    0.770423    2.218172    0.547619    0.559004    0.534247    0.535659    0.865385    0.923485    0.611111    0.617361    3900        567.272727  0.039293    1.154184    0.424357    3.070809   
/home/s21_yhr/miniconda3/envs/GGA/lib/python3.11/site-packages/torchvision/models/_utils.py:208: UserWarning: The parameter 'pretrained' is deprecated since 0.13 and may be removed in the future, please use 'weights' instead.
  warnings.warn(
/home/s21_yhr/miniconda3/envs/GGA/lib/python3.11/site-packages/torchvision/models/_utils.py:223: UserWarning: Arguments other than a weight enum or `None` for 'weights' are deprecated since 0.13 and may be removed in the future. The current behavior is equivalent to passing `weights=ResNet50_Weights.IMAGENET1K_V1`. You can also use `weights=ResNet50_Weights.DEFAULT` to get the most up-to-date weights.
  warnings.warn(msg)
[36mINFO[0m 08/01 15:28:03 | 0.557823    0.534247    0.000000    0.714209    0.564720    0.552713    0.751199    2.674904    0.557823    0.564720    0.534247    0.552713    0.817308    0.889205    0.611111    0.613194    4000        581.818182  0.033479    1.150362    0.455868    3.070809   
/home/s21_yhr/miniconda3/envs/GGA/lib/python3.11/site-packages/torchvision/models/_utils.py:208: UserWarning: The parameter 'pretrained' is deprecated since 0.13 and may be removed in the future, please use 'weights' instead.
  warnings.warn(
/home/s21_yhr/miniconda3/envs/GGA/lib/python3.11/site-packages/torchvision/models/_utils.py:223: UserWarning: Arguments other than a weight enum or `None` for 'weights' are deprecated since 0.13 and may be removed in the future. The current behavior is equivalent to passing `weights=ResNet50_Weights.IMAGENET1K_V1`. You can also use `weights=ResNet50_Weights.DEFAULT` to get the most up-to-date weights.
  warnings.warn(msg)
[36mINFO[0m 08/01 15:29:59 | 0.537415    0.547945    0.000000    0.685719    0.530471    0.507752    0.749558    2.388071    0.537415    0.530471    0.547945    0.507752    0.778846    0.881061    0.592593    0.618056    4100        596.363636  0.032829    1.151082    0.497640    3.070809   
/home/s21_yhr/miniconda3/envs/GGA/lib/python3.11/site-packages/torchvision/models/_utils.py:208: UserWarning: The parameter 'pretrained' is deprecated since 0.13 and may be removed in the future, please use 'weights' instead.
  warnings.warn(
/home/s21_yhr/miniconda3/envs/GGA/lib/python3.11/site-packages/torchvision/models/_utils.py:223: UserWarning: Arguments other than a weight enum or `None` for 'weights' are deprecated since 0.13 and may be removed in the future. The current behavior is equivalent to passing `weights=ResNet50_Weights.IMAGENET1K_V1`. You can also use `weights=ResNet50_Weights.DEFAULT` to get the most up-to-date weights.
  warnings.warn(msg)
[36mINFO[0m 08/01 15:31:54 | 0.534014    0.575342    0.000000    0.666489    0.563114    0.561240    0.715025    2.345446    0.534014    0.563114    0.575342    0.561240    0.740385    0.852273    0.592593    0.577778    4200        610.909091  0.040016    1.149099    0.439458    3.070809   
/home/s21_yhr/miniconda3/envs/GGA/lib/python3.11/site-packages/torchvision/models/_utils.py:208: UserWarning: The parameter 'pretrained' is deprecated since 0.13 and may be removed in the future, please use 'weights' instead.
  warnings.warn(
/home/s21_yhr/miniconda3/envs/GGA/lib/python3.11/site-packages/torchvision/models/_utils.py:223: UserWarning: Arguments other than a weight enum or `None` for 'weights' are deprecated since 0.13 and may be removed in the future. The current behavior is equivalent to passing `weights=ResNet50_Weights.IMAGENET1K_V1`. You can also use `weights=ResNet50_Weights.DEFAULT` to get the most up-to-date weights.
  warnings.warn(msg)
[36mINFO[0m 08/01 15:33:49 | 0.554422    0.589041    0.000000    0.666845    0.573649    0.537209    0.730177    2.512621    0.554422    0.573649    0.589041    0.537209    0.759615    0.886742    0.574074    0.573611    4300        625.454545  0.040389    1.149913    0.433709    3.070809   
/home/s21_yhr/miniconda3/envs/GGA/lib/python3.11/site-packages/torchvision/models/_utils.py:208: UserWarning: The parameter 'pretrained' is deprecated since 0.13 and may be removed in the future, please use 'weights' instead.
  warnings.warn(
/home/s21_yhr/miniconda3/envs/GGA/lib/python3.11/site-packages/torchvision/models/_utils.py:223: UserWarning: Arguments other than a weight enum or `None` for 'weights' are deprecated since 0.13 and may be removed in the future. The current behavior is equivalent to passing `weights=ResNet50_Weights.IMAGENET1K_V1`. You can also use `weights=ResNet50_Weights.DEFAULT` to get the most up-to-date weights.
  warnings.warn(msg)
[36mINFO[0m 08/01 15:35:43 | 0.530612    0.589041    0.000000    0.676460    0.551209    0.517829    0.732134    2.853553    0.530612    0.551209    0.589041    0.517829    0.778846    0.900379    0.574074    0.563889    4400        640.000000  0.031399    1.134971    0.448198    3.070809   
/home/s21_yhr/miniconda3/envs/GGA/lib/python3.11/site-packages/torchvision/models/_utils.py:208: UserWarning: The parameter 'pretrained' is deprecated since 0.13 and may be removed in the future, please use 'weights' instead.
  warnings.warn(
/home/s21_yhr/miniconda3/envs/GGA/lib/python3.11/site-packages/torchvision/models/_utils.py:223: UserWarning: Arguments other than a weight enum or `None` for 'weights' are deprecated since 0.13 and may be removed in the future. The current behavior is equivalent to passing `weights=ResNet50_Weights.IMAGENET1K_V1`. You can also use `weights=ResNet50_Weights.DEFAULT` to get the most up-to-date weights.
  warnings.warn(msg)
[36mINFO[0m 08/01 15:37:38 | 0.530612    0.575342    0.000000    0.699786    0.548753    0.558140    0.740467    3.385679    0.530612    0.548753    0.575342    0.558140    0.788462    0.896212    0.611111    0.584722    4500        654.545455  0.033889    1.140175    0.447084    3.070809   
/home/s21_yhr/miniconda3/envs/GGA/lib/python3.11/site-packages/torchvision/models/_utils.py:208: UserWarning: The parameter 'pretrained' is deprecated since 0.13 and may be removed in the future, please use 'weights' instead.
  warnings.warn(
/home/s21_yhr/miniconda3/envs/GGA/lib/python3.11/site-packages/torchvision/models/_utils.py:223: UserWarning: Arguments other than a weight enum or `None` for 'weights' are deprecated since 0.13 and may be removed in the future. The current behavior is equivalent to passing `weights=ResNet50_Weights.IMAGENET1K_V1`. You can also use `weights=ResNet50_Weights.DEFAULT` to get the most up-to-date weights.
  warnings.warn(msg)
[36mINFO[0m 08/01 15:39:34 | 0.534014    0.506849    0.000000    0.676104    0.552674    0.542248    0.711995    2.887116    0.534014    0.552674    0.506849    0.542248    0.759615    0.867045    0.592593    0.556944    4600        669.090909  0.031946    1.162011    0.459059    3.070809   
/home/s21_yhr/miniconda3/envs/GGA/lib/python3.11/site-packages/torchvision/models/_utils.py:208: UserWarning: The parameter 'pretrained' is deprecated since 0.13 and may be removed in the future, please use 'weights' instead.
  warnings.warn(
/home/s21_yhr/miniconda3/envs/GGA/lib/python3.11/site-packages/torchvision/models/_utils.py:223: UserWarning: Arguments other than a weight enum or `None` for 'weights' are deprecated since 0.13 and may be removed in the future. The current behavior is equivalent to passing `weights=ResNet50_Weights.IMAGENET1K_V1`. You can also use `weights=ResNet50_Weights.DEFAULT` to get the most up-to-date weights.
  warnings.warn(msg)
[36mINFO[0m 08/01 15:41:30 | 0.540816    0.493151    0.000000    0.695335    0.565972    0.513178    0.698169    2.578575    0.540816    0.565972    0.493151    0.513178    0.798077    0.864394    0.592593    0.531944    4700        683.636364  0.033698    1.147840    0.461552    3.070809   
/home/s21_yhr/miniconda3/envs/GGA/lib/python3.11/site-packages/torchvision/models/_utils.py:208: UserWarning: The parameter 'pretrained' is deprecated since 0.13 and may be removed in the future, please use 'weights' instead.
  warnings.warn(
/home/s21_yhr/miniconda3/envs/GGA/lib/python3.11/site-packages/torchvision/models/_utils.py:223: UserWarning: Arguments other than a weight enum or `None` for 'weights' are deprecated since 0.13 and may be removed in the future. The current behavior is equivalent to passing `weights=ResNet50_Weights.IMAGENET1K_V1`. You can also use `weights=ResNet50_Weights.DEFAULT` to get the most up-to-date weights.
  warnings.warn(msg)
[36mINFO[0m 08/01 15:43:22 | 0.544218    0.479452    0.000000    0.732728    0.543580    0.481395    0.734217    2.518111    0.544218    0.543580    0.479452    0.481395    0.817308    0.904545    0.648148    0.563889    4800        698.181818  0.025155    1.114247    0.548014    3.070809   
/home/s21_yhr/miniconda3/envs/GGA/lib/python3.11/site-packages/torchvision/models/_utils.py:208: UserWarning: The parameter 'pretrained' is deprecated since 0.13 and may be removed in the future, please use 'weights' instead.
  warnings.warn(
/home/s21_yhr/miniconda3/envs/GGA/lib/python3.11/site-packages/torchvision/models/_utils.py:223: UserWarning: Arguments other than a weight enum or `None` for 'weights' are deprecated since 0.13 and may be removed in the future. The current behavior is equivalent to passing `weights=ResNet50_Weights.IMAGENET1K_V1`. You can also use `weights=ResNet50_Weights.DEFAULT` to get the most up-to-date weights.
  warnings.warn(msg)
[36mINFO[0m 08/01 15:45:17 | 0.544218    0.520548    0.000000    0.723113    0.551564    0.504264    0.739078    3.251512    0.544218    0.551564    0.520548    0.504264    0.798077    0.900379    0.648148    0.577778    4900        712.727273  0.021632    1.150104    0.450953    3.070809   
/home/s21_yhr/miniconda3/envs/GGA/lib/python3.11/site-packages/torchvision/models/_utils.py:208: UserWarning: The parameter 'pretrained' is deprecated since 0.13 and may be removed in the future, please use 'weights' instead.
  warnings.warn(
/home/s21_yhr/miniconda3/envs/GGA/lib/python3.11/site-packages/torchvision/models/_utils.py:223: UserWarning: Arguments other than a weight enum or `None` for 'weights' are deprecated since 0.13 and may be removed in the future. The current behavior is equivalent to passing `weights=ResNet50_Weights.IMAGENET1K_V1`. You can also use `weights=ResNet50_Weights.DEFAULT` to get the most up-to-date weights.
  warnings.warn(msg)
[36mINFO[0m 08/01 15:47:14 | 0.557823    0.452055    0.000000    0.681624    0.555130    0.462016    0.723832    2.551569    0.557823    0.555130    0.452055    0.462016    0.807692    0.890720    0.555556    0.556944    5000        727.272727  0.031335    1.161937    0.443999    3.070809   
[36mINFO[0m 08/01 15:47:14 | ---
[36mINFO[0m 08/01 15:47:14 | oracle = 55.442%
[36mINFO[0m 08/01 15:47:14 | iid = 56.122%
[36mINFO[0m 08/01 15:47:14 | last = 55.782%
[36mINFO[0m 08/01 15:47:14 | last (inD) = 68.162%
[36mINFO[0m 08/01 15:47:14 | iid (inD) = 75.605%
[36mINFO[0m 08/01 15:47:15 | 
[36mINFO[0m 08/01 15:47:15 | Testenv name escaping te_01 -> te_01
[36mINFO[0m 08/01 15:47:15 | Test envs = [1], name = te_01
[36mINFO[0m 08/01 15:47:15 | Batch sizes for each domain: [32, 0, 32] (total=64)
[36mINFO[0m 08/01 15:47:15 | steps-per-epoch for each domain: 9.19, 6.88 -> min = 6.88
/home/s21_yhr/miniconda3/envs/GGA/lib/python3.11/site-packages/torchvision/models/_utils.py:208: UserWarning: The parameter 'pretrained' is deprecated since 0.13 and may be removed in the future, please use 'weights' instead.
  warnings.warn(
/home/s21_yhr/miniconda3/envs/GGA/lib/python3.11/site-packages/torchvision/models/_utils.py:223: UserWarning: Arguments other than a weight enum or `None` for 'weights' are deprecated since 0.13 and may be removed in the future. The current behavior is equivalent to passing `weights=ResNet50_Weights.IMAGENET1K_V1`. You can also use `weights=ResNet50_Weights.DEFAULT` to get the most up-to-date weights.
  warnings.warn(msg)
[36mINFO[0m 08/01 15:47:19 | # of params = 23512130
[36mINFO[0m 08/01 15:47:20 | test_in     test_out    train_in    train_out   test_in_au  train_out_  tr_outloss  test_out_a  env0_out    env0_out_a  env1_in     env1_in_au  env1_out    env1_out_a  env2_out    env2_out_a  step        epoch       loss        step_time   eval_time   mem_gb     
[36mINFO[0m 08/01 15:47:20 | 0.610979    0.701923    0.000000    0.561010    0.823484    0.651890    0.661354    0.761364    0.547945    0.616279    0.610979    0.823484    0.701923    0.761364    0.574074    0.687500    0           0.000000    0.705187    1.104065    0.611253    3.057565   
/home/s21_yhr/miniconda3/envs/GGA/lib/python3.11/site-packages/torchvision/models/_utils.py:208: UserWarning: The parameter 'pretrained' is deprecated since 0.13 and may be removed in the future, please use 'weights' instead.
  warnings.warn(
/home/s21_yhr/miniconda3/envs/GGA/lib/python3.11/site-packages/torchvision/models/_utils.py:223: UserWarning: Arguments other than a weight enum or `None` for 'weights' are deprecated since 0.13 and may be removed in the future. The current behavior is equivalent to passing `weights=ResNet50_Weights.IMAGENET1K_V1`. You can also use `weights=ResNet50_Weights.DEFAULT` to get the most up-to-date weights.
  warnings.warn(msg)
[36mINFO[0m 08/01 15:49:17 | 0.575179    0.451923    0.000000    0.583968    0.588190    0.614115    0.891831    0.439394    0.575342    0.631008    0.575179    0.588190    0.451923    0.439394    0.592593    0.597222    100         14.545455   0.569737    1.162966    0.568427    3.062997   
/home/s21_yhr/miniconda3/envs/GGA/lib/python3.11/site-packages/torchvision/models/_utils.py:208: UserWarning: The parameter 'pretrained' is deprecated since 0.13 and may be removed in the future, please use 'weights' instead.
  warnings.warn(
/home/s21_yhr/miniconda3/envs/GGA/lib/python3.11/site-packages/torchvision/models/_utils.py:223: UserWarning: Arguments other than a weight enum or `None` for 'weights' are deprecated since 0.13 and may be removed in the future. The current behavior is equivalent to passing `weights=ResNet50_Weights.IMAGENET1K_V1`. You can also use `weights=ResNet50_Weights.DEFAULT` to get the most up-to-date weights.
  warnings.warn(msg)
[36mINFO[0m 08/01 15:51:14 | 0.558473    0.490385    0.000000    0.583587    0.546261    0.566424    1.276587    0.503409    0.630137    0.595349    0.558473    0.546261    0.490385    0.503409    0.537037    0.537500    200         29.090909   0.242991    1.160169    0.530692    3.062997   
/home/s21_yhr/miniconda3/envs/GGA/lib/python3.11/site-packages/torchvision/models/_utils.py:208: UserWarning: The parameter 'pretrained' is deprecated since 0.13 and may be removed in the future, please use 'weights' instead.
  warnings.warn(
/home/s21_yhr/miniconda3/envs/GGA/lib/python3.11/site-packages/torchvision/models/_utils.py:223: UserWarning: Arguments other than a weight enum or `None` for 'weights' are deprecated since 0.13 and may be removed in the future. The current behavior is equivalent to passing `weights=ResNet50_Weights.IMAGENET1K_V1`. You can also use `weights=ResNet50_Weights.DEFAULT` to get the most up-to-date weights.
  warnings.warn(msg)
[36mINFO[0m 08/01 15:53:14 | 0.513126    0.432692    0.000000    0.560629    0.523073    0.580556    1.805783    0.419318    0.602740    0.633333    0.513126    0.523073    0.432692    0.419318    0.518519    0.527778    300         43.636364   0.149116    1.193685    0.540551    3.062997   
/home/s21_yhr/miniconda3/envs/GGA/lib/python3.11/site-packages/torchvision/models/_utils.py:208: UserWarning: The parameter 'pretrained' is deprecated since 0.13 and may be removed in the future, please use 'weights' instead.
  warnings.warn(
/home/s21_yhr/miniconda3/envs/GGA/lib/python3.11/site-packages/torchvision/models/_utils.py:223: UserWarning: Arguments other than a weight enum or `None` for 'weights' are deprecated since 0.13 and may be removed in the future. The current behavior is equivalent to passing `weights=ResNet50_Weights.IMAGENET1K_V1`. You can also use `weights=ResNet50_Weights.DEFAULT` to get the most up-to-date weights.
  warnings.warn(msg)
[36mINFO[0m 08/01 15:55:11 | 0.470167    0.480769    0.000000    0.560629    0.498814    0.585594    2.090197    0.436364    0.602740    0.643411    0.470167    0.498814    0.480769    0.436364    0.518519    0.527778    400         58.181818   0.124209    1.168060    0.534045    3.064584   
/home/s21_yhr/miniconda3/envs/GGA/lib/python3.11/site-packages/torchvision/models/_utils.py:208: UserWarning: The parameter 'pretrained' is deprecated since 0.13 and may be removed in the future, please use 'weights' instead.
  warnings.warn(
/home/s21_yhr/miniconda3/envs/GGA/lib/python3.11/site-packages/torchvision/models/_utils.py:223: UserWarning: Arguments other than a weight enum or `None` for 'weights' are deprecated since 0.13 and may be removed in the future. The current behavior is equivalent to passing `weights=ResNet50_Weights.IMAGENET1K_V1`. You can also use `weights=ResNet50_Weights.DEFAULT` to get the most up-to-date weights.
  warnings.warn(msg)
[36mINFO[0m 08/01 15:57:08 | 0.503580    0.500000    0.000000    0.579148    0.537209    0.615342    2.333528    0.493939    0.602740    0.661240    0.503580    0.537209    0.500000    0.493939    0.555556    0.569444    500         72.727273   0.106892    1.162506    0.569888    3.064584   
/home/s21_yhr/miniconda3/envs/GGA/lib/python3.11/site-packages/torchvision/models/_utils.py:208: UserWarning: The parameter 'pretrained' is deprecated since 0.13 and may be removed in the future, please use 'weights' instead.
  warnings.warn(
/home/s21_yhr/miniconda3/envs/GGA/lib/python3.11/site-packages/torchvision/models/_utils.py:223: UserWarning: Arguments other than a weight enum or `None` for 'weights' are deprecated since 0.13 and may be removed in the future. The current behavior is equivalent to passing `weights=ResNet50_Weights.IMAGENET1K_V1`. You can also use `weights=ResNet50_Weights.DEFAULT` to get the most up-to-date weights.
  warnings.warn(msg)
[36mINFO[0m 08/01 15:59:03 | 0.491647    0.432692    0.000000    0.599696    0.500433    0.620979    1.929506    0.415152    0.643836    0.696124    0.491647    0.500433    0.432692    0.415152    0.555556    0.545833    600         87.272727   0.092031    1.147900    0.521599    3.064584   
/home/s21_yhr/miniconda3/envs/GGA/lib/python3.11/site-packages/torchvision/models/_utils.py:208: UserWarning: The parameter 'pretrained' is deprecated since 0.13 and may be removed in the future, please use 'weights' instead.
  warnings.warn(
/home/s21_yhr/miniconda3/envs/GGA/lib/python3.11/site-packages/torchvision/models/_utils.py:223: UserWarning: Arguments other than a weight enum or `None` for 'weights' are deprecated since 0.13 and may be removed in the future. The current behavior is equivalent to passing `weights=ResNet50_Weights.IMAGENET1K_V1`. You can also use `weights=ResNet50_Weights.DEFAULT` to get the most up-to-date weights.
  warnings.warn(msg)
[36mINFO[0m 08/01 16:00:58 | 0.489260    0.442308    0.000000    0.551370    0.524213    0.595446    2.611829    0.443561    0.602740    0.665891    0.489260    0.524213    0.442308    0.443561    0.500000    0.525000    700         101.818182  0.073142    1.145834    0.530947    3.064584   
/home/s21_yhr/miniconda3/envs/GGA/lib/python3.11/site-packages/torchvision/models/_utils.py:208: UserWarning: The parameter 'pretrained' is deprecated since 0.13 and may be removed in the future, please use 'weights' instead.
  warnings.warn(
/home/s21_yhr/miniconda3/envs/GGA/lib/python3.11/site-packages/torchvision/models/_utils.py:223: UserWarning: Arguments other than a weight enum or `None` for 'weights' are deprecated since 0.13 and may be removed in the future. The current behavior is equivalent to passing `weights=ResNet50_Weights.IMAGENET1K_V1`. You can also use `weights=ResNet50_Weights.DEFAULT` to get the most up-to-date weights.
  warnings.warn(msg)
[36mINFO[0m 08/01 16:02:54 | 0.467780    0.480769    0.000000    0.567859    0.462472    0.590682    2.586120    0.404167    0.561644    0.641085    0.467780    0.462472    0.480769    0.404167    0.574074    0.540278    800         116.363636  0.082334    1.152691    0.536798    3.064584   
/home/s21_yhr/miniconda3/envs/GGA/lib/python3.11/site-packages/torchvision/models/_utils.py:208: UserWarning: The parameter 'pretrained' is deprecated since 0.13 and may be removed in the future, please use 'weights' instead.
  warnings.warn(
/home/s21_yhr/miniconda3/envs/GGA/lib/python3.11/site-packages/torchvision/models/_utils.py:223: UserWarning: Arguments other than a weight enum or `None` for 'weights' are deprecated since 0.13 and may be removed in the future. The current behavior is equivalent to passing `weights=ResNet50_Weights.IMAGENET1K_V1`. You can also use `weights=ResNet50_Weights.DEFAULT` to get the most up-to-date weights.
  warnings.warn(msg)
[36mINFO[0m 08/01 16:04:51 | 0.465394    0.451923    0.000000    0.549340    0.486662    0.587548    3.263581    0.363258    0.561644    0.620930    0.465394    0.486662    0.451923    0.363258    0.537037    0.554167    900         130.909091  0.079059    1.159556    0.528302    3.064584   
/home/s21_yhr/miniconda3/envs/GGA/lib/python3.11/site-packages/torchvision/models/_utils.py:208: UserWarning: The parameter 'pretrained' is deprecated since 0.13 and may be removed in the future, please use 'weights' instead.
  warnings.warn(
/home/s21_yhr/miniconda3/envs/GGA/lib/python3.11/site-packages/torchvision/models/_utils.py:223: UserWarning: Arguments other than a weight enum or `None` for 'weights' are deprecated since 0.13 and may be removed in the future. The current behavior is equivalent to passing `weights=ResNet50_Weights.IMAGENET1K_V1`. You can also use `weights=ResNet50_Weights.DEFAULT` to get the most up-to-date weights.
  warnings.warn(msg)
[36mINFO[0m 08/01 16:06:48 | 0.501193    0.538462    0.000000    0.565449    0.553922    0.595236    2.968751    0.480303    0.575342    0.641860    0.501193    0.553922    0.538462    0.480303    0.555556    0.548611    1000        145.454545  0.072397    1.163898    0.543579    3.064584   
/home/s21_yhr/miniconda3/envs/GGA/lib/python3.11/site-packages/torchvision/models/_utils.py:208: UserWarning: The parameter 'pretrained' is deprecated since 0.13 and may be removed in the future, please use 'weights' instead.
  warnings.warn(
/home/s21_yhr/miniconda3/envs/GGA/lib/python3.11/site-packages/torchvision/models/_utils.py:223: UserWarning: Arguments other than a weight enum or `None` for 'weights' are deprecated since 0.13 and may be removed in the future. The current behavior is equivalent to passing `weights=ResNet50_Weights.IMAGENET1K_V1`. You can also use `weights=ResNet50_Weights.DEFAULT` to get the most up-to-date weights.
  warnings.warn(msg)
[36mINFO[0m 08/01 16:08:45 | 0.613365    0.519231    0.000000    0.551750    0.637620    0.563065    3.087086    0.556629    0.547945    0.577519    0.613365    0.637620    0.519231    0.556629    0.555556    0.548611    1100        160.000000  0.057275    1.167417    0.531586    3.064584   
/home/s21_yhr/miniconda3/envs/GGA/lib/python3.11/site-packages/torchvision/models/_utils.py:208: UserWarning: The parameter 'pretrained' is deprecated since 0.13 and may be removed in the future, please use 'weights' instead.
  warnings.warn(
/home/s21_yhr/miniconda3/envs/GGA/lib/python3.11/site-packages/torchvision/models/_utils.py:223: UserWarning: Arguments other than a weight enum or `None` for 'weights' are deprecated since 0.13 and may be removed in the future. The current behavior is equivalent to passing `weights=ResNet50_Weights.IMAGENET1K_V1`. You can also use `weights=ResNet50_Weights.DEFAULT` to get the most up-to-date weights.
  warnings.warn(msg)
[36mINFO[0m 08/01 16:10:41 | 0.465394    0.451923    0.000000    0.583587    0.472754    0.592700    2.867446    0.441288    0.630137    0.613178    0.465394    0.472754    0.451923    0.441288    0.537037    0.572222    1200        174.545455  0.066374    1.148892    0.559767    3.064584   
/home/s21_yhr/miniconda3/envs/GGA/lib/python3.11/site-packages/torchvision/models/_utils.py:208: UserWarning: The parameter 'pretrained' is deprecated since 0.13 and may be removed in the future, please use 'weights' instead.
  warnings.warn(
/home/s21_yhr/miniconda3/envs/GGA/lib/python3.11/site-packages/torchvision/models/_utils.py:223: UserWarning: Arguments other than a weight enum or `None` for 'weights' are deprecated since 0.13 and may be removed in the future. The current behavior is equivalent to passing `weights=ResNet50_Weights.IMAGENET1K_V1`. You can also use `weights=ResNet50_Weights.DEFAULT` to get the most up-to-date weights.
  warnings.warn(msg)
[36mINFO[0m 08/01 16:12:37 | 0.520286    0.451923    0.000000    0.595256    0.502337    0.588986    2.786582    0.449621    0.616438    0.641860    0.520286    0.502337    0.451923    0.449621    0.574074    0.536111    1300        189.090909  0.062573    1.156955    0.542900    3.064584   
/home/s21_yhr/miniconda3/envs/GGA/lib/python3.11/site-packages/torchvision/models/_utils.py:208: UserWarning: The parameter 'pretrained' is deprecated since 0.13 and may be removed in the future, please use 'weights' instead.
  warnings.warn(
/home/s21_yhr/miniconda3/envs/GGA/lib/python3.11/site-packages/torchvision/models/_utils.py:223: UserWarning: Arguments other than a weight enum or `None` for 'weights' are deprecated since 0.13 and may be removed in the future. The current behavior is equivalent to passing `weights=ResNet50_Weights.IMAGENET1K_V1`. You can also use `weights=ResNet50_Weights.DEFAULT` to get the most up-to-date weights.
  warnings.warn(msg)
[36mINFO[0m 08/01 16:14:30 | 0.553699    0.451923    0.000000    0.602106    0.549396    0.582049    4.044120    0.479924    0.630137    0.628682    0.553699    0.549396    0.451923    0.479924    0.574074    0.535417    1400        203.636364  0.055883    1.131653    0.533241    3.064584   
/home/s21_yhr/miniconda3/envs/GGA/lib/python3.11/site-packages/torchvision/models/_utils.py:208: UserWarning: The parameter 'pretrained' is deprecated since 0.13 and may be removed in the future, please use 'weights' instead.
  warnings.warn(
/home/s21_yhr/miniconda3/envs/GGA/lib/python3.11/site-packages/torchvision/models/_utils.py:223: UserWarning: Arguments other than a weight enum or `None` for 'weights' are deprecated since 0.13 and may be removed in the future. The current behavior is equivalent to passing `weights=ResNet50_Weights.IMAGENET1K_V1`. You can also use `weights=ResNet50_Weights.DEFAULT` to get the most up-to-date weights.
  warnings.warn(msg)
[36mINFO[0m 08/01 16:16:29 | 0.489260    0.500000    0.000000    0.581177    0.515777    0.606282    2.988210    0.444697    0.643836    0.680620    0.489260    0.515777    0.500000    0.444697    0.518519    0.531944    1500        218.181818  0.052941    1.183998    0.537989    3.064584   
/home/s21_yhr/miniconda3/envs/GGA/lib/python3.11/site-packages/torchvision/models/_utils.py:208: UserWarning: The parameter 'pretrained' is deprecated since 0.13 and may be removed in the future, please use 'weights' instead.
  warnings.warn(
/home/s21_yhr/miniconda3/envs/GGA/lib/python3.11/site-packages/torchvision/models/_utils.py:223: UserWarning: Arguments other than a weight enum or `None` for 'weights' are deprecated since 0.13 and may be removed in the future. The current behavior is equivalent to passing `weights=ResNet50_Weights.IMAGENET1K_V1`. You can also use `weights=ResNet50_Weights.DEFAULT` to get the most up-to-date weights.
  warnings.warn(msg)
[36mINFO[0m 08/01 16:18:25 | 0.520286    0.394231    0.000000    0.560629    0.500308    0.572424    2.965214    0.466856    0.602740    0.637209    0.520286    0.500308    0.394231    0.466856    0.518519    0.507639    1600        232.727273  0.059279    1.154939    0.520771    3.064584   
/home/s21_yhr/miniconda3/envs/GGA/lib/python3.11/site-packages/torchvision/models/_utils.py:208: UserWarning: The parameter 'pretrained' is deprecated since 0.13 and may be removed in the future, please use 'weights' instead.
  warnings.warn(
/home/s21_yhr/miniconda3/envs/GGA/lib/python3.11/site-packages/torchvision/models/_utils.py:223: UserWarning: Arguments other than a weight enum or `None` for 'weights' are deprecated since 0.13 and may be removed in the future. The current behavior is equivalent to passing `weights=ResNet50_Weights.IMAGENET1K_V1`. You can also use `weights=ResNet50_Weights.DEFAULT` to get the most up-to-date weights.
  warnings.warn(msg)
[36mINFO[0m 08/01 16:20:20 | 0.465394    0.471154    0.000000    0.577118    0.474681    0.617151    3.685825    0.438636    0.561644    0.675969    0.465394    0.474681    0.471154    0.438636    0.592593    0.558333    1700        247.272727  0.054447    1.140127    0.526494    3.064584   
/home/s21_yhr/miniconda3/envs/GGA/lib/python3.11/site-packages/torchvision/models/_utils.py:208: UserWarning: The parameter 'pretrained' is deprecated since 0.13 and may be removed in the future, please use 'weights' instead.
  warnings.warn(
/home/s21_yhr/miniconda3/envs/GGA/lib/python3.11/site-packages/torchvision/models/_utils.py:223: UserWarning: Arguments other than a weight enum or `None` for 'weights' are deprecated since 0.13 and may be removed in the future. The current behavior is equivalent to passing `weights=ResNet50_Weights.IMAGENET1K_V1`. You can also use `weights=ResNet50_Weights.DEFAULT` to get the most up-to-date weights.
  warnings.warn(msg)
[36mINFO[0m 08/01 16:22:18 | 0.546539    0.413462    0.000000    0.583968    0.506646    0.587056    3.443155    0.430682    0.575342    0.641473    0.546539    0.506646    0.413462    0.430682    0.592593    0.532639    1800        261.818182  0.050342    1.173851    0.564844    3.064584   
/home/s21_yhr/miniconda3/envs/GGA/lib/python3.11/site-packages/torchvision/models/_utils.py:208: UserWarning: The parameter 'pretrained' is deprecated since 0.13 and may be removed in the future, please use 'weights' instead.
  warnings.warn(
/home/s21_yhr/miniconda3/envs/GGA/lib/python3.11/site-packages/torchvision/models/_utils.py:223: UserWarning: Arguments other than a weight enum or `None` for 'weights' are deprecated since 0.13 and may be removed in the future. The current behavior is equivalent to passing `weights=ResNet50_Weights.IMAGENET1K_V1`. You can also use `weights=ResNet50_Weights.DEFAULT` to get the most up-to-date weights.
  warnings.warn(msg)
[36mINFO[0m 08/01 16:24:14 | 0.482100    0.423077    0.000000    0.583968    0.463486    0.620478    3.425262    0.387500    0.575342    0.646512    0.482100    0.463486    0.423077    0.387500    0.592593    0.594444    1900        276.363636  0.049219    1.158062    0.531339    3.064584   
/home/s21_yhr/miniconda3/envs/GGA/lib/python3.11/site-packages/torchvision/models/_utils.py:208: UserWarning: The parameter 'pretrained' is deprecated since 0.13 and may be removed in the future, please use 'weights' instead.
  warnings.warn(
/home/s21_yhr/miniconda3/envs/GGA/lib/python3.11/site-packages/torchvision/models/_utils.py:223: UserWarning: Arguments other than a weight enum or `None` for 'weights' are deprecated since 0.13 and may be removed in the future. The current behavior is equivalent to passing `weights=ResNet50_Weights.IMAGENET1K_V1`. You can also use `weights=ResNet50_Weights.DEFAULT` to get the most up-to-date weights.
  warnings.warn(msg)
[36mINFO[0m 08/01 16:26:11 | 0.443914    0.461538    0.000000    0.535261    0.443787    0.571019    3.125642    0.403030    0.589041    0.630233    0.443914    0.443787    0.461538    0.403030    0.481481    0.511806    2000        290.909091  0.051640    1.161094    0.551541    3.064584   
/home/s21_yhr/miniconda3/envs/GGA/lib/python3.11/site-packages/torchvision/models/_utils.py:208: UserWarning: The parameter 'pretrained' is deprecated since 0.13 and may be removed in the future, please use 'weights' instead.
  warnings.warn(
/home/s21_yhr/miniconda3/envs/GGA/lib/python3.11/site-packages/torchvision/models/_utils.py:223: UserWarning: Arguments other than a weight enum or `None` for 'weights' are deprecated since 0.13 and may be removed in the future. The current behavior is equivalent to passing `weights=ResNet50_Weights.IMAGENET1K_V1`. You can also use `weights=ResNet50_Weights.DEFAULT` to get the most up-to-date weights.
  warnings.warn(msg)
[36mINFO[0m 08/01 16:28:07 | 0.510740    0.471154    0.000000    0.606545    0.508687    0.634496    3.259381    0.435227    0.657534    0.702326    0.510740    0.508687    0.471154    0.435227    0.555556    0.566667    2100        305.454545  0.059580    1.149936    0.533883    3.064584   
/home/s21_yhr/miniconda3/envs/GGA/lib/python3.11/site-packages/torchvision/models/_utils.py:208: UserWarning: The parameter 'pretrained' is deprecated since 0.13 and may be removed in the future, please use 'weights' instead.
  warnings.warn(
/home/s21_yhr/miniconda3/envs/GGA/lib/python3.11/site-packages/torchvision/models/_utils.py:223: UserWarning: Arguments other than a weight enum or `None` for 'weights' are deprecated since 0.13 and may be removed in the future. The current behavior is equivalent to passing `weights=ResNet50_Weights.IMAGENET1K_V1`. You can also use `weights=ResNet50_Weights.DEFAULT` to get the most up-to-date weights.
  warnings.warn(msg)
[36mINFO[0m 08/01 16:30:00 | 0.503580    0.461538    0.000000    0.565068    0.527474    0.612775    3.315560    0.485227    0.630137    0.685271    0.503580    0.527474    0.461538    0.485227    0.500000    0.540278    2200        320.000000  0.049951    1.125305    0.495841    3.064645   
/home/s21_yhr/miniconda3/envs/GGA/lib/python3.11/site-packages/torchvision/models/_utils.py:208: UserWarning: The parameter 'pretrained' is deprecated since 0.13 and may be removed in the future, please use 'weights' instead.
  warnings.warn(
/home/s21_yhr/miniconda3/envs/GGA/lib/python3.11/site-packages/torchvision/models/_utils.py:223: UserWarning: Arguments other than a weight enum or `None` for 'weights' are deprecated since 0.13 and may be removed in the future. The current behavior is equivalent to passing `weights=ResNet50_Weights.IMAGENET1K_V1`. You can also use `weights=ResNet50_Weights.DEFAULT` to get the most up-to-date weights.
  warnings.warn(msg)
[36mINFO[0m 08/01 16:31:34 | 0.486874    0.471154    0.000000    0.579148    0.486024    0.589252    3.474717    0.467424    0.602740    0.640310    0.486874    0.486024    0.471154    0.467424    0.555556    0.538194    2300        334.545455  0.043388    0.942117    0.506568    3.064645   
/home/s21_yhr/miniconda3/envs/GGA/lib/python3.11/site-packages/torchvision/models/_utils.py:208: UserWarning: The parameter 'pretrained' is deprecated since 0.13 and may be removed in the future, please use 'weights' instead.
  warnings.warn(
/home/s21_yhr/miniconda3/envs/GGA/lib/python3.11/site-packages/torchvision/models/_utils.py:223: UserWarning: Arguments other than a weight enum or `None` for 'weights' are deprecated since 0.13 and may be removed in the future. The current behavior is equivalent to passing `weights=ResNet50_Weights.IMAGENET1K_V1`. You can also use `weights=ResNet50_Weights.DEFAULT` to get the most up-to-date weights.
  warnings.warn(msg)
[36mINFO[0m 08/01 16:33:09 | 0.458234    0.423077    0.000000    0.579148    0.450741    0.596035    3.668049    0.377273    0.602740    0.670543    0.458234    0.450741    0.423077    0.377273    0.555556    0.521528    2400        349.090909  0.048252    0.942278    0.501814    3.064645   
/home/s21_yhr/miniconda3/envs/GGA/lib/python3.11/site-packages/torchvision/models/_utils.py:208: UserWarning: The parameter 'pretrained' is deprecated since 0.13 and may be removed in the future, please use 'weights' instead.
  warnings.warn(
/home/s21_yhr/miniconda3/envs/GGA/lib/python3.11/site-packages/torchvision/models/_utils.py:223: UserWarning: Arguments other than a weight enum or `None` for 'weights' are deprecated since 0.13 and may be removed in the future. The current behavior is equivalent to passing `weights=ResNet50_Weights.IMAGENET1K_V1`. You can also use `weights=ResNet50_Weights.DEFAULT` to get the most up-to-date weights.
  warnings.warn(msg)
[36mINFO[0m 08/01 16:34:43 | 0.474940    0.451923    0.000000    0.602106    0.480005    0.600275    3.297395    0.445076    0.630137    0.651938    0.474940    0.480005    0.451923    0.445076    0.574074    0.548611    2500        363.636364  0.046213    0.936292    0.480420    3.064645   
/home/s21_yhr/miniconda3/envs/GGA/lib/python3.11/site-packages/torchvision/models/_utils.py:208: UserWarning: The parameter 'pretrained' is deprecated since 0.13 and may be removed in the future, please use 'weights' instead.
  warnings.warn(
/home/s21_yhr/miniconda3/envs/GGA/lib/python3.11/site-packages/torchvision/models/_utils.py:223: UserWarning: Arguments other than a weight enum or `None` for 'weights' are deprecated since 0.13 and may be removed in the future. The current behavior is equivalent to passing `weights=ResNet50_Weights.IMAGENET1K_V1`. You can also use `weights=ResNet50_Weights.DEFAULT` to get the most up-to-date weights.
  warnings.warn(msg)
[36mINFO[0m 08/01 16:36:18 | 0.474940    0.519231    0.000000    0.602106    0.446557    0.593169    3.252725    0.418939    0.630137    0.648837    0.474940    0.446557    0.519231    0.418939    0.574074    0.537500    2600        378.181818  0.050815    0.939421    0.507341    3.064645   
/home/s21_yhr/miniconda3/envs/GGA/lib/python3.11/site-packages/torchvision/models/_utils.py:208: UserWarning: The parameter 'pretrained' is deprecated since 0.13 and may be removed in the future, please use 'weights' instead.
  warnings.warn(
/home/s21_yhr/miniconda3/envs/GGA/lib/python3.11/site-packages/torchvision/models/_utils.py:223: UserWarning: Arguments other than a weight enum or `None` for 'weights' are deprecated since 0.13 and may be removed in the future. The current behavior is equivalent to passing `weights=ResNet50_Weights.IMAGENET1K_V1`. You can also use `weights=ResNet50_Weights.DEFAULT` to get the most up-to-date weights.
  warnings.warn(msg)
[36mINFO[0m 08/01 16:37:53 | 0.470167    0.490385    0.000000    0.569888    0.459234    0.580685    3.050507    0.419697    0.602740    0.622481    0.470167    0.459234    0.490385    0.419697    0.537037    0.538889    2700        392.727273  0.032996    0.945058    0.504546    3.064645   
/home/s21_yhr/miniconda3/envs/GGA/lib/python3.11/site-packages/torchvision/models/_utils.py:208: UserWarning: The parameter 'pretrained' is deprecated since 0.13 and may be removed in the future, please use 'weights' instead.
  warnings.warn(
/home/s21_yhr/miniconda3/envs/GGA/lib/python3.11/site-packages/torchvision/models/_utils.py:223: UserWarning: Arguments other than a weight enum or `None` for 'weights' are deprecated since 0.13 and may be removed in the future. The current behavior is equivalent to passing `weights=ResNet50_Weights.IMAGENET1K_V1`. You can also use `weights=ResNet50_Weights.DEFAULT` to get the most up-to-date weights.
  warnings.warn(msg)
[36mINFO[0m 08/01 16:39:29 | 0.496420    0.509615    0.000000    0.581558    0.518878    0.578311    3.367590    0.485227    0.589041    0.630233    0.496420    0.518878    0.509615    0.485227    0.574074    0.526389    2800        407.272727  0.045520    0.954576    0.501562    3.064645   
/home/s21_yhr/miniconda3/envs/GGA/lib/python3.11/site-packages/torchvision/models/_utils.py:208: UserWarning: The parameter 'pretrained' is deprecated since 0.13 and may be removed in the future, please use 'weights' instead.
  warnings.warn(
/home/s21_yhr/miniconda3/envs/GGA/lib/python3.11/site-packages/torchvision/models/_utils.py:223: UserWarning: Arguments other than a weight enum or `None` for 'weights' are deprecated since 0.13 and may be removed in the future. The current behavior is equivalent to passing `weights=ResNet50_Weights.IMAGENET1K_V1`. You can also use `weights=ResNet50_Weights.DEFAULT` to get the most up-to-date weights.
  warnings.warn(msg)
[36mINFO[0m 08/01 16:41:07 | 0.474940    0.538462    0.000000    0.569888    0.461560    0.585756    3.684437    0.407576    0.602740    0.646512    0.474940    0.461560    0.538462    0.407576    0.537037    0.525000    2900        421.818182  0.033891    0.979946    0.555620    3.064645   
/home/s21_yhr/miniconda3/envs/GGA/lib/python3.11/site-packages/torchvision/models/_utils.py:208: UserWarning: The parameter 'pretrained' is deprecated since 0.13 and may be removed in the future, please use 'weights' instead.
  warnings.warn(
/home/s21_yhr/miniconda3/envs/GGA/lib/python3.11/site-packages/torchvision/models/_utils.py:223: UserWarning: Arguments other than a weight enum or `None` for 'weights' are deprecated since 0.13 and may be removed in the future. The current behavior is equivalent to passing `weights=ResNet50_Weights.IMAGENET1K_V1`. You can also use `weights=ResNet50_Weights.DEFAULT` to get the most up-to-date weights.
  warnings.warn(msg)
[36mINFO[0m 08/01 16:43:01 | 0.465394    0.394231    0.000000    0.530822    0.449441    0.581912    4.172167    0.359470    0.561644    0.652713    0.465394    0.449441    0.394231    0.359470    0.500000    0.511111    3000        436.363636  0.040020    1.136342    0.512699    3.064645   
/home/s21_yhr/miniconda3/envs/GGA/lib/python3.11/site-packages/torchvision/models/_utils.py:208: UserWarning: The parameter 'pretrained' is deprecated since 0.13 and may be removed in the future, please use 'weights' instead.
  warnings.warn(
/home/s21_yhr/miniconda3/envs/GGA/lib/python3.11/site-packages/torchvision/models/_utils.py:223: UserWarning: Arguments other than a weight enum or `None` for 'weights' are deprecated since 0.13 and may be removed in the future. The current behavior is equivalent to passing `weights=ResNet50_Weights.IMAGENET1K_V1`. You can also use `weights=ResNet50_Weights.DEFAULT` to get the most up-to-date weights.
  warnings.warn(msg)
[36mINFO[0m 08/01 16:44:56 | 0.470167    0.471154    0.000000    0.565068    0.476174    0.550969    3.665584    0.415152    0.630137    0.618605    0.470167    0.476174    0.471154    0.415152    0.500000    0.483333    3100        450.909091  0.036823    1.137869    0.531251    3.065072   
/home/s21_yhr/miniconda3/envs/GGA/lib/python3.11/site-packages/torchvision/models/_utils.py:208: UserWarning: The parameter 'pretrained' is deprecated since 0.13 and may be removed in the future, please use 'weights' instead.
  warnings.warn(
/home/s21_yhr/miniconda3/envs/GGA/lib/python3.11/site-packages/torchvision/models/_utils.py:223: UserWarning: Arguments other than a weight enum or `None` for 'weights' are deprecated since 0.13 and may be removed in the future. The current behavior is equivalent to passing `weights=ResNet50_Weights.IMAGENET1K_V1`. You can also use `weights=ResNet50_Weights.DEFAULT` to get the most up-to-date weights.
  warnings.warn(msg)
[36mINFO[0m 08/01 16:46:32 | 0.470167    0.509615    0.000000    0.581177    0.478979    0.581250    3.210189    0.400758    0.643836    0.666667    0.470167    0.478979    0.509615    0.400758    0.518519    0.495833    3200        465.454545  0.046574    0.955996    0.504636    3.065072   
/home/s21_yhr/miniconda3/envs/GGA/lib/python3.11/site-packages/torchvision/models/_utils.py:208: UserWarning: The parameter 'pretrained' is deprecated since 0.13 and may be removed in the future, please use 'weights' instead.
  warnings.warn(
/home/s21_yhr/miniconda3/envs/GGA/lib/python3.11/site-packages/torchvision/models/_utils.py:223: UserWarning: Arguments other than a weight enum or `None` for 'weights' are deprecated since 0.13 and may be removed in the future. The current behavior is equivalent to passing `weights=ResNet50_Weights.IMAGENET1K_V1`. You can also use `weights=ResNet50_Weights.DEFAULT` to get the most up-to-date weights.
  warnings.warn(msg)
[36mINFO[0m 08/01 16:48:08 | 0.508353    0.480769    0.000000    0.556190    0.493126    0.551470    4.165572    0.439015    0.575342    0.618217    0.508353    0.493126    0.480769    0.439015    0.537037    0.484722    3300        480.000000  0.030422    0.959505    0.487701    3.065072   
/home/s21_yhr/miniconda3/envs/GGA/lib/python3.11/site-packages/torchvision/models/_utils.py:208: UserWarning: The parameter 'pretrained' is deprecated since 0.13 and may be removed in the future, please use 'weights' instead.
  warnings.warn(
/home/s21_yhr/miniconda3/envs/GGA/lib/python3.11/site-packages/torchvision/models/_utils.py:223: UserWarning: Arguments other than a weight enum or `None` for 'weights' are deprecated since 0.13 and may be removed in the future. The current behavior is equivalent to passing `weights=ResNet50_Weights.IMAGENET1K_V1`. You can also use `weights=ResNet50_Weights.DEFAULT` to get the most up-to-date weights.
  warnings.warn(msg)
[36mINFO[0m 08/01 16:49:43 | 0.489260    0.442308    0.000000    0.571918    0.487927    0.566489    3.939807    0.382197    0.643836    0.656589    0.489260    0.487927    0.442308    0.382197    0.500000    0.476389    3400        494.545455  0.028759    0.941812    0.548949    3.065072   
/home/s21_yhr/miniconda3/envs/GGA/lib/python3.11/site-packages/torchvision/models/_utils.py:208: UserWarning: The parameter 'pretrained' is deprecated since 0.13 and may be removed in the future, please use 'weights' instead.
  warnings.warn(
/home/s21_yhr/miniconda3/envs/GGA/lib/python3.11/site-packages/torchvision/models/_utils.py:223: UserWarning: Arguments other than a weight enum or `None` for 'weights' are deprecated since 0.13 and may be removed in the future. The current behavior is equivalent to passing `weights=ResNet50_Weights.IMAGENET1K_V1`. You can also use `weights=ResNet50_Weights.DEFAULT` to get the most up-to-date weights.
  warnings.warn(msg)
[36mINFO[0m 08/01 16:51:19 | 0.546539    0.442308    0.000000    0.551750    0.552747    0.563953    3.615399    0.492803    0.547945    0.594574    0.546539    0.552747    0.442308    0.492803    0.555556    0.533333    3500        509.090909  0.028831    0.952298    0.487190    3.065072   
/home/s21_yhr/miniconda3/envs/GGA/lib/python3.11/site-packages/torchvision/models/_utils.py:208: UserWarning: The parameter 'pretrained' is deprecated since 0.13 and may be removed in the future, please use 'weights' instead.
  warnings.warn(
/home/s21_yhr/miniconda3/envs/GGA/lib/python3.11/site-packages/torchvision/models/_utils.py:223: UserWarning: Arguments other than a weight enum or `None` for 'weights' are deprecated since 0.13 and may be removed in the future. The current behavior is equivalent to passing `weights=ResNet50_Weights.IMAGENET1K_V1`. You can also use `weights=ResNet50_Weights.DEFAULT` to get the most up-to-date weights.
  warnings.warn(msg)
[36mINFO[0m 08/01 16:52:53 | 0.482100    0.432692    0.000000    0.547311    0.493228    0.574863    4.211607    0.452273    0.520548    0.590698    0.482100    0.493228    0.432692    0.452273    0.574074    0.559028    3600        523.636364  0.040521    0.941807    0.497623    3.065072   
/home/s21_yhr/miniconda3/envs/GGA/lib/python3.11/site-packages/torchvision/models/_utils.py:208: UserWarning: The parameter 'pretrained' is deprecated since 0.13 and may be removed in the future, please use 'weights' instead.
  warnings.warn(
/home/s21_yhr/miniconda3/envs/GGA/lib/python3.11/site-packages/torchvision/models/_utils.py:223: UserWarning: Arguments other than a weight enum or `None` for 'weights' are deprecated since 0.13 and may be removed in the future. The current behavior is equivalent to passing `weights=ResNet50_Weights.IMAGENET1K_V1`. You can also use `weights=ResNet50_Weights.DEFAULT` to get the most up-to-date weights.
  warnings.warn(msg)
[36mINFO[0m 08/01 16:54:29 | 0.546539    0.500000    0.000000    0.549340    0.578124    0.555370    4.727368    0.526894    0.561644    0.603101    0.546539    0.578124    0.500000    0.526894    0.537037    0.507639    3700        538.181818  0.030213    0.950062    0.499544    3.065072   
/home/s21_yhr/miniconda3/envs/GGA/lib/python3.11/site-packages/torchvision/models/_utils.py:208: UserWarning: The parameter 'pretrained' is deprecated since 0.13 and may be removed in the future, please use 'weights' instead.
  warnings.warn(
/home/s21_yhr/miniconda3/envs/GGA/lib/python3.11/site-packages/torchvision/models/_utils.py:223: UserWarning: Arguments other than a weight enum or `None` for 'weights' are deprecated since 0.13 and may be removed in the future. The current behavior is equivalent to passing `weights=ResNet50_Weights.IMAGENET1K_V1`. You can also use `weights=ResNet50_Weights.DEFAULT` to get the most up-to-date weights.
  warnings.warn(msg)
[36mINFO[0m 08/01 16:56:04 | 0.513126    0.480769    0.000000    0.569888    0.528796    0.582849    4.432623    0.483333    0.602740    0.624031    0.513126    0.528796    0.480769    0.483333    0.537037    0.541667    3800        552.727273  0.036885    0.942829    0.488507    3.065072   
/home/s21_yhr/miniconda3/envs/GGA/lib/python3.11/site-packages/torchvision/models/_utils.py:208: UserWarning: The parameter 'pretrained' is deprecated since 0.13 and may be removed in the future, please use 'weights' instead.
  warnings.warn(
/home/s21_yhr/miniconda3/envs/GGA/lib/python3.11/site-packages/torchvision/models/_utils.py:223: UserWarning: Arguments other than a weight enum or `None` for 'weights' are deprecated since 0.13 and may be removed in the future. The current behavior is equivalent to passing `weights=ResNet50_Weights.IMAGENET1K_V1`. You can also use `weights=ResNet50_Weights.DEFAULT` to get the most up-to-date weights.
  warnings.warn(msg)
[36mINFO[0m 08/01 16:57:37 | 0.515513    0.500000    0.000000    0.579528    0.518331    0.577447    2.960786    0.503030    0.547945    0.606977    0.515513    0.518331    0.500000    0.503030    0.611111    0.547917    3900        567.272727  0.041065    0.929244    0.499742    3.065072   
/home/s21_yhr/miniconda3/envs/GGA/lib/python3.11/site-packages/torchvision/models/_utils.py:208: UserWarning: The parameter 'pretrained' is deprecated since 0.13 and may be removed in the future, please use 'weights' instead.
  warnings.warn(
/home/s21_yhr/miniconda3/envs/GGA/lib/python3.11/site-packages/torchvision/models/_utils.py:223: UserWarning: Arguments other than a weight enum or `None` for 'weights' are deprecated since 0.13 and may be removed in the future. The current behavior is equivalent to passing `weights=ResNet50_Weights.IMAGENET1K_V1`. You can also use `weights=ResNet50_Weights.DEFAULT` to get the most up-to-date weights.
  warnings.warn(msg)
[36mINFO[0m 08/01 16:59:12 | 0.520286    0.548077    0.000000    0.583587    0.539580    0.597691    3.598161    0.516288    0.630137    0.635659    0.520286    0.539580    0.548077    0.516288    0.537037    0.559722    4000        581.818182  0.054236    0.940543    0.502675    3.065072   
/home/s21_yhr/miniconda3/envs/GGA/lib/python3.11/site-packages/torchvision/models/_utils.py:208: UserWarning: The parameter 'pretrained' is deprecated since 0.13 and may be removed in the future, please use 'weights' instead.
  warnings.warn(
/home/s21_yhr/miniconda3/envs/GGA/lib/python3.11/site-packages/torchvision/models/_utils.py:223: UserWarning: Arguments other than a weight enum or `None` for 'weights' are deprecated since 0.13 and may be removed in the future. The current behavior is equivalent to passing `weights=ResNet50_Weights.IMAGENET1K_V1`. You can also use `weights=ResNet50_Weights.DEFAULT` to get the most up-to-date weights.
  warnings.warn(msg)
[36mINFO[0m 08/01 17:00:45 | 0.486874    0.538462    0.000000    0.590817    0.520212    0.567571    5.202382    0.503409    0.589041    0.590698    0.486874    0.520212    0.538462    0.503409    0.592593    0.544444    4100        596.363636  0.034359    0.931953    0.464304    3.065072   
/home/s21_yhr/miniconda3/envs/GGA/lib/python3.11/site-packages/torchvision/models/_utils.py:208: UserWarning: The parameter 'pretrained' is deprecated since 0.13 and may be removed in the future, please use 'weights' instead.
  warnings.warn(
/home/s21_yhr/miniconda3/envs/GGA/lib/python3.11/site-packages/torchvision/models/_utils.py:223: UserWarning: Arguments other than a weight enum or `None` for 'weights' are deprecated since 0.13 and may be removed in the future. The current behavior is equivalent to passing `weights=ResNet50_Weights.IMAGENET1K_V1`. You can also use `weights=ResNet50_Weights.DEFAULT` to get the most up-to-date weights.
  warnings.warn(msg)
[36mINFO[0m 08/01 17:02:19 | 0.505967    0.471154    0.000000    0.572298    0.527029    0.595971    3.689113    0.456818    0.589041    0.642636    0.505967    0.527029    0.471154    0.456818    0.555556    0.549306    4200        610.909091  0.026523    0.935602    0.482975    3.065072   
/home/s21_yhr/miniconda3/envs/GGA/lib/python3.11/site-packages/torchvision/models/_utils.py:208: UserWarning: The parameter 'pretrained' is deprecated since 0.13 and may be removed in the future, please use 'weights' instead.
  warnings.warn(
/home/s21_yhr/miniconda3/envs/GGA/lib/python3.11/site-packages/torchvision/models/_utils.py:223: UserWarning: Arguments other than a weight enum or `None` for 'weights' are deprecated since 0.13 and may be removed in the future. The current behavior is equivalent to passing `weights=ResNet50_Weights.IMAGENET1K_V1`. You can also use `weights=ResNet50_Weights.DEFAULT` to get the most up-to-date weights.
  warnings.warn(msg)
[36mINFO[0m 08/01 17:03:53 | 0.460621    0.413462    0.000000    0.613775    0.453671    0.595123    3.028798    0.398864    0.616438    0.659690    0.460621    0.453671    0.413462    0.398864    0.611111    0.530556    4300        625.454545  0.033118    0.934624    0.483746    3.065072   
/home/s21_yhr/miniconda3/envs/GGA/lib/python3.11/site-packages/torchvision/models/_utils.py:208: UserWarning: The parameter 'pretrained' is deprecated since 0.13 and may be removed in the future, please use 'weights' instead.
  warnings.warn(
/home/s21_yhr/miniconda3/envs/GGA/lib/python3.11/site-packages/torchvision/models/_utils.py:223: UserWarning: Arguments other than a weight enum or `None` for 'weights' are deprecated since 0.13 and may be removed in the future. The current behavior is equivalent to passing `weights=ResNet50_Weights.IMAGENET1K_V1`. You can also use `weights=ResNet50_Weights.DEFAULT` to get the most up-to-date weights.
  warnings.warn(msg)
[36mINFO[0m 08/01 17:05:27 | 0.544153    0.509615    0.000000    0.606925    0.561993    0.601357    4.088624    0.504545    0.602740    0.652713    0.544153    0.561993    0.509615    0.504545    0.611111    0.550000    4400        640.000000  0.033255    0.935079    0.494330    3.065072   
/home/s21_yhr/miniconda3/envs/GGA/lib/python3.11/site-packages/torchvision/models/_utils.py:208: UserWarning: The parameter 'pretrained' is deprecated since 0.13 and may be removed in the future, please use 'weights' instead.
  warnings.warn(
/home/s21_yhr/miniconda3/envs/GGA/lib/python3.11/site-packages/torchvision/models/_utils.py:223: UserWarning: Arguments other than a weight enum or `None` for 'weights' are deprecated since 0.13 and may be removed in the future. The current behavior is equivalent to passing `weights=ResNet50_Weights.IMAGENET1K_V1`. You can also use `weights=ResNet50_Weights.DEFAULT` to get the most up-to-date weights.
  warnings.warn(msg)
[36mINFO[0m 08/01 17:07:02 | 0.503580    0.538462    0.000000    0.565449    0.520896    0.565875    4.145773    0.474621    0.575342    0.624806    0.503580    0.520896    0.538462    0.474621    0.555556    0.506944    4500        654.545455  0.028874    0.938026    0.478991    3.065072   
/home/s21_yhr/miniconda3/envs/GGA/lib/python3.11/site-packages/torchvision/models/_utils.py:208: UserWarning: The parameter 'pretrained' is deprecated since 0.13 and may be removed in the future, please use 'weights' instead.
  warnings.warn(
/home/s21_yhr/miniconda3/envs/GGA/lib/python3.11/site-packages/torchvision/models/_utils.py:223: UserWarning: Arguments other than a weight enum or `None` for 'weights' are deprecated since 0.13 and may be removed in the future. The current behavior is equivalent to passing `weights=ResNet50_Weights.IMAGENET1K_V1`. You can also use `weights=ResNet50_Weights.DEFAULT` to get the most up-to-date weights.
  warnings.warn(msg)
[36mINFO[0m 08/01 17:08:37 | 0.484487    0.442308    0.000000    0.532851    0.453466    0.564180    4.864921    0.423485    0.602740    0.625581    0.484487    0.453466    0.442308    0.423485    0.462963    0.502778    4600        669.090909  0.024745    0.948939    0.488467    3.065072   
/home/s21_yhr/miniconda3/envs/GGA/lib/python3.11/site-packages/torchvision/models/_utils.py:208: UserWarning: The parameter 'pretrained' is deprecated since 0.13 and may be removed in the future, please use 'weights' instead.
  warnings.warn(
/home/s21_yhr/miniconda3/envs/GGA/lib/python3.11/site-packages/torchvision/models/_utils.py:223: UserWarning: Arguments other than a weight enum or `None` for 'weights' are deprecated since 0.13 and may be removed in the future. The current behavior is equivalent to passing `weights=ResNet50_Weights.IMAGENET1K_V1`. You can also use `weights=ResNet50_Weights.DEFAULT` to get the most up-to-date weights.
  warnings.warn(msg)
[36mINFO[0m 08/01 17:10:10 | 0.527446    0.500000    0.000000    0.577118    0.549156    0.554280    3.035682    0.499621    0.561644    0.582171    0.527446    0.549156    0.500000    0.499621    0.592593    0.526389    4700        683.636364  0.043471    0.927957    0.477573    3.065072   
/home/s21_yhr/miniconda3/envs/GGA/lib/python3.11/site-packages/torchvision/models/_utils.py:208: UserWarning: The parameter 'pretrained' is deprecated since 0.13 and may be removed in the future, please use 'weights' instead.
  warnings.warn(
/home/s21_yhr/miniconda3/envs/GGA/lib/python3.11/site-packages/torchvision/models/_utils.py:223: UserWarning: Arguments other than a weight enum or `None` for 'weights' are deprecated since 0.13 and may be removed in the future. The current behavior is equivalent to passing `weights=ResNet50_Weights.IMAGENET1K_V1`. You can also use `weights=ResNet50_Weights.DEFAULT` to get the most up-to-date weights.
  warnings.warn(msg)
[36mINFO[0m 08/01 17:11:45 | 0.544153    0.432692    0.000000    0.590817    0.542123    0.575032    4.001719    0.459280    0.589041    0.613953    0.544153    0.542123    0.432692    0.459280    0.592593    0.536111    4800        698.181818  0.021216    0.944466    0.486008    3.065072   
/home/s21_yhr/miniconda3/envs/GGA/lib/python3.11/site-packages/torchvision/models/_utils.py:208: UserWarning: The parameter 'pretrained' is deprecated since 0.13 and may be removed in the future, please use 'weights' instead.
  warnings.warn(
/home/s21_yhr/miniconda3/envs/GGA/lib/python3.11/site-packages/torchvision/models/_utils.py:223: UserWarning: Arguments other than a weight enum or `None` for 'weights' are deprecated since 0.13 and may be removed in the future. The current behavior is equivalent to passing `weights=ResNet50_Weights.IMAGENET1K_V1`. You can also use `weights=ResNet50_Weights.DEFAULT` to get the most up-to-date weights.
  warnings.warn(msg)
[36mINFO[0m 08/01 17:13:19 | 0.510740    0.519231    0.000000    0.558219    0.549590    0.549580    5.119102    0.497348    0.616438    0.618605    0.510740    0.549590    0.519231    0.497348    0.500000    0.480556    4900        712.727273  0.025141    0.931095    0.466660    3.065072   
/home/s21_yhr/miniconda3/envs/GGA/lib/python3.11/site-packages/torchvision/models/_utils.py:208: UserWarning: The parameter 'pretrained' is deprecated since 0.13 and may be removed in the future, please use 'weights' instead.
  warnings.warn(
/home/s21_yhr/miniconda3/envs/GGA/lib/python3.11/site-packages/torchvision/models/_utils.py:223: UserWarning: Arguments other than a weight enum or `None` for 'weights' are deprecated since 0.13 and may be removed in the future. The current behavior is equivalent to passing `weights=ResNet50_Weights.IMAGENET1K_V1`. You can also use `weights=ResNet50_Weights.DEFAULT` to get the most up-to-date weights.
  warnings.warn(msg)
[36mINFO[0m 08/01 17:14:54 | 0.489260    0.394231    0.000000    0.592846    0.497766    0.583075    3.342202    0.388258    0.630137    0.621705    0.489260    0.497766    0.394231    0.388258    0.555556    0.544444    5000        727.272727  0.037779    0.942341    0.477077    3.065072   
[36mINFO[0m 08/01 17:14:54 | ---
[36mINFO[0m 08/01 17:14:54 | oracle = 61.098%
[36mINFO[0m 08/01 17:14:54 | iid = 46.062%
[36mINFO[0m 08/01 17:14:54 | last = 48.926%
[36mINFO[0m 08/01 17:14:54 | last (inD) = 59.285%
[36mINFO[0m 08/01 17:14:54 | iid (inD) = 61.377%
[36mINFO[0m 08/01 17:14:55 | 
[36mINFO[0m 08/01 17:14:55 | Testenv name escaping te_02 -> te_02
[36mINFO[0m 08/01 17:14:55 | Test envs = [2], name = te_02
[36mINFO[0m 08/01 17:14:55 | Batch sizes for each domain: [32, 32, 0] (total=64)
[36mINFO[0m 08/01 17:14:55 | steps-per-epoch for each domain: 9.19, 13.09 -> min = 9.19
/home/s21_yhr/miniconda3/envs/GGA/lib/python3.11/site-packages/torchvision/models/_utils.py:208: UserWarning: The parameter 'pretrained' is deprecated since 0.13 and may be removed in the future, please use 'weights' instead.
  warnings.warn(
/home/s21_yhr/miniconda3/envs/GGA/lib/python3.11/site-packages/torchvision/models/_utils.py:223: UserWarning: Arguments other than a weight enum or `None` for 'weights' are deprecated since 0.13 and may be removed in the future. The current behavior is equivalent to passing `weights=ResNet50_Weights.IMAGENET1K_V1`. You can also use `weights=ResNet50_Weights.DEFAULT` to get the most up-to-date weights.
  warnings.warn(msg)
[36mINFO[0m 08/01 17:14:58 | # of params = 23512130
[36mINFO[0m 08/01 17:14:59 | test_in     test_out    train_in    train_out   test_in_au  train_out_  tr_outloss  test_out_a  env0_out    env0_out_a  env1_out    env1_out_a  env2_in     env2_in_au  env2_out    env2_out_a  step        epoch       loss        step_time   eval_time   mem_gb     
[36mINFO[0m 08/01 17:14:59 | 0.422727    0.444444    0.000000    0.417018    0.524511    0.482422    0.742215    0.620833    0.410959    0.469767    0.423077    0.495076    0.422727    0.524511    0.444444    0.620833    0           0.000000    0.802512    0.939103    0.374098    3.057565   
/home/s21_yhr/miniconda3/envs/GGA/lib/python3.11/site-packages/torchvision/models/_utils.py:208: UserWarning: The parameter 'pretrained' is deprecated since 0.13 and may be removed in the future, please use 'weights' instead.
  warnings.warn(
/home/s21_yhr/miniconda3/envs/GGA/lib/python3.11/site-packages/torchvision/models/_utils.py:223: UserWarning: Arguments other than a weight enum or `None` for 'weights' are deprecated since 0.13 and may be removed in the future. The current behavior is equivalent to passing `weights=ResNet50_Weights.IMAGENET1K_V1`. You can also use `weights=ResNet50_Weights.DEFAULT` to get the most up-to-date weights.
  warnings.warn(msg)
[36mINFO[0m 08/01 17:16:39 | 0.581818    0.648148    0.000000    0.708707    0.598002    0.764178    0.655672    0.705556    0.561644    0.597674    0.855769    0.930682    0.581818    0.598002    0.648148    0.705556    100         10.884354   0.493932    0.996527    0.377698    3.062997   
/home/s21_yhr/miniconda3/envs/GGA/lib/python3.11/site-packages/torchvision/models/_utils.py:208: UserWarning: The parameter 'pretrained' is deprecated since 0.13 and may be removed in the future, please use 'weights' instead.
  warnings.warn(
/home/s21_yhr/miniconda3/envs/GGA/lib/python3.11/site-packages/torchvision/models/_utils.py:223: UserWarning: Arguments other than a weight enum or `None` for 'weights' are deprecated since 0.13 and may be removed in the future. The current behavior is equivalent to passing `weights=ResNet50_Weights.IMAGENET1K_V1`. You can also use `weights=ResNet50_Weights.DEFAULT` to get the most up-to-date weights.
  warnings.warn(msg)
[36mINFO[0m 08/01 17:18:27 | 0.595455    0.611111    0.000000    0.738145    0.615274    0.786998    0.806938    0.679167    0.630137    0.655814    0.846154    0.918182    0.595455    0.615274    0.611111    0.679167    200         21.768707   0.334674    1.080256    0.391236    3.062997   
/home/s21_yhr/miniconda3/envs/GGA/lib/python3.11/site-packages/torchvision/models/_utils.py:208: UserWarning: The parameter 'pretrained' is deprecated since 0.13 and may be removed in the future, please use 'weights' instead.
  warnings.warn(
/home/s21_yhr/miniconda3/envs/GGA/lib/python3.11/site-packages/torchvision/models/_utils.py:223: UserWarning: Arguments other than a weight enum or `None` for 'weights' are deprecated since 0.13 and may be removed in the future. The current behavior is equivalent to passing `weights=ResNet50_Weights.IMAGENET1K_V1`. You can also use `weights=ResNet50_Weights.DEFAULT` to get the most up-to-date weights.
  warnings.warn(msg)
[36mINFO[0m 08/01 17:20:20 | 0.568182    0.703704    0.000000    0.734062    0.600881    0.767922    1.276528    0.704167    0.602740    0.627132    0.865385    0.908712    0.568182    0.600881    0.703704    0.704167    300         32.653061   0.224903    1.122439    0.410940    3.062997   
/home/s21_yhr/miniconda3/envs/GGA/lib/python3.11/site-packages/torchvision/models/_utils.py:208: UserWarning: The parameter 'pretrained' is deprecated since 0.13 and may be removed in the future, please use 'weights' instead.
  warnings.warn(
/home/s21_yhr/miniconda3/envs/GGA/lib/python3.11/site-packages/torchvision/models/_utils.py:223: UserWarning: Arguments other than a weight enum or `None` for 'weights' are deprecated since 0.13 and may be removed in the future. The current behavior is equivalent to passing `weights=ResNet50_Weights.IMAGENET1K_V1`. You can also use `weights=ResNet50_Weights.DEFAULT` to get the most up-to-date weights.
  warnings.warn(msg)
[36mINFO[0m 08/01 17:22:05 | 0.550000    0.685185    0.000000    0.789581    0.581322    0.807215    1.184058    0.727778    0.684932    0.668217    0.894231    0.946212    0.550000    0.581322    0.685185    0.727778    400         43.537415   0.184918    1.049656    0.356454    3.064584   
/home/s21_yhr/miniconda3/envs/GGA/lib/python3.11/site-packages/torchvision/models/_utils.py:208: UserWarning: The parameter 'pretrained' is deprecated since 0.13 and may be removed in the future, please use 'weights' instead.
  warnings.warn(
/home/s21_yhr/miniconda3/envs/GGA/lib/python3.11/site-packages/torchvision/models/_utils.py:223: UserWarning: Arguments other than a weight enum or `None` for 'weights' are deprecated since 0.13 and may be removed in the future. The current behavior is equivalent to passing `weights=ResNet50_Weights.IMAGENET1K_V1`. You can also use `weights=ResNet50_Weights.DEFAULT` to get the most up-to-date weights.
  warnings.warn(msg)
[36mINFO[0m 08/01 17:23:42 | 0.568182    0.685185    0.000000    0.761459    0.585810    0.798357    1.186171    0.687500    0.657534    0.672093    0.865385    0.924621    0.568182    0.585810    0.685185    0.687500    500         54.421769   0.129187    0.960821    0.395610    3.064584   
/home/s21_yhr/miniconda3/envs/GGA/lib/python3.11/site-packages/torchvision/models/_utils.py:208: UserWarning: The parameter 'pretrained' is deprecated since 0.13 and may be removed in the future, please use 'weights' instead.
  warnings.warn(
/home/s21_yhr/miniconda3/envs/GGA/lib/python3.11/site-packages/torchvision/models/_utils.py:223: UserWarning: Arguments other than a weight enum or `None` for 'weights' are deprecated since 0.13 and may be removed in the future. The current behavior is equivalent to passing `weights=ResNet50_Weights.IMAGENET1K_V1`. You can also use `weights=ResNet50_Weights.DEFAULT` to get the most up-to-date weights.
  warnings.warn(msg)
[36mINFO[0m 08/01 17:24:44 | 0.559091    0.629630    0.000000    0.729979    0.571586    0.785324    1.486287    0.647222    0.575342    0.641860    0.884615    0.928788    0.559091    0.571586    0.629630    0.647222    600         65.306122   0.110794    0.618232    0.344093    3.064584   
/home/s21_yhr/miniconda3/envs/GGA/lib/python3.11/site-packages/torchvision/models/_utils.py:208: UserWarning: The parameter 'pretrained' is deprecated since 0.13 and may be removed in the future, please use 'weights' instead.
  warnings.warn(
/home/s21_yhr/miniconda3/envs/GGA/lib/python3.11/site-packages/torchvision/models/_utils.py:223: UserWarning: Arguments other than a weight enum or `None` for 'weights' are deprecated since 0.13 and may be removed in the future. The current behavior is equivalent to passing `weights=ResNet50_Weights.IMAGENET1K_V1`. You can also use `weights=ResNet50_Weights.DEFAULT` to get the most up-to-date weights.
  warnings.warn(msg)
[36mINFO[0m 08/01 17:25:44 | 0.590909    0.685185    0.000000    0.735379    0.596393    0.764310    1.795314    0.708333    0.643836    0.609302    0.826923    0.919318    0.590909    0.596393    0.685185    0.708333    700         76.190476   0.117639    0.597119    0.341798    3.064584   
/home/s21_yhr/miniconda3/envs/GGA/lib/python3.11/site-packages/torchvision/models/_utils.py:208: UserWarning: The parameter 'pretrained' is deprecated since 0.13 and may be removed in the future, please use 'weights' instead.
  warnings.warn(
/home/s21_yhr/miniconda3/envs/GGA/lib/python3.11/site-packages/torchvision/models/_utils.py:223: UserWarning: Arguments other than a weight enum or `None` for 'weights' are deprecated since 0.13 and may be removed in the future. The current behavior is equivalent to passing `weights=ResNet50_Weights.IMAGENET1K_V1`. You can also use `weights=ResNet50_Weights.DEFAULT` to get the most up-to-date weights.
  warnings.warn(msg)
[36mINFO[0m 08/01 17:26:46 | 0.568182    0.629630    0.000000    0.701857    0.599272    0.751198    1.473434    0.669444    0.547945    0.572093    0.855769    0.930303    0.568182    0.599272    0.629630    0.669444    800         87.074830   0.101562    0.613414    0.350644    3.064584   
/home/s21_yhr/miniconda3/envs/GGA/lib/python3.11/site-packages/torchvision/models/_utils.py:208: UserWarning: The parameter 'pretrained' is deprecated since 0.13 and may be removed in the future, please use 'weights' instead.
  warnings.warn(
/home/s21_yhr/miniconda3/envs/GGA/lib/python3.11/site-packages/torchvision/models/_utils.py:223: UserWarning: Arguments other than a weight enum or `None` for 'weights' are deprecated since 0.13 and may be removed in the future. The current behavior is equivalent to passing `weights=ResNet50_Weights.IMAGENET1K_V1`. You can also use `weights=ResNet50_Weights.DEFAULT` to get the most up-to-date weights.
  warnings.warn(msg)
[36mINFO[0m 08/01 17:27:47 | 0.604545    0.666667    0.000000    0.764226    0.622979    0.791076    1.875210    0.725000    0.643836    0.648062    0.884615    0.934091    0.604545    0.622979    0.666667    0.725000    900         97.959184   0.091703    0.610943    0.349008    3.064584   
/home/s21_yhr/miniconda3/envs/GGA/lib/python3.11/site-packages/torchvision/models/_utils.py:208: UserWarning: The parameter 'pretrained' is deprecated since 0.13 and may be removed in the future, please use 'weights' instead.
  warnings.warn(
/home/s21_yhr/miniconda3/envs/GGA/lib/python3.11/site-packages/torchvision/models/_utils.py:223: UserWarning: Arguments other than a weight enum or `None` for 'weights' are deprecated since 0.13 and may be removed in the future. The current behavior is equivalent to passing `weights=ResNet50_Weights.IMAGENET1K_V1`. You can also use `weights=ResNet50_Weights.DEFAULT` to get the most up-to-date weights.
  warnings.warn(msg)
[36mINFO[0m 08/01 17:28:49 | 0.536364    0.592593    0.000000    0.734655    0.554229    0.754827    1.878779    0.623611    0.671233    0.624806    0.798077    0.884848    0.536364    0.554229    0.592593    0.623611    1000        108.843537  0.084664    0.609631    0.350666    3.064584   
/home/s21_yhr/miniconda3/envs/GGA/lib/python3.11/site-packages/torchvision/models/_utils.py:208: UserWarning: The parameter 'pretrained' is deprecated since 0.13 and may be removed in the future, please use 'weights' instead.
  warnings.warn(
/home/s21_yhr/miniconda3/envs/GGA/lib/python3.11/site-packages/torchvision/models/_utils.py:223: UserWarning: Arguments other than a weight enum or `None` for 'weights' are deprecated since 0.13 and may be removed in the future. The current behavior is equivalent to passing `weights=ResNet50_Weights.IMAGENET1K_V1`. You can also use `weights=ResNet50_Weights.DEFAULT` to get the most up-to-date weights.
  warnings.warn(msg)
[36mINFO[0m 08/01 17:30:10 | 0.577273    0.611111    0.000000    0.744270    0.572348    0.785782    2.111429    0.673611    0.671233    0.682171    0.817308    0.889394    0.577273    0.572348    0.611111    0.673611    1100        119.727891  0.090292    0.812928    0.344632    3.064584   
/home/s21_yhr/miniconda3/envs/GGA/lib/python3.11/site-packages/torchvision/models/_utils.py:208: UserWarning: The parameter 'pretrained' is deprecated since 0.13 and may be removed in the future, please use 'weights' instead.
  warnings.warn(
/home/s21_yhr/miniconda3/envs/GGA/lib/python3.11/site-packages/torchvision/models/_utils.py:223: UserWarning: Arguments other than a weight enum or `None` for 'weights' are deprecated since 0.13 and may be removed in the future. The current behavior is equivalent to passing `weights=ResNet50_Weights.IMAGENET1K_V1`. You can also use `weights=ResNet50_Weights.DEFAULT` to get the most up-to-date weights.
  warnings.warn(msg)
[36mINFO[0m 08/01 17:31:43 | 0.559091    0.629630    0.000000    0.747036    0.586826    0.813266    1.164637    0.665278    0.657534    0.734109    0.836538    0.892424    0.559091    0.586826    0.629630    0.665278    1200        130.612245  0.089706    0.927448    0.334565    3.064584   
/home/s21_yhr/miniconda3/envs/GGA/lib/python3.11/site-packages/torchvision/models/_utils.py:208: UserWarning: The parameter 'pretrained' is deprecated since 0.13 and may be removed in the future, please use 'weights' instead.
  warnings.warn(
/home/s21_yhr/miniconda3/envs/GGA/lib/python3.11/site-packages/torchvision/models/_utils.py:223: UserWarning: Arguments other than a weight enum or `None` for 'weights' are deprecated since 0.13 and may be removed in the future. The current behavior is equivalent to passing `weights=ResNet50_Weights.IMAGENET1K_V1`. You can also use `weights=ResNet50_Weights.DEFAULT` to get the most up-to-date weights.
  warnings.warn(msg)
[36mINFO[0m 08/01 17:33:16 | 0.550000    0.611111    0.000000    0.731296    0.594869    0.806937    1.429277    0.663889    0.616438    0.693798    0.846154    0.920076    0.550000    0.594869    0.611111    0.663889    1300        141.496599  0.085173    0.925319    0.348439    3.064584   
/home/s21_yhr/miniconda3/envs/GGA/lib/python3.11/site-packages/torchvision/models/_utils.py:208: UserWarning: The parameter 'pretrained' is deprecated since 0.13 and may be removed in the future, please use 'weights' instead.
  warnings.warn(
/home/s21_yhr/miniconda3/envs/GGA/lib/python3.11/site-packages/torchvision/models/_utils.py:223: UserWarning: Arguments other than a weight enum or `None` for 'weights' are deprecated since 0.13 and may be removed in the future. The current behavior is equivalent to passing `weights=ResNet50_Weights.IMAGENET1K_V1`. You can also use `weights=ResNet50_Weights.DEFAULT` to get the most up-to-date weights.
  warnings.warn(msg)
[36mINFO[0m 08/01 17:34:50 | 0.577273    0.629630    0.000000    0.736697    0.575142    0.751427    2.115110    0.684722    0.684932    0.625581    0.788462    0.877273    0.577273    0.575142    0.629630    0.684722    1400        152.380952  0.084848    0.929370    0.340251    3.064584   
/home/s21_yhr/miniconda3/envs/GGA/lib/python3.11/site-packages/torchvision/models/_utils.py:208: UserWarning: The parameter 'pretrained' is deprecated since 0.13 and may be removed in the future, please use 'weights' instead.
  warnings.warn(
/home/s21_yhr/miniconda3/envs/GGA/lib/python3.11/site-packages/torchvision/models/_utils.py:223: UserWarning: Arguments other than a weight enum or `None` for 'weights' are deprecated since 0.13 and may be removed in the future. The current behavior is equivalent to passing `weights=ResNet50_Weights.IMAGENET1K_V1`. You can also use `weights=ResNet50_Weights.DEFAULT` to get the most up-to-date weights.
  warnings.warn(msg)
[36mINFO[0m 08/01 17:36:22 | 0.563636    0.666667    0.000000    0.718915    0.572771    0.754074    1.438943    0.694444    0.630137    0.641860    0.807692    0.866288    0.563636    0.572771    0.666667    0.694444    1500        163.265306  0.075399    0.920385    0.346374    3.064584   
/home/s21_yhr/miniconda3/envs/GGA/lib/python3.11/site-packages/torchvision/models/_utils.py:208: UserWarning: The parameter 'pretrained' is deprecated since 0.13 and may be removed in the future, please use 'weights' instead.
  warnings.warn(
/home/s21_yhr/miniconda3/envs/GGA/lib/python3.11/site-packages/torchvision/models/_utils.py:223: UserWarning: Arguments other than a weight enum or `None` for 'weights' are deprecated since 0.13 and may be removed in the future. The current behavior is equivalent to passing `weights=ResNet50_Weights.IMAGENET1K_V1`. You can also use `weights=ResNet50_Weights.DEFAULT` to get the most up-to-date weights.
  warnings.warn(msg)
[36mINFO[0m 08/01 17:37:54 | 0.527273    0.666667    0.000000    0.731296    0.572644    0.745631    2.360078    0.754167    0.616438    0.582171    0.846154    0.909091    0.527273    0.572644    0.666667    0.754167    1600        174.149660  0.071285    0.920954    0.347578    3.064584   
/home/s21_yhr/miniconda3/envs/GGA/lib/python3.11/site-packages/torchvision/models/_utils.py:208: UserWarning: The parameter 'pretrained' is deprecated since 0.13 and may be removed in the future, please use 'weights' instead.
  warnings.warn(
/home/s21_yhr/miniconda3/envs/GGA/lib/python3.11/site-packages/torchvision/models/_utils.py:223: UserWarning: Arguments other than a weight enum or `None` for 'weights' are deprecated since 0.13 and may be removed in the future. The current behavior is equivalent to passing `weights=ResNet50_Weights.IMAGENET1K_V1`. You can also use `weights=ResNet50_Weights.DEFAULT` to get the most up-to-date weights.
  warnings.warn(msg)
[36mINFO[0m 08/01 17:39:27 | 0.545455    0.703704    0.000000    0.749802    0.606384    0.783454    2.152551    0.747222    0.643836    0.668992    0.855769    0.897917    0.545455    0.606384    0.703704    0.747222    1700        185.034014  0.071113    0.922844    0.341880    3.064584   
/home/s21_yhr/miniconda3/envs/GGA/lib/python3.11/site-packages/torchvision/models/_utils.py:208: UserWarning: The parameter 'pretrained' is deprecated since 0.13 and may be removed in the future, please use 'weights' instead.
  warnings.warn(
/home/s21_yhr/miniconda3/envs/GGA/lib/python3.11/site-packages/torchvision/models/_utils.py:223: UserWarning: Arguments other than a weight enum or `None` for 'weights' are deprecated since 0.13 and may be removed in the future. The current behavior is equivalent to passing `weights=ResNet50_Weights.IMAGENET1K_V1`. You can also use `weights=ResNet50_Weights.DEFAULT` to get the most up-to-date weights.
  warnings.warn(msg)
[36mINFO[0m 08/01 17:41:00 | 0.550000    0.759259    0.000000    0.729254    0.586657    0.770349    1.381250    0.743056    0.602740    0.624031    0.855769    0.916667    0.550000    0.586657    0.759259    0.743056    1800        195.918367  0.064806    0.925323    0.334334    3.064584   
/home/s21_yhr/miniconda3/envs/GGA/lib/python3.11/site-packages/torchvision/models/_utils.py:208: UserWarning: The parameter 'pretrained' is deprecated since 0.13 and may be removed in the future, please use 'weights' instead.
  warnings.warn(
/home/s21_yhr/miniconda3/envs/GGA/lib/python3.11/site-packages/torchvision/models/_utils.py:223: UserWarning: Arguments other than a weight enum or `None` for 'weights' are deprecated since 0.13 and may be removed in the future. The current behavior is equivalent to passing `weights=ResNet50_Weights.IMAGENET1K_V1`. You can also use `weights=ResNet50_Weights.DEFAULT` to get the most up-to-date weights.
  warnings.warn(msg)
[36mINFO[0m 08/01 17:42:32 | 0.581818    0.611111    0.000000    0.719639    0.592075    0.770067    1.507575    0.666667    0.602740    0.632558    0.836538    0.907576    0.581818    0.592075    0.611111    0.666667    1900        206.802721  0.057742    0.921304    0.330934    3.064584   
/home/s21_yhr/miniconda3/envs/GGA/lib/python3.11/site-packages/torchvision/models/_utils.py:208: UserWarning: The parameter 'pretrained' is deprecated since 0.13 and may be removed in the future, please use 'weights' instead.
  warnings.warn(
/home/s21_yhr/miniconda3/envs/GGA/lib/python3.11/site-packages/torchvision/models/_utils.py:223: UserWarning: Arguments other than a weight enum or `None` for 'weights' are deprecated since 0.13 and may be removed in the future. The current behavior is equivalent to passing `weights=ResNet50_Weights.IMAGENET1K_V1`. You can also use `weights=ResNet50_Weights.DEFAULT` to get the most up-to-date weights.
  warnings.warn(msg)
[36mINFO[0m 08/01 17:44:05 | 0.563636    0.685185    0.000000    0.753886    0.591737    0.799399    1.978619    0.662500    0.671233    0.705426    0.836538    0.893371    0.563636    0.591737    0.685185    0.662500    2000        217.687075  0.060785    0.921266    0.333510    3.064584   
/home/s21_yhr/miniconda3/envs/GGA/lib/python3.11/site-packages/torchvision/models/_utils.py:208: UserWarning: The parameter 'pretrained' is deprecated since 0.13 and may be removed in the future, please use 'weights' instead.
  warnings.warn(
/home/s21_yhr/miniconda3/envs/GGA/lib/python3.11/site-packages/torchvision/models/_utils.py:223: UserWarning: Arguments other than a weight enum or `None` for 'weights' are deprecated since 0.13 and may be removed in the future. The current behavior is equivalent to passing `weights=ResNet50_Weights.IMAGENET1K_V1`. You can also use `weights=ResNet50_Weights.DEFAULT` to get the most up-to-date weights.
  warnings.warn(msg)
[36mINFO[0m 08/01 17:45:37 | 0.613636    0.703704    0.000000    0.761459    0.629244    0.801484    1.688369    0.725000    0.657534    0.680620    0.865385    0.922348    0.613636    0.629244    0.703704    0.725000    2100        228.571429  0.075628    0.918005    0.324005    3.064584   
/home/s21_yhr/miniconda3/envs/GGA/lib/python3.11/site-packages/torchvision/models/_utils.py:208: UserWarning: The parameter 'pretrained' is deprecated since 0.13 and may be removed in the future, please use 'weights' instead.
  warnings.warn(
/home/s21_yhr/miniconda3/envs/GGA/lib/python3.11/site-packages/torchvision/models/_utils.py:223: UserWarning: Arguments other than a weight enum or `None` for 'weights' are deprecated since 0.13 and may be removed in the future. The current behavior is equivalent to passing `weights=ResNet50_Weights.IMAGENET1K_V1`. You can also use `weights=ResNet50_Weights.DEFAULT` to get the most up-to-date weights.
  warnings.warn(msg)
[36mINFO[0m 08/01 17:47:10 | 0.581818    0.592593    0.000000    0.726488    0.591991    0.760685    1.472614    0.672222    0.616438    0.606977    0.836538    0.914394    0.581818    0.591991    0.592593    0.672222    2200        239.455782  0.071527    0.922288    0.338746    3.064645   
/home/s21_yhr/miniconda3/envs/GGA/lib/python3.11/site-packages/torchvision/models/_utils.py:208: UserWarning: The parameter 'pretrained' is deprecated since 0.13 and may be removed in the future, please use 'weights' instead.
  warnings.warn(
/home/s21_yhr/miniconda3/envs/GGA/lib/python3.11/site-packages/torchvision/models/_utils.py:223: UserWarning: Arguments other than a weight enum or `None` for 'weights' are deprecated since 0.13 and may be removed in the future. The current behavior is equivalent to passing `weights=ResNet50_Weights.IMAGENET1K_V1`. You can also use `weights=ResNet50_Weights.DEFAULT` to get the most up-to-date weights.
  warnings.warn(msg)
[36mINFO[0m 08/01 17:48:42 | 0.586364    0.666667    0.000000    0.742229    0.593091    0.776683    2.722459    0.726389    0.657534    0.648062    0.826923    0.905303    0.586364    0.593091    0.666667    0.726389    2300        250.340136  0.052944    0.919246    0.336462    3.064645   
/home/s21_yhr/miniconda3/envs/GGA/lib/python3.11/site-packages/torchvision/models/_utils.py:208: UserWarning: The parameter 'pretrained' is deprecated since 0.13 and may be removed in the future, please use 'weights' instead.
  warnings.warn(
/home/s21_yhr/miniconda3/envs/GGA/lib/python3.11/site-packages/torchvision/models/_utils.py:223: UserWarning: Arguments other than a weight enum or `None` for 'weights' are deprecated since 0.13 and may be removed in the future. The current behavior is equivalent to passing `weights=ResNet50_Weights.IMAGENET1K_V1`. You can also use `weights=ResNet50_Weights.DEFAULT` to get the most up-to-date weights.
  warnings.warn(msg)
[36mINFO[0m 08/01 17:50:14 | 0.577273    0.666667    0.000000    0.723722    0.594277    0.745961    1.946208    0.725000    0.630137    0.594574    0.817308    0.897348    0.577273    0.594277    0.666667    0.725000    2400        261.224490  0.053890    0.921322    0.335041    3.064645   
/home/s21_yhr/miniconda3/envs/GGA/lib/python3.11/site-packages/torchvision/models/_utils.py:208: UserWarning: The parameter 'pretrained' is deprecated since 0.13 and may be removed in the future, please use 'weights' instead.
  warnings.warn(
/home/s21_yhr/miniconda3/envs/GGA/lib/python3.11/site-packages/torchvision/models/_utils.py:223: UserWarning: Arguments other than a weight enum or `None` for 'weights' are deprecated since 0.13 and may be removed in the future. The current behavior is equivalent to passing `weights=ResNet50_Weights.IMAGENET1K_V1`. You can also use `weights=ResNet50_Weights.DEFAULT` to get the most up-to-date weights.
  warnings.warn(msg)
[36mINFO[0m 08/01 17:51:47 | 0.577273    0.685185    0.000000    0.711341    0.586149    0.789526    1.671941    0.677778    0.643836    0.711628    0.778846    0.867424    0.577273    0.586149    0.685185    0.677778    2500        272.108844  0.050844    0.921716    0.326905    3.064645   
/home/s21_yhr/miniconda3/envs/GGA/lib/python3.11/site-packages/torchvision/models/_utils.py:208: UserWarning: The parameter 'pretrained' is deprecated since 0.13 and may be removed in the future, please use 'weights' instead.
  warnings.warn(
/home/s21_yhr/miniconda3/envs/GGA/lib/python3.11/site-packages/torchvision/models/_utils.py:223: UserWarning: Arguments other than a weight enum or `None` for 'weights' are deprecated since 0.13 and may be removed in the future. The current behavior is equivalent to passing `weights=ResNet50_Weights.IMAGENET1K_V1`. You can also use `weights=ResNet50_Weights.DEFAULT` to get the most up-to-date weights.
  warnings.warn(msg)
[36mINFO[0m 08/01 17:53:20 | 0.545455    0.648148    0.000000    0.710024    0.595039    0.766385    1.840377    0.688889    0.602740    0.641860    0.817308    0.890909    0.545455    0.595039    0.648148    0.688889    2600        282.993197  0.051021    0.928658    0.327726    3.064645   
/home/s21_yhr/miniconda3/envs/GGA/lib/python3.11/site-packages/torchvision/models/_utils.py:208: UserWarning: The parameter 'pretrained' is deprecated since 0.13 and may be removed in the future, please use 'weights' instead.
  warnings.warn(
/home/s21_yhr/miniconda3/envs/GGA/lib/python3.11/site-packages/torchvision/models/_utils.py:223: UserWarning: Arguments other than a weight enum or `None` for 'weights' are deprecated since 0.13 and may be removed in the future. The current behavior is equivalent to passing `weights=ResNet50_Weights.IMAGENET1K_V1`. You can also use `weights=ResNet50_Weights.DEFAULT` to get the most up-to-date weights.
  warnings.warn(msg)
[36mINFO[0m 08/01 17:54:53 | 0.581818    0.592593    0.000000    0.714831    0.621116    0.769208    2.174071    0.658333    0.602740    0.640310    0.826923    0.898106    0.581818    0.621116    0.592593    0.658333    2700        293.877551  0.047825    0.921149    0.332665    3.064645   
/home/s21_yhr/miniconda3/envs/GGA/lib/python3.11/site-packages/torchvision/models/_utils.py:208: UserWarning: The parameter 'pretrained' is deprecated since 0.13 and may be removed in the future, please use 'weights' instead.
  warnings.warn(
/home/s21_yhr/miniconda3/envs/GGA/lib/python3.11/site-packages/torchvision/models/_utils.py:223: UserWarning: Arguments other than a weight enum or `None` for 'weights' are deprecated since 0.13 and may be removed in the future. The current behavior is equivalent to passing `weights=ResNet50_Weights.IMAGENET1K_V1`. You can also use `weights=ResNet50_Weights.DEFAULT` to get the most up-to-date weights.
  warnings.warn(msg)
[36mINFO[0m 08/01 17:56:25 | 0.572727    0.666667    0.000000    0.693559    0.630302    0.771201    1.592241    0.701389    0.589041    0.657364    0.798077    0.885038    0.572727    0.630302    0.666667    0.701389    2800        304.761905  0.058007    0.922819    0.333014    3.064645   
/home/s21_yhr/miniconda3/envs/GGA/lib/python3.11/site-packages/torchvision/models/_utils.py:208: UserWarning: The parameter 'pretrained' is deprecated since 0.13 and may be removed in the future, please use 'weights' instead.
  warnings.warn(
/home/s21_yhr/miniconda3/envs/GGA/lib/python3.11/site-packages/torchvision/models/_utils.py:223: UserWarning: Arguments other than a weight enum or `None` for 'weights' are deprecated since 0.13 and may be removed in the future. The current behavior is equivalent to passing `weights=ResNet50_Weights.IMAGENET1K_V1`. You can also use `weights=ResNet50_Weights.DEFAULT` to get the most up-to-date weights.
  warnings.warn(msg)
[36mINFO[0m 08/01 17:57:58 | 0.550000    0.703704    0.000000    0.714107    0.630048    0.789066    1.779113    0.709722    0.630137    0.696124    0.798077    0.882008    0.550000    0.630048    0.703704    0.709722    2900        315.646259  0.051527    0.920249    0.341167    3.064645   
/home/s21_yhr/miniconda3/envs/GGA/lib/python3.11/site-packages/torchvision/models/_utils.py:208: UserWarning: The parameter 'pretrained' is deprecated since 0.13 and may be removed in the future, please use 'weights' instead.
  warnings.warn(
/home/s21_yhr/miniconda3/envs/GGA/lib/python3.11/site-packages/torchvision/models/_utils.py:223: UserWarning: Arguments other than a weight enum or `None` for 'weights' are deprecated since 0.13 and may be removed in the future. The current behavior is equivalent to passing `weights=ResNet50_Weights.IMAGENET1K_V1`. You can also use `weights=ResNet50_Weights.DEFAULT` to get the most up-to-date weights.
  warnings.warn(msg)
[36mINFO[0m 08/01 17:59:30 | 0.577273    0.703704    0.000000    0.749802    0.616163    0.792614    1.896106    0.709722    0.643836    0.683333    0.855769    0.901894    0.577273    0.616163    0.703704    0.709722    3000        326.530612  0.050126    0.919426    0.335760    3.064645   
/home/s21_yhr/miniconda3/envs/GGA/lib/python3.11/site-packages/torchvision/models/_utils.py:208: UserWarning: The parameter 'pretrained' is deprecated since 0.13 and may be removed in the future, please use 'weights' instead.
  warnings.warn(
/home/s21_yhr/miniconda3/envs/GGA/lib/python3.11/site-packages/torchvision/models/_utils.py:223: UserWarning: Arguments other than a weight enum or `None` for 'weights' are deprecated since 0.13 and may be removed in the future. The current behavior is equivalent to passing `weights=ResNet50_Weights.IMAGENET1K_V1`. You can also use `weights=ResNet50_Weights.DEFAULT` to get the most up-to-date weights.
  warnings.warn(msg)
[36mINFO[0m 08/01 18:01:02 | 0.581818    0.722222    0.000000    0.736697    0.595081    0.794582    2.164240    0.722222    0.684932    0.656589    0.788462    0.932576    0.581818    0.595081    0.722222    0.722222    3100        337.414966  0.053883    0.919908    0.332903    3.065072   
/home/s21_yhr/miniconda3/envs/GGA/lib/python3.11/site-packages/torchvision/models/_utils.py:208: UserWarning: The parameter 'pretrained' is deprecated since 0.13 and may be removed in the future, please use 'weights' instead.
  warnings.warn(
/home/s21_yhr/miniconda3/envs/GGA/lib/python3.11/site-packages/torchvision/models/_utils.py:223: UserWarning: Arguments other than a weight enum or `None` for 'weights' are deprecated since 0.13 and may be removed in the future. The current behavior is equivalent to passing `weights=ResNet50_Weights.IMAGENET1K_V1`. You can also use `weights=ResNet50_Weights.DEFAULT` to get the most up-to-date weights.
  warnings.warn(msg)
[36mINFO[0m 08/01 18:02:34 | 0.577273    0.611111    0.000000    0.743678    0.612903    0.777850    1.666291    0.686111    0.602740    0.634109    0.884615    0.921591    0.577273    0.612903    0.611111    0.686111    3200        348.299320  0.056324    0.918973    0.331498    3.065072   
/home/s21_yhr/miniconda3/envs/GGA/lib/python3.11/site-packages/torchvision/models/_utils.py:208: UserWarning: The parameter 'pretrained' is deprecated since 0.13 and may be removed in the future, please use 'weights' instead.
  warnings.warn(
/home/s21_yhr/miniconda3/envs/GGA/lib/python3.11/site-packages/torchvision/models/_utils.py:223: UserWarning: Arguments other than a weight enum or `None` for 'weights' are deprecated since 0.13 and may be removed in the future. The current behavior is equivalent to passing `weights=ResNet50_Weights.IMAGENET1K_V1`. You can also use `weights=ResNet50_Weights.DEFAULT` to get the most up-to-date weights.
  warnings.warn(msg)
[36mINFO[0m 08/01 18:04:07 | 0.586364    0.629630    0.000000    0.749802    0.600965    0.774053    1.972898    0.718056    0.643836    0.633333    0.855769    0.914773    0.586364    0.600965    0.629630    0.718056    3300        359.183673  0.044654    0.921621    0.325478    3.065072   
/home/s21_yhr/miniconda3/envs/GGA/lib/python3.11/site-packages/torchvision/models/_utils.py:208: UserWarning: The parameter 'pretrained' is deprecated since 0.13 and may be removed in the future, please use 'weights' instead.
  warnings.warn(
/home/s21_yhr/miniconda3/envs/GGA/lib/python3.11/site-packages/torchvision/models/_utils.py:223: UserWarning: Arguments other than a weight enum or `None` for 'weights' are deprecated since 0.13 and may be removed in the future. The current behavior is equivalent to passing `weights=ResNet50_Weights.IMAGENET1K_V1`. You can also use `weights=ResNet50_Weights.DEFAULT` to get the most up-to-date weights.
  warnings.warn(msg)
[36mINFO[0m 08/01 18:05:40 | 0.604545    0.648148    0.000000    0.723722    0.622217    0.765154    2.095930    0.745139    0.630137    0.608527    0.817308    0.921780    0.604545    0.622217    0.648148    0.745139    3400        370.068027  0.046204    0.926268    0.338353    3.065072   
/home/s21_yhr/miniconda3/envs/GGA/lib/python3.11/site-packages/torchvision/models/_utils.py:208: UserWarning: The parameter 'pretrained' is deprecated since 0.13 and may be removed in the future, please use 'weights' instead.
  warnings.warn(
/home/s21_yhr/miniconda3/envs/GGA/lib/python3.11/site-packages/torchvision/models/_utils.py:223: UserWarning: Arguments other than a weight enum or `None` for 'weights' are deprecated since 0.13 and may be removed in the future. The current behavior is equivalent to passing `weights=ResNet50_Weights.IMAGENET1K_V1`. You can also use `weights=ResNet50_Weights.DEFAULT` to get the most up-to-date weights.
  warnings.warn(msg)
[36mINFO[0m 08/01 18:07:12 | 0.613636    0.574074    0.000000    0.721681    0.621751    0.760597    1.488751    0.637500    0.616438    0.649225    0.826923    0.871970    0.613636    0.621751    0.574074    0.637500    3500        380.952381  0.065324    0.918123    0.325844    3.065072   
/home/s21_yhr/miniconda3/envs/GGA/lib/python3.11/site-packages/torchvision/models/_utils.py:208: UserWarning: The parameter 'pretrained' is deprecated since 0.13 and may be removed in the future, please use 'weights' instead.
  warnings.warn(
/home/s21_yhr/miniconda3/envs/GGA/lib/python3.11/site-packages/torchvision/models/_utils.py:223: UserWarning: Arguments other than a weight enum or `None` for 'weights' are deprecated since 0.13 and may be removed in the future. The current behavior is equivalent to passing `weights=ResNet50_Weights.IMAGENET1K_V1`. You can also use `weights=ResNet50_Weights.DEFAULT` to get the most up-to-date weights.
  warnings.warn(msg)
[36mINFO[0m 08/01 18:08:44 | 0.604545    0.629630    0.000000    0.745719    0.608035    0.780962    1.915275    0.669444    0.616438    0.649612    0.875000    0.912311    0.604545    0.608035    0.629630    0.669444    3600        391.836735  0.044489    0.916961    0.326812    3.065072   
/home/s21_yhr/miniconda3/envs/GGA/lib/python3.11/site-packages/torchvision/models/_utils.py:208: UserWarning: The parameter 'pretrained' is deprecated since 0.13 and may be removed in the future, please use 'weights' instead.
  warnings.warn(
/home/s21_yhr/miniconda3/envs/GGA/lib/python3.11/site-packages/torchvision/models/_utils.py:223: UserWarning: Arguments other than a weight enum or `None` for 'weights' are deprecated since 0.13 and may be removed in the future. The current behavior is equivalent to passing `weights=ResNet50_Weights.IMAGENET1K_V1`. You can also use `weights=ResNet50_Weights.DEFAULT` to get the most up-to-date weights.
  warnings.warn(msg)
[36mINFO[0m 08/01 18:10:16 | 0.559091    0.629630    0.000000    0.755927    0.590340    0.785839    1.859145    0.677778    0.684932    0.670543    0.826923    0.901136    0.559091    0.590340    0.629630    0.677778    3700        402.721088  0.052546    0.917489    0.329382    3.065072   
/home/s21_yhr/miniconda3/envs/GGA/lib/python3.11/site-packages/torchvision/models/_utils.py:208: UserWarning: The parameter 'pretrained' is deprecated since 0.13 and may be removed in the future, please use 'weights' instead.
  warnings.warn(
/home/s21_yhr/miniconda3/envs/GGA/lib/python3.11/site-packages/torchvision/models/_utils.py:223: UserWarning: Arguments other than a weight enum or `None` for 'weights' are deprecated since 0.13 and may be removed in the future. The current behavior is equivalent to passing `weights=ResNet50_Weights.IMAGENET1K_V1`. You can also use `weights=ResNet50_Weights.DEFAULT` to get the most up-to-date weights.
  warnings.warn(msg)
[36mINFO[0m 08/01 18:11:48 | 0.563636    0.648148    0.000000    0.728530    0.582762    0.767600    2.411067    0.680556    0.630137    0.648837    0.826923    0.886364    0.563636    0.582762    0.648148    0.680556    3800        413.605442  0.040287    0.917518    0.328645    3.065072   
/home/s21_yhr/miniconda3/envs/GGA/lib/python3.11/site-packages/torchvision/models/_utils.py:208: UserWarning: The parameter 'pretrained' is deprecated since 0.13 and may be removed in the future, please use 'weights' instead.
  warnings.warn(
/home/s21_yhr/miniconda3/envs/GGA/lib/python3.11/site-packages/torchvision/models/_utils.py:223: UserWarning: Arguments other than a weight enum or `None` for 'weights' are deprecated since 0.13 and may be removed in the future. The current behavior is equivalent to passing `weights=ResNet50_Weights.IMAGENET1K_V1`. You can also use `weights=ResNet50_Weights.DEFAULT` to get the most up-to-date weights.
  warnings.warn(msg)
[36mINFO[0m 08/01 18:13:20 | 0.563636    0.629630    0.000000    0.719639    0.599949    0.762923    2.478233    0.633333    0.602740    0.637209    0.836538    0.888636    0.563636    0.599949    0.629630    0.633333    3900        424.489796  0.047058    0.915427    0.323077    3.065072   
/home/s21_yhr/miniconda3/envs/GGA/lib/python3.11/site-packages/torchvision/models/_utils.py:208: UserWarning: The parameter 'pretrained' is deprecated since 0.13 and may be removed in the future, please use 'weights' instead.
  warnings.warn(
/home/s21_yhr/miniconda3/envs/GGA/lib/python3.11/site-packages/torchvision/models/_utils.py:223: UserWarning: Arguments other than a weight enum or `None` for 'weights' are deprecated since 0.13 and may be removed in the future. The current behavior is equivalent to passing `weights=ResNet50_Weights.IMAGENET1K_V1`. You can also use `weights=ResNet50_Weights.DEFAULT` to get the most up-to-date weights.
  warnings.warn(msg)
[36mINFO[0m 08/01 18:14:52 | 0.568182    0.648148    0.000000    0.709299    0.589197    0.775861    2.150661    0.706944    0.630137    0.667442    0.788462    0.884280    0.568182    0.589197    0.648148    0.706944    4000        435.374150  0.045717    0.919174    0.330585    3.065072   
/home/s21_yhr/miniconda3/envs/GGA/lib/python3.11/site-packages/torchvision/models/_utils.py:208: UserWarning: The parameter 'pretrained' is deprecated since 0.13 and may be removed in the future, please use 'weights' instead.
  warnings.warn(
/home/s21_yhr/miniconda3/envs/GGA/lib/python3.11/site-packages/torchvision/models/_utils.py:223: UserWarning: Arguments other than a weight enum or `None` for 'weights' are deprecated since 0.13 and may be removed in the future. The current behavior is equivalent to passing `weights=ResNet50_Weights.IMAGENET1K_V1`. You can also use `weights=ResNet50_Weights.DEFAULT` to get the most up-to-date weights.
  warnings.warn(msg)
[36mINFO[0m 08/01 18:16:25 | 0.554545    0.555556    0.000000    0.702450    0.601177    0.784677    2.730745    0.657639    0.616438    0.684884    0.788462    0.884470    0.554545    0.601177    0.555556    0.657639    4100        446.258503  0.040221    0.922485    0.328241    3.065072   
/home/s21_yhr/miniconda3/envs/GGA/lib/python3.11/site-packages/torchvision/models/_utils.py:208: UserWarning: The parameter 'pretrained' is deprecated since 0.13 and may be removed in the future, please use 'weights' instead.
  warnings.warn(
/home/s21_yhr/miniconda3/envs/GGA/lib/python3.11/site-packages/torchvision/models/_utils.py:223: UserWarning: Arguments other than a weight enum or `None` for 'weights' are deprecated since 0.13 and may be removed in the future. The current behavior is equivalent to passing `weights=ResNet50_Weights.IMAGENET1K_V1`. You can also use `weights=ResNet50_Weights.DEFAULT` to get the most up-to-date weights.
  warnings.warn(msg)
[36mINFO[0m 08/01 18:17:57 | 0.568182    0.555556    0.000000    0.693559    0.598933    0.746225    1.582221    0.638889    0.589041    0.617829    0.798077    0.874621    0.568182    0.598933    0.555556    0.638889    4200        457.142857  0.045150    0.920380    0.333883    3.065072   
/home/s21_yhr/miniconda3/envs/GGA/lib/python3.11/site-packages/torchvision/models/_utils.py:208: UserWarning: The parameter 'pretrained' is deprecated since 0.13 and may be removed in the future, please use 'weights' instead.
  warnings.warn(
/home/s21_yhr/miniconda3/envs/GGA/lib/python3.11/site-packages/torchvision/models/_utils.py:223: UserWarning: Arguments other than a weight enum or `None` for 'weights' are deprecated since 0.13 and may be removed in the future. The current behavior is equivalent to passing `weights=ResNet50_Weights.IMAGENET1K_V1`. You can also use `weights=ResNet50_Weights.DEFAULT` to get the most up-to-date weights.
  warnings.warn(msg)
[36mINFO[0m 08/01 18:19:29 | 0.586364    0.666667    0.000000    0.744995    0.604818    0.785932    2.451914    0.693056    0.643836    0.662016    0.846154    0.909848    0.586364    0.604818    0.666667    0.693056    4300        468.027211  0.037304    0.917547    0.327930    3.065072   
/home/s21_yhr/miniconda3/envs/GGA/lib/python3.11/site-packages/torchvision/models/_utils.py:208: UserWarning: The parameter 'pretrained' is deprecated since 0.13 and may be removed in the future, please use 'weights' instead.
  warnings.warn(
/home/s21_yhr/miniconda3/envs/GGA/lib/python3.11/site-packages/torchvision/models/_utils.py:223: UserWarning: Arguments other than a weight enum or `None` for 'weights' are deprecated since 0.13 and may be removed in the future. The current behavior is equivalent to passing `weights=ResNet50_Weights.IMAGENET1K_V1`. You can also use `weights=ResNet50_Weights.DEFAULT` to get the most up-to-date weights.
  warnings.warn(msg)
[36mINFO[0m 08/01 18:21:02 | 0.568182    0.648148    0.000000    0.745719    0.595420    0.787271    2.392271    0.687500    0.616438    0.646512    0.875000    0.928030    0.568182    0.595420    0.648148    0.687500    4400        478.911565  0.039585    0.918878    0.327401    3.065072   
/home/s21_yhr/miniconda3/envs/GGA/lib/python3.11/site-packages/torchvision/models/_utils.py:208: UserWarning: The parameter 'pretrained' is deprecated since 0.13 and may be removed in the future, please use 'weights' instead.
  warnings.warn(
/home/s21_yhr/miniconda3/envs/GGA/lib/python3.11/site-packages/torchvision/models/_utils.py:223: UserWarning: Arguments other than a weight enum or `None` for 'weights' are deprecated since 0.13 and may be removed in the future. The current behavior is equivalent to passing `weights=ResNet50_Weights.IMAGENET1K_V1`. You can also use `weights=ResNet50_Weights.DEFAULT` to get the most up-to-date weights.
  warnings.warn(msg)
[36mINFO[0m 08/01 18:22:34 | 0.563636    0.629630    0.000000    0.714831    0.591779    0.793865    2.110369    0.680556    0.602740    0.676744    0.826923    0.910985    0.563636    0.591779    0.629630    0.680556    4500        489.795918  0.046869    0.923126    0.326372    3.065072   
/home/s21_yhr/miniconda3/envs/GGA/lib/python3.11/site-packages/torchvision/models/_utils.py:208: UserWarning: The parameter 'pretrained' is deprecated since 0.13 and may be removed in the future, please use 'weights' instead.
  warnings.warn(
/home/s21_yhr/miniconda3/envs/GGA/lib/python3.11/site-packages/torchvision/models/_utils.py:223: UserWarning: Arguments other than a weight enum or `None` for 'weights' are deprecated since 0.13 and may be removed in the future. The current behavior is equivalent to passing `weights=ResNet50_Weights.IMAGENET1K_V1`. You can also use `weights=ResNet50_Weights.DEFAULT` to get the most up-to-date weights.
  warnings.warn(msg)
[36mINFO[0m 08/01 18:24:06 | 0.563636    0.629630    0.000000    0.700408    0.591059    0.764680    1.939835    0.672222    0.602740    0.641860    0.798077    0.887500    0.563636    0.591059    0.629630    0.672222    4600        500.680272  0.038551    0.917334    0.332450    3.065072   
/home/s21_yhr/miniconda3/envs/GGA/lib/python3.11/site-packages/torchvision/models/_utils.py:208: UserWarning: The parameter 'pretrained' is deprecated since 0.13 and may be removed in the future, please use 'weights' instead.
  warnings.warn(
/home/s21_yhr/miniconda3/envs/GGA/lib/python3.11/site-packages/torchvision/models/_utils.py:223: UserWarning: Arguments other than a weight enum or `None` for 'weights' are deprecated since 0.13 and may be removed in the future. The current behavior is equivalent to passing `weights=ResNet50_Weights.IMAGENET1K_V1`. You can also use `weights=ResNet50_Weights.DEFAULT` to get the most up-to-date weights.
  warnings.warn(msg)
[36mINFO[0m 08/01 18:25:38 | 0.572727    0.611111    0.000000    0.715556    0.569681    0.771373    2.468217    0.683333    0.575342    0.655814    0.855769    0.886932    0.572727    0.569681    0.611111    0.683333    4700        511.564626  0.039703    0.916351    0.321219    3.065072   
/home/s21_yhr/miniconda3/envs/GGA/lib/python3.11/site-packages/torchvision/models/_utils.py:208: UserWarning: The parameter 'pretrained' is deprecated since 0.13 and may be removed in the future, please use 'weights' instead.
  warnings.warn(
/home/s21_yhr/miniconda3/envs/GGA/lib/python3.11/site-packages/torchvision/models/_utils.py:223: UserWarning: Arguments other than a weight enum or `None` for 'weights' are deprecated since 0.13 and may be removed in the future. The current behavior is equivalent to passing `weights=ResNet50_Weights.IMAGENET1K_V1`. You can also use `weights=ResNet50_Weights.DEFAULT` to get the most up-to-date weights.
  warnings.warn(msg)
[36mINFO[0m 08/01 18:27:11 | 0.559091    0.666667    0.000000    0.710748    0.589197    0.768221    1.889065    0.687500    0.575342    0.653488    0.846154    0.882955    0.559091    0.589197    0.666667    0.687500    4800        522.448980  0.047090    0.918704    0.326503    3.065072   
/home/s21_yhr/miniconda3/envs/GGA/lib/python3.11/site-packages/torchvision/models/_utils.py:208: UserWarning: The parameter 'pretrained' is deprecated since 0.13 and may be removed in the future, please use 'weights' instead.
  warnings.warn(
/home/s21_yhr/miniconda3/envs/GGA/lib/python3.11/site-packages/torchvision/models/_utils.py:223: UserWarning: Arguments other than a weight enum or `None` for 'weights' are deprecated since 0.13 and may be removed in the future. The current behavior is equivalent to passing `weights=ResNet50_Weights.IMAGENET1K_V1`. You can also use `weights=ResNet50_Weights.DEFAULT` to get the most up-to-date weights.
  warnings.warn(msg)
[36mINFO[0m 08/01 18:28:43 | 0.568182    0.611111    0.000000    0.728530    0.588223    0.762249    1.658203    0.700000    0.630137    0.627907    0.826923    0.896591    0.568182    0.588223    0.611111    0.700000    4900        533.333333  0.033702    0.925250    0.325377    3.065072   
/home/s21_yhr/miniconda3/envs/GGA/lib/python3.11/site-packages/torchvision/models/_utils.py:208: UserWarning: The parameter 'pretrained' is deprecated since 0.13 and may be removed in the future, please use 'weights' instead.
  warnings.warn(
/home/s21_yhr/miniconda3/envs/GGA/lib/python3.11/site-packages/torchvision/models/_utils.py:223: UserWarning: Arguments other than a weight enum or `None` for 'weights' are deprecated since 0.13 and may be removed in the future. The current behavior is equivalent to passing `weights=ResNet50_Weights.IMAGENET1K_V1`. You can also use `weights=ResNet50_Weights.DEFAULT` to get the most up-to-date weights.
  warnings.warn(msg)
[36mINFO[0m 08/01 18:30:16 | 0.595455    0.666667    0.000000    0.710748    0.587419    0.766887    1.862073    0.759722    0.575342    0.619380    0.846154    0.914394    0.595455    0.587419    0.666667    0.759722    5000        544.217687  0.035184    0.918936    0.339486    3.065072   
[36mINFO[0m 08/01 18:30:16 | ---
[36mINFO[0m 08/01 18:30:16 | oracle = 55.000%
[36mINFO[0m 08/01 18:30:16 | iid = 55.000%
[36mINFO[0m 08/01 18:30:16 | last = 59.545%
[36mINFO[0m 08/01 18:30:16 | last (inD) = 71.075%
[36mINFO[0m 08/01 18:30:16 | iid (inD) = 78.958%
[36mINFO[0m 08/01 18:30:17 | === Summary ===
[36mINFO[0m 08/01 18:30:17 | Command: /home/s21_yhr/lzh/DomainBed-new/train_all.py HTP_Fish_seed0 --dataset HTP --data_dir /home/s21_yhr/lzh/DomainBed-new/dataset --algorithm Fish --steps 5000 --checkpoint_freq 100 --batch_size 32 --optimizer adam --lr 5e-5 --weight_decay 0 --resnet_dropout 0 --resnet18 False --pretrained True --freeze_bn True --swad False --seed 0 --trial_seed 0 --deterministic --prebuild_loader --cache_size 640 --meta_lr 0.5
[36mINFO[0m 08/01 18:30:17 | Unique name: 260801_14-10-31_HTP_Fish_seed0
[36mINFO[0m 08/01 18:30:17 | Out path: train_output/HTP/260801_14-10-31_HTP_Fish_seed0
[36mINFO[0m 08/01 18:30:17 | Algorithm: Fish
[36mINFO[0m 08/01 18:30:17 | Dataset: HTP
+------------+---------+---------+---------+---------+
| Selection  |    00   |    01   |    02   |   Avg.  |
+------------+---------+---------+---------+---------+
|   oracle   | 55.442% | 61.098% | 55.000% | 57.180% |
|    iid     | 56.122% | 46.062% | 55.000% | 52.395% |
|    last    | 55.782% | 48.926% | 59.545% | 54.751% |
| last (inD) | 68.162% | 59.285% | 71.075% | 66.174% |
| iid (inD)  | 75.605% | 61.377% | 78.958% | 71.980% |
+------------+---------+---------+---------+---------+
================================================================================
Starting Fish, seed=1, physical GPU=2
/home/s21_yhr/miniconda3/envs/GGA/bin/python /home/s21_yhr/lzh/DomainBed-new/train_all.py HTP_Fish_seed1 --dataset HTP --data_dir /home/s21_yhr/lzh/DomainBed-new/dataset --algorithm Fish --steps 5000 --checkpoint_freq 100 --batch_size 32 --optimizer adam --lr 5e-5 --weight_decay 0 --resnet_dropout 0 --resnet18 False --pretrained True --freeze_bn True --swad False --seed 1 --trial_seed 1 --deterministic --prebuild_loader --cache_size 640 --meta_lr 0.5
================================================================================
[36mINFO[0m 08/01 18:30:22 | Command :: /home/s21_yhr/lzh/DomainBed-new/train_all.py HTP_Fish_seed1 --dataset HTP --data_dir /home/s21_yhr/lzh/DomainBed-new/dataset --algorithm Fish --steps 5000 --checkpoint_freq 100 --batch_size 32 --optimizer adam --lr 5e-5 --weight_decay 0 --resnet_dropout 0 --resnet18 False --pretrained True --freeze_bn True --swad False --seed 1 --trial_seed 1 --deterministic --prebuild_loader --cache_size 640 --meta_lr 0.5
Environment:
	Python: 3.11.15
	PyTorch: 2.11.0+cu128
	Torchvision: 0.26.0+cu128
	CUDA: 12.8
	CUDNN: 91900
	NumPy: 1.26.4
	PIL: 12.2.0
Args:
	algorithm: Fish
	batch_size: 32
	cache_root: cache
	cache_size: 640
	checkpoint_freq: 100
	configs: []
	data_dir: /home/s21_yhr/lzh/DomainBed-new/dataset
	dataset: HTP
	debug: False
	deterministic: True
	end_step: 200
	evalmode: fast
	extra_search: n
	extra_search_end: None
	extra_search_start: None
	gga_l_gamma: 0.001
	grad_fn: sum
	holdout_fraction: 0.2
	model_save: None
	name: HTP_Fish_seed1
	neighborhoodSize: 1e-06
	out_dir: train_output/HTP/260801_18-30-22_HTP_Fish_seed1
	out_root: train_output/HTP
	prebuild_loader: True
	seed: 1
	show: False
	start_step: 100
	steps: 5000
	tb_freq: 10
	test_envs: None
	train_output: train_output
	trial_seed: 1
	unique_name: 260801_18-30-22_HTP_Fish_seed1
	work_dir: .
HParams:
	data_augmentation: True
	val_augment: False
	[36mresnet18: False
	[0m[36mresnet_dropout: 0
	[0mclass_balanced: False
	[36moptimizer: adam
	[0m[36mfreeze_bn: True
	[0m[36mpretrained: True
	[0m[36mlr: 5e-05
	[0mbatch_size: 32
	[36mweight_decay: 0
	[0m[36mmeta_lr: 0.5
	[0m[36mswad: False
	[0mswad_kwargs: 
	  n_converge: 3
	  n_tolerance: 6
	  tolerance_ratio: 0.3
	test_batchsize: 128
	indomain_test: False
	grad_fn: sum
	extra_search: n
	logdir: train_output/HTP/260801_18-30-22_HTP_Fish_seed1
	neighborhoodSize: 1e-06
	start_step: 100
	end_step: 200
	extra_search_start: None
	extra_search_end: None
	gga_l_gamma: 0.001
Dataset:
	[HTP] #envs=3, #classes=2
	env0: 00 (#367)
	env1: 01 (#523)
	env2: 02 (#274)

[36mINFO[0m 08/01 18:30:22 | n_steps = 5000
[36mINFO[0m 08/01 18:30:22 | checkpoint_freq = 100
[36mINFO[0m 08/01 18:30:22 | n_steps is updated to 5000 => 5001 for checkpointing
[36mINFO[0m 08/01 18:30:22 | Target test envs = [[0], [1], [2]]
[36mINFO[0m 08/01 18:30:22 | 
[36mINFO[0m 08/01 18:30:22 | Testenv name escaping te_00 -> te_00
[36mINFO[0m 08/01 18:30:22 | Test envs = [0], name = te_00
[36mINFO[0m 08/01 18:30:22 | Batch sizes for each domain: [0, 32, 32] (total=64)
[36mINFO[0m 08/01 18:30:22 | steps-per-epoch for each domain: 13.09, 6.88 -> min = 6.88
/home/s21_yhr/miniconda3/envs/GGA/lib/python3.11/site-packages/torchvision/models/_utils.py:208: UserWarning: The parameter 'pretrained' is deprecated since 0.13 and may be removed in the future, please use 'weights' instead.
  warnings.warn(
/home/s21_yhr/miniconda3/envs/GGA/lib/python3.11/site-packages/torchvision/models/_utils.py:223: UserWarning: Arguments other than a weight enum or `None` for 'weights' are deprecated since 0.13 and may be removed in the future. The current behavior is equivalent to passing `weights=ResNet50_Weights.IMAGENET1K_V1`. You can also use `weights=ResNet50_Weights.DEFAULT` to get the most up-to-date weights.
  warnings.warn(msg)
[36mINFO[0m 08/01 18:30:24 | # of params = 23512130
[36mINFO[0m 08/01 18:30:27 | test_in     test_out    train_in    train_out   test_in_au  test_out_a  train_out_  tr_outloss  env0_in     env0_in_au  env0_out    env0_out_a  env1_out    env1_out_a  env2_out    env2_out_a  step        epoch       loss        step_time   eval_time   mem_gb     
[36mINFO[0m 08/01 18:30:27 | 0.517007    0.479452    0.000000    0.610221    0.521609    0.463636    0.688436    0.661928    0.517007    0.521609    0.479452    0.463636    0.701923    0.761834    0.518519    0.615038    0           0.000000    0.688499    1.618229    0.602616    3.062448   
/home/s21_yhr/miniconda3/envs/GGA/lib/python3.11/site-packages/torchvision/models/_utils.py:208: UserWarning: The parameter 'pretrained' is deprecated since 0.13 and may be removed in the future, please use 'weights' instead.
  warnings.warn(
/home/s21_yhr/miniconda3/envs/GGA/lib/python3.11/site-packages/torchvision/models/_utils.py:223: UserWarning: Arguments other than a weight enum or `None` for 'weights' are deprecated since 0.13 and may be removed in the future. The current behavior is equivalent to passing `weights=ResNet50_Weights.IMAGENET1K_V1`. You can also use `weights=ResNet50_Weights.DEFAULT` to get the most up-to-date weights.
  warnings.warn(msg)
[36mINFO[0m 08/01 18:31:58 | 0.557823    0.465753    0.000000    0.747507    0.557790    0.465152    0.796791    0.658552    0.557823    0.557790    0.465753    0.465152    0.865385    0.933432    0.629630    0.660150    100         14.545455   0.503202    0.910780    0.387177    3.068185   
/home/s21_yhr/miniconda3/envs/GGA/lib/python3.11/site-packages/torchvision/models/_utils.py:208: UserWarning: The parameter 'pretrained' is deprecated since 0.13 and may be removed in the future, please use 'weights' instead.
  warnings.warn(
/home/s21_yhr/miniconda3/envs/GGA/lib/python3.11/site-packages/torchvision/models/_utils.py:223: UserWarning: Arguments other than a weight enum or `None` for 'weights' are deprecated since 0.13 and may be removed in the future. The current behavior is equivalent to passing `weights=ResNet50_Weights.IMAGENET1K_V1`. You can also use `weights=ResNet50_Weights.DEFAULT` to get the most up-to-date weights.
  warnings.warn(msg)
[36mINFO[0m 08/01 18:33:30 | 0.534014    0.506849    0.000000    0.666845    0.548662    0.440909    0.769181    1.315014    0.534014    0.548662    0.506849    0.440909    0.759615    0.930843    0.574074    0.607519    200         29.090909   0.261882    0.919099    0.392310    3.068185   
/home/s21_yhr/miniconda3/envs/GGA/lib/python3.11/site-packages/torchvision/models/_utils.py:208: UserWarning: The parameter 'pretrained' is deprecated since 0.13 and may be removed in the future, please use 'weights' instead.
  warnings.warn(
/home/s21_yhr/miniconda3/envs/GGA/lib/python3.11/site-packages/torchvision/models/_utils.py:223: UserWarning: Arguments other than a weight enum or `None` for 'weights' are deprecated since 0.13 and may be removed in the future. The current behavior is equivalent to passing `weights=ResNet50_Weights.IMAGENET1K_V1`. You can also use `weights=ResNet50_Weights.DEFAULT` to get the most up-to-date weights.
  warnings.warn(msg)
[36mINFO[0m 08/01 18:35:02 | 0.547619    0.575342    0.000000    0.689815    0.537726    0.509091    0.783491    1.401533    0.547619    0.537726    0.575342    0.509091    0.750000    0.927885    0.629630    0.639098    300         43.636364   0.156952    0.912961    0.388421    3.068185   
/home/s21_yhr/miniconda3/envs/GGA/lib/python3.11/site-packages/torchvision/models/_utils.py:208: UserWarning: The parameter 'pretrained' is deprecated since 0.13 and may be removed in the future, please use 'weights' instead.
  warnings.warn(
/home/s21_yhr/miniconda3/envs/GGA/lib/python3.11/site-packages/torchvision/models/_utils.py:223: UserWarning: Arguments other than a weight enum or `None` for 'weights' are deprecated since 0.13 and may be removed in the future. The current behavior is equivalent to passing `weights=ResNet50_Weights.IMAGENET1K_V1`. You can also use `weights=ResNet50_Weights.DEFAULT` to get the most up-to-date weights.
  warnings.warn(msg)
[36mINFO[0m 08/01 18:36:34 | 0.537415    0.547945    0.000000    0.633903    0.529739    0.538636    0.789222    1.423349    0.537415    0.529739    0.547945    0.538636    0.730769    0.916790    0.537037    0.661654    400         58.181818   0.159590    0.910388    0.396968    3.068795   
/home/s21_yhr/miniconda3/envs/GGA/lib/python3.11/site-packages/torchvision/models/_utils.py:208: UserWarning: The parameter 'pretrained' is deprecated since 0.13 and may be removed in the future, please use 'weights' instead.
  warnings.warn(
/home/s21_yhr/miniconda3/envs/GGA/lib/python3.11/site-packages/torchvision/models/_utils.py:223: UserWarning: Arguments other than a weight enum or `None` for 'weights' are deprecated since 0.13 and may be removed in the future. The current behavior is equivalent to passing `weights=ResNet50_Weights.IMAGENET1K_V1`. You can also use `weights=ResNet50_Weights.DEFAULT` to get the most up-to-date weights.
  warnings.warn(msg)
[36mINFO[0m 08/01 18:38:05 | 0.527211    0.547945    0.000000    0.666489    0.523939    0.491667    0.797480    1.733008    0.527211    0.523939    0.547945    0.491667    0.740385    0.918269    0.592593    0.676692    500         72.727273   0.131126    0.912065    0.387039    3.068795   
/home/s21_yhr/miniconda3/envs/GGA/lib/python3.11/site-packages/torchvision/models/_utils.py:208: UserWarning: The parameter 'pretrained' is deprecated since 0.13 and may be removed in the future, please use 'weights' instead.
  warnings.warn(
/home/s21_yhr/miniconda3/envs/GGA/lib/python3.11/site-packages/torchvision/models/_utils.py:223: UserWarning: Arguments other than a weight enum or `None` for 'weights' are deprecated since 0.13 and may be removed in the future. The current behavior is equivalent to passing `weights=ResNet50_Weights.IMAGENET1K_V1`. You can also use `weights=ResNet50_Weights.DEFAULT` to get the most up-to-date weights.
  warnings.warn(msg)
[36mINFO[0m 08/01 18:39:36 | 0.537415    0.534247    0.000000    0.676104    0.542433    0.498485    0.777070    1.826555    0.537415    0.542433    0.534247    0.498485    0.759615    0.931583    0.592593    0.622556    600         87.272727   0.106100    0.907278    0.410587    3.068795   
/home/s21_yhr/miniconda3/envs/GGA/lib/python3.11/site-packages/torchvision/models/_utils.py:208: UserWarning: The parameter 'pretrained' is deprecated since 0.13 and may be removed in the future, please use 'weights' instead.
  warnings.warn(
/home/s21_yhr/miniconda3/envs/GGA/lib/python3.11/site-packages/torchvision/models/_utils.py:223: UserWarning: Arguments other than a weight enum or `None` for 'weights' are deprecated since 0.13 and may be removed in the future. The current behavior is equivalent to passing `weights=ResNet50_Weights.IMAGENET1K_V1`. You can also use `weights=ResNet50_Weights.DEFAULT` to get the most up-to-date weights.
  warnings.warn(msg)
[36mINFO[0m 08/01 18:41:11 | 0.506803    0.479452    0.000000    0.741275    0.534684    0.514394    0.843198    0.864145    0.506803    0.534684    0.479452    0.514394    0.778846    0.936021    0.703704    0.750376    700         101.818182  0.105793    0.940458    0.385923    3.068795   
/home/s21_yhr/miniconda3/envs/GGA/lib/python3.11/site-packages/torchvision/models/_utils.py:208: UserWarning: The parameter 'pretrained' is deprecated since 0.13 and may be removed in the future, please use 'weights' instead.
  warnings.warn(
/home/s21_yhr/miniconda3/envs/GGA/lib/python3.11/site-packages/torchvision/models/_utils.py:223: UserWarning: Arguments other than a weight enum or `None` for 'weights' are deprecated since 0.13 and may be removed in the future. The current behavior is equivalent to passing `weights=ResNet50_Weights.IMAGENET1K_V1`. You can also use `weights=ResNet50_Weights.DEFAULT` to get the most up-to-date weights.
  warnings.warn(msg)
[36mINFO[0m 08/01 18:42:44 | 0.547619    0.547945    0.000000    0.722756    0.526363    0.538636    0.823760    1.260482    0.547619    0.526363    0.547945    0.538636    0.778846    0.922707    0.666667    0.724812    800         116.363636  0.102396    0.926967    0.384367    3.068978   
/home/s21_yhr/miniconda3/envs/GGA/lib/python3.11/site-packages/torchvision/models/_utils.py:208: UserWarning: The parameter 'pretrained' is deprecated since 0.13 and may be removed in the future, please use 'weights' instead.
  warnings.warn(
/home/s21_yhr/miniconda3/envs/GGA/lib/python3.11/site-packages/torchvision/models/_utils.py:223: UserWarning: Arguments other than a weight enum or `None` for 'weights' are deprecated since 0.13 and may be removed in the future. The current behavior is equivalent to passing `weights=ResNet50_Weights.IMAGENET1K_V1`. You can also use `weights=ResNet50_Weights.DEFAULT` to get the most up-to-date weights.
  warnings.warn(msg)
[36mINFO[0m 08/01 18:44:17 | 0.534014    0.616438    0.000000    0.695335    0.551514    0.571970    0.812741    1.781890    0.534014    0.551514    0.616438    0.571970    0.798077    0.936760    0.592593    0.688722    900         130.909091  0.106602    0.922738    0.409283    3.069100   
/home/s21_yhr/miniconda3/envs/GGA/lib/python3.11/site-packages/torchvision/models/_utils.py:208: UserWarning: The parameter 'pretrained' is deprecated since 0.13 and may be removed in the future, please use 'weights' instead.
  warnings.warn(
/home/s21_yhr/miniconda3/envs/GGA/lib/python3.11/site-packages/torchvision/models/_utils.py:223: UserWarning: Arguments other than a weight enum or `None` for 'weights' are deprecated since 0.13 and may be removed in the future. The current behavior is equivalent to passing `weights=ResNet50_Weights.IMAGENET1K_V1`. You can also use `weights=ResNet50_Weights.DEFAULT` to get the most up-to-date weights.
  warnings.warn(msg)
[36mINFO[0m 08/01 18:45:49 | 0.527211    0.561644    0.000000    0.708333    0.537441    0.513636    0.798147    1.150323    0.527211    0.537441    0.561644    0.513636    0.750000    0.928624    0.666667    0.667669    1000        145.454545  0.102554    0.923838    0.390244    3.069100   
/home/s21_yhr/miniconda3/envs/GGA/lib/python3.11/site-packages/torchvision/models/_utils.py:208: UserWarning: The parameter 'pretrained' is deprecated since 0.13 and may be removed in the future, please use 'weights' instead.
  warnings.warn(
/home/s21_yhr/miniconda3/envs/GGA/lib/python3.11/site-packages/torchvision/models/_utils.py:223: UserWarning: Arguments other than a weight enum or `None` for 'weights' are deprecated since 0.13 and may be removed in the future. The current behavior is equivalent to passing `weights=ResNet50_Weights.IMAGENET1K_V1`. You can also use `weights=ResNet50_Weights.DEFAULT` to get the most up-to-date weights.
  warnings.warn(msg)
[36mINFO[0m 08/01 18:47:22 | 0.506803    0.561644    0.000000    0.724181    0.540579    0.571212    0.798934    1.243868    0.506803    0.540579    0.561644    0.571212    0.855769    0.901627    0.592593    0.696241    1100        160.000000  0.077179    0.926233    0.388544    3.069100   
/home/s21_yhr/miniconda3/envs/GGA/lib/python3.11/site-packages/torchvision/models/_utils.py:208: UserWarning: The parameter 'pretrained' is deprecated since 0.13 and may be removed in the future, please use 'weights' instead.
  warnings.warn(
/home/s21_yhr/miniconda3/envs/GGA/lib/python3.11/site-packages/torchvision/models/_utils.py:223: UserWarning: Arguments other than a weight enum or `None` for 'weights' are deprecated since 0.13 and may be removed in the future. The current behavior is equivalent to passing `weights=ResNet50_Weights.IMAGENET1K_V1`. You can also use `weights=ResNet50_Weights.DEFAULT` to get the most up-to-date weights.
  warnings.warn(msg)
[36mINFO[0m 08/01 18:48:55 | 0.530612    0.465753    0.000000    0.732728    0.552893    0.537879    0.785289    1.374414    0.530612    0.552893    0.465753    0.537879    0.817308    0.892382    0.648148    0.678195    1200        174.545455  0.098354    0.924704    0.389826    3.069100   
/home/s21_yhr/miniconda3/envs/GGA/lib/python3.11/site-packages/torchvision/models/_utils.py:208: UserWarning: The parameter 'pretrained' is deprecated since 0.13 and may be removed in the future, please use 'weights' instead.
  warnings.warn(
/home/s21_yhr/miniconda3/envs/GGA/lib/python3.11/site-packages/torchvision/models/_utils.py:223: UserWarning: Arguments other than a weight enum or `None` for 'weights' are deprecated since 0.13 and may be removed in the future. The current behavior is equivalent to passing `weights=ResNet50_Weights.IMAGENET1K_V1`. You can also use `weights=ResNet50_Weights.DEFAULT` to get the most up-to-date weights.
  warnings.warn(msg)
[36mINFO[0m 08/01 18:50:28 | 0.517007    0.506849    0.000000    0.676460    0.533257    0.513636    0.787509    1.828540    0.517007    0.533257    0.506849    0.513636    0.778846    0.919379    0.574074    0.655639    1300        189.090909  0.093428    0.924254    0.400950    3.069100   
/home/s21_yhr/miniconda3/envs/GGA/lib/python3.11/site-packages/torchvision/models/_utils.py:208: UserWarning: The parameter 'pretrained' is deprecated since 0.13 and may be removed in the future, please use 'weights' instead.
  warnings.warn(
/home/s21_yhr/miniconda3/envs/GGA/lib/python3.11/site-packages/torchvision/models/_utils.py:223: UserWarning: Arguments other than a weight enum or `None` for 'weights' are deprecated since 0.13 and may be removed in the future. The current behavior is equivalent to passing `weights=ResNet50_Weights.IMAGENET1K_V1`. You can also use `weights=ResNet50_Weights.DEFAULT` to get the most up-to-date weights.
  warnings.warn(msg)
[36mINFO[0m 08/01 18:52:01 | 0.520408    0.534247    0.000000    0.675748    0.545334    0.543939    0.793894    1.667404    0.520408    0.545334    0.534247    0.543939    0.740385    0.920118    0.611111    0.667669    1400        203.636364  0.077005    0.927644    0.391890    3.070809   
/home/s21_yhr/miniconda3/envs/GGA/lib/python3.11/site-packages/torchvision/models/_utils.py:208: UserWarning: The parameter 'pretrained' is deprecated since 0.13 and may be removed in the future, please use 'weights' instead.
  warnings.warn(
/home/s21_yhr/miniconda3/envs/GGA/lib/python3.11/site-packages/torchvision/models/_utils.py:223: UserWarning: Arguments other than a weight enum or `None` for 'weights' are deprecated since 0.13 and may be removed in the future. The current behavior is equivalent to passing `weights=ResNet50_Weights.IMAGENET1K_V1`. You can also use `weights=ResNet50_Weights.DEFAULT` to get the most up-to-date weights.
  warnings.warn(msg)
[36mINFO[0m 08/01 18:53:33 | 0.520408    0.479452    0.000000    0.709402    0.533828    0.498485    0.786930    1.910271    0.520408    0.533828    0.479452    0.498485    0.807692    0.921228    0.611111    0.652632    1500        218.181818  0.076170    0.914118    0.406889    3.070809   
/home/s21_yhr/miniconda3/envs/GGA/lib/python3.11/site-packages/torchvision/models/_utils.py:208: UserWarning: The parameter 'pretrained' is deprecated since 0.13 and may be removed in the future, please use 'weights' instead.
  warnings.warn(
/home/s21_yhr/miniconda3/envs/GGA/lib/python3.11/site-packages/torchvision/models/_utils.py:223: UserWarning: Arguments other than a weight enum or `None` for 'weights' are deprecated since 0.13 and may be removed in the future. The current behavior is equivalent to passing `weights=ResNet50_Weights.IMAGENET1K_V1`. You can also use `weights=ResNet50_Weights.DEFAULT` to get the most up-to-date weights.
  warnings.warn(msg)
[36mINFO[0m 08/01 18:55:06 | 0.520408    0.589041    0.000000    0.689815    0.536728    0.554545    0.795780    1.496711    0.520408    0.536728    0.589041    0.554545    0.750000    0.919379    0.629630    0.672180    1600        232.727273  0.082920    0.921300    0.392879    3.070809   
/home/s21_yhr/miniconda3/envs/GGA/lib/python3.11/site-packages/torchvision/models/_utils.py:208: UserWarning: The parameter 'pretrained' is deprecated since 0.13 and may be removed in the future, please use 'weights' instead.
  warnings.warn(
/home/s21_yhr/miniconda3/envs/GGA/lib/python3.11/site-packages/torchvision/models/_utils.py:223: UserWarning: Arguments other than a weight enum or `None` for 'weights' are deprecated since 0.13 and may be removed in the future. The current behavior is equivalent to passing `weights=ResNet50_Weights.IMAGENET1K_V1`. You can also use `weights=ResNet50_Weights.DEFAULT` to get the most up-to-date weights.
  warnings.warn(msg)
[36mINFO[0m 08/01 18:56:37 | 0.551020    0.534247    0.000000    0.726852    0.539105    0.540152    0.830083    1.154689    0.551020    0.539105    0.534247    0.540152    0.750000    0.930843    0.703704    0.729323    1700        247.272727  0.075382    0.913743    0.397235    3.070809   
/home/s21_yhr/miniconda3/envs/GGA/lib/python3.11/site-packages/torchvision/models/_utils.py:208: UserWarning: The parameter 'pretrained' is deprecated since 0.13 and may be removed in the future, please use 'weights' instead.
  warnings.warn(
/home/s21_yhr/miniconda3/envs/GGA/lib/python3.11/site-packages/torchvision/models/_utils.py:223: UserWarning: Arguments other than a weight enum or `None` for 'weights' are deprecated since 0.13 and may be removed in the future. The current behavior is equivalent to passing `weights=ResNet50_Weights.IMAGENET1K_V1`. You can also use `weights=ResNet50_Weights.DEFAULT` to get the most up-to-date weights.
  warnings.warn(msg)
[36mINFO[0m 08/01 18:58:09 | 0.561224    0.506849    0.000000    0.690527    0.542528    0.512121    0.774949    1.895311    0.561224    0.542528    0.506849    0.512121    0.788462    0.915311    0.592593    0.634586    1800        261.818182  0.060581    0.911452    0.380178    3.070809   
/home/s21_yhr/miniconda3/envs/GGA/lib/python3.11/site-packages/torchvision/models/_utils.py:208: UserWarning: The parameter 'pretrained' is deprecated since 0.13 and may be removed in the future, please use 'weights' instead.
  warnings.warn(
/home/s21_yhr/miniconda3/envs/GGA/lib/python3.11/site-packages/torchvision/models/_utils.py:223: UserWarning: Arguments other than a weight enum or `None` for 'weights' are deprecated since 0.13 and may be removed in the future. The current behavior is equivalent to passing `weights=ResNet50_Weights.IMAGENET1K_V1`. You can also use `weights=ResNet50_Weights.DEFAULT` to get the most up-to-date weights.
  warnings.warn(msg)
[36mINFO[0m 08/01 18:59:41 | 0.554422    0.561644    0.000000    0.661325    0.522916    0.487121    0.777715    3.092391    0.554422    0.522916    0.561644    0.487121    0.711538    0.899038    0.611111    0.656391    1900        276.363636  0.069689    0.911136    0.397506    3.070809   
/home/s21_yhr/miniconda3/envs/GGA/lib/python3.11/site-packages/torchvision/models/_utils.py:208: UserWarning: The parameter 'pretrained' is deprecated since 0.13 and may be removed in the future, please use 'weights' instead.
  warnings.warn(
/home/s21_yhr/miniconda3/envs/GGA/lib/python3.11/site-packages/torchvision/models/_utils.py:223: UserWarning: Arguments other than a weight enum or `None` for 'weights' are deprecated since 0.13 and may be removed in the future. The current behavior is equivalent to passing `weights=ResNet50_Weights.IMAGENET1K_V1`. You can also use `weights=ResNet50_Weights.DEFAULT` to get the most up-to-date weights.
  warnings.warn(msg)
[36mINFO[0m 08/01 19:01:12 | 0.523810    0.561644    0.000000    0.676104    0.531379    0.595455    0.764487    2.151181    0.523810    0.531379    0.561644    0.595455    0.759615    0.862056    0.592593    0.666917    2000        290.909091  0.078574    0.906537    0.394663    3.070809   
/home/s21_yhr/miniconda3/envs/GGA/lib/python3.11/site-packages/torchvision/models/_utils.py:208: UserWarning: The parameter 'pretrained' is deprecated since 0.13 and may be removed in the future, please use 'weights' instead.
  warnings.warn(
/home/s21_yhr/miniconda3/envs/GGA/lib/python3.11/site-packages/torchvision/models/_utils.py:223: UserWarning: Arguments other than a weight enum or `None` for 'weights' are deprecated since 0.13 and may be removed in the future. The current behavior is equivalent to passing `weights=ResNet50_Weights.IMAGENET1K_V1`. You can also use `weights=ResNet50_Weights.DEFAULT` to get the most up-to-date weights.
  warnings.warn(msg)
[36mINFO[0m 08/01 19:02:43 | 0.530612    0.547945    0.000000    0.671296    0.547045    0.575000    0.779150    1.906821    0.530612    0.547045    0.547945    0.575000    0.750000    0.884615    0.592593    0.673684    2100        305.454545  0.061362    0.906592    0.407581    3.070809   
/home/s21_yhr/miniconda3/envs/GGA/lib/python3.11/site-packages/torchvision/models/_utils.py:208: UserWarning: The parameter 'pretrained' is deprecated since 0.13 and may be removed in the future, please use 'weights' instead.
  warnings.warn(
/home/s21_yhr/miniconda3/envs/GGA/lib/python3.11/site-packages/torchvision/models/_utils.py:223: UserWarning: Arguments other than a weight enum or `None` for 'weights' are deprecated since 0.13 and may be removed in the future. The current behavior is equivalent to passing `weights=ResNet50_Weights.IMAGENET1K_V1`. You can also use `weights=ResNet50_Weights.DEFAULT` to get the most up-to-date weights.
  warnings.warn(msg)
[36mINFO[0m 08/01 19:04:14 | 0.510204    0.589041    0.000000    0.718661    0.525745    0.560606    0.786103    1.692862    0.510204    0.525745    0.589041    0.560606    0.807692    0.907544    0.629630    0.664662    2200        320.000000  0.081793    0.911623    0.401155    3.070809   
/home/s21_yhr/miniconda3/envs/GGA/lib/python3.11/site-packages/torchvision/models/_utils.py:208: UserWarning: The parameter 'pretrained' is deprecated since 0.13 and may be removed in the future, please use 'weights' instead.
  warnings.warn(
/home/s21_yhr/miniconda3/envs/GGA/lib/python3.11/site-packages/torchvision/models/_utils.py:223: UserWarning: Arguments other than a weight enum or `None` for 'weights' are deprecated since 0.13 and may be removed in the future. The current behavior is equivalent to passing `weights=ResNet50_Weights.IMAGENET1K_V1`. You can also use `weights=ResNet50_Weights.DEFAULT` to get the most up-to-date weights.
  warnings.warn(msg)
[36mINFO[0m 08/01 19:05:45 | 0.506803    0.534247    0.000000    0.648326    0.497979    0.519697    0.765766    2.110673    0.506803    0.497979    0.534247    0.519697    0.759615    0.911982    0.537037    0.619549    2300        334.545455  0.066324    0.905937    0.392533    3.070809   
/home/s21_yhr/miniconda3/envs/GGA/lib/python3.11/site-packages/torchvision/models/_utils.py:208: UserWarning: The parameter 'pretrained' is deprecated since 0.13 and may be removed in the future, please use 'weights' instead.
  warnings.warn(
/home/s21_yhr/miniconda3/envs/GGA/lib/python3.11/site-packages/torchvision/models/_utils.py:223: UserWarning: Arguments other than a weight enum or `None` for 'weights' are deprecated since 0.13 and may be removed in the future. The current behavior is equivalent to passing `weights=ResNet50_Weights.IMAGENET1K_V1`. You can also use `weights=ResNet50_Weights.DEFAULT` to get the most up-to-date weights.
  warnings.warn(msg)
[36mINFO[0m 08/01 19:07:16 | 0.513605    0.493151    0.000000    0.651353    0.512956    0.424242    0.782444    2.342125    0.513605    0.512956    0.493151    0.424242    0.673077    0.940828    0.629630    0.624060    2400        349.090909  0.058873    0.905499    0.392578    3.070809   
/home/s21_yhr/miniconda3/envs/GGA/lib/python3.11/site-packages/torchvision/models/_utils.py:208: UserWarning: The parameter 'pretrained' is deprecated since 0.13 and may be removed in the future, please use 'weights' instead.
  warnings.warn(
/home/s21_yhr/miniconda3/envs/GGA/lib/python3.11/site-packages/torchvision/models/_utils.py:223: UserWarning: Arguments other than a weight enum or `None` for 'weights' are deprecated since 0.13 and may be removed in the future. The current behavior is equivalent to passing `weights=ResNet50_Weights.IMAGENET1K_V1`. You can also use `weights=ResNet50_Weights.DEFAULT` to get the most up-to-date weights.
  warnings.warn(msg)
[36mINFO[0m 08/01 19:08:47 | 0.540816    0.520548    0.000000    0.652066    0.522417    0.509091    0.795188    2.660946    0.540816    0.522417    0.520548    0.509091    0.711538    0.922707    0.592593    0.667669    2500        363.636364  0.063439    0.905419    0.390819    3.070809   
/home/s21_yhr/miniconda3/envs/GGA/lib/python3.11/site-packages/torchvision/models/_utils.py:208: UserWarning: The parameter 'pretrained' is deprecated since 0.13 and may be removed in the future, please use 'weights' instead.
  warnings.warn(
/home/s21_yhr/miniconda3/envs/GGA/lib/python3.11/site-packages/torchvision/models/_utils.py:223: UserWarning: Arguments other than a weight enum or `None` for 'weights' are deprecated since 0.13 and may be removed in the future. The current behavior is equivalent to passing `weights=ResNet50_Weights.IMAGENET1K_V1`. You can also use `weights=ResNet50_Weights.DEFAULT` to get the most up-to-date weights.
  warnings.warn(msg)
[36mINFO[0m 08/01 19:10:18 | 0.523810    0.506849    0.000000    0.680556    0.500547    0.568939    0.781260    2.147896    0.523810    0.500547    0.506849    0.568939    0.750000    0.924926    0.611111    0.637594    2600        378.181818  0.058321    0.905590    0.384233    3.070809   
/home/s21_yhr/miniconda3/envs/GGA/lib/python3.11/site-packages/torchvision/models/_utils.py:208: UserWarning: The parameter 'pretrained' is deprecated since 0.13 and may be removed in the future, please use 'weights' instead.
  warnings.warn(
/home/s21_yhr/miniconda3/envs/GGA/lib/python3.11/site-packages/torchvision/models/_utils.py:223: UserWarning: Arguments other than a weight enum or `None` for 'weights' are deprecated since 0.13 and may be removed in the future. The current behavior is equivalent to passing `weights=ResNet50_Weights.IMAGENET1K_V1`. You can also use `weights=ResNet50_Weights.DEFAULT` to get the most up-to-date weights.
  warnings.warn(msg)
[36mINFO[0m 08/01 19:11:49 | 0.506803    0.534247    0.000000    0.671296    0.527100    0.513636    0.758245    1.686810    0.506803    0.527100    0.534247    0.513636    0.750000    0.889423    0.592593    0.627068    2700        392.727273  0.057879    0.903470    0.401606    3.070809   
/home/s21_yhr/miniconda3/envs/GGA/lib/python3.11/site-packages/torchvision/models/_utils.py:208: UserWarning: The parameter 'pretrained' is deprecated since 0.13 and may be removed in the future, please use 'weights' instead.
  warnings.warn(
/home/s21_yhr/miniconda3/envs/GGA/lib/python3.11/site-packages/torchvision/models/_utils.py:223: UserWarning: Arguments other than a weight enum or `None` for 'weights' are deprecated since 0.13 and may be removed in the future. The current behavior is equivalent to passing `weights=ResNet50_Weights.IMAGENET1K_V1`. You can also use `weights=ResNet50_Weights.DEFAULT` to get the most up-to-date weights.
  warnings.warn(msg)
[36mINFO[0m 08/01 19:13:20 | 0.506803    0.534247    0.000000    0.722400    0.492369    0.585606    0.794361    1.832849    0.506803    0.492369    0.534247    0.585606    0.759615    0.909024    0.685185    0.679699    2800        407.272727  0.061482    0.907205    0.392577    3.070809   
/home/s21_yhr/miniconda3/envs/GGA/lib/python3.11/site-packages/torchvision/models/_utils.py:208: UserWarning: The parameter 'pretrained' is deprecated since 0.13 and may be removed in the future, please use 'weights' instead.
  warnings.warn(
/home/s21_yhr/miniconda3/envs/GGA/lib/python3.11/site-packages/torchvision/models/_utils.py:223: UserWarning: Arguments other than a weight enum or `None` for 'weights' are deprecated since 0.13 and may be removed in the future. The current behavior is equivalent to passing `weights=ResNet50_Weights.IMAGENET1K_V1`. You can also use `weights=ResNet50_Weights.DEFAULT` to get the most up-to-date weights.
  warnings.warn(msg)
[36mINFO[0m 08/01 19:14:51 | 0.520408    0.534247    0.000000    0.709046    0.506514    0.550000    0.776458    2.345712    0.520408    0.506514    0.534247    0.550000    0.788462    0.914571    0.629630    0.638346    2900        421.818182  0.055266    0.906699    0.390981    3.070809   
/home/s21_yhr/miniconda3/envs/GGA/lib/python3.11/site-packages/torchvision/models/_utils.py:208: UserWarning: The parameter 'pretrained' is deprecated since 0.13 and may be removed in the future, please use 'weights' instead.
  warnings.warn(
/home/s21_yhr/miniconda3/envs/GGA/lib/python3.11/site-packages/torchvision/models/_utils.py:223: UserWarning: Arguments other than a weight enum or `None` for 'weights' are deprecated since 0.13 and may be removed in the future. The current behavior is equivalent to passing `weights=ResNet50_Weights.IMAGENET1K_V1`. You can also use `weights=ResNet50_Weights.DEFAULT` to get the most up-to-date weights.
  warnings.warn(msg)
[36mINFO[0m 08/01 19:16:23 | 0.534014    0.547945    0.000000    0.717949    0.512694    0.540152    0.800178    1.613060    0.534014    0.512694    0.547945    0.540152    0.769231    0.887574    0.666667    0.712782    3000        436.363636  0.065774    0.915923    0.381088    3.070809   
/home/s21_yhr/miniconda3/envs/GGA/lib/python3.11/site-packages/torchvision/models/_utils.py:208: UserWarning: The parameter 'pretrained' is deprecated since 0.13 and may be removed in the future, please use 'weights' instead.
  warnings.warn(
/home/s21_yhr/miniconda3/envs/GGA/lib/python3.11/site-packages/torchvision/models/_utils.py:223: UserWarning: Arguments other than a weight enum or `None` for 'weights' are deprecated since 0.13 and may be removed in the future. The current behavior is equivalent to passing `weights=ResNet50_Weights.IMAGENET1K_V1`. You can also use `weights=ResNet50_Weights.DEFAULT` to get the most up-to-date weights.
  warnings.warn(msg)
[36mINFO[0m 08/01 19:17:55 | 0.520408    0.479452    0.000000    0.686075    0.541435    0.532576    0.782029    1.885693    0.520408    0.541435    0.479452    0.532576    0.798077    0.900148    0.574074    0.663910    3100        450.909091  0.061622    0.917627    0.382545    3.070809   
/home/s21_yhr/miniconda3/envs/GGA/lib/python3.11/site-packages/torchvision/models/_utils.py:208: UserWarning: The parameter 'pretrained' is deprecated since 0.13 and may be removed in the future, please use 'weights' instead.
  warnings.warn(
/home/s21_yhr/miniconda3/envs/GGA/lib/python3.11/site-packages/torchvision/models/_utils.py:223: UserWarning: Arguments other than a weight enum or `None` for 'weights' are deprecated since 0.13 and may be removed in the future. The current behavior is equivalent to passing `weights=ResNet50_Weights.IMAGENET1K_V1`. You can also use `weights=ResNet50_Weights.DEFAULT` to get the most up-to-date weights.
  warnings.warn(msg)
[36mINFO[0m 08/01 19:19:27 | 0.496599    0.479452    0.000000    0.723113    0.514501    0.522727    0.792081    1.624991    0.496599    0.514501    0.479452    0.522727    0.798077    0.911982    0.648148    0.672180    3200        465.454545  0.058054    0.916099    0.375541    3.070809   
/home/s21_yhr/miniconda3/envs/GGA/lib/python3.11/site-packages/torchvision/models/_utils.py:208: UserWarning: The parameter 'pretrained' is deprecated since 0.13 and may be removed in the future, please use 'weights' instead.
  warnings.warn(
/home/s21_yhr/miniconda3/envs/GGA/lib/python3.11/site-packages/torchvision/models/_utils.py:223: UserWarning: Arguments other than a weight enum or `None` for 'weights' are deprecated since 0.13 and may be removed in the future. The current behavior is equivalent to passing `weights=ResNet50_Weights.IMAGENET1K_V1`. You can also use `weights=ResNet50_Weights.DEFAULT` to get the most up-to-date weights.
  warnings.warn(msg)
[36mINFO[0m 08/01 19:20:59 | 0.554422    0.630137    0.000000    0.713141    0.510270    0.555303    0.806729    1.836233    0.554422    0.510270    0.630137    0.555303    0.759615    0.890902    0.666667    0.722556    3300        480.000000  0.057225    0.910962    0.385397    3.070809   
/home/s21_yhr/miniconda3/envs/GGA/lib/python3.11/site-packages/torchvision/models/_utils.py:208: UserWarning: The parameter 'pretrained' is deprecated since 0.13 and may be removed in the future, please use 'weights' instead.
  warnings.warn(
/home/s21_yhr/miniconda3/envs/GGA/lib/python3.11/site-packages/torchvision/models/_utils.py:223: UserWarning: Arguments other than a weight enum or `None` for 'weights' are deprecated since 0.13 and may be removed in the future. The current behavior is equivalent to passing `weights=ResNet50_Weights.IMAGENET1K_V1`. You can also use `weights=ResNet50_Weights.DEFAULT` to get the most up-to-date weights.
  warnings.warn(msg)
[36mINFO[0m 08/01 19:22:30 | 0.523810    0.520548    0.000000    0.685719    0.532544    0.531818    0.787361    2.084192    0.523810    0.532544    0.520548    0.531818    0.778846    0.914571    0.592593    0.660150    3400        494.545455  0.052610    0.911678    0.381186    3.070809   
/home/s21_yhr/miniconda3/envs/GGA/lib/python3.11/site-packages/torchvision/models/_utils.py:208: UserWarning: The parameter 'pretrained' is deprecated since 0.13 and may be removed in the future, please use 'weights' instead.
  warnings.warn(
/home/s21_yhr/miniconda3/envs/GGA/lib/python3.11/site-packages/torchvision/models/_utils.py:223: UserWarning: Arguments other than a weight enum or `None` for 'weights' are deprecated since 0.13 and may be removed in the future. The current behavior is equivalent to passing `weights=ResNet50_Weights.IMAGENET1K_V1`. You can also use `weights=ResNet50_Weights.DEFAULT` to get the most up-to-date weights.
  warnings.warn(msg)
[36mINFO[0m 08/01 19:24:02 | 0.554422    0.520548    0.000000    0.722400    0.541411    0.508333    0.807315    1.890082    0.554422    0.541411    0.520548    0.508333    0.759615    0.899593    0.685185    0.715038    3500        509.090909  0.038115    0.910046    0.399405    3.070809   
/home/s21_yhr/miniconda3/envs/GGA/lib/python3.11/site-packages/torchvision/models/_utils.py:208: UserWarning: The parameter 'pretrained' is deprecated since 0.13 and may be removed in the future, please use 'weights' instead.
  warnings.warn(
/home/s21_yhr/miniconda3/envs/GGA/lib/python3.11/site-packages/torchvision/models/_utils.py:223: UserWarning: Arguments other than a weight enum or `None` for 'weights' are deprecated since 0.13 and may be removed in the future. The current behavior is equivalent to passing `weights=ResNet50_Weights.IMAGENET1K_V1`. You can also use `weights=ResNet50_Weights.DEFAULT` to get the most up-to-date weights.
  warnings.warn(msg)
[36mINFO[0m 08/01 19:25:33 | 0.547619    0.575342    0.000000    0.656161    0.475610    0.518939    0.770121    2.458754    0.547619    0.475610    0.575342    0.518939    0.682692    0.885355    0.629630    0.654887    3600        523.636364  0.051887    0.910945    0.383459    3.070809   
/home/s21_yhr/miniconda3/envs/GGA/lib/python3.11/site-packages/torchvision/models/_utils.py:208: UserWarning: The parameter 'pretrained' is deprecated since 0.13 and may be removed in the future, please use 'weights' instead.
  warnings.warn(
/home/s21_yhr/miniconda3/envs/GGA/lib/python3.11/site-packages/torchvision/models/_utils.py:223: UserWarning: Arguments other than a weight enum or `None` for 'weights' are deprecated since 0.13 and may be removed in the future. The current behavior is equivalent to passing `weights=ResNet50_Weights.IMAGENET1K_V1`. You can also use `weights=ResNet50_Weights.DEFAULT` to get the most up-to-date weights.
  warnings.warn(msg)
[36mINFO[0m 08/01 19:27:05 | 0.534014    0.561644    0.000000    0.647258    0.525793    0.520455    0.752871    1.984729    0.534014    0.525793    0.561644    0.520455    0.701923    0.880178    0.592593    0.625564    3700        538.181818  0.057311    0.919763    0.386795    3.070809   
/home/s21_yhr/miniconda3/envs/GGA/lib/python3.11/site-packages/torchvision/models/_utils.py:208: UserWarning: The parameter 'pretrained' is deprecated since 0.13 and may be removed in the future, please use 'weights' instead.
  warnings.warn(
/home/s21_yhr/miniconda3/envs/GGA/lib/python3.11/site-packages/torchvision/models/_utils.py:223: UserWarning: Arguments other than a weight enum or `None` for 'weights' are deprecated since 0.13 and may be removed in the future. The current behavior is equivalent to passing `weights=ResNet50_Weights.IMAGENET1K_V1`. You can also use `weights=ResNet50_Weights.DEFAULT` to get the most up-to-date weights.
  warnings.warn(msg)
[36mINFO[0m 08/01 19:28:37 | 0.540816    0.493151    0.000000    0.699786    0.530452    0.510606    0.774436    2.048682    0.540816    0.530452    0.493151    0.510606    0.788462    0.897744    0.611111    0.651128    3800        552.727273  0.046179    0.911632    0.378709    3.070809   
/home/s21_yhr/miniconda3/envs/GGA/lib/python3.11/site-packages/torchvision/models/_utils.py:208: UserWarning: The parameter 'pretrained' is deprecated since 0.13 and may be removed in the future, please use 'weights' instead.
  warnings.warn(
/home/s21_yhr/miniconda3/envs/GGA/lib/python3.11/site-packages/torchvision/models/_utils.py:223: UserWarning: Arguments other than a weight enum or `None` for 'weights' are deprecated since 0.13 and may be removed in the future. The current behavior is equivalent to passing `weights=ResNet50_Weights.IMAGENET1K_V1`. You can also use `weights=ResNet50_Weights.DEFAULT` to get the most up-to-date weights.
  warnings.warn(msg)
[36mINFO[0m 08/01 19:30:08 | 0.544218    0.575342    0.000000    0.670940    0.505301    0.556061    0.792931    2.727771    0.544218    0.505301    0.575342    0.556061    0.730769    0.900148    0.611111    0.685714    3900        567.272727  0.044414    0.905998    0.396613    3.070809   
/home/s21_yhr/miniconda3/envs/GGA/lib/python3.11/site-packages/torchvision/models/_utils.py:208: UserWarning: The parameter 'pretrained' is deprecated since 0.13 and may be removed in the future, please use 'weights' instead.
  warnings.warn(
/home/s21_yhr/miniconda3/envs/GGA/lib/python3.11/site-packages/torchvision/models/_utils.py:223: UserWarning: Arguments other than a weight enum or `None` for 'weights' are deprecated since 0.13 and may be removed in the future. The current behavior is equivalent to passing `weights=ResNet50_Weights.IMAGENET1K_V1`. You can also use `weights=ResNet50_Weights.DEFAULT` to get the most up-to-date weights.
  warnings.warn(msg)
[36mINFO[0m 08/01 19:31:39 | 0.520408    0.561644    0.000000    0.722756    0.518946    0.576515    0.790711    1.327670    0.520408    0.518946    0.561644    0.576515    0.778846    0.873151    0.666667    0.708271    4000        581.818182  0.050396    0.907267    0.382535    3.070809   
/home/s21_yhr/miniconda3/envs/GGA/lib/python3.11/site-packages/torchvision/models/_utils.py:208: UserWarning: The parameter 'pretrained' is deprecated since 0.13 and may be removed in the future, please use 'weights' instead.
  warnings.warn(
/home/s21_yhr/miniconda3/envs/GGA/lib/python3.11/site-packages/torchvision/models/_utils.py:223: UserWarning: Arguments other than a weight enum or `None` for 'weights' are deprecated since 0.13 and may be removed in the future. The current behavior is equivalent to passing `weights=ResNet50_Weights.IMAGENET1K_V1`. You can also use `weights=ResNet50_Weights.DEFAULT` to get the most up-to-date weights.
  warnings.warn(msg)
[36mINFO[0m 08/01 19:33:10 | 0.527211    0.547945    0.000000    0.680556    0.534589    0.562500    0.768919    2.302635    0.527211    0.534589    0.547945    0.562500    0.750000    0.882951    0.611111    0.654887    4100        596.363636  0.038179    0.905029    0.385120    3.070809   
/home/s21_yhr/miniconda3/envs/GGA/lib/python3.11/site-packages/torchvision/models/_utils.py:208: UserWarning: The parameter 'pretrained' is deprecated since 0.13 and may be removed in the future, please use 'weights' instead.
  warnings.warn(
/home/s21_yhr/miniconda3/envs/GGA/lib/python3.11/site-packages/torchvision/models/_utils.py:223: UserWarning: Arguments other than a weight enum or `None` for 'weights' are deprecated since 0.13 and may be removed in the future. The current behavior is equivalent to passing `weights=ResNet50_Weights.IMAGENET1K_V1`. You can also use `weights=ResNet50_Weights.DEFAULT` to get the most up-to-date weights.
  warnings.warn(msg)
[36mINFO[0m 08/01 19:34:41 | 0.520408    0.602740    0.000000    0.698362    0.535991    0.532576    0.761128    1.765713    0.520408    0.535991    0.602740    0.532576    0.711538    0.859098    0.685185    0.663158    4200        610.909091  0.057109    0.904922    0.385005    3.070809   
/home/s21_yhr/miniconda3/envs/GGA/lib/python3.11/site-packages/torchvision/models/_utils.py:208: UserWarning: The parameter 'pretrained' is deprecated since 0.13 and may be removed in the future, please use 'weights' instead.
  warnings.warn(
/home/s21_yhr/miniconda3/envs/GGA/lib/python3.11/site-packages/torchvision/models/_utils.py:223: UserWarning: Arguments other than a weight enum or `None` for 'weights' are deprecated since 0.13 and may be removed in the future. The current behavior is equivalent to passing `weights=ResNet50_Weights.IMAGENET1K_V1`. You can also use `weights=ResNet50_Weights.DEFAULT` to get the most up-to-date weights.
  warnings.warn(msg)
[36mINFO[0m 08/01 19:36:12 | 0.510204    0.520548    0.000000    0.685007    0.537156    0.484848    0.780043    1.926700    0.510204    0.537156    0.520548    0.484848    0.740385    0.878883    0.629630    0.681203    4300        625.454545  0.057615    0.907774    0.388942    3.070809   
/home/s21_yhr/miniconda3/envs/GGA/lib/python3.11/site-packages/torchvision/models/_utils.py:208: UserWarning: The parameter 'pretrained' is deprecated since 0.13 and may be removed in the future, please use 'weights' instead.
  warnings.warn(
/home/s21_yhr/miniconda3/envs/GGA/lib/python3.11/site-packages/torchvision/models/_utils.py:223: UserWarning: Arguments other than a weight enum or `None` for 'weights' are deprecated since 0.13 and may be removed in the future. The current behavior is equivalent to passing `weights=ResNet50_Weights.IMAGENET1K_V1`. You can also use `weights=ResNet50_Weights.DEFAULT` to get the most up-to-date weights.
  warnings.warn(msg)
[36mINFO[0m 08/01 19:37:43 | 0.510204    0.561644    0.000000    0.704238    0.532354    0.521970    0.770589    2.245472    0.510204    0.532354    0.561644    0.521970    0.778846    0.874260    0.629630    0.666917    4400        640.000000  0.053716    0.904576    0.386799    3.070809   
/home/s21_yhr/miniconda3/envs/GGA/lib/python3.11/site-packages/torchvision/models/_utils.py:208: UserWarning: The parameter 'pretrained' is deprecated since 0.13 and may be removed in the future, please use 'weights' instead.
  warnings.warn(
/home/s21_yhr/miniconda3/envs/GGA/lib/python3.11/site-packages/torchvision/models/_utils.py:223: UserWarning: Arguments other than a weight enum or `None` for 'weights' are deprecated since 0.13 and may be removed in the future. The current behavior is equivalent to passing `weights=ResNet50_Weights.IMAGENET1K_V1`. You can also use `weights=ResNet50_Weights.DEFAULT` to get the most up-to-date weights.
  warnings.warn(msg)
[36mINFO[0m 08/01 19:39:15 | 0.527211    0.575342    0.000000    0.694623    0.526078    0.525758    0.786609    1.935075    0.527211    0.526078    0.575342    0.525758    0.759615    0.914571    0.629630    0.658647    4500        654.545455  0.048968    0.915524    0.382449    3.070809   
/home/s21_yhr/miniconda3/envs/GGA/lib/python3.11/site-packages/torchvision/models/_utils.py:208: UserWarning: The parameter 'pretrained' is deprecated since 0.13 and may be removed in the future, please use 'weights' instead.
  warnings.warn(
/home/s21_yhr/miniconda3/envs/GGA/lib/python3.11/site-packages/torchvision/models/_utils.py:223: UserWarning: Arguments other than a weight enum or `None` for 'weights' are deprecated since 0.13 and may be removed in the future. The current behavior is equivalent to passing `weights=ResNet50_Weights.IMAGENET1K_V1`. You can also use `weights=ResNet50_Weights.DEFAULT` to get the most up-to-date weights.
  warnings.warn(msg)
[36mINFO[0m 08/01 19:40:46 | 0.540816    0.547945    0.000000    0.694623    0.531284    0.574242    0.742681    1.971411    0.540816    0.531284    0.547945    0.574242    0.759615    0.839497    0.629630    0.645865    4600        669.090909  0.048547    0.907048    0.379187    3.070809   
/home/s21_yhr/miniconda3/envs/GGA/lib/python3.11/site-packages/torchvision/models/_utils.py:208: UserWarning: The parameter 'pretrained' is deprecated since 0.13 and may be removed in the future, please use 'weights' instead.
  warnings.warn(
/home/s21_yhr/miniconda3/envs/GGA/lib/python3.11/site-packages/torchvision/models/_utils.py:223: UserWarning: Arguments other than a weight enum or `None` for 'weights' are deprecated since 0.13 and may be removed in the future. The current behavior is equivalent to passing `weights=ResNet50_Weights.IMAGENET1K_V1`. You can also use `weights=ResNet50_Weights.DEFAULT` to get the most up-to-date weights.
  warnings.warn(msg)
[36mINFO[0m 08/01 19:42:17 | 0.551020    0.589041    0.000000    0.684651    0.560548    0.512879    0.759823    1.845627    0.551020    0.560548    0.589041    0.512879    0.721154    0.880547    0.648148    0.639098    4700        683.636364  0.043420    0.905687    0.387141    3.070809   
/home/s21_yhr/miniconda3/envs/GGA/lib/python3.11/site-packages/torchvision/models/_utils.py:208: UserWarning: The parameter 'pretrained' is deprecated since 0.13 and may be removed in the future, please use 'weights' instead.
  warnings.warn(
/home/s21_yhr/miniconda3/envs/GGA/lib/python3.11/site-packages/torchvision/models/_utils.py:223: UserWarning: Arguments other than a weight enum or `None` for 'weights' are deprecated since 0.13 and may be removed in the future. The current behavior is equivalent to passing `weights=ResNet50_Weights.IMAGENET1K_V1`. You can also use `weights=ResNet50_Weights.DEFAULT` to get the most up-to-date weights.
  warnings.warn(msg)
[36mINFO[0m 08/01 19:43:48 | 0.523810    0.561644    0.000000    0.708689    0.556554    0.555303    0.772019    2.067893    0.523810    0.556554    0.561644    0.555303    0.769231    0.883136    0.648148    0.660902    4800        698.181818  0.038491    0.906158    0.382133    3.070809   
/home/s21_yhr/miniconda3/envs/GGA/lib/python3.11/site-packages/torchvision/models/_utils.py:208: UserWarning: The parameter 'pretrained' is deprecated since 0.13 and may be removed in the future, please use 'weights' instead.
  warnings.warn(
/home/s21_yhr/miniconda3/envs/GGA/lib/python3.11/site-packages/torchvision/models/_utils.py:223: UserWarning: Arguments other than a weight enum or `None` for 'weights' are deprecated since 0.13 and may be removed in the future. The current behavior is equivalent to passing `weights=ResNet50_Weights.IMAGENET1K_V1`. You can also use `weights=ResNet50_Weights.DEFAULT` to get the most up-to-date weights.
  warnings.warn(msg)
[36mINFO[0m 08/01 19:45:19 | 0.547619    0.602740    0.000000    0.717593    0.547925    0.577273    0.785756    1.544484    0.547619    0.547925    0.602740    0.577273    0.750000    0.881287    0.685185    0.690226    4900        712.727273  0.046035    0.908858    0.379169    3.070809   
/home/s21_yhr/miniconda3/envs/GGA/lib/python3.11/site-packages/torchvision/models/_utils.py:208: UserWarning: The parameter 'pretrained' is deprecated since 0.13 and may be removed in the future, please use 'weights' instead.
  warnings.warn(
/home/s21_yhr/miniconda3/envs/GGA/lib/python3.11/site-packages/torchvision/models/_utils.py:223: UserWarning: Arguments other than a weight enum or `None` for 'weights' are deprecated since 0.13 and may be removed in the future. The current behavior is equivalent to passing `weights=ResNet50_Weights.IMAGENET1K_V1`. You can also use `weights=ResNet50_Weights.DEFAULT` to get the most up-to-date weights.
  warnings.warn(msg)
[36mINFO[0m 08/01 19:46:50 | 0.547619    0.561644    0.000000    0.703882    0.548899    0.533333    0.768863    1.835427    0.547619    0.548899    0.561644    0.533333    0.759615    0.867049    0.648148    0.670677    5000        727.272727  0.037452    0.904721    0.375319    3.070809   
[36mINFO[0m 08/01 19:46:50 | ---
[36mINFO[0m 08/01 19:46:50 | oracle = 55.442%
[36mINFO[0m 08/01 19:46:50 | iid = 55.782%
[36mINFO[0m 08/01 19:46:50 | last = 54.762%
[36mINFO[0m 08/01 19:46:50 | last (inD) = 70.388%
[36mINFO[0m 08/01 19:46:50 | iid (inD) = 74.751%
[36mINFO[0m 08/01 19:46:51 | 
[36mINFO[0m 08/01 19:46:51 | Testenv name escaping te_01 -> te_01
[36mINFO[0m 08/01 19:46:51 | Test envs = [1], name = te_01
[36mINFO[0m 08/01 19:46:51 | Batch sizes for each domain: [32, 0, 32] (total=64)
[36mINFO[0m 08/01 19:46:51 | steps-per-epoch for each domain: 9.19, 6.88 -> min = 6.88
/home/s21_yhr/miniconda3/envs/GGA/lib/python3.11/site-packages/torchvision/models/_utils.py:208: UserWarning: The parameter 'pretrained' is deprecated since 0.13 and may be removed in the future, please use 'weights' instead.
  warnings.warn(
/home/s21_yhr/miniconda3/envs/GGA/lib/python3.11/site-packages/torchvision/models/_utils.py:223: UserWarning: Arguments other than a weight enum or `None` for 'weights' are deprecated since 0.13 and may be removed in the future. The current behavior is equivalent to passing `weights=ResNet50_Weights.IMAGENET1K_V1`. You can also use `weights=ResNet50_Weights.DEFAULT` to get the most up-to-date weights.
  warnings.warn(msg)
[36mINFO[0m 08/01 19:46:54 | # of params = 23512130
[36mINFO[0m 08/01 19:46:55 | test_in     test_out    train_in    train_out   test_in_au  train_out_  tr_outloss  test_out_a  env0_out    env0_out_a  env1_in     env1_in_au  env1_out    env1_out_a  env2_out    env2_out_a  step        epoch       loss        step_time   eval_time   mem_gb     
[36mINFO[0m 08/01 19:46:55 | 0.489260    0.528846    0.000000    0.602486    0.589554    0.487090    0.678823    0.778476    0.575342    0.465909    0.489260    0.589554    0.528846    0.778476    0.629630    0.508271    0           0.000000    0.790636    0.939124    0.528287    3.057565   
/home/s21_yhr/miniconda3/envs/GGA/lib/python3.11/site-packages/torchvision/models/_utils.py:208: UserWarning: The parameter 'pretrained' is deprecated since 0.13 and may be removed in the future, please use 'weights' instead.
  warnings.warn(
/home/s21_yhr/miniconda3/envs/GGA/lib/python3.11/site-packages/torchvision/models/_utils.py:223: UserWarning: Arguments other than a weight enum or `None` for 'weights' are deprecated since 0.13 and may be removed in the future. The current behavior is equivalent to passing `weights=ResNet50_Weights.IMAGENET1K_V1`. You can also use `weights=ResNet50_Weights.DEFAULT` to get the most up-to-date weights.
  warnings.warn(msg)
[36mINFO[0m 08/01 19:48:28 | 0.572792    0.567308    0.000000    0.600076    0.640416    0.592729    0.992879    0.635355    0.589041    0.565909    0.572792    0.640416    0.567308    0.635355    0.611111    0.619549    100         14.545455   0.528029    0.918680    0.476995    3.062997   
/home/s21_yhr/miniconda3/envs/GGA/lib/python3.11/site-packages/torchvision/models/_utils.py:208: UserWarning: The parameter 'pretrained' is deprecated since 0.13 and may be removed in the future, please use 'weights' instead.
  warnings.warn(
/home/s21_yhr/miniconda3/envs/GGA/lib/python3.11/site-packages/torchvision/models/_utils.py:223: UserWarning: Arguments other than a weight enum or `None` for 'weights' are deprecated since 0.13 and may be removed in the future. The current behavior is equivalent to passing `weights=ResNet50_Weights.IMAGENET1K_V1`. You can also use `weights=ResNet50_Weights.DEFAULT` to get the most up-to-date weights.
  warnings.warn(msg)
[36mINFO[0m 08/01 19:49:59 | 0.505967    0.567308    0.000000    0.616185    0.520053    0.626922    1.406608    0.566198    0.602740    0.661364    0.505967    0.520053    0.567308    0.566198    0.629630    0.592481    200         29.090909   0.274978    0.909513    0.475195    3.062997   
/home/s21_yhr/miniconda3/envs/GGA/lib/python3.11/site-packages/torchvision/models/_utils.py:208: UserWarning: The parameter 'pretrained' is deprecated since 0.13 and may be removed in the future, please use 'weights' instead.
  warnings.warn(
/home/s21_yhr/miniconda3/envs/GGA/lib/python3.11/site-packages/torchvision/models/_utils.py:223: UserWarning: Arguments other than a weight enum or `None` for 'weights' are deprecated since 0.13 and may be removed in the future. The current behavior is equivalent to passing `weights=ResNet50_Weights.IMAGENET1K_V1`. You can also use `weights=ResNet50_Weights.DEFAULT` to get the most up-to-date weights.
  warnings.warn(msg)
[36mINFO[0m 08/01 19:51:31 | 0.536993    0.567308    0.000000    0.586377    0.606417    0.592871    1.476979    0.617234    0.561644    0.603788    0.536993    0.606417    0.567308    0.617234    0.611111    0.581955    300         43.636364   0.175408    0.919611    0.472386    3.062997   
/home/s21_yhr/miniconda3/envs/GGA/lib/python3.11/site-packages/torchvision/models/_utils.py:208: UserWarning: The parameter 'pretrained' is deprecated since 0.13 and may be removed in the future, please use 'weights' instead.
  warnings.warn(
/home/s21_yhr/miniconda3/envs/GGA/lib/python3.11/site-packages/torchvision/models/_utils.py:223: UserWarning: Arguments other than a weight enum or `None` for 'weights' are deprecated since 0.13 and may be removed in the future. The current behavior is equivalent to passing `weights=ResNet50_Weights.IMAGENET1K_V1`. You can also use `weights=ResNet50_Weights.DEFAULT` to get the most up-to-date weights.
  warnings.warn(msg)
[36mINFO[0m 08/01 19:53:03 | 0.517900    0.538462    0.000000    0.634703    0.557128    0.630810    1.941122    0.592456    0.602740    0.595455    0.517900    0.557128    0.538462    0.592456    0.666667    0.666165    400         58.181818   0.138657    0.914216    0.479066    3.064584   
/home/s21_yhr/miniconda3/envs/GGA/lib/python3.11/site-packages/torchvision/models/_utils.py:208: UserWarning: The parameter 'pretrained' is deprecated since 0.13 and may be removed in the future, please use 'weights' instead.
  warnings.warn(
/home/s21_yhr/miniconda3/envs/GGA/lib/python3.11/site-packages/torchvision/models/_utils.py:223: UserWarning: Arguments other than a weight enum or `None` for 'weights' are deprecated since 0.13 and may be removed in the future. The current behavior is equivalent to passing `weights=ResNet50_Weights.IMAGENET1K_V1`. You can also use `weights=ResNet50_Weights.DEFAULT` to get the most up-to-date weights.
  warnings.warn(msg)
[36mINFO[0m 08/01 19:54:36 | 0.510740    0.576923    0.000000    0.618214    0.534158    0.645754    1.685878    0.600222    0.643836    0.670455    0.510740    0.534158    0.576923    0.600222    0.592593    0.621053    500         72.727273   0.120173    0.918857    0.482925    3.064584   
/home/s21_yhr/miniconda3/envs/GGA/lib/python3.11/site-packages/torchvision/models/_utils.py:208: UserWarning: The parameter 'pretrained' is deprecated since 0.13 and may be removed in the future, please use 'weights' instead.
  warnings.warn(
/home/s21_yhr/miniconda3/envs/GGA/lib/python3.11/site-packages/torchvision/models/_utils.py:223: UserWarning: Arguments other than a weight enum or `None` for 'weights' are deprecated since 0.13 and may be removed in the future. The current behavior is equivalent to passing `weights=ResNet50_Weights.IMAGENET1K_V1`. You can also use `weights=ResNet50_Weights.DEFAULT` to get the most up-to-date weights.
  warnings.warn(msg)
[36mINFO[0m 08/01 19:56:07 | 0.517900    0.548077    0.000000    0.639143    0.550064    0.612511    1.700261    0.588757    0.630137    0.628030    0.517900    0.550064    0.548077    0.588757    0.648148    0.596992    600         87.272727   0.110363    0.912497    0.467851    3.064584   
/home/s21_yhr/miniconda3/envs/GGA/lib/python3.11/site-packages/torchvision/models/_utils.py:208: UserWarning: The parameter 'pretrained' is deprecated since 0.13 and may be removed in the future, please use 'weights' instead.
  warnings.warn(
/home/s21_yhr/miniconda3/envs/GGA/lib/python3.11/site-packages/torchvision/models/_utils.py:223: UserWarning: Arguments other than a weight enum or `None` for 'weights' are deprecated since 0.13 and may be removed in the future. The current behavior is equivalent to passing `weights=ResNet50_Weights.IMAGENET1K_V1`. You can also use `weights=ResNet50_Weights.DEFAULT` to get the most up-to-date weights.
  warnings.warn(msg)
[36mINFO[0m 08/01 19:57:39 | 0.548926    0.576923    0.000000    0.650431    0.551864    0.646110    1.727216    0.590976    0.671233    0.665152    0.548926    0.551864    0.576923    0.590976    0.629630    0.627068    700         101.818182  0.109124    0.912512    0.465983    3.064584   
/home/s21_yhr/miniconda3/envs/GGA/lib/python3.11/site-packages/torchvision/models/_utils.py:208: UserWarning: The parameter 'pretrained' is deprecated since 0.13 and may be removed in the future, please use 'weights' instead.
  warnings.warn(
/home/s21_yhr/miniconda3/envs/GGA/lib/python3.11/site-packages/torchvision/models/_utils.py:223: UserWarning: Arguments other than a weight enum or `None` for 'weights' are deprecated since 0.13 and may be removed in the future. The current behavior is equivalent to passing `weights=ResNet50_Weights.IMAGENET1K_V1`. You can also use `weights=ResNet50_Weights.DEFAULT` to get the most up-to-date weights.
  warnings.warn(msg)
[36mINFO[0m 08/01 19:59:10 | 0.515513    0.548077    0.000000    0.602486    0.576110    0.620662    2.202001    0.611686    0.575342    0.596212    0.515513    0.576110    0.548077    0.611686    0.629630    0.645113    800         116.363636  0.088256    0.907992    0.474901    3.064584   
/home/s21_yhr/miniconda3/envs/GGA/lib/python3.11/site-packages/torchvision/models/_utils.py:208: UserWarning: The parameter 'pretrained' is deprecated since 0.13 and may be removed in the future, please use 'weights' instead.
  warnings.warn(
/home/s21_yhr/miniconda3/envs/GGA/lib/python3.11/site-packages/torchvision/models/_utils.py:223: UserWarning: Arguments other than a weight enum or `None` for 'weights' are deprecated since 0.13 and may be removed in the future. The current behavior is equivalent to passing `weights=ResNet50_Weights.IMAGENET1K_V1`. You can also use `weights=ResNet50_Weights.DEFAULT` to get the most up-to-date weights.
  warnings.warn(msg)
[36mINFO[0m 08/01 20:00:42 | 0.525060    0.576923    0.000000    0.618595    0.593542    0.631297    2.757645    0.650518    0.589041    0.625000    0.525060    0.593542    0.576923    0.650518    0.648148    0.637594    900         130.909091  0.100626    0.908174    0.468840    3.064584   
/home/s21_yhr/miniconda3/envs/GGA/lib/python3.11/site-packages/torchvision/models/_utils.py:208: UserWarning: The parameter 'pretrained' is deprecated since 0.13 and may be removed in the future, please use 'weights' instead.
  warnings.warn(
/home/s21_yhr/miniconda3/envs/GGA/lib/python3.11/site-packages/torchvision/models/_utils.py:223: UserWarning: Arguments other than a weight enum or `None` for 'weights' are deprecated since 0.13 and may be removed in the future. The current behavior is equivalent to passing `weights=ResNet50_Weights.IMAGENET1K_V1`. You can also use `weights=ResNet50_Weights.DEFAULT` to get the most up-to-date weights.
  warnings.warn(msg)
[36mINFO[0m 08/01 20:02:14 | 0.536993    0.596154    0.000000    0.627473    0.540129    0.668825    2.060895    0.585059    0.643836    0.707576    0.536993    0.540129    0.596154    0.585059    0.611111    0.630075    1000        145.454545  0.089041    0.918524    0.464713    3.064584   
/home/s21_yhr/miniconda3/envs/GGA/lib/python3.11/site-packages/torchvision/models/_utils.py:208: UserWarning: The parameter 'pretrained' is deprecated since 0.13 and may be removed in the future, please use 'weights' instead.
  warnings.warn(
/home/s21_yhr/miniconda3/envs/GGA/lib/python3.11/site-packages/torchvision/models/_utils.py:223: UserWarning: Arguments other than a weight enum or `None` for 'weights' are deprecated since 0.13 and may be removed in the future. The current behavior is equivalent to passing `weights=ResNet50_Weights.IMAGENET1K_V1`. You can also use `weights=ResNet50_Weights.DEFAULT` to get the most up-to-date weights.
  warnings.warn(msg)
[36mINFO[0m 08/01 20:03:45 | 0.596659    0.596154    0.000000    0.660071    0.645588    0.670520    2.071214    0.636095    0.616438    0.658333    0.596659    0.645588    0.596154    0.636095    0.703704    0.682707    1100        160.000000  0.091510    0.909117    0.469276    3.064584   
/home/s21_yhr/miniconda3/envs/GGA/lib/python3.11/site-packages/torchvision/models/_utils.py:208: UserWarning: The parameter 'pretrained' is deprecated since 0.13 and may be removed in the future, please use 'weights' instead.
  warnings.warn(
/home/s21_yhr/miniconda3/envs/GGA/lib/python3.11/site-packages/torchvision/models/_utils.py:223: UserWarning: Arguments other than a weight enum or `None` for 'weights' are deprecated since 0.13 and may be removed in the future. The current behavior is equivalent to passing `weights=ResNet50_Weights.IMAGENET1K_V1`. You can also use `weights=ResNet50_Weights.DEFAULT` to get the most up-to-date weights.
  warnings.warn(msg)
[36mINFO[0m 08/01 20:05:17 | 0.508353    0.548077    0.000000    0.629883    0.517227    0.635148    2.356096    0.580621    0.630137    0.649242    0.508353    0.517227    0.548077    0.580621    0.629630    0.621053    1200        174.545455  0.081559    0.906199    0.476608    3.064584   
/home/s21_yhr/miniconda3/envs/GGA/lib/python3.11/site-packages/torchvision/models/_utils.py:208: UserWarning: The parameter 'pretrained' is deprecated since 0.13 and may be removed in the future, please use 'weights' instead.
  warnings.warn(
/home/s21_yhr/miniconda3/envs/GGA/lib/python3.11/site-packages/torchvision/models/_utils.py:223: UserWarning: Arguments other than a weight enum or `None` for 'weights' are deprecated since 0.13 and may be removed in the future. The current behavior is equivalent to passing `weights=ResNet50_Weights.IMAGENET1K_V1`. You can also use `weights=ResNet50_Weights.DEFAULT` to get the most up-to-date weights.
  warnings.warn(msg)
[36mINFO[0m 08/01 20:06:48 | 0.587112    0.596154    0.000000    0.664510    0.688497    0.647912    2.624802    0.671228    0.643836    0.644697    0.587112    0.688497    0.596154    0.671228    0.685185    0.651128    1300        189.090909  0.079238    0.905886    0.469332    3.064584   
/home/s21_yhr/miniconda3/envs/GGA/lib/python3.11/site-packages/torchvision/models/_utils.py:208: UserWarning: The parameter 'pretrained' is deprecated since 0.13 and may be removed in the future, please use 'weights' instead.
  warnings.warn(
/home/s21_yhr/miniconda3/envs/GGA/lib/python3.11/site-packages/torchvision/models/_utils.py:223: UserWarning: Arguments other than a weight enum or `None` for 'weights' are deprecated since 0.13 and may be removed in the future. The current behavior is equivalent to passing `weights=ResNet50_Weights.IMAGENET1K_V1`. You can also use `weights=ResNet50_Weights.DEFAULT` to get the most up-to-date weights.
  warnings.warn(msg)
[36mINFO[0m 08/01 20:08:19 | 0.568019    0.538462    0.000000    0.572298    0.597917    0.646414    2.264942    0.571746    0.589041    0.646212    0.568019    0.597917    0.538462    0.571746    0.555556    0.646617    1400        203.636364  0.081092    0.904437    0.467964    3.064584   
/home/s21_yhr/miniconda3/envs/GGA/lib/python3.11/site-packages/torchvision/models/_utils.py:208: UserWarning: The parameter 'pretrained' is deprecated since 0.13 and may be removed in the future, please use 'weights' instead.
  warnings.warn(
/home/s21_yhr/miniconda3/envs/GGA/lib/python3.11/site-packages/torchvision/models/_utils.py:223: UserWarning: Arguments other than a weight enum or `None` for 'weights' are deprecated since 0.13 and may be removed in the future. The current behavior is equivalent to passing `weights=ResNet50_Weights.IMAGENET1K_V1`. You can also use `weights=ResNet50_Weights.DEFAULT` to get the most up-to-date weights.
  warnings.warn(msg)
[36mINFO[0m 08/01 20:09:50 | 0.486874    0.548077    0.000000    0.659691    0.529669    0.642837    2.277450    0.566568    0.671233    0.694697    0.486874    0.529669    0.548077    0.566568    0.648148    0.590977    1500        218.181818  0.078148    0.910450    0.463460    3.064584   
/home/s21_yhr/miniconda3/envs/GGA/lib/python3.11/site-packages/torchvision/models/_utils.py:208: UserWarning: The parameter 'pretrained' is deprecated since 0.13 and may be removed in the future, please use 'weights' instead.
  warnings.warn(
/home/s21_yhr/miniconda3/envs/GGA/lib/python3.11/site-packages/torchvision/models/_utils.py:223: UserWarning: Arguments other than a weight enum or `None` for 'weights' are deprecated since 0.13 and may be removed in the future. The current behavior is equivalent to passing `weights=ResNet50_Weights.IMAGENET1K_V1`. You can also use `weights=ResNet50_Weights.DEFAULT` to get the most up-to-date weights.
  warnings.warn(msg)
[36mINFO[0m 08/01 20:11:22 | 0.601432    0.576923    0.000000    0.650431    0.619406    0.652945    2.406057    0.641642    0.671233    0.683333    0.601432    0.619406    0.576923    0.641642    0.629630    0.622556    1600        232.727273  0.075046    0.912148    0.473587    3.064584   
/home/s21_yhr/miniconda3/envs/GGA/lib/python3.11/site-packages/torchvision/models/_utils.py:208: UserWarning: The parameter 'pretrained' is deprecated since 0.13 and may be removed in the future, please use 'weights' instead.
  warnings.warn(
/home/s21_yhr/miniconda3/envs/GGA/lib/python3.11/site-packages/torchvision/models/_utils.py:223: UserWarning: Arguments other than a weight enum or `None` for 'weights' are deprecated since 0.13 and may be removed in the future. The current behavior is equivalent to passing `weights=ResNet50_Weights.IMAGENET1K_V1`. You can also use `weights=ResNet50_Weights.DEFAULT` to get the most up-to-date weights.
  warnings.warn(msg)
[36mINFO[0m 08/01 20:12:54 | 0.494033    0.528846    0.000000    0.675799    0.515860    0.651424    1.952292    0.549186    0.684932    0.678788    0.494033    0.515860    0.528846    0.549186    0.666667    0.624060    1700        247.272727  0.082298    0.914634    0.463800    3.064584   
/home/s21_yhr/miniconda3/envs/GGA/lib/python3.11/site-packages/torchvision/models/_utils.py:208: UserWarning: The parameter 'pretrained' is deprecated since 0.13 and may be removed in the future, please use 'weights' instead.
  warnings.warn(
/home/s21_yhr/miniconda3/envs/GGA/lib/python3.11/site-packages/torchvision/models/_utils.py:223: UserWarning: Arguments other than a weight enum or `None` for 'weights' are deprecated since 0.13 and may be removed in the future. The current behavior is equivalent to passing `weights=ResNet50_Weights.IMAGENET1K_V1`. You can also use `weights=ResNet50_Weights.DEFAULT` to get the most up-to-date weights.
  warnings.warn(msg)
[36mINFO[0m 08/01 20:14:26 | 0.582339    0.625000    0.000000    0.623034    0.656321    0.622309    3.265728    0.685651    0.616438    0.634091    0.582339    0.656321    0.625000    0.685651    0.629630    0.610526    1800        261.818182  0.072809    0.921317    0.473479    3.064584   
/home/s21_yhr/miniconda3/envs/GGA/lib/python3.11/site-packages/torchvision/models/_utils.py:208: UserWarning: The parameter 'pretrained' is deprecated since 0.13 and may be removed in the future, please use 'weights' instead.
  warnings.warn(
/home/s21_yhr/miniconda3/envs/GGA/lib/python3.11/site-packages/torchvision/models/_utils.py:223: UserWarning: Arguments other than a weight enum or `None` for 'weights' are deprecated since 0.13 and may be removed in the future. The current behavior is equivalent to passing `weights=ResNet50_Weights.IMAGENET1K_V1`. You can also use `weights=ResNet50_Weights.DEFAULT` to get the most up-to-date weights.
  warnings.warn(msg)
[36mINFO[0m 08/01 20:15:58 | 0.544153    0.576923    0.000000    0.616185    0.556308    0.575165    2.553203    0.605399    0.602740    0.593939    0.544153    0.556308    0.576923    0.605399    0.629630    0.556391    1900        276.363636  0.071598    0.912438    0.466517    3.064584   
/home/s21_yhr/miniconda3/envs/GGA/lib/python3.11/site-packages/torchvision/models/_utils.py:208: UserWarning: The parameter 'pretrained' is deprecated since 0.13 and may be removed in the future, please use 'weights' instead.
  warnings.warn(
/home/s21_yhr/miniconda3/envs/GGA/lib/python3.11/site-packages/torchvision/models/_utils.py:223: UserWarning: Arguments other than a weight enum or `None` for 'weights' are deprecated since 0.13 and may be removed in the future. The current behavior is equivalent to passing `weights=ResNet50_Weights.IMAGENET1K_V1`. You can also use `weights=ResNet50_Weights.DEFAULT` to get the most up-to-date weights.
  warnings.warn(msg)
[36mINFO[0m 08/01 20:17:30 | 0.532220    0.605769    0.000000    0.618595    0.526160    0.617814    2.213127    0.615385    0.589041    0.638636    0.532220    0.526160    0.605769    0.615385    0.648148    0.596992    2000        290.909091  0.061744    0.914492    0.478841    3.064584   
/home/s21_yhr/miniconda3/envs/GGA/lib/python3.11/site-packages/torchvision/models/_utils.py:208: UserWarning: The parameter 'pretrained' is deprecated since 0.13 and may be removed in the future, please use 'weights' instead.
  warnings.warn(
/home/s21_yhr/miniconda3/envs/GGA/lib/python3.11/site-packages/torchvision/models/_utils.py:223: UserWarning: Arguments other than a weight enum or `None` for 'weights' are deprecated since 0.13 and may be removed in the future. The current behavior is equivalent to passing `weights=ResNet50_Weights.IMAGENET1K_V1`. You can also use `weights=ResNet50_Weights.DEFAULT` to get the most up-to-date weights.
  warnings.warn(msg)
[36mINFO[0m 08/01 20:19:02 | 0.503580    0.596154    0.000000    0.652841    0.508750    0.664172    2.884696    0.595414    0.657534    0.669697    0.503580    0.508750    0.596154    0.595414    0.648148    0.658647    2100        305.454545  0.071520    0.910549    0.477048    3.064584   
/home/s21_yhr/miniconda3/envs/GGA/lib/python3.11/site-packages/torchvision/models/_utils.py:208: UserWarning: The parameter 'pretrained' is deprecated since 0.13 and may be removed in the future, please use 'weights' instead.
  warnings.warn(
/home/s21_yhr/miniconda3/envs/GGA/lib/python3.11/site-packages/torchvision/models/_utils.py:223: UserWarning: Arguments other than a weight enum or `None` for 'weights' are deprecated since 0.13 and may be removed in the future. The current behavior is equivalent to passing `weights=ResNet50_Weights.IMAGENET1K_V1`. You can also use `weights=ResNet50_Weights.DEFAULT` to get the most up-to-date weights.
  warnings.warn(msg)
[36mINFO[0m 08/01 20:20:33 | 0.498807    0.519231    0.000000    0.639143    0.521807    0.643515    2.738555    0.584689    0.630137    0.675000    0.498807    0.521807    0.519231    0.584689    0.648148    0.612030    2200        320.000000  0.069804    0.909160    0.465194    3.064645   
/home/s21_yhr/miniconda3/envs/GGA/lib/python3.11/site-packages/torchvision/models/_utils.py:208: UserWarning: The parameter 'pretrained' is deprecated since 0.13 and may be removed in the future, please use 'weights' instead.
  warnings.warn(
/home/s21_yhr/miniconda3/envs/GGA/lib/python3.11/site-packages/torchvision/models/_utils.py:223: UserWarning: Arguments other than a weight enum or `None` for 'weights' are deprecated since 0.13 and may be removed in the future. The current behavior is equivalent to passing `weights=ResNet50_Weights.IMAGENET1K_V1`. You can also use `weights=ResNet50_Weights.DEFAULT` to get the most up-to-date weights.
  warnings.warn(msg)
[36mINFO[0m 08/01 20:22:04 | 0.610979    0.653846    0.000000    0.655251    0.675075    0.631021    2.810062    0.754068    0.643836    0.651515    0.610979    0.675075    0.653846    0.754068    0.666667    0.610526    2300        334.545455  0.066586    0.908009    0.469479    3.064645   
/home/s21_yhr/miniconda3/envs/GGA/lib/python3.11/site-packages/torchvision/models/_utils.py:208: UserWarning: The parameter 'pretrained' is deprecated since 0.13 and may be removed in the future, please use 'weights' instead.
  warnings.warn(
/home/s21_yhr/miniconda3/envs/GGA/lib/python3.11/site-packages/torchvision/models/_utils.py:223: UserWarning: Arguments other than a weight enum or `None` for 'weights' are deprecated since 0.13 and may be removed in the future. The current behavior is equivalent to passing `weights=ResNet50_Weights.IMAGENET1K_V1`. You can also use `weights=ResNet50_Weights.DEFAULT` to get the most up-to-date weights.
  warnings.warn(msg)
[36mINFO[0m 08/01 20:23:36 | 0.553699    0.605769    0.000000    0.675799    0.568271    0.671403    2.053662    0.657175    0.684932    0.693182    0.553699    0.568271    0.605769    0.657175    0.666667    0.649624    2400        349.090909  0.068079    0.918107    0.476433    3.064645   
/home/s21_yhr/miniconda3/envs/GGA/lib/python3.11/site-packages/torchvision/models/_utils.py:208: UserWarning: The parameter 'pretrained' is deprecated since 0.13 and may be removed in the future, please use 'weights' instead.
  warnings.warn(
/home/s21_yhr/miniconda3/envs/GGA/lib/python3.11/site-packages/torchvision/models/_utils.py:223: UserWarning: Arguments other than a weight enum or `None` for 'weights' are deprecated since 0.13 and may be removed in the future. The current behavior is equivalent to passing `weights=ResNet50_Weights.IMAGENET1K_V1`. You can also use `weights=ResNet50_Weights.DEFAULT` to get the most up-to-date weights.
  warnings.warn(msg)
[36mINFO[0m 08/01 20:25:08 | 0.529833    0.567308    0.000000    0.685058    0.544367    0.679013    2.932517    0.632396    0.684932    0.717424    0.529833    0.544367    0.567308    0.632396    0.685185    0.640602    2500        363.636364  0.058750    0.907330    0.467994    3.064645   
/home/s21_yhr/miniconda3/envs/GGA/lib/python3.11/site-packages/torchvision/models/_utils.py:208: UserWarning: The parameter 'pretrained' is deprecated since 0.13 and may be removed in the future, please use 'weights' instead.
  warnings.warn(
/home/s21_yhr/miniconda3/envs/GGA/lib/python3.11/site-packages/torchvision/models/_utils.py:223: UserWarning: Arguments other than a weight enum or `None` for 'weights' are deprecated since 0.13 and may be removed in the future. The current behavior is equivalent to passing `weights=ResNet50_Weights.IMAGENET1K_V1`. You can also use `weights=ResNet50_Weights.DEFAULT` to get the most up-to-date weights.
  warnings.warn(msg)
[36mINFO[0m 08/01 20:26:14 | 0.556086    0.567308    0.000000    0.625063    0.589326    0.644680    2.703542    0.633876    0.657534    0.684848    0.556086    0.589326    0.567308    0.633876    0.592593    0.604511    2600        378.181818  0.060489    0.655552    0.488188    3.064645   
/home/s21_yhr/miniconda3/envs/GGA/lib/python3.11/site-packages/torchvision/models/_utils.py:208: UserWarning: The parameter 'pretrained' is deprecated since 0.13 and may be removed in the future, please use 'weights' instead.
  warnings.warn(
/home/s21_yhr/miniconda3/envs/GGA/lib/python3.11/site-packages/torchvision/models/_utils.py:223: UserWarning: Arguments other than a weight enum or `None` for 'weights' are deprecated since 0.13 and may be removed in the future. The current behavior is equivalent to passing `weights=ResNet50_Weights.IMAGENET1K_V1`. You can also use `weights=ResNet50_Weights.DEFAULT` to get the most up-to-date weights.
  warnings.warn(msg)
[36mINFO[0m 08/01 20:27:14 | 0.510740    0.548077    0.000000    0.703577    0.547489    0.673297    2.410548    0.607988    0.684932    0.696970    0.510740    0.547489    0.548077    0.607988    0.722222    0.649624    2700        392.727273  0.056497    0.597462    0.484110    3.064645   
/home/s21_yhr/miniconda3/envs/GGA/lib/python3.11/site-packages/torchvision/models/_utils.py:208: UserWarning: The parameter 'pretrained' is deprecated since 0.13 and may be removed in the future, please use 'weights' instead.
  warnings.warn(
/home/s21_yhr/miniconda3/envs/GGA/lib/python3.11/site-packages/torchvision/models/_utils.py:223: UserWarning: Arguments other than a weight enum or `None` for 'weights' are deprecated since 0.13 and may be removed in the future. The current behavior is equivalent to passing `weights=ResNet50_Weights.IMAGENET1K_V1`. You can also use `weights=ResNet50_Weights.DEFAULT` to get the most up-to-date weights.
  warnings.warn(msg)
[36mINFO[0m 08/01 20:28:15 | 0.503580    0.519231    0.000000    0.650812    0.513764    0.644777    2.649173    0.606139    0.616438    0.710606    0.503580    0.513764    0.519231    0.606139    0.685185    0.578947    2800        407.272727  0.064367    0.608652    0.502250    3.064645   
/home/s21_yhr/miniconda3/envs/GGA/lib/python3.11/site-packages/torchvision/models/_utils.py:208: UserWarning: The parameter 'pretrained' is deprecated since 0.13 and may be removed in the future, please use 'weights' instead.
  warnings.warn(
/home/s21_yhr/miniconda3/envs/GGA/lib/python3.11/site-packages/torchvision/models/_utils.py:223: UserWarning: Arguments other than a weight enum or `None` for 'weights' are deprecated since 0.13 and may be removed in the future. The current behavior is equivalent to passing `weights=ResNet50_Weights.IMAGENET1K_V1`. You can also use `weights=ResNet50_Weights.DEFAULT` to get the most up-to-date weights.
  warnings.warn(msg)
[36mINFO[0m 08/01 20:29:15 | 0.599045    0.548077    0.000000    0.643582    0.597484    0.678910    1.787248    0.590237    0.657534    0.690152    0.599045    0.597484    0.548077    0.590237    0.629630    0.667669    2900        421.818182  0.053945    0.593805    0.500271    3.064645   
/home/s21_yhr/miniconda3/envs/GGA/lib/python3.11/site-packages/torchvision/models/_utils.py:208: UserWarning: The parameter 'pretrained' is deprecated since 0.13 and may be removed in the future, please use 'weights' instead.
  warnings.warn(
/home/s21_yhr/miniconda3/envs/GGA/lib/python3.11/site-packages/torchvision/models/_utils.py:223: UserWarning: Arguments other than a weight enum or `None` for 'weights' are deprecated since 0.13 and may be removed in the future. The current behavior is equivalent to passing `weights=ResNet50_Weights.IMAGENET1K_V1`. You can also use `weights=ResNet50_Weights.DEFAULT` to get the most up-to-date weights.
  warnings.warn(msg)
[36mINFO[0m 08/01 20:30:13 | 0.560859    0.567308    0.000000    0.645992    0.581100    0.651407    2.410236    0.596154    0.643836    0.674242    0.560859    0.581100    0.567308    0.596154    0.648148    0.628571    3000        436.363636  0.061585    0.574388    0.493007    3.064645   
/home/s21_yhr/miniconda3/envs/GGA/lib/python3.11/site-packages/torchvision/models/_utils.py:208: UserWarning: The parameter 'pretrained' is deprecated since 0.13 and may be removed in the future, please use 'weights' instead.
  warnings.warn(
/home/s21_yhr/miniconda3/envs/GGA/lib/python3.11/site-packages/torchvision/models/_utils.py:223: UserWarning: Arguments other than a weight enum or `None` for 'weights' are deprecated since 0.13 and may be removed in the future. The current behavior is equivalent to passing `weights=ResNet50_Weights.IMAGENET1K_V1`. You can also use `weights=ResNet50_Weights.DEFAULT` to get the most up-to-date weights.
  warnings.warn(msg)
[36mINFO[0m 08/01 20:31:11 | 0.546539    0.567308    0.000000    0.673770    0.604366    0.654919    2.996825    0.600222    0.643836    0.708333    0.546539    0.604366    0.567308    0.600222    0.703704    0.601504    3100        450.909091  0.053173    0.570461    0.488113    3.065072   
/home/s21_yhr/miniconda3/envs/GGA/lib/python3.11/site-packages/torchvision/models/_utils.py:208: UserWarning: The parameter 'pretrained' is deprecated since 0.13 and may be removed in the future, please use 'weights' instead.
  warnings.warn(
/home/s21_yhr/miniconda3/envs/GGA/lib/python3.11/site-packages/torchvision/models/_utils.py:223: UserWarning: Arguments other than a weight enum or `None` for 'weights' are deprecated since 0.13 and may be removed in the future. The current behavior is equivalent to passing `weights=ResNet50_Weights.IMAGENET1K_V1`. You can also use `weights=ResNet50_Weights.DEFAULT` to get the most up-to-date weights.
  warnings.warn(msg)
[36mINFO[0m 08/01 20:32:10 | 0.539379    0.586538    0.000000    0.659691    0.569057    0.645719    3.431315    0.645340    0.671233    0.661364    0.539379    0.569057    0.586538    0.645340    0.648148    0.630075    3200        465.454545  0.057973    0.583392    0.484316    3.065072   
/home/s21_yhr/miniconda3/envs/GGA/lib/python3.11/site-packages/torchvision/models/_utils.py:208: UserWarning: The parameter 'pretrained' is deprecated since 0.13 and may be removed in the future, please use 'weights' instead.
  warnings.warn(
/home/s21_yhr/miniconda3/envs/GGA/lib/python3.11/site-packages/torchvision/models/_utils.py:223: UserWarning: Arguments other than a weight enum or `None` for 'weights' are deprecated since 0.13 and may be removed in the future. The current behavior is equivalent to passing `weights=ResNet50_Weights.IMAGENET1K_V1`. You can also use `weights=ResNet50_Weights.DEFAULT` to get the most up-to-date weights.
  warnings.warn(msg)
[36mINFO[0m 08/01 20:33:09 | 0.513126    0.528846    0.000000    0.655251    0.528439    0.637896    2.776687    0.583210    0.643836    0.680303    0.513126    0.528439    0.528846    0.583210    0.666667    0.595489    3300        480.000000  0.050987    0.587050    0.487558    3.065072   
/home/s21_yhr/miniconda3/envs/GGA/lib/python3.11/site-packages/torchvision/models/_utils.py:208: UserWarning: The parameter 'pretrained' is deprecated since 0.13 and may be removed in the future, please use 'weights' instead.
  warnings.warn(
/home/s21_yhr/miniconda3/envs/GGA/lib/python3.11/site-packages/torchvision/models/_utils.py:223: UserWarning: Arguments other than a weight enum or `None` for 'weights' are deprecated since 0.13 and may be removed in the future. The current behavior is equivalent to passing `weights=ResNet50_Weights.IMAGENET1K_V1`. You can also use `weights=ResNet50_Weights.DEFAULT` to get the most up-to-date weights.
  warnings.warn(msg)
[36mINFO[0m 08/01 20:34:07 | 0.494033    0.519231    0.000000    0.691908    0.509388    0.666846    2.329003    0.527367    0.698630    0.681061    0.494033    0.509388    0.519231    0.527367    0.685185    0.652632    3400        494.545455  0.047144    0.575561    0.500545    3.065072   
/home/s21_yhr/miniconda3/envs/GGA/lib/python3.11/site-packages/torchvision/models/_utils.py:208: UserWarning: The parameter 'pretrained' is deprecated since 0.13 and may be removed in the future, please use 'weights' instead.
  warnings.warn(
/home/s21_yhr/miniconda3/envs/GGA/lib/python3.11/site-packages/torchvision/models/_utils.py:223: UserWarning: Arguments other than a weight enum or `None` for 'weights' are deprecated since 0.13 and may be removed in the future. The current behavior is equivalent to passing `weights=ResNet50_Weights.IMAGENET1K_V1`. You can also use `weights=ResNet50_Weights.DEFAULT` to get the most up-to-date weights.
  warnings.warn(msg)
[36mINFO[0m 08/01 20:35:07 | 0.603819    0.557692    0.000000    0.645992    0.622277    0.656676    2.193146    0.618713    0.643836    0.675758    0.603819    0.622277    0.557692    0.618713    0.648148    0.637594    3500        509.090909  0.074347    0.593382    0.508577    3.065072   
/home/s21_yhr/miniconda3/envs/GGA/lib/python3.11/site-packages/torchvision/models/_utils.py:208: UserWarning: The parameter 'pretrained' is deprecated since 0.13 and may be removed in the future, please use 'weights' instead.
  warnings.warn(
/home/s21_yhr/miniconda3/envs/GGA/lib/python3.11/site-packages/torchvision/models/_utils.py:223: UserWarning: Arguments other than a weight enum or `None` for 'weights' are deprecated since 0.13 and may be removed in the future. The current behavior is equivalent to passing `weights=ResNet50_Weights.IMAGENET1K_V1`. You can also use `weights=ResNet50_Weights.DEFAULT` to get the most up-to-date weights.
  warnings.warn(msg)
[36mINFO[0m 08/01 20:36:06 | 0.510740    0.528846    0.000000    0.682648    0.520440    0.705087    1.957651    0.572855    0.698630    0.753030    0.510740    0.520440    0.528846    0.572855    0.666667    0.657143    3600        523.636364  0.052638    0.584786    0.508080    3.065072   
/home/s21_yhr/miniconda3/envs/GGA/lib/python3.11/site-packages/torchvision/models/_utils.py:208: UserWarning: The parameter 'pretrained' is deprecated since 0.13 and may be removed in the future, please use 'weights' instead.
  warnings.warn(
/home/s21_yhr/miniconda3/envs/GGA/lib/python3.11/site-packages/torchvision/models/_utils.py:223: UserWarning: Arguments other than a weight enum or `None` for 'weights' are deprecated since 0.13 and may be removed in the future. The current behavior is equivalent to passing `weights=ResNet50_Weights.IMAGENET1K_V1`. You can also use `weights=ResNet50_Weights.DEFAULT` to get the most up-to-date weights.
  warnings.warn(msg)
[36mINFO[0m 08/01 20:37:05 | 0.525060    0.528846    0.000000    0.673770    0.548947    0.622653    3.022620    0.559911    0.643836    0.625758    0.525060    0.548947    0.528846    0.559911    0.703704    0.619549    3700        538.181818  0.041489    0.590354    0.500271    3.065072   
/home/s21_yhr/miniconda3/envs/GGA/lib/python3.11/site-packages/torchvision/models/_utils.py:208: UserWarning: The parameter 'pretrained' is deprecated since 0.13 and may be removed in the future, please use 'weights' instead.
  warnings.warn(
/home/s21_yhr/miniconda3/envs/GGA/lib/python3.11/site-packages/torchvision/models/_utils.py:223: UserWarning: Arguments other than a weight enum or `None` for 'weights' are deprecated since 0.13 and may be removed in the future. The current behavior is equivalent to passing `weights=ResNet50_Weights.IMAGENET1K_V1`. You can also use `weights=ResNet50_Weights.DEFAULT` to get the most up-to-date weights.
  warnings.warn(msg)
[36mINFO[0m 08/01 20:38:05 | 0.522673    0.596154    0.000000    0.645611    0.531959    0.690670    2.456431    0.625925    0.698630    0.718182    0.522673    0.531959    0.596154    0.625925    0.592593    0.663158    3800        552.727273  0.059626    0.597061    0.492939    3.065072   
/home/s21_yhr/miniconda3/envs/GGA/lib/python3.11/site-packages/torchvision/models/_utils.py:208: UserWarning: The parameter 'pretrained' is deprecated since 0.13 and may be removed in the future, please use 'weights' instead.
  warnings.warn(
/home/s21_yhr/miniconda3/envs/GGA/lib/python3.11/site-packages/torchvision/models/_utils.py:223: UserWarning: Arguments other than a weight enum or `None` for 'weights' are deprecated since 0.13 and may be removed in the future. The current behavior is equivalent to passing `weights=ResNet50_Weights.IMAGENET1K_V1`. You can also use `weights=ResNet50_Weights.DEFAULT` to get the most up-to-date weights.
  warnings.warn(msg)
[36mINFO[0m 08/01 20:39:05 | 0.522673    0.576923    0.000000    0.673389    0.514652    0.683874    1.914046    0.602441    0.698630    0.710606    0.522673    0.514652    0.576923    0.602441    0.648148    0.657143    3900        567.272727  0.051900    0.588898    0.491246    3.065072   
/home/s21_yhr/miniconda3/envs/GGA/lib/python3.11/site-packages/torchvision/models/_utils.py:208: UserWarning: The parameter 'pretrained' is deprecated since 0.13 and may be removed in the future, please use 'weights' instead.
  warnings.warn(
/home/s21_yhr/miniconda3/envs/GGA/lib/python3.11/site-packages/torchvision/models/_utils.py:223: UserWarning: Arguments other than a weight enum or `None` for 'weights' are deprecated since 0.13 and may be removed in the future. The current behavior is equivalent to passing `weights=ResNet50_Weights.IMAGENET1K_V1`. You can also use `weights=ResNet50_Weights.DEFAULT` to get the most up-to-date weights.
  warnings.warn(msg)
[36mINFO[0m 08/01 20:40:04 | 0.448687    0.471154    0.000000    0.710426    0.443487    0.663631    2.331753    0.515163    0.698630    0.725758    0.448687    0.443487    0.471154    0.515163    0.722222    0.601504    4000        581.818182  0.047439    0.585400    0.498811    3.065072   
/home/s21_yhr/miniconda3/envs/GGA/lib/python3.11/site-packages/torchvision/models/_utils.py:208: UserWarning: The parameter 'pretrained' is deprecated since 0.13 and may be removed in the future, please use 'weights' instead.
  warnings.warn(
/home/s21_yhr/miniconda3/envs/GGA/lib/python3.11/site-packages/torchvision/models/_utils.py:223: UserWarning: Arguments other than a weight enum or `None` for 'weights' are deprecated since 0.13 and may be removed in the future. The current behavior is equivalent to passing `weights=ResNet50_Weights.IMAGENET1K_V1`. You can also use `weights=ResNet50_Weights.DEFAULT` to get the most up-to-date weights.
  warnings.warn(msg)
[36mINFO[0m 08/01 20:41:03 | 0.525060    0.586538    0.000000    0.680238    0.521112    0.657439    2.113005    0.596524    0.712329    0.678788    0.525060    0.521112    0.586538    0.596524    0.648148    0.636090    4100        596.363636  0.050548    0.589962    0.497641    3.065072   
/home/s21_yhr/miniconda3/envs/GGA/lib/python3.11/site-packages/torchvision/models/_utils.py:208: UserWarning: The parameter 'pretrained' is deprecated since 0.13 and may be removed in the future, please use 'weights' instead.
  warnings.warn(
/home/s21_yhr/miniconda3/envs/GGA/lib/python3.11/site-packages/torchvision/models/_utils.py:223: UserWarning: Arguments other than a weight enum or `None` for 'weights' are deprecated since 0.13 and may be removed in the future. The current behavior is equivalent to passing `weights=ResNet50_Weights.IMAGENET1K_V1`. You can also use `weights=ResNet50_Weights.DEFAULT` to get the most up-to-date weights.
  warnings.warn(msg)
[36mINFO[0m 08/01 20:42:03 | 0.446301    0.471154    0.000000    0.664510    0.463768    0.651079    2.669874    0.540311    0.643836    0.687121    0.446301    0.463768    0.471154    0.540311    0.685185    0.615038    4200        610.909091  0.044126    0.590322    0.489957    3.065072   
/home/s21_yhr/miniconda3/envs/GGA/lib/python3.11/site-packages/torchvision/models/_utils.py:208: UserWarning: The parameter 'pretrained' is deprecated since 0.13 and may be removed in the future, please use 'weights' instead.
  warnings.warn(
/home/s21_yhr/miniconda3/envs/GGA/lib/python3.11/site-packages/torchvision/models/_utils.py:223: UserWarning: Arguments other than a weight enum or `None` for 'weights' are deprecated since 0.13 and may be removed in the future. The current behavior is equivalent to passing `weights=ResNet50_Weights.IMAGENET1K_V1`. You can also use `weights=ResNet50_Weights.DEFAULT` to get the most up-to-date weights.
  warnings.warn(msg)
[36mINFO[0m 08/01 20:43:02 | 0.558473    0.576923    0.000000    0.643582    0.541336    0.655229    2.245930    0.612056    0.657534    0.690909    0.558473    0.541336    0.576923    0.612056    0.629630    0.619549    4300        625.454545  0.047271    0.587985    0.499632    3.065072   
/home/s21_yhr/miniconda3/envs/GGA/lib/python3.11/site-packages/torchvision/models/_utils.py:208: UserWarning: The parameter 'pretrained' is deprecated since 0.13 and may be removed in the future, please use 'weights' instead.
  warnings.warn(
/home/s21_yhr/miniconda3/envs/GGA/lib/python3.11/site-packages/torchvision/models/_utils.py:223: UserWarning: Arguments other than a weight enum or `None` for 'weights' are deprecated since 0.13 and may be removed in the future. The current behavior is equivalent to passing `weights=ResNet50_Weights.IMAGENET1K_V1`. You can also use `weights=ResNet50_Weights.DEFAULT` to get the most up-to-date weights.
  warnings.warn(msg)
[36mINFO[0m 08/01 20:44:04 | 0.556086    0.615385    0.000000    0.682648    0.544002    0.688518    2.352033    0.623706    0.698630    0.695833    0.556086    0.544002    0.615385    0.623706    0.666667    0.681203    4400        640.000000  0.046236    0.607321    0.494980    3.065072   
/home/s21_yhr/miniconda3/envs/GGA/lib/python3.11/site-packages/torchvision/models/_utils.py:208: UserWarning: The parameter 'pretrained' is deprecated since 0.13 and may be removed in the future, please use 'weights' instead.
  warnings.warn(
/home/s21_yhr/miniconda3/envs/GGA/lib/python3.11/site-packages/torchvision/models/_utils.py:223: UserWarning: Arguments other than a weight enum or `None` for 'weights' are deprecated since 0.13 and may be removed in the future. The current behavior is equivalent to passing `weights=ResNet50_Weights.IMAGENET1K_V1`. You can also use `weights=ResNet50_Weights.DEFAULT` to get the most up-to-date weights.
  warnings.warn(msg)
[36mINFO[0m 08/01 20:45:03 | 0.544153    0.548077    0.000000    0.645992    0.555692    0.642786    2.202672    0.564349    0.643836    0.681061    0.544153    0.555692    0.548077    0.564349    0.648148    0.604511    4500        654.545455  0.061992    0.587137    0.500828    3.065072   
/home/s21_yhr/miniconda3/envs/GGA/lib/python3.11/site-packages/torchvision/models/_utils.py:208: UserWarning: The parameter 'pretrained' is deprecated since 0.13 and may be removed in the future, please use 'weights' instead.
  warnings.warn(
/home/s21_yhr/miniconda3/envs/GGA/lib/python3.11/site-packages/torchvision/models/_utils.py:223: UserWarning: Arguments other than a weight enum or `None` for 'weights' are deprecated since 0.13 and may be removed in the future. The current behavior is equivalent to passing `weights=ResNet50_Weights.IMAGENET1K_V1`. You can also use `weights=ResNet50_Weights.DEFAULT` to get the most up-to-date weights.
  warnings.warn(msg)
[36mINFO[0m 08/01 20:46:02 | 0.572792    0.567308    0.000000    0.691527    0.563577    0.671918    2.903699    0.570266    0.753425    0.730303    0.572792    0.563577    0.567308    0.570266    0.629630    0.613534    4600        669.090909  0.045028    0.592149    0.478588    3.065072   
/home/s21_yhr/miniconda3/envs/GGA/lib/python3.11/site-packages/torchvision/models/_utils.py:208: UserWarning: The parameter 'pretrained' is deprecated since 0.13 and may be removed in the future, please use 'weights' instead.
  warnings.warn(
/home/s21_yhr/miniconda3/envs/GGA/lib/python3.11/site-packages/torchvision/models/_utils.py:223: UserWarning: Arguments other than a weight enum or `None` for 'weights' are deprecated since 0.13 and may be removed in the future. The current behavior is equivalent to passing `weights=ResNet50_Weights.IMAGENET1K_V1`. You can also use `weights=ResNet50_Weights.DEFAULT` to get the most up-to-date weights.
  warnings.warn(msg)
[36mINFO[0m 08/01 20:47:03 | 0.522673    0.500000    0.000000    0.618214    0.570117    0.632610    4.264487    0.541790    0.643836    0.674242    0.522673    0.570117    0.500000    0.541790    0.592593    0.590977    4700        683.636364  0.042077    0.595578    0.498008    3.065072   
/home/s21_yhr/miniconda3/envs/GGA/lib/python3.11/site-packages/torchvision/models/_utils.py:208: UserWarning: The parameter 'pretrained' is deprecated since 0.13 and may be removed in the future, please use 'weights' instead.
  warnings.warn(
/home/s21_yhr/miniconda3/envs/GGA/lib/python3.11/site-packages/torchvision/models/_utils.py:223: UserWarning: Arguments other than a weight enum or `None` for 'weights' are deprecated since 0.13 and may be removed in the future. The current behavior is equivalent to passing `weights=ResNet50_Weights.IMAGENET1K_V1`. You can also use `weights=ResNet50_Weights.DEFAULT` to get the most up-to-date weights.
  warnings.warn(msg)
[36mINFO[0m 08/01 20:48:02 | 0.582339    0.548077    0.000000    0.602106    0.601267    0.645899    2.283883    0.592825    0.630137    0.609091    0.582339    0.601267    0.548077    0.592825    0.574074    0.682707    4800        698.181818  0.046883    0.591682    0.486772    3.065072   
/home/s21_yhr/miniconda3/envs/GGA/lib/python3.11/site-packages/torchvision/models/_utils.py:208: UserWarning: The parameter 'pretrained' is deprecated since 0.13 and may be removed in the future, please use 'weights' instead.
  warnings.warn(
/home/s21_yhr/miniconda3/envs/GGA/lib/python3.11/site-packages/torchvision/models/_utils.py:223: UserWarning: Arguments other than a weight enum or `None` for 'weights' are deprecated since 0.13 and may be removed in the future. The current behavior is equivalent to passing `weights=ResNet50_Weights.IMAGENET1K_V1`. You can also use `weights=ResNet50_Weights.DEFAULT` to get the most up-to-date weights.
  warnings.warn(msg)
[36mINFO[0m 08/01 20:49:02 | 0.520286    0.519231    0.000000    0.675419    0.551784    0.678002    2.441007    0.599112    0.739726    0.748485    0.520286    0.551784    0.519231    0.599112    0.611111    0.607519    4900        712.727273  0.045481    0.593777    0.501478    3.065072   
/home/s21_yhr/miniconda3/envs/GGA/lib/python3.11/site-packages/torchvision/models/_utils.py:208: UserWarning: The parameter 'pretrained' is deprecated since 0.13 and may be removed in the future, please use 'weights' instead.
  warnings.warn(
/home/s21_yhr/miniconda3/envs/GGA/lib/python3.11/site-packages/torchvision/models/_utils.py:223: UserWarning: Arguments other than a weight enum or `None` for 'weights' are deprecated since 0.13 and may be removed in the future. The current behavior is equivalent to passing `weights=ResNet50_Weights.IMAGENET1K_V1`. You can also use `weights=ResNet50_Weights.DEFAULT` to get the most up-to-date weights.
  warnings.warn(msg)
[36mINFO[0m 08/01 20:50:00 | 0.570406    0.538462    0.000000    0.677829    0.565969    0.628489    2.884619    0.570636    0.726027    0.678030    0.570406    0.565969    0.538462    0.570636    0.629630    0.578947    5000        727.272727  0.045827    0.576749    0.497921    3.065072   
[36mINFO[0m 08/01 20:50:00 | ---
[36mINFO[0m 08/01 20:50:00 | oracle = 61.098%
[36mINFO[0m 08/01 20:50:00 | iid = 44.869%
[36mINFO[0m 08/01 20:50:00 | last = 57.041%
[36mINFO[0m 08/01 20:50:00 | last (inD) = 67.783%
[36mINFO[0m 08/01 20:50:00 | iid (inD) = 71.043%
[36mINFO[0m 08/01 20:50:01 | 
[36mINFO[0m 08/01 20:50:01 | Testenv name escaping te_02 -> te_02
[36mINFO[0m 08/01 20:50:01 | Test envs = [2], name = te_02
[36mINFO[0m 08/01 20:50:01 | Batch sizes for each domain: [32, 32, 0] (total=64)
[36mINFO[0m 08/01 20:50:01 | steps-per-epoch for each domain: 9.19, 13.09 -> min = 9.19
/home/s21_yhr/miniconda3/envs/GGA/lib/python3.11/site-packages/torchvision/models/_utils.py:208: UserWarning: The parameter 'pretrained' is deprecated since 0.13 and may be removed in the future, please use 'weights' instead.
  warnings.warn(
/home/s21_yhr/miniconda3/envs/GGA/lib/python3.11/site-packages/torchvision/models/_utils.py:223: UserWarning: Arguments other than a weight enum or `None` for 'weights' are deprecated since 0.13 and may be removed in the future. The current behavior is equivalent to passing `weights=ResNet50_Weights.IMAGENET1K_V1`. You can also use `weights=ResNet50_Weights.DEFAULT` to get the most up-to-date weights.
  warnings.warn(msg)
[36mINFO[0m 08/01 20:50:04 | # of params = 23512130
[36mINFO[0m 08/01 20:50:05 | test_in     test_out    train_in    train_out   test_in_au  train_out_  tr_outloss  test_out_a  env0_out    env0_out_a  env1_out    env1_out_a  env2_in     env2_in_au  env2_out    env2_out_a  step        epoch       loss        step_time   eval_time   mem_gb     
[36mINFO[0m 08/01 20:50:05 | 0.554545    0.648148    0.000000    0.523973    0.564905    0.647407    0.681946    0.518797    0.547945    0.487121    0.500000    0.807692    0.554545    0.564905    0.648148    0.518797    0           0.000000    0.666274    0.640338    0.364251    3.057565   
/home/s21_yhr/miniconda3/envs/GGA/lib/python3.11/site-packages/torchvision/models/_utils.py:208: UserWarning: The parameter 'pretrained' is deprecated since 0.13 and may be removed in the future, please use 'weights' instead.
  warnings.warn(
/home/s21_yhr/miniconda3/envs/GGA/lib/python3.11/site-packages/torchvision/models/_utils.py:223: UserWarning: Arguments other than a weight enum or `None` for 'weights' are deprecated since 0.13 and may be removed in the future. The current behavior is equivalent to passing `weights=ResNet50_Weights.IMAGENET1K_V1`. You can also use `weights=ResNet50_Weights.DEFAULT` to get the most up-to-date weights.
  warnings.warn(msg)
[36mINFO[0m 08/01 20:51:04 | 0.609091    0.574074    0.000000    0.675184    0.605303    0.769546    0.697655    0.613534    0.465753    0.573485    0.884615    0.965607    0.609091    0.605303    0.574074    0.613534    100         10.884354   0.462181    0.590296    0.329472    3.062997   
/home/s21_yhr/miniconda3/envs/GGA/lib/python3.11/site-packages/torchvision/models/_utils.py:208: UserWarning: The parameter 'pretrained' is deprecated since 0.13 and may be removed in the future, please use 'weights' instead.
  warnings.warn(
/home/s21_yhr/miniconda3/envs/GGA/lib/python3.11/site-packages/torchvision/models/_utils.py:223: UserWarning: Arguments other than a weight enum or `None` for 'weights' are deprecated since 0.13 and may be removed in the future. The current behavior is equivalent to passing `weights=ResNet50_Weights.IMAGENET1K_V1`. You can also use `weights=ResNet50_Weights.DEFAULT` to get the most up-to-date weights.
  warnings.warn(msg)
[36mINFO[0m 08/01 20:52:05 | 0.563636    0.666667    0.000000    0.695601    0.571596    0.764759    1.155392    0.600000    0.602740    0.590909    0.788462    0.938609    0.563636    0.571596    0.666667    0.600000    200         21.768707   0.286129    0.603272    0.346084    3.062997   
/home/s21_yhr/miniconda3/envs/GGA/lib/python3.11/site-packages/torchvision/models/_utils.py:208: UserWarning: The parameter 'pretrained' is deprecated since 0.13 and may be removed in the future, please use 'weights' instead.
  warnings.warn(
/home/s21_yhr/miniconda3/envs/GGA/lib/python3.11/site-packages/torchvision/models/_utils.py:223: UserWarning: Arguments other than a weight enum or `None` for 'weights' are deprecated since 0.13 and may be removed in the future. The current behavior is equivalent to passing `weights=ResNet50_Weights.IMAGENET1K_V1`. You can also use `weights=ResNet50_Weights.DEFAULT` to get the most up-to-date weights.
  warnings.warn(msg)
[36mINFO[0m 08/01 20:53:04 | 0.518182    0.703704    0.000000    0.766267    0.557963    0.782807    1.074909    0.705263    0.657534    0.615909    0.875000    0.949704    0.518182    0.557963    0.703704    0.705263    300         32.653061   0.213235    0.594062    0.319163    3.062997   
/home/s21_yhr/miniconda3/envs/GGA/lib/python3.11/site-packages/torchvision/models/_utils.py:208: UserWarning: The parameter 'pretrained' is deprecated since 0.13 and may be removed in the future, please use 'weights' instead.
  warnings.warn(
/home/s21_yhr/miniconda3/envs/GGA/lib/python3.11/site-packages/torchvision/models/_utils.py:223: UserWarning: Arguments other than a weight enum or `None` for 'weights' are deprecated since 0.13 and may be removed in the future. The current behavior is equivalent to passing `weights=ResNet50_Weights.IMAGENET1K_V1`. You can also use `weights=ResNet50_Weights.DEFAULT` to get the most up-to-date weights.
  warnings.warn(msg)
[36mINFO[0m 08/01 20:54:04 | 0.554545    0.703704    0.000000    0.733338    0.584393    0.787979    1.156363    0.688722    0.630137    0.631061    0.836538    0.944896    0.554545    0.584393    0.703704    0.688722    400         43.537415   0.148243    0.597492    0.342450    3.064584   
/home/s21_yhr/miniconda3/envs/GGA/lib/python3.11/site-packages/torchvision/models/_utils.py:208: UserWarning: The parameter 'pretrained' is deprecated since 0.13 and may be removed in the future, please use 'weights' instead.
  warnings.warn(
/home/s21_yhr/miniconda3/envs/GGA/lib/python3.11/site-packages/torchvision/models/_utils.py:223: UserWarning: Arguments other than a weight enum or `None` for 'weights' are deprecated since 0.13 and may be removed in the future. The current behavior is equivalent to passing `weights=ResNet50_Weights.IMAGENET1K_V1`. You can also use `weights=ResNet50_Weights.DEFAULT` to get the most up-to-date weights.
  warnings.warn(msg)
[36mINFO[0m 08/01 20:55:06 | 0.522727    0.666667    0.000000    0.704492    0.538893    0.741675    1.999107    0.648120    0.630137    0.562121    0.778846    0.921228    0.522727    0.538893    0.666667    0.648120    500         54.421769   0.127845    0.609419    0.358465    3.064584   
/home/s21_yhr/miniconda3/envs/GGA/lib/python3.11/site-packages/torchvision/models/_utils.py:208: UserWarning: The parameter 'pretrained' is deprecated since 0.13 and may be removed in the future, please use 'weights' instead.
  warnings.warn(
/home/s21_yhr/miniconda3/envs/GGA/lib/python3.11/site-packages/torchvision/models/_utils.py:223: UserWarning: Arguments other than a weight enum or `None` for 'weights' are deprecated since 0.13 and may be removed in the future. The current behavior is equivalent to passing `weights=ResNet50_Weights.IMAGENET1K_V1`. You can also use `weights=ResNet50_Weights.DEFAULT` to get the most up-to-date weights.
  warnings.warn(msg)
[36mINFO[0m 08/01 20:56:06 | 0.586364    0.629630    0.000000    0.712065    0.600201    0.766608    1.810631    0.664662    0.616438    0.590909    0.807692    0.942308    0.586364    0.600201    0.629630    0.664662    600         65.306122   0.132743    0.595991    0.337222    3.064584   
/home/s21_yhr/miniconda3/envs/GGA/lib/python3.11/site-packages/torchvision/models/_utils.py:208: UserWarning: The parameter 'pretrained' is deprecated since 0.13 and may be removed in the future, please use 'weights' instead.
  warnings.warn(
/home/s21_yhr/miniconda3/envs/GGA/lib/python3.11/site-packages/torchvision/models/_utils.py:223: UserWarning: Arguments other than a weight enum or `None` for 'weights' are deprecated since 0.13 and may be removed in the future. The current behavior is equivalent to passing `weights=ResNet50_Weights.IMAGENET1K_V1`. You can also use `weights=ResNet50_Weights.DEFAULT` to get the most up-to-date weights.
  warnings.warn(msg)
[36mINFO[0m 08/01 20:57:05 | 0.581818    0.666667    0.000000    0.720364    0.609317    0.761166    1.378293    0.673684    0.575342    0.607576    0.865385    0.914756    0.581818    0.609317    0.666667    0.673684    700         76.190476   0.100389    0.593210    0.332890    3.064584   
/home/s21_yhr/miniconda3/envs/GGA/lib/python3.11/site-packages/torchvision/models/_utils.py:208: UserWarning: The parameter 'pretrained' is deprecated since 0.13 and may be removed in the future, please use 'weights' instead.
  warnings.warn(
/home/s21_yhr/miniconda3/envs/GGA/lib/python3.11/site-packages/torchvision/models/_utils.py:223: UserWarning: Arguments other than a weight enum or `None` for 'weights' are deprecated since 0.13 and may be removed in the future. The current behavior is equivalent to passing `weights=ResNet50_Weights.IMAGENET1K_V1`. You can also use `weights=ResNet50_Weights.DEFAULT` to get the most up-to-date weights.
  warnings.warn(msg)
[36mINFO[0m 08/01 20:58:05 | 0.518182    0.592593    0.000000    0.654505    0.580880    0.745355    1.721042    0.691729    0.520548    0.560606    0.788462    0.930104    0.518182    0.580880    0.592593    0.691729    800         87.074830   0.122018    0.591121    0.327179    3.064584   
/home/s21_yhr/miniconda3/envs/GGA/lib/python3.11/site-packages/torchvision/models/_utils.py:208: UserWarning: The parameter 'pretrained' is deprecated since 0.13 and may be removed in the future, please use 'weights' instead.
  warnings.warn(
/home/s21_yhr/miniconda3/envs/GGA/lib/python3.11/site-packages/torchvision/models/_utils.py:223: UserWarning: Arguments other than a weight enum or `None` for 'weights' are deprecated since 0.13 and may be removed in the future. The current behavior is equivalent to passing `weights=ResNet50_Weights.IMAGENET1K_V1`. You can also use `weights=ResNet50_Weights.DEFAULT` to get the most up-to-date weights.
  warnings.warn(msg)
[36mINFO[0m 08/01 20:59:05 | 0.568182    0.629630    0.000000    0.710024    0.606557    0.779666    1.632321    0.711278    0.602740    0.631818    0.817308    0.927515    0.568182    0.606557    0.629630    0.711278    900         97.959184   0.093370    0.595065    0.360652    3.064584   
/home/s21_yhr/miniconda3/envs/GGA/lib/python3.11/site-packages/torchvision/models/_utils.py:208: UserWarning: The parameter 'pretrained' is deprecated since 0.13 and may be removed in the future, please use 'weights' instead.
  warnings.warn(
/home/s21_yhr/miniconda3/envs/GGA/lib/python3.11/site-packages/torchvision/models/_utils.py:223: UserWarning: Arguments other than a weight enum or `None` for 'weights' are deprecated since 0.13 and may be removed in the future. The current behavior is equivalent to passing `weights=ResNet50_Weights.IMAGENET1K_V1`. You can also use `weights=ResNet50_Weights.DEFAULT` to get the most up-to-date weights.
  warnings.warn(msg)
[36mINFO[0m 08/01 21:00:04 | 0.554545    0.574074    0.000000    0.698367    0.575778    0.741985    2.477186    0.678195    0.589041    0.572727    0.807692    0.911243    0.554545    0.575778    0.574074    0.678195    1000        108.843537  0.062067    0.586611    0.341419    3.064584   
/home/s21_yhr/miniconda3/envs/GGA/lib/python3.11/site-packages/torchvision/models/_utils.py:208: UserWarning: The parameter 'pretrained' is deprecated since 0.13 and may be removed in the future, please use 'weights' instead.
  warnings.warn(
/home/s21_yhr/miniconda3/envs/GGA/lib/python3.11/site-packages/torchvision/models/_utils.py:223: UserWarning: Arguments other than a weight enum or `None` for 'weights' are deprecated since 0.13 and may be removed in the future. The current behavior is equivalent to passing `weights=ResNet50_Weights.IMAGENET1K_V1`. You can also use `weights=ResNet50_Weights.DEFAULT` to get the most up-to-date weights.
  warnings.warn(msg)
[36mINFO[0m 08/01 21:01:03 | 0.568182    0.648148    0.000000    0.712065    0.588407    0.772267    2.219109    0.675188    0.616438    0.615909    0.807692    0.928624    0.568182    0.588407    0.648148    0.675188    1100        119.727891  0.091720    0.590034    0.325387    3.064584   
/home/s21_yhr/miniconda3/envs/GGA/lib/python3.11/site-packages/torchvision/models/_utils.py:208: UserWarning: The parameter 'pretrained' is deprecated since 0.13 and may be removed in the future, please use 'weights' instead.
  warnings.warn(
/home/s21_yhr/miniconda3/envs/GGA/lib/python3.11/site-packages/torchvision/models/_utils.py:223: UserWarning: Arguments other than a weight enum or `None` for 'weights' are deprecated since 0.13 and may be removed in the future. The current behavior is equivalent to passing `weights=ResNet50_Weights.IMAGENET1K_V1`. You can also use `weights=ResNet50_Weights.DEFAULT` to get the most up-to-date weights.
  warnings.warn(msg)
[36mINFO[0m 08/01 21:02:03 | 0.545455    0.648148    0.000000    0.675053    0.572014    0.768947    1.942061    0.666165    0.561644    0.616667    0.788462    0.921228    0.545455    0.572014    0.648148    0.666165    1200        130.612245  0.078010    0.597422    0.338949    3.064584   
/home/s21_yhr/miniconda3/envs/GGA/lib/python3.11/site-packages/torchvision/models/_utils.py:208: UserWarning: The parameter 'pretrained' is deprecated since 0.13 and may be removed in the future, please use 'weights' instead.
  warnings.warn(
/home/s21_yhr/miniconda3/envs/GGA/lib/python3.11/site-packages/torchvision/models/_utils.py:223: UserWarning: Arguments other than a weight enum or `None` for 'weights' are deprecated since 0.13 and may be removed in the future. The current behavior is equivalent to passing `weights=ResNet50_Weights.IMAGENET1K_V1`. You can also use `weights=ResNet50_Weights.DEFAULT` to get the most up-to-date weights.
  warnings.warn(msg)
[36mINFO[0m 08/01 21:03:04 | 0.590909    0.611111    0.000000    0.675053    0.599197    0.767870    1.790426    0.682707    0.561644    0.603788    0.788462    0.931953    0.590909    0.599197    0.611111    0.682707    1300        141.496599  0.064595    0.607584    0.346774    3.064584   
/home/s21_yhr/miniconda3/envs/GGA/lib/python3.11/site-packages/torchvision/models/_utils.py:208: UserWarning: The parameter 'pretrained' is deprecated since 0.13 and may be removed in the future, please use 'weights' instead.
  warnings.warn(
/home/s21_yhr/miniconda3/envs/GGA/lib/python3.11/site-packages/torchvision/models/_utils.py:223: UserWarning: Arguments other than a weight enum or `None` for 'weights' are deprecated since 0.13 and may be removed in the future. The current behavior is equivalent to passing `weights=ResNet50_Weights.IMAGENET1K_V1`. You can also use `weights=ResNet50_Weights.DEFAULT` to get the most up-to-date weights.
  warnings.warn(msg)
[36mINFO[0m 08/01 21:04:04 | 0.536364    0.592593    0.000000    0.694283    0.570258    0.763024    1.782421    0.721805    0.561644    0.631818    0.826923    0.894231    0.536364    0.570258    0.592593    0.721805    1400        152.380952  0.078854    0.593142    0.324756    3.064584   
/home/s21_yhr/miniconda3/envs/GGA/lib/python3.11/site-packages/torchvision/models/_utils.py:208: UserWarning: The parameter 'pretrained' is deprecated since 0.13 and may be removed in the future, please use 'weights' instead.
  warnings.warn(
/home/s21_yhr/miniconda3/envs/GGA/lib/python3.11/site-packages/torchvision/models/_utils.py:223: UserWarning: Arguments other than a weight enum or `None` for 'weights' are deprecated since 0.13 and may be removed in the future. The current behavior is equivalent to passing `weights=ResNet50_Weights.IMAGENET1K_V1`. You can also use `weights=ResNet50_Weights.DEFAULT` to get the most up-to-date weights.
  warnings.warn(msg)
[36mINFO[0m 08/01 21:05:03 | 0.590909    0.574074    0.000000    0.683944    0.593426    0.738120    1.612479    0.732331    0.589041    0.574242    0.778846    0.901997    0.590909    0.593426    0.574074    0.732331    1500        163.265306  0.079326    0.590606    0.327531    3.064584   
/home/s21_yhr/miniconda3/envs/GGA/lib/python3.11/site-packages/torchvision/models/_utils.py:208: UserWarning: The parameter 'pretrained' is deprecated since 0.13 and may be removed in the future, please use 'weights' instead.
  warnings.warn(
/home/s21_yhr/miniconda3/envs/GGA/lib/python3.11/site-packages/torchvision/models/_utils.py:223: UserWarning: Arguments other than a weight enum or `None` for 'weights' are deprecated since 0.13 and may be removed in the future. The current behavior is equivalent to passing `weights=ResNet50_Weights.IMAGENET1K_V1`. You can also use `weights=ResNet50_Weights.DEFAULT` to get the most up-to-date weights.
  warnings.warn(msg)
[36mINFO[0m 08/01 21:06:02 | 0.554545    0.629630    0.000000    0.669521    0.590248    0.758643    2.153506    0.697744    0.589041    0.605303    0.750000    0.911982    0.554545    0.590248    0.629630    0.697744    1600        174.149660  0.060007    0.588282    0.347278    3.064584   
/home/s21_yhr/miniconda3/envs/GGA/lib/python3.11/site-packages/torchvision/models/_utils.py:208: UserWarning: The parameter 'pretrained' is deprecated since 0.13 and may be removed in the future, please use 'weights' instead.
  warnings.warn(
/home/s21_yhr/miniconda3/envs/GGA/lib/python3.11/site-packages/torchvision/models/_utils.py:223: UserWarning: Arguments other than a weight enum or `None` for 'weights' are deprecated since 0.13 and may be removed in the future. The current behavior is equivalent to passing `weights=ResNet50_Weights.IMAGENET1K_V1`. You can also use `weights=ResNet50_Weights.DEFAULT` to get the most up-to-date weights.
  warnings.warn(msg)
[36mINFO[0m 08/01 21:07:02 | 0.500000    0.555556    0.000000    0.668203    0.558297    0.741457    1.839772    0.690226    0.547945    0.575000    0.788462    0.907914    0.500000    0.558297    0.555556    0.690226    1700        185.034014  0.061737    0.595089    0.328190    3.064584   
/home/s21_yhr/miniconda3/envs/GGA/lib/python3.11/site-packages/torchvision/models/_utils.py:208: UserWarning: The parameter 'pretrained' is deprecated since 0.13 and may be removed in the future, please use 'weights' instead.
  warnings.warn(
/home/s21_yhr/miniconda3/envs/GGA/lib/python3.11/site-packages/torchvision/models/_utils.py:223: UserWarning: Arguments other than a weight enum or `None` for 'weights' are deprecated since 0.13 and may be removed in the future. The current behavior is equivalent to passing `weights=ResNet50_Weights.IMAGENET1K_V1`. You can also use `weights=ResNet50_Weights.DEFAULT` to get the most up-to-date weights.
  warnings.warn(msg)
[36mINFO[0m 08/01 21:08:02 | 0.540909    0.611111    0.000000    0.705940    0.546169    0.750020    1.368873    0.688722    0.575342    0.595455    0.836538    0.904586    0.540909    0.546169    0.611111    0.688722    1800        195.918367  0.059516    0.590271    0.347377    3.064584   
/home/s21_yhr/miniconda3/envs/GGA/lib/python3.11/site-packages/torchvision/models/_utils.py:208: UserWarning: The parameter 'pretrained' is deprecated since 0.13 and may be removed in the future, please use 'weights' instead.
  warnings.warn(
/home/s21_yhr/miniconda3/envs/GGA/lib/python3.11/site-packages/torchvision/models/_utils.py:223: UserWarning: Arguments other than a weight enum or `None` for 'weights' are deprecated since 0.13 and may be removed in the future. The current behavior is equivalent to passing `weights=ResNet50_Weights.IMAGENET1K_V1`. You can also use `weights=ResNet50_Weights.DEFAULT` to get the most up-to-date weights.
  warnings.warn(msg)
[36mINFO[0m 08/01 21:09:01 | 0.513636    0.592593    0.000000    0.710748    0.551439    0.738635    2.107451    0.685714    0.575342    0.555303    0.846154    0.921967    0.513636    0.551439    0.592593    0.685714    1900        206.802721  0.063856    0.593687    0.352141    3.064584   
/home/s21_yhr/miniconda3/envs/GGA/lib/python3.11/site-packages/torchvision/models/_utils.py:208: UserWarning: The parameter 'pretrained' is deprecated since 0.13 and may be removed in the future, please use 'weights' instead.
  warnings.warn(
/home/s21_yhr/miniconda3/envs/GGA/lib/python3.11/site-packages/torchvision/models/_utils.py:223: UserWarning: Arguments other than a weight enum or `None` for 'weights' are deprecated since 0.13 and may be removed in the future. The current behavior is equivalent to passing `weights=ResNet50_Weights.IMAGENET1K_V1`. You can also use `weights=ResNet50_Weights.DEFAULT` to get the most up-to-date weights.
  warnings.warn(msg)
[36mINFO[0m 08/01 21:10:01 | 0.527273    0.648148    0.000000    0.756652    0.565156    0.780433    1.890809    0.751880    0.657534    0.634091    0.855769    0.926775    0.527273    0.565156    0.648148    0.751880    2000        217.687075  0.053483    0.589334    0.338799    3.064584   
/home/s21_yhr/miniconda3/envs/GGA/lib/python3.11/site-packages/torchvision/models/_utils.py:208: UserWarning: The parameter 'pretrained' is deprecated since 0.13 and may be removed in the future, please use 'weights' instead.
  warnings.warn(
/home/s21_yhr/miniconda3/envs/GGA/lib/python3.11/site-packages/torchvision/models/_utils.py:223: UserWarning: Arguments other than a weight enum or `None` for 'weights' are deprecated since 0.13 and may be removed in the future. The current behavior is equivalent to passing `weights=ResNet50_Weights.IMAGENET1K_V1`. You can also use `weights=ResNet50_Weights.DEFAULT` to get the most up-to-date weights.
  warnings.warn(msg)
[36mINFO[0m 08/01 21:11:00 | 0.509091    0.648148    0.000000    0.742229    0.560137    0.756668    2.345493    0.693233    0.657534    0.594697    0.826923    0.918639    0.509091    0.560137    0.648148    0.693233    2100        228.571429  0.062798    0.590513    0.343858    3.064584   
/home/s21_yhr/miniconda3/envs/GGA/lib/python3.11/site-packages/torchvision/models/_utils.py:208: UserWarning: The parameter 'pretrained' is deprecated since 0.13 and may be removed in the future, please use 'weights' instead.
  warnings.warn(
/home/s21_yhr/miniconda3/envs/GGA/lib/python3.11/site-packages/torchvision/models/_utils.py:223: UserWarning: Arguments other than a weight enum or `None` for 'weights' are deprecated since 0.13 and may be removed in the future. The current behavior is equivalent to passing `weights=ResNet50_Weights.IMAGENET1K_V1`. You can also use `weights=ResNet50_Weights.DEFAULT` to get the most up-to-date weights.
  warnings.warn(msg)
[36mINFO[0m 08/01 21:11:59 | 0.486364    0.685185    0.000000    0.717597    0.587780    0.763648    1.614654    0.753383    0.589041    0.621970    0.846154    0.905325    0.486364    0.587780    0.685185    0.753383    2200        239.455782  0.060265    0.586520    0.321952    3.064645   
/home/s21_yhr/miniconda3/envs/GGA/lib/python3.11/site-packages/torchvision/models/_utils.py:208: UserWarning: The parameter 'pretrained' is deprecated since 0.13 and may be removed in the future, please use 'weights' instead.
  warnings.warn(
/home/s21_yhr/miniconda3/envs/GGA/lib/python3.11/site-packages/torchvision/models/_utils.py:223: UserWarning: Arguments other than a weight enum or `None` for 'weights' are deprecated since 0.13 and may be removed in the future. The current behavior is equivalent to passing `weights=ResNet50_Weights.IMAGENET1K_V1`. You can also use `weights=ResNet50_Weights.DEFAULT` to get the most up-to-date weights.
  warnings.warn(msg)
[36mINFO[0m 08/01 21:12:58 | 0.550000    0.611111    0.000000    0.727213    0.599783    0.775956    1.664942    0.720301    0.589041    0.615152    0.865385    0.936760    0.550000    0.599783    0.611111    0.720301    2300        250.340136  0.053292    0.586679    0.361825    3.064645   
/home/s21_yhr/miniconda3/envs/GGA/lib/python3.11/site-packages/torchvision/models/_utils.py:208: UserWarning: The parameter 'pretrained' is deprecated since 0.13 and may be removed in the future, please use 'weights' instead.
  warnings.warn(
/home/s21_yhr/miniconda3/envs/GGA/lib/python3.11/site-packages/torchvision/models/_utils.py:223: UserWarning: Arguments other than a weight enum or `None` for 'weights' are deprecated since 0.13 and may be removed in the future. The current behavior is equivalent to passing `weights=ResNet50_Weights.IMAGENET1K_V1`. You can also use `weights=ResNet50_Weights.DEFAULT` to get the most up-to-date weights.
  warnings.warn(msg)
[36mINFO[0m 08/01 21:14:00 | 0.563636    0.592593    0.000000    0.730572    0.600368    0.755845    2.043142    0.714286    0.643836    0.618939    0.817308    0.892751    0.563636    0.600368    0.592593    0.714286    2400        261.224490  0.059944    0.618643    0.339590    3.064645   
/home/s21_yhr/miniconda3/envs/GGA/lib/python3.11/site-packages/torchvision/models/_utils.py:208: UserWarning: The parameter 'pretrained' is deprecated since 0.13 and may be removed in the future, please use 'weights' instead.
  warnings.warn(
/home/s21_yhr/miniconda3/envs/GGA/lib/python3.11/site-packages/torchvision/models/_utils.py:223: UserWarning: Arguments other than a weight enum or `None` for 'weights' are deprecated since 0.13 and may be removed in the future. The current behavior is equivalent to passing `weights=ResNet50_Weights.IMAGENET1K_V1`. You can also use `weights=ResNet50_Weights.DEFAULT` to get the most up-to-date weights.
  warnings.warn(msg)
[36mINFO[0m 08/01 21:14:59 | 0.595455    0.666667    0.000000    0.696918    0.597441    0.745150    2.516298    0.727820    0.643836    0.590152    0.750000    0.900148    0.595455    0.597441    0.666667    0.727820    2500        272.108844  0.054032    0.580764    0.326201    3.064645   
/home/s21_yhr/miniconda3/envs/GGA/lib/python3.11/site-packages/torchvision/models/_utils.py:208: UserWarning: The parameter 'pretrained' is deprecated since 0.13 and may be removed in the future, please use 'weights' instead.
  warnings.warn(
/home/s21_yhr/miniconda3/envs/GGA/lib/python3.11/site-packages/torchvision/models/_utils.py:223: UserWarning: Arguments other than a weight enum or `None` for 'weights' are deprecated since 0.13 and may be removed in the future. The current behavior is equivalent to passing `weights=ResNet50_Weights.IMAGENET1K_V1`. You can also use `weights=ResNet50_Weights.DEFAULT` to get the most up-to-date weights.
  warnings.warn(msg)
[36mINFO[0m 08/01 21:15:57 | 0.572727    0.703704    0.000000    0.747036    0.590206    0.797371    2.131868    0.762406    0.657534    0.659091    0.836538    0.935651    0.572727    0.590206    0.703704    0.762406    2600        282.993197  0.041707    0.581098    0.340067    3.064645   
/home/s21_yhr/miniconda3/envs/GGA/lib/python3.11/site-packages/torchvision/models/_utils.py:208: UserWarning: The parameter 'pretrained' is deprecated since 0.13 and may be removed in the future, please use 'weights' instead.
  warnings.warn(
/home/s21_yhr/miniconda3/envs/GGA/lib/python3.11/site-packages/torchvision/models/_utils.py:223: UserWarning: Arguments other than a weight enum or `None` for 'weights' are deprecated since 0.13 and may be removed in the future. The current behavior is equivalent to passing `weights=ResNet50_Weights.IMAGENET1K_V1`. You can also use `weights=ResNet50_Weights.DEFAULT` to get the most up-to-date weights.
  warnings.warn(msg)
[36mINFO[0m 08/01 21:17:03 | 0.590909    0.685185    0.000000    0.710616    0.598444    0.786077    2.545490    0.690226    0.671233    0.673485    0.750000    0.898669    0.590909    0.598444    0.685185    0.690226    2700        293.877551  0.047858    0.658706    0.352758    3.064645   
/home/s21_yhr/miniconda3/envs/GGA/lib/python3.11/site-packages/torchvision/models/_utils.py:208: UserWarning: The parameter 'pretrained' is deprecated since 0.13 and may be removed in the future, please use 'weights' instead.
  warnings.warn(
/home/s21_yhr/miniconda3/envs/GGA/lib/python3.11/site-packages/torchvision/models/_utils.py:223: UserWarning: Arguments other than a weight enum or `None` for 'weights' are deprecated since 0.13 and may be removed in the future. The current behavior is equivalent to passing `weights=ResNet50_Weights.IMAGENET1K_V1`. You can also use `weights=ResNet50_Weights.DEFAULT` to get the most up-to-date weights.
  warnings.warn(msg)
[36mINFO[0m 08/01 21:18:37 | 0.513636    0.574074    0.000000    0.705940    0.564863    0.756389    1.971740    0.648120    0.575342    0.586742    0.836538    0.926036    0.513636    0.564863    0.574074    0.648120    2800        304.761905  0.043754    0.930407    0.341639    3.064645   
/home/s21_yhr/miniconda3/envs/GGA/lib/python3.11/site-packages/torchvision/models/_utils.py:208: UserWarning: The parameter 'pretrained' is deprecated since 0.13 and may be removed in the future, please use 'weights' instead.
  warnings.warn(
/home/s21_yhr/miniconda3/envs/GGA/lib/python3.11/site-packages/torchvision/models/_utils.py:223: UserWarning: Arguments other than a weight enum or `None` for 'weights' are deprecated since 0.13 and may be removed in the future. The current behavior is equivalent to passing `weights=ResNet50_Weights.IMAGENET1K_V1`. You can also use `weights=ResNet50_Weights.DEFAULT` to get the most up-to-date weights.
  warnings.warn(msg)
[36mINFO[0m 08/01 21:20:10 | 0.527273    0.611111    0.000000    0.687434    0.584225    0.774769    1.786669    0.714286    0.547945    0.624242    0.826923    0.925296    0.527273    0.584225    0.611111    0.714286    2900        315.646259  0.057327    0.930395    0.342513    3.064645   
/home/s21_yhr/miniconda3/envs/GGA/lib/python3.11/site-packages/torchvision/models/_utils.py:208: UserWarning: The parameter 'pretrained' is deprecated since 0.13 and may be removed in the future, please use 'weights' instead.
  warnings.warn(
/home/s21_yhr/miniconda3/envs/GGA/lib/python3.11/site-packages/torchvision/models/_utils.py:223: UserWarning: Arguments other than a weight enum or `None` for 'weights' are deprecated since 0.13 and may be removed in the future. The current behavior is equivalent to passing `weights=ResNet50_Weights.IMAGENET1K_V1`. You can also use `weights=ResNet50_Weights.DEFAULT` to get the most up-to-date weights.
  warnings.warn(msg)
[36mINFO[0m 08/01 21:21:44 | 0.581818    0.592593    0.000000    0.667479    0.566787    0.750435    2.293561    0.690226    0.575342    0.599242    0.759615    0.901627    0.581818    0.566787    0.592593    0.690226    3000        326.530612  0.056752    0.931499    0.354683    3.064645   
/home/s21_yhr/miniconda3/envs/GGA/lib/python3.11/site-packages/torchvision/models/_utils.py:208: UserWarning: The parameter 'pretrained' is deprecated since 0.13 and may be removed in the future, please use 'weights' instead.
  warnings.warn(
/home/s21_yhr/miniconda3/envs/GGA/lib/python3.11/site-packages/torchvision/models/_utils.py:223: UserWarning: Arguments other than a weight enum or `None` for 'weights' are deprecated since 0.13 and may be removed in the future. The current behavior is equivalent to passing `weights=ResNet50_Weights.IMAGENET1K_V1`. You can also use `weights=ResNet50_Weights.DEFAULT` to get the most up-to-date weights.
  warnings.warn(msg)
[36mINFO[0m 08/01 21:23:18 | 0.540909    0.685185    0.000000    0.678411    0.531365    0.721850    2.548080    0.682707    0.616438    0.543182    0.740385    0.900518    0.540909    0.531365    0.685185    0.682707    3100        337.414966  0.044717    0.942826    0.348782    3.065072   
/home/s21_yhr/miniconda3/envs/GGA/lib/python3.11/site-packages/torchvision/models/_utils.py:208: UserWarning: The parameter 'pretrained' is deprecated since 0.13 and may be removed in the future, please use 'weights' instead.
  warnings.warn(
/home/s21_yhr/miniconda3/envs/GGA/lib/python3.11/site-packages/torchvision/models/_utils.py:223: UserWarning: Arguments other than a weight enum or `None` for 'weights' are deprecated since 0.13 and may be removed in the future. The current behavior is equivalent to passing `weights=ResNet50_Weights.IMAGENET1K_V1`. You can also use `weights=ResNet50_Weights.DEFAULT` to get the most up-to-date weights.
  warnings.warn(msg)
[36mINFO[0m 08/01 21:24:53 | 0.550000    0.685185    0.000000    0.695601    0.565406    0.782300    1.827113    0.755639    0.602740    0.635606    0.788462    0.928994    0.550000    0.565406    0.685185    0.755639    3200        348.299320  0.053292    0.940321    0.359943    3.065072   
/home/s21_yhr/miniconda3/envs/GGA/lib/python3.11/site-packages/torchvision/models/_utils.py:208: UserWarning: The parameter 'pretrained' is deprecated since 0.13 and may be removed in the future, please use 'weights' instead.
  warnings.warn(
/home/s21_yhr/miniconda3/envs/GGA/lib/python3.11/site-packages/torchvision/models/_utils.py:223: UserWarning: Arguments other than a weight enum or `None` for 'weights' are deprecated since 0.13 and may be removed in the future. The current behavior is equivalent to passing `weights=ResNet50_Weights.IMAGENET1K_V1`. You can also use `weights=ResNet50_Weights.DEFAULT` to get the most up-to-date weights.
  warnings.warn(msg)
[36mINFO[0m 08/01 21:26:26 | 0.536364    0.629630    0.000000    0.670969    0.570341    0.713344    1.509793    0.736842    0.534247    0.543182    0.807692    0.883506    0.536364    0.570341    0.629630    0.736842    3300        359.183673  0.046871    0.928814    0.347127    3.065072   
/home/s21_yhr/miniconda3/envs/GGA/lib/python3.11/site-packages/torchvision/models/_utils.py:208: UserWarning: The parameter 'pretrained' is deprecated since 0.13 and may be removed in the future, please use 'weights' instead.
  warnings.warn(
/home/s21_yhr/miniconda3/envs/GGA/lib/python3.11/site-packages/torchvision/models/_utils.py:223: UserWarning: Arguments other than a weight enum or `None` for 'weights' are deprecated since 0.13 and may be removed in the future. The current behavior is equivalent to passing `weights=ResNet50_Weights.IMAGENET1K_V1`. You can also use `weights=ResNet50_Weights.DEFAULT` to get the most up-to-date weights.
  warnings.warn(msg)
[36mINFO[0m 08/01 21:28:00 | 0.522727    0.611111    0.000000    0.728530    0.576238    0.757933    1.897856    0.742857    0.630137    0.623485    0.826923    0.892382    0.522727    0.576238    0.611111    0.742857    3400        370.068027  0.044547    0.935909    0.353289    3.065072   
/home/s21_yhr/miniconda3/envs/GGA/lib/python3.11/site-packages/torchvision/models/_utils.py:208: UserWarning: The parameter 'pretrained' is deprecated since 0.13 and may be removed in the future, please use 'weights' instead.
  warnings.warn(
/home/s21_yhr/miniconda3/envs/GGA/lib/python3.11/site-packages/torchvision/models/_utils.py:223: UserWarning: Arguments other than a weight enum or `None` for 'weights' are deprecated since 0.13 and may be removed in the future. The current behavior is equivalent to passing `weights=ResNet50_Weights.IMAGENET1K_V1`. You can also use `weights=ResNet50_Weights.DEFAULT` to get the most up-to-date weights.
  warnings.warn(msg)
[36mINFO[0m 08/01 21:29:34 | 0.554545    0.648148    0.000000    0.683944    0.574272    0.736766    2.001123    0.769173    0.589041    0.584848    0.778846    0.888683    0.554545    0.574272    0.648148    0.769173    3500        380.952381  0.060008    0.931686    0.330759    3.065072   
/home/s21_yhr/miniconda3/envs/GGA/lib/python3.11/site-packages/torchvision/models/_utils.py:208: UserWarning: The parameter 'pretrained' is deprecated since 0.13 and may be removed in the future, please use 'weights' instead.
  warnings.warn(
/home/s21_yhr/miniconda3/envs/GGA/lib/python3.11/site-packages/torchvision/models/_utils.py:223: UserWarning: Arguments other than a weight enum or `None` for 'weights' are deprecated since 0.13 and may be removed in the future. The current behavior is equivalent to passing `weights=ResNet50_Weights.IMAGENET1K_V1`. You can also use `weights=ResNet50_Weights.DEFAULT` to get the most up-to-date weights.
  warnings.warn(msg)
[36mINFO[0m 08/01 21:31:07 | 0.500000    0.611111    0.000000    0.724447    0.574021    0.781302    1.648508    0.748872    0.602740    0.660606    0.846154    0.901997    0.500000    0.574021    0.611111    0.748872    3600        391.836735  0.037496    0.929694    0.335361    3.065072   
/home/s21_yhr/miniconda3/envs/GGA/lib/python3.11/site-packages/torchvision/models/_utils.py:208: UserWarning: The parameter 'pretrained' is deprecated since 0.13 and may be removed in the future, please use 'weights' instead.
  warnings.warn(
/home/s21_yhr/miniconda3/envs/GGA/lib/python3.11/site-packages/torchvision/models/_utils.py:223: UserWarning: Arguments other than a weight enum or `None` for 'weights' are deprecated since 0.13 and may be removed in the future. The current behavior is equivalent to passing `weights=ResNet50_Weights.IMAGENET1K_V1`. You can also use `weights=ResNet50_Weights.DEFAULT` to get the most up-to-date weights.
  warnings.warn(msg)
[36mINFO[0m 08/01 21:32:40 | 0.559091    0.574074    0.000000    0.698367    0.593300    0.749060    1.652840    0.703759    0.589041    0.592424    0.807692    0.905695    0.559091    0.593300    0.574074    0.703759    3700        402.721088  0.041208    0.928607    0.342607    3.065072   
/home/s21_yhr/miniconda3/envs/GGA/lib/python3.11/site-packages/torchvision/models/_utils.py:208: UserWarning: The parameter 'pretrained' is deprecated since 0.13 and may be removed in the future, please use 'weights' instead.
  warnings.warn(
/home/s21_yhr/miniconda3/envs/GGA/lib/python3.11/site-packages/torchvision/models/_utils.py:223: UserWarning: Arguments other than a weight enum or `None` for 'weights' are deprecated since 0.13 and may be removed in the future. The current behavior is equivalent to passing `weights=ResNet50_Weights.IMAGENET1K_V1`. You can also use `weights=ResNet50_Weights.DEFAULT` to get the most up-to-date weights.
  warnings.warn(msg)
[36mINFO[0m 08/01 21:34:14 | 0.518182    0.629630    0.000000    0.716873    0.578078    0.731499    1.921604    0.794737    0.616438    0.577273    0.817308    0.885725    0.518182    0.578078    0.629630    0.794737    3800        413.605442  0.042393    0.936512    0.350608    3.065072   
/home/s21_yhr/miniconda3/envs/GGA/lib/python3.11/site-packages/torchvision/models/_utils.py:208: UserWarning: The parameter 'pretrained' is deprecated since 0.13 and may be removed in the future, please use 'weights' instead.
  warnings.warn(
/home/s21_yhr/miniconda3/envs/GGA/lib/python3.11/site-packages/torchvision/models/_utils.py:223: UserWarning: Arguments other than a weight enum or `None` for 'weights' are deprecated since 0.13 and may be removed in the future. The current behavior is equivalent to passing `weights=ResNet50_Weights.IMAGENET1K_V1`. You can also use `weights=ResNet50_Weights.DEFAULT` to get the most up-to-date weights.
  warnings.warn(msg)
[36mINFO[0m 08/01 21:35:47 | 0.554545    0.685185    0.000000    0.699684    0.572767    0.752061    1.963152    0.754887    0.630137    0.627273    0.769231    0.876849    0.554545    0.572767    0.685185    0.754887    3900        424.489796  0.039633    0.929351    0.331379    3.065072   
/home/s21_yhr/miniconda3/envs/GGA/lib/python3.11/site-packages/torchvision/models/_utils.py:208: UserWarning: The parameter 'pretrained' is deprecated since 0.13 and may be removed in the future, please use 'weights' instead.
  warnings.warn(
/home/s21_yhr/miniconda3/envs/GGA/lib/python3.11/site-packages/torchvision/models/_utils.py:223: UserWarning: Arguments other than a weight enum or `None` for 'weights' are deprecated since 0.13 and may be removed in the future. The current behavior is equivalent to passing `weights=ResNet50_Weights.IMAGENET1K_V1`. You can also use `weights=ResNet50_Weights.DEFAULT` to get the most up-to-date weights.
  warnings.warn(msg)
[36mINFO[0m 08/01 21:37:22 | 0.586364    0.648148    0.000000    0.690793    0.573060    0.727395    2.706890    0.754135    0.602740    0.574242    0.778846    0.880547    0.586364    0.573060    0.648148    0.754135    4000        435.374150  0.039745    0.941579    0.338410    3.065072   
/home/s21_yhr/miniconda3/envs/GGA/lib/python3.11/site-packages/torchvision/models/_utils.py:208: UserWarning: The parameter 'pretrained' is deprecated since 0.13 and may be removed in the future, please use 'weights' instead.
  warnings.warn(
/home/s21_yhr/miniconda3/envs/GGA/lib/python3.11/site-packages/torchvision/models/_utils.py:223: UserWarning: Arguments other than a weight enum or `None` for 'weights' are deprecated since 0.13 and may be removed in the future. The current behavior is equivalent to passing `weights=ResNet50_Weights.IMAGENET1K_V1`. You can also use `weights=ResNet50_Weights.DEFAULT` to get the most up-to-date weights.
  warnings.warn(msg)
[36mINFO[0m 08/01 21:38:54 | 0.577273    0.722222    0.000000    0.641399    0.608857    0.701441    2.709536    0.727820    0.561644    0.553030    0.721154    0.849852    0.577273    0.608857    0.722222    0.727820    4100        446.258503  0.040598    0.920618    0.329697    3.065072   
/home/s21_yhr/miniconda3/envs/GGA/lib/python3.11/site-packages/torchvision/models/_utils.py:208: UserWarning: The parameter 'pretrained' is deprecated since 0.13 and may be removed in the future, please use 'weights' instead.
  warnings.warn(
/home/s21_yhr/miniconda3/envs/GGA/lib/python3.11/site-packages/torchvision/models/_utils.py:223: UserWarning: Arguments other than a weight enum or `None` for 'weights' are deprecated since 0.13 and may be removed in the future. The current behavior is equivalent to passing `weights=ResNet50_Weights.IMAGENET1K_V1`. You can also use `weights=ResNet50_Weights.DEFAULT` to get the most up-to-date weights.
  warnings.warn(msg)
[36mINFO[0m 08/01 21:40:28 | 0.554545    0.666667    0.000000    0.678411    0.577032    0.733429    2.859372    0.696241    0.616438    0.584091    0.740385    0.882766    0.554545    0.577032    0.666667    0.696241    4200        457.142857  0.043207    0.933077    0.346554    3.065072   
/home/s21_yhr/miniconda3/envs/GGA/lib/python3.11/site-packages/torchvision/models/_utils.py:208: UserWarning: The parameter 'pretrained' is deprecated since 0.13 and may be removed in the future, please use 'weights' instead.
  warnings.warn(
/home/s21_yhr/miniconda3/envs/GGA/lib/python3.11/site-packages/torchvision/models/_utils.py:223: UserWarning: Arguments other than a weight enum or `None` for 'weights' are deprecated since 0.13 and may be removed in the future. The current behavior is equivalent to passing `weights=ResNet50_Weights.IMAGENET1K_V1`. You can also use `weights=ResNet50_Weights.DEFAULT` to get the most up-to-date weights.
  warnings.warn(msg)
[36mINFO[0m 08/01 21:42:02 | 0.545455    0.666667    0.000000    0.753886    0.602794    0.801323    1.738708    0.725564    0.671233    0.672727    0.836538    0.929919    0.545455    0.602794    0.666667    0.725564    4300        468.027211  0.031001    0.934132    0.343316    3.065072   
/home/s21_yhr/miniconda3/envs/GGA/lib/python3.11/site-packages/torchvision/models/_utils.py:208: UserWarning: The parameter 'pretrained' is deprecated since 0.13 and may be removed in the future, please use 'weights' instead.
  warnings.warn(
/home/s21_yhr/miniconda3/envs/GGA/lib/python3.11/site-packages/torchvision/models/_utils.py:223: UserWarning: Arguments other than a weight enum or `None` for 'weights' are deprecated since 0.13 and may be removed in the future. The current behavior is equivalent to passing `weights=ResNet50_Weights.IMAGENET1K_V1`. You can also use `weights=ResNet50_Weights.DEFAULT` to get the most up-to-date weights.
  warnings.warn(msg)
[36mINFO[0m 08/01 21:43:36 | 0.536364    0.629630    0.000000    0.646931    0.595810    0.730156    2.283747    0.682707    0.534247    0.557576    0.759615    0.902737    0.536364    0.595810    0.629630    0.682707    4400        478.911565  0.047827    0.938452    0.342230    3.065072   
/home/s21_yhr/miniconda3/envs/GGA/lib/python3.11/site-packages/torchvision/models/_utils.py:208: UserWarning: The parameter 'pretrained' is deprecated since 0.13 and may be removed in the future, please use 'weights' instead.
  warnings.warn(
/home/s21_yhr/miniconda3/envs/GGA/lib/python3.11/site-packages/torchvision/models/_utils.py:223: UserWarning: Arguments other than a weight enum or `None` for 'weights' are deprecated since 0.13 and may be removed in the future. The current behavior is equivalent to passing `weights=ResNet50_Weights.IMAGENET1K_V1`. You can also use `weights=ResNet50_Weights.DEFAULT` to get the most up-to-date weights.
  warnings.warn(msg)
[36mINFO[0m 08/01 21:45:10 | 0.527273    0.685185    0.000000    0.625659    0.561183    0.724140    3.025272    0.689474    0.520548    0.549242    0.730769    0.899038    0.527273    0.561183    0.685185    0.689474    4500        489.795918  0.031389    0.939067    0.338760    3.065072   
/home/s21_yhr/miniconda3/envs/GGA/lib/python3.11/site-packages/torchvision/models/_utils.py:208: UserWarning: The parameter 'pretrained' is deprecated since 0.13 and may be removed in the future, please use 'weights' instead.
  warnings.warn(
/home/s21_yhr/miniconda3/envs/GGA/lib/python3.11/site-packages/torchvision/models/_utils.py:223: UserWarning: Arguments other than a weight enum or `None` for 'weights' are deprecated since 0.13 and may be removed in the future. The current behavior is equivalent to passing `weights=ResNet50_Weights.IMAGENET1K_V1`. You can also use `weights=ResNet50_Weights.DEFAULT` to get the most up-to-date weights.
  warnings.warn(msg)
[36mINFO[0m 08/01 21:46:45 | 0.590909    0.629630    0.000000    0.679860    0.593091    0.725668    2.150575    0.712782    0.561644    0.568939    0.798077    0.882396    0.590909    0.593091    0.629630    0.712782    4600        500.680272  0.038332    0.941478    0.348618    3.065072   
/home/s21_yhr/miniconda3/envs/GGA/lib/python3.11/site-packages/torchvision/models/_utils.py:208: UserWarning: The parameter 'pretrained' is deprecated since 0.13 and may be removed in the future, please use 'weights' instead.
  warnings.warn(
/home/s21_yhr/miniconda3/envs/GGA/lib/python3.11/site-packages/torchvision/models/_utils.py:223: UserWarning: Arguments other than a weight enum or `None` for 'weights' are deprecated since 0.13 and may be removed in the future. The current behavior is equivalent to passing `weights=ResNet50_Weights.IMAGENET1K_V1`. You can also use `weights=ResNet50_Weights.DEFAULT` to get the most up-to-date weights.
  warnings.warn(msg)
[36mINFO[0m 08/01 21:48:18 | 0.545455    0.666667    0.000000    0.670245    0.575443    0.716857    2.759632    0.723308    0.561644    0.543182    0.778846    0.890533    0.545455    0.575443    0.666667    0.723308    4700        511.564626  0.037258    0.933372    0.347823    3.065072   
/home/s21_yhr/miniconda3/envs/GGA/lib/python3.11/site-packages/torchvision/models/_utils.py:208: UserWarning: The parameter 'pretrained' is deprecated since 0.13 and may be removed in the future, please use 'weights' instead.
  warnings.warn(
/home/s21_yhr/miniconda3/envs/GGA/lib/python3.11/site-packages/torchvision/models/_utils.py:223: UserWarning: Arguments other than a weight enum or `None` for 'weights' are deprecated since 0.13 and may be removed in the future. The current behavior is equivalent to passing `weights=ResNet50_Weights.IMAGENET1K_V1`. You can also use `weights=ResNet50_Weights.DEFAULT` to get the most up-to-date weights.
  warnings.warn(msg)
[36mINFO[0m 08/01 21:49:52 | 0.550000    0.592593    0.000000    0.710748    0.605512    0.767680    1.853733    0.730075    0.575342    0.642424    0.846154    0.892936    0.550000    0.605512    0.592593    0.730075    4800        522.448980  0.033909    0.937477    0.339707    3.065072   
/home/s21_yhr/miniconda3/envs/GGA/lib/python3.11/site-packages/torchvision/models/_utils.py:208: UserWarning: The parameter 'pretrained' is deprecated since 0.13 and may be removed in the future, please use 'weights' instead.
  warnings.warn(
/home/s21_yhr/miniconda3/envs/GGA/lib/python3.11/site-packages/torchvision/models/_utils.py:223: UserWarning: Arguments other than a weight enum or `None` for 'weights' are deprecated since 0.13 and may be removed in the future. The current behavior is equivalent to passing `weights=ResNet50_Weights.IMAGENET1K_V1`. You can also use `weights=ResNet50_Weights.DEFAULT` to get the most up-to-date weights.
  warnings.warn(msg)
[36mINFO[0m 08/01 21:51:25 | 0.577273    0.629630    0.000000    0.723722    0.592506    0.772521    2.192511    0.747368    0.630137    0.653030    0.817308    0.892012    0.577273    0.592506    0.629630    0.747368    4900        533.333333  0.032493    0.923064    0.338424    3.065072   
/home/s21_yhr/miniconda3/envs/GGA/lib/python3.11/site-packages/torchvision/models/_utils.py:208: UserWarning: The parameter 'pretrained' is deprecated since 0.13 and may be removed in the future, please use 'weights' instead.
  warnings.warn(
/home/s21_yhr/miniconda3/envs/GGA/lib/python3.11/site-packages/torchvision/models/_utils.py:223: UserWarning: Arguments other than a weight enum or `None` for 'weights' are deprecated since 0.13 and may be removed in the future. The current behavior is equivalent to passing `weights=ResNet50_Weights.IMAGENET1K_V1`. You can also use `weights=ResNet50_Weights.DEFAULT` to get the most up-to-date weights.
  warnings.warn(msg)
[36mINFO[0m 08/01 21:52:59 | 0.554545    0.611111    0.000000    0.712065    0.584267    0.760517    2.145934    0.744361    0.616438    0.662121    0.807692    0.858913    0.554545    0.584267    0.611111    0.744361    5000        544.217687  0.035607    0.937862    0.377804    3.065072   
[36mINFO[0m 08/01 21:52:59 | ---
[36mINFO[0m 08/01 21:52:59 | oracle = 57.727%
[36mINFO[0m 08/01 21:52:59 | iid = 51.818%
[36mINFO[0m 08/01 21:52:59 | last = 55.455%
[36mINFO[0m 08/01 21:52:59 | last (inD) = 71.207%
[36mINFO[0m 08/01 21:52:59 | iid (inD) = 76.627%
[36mINFO[0m 08/01 21:53:00 | === Summary ===
[36mINFO[0m 08/01 21:53:00 | Command: /home/s21_yhr/lzh/DomainBed-new/train_all.py HTP_Fish_seed1 --dataset HTP --data_dir /home/s21_yhr/lzh/DomainBed-new/dataset --algorithm Fish --steps 5000 --checkpoint_freq 100 --batch_size 32 --optimizer adam --lr 5e-5 --weight_decay 0 --resnet_dropout 0 --resnet18 False --pretrained True --freeze_bn True --swad False --seed 1 --trial_seed 1 --deterministic --prebuild_loader --cache_size 640 --meta_lr 0.5
[36mINFO[0m 08/01 21:53:00 | Unique name: 260801_18-30-22_HTP_Fish_seed1
[36mINFO[0m 08/01 21:53:00 | Out path: train_output/HTP/260801_18-30-22_HTP_Fish_seed1
[36mINFO[0m 08/01 21:53:00 | Algorithm: Fish
[36mINFO[0m 08/01 21:53:00 | Dataset: HTP
+------------+---------+---------+---------+---------+
| Selection  |    00   |    01   |    02   |   Avg.  |
+------------+---------+---------+---------+---------+
|   oracle   | 55.442% | 61.098% | 57.727% | 58.089% |
|    iid     | 55.782% | 44.869% | 51.818% | 50.823% |
|    last    | 54.762% | 57.041% | 55.455% | 55.752% |
| last (inD) | 70.388% | 67.783% | 71.207% | 69.793% |
| iid (inD)  | 74.751% | 71.043% | 76.627% | 74.140% |
+------------+---------+---------+---------+---------+
================================================================================
Starting Fish, seed=2, physical GPU=2
/home/s21_yhr/miniconda3/envs/GGA/bin/python /home/s21_yhr/lzh/DomainBed-new/train_all.py HTP_Fish_seed2 --dataset HTP --data_dir /home/s21_yhr/lzh/DomainBed-new/dataset --algorithm Fish --steps 5000 --checkpoint_freq 100 --batch_size 32 --optimizer adam --lr 5e-5 --weight_decay 0 --resnet_dropout 0 --resnet18 False --pretrained True --freeze_bn True --swad False --seed 2 --trial_seed 2 --deterministic --prebuild_loader --cache_size 640 --meta_lr 0.5
================================================================================
[36mINFO[0m 08/01 21:53:05 | Command :: /home/s21_yhr/lzh/DomainBed-new/train_all.py HTP_Fish_seed2 --dataset HTP --data_dir /home/s21_yhr/lzh/DomainBed-new/dataset --algorithm Fish --steps 5000 --checkpoint_freq 100 --batch_size 32 --optimizer adam --lr 5e-5 --weight_decay 0 --resnet_dropout 0 --resnet18 False --pretrained True --freeze_bn True --swad False --seed 2 --trial_seed 2 --deterministic --prebuild_loader --cache_size 640 --meta_lr 0.5
Environment:
	Python: 3.11.15
	PyTorch: 2.11.0+cu128
	Torchvision: 0.26.0+cu128
	CUDA: 12.8
	CUDNN: 91900
	NumPy: 1.26.4
	PIL: 12.2.0
Args:
	algorithm: Fish
	batch_size: 32
	cache_root: cache
	cache_size: 640
	checkpoint_freq: 100
	configs: []
	data_dir: /home/s21_yhr/lzh/DomainBed-new/dataset
	dataset: HTP
	debug: False
	deterministic: True
	end_step: 200
	evalmode: fast
	extra_search: n
	extra_search_end: None
	extra_search_start: None
	gga_l_gamma: 0.001
	grad_fn: sum
	holdout_fraction: 0.2
	model_save: None
	name: HTP_Fish_seed2
	neighborhoodSize: 1e-06
	out_dir: train_output/HTP/260801_21-53-05_HTP_Fish_seed2
	out_root: train_output/HTP
	prebuild_loader: True
	seed: 2
	show: False
	start_step: 100
	steps: 5000
	tb_freq: 10
	test_envs: None
	train_output: train_output
	trial_seed: 2
	unique_name: 260801_21-53-05_HTP_Fish_seed2
	work_dir: .
HParams:
	data_augmentation: True
	val_augment: False
	[36mresnet18: False
	[0m[36mresnet_dropout: 0
	[0mclass_balanced: False
	[36moptimizer: adam
	[0m[36mfreeze_bn: True
	[0m[36mpretrained: True
	[0m[36mlr: 5e-05
	[0mbatch_size: 32
	[36mweight_decay: 0
	[0m[36mmeta_lr: 0.5
	[0m[36mswad: False
	[0mswad_kwargs: 
	  n_converge: 3
	  n_tolerance: 6
	  tolerance_ratio: 0.3
	test_batchsize: 128
	indomain_test: False
	grad_fn: sum
	extra_search: n
	logdir: train_output/HTP/260801_21-53-05_HTP_Fish_seed2
	neighborhoodSize: 1e-06
	start_step: 100
	end_step: 200
	extra_search_start: None
	extra_search_end: None
	gga_l_gamma: 0.001
Dataset:
	[HTP] #envs=3, #classes=2
	env0: 00 (#367)
	env1: 01 (#523)
	env2: 02 (#274)

[36mINFO[0m 08/01 21:53:05 | n_steps = 5000
[36mINFO[0m 08/01 21:53:05 | checkpoint_freq = 100
[36mINFO[0m 08/01 21:53:05 | n_steps is updated to 5000 => 5001 for checkpointing
[36mINFO[0m 08/01 21:53:05 | Target test envs = [[0], [1], [2]]
[36mINFO[0m 08/01 21:53:05 | 
[36mINFO[0m 08/01 21:53:05 | Testenv name escaping te_00 -> te_00
[36mINFO[0m 08/01 21:53:05 | Test envs = [0], name = te_00
[36mINFO[0m 08/01 21:53:05 | Batch sizes for each domain: [0, 32, 32] (total=64)
[36mINFO[0m 08/01 21:53:05 | steps-per-epoch for each domain: 13.09, 6.88 -> min = 6.88
/home/s21_yhr/miniconda3/envs/GGA/lib/python3.11/site-packages/torchvision/models/_utils.py:208: UserWarning: The parameter 'pretrained' is deprecated since 0.13 and may be removed in the future, please use 'weights' instead.
  warnings.warn(
/home/s21_yhr/miniconda3/envs/GGA/lib/python3.11/site-packages/torchvision/models/_utils.py:223: UserWarning: Arguments other than a weight enum or `None` for 'weights' are deprecated since 0.13 and may be removed in the future. The current behavior is equivalent to passing `weights=ResNet50_Weights.IMAGENET1K_V1`. You can also use `weights=ResNet50_Weights.DEFAULT` to get the most up-to-date weights.
  warnings.warn(msg)
[36mINFO[0m 08/01 21:53:08 | # of params = 23512130
[36mINFO[0m 08/01 21:53:10 | test_in     test_out    train_in    train_out   test_in_au  test_out_a  train_out_  tr_outloss  env0_in     env0_in_au  env0_out    env0_out_a  env1_out    env1_out_a  env2_out    env2_out_a  step        epoch       loss        step_time   eval_time   mem_gb     
[36mINFO[0m 08/01 21:53:10 | 0.540816    0.561644    0.000000    0.646546    0.446839    0.521944    0.770389    0.623596    0.540816    0.446839    0.561644    0.521944    0.663462    0.870433    0.629630    0.670345    0           0.000000    0.817104    1.626555    0.602120    3.062448   
/home/s21_yhr/miniconda3/envs/GGA/lib/python3.11/site-packages/torchvision/models/_utils.py:208: UserWarning: The parameter 'pretrained' is deprecated since 0.13 and may be removed in the future, please use 'weights' instead.
  warnings.warn(
/home/s21_yhr/miniconda3/envs/GGA/lib/python3.11/site-packages/torchvision/models/_utils.py:223: UserWarning: Arguments other than a weight enum or `None` for 'weights' are deprecated since 0.13 and may be removed in the future. The current behavior is equivalent to passing `weights=ResNet50_Weights.IMAGENET1K_V1`. You can also use `weights=ResNet50_Weights.DEFAULT` to get the most up-to-date weights.
  warnings.warn(msg)
[36mINFO[0m 08/01 21:54:43 | 0.581633    0.616438    0.000000    0.691239    0.544863    0.601097    0.699810    1.054624    0.581633    0.544863    0.616438    0.601097    0.826923    0.897552    0.555556    0.502069    100         14.545455   0.435772    0.927506    0.405808    3.068185   
/home/s21_yhr/miniconda3/envs/GGA/lib/python3.11/site-packages/torchvision/models/_utils.py:208: UserWarning: The parameter 'pretrained' is deprecated since 0.13 and may be removed in the future, please use 'weights' instead.
  warnings.warn(
/home/s21_yhr/miniconda3/envs/GGA/lib/python3.11/site-packages/torchvision/models/_utils.py:223: UserWarning: Arguments other than a weight enum or `None` for 'weights' are deprecated since 0.13 and may be removed in the future. The current behavior is equivalent to passing `weights=ResNet50_Weights.IMAGENET1K_V1`. You can also use `weights=ResNet50_Weights.DEFAULT` to get the most up-to-date weights.
  warnings.warn(msg)
[36mINFO[0m 08/01 21:56:15 | 0.551020    0.616438    0.000000    0.687144    0.543590    0.633229    0.727110    1.490716    0.551020    0.543590    0.616438    0.633229    0.855769    0.939736    0.518519    0.514483    200         29.090909   0.173658    0.916997    0.398506    3.068185   
/home/s21_yhr/miniconda3/envs/GGA/lib/python3.11/site-packages/torchvision/models/_utils.py:208: UserWarning: The parameter 'pretrained' is deprecated since 0.13 and may be removed in the future, please use 'weights' instead.
  warnings.warn(
/home/s21_yhr/miniconda3/envs/GGA/lib/python3.11/site-packages/torchvision/models/_utils.py:223: UserWarning: Arguments other than a weight enum or `None` for 'weights' are deprecated since 0.13 and may be removed in the future. The current behavior is equivalent to passing `weights=ResNet50_Weights.IMAGENET1K_V1`. You can also use `weights=ResNet50_Weights.DEFAULT` to get the most up-to-date weights.
  warnings.warn(msg)
[36mINFO[0m 08/01 21:57:49 | 0.544218    0.616438    0.000000    0.639779    0.529586    0.612853    0.683648    1.514358    0.544218    0.529586    0.616438    0.612853    0.798077    0.919021    0.481481    0.448276    300         43.636364   0.129132    0.930132    0.400816    3.068185   
/home/s21_yhr/miniconda3/envs/GGA/lib/python3.11/site-packages/torchvision/models/_utils.py:208: UserWarning: The parameter 'pretrained' is deprecated since 0.13 and may be removed in the future, please use 'weights' instead.
  warnings.warn(
/home/s21_yhr/miniconda3/envs/GGA/lib/python3.11/site-packages/torchvision/models/_utils.py:223: UserWarning: Arguments other than a weight enum or `None` for 'weights' are deprecated since 0.13 and may be removed in the future. The current behavior is equivalent to passing `weights=ResNet50_Weights.IMAGENET1K_V1`. You can also use `weights=ResNet50_Weights.DEFAULT` to get the most up-to-date weights.
  warnings.warn(msg)
[36mINFO[0m 08/01 21:59:21 | 0.513605    0.616438    0.000000    0.653490    0.550238    0.655172    0.707471    2.009254    0.513605    0.550238    0.616438    0.655172    0.788462    0.915631    0.518519    0.499310    400         58.181818   0.104213    0.919131    0.402904    3.068795   
/home/s21_yhr/miniconda3/envs/GGA/lib/python3.11/site-packages/torchvision/models/_utils.py:208: UserWarning: The parameter 'pretrained' is deprecated since 0.13 and may be removed in the future, please use 'weights' instead.
  warnings.warn(
/home/s21_yhr/miniconda3/envs/GGA/lib/python3.11/site-packages/torchvision/models/_utils.py:223: UserWarning: Arguments other than a weight enum or `None` for 'weights' are deprecated since 0.13 and may be removed in the future. The current behavior is equivalent to passing `weights=ResNet50_Weights.IMAGENET1K_V1`. You can also use `weights=ResNet50_Weights.DEFAULT` to get the most up-to-date weights.
  warnings.warn(msg)
[36mINFO[0m 08/01 22:00:54 | 0.581633    0.643836    0.000000    0.668981    0.576783    0.639498    0.705168    1.733936    0.581633    0.576783    0.643836    0.639498    0.875000    0.942750    0.462963    0.467586    500         72.727273   0.094082    0.926226    0.388602    3.068795   
/home/s21_yhr/miniconda3/envs/GGA/lib/python3.11/site-packages/torchvision/models/_utils.py:208: UserWarning: The parameter 'pretrained' is deprecated since 0.13 and may be removed in the future, please use 'weights' instead.
  warnings.warn(
/home/s21_yhr/miniconda3/envs/GGA/lib/python3.11/site-packages/torchvision/models/_utils.py:223: UserWarning: Arguments other than a weight enum or `None` for 'weights' are deprecated since 0.13 and may be removed in the future. The current behavior is equivalent to passing `weights=ResNet50_Weights.IMAGENET1K_V1`. You can also use `weights=ResNet50_Weights.DEFAULT` to get the most up-to-date weights.
  warnings.warn(msg)
[36mINFO[0m 08/01 22:02:26 | 0.551020    0.589041    0.000000    0.673433    0.556745    0.599530    0.689542    1.874976    0.551020    0.556745    0.589041    0.599530    0.865385    0.919774    0.481481    0.459310    600         87.272727   0.075225    0.920988    0.396703    3.068795   
/home/s21_yhr/miniconda3/envs/GGA/lib/python3.11/site-packages/torchvision/models/_utils.py:208: UserWarning: The parameter 'pretrained' is deprecated since 0.13 and may be removed in the future, please use 'weights' instead.
  warnings.warn(
/home/s21_yhr/miniconda3/envs/GGA/lib/python3.11/site-packages/torchvision/models/_utils.py:223: UserWarning: Arguments other than a weight enum or `None` for 'weights' are deprecated since 0.13 and may be removed in the future. The current behavior is equivalent to passing `weights=ResNet50_Weights.IMAGENET1K_V1`. You can also use `weights=ResNet50_Weights.DEFAULT` to get the most up-to-date weights.
  warnings.warn(msg)
[36mINFO[0m 08/01 22:03:59 | 0.500000    0.630137    0.000000    0.621261    0.529964    0.601881    0.669094    2.009450    0.500000    0.529964    0.630137    0.601881    0.798077    0.905085    0.444444    0.433103    700         101.818182  0.072961    0.925755    0.390775    3.068795   
/home/s21_yhr/miniconda3/envs/GGA/lib/python3.11/site-packages/torchvision/models/_utils.py:208: UserWarning: The parameter 'pretrained' is deprecated since 0.13 and may be removed in the future, please use 'weights' instead.
  warnings.warn(
/home/s21_yhr/miniconda3/envs/GGA/lib/python3.11/site-packages/torchvision/models/_utils.py:223: UserWarning: Arguments other than a weight enum or `None` for 'weights' are deprecated since 0.13 and may be removed in the future. The current behavior is equivalent to passing `weights=ResNet50_Weights.IMAGENET1K_V1`. You can also use `weights=ResNet50_Weights.DEFAULT` to get the most up-to-date weights.
  warnings.warn(msg)
[36mINFO[0m 08/01 22:05:32 | 0.537415    0.602740    0.000000    0.657942    0.511434    0.577586    0.705147    2.302810    0.537415    0.511434    0.602740    0.577586    0.778846    0.909605    0.537037    0.500690    800         116.363636  0.068088    0.920922    0.387904    3.068978   
/home/s21_yhr/miniconda3/envs/GGA/lib/python3.11/site-packages/torchvision/models/_utils.py:208: UserWarning: The parameter 'pretrained' is deprecated since 0.13 and may be removed in the future, please use 'weights' instead.
  warnings.warn(
/home/s21_yhr/miniconda3/envs/GGA/lib/python3.11/site-packages/torchvision/models/_utils.py:223: UserWarning: Arguments other than a weight enum or `None` for 'weights' are deprecated since 0.13 and may be removed in the future. The current behavior is equivalent to passing `weights=ResNet50_Weights.IMAGENET1K_V1`. You can also use `weights=ResNet50_Weights.DEFAULT` to get the most up-to-date weights.
  warnings.warn(msg)
[36mINFO[0m 08/01 22:07:05 | 0.554422    0.657534    0.000000    0.667913    0.525579    0.635580    0.710173    1.867216    0.554422    0.525579    0.657534    0.635580    0.817308    0.926554    0.518519    0.493793    900         130.909091  0.062507    0.925081    0.394446    3.069100   
/home/s21_yhr/miniconda3/envs/GGA/lib/python3.11/site-packages/torchvision/models/_utils.py:208: UserWarning: The parameter 'pretrained' is deprecated since 0.13 and may be removed in the future, please use 'weights' instead.
  warnings.warn(
/home/s21_yhr/miniconda3/envs/GGA/lib/python3.11/site-packages/torchvision/models/_utils.py:223: UserWarning: Arguments other than a weight enum or `None` for 'weights' are deprecated since 0.13 and may be removed in the future. The current behavior is equivalent to passing `weights=ResNet50_Weights.IMAGENET1K_V1`. You can also use `weights=ResNet50_Weights.DEFAULT` to get the most up-to-date weights.
  warnings.warn(msg)
[36mINFO[0m 08/01 22:08:38 | 0.530612    0.657534    0.000000    0.673077    0.543425    0.619122    0.705285    2.232008    0.530612    0.543425    0.657534    0.619122    0.846154    0.929190    0.500000    0.481379    1000        145.454545  0.055901    0.922348    0.397162    3.069100   
/home/s21_yhr/miniconda3/envs/GGA/lib/python3.11/site-packages/torchvision/models/_utils.py:208: UserWarning: The parameter 'pretrained' is deprecated since 0.13 and may be removed in the future, please use 'weights' instead.
  warnings.warn(
/home/s21_yhr/miniconda3/envs/GGA/lib/python3.11/site-packages/torchvision/models/_utils.py:223: UserWarning: Arguments other than a weight enum or `None` for 'weights' are deprecated since 0.13 and may be removed in the future. The current behavior is equivalent to passing `weights=ResNet50_Weights.IMAGENET1K_V1`. You can also use `weights=ResNet50_Weights.DEFAULT` to get the most up-to-date weights.
  warnings.warn(msg)
[36mINFO[0m 08/01 22:10:10 | 0.557823    0.616438    0.000000    0.653846    0.509406    0.607367    0.701388    2.689105    0.557823    0.509406    0.616438    0.607367    0.807692    0.914501    0.500000    0.488276    1100        160.000000  0.055792    0.922421    0.388604    3.069100   
/home/s21_yhr/miniconda3/envs/GGA/lib/python3.11/site-packages/torchvision/models/_utils.py:208: UserWarning: The parameter 'pretrained' is deprecated since 0.13 and may be removed in the future, please use 'weights' instead.
  warnings.warn(
/home/s21_yhr/miniconda3/envs/GGA/lib/python3.11/site-packages/torchvision/models/_utils.py:223: UserWarning: Arguments other than a weight enum or `None` for 'weights' are deprecated since 0.13 and may be removed in the future. The current behavior is equivalent to passing `weights=ResNet50_Weights.IMAGENET1K_V1`. You can also use `weights=ResNet50_Weights.DEFAULT` to get the most up-to-date weights.
  warnings.warn(msg)
[36mINFO[0m 08/01 22:11:43 | 0.544218    0.616438    0.000000    0.634259    0.531378    0.627743    0.693675    3.417863    0.544218    0.531378    0.616438    0.627743    0.750000    0.911488    0.518519    0.475862    1200        174.545455  0.055433    0.924523    0.390885    3.069100   
/home/s21_yhr/miniconda3/envs/GGA/lib/python3.11/site-packages/torchvision/models/_utils.py:208: UserWarning: The parameter 'pretrained' is deprecated since 0.13 and may be removed in the future, please use 'weights' instead.
  warnings.warn(
/home/s21_yhr/miniconda3/envs/GGA/lib/python3.11/site-packages/torchvision/models/_utils.py:223: UserWarning: Arguments other than a weight enum or `None` for 'weights' are deprecated since 0.13 and may be removed in the future. The current behavior is equivalent to passing `weights=ResNet50_Weights.IMAGENET1K_V1`. You can also use `weights=ResNet50_Weights.DEFAULT` to get the most up-to-date weights.
  warnings.warn(msg)
[36mINFO[0m 08/01 22:13:15 | 0.517007    0.589041    0.000000    0.687500    0.522938    0.598746    0.716269    2.665767    0.517007    0.522938    0.589041    0.598746    0.875000    0.948399    0.500000    0.484138    1300        189.090909  0.052754    0.918415    0.383096    3.069100   
/home/s21_yhr/miniconda3/envs/GGA/lib/python3.11/site-packages/torchvision/models/_utils.py:208: UserWarning: The parameter 'pretrained' is deprecated since 0.13 and may be removed in the future, please use 'weights' instead.
  warnings.warn(
/home/s21_yhr/miniconda3/envs/GGA/lib/python3.11/site-packages/torchvision/models/_utils.py:223: UserWarning: Arguments other than a weight enum or `None` for 'weights' are deprecated since 0.13 and may be removed in the future. The current behavior is equivalent to passing `weights=ResNet50_Weights.IMAGENET1K_V1`. You can also use `weights=ResNet50_Weights.DEFAULT` to get the most up-to-date weights.
  warnings.warn(msg)
[36mINFO[0m 08/01 22:14:49 | 0.537415    0.630137    0.000000    0.667557    0.509619    0.634013    0.681811    2.435039    0.537415    0.509619    0.630137    0.634013    0.798077    0.887759    0.537037    0.475862    1400        203.636364  0.052940    0.931333    0.382947    3.070809   
/home/s21_yhr/miniconda3/envs/GGA/lib/python3.11/site-packages/torchvision/models/_utils.py:208: UserWarning: The parameter 'pretrained' is deprecated since 0.13 and may be removed in the future, please use 'weights' instead.
  warnings.warn(
/home/s21_yhr/miniconda3/envs/GGA/lib/python3.11/site-packages/torchvision/models/_utils.py:223: UserWarning: Arguments other than a weight enum or `None` for 'weights' are deprecated since 0.13 and may be removed in the future. The current behavior is equivalent to passing `weights=ResNet50_Weights.IMAGENET1K_V1`. You can also use `weights=ResNet50_Weights.DEFAULT` to get the most up-to-date weights.
  warnings.warn(msg)
[36mINFO[0m 08/01 22:16:22 | 0.534014    0.602740    0.000000    0.635328    0.517068    0.571317    0.694372    2.411899    0.534014    0.517068    0.602740    0.571317    0.807692    0.923917    0.462963    0.464828    1500        218.181818  0.052498    0.933058    0.382216    3.070809   
/home/s21_yhr/miniconda3/envs/GGA/lib/python3.11/site-packages/torchvision/models/_utils.py:208: UserWarning: The parameter 'pretrained' is deprecated since 0.13 and may be removed in the future, please use 'weights' instead.
  warnings.warn(
/home/s21_yhr/miniconda3/envs/GGA/lib/python3.11/site-packages/torchvision/models/_utils.py:223: UserWarning: Arguments other than a weight enum or `None` for 'weights' are deprecated since 0.13 and may be removed in the future. The current behavior is equivalent to passing `weights=ResNet50_Weights.IMAGENET1K_V1`. You can also use `weights=ResNet50_Weights.DEFAULT` to get the most up-to-date weights.
  warnings.warn(msg)
[36mINFO[0m 08/01 22:17:54 | 0.540816    0.602740    0.000000    0.668981    0.532769    0.606191    0.705229    3.237569    0.540816    0.532769    0.602740    0.606191    0.875000    0.940113    0.462963    0.470345    1600        232.727273  0.051112    0.913840    0.383595    3.070809   
/home/s21_yhr/miniconda3/envs/GGA/lib/python3.11/site-packages/torchvision/models/_utils.py:208: UserWarning: The parameter 'pretrained' is deprecated since 0.13 and may be removed in the future, please use 'weights' instead.
  warnings.warn(
/home/s21_yhr/miniconda3/envs/GGA/lib/python3.11/site-packages/torchvision/models/_utils.py:223: UserWarning: Arguments other than a weight enum or `None` for 'weights' are deprecated since 0.13 and may be removed in the future. The current behavior is equivalent to passing `weights=ResNet50_Weights.IMAGENET1K_V1`. You can also use `weights=ResNet50_Weights.DEFAULT` to get the most up-to-date weights.
  warnings.warn(msg)
[36mINFO[0m 08/01 22:19:27 | 0.523810    0.547945    0.000000    0.705306    0.496888    0.580721    0.706287    2.827570    0.523810    0.496888    0.547945    0.580721    0.836538    0.928437    0.574074    0.484138    1700        247.272727  0.057199    0.920728    0.386015    3.070809   
/home/s21_yhr/miniconda3/envs/GGA/lib/python3.11/site-packages/torchvision/models/_utils.py:208: UserWarning: The parameter 'pretrained' is deprecated since 0.13 and may be removed in the future, please use 'weights' instead.
  warnings.warn(
/home/s21_yhr/miniconda3/envs/GGA/lib/python3.11/site-packages/torchvision/models/_utils.py:223: UserWarning: Arguments other than a weight enum or `None` for 'weights' are deprecated since 0.13 and may be removed in the future. The current behavior is equivalent to passing `weights=ResNet50_Weights.IMAGENET1K_V1`. You can also use `weights=ResNet50_Weights.DEFAULT` to get the most up-to-date weights.
  warnings.warn(msg)
[36mINFO[0m 08/01 22:20:59 | 0.517007    0.643836    0.000000    0.691595    0.542930    0.626176    0.678717    3.411673    0.517007    0.542930    0.643836    0.626176    0.846154    0.904331    0.537037    0.453103    1800        261.818182  0.048052    0.923695    0.394896    3.070809   
/home/s21_yhr/miniconda3/envs/GGA/lib/python3.11/site-packages/torchvision/models/_utils.py:208: UserWarning: The parameter 'pretrained' is deprecated since 0.13 and may be removed in the future, please use 'weights' instead.
  warnings.warn(
/home/s21_yhr/miniconda3/envs/GGA/lib/python3.11/site-packages/torchvision/models/_utils.py:223: UserWarning: Arguments other than a weight enum or `None` for 'weights' are deprecated since 0.13 and may be removed in the future. The current behavior is equivalent to passing `weights=ResNet50_Weights.IMAGENET1K_V1`. You can also use `weights=ResNet50_Weights.DEFAULT` to get the most up-to-date weights.
  warnings.warn(msg)
[36mINFO[0m 08/01 22:22:32 | 0.527211    0.616438    0.000000    0.678241    0.517893    0.617555    0.704600    3.097935    0.527211    0.517893    0.616438    0.617555    0.875000    0.937476    0.481481    0.471724    1900        276.363636  0.042516    0.925346    0.397738    3.070809   
/home/s21_yhr/miniconda3/envs/GGA/lib/python3.11/site-packages/torchvision/models/_utils.py:208: UserWarning: The parameter 'pretrained' is deprecated since 0.13 and may be removed in the future, please use 'weights' instead.
  warnings.warn(
/home/s21_yhr/miniconda3/envs/GGA/lib/python3.11/site-packages/torchvision/models/_utils.py:223: UserWarning: Arguments other than a weight enum or `None` for 'weights' are deprecated since 0.13 and may be removed in the future. The current behavior is equivalent to passing `weights=ResNet50_Weights.IMAGENET1K_V1`. You can also use `weights=ResNet50_Weights.DEFAULT` to get the most up-to-date weights.
  warnings.warn(msg)
[36mINFO[0m 08/01 22:24:06 | 0.527211    0.602740    0.000000    0.691595    0.533099    0.604232    0.699302    2.909322    0.527211    0.533099    0.602740    0.604232    0.846154    0.936535    0.537037    0.462069    2000        290.909091  0.044612    0.927466    0.395007    3.070809   
/home/s21_yhr/miniconda3/envs/GGA/lib/python3.11/site-packages/torchvision/models/_utils.py:208: UserWarning: The parameter 'pretrained' is deprecated since 0.13 and may be removed in the future, please use 'weights' instead.
  warnings.warn(
/home/s21_yhr/miniconda3/envs/GGA/lib/python3.11/site-packages/torchvision/models/_utils.py:223: UserWarning: Arguments other than a weight enum or `None` for 'weights' are deprecated since 0.13 and may be removed in the future. The current behavior is equivalent to passing `weights=ResNet50_Weights.IMAGENET1K_V1`. You can also use `weights=ResNet50_Weights.DEFAULT` to get the most up-to-date weights.
  warnings.warn(msg)
[36mINFO[0m 08/01 22:25:39 | 0.534014    0.506849    0.000000    0.706019    0.522420    0.506270    0.685180    2.557913    0.534014    0.522420    0.506849    0.506270    0.875000    0.912429    0.537037    0.457931    2100        305.454545  0.041073    0.929486    0.399339    3.070809   
/home/s21_yhr/miniconda3/envs/GGA/lib/python3.11/site-packages/torchvision/models/_utils.py:208: UserWarning: The parameter 'pretrained' is deprecated since 0.13 and may be removed in the future, please use 'weights' instead.
  warnings.warn(
/home/s21_yhr/miniconda3/envs/GGA/lib/python3.11/site-packages/torchvision/models/_utils.py:223: UserWarning: Arguments other than a weight enum or `None` for 'weights' are deprecated since 0.13 and may be removed in the future. The current behavior is equivalent to passing `weights=ResNet50_Weights.IMAGENET1K_V1`. You can also use `weights=ResNet50_Weights.DEFAULT` to get the most up-to-date weights.
  warnings.warn(msg)
[36mINFO[0m 08/01 22:27:11 | 0.551020    0.602740    0.000000    0.658654    0.519544    0.593260    0.697261    3.273590    0.551020    0.519544    0.602740    0.593260    0.817308    0.931073    0.500000    0.463448    2200        320.000000  0.042539    0.916867    0.384823    3.070809   
/home/s21_yhr/miniconda3/envs/GGA/lib/python3.11/site-packages/torchvision/models/_utils.py:208: UserWarning: The parameter 'pretrained' is deprecated since 0.13 and may be removed in the future, please use 'weights' instead.
  warnings.warn(
/home/s21_yhr/miniconda3/envs/GGA/lib/python3.11/site-packages/torchvision/models/_utils.py:223: UserWarning: Arguments other than a weight enum or `None` for 'weights' are deprecated since 0.13 and may be removed in the future. The current behavior is equivalent to passing `weights=ResNet50_Weights.IMAGENET1K_V1`. You can also use `weights=ResNet50_Weights.DEFAULT` to get the most up-to-date weights.
  warnings.warn(msg)
[36mINFO[0m 08/01 22:28:44 | 0.557823    0.534247    0.000000    0.714922    0.511292    0.599530    0.722531    2.760347    0.557823    0.511292    0.534247    0.599530    0.855769    0.937476    0.574074    0.507586    2300        334.545455  0.048550    0.927315    0.394130    3.070809   
/home/s21_yhr/miniconda3/envs/GGA/lib/python3.11/site-packages/torchvision/models/_utils.py:208: UserWarning: The parameter 'pretrained' is deprecated since 0.13 and may be removed in the future, please use 'weights' instead.
  warnings.warn(
/home/s21_yhr/miniconda3/envs/GGA/lib/python3.11/site-packages/torchvision/models/_utils.py:223: UserWarning: Arguments other than a weight enum or `None` for 'weights' are deprecated since 0.13 and may be removed in the future. The current behavior is equivalent to passing `weights=ResNet50_Weights.IMAGENET1K_V1`. You can also use `weights=ResNet50_Weights.DEFAULT` to get the most up-to-date weights.
  warnings.warn(msg)
[36mINFO[0m 08/01 22:30:17 | 0.571429    0.657534    0.000000    0.672721    0.533028    0.644984    0.706911    2.497953    0.571429    0.533028    0.657534    0.644984    0.826923    0.922787    0.518519    0.491034    2400        349.090909  0.063614    0.926844    0.393371    3.070809   
/home/s21_yhr/miniconda3/envs/GGA/lib/python3.11/site-packages/torchvision/models/_utils.py:208: UserWarning: The parameter 'pretrained' is deprecated since 0.13 and may be removed in the future, please use 'weights' instead.
  warnings.warn(
/home/s21_yhr/miniconda3/envs/GGA/lib/python3.11/site-packages/torchvision/models/_utils.py:223: UserWarning: Arguments other than a weight enum or `None` for 'weights' are deprecated since 0.13 and may be removed in the future. The current behavior is equivalent to passing `weights=ResNet50_Weights.IMAGENET1K_V1`. You can also use `weights=ResNet50_Weights.DEFAULT` to get the most up-to-date weights.
  warnings.warn(msg)
[36mINFO[0m 08/01 22:31:34 | 0.568027    0.602740    0.000000    0.653490    0.517870    0.603448    0.698115    2.494813    0.568027    0.517870    0.602740    0.603448    0.788462    0.894162    0.518519    0.502069    2500        363.636364  0.051051    0.763767    0.392719    3.070809   
/home/s21_yhr/miniconda3/envs/GGA/lib/python3.11/site-packages/torchvision/models/_utils.py:208: UserWarning: The parameter 'pretrained' is deprecated since 0.13 and may be removed in the future, please use 'weights' instead.
  warnings.warn(
/home/s21_yhr/miniconda3/envs/GGA/lib/python3.11/site-packages/torchvision/models/_utils.py:223: UserWarning: Arguments other than a weight enum or `None` for 'weights' are deprecated since 0.13 and may be removed in the future. The current behavior is equivalent to passing `weights=ResNet50_Weights.IMAGENET1K_V1`. You can also use `weights=ResNet50_Weights.DEFAULT` to get the most up-to-date weights.
  warnings.warn(msg)
[36mINFO[0m 08/01 22:32:34 | 0.547619    0.589041    0.000000    0.643875    0.515937    0.583856    0.683076    3.542981    0.547619    0.515937    0.589041    0.583856    0.769231    0.905461    0.518519    0.460690    2600        378.181818  0.037606    0.590628    0.407320    3.070809   
/home/s21_yhr/miniconda3/envs/GGA/lib/python3.11/site-packages/torchvision/models/_utils.py:208: UserWarning: The parameter 'pretrained' is deprecated since 0.13 and may be removed in the future, please use 'weights' instead.
  warnings.warn(
/home/s21_yhr/miniconda3/envs/GGA/lib/python3.11/site-packages/torchvision/models/_utils.py:223: UserWarning: Arguments other than a weight enum or `None` for 'weights' are deprecated since 0.13 and may be removed in the future. The current behavior is equivalent to passing `weights=ResNet50_Weights.IMAGENET1K_V1`. You can also use `weights=ResNet50_Weights.DEFAULT` to get the most up-to-date weights.
  warnings.warn(msg)
[36mINFO[0m 08/01 22:33:33 | 0.537415    0.630137    0.000000    0.654202    0.550050    0.594828    0.687935    2.891338    0.537415    0.550050    0.630137    0.594828    0.826923    0.906215    0.481481    0.469655    2700        392.727273  0.036858    0.593219    0.398021    3.070809   
/home/s21_yhr/miniconda3/envs/GGA/lib/python3.11/site-packages/torchvision/models/_utils.py:208: UserWarning: The parameter 'pretrained' is deprecated since 0.13 and may be removed in the future, please use 'weights' instead.
  warnings.warn(
/home/s21_yhr/miniconda3/envs/GGA/lib/python3.11/site-packages/torchvision/models/_utils.py:223: UserWarning: Arguments other than a weight enum or `None` for 'weights' are deprecated since 0.13 and may be removed in the future. The current behavior is equivalent to passing `weights=ResNet50_Weights.IMAGENET1K_V1`. You can also use `weights=ResNet50_Weights.DEFAULT` to get the most up-to-date weights.
  warnings.warn(msg)
[36mINFO[0m 08/01 22:34:32 | 0.568027    0.547945    0.000000    0.659010    0.569593    0.547022    0.682228    2.759427    0.568027    0.569593    0.547945    0.547022    0.836538    0.903766    0.481481    0.460690    2800        407.272727  0.042577    0.587134    0.400473    3.070809   
/home/s21_yhr/miniconda3/envs/GGA/lib/python3.11/site-packages/torchvision/models/_utils.py:208: UserWarning: The parameter 'pretrained' is deprecated since 0.13 and may be removed in the future, please use 'weights' instead.
  warnings.warn(
/home/s21_yhr/miniconda3/envs/GGA/lib/python3.11/site-packages/torchvision/models/_utils.py:223: UserWarning: Arguments other than a weight enum or `None` for 'weights' are deprecated since 0.13 and may be removed in the future. The current behavior is equivalent to passing `weights=ResNet50_Weights.IMAGENET1K_V1`. You can also use `weights=ResNet50_Weights.DEFAULT` to get the most up-to-date weights.
  warnings.warn(msg)
[36mINFO[0m 08/01 22:35:31 | 0.568027    0.589041    0.000000    0.682336    0.527960    0.570533    0.715314    3.066289    0.568027    0.527960    0.589041    0.570533    0.846154    0.925800    0.518519    0.504828    2900        421.818182  0.045403    0.581422    0.398569    3.070809   
/home/s21_yhr/miniconda3/envs/GGA/lib/python3.11/site-packages/torchvision/models/_utils.py:208: UserWarning: The parameter 'pretrained' is deprecated since 0.13 and may be removed in the future, please use 'weights' instead.
  warnings.warn(
/home/s21_yhr/miniconda3/envs/GGA/lib/python3.11/site-packages/torchvision/models/_utils.py:223: UserWarning: Arguments other than a weight enum or `None` for 'weights' are deprecated since 0.13 and may be removed in the future. The current behavior is equivalent to passing `weights=ResNet50_Weights.IMAGENET1K_V1`. You can also use `weights=ResNet50_Weights.DEFAULT` to get the most up-to-date weights.
  warnings.warn(msg)
[36mINFO[0m 08/01 22:36:28 | 0.554422    0.561644    0.000000    0.677528    0.533877    0.603448    0.704720    2.551257    0.554422    0.533877    0.561644    0.603448    0.836538    0.928060    0.518519    0.481379    3000        436.363636  0.039718    0.568977    0.397692    3.070809   
/home/s21_yhr/miniconda3/envs/GGA/lib/python3.11/site-packages/torchvision/models/_utils.py:208: UserWarning: The parameter 'pretrained' is deprecated since 0.13 and may be removed in the future, please use 'weights' instead.
  warnings.warn(
/home/s21_yhr/miniconda3/envs/GGA/lib/python3.11/site-packages/torchvision/models/_utils.py:223: UserWarning: Arguments other than a weight enum or `None` for 'weights' are deprecated since 0.13 and may be removed in the future. The current behavior is equivalent to passing `weights=ResNet50_Weights.IMAGENET1K_V1`. You can also use `weights=ResNet50_Weights.DEFAULT` to get the most up-to-date weights.
  warnings.warn(msg)
[36mINFO[0m 08/01 22:37:27 | 0.540816    0.643836    0.000000    0.630164    0.545735    0.663009    0.700633    3.755128    0.540816    0.545735    0.643836    0.663009    0.778846    0.908851    0.481481    0.492414    3100        450.909091  0.042449    0.582958    0.402808    3.070809   
/home/s21_yhr/miniconda3/envs/GGA/lib/python3.11/site-packages/torchvision/models/_utils.py:208: UserWarning: The parameter 'pretrained' is deprecated since 0.13 and may be removed in the future, please use 'weights' instead.
  warnings.warn(
/home/s21_yhr/miniconda3/envs/GGA/lib/python3.11/site-packages/torchvision/models/_utils.py:223: UserWarning: Arguments other than a weight enum or `None` for 'weights' are deprecated since 0.13 and may be removed in the future. The current behavior is equivalent to passing `weights=ResNet50_Weights.IMAGENET1K_V1`. You can also use `weights=ResNet50_Weights.DEFAULT` to get the most up-to-date weights.
  warnings.warn(msg)
[36mINFO[0m 08/01 22:38:25 | 0.523810    0.643836    0.000000    0.648682    0.502122    0.635580    0.691471    2.370774    0.523810    0.502122    0.643836    0.635580    0.778846    0.896045    0.518519    0.486897    3200        465.454545  0.035660    0.572945    0.406982    3.070809   
/home/s21_yhr/miniconda3/envs/GGA/lib/python3.11/site-packages/torchvision/models/_utils.py:208: UserWarning: The parameter 'pretrained' is deprecated since 0.13 and may be removed in the future, please use 'weights' instead.
  warnings.warn(
/home/s21_yhr/miniconda3/envs/GGA/lib/python3.11/site-packages/torchvision/models/_utils.py:223: UserWarning: Arguments other than a weight enum or `None` for 'weights' are deprecated since 0.13 and may be removed in the future. The current behavior is equivalent to passing `weights=ResNet50_Weights.IMAGENET1K_V1`. You can also use `weights=ResNet50_Weights.DEFAULT` to get the most up-to-date weights.
  warnings.warn(msg)
[36mINFO[0m 08/01 22:39:25 | 0.534014    0.657534    0.000000    0.621261    0.535669    0.641850    0.678712    3.997271    0.534014    0.535669    0.657534    0.641850    0.798077    0.896045    0.444444    0.461379    3300        480.000000  0.029086    0.596960    0.383148    3.070809   
/home/s21_yhr/miniconda3/envs/GGA/lib/python3.11/site-packages/torchvision/models/_utils.py:208: UserWarning: The parameter 'pretrained' is deprecated since 0.13 and may be removed in the future, please use 'weights' instead.
  warnings.warn(
/home/s21_yhr/miniconda3/envs/GGA/lib/python3.11/site-packages/torchvision/models/_utils.py:223: UserWarning: Arguments other than a weight enum or `None` for 'weights' are deprecated since 0.13 and may be removed in the future. The current behavior is equivalent to passing `weights=ResNet50_Weights.IMAGENET1K_V1`. You can also use `weights=ResNet50_Weights.DEFAULT` to get the most up-to-date weights.
  warnings.warn(msg)
[36mINFO[0m 08/01 22:40:22 | 0.520408    0.575342    0.000000    0.691952    0.528738    0.602665    0.728425    2.378975    0.520408    0.528738    0.575342    0.602665    0.865385    0.938230    0.518519    0.518621    3400        494.545455  0.049798    0.565894    0.402647    3.070809   
/home/s21_yhr/miniconda3/envs/GGA/lib/python3.11/site-packages/torchvision/models/_utils.py:208: UserWarning: The parameter 'pretrained' is deprecated since 0.13 and may be removed in the future, please use 'weights' instead.
  warnings.warn(
/home/s21_yhr/miniconda3/envs/GGA/lib/python3.11/site-packages/torchvision/models/_utils.py:223: UserWarning: Arguments other than a weight enum or `None` for 'weights' are deprecated since 0.13 and may be removed in the future. The current behavior is equivalent to passing `weights=ResNet50_Weights.IMAGENET1K_V1`. You can also use `weights=ResNet50_Weights.DEFAULT` to get the most up-to-date weights.
  warnings.warn(msg)
[36mINFO[0m 08/01 22:41:19 | 0.527211    0.602740    0.000000    0.677885    0.508275    0.608150    0.701834    3.276810    0.527211    0.508275    0.602740    0.608150    0.855769    0.925047    0.500000    0.478621    3500        509.090909  0.031721    0.569356    0.398685    3.070809   
/home/s21_yhr/miniconda3/envs/GGA/lib/python3.11/site-packages/torchvision/models/_utils.py:208: UserWarning: The parameter 'pretrained' is deprecated since 0.13 and may be removed in the future, please use 'weights' instead.
  warnings.warn(
/home/s21_yhr/miniconda3/envs/GGA/lib/python3.11/site-packages/torchvision/models/_utils.py:223: UserWarning: Arguments other than a weight enum or `None` for 'weights' are deprecated since 0.13 and may be removed in the future. The current behavior is equivalent to passing `weights=ResNet50_Weights.IMAGENET1K_V1`. You can also use `weights=ResNet50_Weights.DEFAULT` to get the most up-to-date weights.
  warnings.warn(msg)
[36mINFO[0m 08/01 22:42:16 | 0.506803    0.589041    0.000000    0.701211    0.523881    0.605408    0.733879    2.870822    0.506803    0.523881    0.589041    0.605408    0.865385    0.936723    0.537037    0.531034    3600        523.636364  0.037849    0.567874    0.390843    3.070809   
/home/s21_yhr/miniconda3/envs/GGA/lib/python3.11/site-packages/torchvision/models/_utils.py:208: UserWarning: The parameter 'pretrained' is deprecated since 0.13 and may be removed in the future, please use 'weights' instead.
  warnings.warn(
/home/s21_yhr/miniconda3/envs/GGA/lib/python3.11/site-packages/torchvision/models/_utils.py:223: UserWarning: Arguments other than a weight enum or `None` for 'weights' are deprecated since 0.13 and may be removed in the future. The current behavior is equivalent to passing `weights=ResNet50_Weights.IMAGENET1K_V1`. You can also use `weights=ResNet50_Weights.DEFAULT` to get the most up-to-date weights.
  warnings.warn(msg)
[36mINFO[0m 08/01 22:43:14 | 0.513605    0.602740    0.000000    0.653490    0.498868    0.599530    0.717683    2.414594    0.513605    0.498868    0.602740    0.599530    0.788462    0.904331    0.518519    0.531034    3700        538.181818  0.043720    0.573246    0.405652    3.070809   
/home/s21_yhr/miniconda3/envs/GGA/lib/python3.11/site-packages/torchvision/models/_utils.py:208: UserWarning: The parameter 'pretrained' is deprecated since 0.13 and may be removed in the future, please use 'weights' instead.
  warnings.warn(
/home/s21_yhr/miniconda3/envs/GGA/lib/python3.11/site-packages/torchvision/models/_utils.py:223: UserWarning: Arguments other than a weight enum or `None` for 'weights' are deprecated since 0.13 and may be removed in the future. The current behavior is equivalent to passing `weights=ResNet50_Weights.IMAGENET1K_V1`. You can also use `weights=ResNet50_Weights.DEFAULT` to get the most up-to-date weights.
  warnings.warn(msg)
[36mINFO[0m 08/01 22:44:13 | 0.523810    0.589041    0.000000    0.677885    0.511009    0.588558    0.723003    2.625272    0.523810    0.511009    0.589041    0.588558    0.855769    0.940490    0.500000    0.505517    3800        552.727273  0.033860    0.584127    0.399115    3.070809   
/home/s21_yhr/miniconda3/envs/GGA/lib/python3.11/site-packages/torchvision/models/_utils.py:208: UserWarning: The parameter 'pretrained' is deprecated since 0.13 and may be removed in the future, please use 'weights' instead.
  warnings.warn(
/home/s21_yhr/miniconda3/envs/GGA/lib/python3.11/site-packages/torchvision/models/_utils.py:223: UserWarning: Arguments other than a weight enum or `None` for 'weights' are deprecated since 0.13 and may be removed in the future. The current behavior is equivalent to passing `weights=ResNet50_Weights.IMAGENET1K_V1`. You can also use `weights=ResNet50_Weights.DEFAULT` to get the most up-to-date weights.
  warnings.warn(msg)
[36mINFO[0m 08/01 22:45:12 | 0.554422    0.643836    0.000000    0.653846    0.515489    0.575235    0.685816    3.069850    0.554422    0.515489    0.643836    0.575235    0.807692    0.876460    0.500000    0.495172    3900        567.272727  0.031265    0.584498    0.398399    3.070809   
/home/s21_yhr/miniconda3/envs/GGA/lib/python3.11/site-packages/torchvision/models/_utils.py:208: UserWarning: The parameter 'pretrained' is deprecated since 0.13 and may be removed in the future, please use 'weights' instead.
  warnings.warn(
/home/s21_yhr/miniconda3/envs/GGA/lib/python3.11/site-packages/torchvision/models/_utils.py:223: UserWarning: Arguments other than a weight enum or `None` for 'weights' are deprecated since 0.13 and may be removed in the future. The current behavior is equivalent to passing `weights=ResNet50_Weights.IMAGENET1K_V1`. You can also use `weights=ResNet50_Weights.DEFAULT` to get the most up-to-date weights.
  warnings.warn(msg)
[36mINFO[0m 08/01 22:46:09 | 0.551020    0.589041    0.000000    0.658298    0.542694    0.590909    0.684508    2.445863    0.551020    0.542694    0.589041    0.590909    0.798077    0.890395    0.518519    0.478621    4000        581.818182  0.040406    0.570713    0.398392    3.070809   
/home/s21_yhr/miniconda3/envs/GGA/lib/python3.11/site-packages/torchvision/models/_utils.py:208: UserWarning: The parameter 'pretrained' is deprecated since 0.13 and may be removed in the future, please use 'weights' instead.
  warnings.warn(
/home/s21_yhr/miniconda3/envs/GGA/lib/python3.11/site-packages/torchvision/models/_utils.py:223: UserWarning: Arguments other than a weight enum or `None` for 'weights' are deprecated since 0.13 and may be removed in the future. The current behavior is equivalent to passing `weights=ResNet50_Weights.IMAGENET1K_V1`. You can also use `weights=ResNet50_Weights.DEFAULT` to get the most up-to-date weights.
  warnings.warn(msg)
[36mINFO[0m 08/01 22:47:08 | 0.537415    0.547945    0.000000    0.649395    0.541185    0.578762    0.678804    3.486087    0.537415    0.541185    0.547945    0.578762    0.817308    0.892090    0.481481    0.465517    4100        596.363636  0.038126    0.588639    0.403229    3.070809   
/home/s21_yhr/miniconda3/envs/GGA/lib/python3.11/site-packages/torchvision/models/_utils.py:208: UserWarning: The parameter 'pretrained' is deprecated since 0.13 and may be removed in the future, please use 'weights' instead.
  warnings.warn(
/home/s21_yhr/miniconda3/envs/GGA/lib/python3.11/site-packages/torchvision/models/_utils.py:223: UserWarning: Arguments other than a weight enum or `None` for 'weights' are deprecated since 0.13 and may be removed in the future. The current behavior is equivalent to passing `weights=ResNet50_Weights.IMAGENET1K_V1`. You can also use `weights=ResNet50_Weights.DEFAULT` to get the most up-to-date weights.
  warnings.warn(msg)
[36mINFO[0m 08/01 22:48:07 | 0.510204    0.547945    0.000000    0.616809    0.514239    0.625392    0.676956    3.324962    0.510204    0.514239    0.547945    0.625392    0.807692    0.895292    0.425926    0.458621    4200        610.909091  0.025932    0.579151    0.397693    3.070809   
/home/s21_yhr/miniconda3/envs/GGA/lib/python3.11/site-packages/torchvision/models/_utils.py:208: UserWarning: The parameter 'pretrained' is deprecated since 0.13 and may be removed in the future, please use 'weights' instead.
  warnings.warn(
/home/s21_yhr/miniconda3/envs/GGA/lib/python3.11/site-packages/torchvision/models/_utils.py:223: UserWarning: Arguments other than a weight enum or `None` for 'weights' are deprecated since 0.13 and may be removed in the future. The current behavior is equivalent to passing `weights=ResNet50_Weights.IMAGENET1K_V1`. You can also use `weights=ResNet50_Weights.DEFAULT` to get the most up-to-date weights.
  warnings.warn(msg)
[36mINFO[0m 08/01 22:49:05 | 0.534014    0.602740    0.000000    0.662749    0.495309    0.611285    0.648905    3.020806    0.534014    0.495309    0.602740    0.611285    0.788462    0.853672    0.537037    0.444138    4300        625.454545  0.033181    0.579778    0.398958    3.070809   
/home/s21_yhr/miniconda3/envs/GGA/lib/python3.11/site-packages/torchvision/models/_utils.py:208: UserWarning: The parameter 'pretrained' is deprecated since 0.13 and may be removed in the future, please use 'weights' instead.
  warnings.warn(
/home/s21_yhr/miniconda3/envs/GGA/lib/python3.11/site-packages/torchvision/models/_utils.py:223: UserWarning: Arguments other than a weight enum or `None` for 'weights' are deprecated since 0.13 and may be removed in the future. The current behavior is equivalent to passing `weights=ResNet50_Weights.IMAGENET1K_V1`. You can also use `weights=ResNet50_Weights.DEFAULT` to get the most up-to-date weights.
  warnings.warn(msg)
[36mINFO[0m 08/01 22:50:04 | 0.540816    0.589041    0.000000    0.677885    0.499976    0.614420    0.686590    3.773886    0.540816    0.499976    0.589041    0.614420    0.855769    0.911111    0.500000    0.462069    4400        640.000000  0.038330    0.585892    0.387801    3.070809   
/home/s21_yhr/miniconda3/envs/GGA/lib/python3.11/site-packages/torchvision/models/_utils.py:208: UserWarning: The parameter 'pretrained' is deprecated since 0.13 and may be removed in the future, please use 'weights' instead.
  warnings.warn(
/home/s21_yhr/miniconda3/envs/GGA/lib/python3.11/site-packages/torchvision/models/_utils.py:223: UserWarning: Arguments other than a weight enum or `None` for 'weights' are deprecated since 0.13 and may be removed in the future. The current behavior is equivalent to passing `weights=ResNet50_Weights.IMAGENET1K_V1`. You can also use `weights=ResNet50_Weights.DEFAULT` to get the most up-to-date weights.
  warnings.warn(msg)
[36mINFO[0m 08/01 22:51:02 | 0.527211    0.561644    0.000000    0.673077    0.483144    0.557602    0.716532    3.118197    0.527211    0.483144    0.561644    0.557602    0.846154    0.917891    0.500000    0.515172    4500        654.545455  0.032514    0.572205    0.382159    3.070809   
/home/s21_yhr/miniconda3/envs/GGA/lib/python3.11/site-packages/torchvision/models/_utils.py:208: UserWarning: The parameter 'pretrained' is deprecated since 0.13 and may be removed in the future, please use 'weights' instead.
  warnings.warn(
/home/s21_yhr/miniconda3/envs/GGA/lib/python3.11/site-packages/torchvision/models/_utils.py:223: UserWarning: Arguments other than a weight enum or `None` for 'weights' are deprecated since 0.13 and may be removed in the future. The current behavior is equivalent to passing `weights=ResNet50_Weights.IMAGENET1K_V1`. You can also use `weights=ResNet50_Weights.DEFAULT` to get the most up-to-date weights.
  warnings.warn(msg)
[36mINFO[0m 08/01 22:52:00 | 0.520408    0.575342    0.000000    0.673077    0.535975    0.590125    0.709106    2.926567    0.520408    0.535975    0.575342    0.590125    0.846154    0.923729    0.500000    0.494483    4600        669.090909  0.035792    0.578196    0.381970    3.070809   
/home/s21_yhr/miniconda3/envs/GGA/lib/python3.11/site-packages/torchvision/models/_utils.py:208: UserWarning: The parameter 'pretrained' is deprecated since 0.13 and may be removed in the future, please use 'weights' instead.
  warnings.warn(
/home/s21_yhr/miniconda3/envs/GGA/lib/python3.11/site-packages/torchvision/models/_utils.py:223: UserWarning: Arguments other than a weight enum or `None` for 'weights' are deprecated since 0.13 and may be removed in the future. The current behavior is equivalent to passing `weights=ResNet50_Weights.IMAGENET1K_V1`. You can also use `weights=ResNet50_Weights.DEFAULT` to get the most up-to-date weights.
  warnings.warn(msg)
[36mINFO[0m 08/01 22:52:59 | 0.534014    0.589041    0.000000    0.706019    0.514923    0.581505    0.712716    3.176502    0.534014    0.514923    0.589041    0.581505    0.875000    0.931638    0.537037    0.493793    4700        683.636364  0.027444    0.582339    0.393769    3.070809   
/home/s21_yhr/miniconda3/envs/GGA/lib/python3.11/site-packages/torchvision/models/_utils.py:208: UserWarning: The parameter 'pretrained' is deprecated since 0.13 and may be removed in the future, please use 'weights' instead.
  warnings.warn(
/home/s21_yhr/miniconda3/envs/GGA/lib/python3.11/site-packages/torchvision/models/_utils.py:223: UserWarning: Arguments other than a weight enum or `None` for 'weights' are deprecated since 0.13 and may be removed in the future. The current behavior is equivalent to passing `weights=ResNet50_Weights.IMAGENET1K_V1`. You can also use `weights=ResNet50_Weights.DEFAULT` to get the most up-to-date weights.
  warnings.warn(msg)
[36mINFO[0m 08/01 22:53:58 | 0.517007    0.657534    0.000000    0.659010    0.510397    0.672414    0.701540    4.359220    0.517007    0.510397    0.657534    0.672414    0.836538    0.905838    0.481481    0.497241    4800        698.181818  0.025183    0.585585    0.391466    3.070809   
/home/s21_yhr/miniconda3/envs/GGA/lib/python3.11/site-packages/torchvision/models/_utils.py:208: UserWarning: The parameter 'pretrained' is deprecated since 0.13 and may be removed in the future, please use 'weights' instead.
  warnings.warn(
/home/s21_yhr/miniconda3/envs/GGA/lib/python3.11/site-packages/torchvision/models/_utils.py:223: UserWarning: Arguments other than a weight enum or `None` for 'weights' are deprecated since 0.13 and may be removed in the future. The current behavior is equivalent to passing `weights=ResNet50_Weights.IMAGENET1K_V1`. You can also use `weights=ResNet50_Weights.DEFAULT` to get the most up-to-date weights.
  warnings.warn(msg)
[36mINFO[0m 08/01 22:54:58 | 0.510204    0.616438    0.000000    0.696047    0.506483    0.684169    0.708036    2.423558    0.510204    0.506483    0.616438    0.684169    0.836538    0.916761    0.555556    0.499310    4900        712.727273  0.036690    0.597296    0.379390    3.070809   
/home/s21_yhr/miniconda3/envs/GGA/lib/python3.11/site-packages/torchvision/models/_utils.py:208: UserWarning: The parameter 'pretrained' is deprecated since 0.13 and may be removed in the future, please use 'weights' instead.
  warnings.warn(
/home/s21_yhr/miniconda3/envs/GGA/lib/python3.11/site-packages/torchvision/models/_utils.py:223: UserWarning: Arguments other than a weight enum or `None` for 'weights' are deprecated since 0.13 and may be removed in the future. The current behavior is equivalent to passing `weights=ResNet50_Weights.IMAGENET1K_V1`. You can also use `weights=ResNet50_Weights.DEFAULT` to get the most up-to-date weights.
  warnings.warn(msg)
[36mINFO[0m 08/01 22:55:57 | 0.547619    0.561644    0.000000    0.696403    0.534254    0.608150    0.707484    3.060625    0.547619    0.534254    0.561644    0.608150    0.855769    0.936347    0.537037    0.478621    5000        727.272727  0.033373    0.585301    0.377353    3.070809   
[36mINFO[0m 08/01 22:55:57 | ---
[36mINFO[0m 08/01 22:55:57 | oracle = 55.442%
[36mINFO[0m 08/01 22:55:57 | iid = 55.782%
[36mINFO[0m 08/01 22:55:57 | last = 54.762%
[36mINFO[0m 08/01 22:55:57 | last (inD) = 69.640%
[36mINFO[0m 08/01 22:55:57 | iid (inD) = 71.492%
[36mINFO[0m 08/01 22:55:57 | 
[36mINFO[0m 08/01 22:55:57 | Testenv name escaping te_01 -> te_01
[36mINFO[0m 08/01 22:55:57 | Test envs = [1], name = te_01
[36mINFO[0m 08/01 22:55:57 | Batch sizes for each domain: [32, 0, 32] (total=64)
[36mINFO[0m 08/01 22:55:57 | steps-per-epoch for each domain: 9.19, 6.88 -> min = 6.88
/home/s21_yhr/miniconda3/envs/GGA/lib/python3.11/site-packages/torchvision/models/_utils.py:208: UserWarning: The parameter 'pretrained' is deprecated since 0.13 and may be removed in the future, please use 'weights' instead.
  warnings.warn(
/home/s21_yhr/miniconda3/envs/GGA/lib/python3.11/site-packages/torchvision/models/_utils.py:223: UserWarning: Arguments other than a weight enum or `None` for 'weights' are deprecated since 0.13 and may be removed in the future. The current behavior is equivalent to passing `weights=ResNet50_Weights.IMAGENET1K_V1`. You can also use `weights=ResNet50_Weights.DEFAULT` to get the most up-to-date weights.
  warnings.warn(msg)
[36mINFO[0m 08/01 22:56:00 | # of params = 23512130
[36mINFO[0m 08/01 22:56:01 | test_in     test_out    train_in    train_out   test_in_au  train_out_  tr_outloss  test_out_a  env0_out    env0_out_a  env1_in     env1_in_au  env1_out    env1_out_a  env2_out    env2_out_a  step        epoch       loss        step_time   eval_time   mem_gb     
[36mINFO[0m 08/01 22:56:01 | 0.489260    0.567308    0.000000    0.569888    0.802348    0.507994    0.717396    0.835405    0.602740    0.478056    0.489260    0.802348    0.567308    0.835405    0.537037    0.537931    0           0.000000    0.972881    0.559524    0.542333    3.057565   
/home/s21_yhr/miniconda3/envs/GGA/lib/python3.11/site-packages/torchvision/models/_utils.py:208: UserWarning: The parameter 'pretrained' is deprecated since 0.13 and may be removed in the future, please use 'weights' instead.
  warnings.warn(
/home/s21_yhr/miniconda3/envs/GGA/lib/python3.11/site-packages/torchvision/models/_utils.py:223: UserWarning: Arguments other than a weight enum or `None` for 'weights' are deprecated since 0.13 and may be removed in the future. The current behavior is equivalent to passing `weights=ResNet50_Weights.IMAGENET1K_V1`. You can also use `weights=ResNet50_Weights.DEFAULT` to get the most up-to-date weights.
  warnings.warn(msg)
[36mINFO[0m 08/01 22:57:02 | 0.639618    0.701923    0.000000    0.595256    0.681536    0.605219    0.747033    0.726177    0.616438    0.621473    0.639618    0.681536    0.701923    0.726177    0.574074    0.588966    100         14.545455   0.595168    0.600731    0.495707    3.062997   
/home/s21_yhr/miniconda3/envs/GGA/lib/python3.11/site-packages/torchvision/models/_utils.py:208: UserWarning: The parameter 'pretrained' is deprecated since 0.13 and may be removed in the future, please use 'weights' instead.
  warnings.warn(
/home/s21_yhr/miniconda3/envs/GGA/lib/python3.11/site-packages/torchvision/models/_utils.py:223: UserWarning: Arguments other than a weight enum or `None` for 'weights' are deprecated since 0.13 and may be removed in the future. The current behavior is equivalent to passing `weights=ResNet50_Weights.IMAGENET1K_V1`. You can also use `weights=ResNet50_Weights.DEFAULT` to get the most up-to-date weights.
  warnings.warn(msg)
[36mINFO[0m 08/01 22:58:03 | 0.498807    0.596154    0.000000    0.592846    0.526989    0.606301    1.172651    0.660264    0.630137    0.691223    0.498807    0.526989    0.596154    0.660264    0.555556    0.521379    200         29.090909   0.341324    0.606412    0.489803    3.062997   
/home/s21_yhr/miniconda3/envs/GGA/lib/python3.11/site-packages/torchvision/models/_utils.py:208: UserWarning: The parameter 'pretrained' is deprecated since 0.13 and may be removed in the future, please use 'weights' instead.
  warnings.warn(
/home/s21_yhr/miniconda3/envs/GGA/lib/python3.11/site-packages/torchvision/models/_utils.py:223: UserWarning: Arguments other than a weight enum or `None` for 'weights' are deprecated since 0.13 and may be removed in the future. The current behavior is equivalent to passing `weights=ResNet50_Weights.IMAGENET1K_V1`. You can also use `weights=ResNet50_Weights.DEFAULT` to get the most up-to-date weights.
  warnings.warn(msg)
[36mINFO[0m 08/01 22:59:02 | 0.513126    0.538462    0.000000    0.556190    0.515181    0.568307    1.828018    0.571375    0.575342    0.609718    0.513126    0.515181    0.538462    0.571375    0.537037    0.526897    300         43.636364   0.183165    0.582775    0.486485    3.062997   
/home/s21_yhr/miniconda3/envs/GGA/lib/python3.11/site-packages/torchvision/models/_utils.py:208: UserWarning: The parameter 'pretrained' is deprecated since 0.13 and may be removed in the future, please use 'weights' instead.
  warnings.warn(
/home/s21_yhr/miniconda3/envs/GGA/lib/python3.11/site-packages/torchvision/models/_utils.py:223: UserWarning: Arguments other than a weight enum or `None` for 'weights' are deprecated since 0.13 and may be removed in the future. The current behavior is equivalent to passing `weights=ResNet50_Weights.IMAGENET1K_V1`. You can also use `weights=ResNet50_Weights.DEFAULT` to get the most up-to-date weights.
  warnings.warn(msg)
[36mINFO[0m 08/01 23:00:02 | 0.467780    0.548077    0.000000    0.608955    0.457192    0.613574    1.558322    0.582674    0.643836    0.697492    0.467780    0.457192    0.548077    0.582674    0.574074    0.529655    400         58.181818   0.123784    0.598289    0.489106    3.064584   
/home/s21_yhr/miniconda3/envs/GGA/lib/python3.11/site-packages/torchvision/models/_utils.py:208: UserWarning: The parameter 'pretrained' is deprecated since 0.13 and may be removed in the future, please use 'weights' instead.
  warnings.warn(
/home/s21_yhr/miniconda3/envs/GGA/lib/python3.11/site-packages/torchvision/models/_utils.py:223: UserWarning: Arguments other than a weight enum or `None` for 'weights' are deprecated since 0.13 and may be removed in the future. The current behavior is equivalent to passing `weights=ResNet50_Weights.IMAGENET1K_V1`. You can also use `weights=ResNet50_Weights.DEFAULT` to get the most up-to-date weights.
  warnings.warn(msg)
[36mINFO[0m 08/01 23:01:01 | 0.486874    0.586538    0.000000    0.533232    0.492729    0.551285    2.618393    0.601507    0.547945    0.636364    0.486874    0.492729    0.586538    0.601507    0.518519    0.466207    500         72.727273   0.092875    0.585648    0.508386    3.064584   
/home/s21_yhr/miniconda3/envs/GGA/lib/python3.11/site-packages/torchvision/models/_utils.py:208: UserWarning: The parameter 'pretrained' is deprecated since 0.13 and may be removed in the future, please use 'weights' instead.
  warnings.warn(
/home/s21_yhr/miniconda3/envs/GGA/lib/python3.11/site-packages/torchvision/models/_utils.py:223: UserWarning: Arguments other than a weight enum or `None` for 'weights' are deprecated since 0.13 and may be removed in the future. The current behavior is equivalent to passing `weights=ResNet50_Weights.IMAGENET1K_V1`. You can also use `weights=ResNet50_Weights.DEFAULT` to get the most up-to-date weights.
  warnings.warn(msg)
[36mINFO[0m 08/01 23:02:00 | 0.489260    0.625000    0.000000    0.590817    0.494848    0.576019    2.283970    0.603390    0.589041    0.634796    0.489260    0.494848    0.625000    0.603390    0.592593    0.517241    600         87.272727   0.087508    0.582596    0.489399    3.064584   
/home/s21_yhr/miniconda3/envs/GGA/lib/python3.11/site-packages/torchvision/models/_utils.py:208: UserWarning: The parameter 'pretrained' is deprecated since 0.13 and may be removed in the future, please use 'weights' instead.
  warnings.warn(
/home/s21_yhr/miniconda3/envs/GGA/lib/python3.11/site-packages/torchvision/models/_utils.py:223: UserWarning: Arguments other than a weight enum or `None` for 'weights' are deprecated since 0.13 and may be removed in the future. The current behavior is equivalent to passing `weights=ResNet50_Weights.IMAGENET1K_V1`. You can also use `weights=ResNet50_Weights.DEFAULT` to get the most up-to-date weights.
  warnings.warn(msg)
[36mINFO[0m 08/01 23:02:59 | 0.472554    0.528846    0.000000    0.567859    0.459790    0.551348    2.328666    0.537476    0.561644    0.614420    0.472554    0.459790    0.528846    0.537476    0.574074    0.488276    700         101.818182  0.073737    0.588149    0.490001    3.064584   
/home/s21_yhr/miniconda3/envs/GGA/lib/python3.11/site-packages/torchvision/models/_utils.py:208: UserWarning: The parameter 'pretrained' is deprecated since 0.13 and may be removed in the future, please use 'weights' instead.
  warnings.warn(
/home/s21_yhr/miniconda3/envs/GGA/lib/python3.11/site-packages/torchvision/models/_utils.py:223: UserWarning: Arguments other than a weight enum or `None` for 'weights' are deprecated since 0.13 and may be removed in the future. The current behavior is equivalent to passing `weights=ResNet50_Weights.IMAGENET1K_V1`. You can also use `weights=ResNet50_Weights.DEFAULT` to get the most up-to-date weights.
  warnings.warn(msg)
[36mINFO[0m 08/01 23:03:59 | 0.479714    0.519231    0.000000    0.560249    0.498108    0.574326    2.559280    0.544633    0.657534    0.710031    0.479714    0.498108    0.519231    0.544633    0.462963    0.438621    800         116.363636  0.071737    0.589060    0.498175    3.064584   
/home/s21_yhr/miniconda3/envs/GGA/lib/python3.11/site-packages/torchvision/models/_utils.py:208: UserWarning: The parameter 'pretrained' is deprecated since 0.13 and may be removed in the future, please use 'weights' instead.
  warnings.warn(
/home/s21_yhr/miniconda3/envs/GGA/lib/python3.11/site-packages/torchvision/models/_utils.py:223: UserWarning: Arguments other than a weight enum or `None` for 'weights' are deprecated since 0.13 and may be removed in the future. The current behavior is equivalent to passing `weights=ResNet50_Weights.IMAGENET1K_V1`. You can also use `weights=ResNet50_Weights.DEFAULT` to get the most up-to-date weights.
  warnings.warn(msg)
[36mINFO[0m 08/01 23:05:00 | 0.484487    0.548077    0.000000    0.533232    0.497356    0.532038    3.091699    0.596610    0.547945    0.614420    0.484487    0.497356    0.548077    0.596610    0.518519    0.449655    900         130.909091  0.066096    0.610416    0.466525    3.064584   
/home/s21_yhr/miniconda3/envs/GGA/lib/python3.11/site-packages/torchvision/models/_utils.py:208: UserWarning: The parameter 'pretrained' is deprecated since 0.13 and may be removed in the future, please use 'weights' instead.
  warnings.warn(
/home/s21_yhr/miniconda3/envs/GGA/lib/python3.11/site-packages/torchvision/models/_utils.py:223: UserWarning: Arguments other than a weight enum or `None` for 'weights' are deprecated since 0.13 and may be removed in the future. The current behavior is equivalent to passing `weights=ResNet50_Weights.IMAGENET1K_V1`. You can also use `weights=ResNet50_Weights.DEFAULT` to get the most up-to-date weights.
  warnings.warn(msg)
[36mINFO[0m 08/01 23:06:02 | 0.553699    0.586538    0.000000    0.585616    0.559585    0.590564    2.494394    0.642561    0.671233    0.733542    0.553699    0.559585    0.586538    0.642561    0.500000    0.447586    1000        145.454545  0.058303    0.610951    0.483034    3.064584   
/home/s21_yhr/miniconda3/envs/GGA/lib/python3.11/site-packages/torchvision/models/_utils.py:208: UserWarning: The parameter 'pretrained' is deprecated since 0.13 and may be removed in the future, please use 'weights' instead.
  warnings.warn(
/home/s21_yhr/miniconda3/envs/GGA/lib/python3.11/site-packages/torchvision/models/_utils.py:223: UserWarning: Arguments other than a weight enum or `None` for 'weights' are deprecated since 0.13 and may be removed in the future. The current behavior is equivalent to passing `weights=ResNet50_Weights.IMAGENET1K_V1`. You can also use `weights=ResNet50_Weights.DEFAULT` to get the most up-to-date weights.
  warnings.warn(msg)
[36mINFO[0m 08/01 23:07:01 | 0.536993    0.596154    0.000000    0.556190    0.518418    0.604592    3.235977    0.579661    0.575342    0.702978    0.536993    0.518418    0.596154    0.579661    0.537037    0.506207    1100        160.000000  0.065706    0.593352    0.497085    3.064584   
/home/s21_yhr/miniconda3/envs/GGA/lib/python3.11/site-packages/torchvision/models/_utils.py:208: UserWarning: The parameter 'pretrained' is deprecated since 0.13 and may be removed in the future, please use 'weights' instead.
  warnings.warn(
/home/s21_yhr/miniconda3/envs/GGA/lib/python3.11/site-packages/torchvision/models/_utils.py:223: UserWarning: Arguments other than a weight enum or `None` for 'weights' are deprecated since 0.13 and may be removed in the future. The current behavior is equivalent to passing `weights=ResNet50_Weights.IMAGENET1K_V1`. You can also use `weights=ResNet50_Weights.DEFAULT` to get the most up-to-date weights.
  warnings.warn(msg)
[36mINFO[0m 08/01 23:08:01 | 0.486874    0.586538    0.000000    0.553780    0.471894    0.598887    2.871401    0.570621    0.589041    0.734326    0.486874    0.471894    0.586538    0.570621    0.518519    0.463448    1200        174.545455  0.053744    0.594639    0.496516    3.064584   
/home/s21_yhr/miniconda3/envs/GGA/lib/python3.11/site-packages/torchvision/models/_utils.py:208: UserWarning: The parameter 'pretrained' is deprecated since 0.13 and may be removed in the future, please use 'weights' instead.
  warnings.warn(
/home/s21_yhr/miniconda3/envs/GGA/lib/python3.11/site-packages/torchvision/models/_utils.py:223: UserWarning: Arguments other than a weight enum or `None` for 'weights' are deprecated since 0.13 and may be removed in the future. The current behavior is equivalent to passing `weights=ResNet50_Weights.IMAGENET1K_V1`. You can also use `weights=ResNet50_Weights.DEFAULT` to get the most up-to-date weights.
  warnings.warn(msg)
[36mINFO[0m 08/01 23:09:02 | 0.458234    0.567308    0.000000    0.554160    0.459676    0.561583    3.438574    0.581168    0.534247    0.583856    0.458234    0.459676    0.567308    0.581168    0.574074    0.539310    1300        189.090909  0.055803    0.602821    0.498758    3.064584   
/home/s21_yhr/miniconda3/envs/GGA/lib/python3.11/site-packages/torchvision/models/_utils.py:208: UserWarning: The parameter 'pretrained' is deprecated since 0.13 and may be removed in the future, please use 'weights' instead.
  warnings.warn(
/home/s21_yhr/miniconda3/envs/GGA/lib/python3.11/site-packages/torchvision/models/_utils.py:223: UserWarning: Arguments other than a weight enum or `None` for 'weights' are deprecated since 0.13 and may be removed in the future. The current behavior is equivalent to passing `weights=ResNet50_Weights.IMAGENET1K_V1`. You can also use `weights=ResNet50_Weights.DEFAULT` to get the most up-to-date weights.
  warnings.warn(msg)
[36mINFO[0m 08/01 23:10:01 | 0.544153    0.634615    0.000000    0.551370    0.574094    0.580627    3.918366    0.656121    0.602740    0.677116    0.544153    0.574094    0.634615    0.656121    0.500000    0.484138    1400        203.636364  0.055511    0.587599    0.465972    3.064584   
/home/s21_yhr/miniconda3/envs/GGA/lib/python3.11/site-packages/torchvision/models/_utils.py:208: UserWarning: The parameter 'pretrained' is deprecated since 0.13 and may be removed in the future, please use 'weights' instead.
  warnings.warn(
/home/s21_yhr/miniconda3/envs/GGA/lib/python3.11/site-packages/torchvision/models/_utils.py:223: UserWarning: Arguments other than a weight enum or `None` for 'weights' are deprecated since 0.13 and may be removed in the future. The current behavior is equivalent to passing `weights=ResNet50_Weights.IMAGENET1K_V1`. You can also use `weights=ResNet50_Weights.DEFAULT` to get the most up-to-date weights.
  warnings.warn(msg)
[36mINFO[0m 08/01 23:11:03 | 0.446301    0.548077    0.000000    0.583587    0.477684    0.605157    3.273969    0.614689    0.630137    0.712382    0.446301    0.477684    0.548077    0.614689    0.537037    0.497931    1500        218.181818  0.065900    0.611139    0.494668    3.064584   
/home/s21_yhr/miniconda3/envs/GGA/lib/python3.11/site-packages/torchvision/models/_utils.py:208: UserWarning: The parameter 'pretrained' is deprecated since 0.13 and may be removed in the future, please use 'weights' instead.
  warnings.warn(
/home/s21_yhr/miniconda3/envs/GGA/lib/python3.11/site-packages/torchvision/models/_utils.py:223: UserWarning: Arguments other than a weight enum or `None` for 'weights' are deprecated since 0.13 and may be removed in the future. The current behavior is equivalent to passing `weights=ResNet50_Weights.IMAGENET1K_V1`. You can also use `weights=ResNet50_Weights.DEFAULT` to get the most up-to-date weights.
  warnings.warn(msg)
[36mINFO[0m 08/01 23:12:04 | 0.491647    0.528846    0.000000    0.555809    0.531251    0.587382    3.800388    0.569868    0.630137    0.709248    0.491647    0.531251    0.528846    0.569868    0.481481    0.465517    1600        232.727273  0.050379    0.606150    0.496333    3.064584   
/home/s21_yhr/miniconda3/envs/GGA/lib/python3.11/site-packages/torchvision/models/_utils.py:208: UserWarning: The parameter 'pretrained' is deprecated since 0.13 and may be removed in the future, please use 'weights' instead.
  warnings.warn(
/home/s21_yhr/miniconda3/envs/GGA/lib/python3.11/site-packages/torchvision/models/_utils.py:223: UserWarning: Arguments other than a weight enum or `None` for 'weights' are deprecated since 0.13 and may be removed in the future. The current behavior is equivalent to passing `weights=ResNet50_Weights.IMAGENET1K_V1`. You can also use `weights=ResNet50_Weights.DEFAULT` to get the most up-to-date weights.
  warnings.warn(msg)
[36mINFO[0m 08/01 23:13:05 | 0.494033    0.557692    0.000000    0.546550    0.519649    0.608150    4.333702    0.596987    0.630137    0.681818    0.494033    0.519649    0.557692    0.596987    0.462963    0.534483    1700        247.272727  0.042782    0.603405    0.500619    3.064584   
/home/s21_yhr/miniconda3/envs/GGA/lib/python3.11/site-packages/torchvision/models/_utils.py:208: UserWarning: The parameter 'pretrained' is deprecated since 0.13 and may be removed in the future, please use 'weights' instead.
  warnings.warn(
/home/s21_yhr/miniconda3/envs/GGA/lib/python3.11/site-packages/torchvision/models/_utils.py:223: UserWarning: Arguments other than a weight enum or `None` for 'weights' are deprecated since 0.13 and may be removed in the future. The current behavior is equivalent to passing `weights=ResNet50_Weights.IMAGENET1K_V1`. You can also use `weights=ResNet50_Weights.DEFAULT` to get the most up-to-date weights.
  warnings.warn(msg)
[36mINFO[0m 08/01 23:14:06 | 0.482100    0.519231    0.000000    0.576357    0.494256    0.592328    4.085048    0.551036    0.671233    0.685345    0.482100    0.494256    0.519231    0.551036    0.481481    0.499310    1800        261.818182  0.055026    0.599943    0.495099    3.064584   
/home/s21_yhr/miniconda3/envs/GGA/lib/python3.11/site-packages/torchvision/models/_utils.py:208: UserWarning: The parameter 'pretrained' is deprecated since 0.13 and may be removed in the future, please use 'weights' instead.
  warnings.warn(
/home/s21_yhr/miniconda3/envs/GGA/lib/python3.11/site-packages/torchvision/models/_utils.py:223: UserWarning: Arguments other than a weight enum or `None` for 'weights' are deprecated since 0.13 and may be removed in the future. The current behavior is equivalent to passing `weights=ResNet50_Weights.IMAGENET1K_V1`. You can also use `weights=ResNet50_Weights.DEFAULT` to get the most up-to-date weights.
  warnings.warn(msg)
[36mINFO[0m 08/01 23:15:05 | 0.501193    0.548077    0.000000    0.579148    0.507534    0.578871    2.758555    0.603390    0.602740    0.636364    0.501193    0.507534    0.548077    0.603390    0.555556    0.521379    1900        276.363636  0.053869    0.590144    0.503618    3.064584   
/home/s21_yhr/miniconda3/envs/GGA/lib/python3.11/site-packages/torchvision/models/_utils.py:208: UserWarning: The parameter 'pretrained' is deprecated since 0.13 and may be removed in the future, please use 'weights' instead.
  warnings.warn(
/home/s21_yhr/miniconda3/envs/GGA/lib/python3.11/site-packages/torchvision/models/_utils.py:223: UserWarning: Arguments other than a weight enum or `None` for 'weights' are deprecated since 0.13 and may be removed in the future. The current behavior is equivalent to passing `weights=ResNet50_Weights.IMAGENET1K_V1`. You can also use `weights=ResNet50_Weights.DEFAULT` to get the most up-to-date weights.
  warnings.warn(msg)
[36mINFO[0m 08/01 23:16:04 | 0.536993    0.538462    0.000000    0.530822    0.500741    0.613033    4.818705    0.508475    0.561644    0.731583    0.536993    0.500741    0.538462    0.508475    0.500000    0.494483    2000        290.909091  0.050491    0.584875    0.497946    3.064584   
/home/s21_yhr/miniconda3/envs/GGA/lib/python3.11/site-packages/torchvision/models/_utils.py:208: UserWarning: The parameter 'pretrained' is deprecated since 0.13 and may be removed in the future, please use 'weights' instead.
  warnings.warn(
/home/s21_yhr/miniconda3/envs/GGA/lib/python3.11/site-packages/torchvision/models/_utils.py:223: UserWarning: Arguments other than a weight enum or `None` for 'weights' are deprecated since 0.13 and may be removed in the future. The current behavior is equivalent to passing `weights=ResNet50_Weights.IMAGENET1K_V1`. You can also use `weights=ResNet50_Weights.DEFAULT` to get the most up-to-date weights.
  warnings.warn(msg)
[36mINFO[0m 08/01 23:17:04 | 0.534606    0.596154    0.000000    0.572298    0.525507    0.600893    2.700493    0.656497    0.589041    0.652821    0.534606    0.525507    0.596154    0.656497    0.555556    0.548966    2100        305.454545  0.053782    0.598032    0.498989    3.064584   
/home/s21_yhr/miniconda3/envs/GGA/lib/python3.11/site-packages/torchvision/models/_utils.py:208: UserWarning: The parameter 'pretrained' is deprecated since 0.13 and may be removed in the future, please use 'weights' instead.
  warnings.warn(
/home/s21_yhr/miniconda3/envs/GGA/lib/python3.11/site-packages/torchvision/models/_utils.py:223: UserWarning: Arguments other than a weight enum or `None` for 'weights' are deprecated since 0.13 and may be removed in the future. The current behavior is equivalent to passing `weights=ResNet50_Weights.IMAGENET1K_V1`. You can also use `weights=ResNet50_Weights.DEFAULT` to get the most up-to-date weights.
  warnings.warn(msg)
[36mINFO[0m 08/01 23:18:04 | 0.525060    0.576923    0.000000    0.533232    0.505459    0.553150    2.851731    0.622222    0.547945    0.638715    0.525060    0.505459    0.576923    0.622222    0.518519    0.467586    2200        320.000000  0.046089    0.593744    0.496355    3.064645   
/home/s21_yhr/miniconda3/envs/GGA/lib/python3.11/site-packages/torchvision/models/_utils.py:208: UserWarning: The parameter 'pretrained' is deprecated since 0.13 and may be removed in the future, please use 'weights' instead.
  warnings.warn(
/home/s21_yhr/miniconda3/envs/GGA/lib/python3.11/site-packages/torchvision/models/_utils.py:223: UserWarning: Arguments other than a weight enum or `None` for 'weights' are deprecated since 0.13 and may be removed in the future. The current behavior is equivalent to passing `weights=ResNet50_Weights.IMAGENET1K_V1`. You can also use `weights=ResNet50_Weights.DEFAULT` to get the most up-to-date weights.
  warnings.warn(msg)
[36mINFO[0m 08/01 23:19:05 | 0.474940    0.596154    0.000000    0.576738    0.483599    0.595831    3.658214    0.606591    0.616438    0.683386    0.474940    0.483599    0.596154    0.606591    0.537037    0.508276    2300        334.545455  0.036897    0.598151    0.495449    3.064645   
/home/s21_yhr/miniconda3/envs/GGA/lib/python3.11/site-packages/torchvision/models/_utils.py:208: UserWarning: The parameter 'pretrained' is deprecated since 0.13 and may be removed in the future, please use 'weights' instead.
  warnings.warn(
/home/s21_yhr/miniconda3/envs/GGA/lib/python3.11/site-packages/torchvision/models/_utils.py:223: UserWarning: Arguments other than a weight enum or `None` for 'weights' are deprecated since 0.13 and may be removed in the future. The current behavior is equivalent to passing `weights=ResNet50_Weights.IMAGENET1K_V1`. You can also use `weights=ResNet50_Weights.DEFAULT` to get the most up-to-date weights.
  warnings.warn(msg)
[36mINFO[0m 08/01 23:20:02 | 0.505967    0.576923    0.000000    0.507864    0.527809    0.600987    3.473006    0.589077    0.534247    0.688871    0.505967    0.527809    0.576923    0.589077    0.481481    0.513103    2400        349.090909  0.034205    0.568832    0.497056    3.064645   
/home/s21_yhr/miniconda3/envs/GGA/lib/python3.11/site-packages/torchvision/models/_utils.py:208: UserWarning: The parameter 'pretrained' is deprecated since 0.13 and may be removed in the future, please use 'weights' instead.
  warnings.warn(
/home/s21_yhr/miniconda3/envs/GGA/lib/python3.11/site-packages/torchvision/models/_utils.py:223: UserWarning: Arguments other than a weight enum or `None` for 'weights' are deprecated since 0.13 and may be removed in the future. The current behavior is equivalent to passing `weights=ResNet50_Weights.IMAGENET1K_V1`. You can also use `weights=ResNet50_Weights.DEFAULT` to get the most up-to-date weights.
  warnings.warn(msg)
[36mINFO[0m 08/01 23:21:01 | 0.498807    0.576923    0.000000    0.565449    0.500365    0.592147    3.309795    0.592090    0.575342    0.644984    0.498807    0.500365    0.576923    0.592090    0.555556    0.539310    2500        363.636364  0.036838    0.587593    0.498768    3.064645   
/home/s21_yhr/miniconda3/envs/GGA/lib/python3.11/site-packages/torchvision/models/_utils.py:208: UserWarning: The parameter 'pretrained' is deprecated since 0.13 and may be removed in the future, please use 'weights' instead.
  warnings.warn(
/home/s21_yhr/miniconda3/envs/GGA/lib/python3.11/site-packages/torchvision/models/_utils.py:223: UserWarning: Arguments other than a weight enum or `None` for 'weights' are deprecated since 0.13 and may be removed in the future. The current behavior is equivalent to passing `weights=ResNet50_Weights.IMAGENET1K_V1`. You can also use `weights=ResNet50_Weights.DEFAULT` to get the most up-to-date weights.
  warnings.warn(msg)
[36mINFO[0m 08/01 23:21:57 | 0.484487    0.509615    0.000000    0.594876    0.506679    0.591528    4.038582    0.541055    0.671233    0.689263    0.484487    0.506679    0.509615    0.541055    0.518519    0.493793    2600        378.181818  0.033756    0.555149    0.497467    3.064645   
/home/s21_yhr/miniconda3/envs/GGA/lib/python3.11/site-packages/torchvision/models/_utils.py:208: UserWarning: The parameter 'pretrained' is deprecated since 0.13 and may be removed in the future, please use 'weights' instead.
  warnings.warn(
/home/s21_yhr/miniconda3/envs/GGA/lib/python3.11/site-packages/torchvision/models/_utils.py:223: UserWarning: Arguments other than a weight enum or `None` for 'weights' are deprecated since 0.13 and may be removed in the future. The current behavior is equivalent to passing `weights=ResNet50_Weights.IMAGENET1K_V1`. You can also use `weights=ResNet50_Weights.DEFAULT` to get the most up-to-date weights.
  warnings.warn(msg)
[36mINFO[0m 08/01 23:22:56 | 0.532220    0.605769    0.000000    0.627093    0.543173    0.631552    3.262855    0.595480    0.698630    0.750000    0.532220    0.543173    0.605769    0.595480    0.555556    0.513103    2700        392.727273  0.046620    0.577152    0.489177    3.064645   
/home/s21_yhr/miniconda3/envs/GGA/lib/python3.11/site-packages/torchvision/models/_utils.py:208: UserWarning: The parameter 'pretrained' is deprecated since 0.13 and may be removed in the future, please use 'weights' instead.
  warnings.warn(
/home/s21_yhr/miniconda3/envs/GGA/lib/python3.11/site-packages/torchvision/models/_utils.py:223: UserWarning: Arguments other than a weight enum or `None` for 'weights' are deprecated since 0.13 and may be removed in the future. The current behavior is equivalent to passing `weights=ResNet50_Weights.IMAGENET1K_V1`. You can also use `weights=ResNet50_Weights.DEFAULT` to get the most up-to-date weights.
  warnings.warn(msg)
[36mINFO[0m 08/01 23:23:52 | 0.522673    0.557692    0.000000    0.553399    0.558742    0.586207    3.744803    0.594162    0.643836    0.689655    0.522673    0.558742    0.557692    0.594162    0.462963    0.482759    2800        407.272727  0.037024    0.562014    0.487362    3.064645   
/home/s21_yhr/miniconda3/envs/GGA/lib/python3.11/site-packages/torchvision/models/_utils.py:208: UserWarning: The parameter 'pretrained' is deprecated since 0.13 and may be removed in the future, please use 'weights' instead.
  warnings.warn(
/home/s21_yhr/miniconda3/envs/GGA/lib/python3.11/site-packages/torchvision/models/_utils.py:223: UserWarning: Arguments other than a weight enum or `None` for 'weights' are deprecated since 0.13 and may be removed in the future. The current behavior is equivalent to passing `weights=ResNet50_Weights.IMAGENET1K_V1`. You can also use `weights=ResNet50_Weights.DEFAULT` to get the most up-to-date weights.
  warnings.warn(msg)
[36mINFO[0m 08/01 23:24:50 | 0.544153    0.567308    0.000000    0.615424    0.573877    0.624044    3.247404    0.567608    0.712329    0.774295    0.544153    0.573877    0.567308    0.567608    0.518519    0.473793    2900        421.818182  0.034631    0.575275    0.493367    3.064645   
/home/s21_yhr/miniconda3/envs/GGA/lib/python3.11/site-packages/torchvision/models/_utils.py:208: UserWarning: The parameter 'pretrained' is deprecated since 0.13 and may be removed in the future, please use 'weights' instead.
  warnings.warn(
/home/s21_yhr/miniconda3/envs/GGA/lib/python3.11/site-packages/torchvision/models/_utils.py:223: UserWarning: Arguments other than a weight enum or `None` for 'weights' are deprecated since 0.13 and may be removed in the future. The current behavior is equivalent to passing `weights=ResNet50_Weights.IMAGENET1K_V1`. You can also use `weights=ResNet50_Weights.DEFAULT` to get the most up-to-date weights.
  warnings.warn(msg)
[36mINFO[0m 08/01 23:25:49 | 0.541766    0.576923    0.000000    0.583587    0.535685    0.572288    3.589989    0.583427    0.630137    0.664577    0.541766    0.535685    0.576923    0.583427    0.537037    0.480000    3000        436.363636  0.039840    0.584665    0.498527    3.064645   
/home/s21_yhr/miniconda3/envs/GGA/lib/python3.11/site-packages/torchvision/models/_utils.py:208: UserWarning: The parameter 'pretrained' is deprecated since 0.13 and may be removed in the future, please use 'weights' instead.
  warnings.warn(
/home/s21_yhr/miniconda3/envs/GGA/lib/python3.11/site-packages/torchvision/models/_utils.py:223: UserWarning: Arguments other than a weight enum or `None` for 'weights' are deprecated since 0.13 and may be removed in the future. The current behavior is equivalent to passing `weights=ResNet50_Weights.IMAGENET1K_V1`. You can also use `weights=ResNet50_Weights.DEFAULT` to get the most up-to-date weights.
  warnings.warn(msg)
[36mINFO[0m 08/01 23:26:48 | 0.532220    0.615385    0.000000    0.592846    0.538945    0.613558    3.231326    0.647458    0.630137    0.685737    0.532220    0.538945    0.615385    0.647458    0.555556    0.541379    3100        450.909091  0.041741    0.578047    0.491979    3.065072   
/home/s21_yhr/miniconda3/envs/GGA/lib/python3.11/site-packages/torchvision/models/_utils.py:208: UserWarning: The parameter 'pretrained' is deprecated since 0.13 and may be removed in the future, please use 'weights' instead.
  warnings.warn(
/home/s21_yhr/miniconda3/envs/GGA/lib/python3.11/site-packages/torchvision/models/_utils.py:223: UserWarning: Arguments other than a weight enum or `None` for 'weights' are deprecated since 0.13 and may be removed in the future. The current behavior is equivalent to passing `weights=ResNet50_Weights.IMAGENET1K_V1`. You can also use `weights=ResNet50_Weights.DEFAULT` to get the most up-to-date weights.
  warnings.warn(msg)
[36mINFO[0m 08/01 23:27:47 | 0.486874    0.538462    0.000000    0.592846    0.468635    0.585799    2.560429    0.564783    0.630137    0.659875    0.486874    0.468635    0.538462    0.564783    0.555556    0.511724    3200        465.454545  0.056026    0.590978    0.493111    3.065072   
/home/s21_yhr/miniconda3/envs/GGA/lib/python3.11/site-packages/torchvision/models/_utils.py:208: UserWarning: The parameter 'pretrained' is deprecated since 0.13 and may be removed in the future, please use 'weights' instead.
  warnings.warn(
/home/s21_yhr/miniconda3/envs/GGA/lib/python3.11/site-packages/torchvision/models/_utils.py:223: UserWarning: Arguments other than a weight enum or `None` for 'weights' are deprecated since 0.13 and may be removed in the future. The current behavior is equivalent to passing `weights=ResNet50_Weights.IMAGENET1K_V1`. You can also use `weights=ResNet50_Weights.DEFAULT` to get the most up-to-date weights.
  warnings.warn(msg)
[36mINFO[0m 08/01 23:28:46 | 0.501193    0.586538    0.000000    0.560629    0.507294    0.588221    4.127135    0.554802    0.602740    0.691614    0.501193    0.507294    0.586538    0.554802    0.518519    0.484828    3300        480.000000  0.031380    0.586544    0.491869    3.065072   
/home/s21_yhr/miniconda3/envs/GGA/lib/python3.11/site-packages/torchvision/models/_utils.py:208: UserWarning: The parameter 'pretrained' is deprecated since 0.13 and may be removed in the future, please use 'weights' instead.
  warnings.warn(
/home/s21_yhr/miniconda3/envs/GGA/lib/python3.11/site-packages/torchvision/models/_utils.py:223: UserWarning: Arguments other than a weight enum or `None` for 'weights' are deprecated since 0.13 and may be removed in the future. The current behavior is equivalent to passing `weights=ResNet50_Weights.IMAGENET1K_V1`. You can also use `weights=ResNet50_Weights.DEFAULT` to get the most up-to-date weights.
  warnings.warn(msg)
[36mINFO[0m 08/01 23:29:45 | 0.494033    0.586538    0.000000    0.514713    0.498313    0.529867    3.850220    0.587571    0.547945    0.650078    0.494033    0.498313    0.586538    0.587571    0.481481    0.409655    3400        494.545455  0.035385    0.579782    0.492023    3.065072   
/home/s21_yhr/miniconda3/envs/GGA/lib/python3.11/site-packages/torchvision/models/_utils.py:208: UserWarning: The parameter 'pretrained' is deprecated since 0.13 and may be removed in the future, please use 'weights' instead.
  warnings.warn(
/home/s21_yhr/miniconda3/envs/GGA/lib/python3.11/site-packages/torchvision/models/_utils.py:223: UserWarning: Arguments other than a weight enum or `None` for 'weights' are deprecated since 0.13 and may be removed in the future. The current behavior is equivalent to passing `weights=ResNet50_Weights.IMAGENET1K_V1`. You can also use `weights=ResNet50_Weights.DEFAULT` to get the most up-to-date weights.
  warnings.warn(msg)
[36mINFO[0m 08/01 23:30:45 | 0.546539    0.605769    0.000000    0.597286    0.564144    0.611991    2.207565    0.651601    0.657534    0.699843    0.546539    0.564144    0.605769    0.651601    0.537037    0.524138    3500        509.090909  0.040622    0.592436    0.491907    3.065072   
/home/s21_yhr/miniconda3/envs/GGA/lib/python3.11/site-packages/torchvision/models/_utils.py:208: UserWarning: The parameter 'pretrained' is deprecated since 0.13 and may be removed in the future, please use 'weights' instead.
  warnings.warn(
/home/s21_yhr/miniconda3/envs/GGA/lib/python3.11/site-packages/torchvision/models/_utils.py:223: UserWarning: Arguments other than a weight enum or `None` for 'weights' are deprecated since 0.13 and may be removed in the future. The current behavior is equivalent to passing `weights=ResNet50_Weights.IMAGENET1K_V1`. You can also use `weights=ResNet50_Weights.DEFAULT` to get the most up-to-date weights.
  warnings.warn(msg)
[36mINFO[0m 08/01 23:31:44 | 0.513126    0.567308    0.000000    0.622653    0.506382    0.608025    3.151197    0.599623    0.671233    0.708464    0.513126    0.506382    0.567308    0.599623    0.574074    0.507586    3600        523.636364  0.041166    0.593330    0.482155    3.065072   
/home/s21_yhr/miniconda3/envs/GGA/lib/python3.11/site-packages/torchvision/models/_utils.py:208: UserWarning: The parameter 'pretrained' is deprecated since 0.13 and may be removed in the future, please use 'weights' instead.
  warnings.warn(
/home/s21_yhr/miniconda3/envs/GGA/lib/python3.11/site-packages/torchvision/models/_utils.py:223: UserWarning: Arguments other than a weight enum or `None` for 'weights' are deprecated since 0.13 and may be removed in the future. The current behavior is equivalent to passing `weights=ResNet50_Weights.IMAGENET1K_V1`. You can also use `weights=ResNet50_Weights.DEFAULT` to get the most up-to-date weights.
  warnings.warn(msg)
[36mINFO[0m 08/01 23:32:45 | 0.484487    0.519231    0.000000    0.569888    0.489834    0.604781    3.286534    0.570433    0.602740    0.723354    0.484487    0.489834    0.519231    0.570433    0.537037    0.486207    3700        538.181818  0.024837    0.600713    0.505728    3.065072   
/home/s21_yhr/miniconda3/envs/GGA/lib/python3.11/site-packages/torchvision/models/_utils.py:208: UserWarning: The parameter 'pretrained' is deprecated since 0.13 and may be removed in the future, please use 'weights' instead.
  warnings.warn(
/home/s21_yhr/miniconda3/envs/GGA/lib/python3.11/site-packages/torchvision/models/_utils.py:223: UserWarning: Arguments other than a weight enum or `None` for 'weights' are deprecated since 0.13 and may be removed in the future. The current behavior is equivalent to passing `weights=ResNet50_Weights.IMAGENET1K_V1`. You can also use `weights=ResNet50_Weights.DEFAULT` to get the most up-to-date weights.
  warnings.warn(msg)
[36mINFO[0m 08/01 23:33:45 | 0.505967    0.567308    0.000000    0.562659    0.522954    0.583276    3.909520    0.602637    0.643836    0.681034    0.505967    0.522954    0.567308    0.602637    0.481481    0.485517    3800        552.727273  0.029530    0.596586    0.492956    3.065072   
/home/s21_yhr/miniconda3/envs/GGA/lib/python3.11/site-packages/torchvision/models/_utils.py:208: UserWarning: The parameter 'pretrained' is deprecated since 0.13 and may be removed in the future, please use 'weights' instead.
  warnings.warn(
/home/s21_yhr/miniconda3/envs/GGA/lib/python3.11/site-packages/torchvision/models/_utils.py:223: UserWarning: Arguments other than a weight enum or `None` for 'weights' are deprecated since 0.13 and may be removed in the future. The current behavior is equivalent to passing `weights=ResNet50_Weights.IMAGENET1K_V1`. You can also use `weights=ResNet50_Weights.DEFAULT` to get the most up-to-date weights.
  warnings.warn(msg)
[36mINFO[0m 08/01 23:34:45 | 0.474940    0.576923    0.000000    0.588026    0.485229    0.611458    3.182772    0.619209    0.657534    0.713950    0.474940    0.485229    0.576923    0.619209    0.518519    0.508966    3900        567.272727  0.037971    0.597859    0.497310    3.065072   
/home/s21_yhr/miniconda3/envs/GGA/lib/python3.11/site-packages/torchvision/models/_utils.py:208: UserWarning: The parameter 'pretrained' is deprecated since 0.13 and may be removed in the future, please use 'weights' instead.
  warnings.warn(
/home/s21_yhr/miniconda3/envs/GGA/lib/python3.11/site-packages/torchvision/models/_utils.py:223: UserWarning: Arguments other than a weight enum or `None` for 'weights' are deprecated since 0.13 and may be removed in the future. The current behavior is equivalent to passing `weights=ResNet50_Weights.IMAGENET1K_V1`. You can also use `weights=ResNet50_Weights.DEFAULT` to get the most up-to-date weights.
  warnings.warn(msg)
[36mINFO[0m 08/01 23:35:45 | 0.479714    0.538462    0.000000    0.554160    0.466332    0.581536    2.390403    0.546139    0.534247    0.669279    0.479714    0.466332    0.538462    0.546139    0.574074    0.493793    4000        581.818182  0.043301    0.594183    0.498590    3.065072   
/home/s21_yhr/miniconda3/envs/GGA/lib/python3.11/site-packages/torchvision/models/_utils.py:208: UserWarning: The parameter 'pretrained' is deprecated since 0.13 and may be removed in the future, please use 'weights' instead.
  warnings.warn(
/home/s21_yhr/miniconda3/envs/GGA/lib/python3.11/site-packages/torchvision/models/_utils.py:223: UserWarning: Arguments other than a weight enum or `None` for 'weights' are deprecated since 0.13 and may be removed in the future. The current behavior is equivalent to passing `weights=ResNet50_Weights.IMAGENET1K_V1`. You can also use `weights=ResNet50_Weights.DEFAULT` to get the most up-to-date weights.
  warnings.warn(msg)
[36mINFO[0m 08/01 23:36:46 | 0.513126    0.586538    0.000000    0.530822    0.514919    0.562641    4.359989    0.627872    0.561644    0.644592    0.513126    0.514919    0.586538    0.627872    0.500000    0.480690    4100        596.363636  0.032811    0.597112    0.493945    3.065072   
/home/s21_yhr/miniconda3/envs/GGA/lib/python3.11/site-packages/torchvision/models/_utils.py:208: UserWarning: The parameter 'pretrained' is deprecated since 0.13 and may be removed in the future, please use 'weights' instead.
  warnings.warn(
/home/s21_yhr/miniconda3/envs/GGA/lib/python3.11/site-packages/torchvision/models/_utils.py:223: UserWarning: Arguments other than a weight enum or `None` for 'weights' are deprecated since 0.13 and may be removed in the future. The current behavior is equivalent to passing `weights=ResNet50_Weights.IMAGENET1K_V1`. You can also use `weights=ResNet50_Weights.DEFAULT` to get the most up-to-date weights.
  warnings.warn(msg)
[36mINFO[0m 08/01 23:37:44 | 0.501193    0.605769    0.000000    0.608955    0.501322    0.603934    2.406226    0.628625    0.643836    0.692006    0.501193    0.501322    0.605769    0.628625    0.574074    0.515862    4200        610.909091  0.036735    0.577438    0.491388    3.065072   
/home/s21_yhr/miniconda3/envs/GGA/lib/python3.11/site-packages/torchvision/models/_utils.py:208: UserWarning: The parameter 'pretrained' is deprecated since 0.13 and may be removed in the future, please use 'weights' instead.
  warnings.warn(
/home/s21_yhr/miniconda3/envs/GGA/lib/python3.11/site-packages/torchvision/models/_utils.py:223: UserWarning: Arguments other than a weight enum or `None` for 'weights' are deprecated since 0.13 and may be removed in the future. The current behavior is equivalent to passing `weights=ResNet50_Weights.IMAGENET1K_V1`. You can also use `weights=ResNet50_Weights.DEFAULT` to get the most up-to-date weights.
  warnings.warn(msg)
[36mINFO[0m 08/01 23:38:42 | 0.508353    0.596154    0.000000    0.583587    0.520424    0.581928    2.981795    0.623729    0.630137    0.652821    0.508353    0.520424    0.596154    0.623729    0.537037    0.511034    4300        625.454545  0.034535    0.579483    0.500628    3.065072   
/home/s21_yhr/miniconda3/envs/GGA/lib/python3.11/site-packages/torchvision/models/_utils.py:208: UserWarning: The parameter 'pretrained' is deprecated since 0.13 and may be removed in the future, please use 'weights' instead.
  warnings.warn(
/home/s21_yhr/miniconda3/envs/GGA/lib/python3.11/site-packages/torchvision/models/_utils.py:223: UserWarning: Arguments other than a weight enum or `None` for 'weights' are deprecated since 0.13 and may be removed in the future. The current behavior is equivalent to passing `weights=ResNet50_Weights.IMAGENET1K_V1`. You can also use `weights=ResNet50_Weights.DEFAULT` to get the most up-to-date weights.
  warnings.warn(msg)
[36mINFO[0m 08/01 23:39:43 | 0.503580    0.586538    0.000000    0.558219    0.524436    0.577241    3.056305    0.612429    0.616438    0.637931    0.503580    0.524436    0.586538    0.612429    0.500000    0.516552    4400        640.000000  0.040735    0.600483    0.488848    3.065072   
/home/s21_yhr/miniconda3/envs/GGA/lib/python3.11/site-packages/torchvision/models/_utils.py:208: UserWarning: The parameter 'pretrained' is deprecated since 0.13 and may be removed in the future, please use 'weights' instead.
  warnings.warn(
/home/s21_yhr/miniconda3/envs/GGA/lib/python3.11/site-packages/torchvision/models/_utils.py:223: UserWarning: Arguments other than a weight enum or `None` for 'weights' are deprecated since 0.13 and may be removed in the future. The current behavior is equivalent to passing `weights=ResNet50_Weights.IMAGENET1K_V1`. You can also use `weights=ResNet50_Weights.DEFAULT` to get the most up-to-date weights.
  warnings.warn(msg)
[36mINFO[0m 08/01 23:40:43 | 0.501193    0.615385    0.000000    0.533232    0.500707    0.574201    3.426816    0.637665    0.547945    0.615987    0.501193    0.500707    0.615385    0.637665    0.518519    0.532414    4500        654.545455  0.035899    0.600624    0.494348    3.065072   
/home/s21_yhr/miniconda3/envs/GGA/lib/python3.11/site-packages/torchvision/models/_utils.py:208: UserWarning: The parameter 'pretrained' is deprecated since 0.13 and may be removed in the future, please use 'weights' instead.
  warnings.warn(
/home/s21_yhr/miniconda3/envs/GGA/lib/python3.11/site-packages/torchvision/models/_utils.py:223: UserWarning: Arguments other than a weight enum or `None` for 'weights' are deprecated since 0.13 and may be removed in the future. The current behavior is equivalent to passing `weights=ResNet50_Weights.IMAGENET1K_V1`. You can also use `weights=ResNet50_Weights.DEFAULT` to get the most up-to-date weights.
  warnings.warn(msg)
[36mINFO[0m 08/01 23:41:43 | 0.525060    0.586538    0.000000    0.530441    0.547983    0.583307    3.656567    0.633898    0.616438    0.670063    0.525060    0.547983    0.586538    0.633898    0.444444    0.496552    4600        669.090909  0.038642    0.595217    0.491580    3.065072   
/home/s21_yhr/miniconda3/envs/GGA/lib/python3.11/site-packages/torchvision/models/_utils.py:208: UserWarning: The parameter 'pretrained' is deprecated since 0.13 and may be removed in the future, please use 'weights' instead.
  warnings.warn(
/home/s21_yhr/miniconda3/envs/GGA/lib/python3.11/site-packages/torchvision/models/_utils.py:223: UserWarning: Arguments other than a weight enum or `None` for 'weights' are deprecated since 0.13 and may be removed in the future. The current behavior is equivalent to passing `weights=ResNet50_Weights.IMAGENET1K_V1`. You can also use `weights=ResNet50_Weights.DEFAULT` to get the most up-to-date weights.
  warnings.warn(msg)
[36mINFO[0m 08/01 23:42:43 | 0.517900    0.596154    0.000000    0.606545    0.528459    0.590110    4.099411    0.621092    0.657534    0.685737    0.517900    0.528459    0.596154    0.621092    0.555556    0.494483    4700        683.636364  0.030490    0.591718    0.491115    3.065072   
/home/s21_yhr/miniconda3/envs/GGA/lib/python3.11/site-packages/torchvision/models/_utils.py:208: UserWarning: The parameter 'pretrained' is deprecated since 0.13 and may be removed in the future, please use 'weights' instead.
  warnings.warn(
/home/s21_yhr/miniconda3/envs/GGA/lib/python3.11/site-packages/torchvision/models/_utils.py:223: UserWarning: Arguments other than a weight enum or `None` for 'weights' are deprecated since 0.13 and may be removed in the future. The current behavior is equivalent to passing `weights=ResNet50_Weights.IMAGENET1K_V1`. You can also use `weights=ResNet50_Weights.DEFAULT` to get the most up-to-date weights.
  warnings.warn(msg)
[36mINFO[0m 08/01 23:43:42 | 0.463007    0.528846    0.000000    0.553780    0.452234    0.573824    3.312345    0.525800    0.589041    0.678683    0.463007    0.452234    0.528846    0.525800    0.518519    0.468966    4800        698.181818  0.025786    0.587042    0.495059    3.065072   
/home/s21_yhr/miniconda3/envs/GGA/lib/python3.11/site-packages/torchvision/models/_utils.py:208: UserWarning: The parameter 'pretrained' is deprecated since 0.13 and may be removed in the future, please use 'weights' instead.
  warnings.warn(
/home/s21_yhr/miniconda3/envs/GGA/lib/python3.11/site-packages/torchvision/models/_utils.py:223: UserWarning: Arguments other than a weight enum or `None` for 'weights' are deprecated since 0.13 and may be removed in the future. The current behavior is equivalent to passing `weights=ResNet50_Weights.IMAGENET1K_V1`. You can also use `weights=ResNet50_Weights.DEFAULT` to get the most up-to-date weights.
  warnings.warn(msg)
[36mINFO[0m 08/01 23:44:42 | 0.515513    0.596154    0.000000    0.528412    0.518293    0.591223    4.054518    0.610169    0.575342    0.692790    0.515513    0.518293    0.596154    0.610169    0.481481    0.489655    4900        712.727273  0.036089    0.593476    0.490932    3.065072   
/home/s21_yhr/miniconda3/envs/GGA/lib/python3.11/site-packages/torchvision/models/_utils.py:208: UserWarning: The parameter 'pretrained' is deprecated since 0.13 and may be removed in the future, please use 'weights' instead.
  warnings.warn(
/home/s21_yhr/miniconda3/envs/GGA/lib/python3.11/site-packages/torchvision/models/_utils.py:223: UserWarning: Arguments other than a weight enum or `None` for 'weights' are deprecated since 0.13 and may be removed in the future. The current behavior is equivalent to passing `weights=ResNet50_Weights.IMAGENET1K_V1`. You can also use `weights=ResNet50_Weights.DEFAULT` to get the most up-to-date weights.
  warnings.warn(msg)
[36mINFO[0m 08/01 23:45:43 | 0.496420    0.548077    0.000000    0.554160    0.510041    0.600603    4.024404    0.566290    0.534247    0.702586    0.496420    0.510041    0.548077    0.566290    0.574074    0.498621    5000        727.272727  0.040128    0.601189    0.491673    3.065072   
[36mINFO[0m 08/01 23:45:43 | ---
[36mINFO[0m 08/01 23:45:43 | oracle = 63.962%
[36mINFO[0m 08/01 23:45:43 | iid = 53.222%
[36mINFO[0m 08/01 23:45:43 | last = 49.642%
[36mINFO[0m 08/01 23:45:43 | last (inD) = 55.416%
[36mINFO[0m 08/01 23:45:43 | iid (inD) = 62.709%
[36mINFO[0m 08/01 23:45:44 | 
[36mINFO[0m 08/01 23:45:44 | Testenv name escaping te_02 -> te_02
[36mINFO[0m 08/01 23:45:44 | Test envs = [2], name = te_02
[36mINFO[0m 08/01 23:45:44 | Batch sizes for each domain: [32, 32, 0] (total=64)
[36mINFO[0m 08/01 23:45:44 | steps-per-epoch for each domain: 9.19, 13.09 -> min = 9.19
/home/s21_yhr/miniconda3/envs/GGA/lib/python3.11/site-packages/torchvision/models/_utils.py:208: UserWarning: The parameter 'pretrained' is deprecated since 0.13 and may be removed in the future, please use 'weights' instead.
  warnings.warn(
/home/s21_yhr/miniconda3/envs/GGA/lib/python3.11/site-packages/torchvision/models/_utils.py:223: UserWarning: Arguments other than a weight enum or `None` for 'weights' are deprecated since 0.13 and may be removed in the future. The current behavior is equivalent to passing `weights=ResNet50_Weights.IMAGENET1K_V1`. You can also use `weights=ResNet50_Weights.DEFAULT` to get the most up-to-date weights.
  warnings.warn(msg)
[36mINFO[0m 08/01 23:45:46 | # of params = 23512130
[36mINFO[0m 08/01 23:45:47 | test_in     test_out    train_in    train_out   test_in_au  train_out_  tr_outloss  test_out_a  env0_out    env0_out_a  env1_out    env1_out_a  env2_in     env2_in_au  env2_out    env2_out_a  step        epoch       loss        step_time   eval_time   mem_gb     
[36mINFO[0m 08/01 23:45:47 | 0.586364    0.574074    0.000000    0.587065    0.534732    0.510897    0.676968    0.473103    0.616438    0.416144    0.557692    0.605650    0.586364    0.534732    0.574074    0.473103    0           0.000000    1.118808    0.647799    0.365418    3.057565   
/home/s21_yhr/miniconda3/envs/GGA/lib/python3.11/site-packages/torchvision/models/_utils.py:208: UserWarning: The parameter 'pretrained' is deprecated since 0.13 and may be removed in the future, please use 'weights' instead.
  warnings.warn(
/home/s21_yhr/miniconda3/envs/GGA/lib/python3.11/site-packages/torchvision/models/_utils.py:223: UserWarning: Arguments other than a weight enum or `None` for 'weights' are deprecated since 0.13 and may be removed in the future. The current behavior is equivalent to passing `weights=ResNet50_Weights.IMAGENET1K_V1`. You can also use `weights=ResNet50_Weights.DEFAULT` to get the most up-to-date weights.
  warnings.warn(msg)
[36mINFO[0m 08/01 23:47:02 | 0.604545    0.500000    0.000000    0.758101    0.649287    0.811746    0.566675    0.529655    0.602740    0.663793    0.913462    0.959699    0.604545    0.649287    0.500000    0.529655    100         10.884354   0.477597    0.744049    0.498644    3.062997   
/home/s21_yhr/miniconda3/envs/GGA/lib/python3.11/site-packages/torchvision/models/_utils.py:208: UserWarning: The parameter 'pretrained' is deprecated since 0.13 and may be removed in the future, please use 'weights' instead.
  warnings.warn(
/home/s21_yhr/miniconda3/envs/GGA/lib/python3.11/site-packages/torchvision/models/_utils.py:223: UserWarning: Arguments other than a weight enum or `None` for 'weights' are deprecated since 0.13 and may be removed in the future. The current behavior is equivalent to passing `weights=ResNet50_Weights.IMAGENET1K_V1`. You can also use `weights=ResNet50_Weights.DEFAULT` to get the most up-to-date weights.
  warnings.warn(msg)
[36mINFO[0m 08/01 23:48:37 | 0.559091    0.518519    0.000000    0.690200    0.578125    0.769056    1.051478    0.495172    0.534247    0.618339    0.846154    0.919774    0.559091    0.578125    0.518519    0.495172    200         21.768707   0.291924    0.941142    0.338096    3.062997   
/home/s21_yhr/miniconda3/envs/GGA/lib/python3.11/site-packages/torchvision/models/_utils.py:208: UserWarning: The parameter 'pretrained' is deprecated since 0.13 and may be removed in the future, please use 'weights' instead.
  warnings.warn(
/home/s21_yhr/miniconda3/envs/GGA/lib/python3.11/site-packages/torchvision/models/_utils.py:223: UserWarning: Arguments other than a weight enum or `None` for 'weights' are deprecated since 0.13 and may be removed in the future. The current behavior is equivalent to passing `weights=ResNet50_Weights.IMAGENET1K_V1`. You can also use `weights=ResNet50_Weights.DEFAULT` to get the most up-to-date weights.
  warnings.warn(msg)
[36mINFO[0m 08/01 23:50:08 | 0.586364    0.500000    0.000000    0.687434    0.610479    0.737213    0.935312    0.462069    0.547945    0.568966    0.826923    0.905461    0.586364    0.610479    0.500000    0.462069    300         32.653061   0.219463    0.910195    0.360018    3.062997   
/home/s21_yhr/miniconda3/envs/GGA/lib/python3.11/site-packages/torchvision/models/_utils.py:208: UserWarning: The parameter 'pretrained' is deprecated since 0.13 and may be removed in the future, please use 'weights' instead.
  warnings.warn(
/home/s21_yhr/miniconda3/envs/GGA/lib/python3.11/site-packages/torchvision/models/_utils.py:223: UserWarning: Arguments other than a weight enum or `None` for 'weights' are deprecated since 0.13 and may be removed in the future. The current behavior is equivalent to passing `weights=ResNet50_Weights.IMAGENET1K_V1`. You can also use `weights=ResNet50_Weights.DEFAULT` to get the most up-to-date weights.
  warnings.warn(msg)
[36mINFO[0m 08/01 23:51:39 | 0.577273    0.500000    0.000000    0.723130    0.599609    0.756162    1.144792    0.438621    0.561644    0.584639    0.884615    0.927684    0.577273    0.599609    0.500000    0.438621    400         43.537415   0.169965    0.909858    0.337514    3.064584   
/home/s21_yhr/miniconda3/envs/GGA/lib/python3.11/site-packages/torchvision/models/_utils.py:208: UserWarning: The parameter 'pretrained' is deprecated since 0.13 and may be removed in the future, please use 'weights' instead.
  warnings.warn(
/home/s21_yhr/miniconda3/envs/GGA/lib/python3.11/site-packages/torchvision/models/_utils.py:223: UserWarning: Arguments other than a weight enum or `None` for 'weights' are deprecated since 0.13 and may be removed in the future. The current behavior is equivalent to passing `weights=ResNet50_Weights.IMAGENET1K_V1`. You can also use `weights=ResNet50_Weights.DEFAULT` to get the most up-to-date weights.
  warnings.warn(msg)
[36mINFO[0m 08/01 23:53:11 | 0.636364    0.537037    0.000000    0.707258    0.614470    0.762006    1.563159    0.464828    0.616438    0.623824    0.798077    0.900188    0.636364    0.614470    0.537037    0.464828    500         54.421769   0.150132    0.913009    0.353918    3.064584   
/home/s21_yhr/miniconda3/envs/GGA/lib/python3.11/site-packages/torchvision/models/_utils.py:208: UserWarning: The parameter 'pretrained' is deprecated since 0.13 and may be removed in the future, please use 'weights' instead.
  warnings.warn(
/home/s21_yhr/miniconda3/envs/GGA/lib/python3.11/site-packages/torchvision/models/_utils.py:223: UserWarning: Arguments other than a weight enum or `None` for 'weights' are deprecated since 0.13 and may be removed in the future. The current behavior is equivalent to passing `weights=ResNet50_Weights.IMAGENET1K_V1`. You can also use `weights=ResNet50_Weights.DEFAULT` to get the most up-to-date weights.
  warnings.warn(msg)
[36mINFO[0m 08/01 23:54:42 | 0.509091    0.444444    0.000000    0.699091    0.629755    0.784369    1.177616    0.428966    0.561644    0.650470    0.836538    0.918267    0.509091    0.629755    0.444444    0.428966    600         65.306122   0.127767    0.908590    0.340886    3.064584   
/home/s21_yhr/miniconda3/envs/GGA/lib/python3.11/site-packages/torchvision/models/_utils.py:208: UserWarning: The parameter 'pretrained' is deprecated since 0.13 and may be removed in the future, please use 'weights' instead.
  warnings.warn(
/home/s21_yhr/miniconda3/envs/GGA/lib/python3.11/site-packages/torchvision/models/_utils.py:223: UserWarning: Arguments other than a weight enum or `None` for 'weights' are deprecated since 0.13 and may be removed in the future. The current behavior is equivalent to passing `weights=ResNet50_Weights.IMAGENET1K_V1`. You can also use `weights=ResNet50_Weights.DEFAULT` to get the most up-to-date weights.
  warnings.warn(msg)
[36mINFO[0m 08/01 23:56:12 | 0.563636    0.518519    0.000000    0.710748    0.605044    0.760915    1.391000    0.525517    0.575342    0.586991    0.846154    0.934840    0.563636    0.605044    0.518519    0.525517    700         76.190476   0.102648    0.897981    0.337889    3.064584   
/home/s21_yhr/miniconda3/envs/GGA/lib/python3.11/site-packages/torchvision/models/_utils.py:208: UserWarning: The parameter 'pretrained' is deprecated since 0.13 and may be removed in the future, please use 'weights' instead.
  warnings.warn(
/home/s21_yhr/miniconda3/envs/GGA/lib/python3.11/site-packages/torchvision/models/_utils.py:223: UserWarning: Arguments other than a weight enum or `None` for 'weights' are deprecated since 0.13 and may be removed in the future. The current behavior is equivalent to passing `weights=ResNet50_Weights.IMAGENET1K_V1`. You can also use `weights=ResNet50_Weights.DEFAULT` to get the most up-to-date weights.
  warnings.warn(msg)
[36mINFO[0m 08/01 23:57:43 | 0.563636    0.500000    0.000000    0.718322    0.638417    0.774973    1.235355    0.525517    0.561644    0.593260    0.875000    0.956685    0.563636    0.638417    0.500000    0.525517    800         87.074830   0.120778    0.901046    0.336138    3.064584   
/home/s21_yhr/miniconda3/envs/GGA/lib/python3.11/site-packages/torchvision/models/_utils.py:208: UserWarning: The parameter 'pretrained' is deprecated since 0.13 and may be removed in the future, please use 'weights' instead.
  warnings.warn(
/home/s21_yhr/miniconda3/envs/GGA/lib/python3.11/site-packages/torchvision/models/_utils.py:223: UserWarning: Arguments other than a weight enum or `None` for 'weights' are deprecated since 0.13 and may be removed in the future. The current behavior is equivalent to passing `weights=ResNet50_Weights.IMAGENET1K_V1`. You can also use `weights=ResNet50_Weights.DEFAULT` to get the most up-to-date weights.
  warnings.warn(msg)
[36mINFO[0m 08/01 23:59:13 | 0.527273    0.481481    0.000000    0.707982    0.614895    0.783378    1.589348    0.484138    0.589041    0.628527    0.826923    0.938230    0.527273    0.614895    0.481481    0.484138    900         97.959184   0.093198    0.898983    0.350799    3.064584   
/home/s21_yhr/miniconda3/envs/GGA/lib/python3.11/site-packages/torchvision/models/_utils.py:208: UserWarning: The parameter 'pretrained' is deprecated since 0.13 and may be removed in the future, please use 'weights' instead.
  warnings.warn(
/home/s21_yhr/miniconda3/envs/GGA/lib/python3.11/site-packages/torchvision/models/_utils.py:223: UserWarning: Arguments other than a weight enum or `None` for 'weights' are deprecated since 0.13 and may be removed in the future. The current behavior is equivalent to passing `weights=ResNet50_Weights.IMAGENET1K_V1`. You can also use `weights=ResNet50_Weights.DEFAULT` to get the most up-to-date weights.
  warnings.warn(msg)
[36mINFO[0m 08/02 00:00:44 | 0.586364    0.500000    0.000000    0.722405    0.642323    0.780481    1.481604    0.481379    0.589041    0.644201    0.855769    0.916761    0.586364    0.642323    0.500000    0.481379    1000        108.843537  0.100314    0.902968    0.336426    3.064584   
/home/s21_yhr/miniconda3/envs/GGA/lib/python3.11/site-packages/torchvision/models/_utils.py:208: UserWarning: The parameter 'pretrained' is deprecated since 0.13 and may be removed in the future, please use 'weights' instead.
  warnings.warn(
/home/s21_yhr/miniconda3/envs/GGA/lib/python3.11/site-packages/torchvision/models/_utils.py:223: UserWarning: Arguments other than a weight enum or `None` for 'weights' are deprecated since 0.13 and may be removed in the future. The current behavior is equivalent to passing `weights=ResNet50_Weights.IMAGENET1K_V1`. You can also use `weights=ResNet50_Weights.DEFAULT` to get the most up-to-date weights.
  warnings.warn(msg)
[36mINFO[0m 08/02 00:02:14 | 0.577273    0.425926    0.000000    0.746444    0.623471    0.792788    1.628294    0.454483    0.589041    0.637931    0.903846    0.947646    0.577273    0.623471    0.425926    0.454483    1100        119.727891  0.098936    0.904631    0.344777    3.064584   
/home/s21_yhr/miniconda3/envs/GGA/lib/python3.11/site-packages/torchvision/models/_utils.py:208: UserWarning: The parameter 'pretrained' is deprecated since 0.13 and may be removed in the future, please use 'weights' instead.
  warnings.warn(
/home/s21_yhr/miniconda3/envs/GGA/lib/python3.11/site-packages/torchvision/models/_utils.py:223: UserWarning: Arguments other than a weight enum or `None` for 'weights' are deprecated since 0.13 and may be removed in the future. The current behavior is equivalent to passing `weights=ResNet50_Weights.IMAGENET1K_V1`. You can also use `weights=ResNet50_Weights.DEFAULT` to get the most up-to-date weights.
  warnings.warn(msg)
[36mINFO[0m 08/02 00:03:45 | 0.577273    0.462963    0.000000    0.710024    0.608356    0.768923    1.568651    0.438621    0.602740    0.630878    0.817308    0.906968    0.577273    0.608356    0.462963    0.438621    1200        130.612245  0.084081    0.903031    0.337782    3.064584   
/home/s21_yhr/miniconda3/envs/GGA/lib/python3.11/site-packages/torchvision/models/_utils.py:208: UserWarning: The parameter 'pretrained' is deprecated since 0.13 and may be removed in the future, please use 'weights' instead.
  warnings.warn(
/home/s21_yhr/miniconda3/envs/GGA/lib/python3.11/site-packages/torchvision/models/_utils.py:223: UserWarning: Arguments other than a weight enum or `None` for 'weights' are deprecated since 0.13 and may be removed in the future. The current behavior is equivalent to passing `weights=ResNet50_Weights.IMAGENET1K_V1`. You can also use `weights=ResNet50_Weights.DEFAULT` to get the most up-to-date weights.
  warnings.warn(msg)
[36mINFO[0m 08/02 00:05:15 | 0.645455    0.592593    0.000000    0.740911    0.611073    0.783108    1.639566    0.528276    0.616438    0.634013    0.865385    0.932203    0.645455    0.611073    0.592593    0.528276    1300        141.496599  0.088353    0.898473    0.339015    3.064584   
/home/s21_yhr/miniconda3/envs/GGA/lib/python3.11/site-packages/torchvision/models/_utils.py:208: UserWarning: The parameter 'pretrained' is deprecated since 0.13 and may be removed in the future, please use 'weights' instead.
  warnings.warn(
/home/s21_yhr/miniconda3/envs/GGA/lib/python3.11/site-packages/torchvision/models/_utils.py:223: UserWarning: Arguments other than a weight enum or `None` for 'weights' are deprecated since 0.13 and may be removed in the future. The current behavior is equivalent to passing `weights=ResNet50_Weights.IMAGENET1K_V1`. You can also use `weights=ResNet50_Weights.DEFAULT` to get the most up-to-date weights.
  warnings.warn(msg)
[36mINFO[0m 08/02 00:06:45 | 0.527273    0.481481    0.000000    0.719639    0.597911    0.761080    1.789762    0.489655    0.602740    0.624608    0.836538    0.897552    0.527273    0.597911    0.481481    0.489655    1400        152.380952  0.063659    0.893440    0.344474    3.064584   
/home/s21_yhr/miniconda3/envs/GGA/lib/python3.11/site-packages/torchvision/models/_utils.py:208: UserWarning: The parameter 'pretrained' is deprecated since 0.13 and may be removed in the future, please use 'weights' instead.
  warnings.warn(
/home/s21_yhr/miniconda3/envs/GGA/lib/python3.11/site-packages/torchvision/models/_utils.py:223: UserWarning: Arguments other than a weight enum or `None` for 'weights' are deprecated since 0.13 and may be removed in the future. The current behavior is equivalent to passing `weights=ResNet50_Weights.IMAGENET1K_V1`. You can also use `weights=ResNet50_Weights.DEFAULT` to get the most up-to-date weights.
  warnings.warn(msg)
[36mINFO[0m 08/02 00:08:15 | 0.600000    0.574074    0.000000    0.694283    0.594260    0.768507    1.637114    0.481379    0.561644    0.619122    0.826923    0.917891    0.600000    0.594260    0.574074    0.481379    1500        163.265306  0.088668    0.901098    0.342979    3.064584   
/home/s21_yhr/miniconda3/envs/GGA/lib/python3.11/site-packages/torchvision/models/_utils.py:208: UserWarning: The parameter 'pretrained' is deprecated since 0.13 and may be removed in the future, please use 'weights' instead.
  warnings.warn(
/home/s21_yhr/miniconda3/envs/GGA/lib/python3.11/site-packages/torchvision/models/_utils.py:223: UserWarning: Arguments other than a weight enum or `None` for 'weights' are deprecated since 0.13 and may be removed in the future. The current behavior is equivalent to passing `weights=ResNet50_Weights.IMAGENET1K_V1`. You can also use `weights=ResNet50_Weights.DEFAULT` to get the most up-to-date weights.
  warnings.warn(msg)
[36mINFO[0m 08/02 00:09:46 | 0.613636    0.537037    0.000000    0.735379    0.585513    0.762796    1.896092    0.486897    0.643836    0.615987    0.826923    0.909605    0.613636    0.585513    0.537037    0.486897    1600        174.149660  0.077798    0.905939    0.348004    3.064584   
/home/s21_yhr/miniconda3/envs/GGA/lib/python3.11/site-packages/torchvision/models/_utils.py:208: UserWarning: The parameter 'pretrained' is deprecated since 0.13 and may be removed in the future, please use 'weights' instead.
  warnings.warn(
/home/s21_yhr/miniconda3/envs/GGA/lib/python3.11/site-packages/torchvision/models/_utils.py:223: UserWarning: Arguments other than a weight enum or `None` for 'weights' are deprecated since 0.13 and may be removed in the future. The current behavior is equivalent to passing `weights=ResNet50_Weights.IMAGENET1K_V1`. You can also use `weights=ResNet50_Weights.DEFAULT` to get the most up-to-date weights.
  warnings.warn(msg)
[36mINFO[0m 08/02 00:11:18 | 0.581818    0.425926    0.000000    0.712790    0.628227    0.770742    2.020706    0.510345    0.589041    0.608150    0.836538    0.933333    0.581818    0.628227    0.425926    0.510345    1700        185.034014  0.065015    0.910244    0.345936    3.064584   
/home/s21_yhr/miniconda3/envs/GGA/lib/python3.11/site-packages/torchvision/models/_utils.py:208: UserWarning: The parameter 'pretrained' is deprecated since 0.13 and may be removed in the future, please use 'weights' instead.
  warnings.warn(
/home/s21_yhr/miniconda3/envs/GGA/lib/python3.11/site-packages/torchvision/models/_utils.py:223: UserWarning: Arguments other than a weight enum or `None` for 'weights' are deprecated since 0.13 and may be removed in the future. The current behavior is equivalent to passing `weights=ResNet50_Weights.IMAGENET1K_V1`. You can also use `weights=ResNet50_Weights.DEFAULT` to get the most up-to-date weights.
  warnings.warn(msg)
[36mINFO[0m 08/02 00:12:48 | 0.563636    0.425926    0.000000    0.699091    0.608865    0.734124    2.022387    0.427586    0.561644    0.565047    0.836538    0.903202    0.563636    0.608865    0.425926    0.427586    1800        195.918367  0.061229    0.902182    0.343256    3.064584   
/home/s21_yhr/miniconda3/envs/GGA/lib/python3.11/site-packages/torchvision/models/_utils.py:208: UserWarning: The parameter 'pretrained' is deprecated since 0.13 and may be removed in the future, please use 'weights' instead.
  warnings.warn(
/home/s21_yhr/miniconda3/envs/GGA/lib/python3.11/site-packages/torchvision/models/_utils.py:223: UserWarning: Arguments other than a weight enum or `None` for 'weights' are deprecated since 0.13 and may be removed in the future. The current behavior is equivalent to passing `weights=ResNet50_Weights.IMAGENET1K_V1`. You can also use `weights=ResNet50_Weights.DEFAULT` to get the most up-to-date weights.
  warnings.warn(msg)
[36mINFO[0m 08/02 00:14:19 | 0.636364    0.574074    0.000000    0.727213    0.631921    0.767577    1.810650    0.566897    0.589041    0.600313    0.865385    0.934840    0.636364    0.631921    0.574074    0.566897    1900        206.802721  0.080816    0.902694    0.339806    3.064584   
/home/s21_yhr/miniconda3/envs/GGA/lib/python3.11/site-packages/torchvision/models/_utils.py:208: UserWarning: The parameter 'pretrained' is deprecated since 0.13 and may be removed in the future, please use 'weights' instead.
  warnings.warn(
/home/s21_yhr/miniconda3/envs/GGA/lib/python3.11/site-packages/torchvision/models/_utils.py:223: UserWarning: Arguments other than a weight enum or `None` for 'weights' are deprecated since 0.13 and may be removed in the future. The current behavior is equivalent to passing `weights=ResNet50_Weights.IMAGENET1K_V1`. You can also use `weights=ResNet50_Weights.DEFAULT` to get the most up-to-date weights.
  warnings.warn(msg)
[36mINFO[0m 08/02 00:15:49 | 0.550000    0.481481    0.000000    0.707982    0.617697    0.763005    1.581600    0.540690    0.589041    0.607367    0.826923    0.918644    0.550000    0.617697    0.481481    0.540690    2000        217.687075  0.071744    0.899915    0.337976    3.064584   
/home/s21_yhr/miniconda3/envs/GGA/lib/python3.11/site-packages/torchvision/models/_utils.py:208: UserWarning: The parameter 'pretrained' is deprecated since 0.13 and may be removed in the future, please use 'weights' instead.
  warnings.warn(
/home/s21_yhr/miniconda3/envs/GGA/lib/python3.11/site-packages/torchvision/models/_utils.py:223: UserWarning: Arguments other than a weight enum or `None` for 'weights' are deprecated since 0.13 and may be removed in the future. The current behavior is equivalent to passing `weights=ResNet50_Weights.IMAGENET1K_V1`. You can also use `weights=ResNet50_Weights.DEFAULT` to get the most up-to-date weights.
  warnings.warn(msg)
[36mINFO[0m 08/02 00:17:20 | 0.586364    0.537037    0.000000    0.745719    0.590268    0.780089    1.784088    0.467586    0.616438    0.643417    0.875000    0.916761    0.586364    0.590268    0.537037    0.467586    2100        228.571429  0.063594    0.898530    0.345709    3.064584   
/home/s21_yhr/miniconda3/envs/GGA/lib/python3.11/site-packages/torchvision/models/_utils.py:208: UserWarning: The parameter 'pretrained' is deprecated since 0.13 and may be removed in the future, please use 'weights' instead.
  warnings.warn(
/home/s21_yhr/miniconda3/envs/GGA/lib/python3.11/site-packages/torchvision/models/_utils.py:223: UserWarning: Arguments other than a weight enum or `None` for 'weights' are deprecated since 0.13 and may be removed in the future. The current behavior is equivalent to passing `weights=ResNet50_Weights.IMAGENET1K_V1`. You can also use `weights=ResNet50_Weights.DEFAULT` to get the most up-to-date weights.
  warnings.warn(msg)
[36mINFO[0m 08/02 00:18:49 | 0.595455    0.611111    0.000000    0.735379    0.603940    0.786456    2.100198    0.587586    0.643836    0.651254    0.826923    0.921657    0.595455    0.603940    0.611111    0.587586    2200        239.455782  0.059699    0.896252    0.347666    3.064645   
/home/s21_yhr/miniconda3/envs/GGA/lib/python3.11/site-packages/torchvision/models/_utils.py:208: UserWarning: The parameter 'pretrained' is deprecated since 0.13 and may be removed in the future, please use 'weights' instead.
  warnings.warn(
/home/s21_yhr/miniconda3/envs/GGA/lib/python3.11/site-packages/torchvision/models/_utils.py:223: UserWarning: Arguments other than a weight enum or `None` for 'weights' are deprecated since 0.13 and may be removed in the future. The current behavior is equivalent to passing `weights=ResNet50_Weights.IMAGENET1K_V1`. You can also use `weights=ResNet50_Weights.DEFAULT` to get the most up-to-date weights.
  warnings.warn(msg)
[36mINFO[0m 08/02 00:20:20 | 0.581818    0.574074    0.000000    0.720364    0.630605    0.795999    1.508049    0.521379    0.575342    0.648119    0.865385    0.943879    0.581818    0.630605    0.574074    0.521379    2300        250.340136  0.072331    0.899057    0.350641    3.064645   
/home/s21_yhr/miniconda3/envs/GGA/lib/python3.11/site-packages/torchvision/models/_utils.py:208: UserWarning: The parameter 'pretrained' is deprecated since 0.13 and may be removed in the future, please use 'weights' instead.
  warnings.warn(
/home/s21_yhr/miniconda3/envs/GGA/lib/python3.11/site-packages/torchvision/models/_utils.py:223: UserWarning: Arguments other than a weight enum or `None` for 'weights' are deprecated since 0.13 and may be removed in the future. The current behavior is equivalent to passing `weights=ResNet50_Weights.IMAGENET1K_V1`. You can also use `weights=ResNet50_Weights.DEFAULT` to get the most up-to-date weights.
  warnings.warn(msg)
[36mINFO[0m 08/02 00:21:50 | 0.618182    0.481481    0.000000    0.743678    0.626953    0.770228    1.540164    0.533793    0.602740    0.601097    0.884615    0.939360    0.618182    0.626953    0.481481    0.533793    2400        261.224490  0.065160    0.894892    0.338657    3.064645   
/home/s21_yhr/miniconda3/envs/GGA/lib/python3.11/site-packages/torchvision/models/_utils.py:208: UserWarning: The parameter 'pretrained' is deprecated since 0.13 and may be removed in the future, please use 'weights' instead.
  warnings.warn(
/home/s21_yhr/miniconda3/envs/GGA/lib/python3.11/site-packages/torchvision/models/_utils.py:223: UserWarning: Arguments other than a weight enum or `None` for 'weights' are deprecated since 0.13 and may be removed in the future. The current behavior is equivalent to passing `weights=ResNet50_Weights.IMAGENET1K_V1`. You can also use `weights=ResNet50_Weights.DEFAULT` to get the most up-to-date weights.
  warnings.warn(msg)
[36mINFO[0m 08/02 00:23:20 | 0.627273    0.537037    0.000000    0.707982    0.621985    0.793609    1.776175    0.488276    0.589041    0.680251    0.826923    0.906968    0.627273    0.621985    0.537037    0.488276    2500        272.108844  0.049905    0.896086    0.344630    3.064645   
/home/s21_yhr/miniconda3/envs/GGA/lib/python3.11/site-packages/torchvision/models/_utils.py:208: UserWarning: The parameter 'pretrained' is deprecated since 0.13 and may be removed in the future, please use 'weights' instead.
  warnings.warn(
/home/s21_yhr/miniconda3/envs/GGA/lib/python3.11/site-packages/torchvision/models/_utils.py:223: UserWarning: Arguments other than a weight enum or `None` for 'weights' are deprecated since 0.13 and may be removed in the future. The current behavior is equivalent to passing `weights=ResNet50_Weights.IMAGENET1K_V1`. You can also use `weights=ResNet50_Weights.DEFAULT` to get the most up-to-date weights.
  warnings.warn(msg)
[36mINFO[0m 08/02 00:24:50 | 0.568182    0.462963    0.000000    0.749078    0.580333    0.792828    1.775183    0.488276    0.671233    0.649687    0.826923    0.935970    0.568182    0.580333    0.462963    0.488276    2600        282.993197  0.050110    0.898860    0.349583    3.064645   
/home/s21_yhr/miniconda3/envs/GGA/lib/python3.11/site-packages/torchvision/models/_utils.py:208: UserWarning: The parameter 'pretrained' is deprecated since 0.13 and may be removed in the future, please use 'weights' instead.
  warnings.warn(
/home/s21_yhr/miniconda3/envs/GGA/lib/python3.11/site-packages/torchvision/models/_utils.py:223: UserWarning: Arguments other than a weight enum or `None` for 'weights' are deprecated since 0.13 and may be removed in the future. The current behavior is equivalent to passing `weights=ResNet50_Weights.IMAGENET1K_V1`. You can also use `weights=ResNet50_Weights.DEFAULT` to get the most up-to-date weights.
  warnings.warn(msg)
[36mINFO[0m 08/02 00:26:20 | 0.613636    0.555556    0.000000    0.723722    0.634723    0.780678    2.132420    0.522069    0.630137    0.654389    0.817308    0.906968    0.613636    0.634723    0.555556    0.522069    2700        293.877551  0.049430    0.898014    0.343772    3.064645   
/home/s21_yhr/miniconda3/envs/GGA/lib/python3.11/site-packages/torchvision/models/_utils.py:208: UserWarning: The parameter 'pretrained' is deprecated since 0.13 and may be removed in the future, please use 'weights' instead.
  warnings.warn(
/home/s21_yhr/miniconda3/envs/GGA/lib/python3.11/site-packages/torchvision/models/_utils.py:223: UserWarning: Arguments other than a weight enum or `None` for 'weights' are deprecated since 0.13 and may be removed in the future. The current behavior is equivalent to passing `weights=ResNet50_Weights.IMAGENET1K_V1`. You can also use `weights=ResNet50_Weights.DEFAULT` to get the most up-to-date weights.
  warnings.warn(msg)
[36mINFO[0m 08/02 00:27:50 | 0.600000    0.555556    0.000000    0.708707    0.617612    0.761651    1.830790    0.550345    0.561644    0.615204    0.855769    0.908098    0.600000    0.617612    0.555556    0.550345    2800        304.761905  0.050686    0.898581    0.345336    3.064645   
/home/s21_yhr/miniconda3/envs/GGA/lib/python3.11/site-packages/torchvision/models/_utils.py:208: UserWarning: The parameter 'pretrained' is deprecated since 0.13 and may be removed in the future, please use 'weights' instead.
  warnings.warn(
/home/s21_yhr/miniconda3/envs/GGA/lib/python3.11/site-packages/torchvision/models/_utils.py:223: UserWarning: Arguments other than a weight enum or `None` for 'weights' are deprecated since 0.13 and may be removed in the future. The current behavior is equivalent to passing `weights=ResNet50_Weights.IMAGENET1K_V1`. You can also use `weights=ResNet50_Weights.DEFAULT` to get the most up-to-date weights.
  warnings.warn(msg)
[36mINFO[0m 08/02 00:29:20 | 0.590909    0.555556    0.000000    0.738145    0.622283    0.764084    1.675383    0.518621    0.630137    0.614420    0.846154    0.913748    0.590909    0.622283    0.555556    0.518621    2900        315.646259  0.060363    0.897389    0.344638    3.064645   
/home/s21_yhr/miniconda3/envs/GGA/lib/python3.11/site-packages/torchvision/models/_utils.py:208: UserWarning: The parameter 'pretrained' is deprecated since 0.13 and may be removed in the future, please use 'weights' instead.
  warnings.warn(
/home/s21_yhr/miniconda3/envs/GGA/lib/python3.11/site-packages/torchvision/models/_utils.py:223: UserWarning: Arguments other than a weight enum or `None` for 'weights' are deprecated since 0.13 and may be removed in the future. The current behavior is equivalent to passing `weights=ResNet50_Weights.IMAGENET1K_V1`. You can also use `weights=ResNet50_Weights.DEFAULT` to get the most up-to-date weights.
  warnings.warn(msg)
[36mINFO[0m 08/02 00:30:51 | 0.536364    0.555556    0.000000    0.725171    0.574389    0.752456    1.770653    0.537931    0.575342    0.587774    0.875000    0.917137    0.536364    0.574389    0.555556    0.537931    3000        326.530612  0.053929    0.899665    0.334624    3.064645   
/home/s21_yhr/miniconda3/envs/GGA/lib/python3.11/site-packages/torchvision/models/_utils.py:208: UserWarning: The parameter 'pretrained' is deprecated since 0.13 and may be removed in the future, please use 'weights' instead.
  warnings.warn(
/home/s21_yhr/miniconda3/envs/GGA/lib/python3.11/site-packages/torchvision/models/_utils.py:223: UserWarning: Arguments other than a weight enum or `None` for 'weights' are deprecated since 0.13 and may be removed in the future. The current behavior is equivalent to passing `weights=ResNet50_Weights.IMAGENET1K_V1`. You can also use `weights=ResNet50_Weights.DEFAULT` to get the most up-to-date weights.
  warnings.warn(msg)
[36mINFO[0m 08/02 00:32:22 | 0.586364    0.555556    0.000000    0.706665    0.621391    0.745880    1.669268    0.514483    0.547945    0.588558    0.865385    0.903202    0.586364    0.621391    0.555556    0.514483    3100        337.414966  0.067884    0.913167    0.341139    3.065072   
/home/s21_yhr/miniconda3/envs/GGA/lib/python3.11/site-packages/torchvision/models/_utils.py:208: UserWarning: The parameter 'pretrained' is deprecated since 0.13 and may be removed in the future, please use 'weights' instead.
  warnings.warn(
/home/s21_yhr/miniconda3/envs/GGA/lib/python3.11/site-packages/torchvision/models/_utils.py:223: UserWarning: Arguments other than a weight enum or `None` for 'weights' are deprecated since 0.13 and may be removed in the future. The current behavior is equivalent to passing `weights=ResNet50_Weights.IMAGENET1K_V1`. You can also use `weights=ResNet50_Weights.DEFAULT` to get the most up-to-date weights.
  warnings.warn(msg)
[36mINFO[0m 08/02 00:33:53 | 0.631818    0.500000    0.000000    0.642848    0.676418    0.706671    1.816690    0.521379    0.506849    0.523511    0.778846    0.889831    0.631818    0.676418    0.500000    0.521379    3200        348.299320  0.051736    0.907149    0.336962    3.065072   
/home/s21_yhr/miniconda3/envs/GGA/lib/python3.11/site-packages/torchvision/models/_utils.py:208: UserWarning: The parameter 'pretrained' is deprecated since 0.13 and may be removed in the future, please use 'weights' instead.
  warnings.warn(
/home/s21_yhr/miniconda3/envs/GGA/lib/python3.11/site-packages/torchvision/models/_utils.py:223: UserWarning: Arguments other than a weight enum or `None` for 'weights' are deprecated since 0.13 and may be removed in the future. The current behavior is equivalent to passing `weights=ResNet50_Weights.IMAGENET1K_V1`. You can also use `weights=ResNet50_Weights.DEFAULT` to get the most up-to-date weights.
  warnings.warn(msg)
[36mINFO[0m 08/02 00:35:25 | 0.581818    0.481481    0.000000    0.675777    0.654382    0.754421    2.465230    0.496552    0.534247    0.606583    0.817308    0.902260    0.581818    0.654382    0.481481    0.496552    3300        359.183673  0.053411    0.912266    0.356537    3.065072   
/home/s21_yhr/miniconda3/envs/GGA/lib/python3.11/site-packages/torchvision/models/_utils.py:208: UserWarning: The parameter 'pretrained' is deprecated since 0.13 and may be removed in the future, please use 'weights' instead.
  warnings.warn(
/home/s21_yhr/miniconda3/envs/GGA/lib/python3.11/site-packages/torchvision/models/_utils.py:223: UserWarning: Arguments other than a weight enum or `None` for 'weights' are deprecated since 0.13 and may be removed in the future. The current behavior is equivalent to passing `weights=ResNet50_Weights.IMAGENET1K_V1`. You can also use `weights=ResNet50_Weights.DEFAULT` to get the most up-to-date weights.
  warnings.warn(msg)
[36mINFO[0m 08/02 00:37:07 | 0.590909    0.574074    0.000000    0.679136    0.614300    0.763249    2.293021    0.543448    0.589041    0.619906    0.769231    0.906591    0.590909    0.614300    0.574074    0.543448    3400        370.068027  0.050590    1.012764    0.371064    3.065072   
/home/s21_yhr/miniconda3/envs/GGA/lib/python3.11/site-packages/torchvision/models/_utils.py:208: UserWarning: The parameter 'pretrained' is deprecated since 0.13 and may be removed in the future, please use 'weights' instead.
  warnings.warn(
/home/s21_yhr/miniconda3/envs/GGA/lib/python3.11/site-packages/torchvision/models/_utils.py:223: UserWarning: Arguments other than a weight enum or `None` for 'weights' are deprecated since 0.13 and may be removed in the future. The current behavior is equivalent to passing `weights=ResNet50_Weights.IMAGENET1K_V1`. You can also use `weights=ResNet50_Weights.DEFAULT` to get the most up-to-date weights.
  warnings.warn(msg)
[36mINFO[0m 08/02 00:38:48 | 0.595455    0.537037    0.000000    0.710024    0.629671    0.755041    2.311337    0.496552    0.602740    0.619122    0.817308    0.890960    0.595455    0.629671    0.537037    0.496552    3500        380.952381  0.046279    1.007455    0.360374    3.065072   
/home/s21_yhr/miniconda3/envs/GGA/lib/python3.11/site-packages/torchvision/models/_utils.py:208: UserWarning: The parameter 'pretrained' is deprecated since 0.13 and may be removed in the future, please use 'weights' instead.
  warnings.warn(
/home/s21_yhr/miniconda3/envs/GGA/lib/python3.11/site-packages/torchvision/models/_utils.py:223: UserWarning: Arguments other than a weight enum or `None` for 'weights' are deprecated since 0.13 and may be removed in the future. The current behavior is equivalent to passing `weights=ResNet50_Weights.IMAGENET1K_V1`. You can also use `weights=ResNet50_Weights.DEFAULT` to get the most up-to-date weights.
  warnings.warn(msg)
[36mINFO[0m 08/02 00:40:28 | 0.600000    0.518519    0.000000    0.705940    0.648777    0.761153    1.845572    0.452414    0.575342    0.608934    0.836538    0.913371    0.600000    0.648777    0.518519    0.452414    3600        391.836735  0.051209    1.002260    0.403906    3.065072   
/home/s21_yhr/miniconda3/envs/GGA/lib/python3.11/site-packages/torchvision/models/_utils.py:208: UserWarning: The parameter 'pretrained' is deprecated since 0.13 and may be removed in the future, please use 'weights' instead.
  warnings.warn(
/home/s21_yhr/miniconda3/envs/GGA/lib/python3.11/site-packages/torchvision/models/_utils.py:223: UserWarning: Arguments other than a weight enum or `None` for 'weights' are deprecated since 0.13 and may be removed in the future. The current behavior is equivalent to passing `weights=ResNet50_Weights.IMAGENET1K_V1`. You can also use `weights=ResNet50_Weights.DEFAULT` to get the most up-to-date weights.
  warnings.warn(msg)
[36mINFO[0m 08/02 00:42:09 | 0.572727    0.462963    0.000000    0.691517    0.626613    0.757097    1.965234    0.515862    0.575342    0.594044    0.807692    0.920151    0.572727    0.626613    0.462963    0.515862    3700        402.721088  0.040631    1.007700    0.350758    3.065072   
/home/s21_yhr/miniconda3/envs/GGA/lib/python3.11/site-packages/torchvision/models/_utils.py:208: UserWarning: The parameter 'pretrained' is deprecated since 0.13 and may be removed in the future, please use 'weights' instead.
  warnings.warn(
/home/s21_yhr/miniconda3/envs/GGA/lib/python3.11/site-packages/torchvision/models/_utils.py:223: UserWarning: Arguments other than a weight enum or `None` for 'weights' are deprecated since 0.13 and may be removed in the future. The current behavior is equivalent to passing `weights=ResNet50_Weights.IMAGENET1K_V1`. You can also use `weights=ResNet50_Weights.DEFAULT` to get the most up-to-date weights.
  warnings.warn(msg)
[36mINFO[0m 08/02 00:43:49 | 0.595455    0.611111    0.000000    0.729254    0.605469    0.766289    1.794207    0.568276    0.602740    0.601881    0.855769    0.930697    0.595455    0.605469    0.611111    0.568276    3800        413.605442  0.042130    0.990600    0.352057    3.065072   
/home/s21_yhr/miniconda3/envs/GGA/lib/python3.11/site-packages/torchvision/models/_utils.py:208: UserWarning: The parameter 'pretrained' is deprecated since 0.13 and may be removed in the future, please use 'weights' instead.
  warnings.warn(
/home/s21_yhr/miniconda3/envs/GGA/lib/python3.11/site-packages/torchvision/models/_utils.py:223: UserWarning: Arguments other than a weight enum or `None` for 'weights' are deprecated since 0.13 and may be removed in the future. The current behavior is equivalent to passing `weights=ResNet50_Weights.IMAGENET1K_V1`. You can also use `weights=ResNet50_Weights.DEFAULT` to get the most up-to-date weights.
  warnings.warn(msg)
[36mINFO[0m 08/02 00:45:23 | 0.595455    0.388889    0.000000    0.714831    0.602242    0.755315    2.062980    0.482759    0.602740    0.608934    0.826923    0.901695    0.595455    0.602242    0.388889    0.482759    3900        424.489796  0.038917    0.935223    0.340001    3.065072   
/home/s21_yhr/miniconda3/envs/GGA/lib/python3.11/site-packages/torchvision/models/_utils.py:208: UserWarning: The parameter 'pretrained' is deprecated since 0.13 and may be removed in the future, please use 'weights' instead.
  warnings.warn(
/home/s21_yhr/miniconda3/envs/GGA/lib/python3.11/site-packages/torchvision/models/_utils.py:223: UserWarning: Arguments other than a weight enum or `None` for 'weights' are deprecated since 0.13 and may be removed in the future. The current behavior is equivalent to passing `weights=ResNet50_Weights.IMAGENET1K_V1`. You can also use `weights=ResNet50_Weights.DEFAULT` to get the most up-to-date weights.
  warnings.warn(msg)
[36mINFO[0m 08/02 00:46:54 | 0.604545    0.444444    0.000000    0.722405    0.619608    0.759412    2.187771    0.431724    0.589041    0.606583    0.855769    0.912241    0.604545    0.619608    0.444444    0.431724    4000        435.374150  0.047572    0.905227    0.338923    3.065072   
/home/s21_yhr/miniconda3/envs/GGA/lib/python3.11/site-packages/torchvision/models/_utils.py:208: UserWarning: The parameter 'pretrained' is deprecated since 0.13 and may be removed in the future, please use 'weights' instead.
  warnings.warn(
/home/s21_yhr/miniconda3/envs/GGA/lib/python3.11/site-packages/torchvision/models/_utils.py:223: UserWarning: Arguments other than a weight enum or `None` for 'weights' are deprecated since 0.13 and may be removed in the future. The current behavior is equivalent to passing `weights=ResNet50_Weights.IMAGENET1K_V1`. You can also use `weights=ResNet50_Weights.DEFAULT` to get the most up-to-date weights.
  warnings.warn(msg)
[36mINFO[0m 08/02 00:48:24 | 0.577273    0.444444    0.000000    0.729979    0.602327    0.772777    1.528161    0.455172    0.575342    0.615987    0.884615    0.929567    0.577273    0.602327    0.444444    0.455172    4100        446.258503  0.044444    0.903373    0.343621    3.065072   
/home/s21_yhr/miniconda3/envs/GGA/lib/python3.11/site-packages/torchvision/models/_utils.py:208: UserWarning: The parameter 'pretrained' is deprecated since 0.13 and may be removed in the future, please use 'weights' instead.
  warnings.warn(
/home/s21_yhr/miniconda3/envs/GGA/lib/python3.11/site-packages/torchvision/models/_utils.py:223: UserWarning: Arguments other than a weight enum or `None` for 'weights' are deprecated since 0.13 and may be removed in the future. The current behavior is equivalent to passing `weights=ResNet50_Weights.IMAGENET1K_V1`. You can also use `weights=ResNet50_Weights.DEFAULT` to get the most up-to-date weights.
  warnings.warn(msg)
[36mINFO[0m 08/02 00:49:55 | 0.559091    0.537037    0.000000    0.742229    0.583305    0.800201    1.425852    0.539310    0.657534    0.680251    0.826923    0.920151    0.559091    0.583305    0.537037    0.539310    4200        457.142857  0.043675    0.901719    0.339638    3.065072   
/home/s21_yhr/miniconda3/envs/GGA/lib/python3.11/site-packages/torchvision/models/_utils.py:208: UserWarning: The parameter 'pretrained' is deprecated since 0.13 and may be removed in the future, please use 'weights' instead.
  warnings.warn(
/home/s21_yhr/miniconda3/envs/GGA/lib/python3.11/site-packages/torchvision/models/_utils.py:223: UserWarning: Arguments other than a weight enum or `None` for 'weights' are deprecated since 0.13 and may be removed in the future. The current behavior is equivalent to passing `weights=ResNet50_Weights.IMAGENET1K_V1`. You can also use `weights=ResNet50_Weights.DEFAULT` to get the most up-to-date weights.
  warnings.warn(msg)
[36mINFO[0m 08/02 00:51:26 | 0.559091    0.425926    0.000000    0.689476    0.590099    0.784430    2.040946    0.467586    0.561644    0.653605    0.817308    0.915254    0.559091    0.590099    0.425926    0.467586    4300        468.027211  0.037046    0.906892    0.346289    3.065072   
/home/s21_yhr/miniconda3/envs/GGA/lib/python3.11/site-packages/torchvision/models/_utils.py:208: UserWarning: The parameter 'pretrained' is deprecated since 0.13 and may be removed in the future, please use 'weights' instead.
  warnings.warn(
/home/s21_yhr/miniconda3/envs/GGA/lib/python3.11/site-packages/torchvision/models/_utils.py:223: UserWarning: Arguments other than a weight enum or `None` for 'weights' are deprecated since 0.13 and may be removed in the future. The current behavior is equivalent to passing `weights=ResNet50_Weights.IMAGENET1K_V1`. You can also use `weights=ResNet50_Weights.DEFAULT` to get the most up-to-date weights.
  warnings.warn(msg)
[36mINFO[0m 08/02 00:52:57 | 0.563636    0.462963    0.000000    0.715556    0.648692    0.798790    2.129999    0.533103    0.575342    0.665752    0.855769    0.931827    0.563636    0.648692    0.462963    0.533103    4400        478.911565  0.037676    0.902658    0.338598    3.065072   
/home/s21_yhr/miniconda3/envs/GGA/lib/python3.11/site-packages/torchvision/models/_utils.py:208: UserWarning: The parameter 'pretrained' is deprecated since 0.13 and may be removed in the future, please use 'weights' instead.
  warnings.warn(
/home/s21_yhr/miniconda3/envs/GGA/lib/python3.11/site-packages/torchvision/models/_utils.py:223: UserWarning: Arguments other than a weight enum or `None` for 'weights' are deprecated since 0.13 and may be removed in the future. The current behavior is equivalent to passing `weights=ResNet50_Weights.IMAGENET1K_V1`. You can also use `weights=ResNet50_Weights.DEFAULT` to get the most up-to-date weights.
  warnings.warn(msg)
[36mINFO[0m 08/02 00:54:27 | 0.604545    0.537037    0.000000    0.764226    0.633832    0.798609    1.874885    0.562759    0.643836    0.666144    0.884615    0.931073    0.604545    0.633832    0.537037    0.562759    4500        489.795918  0.048487    0.899314    0.342777    3.065072   
/home/s21_yhr/miniconda3/envs/GGA/lib/python3.11/site-packages/torchvision/models/_utils.py:208: UserWarning: The parameter 'pretrained' is deprecated since 0.13 and may be removed in the future, please use 'weights' instead.
  warnings.warn(
/home/s21_yhr/miniconda3/envs/GGA/lib/python3.11/site-packages/torchvision/models/_utils.py:223: UserWarning: Arguments other than a weight enum or `None` for 'weights' are deprecated since 0.13 and may be removed in the future. The current behavior is equivalent to passing `weights=ResNet50_Weights.IMAGENET1K_V1`. You can also use `weights=ResNet50_Weights.DEFAULT` to get the most up-to-date weights.
  warnings.warn(msg)
[36mINFO[0m 08/02 00:55:59 | 0.581818    0.537037    0.000000    0.696325    0.631793    0.761229    1.829722    0.507586    0.575342    0.612853    0.817308    0.909605    0.581818    0.631793    0.537037    0.507586    4600        500.680272  0.044791    0.916777    0.342902    3.065072   
/home/s21_yhr/miniconda3/envs/GGA/lib/python3.11/site-packages/torchvision/models/_utils.py:208: UserWarning: The parameter 'pretrained' is deprecated since 0.13 and may be removed in the future, please use 'weights' instead.
  warnings.warn(
/home/s21_yhr/miniconda3/envs/GGA/lib/python3.11/site-packages/torchvision/models/_utils.py:223: UserWarning: Arguments other than a weight enum or `None` for 'weights' are deprecated since 0.13 and may be removed in the future. The current behavior is equivalent to passing `weights=ResNet50_Weights.IMAGENET1K_V1`. You can also use `weights=ResNet50_Weights.DEFAULT` to get the most up-to-date weights.
  warnings.warn(msg)
[36mINFO[0m 08/02 00:57:30 | 0.495455    0.444444    0.000000    0.697050    0.568954    0.758686    1.756708    0.532414    0.547945    0.588558    0.846154    0.928814    0.495455    0.568954    0.444444    0.532414    4700        511.564626  0.047016    0.907505    0.347306    3.065072   
/home/s21_yhr/miniconda3/envs/GGA/lib/python3.11/site-packages/torchvision/models/_utils.py:208: UserWarning: The parameter 'pretrained' is deprecated since 0.13 and may be removed in the future, please use 'weights' instead.
  warnings.warn(
/home/s21_yhr/miniconda3/envs/GGA/lib/python3.11/site-packages/torchvision/models/_utils.py:223: UserWarning: Arguments other than a weight enum or `None` for 'weights' are deprecated since 0.13 and may be removed in the future. The current behavior is equivalent to passing `weights=ResNet50_Weights.IMAGENET1K_V1`. You can also use `weights=ResNet50_Weights.DEFAULT` to get the most up-to-date weights.
  warnings.warn(msg)
[36mINFO[0m 08/02 00:59:02 | 0.545455    0.481481    0.000000    0.742953    0.600204    0.769294    1.864246    0.529655    0.630137    0.640282    0.855769    0.898305    0.545455    0.600204    0.481481    0.529655    4800        522.448980  0.053412    0.912528    0.342327    3.065072   
/home/s21_yhr/miniconda3/envs/GGA/lib/python3.11/site-packages/torchvision/models/_utils.py:208: UserWarning: The parameter 'pretrained' is deprecated since 0.13 and may be removed in the future, please use 'weights' instead.
  warnings.warn(
/home/s21_yhr/miniconda3/envs/GGA/lib/python3.11/site-packages/torchvision/models/_utils.py:223: UserWarning: Arguments other than a weight enum or `None` for 'weights' are deprecated since 0.13 and may be removed in the future. The current behavior is equivalent to passing `weights=ResNet50_Weights.IMAGENET1K_V1`. You can also use `weights=ResNet50_Weights.DEFAULT` to get the most up-to-date weights.
  warnings.warn(msg)
[36mINFO[0m 08/02 01:00:33 | 0.568182    0.537037    0.000000    0.726488    0.627038    0.756888    1.918777    0.537931    0.616438    0.602665    0.836538    0.911111    0.568182    0.627038    0.537037    0.537931    4900        533.333333  0.043898    0.906586    0.344836    3.065072   
/home/s21_yhr/miniconda3/envs/GGA/lib/python3.11/site-packages/torchvision/models/_utils.py:208: UserWarning: The parameter 'pretrained' is deprecated since 0.13 and may be removed in the future, please use 'weights' instead.
  warnings.warn(
/home/s21_yhr/miniconda3/envs/GGA/lib/python3.11/site-packages/torchvision/models/_utils.py:223: UserWarning: Arguments other than a weight enum or `None` for 'weights' are deprecated since 0.13 and may be removed in the future. The current behavior is equivalent to passing `weights=ResNet50_Weights.IMAGENET1K_V1`. You can also use `weights=ResNet50_Weights.DEFAULT` to get the most up-to-date weights.
  warnings.warn(msg)
[36mINFO[0m 08/02 01:02:03 | 0.600000    0.555556    0.000000    0.766992    0.626019    0.770338    1.750113    0.533793    0.630137    0.626176    0.903846    0.914501    0.600000    0.626019    0.555556    0.533793    5000        544.217687  0.061930    0.899879    0.342162    3.065072   
[36mINFO[0m 08/02 01:02:03 | ---
[36mINFO[0m 08/02 01:02:03 | oracle = 59.545%
[36mINFO[0m 08/02 01:02:03 | iid = 60.000%
[36mINFO[0m 08/02 01:02:03 | last = 60.000%
[36mINFO[0m 08/02 01:02:03 | last (inD) = 76.699%
[36mINFO[0m 08/02 01:02:03 | iid (inD) = 76.699%
[36mINFO[0m 08/02 01:02:04 | === Summary ===
[36mINFO[0m 08/02 01:02:04 | Command: /home/s21_yhr/lzh/DomainBed-new/train_all.py HTP_Fish_seed2 --dataset HTP --data_dir /home/s21_yhr/lzh/DomainBed-new/dataset --algorithm Fish --steps 5000 --checkpoint_freq 100 --batch_size 32 --optimizer adam --lr 5e-5 --weight_decay 0 --resnet_dropout 0 --resnet18 False --pretrained True --freeze_bn True --swad False --seed 2 --trial_seed 2 --deterministic --prebuild_loader --cache_size 640 --meta_lr 0.5
[36mINFO[0m 08/02 01:02:04 | Unique name: 260801_21-53-05_HTP_Fish_seed2
[36mINFO[0m 08/02 01:02:04 | Out path: train_output/HTP/260801_21-53-05_HTP_Fish_seed2
[36mINFO[0m 08/02 01:02:04 | Algorithm: Fish
[36mINFO[0m 08/02 01:02:04 | Dataset: HTP
+------------+---------+---------+---------+---------+
| Selection  |    00   |    01   |    02   |   Avg.  |
+------------+---------+---------+---------+---------+
|   oracle   | 55.442% | 63.962% | 59.545% | 59.650% |
|    iid     | 55.782% | 53.222% | 60.000% | 56.335% |
|    last    | 54.762% | 49.642% | 60.000% | 54.801% |
| last (inD) | 69.640% | 55.416% | 76.699% | 67.252% |
| iid (inD)  | 71.492% | 62.709% | 76.699% | 70.300% |
+------------+---------+---------+---------+---------+
================================================================================
Starting Fish, seed=3, physical GPU=2
/home/s21_yhr/miniconda3/envs/GGA/bin/python /home/s21_yhr/lzh/DomainBed-new/train_all.py HTP_Fish_seed3 --dataset HTP --data_dir /home/s21_yhr/lzh/DomainBed-new/dataset --algorithm Fish --steps 5000 --checkpoint_freq 100 --batch_size 32 --optimizer adam --lr 5e-5 --weight_decay 0 --resnet_dropout 0 --resnet18 False --pretrained True --freeze_bn True --swad False --seed 3 --trial_seed 3 --deterministic --prebuild_loader --cache_size 640 --meta_lr 0.5
================================================================================
[36mINFO[0m 08/02 01:02:09 | Command :: /home/s21_yhr/lzh/DomainBed-new/train_all.py HTP_Fish_seed3 --dataset HTP --data_dir /home/s21_yhr/lzh/DomainBed-new/dataset --algorithm Fish --steps 5000 --checkpoint_freq 100 --batch_size 32 --optimizer adam --lr 5e-5 --weight_decay 0 --resnet_dropout 0 --resnet18 False --pretrained True --freeze_bn True --swad False --seed 3 --trial_seed 3 --deterministic --prebuild_loader --cache_size 640 --meta_lr 0.5
Environment:
	Python: 3.11.15
	PyTorch: 2.11.0+cu128
	Torchvision: 0.26.0+cu128
	CUDA: 12.8
	CUDNN: 91900
	NumPy: 1.26.4
	PIL: 12.2.0
Args:
	algorithm: Fish
	batch_size: 32
	cache_root: cache
	cache_size: 640
	checkpoint_freq: 100
	configs: []
	data_dir: /home/s21_yhr/lzh/DomainBed-new/dataset
	dataset: HTP
	debug: False
	deterministic: True
	end_step: 200
	evalmode: fast
	extra_search: n
	extra_search_end: None
	extra_search_start: None
	gga_l_gamma: 0.001
	grad_fn: sum
	holdout_fraction: 0.2
	model_save: None
	name: HTP_Fish_seed3
	neighborhoodSize: 1e-06
	out_dir: train_output/HTP/260802_01-02-09_HTP_Fish_seed3
	out_root: train_output/HTP
	prebuild_loader: True
	seed: 3
	show: False
	start_step: 100
	steps: 5000
	tb_freq: 10
	test_envs: None
	train_output: train_output
	trial_seed: 3
	unique_name: 260802_01-02-09_HTP_Fish_seed3
	work_dir: .
HParams:
	data_augmentation: True
	val_augment: False
	[36mresnet18: False
	[0m[36mresnet_dropout: 0
	[0mclass_balanced: False
	[36moptimizer: adam
	[0m[36mfreeze_bn: True
	[0m[36mpretrained: True
	[0m[36mlr: 5e-05
	[0mbatch_size: 32
	[36mweight_decay: 0
	[0m[36mmeta_lr: 0.5
	[0m[36mswad: False
	[0mswad_kwargs: 
	  n_converge: 3
	  n_tolerance: 6
	  tolerance_ratio: 0.3
	test_batchsize: 128
	indomain_test: False
	grad_fn: sum
	extra_search: n
	logdir: train_output/HTP/260802_01-02-09_HTP_Fish_seed3
	neighborhoodSize: 1e-06
	start_step: 100
	end_step: 200
	extra_search_start: None
	extra_search_end: None
	gga_l_gamma: 0.001
Dataset:
	[HTP] #envs=3, #classes=2
	env0: 00 (#367)
	env1: 01 (#523)
	env2: 02 (#274)

[36mINFO[0m 08/02 01:02:09 | n_steps = 5000
[36mINFO[0m 08/02 01:02:09 | checkpoint_freq = 100
[36mINFO[0m 08/02 01:02:09 | n_steps is updated to 5000 => 5001 for checkpointing
[36mINFO[0m 08/02 01:02:09 | Target test envs = [[0], [1], [2]]
[36mINFO[0m 08/02 01:02:09 | 
[36mINFO[0m 08/02 01:02:09 | Testenv name escaping te_00 -> te_00
[36mINFO[0m 08/02 01:02:09 | Test envs = [0], name = te_00
[36mINFO[0m 08/02 01:02:09 | Batch sizes for each domain: [0, 32, 32] (total=64)
[36mINFO[0m 08/02 01:02:09 | steps-per-epoch for each domain: 13.09, 6.88 -> min = 6.88
/home/s21_yhr/miniconda3/envs/GGA/lib/python3.11/site-packages/torchvision/models/_utils.py:208: UserWarning: The parameter 'pretrained' is deprecated since 0.13 and may be removed in the future, please use 'weights' instead.
  warnings.warn(
/home/s21_yhr/miniconda3/envs/GGA/lib/python3.11/site-packages/torchvision/models/_utils.py:223: UserWarning: Arguments other than a weight enum or `None` for 'weights' are deprecated since 0.13 and may be removed in the future. The current behavior is equivalent to passing `weights=ResNet50_Weights.IMAGENET1K_V1`. You can also use `weights=ResNet50_Weights.DEFAULT` to get the most up-to-date weights.
  warnings.warn(msg)
[36mINFO[0m 08/02 01:02:12 | # of params = 23512130
[36mINFO[0m 08/02 01:02:14 | test_in     test_out    train_in    train_out   test_in_au  test_out_a  train_out_  tr_outloss  env0_in     env0_in_au  env0_out    env0_out_a  env1_out    env1_out_a  env2_out    env2_out_a  step        epoch       loss        step_time   eval_time   mem_gb     
[36mINFO[0m 08/02 01:02:14 | 0.571429    0.589041    0.000000    0.537393    0.431595    0.494574    0.625833    0.741598    0.571429    0.431595    0.589041    0.494574    0.519231    0.671111    0.555556    0.580556    0           0.000000    0.589511    1.601406    0.600599    3.062448   
/home/s21_yhr/miniconda3/envs/GGA/lib/python3.11/site-packages/torchvision/models/_utils.py:208: UserWarning: The parameter 'pretrained' is deprecated since 0.13 and may be removed in the future, please use 'weights' instead.
  warnings.warn(
/home/s21_yhr/miniconda3/envs/GGA/lib/python3.11/site-packages/torchvision/models/_utils.py:223: UserWarning: Arguments other than a weight enum or `None` for 'weights' are deprecated since 0.13 and may be removed in the future. The current behavior is equivalent to passing `weights=ResNet50_Weights.IMAGENET1K_V1`. You can also use `weights=ResNet50_Weights.DEFAULT` to get the most up-to-date weights.
  warnings.warn(msg)
[36mINFO[0m 08/02 01:03:44 | 0.520408    0.602740    0.000000    0.743412    0.487623    0.590698    0.808657    0.548369    0.520408    0.487623    0.602740    0.590698    0.894231    0.943704    0.592593    0.673611    100         14.545455   0.574728    0.894128    0.389802    3.068185   
/home/s21_yhr/miniconda3/envs/GGA/lib/python3.11/site-packages/torchvision/models/_utils.py:208: UserWarning: The parameter 'pretrained' is deprecated since 0.13 and may be removed in the future, please use 'weights' instead.
  warnings.warn(
/home/s21_yhr/miniconda3/envs/GGA/lib/python3.11/site-packages/torchvision/models/_utils.py:223: UserWarning: Arguments other than a weight enum or `None` for 'weights' are deprecated since 0.13 and may be removed in the future. The current behavior is equivalent to passing `weights=ResNet50_Weights.IMAGENET1K_V1`. You can also use `weights=ResNet50_Weights.DEFAULT` to get the most up-to-date weights.
  warnings.warn(msg)
[36mINFO[0m 08/02 01:05:14 | 0.534014    0.602740    0.000000    0.766382    0.517432    0.637984    0.800370    0.908728    0.534014    0.517432    0.602740    0.637984    0.884615    0.934074    0.648148    0.666667    200         29.090909   0.288107    0.892919    0.394408    3.068185   
/home/s21_yhr/miniconda3/envs/GGA/lib/python3.11/site-packages/torchvision/models/_utils.py:208: UserWarning: The parameter 'pretrained' is deprecated since 0.13 and may be removed in the future, please use 'weights' instead.
  warnings.warn(
/home/s21_yhr/miniconda3/envs/GGA/lib/python3.11/site-packages/torchvision/models/_utils.py:223: UserWarning: Arguments other than a weight enum or `None` for 'weights' are deprecated since 0.13 and may be removed in the future. The current behavior is equivalent to passing `weights=ResNet50_Weights.IMAGENET1K_V1`. You can also use `weights=ResNet50_Weights.DEFAULT` to get the most up-to-date weights.
  warnings.warn(msg)
[36mINFO[0m 08/02 01:06:43 | 0.530612    0.630137    0.000000    0.728989    0.511716    0.655814    0.796806    0.566726    0.530612    0.511716    0.630137    0.655814    0.865385    0.936667    0.592593    0.656944    300         43.636364   0.189334    0.887451    0.397185    3.068185   
/home/s21_yhr/miniconda3/envs/GGA/lib/python3.11/site-packages/torchvision/models/_utils.py:208: UserWarning: The parameter 'pretrained' is deprecated since 0.13 and may be removed in the future, please use 'weights' instead.
  warnings.warn(
/home/s21_yhr/miniconda3/envs/GGA/lib/python3.11/site-packages/torchvision/models/_utils.py:223: UserWarning: Arguments other than a weight enum or `None` for 'weights' are deprecated since 0.13 and may be removed in the future. The current behavior is equivalent to passing `weights=ResNet50_Weights.IMAGENET1K_V1`. You can also use `weights=ResNet50_Weights.DEFAULT` to get the most up-to-date weights.
  warnings.warn(msg)
[36mINFO[0m 08/02 01:08:12 | 0.537415    0.657534    0.000000    0.738604    0.540438    0.725581    0.803611    1.012346    0.537415    0.540438    0.657534    0.725581    0.884615    0.937778    0.592593    0.669444    400         58.181818   0.167930    0.889981    0.389713    3.068795   
/home/s21_yhr/miniconda3/envs/GGA/lib/python3.11/site-packages/torchvision/models/_utils.py:208: UserWarning: The parameter 'pretrained' is deprecated since 0.13 and may be removed in the future, please use 'weights' instead.
  warnings.warn(
/home/s21_yhr/miniconda3/envs/GGA/lib/python3.11/site-packages/torchvision/models/_utils.py:223: UserWarning: Arguments other than a weight enum or `None` for 'weights' are deprecated since 0.13 and may be removed in the future. The current behavior is equivalent to passing `weights=ResNet50_Weights.IMAGENET1K_V1`. You can also use `weights=ResNet50_Weights.DEFAULT` to get the most up-to-date weights.
  warnings.warn(msg)
[36mINFO[0m 08/02 01:09:42 | 0.547619    0.671233    0.000000    0.661681    0.517101    0.717054    0.782083    1.269560    0.547619    0.517101    0.671233    0.717054    0.730769    0.898889    0.592593    0.665278    500         72.727273   0.134223    0.891293    0.388376    3.068795   
/home/s21_yhr/miniconda3/envs/GGA/lib/python3.11/site-packages/torchvision/models/_utils.py:208: UserWarning: The parameter 'pretrained' is deprecated since 0.13 and may be removed in the future, please use 'weights' instead.
  warnings.warn(
/home/s21_yhr/miniconda3/envs/GGA/lib/python3.11/site-packages/torchvision/models/_utils.py:223: UserWarning: Arguments other than a weight enum or `None` for 'weights' are deprecated since 0.13 and may be removed in the future. The current behavior is equivalent to passing `weights=ResNet50_Weights.IMAGENET1K_V1`. You can also use `weights=ResNet50_Weights.DEFAULT` to get the most up-to-date weights.
  warnings.warn(msg)
[36mINFO[0m 08/02 01:11:11 | 0.506803    0.684932    0.000000    0.729345    0.526408    0.702326    0.805972    1.270227    0.506803    0.526408    0.684932    0.702326    0.884615    0.930000    0.574074    0.681944    600         87.272727   0.111474    0.887782    0.395217    3.068795   
/home/s21_yhr/miniconda3/envs/GGA/lib/python3.11/site-packages/torchvision/models/_utils.py:208: UserWarning: The parameter 'pretrained' is deprecated since 0.13 and may be removed in the future, please use 'weights' instead.
  warnings.warn(
/home/s21_yhr/miniconda3/envs/GGA/lib/python3.11/site-packages/torchvision/models/_utils.py:223: UserWarning: Arguments other than a weight enum or `None` for 'weights' are deprecated since 0.13 and may be removed in the future. The current behavior is equivalent to passing `weights=ResNet50_Weights.IMAGENET1K_V1`. You can also use `weights=ResNet50_Weights.DEFAULT` to get the most up-to-date weights.
  warnings.warn(msg)
[36mINFO[0m 08/02 01:12:40 | 0.534014    0.684932    0.000000    0.738248    0.523432    0.737984    0.790972    1.466204    0.534014    0.523432    0.684932    0.737984    0.865385    0.922222    0.611111    0.659722    700         101.818182  0.119119    0.889345    0.392301    3.068795   
/home/s21_yhr/miniconda3/envs/GGA/lib/python3.11/site-packages/torchvision/models/_utils.py:208: UserWarning: The parameter 'pretrained' is deprecated since 0.13 and may be removed in the future, please use 'weights' instead.
  warnings.warn(
/home/s21_yhr/miniconda3/envs/GGA/lib/python3.11/site-packages/torchvision/models/_utils.py:223: UserWarning: Arguments other than a weight enum or `None` for 'weights' are deprecated since 0.13 and may be removed in the future. The current behavior is equivalent to passing `weights=ResNet50_Weights.IMAGENET1K_V1`. You can also use `weights=ResNet50_Weights.DEFAULT` to get the most up-to-date weights.
  warnings.warn(msg)
[36mINFO[0m 08/02 01:14:10 | 0.574830    0.616438    0.000000    0.685363    0.540202    0.714729    0.797176    2.133306    0.574830    0.540202    0.616438    0.714729    0.759615    0.931852    0.611111    0.662500    800         116.363636  0.104076    0.892175    0.379534    3.068978   
/home/s21_yhr/miniconda3/envs/GGA/lib/python3.11/site-packages/torchvision/models/_utils.py:208: UserWarning: The parameter 'pretrained' is deprecated since 0.13 and may be removed in the future, please use 'weights' instead.
  warnings.warn(
/home/s21_yhr/miniconda3/envs/GGA/lib/python3.11/site-packages/torchvision/models/_utils.py:223: UserWarning: Arguments other than a weight enum or `None` for 'weights' are deprecated since 0.13 and may be removed in the future. The current behavior is equivalent to passing `weights=ResNet50_Weights.IMAGENET1K_V1`. You can also use `weights=ResNet50_Weights.DEFAULT` to get the most up-to-date weights.
  warnings.warn(msg)
[36mINFO[0m 08/02 01:15:39 | 0.530612    0.657534    0.000000    0.685363    0.524329    0.655039    0.796389    1.755318    0.530612    0.524329    0.657534    0.655039    0.759615    0.906667    0.611111    0.686111    900         130.909091  0.106174    0.890038    0.388663    3.069100   
/home/s21_yhr/miniconda3/envs/GGA/lib/python3.11/site-packages/torchvision/models/_utils.py:208: UserWarning: The parameter 'pretrained' is deprecated since 0.13 and may be removed in the future, please use 'weights' instead.
  warnings.warn(
/home/s21_yhr/miniconda3/envs/GGA/lib/python3.11/site-packages/torchvision/models/_utils.py:223: UserWarning: Arguments other than a weight enum or `None` for 'weights' are deprecated since 0.13 and may be removed in the future. The current behavior is equivalent to passing `weights=ResNet50_Weights.IMAGENET1K_V1`. You can also use `weights=ResNet50_Weights.DEFAULT` to get the most up-to-date weights.
  warnings.warn(msg)
[36mINFO[0m 08/02 01:17:08 | 0.537415    0.643836    0.000000    0.652422    0.500378    0.675194    0.773981    1.948745    0.537415    0.500378    0.643836    0.675194    0.730769    0.906296    0.574074    0.641667    1000        145.454545  0.099027    0.889232    0.392582    3.069100   
/home/s21_yhr/miniconda3/envs/GGA/lib/python3.11/site-packages/torchvision/models/_utils.py:208: UserWarning: The parameter 'pretrained' is deprecated since 0.13 and may be removed in the future, please use 'weights' instead.
  warnings.warn(
/home/s21_yhr/miniconda3/envs/GGA/lib/python3.11/site-packages/torchvision/models/_utils.py:223: UserWarning: Arguments other than a weight enum or `None` for 'weights' are deprecated since 0.13 and may be removed in the future. The current behavior is equivalent to passing `weights=ResNet50_Weights.IMAGENET1K_V1`. You can also use `weights=ResNet50_Weights.DEFAULT` to get the most up-to-date weights.
  warnings.warn(msg)
[36mINFO[0m 08/02 01:18:39 | 0.513605    0.561644    0.000000    0.709402    0.508433    0.657364    0.782894    2.036448    0.513605    0.508433    0.561644    0.657364    0.807692    0.916481    0.611111    0.649306    1100        160.000000  0.085201    0.897369    0.385765    3.069100   
/home/s21_yhr/miniconda3/envs/GGA/lib/python3.11/site-packages/torchvision/models/_utils.py:208: UserWarning: The parameter 'pretrained' is deprecated since 0.13 and may be removed in the future, please use 'weights' instead.
  warnings.warn(
/home/s21_yhr/miniconda3/envs/GGA/lib/python3.11/site-packages/torchvision/models/_utils.py:223: UserWarning: Arguments other than a weight enum or `None` for 'weights' are deprecated since 0.13 and may be removed in the future. The current behavior is equivalent to passing `weights=ResNet50_Weights.IMAGENET1K_V1`. You can also use `weights=ResNet50_Weights.DEFAULT` to get the most up-to-date weights.
  warnings.warn(msg)
[36mINFO[0m 08/02 01:20:08 | 0.513605    0.643836    0.000000    0.724537    0.523928    0.700775    0.780532    1.566539    0.513605    0.523928    0.643836    0.700775    0.875000    0.915926    0.574074    0.645139    1200        174.545455  0.085008    0.893741    0.377779    3.069100   
/home/s21_yhr/miniconda3/envs/GGA/lib/python3.11/site-packages/torchvision/models/_utils.py:208: UserWarning: The parameter 'pretrained' is deprecated since 0.13 and may be removed in the future, please use 'weights' instead.
  warnings.warn(
/home/s21_yhr/miniconda3/envs/GGA/lib/python3.11/site-packages/torchvision/models/_utils.py:223: UserWarning: Arguments other than a weight enum or `None` for 'weights' are deprecated since 0.13 and may be removed in the future. The current behavior is equivalent to passing `weights=ResNet50_Weights.IMAGENET1K_V1`. You can also use `weights=ResNet50_Weights.DEFAULT` to get the most up-to-date weights.
  warnings.warn(msg)
[36mINFO[0m 08/02 01:21:38 | 0.540816    0.616438    0.000000    0.723825    0.486584    0.627132    0.784630    1.567591    0.540816    0.486584    0.616438    0.627132    0.836538    0.919259    0.611111    0.650000    1300        189.090909  0.070877    0.892505    0.387651    3.069100   
/home/s21_yhr/miniconda3/envs/GGA/lib/python3.11/site-packages/torchvision/models/_utils.py:208: UserWarning: The parameter 'pretrained' is deprecated since 0.13 and may be removed in the future, please use 'weights' instead.
  warnings.warn(
/home/s21_yhr/miniconda3/envs/GGA/lib/python3.11/site-packages/torchvision/models/_utils.py:223: UserWarning: Arguments other than a weight enum or `None` for 'weights' are deprecated since 0.13 and may be removed in the future. The current behavior is equivalent to passing `weights=ResNet50_Weights.IMAGENET1K_V1`. You can also use `weights=ResNet50_Weights.DEFAULT` to get the most up-to-date weights.
  warnings.warn(msg)
[36mINFO[0m 08/02 01:23:08 | 0.557823    0.630137    0.000000    0.729345    0.521684    0.631783    0.763472    2.238988    0.557823    0.521684    0.630137    0.631783    0.884615    0.908889    0.574074    0.618056    1400        203.636364  0.070142    0.895774    0.392490    3.070809   
/home/s21_yhr/miniconda3/envs/GGA/lib/python3.11/site-packages/torchvision/models/_utils.py:208: UserWarning: The parameter 'pretrained' is deprecated since 0.13 and may be removed in the future, please use 'weights' instead.
  warnings.warn(
/home/s21_yhr/miniconda3/envs/GGA/lib/python3.11/site-packages/torchvision/models/_utils.py:223: UserWarning: Arguments other than a weight enum or `None` for 'weights' are deprecated since 0.13 and may be removed in the future. The current behavior is equivalent to passing `weights=ResNet50_Weights.IMAGENET1K_V1`. You can also use `weights=ResNet50_Weights.DEFAULT` to get the most up-to-date weights.
  warnings.warn(msg)
[36mINFO[0m 08/02 01:24:38 | 0.544218    0.575342    0.000000    0.705306    0.508929    0.654264    0.779560    1.915808    0.544218    0.508929    0.575342    0.654264    0.836538    0.909815    0.574074    0.649306    1500        218.181818  0.073713    0.894629    0.385253    3.070809   
/home/s21_yhr/miniconda3/envs/GGA/lib/python3.11/site-packages/torchvision/models/_utils.py:208: UserWarning: The parameter 'pretrained' is deprecated since 0.13 and may be removed in the future, please use 'weights' instead.
  warnings.warn(
/home/s21_yhr/miniconda3/envs/GGA/lib/python3.11/site-packages/torchvision/models/_utils.py:223: UserWarning: Arguments other than a weight enum or `None` for 'weights' are deprecated since 0.13 and may be removed in the future. The current behavior is equivalent to passing `weights=ResNet50_Weights.IMAGENET1K_V1`. You can also use `weights=ResNet50_Weights.DEFAULT` to get the most up-to-date weights.
  warnings.warn(msg)
[36mINFO[0m 08/02 01:26:08 | 0.568027    0.643836    0.000000    0.705306    0.528581    0.682946    0.786852    1.119249    0.568027    0.528581    0.643836    0.682946    0.836538    0.923704    0.574074    0.650000    1600        232.727273  0.074225    0.900326    0.379047    3.070809   
/home/s21_yhr/miniconda3/envs/GGA/lib/python3.11/site-packages/torchvision/models/_utils.py:208: UserWarning: The parameter 'pretrained' is deprecated since 0.13 and may be removed in the future, please use 'weights' instead.
  warnings.warn(
/home/s21_yhr/miniconda3/envs/GGA/lib/python3.11/site-packages/torchvision/models/_utils.py:223: UserWarning: Arguments other than a weight enum or `None` for 'weights' are deprecated since 0.13 and may be removed in the future. The current behavior is equivalent to passing `weights=ResNet50_Weights.IMAGENET1K_V1`. You can also use `weights=ResNet50_Weights.DEFAULT` to get the most up-to-date weights.
  warnings.warn(msg)
[36mINFO[0m 08/02 01:27:38 | 0.537415    0.616438    0.000000    0.714209    0.490032    0.634884    0.775602    1.847955    0.537415    0.490032    0.616438    0.634884    0.817308    0.908148    0.611111    0.643056    1700        247.272727  0.081833    0.894317    0.386590    3.070809   
/home/s21_yhr/miniconda3/envs/GGA/lib/python3.11/site-packages/torchvision/models/_utils.py:208: UserWarning: The parameter 'pretrained' is deprecated since 0.13 and may be removed in the future, please use 'weights' instead.
  warnings.warn(
/home/s21_yhr/miniconda3/envs/GGA/lib/python3.11/site-packages/torchvision/models/_utils.py:223: UserWarning: Arguments other than a weight enum or `None` for 'weights' are deprecated since 0.13 and may be removed in the future. The current behavior is equivalent to passing `weights=ResNet50_Weights.IMAGENET1K_V1`. You can also use `weights=ResNet50_Weights.DEFAULT` to get the most up-to-date weights.
  warnings.warn(msg)
[36mINFO[0m 08/02 01:29:08 | 0.554422    0.616438    0.000000    0.709758    0.508007    0.631783    0.777824    2.009735    0.554422    0.508007    0.616438    0.631783    0.826923    0.909815    0.592593    0.645833    1800        261.818182  0.072141    0.890397    0.384241    3.070809   
/home/s21_yhr/miniconda3/envs/GGA/lib/python3.11/site-packages/torchvision/models/_utils.py:208: UserWarning: The parameter 'pretrained' is deprecated since 0.13 and may be removed in the future, please use 'weights' instead.
  warnings.warn(
/home/s21_yhr/miniconda3/envs/GGA/lib/python3.11/site-packages/torchvision/models/_utils.py:223: UserWarning: Arguments other than a weight enum or `None` for 'weights' are deprecated since 0.13 and may be removed in the future. The current behavior is equivalent to passing `weights=ResNet50_Weights.IMAGENET1K_V1`. You can also use `weights=ResNet50_Weights.DEFAULT` to get the most up-to-date weights.
  warnings.warn(msg)
[36mINFO[0m 08/02 01:30:37 | 0.520408    0.589041    0.000000    0.667557    0.501252    0.640310    0.783704    1.709978    0.520408    0.501252    0.589041    0.640310    0.798077    0.906296    0.537037    0.661111    1900        276.363636  0.064241    0.889017    0.387049    3.070809   
/home/s21_yhr/miniconda3/envs/GGA/lib/python3.11/site-packages/torchvision/models/_utils.py:208: UserWarning: The parameter 'pretrained' is deprecated since 0.13 and may be removed in the future, please use 'weights' instead.
  warnings.warn(
/home/s21_yhr/miniconda3/envs/GGA/lib/python3.11/site-packages/torchvision/models/_utils.py:223: UserWarning: Arguments other than a weight enum or `None` for 'weights' are deprecated since 0.13 and may be removed in the future. The current behavior is equivalent to passing `weights=ResNet50_Weights.IMAGENET1K_V1`. You can also use `weights=ResNet50_Weights.DEFAULT` to get the most up-to-date weights.
  warnings.warn(msg)
[36mINFO[0m 08/02 01:32:07 | 0.534014    0.616438    0.000000    0.700142    0.502149    0.635659    0.794815    2.300574    0.534014    0.502149    0.616438    0.635659    0.807692    0.922963    0.592593    0.666667    2000        290.909091  0.068479    0.895057    0.378208    3.070809   
/home/s21_yhr/miniconda3/envs/GGA/lib/python3.11/site-packages/torchvision/models/_utils.py:208: UserWarning: The parameter 'pretrained' is deprecated since 0.13 and may be removed in the future, please use 'weights' instead.
  warnings.warn(
/home/s21_yhr/miniconda3/envs/GGA/lib/python3.11/site-packages/torchvision/models/_utils.py:223: UserWarning: Arguments other than a weight enum or `None` for 'weights' are deprecated since 0.13 and may be removed in the future. The current behavior is equivalent to passing `weights=ResNet50_Weights.IMAGENET1K_V1`. You can also use `weights=ResNet50_Weights.DEFAULT` to get the most up-to-date weights.
  warnings.warn(msg)
[36mINFO[0m 08/02 01:33:46 | 0.530612    0.630137    0.000000    0.705662    0.505385    0.656589    0.772847    1.853393    0.530612    0.505385    0.630137    0.656589    0.855769    0.906111    0.555556    0.639583    2100        305.454545  0.067854    0.993195    0.403541    3.070809   
/home/s21_yhr/miniconda3/envs/GGA/lib/python3.11/site-packages/torchvision/models/_utils.py:208: UserWarning: The parameter 'pretrained' is deprecated since 0.13 and may be removed in the future, please use 'weights' instead.
  warnings.warn(
/home/s21_yhr/miniconda3/envs/GGA/lib/python3.11/site-packages/torchvision/models/_utils.py:223: UserWarning: Arguments other than a weight enum or `None` for 'weights' are deprecated since 0.13 and may be removed in the future. The current behavior is equivalent to passing `weights=ResNet50_Weights.IMAGENET1K_V1`. You can also use `weights=ResNet50_Weights.DEFAULT` to get the most up-to-date weights.
  warnings.warn(msg)
[36mINFO[0m 08/02 01:35:27 | 0.544218    0.616438    0.000000    0.710114    0.505787    0.680620    0.789028    2.848641    0.544218    0.505787    0.616438    0.680620    0.846154    0.918333    0.574074    0.659722    2200        320.000000  0.064983    1.002257    0.410036    3.070809   
/home/s21_yhr/miniconda3/envs/GGA/lib/python3.11/site-packages/torchvision/models/_utils.py:208: UserWarning: The parameter 'pretrained' is deprecated since 0.13 and may be removed in the future, please use 'weights' instead.
  warnings.warn(
/home/s21_yhr/miniconda3/envs/GGA/lib/python3.11/site-packages/torchvision/models/_utils.py:223: UserWarning: Arguments other than a weight enum or `None` for 'weights' are deprecated since 0.13 and may be removed in the future. The current behavior is equivalent to passing `weights=ResNet50_Weights.IMAGENET1K_V1`. You can also use `weights=ResNet50_Weights.DEFAULT` to get the most up-to-date weights.
  warnings.warn(msg)
[36mINFO[0m 08/02 01:37:07 | 0.520408    0.671233    0.000000    0.709758    0.508692    0.686047    0.788472    2.181614    0.520408    0.508692    0.671233    0.686047    0.826923    0.903333    0.592593    0.673611    2300        334.545455  0.064744    0.997538    0.406824    3.070809   
/home/s21_yhr/miniconda3/envs/GGA/lib/python3.11/site-packages/torchvision/models/_utils.py:208: UserWarning: The parameter 'pretrained' is deprecated since 0.13 and may be removed in the future, please use 'weights' instead.
  warnings.warn(
/home/s21_yhr/miniconda3/envs/GGA/lib/python3.11/site-packages/torchvision/models/_utils.py:223: UserWarning: Arguments other than a weight enum or `None` for 'weights' are deprecated since 0.13 and may be removed in the future. The current behavior is equivalent to passing `weights=ResNet50_Weights.IMAGENET1K_V1`. You can also use `weights=ResNet50_Weights.DEFAULT` to get the most up-to-date weights.
  warnings.warn(msg)
[36mINFO[0m 08/02 01:38:46 | 0.537415    0.616438    0.000000    0.638355    0.502268    0.653488    0.765509    2.513742    0.537415    0.502268    0.616438    0.653488    0.721154    0.901852    0.555556    0.629167    2400        349.090909  0.064313    0.986226    0.423481    3.070809   
/home/s21_yhr/miniconda3/envs/GGA/lib/python3.11/site-packages/torchvision/models/_utils.py:208: UserWarning: The parameter 'pretrained' is deprecated since 0.13 and may be removed in the future, please use 'weights' instead.
  warnings.warn(
/home/s21_yhr/miniconda3/envs/GGA/lib/python3.11/site-packages/torchvision/models/_utils.py:223: UserWarning: Arguments other than a weight enum or `None` for 'weights' are deprecated since 0.13 and may be removed in the future. The current behavior is equivalent to passing `weights=ResNet50_Weights.IMAGENET1K_V1`. You can also use `weights=ResNet50_Weights.DEFAULT` to get the most up-to-date weights.
  warnings.warn(msg)
[36mINFO[0m 08/02 01:40:26 | 0.544218    0.630137    0.000000    0.667201    0.508078    0.663566    0.774306    1.800596    0.544218    0.508078    0.630137    0.663566    0.778846    0.911111    0.555556    0.637500    2500        363.636364  0.059196    0.990750    0.428739    3.070809   
/home/s21_yhr/miniconda3/envs/GGA/lib/python3.11/site-packages/torchvision/models/_utils.py:208: UserWarning: The parameter 'pretrained' is deprecated since 0.13 and may be removed in the future, please use 'weights' instead.
  warnings.warn(
/home/s21_yhr/miniconda3/envs/GGA/lib/python3.11/site-packages/torchvision/models/_utils.py:223: UserWarning: Arguments other than a weight enum or `None` for 'weights' are deprecated since 0.13 and may be removed in the future. The current behavior is equivalent to passing `weights=ResNet50_Weights.IMAGENET1K_V1`. You can also use `weights=ResNet50_Weights.DEFAULT` to get the most up-to-date weights.
  warnings.warn(msg)
[36mINFO[0m 08/02 01:42:03 | 0.496599    0.643836    0.000000    0.734152    0.507748    0.658915    0.781458    1.600850    0.496599    0.507748    0.643836    0.658915    0.894231    0.915000    0.574074    0.647917    2600        378.181818  0.060159    0.970152    0.392027    3.070809   
/home/s21_yhr/miniconda3/envs/GGA/lib/python3.11/site-packages/torchvision/models/_utils.py:208: UserWarning: The parameter 'pretrained' is deprecated since 0.13 and may be removed in the future, please use 'weights' instead.
  warnings.warn(
/home/s21_yhr/miniconda3/envs/GGA/lib/python3.11/site-packages/torchvision/models/_utils.py:223: UserWarning: Arguments other than a weight enum or `None` for 'weights' are deprecated since 0.13 and may be removed in the future. The current behavior is equivalent to passing `weights=ResNet50_Weights.IMAGENET1K_V1`. You can also use `weights=ResNet50_Weights.DEFAULT` to get the most up-to-date weights.
  warnings.warn(msg)
[36mINFO[0m 08/02 01:43:34 | 0.523810    0.643836    0.000000    0.709758    0.506992    0.700000    0.778843    2.105494    0.523810    0.506992    0.643836    0.700000    0.826923    0.922963    0.592593    0.634722    2700        392.727273  0.064061    0.904993    0.394229    3.070809   
/home/s21_yhr/miniconda3/envs/GGA/lib/python3.11/site-packages/torchvision/models/_utils.py:208: UserWarning: The parameter 'pretrained' is deprecated since 0.13 and may be removed in the future, please use 'weights' instead.
  warnings.warn(
/home/s21_yhr/miniconda3/envs/GGA/lib/python3.11/site-packages/torchvision/models/_utils.py:223: UserWarning: Arguments other than a weight enum or `None` for 'weights' are deprecated since 0.13 and may be removed in the future. The current behavior is equivalent to passing `weights=ResNet50_Weights.IMAGENET1K_V1`. You can also use `weights=ResNet50_Weights.DEFAULT` to get the most up-to-date weights.
  warnings.warn(msg)
[36mINFO[0m 08/02 01:45:05 | 0.557823    0.657534    0.000000    0.719373    0.530659    0.694574    0.766875    1.953075    0.557823    0.530659    0.657534    0.694574    0.846154    0.917778    0.592593    0.615972    2800        407.272727  0.051901    0.901497    0.391984    3.070809   
/home/s21_yhr/miniconda3/envs/GGA/lib/python3.11/site-packages/torchvision/models/_utils.py:208: UserWarning: The parameter 'pretrained' is deprecated since 0.13 and may be removed in the future, please use 'weights' instead.
  warnings.warn(
/home/s21_yhr/miniconda3/envs/GGA/lib/python3.11/site-packages/torchvision/models/_utils.py:223: UserWarning: Arguments other than a weight enum or `None` for 'weights' are deprecated since 0.13 and may be removed in the future. The current behavior is equivalent to passing `weights=ResNet50_Weights.IMAGENET1K_V1`. You can also use `weights=ResNet50_Weights.DEFAULT` to get the most up-to-date weights.
  warnings.warn(msg)
[36mINFO[0m 08/02 01:46:34 | 0.561224    0.602740    0.000000    0.700499    0.521873    0.641860    0.766944    2.019361    0.561224    0.521873    0.602740    0.641860    0.826923    0.892222    0.574074    0.641667    2900        421.818182  0.063239    0.890746    0.386587    3.070809   
/home/s21_yhr/miniconda3/envs/GGA/lib/python3.11/site-packages/torchvision/models/_utils.py:208: UserWarning: The parameter 'pretrained' is deprecated since 0.13 and may be removed in the future, please use 'weights' instead.
  warnings.warn(
/home/s21_yhr/miniconda3/envs/GGA/lib/python3.11/site-packages/torchvision/models/_utils.py:223: UserWarning: Arguments other than a weight enum or `None` for 'weights' are deprecated since 0.13 and may be removed in the future. The current behavior is equivalent to passing `weights=ResNet50_Weights.IMAGENET1K_V1`. You can also use `weights=ResNet50_Weights.DEFAULT` to get the most up-to-date weights.
  warnings.warn(msg)
[36mINFO[0m 08/02 01:48:04 | 0.557823    0.684932    0.000000    0.700142    0.547666    0.707752    0.780278    1.780440    0.557823    0.547666    0.684932    0.707752    0.807692    0.896667    0.592593    0.663889    3000        436.363636  0.075823    0.892713    0.405494    3.070809   
/home/s21_yhr/miniconda3/envs/GGA/lib/python3.11/site-packages/torchvision/models/_utils.py:208: UserWarning: The parameter 'pretrained' is deprecated since 0.13 and may be removed in the future, please use 'weights' instead.
  warnings.warn(
/home/s21_yhr/miniconda3/envs/GGA/lib/python3.11/site-packages/torchvision/models/_utils.py:223: UserWarning: Arguments other than a weight enum or `None` for 'weights' are deprecated since 0.13 and may be removed in the future. The current behavior is equivalent to passing `weights=ResNet50_Weights.IMAGENET1K_V1`. You can also use `weights=ResNet50_Weights.DEFAULT` to get the most up-to-date weights.
  warnings.warn(msg)
[36mINFO[0m 08/02 01:49:34 | 0.544218    0.630137    0.000000    0.637999    0.534675    0.679070    0.806620    2.422093    0.544218    0.534675    0.630137    0.679070    0.701923    0.911852    0.574074    0.701389    3100        450.909091  0.051302    0.895209    0.392125    3.070809   
/home/s21_yhr/miniconda3/envs/GGA/lib/python3.11/site-packages/torchvision/models/_utils.py:208: UserWarning: The parameter 'pretrained' is deprecated since 0.13 and may be removed in the future, please use 'weights' instead.
  warnings.warn(
/home/s21_yhr/miniconda3/envs/GGA/lib/python3.11/site-packages/torchvision/models/_utils.py:223: UserWarning: Arguments other than a weight enum or `None` for 'weights' are deprecated since 0.13 and may be removed in the future. The current behavior is equivalent to passing `weights=ResNet50_Weights.IMAGENET1K_V1`. You can also use `weights=ResNet50_Weights.DEFAULT` to get the most up-to-date weights.
  warnings.warn(msg)
[36mINFO[0m 08/02 01:51:03 | 0.537415    0.602740    0.000000    0.710826    0.520172    0.691473    0.779884    2.708648    0.537415    0.520172    0.602740    0.691473    0.884615    0.920185    0.537037    0.639583    3200        465.454545  0.054992    0.892547    0.391780    3.070809   
/home/s21_yhr/miniconda3/envs/GGA/lib/python3.11/site-packages/torchvision/models/_utils.py:208: UserWarning: The parameter 'pretrained' is deprecated since 0.13 and may be removed in the future, please use 'weights' instead.
  warnings.warn(
/home/s21_yhr/miniconda3/envs/GGA/lib/python3.11/site-packages/torchvision/models/_utils.py:223: UserWarning: Arguments other than a weight enum or `None` for 'weights' are deprecated since 0.13 and may be removed in the future. The current behavior is equivalent to passing `weights=ResNet50_Weights.IMAGENET1K_V1`. You can also use `weights=ResNet50_Weights.DEFAULT` to get the most up-to-date weights.
  warnings.warn(msg)
[36mINFO[0m 08/02 01:52:33 | 0.523810    0.616438    0.000000    0.671296    0.476852    0.601550    0.777176    2.793849    0.523810    0.476852    0.616438    0.601550    0.750000    0.897407    0.592593    0.656944    3300        480.000000  0.045155    0.891565    0.400097    3.070809   
/home/s21_yhr/miniconda3/envs/GGA/lib/python3.11/site-packages/torchvision/models/_utils.py:208: UserWarning: The parameter 'pretrained' is deprecated since 0.13 and may be removed in the future, please use 'weights' instead.
  warnings.warn(
/home/s21_yhr/miniconda3/envs/GGA/lib/python3.11/site-packages/torchvision/models/_utils.py:223: UserWarning: Arguments other than a weight enum or `None` for 'weights' are deprecated since 0.13 and may be removed in the future. The current behavior is equivalent to passing `weights=ResNet50_Weights.IMAGENET1K_V1`. You can also use `weights=ResNet50_Weights.DEFAULT` to get the most up-to-date weights.
  warnings.warn(msg)
[36mINFO[0m 08/02 01:54:02 | 0.551020    0.616438    0.000000    0.728276    0.511810    0.666667    0.775648    2.425492    0.551020    0.511810    0.616438    0.666667    0.826923    0.909630    0.629630    0.641667    3400        494.545455  0.056230    0.890027    0.394736    3.070809   
/home/s21_yhr/miniconda3/envs/GGA/lib/python3.11/site-packages/torchvision/models/_utils.py:208: UserWarning: The parameter 'pretrained' is deprecated since 0.13 and may be removed in the future, please use 'weights' instead.
  warnings.warn(
/home/s21_yhr/miniconda3/envs/GGA/lib/python3.11/site-packages/torchvision/models/_utils.py:223: UserWarning: Arguments other than a weight enum or `None` for 'weights' are deprecated since 0.13 and may be removed in the future. The current behavior is equivalent to passing `weights=ResNet50_Weights.IMAGENET1K_V1`. You can also use `weights=ResNet50_Weights.DEFAULT` to get the most up-to-date weights.
  warnings.warn(msg)
[36mINFO[0m 08/02 01:55:32 | 0.540816    0.602740    0.000000    0.719729    0.506921    0.593023    0.783519    1.959947    0.540816    0.506921    0.602740    0.593023    0.865385    0.917037    0.574074    0.650000    3500        509.090909  0.044729    0.894058    0.390579    3.070809   
/home/s21_yhr/miniconda3/envs/GGA/lib/python3.11/site-packages/torchvision/models/_utils.py:208: UserWarning: The parameter 'pretrained' is deprecated since 0.13 and may be removed in the future, please use 'weights' instead.
  warnings.warn(
/home/s21_yhr/miniconda3/envs/GGA/lib/python3.11/site-packages/torchvision/models/_utils.py:223: UserWarning: Arguments other than a weight enum or `None` for 'weights' are deprecated since 0.13 and may be removed in the future. The current behavior is equivalent to passing `weights=ResNet50_Weights.IMAGENET1K_V1`. You can also use `weights=ResNet50_Weights.DEFAULT` to get the most up-to-date weights.
  warnings.warn(msg)
[36mINFO[0m 08/02 01:57:02 | 0.557823    0.630137    0.000000    0.696047    0.513629    0.647287    0.775880    2.067837    0.557823    0.513629    0.630137    0.647287    0.836538    0.905926    0.555556    0.645833    3600        523.636364  0.044255    0.896105    0.391886    3.070809   
/home/s21_yhr/miniconda3/envs/GGA/lib/python3.11/site-packages/torchvision/models/_utils.py:208: UserWarning: The parameter 'pretrained' is deprecated since 0.13 and may be removed in the future, please use 'weights' instead.
  warnings.warn(
/home/s21_yhr/miniconda3/envs/GGA/lib/python3.11/site-packages/torchvision/models/_utils.py:223: UserWarning: Arguments other than a weight enum or `None` for 'weights' are deprecated since 0.13 and may be removed in the future. The current behavior is equivalent to passing `weights=ResNet50_Weights.IMAGENET1K_V1`. You can also use `weights=ResNet50_Weights.DEFAULT` to get the most up-to-date weights.
  warnings.warn(msg)
[36mINFO[0m 08/02 01:58:32 | 0.574830    0.616438    0.000000    0.662037    0.531557    0.687597    0.792269    3.005911    0.574830    0.531557    0.616438    0.687597    0.750000    0.919259    0.574074    0.665278    3700        538.181818  0.041696    0.893343    0.392765    3.070809   
/home/s21_yhr/miniconda3/envs/GGA/lib/python3.11/site-packages/torchvision/models/_utils.py:208: UserWarning: The parameter 'pretrained' is deprecated since 0.13 and may be removed in the future, please use 'weights' instead.
  warnings.warn(
/home/s21_yhr/miniconda3/envs/GGA/lib/python3.11/site-packages/torchvision/models/_utils.py:223: UserWarning: Arguments other than a weight enum or `None` for 'weights' are deprecated since 0.13 and may be removed in the future. The current behavior is equivalent to passing `weights=ResNet50_Weights.IMAGENET1K_V1`. You can also use `weights=ResNet50_Weights.DEFAULT` to get the most up-to-date weights.
  warnings.warn(msg)
[36mINFO[0m 08/02 02:00:02 | 0.564626    0.630137    0.000000    0.638355    0.518684    0.711628    0.776806    2.840122    0.564626    0.518684    0.630137    0.711628    0.721154    0.891111    0.555556    0.662500    3800        552.727273  0.047362    0.892948    0.394798    3.070809   
/home/s21_yhr/miniconda3/envs/GGA/lib/python3.11/site-packages/torchvision/models/_utils.py:208: UserWarning: The parameter 'pretrained' is deprecated since 0.13 and may be removed in the future, please use 'weights' instead.
  warnings.warn(
/home/s21_yhr/miniconda3/envs/GGA/lib/python3.11/site-packages/torchvision/models/_utils.py:223: UserWarning: Arguments other than a weight enum or `None` for 'weights' are deprecated since 0.13 and may be removed in the future. The current behavior is equivalent to passing `weights=ResNet50_Weights.IMAGENET1K_V1`. You can also use `weights=ResNet50_Weights.DEFAULT` to get the most up-to-date weights.
  warnings.warn(msg)
[36mINFO[0m 08/02 02:01:31 | 0.547619    0.616438    0.000000    0.681980    0.538903    0.620155    0.770949    2.776566    0.547619    0.538903    0.616438    0.620155    0.826923    0.903704    0.537037    0.638194    3900        567.272727  0.049889    0.893372    0.394266    3.070809   
/home/s21_yhr/miniconda3/envs/GGA/lib/python3.11/site-packages/torchvision/models/_utils.py:208: UserWarning: The parameter 'pretrained' is deprecated since 0.13 and may be removed in the future, please use 'weights' instead.
  warnings.warn(
/home/s21_yhr/miniconda3/envs/GGA/lib/python3.11/site-packages/torchvision/models/_utils.py:223: UserWarning: Arguments other than a weight enum or `None` for 'weights' are deprecated since 0.13 and may be removed in the future. The current behavior is equivalent to passing `weights=ResNet50_Weights.IMAGENET1K_V1`. You can also use `weights=ResNet50_Weights.DEFAULT` to get the most up-to-date weights.
  warnings.warn(msg)
[36mINFO[0m 08/02 02:03:01 | 0.568027    0.630137    0.000000    0.714922    0.529289    0.671318    0.782454    2.539111    0.568027    0.529289    0.630137    0.671318    0.855769    0.927407    0.574074    0.637500    4000        581.818182  0.042799    0.894642    0.387551    3.070809   
/home/s21_yhr/miniconda3/envs/GGA/lib/python3.11/site-packages/torchvision/models/_utils.py:208: UserWarning: The parameter 'pretrained' is deprecated since 0.13 and may be removed in the future, please use 'weights' instead.
  warnings.warn(
/home/s21_yhr/miniconda3/envs/GGA/lib/python3.11/site-packages/torchvision/models/_utils.py:223: UserWarning: Arguments other than a weight enum or `None` for 'weights' are deprecated since 0.13 and may be removed in the future. The current behavior is equivalent to passing `weights=ResNet50_Weights.IMAGENET1K_V1`. You can also use `weights=ResNet50_Weights.DEFAULT` to get the most up-to-date weights.
  warnings.warn(msg)
[36mINFO[0m 08/02 02:04:32 | 0.537415    0.657534    0.000000    0.687144    0.515637    0.591473    0.754954    2.356668    0.537415    0.515637    0.657534    0.591473    0.855769    0.905741    0.518519    0.604167    4100        596.363636  0.049844    0.906004    0.385892    3.070809   
/home/s21_yhr/miniconda3/envs/GGA/lib/python3.11/site-packages/torchvision/models/_utils.py:208: UserWarning: The parameter 'pretrained' is deprecated since 0.13 and may be removed in the future, please use 'weights' instead.
  warnings.warn(
/home/s21_yhr/miniconda3/envs/GGA/lib/python3.11/site-packages/torchvision/models/_utils.py:223: UserWarning: Arguments other than a weight enum or `None` for 'weights' are deprecated since 0.13 and may be removed in the future. The current behavior is equivalent to passing `weights=ResNet50_Weights.IMAGENET1K_V1`. You can also use `weights=ResNet50_Weights.DEFAULT` to get the most up-to-date weights.
  warnings.warn(msg)
[36mINFO[0m 08/02 02:06:03 | 0.527211    0.561644    0.000000    0.676816    0.510936    0.595349    0.743056    1.584062    0.527211    0.510936    0.561644    0.595349    0.798077    0.883333    0.555556    0.602778    4200        610.909091  0.053381    0.900678    0.387931    3.070809   
/home/s21_yhr/miniconda3/envs/GGA/lib/python3.11/site-packages/torchvision/models/_utils.py:208: UserWarning: The parameter 'pretrained' is deprecated since 0.13 and may be removed in the future, please use 'weights' instead.
  warnings.warn(
/home/s21_yhr/miniconda3/envs/GGA/lib/python3.11/site-packages/torchvision/models/_utils.py:223: UserWarning: Arguments other than a weight enum or `None` for 'weights' are deprecated since 0.13 and may be removed in the future. The current behavior is equivalent to passing `weights=ResNet50_Weights.IMAGENET1K_V1`. You can also use `weights=ResNet50_Weights.DEFAULT` to get the most up-to-date weights.
  warnings.warn(msg)
[36mINFO[0m 08/02 02:07:32 | 0.540816    0.630137    0.000000    0.714922    0.506897    0.689147    0.767361    2.657369    0.540816    0.506897    0.630137    0.689147    0.855769    0.919444    0.574074    0.615278    4300        625.454545  0.042603    0.892615    0.393216    3.070809   
/home/s21_yhr/miniconda3/envs/GGA/lib/python3.11/site-packages/torchvision/models/_utils.py:208: UserWarning: The parameter 'pretrained' is deprecated since 0.13 and may be removed in the future, please use 'weights' instead.
  warnings.warn(
/home/s21_yhr/miniconda3/envs/GGA/lib/python3.11/site-packages/torchvision/models/_utils.py:223: UserWarning: Arguments other than a weight enum or `None` for 'weights' are deprecated since 0.13 and may be removed in the future. The current behavior is equivalent to passing `weights=ResNet50_Weights.IMAGENET1K_V1`. You can also use `weights=ResNet50_Weights.DEFAULT` to get the most up-to-date weights.
  warnings.warn(msg)
[36mINFO[0m 08/02 02:09:03 | 0.540816    0.602740    0.000000    0.642806    0.506897    0.711628    0.777593    3.395974    0.540816    0.506897    0.602740    0.711628    0.711538    0.905185    0.574074    0.650000    4400        640.000000  0.059398    0.898276    0.388840    3.070809   
/home/s21_yhr/miniconda3/envs/GGA/lib/python3.11/site-packages/torchvision/models/_utils.py:208: UserWarning: The parameter 'pretrained' is deprecated since 0.13 and may be removed in the future, please use 'weights' instead.
  warnings.warn(
/home/s21_yhr/miniconda3/envs/GGA/lib/python3.11/site-packages/torchvision/models/_utils.py:223: UserWarning: Arguments other than a weight enum or `None` for 'weights' are deprecated since 0.13 and may be removed in the future. The current behavior is equivalent to passing `weights=ResNet50_Weights.IMAGENET1K_V1`. You can also use `weights=ResNet50_Weights.DEFAULT` to get the most up-to-date weights.
  warnings.warn(msg)
[36mINFO[0m 08/02 02:10:32 | 0.547619    0.698630    0.000000    0.709758    0.507653    0.698450    0.759606    1.841485    0.547619    0.507653    0.698630    0.698450    0.826923    0.896296    0.592593    0.622917    4500        654.545455  0.070213    0.894072    0.393904    3.070809   
/home/s21_yhr/miniconda3/envs/GGA/lib/python3.11/site-packages/torchvision/models/_utils.py:208: UserWarning: The parameter 'pretrained' is deprecated since 0.13 and may be removed in the future, please use 'weights' instead.
  warnings.warn(
/home/s21_yhr/miniconda3/envs/GGA/lib/python3.11/site-packages/torchvision/models/_utils.py:223: UserWarning: Arguments other than a weight enum or `None` for 'weights' are deprecated since 0.13 and may be removed in the future. The current behavior is equivalent to passing `weights=ResNet50_Weights.IMAGENET1K_V1`. You can also use `weights=ResNet50_Weights.DEFAULT` to get the most up-to-date weights.
  warnings.warn(msg)
[36mINFO[0m 08/02 02:12:03 | 0.530612    0.643836    0.000000    0.682336    0.527423    0.720155    0.730556    1.751985    0.530612    0.527423    0.643836    0.720155    0.846154    0.894444    0.518519    0.566667    4600        669.090909  0.049269    0.896773    0.388868    3.070809   
/home/s21_yhr/miniconda3/envs/GGA/lib/python3.11/site-packages/torchvision/models/_utils.py:208: UserWarning: The parameter 'pretrained' is deprecated since 0.13 and may be removed in the future, please use 'weights' instead.
  warnings.warn(
/home/s21_yhr/miniconda3/envs/GGA/lib/python3.11/site-packages/torchvision/models/_utils.py:223: UserWarning: Arguments other than a weight enum or `None` for 'weights' are deprecated since 0.13 and may be removed in the future. The current behavior is equivalent to passing `weights=ResNet50_Weights.IMAGENET1K_V1`. You can also use `weights=ResNet50_Weights.DEFAULT` to get the most up-to-date weights.
  warnings.warn(msg)
[36mINFO[0m 08/02 02:13:32 | 0.547619    0.671233    0.000000    0.676460    0.544359    0.706977    0.767917    1.915027    0.547619    0.544359    0.671233    0.706977    0.778846    0.895556    0.574074    0.640278    4700        683.636364  0.053382    0.893220    0.391238    3.070809   
/home/s21_yhr/miniconda3/envs/GGA/lib/python3.11/site-packages/torchvision/models/_utils.py:208: UserWarning: The parameter 'pretrained' is deprecated since 0.13 and may be removed in the future, please use 'weights' instead.
  warnings.warn(
/home/s21_yhr/miniconda3/envs/GGA/lib/python3.11/site-packages/torchvision/models/_utils.py:223: UserWarning: Arguments other than a weight enum or `None` for 'weights' are deprecated since 0.13 and may be removed in the future. The current behavior is equivalent to passing `weights=ResNet50_Weights.IMAGENET1K_V1`. You can also use `weights=ResNet50_Weights.DEFAULT` to get the most up-to-date weights.
  warnings.warn(msg)
[36mINFO[0m 08/02 02:15:02 | 0.547619    0.698630    0.000000    0.704950    0.539163    0.734109    0.780417    2.411367    0.547619    0.539163    0.698630    0.734109    0.817308    0.917778    0.592593    0.643056    4800        698.181818  0.047525    0.893256    0.385028    3.070809   
/home/s21_yhr/miniconda3/envs/GGA/lib/python3.11/site-packages/torchvision/models/_utils.py:208: UserWarning: The parameter 'pretrained' is deprecated since 0.13 and may be removed in the future, please use 'weights' instead.
  warnings.warn(
/home/s21_yhr/miniconda3/envs/GGA/lib/python3.11/site-packages/torchvision/models/_utils.py:223: UserWarning: Arguments other than a weight enum or `None` for 'weights' are deprecated since 0.13 and may be removed in the future. The current behavior is equivalent to passing `weights=ResNet50_Weights.IMAGENET1K_V1`. You can also use `weights=ResNet50_Weights.DEFAULT` to get the most up-to-date weights.
  warnings.warn(msg)
[36mINFO[0m 08/02 02:16:32 | 0.547619    0.616438    0.000000    0.672365    0.532384    0.665891    0.768194    3.020207    0.547619    0.532384    0.616438    0.665891    0.807692    0.910000    0.537037    0.626389    4900        712.727273  0.038132    0.899639    0.402058    3.070809   
/home/s21_yhr/miniconda3/envs/GGA/lib/python3.11/site-packages/torchvision/models/_utils.py:208: UserWarning: The parameter 'pretrained' is deprecated since 0.13 and may be removed in the future, please use 'weights' instead.
  warnings.warn(
/home/s21_yhr/miniconda3/envs/GGA/lib/python3.11/site-packages/torchvision/models/_utils.py:223: UserWarning: Arguments other than a weight enum or `None` for 'weights' are deprecated since 0.13 and may be removed in the future. The current behavior is equivalent to passing `weights=ResNet50_Weights.IMAGENET1K_V1`. You can also use `weights=ResNet50_Weights.DEFAULT` to get the most up-to-date weights.
  warnings.warn(msg)
[36mINFO[0m 08/02 02:18:02 | 0.540816    0.630137    0.000000    0.658298    0.524967    0.681395    0.764583    2.835854    0.540816    0.524967    0.630137    0.681395    0.798077    0.911111    0.518519    0.618056    5000        727.272727  0.037338    0.895600    0.395128    3.070809   
[36mINFO[0m 08/02 02:18:02 | ---
[36mINFO[0m 08/02 02:18:02 | oracle = 54.762%
[36mINFO[0m 08/02 02:18:02 | iid = 53.401%
[36mINFO[0m 08/02 02:18:02 | last = 54.082%
[36mINFO[0m 08/02 02:18:02 | last (inD) = 65.830%
[36mINFO[0m 08/02 02:18:02 | iid (inD) = 76.638%
[36mINFO[0m 08/02 02:18:03 | 
[36mINFO[0m 08/02 02:18:03 | Testenv name escaping te_01 -> te_01
[36mINFO[0m 08/02 02:18:03 | Test envs = [1], name = te_01
[36mINFO[0m 08/02 02:18:03 | Batch sizes for each domain: [32, 0, 32] (total=64)
[36mINFO[0m 08/02 02:18:03 | steps-per-epoch for each domain: 9.19, 6.88 -> min = 6.88
/home/s21_yhr/miniconda3/envs/GGA/lib/python3.11/site-packages/torchvision/models/_utils.py:208: UserWarning: The parameter 'pretrained' is deprecated since 0.13 and may be removed in the future, please use 'weights' instead.
  warnings.warn(
/home/s21_yhr/miniconda3/envs/GGA/lib/python3.11/site-packages/torchvision/models/_utils.py:223: UserWarning: Arguments other than a weight enum or `None` for 'weights' are deprecated since 0.13 and may be removed in the future. The current behavior is equivalent to passing `weights=ResNet50_Weights.IMAGENET1K_V1`. You can also use `weights=ResNet50_Weights.DEFAULT` to get the most up-to-date weights.
  warnings.warn(msg)
[36mINFO[0m 08/02 02:18:06 | # of params = 23512130
[36mINFO[0m 08/02 02:18:07 | test_in     test_out    train_in    train_out   test_in_au  train_out_  tr_outloss  test_out_a  env0_out    env0_out_a  env1_in     env1_in_au  env1_out    env1_out_a  env2_out    env2_out_a  step        epoch       loss        step_time   eval_time   mem_gb     
[36mINFO[0m 08/02 02:18:07 | 0.501193    0.519231    0.000000    0.572298    0.309250    0.432574    0.692184    0.306296    0.589041    0.438760    0.501193    0.309250    0.519231    0.306296    0.555556    0.426389    0           0.000000    0.799126    0.897315    0.544052    3.057565   
/home/s21_yhr/miniconda3/envs/GGA/lib/python3.11/site-packages/torchvision/models/_utils.py:208: UserWarning: The parameter 'pretrained' is deprecated since 0.13 and may be removed in the future, please use 'weights' instead.
  warnings.warn(
/home/s21_yhr/miniconda3/envs/GGA/lib/python3.11/site-packages/torchvision/models/_utils.py:223: UserWarning: Arguments other than a weight enum or `None` for 'weights' are deprecated since 0.13 and may be removed in the future. The current behavior is equivalent to passing `weights=ResNet50_Weights.IMAGENET1K_V1`. You can also use `weights=ResNet50_Weights.DEFAULT` to get the most up-to-date weights.
  warnings.warn(msg)
[36mINFO[0m 08/02 02:19:37 | 0.572792    0.615385    0.000000    0.770041    0.599795    0.785142    0.560522    0.665185    0.780822    0.814729    0.572792    0.599795    0.615385    0.665185    0.759259    0.755556    100         14.545455   0.625474    0.894327    0.477385    3.062997   
/home/s21_yhr/miniconda3/envs/GGA/lib/python3.11/site-packages/torchvision/models/_utils.py:208: UserWarning: The parameter 'pretrained' is deprecated since 0.13 and may be removed in the future, please use 'weights' instead.
  warnings.warn(
/home/s21_yhr/miniconda3/envs/GGA/lib/python3.11/site-packages/torchvision/models/_utils.py:223: UserWarning: Arguments other than a weight enum or `None` for 'weights' are deprecated since 0.13 and may be removed in the future. The current behavior is equivalent to passing `weights=ResNet50_Weights.IMAGENET1K_V1`. You can also use `weights=ResNet50_Weights.DEFAULT` to get the most up-to-date weights.
  warnings.warn(msg)
[36mINFO[0m 08/02 02:21:07 | 0.615752    0.596154    0.000000    0.698376    0.655275    0.762112    0.765855    0.616296    0.767123    0.832558    0.615752    0.655275    0.596154    0.616296    0.629630    0.691667    200         29.090909   0.426717    0.895320    0.475328    3.062997   
/home/s21_yhr/miniconda3/envs/GGA/lib/python3.11/site-packages/torchvision/models/_utils.py:208: UserWarning: The parameter 'pretrained' is deprecated since 0.13 and may be removed in the future, please use 'weights' instead.
  warnings.warn(
/home/s21_yhr/miniconda3/envs/GGA/lib/python3.11/site-packages/torchvision/models/_utils.py:223: UserWarning: Arguments other than a weight enum or `None` for 'weights' are deprecated since 0.13 and may be removed in the future. The current behavior is equivalent to passing `weights=ResNet50_Weights.IMAGENET1K_V1`. You can also use `weights=ResNet50_Weights.DEFAULT` to get the most up-to-date weights.
  warnings.warn(msg)
[36mINFO[0m 08/02 02:22:38 | 0.565632    0.557692    0.000000    0.641172    0.572955    0.726534    1.229312    0.552593    0.671233    0.796124    0.565632    0.572955    0.557692    0.552593    0.611111    0.656944    300         43.636364   0.231812    0.905246    0.469874    3.062997   
/home/s21_yhr/miniconda3/envs/GGA/lib/python3.11/site-packages/torchvision/models/_utils.py:208: UserWarning: The parameter 'pretrained' is deprecated since 0.13 and may be removed in the future, please use 'weights' instead.
  warnings.warn(
/home/s21_yhr/miniconda3/envs/GGA/lib/python3.11/site-packages/torchvision/models/_utils.py:223: UserWarning: Arguments other than a weight enum or `None` for 'weights' are deprecated since 0.13 and may be removed in the future. The current behavior is equivalent to passing `weights=ResNet50_Weights.IMAGENET1K_V1`. You can also use `weights=ResNet50_Weights.DEFAULT` to get the most up-to-date weights.
  warnings.warn(msg)
[36mINFO[0m 08/02 02:24:08 | 0.536993    0.500000    0.000000    0.652841    0.550718    0.704054    1.275073    0.481852    0.657534    0.717829    0.536993    0.550718    0.500000    0.481852    0.648148    0.690278    400         58.181818   0.167033    0.896004    0.477616    3.064584   
/home/s21_yhr/miniconda3/envs/GGA/lib/python3.11/site-packages/torchvision/models/_utils.py:208: UserWarning: The parameter 'pretrained' is deprecated since 0.13 and may be removed in the future, please use 'weights' instead.
  warnings.warn(
/home/s21_yhr/miniconda3/envs/GGA/lib/python3.11/site-packages/torchvision/models/_utils.py:223: UserWarning: Arguments other than a weight enum or `None` for 'weights' are deprecated since 0.13 and may be removed in the future. The current behavior is equivalent to passing `weights=ResNet50_Weights.IMAGENET1K_V1`. You can also use `weights=ResNet50_Weights.DEFAULT` to get the most up-to-date weights.
  warnings.warn(msg)
[36mINFO[0m 08/02 02:25:38 | 0.482100    0.461538    0.000000    0.648021    0.506334    0.688727    1.497804    0.455185    0.684932    0.730233    0.482100    0.506334    0.461538    0.455185    0.611111    0.647222    500         72.727273   0.138103    0.891513    0.477710    3.064584   
/home/s21_yhr/miniconda3/envs/GGA/lib/python3.11/site-packages/torchvision/models/_utils.py:208: UserWarning: The parameter 'pretrained' is deprecated since 0.13 and may be removed in the future, please use 'weights' instead.
  warnings.warn(
/home/s21_yhr/miniconda3/envs/GGA/lib/python3.11/site-packages/torchvision/models/_utils.py:223: UserWarning: Arguments other than a weight enum or `None` for 'weights' are deprecated since 0.13 and may be removed in the future. The current behavior is equivalent to passing `weights=ResNet50_Weights.IMAGENET1K_V1`. You can also use `weights=ResNet50_Weights.DEFAULT` to get the most up-to-date weights.
  warnings.warn(msg)
[36mINFO[0m 08/02 02:27:09 | 0.572792    0.509615    0.000000    0.615804    0.576179    0.697303    1.280816    0.527778    0.657534    0.768217    0.572792    0.576179    0.509615    0.527778    0.574074    0.626389    600         87.272727   0.120736    0.904638    0.490869    3.064584   
/home/s21_yhr/miniconda3/envs/GGA/lib/python3.11/site-packages/torchvision/models/_utils.py:208: UserWarning: The parameter 'pretrained' is deprecated since 0.13 and may be removed in the future, please use 'weights' instead.
  warnings.warn(
/home/s21_yhr/miniconda3/envs/GGA/lib/python3.11/site-packages/torchvision/models/_utils.py:223: UserWarning: Arguments other than a weight enum or `None` for 'weights' are deprecated since 0.13 and may be removed in the future. The current behavior is equivalent to passing `weights=ResNet50_Weights.IMAGENET1K_V1`. You can also use `weights=ResNet50_Weights.DEFAULT` to get the most up-to-date weights.
  warnings.warn(msg)
[36mINFO[0m 08/02 02:28:40 | 0.553699    0.509615    0.000000    0.611365    0.580576    0.683915    1.572913    0.484074    0.630137    0.717829    0.553699    0.580576    0.509615    0.484074    0.592593    0.650000    700         101.818182  0.116172    0.904323    0.479386    3.064584   
/home/s21_yhr/miniconda3/envs/GGA/lib/python3.11/site-packages/torchvision/models/_utils.py:208: UserWarning: The parameter 'pretrained' is deprecated since 0.13 and may be removed in the future, please use 'weights' instead.
  warnings.warn(
/home/s21_yhr/miniconda3/envs/GGA/lib/python3.11/site-packages/torchvision/models/_utils.py:223: UserWarning: Arguments other than a weight enum or `None` for 'weights' are deprecated since 0.13 and may be removed in the future. The current behavior is equivalent to passing `weights=ResNet50_Weights.IMAGENET1K_V1`. You can also use `weights=ResNet50_Weights.DEFAULT` to get the most up-to-date weights.
  warnings.warn(msg)
[36mINFO[0m 08/02 02:30:17 | 0.491647    0.490385    0.000000    0.668950    0.528640    0.696932    1.687667    0.476667    0.671233    0.741085    0.491647    0.528640    0.490385    0.476667    0.666667    0.652778    800         116.363636  0.109027    0.967502    0.525261    3.064584   
/home/s21_yhr/miniconda3/envs/GGA/lib/python3.11/site-packages/torchvision/models/_utils.py:208: UserWarning: The parameter 'pretrained' is deprecated since 0.13 and may be removed in the future, please use 'weights' instead.
  warnings.warn(
/home/s21_yhr/miniconda3/envs/GGA/lib/python3.11/site-packages/torchvision/models/_utils.py:223: UserWarning: Arguments other than a weight enum or `None` for 'weights' are deprecated since 0.13 and may be removed in the future. The current behavior is equivalent to passing `weights=ResNet50_Weights.IMAGENET1K_V1`. You can also use `weights=ResNet50_Weights.DEFAULT` to get the most up-to-date weights.
  warnings.warn(msg)
[36mINFO[0m 08/02 02:31:57 | 0.572792    0.490385    0.000000    0.620624    0.588038    0.694234    1.778540    0.490000    0.630137    0.742636    0.572792    0.588038    0.490385    0.490000    0.611111    0.645833    900         130.909091  0.098002    0.987785    0.539939    3.064584   
/home/s21_yhr/miniconda3/envs/GGA/lib/python3.11/site-packages/torchvision/models/_utils.py:208: UserWarning: The parameter 'pretrained' is deprecated since 0.13 and may be removed in the future, please use 'weights' instead.
  warnings.warn(
/home/s21_yhr/miniconda3/envs/GGA/lib/python3.11/site-packages/torchvision/models/_utils.py:223: UserWarning: Arguments other than a weight enum or `None` for 'weights' are deprecated since 0.13 and may be removed in the future. The current behavior is equivalent to passing `weights=ResNet50_Weights.IMAGENET1K_V1`. You can also use `weights=ResNet50_Weights.DEFAULT` to get the most up-to-date weights.
  warnings.warn(msg)
[36mINFO[0m 08/02 02:33:35 | 0.541766    0.509615    0.000000    0.627473    0.565277    0.682558    1.490789    0.502963    0.643836    0.731783    0.541766    0.565277    0.509615    0.502963    0.611111    0.633333    1000        145.454545  0.094736    0.982147    0.540919    3.064584   
/home/s21_yhr/miniconda3/envs/GGA/lib/python3.11/site-packages/torchvision/models/_utils.py:208: UserWarning: The parameter 'pretrained' is deprecated since 0.13 and may be removed in the future, please use 'weights' instead.
  warnings.warn(
/home/s21_yhr/miniconda3/envs/GGA/lib/python3.11/site-packages/torchvision/models/_utils.py:223: UserWarning: Arguments other than a weight enum or `None` for 'weights' are deprecated since 0.13 and may be removed in the future. The current behavior is equivalent to passing `weights=ResNet50_Weights.IMAGENET1K_V1`. You can also use `weights=ResNet50_Weights.DEFAULT` to get the most up-to-date weights.
  warnings.warn(msg)
[36mINFO[0m 08/02 02:35:13 | 0.556086    0.528846    0.000000    0.631913    0.565220    0.677745    2.478416    0.546111    0.671233    0.719380    0.556086    0.565220    0.528846    0.546111    0.592593    0.636111    1100        160.000000  0.081041    0.973459    0.570145    3.064584   
/home/s21_yhr/miniconda3/envs/GGA/lib/python3.11/site-packages/torchvision/models/_utils.py:208: UserWarning: The parameter 'pretrained' is deprecated since 0.13 and may be removed in the future, please use 'weights' instead.
  warnings.warn(
/home/s21_yhr/miniconda3/envs/GGA/lib/python3.11/site-packages/torchvision/models/_utils.py:223: UserWarning: Arguments other than a weight enum or `None` for 'weights' are deprecated since 0.13 and may be removed in the future. The current behavior is equivalent to passing `weights=ResNet50_Weights.IMAGENET1K_V1`. You can also use `weights=ResNet50_Weights.DEFAULT` to get the most up-to-date weights.
  warnings.warn(msg)
[36mINFO[0m 08/02 02:36:52 | 0.477327    0.423077    0.000000    0.608955    0.469788    0.673078    1.645570    0.420370    0.643836    0.736434    0.477327    0.469788    0.423077    0.420370    0.574074    0.609722    1200        174.545455  0.079548    0.979755    0.611324    3.064584   
/home/s21_yhr/miniconda3/envs/GGA/lib/python3.11/site-packages/torchvision/models/_utils.py:208: UserWarning: The parameter 'pretrained' is deprecated since 0.13 and may be removed in the future, please use 'weights' instead.
  warnings.warn(
/home/s21_yhr/miniconda3/envs/GGA/lib/python3.11/site-packages/torchvision/models/_utils.py:223: UserWarning: Arguments other than a weight enum or `None` for 'weights' are deprecated since 0.13 and may be removed in the future. The current behavior is equivalent to passing `weights=ResNet50_Weights.IMAGENET1K_V1`. You can also use `weights=ResNet50_Weights.DEFAULT` to get the most up-to-date weights.
  warnings.warn(msg)
[36mINFO[0m 08/02 02:38:30 | 0.575179    0.519231    0.000000    0.636733    0.578674    0.699709    1.467781    0.545185    0.643836    0.741085    0.575179    0.578674    0.519231    0.545185    0.629630    0.658333    1300        189.090909  0.090018    0.977932    0.492927    3.064584   
/home/s21_yhr/miniconda3/envs/GGA/lib/python3.11/site-packages/torchvision/models/_utils.py:208: UserWarning: The parameter 'pretrained' is deprecated since 0.13 and may be removed in the future, please use 'weights' instead.
  warnings.warn(
/home/s21_yhr/miniconda3/envs/GGA/lib/python3.11/site-packages/torchvision/models/_utils.py:223: UserWarning: Arguments other than a weight enum or `None` for 'weights' are deprecated since 0.13 and may be removed in the future. The current behavior is equivalent to passing `weights=ResNet50_Weights.IMAGENET1K_V1`. You can also use `weights=ResNet50_Weights.DEFAULT` to get the most up-to-date weights.
  warnings.warn(msg)
[36mINFO[0m 08/02 02:40:01 | 0.539379    0.413462    0.000000    0.666540    0.541570    0.687258    2.194928    0.474815    0.684932    0.728682    0.539379    0.541570    0.413462    0.474815    0.648148    0.645833    1400        203.636364  0.072114    0.904019    0.486610    3.064584   
/home/s21_yhr/miniconda3/envs/GGA/lib/python3.11/site-packages/torchvision/models/_utils.py:208: UserWarning: The parameter 'pretrained' is deprecated since 0.13 and may be removed in the future, please use 'weights' instead.
  warnings.warn(
/home/s21_yhr/miniconda3/envs/GGA/lib/python3.11/site-packages/torchvision/models/_utils.py:223: UserWarning: Arguments other than a weight enum or `None` for 'weights' are deprecated since 0.13 and may be removed in the future. The current behavior is equivalent to passing `weights=ResNet50_Weights.IMAGENET1K_V1`. You can also use `weights=ResNet50_Weights.DEFAULT` to get the most up-to-date weights.
  warnings.warn(msg)
[36mINFO[0m 08/02 02:41:32 | 0.594272    0.576923    0.000000    0.648021    0.610219    0.681202    2.335277    0.514074    0.684932    0.745736    0.594272    0.610219    0.576923    0.514074    0.611111    0.616667    1500        218.181818  0.068636    0.899648    0.495426    3.064584   
/home/s21_yhr/miniconda3/envs/GGA/lib/python3.11/site-packages/torchvision/models/_utils.py:208: UserWarning: The parameter 'pretrained' is deprecated since 0.13 and may be removed in the future, please use 'weights' instead.
  warnings.warn(
/home/s21_yhr/miniconda3/envs/GGA/lib/python3.11/site-packages/torchvision/models/_utils.py:223: UserWarning: Arguments other than a weight enum or `None` for 'weights' are deprecated since 0.13 and may be removed in the future. The current behavior is equivalent to passing `weights=ResNet50_Weights.IMAGENET1K_V1`. You can also use `weights=ResNet50_Weights.DEFAULT` to get the most up-to-date weights.
  warnings.warn(msg)
[36mINFO[0m 08/02 02:43:02 | 0.539379    0.471154    0.000000    0.664510    0.570848    0.676518    2.649587    0.489630    0.643836    0.689147    0.539379    0.570848    0.471154    0.489630    0.685185    0.663889    1600        232.727273  0.072188    0.904045    0.497325    3.064584   
/home/s21_yhr/miniconda3/envs/GGA/lib/python3.11/site-packages/torchvision/models/_utils.py:208: UserWarning: The parameter 'pretrained' is deprecated since 0.13 and may be removed in the future, please use 'weights' instead.
  warnings.warn(
/home/s21_yhr/miniconda3/envs/GGA/lib/python3.11/site-packages/torchvision/models/_utils.py:223: UserWarning: Arguments other than a weight enum or `None` for 'weights' are deprecated since 0.13 and may be removed in the future. The current behavior is equivalent to passing `weights=ResNet50_Weights.IMAGENET1K_V1`. You can also use `weights=ResNet50_Weights.DEFAULT` to get the most up-to-date weights.
  warnings.warn(msg)
[36mINFO[0m 08/02 02:44:34 | 0.505967    0.500000    0.000000    0.668950    0.508271    0.684432    2.530708    0.447037    0.671233    0.707752    0.505967    0.508271    0.500000    0.447037    0.666667    0.661111    1700        247.272727  0.084006    0.908355    0.494714    3.064584   
/home/s21_yhr/miniconda3/envs/GGA/lib/python3.11/site-packages/torchvision/models/_utils.py:208: UserWarning: The parameter 'pretrained' is deprecated since 0.13 and may be removed in the future, please use 'weights' instead.
  warnings.warn(
/home/s21_yhr/miniconda3/envs/GGA/lib/python3.11/site-packages/torchvision/models/_utils.py:223: UserWarning: Arguments other than a weight enum or `None` for 'weights' are deprecated since 0.13 and may be removed in the future. The current behavior is equivalent to passing `weights=ResNet50_Weights.IMAGENET1K_V1`. You can also use `weights=ResNet50_Weights.DEFAULT` to get the most up-to-date weights.
  warnings.warn(msg)
[36mINFO[0m 08/02 02:46:05 | 0.522673    0.451923    0.000000    0.631913    0.537161    0.685449    1.656727    0.485185    0.671233    0.713953    0.522673    0.537161    0.451923    0.485185    0.592593    0.656944    1800        261.818182  0.074849    0.909508    0.474652    3.064584   
/home/s21_yhr/miniconda3/envs/GGA/lib/python3.11/site-packages/torchvision/models/_utils.py:208: UserWarning: The parameter 'pretrained' is deprecated since 0.13 and may be removed in the future, please use 'weights' instead.
  warnings.warn(
/home/s21_yhr/miniconda3/envs/GGA/lib/python3.11/site-packages/torchvision/models/_utils.py:223: UserWarning: Arguments other than a weight enum or `None` for 'weights' are deprecated since 0.13 and may be removed in the future. The current behavior is equivalent to passing `weights=ResNet50_Weights.IMAGENET1K_V1`. You can also use `weights=ResNet50_Weights.DEFAULT` to get the most up-to-date weights.
  warnings.warn(msg)
[36mINFO[0m 08/02 02:47:37 | 0.556086    0.490385    0.000000    0.652461    0.570449    0.684335    2.307807    0.500741    0.712329    0.765891    0.556086    0.570449    0.490385    0.500741    0.592593    0.602778    1900        276.363636  0.066665    0.907514    0.497086    3.064584   
/home/s21_yhr/miniconda3/envs/GGA/lib/python3.11/site-packages/torchvision/models/_utils.py:208: UserWarning: The parameter 'pretrained' is deprecated since 0.13 and may be removed in the future, please use 'weights' instead.
  warnings.warn(
/home/s21_yhr/miniconda3/envs/GGA/lib/python3.11/site-packages/torchvision/models/_utils.py:223: UserWarning: Arguments other than a weight enum or `None` for 'weights' are deprecated since 0.13 and may be removed in the future. The current behavior is equivalent to passing `weights=ResNet50_Weights.IMAGENET1K_V1`. You can also use `weights=ResNet50_Weights.DEFAULT` to get the most up-to-date weights.
  warnings.warn(msg)
[36mINFO[0m 08/02 02:49:08 | 0.467780    0.375000    0.000000    0.625063    0.466792    0.663356    1.937966    0.386296    0.657534    0.736434    0.467780    0.466792    0.375000    0.386296    0.592593    0.590278    2000        290.909091  0.067148    0.907033    0.486325    3.064584   
/home/s21_yhr/miniconda3/envs/GGA/lib/python3.11/site-packages/torchvision/models/_utils.py:208: UserWarning: The parameter 'pretrained' is deprecated since 0.13 and may be removed in the future, please use 'weights' instead.
  warnings.warn(
/home/s21_yhr/miniconda3/envs/GGA/lib/python3.11/site-packages/torchvision/models/_utils.py:223: UserWarning: Arguments other than a weight enum or `None` for 'weights' are deprecated since 0.13 and may be removed in the future. The current behavior is equivalent to passing `weights=ResNet50_Weights.IMAGENET1K_V1`. You can also use `weights=ResNet50_Weights.DEFAULT` to get the most up-to-date weights.
  warnings.warn(msg)
[36mINFO[0m 08/02 02:50:40 | 0.520286    0.480769    0.000000    0.611365    0.558453    0.700388    2.860369    0.441852    0.630137    0.734109    0.520286    0.558453    0.480769    0.441852    0.592593    0.666667    2100        305.454545  0.055380    0.916135    0.499265    3.064584   
/home/s21_yhr/miniconda3/envs/GGA/lib/python3.11/site-packages/torchvision/models/_utils.py:208: UserWarning: The parameter 'pretrained' is deprecated since 0.13 and may be removed in the future, please use 'weights' instead.
  warnings.warn(
/home/s21_yhr/miniconda3/envs/GGA/lib/python3.11/site-packages/torchvision/models/_utils.py:223: UserWarning: Arguments other than a weight enum or `None` for 'weights' are deprecated since 0.13 and may be removed in the future. The current behavior is equivalent to passing `weights=ResNet50_Weights.IMAGENET1K_V1`. You can also use `weights=ResNet50_Weights.DEFAULT` to get the most up-to-date weights.
  warnings.warn(msg)
[36mINFO[0m 08/02 02:52:11 | 0.496420    0.423077    0.000000    0.606925    0.502427    0.666190    2.331366    0.398889    0.602740    0.677519    0.496420    0.502427    0.423077    0.398889    0.611111    0.654861    2200        320.000000  0.065026    0.909982    0.487643    3.064645   
/home/s21_yhr/miniconda3/envs/GGA/lib/python3.11/site-packages/torchvision/models/_utils.py:208: UserWarning: The parameter 'pretrained' is deprecated since 0.13 and may be removed in the future, please use 'weights' instead.
  warnings.warn(
/home/s21_yhr/miniconda3/envs/GGA/lib/python3.11/site-packages/torchvision/models/_utils.py:223: UserWarning: Arguments other than a weight enum or `None` for 'weights' are deprecated since 0.13 and may be removed in the future. The current behavior is equivalent to passing `weights=ResNet50_Weights.IMAGENET1K_V1`. You can also use `weights=ResNet50_Weights.DEFAULT` to get the most up-to-date weights.
  warnings.warn(msg)
[36mINFO[0m 08/02 02:53:41 | 0.498807    0.451923    0.000000    0.623034    0.516860    0.672368    2.066519    0.457037    0.616438    0.696124    0.498807    0.516860    0.451923    0.457037    0.629630    0.648611    2300        334.545455  0.068223    0.894863    0.498031    3.064645   
/home/s21_yhr/miniconda3/envs/GGA/lib/python3.11/site-packages/torchvision/models/_utils.py:208: UserWarning: The parameter 'pretrained' is deprecated since 0.13 and may be removed in the future, please use 'weights' instead.
  warnings.warn(
/home/s21_yhr/miniconda3/envs/GGA/lib/python3.11/site-packages/torchvision/models/_utils.py:223: UserWarning: Arguments other than a weight enum or `None` for 'weights' are deprecated since 0.13 and may be removed in the future. The current behavior is equivalent to passing `weights=ResNet50_Weights.IMAGENET1K_V1`. You can also use `weights=ResNet50_Weights.DEFAULT` to get the most up-to-date weights.
  warnings.warn(msg)
[36mINFO[0m 08/02 02:55:12 | 0.570406    0.500000    0.000000    0.655251    0.604671    0.711563    1.970865    0.527407    0.643836    0.728682    0.570406    0.604671    0.500000    0.527407    0.666667    0.694444    2400        349.090909  0.064576    0.900537    0.491722    3.064645   
/home/s21_yhr/miniconda3/envs/GGA/lib/python3.11/site-packages/torchvision/models/_utils.py:208: UserWarning: The parameter 'pretrained' is deprecated since 0.13 and may be removed in the future, please use 'weights' instead.
  warnings.warn(
/home/s21_yhr/miniconda3/envs/GGA/lib/python3.11/site-packages/torchvision/models/_utils.py:223: UserWarning: Arguments other than a weight enum or `None` for 'weights' are deprecated since 0.13 and may be removed in the future. The current behavior is equivalent to passing `weights=ResNet50_Weights.IMAGENET1K_V1`. You can also use `weights=ResNet50_Weights.DEFAULT` to get the most up-to-date weights.
  warnings.warn(msg)
[36mINFO[0m 08/02 02:56:41 | 0.522673    0.442308    0.000000    0.648021    0.538642    0.690738    3.186716    0.469259    0.684932    0.748837    0.522673    0.538642    0.442308    0.469259    0.611111    0.632639    2500        363.636364  0.055795    0.887837    0.489130    3.064645   
/home/s21_yhr/miniconda3/envs/GGA/lib/python3.11/site-packages/torchvision/models/_utils.py:208: UserWarning: The parameter 'pretrained' is deprecated since 0.13 and may be removed in the future, please use 'weights' instead.
  warnings.warn(
/home/s21_yhr/miniconda3/envs/GGA/lib/python3.11/site-packages/torchvision/models/_utils.py:223: UserWarning: Arguments other than a weight enum or `None` for 'weights' are deprecated since 0.13 and may be removed in the future. The current behavior is equivalent to passing `weights=ResNet50_Weights.IMAGENET1K_V1`. You can also use `weights=ResNet50_Weights.DEFAULT` to get the most up-to-date weights.
  warnings.warn(msg)
[36mINFO[0m 08/02 02:58:11 | 0.563246    0.471154    0.000000    0.620244    0.563705    0.682284    1.831315    0.481481    0.684932    0.746512    0.563246    0.563705    0.471154    0.481481    0.555556    0.618056    2600        378.181818  0.056054    0.893552    0.483772    3.064645   
/home/s21_yhr/miniconda3/envs/GGA/lib/python3.11/site-packages/torchvision/models/_utils.py:208: UserWarning: The parameter 'pretrained' is deprecated since 0.13 and may be removed in the future, please use 'weights' instead.
  warnings.warn(
/home/s21_yhr/miniconda3/envs/GGA/lib/python3.11/site-packages/torchvision/models/_utils.py:223: UserWarning: Arguments other than a weight enum or `None` for 'weights' are deprecated since 0.13 and may be removed in the future. The current behavior is equivalent to passing `weights=ResNet50_Weights.IMAGENET1K_V1`. You can also use `weights=ResNet50_Weights.DEFAULT` to get the most up-to-date weights.
  warnings.warn(msg)
[36mINFO[0m 08/02 02:59:41 | 0.568019    0.509615    0.000000    0.631913    0.584416    0.707494    2.274612    0.489630    0.671233    0.770543    0.568019    0.584416    0.509615    0.489630    0.592593    0.644444    2700        392.727273  0.059314    0.892014    0.498526    3.064645   
/home/s21_yhr/miniconda3/envs/GGA/lib/python3.11/site-packages/torchvision/models/_utils.py:208: UserWarning: The parameter 'pretrained' is deprecated since 0.13 and may be removed in the future, please use 'weights' instead.
  warnings.warn(
/home/s21_yhr/miniconda3/envs/GGA/lib/python3.11/site-packages/torchvision/models/_utils.py:223: UserWarning: Arguments other than a weight enum or `None` for 'weights' are deprecated since 0.13 and may be removed in the future. The current behavior is equivalent to passing `weights=ResNet50_Weights.IMAGENET1K_V1`. You can also use `weights=ResNet50_Weights.DEFAULT` to get the most up-to-date weights.
  warnings.warn(msg)
[36mINFO[0m 08/02 03:01:11 | 0.594272    0.538462    0.000000    0.627093    0.645774    0.705620    2.078419    0.549259    0.698630    0.761240    0.594272    0.645774    0.538462    0.549259    0.555556    0.650000    2800        407.272727  0.058211    0.895195    0.480445    3.064645   
/home/s21_yhr/miniconda3/envs/GGA/lib/python3.11/site-packages/torchvision/models/_utils.py:208: UserWarning: The parameter 'pretrained' is deprecated since 0.13 and may be removed in the future, please use 'weights' instead.
  warnings.warn(
/home/s21_yhr/miniconda3/envs/GGA/lib/python3.11/site-packages/torchvision/models/_utils.py:223: UserWarning: Arguments other than a weight enum or `None` for 'weights' are deprecated since 0.13 and may be removed in the future. The current behavior is equivalent to passing `weights=ResNet50_Weights.IMAGENET1K_V1`. You can also use `weights=ResNet50_Weights.DEFAULT` to get the most up-to-date weights.
  warnings.warn(msg)
[36mINFO[0m 08/02 03:02:41 | 0.568019    0.490385    0.000000    0.593227    0.601173    0.644194    2.338186    0.476667    0.575342    0.641860    0.568019    0.601173    0.490385    0.476667    0.611111    0.646528    2900        421.818182  0.052769    0.895910    0.491848    3.064645   
/home/s21_yhr/miniconda3/envs/GGA/lib/python3.11/site-packages/torchvision/models/_utils.py:208: UserWarning: The parameter 'pretrained' is deprecated since 0.13 and may be removed in the future, please use 'weights' instead.
  warnings.warn(
/home/s21_yhr/miniconda3/envs/GGA/lib/python3.11/site-packages/torchvision/models/_utils.py:223: UserWarning: Arguments other than a weight enum or `None` for 'weights' are deprecated since 0.13 and may be removed in the future. The current behavior is equivalent to passing `weights=ResNet50_Weights.IMAGENET1K_V1`. You can also use `weights=ResNet50_Weights.DEFAULT` to get the most up-to-date weights.
  warnings.warn(msg)
[36mINFO[0m 08/02 03:04:11 | 0.532220    0.480769    0.000000    0.694318    0.495044    0.762161    2.642013    0.449259    0.684932    0.820155    0.532220    0.495044    0.480769    0.449259    0.703704    0.704167    3000        436.363636  0.055279    0.895636    0.492664    3.064645   
/home/s21_yhr/miniconda3/envs/GGA/lib/python3.11/site-packages/torchvision/models/_utils.py:208: UserWarning: The parameter 'pretrained' is deprecated since 0.13 and may be removed in the future, please use 'weights' instead.
  warnings.warn(
/home/s21_yhr/miniconda3/envs/GGA/lib/python3.11/site-packages/torchvision/models/_utils.py:223: UserWarning: Arguments other than a weight enum or `None` for 'weights' are deprecated since 0.13 and may be removed in the future. The current behavior is equivalent to passing `weights=ResNet50_Weights.IMAGENET1K_V1`. You can also use `weights=ResNet50_Weights.DEFAULT` to get the most up-to-date weights.
  warnings.warn(msg)
[36mINFO[0m 08/02 03:05:41 | 0.508353    0.432692    0.000000    0.668950    0.524801    0.702794    2.004843    0.409630    0.671233    0.740310    0.508353    0.524801    0.432692    0.409630    0.666667    0.665278    3100        450.909091  0.058967    0.892889    0.494870    3.065072   
/home/s21_yhr/miniconda3/envs/GGA/lib/python3.11/site-packages/torchvision/models/_utils.py:208: UserWarning: The parameter 'pretrained' is deprecated since 0.13 and may be removed in the future, please use 'weights' instead.
  warnings.warn(
/home/s21_yhr/miniconda3/envs/GGA/lib/python3.11/site-packages/torchvision/models/_utils.py:223: UserWarning: Arguments other than a weight enum or `None` for 'weights' are deprecated since 0.13 and may be removed in the future. The current behavior is equivalent to passing `weights=ResNet50_Weights.IMAGENET1K_V1`. You can also use `weights=ResNet50_Weights.DEFAULT` to get the most up-to-date weights.
  warnings.warn(msg)
[36mINFO[0m 08/02 03:07:10 | 0.482100    0.413462    0.000000    0.631913    0.485031    0.691877    2.715296    0.422593    0.671233    0.724031    0.482100    0.485031    0.413462    0.422593    0.592593    0.659722    3200        465.454545  0.057082    0.883342    0.488624    3.065072   
/home/s21_yhr/miniconda3/envs/GGA/lib/python3.11/site-packages/torchvision/models/_utils.py:208: UserWarning: The parameter 'pretrained' is deprecated since 0.13 and may be removed in the future, please use 'weights' instead.
  warnings.warn(
/home/s21_yhr/miniconda3/envs/GGA/lib/python3.11/site-packages/torchvision/models/_utils.py:223: UserWarning: Arguments other than a weight enum or `None` for 'weights' are deprecated since 0.13 and may be removed in the future. The current behavior is equivalent to passing `weights=ResNet50_Weights.IMAGENET1K_V1`. You can also use `weights=ResNet50_Weights.DEFAULT` to get the most up-to-date weights.
  warnings.warn(msg)
[36mINFO[0m 08/02 03:08:39 | 0.510740    0.471154    0.000000    0.691908    0.512235    0.738211    1.922651    0.429259    0.698630    0.773643    0.510740    0.512235    0.471154    0.429259    0.685185    0.702778    3300        480.000000  0.058936    0.893621    0.492325    3.065072   
/home/s21_yhr/miniconda3/envs/GGA/lib/python3.11/site-packages/torchvision/models/_utils.py:208: UserWarning: The parameter 'pretrained' is deprecated since 0.13 and may be removed in the future, please use 'weights' instead.
  warnings.warn(
/home/s21_yhr/miniconda3/envs/GGA/lib/python3.11/site-packages/torchvision/models/_utils.py:223: UserWarning: Arguments other than a weight enum or `None` for 'weights' are deprecated since 0.13 and may be removed in the future. The current behavior is equivalent to passing `weights=ResNet50_Weights.IMAGENET1K_V1`. You can also use `weights=ResNet50_Weights.DEFAULT` to get the most up-to-date weights.
  warnings.warn(msg)
[36mINFO[0m 08/02 03:10:09 | 0.551313    0.490385    0.000000    0.664130    0.585429    0.716877    1.896027    0.505556    0.698630    0.757364    0.551313    0.585429    0.490385    0.505556    0.629630    0.676389    3400        494.545455  0.057223    0.890419    0.487181    3.065072   
/home/s21_yhr/miniconda3/envs/GGA/lib/python3.11/site-packages/torchvision/models/_utils.py:208: UserWarning: The parameter 'pretrained' is deprecated since 0.13 and may be removed in the future, please use 'weights' instead.
  warnings.warn(
/home/s21_yhr/miniconda3/envs/GGA/lib/python3.11/site-packages/torchvision/models/_utils.py:223: UserWarning: Arguments other than a weight enum or `None` for 'weights' are deprecated since 0.13 and may be removed in the future. The current behavior is equivalent to passing `weights=ResNet50_Weights.IMAGENET1K_V1`. You can also use `weights=ResNet50_Weights.DEFAULT` to get the most up-to-date weights.
  warnings.warn(msg)
[36mINFO[0m 08/02 03:11:39 | 0.568019    0.557692    0.000000    0.680238    0.577706    0.695914    2.232034    0.577407    0.712329    0.734884    0.568019    0.577706    0.557692    0.577407    0.648148    0.656944    3500        509.090909  0.058566    0.896949    0.489382    3.065072   
/home/s21_yhr/miniconda3/envs/GGA/lib/python3.11/site-packages/torchvision/models/_utils.py:208: UserWarning: The parameter 'pretrained' is deprecated since 0.13 and may be removed in the future, please use 'weights' instead.
  warnings.warn(
/home/s21_yhr/miniconda3/envs/GGA/lib/python3.11/site-packages/torchvision/models/_utils.py:223: UserWarning: Arguments other than a weight enum or `None` for 'weights' are deprecated since 0.13 and may be removed in the future. The current behavior is equivalent to passing `weights=ResNet50_Weights.IMAGENET1K_V1`. You can also use `weights=ResNet50_Weights.DEFAULT` to get the most up-to-date weights.
  warnings.warn(msg)
[36mINFO[0m 08/02 03:13:10 | 0.501193    0.471154    0.000000    0.659691    0.515208    0.703198    2.464092    0.516111    0.671233    0.748062    0.501193    0.515208    0.471154    0.516111    0.648148    0.658333    3600        523.636364  0.048468    0.899568    0.495432    3.065072   
/home/s21_yhr/miniconda3/envs/GGA/lib/python3.11/site-packages/torchvision/models/_utils.py:208: UserWarning: The parameter 'pretrained' is deprecated since 0.13 and may be removed in the future, please use 'weights' instead.
  warnings.warn(
/home/s21_yhr/miniconda3/envs/GGA/lib/python3.11/site-packages/torchvision/models/_utils.py:223: UserWarning: Arguments other than a weight enum or `None` for 'weights' are deprecated since 0.13 and may be removed in the future. The current behavior is equivalent to passing `weights=ResNet50_Weights.IMAGENET1K_V1`. You can also use `weights=ResNet50_Weights.DEFAULT` to get the most up-to-date weights.
  warnings.warn(msg)
[36mINFO[0m 08/02 03:14:39 | 0.539379    0.490385    0.000000    0.707636    0.557291    0.712177    2.332512    0.484074    0.767123    0.760465    0.539379    0.557291    0.490385    0.484074    0.648148    0.663889    3700        538.181818  0.054598    0.890531    0.493406    3.065072   
/home/s21_yhr/miniconda3/envs/GGA/lib/python3.11/site-packages/torchvision/models/_utils.py:208: UserWarning: The parameter 'pretrained' is deprecated since 0.13 and may be removed in the future, please use 'weights' instead.
  warnings.warn(
/home/s21_yhr/miniconda3/envs/GGA/lib/python3.11/site-packages/torchvision/models/_utils.py:223: UserWarning: Arguments other than a weight enum or `None` for 'weights' are deprecated since 0.13 and may be removed in the future. The current behavior is equivalent to passing `weights=ResNet50_Weights.IMAGENET1K_V1`. You can also use `weights=ResNet50_Weights.DEFAULT` to get the most up-to-date weights.
  warnings.warn(msg)
[36mINFO[0m 08/02 03:16:09 | 0.575179    0.586538    0.000000    0.664130    0.600296    0.678400    2.897890    0.586296    0.698630    0.718605    0.575179    0.600296    0.586538    0.586296    0.629630    0.638194    3800        552.727273  0.044100    0.895033    0.492071    3.065072   
/home/s21_yhr/miniconda3/envs/GGA/lib/python3.11/site-packages/torchvision/models/_utils.py:208: UserWarning: The parameter 'pretrained' is deprecated since 0.13 and may be removed in the future, please use 'weights' instead.
  warnings.warn(
/home/s21_yhr/miniconda3/envs/GGA/lib/python3.11/site-packages/torchvision/models/_utils.py:223: UserWarning: Arguments other than a weight enum or `None` for 'weights' are deprecated since 0.13 and may be removed in the future. The current behavior is equivalent to passing `weights=ResNet50_Weights.IMAGENET1K_V1`. You can also use `weights=ResNet50_Weights.DEFAULT` to get the most up-to-date weights.
  warnings.warn(msg)
[36mINFO[0m 08/02 03:17:39 | 0.546539    0.528846    0.000000    0.645992    0.580781    0.696205    1.736615    0.582593    0.643836    0.727132    0.546539    0.580781    0.528846    0.582593    0.648148    0.665278    3900        567.272727  0.067256    0.894491    0.492646    3.065072   
/home/s21_yhr/miniconda3/envs/GGA/lib/python3.11/site-packages/torchvision/models/_utils.py:208: UserWarning: The parameter 'pretrained' is deprecated since 0.13 and may be removed in the future, please use 'weights' instead.
  warnings.warn(
/home/s21_yhr/miniconda3/envs/GGA/lib/python3.11/site-packages/torchvision/models/_utils.py:223: UserWarning: Arguments other than a weight enum or `None` for 'weights' are deprecated since 0.13 and may be removed in the future. The current behavior is equivalent to passing `weights=ResNet50_Weights.IMAGENET1K_V1`. You can also use `weights=ResNet50_Weights.DEFAULT` to get the most up-to-date weights.
  warnings.warn(msg)
[36mINFO[0m 08/02 03:19:09 | 0.563246    0.519231    0.000000    0.664130    0.614172    0.710562    2.228129    0.584815    0.698630    0.729457    0.563246    0.614172    0.519231    0.584815    0.629630    0.691667    4000        581.818182  0.048601    0.890513    0.491384    3.065072   
/home/s21_yhr/miniconda3/envs/GGA/lib/python3.11/site-packages/torchvision/models/_utils.py:208: UserWarning: The parameter 'pretrained' is deprecated since 0.13 and may be removed in the future, please use 'weights' instead.
  warnings.warn(
/home/s21_yhr/miniconda3/envs/GGA/lib/python3.11/site-packages/torchvision/models/_utils.py:223: UserWarning: Arguments other than a weight enum or `None` for 'weights' are deprecated since 0.13 and may be removed in the future. The current behavior is equivalent to passing `weights=ResNet50_Weights.IMAGENET1K_V1`. You can also use `weights=ResNet50_Weights.DEFAULT` to get the most up-to-date weights.
  warnings.warn(msg)
[36mINFO[0m 08/02 03:20:39 | 0.599045    0.548077    0.000000    0.632293    0.612976    0.695082    2.370952    0.581852    0.616438    0.758915    0.599045    0.612976    0.548077    0.581852    0.648148    0.631250    4100        596.363636  0.042657    0.895239    0.497461    3.065072   
/home/s21_yhr/miniconda3/envs/GGA/lib/python3.11/site-packages/torchvision/models/_utils.py:208: UserWarning: The parameter 'pretrained' is deprecated since 0.13 and may be removed in the future, please use 'weights' instead.
  warnings.warn(
/home/s21_yhr/miniconda3/envs/GGA/lib/python3.11/site-packages/torchvision/models/_utils.py:223: UserWarning: Arguments other than a weight enum or `None` for 'weights' are deprecated since 0.13 and may be removed in the future. The current behavior is equivalent to passing `weights=ResNet50_Weights.IMAGENET1K_V1`. You can also use `weights=ResNet50_Weights.DEFAULT` to get the most up-to-date weights.
  warnings.warn(msg)
[36mINFO[0m 08/02 03:22:08 | 0.503580    0.500000    0.000000    0.677829    0.534780    0.751195    2.149595    0.491852    0.726027    0.816279    0.503580    0.534780    0.500000    0.491852    0.629630    0.686111    4200        610.909091  0.055867    0.891103    0.499397    3.065072   
/home/s21_yhr/miniconda3/envs/GGA/lib/python3.11/site-packages/torchvision/models/_utils.py:208: UserWarning: The parameter 'pretrained' is deprecated since 0.13 and may be removed in the future, please use 'weights' instead.
  warnings.warn(
/home/s21_yhr/miniconda3/envs/GGA/lib/python3.11/site-packages/torchvision/models/_utils.py:223: UserWarning: Arguments other than a weight enum or `None` for 'weights' are deprecated since 0.13 and may be removed in the future. The current behavior is equivalent to passing `weights=ResNet50_Weights.IMAGENET1K_V1`. You can also use `weights=ResNet50_Weights.DEFAULT` to get the most up-to-date weights.
  warnings.warn(msg)
[36mINFO[0m 08/02 03:23:38 | 0.472554    0.519231    0.000000    0.673389    0.507428    0.709432    2.780300    0.504444    0.698630    0.741085    0.472554    0.507428    0.519231    0.504444    0.648148    0.677778    4300        625.454545  0.040638    0.893497    0.496902    3.065072   
/home/s21_yhr/miniconda3/envs/GGA/lib/python3.11/site-packages/torchvision/models/_utils.py:208: UserWarning: The parameter 'pretrained' is deprecated since 0.13 and may be removed in the future, please use 'weights' instead.
  warnings.warn(
/home/s21_yhr/miniconda3/envs/GGA/lib/python3.11/site-packages/torchvision/models/_utils.py:223: UserWarning: Arguments other than a weight enum or `None` for 'weights' are deprecated since 0.13 and may be removed in the future. The current behavior is equivalent to passing `weights=ResNet50_Weights.IMAGENET1K_V1`. You can also use `weights=ResNet50_Weights.DEFAULT` to get the most up-to-date weights.
  warnings.warn(msg)
[36mINFO[0m 08/02 03:25:08 | 0.532220    0.586538    0.000000    0.650431    0.561278    0.682187    2.408549    0.579259    0.671233    0.704651    0.532220    0.561278    0.586538    0.579259    0.629630    0.659722    4400        640.000000  0.053300    0.892026    0.493575    3.065072   
/home/s21_yhr/miniconda3/envs/GGA/lib/python3.11/site-packages/torchvision/models/_utils.py:208: UserWarning: The parameter 'pretrained' is deprecated since 0.13 and may be removed in the future, please use 'weights' instead.
  warnings.warn(
/home/s21_yhr/miniconda3/envs/GGA/lib/python3.11/site-packages/torchvision/models/_utils.py:223: UserWarning: Arguments other than a weight enum or `None` for 'weights' are deprecated since 0.13 and may be removed in the future. The current behavior is equivalent to passing `weights=ResNet50_Weights.IMAGENET1K_V1`. You can also use `weights=ResNet50_Weights.DEFAULT` to get the most up-to-date weights.
  warnings.warn(msg)
[36mINFO[0m 08/02 03:26:39 | 0.532220    0.519231    0.000000    0.618214    0.562098    0.685610    2.516056    0.560370    0.643836    0.717054    0.532220    0.562098    0.519231    0.560370    0.592593    0.654167    4500        654.545455  0.044610    0.902106    0.538758    3.065072   
/home/s21_yhr/miniconda3/envs/GGA/lib/python3.11/site-packages/torchvision/models/_utils.py:208: UserWarning: The parameter 'pretrained' is deprecated since 0.13 and may be removed in the future, please use 'weights' instead.
  warnings.warn(
/home/s21_yhr/miniconda3/envs/GGA/lib/python3.11/site-packages/torchvision/models/_utils.py:223: UserWarning: Arguments other than a weight enum or `None` for 'weights' are deprecated since 0.13 and may be removed in the future. The current behavior is equivalent to passing `weights=ResNet50_Weights.IMAGENET1K_V1`. You can also use `weights=ResNet50_Weights.DEFAULT` to get the most up-to-date weights.
  warnings.warn(msg)
[36mINFO[0m 08/02 03:28:20 | 0.510740    0.548077    0.000000    0.652461    0.499089    0.699960    2.210238    0.497407    0.712329    0.765891    0.510740    0.499089    0.548077    0.497407    0.592593    0.634028    4600        669.090909  0.044083    1.004793    0.512242    3.065072   
/home/s21_yhr/miniconda3/envs/GGA/lib/python3.11/site-packages/torchvision/models/_utils.py:208: UserWarning: The parameter 'pretrained' is deprecated since 0.13 and may be removed in the future, please use 'weights' instead.
  warnings.warn(
/home/s21_yhr/miniconda3/envs/GGA/lib/python3.11/site-packages/torchvision/models/_utils.py:223: UserWarning: Arguments other than a weight enum or `None` for 'weights' are deprecated since 0.13 and may be removed in the future. The current behavior is equivalent to passing `weights=ResNet50_Weights.IMAGENET1K_V1`. You can also use `weights=ResNet50_Weights.DEFAULT` to get the most up-to-date weights.
  warnings.warn(msg)
[36mINFO[0m 08/02 03:30:01 | 0.529833    0.490385    0.000000    0.629503    0.551173    0.683503    2.497639    0.544259    0.684932    0.723256    0.529833    0.551173    0.490385    0.544259    0.574074    0.643750    4700        683.636364  0.045231    1.008293    0.529618    3.065072   
/home/s21_yhr/miniconda3/envs/GGA/lib/python3.11/site-packages/torchvision/models/_utils.py:208: UserWarning: The parameter 'pretrained' is deprecated since 0.13 and may be removed in the future, please use 'weights' instead.
  warnings.warn(
/home/s21_yhr/miniconda3/envs/GGA/lib/python3.11/site-packages/torchvision/models/_utils.py:223: UserWarning: Arguments other than a weight enum or `None` for 'weights' are deprecated since 0.13 and may be removed in the future. The current behavior is equivalent to passing `weights=ResNet50_Weights.IMAGENET1K_V1`. You can also use `weights=ResNet50_Weights.DEFAULT` to get the most up-to-date weights.
  warnings.warn(msg)
[36mINFO[0m 08/02 03:31:42 | 0.541766    0.519231    0.000000    0.631913    0.590066    0.703618    1.798764    0.531111    0.671233    0.729457    0.541766    0.590066    0.519231    0.531111    0.592593    0.677778    4800        698.181818  0.041804    1.006177    0.529413    3.065072   
/home/s21_yhr/miniconda3/envs/GGA/lib/python3.11/site-packages/torchvision/models/_utils.py:208: UserWarning: The parameter 'pretrained' is deprecated since 0.13 and may be removed in the future, please use 'weights' instead.
  warnings.warn(
/home/s21_yhr/miniconda3/envs/GGA/lib/python3.11/site-packages/torchvision/models/_utils.py:223: UserWarning: Arguments other than a weight enum or `None` for 'weights' are deprecated since 0.13 and may be removed in the future. The current behavior is equivalent to passing `weights=ResNet50_Weights.IMAGENET1K_V1`. You can also use `weights=ResNet50_Weights.DEFAULT` to get the most up-to-date weights.
  warnings.warn(msg)
[36mINFO[0m 08/02 03:33:22 | 0.558473    0.528846    0.000000    0.639143    0.589462    0.706331    1.911559    0.518889    0.630137    0.734884    0.558473    0.589462    0.528846    0.518889    0.648148    0.677778    4900        712.727273  0.039288    0.996682    0.502702    3.065072   
/home/s21_yhr/miniconda3/envs/GGA/lib/python3.11/site-packages/torchvision/models/_utils.py:208: UserWarning: The parameter 'pretrained' is deprecated since 0.13 and may be removed in the future, please use 'weights' instead.
  warnings.warn(
/home/s21_yhr/miniconda3/envs/GGA/lib/python3.11/site-packages/torchvision/models/_utils.py:223: UserWarning: Arguments other than a weight enum or `None` for 'weights' are deprecated since 0.13 and may be removed in the future. The current behavior is equivalent to passing `weights=ResNet50_Weights.IMAGENET1K_V1`. You can also use `weights=ResNet50_Weights.DEFAULT` to get the most up-to-date weights.
  warnings.warn(msg)
[36mINFO[0m 08/02 03:35:01 | 0.541766    0.567308    0.000000    0.641172    0.553406    0.689906    2.738413    0.554074    0.671233    0.739535    0.541766    0.553406    0.567308    0.554074    0.611111    0.640278    5000        727.272727  0.043604    0.985585    0.536723    3.065072   
[36mINFO[0m 08/02 03:35:01 | ---
[36mINFO[0m 08/02 03:35:01 | oracle = 57.279%
[36mINFO[0m 08/02 03:35:01 | iid = 57.279%
[36mINFO[0m 08/02 03:35:01 | last = 54.177%
[36mINFO[0m 08/02 03:35:01 | last (inD) = 64.117%
[36mINFO[0m 08/02 03:35:01 | iid (inD) = 77.004%
[36mINFO[0m 08/02 03:35:02 | 
[36mINFO[0m 08/02 03:35:02 | Testenv name escaping te_02 -> te_02
[36mINFO[0m 08/02 03:35:02 | Test envs = [2], name = te_02
[36mINFO[0m 08/02 03:35:02 | Batch sizes for each domain: [32, 32, 0] (total=64)
[36mINFO[0m 08/02 03:35:02 | steps-per-epoch for each domain: 9.19, 13.09 -> min = 9.19
/home/s21_yhr/miniconda3/envs/GGA/lib/python3.11/site-packages/torchvision/models/_utils.py:208: UserWarning: The parameter 'pretrained' is deprecated since 0.13 and may be removed in the future, please use 'weights' instead.
  warnings.warn(
/home/s21_yhr/miniconda3/envs/GGA/lib/python3.11/site-packages/torchvision/models/_utils.py:223: UserWarning: Arguments other than a weight enum or `None` for 'weights' are deprecated since 0.13 and may be removed in the future. The current behavior is equivalent to passing `weights=ResNet50_Weights.IMAGENET1K_V1`. You can also use `weights=ResNet50_Weights.DEFAULT` to get the most up-to-date weights.
  warnings.warn(msg)
[36mINFO[0m 08/02 03:35:06 | # of params = 23512130
[36mINFO[0m 08/02 03:35:07 | test_in     test_out    train_in    train_out   test_in_au  train_out_  tr_outloss  test_out_a  env0_out    env0_out_a  env1_out    env1_out_a  env2_in     env2_in_au  env2_out    env2_out_a  step        epoch       loss        step_time   eval_time   mem_gb     
[36mINFO[0m 08/02 03:35:07 | 0.577273    0.555556    0.000000    0.554136    0.513928    0.639630    0.677262    0.451389    0.589041    0.566667    0.519231    0.712593    0.577273    0.513928    0.555556    0.451389    0           0.000000    0.768803    0.996561    0.393761    3.057565   
/home/s21_yhr/miniconda3/envs/GGA/lib/python3.11/site-packages/torchvision/models/_utils.py:208: UserWarning: The parameter 'pretrained' is deprecated since 0.13 and may be removed in the future, please use 'weights' instead.
  warnings.warn(
/home/s21_yhr/miniconda3/envs/GGA/lib/python3.11/site-packages/torchvision/models/_utils.py:223: UserWarning: Arguments other than a weight enum or `None` for 'weights' are deprecated since 0.13 and may be removed in the future. The current behavior is equivalent to passing `weights=ResNet50_Weights.IMAGENET1K_V1`. You can also use `weights=ResNet50_Weights.DEFAULT` to get the most up-to-date weights.
  warnings.warn(msg)
[36mINFO[0m 08/02 03:36:43 | 0.536364    0.629630    0.000000    0.733338    0.547964    0.782709    0.701673    0.630556    0.630137    0.630233    0.836538    0.935185    0.536364    0.547964    0.629630    0.630556    100         10.884354   0.463315    0.946942    0.348302    3.062997   
/home/s21_yhr/miniconda3/envs/GGA/lib/python3.11/site-packages/torchvision/models/_utils.py:208: UserWarning: The parameter 'pretrained' is deprecated since 0.13 and may be removed in the future, please use 'weights' instead.
  warnings.warn(
/home/s21_yhr/miniconda3/envs/GGA/lib/python3.11/site-packages/torchvision/models/_utils.py:223: UserWarning: Arguments other than a weight enum or `None` for 'weights' are deprecated since 0.13 and may be removed in the future. The current behavior is equivalent to passing `weights=ResNet50_Weights.IMAGENET1K_V1`. You can also use `weights=ResNet50_Weights.DEFAULT` to get the most up-to-date weights.
  warnings.warn(msg)
[36mINFO[0m 08/02 03:38:13 | 0.568182    0.574074    0.000000    0.697642    0.557870    0.793432    0.934562    0.640278    0.616438    0.662791    0.778846    0.924074    0.568182    0.557870    0.574074    0.640278    200         21.768707   0.305088    0.902645    0.342275    3.062997   
/home/s21_yhr/miniconda3/envs/GGA/lib/python3.11/site-packages/torchvision/models/_utils.py:208: UserWarning: The parameter 'pretrained' is deprecated since 0.13 and may be removed in the future, please use 'weights' instead.
  warnings.warn(
/home/s21_yhr/miniconda3/envs/GGA/lib/python3.11/site-packages/torchvision/models/_utils.py:223: UserWarning: Arguments other than a weight enum or `None` for 'weights' are deprecated since 0.13 and may be removed in the future. The current behavior is equivalent to passing `weights=ResNet50_Weights.IMAGENET1K_V1`. You can also use `weights=ResNet50_Weights.DEFAULT` to get the most up-to-date weights.
  warnings.warn(msg)
[36mINFO[0m 08/02 03:39:43 | 0.545455    0.629630    0.000000    0.725764    0.535433    0.812972    0.928605    0.651389    0.643836    0.717054    0.807692    0.908889    0.545455    0.535433    0.629630    0.651389    300         32.653061   0.208248    0.892435    0.335696    3.062997   
/home/s21_yhr/miniconda3/envs/GGA/lib/python3.11/site-packages/torchvision/models/_utils.py:208: UserWarning: The parameter 'pretrained' is deprecated since 0.13 and may be removed in the future, please use 'weights' instead.
  warnings.warn(
/home/s21_yhr/miniconda3/envs/GGA/lib/python3.11/site-packages/torchvision/models/_utils.py:223: UserWarning: Arguments other than a weight enum or `None` for 'weights' are deprecated since 0.13 and may be removed in the future. The current behavior is equivalent to passing `weights=ResNet50_Weights.IMAGENET1K_V1`. You can also use `weights=ResNet50_Weights.DEFAULT` to get the most up-to-date weights.
  warnings.warn(msg)
[36mINFO[0m 08/02 03:41:14 | 0.590909    0.611111    0.000000    0.734062    0.572094    0.821990    1.136010    0.625000    0.602740    0.706202    0.865385    0.937778    0.590909    0.572094    0.611111    0.625000    400         43.537415   0.189503    0.906454    0.346189    3.064584   
/home/s21_yhr/miniconda3/envs/GGA/lib/python3.11/site-packages/torchvision/models/_utils.py:208: UserWarning: The parameter 'pretrained' is deprecated since 0.13 and may be removed in the future, please use 'weights' instead.
  warnings.warn(
/home/s21_yhr/miniconda3/envs/GGA/lib/python3.11/site-packages/torchvision/models/_utils.py:223: UserWarning: Arguments other than a weight enum or `None` for 'weights' are deprecated since 0.13 and may be removed in the future. The current behavior is equivalent to passing `weights=ResNet50_Weights.IMAGENET1K_V1`. You can also use `weights=ResNet50_Weights.DEFAULT` to get the most up-to-date weights.
  warnings.warn(msg)
[36mINFO[0m 08/02 03:42:44 | 0.527273    0.611111    0.000000    0.774434    0.559563    0.840861    0.901072    0.609722    0.712329    0.772093    0.836538    0.909630    0.527273    0.559563    0.611111    0.609722    500         54.421769   0.151703    0.899117    0.345114    3.064584   
/home/s21_yhr/miniconda3/envs/GGA/lib/python3.11/site-packages/torchvision/models/_utils.py:208: UserWarning: The parameter 'pretrained' is deprecated since 0.13 and may be removed in the future, please use 'weights' instead.
  warnings.warn(
/home/s21_yhr/miniconda3/envs/GGA/lib/python3.11/site-packages/torchvision/models/_utils.py:223: UserWarning: Arguments other than a weight enum or `None` for 'weights' are deprecated since 0.13 and may be removed in the future. The current behavior is equivalent to passing `weights=ResNet50_Weights.IMAGENET1K_V1`. You can also use `weights=ResNet50_Weights.DEFAULT` to get the most up-to-date weights.
  warnings.warn(msg)
[36mINFO[0m 08/02 03:44:14 | 0.495455    0.611111    0.000000    0.748354    0.556346    0.819522    1.386720    0.636111    0.698630    0.720155    0.798077    0.918889    0.495455    0.556346    0.611111    0.636111    600         65.306122   0.134456    0.897704    0.347059    3.064584   
/home/s21_yhr/miniconda3/envs/GGA/lib/python3.11/site-packages/torchvision/models/_utils.py:208: UserWarning: The parameter 'pretrained' is deprecated since 0.13 and may be removed in the future, please use 'weights' instead.
  warnings.warn(
/home/s21_yhr/miniconda3/envs/GGA/lib/python3.11/site-packages/torchvision/models/_utils.py:223: UserWarning: Arguments other than a weight enum or `None` for 'weights' are deprecated since 0.13 and may be removed in the future. The current behavior is equivalent to passing `weights=ResNet50_Weights.IMAGENET1K_V1`. You can also use `weights=ResNet50_Weights.DEFAULT` to get the most up-to-date weights.
  warnings.warn(msg)
[36mINFO[0m 08/02 03:45:43 | 0.500000    0.500000    0.000000    0.715556    0.556854    0.820314    1.340372    0.633333    0.575342    0.722481    0.855769    0.918148    0.500000    0.556854    0.500000    0.633333    700         76.190476   0.108525    0.889353    0.342737    3.064584   
/home/s21_yhr/miniconda3/envs/GGA/lib/python3.11/site-packages/torchvision/models/_utils.py:208: UserWarning: The parameter 'pretrained' is deprecated since 0.13 and may be removed in the future, please use 'weights' instead.
  warnings.warn(
/home/s21_yhr/miniconda3/envs/GGA/lib/python3.11/site-packages/torchvision/models/_utils.py:223: UserWarning: Arguments other than a weight enum or `None` for 'weights' are deprecated since 0.13 and may be removed in the future. The current behavior is equivalent to passing `weights=ResNet50_Weights.IMAGENET1K_V1`. You can also use `weights=ResNet50_Weights.DEFAULT` to get the most up-to-date weights.
  warnings.warn(msg)
[36mINFO[0m 08/02 03:47:13 | 0.545455    0.611111    0.000000    0.696325    0.540936    0.801404    1.296753    0.651389    0.575342    0.679845    0.817308    0.922963    0.545455    0.540936    0.611111    0.651389    800         87.074830   0.100245    0.896317    0.347925    3.064584   
/home/s21_yhr/miniconda3/envs/GGA/lib/python3.11/site-packages/torchvision/models/_utils.py:208: UserWarning: The parameter 'pretrained' is deprecated since 0.13 and may be removed in the future, please use 'weights' instead.
  warnings.warn(
/home/s21_yhr/miniconda3/envs/GGA/lib/python3.11/site-packages/torchvision/models/_utils.py:223: UserWarning: Arguments other than a weight enum or `None` for 'weights' are deprecated since 0.13 and may be removed in the future. The current behavior is equivalent to passing `weights=ResNet50_Weights.IMAGENET1K_V1`. You can also use `weights=ResNet50_Weights.DEFAULT` to get the most up-to-date weights.
  warnings.warn(msg)
[36mINFO[0m 08/02 03:48:44 | 0.609091    0.611111    0.000000    0.718190    0.588858    0.828200    1.954850    0.598611    0.657534    0.735659    0.778846    0.920741    0.609091    0.588858    0.611111    0.598611    900         97.959184   0.109695    0.900430    0.346236    3.064584   
/home/s21_yhr/miniconda3/envs/GGA/lib/python3.11/site-packages/torchvision/models/_utils.py:208: UserWarning: The parameter 'pretrained' is deprecated since 0.13 and may be removed in the future, please use 'weights' instead.
  warnings.warn(
/home/s21_yhr/miniconda3/envs/GGA/lib/python3.11/site-packages/torchvision/models/_utils.py:223: UserWarning: Arguments other than a weight enum or `None` for 'weights' are deprecated since 0.13 and may be removed in the future. The current behavior is equivalent to passing `weights=ResNet50_Weights.IMAGENET1K_V1`. You can also use `weights=ResNet50_Weights.DEFAULT` to get the most up-to-date weights.
  warnings.warn(msg)
[36mINFO[0m 08/02 03:50:13 | 0.522727    0.592593    0.000000    0.720232    0.529591    0.806516    1.406790    0.609722    0.671233    0.701550    0.769231    0.911481    0.522727    0.529591    0.592593    0.609722    1000        108.843537  0.091410    0.893146    0.353159    3.064584   
/home/s21_yhr/miniconda3/envs/GGA/lib/python3.11/site-packages/torchvision/models/_utils.py:208: UserWarning: The parameter 'pretrained' is deprecated since 0.13 and may be removed in the future, please use 'weights' instead.
  warnings.warn(
/home/s21_yhr/miniconda3/envs/GGA/lib/python3.11/site-packages/torchvision/models/_utils.py:223: UserWarning: Arguments other than a weight enum or `None` for 'weights' are deprecated since 0.13 and may be removed in the future. The current behavior is equivalent to passing `weights=ResNet50_Weights.IMAGENET1K_V1`. You can also use `weights=ResNet50_Weights.DEFAULT` to get the most up-to-date weights.
  warnings.warn(msg)
[36mINFO[0m 08/02 03:51:44 | 0.545455    0.592593    0.000000    0.746312    0.554060    0.829242    1.544451    0.598611    0.684932    0.732558    0.807692    0.925926    0.545455    0.554060    0.592593    0.598611    1100        119.727891  0.083832    0.898809    0.350301    3.064584   
/home/s21_yhr/miniconda3/envs/GGA/lib/python3.11/site-packages/torchvision/models/_utils.py:208: UserWarning: The parameter 'pretrained' is deprecated since 0.13 and may be removed in the future, please use 'weights' instead.
  warnings.warn(
/home/s21_yhr/miniconda3/envs/GGA/lib/python3.11/site-packages/torchvision/models/_utils.py:223: UserWarning: Arguments other than a weight enum or `None` for 'weights' are deprecated since 0.13 and may be removed in the future. The current behavior is equivalent to passing `weights=ResNet50_Weights.IMAGENET1K_V1`. You can also use `weights=ResNet50_Weights.DEFAULT` to get the most up-to-date weights.
  warnings.warn(msg)
[36mINFO[0m 08/02 03:53:14 | 0.463636    0.518519    0.000000    0.719639    0.555330    0.823622    1.460693    0.581944    0.602740    0.737984    0.836538    0.909259    0.463636    0.555330    0.518519    0.581944    1200        130.612245  0.091197    0.898825    0.353259    3.064584   
/home/s21_yhr/miniconda3/envs/GGA/lib/python3.11/site-packages/torchvision/models/_utils.py:208: UserWarning: The parameter 'pretrained' is deprecated since 0.13 and may be removed in the future, please use 'weights' instead.
  warnings.warn(
/home/s21_yhr/miniconda3/envs/GGA/lib/python3.11/site-packages/torchvision/models/_utils.py:223: UserWarning: Arguments other than a weight enum or `None` for 'weights' are deprecated since 0.13 and may be removed in the future. The current behavior is equivalent to passing `weights=ResNet50_Weights.IMAGENET1K_V1`. You can also use `weights=ResNet50_Weights.DEFAULT` to get the most up-to-date weights.
  warnings.warn(msg)
[36mINFO[0m 08/02 03:54:44 | 0.631818    0.685185    0.000000    0.772392    0.615189    0.847541    1.272087    0.655556    0.698630    0.764341    0.846154    0.930741    0.631818    0.615189    0.685185    0.655556    1300        141.496599  0.085458    0.892699    0.351064    3.064584   
/home/s21_yhr/miniconda3/envs/GGA/lib/python3.11/site-packages/torchvision/models/_utils.py:208: UserWarning: The parameter 'pretrained' is deprecated since 0.13 and may be removed in the future, please use 'weights' instead.
  warnings.warn(
/home/s21_yhr/miniconda3/envs/GGA/lib/python3.11/site-packages/torchvision/models/_utils.py:223: UserWarning: Arguments other than a weight enum or `None` for 'weights' are deprecated since 0.13 and may be removed in the future. The current behavior is equivalent to passing `weights=ResNet50_Weights.IMAGENET1K_V1`. You can also use `weights=ResNet50_Weights.DEFAULT` to get the most up-to-date weights.
  warnings.warn(msg)
[36mINFO[0m 08/02 03:56:13 | 0.527273    0.555556    0.000000    0.753161    0.564643    0.800689    1.581788    0.652778    0.698630    0.731008    0.807692    0.870370    0.527273    0.564643    0.555556    0.652778    1400        152.380952  0.078983    0.893538    0.350489    3.064584   
/home/s21_yhr/miniconda3/envs/GGA/lib/python3.11/site-packages/torchvision/models/_utils.py:208: UserWarning: The parameter 'pretrained' is deprecated since 0.13 and may be removed in the future, please use 'weights' instead.
  warnings.warn(
/home/s21_yhr/miniconda3/envs/GGA/lib/python3.11/site-packages/torchvision/models/_utils.py:223: UserWarning: Arguments other than a weight enum or `None` for 'weights' are deprecated since 0.13 and may be removed in the future. The current behavior is equivalent to passing `weights=ResNet50_Weights.IMAGENET1K_V1`. You can also use `weights=ResNet50_Weights.DEFAULT` to get the most up-to-date weights.
  warnings.warn(msg)
[36mINFO[0m 08/02 03:57:43 | 0.522727    0.629630    0.000000    0.686710    0.542291    0.781361    1.652630    0.605556    0.575342    0.661240    0.798077    0.901481    0.522727    0.542291    0.629630    0.605556    1500        163.265306  0.076661    0.894559    0.348481    3.064584   
/home/s21_yhr/miniconda3/envs/GGA/lib/python3.11/site-packages/torchvision/models/_utils.py:208: UserWarning: The parameter 'pretrained' is deprecated since 0.13 and may be removed in the future, please use 'weights' instead.
  warnings.warn(
/home/s21_yhr/miniconda3/envs/GGA/lib/python3.11/site-packages/torchvision/models/_utils.py:223: UserWarning: Arguments other than a weight enum or `None` for 'weights' are deprecated since 0.13 and may be removed in the future. The current behavior is equivalent to passing `weights=ResNet50_Weights.IMAGENET1K_V1`. You can also use `weights=ResNet50_Weights.DEFAULT` to get the most up-to-date weights.
  warnings.warn(msg)
[36mINFO[0m 08/02 03:59:14 | 0.586364    0.574074    0.000000    0.740187    0.562865    0.820577    1.409588    0.601389    0.643836    0.742636    0.836538    0.898519    0.586364    0.562865    0.574074    0.601389    1600        174.149660  0.069674    0.908138    0.350231    3.064584   
/home/s21_yhr/miniconda3/envs/GGA/lib/python3.11/site-packages/torchvision/models/_utils.py:208: UserWarning: The parameter 'pretrained' is deprecated since 0.13 and may be removed in the future, please use 'weights' instead.
  warnings.warn(
/home/s21_yhr/miniconda3/envs/GGA/lib/python3.11/site-packages/torchvision/models/_utils.py:223: UserWarning: Arguments other than a weight enum or `None` for 'weights' are deprecated since 0.13 and may be removed in the future. The current behavior is equivalent to passing `weights=ResNet50_Weights.IMAGENET1K_V1`. You can also use `weights=ResNet50_Weights.DEFAULT` to get the most up-to-date weights.
  warnings.warn(msg)
[36mINFO[0m 08/02 04:00:44 | 0.590909    0.611111    0.000000    0.727081    0.537888    0.818101    1.312206    0.606944    0.684932    0.739535    0.769231    0.896667    0.590909    0.537888    0.611111    0.606944    1700        185.034014  0.083337    0.897485    0.353053    3.064584   
/home/s21_yhr/miniconda3/envs/GGA/lib/python3.11/site-packages/torchvision/models/_utils.py:208: UserWarning: The parameter 'pretrained' is deprecated since 0.13 and may be removed in the future, please use 'weights' instead.
  warnings.warn(
/home/s21_yhr/miniconda3/envs/GGA/lib/python3.11/site-packages/torchvision/models/_utils.py:223: UserWarning: Arguments other than a weight enum or `None` for 'weights' are deprecated since 0.13 and may be removed in the future. The current behavior is equivalent to passing `weights=ResNet50_Weights.IMAGENET1K_V1`. You can also use `weights=ResNet50_Weights.DEFAULT` to get the most up-to-date weights.
  warnings.warn(msg)
[36mINFO[0m 08/02 04:02:14 | 0.554545    0.611111    0.000000    0.699684    0.551012    0.823902    1.837782    0.650000    0.630137    0.758915    0.769231    0.888889    0.554545    0.551012    0.611111    0.650000    1800        195.918367  0.068727    0.894559    0.354354    3.064584   
/home/s21_yhr/miniconda3/envs/GGA/lib/python3.11/site-packages/torchvision/models/_utils.py:208: UserWarning: The parameter 'pretrained' is deprecated since 0.13 and may be removed in the future, please use 'weights' instead.
  warnings.warn(
/home/s21_yhr/miniconda3/envs/GGA/lib/python3.11/site-packages/torchvision/models/_utils.py:223: UserWarning: Arguments other than a weight enum or `None` for 'weights' are deprecated since 0.13 and may be removed in the future. The current behavior is equivalent to passing `weights=ResNet50_Weights.IMAGENET1K_V1`. You can also use `weights=ResNet50_Weights.DEFAULT` to get the most up-to-date weights.
  warnings.warn(msg)
[36mINFO[0m 08/02 04:03:44 | 0.527273    0.648148    0.000000    0.711341    0.557277    0.811766    1.303759    0.648611    0.643836    0.729457    0.778846    0.894074    0.527273    0.557277    0.648148    0.648611    1900        206.802721  0.051438    0.893689    0.347026    3.064584   
/home/s21_yhr/miniconda3/envs/GGA/lib/python3.11/site-packages/torchvision/models/_utils.py:208: UserWarning: The parameter 'pretrained' is deprecated since 0.13 and may be removed in the future, please use 'weights' instead.
  warnings.warn(
/home/s21_yhr/miniconda3/envs/GGA/lib/python3.11/site-packages/torchvision/models/_utils.py:223: UserWarning: Arguments other than a weight enum or `None` for 'weights' are deprecated since 0.13 and may be removed in the future. The current behavior is equivalent to passing `weights=ResNet50_Weights.IMAGENET1K_V1`. You can also use `weights=ResNet50_Weights.DEFAULT` to get the most up-to-date weights.
  warnings.warn(msg)
[36mINFO[0m 08/02 04:05:13 | 0.554545    0.574074    0.000000    0.743546    0.515790    0.796649    1.333939    0.636111    0.698630    0.732558    0.788462    0.860741    0.554545    0.515790    0.574074    0.636111    2000        217.687075  0.066666    0.891896    0.353631    3.064584   
/home/s21_yhr/miniconda3/envs/GGA/lib/python3.11/site-packages/torchvision/models/_utils.py:208: UserWarning: The parameter 'pretrained' is deprecated since 0.13 and may be removed in the future, please use 'weights' instead.
  warnings.warn(
/home/s21_yhr/miniconda3/envs/GGA/lib/python3.11/site-packages/torchvision/models/_utils.py:223: UserWarning: Arguments other than a weight enum or `None` for 'weights' are deprecated since 0.13 and may be removed in the future. The current behavior is equivalent to passing `weights=ResNet50_Weights.IMAGENET1K_V1`. You can also use `weights=ResNet50_Weights.DEFAULT` to get the most up-to-date weights.
  warnings.warn(msg)
[36mINFO[0m 08/02 04:06:43 | 0.509091    0.574074    0.000000    0.759418    0.547540    0.805571    1.820176    0.637500    0.643836    0.696512    0.875000    0.914630    0.509091    0.547540    0.574074    0.637500    2100        228.571429  0.055615    0.890884    0.347430    3.064584   
/home/s21_yhr/miniconda3/envs/GGA/lib/python3.11/site-packages/torchvision/models/_utils.py:208: UserWarning: The parameter 'pretrained' is deprecated since 0.13 and may be removed in the future, please use 'weights' instead.
  warnings.warn(
/home/s21_yhr/miniconda3/envs/GGA/lib/python3.11/site-packages/torchvision/models/_utils.py:223: UserWarning: Arguments other than a weight enum or `None` for 'weights' are deprecated since 0.13 and may be removed in the future. The current behavior is equivalent to passing `weights=ResNet50_Weights.IMAGENET1K_V1`. You can also use `weights=ResNet50_Weights.DEFAULT` to get the most up-to-date weights.
  warnings.warn(msg)
[36mINFO[0m 08/02 04:08:13 | 0.595455    0.555556    0.000000    0.758693    0.579375    0.836955    1.368033    0.615278    0.671233    0.737984    0.846154    0.935926    0.595455    0.579375    0.555556    0.615278    2200        239.455782  0.068672    0.893579    0.351416    3.064645   
/home/s21_yhr/miniconda3/envs/GGA/lib/python3.11/site-packages/torchvision/models/_utils.py:208: UserWarning: The parameter 'pretrained' is deprecated since 0.13 and may be removed in the future, please use 'weights' instead.
  warnings.warn(
/home/s21_yhr/miniconda3/envs/GGA/lib/python3.11/site-packages/torchvision/models/_utils.py:223: UserWarning: Arguments other than a weight enum or `None` for 'weights' are deprecated since 0.13 and may be removed in the future. The current behavior is equivalent to passing `weights=ResNet50_Weights.IMAGENET1K_V1`. You can also use `weights=ResNet50_Weights.DEFAULT` to get the most up-to-date weights.
  warnings.warn(msg)
[36mINFO[0m 08/02 04:09:43 | 0.609091    0.574074    0.000000    0.722405    0.603590    0.821865    1.540588    0.613889    0.589041    0.725581    0.855769    0.918148    0.609091    0.603590    0.574074    0.613889    2300        250.340136  0.070942    0.895818    0.351813    3.064645   
/home/s21_yhr/miniconda3/envs/GGA/lib/python3.11/site-packages/torchvision/models/_utils.py:208: UserWarning: The parameter 'pretrained' is deprecated since 0.13 and may be removed in the future, please use 'weights' instead.
  warnings.warn(
/home/s21_yhr/miniconda3/envs/GGA/lib/python3.11/site-packages/torchvision/models/_utils.py:223: UserWarning: Arguments other than a weight enum or `None` for 'weights' are deprecated since 0.13 and may be removed in the future. The current behavior is equivalent to passing `weights=ResNet50_Weights.IMAGENET1K_V1`. You can also use `weights=ResNet50_Weights.DEFAULT` to get the most up-to-date weights.
  warnings.warn(msg)
[36mINFO[0m 08/02 04:11:12 | 0.568182    0.611111    0.000000    0.765543    0.584794    0.811034    1.751435    0.648611    0.684932    0.713178    0.846154    0.908889    0.568182    0.584794    0.611111    0.648611    2400        261.224490  0.054568    0.891284    0.344278    3.064645   
/home/s21_yhr/miniconda3/envs/GGA/lib/python3.11/site-packages/torchvision/models/_utils.py:208: UserWarning: The parameter 'pretrained' is deprecated since 0.13 and may be removed in the future, please use 'weights' instead.
  warnings.warn(
/home/s21_yhr/miniconda3/envs/GGA/lib/python3.11/site-packages/torchvision/models/_utils.py:223: UserWarning: Arguments other than a weight enum or `None` for 'weights' are deprecated since 0.13 and may be removed in the future. The current behavior is equivalent to passing `weights=ResNet50_Weights.IMAGENET1K_V1`. You can also use `weights=ResNet50_Weights.DEFAULT` to get the most up-to-date weights.
  warnings.warn(msg)
[36mINFO[0m 08/02 04:12:42 | 0.500000    0.574074    0.000000    0.767584    0.570358    0.834815    1.340131    0.656944    0.698630    0.766667    0.836538    0.902963    0.500000    0.570358    0.574074    0.656944    2500        272.108844  0.059765    0.892862    0.352525    3.064645   
/home/s21_yhr/miniconda3/envs/GGA/lib/python3.11/site-packages/torchvision/models/_utils.py:208: UserWarning: The parameter 'pretrained' is deprecated since 0.13 and may be removed in the future, please use 'weights' instead.
  warnings.warn(
/home/s21_yhr/miniconda3/envs/GGA/lib/python3.11/site-packages/torchvision/models/_utils.py:223: UserWarning: Arguments other than a weight enum or `None` for 'weights' are deprecated since 0.13 and may be removed in the future. The current behavior is equivalent to passing `weights=ResNet50_Weights.IMAGENET1K_V1`. You can also use `weights=ResNet50_Weights.DEFAULT` to get the most up-to-date weights.
  warnings.warn(msg)
[36mINFO[0m 08/02 04:14:11 | 0.609091    0.629630    0.000000    0.724315    0.586487    0.808820    2.089875    0.650000    0.698630    0.730233    0.750000    0.887407    0.609091    0.586487    0.629630    0.650000    2600        282.993197  0.060904    0.892617    0.350197    3.064645   
/home/s21_yhr/miniconda3/envs/GGA/lib/python3.11/site-packages/torchvision/models/_utils.py:208: UserWarning: The parameter 'pretrained' is deprecated since 0.13 and may be removed in the future, please use 'weights' instead.
  warnings.warn(
/home/s21_yhr/miniconda3/envs/GGA/lib/python3.11/site-packages/torchvision/models/_utils.py:223: UserWarning: Arguments other than a weight enum or `None` for 'weights' are deprecated since 0.13 and may be removed in the future. The current behavior is equivalent to passing `weights=ResNet50_Weights.IMAGENET1K_V1`. You can also use `weights=ResNet50_Weights.DEFAULT` to get the most up-to-date weights.
  warnings.warn(msg)
[36mINFO[0m 08/02 04:15:41 | 0.590909    0.648148    0.000000    0.734655    0.571501    0.811813    1.490119    0.622222    0.671233    0.723256    0.798077    0.900370    0.590909    0.571501    0.648148    0.622222    2700        293.877551  0.059727    0.893298    0.346513    3.064645   
/home/s21_yhr/miniconda3/envs/GGA/lib/python3.11/site-packages/torchvision/models/_utils.py:208: UserWarning: The parameter 'pretrained' is deprecated since 0.13 and may be removed in the future, please use 'weights' instead.
  warnings.warn(
/home/s21_yhr/miniconda3/envs/GGA/lib/python3.11/site-packages/torchvision/models/_utils.py:223: UserWarning: Arguments other than a weight enum or `None` for 'weights' are deprecated since 0.13 and may be removed in the future. The current behavior is equivalent to passing `weights=ResNet50_Weights.IMAGENET1K_V1`. You can also use `weights=ResNet50_Weights.DEFAULT` to get the most up-to-date weights.
  warnings.warn(msg)
[36mINFO[0m 08/02 04:17:11 | 0.568182    0.629630    0.000000    0.737421    0.596774    0.810551    1.650732    0.669444    0.657534    0.724806    0.817308    0.896296    0.568182    0.596774    0.629630    0.669444    2800        304.761905  0.054360    0.893292    0.354432    3.064645   
/home/s21_yhr/miniconda3/envs/GGA/lib/python3.11/site-packages/torchvision/models/_utils.py:208: UserWarning: The parameter 'pretrained' is deprecated since 0.13 and may be removed in the future, please use 'weights' instead.
  warnings.warn(
/home/s21_yhr/miniconda3/envs/GGA/lib/python3.11/site-packages/torchvision/models/_utils.py:223: UserWarning: Arguments other than a weight enum or `None` for 'weights' are deprecated since 0.13 and may be removed in the future. The current behavior is equivalent to passing `weights=ResNet50_Weights.IMAGENET1K_V1`. You can also use `weights=ResNet50_Weights.DEFAULT` to get the most up-to-date weights.
  warnings.warn(msg)
[36mINFO[0m 08/02 04:18:41 | 0.590909    0.611111    0.000000    0.681178    0.594446    0.806266    1.568720    0.636111    0.602740    0.706977    0.759615    0.905556    0.590909    0.594446    0.611111    0.636111    2900        315.646259  0.046578    0.894414    0.350162    3.064645   
/home/s21_yhr/miniconda3/envs/GGA/lib/python3.11/site-packages/torchvision/models/_utils.py:208: UserWarning: The parameter 'pretrained' is deprecated since 0.13 and may be removed in the future, please use 'weights' instead.
  warnings.warn(
/home/s21_yhr/miniconda3/envs/GGA/lib/python3.11/site-packages/torchvision/models/_utils.py:223: UserWarning: Arguments other than a weight enum or `None` for 'weights' are deprecated since 0.13 and may be removed in the future. The current behavior is equivalent to passing `weights=ResNet50_Weights.IMAGENET1K_V1`. You can also use `weights=ResNet50_Weights.DEFAULT` to get the most up-to-date weights.
  warnings.warn(msg)
[36mINFO[0m 08/02 04:20:10 | 0.559091    0.648148    0.000000    0.740187    0.594488    0.798346    1.703901    0.694444    0.643836    0.725581    0.836538    0.871111    0.559091    0.594488    0.648148    0.694444    3000        326.530612  0.039493    0.892922    0.349766    3.064645   
/home/s21_yhr/miniconda3/envs/GGA/lib/python3.11/site-packages/torchvision/models/_utils.py:208: UserWarning: The parameter 'pretrained' is deprecated since 0.13 and may be removed in the future, please use 'weights' instead.
  warnings.warn(
/home/s21_yhr/miniconda3/envs/GGA/lib/python3.11/site-packages/torchvision/models/_utils.py:223: UserWarning: Arguments other than a weight enum or `None` for 'weights' are deprecated since 0.13 and may be removed in the future. The current behavior is equivalent to passing `weights=ResNet50_Weights.IMAGENET1K_V1`. You can also use `weights=ResNet50_Weights.DEFAULT` to get the most up-to-date weights.
  warnings.warn(msg)
[36mINFO[0m 08/02 04:21:41 | 0.581818    0.648148    0.000000    0.695601    0.570951    0.777347    1.780105    0.606944    0.602740    0.680620    0.788462    0.874074    0.581818    0.570951    0.648148    0.606944    3100        337.414966  0.053117    0.908145    0.359891    3.065072   
/home/s21_yhr/miniconda3/envs/GGA/lib/python3.11/site-packages/torchvision/models/_utils.py:208: UserWarning: The parameter 'pretrained' is deprecated since 0.13 and may be removed in the future, please use 'weights' instead.
  warnings.warn(
/home/s21_yhr/miniconda3/envs/GGA/lib/python3.11/site-packages/torchvision/models/_utils.py:223: UserWarning: Arguments other than a weight enum or `None` for 'weights' are deprecated since 0.13 and may be removed in the future. The current behavior is equivalent to passing `weights=ResNet50_Weights.IMAGENET1K_V1`. You can also use `weights=ResNet50_Weights.DEFAULT` to get the most up-to-date weights.
  warnings.warn(msg)
[36mINFO[0m 08/02 04:23:12 | 0.581818    0.611111    0.000000    0.690068    0.619592    0.771753    1.874176    0.679167    0.630137    0.703876    0.750000    0.839630    0.581818    0.619592    0.611111    0.679167    3200        348.299320  0.052026    0.900424    0.354924    3.065072   
/home/s21_yhr/miniconda3/envs/GGA/lib/python3.11/site-packages/torchvision/models/_utils.py:208: UserWarning: The parameter 'pretrained' is deprecated since 0.13 and may be removed in the future, please use 'weights' instead.
  warnings.warn(
/home/s21_yhr/miniconda3/envs/GGA/lib/python3.11/site-packages/torchvision/models/_utils.py:223: UserWarning: Arguments other than a weight enum or `None` for 'weights' are deprecated since 0.13 and may be removed in the future. The current behavior is equivalent to passing `weights=ResNet50_Weights.IMAGENET1K_V1`. You can also use `weights=ResNet50_Weights.DEFAULT` to get the most up-to-date weights.
  warnings.warn(msg)
[36mINFO[0m 08/02 04:24:50 | 0.563636    0.611111    0.000000    0.703767    0.560748    0.773269    1.639832    0.618056    0.657534    0.705426    0.750000    0.841111    0.563636    0.560748    0.611111    0.618056    3300        359.183673  0.065722    0.974898    0.355697    3.065072   
/home/s21_yhr/miniconda3/envs/GGA/lib/python3.11/site-packages/torchvision/models/_utils.py:208: UserWarning: The parameter 'pretrained' is deprecated since 0.13 and may be removed in the future, please use 'weights' instead.
  warnings.warn(
/home/s21_yhr/miniconda3/envs/GGA/lib/python3.11/site-packages/torchvision/models/_utils.py:223: UserWarning: Arguments other than a weight enum or `None` for 'weights' are deprecated since 0.13 and may be removed in the future. The current behavior is equivalent to passing `weights=ResNet50_Weights.IMAGENET1K_V1`. You can also use `weights=ResNet50_Weights.DEFAULT` to get the most up-to-date weights.
  warnings.warn(msg)
[36mINFO[0m 08/02 04:26:29 | 0.600000    0.500000    0.000000    0.676370    0.555330    0.802498    1.878992    0.545833    0.602740    0.712403    0.750000    0.892593    0.600000    0.555330    0.500000    0.545833    3400        370.068027  0.054750    0.992969    0.349305    3.065072   
/home/s21_yhr/miniconda3/envs/GGA/lib/python3.11/site-packages/torchvision/models/_utils.py:208: UserWarning: The parameter 'pretrained' is deprecated since 0.13 and may be removed in the future, please use 'weights' instead.
  warnings.warn(
/home/s21_yhr/miniconda3/envs/GGA/lib/python3.11/site-packages/torchvision/models/_utils.py:223: UserWarning: Arguments other than a weight enum or `None` for 'weights' are deprecated since 0.13 and may be removed in the future. The current behavior is equivalent to passing `weights=ResNet50_Weights.IMAGENET1K_V1`. You can also use `weights=ResNet50_Weights.DEFAULT` to get the most up-to-date weights.
  warnings.warn(msg)
[36mINFO[0m 08/02 04:28:09 | 0.550000    0.555556    0.000000    0.772392    0.553213    0.818226    1.553897    0.602778    0.698630    0.720155    0.846154    0.916296    0.550000    0.553213    0.555556    0.602778    3500        380.952381  0.059955    0.991194    0.349818    3.065072   
/home/s21_yhr/miniconda3/envs/GGA/lib/python3.11/site-packages/torchvision/models/_utils.py:208: UserWarning: The parameter 'pretrained' is deprecated since 0.13 and may be removed in the future, please use 'weights' instead.
  warnings.warn(
/home/s21_yhr/miniconda3/envs/GGA/lib/python3.11/site-packages/torchvision/models/_utils.py:223: UserWarning: Arguments other than a weight enum or `None` for 'weights' are deprecated since 0.13 and may be removed in the future. The current behavior is equivalent to passing `weights=ResNet50_Weights.IMAGENET1K_V1`. You can also use `weights=ResNet50_Weights.DEFAULT` to get the most up-to-date weights.
  warnings.warn(msg)
[36mINFO[0m 08/02 04:29:47 | 0.509091    0.592593    0.000000    0.724447    0.541656    0.783036    1.946702    0.618056    0.602740    0.678295    0.846154    0.887778    0.509091    0.541656    0.592593    0.618056    3600        391.836735  0.036995    0.980451    0.371481    3.065072   
/home/s21_yhr/miniconda3/envs/GGA/lib/python3.11/site-packages/torchvision/models/_utils.py:208: UserWarning: The parameter 'pretrained' is deprecated since 0.13 and may be removed in the future, please use 'weights' instead.
  warnings.warn(
/home/s21_yhr/miniconda3/envs/GGA/lib/python3.11/site-packages/torchvision/models/_utils.py:223: UserWarning: Arguments other than a weight enum or `None` for 'weights' are deprecated since 0.13 and may be removed in the future. The current behavior is equivalent to passing `weights=ResNet50_Weights.IMAGENET1K_V1`. You can also use `weights=ResNet50_Weights.DEFAULT` to get the most up-to-date weights.
  warnings.warn(msg)
[36mINFO[0m 08/02 04:31:26 | 0.550000    0.611111    0.000000    0.757969    0.591567    0.826507    1.642920    0.675000    0.698630    0.751163    0.817308    0.901852    0.550000    0.591567    0.611111    0.675000    3700        402.721088  0.043995    0.982460    0.352781    3.065072   
/home/s21_yhr/miniconda3/envs/GGA/lib/python3.11/site-packages/torchvision/models/_utils.py:208: UserWarning: The parameter 'pretrained' is deprecated since 0.13 and may be removed in the future, please use 'weights' instead.
  warnings.warn(
/home/s21_yhr/miniconda3/envs/GGA/lib/python3.11/site-packages/torchvision/models/_utils.py:223: UserWarning: Arguments other than a weight enum or `None` for 'weights' are deprecated since 0.13 and may be removed in the future. The current behavior is equivalent to passing `weights=ResNet50_Weights.IMAGENET1K_V1`. You can also use `weights=ResNet50_Weights.DEFAULT` to get the most up-to-date weights.
  warnings.warn(msg)
[36mINFO[0m 08/02 04:33:03 | 0.577273    0.703704    0.000000    0.714107    0.575099    0.802929    1.525563    0.681944    0.630137    0.698450    0.798077    0.907407    0.577273    0.575099    0.703704    0.681944    3800        413.605442  0.043514    0.966270    0.346206    3.065072   
/home/s21_yhr/miniconda3/envs/GGA/lib/python3.11/site-packages/torchvision/models/_utils.py:208: UserWarning: The parameter 'pretrained' is deprecated since 0.13 and may be removed in the future, please use 'weights' instead.
  warnings.warn(
/home/s21_yhr/miniconda3/envs/GGA/lib/python3.11/site-packages/torchvision/models/_utils.py:223: UserWarning: Arguments other than a weight enum or `None` for 'weights' are deprecated since 0.13 and may be removed in the future. The current behavior is equivalent to passing `weights=ResNet50_Weights.IMAGENET1K_V1`. You can also use `weights=ResNet50_Weights.DEFAULT` to get the most up-to-date weights.
  warnings.warn(msg)
[36mINFO[0m 08/02 04:34:34 | 0.559091    0.592593    0.000000    0.736697    0.591059    0.812102    1.551199    0.638889    0.684932    0.727907    0.788462    0.896296    0.559091    0.591059    0.592593    0.638889    3900        424.489796  0.046752    0.904832    0.342293    3.065072   
/home/s21_yhr/miniconda3/envs/GGA/lib/python3.11/site-packages/torchvision/models/_utils.py:208: UserWarning: The parameter 'pretrained' is deprecated since 0.13 and may be removed in the future, please use 'weights' instead.
  warnings.warn(
/home/s21_yhr/miniconda3/envs/GGA/lib/python3.11/site-packages/torchvision/models/_utils.py:223: UserWarning: Arguments other than a weight enum or `None` for 'weights' are deprecated since 0.13 and may be removed in the future. The current behavior is equivalent to passing `weights=ResNet50_Weights.IMAGENET1K_V1`. You can also use `weights=ResNet50_Weights.DEFAULT` to get the most up-to-date weights.
  warnings.warn(msg)
[36mINFO[0m 08/02 04:36:04 | 0.563636    0.537037    0.000000    0.739463    0.580306    0.794638    1.628974    0.609722    0.671233    0.683721    0.807692    0.905556    0.563636    0.580306    0.537037    0.609722    4000        435.374150  0.045261    0.901800    0.343382    3.065072   
/home/s21_yhr/miniconda3/envs/GGA/lib/python3.11/site-packages/torchvision/models/_utils.py:208: UserWarning: The parameter 'pretrained' is deprecated since 0.13 and may be removed in the future, please use 'weights' instead.
  warnings.warn(
/home/s21_yhr/miniconda3/envs/GGA/lib/python3.11/site-packages/torchvision/models/_utils.py:223: UserWarning: Arguments other than a weight enum or `None` for 'weights' are deprecated since 0.13 and may be removed in the future. The current behavior is equivalent to passing `weights=ResNet50_Weights.IMAGENET1K_V1`. You can also use `weights=ResNet50_Weights.DEFAULT` to get the most up-to-date weights.
  warnings.warn(msg)
[36mINFO[0m 08/02 04:37:34 | 0.518182    0.629630    0.000000    0.722998    0.568876    0.812476    1.606461    0.640278    0.657534    0.736434    0.788462    0.888519    0.518182    0.568876    0.629630    0.640278    4100        446.258503  0.044522    0.892604    0.332821    3.065072   
/home/s21_yhr/miniconda3/envs/GGA/lib/python3.11/site-packages/torchvision/models/_utils.py:208: UserWarning: The parameter 'pretrained' is deprecated since 0.13 and may be removed in the future, please use 'weights' instead.
  warnings.warn(
/home/s21_yhr/miniconda3/envs/GGA/lib/python3.11/site-packages/torchvision/models/_utils.py:223: UserWarning: Arguments other than a weight enum or `None` for 'weights' are deprecated since 0.13 and may be removed in the future. The current behavior is equivalent to passing `weights=ResNet50_Weights.IMAGENET1K_V1`. You can also use `weights=ResNet50_Weights.DEFAULT` to get the most up-to-date weights.
  warnings.warn(msg)
[36mINFO[0m 08/02 04:39:04 | 0.527273    0.611111    0.000000    0.736104    0.586657    0.799877    1.858638    0.634722    0.616438    0.673643    0.855769    0.926111    0.527273    0.586657    0.611111    0.634722    4200        457.142857  0.035686    0.897874    0.332278    3.065072   
/home/s21_yhr/miniconda3/envs/GGA/lib/python3.11/site-packages/torchvision/models/_utils.py:208: UserWarning: The parameter 'pretrained' is deprecated since 0.13 and may be removed in the future, please use 'weights' instead.
  warnings.warn(
/home/s21_yhr/miniconda3/envs/GGA/lib/python3.11/site-packages/torchvision/models/_utils.py:223: UserWarning: Arguments other than a weight enum or `None` for 'weights' are deprecated since 0.13 and may be removed in the future. The current behavior is equivalent to passing `weights=ResNet50_Weights.IMAGENET1K_V1`. You can also use `weights=ResNet50_Weights.DEFAULT` to get the most up-to-date weights.
  warnings.warn(msg)
[36mINFO[0m 08/02 04:40:34 | 0.513636    0.537037    0.000000    0.769626    0.552747    0.794630    1.591699    0.611111    0.712329    0.700000    0.826923    0.889259    0.513636    0.552747    0.537037    0.611111    4300        468.027211  0.046386    0.899563    0.339488    3.065072   
/home/s21_yhr/miniconda3/envs/GGA/lib/python3.11/site-packages/torchvision/models/_utils.py:208: UserWarning: The parameter 'pretrained' is deprecated since 0.13 and may be removed in the future, please use 'weights' instead.
  warnings.warn(
/home/s21_yhr/miniconda3/envs/GGA/lib/python3.11/site-packages/torchvision/models/_utils.py:223: UserWarning: Arguments other than a weight enum or `None` for 'weights' are deprecated since 0.13 and may be removed in the future. The current behavior is equivalent to passing `weights=ResNet50_Weights.IMAGENET1K_V1`. You can also use `weights=ResNet50_Weights.DEFAULT` to get the most up-to-date weights.
  warnings.warn(msg)
[36mINFO[0m 08/02 04:42:04 | 0.586364    0.592593    0.000000    0.751844    0.601812    0.812211    1.517765    0.631944    0.657534    0.695349    0.846154    0.929074    0.586364    0.601812    0.592593    0.631944    4400        478.911565  0.037628    0.891956    0.331392    3.065072   
/home/s21_yhr/miniconda3/envs/GGA/lib/python3.11/site-packages/torchvision/models/_utils.py:208: UserWarning: The parameter 'pretrained' is deprecated since 0.13 and may be removed in the future, please use 'weights' instead.
  warnings.warn(
/home/s21_yhr/miniconda3/envs/GGA/lib/python3.11/site-packages/torchvision/models/_utils.py:223: UserWarning: Arguments other than a weight enum or `None` for 'weights' are deprecated since 0.13 and may be removed in the future. The current behavior is equivalent to passing `weights=ResNet50_Weights.IMAGENET1K_V1`. You can also use `weights=ResNet50_Weights.DEFAULT` to get the most up-to-date weights.
  warnings.warn(msg)
[36mINFO[0m 08/02 04:43:34 | 0.595455    0.629630    0.000000    0.739463    0.600627    0.811938    1.784064    0.670833    0.671233    0.737209    0.807692    0.886667    0.595455    0.600627    0.629630    0.670833    4500        489.795918  0.051016    0.898646    0.336308    3.065072   
/home/s21_yhr/miniconda3/envs/GGA/lib/python3.11/site-packages/torchvision/models/_utils.py:208: UserWarning: The parameter 'pretrained' is deprecated since 0.13 and may be removed in the future, please use 'weights' instead.
  warnings.warn(
/home/s21_yhr/miniconda3/envs/GGA/lib/python3.11/site-packages/torchvision/models/_utils.py:223: UserWarning: Arguments other than a weight enum or `None` for 'weights' are deprecated since 0.13 and may be removed in the future. The current behavior is equivalent to passing `weights=ResNet50_Weights.IMAGENET1K_V1`. You can also use `weights=ResNet50_Weights.DEFAULT` to get the most up-to-date weights.
  warnings.warn(msg)
[36mINFO[0m 08/02 04:45:05 | 0.554545    0.648148    0.000000    0.687302    0.535010    0.805159    2.369418    0.680556    0.643836    0.715504    0.730769    0.894815    0.554545    0.535010    0.648148    0.680556    4600        500.680272  0.041932    0.903160    0.319773    3.065072   
/home/s21_yhr/miniconda3/envs/GGA/lib/python3.11/site-packages/torchvision/models/_utils.py:208: UserWarning: The parameter 'pretrained' is deprecated since 0.13 and may be removed in the future, please use 'weights' instead.
  warnings.warn(
/home/s21_yhr/miniconda3/envs/GGA/lib/python3.11/site-packages/torchvision/models/_utils.py:223: UserWarning: Arguments other than a weight enum or `None` for 'weights' are deprecated since 0.13 and may be removed in the future. The current behavior is equivalent to passing `weights=ResNet50_Weights.IMAGENET1K_V1`. You can also use `weights=ResNet50_Weights.DEFAULT` to get the most up-to-date weights.
  warnings.warn(msg)
[36mINFO[0m 08/02 04:46:34 | 0.627273    0.666667    0.000000    0.701726    0.579290    0.780039    2.381283    0.661111    0.643836    0.693411    0.759615    0.866667    0.627273    0.579290    0.666667    0.661111    4700        511.564626  0.039625    0.892382    0.338417    3.065072   
/home/s21_yhr/miniconda3/envs/GGA/lib/python3.11/site-packages/torchvision/models/_utils.py:208: UserWarning: The parameter 'pretrained' is deprecated since 0.13 and may be removed in the future, please use 'weights' instead.
  warnings.warn(
/home/s21_yhr/miniconda3/envs/GGA/lib/python3.11/site-packages/torchvision/models/_utils.py:223: UserWarning: Arguments other than a weight enum or `None` for 'weights' are deprecated since 0.13 and may be removed in the future. The current behavior is equivalent to passing `weights=ResNet50_Weights.IMAGENET1K_V1`. You can also use `weights=ResNet50_Weights.DEFAULT` to get the most up-to-date weights.
  warnings.warn(msg)
[36mINFO[0m 08/02 04:48:05 | 0.613636    0.629630    0.000000    0.716149    0.593684    0.788971    2.024773    0.655556    0.643836    0.728682    0.788462    0.849259    0.613636    0.593684    0.629630    0.655556    4800        522.448980  0.045296    0.900658    0.328451    3.065072   
/home/s21_yhr/miniconda3/envs/GGA/lib/python3.11/site-packages/torchvision/models/_utils.py:208: UserWarning: The parameter 'pretrained' is deprecated since 0.13 and may be removed in the future, please use 'weights' instead.
  warnings.warn(
/home/s21_yhr/miniconda3/envs/GGA/lib/python3.11/site-packages/torchvision/models/_utils.py:223: UserWarning: Arguments other than a weight enum or `None` for 'weights' are deprecated since 0.13 and may be removed in the future. The current behavior is equivalent to passing `weights=ResNet50_Weights.IMAGENET1K_V1`. You can also use `weights=ResNet50_Weights.DEFAULT` to get the most up-to-date weights.
  warnings.warn(msg)
[36mINFO[0m 08/02 04:49:34 | 0.581818    0.629630    0.000000    0.784773    0.587207    0.816400    1.387518    0.662500    0.684932    0.704651    0.884615    0.928148    0.581818    0.587207    0.629630    0.662500    4900        533.333333  0.053084    0.894901    0.329389    3.065072   
/home/s21_yhr/miniconda3/envs/GGA/lib/python3.11/site-packages/torchvision/models/_utils.py:208: UserWarning: The parameter 'pretrained' is deprecated since 0.13 and may be removed in the future, please use 'weights' instead.
  warnings.warn(
/home/s21_yhr/miniconda3/envs/GGA/lib/python3.11/site-packages/torchvision/models/_utils.py:223: UserWarning: Arguments other than a weight enum or `None` for 'weights' are deprecated since 0.13 and may be removed in the future. The current behavior is equivalent to passing `weights=ResNet50_Weights.IMAGENET1K_V1`. You can also use `weights=ResNet50_Weights.DEFAULT` to get the most up-to-date weights.
  warnings.warn(msg)
[36mINFO[0m 08/02 04:51:04 | 0.518182    0.555556    0.000000    0.751120    0.586149    0.819078    1.284223    0.670833    0.684932    0.741860    0.817308    0.896296    0.518182    0.586149    0.555556    0.670833    5000        544.217687  0.039507    0.888833    0.325291    3.065072   
[36mINFO[0m 08/02 04:51:04 | ---
[36mINFO[0m 08/02 04:51:04 | oracle = 57.727%
[36mINFO[0m 08/02 04:51:04 | iid = 58.182%
[36mINFO[0m 08/02 04:51:04 | last = 51.818%
[36mINFO[0m 08/02 04:51:04 | last (inD) = 75.112%
[36mINFO[0m 08/02 04:51:04 | iid (inD) = 78.477%
[36mINFO[0m 08/02 04:51:04 | === Summary ===
[36mINFO[0m 08/02 04:51:04 | Command: /home/s21_yhr/lzh/DomainBed-new/train_all.py HTP_Fish_seed3 --dataset HTP --data_dir /home/s21_yhr/lzh/DomainBed-new/dataset --algorithm Fish --steps 5000 --checkpoint_freq 100 --batch_size 32 --optimizer adam --lr 5e-5 --weight_decay 0 --resnet_dropout 0 --resnet18 False --pretrained True --freeze_bn True --swad False --seed 3 --trial_seed 3 --deterministic --prebuild_loader --cache_size 640 --meta_lr 0.5
[36mINFO[0m 08/02 04:51:04 | Unique name: 260802_01-02-09_HTP_Fish_seed3
[36mINFO[0m 08/02 04:51:04 | Out path: train_output/HTP/260802_01-02-09_HTP_Fish_seed3
[36mINFO[0m 08/02 04:51:04 | Algorithm: Fish
[36mINFO[0m 08/02 04:51:04 | Dataset: HTP
+------------+---------+---------+---------+---------+
| Selection  |    00   |    01   |    02   |   Avg.  |
+------------+---------+---------+---------+---------+
|   oracle   | 54.762% | 57.279% | 57.727% | 56.589% |
|    iid     | 53.401% | 57.279% | 58.182% | 56.287% |
|    last    | 54.082% | 54.177% | 51.818% | 53.359% |
| last (inD) | 65.830% | 64.117% | 75.112% | 68.353% |
| iid (inD)  | 76.638% | 77.004% | 78.477% | 77.373% |
+------------+---------+---------+---------+---------+
================================================================================
Starting Fish, seed=4, physical GPU=2
/home/s21_yhr/miniconda3/envs/GGA/bin/python /home/s21_yhr/lzh/DomainBed-new/train_all.py HTP_Fish_seed4 --dataset HTP --data_dir /home/s21_yhr/lzh/DomainBed-new/dataset --algorithm Fish --steps 5000 --checkpoint_freq 100 --batch_size 32 --optimizer adam --lr 5e-5 --weight_decay 0 --resnet_dropout 0 --resnet18 False --pretrained True --freeze_bn True --swad False --seed 4 --trial_seed 4 --deterministic --prebuild_loader --cache_size 640 --meta_lr 0.5
================================================================================
[36mINFO[0m 08/02 04:51:10 | Command :: /home/s21_yhr/lzh/DomainBed-new/train_all.py HTP_Fish_seed4 --dataset HTP --data_dir /home/s21_yhr/lzh/DomainBed-new/dataset --algorithm Fish --steps 5000 --checkpoint_freq 100 --batch_size 32 --optimizer adam --lr 5e-5 --weight_decay 0 --resnet_dropout 0 --resnet18 False --pretrained True --freeze_bn True --swad False --seed 4 --trial_seed 4 --deterministic --prebuild_loader --cache_size 640 --meta_lr 0.5
Environment:
	Python: 3.11.15
	PyTorch: 2.11.0+cu128
	Torchvision: 0.26.0+cu128
	CUDA: 12.8
	CUDNN: 91900
	NumPy: 1.26.4
	PIL: 12.2.0
Args:
	algorithm: Fish
	batch_size: 32
	cache_root: cache
	cache_size: 640
	checkpoint_freq: 100
	configs: []
	data_dir: /home/s21_yhr/lzh/DomainBed-new/dataset
	dataset: HTP
	debug: False
	deterministic: True
	end_step: 200
	evalmode: fast
	extra_search: n
	extra_search_end: None
	extra_search_start: None
	gga_l_gamma: 0.001
	grad_fn: sum
	holdout_fraction: 0.2
	model_save: None
	name: HTP_Fish_seed4
	neighborhoodSize: 1e-06
	out_dir: train_output/HTP/260802_04-51-10_HTP_Fish_seed4
	out_root: train_output/HTP
	prebuild_loader: True
	seed: 4
	show: False
	start_step: 100
	steps: 5000
	tb_freq: 10
	test_envs: None
	train_output: train_output
	trial_seed: 4
	unique_name: 260802_04-51-10_HTP_Fish_seed4
	work_dir: .
HParams:
	data_augmentation: True
	val_augment: False
	[36mresnet18: False
	[0m[36mresnet_dropout: 0
	[0mclass_balanced: False
	[36moptimizer: adam
	[0m[36mfreeze_bn: True
	[0m[36mpretrained: True
	[0m[36mlr: 5e-05
	[0mbatch_size: 32
	[36mweight_decay: 0
	[0m[36mmeta_lr: 0.5
	[0m[36mswad: False
	[0mswad_kwargs: 
	  n_converge: 3
	  n_tolerance: 6
	  tolerance_ratio: 0.3
	test_batchsize: 128
	indomain_test: False
	grad_fn: sum
	extra_search: n
	logdir: train_output/HTP/260802_04-51-10_HTP_Fish_seed4
	neighborhoodSize: 1e-06
	start_step: 100
	end_step: 200
	extra_search_start: None
	extra_search_end: None
	gga_l_gamma: 0.001
Dataset:
	[HTP] #envs=3, #classes=2
	env0: 00 (#367)
	env1: 01 (#523)
	env2: 02 (#274)

[36mINFO[0m 08/02 04:51:10 | n_steps = 5000
[36mINFO[0m 08/02 04:51:10 | checkpoint_freq = 100
[36mINFO[0m 08/02 04:51:10 | n_steps is updated to 5000 => 5001 for checkpointing
[36mINFO[0m 08/02 04:51:10 | Target test envs = [[0], [1], [2]]
[36mINFO[0m 08/02 04:51:10 | 
[36mINFO[0m 08/02 04:51:10 | Testenv name escaping te_00 -> te_00
[36mINFO[0m 08/02 04:51:10 | Test envs = [0], name = te_00
[36mINFO[0m 08/02 04:51:10 | Batch sizes for each domain: [0, 32, 32] (total=64)
[36mINFO[0m 08/02 04:51:10 | steps-per-epoch for each domain: 13.09, 6.88 -> min = 6.88
/home/s21_yhr/miniconda3/envs/GGA/lib/python3.11/site-packages/torchvision/models/_utils.py:208: UserWarning: The parameter 'pretrained' is deprecated since 0.13 and may be removed in the future, please use 'weights' instead.
  warnings.warn(
/home/s21_yhr/miniconda3/envs/GGA/lib/python3.11/site-packages/torchvision/models/_utils.py:223: UserWarning: Arguments other than a weight enum or `None` for 'weights' are deprecated since 0.13 and may be removed in the future. The current behavior is equivalent to passing `weights=ResNet50_Weights.IMAGENET1K_V1`. You can also use `weights=ResNet50_Weights.DEFAULT` to get the most up-to-date weights.
  warnings.warn(msg)
[36mINFO[0m 08/02 04:51:13 | # of params = 23512130
[36mINFO[0m 08/02 04:51:15 | test_in     test_out    train_in    train_out   test_in_au  test_out_a  train_out_  tr_outloss  env0_in     env0_in_au  env0_out    env0_out_a  env1_out    env1_out_a  env2_out    env2_out_a  step        epoch       loss        step_time   eval_time   mem_gb     
[36mINFO[0m 08/02 04:51:15 | 0.476190    0.479452    0.000000    0.574252    0.526522    0.507053    0.732101    0.680379    0.476190    0.526522    0.479452    0.507053    0.759615    0.819090    0.388889    0.645113    0           0.000000    0.825430    1.583988    0.562436    3.062448   
/home/s21_yhr/miniconda3/envs/GGA/lib/python3.11/site-packages/torchvision/models/_utils.py:208: UserWarning: The parameter 'pretrained' is deprecated since 0.13 and may be removed in the future, please use 'weights' instead.
  warnings.warn(
/home/s21_yhr/miniconda3/envs/GGA/lib/python3.11/site-packages/torchvision/models/_utils.py:223: UserWarning: Arguments other than a weight enum or `None` for 'weights' are deprecated since 0.13 and may be removed in the future. The current behavior is equivalent to passing `weights=ResNet50_Weights.IMAGENET1K_V1`. You can also use `weights=ResNet50_Weights.DEFAULT` to get the most up-to-date weights.
  warnings.warn(msg)
[36mINFO[0m 08/02 04:52:45 | 0.561224    0.520548    0.000000    0.728276    0.544816    0.449060    0.798539    0.690402    0.561224    0.544816    0.520548    0.449060    0.826923    0.924898    0.629630    0.672180    100         14.545455   0.480646    0.898500    0.390984    3.068185   
/home/s21_yhr/miniconda3/envs/GGA/lib/python3.11/site-packages/torchvision/models/_utils.py:208: UserWarning: The parameter 'pretrained' is deprecated since 0.13 and may be removed in the future, please use 'weights' instead.
  warnings.warn(
/home/s21_yhr/miniconda3/envs/GGA/lib/python3.11/site-packages/torchvision/models/_utils.py:223: UserWarning: Arguments other than a weight enum or `None` for 'weights' are deprecated since 0.13 and may be removed in the future. The current behavior is equivalent to passing `weights=ResNet50_Weights.IMAGENET1K_V1`. You can also use `weights=ResNet50_Weights.DEFAULT` to get the most up-to-date weights.
  warnings.warn(msg)
[36mINFO[0m 08/02 04:54:16 | 0.561224    0.520548    0.000000    0.751603    0.585789    0.474922    0.811404    0.824741    0.561224    0.585789    0.520548    0.474922    0.836538    0.961154    0.666667    0.661654    200         29.090909   0.246352    0.902881    0.387471    3.068185   
/home/s21_yhr/miniconda3/envs/GGA/lib/python3.11/site-packages/torchvision/models/_utils.py:208: UserWarning: The parameter 'pretrained' is deprecated since 0.13 and may be removed in the future, please use 'weights' instead.
  warnings.warn(
/home/s21_yhr/miniconda3/envs/GGA/lib/python3.11/site-packages/torchvision/models/_utils.py:223: UserWarning: Arguments other than a weight enum or `None` for 'weights' are deprecated since 0.13 and may be removed in the future. The current behavior is equivalent to passing `weights=ResNet50_Weights.IMAGENET1K_V1`. You can also use `weights=ResNet50_Weights.DEFAULT` to get the most up-to-date weights.
  warnings.warn(msg)
[36mINFO[0m 08/02 04:55:46 | 0.557823    0.520548    0.000000    0.731660    0.570371    0.464734    0.757312    1.360567    0.557823    0.570371    0.520548    0.464734    0.759615    0.886053    0.703704    0.628571    300         43.636364   0.177325    0.896439    0.390711    3.068185   
/home/s21_yhr/miniconda3/envs/GGA/lib/python3.11/site-packages/torchvision/models/_utils.py:208: UserWarning: The parameter 'pretrained' is deprecated since 0.13 and may be removed in the future, please use 'weights' instead.
  warnings.warn(
/home/s21_yhr/miniconda3/envs/GGA/lib/python3.11/site-packages/torchvision/models/_utils.py:223: UserWarning: Arguments other than a weight enum or `None` for 'weights' are deprecated since 0.13 and may be removed in the future. The current behavior is equivalent to passing `weights=ResNet50_Weights.IMAGENET1K_V1`. You can also use `weights=ResNet50_Weights.DEFAULT` to get the most up-to-date weights.
  warnings.warn(msg)
[36mINFO[0m 08/02 04:57:15 | 0.561224    0.479452    0.000000    0.741987    0.582111    0.452194    0.777511    1.094155    0.561224    0.582111    0.479452    0.452194    0.817308    0.921939    0.666667    0.633083    400         58.181818   0.143613    0.890248    0.391321    3.068795   
/home/s21_yhr/miniconda3/envs/GGA/lib/python3.11/site-packages/torchvision/models/_utils.py:208: UserWarning: The parameter 'pretrained' is deprecated since 0.13 and may be removed in the future, please use 'weights' instead.
  warnings.warn(
/home/s21_yhr/miniconda3/envs/GGA/lib/python3.11/site-packages/torchvision/models/_utils.py:223: UserWarning: Arguments other than a weight enum or `None` for 'weights' are deprecated since 0.13 and may be removed in the future. The current behavior is equivalent to passing `weights=ResNet50_Weights.IMAGENET1K_V1`. You can also use `weights=ResNet50_Weights.DEFAULT` to get the most up-to-date weights.
  warnings.warn(msg)
[36mINFO[0m 08/02 04:58:46 | 0.564626    0.506849    0.000000    0.695335    0.585600    0.481975    0.788311    1.718582    0.564626    0.585600    0.506849    0.481975    0.798077    0.934517    0.592593    0.642105    500         72.727273   0.125645    0.903317    0.391997    3.068795   
/home/s21_yhr/miniconda3/envs/GGA/lib/python3.11/site-packages/torchvision/models/_utils.py:208: UserWarning: The parameter 'pretrained' is deprecated since 0.13 and may be removed in the future, please use 'weights' instead.
  warnings.warn(
/home/s21_yhr/miniconda3/envs/GGA/lib/python3.11/site-packages/torchvision/models/_utils.py:223: UserWarning: Arguments other than a weight enum or `None` for 'weights' are deprecated since 0.13 and may be removed in the future. The current behavior is equivalent to passing `weights=ResNet50_Weights.IMAGENET1K_V1`. You can also use `weights=ResNet50_Weights.DEFAULT` to get the most up-to-date weights.
  warnings.warn(msg)
[36mINFO[0m 08/02 05:00:17 | 0.561224    0.479452    0.000000    0.719017    0.570513    0.462382    0.760951    1.818541    0.561224    0.570513    0.479452    0.462382    0.826923    0.947466    0.611111    0.574436    600         87.272727   0.113676    0.904023    0.388659    3.068795   
/home/s21_yhr/miniconda3/envs/GGA/lib/python3.11/site-packages/torchvision/models/_utils.py:208: UserWarning: The parameter 'pretrained' is deprecated since 0.13 and may be removed in the future, please use 'weights' instead.
  warnings.warn(
/home/s21_yhr/miniconda3/envs/GGA/lib/python3.11/site-packages/torchvision/models/_utils.py:223: UserWarning: Arguments other than a weight enum or `None` for 'weights' are deprecated since 0.13 and may be removed in the future. The current behavior is equivalent to passing `weights=ResNet50_Weights.IMAGENET1K_V1`. You can also use `weights=ResNet50_Weights.DEFAULT` to get the most up-to-date weights.
  warnings.warn(msg)
[36mINFO[0m 08/02 05:01:47 | 0.547619    0.547945    0.000000    0.741987    0.576170    0.469436    0.798819    1.712486    0.547619    0.576170    0.547945    0.469436    0.817308    0.960044    0.666667    0.637594    700         101.818182  0.100745    0.901488    0.386543    3.068795   
/home/s21_yhr/miniconda3/envs/GGA/lib/python3.11/site-packages/torchvision/models/_utils.py:208: UserWarning: The parameter 'pretrained' is deprecated since 0.13 and may be removed in the future, please use 'weights' instead.
  warnings.warn(
/home/s21_yhr/miniconda3/envs/GGA/lib/python3.11/site-packages/torchvision/models/_utils.py:223: UserWarning: Arguments other than a weight enum or `None` for 'weights' are deprecated since 0.13 and may be removed in the future. The current behavior is equivalent to passing `weights=ResNet50_Weights.IMAGENET1K_V1`. You can also use `weights=ResNet50_Weights.DEFAULT` to get the most up-to-date weights.
  warnings.warn(msg)
[36mINFO[0m 08/02 05:03:18 | 0.561224    0.424658    0.000000    0.728632    0.589325    0.464734    0.768219    1.452649    0.561224    0.589325    0.424658    0.464734    0.846154    0.931927    0.611111    0.604511    800         116.363636  0.110615    0.905914    0.395812    3.068978   
/home/s21_yhr/miniconda3/envs/GGA/lib/python3.11/site-packages/torchvision/models/_utils.py:208: UserWarning: The parameter 'pretrained' is deprecated since 0.13 and may be removed in the future, please use 'weights' instead.
  warnings.warn(
/home/s21_yhr/miniconda3/envs/GGA/lib/python3.11/site-packages/torchvision/models/_utils.py:223: UserWarning: Arguments other than a weight enum or `None` for 'weights' are deprecated since 0.13 and may be removed in the future. The current behavior is equivalent to passing `weights=ResNet50_Weights.IMAGENET1K_V1`. You can also use `weights=ResNet50_Weights.DEFAULT` to get the most up-to-date weights.
  warnings.warn(msg)
[36mINFO[0m 08/02 05:04:49 | 0.551020    0.424658    0.000000    0.705662    0.546796    0.365987    0.780494    1.427355    0.551020    0.546796    0.424658    0.365987    0.855769    0.924898    0.555556    0.636090    900         130.909091  0.103987    0.907572    0.394521    3.069100   
/home/s21_yhr/miniconda3/envs/GGA/lib/python3.11/site-packages/torchvision/models/_utils.py:208: UserWarning: The parameter 'pretrained' is deprecated since 0.13 and may be removed in the future, please use 'weights' instead.
  warnings.warn(
/home/s21_yhr/miniconda3/envs/GGA/lib/python3.11/site-packages/torchvision/models/_utils.py:223: UserWarning: Arguments other than a weight enum or `None` for 'weights' are deprecated since 0.13 and may be removed in the future. The current behavior is equivalent to passing `weights=ResNet50_Weights.IMAGENET1K_V1`. You can also use `weights=ResNet50_Weights.DEFAULT` to get the most up-to-date weights.
  warnings.warn(msg)
[36mINFO[0m 08/02 05:06:20 | 0.574830    0.424658    0.000000    0.700499    0.574497    0.460815    0.785954    1.970392    0.574830    0.574497    0.424658    0.460815    0.826923    0.923788    0.574074    0.648120    1000        145.454545  0.086779    0.902280    0.388860    3.069100   
/home/s21_yhr/miniconda3/envs/GGA/lib/python3.11/site-packages/torchvision/models/_utils.py:208: UserWarning: The parameter 'pretrained' is deprecated since 0.13 and may be removed in the future, please use 'weights' instead.
  warnings.warn(
/home/s21_yhr/miniconda3/envs/GGA/lib/python3.11/site-packages/torchvision/models/_utils.py:223: UserWarning: Arguments other than a weight enum or `None` for 'weights' are deprecated since 0.13 and may be removed in the future. The current behavior is equivalent to passing `weights=ResNet50_Weights.IMAGENET1K_V1`. You can also use `weights=ResNet50_Weights.DEFAULT` to get the most up-to-date weights.
  warnings.warn(msg)
[36mINFO[0m 08/02 05:07:52 | 0.568027    0.493151    0.000000    0.733796    0.574119    0.469044    0.785906    1.953497    0.568027    0.574119    0.493151    0.469044    0.875000    0.953015    0.592593    0.618797    1100        160.000000  0.087130    0.919072    0.401229    3.069100   
/home/s21_yhr/miniconda3/envs/GGA/lib/python3.11/site-packages/torchvision/models/_utils.py:208: UserWarning: The parameter 'pretrained' is deprecated since 0.13 and may be removed in the future, please use 'weights' instead.
  warnings.warn(
/home/s21_yhr/miniconda3/envs/GGA/lib/python3.11/site-packages/torchvision/models/_utils.py:223: UserWarning: Arguments other than a weight enum or `None` for 'weights' are deprecated since 0.13 and may be removed in the future. The current behavior is equivalent to passing `weights=ResNet50_Weights.IMAGENET1K_V1`. You can also use `weights=ResNet50_Weights.DEFAULT` to get the most up-to-date weights.
  warnings.warn(msg)
[36mINFO[0m 08/02 05:09:23 | 0.578231    0.424658    0.000000    0.751959    0.583526    0.431034    0.793759    1.437466    0.578231    0.583526    0.424658    0.431034    0.855769    0.934887    0.648148    0.652632    1200        174.545455  0.092416    0.906090    0.402060    3.069100   
/home/s21_yhr/miniconda3/envs/GGA/lib/python3.11/site-packages/torchvision/models/_utils.py:208: UserWarning: The parameter 'pretrained' is deprecated since 0.13 and may be removed in the future, please use 'weights' instead.
  warnings.warn(
/home/s21_yhr/miniconda3/envs/GGA/lib/python3.11/site-packages/torchvision/models/_utils.py:223: UserWarning: Arguments other than a weight enum or `None` for 'weights' are deprecated since 0.13 and may be removed in the future. The current behavior is equivalent to passing `weights=ResNet50_Weights.IMAGENET1K_V1`. You can also use `weights=ResNet50_Weights.DEFAULT` to get the most up-to-date weights.
  warnings.warn(msg)
[36mINFO[0m 08/02 05:10:54 | 0.537415    0.465753    0.000000    0.760862    0.535834    0.405172    0.792489    1.928559    0.537415    0.535834    0.465753    0.405172    0.836538    0.906030    0.685185    0.678947    1300        189.090909  0.088136    0.900162    0.393958    3.069100   
/home/s21_yhr/miniconda3/envs/GGA/lib/python3.11/site-packages/torchvision/models/_utils.py:208: UserWarning: The parameter 'pretrained' is deprecated since 0.13 and may be removed in the future, please use 'weights' instead.
  warnings.warn(
/home/s21_yhr/miniconda3/envs/GGA/lib/python3.11/site-packages/torchvision/models/_utils.py:223: UserWarning: Arguments other than a weight enum or `None` for 'weights' are deprecated since 0.13 and may be removed in the future. The current behavior is equivalent to passing `weights=ResNet50_Weights.IMAGENET1K_V1`. You can also use `weights=ResNet50_Weights.DEFAULT` to get the most up-to-date weights.
  warnings.warn(msg)
[36mINFO[0m 08/02 05:12:25 | 0.568027    0.534247    0.000000    0.737179    0.570088    0.475705    0.791187    1.813239    0.568027    0.570088    0.534247    0.475705    0.807692    0.950795    0.666667    0.631579    1400        203.636364  0.079306    0.903131    0.394539    3.070809   
/home/s21_yhr/miniconda3/envs/GGA/lib/python3.11/site-packages/torchvision/models/_utils.py:208: UserWarning: The parameter 'pretrained' is deprecated since 0.13 and may be removed in the future, please use 'weights' instead.
  warnings.warn(
/home/s21_yhr/miniconda3/envs/GGA/lib/python3.11/site-packages/torchvision/models/_utils.py:223: UserWarning: Arguments other than a weight enum or `None` for 'weights' are deprecated since 0.13 and may be removed in the future. The current behavior is equivalent to passing `weights=ResNet50_Weights.IMAGENET1K_V1`. You can also use `weights=ResNet50_Weights.DEFAULT` to get the most up-to-date weights.
  warnings.warn(msg)
[36mINFO[0m 08/02 05:13:55 | 0.588435    0.479452    0.000000    0.737536    0.595596    0.515674    0.759418    1.818726    0.588435    0.595596    0.479452    0.515674    0.826923    0.927858    0.648148    0.590977    1500        218.181818  0.076825    0.899652    0.397952    3.070809   
/home/s21_yhr/miniconda3/envs/GGA/lib/python3.11/site-packages/torchvision/models/_utils.py:208: UserWarning: The parameter 'pretrained' is deprecated since 0.13 and may be removed in the future, please use 'weights' instead.
  warnings.warn(
/home/s21_yhr/miniconda3/envs/GGA/lib/python3.11/site-packages/torchvision/models/_utils.py:223: UserWarning: Arguments other than a weight enum or `None` for 'weights' are deprecated since 0.13 and may be removed in the future. The current behavior is equivalent to passing `weights=ResNet50_Weights.IMAGENET1K_V1`. You can also use `weights=ResNet50_Weights.DEFAULT` to get the most up-to-date weights.
  warnings.warn(msg)
[36mINFO[0m 08/02 05:15:26 | 0.564626    0.465753    0.000000    0.757479    0.598661    0.498433    0.778047    2.029359    0.564626    0.598661    0.465753    0.498433    0.903846    0.948576    0.611111    0.607519    1600        232.727273  0.069907    0.902106    0.392682    3.070809   
/home/s21_yhr/miniconda3/envs/GGA/lib/python3.11/site-packages/torchvision/models/_utils.py:208: UserWarning: The parameter 'pretrained' is deprecated since 0.13 and may be removed in the future, please use 'weights' instead.
  warnings.warn(
/home/s21_yhr/miniconda3/envs/GGA/lib/python3.11/site-packages/torchvision/models/_utils.py:223: UserWarning: Arguments other than a weight enum or `None` for 'weights' are deprecated since 0.13 and may be removed in the future. The current behavior is equivalent to passing `weights=ResNet50_Weights.IMAGENET1K_V1`. You can also use `weights=ResNet50_Weights.DEFAULT` to get the most up-to-date weights.
  warnings.warn(msg)
[36mINFO[0m 08/02 05:16:56 | 0.561224    0.465753    0.000000    0.724537    0.539252    0.454545    0.787398    1.337251    0.561224    0.539252    0.465753    0.454545    0.875000    0.931188    0.574074    0.643609    1700        247.272727  0.081709    0.904895    0.397226    3.070809   
/home/s21_yhr/miniconda3/envs/GGA/lib/python3.11/site-packages/torchvision/models/_utils.py:208: UserWarning: The parameter 'pretrained' is deprecated since 0.13 and may be removed in the future, please use 'weights' instead.
  warnings.warn(
/home/s21_yhr/miniconda3/envs/GGA/lib/python3.11/site-packages/torchvision/models/_utils.py:223: UserWarning: Arguments other than a weight enum or `None` for 'weights' are deprecated since 0.13 and may be removed in the future. The current behavior is equivalent to passing `weights=ResNet50_Weights.IMAGENET1K_V1`. You can also use `weights=ResNet50_Weights.DEFAULT` to get the most up-to-date weights.
  warnings.warn(msg)
[36mINFO[0m 08/02 05:18:27 | 0.551020    0.520548    0.000000    0.713497    0.585553    0.485893    0.785262    1.616258    0.551020    0.585553    0.520548    0.485893    0.778846    0.916389    0.648148    0.654135    1800        261.818182  0.077700    0.906318    0.394964    3.070809   
/home/s21_yhr/miniconda3/envs/GGA/lib/python3.11/site-packages/torchvision/models/_utils.py:208: UserWarning: The parameter 'pretrained' is deprecated since 0.13 and may be removed in the future, please use 'weights' instead.
  warnings.warn(
/home/s21_yhr/miniconda3/envs/GGA/lib/python3.11/site-packages/torchvision/models/_utils.py:223: UserWarning: Arguments other than a weight enum or `None` for 'weights' are deprecated since 0.13 and may be removed in the future. The current behavior is equivalent to passing `weights=ResNet50_Weights.IMAGENET1K_V1`. You can also use `weights=ResNet50_Weights.DEFAULT` to get the most up-to-date weights.
  warnings.warn(msg)
[36mINFO[0m 08/02 05:19:58 | 0.585034    0.561644    0.000000    0.714566    0.599533    0.499216    0.782350    2.001832    0.585034    0.599533    0.561644    0.499216    0.836538    0.951165    0.592593    0.613534    1900        276.363636  0.085673    0.901608    0.395906    3.070809   
/home/s21_yhr/miniconda3/envs/GGA/lib/python3.11/site-packages/torchvision/models/_utils.py:208: UserWarning: The parameter 'pretrained' is deprecated since 0.13 and may be removed in the future, please use 'weights' instead.
  warnings.warn(
/home/s21_yhr/miniconda3/envs/GGA/lib/python3.11/site-packages/torchvision/models/_utils.py:223: UserWarning: Arguments other than a weight enum or `None` for 'weights' are deprecated since 0.13 and may be removed in the future. The current behavior is equivalent to passing `weights=ResNet50_Weights.IMAGENET1K_V1`. You can also use `weights=ResNet50_Weights.DEFAULT` to get the most up-to-date weights.
  warnings.warn(msg)
[36mINFO[0m 08/02 05:21:33 | 0.591837    0.438356    0.000000    0.742343    0.580720    0.486677    0.786658    1.919940    0.591837    0.580720    0.438356    0.486677    0.836538    0.929708    0.648148    0.643609    2000        290.909091  0.070167    0.948587    0.409310    3.070809   
/home/s21_yhr/miniconda3/envs/GGA/lib/python3.11/site-packages/torchvision/models/_utils.py:208: UserWarning: The parameter 'pretrained' is deprecated since 0.13 and may be removed in the future, please use 'weights' instead.
  warnings.warn(
/home/s21_yhr/miniconda3/envs/GGA/lib/python3.11/site-packages/torchvision/models/_utils.py:223: UserWarning: Arguments other than a weight enum or `None` for 'weights' are deprecated since 0.13 and may be removed in the future. The current behavior is equivalent to passing `weights=ResNet50_Weights.IMAGENET1K_V1`. You can also use `weights=ResNet50_Weights.DEFAULT` to get the most up-to-date weights.
  warnings.warn(msg)
[36mINFO[0m 08/02 05:23:17 | 0.564626    0.452055    0.000000    0.694979    0.572611    0.420063    0.787431    1.986104    0.564626    0.572611    0.452055    0.420063    0.778846    0.915464    0.611111    0.659398    2100        305.454545  0.062713    1.035713    0.404879    3.070809   
/home/s21_yhr/miniconda3/envs/GGA/lib/python3.11/site-packages/torchvision/models/_utils.py:208: UserWarning: The parameter 'pretrained' is deprecated since 0.13 and may be removed in the future, please use 'weights' instead.
  warnings.warn(
/home/s21_yhr/miniconda3/envs/GGA/lib/python3.11/site-packages/torchvision/models/_utils.py:223: UserWarning: Arguments other than a weight enum or `None` for 'weights' are deprecated since 0.13 and may be removed in the future. The current behavior is equivalent to passing `weights=ResNet50_Weights.IMAGENET1K_V1`. You can also use `weights=ResNet50_Weights.DEFAULT` to get the most up-to-date weights.
  warnings.warn(msg)
[36mINFO[0m 08/02 05:25:00 | 0.564626    0.452055    0.000000    0.728276    0.557428    0.446708    0.778143    1.954563    0.564626    0.557428    0.452055    0.446708    0.826923    0.936737    0.629630    0.619549    2200        320.000000  0.068387    1.018718    0.422637    3.070809   
/home/s21_yhr/miniconda3/envs/GGA/lib/python3.11/site-packages/torchvision/models/_utils.py:208: UserWarning: The parameter 'pretrained' is deprecated since 0.13 and may be removed in the future, please use 'weights' instead.
  warnings.warn(
/home/s21_yhr/miniconda3/envs/GGA/lib/python3.11/site-packages/torchvision/models/_utils.py:223: UserWarning: Arguments other than a weight enum or `None` for 'weights' are deprecated since 0.13 and may be removed in the future. The current behavior is equivalent to passing `weights=ResNet50_Weights.IMAGENET1K_V1`. You can also use `weights=ResNet50_Weights.DEFAULT` to get the most up-to-date weights.
  warnings.warn(msg)
[36mINFO[0m 08/02 05:26:41 | 0.561224    0.452055    0.000000    0.746795    0.595808    0.501567    0.800333    2.161974    0.561224    0.595808    0.452055    0.501567    0.826923    0.923973    0.666667    0.676692    2300        334.545455  0.072055    1.012626    0.412923    3.070809   
/home/s21_yhr/miniconda3/envs/GGA/lib/python3.11/site-packages/torchvision/models/_utils.py:208: UserWarning: The parameter 'pretrained' is deprecated since 0.13 and may be removed in the future, please use 'weights' instead.
  warnings.warn(
/home/s21_yhr/miniconda3/envs/GGA/lib/python3.11/site-packages/torchvision/models/_utils.py:223: UserWarning: Arguments other than a weight enum or `None` for 'weights' are deprecated since 0.13 and may be removed in the future. The current behavior is equivalent to passing `weights=ResNet50_Weights.IMAGENET1K_V1`. You can also use `weights=ResNet50_Weights.DEFAULT` to get the most up-to-date weights.
  warnings.warn(msg)
[36mINFO[0m 08/02 05:28:23 | 0.551020    0.438356    0.000000    0.733084    0.570513    0.470219    0.788735    1.944460    0.551020    0.570513    0.438356    0.470219    0.836538    0.928598    0.629630    0.648872    2400        349.090909  0.061036    1.008578    0.408898    3.070809   
/home/s21_yhr/miniconda3/envs/GGA/lib/python3.11/site-packages/torchvision/models/_utils.py:208: UserWarning: The parameter 'pretrained' is deprecated since 0.13 and may be removed in the future, please use 'weights' instead.
  warnings.warn(
/home/s21_yhr/miniconda3/envs/GGA/lib/python3.11/site-packages/torchvision/models/_utils.py:223: UserWarning: Arguments other than a weight enum or `None` for 'weights' are deprecated since 0.13 and may be removed in the future. The current behavior is equivalent to passing `weights=ResNet50_Weights.IMAGENET1K_V1`. You can also use `weights=ResNet50_Weights.DEFAULT` to get the most up-to-date weights.
  warnings.warn(msg)
[36mINFO[0m 08/02 05:29:59 | 0.544218    0.410959    0.000000    0.714209    0.592461    0.461599    0.764615    2.267416    0.544218    0.592461    0.410959    0.461599    0.817308    0.912690    0.611111    0.616541    2500        363.636364  0.060917    0.964819    0.376165    3.070809   
/home/s21_yhr/miniconda3/envs/GGA/lib/python3.11/site-packages/torchvision/models/_utils.py:208: UserWarning: The parameter 'pretrained' is deprecated since 0.13 and may be removed in the future, please use 'weights' instead.
  warnings.warn(
/home/s21_yhr/miniconda3/envs/GGA/lib/python3.11/site-packages/torchvision/models/_utils.py:223: UserWarning: Arguments other than a weight enum or `None` for 'weights' are deprecated since 0.13 and may be removed in the future. The current behavior is equivalent to passing `weights=ResNet50_Weights.IMAGENET1K_V1`. You can also use `weights=ResNet50_Weights.DEFAULT` to get the most up-to-date weights.
  warnings.warn(msg)
[36mINFO[0m 08/02 05:31:19 | 0.557823    0.506849    0.000000    0.723113    0.578740    0.478056    0.789979    2.239745    0.557823    0.578740    0.506849    0.478056    0.798077    0.925823    0.648148    0.654135    2600        378.181818  0.070682    0.795081    0.382316    3.070809   
/home/s21_yhr/miniconda3/envs/GGA/lib/python3.11/site-packages/torchvision/models/_utils.py:208: UserWarning: The parameter 'pretrained' is deprecated since 0.13 and may be removed in the future, please use 'weights' instead.
  warnings.warn(
/home/s21_yhr/miniconda3/envs/GGA/lib/python3.11/site-packages/torchvision/models/_utils.py:223: UserWarning: Arguments other than a weight enum or `None` for 'weights' are deprecated since 0.13 and may be removed in the future. The current behavior is equivalent to passing `weights=ResNet50_Weights.IMAGENET1K_V1`. You can also use `weights=ResNet50_Weights.DEFAULT` to get the most up-to-date weights.
  warnings.warn(msg)
[36mINFO[0m 08/02 05:32:38 | 0.557823    0.547945    0.000000    0.685007    0.555613    0.389498    0.795209    2.574639    0.557823    0.555613    0.547945    0.389498    0.740385    0.964854    0.629630    0.625564    2700        392.727273  0.063033    0.779236    0.385183    3.070809   
/home/s21_yhr/miniconda3/envs/GGA/lib/python3.11/site-packages/torchvision/models/_utils.py:208: UserWarning: The parameter 'pretrained' is deprecated since 0.13 and may be removed in the future, please use 'weights' instead.
  warnings.warn(
/home/s21_yhr/miniconda3/envs/GGA/lib/python3.11/site-packages/torchvision/models/_utils.py:223: UserWarning: Arguments other than a weight enum or `None` for 'weights' are deprecated since 0.13 and may be removed in the future. The current behavior is equivalent to passing `weights=ResNet50_Weights.IMAGENET1K_V1`. You can also use `weights=ResNet50_Weights.DEFAULT` to get the most up-to-date weights.
  warnings.warn(msg)
[36mINFO[0m 08/02 05:33:55 | 0.568027    0.452055    0.000000    0.732372    0.558725    0.431818    0.801732    1.868933    0.568027    0.558725    0.452055    0.431818    0.798077    0.901961    0.666667    0.701504    2800        407.272727  0.064972    0.773714    0.376815    3.070809   
/home/s21_yhr/miniconda3/envs/GGA/lib/python3.11/site-packages/torchvision/models/_utils.py:208: UserWarning: The parameter 'pretrained' is deprecated since 0.13 and may be removed in the future, please use 'weights' instead.
  warnings.warn(
/home/s21_yhr/miniconda3/envs/GGA/lib/python3.11/site-packages/torchvision/models/_utils.py:223: UserWarning: Arguments other than a weight enum or `None` for 'weights' are deprecated since 0.13 and may be removed in the future. The current behavior is equivalent to passing `weights=ResNet50_Weights.IMAGENET1K_V1`. You can also use `weights=ResNet50_Weights.DEFAULT` to get the most up-to-date weights.
  warnings.warn(msg)
[36mINFO[0m 08/02 05:35:10 | 0.571429    0.493151    0.000000    0.685363    0.568744    0.438088    0.788377    2.458057    0.571429    0.568744    0.493151    0.438088    0.759615    0.926378    0.611111    0.650376    2900        421.818182  0.052185    0.745663    0.371369    3.070809   
/home/s21_yhr/miniconda3/envs/GGA/lib/python3.11/site-packages/torchvision/models/_utils.py:208: UserWarning: The parameter 'pretrained' is deprecated since 0.13 and may be removed in the future, please use 'weights' instead.
  warnings.warn(
/home/s21_yhr/miniconda3/envs/GGA/lib/python3.11/site-packages/torchvision/models/_utils.py:223: UserWarning: Arguments other than a weight enum or `None` for 'weights' are deprecated since 0.13 and may be removed in the future. The current behavior is equivalent to passing `weights=ResNet50_Weights.IMAGENET1K_V1`. You can also use `weights=ResNet50_Weights.DEFAULT` to get the most up-to-date weights.
  warnings.warn(msg)
[36mINFO[0m 08/02 05:36:31 | 0.557823    0.452055    0.000000    0.690883    0.559008    0.451411    0.795895    1.861113    0.557823    0.559008    0.452055    0.451411    0.807692    0.949686    0.574074    0.642105    3000        436.363636  0.062501    0.807102    0.388437    3.070809   
/home/s21_yhr/miniconda3/envs/GGA/lib/python3.11/site-packages/torchvision/models/_utils.py:208: UserWarning: The parameter 'pretrained' is deprecated since 0.13 and may be removed in the future, please use 'weights' instead.
  warnings.warn(
/home/s21_yhr/miniconda3/envs/GGA/lib/python3.11/site-packages/torchvision/models/_utils.py:223: UserWarning: Arguments other than a weight enum or `None` for 'weights' are deprecated since 0.13 and may be removed in the future. The current behavior is equivalent to passing `weights=ResNet50_Weights.IMAGENET1K_V1`. You can also use `weights=ResNet50_Weights.DEFAULT` to get the most up-to-date weights.
  warnings.warn(msg)
[36mINFO[0m 08/02 05:37:47 | 0.588435    0.520548    0.000000    0.728276    0.582583    0.488245    0.800043    1.639858    0.588435    0.582583    0.520548    0.488245    0.826923    0.924898    0.629630    0.675188    3100        450.909091  0.065404    0.756261    0.377684    3.070809   
/home/s21_yhr/miniconda3/envs/GGA/lib/python3.11/site-packages/torchvision/models/_utils.py:208: UserWarning: The parameter 'pretrained' is deprecated since 0.13 and may be removed in the future, please use 'weights' instead.
  warnings.warn(
/home/s21_yhr/miniconda3/envs/GGA/lib/python3.11/site-packages/torchvision/models/_utils.py:223: UserWarning: Arguments other than a weight enum or `None` for 'weights' are deprecated since 0.13 and may be removed in the future. The current behavior is equivalent to passing `weights=ResNet50_Weights.IMAGENET1K_V1`. You can also use `weights=ResNet50_Weights.DEFAULT` to get the most up-to-date weights.
  warnings.warn(msg)
[36mINFO[0m 08/02 05:39:04 | 0.564626    0.575342    0.000000    0.675748    0.514687    0.439655    0.780763    1.442233    0.564626    0.514687    0.575342    0.439655    0.740385    0.914909    0.611111    0.646617    3200        465.454545  0.077856    0.760817    0.373318    3.070809   
/home/s21_yhr/miniconda3/envs/GGA/lib/python3.11/site-packages/torchvision/models/_utils.py:208: UserWarning: The parameter 'pretrained' is deprecated since 0.13 and may be removed in the future, please use 'weights' instead.
  warnings.warn(
/home/s21_yhr/miniconda3/envs/GGA/lib/python3.11/site-packages/torchvision/models/_utils.py:223: UserWarning: Arguments other than a weight enum or `None` for 'weights' are deprecated since 0.13 and may be removed in the future. The current behavior is equivalent to passing `weights=ResNet50_Weights.IMAGENET1K_V1`. You can also use `weights=ResNet50_Weights.DEFAULT` to get the most up-to-date weights.
  warnings.warn(msg)
[36mINFO[0m 08/02 05:40:23 | 0.557823    0.575342    0.000000    0.709402    0.554317    0.472571    0.797745    2.066282    0.557823    0.554317    0.575342    0.472571    0.807692    0.953385    0.611111    0.642105    3300        480.000000  0.058227    0.786136    0.376505    3.070809   
/home/s21_yhr/miniconda3/envs/GGA/lib/python3.11/site-packages/torchvision/models/_utils.py:208: UserWarning: The parameter 'pretrained' is deprecated since 0.13 and may be removed in the future, please use 'weights' instead.
  warnings.warn(
/home/s21_yhr/miniconda3/envs/GGA/lib/python3.11/site-packages/torchvision/models/_utils.py:223: UserWarning: Arguments other than a weight enum or `None` for 'weights' are deprecated since 0.13 and may be removed in the future. The current behavior is equivalent to passing `weights=ResNet50_Weights.IMAGENET1K_V1`. You can also use `weights=ResNet50_Weights.DEFAULT` to get the most up-to-date weights.
  warnings.warn(msg)
[36mINFO[0m 08/02 05:41:43 | 0.564626    0.547945    0.000000    0.742343    0.554152    0.450235    0.799088    2.032980    0.564626    0.554152    0.547945    0.450235    0.836538    0.926748    0.648148    0.671429    3400        494.545455  0.053918    0.798709    0.373718    3.070809   
/home/s21_yhr/miniconda3/envs/GGA/lib/python3.11/site-packages/torchvision/models/_utils.py:208: UserWarning: The parameter 'pretrained' is deprecated since 0.13 and may be removed in the future, please use 'weights' instead.
  warnings.warn(
/home/s21_yhr/miniconda3/envs/GGA/lib/python3.11/site-packages/torchvision/models/_utils.py:223: UserWarning: Arguments other than a weight enum or `None` for 'weights' are deprecated since 0.13 and may be removed in the future. The current behavior is equivalent to passing `weights=ResNet50_Weights.IMAGENET1K_V1`. You can also use `weights=ResNet50_Weights.DEFAULT` to get the most up-to-date weights.
  warnings.warn(msg)
[36mINFO[0m 08/02 05:43:01 | 0.574830    0.493151    0.000000    0.718661    0.569570    0.497649    0.809513    1.837674    0.574830    0.569570    0.493151    0.497649    0.807692    0.939327    0.629630    0.679699    3500        509.090909  0.047016    0.779005    0.365615    3.070809   
/home/s21_yhr/miniconda3/envs/GGA/lib/python3.11/site-packages/torchvision/models/_utils.py:208: UserWarning: The parameter 'pretrained' is deprecated since 0.13 and may be removed in the future, please use 'weights' instead.
  warnings.warn(
/home/s21_yhr/miniconda3/envs/GGA/lib/python3.11/site-packages/torchvision/models/_utils.py:223: UserWarning: Arguments other than a weight enum or `None` for 'weights' are deprecated since 0.13 and may be removed in the future. The current behavior is equivalent to passing `weights=ResNet50_Weights.IMAGENET1K_V1`. You can also use `weights=ResNet50_Weights.DEFAULT` to get the most up-to-date weights.
  warnings.warn(msg)
[36mINFO[0m 08/02 05:44:22 | 0.581633    0.506849    0.000000    0.742343    0.569074    0.492555    0.791799    2.163186    0.581633    0.569074    0.506849    0.492555    0.836538    0.933222    0.648148    0.650376    3600        523.636364  0.050770    0.804052    0.369881    3.070809   
/home/s21_yhr/miniconda3/envs/GGA/lib/python3.11/site-packages/torchvision/models/_utils.py:208: UserWarning: The parameter 'pretrained' is deprecated since 0.13 and may be removed in the future, please use 'weights' instead.
  warnings.warn(
/home/s21_yhr/miniconda3/envs/GGA/lib/python3.11/site-packages/torchvision/models/_utils.py:223: UserWarning: Arguments other than a weight enum or `None` for 'weights' are deprecated since 0.13 and may be removed in the future. The current behavior is equivalent to passing `weights=ResNet50_Weights.IMAGENET1K_V1`. You can also use `weights=ResNet50_Weights.DEFAULT` to get the most up-to-date weights.
  warnings.warn(msg)
[36mINFO[0m 08/02 05:45:42 | 0.530612    0.534247    0.000000    0.671296    0.503890    0.435737    0.779838    1.754166    0.530612    0.503890    0.534247    0.435737    0.750000    0.913060    0.592593    0.646617    3700        538.181818  0.048627    0.795341    0.378643    3.070809   
/home/s21_yhr/miniconda3/envs/GGA/lib/python3.11/site-packages/torchvision/models/_utils.py:208: UserWarning: The parameter 'pretrained' is deprecated since 0.13 and may be removed in the future, please use 'weights' instead.
  warnings.warn(
/home/s21_yhr/miniconda3/envs/GGA/lib/python3.11/site-packages/torchvision/models/_utils.py:223: UserWarning: Arguments other than a weight enum or `None` for 'weights' are deprecated since 0.13 and may be removed in the future. The current behavior is equivalent to passing `weights=ResNet50_Weights.IMAGENET1K_V1`. You can also use `weights=ResNet50_Weights.DEFAULT` to get the most up-to-date weights.
  warnings.warn(msg)
[36mINFO[0m 08/02 05:47:01 | 0.540816    0.506849    0.000000    0.686075    0.550097    0.478056    0.766405    2.254830    0.540816    0.550097    0.506849    0.478056    0.798077    0.923788    0.574074    0.609023    3800        552.727273  0.057756    0.788987    0.390163    3.070809   
/home/s21_yhr/miniconda3/envs/GGA/lib/python3.11/site-packages/torchvision/models/_utils.py:208: UserWarning: The parameter 'pretrained' is deprecated since 0.13 and may be removed in the future, please use 'weights' instead.
  warnings.warn(
/home/s21_yhr/miniconda3/envs/GGA/lib/python3.11/site-packages/torchvision/models/_utils.py:223: UserWarning: Arguments other than a weight enum or `None` for 'weights' are deprecated since 0.13 and may be removed in the future. The current behavior is equivalent to passing `weights=ResNet50_Weights.IMAGENET1K_V1`. You can also use `weights=ResNet50_Weights.DEFAULT` to get the most up-to-date weights.
  warnings.warn(msg)
[36mINFO[0m 08/02 05:48:20 | 0.557823    0.520548    0.000000    0.685363    0.569617    0.503135    0.788645    2.320898    0.557823    0.569617    0.520548    0.503135    0.759615    0.939697    0.611111    0.637594    3900        567.272727  0.045527    0.776761    0.376879    3.070809   
/home/s21_yhr/miniconda3/envs/GGA/lib/python3.11/site-packages/torchvision/models/_utils.py:208: UserWarning: The parameter 'pretrained' is deprecated since 0.13 and may be removed in the future, please use 'weights' instead.
  warnings.warn(
/home/s21_yhr/miniconda3/envs/GGA/lib/python3.11/site-packages/torchvision/models/_utils.py:223: UserWarning: Arguments other than a weight enum or `None` for 'weights' are deprecated since 0.13 and may be removed in the future. The current behavior is equivalent to passing `weights=ResNet50_Weights.IMAGENET1K_V1`. You can also use `weights=ResNet50_Weights.DEFAULT` to get the most up-to-date weights.
  warnings.warn(msg)
[36mINFO[0m 08/02 05:49:39 | 0.571429    0.520548    0.000000    0.751246    0.566340    0.459248    0.778627    2.282195    0.571429    0.566340    0.520548    0.459248    0.817308    0.900111    0.685185    0.657143    4000        581.818182  0.052481    0.794866    0.390054    3.070809   
/home/s21_yhr/miniconda3/envs/GGA/lib/python3.11/site-packages/torchvision/models/_utils.py:208: UserWarning: The parameter 'pretrained' is deprecated since 0.13 and may be removed in the future, please use 'weights' instead.
  warnings.warn(
/home/s21_yhr/miniconda3/envs/GGA/lib/python3.11/site-packages/torchvision/models/_utils.py:223: UserWarning: Arguments other than a weight enum or `None` for 'weights' are deprecated since 0.13 and may be removed in the future. The current behavior is equivalent to passing `weights=ResNet50_Weights.IMAGENET1K_V1`. You can also use `weights=ResNet50_Weights.DEFAULT` to get the most up-to-date weights.
  warnings.warn(msg)
[36mINFO[0m 08/02 05:51:02 | 0.578231    0.410959    0.000000    0.686075    0.594535    0.416144    0.761882    1.986690    0.578231    0.594535    0.410959    0.416144    0.798077    0.925268    0.574074    0.598496    4100        596.363636  0.048593    0.817623    0.382467    3.070809   
/home/s21_yhr/miniconda3/envs/GGA/lib/python3.11/site-packages/torchvision/models/_utils.py:208: UserWarning: The parameter 'pretrained' is deprecated since 0.13 and may be removed in the future, please use 'weights' instead.
  warnings.warn(
/home/s21_yhr/miniconda3/envs/GGA/lib/python3.11/site-packages/torchvision/models/_utils.py:223: UserWarning: Arguments other than a weight enum or `None` for 'weights' are deprecated since 0.13 and may be removed in the future. The current behavior is equivalent to passing `weights=ResNet50_Weights.IMAGENET1K_V1`. You can also use `weights=ResNet50_Weights.DEFAULT` to get the most up-to-date weights.
  warnings.warn(msg)
[36mINFO[0m 08/02 05:52:21 | 0.564626    0.424658    0.000000    0.699786    0.551818    0.435737    0.801141    1.595867    0.564626    0.551818    0.424658    0.435737    0.788462    0.928598    0.611111    0.673684    4200        610.909091  0.054894    0.787252    0.377295    3.070809   
/home/s21_yhr/miniconda3/envs/GGA/lib/python3.11/site-packages/torchvision/models/_utils.py:208: UserWarning: The parameter 'pretrained' is deprecated since 0.13 and may be removed in the future, please use 'weights' instead.
  warnings.warn(
/home/s21_yhr/miniconda3/envs/GGA/lib/python3.11/site-packages/torchvision/models/_utils.py:223: UserWarning: Arguments other than a weight enum or `None` for 'weights' are deprecated since 0.13 and may be removed in the future. The current behavior is equivalent to passing `weights=ResNet50_Weights.IMAGENET1K_V1`. You can also use `weights=ResNet50_Weights.DEFAULT` to get the most up-to-date weights.
  warnings.warn(msg)
[36mINFO[0m 08/02 05:53:41 | 0.551020    0.520548    0.000000    0.685363    0.568179    0.442790    0.796241    2.964294    0.551020    0.568179    0.520548    0.442790    0.759615    0.953385    0.611111    0.639098    4300        625.454545  0.052433    0.799197    0.370127    3.070809   
/home/s21_yhr/miniconda3/envs/GGA/lib/python3.11/site-packages/torchvision/models/_utils.py:208: UserWarning: The parameter 'pretrained' is deprecated since 0.13 and may be removed in the future, please use 'weights' instead.
  warnings.warn(
/home/s21_yhr/miniconda3/envs/GGA/lib/python3.11/site-packages/torchvision/models/_utils.py:223: UserWarning: Arguments other than a weight enum or `None` for 'weights' are deprecated since 0.13 and may be removed in the future. The current behavior is equivalent to passing `weights=ResNet50_Weights.IMAGENET1K_V1`. You can also use `weights=ResNet50_Weights.DEFAULT` to get the most up-to-date weights.
  warnings.warn(msg)
[36mINFO[0m 08/02 05:55:01 | 0.564626    0.506849    0.000000    0.723469    0.553067    0.455329    0.785489    2.606562    0.564626    0.553067    0.506849    0.455329    0.817308    0.934887    0.629630    0.636090    4400        640.000000  0.047222    0.796852    0.386408    3.070809   
/home/s21_yhr/miniconda3/envs/GGA/lib/python3.11/site-packages/torchvision/models/_utils.py:208: UserWarning: The parameter 'pretrained' is deprecated since 0.13 and may be removed in the future, please use 'weights' instead.
  warnings.warn(
/home/s21_yhr/miniconda3/envs/GGA/lib/python3.11/site-packages/torchvision/models/_utils.py:223: UserWarning: Arguments other than a weight enum or `None` for 'weights' are deprecated since 0.13 and may be removed in the future. The current behavior is equivalent to passing `weights=ResNet50_Weights.IMAGENET1K_V1`. You can also use `weights=ResNet50_Weights.DEFAULT` to get the most up-to-date weights.
  warnings.warn(msg)
[36mINFO[0m 08/02 05:56:20 | 0.554422    0.493151    0.000000    0.751959    0.561743    0.500000    0.769771    1.311110    0.554422    0.561743    0.493151    0.500000    0.855769    0.926008    0.648148    0.613534    4500        654.545455  0.061552    0.785454    0.374450    3.070809   
/home/s21_yhr/miniconda3/envs/GGA/lib/python3.11/site-packages/torchvision/models/_utils.py:208: UserWarning: The parameter 'pretrained' is deprecated since 0.13 and may be removed in the future, please use 'weights' instead.
  warnings.warn(
/home/s21_yhr/miniconda3/envs/GGA/lib/python3.11/site-packages/torchvision/models/_utils.py:223: UserWarning: Arguments other than a weight enum or `None` for 'weights' are deprecated since 0.13 and may be removed in the future. The current behavior is equivalent to passing `weights=ResNet50_Weights.IMAGENET1K_V1`. You can also use `weights=ResNet50_Weights.DEFAULT` to get the most up-to-date weights.
  warnings.warn(msg)
[36mINFO[0m 08/02 05:57:40 | 0.571429    0.493151    0.000000    0.752315    0.572564    0.510972    0.779080    2.477528    0.571429    0.572564    0.493151    0.510972    0.875000    0.937107    0.629630    0.621053    4600        669.090909  0.043875    0.798518    0.374334    3.070809   
/home/s21_yhr/miniconda3/envs/GGA/lib/python3.11/site-packages/torchvision/models/_utils.py:208: UserWarning: The parameter 'pretrained' is deprecated since 0.13 and may be removed in the future, please use 'weights' instead.
  warnings.warn(
/home/s21_yhr/miniconda3/envs/GGA/lib/python3.11/site-packages/torchvision/models/_utils.py:223: UserWarning: Arguments other than a weight enum or `None` for 'weights' are deprecated since 0.13 and may be removed in the future. The current behavior is equivalent to passing `weights=ResNet50_Weights.IMAGENET1K_V1`. You can also use `weights=ResNet50_Weights.DEFAULT` to get the most up-to-date weights.
  warnings.warn(msg)
[36mINFO[0m 08/02 05:59:02 | 0.564626    0.465753    0.000000    0.742699    0.564855    0.445141    0.783690    2.303286    0.564626    0.564855    0.465753    0.445141    0.855769    0.936552    0.629630    0.630827    4700        683.636364  0.044736    0.810483    0.374214    3.070809   
/home/s21_yhr/miniconda3/envs/GGA/lib/python3.11/site-packages/torchvision/models/_utils.py:208: UserWarning: The parameter 'pretrained' is deprecated since 0.13 and may be removed in the future, please use 'weights' instead.
  warnings.warn(
/home/s21_yhr/miniconda3/envs/GGA/lib/python3.11/site-packages/torchvision/models/_utils.py:223: UserWarning: Arguments other than a weight enum or `None` for 'weights' are deprecated since 0.13 and may be removed in the future. The current behavior is equivalent to passing `weights=ResNet50_Weights.IMAGENET1K_V1`. You can also use `weights=ResNet50_Weights.DEFAULT` to get the most up-to-date weights.
  warnings.warn(msg)
[36mINFO[0m 08/02 06:00:22 | 0.564626    0.520548    0.000000    0.723469    0.542152    0.453762    0.778561    1.813521    0.564626    0.542152    0.520548    0.453762    0.817308    0.931558    0.629630    0.625564    4800        698.181818  0.048066    0.795869    0.378502    3.070809   
/home/s21_yhr/miniconda3/envs/GGA/lib/python3.11/site-packages/torchvision/models/_utils.py:208: UserWarning: The parameter 'pretrained' is deprecated since 0.13 and may be removed in the future, please use 'weights' instead.
  warnings.warn(
/home/s21_yhr/miniconda3/envs/GGA/lib/python3.11/site-packages/torchvision/models/_utils.py:223: UserWarning: Arguments other than a weight enum or `None` for 'weights' are deprecated since 0.13 and may be removed in the future. The current behavior is equivalent to passing `weights=ResNet50_Weights.IMAGENET1K_V1`. You can also use `weights=ResNet50_Weights.DEFAULT` to get the most up-to-date weights.
  warnings.warn(msg)
[36mINFO[0m 08/02 06:01:44 | 0.578231    0.452055    0.000000    0.775997    0.575817    0.421630    0.776579    1.736274    0.578231    0.575817    0.452055    0.421630    0.903846    0.944136    0.648148    0.609023    4900        712.727273  0.046435    0.818056    0.373608    3.070809   
/home/s21_yhr/miniconda3/envs/GGA/lib/python3.11/site-packages/torchvision/models/_utils.py:208: UserWarning: The parameter 'pretrained' is deprecated since 0.13 and may be removed in the future, please use 'weights' instead.
  warnings.warn(
/home/s21_yhr/miniconda3/envs/GGA/lib/python3.11/site-packages/torchvision/models/_utils.py:223: UserWarning: Arguments other than a weight enum or `None` for 'weights' are deprecated since 0.13 and may be removed in the future. The current behavior is equivalent to passing `weights=ResNet50_Weights.IMAGENET1K_V1`. You can also use `weights=ResNet50_Weights.DEFAULT` to get the most up-to-date weights.
  warnings.warn(msg)
[36mINFO[0m 08/02 06:03:02 | 0.554422    0.465753    0.000000    0.723469    0.557476    0.422414    0.789009    2.184324    0.554422    0.557476    0.465753    0.422414    0.817308    0.941176    0.629630    0.636842    5000        727.272727  0.037731    0.780503    0.383496    3.070809   
[36mINFO[0m 08/02 06:03:02 | ---
[36mINFO[0m 08/02 06:03:02 | oracle = 56.463%
[36mINFO[0m 08/02 06:03:02 | iid = 57.823%
[36mINFO[0m 08/02 06:03:02 | last = 55.442%
[36mINFO[0m 08/02 06:03:02 | last (inD) = 72.347%
[36mINFO[0m 08/02 06:03:02 | iid (inD) = 77.600%
[36mINFO[0m 08/02 06:03:03 | 
[36mINFO[0m 08/02 06:03:03 | Testenv name escaping te_01 -> te_01
[36mINFO[0m 08/02 06:03:03 | Test envs = [1], name = te_01
[36mINFO[0m 08/02 06:03:03 | Batch sizes for each domain: [32, 0, 32] (total=64)
[36mINFO[0m 08/02 06:03:03 | steps-per-epoch for each domain: 9.19, 6.88 -> min = 6.88
/home/s21_yhr/miniconda3/envs/GGA/lib/python3.11/site-packages/torchvision/models/_utils.py:208: UserWarning: The parameter 'pretrained' is deprecated since 0.13 and may be removed in the future, please use 'weights' instead.
  warnings.warn(
/home/s21_yhr/miniconda3/envs/GGA/lib/python3.11/site-packages/torchvision/models/_utils.py:223: UserWarning: Arguments other than a weight enum or `None` for 'weights' are deprecated since 0.13 and may be removed in the future. The current behavior is equivalent to passing `weights=ResNet50_Weights.IMAGENET1K_V1`. You can also use `weights=ResNet50_Weights.DEFAULT` to get the most up-to-date weights.
  warnings.warn(msg)
[36mINFO[0m 08/02 06:03:06 | # of params = 23512130
[36mINFO[0m 08/02 06:03:07 | test_in     test_out    train_in    train_out   test_in_au  train_out_  tr_outloss  test_out_a  env0_out    env0_out_a  env1_in     env1_in_au  env1_out    env1_out_a  env2_out    env2_out_a  step        epoch       loss        step_time   eval_time   mem_gb     
[36mINFO[0m 08/02 06:03:07 | 0.608592    0.538462    0.000000    0.510274    0.660568    0.536098    0.679066    0.573807    0.520548    0.574451    0.608592    0.660568    0.538462    0.573807    0.500000    0.497744    0           0.000000    0.641137    0.898263    0.515927    3.057565   
/home/s21_yhr/miniconda3/envs/GGA/lib/python3.11/site-packages/torchvision/models/_utils.py:208: UserWarning: The parameter 'pretrained' is deprecated since 0.13 and may be removed in the future, please use 'weights' instead.
  warnings.warn(
/home/s21_yhr/miniconda3/envs/GGA/lib/python3.11/site-packages/torchvision/models/_utils.py:223: UserWarning: Arguments other than a weight enum or `None` for 'weights' are deprecated since 0.13 and may be removed in the future. The current behavior is equivalent to passing `weights=ResNet50_Weights.IMAGENET1K_V1`. You can also use `weights=ResNet50_Weights.DEFAULT` to get the most up-to-date weights.
  warnings.warn(msg)
[36mINFO[0m 08/02 06:04:28 | 0.486874    0.423077    0.000000    0.645611    0.503623    0.672774    0.882417    0.382168    0.698630    0.695925    0.486874    0.503623    0.423077    0.382168    0.592593    0.649624    100         14.545455   0.481369    0.806593    0.459568    3.062997   
/home/s21_yhr/miniconda3/envs/GGA/lib/python3.11/site-packages/torchvision/models/_utils.py:208: UserWarning: The parameter 'pretrained' is deprecated since 0.13 and may be removed in the future, please use 'weights' instead.
  warnings.warn(
/home/s21_yhr/miniconda3/envs/GGA/lib/python3.11/site-packages/torchvision/models/_utils.py:223: UserWarning: Arguments other than a weight enum or `None` for 'weights' are deprecated since 0.13 and may be removed in the future. The current behavior is equivalent to passing `weights=ResNet50_Weights.IMAGENET1K_V1`. You can also use `weights=ResNet50_Weights.DEFAULT` to get the most up-to-date weights.
  warnings.warn(msg)
[36mINFO[0m 08/02 06:05:50 | 0.508353    0.442308    0.000000    0.636733    0.512555    0.677604    1.130919    0.462819    0.643836    0.711599    0.508353    0.512555    0.442308    0.462819    0.629630    0.643609    200         29.090909   0.207938    0.816904    0.456058    3.062997   
/home/s21_yhr/miniconda3/envs/GGA/lib/python3.11/site-packages/torchvision/models/_utils.py:208: UserWarning: The parameter 'pretrained' is deprecated since 0.13 and may be removed in the future, please use 'weights' instead.
  warnings.warn(
/home/s21_yhr/miniconda3/envs/GGA/lib/python3.11/site-packages/torchvision/models/_utils.py:223: UserWarning: Arguments other than a weight enum or `None` for 'weights' are deprecated since 0.13 and may be removed in the future. The current behavior is equivalent to passing `weights=ResNet50_Weights.IMAGENET1K_V1`. You can also use `weights=ResNet50_Weights.DEFAULT` to get the most up-to-date weights.
  warnings.warn(msg)
[36mINFO[0m 08/02 06:07:12 | 0.534606    0.461538    0.000000    0.701167    0.583440    0.719128    0.844595    0.425823    0.698630    0.757053    0.534606    0.583440    0.461538    0.425823    0.703704    0.681203    300         43.636364   0.161910    0.813716    0.457707    3.062997   
/home/s21_yhr/miniconda3/envs/GGA/lib/python3.11/site-packages/torchvision/models/_utils.py:208: UserWarning: The parameter 'pretrained' is deprecated since 0.13 and may be removed in the future, please use 'weights' instead.
  warnings.warn(
/home/s21_yhr/miniconda3/envs/GGA/lib/python3.11/site-packages/torchvision/models/_utils.py:223: UserWarning: Arguments other than a weight enum or `None` for 'weights' are deprecated since 0.13 and may be removed in the future. The current behavior is equivalent to passing `weights=ResNet50_Weights.IMAGENET1K_V1`. You can also use `weights=ResNet50_Weights.DEFAULT` to get the most up-to-date weights.
  warnings.warn(msg)
[36mINFO[0m 08/02 06:08:35 | 0.544153    0.528846    0.000000    0.643582    0.548647    0.692367    1.688684    0.462449    0.657534    0.735110    0.544153    0.548647    0.528846    0.462449    0.629630    0.649624    400         58.181818   0.127134    0.819415    0.474336    3.064584   
/home/s21_yhr/miniconda3/envs/GGA/lib/python3.11/site-packages/torchvision/models/_utils.py:208: UserWarning: The parameter 'pretrained' is deprecated since 0.13 and may be removed in the future, please use 'weights' instead.
  warnings.warn(
/home/s21_yhr/miniconda3/envs/GGA/lib/python3.11/site-packages/torchvision/models/_utils.py:223: UserWarning: Arguments other than a weight enum or `None` for 'weights' are deprecated since 0.13 and may be removed in the future. The current behavior is equivalent to passing `weights=ResNet50_Weights.IMAGENET1K_V1`. You can also use `weights=ResNet50_Weights.DEFAULT` to get the most up-to-date weights.
  warnings.warn(msg)
[36mINFO[0m 08/02 06:09:58 | 0.539379    0.509615    0.000000    0.631913    0.576581    0.713284    1.701784    0.490566    0.671233    0.802508    0.539379    0.576581    0.509615    0.490566    0.592593    0.624060    500         72.727273   0.123076    0.829983    0.454101    3.064584   
/home/s21_yhr/miniconda3/envs/GGA/lib/python3.11/site-packages/torchvision/models/_utils.py:208: UserWarning: The parameter 'pretrained' is deprecated since 0.13 and may be removed in the future, please use 'weights' instead.
  warnings.warn(
/home/s21_yhr/miniconda3/envs/GGA/lib/python3.11/site-packages/torchvision/models/_utils.py:223: UserWarning: Arguments other than a weight enum or `None` for 'weights' are deprecated since 0.13 and may be removed in the future. The current behavior is equivalent to passing `weights=ResNet50_Weights.IMAGENET1K_V1`. You can also use `weights=ResNet50_Weights.DEFAULT` to get the most up-to-date weights.
  warnings.warn(msg)
[36mINFO[0m 08/02 06:11:18 | 0.505967    0.490385    0.000000    0.675799    0.522124    0.697916    1.679434    0.431373    0.684932    0.749216    0.505967    0.522124    0.490385    0.431373    0.666667    0.646617    600         87.272727   0.087737    0.797391    0.450172    3.064584   
/home/s21_yhr/miniconda3/envs/GGA/lib/python3.11/site-packages/torchvision/models/_utils.py:208: UserWarning: The parameter 'pretrained' is deprecated since 0.13 and may be removed in the future, please use 'weights' instead.
  warnings.warn(
/home/s21_yhr/miniconda3/envs/GGA/lib/python3.11/site-packages/torchvision/models/_utils.py:223: UserWarning: Arguments other than a weight enum or `None` for 'weights' are deprecated since 0.13 and may be removed in the future. The current behavior is equivalent to passing `weights=ResNet50_Weights.IMAGENET1K_V1`. You can also use `weights=ResNet50_Weights.DEFAULT` to get the most up-to-date weights.
  warnings.warn(msg)
[36mINFO[0m 08/02 06:12:41 | 0.536993    0.509615    0.000000    0.663749    0.562865    0.721507    1.755023    0.481687    0.753425    0.800157    0.536993    0.562865    0.509615    0.481687    0.574074    0.642857    700         101.818182  0.097583    0.823807    0.454155    3.064584   
/home/s21_yhr/miniconda3/envs/GGA/lib/python3.11/site-packages/torchvision/models/_utils.py:208: UserWarning: The parameter 'pretrained' is deprecated since 0.13 and may be removed in the future, please use 'weights' instead.
  warnings.warn(
/home/s21_yhr/miniconda3/envs/GGA/lib/python3.11/site-packages/torchvision/models/_utils.py:223: UserWarning: Arguments other than a weight enum or `None` for 'weights' are deprecated since 0.13 and may be removed in the future. The current behavior is equivalent to passing `weights=ResNet50_Weights.IMAGENET1K_V1`. You can also use `weights=ResNet50_Weights.DEFAULT` to get the most up-to-date weights.
  warnings.warn(msg)
[36mINFO[0m 08/02 06:14:03 | 0.517900    0.480769    0.000000    0.588407    0.551563    0.682597    2.227321    0.416019    0.602740    0.726097    0.517900    0.551563    0.480769    0.416019    0.574074    0.639098    800         116.363636  0.087252    0.810427    0.471266    3.064584   
/home/s21_yhr/miniconda3/envs/GGA/lib/python3.11/site-packages/torchvision/models/_utils.py:208: UserWarning: The parameter 'pretrained' is deprecated since 0.13 and may be removed in the future, please use 'weights' instead.
  warnings.warn(
/home/s21_yhr/miniconda3/envs/GGA/lib/python3.11/site-packages/torchvision/models/_utils.py:223: UserWarning: Arguments other than a weight enum or `None` for 'weights' are deprecated since 0.13 and may be removed in the future. The current behavior is equivalent to passing `weights=ResNet50_Weights.IMAGENET1K_V1`. You can also use `weights=ResNet50_Weights.DEFAULT` to get the most up-to-date weights.
  warnings.warn(msg)
[36mINFO[0m 08/02 06:15:25 | 0.563246    0.509615    0.000000    0.643582    0.555778    0.721649    2.180213    0.494266    0.657534    0.779389    0.563246    0.555778    0.509615    0.494266    0.629630    0.663910    900         130.909091  0.087965    0.814200    0.468594    3.064584   
/home/s21_yhr/miniconda3/envs/GGA/lib/python3.11/site-packages/torchvision/models/_utils.py:208: UserWarning: The parameter 'pretrained' is deprecated since 0.13 and may be removed in the future, please use 'weights' instead.
  warnings.warn(
/home/s21_yhr/miniconda3/envs/GGA/lib/python3.11/site-packages/torchvision/models/_utils.py:223: UserWarning: Arguments other than a weight enum or `None` for 'weights' are deprecated since 0.13 and may be removed in the future. The current behavior is equivalent to passing `weights=ResNet50_Weights.IMAGENET1K_V1`. You can also use `weights=ResNet50_Weights.DEFAULT` to get the most up-to-date weights.
  warnings.warn(msg)
[36mINFO[0m 08/02 06:16:48 | 0.565632    0.461538    0.000000    0.682648    0.577071    0.728405    2.359380    0.488716    0.698630    0.769592    0.565632    0.577071    0.461538    0.488716    0.666667    0.687218    1000        145.454545  0.080364    0.827121    0.468890    3.064584   
/home/s21_yhr/miniconda3/envs/GGA/lib/python3.11/site-packages/torchvision/models/_utils.py:208: UserWarning: The parameter 'pretrained' is deprecated since 0.13 and may be removed in the future, please use 'weights' instead.
  warnings.warn(
/home/s21_yhr/miniconda3/envs/GGA/lib/python3.11/site-packages/torchvision/models/_utils.py:223: UserWarning: Arguments other than a weight enum or `None` for 'weights' are deprecated since 0.13 and may be removed in the future. The current behavior is equivalent to passing `weights=ResNet50_Weights.IMAGENET1K_V1`. You can also use `weights=ResNet50_Weights.DEFAULT` to get the most up-to-date weights.
  warnings.warn(msg)
[36mINFO[0m 08/02 06:18:18 | 0.556086    0.567308    0.000000    0.558980    0.595903    0.695617    1.562855    0.598964    0.506849    0.710031    0.556086    0.595903    0.567308    0.598964    0.611111    0.681203    1100        160.000000  0.089090    0.902689    0.476571    3.064584   
/home/s21_yhr/miniconda3/envs/GGA/lib/python3.11/site-packages/torchvision/models/_utils.py:208: UserWarning: The parameter 'pretrained' is deprecated since 0.13 and may be removed in the future, please use 'weights' instead.
  warnings.warn(
/home/s21_yhr/miniconda3/envs/GGA/lib/python3.11/site-packages/torchvision/models/_utils.py:223: UserWarning: Arguments other than a weight enum or `None` for 'weights' are deprecated since 0.13 and may be removed in the future. The current behavior is equivalent to passing `weights=ResNet50_Weights.IMAGENET1K_V1`. You can also use `weights=ResNet50_Weights.DEFAULT` to get the most up-to-date weights.
  warnings.warn(msg)
[36mINFO[0m 08/02 06:19:52 | 0.532220    0.519231    0.000000    0.675799    0.551859    0.688464    2.401058    0.499815    0.684932    0.728056    0.532220    0.551859    0.519231    0.499815    0.666667    0.648872    1200        174.545455  0.094746    0.931192    0.495480    3.064584   
/home/s21_yhr/miniconda3/envs/GGA/lib/python3.11/site-packages/torchvision/models/_utils.py:208: UserWarning: The parameter 'pretrained' is deprecated since 0.13 and may be removed in the future, please use 'weights' instead.
  warnings.warn(
/home/s21_yhr/miniconda3/envs/GGA/lib/python3.11/site-packages/torchvision/models/_utils.py:223: UserWarning: Arguments other than a weight enum or `None` for 'weights' are deprecated since 0.13 and may be removed in the future. The current behavior is equivalent to passing `weights=ResNet50_Weights.IMAGENET1K_V1`. You can also use `weights=ResNet50_Weights.DEFAULT` to get the most up-to-date weights.
  warnings.warn(msg)
[36mINFO[0m 08/02 06:21:25 | 0.551313    0.528846    0.000000    0.650431    0.573255    0.713008    1.774251    0.497965    0.671233    0.770376    0.551313    0.573255    0.528846    0.497965    0.629630    0.655639    1300        189.090909  0.081432    0.923923    0.498410    3.064584   
/home/s21_yhr/miniconda3/envs/GGA/lib/python3.11/site-packages/torchvision/models/_utils.py:208: UserWarning: The parameter 'pretrained' is deprecated since 0.13 and may be removed in the future, please use 'weights' instead.
  warnings.warn(
/home/s21_yhr/miniconda3/envs/GGA/lib/python3.11/site-packages/torchvision/models/_utils.py:223: UserWarning: Arguments other than a weight enum or `None` for 'weights' are deprecated since 0.13 and may be removed in the future. The current behavior is equivalent to passing `weights=ResNet50_Weights.IMAGENET1K_V1`. You can also use `weights=ResNet50_Weights.DEFAULT` to get the most up-to-date weights.
  warnings.warn(msg)
[36mINFO[0m 08/02 06:22:58 | 0.515513    0.509615    0.000000    0.652841    0.567627    0.654421    2.104891    0.535331    0.657534    0.662226    0.515513    0.567627    0.509615    0.535331    0.648148    0.646617    1400        203.636364  0.064368    0.921037    0.474560    3.064584   
/home/s21_yhr/miniconda3/envs/GGA/lib/python3.11/site-packages/torchvision/models/_utils.py:208: UserWarning: The parameter 'pretrained' is deprecated since 0.13 and may be removed in the future, please use 'weights' instead.
  warnings.warn(
/home/s21_yhr/miniconda3/envs/GGA/lib/python3.11/site-packages/torchvision/models/_utils.py:223: UserWarning: Arguments other than a weight enum or `None` for 'weights' are deprecated since 0.13 and may be removed in the future. The current behavior is equivalent to passing `weights=ResNet50_Weights.IMAGENET1K_V1`. You can also use `weights=ResNet50_Weights.DEFAULT` to get the most up-to-date weights.
  warnings.warn(msg)
[36mINFO[0m 08/02 06:24:30 | 0.496420    0.471154    0.000000    0.662100    0.480382    0.709370    2.458037    0.438402    0.657534    0.757837    0.496420    0.480382    0.471154    0.438402    0.666667    0.660902    1500        218.181818  0.066172    0.923277    0.470076    3.064584   
/home/s21_yhr/miniconda3/envs/GGA/lib/python3.11/site-packages/torchvision/models/_utils.py:208: UserWarning: The parameter 'pretrained' is deprecated since 0.13 and may be removed in the future, please use 'weights' instead.
  warnings.warn(
/home/s21_yhr/miniconda3/envs/GGA/lib/python3.11/site-packages/torchvision/models/_utils.py:223: UserWarning: Arguments other than a weight enum or `None` for 'weights' are deprecated since 0.13 and may be removed in the future. The current behavior is equivalent to passing `weights=ResNet50_Weights.IMAGENET1K_V1`. You can also use `weights=ResNet50_Weights.DEFAULT` to get the most up-to-date weights.
  warnings.warn(msg)
[36mINFO[0m 08/02 06:26:02 | 0.501193    0.423077    0.000000    0.620624    0.493666    0.705765    2.294096    0.430263    0.630137    0.802508    0.501193    0.493666    0.423077    0.430263    0.611111    0.609023    1600        232.727273  0.067903    0.912569    0.454625    3.064584   
/home/s21_yhr/miniconda3/envs/GGA/lib/python3.11/site-packages/torchvision/models/_utils.py:208: UserWarning: The parameter 'pretrained' is deprecated since 0.13 and may be removed in the future, please use 'weights' instead.
  warnings.warn(
/home/s21_yhr/miniconda3/envs/GGA/lib/python3.11/site-packages/torchvision/models/_utils.py:223: UserWarning: Arguments other than a weight enum or `None` for 'weights' are deprecated since 0.13 and may be removed in the future. The current behavior is equivalent to passing `weights=ResNet50_Weights.IMAGENET1K_V1`. You can also use `weights=ResNet50_Weights.DEFAULT` to get the most up-to-date weights.
  warnings.warn(msg)
[36mINFO[0m 08/02 06:27:27 | 0.505967    0.451923    0.000000    0.648021    0.528926    0.726617    2.074553    0.402886    0.684932    0.811129    0.505967    0.528926    0.451923    0.402886    0.611111    0.642105    1700        247.272727  0.071294    0.839696    0.464750    3.064584   
/home/s21_yhr/miniconda3/envs/GGA/lib/python3.11/site-packages/torchvision/models/_utils.py:208: UserWarning: The parameter 'pretrained' is deprecated since 0.13 and may be removed in the future, please use 'weights' instead.
  warnings.warn(
/home/s21_yhr/miniconda3/envs/GGA/lib/python3.11/site-packages/torchvision/models/_utils.py:223: UserWarning: Arguments other than a weight enum or `None` for 'weights' are deprecated since 0.13 and may be removed in the future. The current behavior is equivalent to passing `weights=ResNet50_Weights.IMAGENET1K_V1`. You can also use `weights=ResNet50_Weights.DEFAULT` to get the most up-to-date weights.
  warnings.warn(msg)
[36mINFO[0m 08/02 06:28:51 | 0.525060    0.490385    0.000000    0.618214    0.519185    0.689090    2.472808    0.466149    0.643836    0.749608    0.525060    0.519185    0.490385    0.466149    0.592593    0.628571    1800        261.818182  0.068386    0.837002    0.457778    3.064584   
/home/s21_yhr/miniconda3/envs/GGA/lib/python3.11/site-packages/torchvision/models/_utils.py:208: UserWarning: The parameter 'pretrained' is deprecated since 0.13 and may be removed in the future, please use 'weights' instead.
  warnings.warn(
/home/s21_yhr/miniconda3/envs/GGA/lib/python3.11/site-packages/torchvision/models/_utils.py:223: UserWarning: Arguments other than a weight enum or `None` for 'weights' are deprecated since 0.13 and may be removed in the future. The current behavior is equivalent to passing `weights=ResNet50_Weights.IMAGENET1K_V1`. You can also use `weights=ResNet50_Weights.DEFAULT` to get the most up-to-date weights.
  warnings.warn(msg)
[36mINFO[0m 08/02 06:30:14 | 0.587112    0.509615    0.000000    0.650431    0.617788    0.729845    2.477659    0.524047    0.671233    0.766458    0.587112    0.617788    0.509615    0.524047    0.629630    0.693233    1900        276.363636  0.049647    0.832915    0.452692    3.064584   
/home/s21_yhr/miniconda3/envs/GGA/lib/python3.11/site-packages/torchvision/models/_utils.py:208: UserWarning: The parameter 'pretrained' is deprecated since 0.13 and may be removed in the future, please use 'weights' instead.
  warnings.warn(
/home/s21_yhr/miniconda3/envs/GGA/lib/python3.11/site-packages/torchvision/models/_utils.py:223: UserWarning: Arguments other than a weight enum or `None` for 'weights' are deprecated since 0.13 and may be removed in the future. The current behavior is equivalent to passing `weights=ResNet50_Weights.IMAGENET1K_V1`. You can also use `weights=ResNet50_Weights.DEFAULT` to get the most up-to-date weights.
  warnings.warn(msg)
[36mINFO[0m 08/02 06:31:39 | 0.541766    0.490385    0.000000    0.657281    0.566373    0.714326    2.589886    0.489456    0.684932    0.779781    0.541766    0.566373    0.490385    0.489456    0.629630    0.648872    2000        290.909091  0.058427    0.836744    0.457823    3.064584   
/home/s21_yhr/miniconda3/envs/GGA/lib/python3.11/site-packages/torchvision/models/_utils.py:208: UserWarning: The parameter 'pretrained' is deprecated since 0.13 and may be removed in the future, please use 'weights' instead.
  warnings.warn(
/home/s21_yhr/miniconda3/envs/GGA/lib/python3.11/site-packages/torchvision/models/_utils.py:223: UserWarning: Arguments other than a weight enum or `None` for 'weights' are deprecated since 0.13 and may be removed in the future. The current behavior is equivalent to passing `weights=ResNet50_Weights.IMAGENET1K_V1`. You can also use `weights=ResNet50_Weights.DEFAULT` to get the most up-to-date weights.
  warnings.warn(msg)
[36mINFO[0m 08/02 06:33:01 | 0.496420    0.480769    0.000000    0.643582    0.484403    0.709831    2.646822    0.440991    0.657534    0.780564    0.496420    0.484403    0.480769    0.440991    0.629630    0.639098    2100        305.454545  0.073458    0.814598    0.475648    3.064584   
/home/s21_yhr/miniconda3/envs/GGA/lib/python3.11/site-packages/torchvision/models/_utils.py:208: UserWarning: The parameter 'pretrained' is deprecated since 0.13 and may be removed in the future, please use 'weights' instead.
  warnings.warn(
/home/s21_yhr/miniconda3/envs/GGA/lib/python3.11/site-packages/torchvision/models/_utils.py:223: UserWarning: Arguments other than a weight enum or `None` for 'weights' are deprecated since 0.13 and may be removed in the future. The current behavior is equivalent to passing `weights=ResNet50_Weights.IMAGENET1K_V1`. You can also use `weights=ResNet50_Weights.DEFAULT` to get the most up-to-date weights.
  warnings.warn(msg)
[36mINFO[0m 08/02 06:34:22 | 0.517900    0.471154    0.000000    0.643582    0.547838    0.699834    2.743316    0.464854    0.657534    0.769592    0.517900    0.547838    0.471154    0.464854    0.629630    0.630075    2200        320.000000  0.060382    0.812117    0.465494    3.064645   
/home/s21_yhr/miniconda3/envs/GGA/lib/python3.11/site-packages/torchvision/models/_utils.py:208: UserWarning: The parameter 'pretrained' is deprecated since 0.13 and may be removed in the future, please use 'weights' instead.
  warnings.warn(
/home/s21_yhr/miniconda3/envs/GGA/lib/python3.11/site-packages/torchvision/models/_utils.py:223: UserWarning: Arguments other than a weight enum or `None` for 'weights' are deprecated since 0.13 and may be removed in the future. The current behavior is equivalent to passing `weights=ResNet50_Weights.IMAGENET1K_V1`. You can also use `weights=ResNet50_Weights.DEFAULT` to get the most up-to-date weights.
  warnings.warn(msg)
[36mINFO[0m 08/02 06:35:46 | 0.570406    0.586538    0.000000    0.629883    0.581822    0.682042    3.035621    0.603034    0.630137    0.754310    0.570406    0.581822    0.586538    0.603034    0.629630    0.609774    2300        334.545455  0.049486    0.828199    0.452371    3.064645   
/home/s21_yhr/miniconda3/envs/GGA/lib/python3.11/site-packages/torchvision/models/_utils.py:208: UserWarning: The parameter 'pretrained' is deprecated since 0.13 and may be removed in the future, please use 'weights' instead.
  warnings.warn(
/home/s21_yhr/miniconda3/envs/GGA/lib/python3.11/site-packages/torchvision/models/_utils.py:223: UserWarning: Arguments other than a weight enum or `None` for 'weights' are deprecated since 0.13 and may be removed in the future. The current behavior is equivalent to passing `weights=ResNet50_Weights.IMAGENET1K_V1`. You can also use `weights=ResNet50_Weights.DEFAULT` to get the most up-to-date weights.
  warnings.warn(msg)
[36mINFO[0m 08/02 06:37:08 | 0.472554    0.471154    0.000000    0.638762    0.497243    0.673380    2.372264    0.467259    0.684932    0.753527    0.472554    0.497243    0.471154    0.467259    0.592593    0.593233    2400        349.090909  0.065405    0.819360    0.467797    3.064645   
/home/s21_yhr/miniconda3/envs/GGA/lib/python3.11/site-packages/torchvision/models/_utils.py:208: UserWarning: The parameter 'pretrained' is deprecated since 0.13 and may be removed in the future, please use 'weights' instead.
  warnings.warn(
/home/s21_yhr/miniconda3/envs/GGA/lib/python3.11/site-packages/torchvision/models/_utils.py:223: UserWarning: Arguments other than a weight enum or `None` for 'weights' are deprecated since 0.13 and may be removed in the future. The current behavior is equivalent to passing `weights=ResNet50_Weights.IMAGENET1K_V1`. You can also use `weights=ResNet50_Weights.DEFAULT` to get the most up-to-date weights.
  warnings.warn(msg)
[36mINFO[0m 08/02 06:38:32 | 0.594272    0.557692    0.000000    0.597666    0.607433    0.692955    2.921067    0.573622    0.602740    0.736285    0.594272    0.607433    0.557692    0.573622    0.592593    0.649624    2500        363.636364  0.069496    0.835600    0.475087    3.064645   
/home/s21_yhr/miniconda3/envs/GGA/lib/python3.11/site-packages/torchvision/models/_utils.py:208: UserWarning: The parameter 'pretrained' is deprecated since 0.13 and may be removed in the future, please use 'weights' instead.
  warnings.warn(
/home/s21_yhr/miniconda3/envs/GGA/lib/python3.11/site-packages/torchvision/models/_utils.py:223: UserWarning: Arguments other than a weight enum or `None` for 'weights' are deprecated since 0.13 and may be removed in the future. The current behavior is equivalent to passing `weights=ResNet50_Weights.IMAGENET1K_V1`. You can also use `weights=ResNet50_Weights.DEFAULT` to get the most up-to-date weights.
  warnings.warn(msg)
[36mINFO[0m 08/02 06:39:56 | 0.570406    0.480769    0.000000    0.639143    0.587666    0.705562    2.138110    0.517943    0.630137    0.755486    0.570406    0.587666    0.480769    0.517943    0.648148    0.655639    2600        378.181818  0.064293    0.831851    0.460330    3.064645   
/home/s21_yhr/miniconda3/envs/GGA/lib/python3.11/site-packages/torchvision/models/_utils.py:208: UserWarning: The parameter 'pretrained' is deprecated since 0.13 and may be removed in the future, please use 'weights' instead.
  warnings.warn(
/home/s21_yhr/miniconda3/envs/GGA/lib/python3.11/site-packages/torchvision/models/_utils.py:223: UserWarning: Arguments other than a weight enum or `None` for 'weights' are deprecated since 0.13 and may be removed in the future. The current behavior is equivalent to passing `weights=ResNet50_Weights.IMAGENET1K_V1`. You can also use `weights=ResNet50_Weights.DEFAULT` to get the most up-to-date weights.
  warnings.warn(msg)
[36mINFO[0m 08/02 06:41:18 | 0.553699    0.500000    0.000000    0.623034    0.579053    0.697074    2.637201    0.508324    0.616438    0.735502    0.553699    0.579053    0.500000    0.508324    0.629630    0.658647    2700        392.727273  0.058150    0.814640    0.452932    3.064645   
/home/s21_yhr/miniconda3/envs/GGA/lib/python3.11/site-packages/torchvision/models/_utils.py:208: UserWarning: The parameter 'pretrained' is deprecated since 0.13 and may be removed in the future, please use 'weights' instead.
  warnings.warn(
/home/s21_yhr/miniconda3/envs/GGA/lib/python3.11/site-packages/torchvision/models/_utils.py:223: UserWarning: Arguments other than a weight enum or `None` for 'weights' are deprecated since 0.13 and may be removed in the future. The current behavior is equivalent to passing `weights=ResNet50_Weights.IMAGENET1K_V1`. You can also use `weights=ResNet50_Weights.DEFAULT` to get the most up-to-date weights.
  warnings.warn(msg)
[36mINFO[0m 08/02 06:42:40 | 0.558473    0.519231    0.000000    0.652841    0.575385    0.729862    2.415052    0.523677    0.657534    0.795063    0.558473    0.575385    0.519231    0.523677    0.648148    0.664662    2800        407.272727  0.054800    0.815726    0.479286    3.064645   
/home/s21_yhr/miniconda3/envs/GGA/lib/python3.11/site-packages/torchvision/models/_utils.py:208: UserWarning: The parameter 'pretrained' is deprecated since 0.13 and may be removed in the future, please use 'weights' instead.
  warnings.warn(
/home/s21_yhr/miniconda3/envs/GGA/lib/python3.11/site-packages/torchvision/models/_utils.py:223: UserWarning: Arguments other than a weight enum or `None` for 'weights' are deprecated since 0.13 and may be removed in the future. The current behavior is equivalent to passing `weights=ResNet50_Weights.IMAGENET1K_V1`. You can also use `weights=ResNet50_Weights.DEFAULT` to get the most up-to-date weights.
  warnings.warn(msg)
[36mINFO[0m 08/02 06:44:01 | 0.572792    0.509615    0.000000    0.652841    0.587860    0.713150    2.697868    0.509249    0.657534    0.749608    0.572792    0.587860    0.509615    0.509249    0.648148    0.676692    2900        421.818182  0.040914    0.805254    0.474297    3.064645   
/home/s21_yhr/miniconda3/envs/GGA/lib/python3.11/site-packages/torchvision/models/_utils.py:208: UserWarning: The parameter 'pretrained' is deprecated since 0.13 and may be removed in the future, please use 'weights' instead.
  warnings.warn(
/home/s21_yhr/miniconda3/envs/GGA/lib/python3.11/site-packages/torchvision/models/_utils.py:223: UserWarning: Arguments other than a weight enum or `None` for 'weights' are deprecated since 0.13 and may be removed in the future. The current behavior is equivalent to passing `weights=ResNet50_Weights.IMAGENET1K_V1`. You can also use `weights=ResNet50_Weights.DEFAULT` to get the most up-to-date weights.
  warnings.warn(msg)
[36mINFO[0m 08/02 06:45:24 | 0.515513    0.490385    0.000000    0.636733    0.546049    0.719405    1.833567    0.441731    0.643836    0.789185    0.515513    0.546049    0.490385    0.441731    0.629630    0.649624    3000        436.363636  0.054352    0.823916    0.464975    3.064645   
/home/s21_yhr/miniconda3/envs/GGA/lib/python3.11/site-packages/torchvision/models/_utils.py:208: UserWarning: The parameter 'pretrained' is deprecated since 0.13 and may be removed in the future, please use 'weights' instead.
  warnings.warn(
/home/s21_yhr/miniconda3/envs/GGA/lib/python3.11/site-packages/torchvision/models/_utils.py:223: UserWarning: Arguments other than a weight enum or `None` for 'weights' are deprecated since 0.13 and may be removed in the future. The current behavior is equivalent to passing `weights=ResNet50_Weights.IMAGENET1K_V1`. You can also use `weights=ResNet50_Weights.DEFAULT` to get the most up-to-date weights.
  warnings.warn(msg)
[36mINFO[0m 08/02 06:46:45 | 0.489260    0.451923    0.000000    0.609335    0.487229    0.689291    3.193000    0.419904    0.589041    0.740987    0.489260    0.487229    0.451923    0.419904    0.629630    0.637594    3100        450.909091  0.063828    0.813663    0.469884    3.065072   
/home/s21_yhr/miniconda3/envs/GGA/lib/python3.11/site-packages/torchvision/models/_utils.py:208: UserWarning: The parameter 'pretrained' is deprecated since 0.13 and may be removed in the future, please use 'weights' instead.
  warnings.warn(
/home/s21_yhr/miniconda3/envs/GGA/lib/python3.11/site-packages/torchvision/models/_utils.py:223: UserWarning: Arguments other than a weight enum or `None` for 'weights' are deprecated since 0.13 and may be removed in the future. The current behavior is equivalent to passing `weights=ResNet50_Weights.IMAGENET1K_V1`. You can also use `weights=ResNet50_Weights.DEFAULT` to get the most up-to-date weights.
  warnings.warn(msg)
[36mINFO[0m 08/02 06:48:09 | 0.522673    0.471154    0.000000    0.639143    0.511826    0.697679    3.072622    0.462079    0.630137    0.765282    0.522673    0.511826    0.471154    0.462079    0.648148    0.630075    3200        465.454545  0.043865    0.829110    0.465008    3.065072   
/home/s21_yhr/miniconda3/envs/GGA/lib/python3.11/site-packages/torchvision/models/_utils.py:208: UserWarning: The parameter 'pretrained' is deprecated since 0.13 and may be removed in the future, please use 'weights' instead.
  warnings.warn(
/home/s21_yhr/miniconda3/envs/GGA/lib/python3.11/site-packages/torchvision/models/_utils.py:223: UserWarning: Arguments other than a weight enum or `None` for 'weights' are deprecated since 0.13 and may be removed in the future. The current behavior is equivalent to passing `weights=ResNet50_Weights.IMAGENET1K_V1`. You can also use `weights=ResNet50_Weights.DEFAULT` to get the most up-to-date weights.
  warnings.warn(msg)
[36mINFO[0m 08/02 06:49:32 | 0.513126    0.442308    0.000000    0.641172    0.540239    0.682656    2.787079    0.463744    0.671233    0.738245    0.513126    0.540239    0.442308    0.463744    0.611111    0.627068    3300        480.000000  0.053324    0.830268    0.474849    3.065072   
/home/s21_yhr/miniconda3/envs/GGA/lib/python3.11/site-packages/torchvision/models/_utils.py:208: UserWarning: The parameter 'pretrained' is deprecated since 0.13 and may be removed in the future, please use 'weights' instead.
  warnings.warn(
/home/s21_yhr/miniconda3/envs/GGA/lib/python3.11/site-packages/torchvision/models/_utils.py:223: UserWarning: Arguments other than a weight enum or `None` for 'weights' are deprecated since 0.13 and may be removed in the future. The current behavior is equivalent to passing `weights=ResNet50_Weights.IMAGENET1K_V1`. You can also use `weights=ResNet50_Weights.DEFAULT` to get the most up-to-date weights.
  warnings.warn(msg)
[36mINFO[0m 08/02 06:50:54 | 0.513126    0.442308    0.000000    0.593227    0.520495    0.683736    3.445485    0.447281    0.575342    0.735893    0.513126    0.520495    0.442308    0.447281    0.611111    0.631579    3400        494.545455  0.042988    0.809878    0.463582    3.065072   
/home/s21_yhr/miniconda3/envs/GGA/lib/python3.11/site-packages/torchvision/models/_utils.py:208: UserWarning: The parameter 'pretrained' is deprecated since 0.13 and may be removed in the future, please use 'weights' instead.
  warnings.warn(
/home/s21_yhr/miniconda3/envs/GGA/lib/python3.11/site-packages/torchvision/models/_utils.py:223: UserWarning: Arguments other than a weight enum or `None` for 'weights' are deprecated since 0.13 and may be removed in the future. The current behavior is equivalent to passing `weights=ResNet50_Weights.IMAGENET1K_V1`. You can also use `weights=ResNet50_Weights.DEFAULT` to get the most up-to-date weights.
  warnings.warn(msg)
[36mINFO[0m 08/02 06:52:16 | 0.568019    0.490385    0.000000    0.636733    0.606965    0.716602    2.206211    0.511284    0.643836    0.743730    0.568019    0.606965    0.490385    0.511284    0.629630    0.689474    3500        509.090909  0.052031    0.818403    0.455170    3.065072   
/home/s21_yhr/miniconda3/envs/GGA/lib/python3.11/site-packages/torchvision/models/_utils.py:208: UserWarning: The parameter 'pretrained' is deprecated since 0.13 and may be removed in the future, please use 'weights' instead.
  warnings.warn(
/home/s21_yhr/miniconda3/envs/GGA/lib/python3.11/site-packages/torchvision/models/_utils.py:223: UserWarning: Arguments other than a weight enum or `None` for 'weights' are deprecated since 0.13 and may be removed in the future. The current behavior is equivalent to passing `weights=ResNet50_Weights.IMAGENET1K_V1`. You can also use `weights=ResNet50_Weights.DEFAULT` to get the most up-to-date weights.
  warnings.warn(msg)
[36mINFO[0m 08/02 06:53:39 | 0.508353    0.451923    0.000000    0.657281    0.524335    0.710509    2.623382    0.438032    0.684932    0.795455    0.508353    0.524335    0.451923    0.438032    0.629630    0.625564    3600        523.636364  0.047361    0.820108    0.465137    3.065072   
/home/s21_yhr/miniconda3/envs/GGA/lib/python3.11/site-packages/torchvision/models/_utils.py:208: UserWarning: The parameter 'pretrained' is deprecated since 0.13 and may be removed in the future, please use 'weights' instead.
  warnings.warn(
/home/s21_yhr/miniconda3/envs/GGA/lib/python3.11/site-packages/torchvision/models/_utils.py:223: UserWarning: Arguments other than a weight enum or `None` for 'weights' are deprecated since 0.13 and may be removed in the future. The current behavior is equivalent to passing `weights=ResNet50_Weights.IMAGENET1K_V1`. You can also use `weights=ResNet50_Weights.DEFAULT` to get the most up-to-date weights.
  warnings.warn(msg)
[36mINFO[0m 08/02 06:54:58 | 0.560859    0.528846    0.000000    0.645992    0.603696    0.697890    2.341204    0.520163    0.643836    0.766458    0.560859    0.603696    0.528846    0.520163    0.648148    0.629323    3700        538.181818  0.063110    0.784577    0.477939    3.065072   
/home/s21_yhr/miniconda3/envs/GGA/lib/python3.11/site-packages/torchvision/models/_utils.py:208: UserWarning: The parameter 'pretrained' is deprecated since 0.13 and may be removed in the future, please use 'weights' instead.
  warnings.warn(
/home/s21_yhr/miniconda3/envs/GGA/lib/python3.11/site-packages/torchvision/models/_utils.py:223: UserWarning: Arguments other than a weight enum or `None` for 'weights' are deprecated since 0.13 and may be removed in the future. The current behavior is equivalent to passing `weights=ResNet50_Weights.IMAGENET1K_V1`. You can also use `weights=ResNet50_Weights.DEFAULT` to get the most up-to-date weights.
  warnings.warn(msg)
[36mINFO[0m 08/02 06:56:14 | 0.541766    0.548077    0.000000    0.680238    0.585080    0.699770    2.772208    0.557899    0.712329    0.766458    0.541766    0.585080    0.548077    0.557899    0.648148    0.633083    3800        552.727273  0.052585    0.761012    0.467623    3.065072   
/home/s21_yhr/miniconda3/envs/GGA/lib/python3.11/site-packages/torchvision/models/_utils.py:208: UserWarning: The parameter 'pretrained' is deprecated since 0.13 and may be removed in the future, please use 'weights' instead.
  warnings.warn(
/home/s21_yhr/miniconda3/envs/GGA/lib/python3.11/site-packages/torchvision/models/_utils.py:223: UserWarning: Arguments other than a weight enum or `None` for 'weights' are deprecated since 0.13 and may be removed in the future. The current behavior is equivalent to passing `weights=ResNet50_Weights.IMAGENET1K_V1`. You can also use `weights=ResNet50_Weights.DEFAULT` to get the most up-to-date weights.
  warnings.warn(msg)
[36mINFO[0m 08/02 06:57:32 | 0.565632    0.509615    0.000000    0.661720    0.582221    0.738112    2.184451    0.563818    0.712329    0.803292    0.565632    0.582221    0.509615    0.563818    0.611111    0.672932    3900        567.272727  0.058030    0.773528    0.471301    3.065072   
/home/s21_yhr/miniconda3/envs/GGA/lib/python3.11/site-packages/torchvision/models/_utils.py:208: UserWarning: The parameter 'pretrained' is deprecated since 0.13 and may be removed in the future, please use 'weights' instead.
  warnings.warn(
/home/s21_yhr/miniconda3/envs/GGA/lib/python3.11/site-packages/torchvision/models/_utils.py:223: UserWarning: Arguments other than a weight enum or `None` for 'weights' are deprecated since 0.13 and may be removed in the future. The current behavior is equivalent to passing `weights=ResNet50_Weights.IMAGENET1K_V1`. You can also use `weights=ResNet50_Weights.DEFAULT` to get the most up-to-date weights.
  warnings.warn(msg)
[36mINFO[0m 08/02 06:58:38 | 0.582339    0.480769    0.000000    0.669330    0.649699    0.652683    2.489460    0.497965    0.616438    0.613636    0.582339    0.649699    0.480769    0.497965    0.722222    0.691729    4000        581.818182  0.052710    0.657705    0.492861    3.065072   
/home/s21_yhr/miniconda3/envs/GGA/lib/python3.11/site-packages/torchvision/models/_utils.py:208: UserWarning: The parameter 'pretrained' is deprecated since 0.13 and may be removed in the future, please use 'weights' instead.
  warnings.warn(
/home/s21_yhr/miniconda3/envs/GGA/lib/python3.11/site-packages/torchvision/models/_utils.py:223: UserWarning: Arguments other than a weight enum or `None` for 'weights' are deprecated since 0.13 and may be removed in the future. The current behavior is equivalent to passing `weights=ResNet50_Weights.IMAGENET1K_V1`. You can also use `weights=ResNet50_Weights.DEFAULT` to get the most up-to-date weights.
  warnings.warn(msg)
[36mINFO[0m 08/02 06:59:49 | 0.513126    0.500000    0.000000    0.685058    0.500125    0.693808    2.902926    0.426563    0.684932    0.759796    0.513126    0.500125    0.500000    0.426563    0.685185    0.627820    4100        596.363636  0.040069    0.702976    0.489545    3.065072   
/home/s21_yhr/miniconda3/envs/GGA/lib/python3.11/site-packages/torchvision/models/_utils.py:208: UserWarning: The parameter 'pretrained' is deprecated since 0.13 and may be removed in the future, please use 'weights' instead.
  warnings.warn(
/home/s21_yhr/miniconda3/envs/GGA/lib/python3.11/site-packages/torchvision/models/_utils.py:223: UserWarning: Arguments other than a weight enum or `None` for 'weights' are deprecated since 0.13 and may be removed in the future. The current behavior is equivalent to passing `weights=ResNet50_Weights.IMAGENET1K_V1`. You can also use `weights=ResNet50_Weights.DEFAULT` to get the most up-to-date weights.
  warnings.warn(msg)
[36mINFO[0m 08/02 07:01:05 | 0.527446    0.538462    0.000000    0.666159    0.577538    0.710875    2.551729    0.493896    0.739726    0.813480    0.527446    0.577538    0.538462    0.493896    0.592593    0.608271    4200        610.909091  0.054033    0.755789    0.496045    3.065072   
/home/s21_yhr/miniconda3/envs/GGA/lib/python3.11/site-packages/torchvision/models/_utils.py:208: UserWarning: The parameter 'pretrained' is deprecated since 0.13 and may be removed in the future, please use 'weights' instead.
  warnings.warn(
/home/s21_yhr/miniconda3/envs/GGA/lib/python3.11/site-packages/torchvision/models/_utils.py:223: UserWarning: Arguments other than a weight enum or `None` for 'weights' are deprecated since 0.13 and may be removed in the future. The current behavior is equivalent to passing `weights=ResNet50_Weights.IMAGENET1K_V1`. You can also use `weights=ResNet50_Weights.DEFAULT` to get the most up-to-date weights.
  warnings.warn(msg)
[36mINFO[0m 08/02 07:02:24 | 0.510740    0.423077    0.000000    0.606925    0.506380    0.714031    3.020373    0.414354    0.602740    0.811520    0.510740    0.506380    0.423077    0.414354    0.611111    0.616541    4300        625.454545  0.046436    0.781677    0.490165    3.065072   
/home/s21_yhr/miniconda3/envs/GGA/lib/python3.11/site-packages/torchvision/models/_utils.py:208: UserWarning: The parameter 'pretrained' is deprecated since 0.13 and may be removed in the future, please use 'weights' instead.
  warnings.warn(
/home/s21_yhr/miniconda3/envs/GGA/lib/python3.11/site-packages/torchvision/models/_utils.py:223: UserWarning: Arguments other than a weight enum or `None` for 'weights' are deprecated since 0.13 and may be removed in the future. The current behavior is equivalent to passing `weights=ResNet50_Weights.IMAGENET1K_V1`. You can also use `weights=ResNet50_Weights.DEFAULT` to get the most up-to-date weights.
  warnings.warn(msg)
[36mINFO[0m 08/02 07:03:44 | 0.527446    0.528846    0.000000    0.654871    0.587290    0.694475    2.106755    0.530152    0.698630    0.764890    0.527446    0.587290    0.528846    0.530152    0.611111    0.624060    4400        640.000000  0.060646    0.793467    0.491934    3.065072   
/home/s21_yhr/miniconda3/envs/GGA/lib/python3.11/site-packages/torchvision/models/_utils.py:208: UserWarning: The parameter 'pretrained' is deprecated since 0.13 and may be removed in the future, please use 'weights' instead.
  warnings.warn(
/home/s21_yhr/miniconda3/envs/GGA/lib/python3.11/site-packages/torchvision/models/_utils.py:223: UserWarning: Arguments other than a weight enum or `None` for 'weights' are deprecated since 0.13 and may be removed in the future. The current behavior is equivalent to passing `weights=ResNet50_Weights.IMAGENET1K_V1`. You can also use `weights=ResNet50_Weights.DEFAULT` to get the most up-to-date weights.
  warnings.warn(msg)
[36mINFO[0m 08/02 07:05:02 | 0.582339    0.451923    0.000000    0.657281    0.560643    0.720543    2.501100    0.500555    0.684932    0.798981    0.582339    0.560643    0.451923    0.500555    0.629630    0.642105    4500        654.545455  0.048010    0.783903    0.486484    3.065072   
/home/s21_yhr/miniconda3/envs/GGA/lib/python3.11/site-packages/torchvision/models/_utils.py:208: UserWarning: The parameter 'pretrained' is deprecated since 0.13 and may be removed in the future, please use 'weights' instead.
  warnings.warn(
/home/s21_yhr/miniconda3/envs/GGA/lib/python3.11/site-packages/torchvision/models/_utils.py:223: UserWarning: Arguments other than a weight enum or `None` for 'weights' are deprecated since 0.13 and may be removed in the future. The current behavior is equivalent to passing `weights=ResNet50_Weights.IMAGENET1K_V1`. You can also use `weights=ResNet50_Weights.DEFAULT` to get the most up-to-date weights.
  warnings.warn(msg)
[36mINFO[0m 08/02 07:06:20 | 0.560859    0.596154    0.000000    0.652841    0.561042    0.725451    2.155183    0.580836    0.657534    0.790752    0.560859    0.561042    0.596154    0.580836    0.648148    0.660150    4600        669.090909  0.055538    0.770521    0.493971    3.065072   
/home/s21_yhr/miniconda3/envs/GGA/lib/python3.11/site-packages/torchvision/models/_utils.py:208: UserWarning: The parameter 'pretrained' is deprecated since 0.13 and may be removed in the future, please use 'weights' instead.
  warnings.warn(
/home/s21_yhr/miniconda3/envs/GGA/lib/python3.11/site-packages/torchvision/models/_utils.py:223: UserWarning: Arguments other than a weight enum or `None` for 'weights' are deprecated since 0.13 and may be removed in the future. The current behavior is equivalent to passing `weights=ResNet50_Weights.IMAGENET1K_V1`. You can also use `weights=ResNet50_Weights.DEFAULT` to get the most up-to-date weights.
  warnings.warn(msg)
[36mINFO[0m 08/02 07:07:38 | 0.546539    0.480769    0.000000    0.684678    0.584784    0.730339    2.136735    0.520163    0.739726    0.818574    0.546539    0.584784    0.480769    0.520163    0.629630    0.642105    4700        683.636364  0.042289    0.770158    0.488281    3.065072   
/home/s21_yhr/miniconda3/envs/GGA/lib/python3.11/site-packages/torchvision/models/_utils.py:208: UserWarning: The parameter 'pretrained' is deprecated since 0.13 and may be removed in the future, please use 'weights' instead.
  warnings.warn(
/home/s21_yhr/miniconda3/envs/GGA/lib/python3.11/site-packages/torchvision/models/_utils.py:223: UserWarning: Arguments other than a weight enum or `None` for 'weights' are deprecated since 0.13 and may be removed in the future. The current behavior is equivalent to passing `weights=ResNet50_Weights.IMAGENET1K_V1`. You can also use `weights=ResNet50_Weights.DEFAULT` to get the most up-to-date weights.
  warnings.warn(msg)
[36mINFO[0m 08/02 07:08:56 | 0.546539    0.509615    0.000000    0.659310    0.559413    0.720252    2.370810    0.466519    0.726027    0.793887    0.546539    0.559413    0.509615    0.466519    0.592593    0.646617    4800        698.181818  0.055384    0.775763    0.486864    3.065072   
/home/s21_yhr/miniconda3/envs/GGA/lib/python3.11/site-packages/torchvision/models/_utils.py:208: UserWarning: The parameter 'pretrained' is deprecated since 0.13 and may be removed in the future, please use 'weights' instead.
  warnings.warn(
/home/s21_yhr/miniconda3/envs/GGA/lib/python3.11/site-packages/torchvision/models/_utils.py:223: UserWarning: Arguments other than a weight enum or `None` for 'weights' are deprecated since 0.13 and may be removed in the future. The current behavior is equivalent to passing `weights=ResNet50_Weights.IMAGENET1K_V1`. You can also use `weights=ResNet50_Weights.DEFAULT` to get the most up-to-date weights.
  warnings.warn(msg)
[36mINFO[0m 08/02 07:10:18 | 0.546539    0.500000    0.000000    0.680238    0.560165    0.721650    2.626926    0.529042    0.712329    0.807210    0.546539    0.560165    0.500000    0.529042    0.648148    0.636090    4900        712.727273  0.049242    0.823330    0.488542    3.065072   
/home/s21_yhr/miniconda3/envs/GGA/lib/python3.11/site-packages/torchvision/models/_utils.py:208: UserWarning: The parameter 'pretrained' is deprecated since 0.13 and may be removed in the future, please use 'weights' instead.
  warnings.warn(
/home/s21_yhr/miniconda3/envs/GGA/lib/python3.11/site-packages/torchvision/models/_utils.py:223: UserWarning: Arguments other than a weight enum or `None` for 'weights' are deprecated since 0.13 and may be removed in the future. The current behavior is equivalent to passing `weights=ResNet50_Weights.IMAGENET1K_V1`. You can also use `weights=ResNet50_Weights.DEFAULT` to get the most up-to-date weights.
  warnings.warn(msg)
[36mINFO[0m 08/02 07:11:39 | 0.572792    0.490385    0.000000    0.677829    0.603559    0.728152    2.760229    0.496485    0.726027    0.812696    0.572792    0.603559    0.490385    0.496485    0.629630    0.643609    5000        727.272727  0.038318    0.803093    0.490558    3.065072   
[36mINFO[0m 08/02 07:11:39 | ---
[36mINFO[0m 08/02 07:11:39 | oracle = 56.086%
[36mINFO[0m 08/02 07:11:39 | iid = 53.461%
[36mINFO[0m 08/02 07:11:39 | last = 57.279%
[36mINFO[0m 08/02 07:11:39 | last (inD) = 67.783%
[36mINFO[0m 08/02 07:11:39 | iid (inD) = 70.117%
[36mINFO[0m 08/02 07:11:40 | 
[36mINFO[0m 08/02 07:11:40 | Testenv name escaping te_02 -> te_02
[36mINFO[0m 08/02 07:11:40 | Test envs = [2], name = te_02
[36mINFO[0m 08/02 07:11:40 | Batch sizes for each domain: [32, 32, 0] (total=64)
[36mINFO[0m 08/02 07:11:40 | steps-per-epoch for each domain: 9.19, 13.09 -> min = 9.19
/home/s21_yhr/miniconda3/envs/GGA/lib/python3.11/site-packages/torchvision/models/_utils.py:208: UserWarning: The parameter 'pretrained' is deprecated since 0.13 and may be removed in the future, please use 'weights' instead.
  warnings.warn(
/home/s21_yhr/miniconda3/envs/GGA/lib/python3.11/site-packages/torchvision/models/_utils.py:223: UserWarning: Arguments other than a weight enum or `None` for 'weights' are deprecated since 0.13 and may be removed in the future. The current behavior is equivalent to passing `weights=ResNet50_Weights.IMAGENET1K_V1`. You can also use `weights=ResNet50_Weights.DEFAULT` to get the most up-to-date weights.
  warnings.warn(msg)
[36mINFO[0m 08/02 07:11:43 | # of params = 23512130
[36mINFO[0m 08/02 07:11:44 | test_in     test_out    train_in    train_out   test_in_au  train_out_  tr_outloss  test_out_a  env0_out    env0_out_a  env1_out    env1_out_a  env2_in     env2_in_au  env2_out    env2_out_a  step        epoch       loss        step_time   eval_time   mem_gb     
[36mINFO[0m 08/02 07:11:44 | 0.504545    0.611111    0.000000    0.512316    0.454751    0.455519    0.700861    0.607519    0.534247    0.407524    0.490385    0.503515    0.504545    0.454751    0.611111    0.607519    0           0.000000    0.873991    0.851718    0.370962    3.057565   
/home/s21_yhr/miniconda3/envs/GGA/lib/python3.11/site-packages/torchvision/models/_utils.py:208: UserWarning: The parameter 'pretrained' is deprecated since 0.13 and may be removed in the future, please use 'weights' instead.
  warnings.warn(
/home/s21_yhr/miniconda3/envs/GGA/lib/python3.11/site-packages/torchvision/models/_utils.py:223: UserWarning: Arguments other than a weight enum or `None` for 'weights' are deprecated since 0.13 and may be removed in the future. The current behavior is equivalent to passing `weights=ResNet50_Weights.IMAGENET1K_V1`. You can also use `weights=ResNet50_Weights.DEFAULT` to get the most up-to-date weights.
  warnings.warn(msg)
[36mINFO[0m 08/02 07:13:04 | 0.554545    0.518519    0.000000    0.676502    0.599532    0.724075    0.689079    0.615038    0.506849    0.532132    0.846154    0.916019    0.554545    0.599532    0.518519    0.615038    100         10.884354   0.459135    0.795868    0.355514    3.062997   
/home/s21_yhr/miniconda3/envs/GGA/lib/python3.11/site-packages/torchvision/models/_utils.py:208: UserWarning: The parameter 'pretrained' is deprecated since 0.13 and may be removed in the future, please use 'weights' instead.
  warnings.warn(
/home/s21_yhr/miniconda3/envs/GGA/lib/python3.11/site-packages/torchvision/models/_utils.py:223: UserWarning: Arguments other than a weight enum or `None` for 'weights' are deprecated since 0.13 and may be removed in the future. The current behavior is equivalent to passing `weights=ResNet50_Weights.IMAGENET1K_V1`. You can also use `weights=ResNet50_Weights.DEFAULT` to get the most up-to-date weights.
  warnings.warn(msg)
[36mINFO[0m 08/02 07:14:40 | 0.609091    0.574074    0.000000    0.703899    0.610321    0.781999    0.874680    0.505263    0.561644    0.619122    0.846154    0.944876    0.609091    0.610321    0.574074    0.505263    200         21.768707   0.276988    0.955406    0.356340    3.062997   
/home/s21_yhr/miniconda3/envs/GGA/lib/python3.11/site-packages/torchvision/models/_utils.py:208: UserWarning: The parameter 'pretrained' is deprecated since 0.13 and may be removed in the future, please use 'weights' instead.
  warnings.warn(
/home/s21_yhr/miniconda3/envs/GGA/lib/python3.11/site-packages/torchvision/models/_utils.py:223: UserWarning: Arguments other than a weight enum or `None` for 'weights' are deprecated since 0.13 and may be removed in the future. The current behavior is equivalent to passing `weights=ResNet50_Weights.IMAGENET1K_V1`. You can also use `weights=ResNet50_Weights.DEFAULT` to get the most up-to-date weights.
  warnings.warn(msg)
[36mINFO[0m 08/02 07:16:15 | 0.586364    0.518519    0.000000    0.740911    0.593760    0.793820    0.981339    0.497744    0.616438    0.644984    0.865385    0.942656    0.586364    0.593760    0.518519    0.497744    300         32.653061   0.194507    0.951096    0.347329    3.062997   
/home/s21_yhr/miniconda3/envs/GGA/lib/python3.11/site-packages/torchvision/models/_utils.py:208: UserWarning: The parameter 'pretrained' is deprecated since 0.13 and may be removed in the future, please use 'weights' instead.
  warnings.warn(
/home/s21_yhr/miniconda3/envs/GGA/lib/python3.11/site-packages/torchvision/models/_utils.py:223: UserWarning: Arguments other than a weight enum or `None` for 'weights' are deprecated since 0.13 and may be removed in the future. The current behavior is equivalent to passing `weights=ResNet50_Weights.IMAGENET1K_V1`. You can also use `weights=ResNet50_Weights.DEFAULT` to get the most up-to-date weights.
  warnings.warn(msg)
[36mINFO[0m 08/02 07:17:50 | 0.568182    0.481481    0.000000    0.726488    0.566745    0.781502    0.780436    0.403008    0.616438    0.641066    0.836538    0.921939    0.568182    0.566745    0.481481    0.403008    400         43.537415   0.174606    0.939381    0.366601    3.064584   
/home/s21_yhr/miniconda3/envs/GGA/lib/python3.11/site-packages/torchvision/models/_utils.py:208: UserWarning: The parameter 'pretrained' is deprecated since 0.13 and may be removed in the future, please use 'weights' instead.
  warnings.warn(
/home/s21_yhr/miniconda3/envs/GGA/lib/python3.11/site-packages/torchvision/models/_utils.py:223: UserWarning: Arguments other than a weight enum or `None` for 'weights' are deprecated since 0.13 and may be removed in the future. The current behavior is equivalent to passing `weights=ResNet50_Weights.IMAGENET1K_V1`. You can also use `weights=ResNet50_Weights.DEFAULT` to get the most up-to-date weights.
  warnings.warn(msg)
[36mINFO[0m 08/02 07:19:24 | 0.568182    0.518519    0.000000    0.692242    0.596771    0.777788    1.390379    0.461654    0.547945    0.620690    0.836538    0.934887    0.568182    0.596771    0.518519    0.461654    500         54.421769   0.134773    0.939598    0.342824    3.064584   
/home/s21_yhr/miniconda3/envs/GGA/lib/python3.11/site-packages/torchvision/models/_utils.py:208: UserWarning: The parameter 'pretrained' is deprecated since 0.13 and may be removed in the future, please use 'weights' instead.
  warnings.warn(
/home/s21_yhr/miniconda3/envs/GGA/lib/python3.11/site-packages/torchvision/models/_utils.py:223: UserWarning: Arguments other than a weight enum or `None` for 'weights' are deprecated since 0.13 and may be removed in the future. The current behavior is equivalent to passing `weights=ResNet50_Weights.IMAGENET1K_V1`. You can also use `weights=ResNet50_Weights.DEFAULT` to get the most up-to-date weights.
  warnings.warn(msg)
[36mINFO[0m 08/02 07:20:58 | 0.586364    0.500000    0.000000    0.727213    0.603881    0.786312    1.274874    0.467669    0.589041    0.641066    0.865385    0.931558    0.586364    0.603881    0.500000    0.467669    600         65.306122   0.133577    0.940690    0.345757    3.064584   
/home/s21_yhr/miniconda3/envs/GGA/lib/python3.11/site-packages/torchvision/models/_utils.py:208: UserWarning: The parameter 'pretrained' is deprecated since 0.13 and may be removed in the future, please use 'weights' instead.
  warnings.warn(
/home/s21_yhr/miniconda3/envs/GGA/lib/python3.11/site-packages/torchvision/models/_utils.py:223: UserWarning: Arguments other than a weight enum or `None` for 'weights' are deprecated since 0.13 and may be removed in the future. The current behavior is equivalent to passing `weights=ResNet50_Weights.IMAGENET1K_V1`. You can also use `weights=ResNet50_Weights.DEFAULT` to get the most up-to-date weights.
  warnings.warn(msg)
[36mINFO[0m 08/02 07:22:25 | 0.595455    0.518519    0.000000    0.682626    0.627133    0.772704    1.589695    0.511278    0.547945    0.604232    0.817308    0.941176    0.595455    0.627133    0.518519    0.511278    700         76.190476   0.111230    0.865776    0.340796    3.064584   
/home/s21_yhr/miniconda3/envs/GGA/lib/python3.11/site-packages/torchvision/models/_utils.py:208: UserWarning: The parameter 'pretrained' is deprecated since 0.13 and may be removed in the future, please use 'weights' instead.
  warnings.warn(
/home/s21_yhr/miniconda3/envs/GGA/lib/python3.11/site-packages/torchvision/models/_utils.py:223: UserWarning: Arguments other than a weight enum or `None` for 'weights' are deprecated since 0.13 and may be removed in the future. The current behavior is equivalent to passing `weights=ResNet50_Weights.IMAGENET1K_V1`. You can also use `weights=ResNet50_Weights.DEFAULT` to get the most up-to-date weights.
  warnings.warn(msg)
[36mINFO[0m 08/02 07:23:44 | 0.577273    0.444444    0.000000    0.708707    0.606641    0.781293    1.285308    0.442105    0.561644    0.626959    0.855769    0.935627    0.577273    0.606641    0.444444    0.442105    800         87.074830   0.099928    0.780777    0.344311    3.064584   
/home/s21_yhr/miniconda3/envs/GGA/lib/python3.11/site-packages/torchvision/models/_utils.py:208: UserWarning: The parameter 'pretrained' is deprecated since 0.13 and may be removed in the future, please use 'weights' instead.
  warnings.warn(
/home/s21_yhr/miniconda3/envs/GGA/lib/python3.11/site-packages/torchvision/models/_utils.py:223: UserWarning: Arguments other than a weight enum or `None` for 'weights' are deprecated since 0.13 and may be removed in the future. The current behavior is equivalent to passing `weights=ResNet50_Weights.IMAGENET1K_V1`. You can also use `weights=ResNet50_Weights.DEFAULT` to get the most up-to-date weights.
  warnings.warn(msg)
[36mINFO[0m 08/02 07:25:01 | 0.572727    0.518519    0.000000    0.692242    0.596521    0.753874    1.483915    0.484211    0.547945    0.565831    0.836538    0.941916    0.572727    0.596521    0.518519    0.484211    900         97.959184   0.097126    0.771713    0.331489    3.064584   
/home/s21_yhr/miniconda3/envs/GGA/lib/python3.11/site-packages/torchvision/models/_utils.py:208: UserWarning: The parameter 'pretrained' is deprecated since 0.13 and may be removed in the future, please use 'weights' instead.
  warnings.warn(
/home/s21_yhr/miniconda3/envs/GGA/lib/python3.11/site-packages/torchvision/models/_utils.py:223: UserWarning: Arguments other than a weight enum or `None` for 'weights' are deprecated since 0.13 and may be removed in the future. The current behavior is equivalent to passing `weights=ResNet50_Weights.IMAGENET1K_V1`. You can also use `weights=ResNet50_Weights.DEFAULT` to get the most up-to-date weights.
  warnings.warn(msg)
[36mINFO[0m 08/02 07:26:20 | 0.595455    0.481481    0.000000    0.751251    0.612956    0.825080    1.268576    0.454135    0.589041    0.697884    0.913462    0.952275    0.595455    0.612956    0.481481    0.454135    1000        108.843537  0.097552    0.782176    0.340751    3.064584   
/home/s21_yhr/miniconda3/envs/GGA/lib/python3.11/site-packages/torchvision/models/_utils.py:208: UserWarning: The parameter 'pretrained' is deprecated since 0.13 and may be removed in the future, please use 'weights' instead.
  warnings.warn(
/home/s21_yhr/miniconda3/envs/GGA/lib/python3.11/site-packages/torchvision/models/_utils.py:223: UserWarning: Arguments other than a weight enum or `None` for 'weights' are deprecated since 0.13 and may be removed in the future. The current behavior is equivalent to passing `weights=ResNet50_Weights.IMAGENET1K_V1`. You can also use `weights=ResNet50_Weights.DEFAULT` to get the most up-to-date weights.
  warnings.warn(msg)
[36mINFO[0m 08/02 07:27:34 | 0.609091    0.500000    0.000000    0.715556    0.627969    0.815087    1.200900    0.461654    0.575342    0.677900    0.855769    0.952275    0.609091    0.627969    0.500000    0.461654    1100        119.727891  0.097524    0.738714    0.331963    3.064584   
/home/s21_yhr/miniconda3/envs/GGA/lib/python3.11/site-packages/torchvision/models/_utils.py:208: UserWarning: The parameter 'pretrained' is deprecated since 0.13 and may be removed in the future, please use 'weights' instead.
  warnings.warn(
/home/s21_yhr/miniconda3/envs/GGA/lib/python3.11/site-packages/torchvision/models/_utils.py:223: UserWarning: Arguments other than a weight enum or `None` for 'weights' are deprecated since 0.13 and may be removed in the future. The current behavior is equivalent to passing `weights=ResNet50_Weights.IMAGENET1K_V1`. You can also use `weights=ResNet50_Weights.DEFAULT` to get the most up-to-date weights.
  warnings.warn(msg)
[36mINFO[0m 08/02 07:28:50 | 0.586364    0.500000    0.000000    0.712790    0.593259    0.781337    1.716072    0.466165    0.589041    0.628527    0.836538    0.934147    0.586364    0.593259    0.500000    0.466165    1200        130.612245  0.085451    0.760399    0.345633    3.064584   
/home/s21_yhr/miniconda3/envs/GGA/lib/python3.11/site-packages/torchvision/models/_utils.py:208: UserWarning: The parameter 'pretrained' is deprecated since 0.13 and may be removed in the future, please use 'weights' instead.
  warnings.warn(
/home/s21_yhr/miniconda3/envs/GGA/lib/python3.11/site-packages/torchvision/models/_utils.py:223: UserWarning: Arguments other than a weight enum or `None` for 'weights' are deprecated since 0.13 and may be removed in the future. The current behavior is equivalent to passing `weights=ResNet50_Weights.IMAGENET1K_V1`. You can also use `weights=ResNet50_Weights.DEFAULT` to get the most up-to-date weights.
  warnings.warn(msg)
[36mINFO[0m 08/02 07:30:05 | 0.586364    0.444444    0.000000    0.696325    0.610614    0.800134    1.775351    0.374436    0.575342    0.659091    0.817308    0.941176    0.586364    0.610614    0.444444    0.374436    1300        141.496599  0.071670    0.740228    0.330166    3.064584   
/home/s21_yhr/miniconda3/envs/GGA/lib/python3.11/site-packages/torchvision/models/_utils.py:208: UserWarning: The parameter 'pretrained' is deprecated since 0.13 and may be removed in the future, please use 'weights' instead.
  warnings.warn(
/home/s21_yhr/miniconda3/envs/GGA/lib/python3.11/site-packages/torchvision/models/_utils.py:223: UserWarning: Arguments other than a weight enum or `None` for 'weights' are deprecated since 0.13 and may be removed in the future. The current behavior is equivalent to passing `weights=ResNet50_Weights.IMAGENET1K_V1`. You can also use `weights=ResNet50_Weights.DEFAULT` to get the most up-to-date weights.
  warnings.warn(msg)
[36mINFO[0m 08/02 07:31:22 | 0.559091    0.518519    0.000000    0.720364    0.633657    0.806620    1.399259    0.479699    0.575342    0.666144    0.865385    0.947096    0.559091    0.633657    0.518519    0.479699    1400        152.380952  0.082649    0.769481    0.340599    3.064584   
/home/s21_yhr/miniconda3/envs/GGA/lib/python3.11/site-packages/torchvision/models/_utils.py:208: UserWarning: The parameter 'pretrained' is deprecated since 0.13 and may be removed in the future, please use 'weights' instead.
  warnings.warn(
/home/s21_yhr/miniconda3/envs/GGA/lib/python3.11/site-packages/torchvision/models/_utils.py:223: UserWarning: Arguments other than a weight enum or `None` for 'weights' are deprecated since 0.13 and may be removed in the future. The current behavior is equivalent to passing `weights=ResNet50_Weights.IMAGENET1K_V1`. You can also use `weights=ResNet50_Weights.DEFAULT` to get the most up-to-date weights.
  warnings.warn(msg)
[36mINFO[0m 08/02 07:32:43 | 0.577273    0.537037    0.000000    0.715556    0.576614    0.800840    1.351212    0.511278    0.575342    0.651254    0.855769    0.950425    0.577273    0.576614    0.537037    0.511278    1500        163.265306  0.075168    0.802650    0.335209    3.064584   
/home/s21_yhr/miniconda3/envs/GGA/lib/python3.11/site-packages/torchvision/models/_utils.py:208: UserWarning: The parameter 'pretrained' is deprecated since 0.13 and may be removed in the future, please use 'weights' instead.
  warnings.warn(
/home/s21_yhr/miniconda3/envs/GGA/lib/python3.11/site-packages/torchvision/models/_utils.py:223: UserWarning: Arguments other than a weight enum or `None` for 'weights' are deprecated since 0.13 and may be removed in the future. The current behavior is equivalent to passing `weights=ResNet50_Weights.IMAGENET1K_V1`. You can also use `weights=ResNet50_Weights.DEFAULT` to get the most up-to-date weights.
  warnings.warn(msg)
[36mINFO[0m 08/02 07:33:56 | 0.577273    0.500000    0.000000    0.729254    0.612747    0.800850    1.666575    0.496241    0.602740    0.644984    0.855769    0.956715    0.577273    0.612747    0.500000    0.496241    1600        174.149660  0.066809    0.732403    0.326793    3.064584   
/home/s21_yhr/miniconda3/envs/GGA/lib/python3.11/site-packages/torchvision/models/_utils.py:208: UserWarning: The parameter 'pretrained' is deprecated since 0.13 and may be removed in the future, please use 'weights' instead.
  warnings.warn(
/home/s21_yhr/miniconda3/envs/GGA/lib/python3.11/site-packages/torchvision/models/_utils.py:223: UserWarning: Arguments other than a weight enum or `None` for 'weights' are deprecated since 0.13 and may be removed in the future. The current behavior is equivalent to passing `weights=ResNet50_Weights.IMAGENET1K_V1`. You can also use `weights=ResNet50_Weights.DEFAULT` to get the most up-to-date weights.
  warnings.warn(msg)
[36mINFO[0m 08/02 07:35:05 | 0.586364    0.481481    0.000000    0.729979    0.616092    0.783880    1.513382    0.502256    0.575342    0.606975    0.884615    0.960784    0.586364    0.616092    0.481481    0.502256    1700        185.034014  0.059993    0.689271    0.334789    3.064584   
/home/s21_yhr/miniconda3/envs/GGA/lib/python3.11/site-packages/torchvision/models/_utils.py:208: UserWarning: The parameter 'pretrained' is deprecated since 0.13 and may be removed in the future, please use 'weights' instead.
  warnings.warn(
/home/s21_yhr/miniconda3/envs/GGA/lib/python3.11/site-packages/torchvision/models/_utils.py:223: UserWarning: Arguments other than a weight enum or `None` for 'weights' are deprecated since 0.13 and may be removed in the future. The current behavior is equivalent to passing `weights=ResNet50_Weights.IMAGENET1K_V1`. You can also use `weights=ResNet50_Weights.DEFAULT` to get the most up-to-date weights.
  warnings.warn(msg)
[36mINFO[0m 08/02 07:36:21 | 0.613636    0.592593    0.000000    0.711473    0.643192    0.773561    1.561471    0.536842    0.547945    0.588558    0.875000    0.958565    0.613636    0.643192    0.592593    0.536842    1800        195.918367  0.061814    0.748563    0.330040    3.064584   
/home/s21_yhr/miniconda3/envs/GGA/lib/python3.11/site-packages/torchvision/models/_utils.py:208: UserWarning: The parameter 'pretrained' is deprecated since 0.13 and may be removed in the future, please use 'weights' instead.
  warnings.warn(
/home/s21_yhr/miniconda3/envs/GGA/lib/python3.11/site-packages/torchvision/models/_utils.py:223: UserWarning: Arguments other than a weight enum or `None` for 'weights' are deprecated since 0.13 and may be removed in the future. The current behavior is equivalent to passing `weights=ResNet50_Weights.IMAGENET1K_V1`. You can also use `weights=ResNet50_Weights.DEFAULT` to get the most up-to-date weights.
  warnings.warn(msg)
[36mINFO[0m 08/02 07:37:39 | 0.581818    0.518519    0.000000    0.703174    0.618685    0.775600    1.472534    0.422556    0.589041    0.615204    0.817308    0.935997    0.581818    0.618685    0.518519    0.422556    1900        206.802721  0.064739    0.781470    0.333977    3.064584   
/home/s21_yhr/miniconda3/envs/GGA/lib/python3.11/site-packages/torchvision/models/_utils.py:208: UserWarning: The parameter 'pretrained' is deprecated since 0.13 and may be removed in the future, please use 'weights' instead.
  warnings.warn(
/home/s21_yhr/miniconda3/envs/GGA/lib/python3.11/site-packages/torchvision/models/_utils.py:223: UserWarning: Arguments other than a weight enum or `None` for 'weights' are deprecated since 0.13 and may be removed in the future. The current behavior is equivalent to passing `weights=ResNet50_Weights.IMAGENET1K_V1`. You can also use `weights=ResNet50_Weights.DEFAULT` to get the most up-to-date weights.
  warnings.warn(msg)
[36mINFO[0m 08/02 07:38:59 | 0.595455    0.537037    0.000000    0.708707    0.617807    0.763855    2.130980    0.499248    0.561644    0.585423    0.855769    0.942286    0.595455    0.617807    0.537037    0.499248    2000        217.687075  0.068375    0.795634    0.333767    3.064584   
/home/s21_yhr/miniconda3/envs/GGA/lib/python3.11/site-packages/torchvision/models/_utils.py:208: UserWarning: The parameter 'pretrained' is deprecated since 0.13 and may be removed in the future, please use 'weights' instead.
  warnings.warn(
/home/s21_yhr/miniconda3/envs/GGA/lib/python3.11/site-packages/torchvision/models/_utils.py:223: UserWarning: Arguments other than a weight enum or `None` for 'weights' are deprecated since 0.13 and may be removed in the future. The current behavior is equivalent to passing `weights=ResNet50_Weights.IMAGENET1K_V1`. You can also use `weights=ResNet50_Weights.DEFAULT` to get the most up-to-date weights.
  warnings.warn(msg)
[36mINFO[0m 08/02 07:40:21 | 0.595455    0.555556    0.000000    0.670969    0.597942    0.779310    1.898185    0.470677    0.534247    0.608934    0.807692    0.949686    0.595455    0.597942    0.555556    0.470677    2100        228.571429  0.068942    0.818585    0.330741    3.064584   
/home/s21_yhr/miniconda3/envs/GGA/lib/python3.11/site-packages/torchvision/models/_utils.py:208: UserWarning: The parameter 'pretrained' is deprecated since 0.13 and may be removed in the future, please use 'weights' instead.
  warnings.warn(
/home/s21_yhr/miniconda3/envs/GGA/lib/python3.11/site-packages/torchvision/models/_utils.py:223: UserWarning: Arguments other than a weight enum or `None` for 'weights' are deprecated since 0.13 and may be removed in the future. The current behavior is equivalent to passing `weights=ResNet50_Weights.IMAGENET1K_V1`. You can also use `weights=ResNet50_Weights.DEFAULT` to get the most up-to-date weights.
  warnings.warn(msg)
[36mINFO[0m 08/02 07:41:42 | 0.572727    0.444444    0.000000    0.706665    0.611074    0.767980    1.453567    0.404511    0.547945    0.594044    0.865385    0.941916    0.572727    0.611074    0.444444    0.404511    2200        239.455782  0.069848    0.804671    0.334360    3.064645   
/home/s21_yhr/miniconda3/envs/GGA/lib/python3.11/site-packages/torchvision/models/_utils.py:208: UserWarning: The parameter 'pretrained' is deprecated since 0.13 and may be removed in the future, please use 'weights' instead.
  warnings.warn(
/home/s21_yhr/miniconda3/envs/GGA/lib/python3.11/site-packages/torchvision/models/_utils.py:223: UserWarning: Arguments other than a weight enum or `None` for 'weights' are deprecated since 0.13 and may be removed in the future. The current behavior is equivalent to passing `weights=ResNet50_Weights.IMAGENET1K_V1`. You can also use `weights=ResNet50_Weights.DEFAULT` to get the most up-to-date weights.
  warnings.warn(msg)
[36mINFO[0m 08/02 07:43:04 | 0.554545    0.462963    0.000000    0.745719    0.589328    0.780687    1.285349    0.449624    0.616438    0.644984    0.875000    0.916389    0.554545    0.589328    0.462963    0.449624    2300        250.340136  0.059629    0.819503    0.340444    3.064645   
/home/s21_yhr/miniconda3/envs/GGA/lib/python3.11/site-packages/torchvision/models/_utils.py:208: UserWarning: The parameter 'pretrained' is deprecated since 0.13 and may be removed in the future, please use 'weights' instead.
  warnings.warn(
/home/s21_yhr/miniconda3/envs/GGA/lib/python3.11/site-packages/torchvision/models/_utils.py:223: UserWarning: Arguments other than a weight enum or `None` for 'weights' are deprecated since 0.13 and may be removed in the future. The current behavior is equivalent to passing `weights=ResNet50_Weights.IMAGENET1K_V1`. You can also use `weights=ResNet50_Weights.DEFAULT` to get the most up-to-date weights.
  warnings.warn(msg)
[36mINFO[0m 08/02 07:44:27 | 0.563636    0.462963    0.000000    0.721088    0.652308    0.761260    2.042660    0.527820    0.547945    0.588558    0.894231    0.933962    0.563636    0.652308    0.462963    0.527820    2400        261.224490  0.061502    0.821515    0.336304    3.064645   
/home/s21_yhr/miniconda3/envs/GGA/lib/python3.11/site-packages/torchvision/models/_utils.py:208: UserWarning: The parameter 'pretrained' is deprecated since 0.13 and may be removed in the future, please use 'weights' instead.
  warnings.warn(
/home/s21_yhr/miniconda3/envs/GGA/lib/python3.11/site-packages/torchvision/models/_utils.py:223: UserWarning: Arguments other than a weight enum or `None` for 'weights' are deprecated since 0.13 and may be removed in the future. The current behavior is equivalent to passing `weights=ResNet50_Weights.IMAGENET1K_V1`. You can also use `weights=ResNet50_Weights.DEFAULT` to get the most up-to-date weights.
  warnings.warn(msg)
[36mINFO[0m 08/02 07:45:49 | 0.586364    0.481481    0.000000    0.760142    0.622867    0.838294    1.420391    0.445113    0.616438    0.727273    0.903846    0.949316    0.586364    0.622867    0.481481    0.445113    2500        272.108844  0.065438    0.819072    0.330862    3.064645   
/home/s21_yhr/miniconda3/envs/GGA/lib/python3.11/site-packages/torchvision/models/_utils.py:208: UserWarning: The parameter 'pretrained' is deprecated since 0.13 and may be removed in the future, please use 'weights' instead.
  warnings.warn(
/home/s21_yhr/miniconda3/envs/GGA/lib/python3.11/site-packages/torchvision/models/_utils.py:223: UserWarning: Arguments other than a weight enum or `None` for 'weights' are deprecated since 0.13 and may be removed in the future. The current behavior is equivalent to passing `weights=ResNet50_Weights.IMAGENET1K_V1`. You can also use `weights=ResNet50_Weights.DEFAULT` to get the most up-to-date weights.
  warnings.warn(msg)
[36mINFO[0m 08/02 07:47:13 | 0.581818    0.500000    0.000000    0.749210    0.646705    0.797177    1.646065    0.485714    0.575342    0.642633    0.923077    0.951720    0.581818    0.646705    0.500000    0.485714    2600        282.993197  0.048565    0.833310    0.341678    3.064645   
/home/s21_yhr/miniconda3/envs/GGA/lib/python3.11/site-packages/torchvision/models/_utils.py:208: UserWarning: The parameter 'pretrained' is deprecated since 0.13 and may be removed in the future, please use 'weights' instead.
  warnings.warn(
/home/s21_yhr/miniconda3/envs/GGA/lib/python3.11/site-packages/torchvision/models/_utils.py:223: UserWarning: Arguments other than a weight enum or `None` for 'weights' are deprecated since 0.13 and may be removed in the future. The current behavior is equivalent to passing `weights=ResNet50_Weights.IMAGENET1K_V1`. You can also use `weights=ResNet50_Weights.DEFAULT` to get the most up-to-date weights.
  warnings.warn(msg)
[36mINFO[0m 08/02 07:48:37 | 0.577273    0.518519    0.000000    0.747761    0.601957    0.803540    1.492245    0.451128    0.630137    0.661834    0.865385    0.945246    0.577273    0.601957    0.518519    0.451128    2700        293.877551  0.048151    0.840000    0.350335    3.064645   
/home/s21_yhr/miniconda3/envs/GGA/lib/python3.11/site-packages/torchvision/models/_utils.py:208: UserWarning: The parameter 'pretrained' is deprecated since 0.13 and may be removed in the future, please use 'weights' instead.
  warnings.warn(
/home/s21_yhr/miniconda3/envs/GGA/lib/python3.11/site-packages/torchvision/models/_utils.py:223: UserWarning: Arguments other than a weight enum or `None` for 'weights' are deprecated since 0.13 and may be removed in the future. The current behavior is equivalent to passing `weights=ResNet50_Weights.IMAGENET1K_V1`. You can also use `weights=ResNet50_Weights.DEFAULT` to get the most up-to-date weights.
  warnings.warn(msg)
[36mINFO[0m 08/02 07:49:59 | 0.609091    0.518519    0.000000    0.756059    0.643610    0.815674    1.539697    0.478195    0.589041    0.672414    0.923077    0.958935    0.609091    0.643610    0.518519    0.478195    2800        304.761905  0.055336    0.818752    0.320175    3.064645   
/home/s21_yhr/miniconda3/envs/GGA/lib/python3.11/site-packages/torchvision/models/_utils.py:208: UserWarning: The parameter 'pretrained' is deprecated since 0.13 and may be removed in the future, please use 'weights' instead.
  warnings.warn(
/home/s21_yhr/miniconda3/envs/GGA/lib/python3.11/site-packages/torchvision/models/_utils.py:223: UserWarning: Arguments other than a weight enum or `None` for 'weights' are deprecated since 0.13 and may be removed in the future. The current behavior is equivalent to passing `weights=ResNet50_Weights.IMAGENET1K_V1`. You can also use `weights=ResNet50_Weights.DEFAULT` to get the most up-to-date weights.
  warnings.warn(msg)
[36mINFO[0m 08/02 07:51:21 | 0.595455    0.462963    0.000000    0.692242    0.616594    0.759578    1.718352    0.422556    0.547945    0.584639    0.836538    0.934517    0.595455    0.616594    0.462963    0.422556    2900        315.646259  0.052739    0.812531    0.332277    3.064645   
/home/s21_yhr/miniconda3/envs/GGA/lib/python3.11/site-packages/torchvision/models/_utils.py:208: UserWarning: The parameter 'pretrained' is deprecated since 0.13 and may be removed in the future, please use 'weights' instead.
  warnings.warn(
/home/s21_yhr/miniconda3/envs/GGA/lib/python3.11/site-packages/torchvision/models/_utils.py:223: UserWarning: Arguments other than a weight enum or `None` for 'weights' are deprecated since 0.13 and may be removed in the future. The current behavior is equivalent to passing `weights=ResNet50_Weights.IMAGENET1K_V1`. You can also use `weights=ResNet50_Weights.DEFAULT` to get the most up-to-date weights.
  warnings.warn(msg)
[36mINFO[0m 08/02 07:52:43 | 0.586364    0.555556    0.000000    0.713383    0.642439    0.815623    1.262999    0.478195    0.657534    0.690439    0.769231    0.940807    0.586364    0.642439    0.555556    0.478195    3000        326.530612  0.065137    0.815757    0.338519    3.064645   
/home/s21_yhr/miniconda3/envs/GGA/lib/python3.11/site-packages/torchvision/models/_utils.py:208: UserWarning: The parameter 'pretrained' is deprecated since 0.13 and may be removed in the future, please use 'weights' instead.
  warnings.warn(
/home/s21_yhr/miniconda3/envs/GGA/lib/python3.11/site-packages/torchvision/models/_utils.py:223: UserWarning: Arguments other than a weight enum or `None` for 'weights' are deprecated since 0.13 and may be removed in the future. The current behavior is equivalent to passing `weights=ResNet50_Weights.IMAGENET1K_V1`. You can also use `weights=ResNet50_Weights.DEFAULT` to get the most up-to-date weights.
  warnings.warn(msg)
[36mINFO[0m 08/02 07:54:01 | 0.577273    0.555556    0.000000    0.738145    0.616218    0.796325    1.215819    0.580451    0.630137    0.655172    0.846154    0.937477    0.577273    0.616218    0.555556    0.580451    3100        337.414966  0.061258    0.778179    0.332688    3.065072   
/home/s21_yhr/miniconda3/envs/GGA/lib/python3.11/site-packages/torchvision/models/_utils.py:208: UserWarning: The parameter 'pretrained' is deprecated since 0.13 and may be removed in the future, please use 'weights' instead.
  warnings.warn(
/home/s21_yhr/miniconda3/envs/GGA/lib/python3.11/site-packages/torchvision/models/_utils.py:223: UserWarning: Arguments other than a weight enum or `None` for 'weights' are deprecated since 0.13 and may be removed in the future. The current behavior is equivalent to passing `weights=ResNet50_Weights.IMAGENET1K_V1`. You can also use `weights=ResNet50_Weights.DEFAULT` to get the most up-to-date weights.
  warnings.warn(msg)
[36mINFO[0m 08/02 07:55:22 | 0.586364    0.462963    0.000000    0.734062    0.640139    0.806968    1.588607    0.505263    0.602740    0.665361    0.865385    0.948576    0.586364    0.640139    0.462963    0.505263    3200        348.299320  0.053887    0.808920    0.330213    3.065072   
/home/s21_yhr/miniconda3/envs/GGA/lib/python3.11/site-packages/torchvision/models/_utils.py:208: UserWarning: The parameter 'pretrained' is deprecated since 0.13 and may be removed in the future, please use 'weights' instead.
  warnings.warn(
/home/s21_yhr/miniconda3/envs/GGA/lib/python3.11/site-packages/torchvision/models/_utils.py:223: UserWarning: Arguments other than a weight enum or `None` for 'weights' are deprecated since 0.13 and may be removed in the future. The current behavior is equivalent to passing `weights=ResNet50_Weights.IMAGENET1K_V1`. You can also use `weights=ResNet50_Weights.DEFAULT` to get the most up-to-date weights.
  warnings.warn(msg)
[36mINFO[0m 08/02 07:56:45 | 0.590909    0.481481    0.000000    0.719639    0.644530    0.782863    1.552820    0.497744    0.602740    0.643417    0.836538    0.922309    0.590909    0.644530    0.481481    0.497744    3300        359.183673  0.051968    0.823707    0.334122    3.065072   
/home/s21_yhr/miniconda3/envs/GGA/lib/python3.11/site-packages/torchvision/models/_utils.py:208: UserWarning: The parameter 'pretrained' is deprecated since 0.13 and may be removed in the future, please use 'weights' instead.
  warnings.warn(
/home/s21_yhr/miniconda3/envs/GGA/lib/python3.11/site-packages/torchvision/models/_utils.py:223: UserWarning: Arguments other than a weight enum or `None` for 'weights' are deprecated since 0.13 and may be removed in the future. The current behavior is equivalent to passing `weights=ResNet50_Weights.IMAGENET1K_V1`. You can also use `weights=ResNet50_Weights.DEFAULT` to get the most up-to-date weights.
  warnings.warn(msg)
[36mINFO[0m 08/02 07:58:07 | 0.600000    0.555556    0.000000    0.668203    0.643777    0.776272    2.014664    0.560902    0.547945    0.599530    0.788462    0.953015    0.600000    0.643777    0.555556    0.560902    3400        370.068027  0.045176    0.815154    0.329135    3.065072   
/home/s21_yhr/miniconda3/envs/GGA/lib/python3.11/site-packages/torchvision/models/_utils.py:208: UserWarning: The parameter 'pretrained' is deprecated since 0.13 and may be removed in the future, please use 'weights' instead.
  warnings.warn(
/home/s21_yhr/miniconda3/envs/GGA/lib/python3.11/site-packages/torchvision/models/_utils.py:223: UserWarning: Arguments other than a weight enum or `None` for 'weights' are deprecated since 0.13 and may be removed in the future. The current behavior is equivalent to passing `weights=ResNet50_Weights.IMAGENET1K_V1`. You can also use `weights=ResNet50_Weights.DEFAULT` to get the most up-to-date weights.
  warnings.warn(msg)
[36mINFO[0m 08/02 07:59:29 | 0.572727    0.500000    0.000000    0.748485    0.619020    0.806193    1.617756    0.452632    0.602740    0.650862    0.894231    0.961524    0.572727    0.619020    0.500000    0.452632    3500        380.952381  0.049843    0.822430    0.328021    3.065072   
/home/s21_yhr/miniconda3/envs/GGA/lib/python3.11/site-packages/torchvision/models/_utils.py:208: UserWarning: The parameter 'pretrained' is deprecated since 0.13 and may be removed in the future, please use 'weights' instead.
  warnings.warn(
/home/s21_yhr/miniconda3/envs/GGA/lib/python3.11/site-packages/torchvision/models/_utils.py:223: UserWarning: Arguments other than a weight enum or `None` for 'weights' are deprecated since 0.13 and may be removed in the future. The current behavior is equivalent to passing `weights=ResNet50_Weights.IMAGENET1K_V1`. You can also use `weights=ResNet50_Weights.DEFAULT` to get the most up-to-date weights.
  warnings.warn(msg)
[36mINFO[0m 08/02 08:00:51 | 0.645455    0.500000    0.000000    0.706665    0.652267    0.775917    1.862321    0.457143    0.547945    0.619906    0.865385    0.931927    0.645455    0.652267    0.500000    0.457143    3600        391.836735  0.040588    0.811759    0.327923    3.065072   
/home/s21_yhr/miniconda3/envs/GGA/lib/python3.11/site-packages/torchvision/models/_utils.py:208: UserWarning: The parameter 'pretrained' is deprecated since 0.13 and may be removed in the future, please use 'weights' instead.
  warnings.warn(
/home/s21_yhr/miniconda3/envs/GGA/lib/python3.11/site-packages/torchvision/models/_utils.py:223: UserWarning: Arguments other than a weight enum or `None` for 'weights' are deprecated since 0.13 and may be removed in the future. The current behavior is equivalent to passing `weights=ResNet50_Weights.IMAGENET1K_V1`. You can also use `weights=ResNet50_Weights.DEFAULT` to get the most up-to-date weights.
  warnings.warn(msg)
[36mINFO[0m 08/02 08:02:14 | 0.554545    0.574074    0.000000    0.666754    0.613499    0.775632    2.113977    0.482707    0.602740    0.609718    0.730769    0.941546    0.554545    0.613499    0.574074    0.482707    3700        402.721088  0.054027    0.825684    0.333161    3.065072   
/home/s21_yhr/miniconda3/envs/GGA/lib/python3.11/site-packages/torchvision/models/_utils.py:208: UserWarning: The parameter 'pretrained' is deprecated since 0.13 and may be removed in the future, please use 'weights' instead.
  warnings.warn(
/home/s21_yhr/miniconda3/envs/GGA/lib/python3.11/site-packages/torchvision/models/_utils.py:223: UserWarning: Arguments other than a weight enum or `None` for 'weights' are deprecated since 0.13 and may be removed in the future. The current behavior is equivalent to passing `weights=ResNet50_Weights.IMAGENET1K_V1`. You can also use `weights=ResNet50_Weights.DEFAULT` to get the most up-to-date weights.
  warnings.warn(msg)
[36mINFO[0m 08/02 08:03:34 | 0.613636    0.500000    0.000000    0.735379    0.656574    0.791308    1.664326    0.475188    0.643836    0.654389    0.826923    0.928228    0.613636    0.656574    0.500000    0.475188    3800        413.605442  0.054476    0.799446    0.330932    3.065072   
/home/s21_yhr/miniconda3/envs/GGA/lib/python3.11/site-packages/torchvision/models/_utils.py:208: UserWarning: The parameter 'pretrained' is deprecated since 0.13 and may be removed in the future, please use 'weights' instead.
  warnings.warn(
/home/s21_yhr/miniconda3/envs/GGA/lib/python3.11/site-packages/torchvision/models/_utils.py:223: UserWarning: Arguments other than a weight enum or `None` for 'weights' are deprecated since 0.13 and may be removed in the future. The current behavior is equivalent to passing `weights=ResNet50_Weights.IMAGENET1K_V1`. You can also use `weights=ResNet50_Weights.DEFAULT` to get the most up-to-date weights.
  warnings.warn(msg)
[36mINFO[0m 08/02 08:04:58 | 0.600000    0.518519    0.000000    0.740187    0.602375    0.828062    1.580223    0.464662    0.643836    0.705329    0.836538    0.950795    0.600000    0.602375    0.518519    0.464662    3900        424.489796  0.044145    0.830782    0.339477    3.065072   
/home/s21_yhr/miniconda3/envs/GGA/lib/python3.11/site-packages/torchvision/models/_utils.py:208: UserWarning: The parameter 'pretrained' is deprecated since 0.13 and may be removed in the future, please use 'weights' instead.
  warnings.warn(
/home/s21_yhr/miniconda3/envs/GGA/lib/python3.11/site-packages/torchvision/models/_utils.py:223: UserWarning: Arguments other than a weight enum or `None` for 'weights' are deprecated since 0.13 and may be removed in the future. The current behavior is equivalent to passing `weights=ResNet50_Weights.IMAGENET1K_V1`. You can also use `weights=ResNet50_Weights.DEFAULT` to get the most up-to-date weights.
  warnings.warn(msg)
[36mINFO[0m 08/02 08:06:20 | 0.631818    0.574074    0.000000    0.725764    0.654567    0.808800    1.480874    0.479699    0.643836    0.691223    0.807692    0.926378    0.631818    0.654567    0.574074    0.479699    4000        435.374150  0.040915    0.817764    0.329660    3.065072   
/home/s21_yhr/miniconda3/envs/GGA/lib/python3.11/site-packages/torchvision/models/_utils.py:208: UserWarning: The parameter 'pretrained' is deprecated since 0.13 and may be removed in the future, please use 'weights' instead.
  warnings.warn(
/home/s21_yhr/miniconda3/envs/GGA/lib/python3.11/site-packages/torchvision/models/_utils.py:223: UserWarning: Arguments other than a weight enum or `None` for 'weights' are deprecated since 0.13 and may be removed in the future. The current behavior is equivalent to passing `weights=ResNet50_Weights.IMAGENET1K_V1`. You can also use `weights=ResNet50_Weights.DEFAULT` to get the most up-to-date weights.
  warnings.warn(msg)
[36mINFO[0m 08/02 08:07:41 | 0.595455    0.500000    0.000000    0.710748    0.636417    0.808968    2.166443    0.521053    0.575342    0.687304    0.846154    0.930633    0.595455    0.636417    0.500000    0.521053    4100        446.258503  0.041734    0.807543    0.332885    3.065072   
/home/s21_yhr/miniconda3/envs/GGA/lib/python3.11/site-packages/torchvision/models/_utils.py:208: UserWarning: The parameter 'pretrained' is deprecated since 0.13 and may be removed in the future, please use 'weights' instead.
  warnings.warn(
/home/s21_yhr/miniconda3/envs/GGA/lib/python3.11/site-packages/torchvision/models/_utils.py:223: UserWarning: Arguments other than a weight enum or `None` for 'weights' are deprecated since 0.13 and may be removed in the future. The current behavior is equivalent to passing `weights=ResNet50_Weights.IMAGENET1K_V1`. You can also use `weights=ResNet50_Weights.DEFAULT` to get the most up-to-date weights.
  warnings.warn(msg)
[36mINFO[0m 08/02 08:09:03 | 0.554545    0.648148    0.000000    0.704492    0.611408    0.810614    2.108504    0.542857    0.630137    0.670063    0.778846    0.951165    0.554545    0.611408    0.648148    0.542857    4200        457.142857  0.046832    0.816942    0.333245    3.065072   
/home/s21_yhr/miniconda3/envs/GGA/lib/python3.11/site-packages/torchvision/models/_utils.py:208: UserWarning: The parameter 'pretrained' is deprecated since 0.13 and may be removed in the future, please use 'weights' instead.
  warnings.warn(
/home/s21_yhr/miniconda3/envs/GGA/lib/python3.11/site-packages/torchvision/models/_utils.py:223: UserWarning: Arguments other than a weight enum or `None` for 'weights' are deprecated since 0.13 and may be removed in the future. The current behavior is equivalent to passing `weights=ResNet50_Weights.IMAGENET1K_V1`. You can also use `weights=ResNet50_Weights.DEFAULT` to get the most up-to-date weights.
  warnings.warn(msg)
[36mINFO[0m 08/02 08:10:37 | 0.609091    0.555556    0.000000    0.714107    0.643610    0.775267    1.595658    0.491729    0.630137    0.636364    0.798077    0.914169    0.609091    0.643610    0.555556    0.491729    4300        468.027211  0.043246    0.941929    0.355363    3.065072   
/home/s21_yhr/miniconda3/envs/GGA/lib/python3.11/site-packages/torchvision/models/_utils.py:208: UserWarning: The parameter 'pretrained' is deprecated since 0.13 and may be removed in the future, please use 'weights' instead.
  warnings.warn(
/home/s21_yhr/miniconda3/envs/GGA/lib/python3.11/site-packages/torchvision/models/_utils.py:223: UserWarning: Arguments other than a weight enum or `None` for 'weights' are deprecated since 0.13 and may be removed in the future. The current behavior is equivalent to passing `weights=ResNet50_Weights.IMAGENET1K_V1`. You can also use `weights=ResNet50_Weights.DEFAULT` to get the most up-to-date weights.
  warnings.warn(msg)
[36mINFO[0m 08/02 08:12:13 | 0.581818    0.500000    0.000000    0.762184    0.663934    0.801788    2.034176    0.473684    0.630137    0.695141    0.894231    0.908435    0.581818    0.663934    0.500000    0.473684    4400        478.911565  0.039855    0.953705    0.356345    3.065072   
/home/s21_yhr/miniconda3/envs/GGA/lib/python3.11/site-packages/torchvision/models/_utils.py:208: UserWarning: The parameter 'pretrained' is deprecated since 0.13 and may be removed in the future, please use 'weights' instead.
  warnings.warn(
/home/s21_yhr/miniconda3/envs/GGA/lib/python3.11/site-packages/torchvision/models/_utils.py:223: UserWarning: Arguments other than a weight enum or `None` for 'weights' are deprecated since 0.13 and may be removed in the future. The current behavior is equivalent to passing `weights=ResNet50_Weights.IMAGENET1K_V1`. You can also use `weights=ResNet50_Weights.DEFAULT` to get the most up-to-date weights.
  warnings.warn(msg)
[36mINFO[0m 08/02 08:13:49 | 0.613636    0.500000    0.000000    0.728530    0.634619    0.813307    1.940794    0.478195    0.630137    0.700235    0.826923    0.926378    0.613636    0.634619    0.500000    0.478195    4500        489.795918  0.042654    0.958119    0.363811    3.065072   
/home/s21_yhr/miniconda3/envs/GGA/lib/python3.11/site-packages/torchvision/models/_utils.py:208: UserWarning: The parameter 'pretrained' is deprecated since 0.13 and may be removed in the future, please use 'weights' instead.
  warnings.warn(
/home/s21_yhr/miniconda3/envs/GGA/lib/python3.11/site-packages/torchvision/models/_utils.py:223: UserWarning: Arguments other than a weight enum or `None` for 'weights' are deprecated since 0.13 and may be removed in the future. The current behavior is equivalent to passing `weights=ResNet50_Weights.IMAGENET1K_V1`. You can also use `weights=ResNet50_Weights.DEFAULT` to get the most up-to-date weights.
  warnings.warn(msg)
[36mINFO[0m 08/02 08:15:25 | 0.618182    0.518519    0.000000    0.720956    0.622616    0.833496    1.822409    0.422556    0.643836    0.727665    0.798077    0.939327    0.618182    0.622616    0.518519    0.422556    4600        500.680272  0.035149    0.957572    0.360706    3.065072   
/home/s21_yhr/miniconda3/envs/GGA/lib/python3.11/site-packages/torchvision/models/_utils.py:208: UserWarning: The parameter 'pretrained' is deprecated since 0.13 and may be removed in the future, please use 'weights' instead.
  warnings.warn(
/home/s21_yhr/miniconda3/envs/GGA/lib/python3.11/site-packages/torchvision/models/_utils.py:223: UserWarning: Arguments other than a weight enum or `None` for 'weights' are deprecated since 0.13 and may be removed in the future. The current behavior is equivalent to passing `weights=ResNet50_Weights.IMAGENET1K_V1`. You can also use `weights=ResNet50_Weights.DEFAULT` to get the most up-to-date weights.
  warnings.warn(msg)
[36mINFO[0m 08/02 08:17:02 | 0.604545    0.500000    0.000000    0.734062    0.647206    0.795553    1.596991    0.484211    0.602740    0.660658    0.865385    0.930448    0.604545    0.647206    0.500000    0.484211    4700        511.564626  0.049722    0.957113    0.364509    3.065072   
/home/s21_yhr/miniconda3/envs/GGA/lib/python3.11/site-packages/torchvision/models/_utils.py:208: UserWarning: The parameter 'pretrained' is deprecated since 0.13 and may be removed in the future, please use 'weights' instead.
  warnings.warn(
/home/s21_yhr/miniconda3/envs/GGA/lib/python3.11/site-packages/torchvision/models/_utils.py:223: UserWarning: Arguments other than a weight enum or `None` for 'weights' are deprecated since 0.13 and may be removed in the future. The current behavior is equivalent to passing `weights=ResNet50_Weights.IMAGENET1K_V1`. You can also use `weights=ResNet50_Weights.DEFAULT` to get the most up-to-date weights.
  warnings.warn(msg)
[36mINFO[0m 08/02 08:18:33 | 0.600000    0.481481    0.000000    0.702450    0.643024    0.790865    1.541063    0.448120    0.616438    0.671630    0.788462    0.910100    0.600000    0.643024    0.481481    0.448120    4800        522.448980  0.047277    0.915143    0.328633    3.065072   
/home/s21_yhr/miniconda3/envs/GGA/lib/python3.11/site-packages/torchvision/models/_utils.py:208: UserWarning: The parameter 'pretrained' is deprecated since 0.13 and may be removed in the future, please use 'weights' instead.
  warnings.warn(
/home/s21_yhr/miniconda3/envs/GGA/lib/python3.11/site-packages/torchvision/models/_utils.py:223: UserWarning: Arguments other than a weight enum or `None` for 'weights' are deprecated since 0.13 and may be removed in the future. The current behavior is equivalent to passing `weights=ResNet50_Weights.IMAGENET1K_V1`. You can also use `weights=ResNet50_Weights.DEFAULT` to get the most up-to-date weights.
  warnings.warn(msg)
[36mINFO[0m 08/02 08:19:57 | 0.627273    0.574074    0.000000    0.695601    0.673553    0.811857    1.323945    0.509774    0.602740    0.688088    0.788462    0.935627    0.627273    0.673553    0.574074    0.509774    4900        533.333333  0.054874    0.834274    0.334841    3.065072   
/home/s21_yhr/miniconda3/envs/GGA/lib/python3.11/site-packages/torchvision/models/_utils.py:208: UserWarning: The parameter 'pretrained' is deprecated since 0.13 and may be removed in the future, please use 'weights' instead.
  warnings.warn(
/home/s21_yhr/miniconda3/envs/GGA/lib/python3.11/site-packages/torchvision/models/_utils.py:223: UserWarning: Arguments other than a weight enum or `None` for 'weights' are deprecated since 0.13 and may be removed in the future. The current behavior is equivalent to passing `weights=ResNet50_Weights.IMAGENET1K_V1`. You can also use `weights=ResNet50_Weights.DEFAULT` to get the most up-to-date weights.
  warnings.warn(msg)
[36mINFO[0m 08/02 08:21:18 | 0.577273    0.592593    0.000000    0.709299    0.624289    0.828858    1.265725    0.547368    0.630137    0.713950    0.788462    0.943766    0.577273    0.624289    0.592593    0.547368    5000        544.217687  0.038956    0.800194    0.329901    3.065072   
[36mINFO[0m 08/02 08:21:18 | ---
[36mINFO[0m 08/02 08:21:18 | oracle = 55.455%
[36mINFO[0m 08/02 08:21:18 | iid = 58.182%
[36mINFO[0m 08/02 08:21:18 | last = 57.727%
[36mINFO[0m 08/02 08:21:18 | last (inD) = 70.930%
[36mINFO[0m 08/02 08:21:18 | iid (inD) = 76.218%
[36mINFO[0m 08/02 08:21:18 | === Summary ===
[36mINFO[0m 08/02 08:21:18 | Command: /home/s21_yhr/lzh/DomainBed-new/train_all.py HTP_Fish_seed4 --dataset HTP --data_dir /home/s21_yhr/lzh/DomainBed-new/dataset --algorithm Fish --steps 5000 --checkpoint_freq 100 --batch_size 32 --optimizer adam --lr 5e-5 --weight_decay 0 --resnet_dropout 0 --resnet18 False --pretrained True --freeze_bn True --swad False --seed 4 --trial_seed 4 --deterministic --prebuild_loader --cache_size 640 --meta_lr 0.5
[36mINFO[0m 08/02 08:21:18 | Unique name: 260802_04-51-10_HTP_Fish_seed4
[36mINFO[0m 08/02 08:21:18 | Out path: train_output/HTP/260802_04-51-10_HTP_Fish_seed4
[36mINFO[0m 08/02 08:21:18 | Algorithm: Fish
[36mINFO[0m 08/02 08:21:18 | Dataset: HTP
+------------+---------+---------+---------+---------+
| Selection  |    00   |    01   |    02   |   Avg.  |
+------------+---------+---------+---------+---------+
|   oracle   | 56.463% | 56.086% | 55.455% | 56.001% |
|    iid     | 57.823% | 53.461% | 58.182% | 56.489% |
|    last    | 55.442% | 57.279% | 57.727% | 56.816% |
| last (inD) | 72.347% | 67.783% | 70.930% | 70.353% |
| iid (inD)  | 77.600% | 70.117% | 76.218% | 74.645% |
+------------+---------+---------+---------+---------+
