Algorithm: Mixup
Physical GPU: 3
Seeds: [0, 1, 2, 3, 4]
Dataset: /home/s21_yhr/lzh/DomainBed-new/dataset/HTP

================================================================================
Starting Mixup, seed=0, physical GPU=3
/home/s21_yhr/miniconda3/envs/GGA/bin/python /home/s21_yhr/lzh/DomainBed-new/train_all.py HTP_Mixup_seed0 --dataset HTP --data_dir /home/s21_yhr/lzh/DomainBed-new/dataset --algorithm Mixup --steps 5000 --checkpoint_freq 100 --batch_size 32 --optimizer adam --lr 5e-5 --weight_decay 0 --resnet_dropout 0 --resnet18 False --pretrained True --freeze_bn True --swad False --seed 0 --trial_seed 0 --deterministic --prebuild_loader --cache_size 640 --mixup_alpha 0.2
================================================================================
[36mINFO[0m 08/01 14:10:55 | Command :: /home/s21_yhr/lzh/DomainBed-new/train_all.py HTP_Mixup_seed0 --dataset HTP --data_dir /home/s21_yhr/lzh/DomainBed-new/dataset --algorithm Mixup --steps 5000 --checkpoint_freq 100 --batch_size 32 --optimizer adam --lr 5e-5 --weight_decay 0 --resnet_dropout 0 --resnet18 False --pretrained True --freeze_bn True --swad False --seed 0 --trial_seed 0 --deterministic --prebuild_loader --cache_size 640 --mixup_alpha 0.2
Environment:
	Python: 3.11.15
	PyTorch: 2.11.0+cu128
	Torchvision: 0.26.0+cu128
	CUDA: 12.8
	CUDNN: 91900
	NumPy: 1.26.4
	PIL: 12.2.0
Args:
	algorithm: Mixup
	batch_size: 32
	cache_root: cache
	cache_size: 640
	checkpoint_freq: 100
	configs: []
	data_dir: /home/s21_yhr/lzh/DomainBed-new/dataset
	dataset: HTP
	debug: False
	deterministic: True
	end_step: 200
	evalmode: fast
	extra_search: n
	extra_search_end: None
	extra_search_start: None
	gga_l_gamma: 0.001
	grad_fn: sum
	holdout_fraction: 0.2
	model_save: None
	name: HTP_Mixup_seed0
	neighborhoodSize: 1e-06
	out_dir: train_output/HTP/260801_14-10-55_HTP_Mixup_seed0
	out_root: train_output/HTP
	prebuild_loader: True
	seed: 0
	show: False
	start_step: 100
	steps: 5000
	tb_freq: 10
	test_envs: None
	train_output: train_output
	trial_seed: 0
	unique_name: 260801_14-10-55_HTP_Mixup_seed0
	work_dir: .
HParams:
	data_augmentation: True
	val_augment: False
	[36mresnet18: False
	[0m[36mresnet_dropout: 0
	[0mclass_balanced: False
	[36moptimizer: adam
	[0m[36mfreeze_bn: True
	[0m[36mpretrained: True
	[0m[36mlr: 5e-05
	[0mbatch_size: 32
	[36mweight_decay: 0
	[0m[36mmixup_alpha: 0.2
	[0m[36mswad: False
	[0mswad_kwargs: 
	  n_converge: 3
	  n_tolerance: 6
	  tolerance_ratio: 0.3
	test_batchsize: 128
	indomain_test: False
	grad_fn: sum
	extra_search: n
	logdir: train_output/HTP/260801_14-10-55_HTP_Mixup_seed0
	neighborhoodSize: 1e-06
	start_step: 100
	end_step: 200
	extra_search_start: None
	extra_search_end: None
	gga_l_gamma: 0.001
Dataset:
	[HTP] #envs=3, #classes=2
	env0: 00 (#367)
	env1: 01 (#523)
	env2: 02 (#274)

[36mINFO[0m 08/01 14:10:55 | n_steps = 5000
[36mINFO[0m 08/01 14:10:55 | checkpoint_freq = 100
[36mINFO[0m 08/01 14:10:55 | n_steps is updated to 5000 => 5001 for checkpointing
[36mINFO[0m 08/01 14:10:55 | Target test envs = [[0], [1], [2]]
[36mINFO[0m 08/01 14:10:55 | 
[36mINFO[0m 08/01 14:10:55 | Testenv name escaping te_00 -> te_00
[36mINFO[0m 08/01 14:10:55 | Test envs = [0], name = te_00
[36mINFO[0m 08/01 14:10:55 | Batch sizes for each domain: [0, 32, 32] (total=64)
[36mINFO[0m 08/01 14:10:55 | steps-per-epoch for each domain: 13.09, 6.88 -> min = 6.88
/home/s21_yhr/miniconda3/envs/GGA/lib/python3.11/site-packages/torchvision/models/_utils.py:208: UserWarning: The parameter 'pretrained' is deprecated since 0.13 and may be removed in the future, please use 'weights' instead.
  warnings.warn(
/home/s21_yhr/miniconda3/envs/GGA/lib/python3.11/site-packages/torchvision/models/_utils.py:223: UserWarning: Arguments other than a weight enum or `None` for 'weights' are deprecated since 0.13 and may be removed in the future. The current behavior is equivalent to passing `weights=ResNet50_Weights.IMAGENET1K_V1`. You can also use `weights=ResNet50_Weights.DEFAULT` to get the most up-to-date weights.
  warnings.warn(msg)
[36mINFO[0m 08/01 14:10:59 | # of params = 23512130
[36mINFO[0m 08/01 14:11:00 | test_in     test_out    train_in    train_out   test_in_au  test_out_a  train_out_  tr_outloss  env0_in     env0_in_au  env0_out    env0_out_a  env1_out    env1_out_a  env2_out    env2_out_a  step        epoch       loss        step_time   eval_time   mem_gb     
[36mINFO[0m 08/01 14:11:00 | 0.571429    0.589041    0.000000    0.566239    0.464097    0.472093    0.664773    0.910812    0.571429    0.464097    0.589041    0.472093    0.576923    0.696212    0.555556    0.633333    0           0.000000    0.744159    0.851303    0.623214    5.321118   
[36mINFO[0m 08/01 14:11:12 | 0.547619    0.506849    0.000000    0.689459    0.526219    0.481395    0.827652    0.552272    0.547619    0.526219    0.506849    0.481395    0.730769    0.909470    0.648148    0.745833    100         14.545455   0.651802    0.110022    0.478710    5.567954   
[36mINFO[0m 08/01 14:11:23 | 0.578231    0.561644    0.000000    0.661325    0.512330    0.509302    0.788573    0.635838    0.578231    0.512330    0.561644    0.509302    0.711538    0.904924    0.611111    0.672222    200         29.090909   0.566045    0.108839    0.488180    5.567954   
[36mINFO[0m 08/01 14:11:35 | 0.585034    0.520548    0.000000    0.737536    0.557918    0.493798    0.781503    0.590137    0.585034    0.557918    0.520548    0.493798    0.826923    0.935227    0.648148    0.627778    300         43.636364   0.488878    0.111689    0.444419    5.567954   
[36mINFO[0m 08/01 14:11:46 | 0.551020    0.547945    0.000000    0.718661    0.534061    0.517829    0.718750    0.699440    0.551020    0.534061    0.547945    0.517829    0.807692    0.879167    0.629630    0.558333    400         58.181818   0.421627    0.109018    0.568395    5.567954   
[36mINFO[0m 08/01 14:11:57 | 0.544218    0.575342    0.000000    0.638355    0.540533    0.468992    0.774684    0.654107    0.544218    0.540533    0.575342    0.468992    0.721154    0.917424    0.555556    0.631944    500         72.727273   0.377384    0.107837    0.433812    5.567954   
[36mINFO[0m 08/01 14:12:08 | 0.517007    0.506849    0.000000    0.685719    0.548375    0.476744    0.714962    0.826842    0.517007    0.548375    0.506849    0.476744    0.778846    0.854924    0.592593    0.575000    600         87.272727   0.369367    0.105108    0.450027    5.567954   
[36mINFO[0m 08/01 14:12:20 | 0.547619    0.493151    0.000000    0.690527    0.557492    0.469767    0.725000    0.935636    0.547619    0.557492    0.493151    0.469767    0.788462    0.895833    0.592593    0.554167    700         101.818182  0.307410    0.107901    0.431899    5.567954   
[36mINFO[0m 08/01 14:12:31 | 0.564626    0.506849    0.000000    0.666132    0.560138    0.497674    0.718561    0.988332    0.564626    0.560138    0.506849    0.497674    0.721154    0.870455    0.611111    0.566667    800         116.363636  0.307038    0.112147    0.447741    5.567954   
[36mINFO[0m 08/01 14:12:42 | 0.540816    0.534247    0.000000    0.694623    0.568689    0.477519    0.713131    1.217066    0.540816    0.568689    0.534247    0.477519    0.759615    0.881818    0.629630    0.544444    900         130.909091  0.284244    0.107276    0.428248    5.567954   
[36mINFO[0m 08/01 14:12:54 | 0.551020    0.479452    0.000000    0.672009    0.577286    0.513178    0.726578    1.106685    0.551020    0.577286    0.479452    0.513178    0.788462    0.883712    0.555556    0.569444    1000        145.454545  0.282662    0.108730    0.477590    5.567954   
[36mINFO[0m 08/01 14:13:05 | 0.530612    0.561644    0.000000    0.690171    0.532927    0.469767    0.753977    0.702967    0.530612    0.532927    0.561644    0.469767    0.769231    0.907955    0.611111    0.600000    1100        160.000000  0.285827    0.108159    0.456170    5.567954   
[36mINFO[0m 08/01 14:13:16 | 0.520408    0.520548    0.000000    0.676104    0.537132    0.462016    0.738131    0.830035    0.520408    0.537132    0.520548    0.462016    0.759615    0.902652    0.592593    0.573611    1200        174.545455  0.285273    0.107435    0.511418    5.567954   
[36mINFO[0m 08/01 14:13:27 | 0.554422    0.506849    0.000000    0.719373    0.561272    0.482946    0.766793    0.690696    0.554422    0.561272    0.506849    0.482946    0.846154    0.936364    0.592593    0.597222    1300        189.090909  0.265264    0.107561    0.403558    5.567954   
[36mINFO[0m 08/01 14:13:39 | 0.554422    0.534247    0.000000    0.704238    0.539163    0.465891    0.750631    1.003662    0.554422    0.539163    0.534247    0.465891    0.778846    0.910985    0.629630    0.590278    1400        203.636364  0.254340    0.108961    0.538448    5.567954   
[36mINFO[0m 08/01 14:13:50 | 0.547619    0.575342    0.000000    0.666489    0.552674    0.500000    0.735859    0.899462    0.547619    0.552674    0.575342    0.500000    0.740385    0.873106    0.592593    0.598611    1500        218.181818  0.259289    0.108948    0.493339    5.567954   
[36mINFO[0m 08/01 14:14:02 | 0.557823    0.506849    0.000000    0.732372    0.567224    0.479845    0.733396    0.996452    0.557823    0.567224    0.506849    0.479845    0.798077    0.914015    0.666667    0.552778    1600        232.727273  0.261214    0.110311    0.486119    5.567954   
[36mINFO[0m 08/01 14:14:13 | 0.557823    0.534247    0.000000    0.676104    0.581822    0.528682    0.724053    1.016455    0.557823    0.581822    0.534247    0.528682    0.759615    0.881439    0.592593    0.566667    1700        247.272727  0.254958    0.110741    0.447978    5.567954   
[36mINFO[0m 08/01 14:14:25 | 0.523810    0.465753    0.000000    0.689815    0.529195    0.450388    0.728725    1.001216    0.523810    0.529195    0.465753    0.450388    0.750000    0.881061    0.629630    0.576389    1800        261.818182  0.254076    0.106841    0.434320    5.567954   
[36mINFO[0m 08/01 14:14:35 | 0.537415    0.506849    0.000000    0.680912    0.554375    0.489922    0.760354    0.835337    0.537415    0.554375    0.506849    0.489922    0.769231    0.915152    0.592593    0.605556    1900        276.363636  0.220831    0.104377    0.457905    5.567954   
[36mINFO[0m 08/01 14:14:46 | 0.544218    0.465753    0.000000    0.703882    0.565476    0.529457    0.744318    1.018117    0.544218    0.565476    0.465753    0.529457    0.759615    0.880303    0.648148    0.608333    2000        290.909091  0.256654    0.103330    0.481086    5.567954   
[36mINFO[0m 08/01 14:14:57 | 0.540816    0.575342    0.000000    0.714209    0.565193    0.544186    0.736301    1.163431    0.540816    0.565193    0.575342    0.544186    0.817308    0.904545    0.611111    0.568056    2100        305.454545  0.232376    0.101473    0.475169    5.567954   
[36mINFO[0m 08/01 14:15:08 | 0.540816    0.643836    0.000000    0.675392    0.565146    0.529457    0.712626    0.885469    0.540816    0.565146    0.643836    0.529457    0.721154    0.823864    0.629630    0.601389    2200        320.000000  0.237744    0.106639    0.428906    5.567954   
[36mINFO[0m 08/01 14:15:19 | 0.544218    0.547945    0.000000    0.666845    0.510204    0.413953    0.751326    0.912499    0.544218    0.510204    0.547945    0.413953    0.759615    0.910985    0.574074    0.591667    2300        334.545455  0.235362    0.103597    0.414112    5.567954   
[36mINFO[0m 08/01 14:15:30 | 0.557823    0.520548    0.000000    0.676460    0.535242    0.478295    0.759722    0.808365    0.557823    0.535242    0.520548    0.478295    0.778846    0.920833    0.574074    0.598611    2400        349.090909  0.235522    0.105273    0.443537    5.567954   
[36mINFO[0m 08/01 14:15:41 | 0.534014    0.424658    0.000000    0.662749    0.541005    0.466667    0.727273    1.132855    0.534014    0.541005    0.424658    0.466667    0.788462    0.879545    0.537037    0.575000    2500        363.636364  0.220276    0.106716    0.416978    5.567954   
[36mINFO[0m 08/01 14:15:52 | 0.523810    0.493151    0.000000    0.680912    0.538265    0.489147    0.753030    1.015359    0.523810    0.538265    0.493151    0.489147    0.769231    0.897727    0.592593    0.608333    2600        378.181818  0.236620    0.102129    0.435661    5.567954   
[36mINFO[0m 08/01 14:16:02 | 0.547619    0.493151    0.000000    0.666489    0.543462    0.524806    0.728157    1.114361    0.547619    0.543462    0.493151    0.524806    0.740385    0.859091    0.592593    0.597222    2700        392.727273  0.229930    0.103822    0.423742    5.567954   
[36mINFO[0m 08/01 14:16:13 | 0.544218    0.506849    0.000000    0.709402    0.581916    0.490698    0.753157    0.899732    0.544218    0.581916    0.506849    0.490698    0.807692    0.892424    0.611111    0.613889    2800        407.272727  0.247859    0.105387    0.469421    5.567954   
[36mINFO[0m 08/01 14:16:25 | 0.568027    0.452055    0.000000    0.667557    0.557965    0.468992    0.755366    0.889017    0.568027    0.557965    0.452055    0.468992    0.798077    0.907955    0.537037    0.602778    2900        421.818182  0.232524    0.108352    0.456212    5.567954   
[36mINFO[0m 08/01 14:16:36 | 0.554422    0.520548    0.000000    0.675748    0.563350    0.520930    0.729609    0.834826    0.554422    0.563350    0.520548    0.520930    0.740385    0.860606    0.611111    0.598611    3000        436.363636  0.225859    0.104485    0.457697    5.567954   
[36mINFO[0m 08/01 14:16:46 | 0.527211    0.424658    0.000000    0.709402    0.536517    0.481395    0.760417    0.942286    0.527211    0.536517    0.424658    0.481395    0.807692    0.891667    0.611111    0.629167    3100        450.909091  0.237192    0.104021    0.425205    5.567954   
[36mINFO[0m 08/01 14:16:57 | 0.537415    0.534247    0.000000    0.700499    0.550028    0.560465    0.725505    0.859811    0.537415    0.550028    0.534247    0.560465    0.826923    0.878788    0.574074    0.572222    3200        465.454545  0.222762    0.104708    0.451440    5.567954   
[36mINFO[0m 08/01 14:17:09 | 0.537415    0.506849    0.000000    0.676816    0.514834    0.470543    0.740783    0.905064    0.537415    0.514834    0.506849    0.470543    0.798077    0.903788    0.555556    0.577778    3300        480.000000  0.234219    0.106583    0.519276    5.567954   
[36mINFO[0m 08/01 14:17:19 | 0.523810    0.589041    0.000000    0.675392    0.526172    0.477519    0.767740    0.966920    0.523810    0.526172    0.589041    0.477519    0.721154    0.892424    0.629630    0.643056    3400        494.545455  0.235161    0.103621    0.420647    5.567954   
[36mINFO[0m 08/01 14:17:30 | 0.527211    0.561644    0.000000    0.666845    0.522487    0.458915    0.754167    0.933902    0.527211    0.522487    0.561644    0.458915    0.759615    0.904167    0.574074    0.604167    3500        509.090909  0.215623    0.105787    0.435479    5.567954   
[36mINFO[0m 08/01 14:17:41 | 0.540816    0.465753    0.000000    0.653134    0.538690    0.448837    0.733270    1.021185    0.540816    0.538690    0.465753    0.448837    0.769231    0.865152    0.537037    0.601389    3600        523.636364  0.234436    0.101118    0.453187    5.567954   
[36mINFO[0m 08/01 14:17:52 | 0.564626    0.479452    0.000000    0.680912    0.559288    0.490698    0.760543    0.688956    0.564626    0.559288    0.479452    0.490698    0.769231    0.898864    0.592593    0.622222    3700        538.181818  0.225562    0.102352    0.422060    5.567954   
[36mINFO[0m 08/01 14:18:03 | 0.554422    0.479452    0.000000    0.704238    0.564153    0.456589    0.741982    1.045423    0.554422    0.564153    0.479452    0.456589    0.778846    0.861742    0.629630    0.622222    3800        552.727273  0.231012    0.108503    0.429498    5.567954   
[36mINFO[0m 08/01 14:18:14 | 0.534014    0.534247    0.000000    0.723469    0.529431    0.455039    0.771402    0.793977    0.534014    0.529431    0.534247    0.455039    0.817308    0.917803    0.629630    0.625000    3900        567.272727  0.210253    0.103781    0.448249    5.567954   
[36mINFO[0m 08/01 14:18:25 | 0.523810    0.493151    0.000000    0.704594    0.569681    0.512403    0.743561    1.198553    0.523810    0.569681    0.493151    0.512403    0.798077    0.882955    0.611111    0.604167    4000        581.818182  0.214825    0.107774    0.431508    5.567954   
[36mINFO[0m 08/01 14:18:36 | 0.534014    0.506849    0.000000    0.694979    0.539210    0.500000    0.755051    0.942072    0.534014    0.539210    0.506849    0.500000    0.778846    0.883712    0.611111    0.626389    4100        596.363636  0.193871    0.103587    0.441532    5.567954   
[36mINFO[0m 08/01 14:18:47 | 0.537415    0.493151    0.000000    0.709046    0.532171    0.466667    0.764836    0.818097    0.537415    0.532171    0.493151    0.466667    0.788462    0.906061    0.629630    0.623611    4200        610.909091  0.195280    0.107116    0.420622    5.567954   
[36mINFO[0m 08/01 14:18:58 | 0.540816    0.506849    0.000000    0.685719    0.539683    0.442636    0.762563    1.018963    0.540816    0.539683    0.506849    0.442636    0.778846    0.889015    0.592593    0.636111    4300        625.454545  0.210577    0.106103    0.421395    5.567954   
[36mINFO[0m 08/01 14:19:09 | 0.544218    0.520548    0.000000    0.695335    0.555792    0.535659    0.741856    0.857527    0.544218    0.555792    0.520548    0.535659    0.798077    0.875379    0.592593    0.608333    4400        640.000000  0.226365    0.101956    0.423346    5.567954   
[36mINFO[0m 08/01 14:19:19 | 0.530612    0.575342    0.000000    0.690171    0.531415    0.502326    0.756692    0.777099    0.530612    0.531415    0.575342    0.502326    0.769231    0.885606    0.611111    0.627778    4500        654.545455  0.216043    0.103947    0.424577    5.567954   
[36mINFO[0m 08/01 14:19:31 | 0.564626    0.493151    0.000000    0.709046    0.570011    0.469767    0.755492    0.921770    0.564626    0.570011    0.493151    0.469767    0.788462    0.860985    0.629630    0.650000    4600        669.090909  0.235897    0.106217    0.488880    5.567954   
[36mINFO[0m 08/01 14:19:41 | 0.544218    0.493151    0.000000    0.680912    0.568311    0.476744    0.756566    0.865632    0.544218    0.568311    0.493151    0.476744    0.769231    0.878409    0.592593    0.634722    4700        683.636364  0.178750    0.101396    0.502885    5.567954   
[36mINFO[0m 08/01 14:19:52 | 0.571429    0.506849    0.000000    0.713853    0.579743    0.472868    0.757639    0.886075    0.571429    0.579743    0.506849    0.472868    0.798077    0.895833    0.629630    0.619444    4800        698.181818  0.207346    0.107206    0.427582    5.567954   
[36mINFO[0m 08/01 14:20:03 | 0.540816    0.575342    0.000000    0.685363    0.547714    0.493798    0.754987    0.849618    0.540816    0.547714    0.575342    0.493798    0.759615    0.886364    0.611111    0.623611    4900        712.727273  0.209424    0.103721    0.413898    5.567954   
[36mINFO[0m 08/01 14:20:14 | 0.547619    0.479452    0.000000    0.681268    0.551587    0.501550    0.746149    0.900364    0.547619    0.551587    0.479452    0.501550    0.788462    0.886742    0.574074    0.605556    5000        727.272727  0.231989    0.102586    0.458913    5.567954   
[36mINFO[0m 08/01 14:20:14 | ---
[36mINFO[0m 08/01 14:20:14 | oracle = 54.082%
[36mINFO[0m 08/01 14:20:14 | iid = 58.503%
[36mINFO[0m 08/01 14:20:14 | last = 54.762%
[36mINFO[0m 08/01 14:20:14 | last (inD) = 68.127%
[36mINFO[0m 08/01 14:20:14 | iid (inD) = 73.754%
[36mINFO[0m 08/01 14:20:15 | 
[36mINFO[0m 08/01 14:20:15 | Testenv name escaping te_01 -> te_01
[36mINFO[0m 08/01 14:20:15 | Test envs = [1], name = te_01
[36mINFO[0m 08/01 14:20:15 | Batch sizes for each domain: [32, 0, 32] (total=64)
[36mINFO[0m 08/01 14:20:15 | steps-per-epoch for each domain: 9.19, 6.88 -> min = 6.88
/home/s21_yhr/miniconda3/envs/GGA/lib/python3.11/site-packages/torchvision/models/_utils.py:208: UserWarning: The parameter 'pretrained' is deprecated since 0.13 and may be removed in the future, please use 'weights' instead.
  warnings.warn(
/home/s21_yhr/miniconda3/envs/GGA/lib/python3.11/site-packages/torchvision/models/_utils.py:223: UserWarning: Arguments other than a weight enum or `None` for 'weights' are deprecated since 0.13 and may be removed in the future. The current behavior is equivalent to passing `weights=ResNet50_Weights.IMAGENET1K_V1`. You can also use `weights=ResNet50_Weights.DEFAULT` to get the most up-to-date weights.
  warnings.warn(msg)
[36mINFO[0m 08/01 14:20:18 | # of params = 23512130
[36mINFO[0m 08/01 14:20:19 | test_in     test_out    train_in    train_out   test_in_au  train_out_  tr_outloss  test_out_a  env0_out    env0_out_a  env1_in     env1_in_au  env1_out    env1_out_a  env2_out    env2_out_a  step        epoch       loss        step_time   eval_time   mem_gb     
[36mINFO[0m 08/01 14:20:19 | 0.486874    0.576923    0.000000    0.572298    0.777679    0.512290    0.711671    0.812121    0.589041    0.475969    0.486874    0.777679    0.576923    0.812121    0.555556    0.548611    0           0.000000    0.672132    0.101519    0.542833    5.321729   
[36mINFO[0m 08/01 14:20:31 | 0.594272    0.461538    0.000000    0.549721    0.654138    0.585724    0.673739    0.598106    0.506849    0.532558    0.594272    0.654138    0.461538    0.598106    0.592593    0.638889    100         14.545455   0.682299    0.111645    0.490501    5.569907   
[36mINFO[0m 08/01 14:20:42 | 0.465394    0.548077    0.000000    0.608955    0.557638    0.610724    0.675872    0.473864    0.643836    0.632558    0.465394    0.557638    0.548077    0.473864    0.574074    0.588889    200         29.090909   0.644727    0.109111    0.494135    5.569907   
[36mINFO[0m 08/01 14:20:53 | 0.491647    0.509615    0.000000    0.594876    0.558436    0.573272    0.806003    0.458712    0.671233    0.620155    0.491647    0.558436    0.509615    0.458712    0.518519    0.526389    300         43.636364   0.569391    0.108045    0.558624    5.569907   
[36mINFO[0m 08/01 14:21:05 | 0.525060    0.490385    0.000000    0.590056    0.589694    0.594848    0.991330    0.439773    0.698630    0.674419    0.525060    0.589694    0.490385    0.439773    0.481481    0.515278    400         58.181818   0.471236    0.105617    0.496532    5.569907   
[36mINFO[0m 08/01 14:21:15 | 0.477327    0.471154    0.000000    0.567098    0.519631    0.606541    0.969462    0.382955    0.671233    0.692248    0.477327    0.519631    0.471154    0.382955    0.462963    0.520833    500         72.727273   0.447454    0.102269    0.515855    5.569907   
[36mINFO[0m 08/01 14:21:26 | 0.479714    0.451923    0.000000    0.594876    0.502850    0.577148    1.004710    0.343561    0.671233    0.661240    0.479714    0.502850    0.451923    0.343561    0.518519    0.493056    600         87.272727   0.357455    0.105270    0.496583    5.569907   
[36mINFO[0m 08/01 14:21:37 | 0.453461    0.413462    0.000000    0.553780    0.460967    0.570107    1.206738    0.388636    0.589041    0.652713    0.453461    0.460967    0.413462    0.388636    0.518519    0.487500    700         101.818182  0.321170    0.101902    0.498251    5.569907   
[36mINFO[0m 08/01 14:21:48 | 0.577566    0.519231    0.000000    0.581177    0.627770    0.609189    1.115072    0.490909    0.643836    0.669767    0.577566    0.627770    0.519231    0.490909    0.518519    0.548611    800         116.363636  0.294999    0.103945    0.475420    5.569907   
[36mINFO[0m 08/01 14:21:59 | 0.496420    0.509615    0.000000    0.588026    0.553944    0.605055    1.261795    0.518939    0.657534    0.683721    0.496420    0.553944    0.509615    0.518939    0.518519    0.526389    900         130.909091  0.294894    0.104943    0.504531    5.569907   
[36mINFO[0m 08/01 14:22:10 | 0.486874    0.538462    0.000000    0.592466    0.532057    0.596738    1.224619    0.464773    0.684932    0.690698    0.486874    0.532057    0.538462    0.464773    0.500000    0.502778    1000        145.454545  0.270049    0.108406    0.529253    5.569907   
[36mINFO[0m 08/01 14:22:22 | 0.503580    0.500000    0.000000    0.585616    0.572298    0.575807    1.159355    0.486364    0.671233    0.682171    0.503580    0.572298    0.500000    0.486364    0.500000    0.469444    1100        160.000000  0.293858    0.106769    0.505852    5.569907   
[36mINFO[0m 08/01 14:22:33 | 0.496420    0.471154    0.000000    0.597286    0.553055    0.608220    1.049570    0.436364    0.657534    0.717829    0.496420    0.553055    0.471154    0.436364    0.537037    0.498611    1200        174.545455  0.260029    0.105152    0.557387    5.569907   
[36mINFO[0m 08/01 14:22:43 | 0.527446    0.538462    0.000000    0.592466    0.623461    0.587645    1.160869    0.486742    0.684932    0.662791    0.527446    0.623461    0.538462    0.486742    0.500000    0.512500    1300        189.090909  0.245043    0.103313    0.505544    5.569907   
[36mINFO[0m 08/01 14:22:54 | 0.472554    0.519231    0.000000    0.576357    0.513589    0.600145    1.352743    0.479924    0.671233    0.662791    0.472554    0.513589    0.519231    0.479924    0.481481    0.537500    1400        203.636364  0.243814    0.104669    0.496147    5.569907   
[36mINFO[0m 08/01 14:23:05 | 0.522673    0.509615    0.000000    0.599315    0.614387    0.640778    1.184795    0.542803    0.698630    0.749612    0.522673    0.614387    0.509615    0.542803    0.500000    0.531944    1500        218.181818  0.245327    0.105277    0.498901    5.569907   
[36mINFO[0m 08/01 14:23:16 | 0.498807    0.451923    0.000000    0.585616    0.566986    0.612807    1.165660    0.479167    0.671233    0.765891    0.498807    0.566986    0.451923    0.479167    0.500000    0.459722    1600        232.727273  0.241635    0.102876    0.501760    5.569907   
[36mINFO[0m 08/01 14:23:27 | 0.527446    0.490385    0.000000    0.585616    0.561446    0.608802    1.303786    0.513258    0.671233    0.702326    0.527446    0.561446    0.490385    0.513258    0.500000    0.515278    1700        247.272727  0.237432    0.104412    0.511239    5.569907   
[36mINFO[0m 08/01 14:23:38 | 0.503580    0.557692    0.000000    0.619863    0.525969    0.616150    1.198028    0.528409    0.739726    0.743411    0.503580    0.525969    0.557692    0.528409    0.500000    0.488889    1800        261.818182  0.244400    0.104570    0.477623    5.569907   
[36mINFO[0m 08/01 14:23:49 | 0.520286    0.567308    0.000000    0.620244    0.599749    0.619008    0.953309    0.596591    0.684932    0.711628    0.520286    0.599749    0.567308    0.596591    0.555556    0.526389    1900        276.363636  0.253832    0.102237    0.549080    5.569907   
[36mINFO[0m 08/01 14:24:00 | 0.501193    0.509615    0.000000    0.624683    0.555084    0.601260    1.467877    0.486742    0.712329    0.677519    0.501193    0.555084    0.509615    0.486742    0.537037    0.525000    2000        290.909091  0.232471    0.104478    0.496226    5.569907   
[36mINFO[0m 08/01 14:24:11 | 0.529833    0.538462    0.000000    0.574328    0.585043    0.598853    1.183177    0.563258    0.630137    0.671318    0.529833    0.585043    0.538462    0.563258    0.518519    0.526389    2100        305.454545  0.205283    0.105375    0.549890    5.569907   
[36mINFO[0m 08/01 14:24:22 | 0.515513    0.548077    0.000000    0.592466    0.570634    0.629813    1.147992    0.543561    0.684932    0.745736    0.515513    0.570634    0.548077    0.543561    0.500000    0.513889    2200        320.000000  0.223581    0.102786    0.514466    5.569907   
[36mINFO[0m 08/01 14:24:33 | 0.505967    0.442308    0.000000    0.599315    0.545736    0.619202    1.253126    0.452273    0.698630    0.762016    0.505967    0.545736    0.442308    0.452273    0.500000    0.476389    2300        334.545455  0.202600    0.101726    0.526154    5.569907   
[36mINFO[0m 08/01 14:24:43 | 0.513126    0.576923    0.000000    0.588026    0.589193    0.599822    1.056055    0.532576    0.657534    0.689922    0.513126    0.589193    0.576923    0.532576    0.518519    0.509722    2400        349.090909  0.217614    0.102026    0.502620    5.569907   
[36mINFO[0m 08/01 14:24:54 | 0.529833    0.490385    0.000000    0.578767    0.571728    0.618766    1.223662    0.475758    0.657534    0.740310    0.529833    0.571728    0.490385    0.475758    0.500000    0.497222    2500        363.636364  0.208621    0.100119    0.487769    5.569907   
[36mINFO[0m 08/01 14:25:05 | 0.510740    0.480769    0.000000    0.576738    0.522093    0.611160    1.278091    0.480682    0.616438    0.687597    0.510740    0.522093    0.480769    0.480682    0.537037    0.534722    2600        378.181818  0.215543    0.103280    0.520365    5.569907   
[36mINFO[0m 08/01 14:25:15 | 0.529833    0.519231    0.000000    0.558219    0.585659    0.596269    1.150326    0.486364    0.616438    0.688372    0.529833    0.585659    0.519231    0.486364    0.500000    0.504167    2700        392.727273  0.219010    0.101455    0.489988    5.569907   
[36mINFO[0m 08/01 14:25:26 | 0.527446    0.509615    0.000000    0.588026    0.584109    0.603085    1.268074    0.470455    0.657534    0.732558    0.527446    0.584109    0.509615    0.470455    0.518519    0.473611    2800        407.272727  0.222538    0.103557    0.485776    5.569907   
[36mINFO[0m 08/01 14:25:37 | 0.517900    0.596154    0.000000    0.576357    0.589124    0.568411    1.257982    0.562121    0.671233    0.653488    0.517900    0.589124    0.596154    0.562121    0.481481    0.483333    2900        421.818182  0.231529    0.102942    0.489293    5.569907   
[36mINFO[0m 08/01 14:25:48 | 0.496420    0.461538    0.000000    0.562659    0.534314    0.616957    1.371343    0.482955    0.643836    0.725581    0.496420    0.534314    0.461538    0.482955    0.481481    0.508333    3000        436.363636  0.202474    0.102646    0.516939    5.569907   
[36mINFO[0m 08/01 14:25:59 | 0.513126    0.548077    0.000000    0.583206    0.567237    0.550048    1.575947    0.490530    0.684932    0.654264    0.513126    0.567237    0.548077    0.490530    0.481481    0.445833    3100        450.909091  0.218340    0.103298    0.558015    5.569907   
[36mINFO[0m 08/01 14:26:10 | 0.515513    0.519231    0.000000    0.530441    0.566461    0.587871    1.462791    0.542045    0.616438    0.660465    0.515513    0.566461    0.519231    0.542045    0.444444    0.515278    3200        465.454545  0.237923    0.104242    0.505074    5.569907   
[36mINFO[0m 08/01 14:26:21 | 0.517900    0.442308    0.000000    0.578767    0.525718    0.609997    1.102959    0.480682    0.657534    0.718605    0.517900    0.525718    0.442308    0.480682    0.500000    0.501389    3300        480.000000  0.235757    0.104774    0.509479    5.569907   
[36mINFO[0m 08/01 14:26:32 | 0.477327    0.519231    0.000000    0.576357    0.523575    0.601906    1.331665    0.547348    0.671233    0.723256    0.477327    0.523575    0.519231    0.547348    0.481481    0.480556    3400        494.545455  0.204817    0.103667    0.532049    5.569907   
[36mINFO[0m 08/01 14:26:42 | 0.534606    0.557692    0.000000    0.537291    0.591701    0.618249    1.341667    0.576894    0.630137    0.717054    0.534606    0.591701    0.557692    0.576894    0.444444    0.519444    3500        509.090909  0.188147    0.103710    0.496871    5.569907   
[36mINFO[0m 08/01 14:26:53 | 0.515513    0.509615    0.000000    0.592466    0.553283    0.615229    1.220347    0.484470    0.684932    0.745736    0.515513    0.553283    0.509615    0.484470    0.500000    0.484722    3600        523.636364  0.204656    0.101040    0.479074    5.569907   
[36mINFO[0m 08/01 14:27:04 | 0.513126    0.519231    0.000000    0.581177    0.559439    0.611822    1.131655    0.556061    0.643836    0.706977    0.513126    0.559439    0.519231    0.556061    0.518519    0.516667    3700        538.181818  0.216277    0.102846    0.494453    5.569907   
[36mINFO[0m 08/01 14:27:15 | 0.513126    0.548077    0.000000    0.560249    0.558390    0.566521    1.277907    0.534470    0.657534    0.637209    0.513126    0.558390    0.548077    0.534470    0.462963    0.495833    3800        552.727273  0.211858    0.102927    0.535153    5.569907   
[36mINFO[0m 08/01 14:27:25 | 0.491647    0.528846    0.000000    0.580797    0.562950    0.601082    1.121906    0.539773    0.698630    0.734109    0.491647    0.562950    0.528846    0.539773    0.462963    0.468056    3900        567.272727  0.223063    0.103467    0.491111    5.569907   
[36mINFO[0m 08/01 14:27:36 | 0.510740    0.509615    0.000000    0.580797    0.549544    0.583689    1.356987    0.504924    0.698630    0.686822    0.510740    0.549544    0.509615    0.504924    0.462963    0.480556    4000        581.818182  0.198385    0.104557    0.477254    5.569907   
[36mINFO[0m 08/01 14:27:47 | 0.498807    0.509615    0.000000    0.587646    0.562266    0.592539    1.197039    0.489773    0.712329    0.710078    0.498807    0.562266    0.509615    0.489773    0.462963    0.475000    4100        596.363636  0.212486    0.102486    0.491548    5.569907   
[36mINFO[0m 08/01 14:27:58 | 0.458234    0.451923    0.000000    0.578767    0.469539    0.604474    1.030277    0.404167    0.657534    0.699225    0.458234    0.469539    0.451923    0.404167    0.500000    0.509722    4200        610.909091  0.222715    0.102912    0.589914    5.569907   
[36mINFO[0m 08/01 14:28:09 | 0.513126    0.500000    0.000000    0.599315    0.578340    0.644170    1.106261    0.507955    0.698630    0.781395    0.513126    0.578340    0.500000    0.507955    0.500000    0.506944    4300        625.454545  0.217360    0.103153    0.516875    5.569907   
[36mINFO[0m 08/01 14:28:20 | 0.517900    0.490385    0.000000    0.592466    0.584929    0.638453    1.152542    0.496212    0.684932    0.744961    0.517900    0.584929    0.490385    0.496212    0.500000    0.531944    4400        640.000000  0.235904    0.101260    0.493670    5.569907   
[36mINFO[0m 08/01 14:28:30 | 0.525060    0.480769    0.000000    0.594876    0.590196    0.634480    1.273056    0.535606    0.671233    0.762016    0.525060    0.590196    0.480769    0.535606    0.518519    0.506944    4500        654.545455  0.199344    0.103076    0.485488    5.569907   
[36mINFO[0m 08/01 14:28:41 | 0.489260    0.519231    0.000000    0.567098    0.556544    0.592054    1.310260    0.510227    0.671233    0.734109    0.489260    0.556544    0.519231    0.510227    0.462963    0.450000    4600        669.090909  0.195915    0.102479    0.514821    5.569907   
[36mINFO[0m 08/01 14:28:52 | 0.534606    0.480769    0.000000    0.567478    0.551550    0.603941    1.165370    0.448485    0.616438    0.702326    0.534606    0.551550    0.480769    0.448485    0.518519    0.505556    4700        683.636364  0.203628    0.105555    0.493933    5.569907   
[36mINFO[0m 08/01 14:29:03 | 0.548926    0.500000    0.000000    0.594876    0.606270    0.608010    1.132057    0.512879    0.671233    0.727132    0.548926    0.606270    0.500000    0.512879    0.518519    0.488889    4800        698.181818  0.199797    0.102708    0.493286    5.569907   
[36mINFO[0m 08/01 14:29:14 | 0.503580    0.403846    0.000000    0.560249    0.494460    0.631702    1.182283    0.404924    0.657534    0.762016    0.503580    0.494460    0.403846    0.404924    0.462963    0.501389    4900        712.727273  0.230168    0.103238    0.523826    5.569907   
[36mINFO[0m 08/01 14:29:25 | 0.546539    0.519231    0.000000    0.585997    0.600935    0.589083    1.250335    0.520076    0.616438    0.683721    0.546539    0.600935    0.519231    0.520076    0.555556    0.494444    5000        727.272727  0.216967    0.103048    0.537222    5.569907   
[36mINFO[0m 08/01 14:29:25 | ---
[36mINFO[0m 08/01 14:29:25 | oracle = 51.790%
[36mINFO[0m 08/01 14:29:25 | iid = 50.119%
[36mINFO[0m 08/01 14:29:25 | last = 54.654%
[36mINFO[0m 08/01 14:29:25 | last (inD) = 58.600%
[36mINFO[0m 08/01 14:29:25 | iid (inD) = 62.468%
[36mINFO[0m 08/01 14:29:25 | 
[36mINFO[0m 08/01 14:29:25 | Testenv name escaping te_02 -> te_02
[36mINFO[0m 08/01 14:29:25 | Test envs = [2], name = te_02
[36mINFO[0m 08/01 14:29:25 | Batch sizes for each domain: [32, 32, 0] (total=64)
[36mINFO[0m 08/01 14:29:25 | steps-per-epoch for each domain: 9.19, 13.09 -> min = 9.19
/home/s21_yhr/miniconda3/envs/GGA/lib/python3.11/site-packages/torchvision/models/_utils.py:208: UserWarning: The parameter 'pretrained' is deprecated since 0.13 and may be removed in the future, please use 'weights' instead.
  warnings.warn(
/home/s21_yhr/miniconda3/envs/GGA/lib/python3.11/site-packages/torchvision/models/_utils.py:223: UserWarning: Arguments other than a weight enum or `None` for 'weights' are deprecated since 0.13 and may be removed in the future. The current behavior is equivalent to passing `weights=ResNet50_Weights.IMAGENET1K_V1`. You can also use `weights=ResNet50_Weights.DEFAULT` to get the most up-to-date weights.
  warnings.warn(msg)
[36mINFO[0m 08/01 14:29:29 | # of params = 23512130
[36mINFO[0m 08/01 14:29:29 | test_in     test_out    train_in    train_out   test_in_au  train_out_  tr_outloss  test_out_a  env0_out    env0_out_a  env1_out    env1_out_a  env2_in     env2_in_au  env2_out    env2_out_a  step        epoch       loss        step_time   eval_time   mem_gb     
[36mINFO[0m 08/01 14:29:29 | 0.577273    0.555556    0.000000    0.576133    0.513504    0.533188    0.717507    0.443056    0.575342    0.503876    0.576923    0.562500    0.577273    0.513504    0.555556    0.443056    0           0.000000    0.668970    0.101830    0.394041    5.321729   
[36mINFO[0m 08/01 14:29:41 | 0.568182    0.666667    0.000000    0.682626    0.597240    0.692050    0.635402    0.702778    0.547945    0.517054    0.817308    0.867045    0.568182    0.597240    0.666667    0.702778    100         10.884354   0.667375    0.107621    0.352430    5.569907   
[36mINFO[0m 08/01 14:29:51 | 0.581818    0.666667    0.000000    0.686710    0.575565    0.751868    0.626151    0.709722    0.575342    0.564341    0.798077    0.939394    0.581818    0.575565    0.666667    0.709722    200         21.768707   0.614349    0.104834    0.334994    5.569907   
[36mINFO[0m 08/01 14:30:02 | 0.568182    0.666667    0.000000    0.724447    0.591059    0.769662    0.596346    0.688889    0.602740    0.630233    0.846154    0.909091    0.568182    0.591059    0.666667    0.688889    300         32.653061   0.582835    0.106855    0.321094    5.569907   
[36mINFO[0m 08/01 14:30:13 | 0.568182    0.629630    0.000000    0.738145    0.579036    0.779281    0.557534    0.709722    0.630137    0.643411    0.846154    0.915152    0.568182    0.579036    0.629630    0.709722    400         43.537415   0.552835    0.103772    0.357098    5.569907   
[36mINFO[0m 08/01 14:30:24 | 0.586364    0.592593    0.000000    0.657139    0.602405    0.783972    0.749498    0.777778    0.602740    0.639535    0.711538    0.928409    0.586364    0.602405    0.592593    0.777778    500         54.421769   0.501561    0.109014    0.332589    5.569907   
[36mINFO[0m 08/01 14:30:35 | 0.563636    0.592593    0.000000    0.695601    0.584371    0.773018    0.575232    0.665278    0.602740    0.625581    0.788462    0.920455    0.563636    0.584371    0.592593    0.665278    600         65.306122   0.455749    0.102525    0.365547    5.569907   
[36mINFO[0m 08/01 14:30:46 | 0.540909    0.703704    0.000000    0.708707    0.531792    0.791305    0.672307    0.770833    0.561644    0.668217    0.855769    0.914394    0.540909    0.531792    0.703704    0.770833    700         76.190476   0.397691    0.104166    0.321237    5.569907   
[36mINFO[0m 08/01 14:30:57 | 0.540909    0.611111    0.000000    0.752568    0.552620    0.808496    0.591426    0.700000    0.630137    0.697674    0.875000    0.919318    0.540909    0.552620    0.611111    0.700000    800         87.074830   0.356853    0.107551    0.487091    5.569907   
[36mINFO[0m 08/01 14:31:08 | 0.536364    0.685185    0.000000    0.712790    0.531792    0.769979    0.640523    0.756944    0.589041    0.624806    0.836538    0.915152    0.536364    0.531792    0.685185    0.756944    900         97.959184   0.339720    0.106461    0.337551    5.569907   
[36mINFO[0m 08/01 14:31:19 | 0.550000    0.648148    0.000000    0.725171    0.541868    0.790420    0.557001    0.694444    0.575342    0.673643    0.875000    0.907197    0.550000    0.541868    0.648148    0.694444    1000        108.843537  0.338556    0.103530    0.345107    5.569907   
[36mINFO[0m 08/01 14:31:30 | 0.550000    0.629630    0.000000    0.753886    0.530014    0.810795    0.629678    0.669444    0.671233    0.700000    0.836538    0.921591    0.550000    0.530014    0.629630    0.669444    1100        119.727891  0.291123    0.104018    0.340676    5.569907   
[36mINFO[0m 08/01 14:31:40 | 0.518182    0.703704    0.000000    0.691517    0.527813    0.777845    0.733927    0.738889    0.575342    0.650388    0.807692    0.905303    0.518182    0.527813    0.703704    0.738889    1200        130.612245  0.292785    0.103371    0.364283    5.569907   
[36mINFO[0m 08/01 14:31:51 | 0.572727    0.648148    0.000000    0.707258    0.549826    0.785817    0.666151    0.725000    0.616438    0.685271    0.798077    0.886364    0.572727    0.549826    0.648148    0.725000    1300        141.496599  0.279278    0.102071    0.343579    5.569907   
[36mINFO[0m 08/01 14:32:02 | 0.572727    0.629630    0.000000    0.668928    0.531030    0.757232    0.745188    0.725000    0.520548    0.603101    0.817308    0.911364    0.572727    0.531030    0.629630    0.725000    1400        152.380952  0.272323    0.102325    0.490711    5.569907   
[36mINFO[0m 08/01 14:32:12 | 0.531818    0.685185    0.000000    0.701726    0.512065    0.793389    0.647754    0.741667    0.643836    0.701550    0.759615    0.885227    0.531818    0.512065    0.685185    0.741667    1500        163.265306  0.281388    0.105040    0.400810    5.569907   
[36mINFO[0m 08/01 14:32:23 | 0.563636    0.629630    0.000000    0.691517    0.560833    0.751969    0.694122    0.711111    0.575342    0.589922    0.807692    0.914015    0.563636    0.560833    0.629630    0.711111    1600        174.149660  0.263192    0.105195    0.337951    5.569907   
[36mINFO[0m 08/01 14:32:34 | 0.504545    0.648148    0.000000    0.712790    0.522902    0.790209    0.586008    0.738889    0.589041    0.655039    0.836538    0.925379    0.504545    0.522902    0.648148    0.738889    1700        185.034014  0.271857    0.103108    0.333510    5.569907   
[36mINFO[0m 08/01 14:32:45 | 0.527273    0.611111    0.000000    0.672287    0.530776    0.748617    0.906876    0.688889    0.575342    0.611628    0.769231    0.885606    0.527273    0.530776    0.611111    0.688889    1800        195.918367  0.258196    0.103034    0.387894    5.569907   
[36mINFO[0m 08/01 14:32:56 | 0.550000    0.629630    0.000000    0.685985    0.548218    0.782523    0.696753    0.708333    0.602740    0.695349    0.769231    0.869697    0.550000    0.548218    0.629630    0.708333    1900        206.802721  0.275059    0.105161    0.334388    5.569907   
[36mINFO[0m 08/01 14:33:07 | 0.536364    0.611111    0.000000    0.736104    0.520870    0.766737    0.708591    0.631944    0.616438    0.606202    0.855769    0.927273    0.536364    0.520870    0.611111    0.631944    2000        217.687075  0.248147    0.106588    0.394724    5.569907   
[36mINFO[0m 08/01 14:33:17 | 0.500000    0.592593    0.000000    0.742229    0.528575    0.810095    0.627367    0.662500    0.657534    0.721705    0.826923    0.898485    0.500000    0.528575    0.592593    0.662500    2100        228.571429  0.268413    0.101206    0.344631    5.569907   
[36mINFO[0m 08/01 14:33:28 | 0.518182    0.648148    0.000000    0.739463    0.520786    0.821961    0.608100    0.736111    0.671233    0.732558    0.807692    0.911364    0.518182    0.520786    0.648148    0.736111    2200        239.455782  0.235078    0.103897    0.323241    5.569907   
[36mINFO[0m 08/01 14:33:38 | 0.550000    0.722222    0.000000    0.657864    0.529168    0.756312    0.715922    0.752778    0.575342    0.638760    0.740385    0.873864    0.550000    0.529168    0.722222    0.752778    2300        250.340136  0.249658    0.099316    0.359612    5.569907   
[36mINFO[0m 08/01 14:33:49 | 0.536364    0.574074    0.000000    0.701133    0.529168    0.780911    0.664556    0.679167    0.575342    0.653488    0.826923    0.908333    0.536364    0.529168    0.574074    0.679167    2400        261.224490  0.234818    0.103093    0.355042    5.569907   
[36mINFO[0m 08/01 14:34:00 | 0.550000    0.648148    0.000000    0.751844    0.543900    0.801559    0.640919    0.705556    0.657534    0.703876    0.846154    0.899242    0.550000    0.543900    0.648148    0.705556    2500        272.108844  0.221107    0.106841    0.428405    5.569907   
[36mINFO[0m 08/01 14:34:11 | 0.522727    0.648148    0.000000    0.689476    0.540344    0.775115    0.788272    0.751389    0.561644    0.643411    0.817308    0.906818    0.522727    0.540344    0.648148    0.751389    2600        282.993197  0.257554    0.102438    0.382641    5.569907   
[36mINFO[0m 08/01 14:34:21 | 0.527273    0.703704    0.000000    0.647655    0.539158    0.713134    0.797759    0.700000    0.506849    0.522481    0.788462    0.903788    0.527273    0.539158    0.703704    0.700000    2700        293.877551  0.237280    0.101493    0.361544    5.569907   
[36mINFO[0m 08/01 14:34:32 | 0.527273    0.611111    0.000000    0.718915    0.524596    0.779788    0.708005    0.662500    0.630137    0.671318    0.807692    0.888258    0.527273    0.524596    0.611111    0.662500    2800        304.761905  0.259192    0.103052    0.372249    5.569907   
[36mINFO[0m 08/01 14:34:43 | 0.527273    0.685185    0.000000    0.709299    0.535179    0.807888    0.737582    0.690278    0.630137    0.710853    0.788462    0.904924    0.527273    0.535179    0.685185    0.690278    2900        315.646259  0.233859    0.104692    0.357943    5.569907   
[36mINFO[0m 08/01 14:34:53 | 0.518182    0.629630    0.000000    0.728530    0.521971    0.815328    0.607329    0.661111    0.630137    0.715504    0.826923    0.915152    0.518182    0.521971    0.629630    0.661111    3000        326.530612  0.259422    0.103202    0.379334    5.569907   
[36mINFO[0m 08/01 14:35:04 | 0.495455    0.629630    0.000000    0.735379    0.492338    0.793142    0.703756    0.688889    0.643836    0.679845    0.826923    0.906439    0.495455    0.492338    0.629630    0.688889    3100        337.414966  0.231952    0.101865    0.353299    5.569907   
[36mINFO[0m 08/01 14:35:15 | 0.495455    0.592593    0.000000    0.685393    0.534586    0.752158    0.733989    0.679167    0.534247    0.589922    0.836538    0.914394    0.495455    0.534586    0.592593    0.679167    3200        348.299320  0.247081    0.104359    0.412319    5.569907   
[36mINFO[0m 08/01 14:35:25 | 0.495455    0.611111    0.000000    0.713383    0.528914    0.818820    0.679966    0.693056    0.657534    0.739535    0.769231    0.898106    0.495455    0.528914    0.611111    0.693056    3300        359.183673  0.220382    0.101873    0.333663    5.569907   
[36mINFO[0m 08/01 14:35:36 | 0.504545    0.648148    0.000000    0.733338    0.488020    0.796670    0.665491    0.758333    0.630137    0.706977    0.836538    0.886364    0.504545    0.488020    0.648148    0.758333    3400        370.068027  0.243811    0.103359    0.352815    5.569907   
[36mINFO[0m 08/01 14:35:47 | 0.490909    0.481481    0.000000    0.738145    0.528660    0.799573    0.655394    0.618056    0.630137    0.712403    0.846154    0.886742    0.490909    0.528660    0.481481    0.618056    3500        380.952381  0.231033    0.103003    0.337889    5.569907   
[36mINFO[0m 08/01 14:35:57 | 0.550000    0.611111    0.000000    0.708575    0.495555    0.782928    0.681390    0.701389    0.657534    0.697674    0.759615    0.868182    0.550000    0.495555    0.611111    0.701389    3600        391.836735  0.250833    0.102699    0.343504    5.569907   
[36mINFO[0m 08/01 14:36:08 | 0.545455    0.666667    0.000000    0.733338    0.549318    0.778713    0.644586    0.705556    0.630137    0.676744    0.836538    0.880682    0.545455    0.549318    0.666667    0.705556    3700        402.721088  0.244531    0.100603    0.329897    5.569907   
[36mINFO[0m 08/01 14:36:18 | 0.563636    0.648148    0.000000    0.749078    0.545424    0.836778    0.613159    0.723611    0.671233    0.769767    0.826923    0.903788    0.563636    0.545424    0.648148    0.723611    3800        413.605442  0.236022    0.098904    0.369993    5.569907   
[36mINFO[0m 08/01 14:36:29 | 0.495455    0.666667    0.000000    0.691517    0.511303    0.788218    0.687696    0.722222    0.575342    0.679845    0.807692    0.896591    0.495455    0.511303    0.666667    0.722222    3900        424.489796  0.231261    0.101941    0.364530    5.569907   
[36mINFO[0m 08/01 14:36:39 | 0.527273    0.611111    0.000000    0.760011    0.538142    0.835447    0.540548    0.712500    0.712329    0.786047    0.807692    0.884848    0.527273    0.538142    0.611111    0.712500    4000        435.374150  0.226545    0.104487    0.398504    5.569907   
[36mINFO[0m 08/01 14:36:50 | 0.536364    0.648148    0.000000    0.735379    0.518246    0.795212    0.620033    0.716667    0.643836    0.695349    0.826923    0.895076    0.536364    0.518246    0.648148    0.716667    4100        446.258503  0.240363    0.101943    0.342259    5.569907   
[36mINFO[0m 08/01 14:37:01 | 0.545455    0.703704    0.000000    0.716149    0.543392    0.813896    0.668408    0.727778    0.643836    0.739535    0.788462    0.888258    0.545455    0.543392    0.703704    0.727778    4200        457.142857  0.208706    0.103676    0.341636    5.569907   
[36mINFO[0m 08/01 14:37:11 | 0.500000    0.611111    0.000000    0.731889    0.520616    0.794671    0.683345    0.665278    0.684932    0.697674    0.778846    0.891667    0.500000    0.520616    0.611111    0.665278    4300        468.027211  0.191990    0.100352    0.361693    5.569907   
[36mINFO[0m 08/01 14:37:22 | 0.477273    0.685185    0.000000    0.729847    0.475489    0.815477    0.582410    0.683333    0.671233    0.728682    0.788462    0.902273    0.477273    0.475489    0.685185    0.683333    4400        478.911565  0.209043    0.101347    0.341792    5.569907   
[36mINFO[0m 08/01 14:37:32 | 0.518182    0.611111    0.000000    0.712790    0.528321    0.779682    0.687713    0.670833    0.589041    0.662016    0.836538    0.897348    0.518182    0.528321    0.611111    0.670833    4500        489.795918  0.208636    0.098630    0.348870    5.569907   
[36mINFO[0m 08/01 14:37:43 | 0.490909    0.666667    0.000000    0.719639    0.502921    0.799344    0.667500    0.765278    0.602740    0.692248    0.836538    0.906439    0.490909    0.502921    0.666667    0.765278    4600        500.680272  0.232127    0.105864    0.344515    5.569907   
[36mINFO[0m 08/01 14:37:54 | 0.509091    0.629630    0.000000    0.737421    0.498434    0.815306    0.635819    0.727778    0.657534    0.763566    0.817308    0.867045    0.509091    0.498434    0.629630    0.727778    4700        511.564626  0.216779    0.106200    0.347740    5.569907   
[36mINFO[0m 08/01 14:38:04 | 0.554545    0.629630    0.000000    0.744270    0.573025    0.793948    0.665081    0.763889    0.671233    0.700775    0.817308    0.887121    0.554545    0.573025    0.629630    0.763889    4800        522.448980  0.210876    0.103517    0.368049    5.569907   
[36mINFO[0m 08/01 14:38:15 | 0.540909    0.685185    0.000000    0.742953    0.506054    0.778691    0.714195    0.761111    0.630137    0.658140    0.855769    0.899242    0.540909    0.506054    0.685185    0.761111    4900        533.333333  0.220031    0.102458    0.369537    5.569907   
[36mINFO[0m 08/01 14:38:26 | 0.531818    0.740741    0.000000    0.681902    0.524426    0.801423    0.695961    0.770833    0.575342    0.708527    0.788462    0.894318    0.531818    0.524426    0.740741    0.770833    5000        544.217687  0.190046    0.103654    0.462150    5.569907   
[36mINFO[0m 08/01 14:38:26 | ---
[36mINFO[0m 08/01 14:38:26 | oracle = 53.182%
[36mINFO[0m 08/01 14:38:26 | iid = 52.727%
[36mINFO[0m 08/01 14:38:26 | last = 53.182%
[36mINFO[0m 08/01 14:38:26 | last (inD) = 68.190%
[36mINFO[0m 08/01 14:38:26 | iid (inD) = 76.001%
[36mINFO[0m 08/01 14:38:27 | === Summary ===
[36mINFO[0m 08/01 14:38:27 | Command: /home/s21_yhr/lzh/DomainBed-new/train_all.py HTP_Mixup_seed0 --dataset HTP --data_dir /home/s21_yhr/lzh/DomainBed-new/dataset --algorithm Mixup --steps 5000 --checkpoint_freq 100 --batch_size 32 --optimizer adam --lr 5e-5 --weight_decay 0 --resnet_dropout 0 --resnet18 False --pretrained True --freeze_bn True --swad False --seed 0 --trial_seed 0 --deterministic --prebuild_loader --cache_size 640 --mixup_alpha 0.2
[36mINFO[0m 08/01 14:38:27 | Unique name: 260801_14-10-55_HTP_Mixup_seed0
[36mINFO[0m 08/01 14:38:27 | Out path: train_output/HTP/260801_14-10-55_HTP_Mixup_seed0
[36mINFO[0m 08/01 14:38:27 | Algorithm: Mixup
[36mINFO[0m 08/01 14:38:27 | Dataset: HTP
+------------+---------+---------+---------+---------+
| Selection  |    00   |    01   |    02   |   Avg.  |
+------------+---------+---------+---------+---------+
|   oracle   | 54.082% | 51.790% | 53.182% | 53.018% |
|    iid     | 58.503% | 50.119% | 52.727% | 53.783% |
|    last    | 54.762% | 54.654% | 53.182% | 54.199% |
| last (inD) | 68.127% | 58.600% | 68.190% | 64.972% |
| iid (inD)  | 73.754% | 62.468% | 76.001% | 70.741% |
+------------+---------+---------+---------+---------+
================================================================================
Starting Mixup, seed=1, physical GPU=3
/home/s21_yhr/miniconda3/envs/GGA/bin/python /home/s21_yhr/lzh/DomainBed-new/train_all.py HTP_Mixup_seed1 --dataset HTP --data_dir /home/s21_yhr/lzh/DomainBed-new/dataset --algorithm Mixup --steps 5000 --checkpoint_freq 100 --batch_size 32 --optimizer adam --lr 5e-5 --weight_decay 0 --resnet_dropout 0 --resnet18 False --pretrained True --freeze_bn True --swad False --seed 1 --trial_seed 1 --deterministic --prebuild_loader --cache_size 640 --mixup_alpha 0.2
================================================================================
[36mINFO[0m 08/01 14:38:33 | Command :: /home/s21_yhr/lzh/DomainBed-new/train_all.py HTP_Mixup_seed1 --dataset HTP --data_dir /home/s21_yhr/lzh/DomainBed-new/dataset --algorithm Mixup --steps 5000 --checkpoint_freq 100 --batch_size 32 --optimizer adam --lr 5e-5 --weight_decay 0 --resnet_dropout 0 --resnet18 False --pretrained True --freeze_bn True --swad False --seed 1 --trial_seed 1 --deterministic --prebuild_loader --cache_size 640 --mixup_alpha 0.2
Environment:
	Python: 3.11.15
	PyTorch: 2.11.0+cu128
	Torchvision: 0.26.0+cu128
	CUDA: 12.8
	CUDNN: 91900
	NumPy: 1.26.4
	PIL: 12.2.0
Args:
	algorithm: Mixup
	batch_size: 32
	cache_root: cache
	cache_size: 640
	checkpoint_freq: 100
	configs: []
	data_dir: /home/s21_yhr/lzh/DomainBed-new/dataset
	dataset: HTP
	debug: False
	deterministic: True
	end_step: 200
	evalmode: fast
	extra_search: n
	extra_search_end: None
	extra_search_start: None
	gga_l_gamma: 0.001
	grad_fn: sum
	holdout_fraction: 0.2
	model_save: None
	name: HTP_Mixup_seed1
	neighborhoodSize: 1e-06
	out_dir: train_output/HTP/260801_14-38-33_HTP_Mixup_seed1
	out_root: train_output/HTP
	prebuild_loader: True
	seed: 1
	show: False
	start_step: 100
	steps: 5000
	tb_freq: 10
	test_envs: None
	train_output: train_output
	trial_seed: 1
	unique_name: 260801_14-38-33_HTP_Mixup_seed1
	work_dir: .
HParams:
	data_augmentation: True
	val_augment: False
	[36mresnet18: False
	[0m[36mresnet_dropout: 0
	[0mclass_balanced: False
	[36moptimizer: adam
	[0m[36mfreeze_bn: True
	[0m[36mpretrained: True
	[0m[36mlr: 5e-05
	[0mbatch_size: 32
	[36mweight_decay: 0
	[0m[36mmixup_alpha: 0.2
	[0m[36mswad: False
	[0mswad_kwargs: 
	  n_converge: 3
	  n_tolerance: 6
	  tolerance_ratio: 0.3
	test_batchsize: 128
	indomain_test: False
	grad_fn: sum
	extra_search: n
	logdir: train_output/HTP/260801_14-38-33_HTP_Mixup_seed1
	neighborhoodSize: 1e-06
	start_step: 100
	end_step: 200
	extra_search_start: None
	extra_search_end: None
	gga_l_gamma: 0.001
Dataset:
	[HTP] #envs=3, #classes=2
	env0: 00 (#367)
	env1: 01 (#523)
	env2: 02 (#274)

[36mINFO[0m 08/01 14:38:33 | n_steps = 5000
[36mINFO[0m 08/01 14:38:33 | checkpoint_freq = 100
[36mINFO[0m 08/01 14:38:33 | n_steps is updated to 5000 => 5001 for checkpointing
[36mINFO[0m 08/01 14:38:33 | Target test envs = [[0], [1], [2]]
[36mINFO[0m 08/01 14:38:33 | 
[36mINFO[0m 08/01 14:38:33 | Testenv name escaping te_00 -> te_00
[36mINFO[0m 08/01 14:38:33 | Test envs = [0], name = te_00
[36mINFO[0m 08/01 14:38:33 | Batch sizes for each domain: [0, 32, 32] (total=64)
[36mINFO[0m 08/01 14:38:33 | steps-per-epoch for each domain: 13.09, 6.88 -> min = 6.88
/home/s21_yhr/miniconda3/envs/GGA/lib/python3.11/site-packages/torchvision/models/_utils.py:208: UserWarning: The parameter 'pretrained' is deprecated since 0.13 and may be removed in the future, please use 'weights' instead.
  warnings.warn(
/home/s21_yhr/miniconda3/envs/GGA/lib/python3.11/site-packages/torchvision/models/_utils.py:223: UserWarning: Arguments other than a weight enum or `None` for 'weights' are deprecated since 0.13 and may be removed in the future. The current behavior is equivalent to passing `weights=ResNet50_Weights.IMAGENET1K_V1`. You can also use `weights=ResNet50_Weights.DEFAULT` to get the most up-to-date weights.
  warnings.warn(msg)
[36mINFO[0m 08/01 14:38:36 | # of params = 23512130
[36mINFO[0m 08/01 14:38:38 | test_in     test_out    train_in    train_out   test_in_au  test_out_a  train_out_  tr_outloss  env0_in     env0_in_au  env0_out    env0_out_a  env1_out    env1_out_a  env2_out    env2_out_a  step        epoch       loss        step_time   eval_time   mem_gb     
[36mINFO[0m 08/01 14:38:38 | 0.465986    0.424658    0.000000    0.535078    0.513194    0.471970    0.692887    0.690433    0.465986    0.513194    0.424658    0.471970    0.644231    0.791790    0.425926    0.593985    0           0.000000    0.712789    0.798328    0.642220    5.321118   
[36mINFO[0m 08/01 14:38:49 | 0.540816    0.452055    0.000000    0.729345    0.545048    0.459091    0.789815    0.563749    0.540816    0.545048    0.452055    0.459091    0.884615    0.936021    0.574074    0.643609    100         14.545455   0.632928    0.105719    0.489511    5.567954   
[36mINFO[0m 08/01 14:39:00 | 0.551020    0.465753    0.000000    0.737892    0.561118    0.465152    0.806222    0.518288    0.551020    0.561118    0.465753    0.465152    0.846154    0.952293    0.629630    0.660150    200         29.090909   0.499487    0.108550    0.410354    5.567954   
[36mINFO[0m 08/01 14:39:11 | 0.551020    0.547945    0.000000    0.614316    0.536966    0.466667    0.793930    0.952194    0.551020    0.536966    0.547945    0.466667    0.673077    0.915680    0.555556    0.672180    300         43.636364   0.446792    0.104772    0.397779    5.567954   
[36mINFO[0m 08/01 14:39:22 | 0.537415    0.602740    0.000000    0.685363    0.531878    0.517424    0.817758    0.629768    0.537415    0.531878    0.602740    0.517424    0.759615    0.943787    0.611111    0.691729    400         58.181818   0.408233    0.106058    0.420887    5.567954   
[36mINFO[0m 08/01 14:39:33 | 0.540816    0.493151    0.000000    0.685719    0.525317    0.481061    0.793476    0.593996    0.540816    0.525317    0.493151    0.481061    0.778846    0.947855    0.592593    0.639098    500         72.727273   0.429425    0.108162    0.410020    5.567954   
[36mINFO[0m 08/01 14:39:44 | 0.557823    0.479452    0.000000    0.727920    0.558170    0.469697    0.809425    0.664630    0.557823    0.558170    0.479452    0.469697    0.807692    0.928624    0.648148    0.690226    600         87.272727   0.348442    0.104762    0.459598    5.567954   
[36mINFO[0m 08/01 14:39:55 | 0.523810    0.506849    0.000000    0.681268    0.522560    0.478788    0.773150    0.774982    0.523810    0.522560    0.506849    0.478788    0.788462    0.928254    0.574074    0.618045    700         101.818182  0.333756    0.105950    0.453100    5.567954   
[36mINFO[0m 08/01 14:40:06 | 0.540816    0.561644    0.000000    0.657585    0.513621    0.528030    0.805172    0.734998    0.540816    0.513621    0.561644    0.528030    0.759615    0.920118    0.555556    0.690226    800         116.363636  0.318653    0.108514    0.398764    5.567954   
[36mINFO[0m 08/01 14:40:18 | 0.513605    0.493151    0.000000    0.671652    0.540294    0.482576    0.759566    0.688288    0.513605    0.540294    0.493151    0.482576    0.769231    0.911612    0.574074    0.607519    900         130.909091  0.301796    0.108720    0.414157    5.567954   
[36mINFO[0m 08/01 14:40:28 | 0.520408    0.547945    0.000000    0.633191    0.514858    0.526515    0.791637    1.002835    0.520408    0.514858    0.547945    0.526515    0.692308    0.897559    0.574074    0.685714    1000        145.454545  0.307346    0.102826    0.456527    5.567954   
[36mINFO[0m 08/01 14:40:40 | 0.547619    0.589041    0.000000    0.661325    0.507488    0.528788    0.767971    0.770834    0.547619    0.507488    0.589041    0.528788    0.711538    0.895340    0.611111    0.640602    1100        160.000000  0.271053    0.106962    0.393396    5.567954   
[36mINFO[0m 08/01 14:40:50 | 0.551020    0.424658    0.000000    0.695335    0.551181    0.483333    0.772173    0.767606    0.551020    0.551181    0.424658    0.483333    0.798077    0.887204    0.592593    0.657143    1200        174.545455  0.288006    0.104418    0.468233    5.567954   
[36mINFO[0m 08/01 14:41:01 | 0.530612    0.534247    0.000000    0.652778    0.518471    0.479545    0.783812    0.759302    0.530612    0.518471    0.534247    0.479545    0.750000    0.934541    0.555556    0.633083    1300        189.090909  0.299411    0.104861    0.405294    5.567954   
[36mINFO[0m 08/01 14:41:12 | 0.527211    0.575342    0.000000    0.679487    0.514905    0.521970    0.779620    0.853377    0.527211    0.514905    0.575342    0.521970    0.692308    0.918639    0.666667    0.640602    1400        203.636364  0.285602    0.103314    0.439158    5.567954   
[36mINFO[0m 08/01 14:41:24 | 0.513605    0.452055    0.000000    0.680556    0.508201    0.478788    0.768303    0.683183    0.513605    0.508201    0.452055    0.478788    0.750000    0.877959    0.611111    0.658647    1500        218.181818  0.257936    0.108535    0.481866    5.567954   
[36mINFO[0m 08/01 14:41:34 | 0.564626    0.602740    0.000000    0.656161    0.555556    0.525000    0.805921    0.617063    0.564626    0.555556    0.602740    0.525000    0.682692    0.875000    0.629630    0.736842    1600        232.727273  0.264413    0.102646    0.451295    5.567954   
[36mINFO[0m 08/01 14:41:46 | 0.557823    0.602740    0.000000    0.619124    0.552941    0.543939    0.802977    0.798892    0.557823    0.552941    0.602740    0.543939    0.682692    0.912722    0.555556    0.693233    1700        247.272727  0.245527    0.109343    0.472879    5.567954   
[36mINFO[0m 08/01 14:41:57 | 0.534014    0.602740    0.000000    0.656517    0.473637    0.496212    0.788480    0.797776    0.534014    0.473637    0.602740    0.496212    0.701923    0.870192    0.611111    0.706767    1800        261.818182  0.263583    0.107366    0.404351    5.567954   
[36mINFO[0m 08/01 14:42:08 | 0.537415    0.506849    0.000000    0.699430    0.545761    0.529545    0.778016    0.683880    0.537415    0.545761    0.506849    0.529545    0.769231    0.885355    0.629630    0.670677    1900        276.363636  0.250349    0.108195    0.412052    5.567954   
[36mINFO[0m 08/01 14:42:19 | 0.517007    0.561644    0.000000    0.676460    0.537156    0.550758    0.765061    0.800061    0.517007    0.537156    0.561644    0.550758    0.778846    0.883506    0.574074    0.646617    2000        290.909091  0.244222    0.106381    0.471748    5.567954   
[36mINFO[0m 08/01 14:42:30 | 0.534014    0.589041    0.000000    0.623932    0.530690    0.521212    0.739756    0.918838    0.534014    0.530690    0.589041    0.521212    0.692308    0.875000    0.555556    0.604511    2100        305.454545  0.248387    0.104232    0.475180    5.567954   
[36mINFO[0m 08/01 14:42:41 | 0.513605    0.534247    0.000000    0.666845    0.512718    0.521212    0.764161    0.806161    0.513605    0.512718    0.534247    0.521212    0.759615    0.878698    0.574074    0.649624    2200        320.000000  0.254743    0.106358    0.441251    5.567954   
[36mINFO[0m 08/01 14:42:52 | 0.547619    0.547945    0.000000    0.660969    0.515999    0.547727    0.783797    0.846324    0.547619    0.515999    0.547945    0.547727    0.692308    0.890902    0.629630    0.676692    2300        334.545455  0.259007    0.104888    0.453898    5.567954   
[36mINFO[0m 08/01 14:43:03 | 0.537415    0.534247    0.000000    0.636930    0.531736    0.570455    0.747372    0.903448    0.537415    0.531736    0.534247    0.570455    0.644231    0.863166    0.629630    0.631579    2400        349.090909  0.248531    0.103139    0.425581    5.567954   
[36mINFO[0m 08/01 14:43:14 | 0.544218    0.602740    0.000000    0.642094    0.488946    0.504545    0.768290    0.865132    0.544218    0.488946    0.602740    0.504545    0.673077    0.879438    0.611111    0.657143    2500        363.636364  0.246540    0.106473    0.407085    5.567954   
[36mINFO[0m 08/01 14:43:25 | 0.527211    0.671233    0.000000    0.647258    0.501450    0.569697    0.758788    0.876182    0.527211    0.501450    0.671233    0.569697    0.701923    0.892012    0.592593    0.625564    2600        378.181818  0.260893    0.105664    0.438346    5.567954   
[36mINFO[0m 08/01 14:43:36 | 0.534014    0.589041    0.000000    0.637999    0.556364    0.554545    0.741125    0.833454    0.534014    0.556364    0.589041    0.554545    0.701923    0.891272    0.574074    0.590977    2700        392.727273  0.222896    0.108827    0.452782    5.567954   
[36mINFO[0m 08/01 14:43:47 | 0.544218    0.547945    0.000000    0.704238    0.508059    0.531818    0.768969    0.710817    0.544218    0.508059    0.547945    0.531818    0.778846    0.888314    0.629630    0.649624    2800        407.272727  0.212062    0.106347    0.416325    5.567954   
[36mINFO[0m 08/01 14:43:59 | 0.486395    0.534247    0.000000    0.675748    0.474445    0.528788    0.744043    0.745504    0.486395    0.474445    0.534247    0.528788    0.740385    0.833950    0.611111    0.654135    2900        421.818182  0.226411    0.108288    0.393903    5.567954   
[36mINFO[0m 08/01 14:44:10 | 0.513605    0.575342    0.000000    0.671652    0.481624    0.572727    0.767230    0.711811    0.513605    0.481624    0.575342    0.572727    0.769231    0.871302    0.574074    0.663158    3000        436.363636  0.234923    0.105970    0.420165    5.567954   
[36mINFO[0m 08/01 14:44:21 | 0.534014    0.493151    0.000000    0.666489    0.510056    0.540152    0.768501    0.752229    0.534014    0.510056    0.493151    0.540152    0.740385    0.899408    0.592593    0.637594    3100        450.909091  0.237974    0.105644    0.395099    5.567954   
[36mINFO[0m 08/01 14:44:32 | 0.493197    0.561644    0.000000    0.664708    0.492179    0.560606    0.749726    0.964152    0.493197    0.492179    0.561644    0.560606    0.644231    0.851331    0.685185    0.648120    3200        465.454545  0.224499    0.105559    0.432227    5.567954   
[36mINFO[0m 08/01 14:44:43 | 0.503401    0.561644    0.000000    0.633191    0.448248    0.561364    0.771519    0.768655    0.503401    0.448248    0.561644    0.561364    0.692308    0.875370    0.574074    0.667669    3300        480.000000  0.217590    0.106593    0.447112    5.567954   
[36mINFO[0m 08/01 14:44:53 | 0.503401    0.589041    0.000000    0.628027    0.486854    0.577273    0.749937    0.950860    0.503401    0.486854    0.589041    0.577273    0.663462    0.871302    0.592593    0.628571    3400        494.545455  0.225138    0.103059    0.414220    5.567954   
[36mINFO[0m 08/01 14:45:04 | 0.503401    0.534247    0.000000    0.680912    0.482242    0.577273    0.771840    0.842236    0.503401    0.482242    0.534247    0.577273    0.769231    0.882027    0.592593    0.661654    3500        509.090909  0.222602    0.104102    0.472831    5.567954   
[36mINFO[0m 08/01 14:45:15 | 0.554422    0.575342    0.000000    0.680912    0.540959    0.519697    0.762251    0.687364    0.554422    0.540959    0.575342    0.519697    0.769231    0.882396    0.592593    0.642105    3600        523.636364  0.234894    0.106582    0.450517    5.567954   
[36mINFO[0m 08/01 14:45:26 | 0.517007    0.561644    0.000000    0.655805    0.481481    0.525758    0.775699    0.889988    0.517007    0.481481    0.561644    0.525758    0.663462    0.892751    0.648148    0.658647    3700        538.181818  0.237040    0.104783    0.420361    5.567954   
[36mINFO[0m 08/01 14:45:37 | 0.534014    0.602740    0.000000    0.627671    0.470499    0.541667    0.773639    0.860695    0.534014    0.470499    0.602740    0.541667    0.644231    0.869083    0.611111    0.678195    3800        552.727273  0.213743    0.104884    0.412255    5.567954   
[36mINFO[0m 08/01 14:45:48 | 0.537415    0.534247    0.000000    0.694979    0.507441    0.557576    0.733397    0.947961    0.537415    0.507441    0.534247    0.557576    0.778846    0.893861    0.611111    0.572932    3900        567.272727  0.218657    0.106547    0.429213    5.567954   
[36mINFO[0m 08/01 14:45:59 | 0.530612    0.547945    0.000000    0.656517    0.506252    0.518182    0.749111    0.916327    0.530612    0.506252    0.547945    0.518182    0.701923    0.880178    0.611111    0.618045    4000        581.818182  0.234675    0.106567    0.402613    5.567954   
[36mINFO[0m 08/01 14:46:11 | 0.527211    0.589041    0.000000    0.712785    0.517853    0.487879    0.774576    0.756811    0.527211    0.517853    0.589041    0.487879    0.740385    0.869453    0.685185    0.679699    4100        596.363636  0.218950    0.107311    0.463470    5.567954   
[36mINFO[0m 08/01 14:46:22 | 0.547619    0.575342    0.000000    0.662037    0.512623    0.559848    0.755323    0.824467    0.547619    0.512623    0.575342    0.559848    0.750000    0.879068    0.574074    0.631579    4200        610.909091  0.247517    0.105699    0.415052    5.567954   
[36mINFO[0m 08/01 14:46:33 | 0.520408    0.534247    0.000000    0.652778    0.504398    0.525000    0.760403    0.757578    0.520408    0.504398    0.534247    0.525000    0.750000    0.901257    0.555556    0.619549    4300        625.454545  0.243950    0.107414    0.500983    5.567954   
[36mINFO[0m 08/01 14:46:44 | 0.551020    0.561644    0.000000    0.675392    0.545286    0.533333    0.760785    0.749121    0.551020    0.545286    0.561644    0.533333    0.721154    0.900518    0.629630    0.621053    4400        640.000000  0.229990    0.102972    0.391389    5.567954   
[36mINFO[0m 08/01 14:46:55 | 0.527211    0.506849    0.000000    0.747151    0.501830    0.572727    0.759576    0.710624    0.527211    0.501830    0.506849    0.572727    0.846154    0.887574    0.648148    0.631579    4500        654.545455  0.222184    0.108745    0.418629    5.567954   
[36mINFO[0m 08/01 14:47:06 | 0.500000    0.534247    0.000000    0.670584    0.488993    0.541667    0.710383    0.934160    0.500000    0.488993    0.534247    0.541667    0.711538    0.880917    0.629630    0.539850    4600        669.090909  0.230778    0.102656    0.411631    5.567954   
[36mINFO[0m 08/01 14:47:16 | 0.506803    0.575342    0.000000    0.694979    0.508106    0.552273    0.776500    0.792106    0.506803    0.508106    0.575342    0.552273    0.778846    0.886834    0.611111    0.666165    4700        683.636364  0.234420    0.103321    0.423854    5.567954   
[36mINFO[0m 08/01 14:47:27 | 0.544218    0.616438    0.000000    0.698362    0.511957    0.540909    0.763891    0.748124    0.544218    0.511957    0.616438    0.540909    0.711538    0.888683    0.685185    0.639098    4800        698.181818  0.196951    0.105673    0.456939    5.567954   
[36mINFO[0m 08/01 14:47:38 | 0.540816    0.602740    0.000000    0.676104    0.499358    0.565152    0.731658    0.912976    0.540816    0.499358    0.602740    0.565152    0.759615    0.876849    0.592593    0.586466    4900        712.727273  0.218727    0.104552    0.417122    5.567954   
[36mINFO[0m 08/01 14:47:49 | 0.513605    0.547945    0.000000    0.662037    0.529359    0.566667    0.743181    0.730517    0.513605    0.529359    0.547945    0.566667    0.750000    0.847263    0.574074    0.639098    5000        727.272727  0.219635    0.105761    0.426755    5.567954   
[36mINFO[0m 08/01 14:47:49 | ---
[36mINFO[0m 08/01 14:47:49 | oracle = 52.721%
[36mINFO[0m 08/01 14:47:49 | iid = 52.721%
[36mINFO[0m 08/01 14:47:49 | last = 51.361%
[36mINFO[0m 08/01 14:47:49 | last (inD) = 66.204%
[36mINFO[0m 08/01 14:47:49 | iid (inD) = 74.715%
[36mINFO[0m 08/01 14:47:50 | 
[36mINFO[0m 08/01 14:47:50 | Testenv name escaping te_01 -> te_01
[36mINFO[0m 08/01 14:47:50 | Test envs = [1], name = te_01
[36mINFO[0m 08/01 14:47:50 | Batch sizes for each domain: [32, 0, 32] (total=64)
[36mINFO[0m 08/01 14:47:50 | steps-per-epoch for each domain: 9.19, 6.88 -> min = 6.88
/home/s21_yhr/miniconda3/envs/GGA/lib/python3.11/site-packages/torchvision/models/_utils.py:208: UserWarning: The parameter 'pretrained' is deprecated since 0.13 and may be removed in the future, please use 'weights' instead.
  warnings.warn(
/home/s21_yhr/miniconda3/envs/GGA/lib/python3.11/site-packages/torchvision/models/_utils.py:223: UserWarning: Arguments other than a weight enum or `None` for 'weights' are deprecated since 0.13 and may be removed in the future. The current behavior is equivalent to passing `weights=ResNet50_Weights.IMAGENET1K_V1`. You can also use `weights=ResNet50_Weights.DEFAULT` to get the most up-to-date weights.
  warnings.warn(msg)
[36mINFO[0m 08/01 14:47:53 | # of params = 23512130
[36mINFO[0m 08/01 14:47:54 | test_in     test_out    train_in    train_out   test_in_au  train_out_  tr_outloss  test_out_a  env0_out    env0_out_a  env1_in     env1_in_au  env1_out    env1_out_a  env2_out    env2_out_a  step        epoch       loss        step_time   eval_time   mem_gb     
[36mINFO[0m 08/01 14:47:54 | 0.494033    0.500000    0.000000    0.401953    0.368221    0.497992    0.879291    0.457840    0.452055    0.565909    0.494033    0.368221    0.500000    0.457840    0.351852    0.430075    0           0.000000    0.701272    0.100093    0.563633    5.321729   
[36mINFO[0m 08/01 14:48:06 | 0.615752    0.586538    0.000000    0.538052    0.670085    0.551119    0.669818    0.638314    0.520548    0.497727    0.615752    0.670085    0.586538    0.638314    0.555556    0.604511    100         14.545455   0.666216    0.109440    0.491555    5.569907   
[36mINFO[0m 08/01 14:48:17 | 0.615752    0.576923    0.000000    0.609716    0.669310    0.622323    0.682208    0.633136    0.534247    0.537879    0.615752    0.669310    0.576923    0.633136    0.685185    0.706767    200         29.090909   0.620087    0.105645    0.516495    5.569907   
[36mINFO[0m 08/01 14:48:28 | 0.534606    0.509615    0.000000    0.558600    0.572031    0.583627    0.708178    0.592825    0.561644    0.544697    0.534606    0.572031    0.509615    0.592825    0.555556    0.622556    300         43.636364   0.597056    0.106051    0.495630    5.569907   
[36mINFO[0m 08/01 14:48:39 | 0.553699    0.567308    0.000000    0.570269    0.563645    0.610304    0.844462    0.560281    0.547945    0.540909    0.553699    0.563645    0.567308    0.560281    0.592593    0.679699    400         58.181818   0.528397    0.102692    0.516068    5.569907   
[36mINFO[0m 08/01 14:48:50 | 0.615752    0.596154    0.000000    0.591197    0.641897    0.578244    1.309548    0.600592    0.534247    0.512879    0.615752    0.641897    0.596154    0.600592    0.648148    0.643609    500         72.727273   0.443793    0.104729    0.522256    5.569907   
[36mINFO[0m 08/01 14:49:01 | 0.520286    0.596154    0.000000    0.623415    0.533611    0.655673    0.759140    0.585059    0.561644    0.609091    0.520286    0.533611    0.596154    0.585059    0.685185    0.702256    600         87.272727   0.414038    0.106301    0.522053    5.569907   
[36mINFO[0m 08/01 14:49:12 | 0.472554    0.509615    0.000000    0.613775    0.496035    0.613551    0.961428    0.547337    0.616438    0.604545    0.472554    0.496035    0.509615    0.547337    0.611111    0.622556    700         101.818182  0.370762    0.103414    0.495032    5.569907   
[36mINFO[0m 08/01 14:49:22 | 0.565632    0.586538    0.000000    0.598047    0.606075    0.626598    1.027254    0.615754    0.547945    0.575000    0.565632    0.606075    0.586538    0.615754    0.648148    0.678195    800         116.363636  0.326323    0.101000    0.541748    5.569907   
[36mINFO[0m 08/01 14:49:33 | 0.525060    0.586538    0.000000    0.593227    0.509981    0.624467    0.764914    0.623891    0.575342    0.608333    0.525060    0.509981    0.586538    0.623891    0.611111    0.640602    900         130.909091  0.323180    0.105010    0.525678    5.569907   
[36mINFO[0m 08/01 14:49:45 | 0.484487    0.576923    0.000000    0.639143    0.484915    0.646121    0.889599    0.556953    0.630137    0.668182    0.484487    0.484915    0.576923    0.556953    0.648148    0.624060    1000        145.454545  0.306820    0.107753    0.544057    5.569907   
[36mINFO[0m 08/01 14:49:56 | 0.496420    0.519231    0.000000    0.620624    0.534204    0.655437    1.117505    0.535133    0.630137    0.646212    0.496420    0.534204    0.519231    0.535133    0.611111    0.664662    1100        160.000000  0.300116    0.107177    0.596150    5.569907   
[36mINFO[0m 08/01 14:50:07 | 0.546539    0.548077    0.000000    0.572679    0.567382    0.622172    0.962927    0.606139    0.534247    0.597727    0.546539    0.567382    0.548077    0.606139    0.611111    0.646617    1200        174.545455  0.290500    0.107033    0.503671    5.569907   
[36mINFO[0m 08/01 14:50:18 | 0.553699    0.605769    0.000000    0.630264    0.555191    0.667564    0.787833    0.633136    0.575342    0.671970    0.553699    0.555191    0.605769    0.633136    0.685185    0.663158    1300        189.090909  0.265787    0.103025    0.533844    5.569907   
[36mINFO[0m 08/01 14:50:29 | 0.534606    0.548077    0.000000    0.586377    0.520349    0.667111    0.925135    0.620192    0.561644    0.651515    0.534606    0.520349    0.548077    0.620192    0.611111    0.682707    1400        203.636364  0.272908    0.103199    0.540961    5.569907   
[36mINFO[0m 08/01 14:50:40 | 0.532220    0.634615    0.000000    0.634323    0.570686    0.637805    1.115523    0.636095    0.657534    0.656061    0.532220    0.570686    0.634615    0.636095    0.611111    0.619549    1500        218.181818  0.267342    0.106217    0.512599    5.569907   
[36mINFO[0m 08/01 14:50:51 | 0.534606    0.576923    0.000000    0.625444    0.568818    0.610250    0.904485    0.651997    0.602740    0.626515    0.534606    0.568818    0.576923    0.651997    0.648148    0.593985    1600        232.727273  0.244733    0.103608    0.541277    5.569907   
[36mINFO[0m 08/01 14:51:02 | 0.553699    0.567308    0.000000    0.604896    0.578206    0.597027    0.986008    0.594675    0.561644    0.609091    0.553699    0.578206    0.567308    0.594675    0.648148    0.584962    1700        247.272727  0.248255    0.103455    0.506783    5.569907   
[36mINFO[0m 08/01 14:51:13 | 0.505967    0.605769    0.000000    0.616185    0.526798    0.629793    0.948973    0.619453    0.602740    0.625000    0.505967    0.526798    0.605769    0.619453    0.629630    0.634586    1800        261.818182  0.242329    0.104532    0.501750    5.569907   
[36mINFO[0m 08/01 14:51:24 | 0.539379    0.567308    0.000000    0.639143    0.543569    0.632687    1.071617    0.652367    0.630137    0.594697    0.539379    0.543569    0.567308    0.652367    0.648148    0.670677    1900        276.363636  0.261823    0.106924    0.524821    5.569907   
[36mINFO[0m 08/01 14:51:35 | 0.520286    0.615385    0.000000    0.604515    0.556809    0.620267    1.325173    0.678254    0.616438    0.590909    0.520286    0.556809    0.615385    0.678254    0.592593    0.649624    2000        290.909091  0.227653    0.105853    0.494360    5.569907   
[36mINFO[0m 08/01 14:51:47 | 0.534606    0.548077    0.000000    0.579528    0.543455    0.579545    1.206052    0.599112    0.547945    0.559091    0.534606    0.543455    0.548077    0.599112    0.611111    0.600000    2100        305.454545  0.232801    0.113457    0.501624    5.569907   
[36mINFO[0m 08/01 14:51:58 | 0.558473    0.576923    0.000000    0.616185    0.610291    0.629793    1.079311    0.672337    0.602740    0.625000    0.558473    0.610291    0.576923    0.672337    0.629630    0.634586    2200        320.000000  0.250496    0.103302    0.592280    5.569907   
[36mINFO[0m 08/01 14:52:09 | 0.477327    0.461538    0.000000    0.595637    0.482932    0.591000    1.003186    0.515902    0.561644    0.606061    0.477327    0.482932    0.461538    0.515902    0.629630    0.575940    2300        334.545455  0.248364    0.103133    0.500148    5.569907   
[36mINFO[0m 08/01 14:52:20 | 0.536993    0.596154    0.000000    0.618595    0.579027    0.628227    1.040448    0.641272    0.589041    0.608333    0.536993    0.579027    0.596154    0.641272    0.648148    0.648120    2400        349.090909  0.266893    0.103977    0.512170    5.569907   
[36mINFO[0m 08/01 14:52:31 | 0.510740    0.548077    0.000000    0.609335    0.510984    0.652802    0.992236    0.578402    0.589041    0.645455    0.510740    0.510984    0.548077    0.578402    0.629630    0.660150    2500        363.636364  0.248364    0.105036    0.505344    5.569907   
[36mINFO[0m 08/01 14:52:42 | 0.515513    0.548077    0.000000    0.609335    0.545233    0.650157    1.005088    0.594675    0.589041    0.641667    0.515513    0.545233    0.548077    0.594675    0.629630    0.658647    2600        378.181818  0.229931    0.102838    0.629846    5.569907   
[36mINFO[0m 08/01 14:52:52 | 0.532220    0.576923    0.000000    0.583968    0.545939    0.670255    0.973310    0.627219    0.575342    0.687879    0.532220    0.545939    0.576923    0.627219    0.592593    0.652632    2700        392.727273  0.217296    0.102746    0.521875    5.569907   
[36mINFO[0m 08/01 14:53:03 | 0.551313    0.567308    0.000000    0.657281    0.593610    0.646953    1.197936    0.643861    0.684932    0.689394    0.551313    0.593610    0.567308    0.643861    0.629630    0.604511    2800        407.272727  0.240798    0.103121    0.531998    5.569907   
[36mINFO[0m 08/01 14:53:14 | 0.556086    0.548077    0.000000    0.590817    0.525613    0.666060    0.966183    0.561760    0.589041    0.671970    0.556086    0.525613    0.548077    0.561760    0.592593    0.660150    2900        421.818182  0.250330    0.104856    0.526272    5.569907   
[36mINFO[0m 08/01 14:53:25 | 0.541766    0.615385    0.000000    0.604515    0.573444    0.639992    1.192266    0.645710    0.616438    0.637879    0.541766    0.573444    0.615385    0.645710    0.592593    0.642105    3000        436.363636  0.258799    0.103400    0.501149    5.569907   
[36mINFO[0m 08/01 14:53:36 | 0.601432    0.615385    0.000000    0.627473    0.615167    0.656132    1.003656    0.657175    0.643836    0.631061    0.601432    0.615167    0.615385    0.657175    0.611111    0.681203    3100        450.909091  0.234696    0.104486    0.498106    5.569907   
[36mINFO[0m 08/01 14:53:47 | 0.498807    0.548077    0.000000    0.608955    0.505651    0.645341    0.902253    0.619083    0.643836    0.660606    0.498807    0.505651    0.548077    0.619083    0.574074    0.630075    3200        465.454545  0.234257    0.102897    0.493806    5.569907   
[36mINFO[0m 08/01 14:53:58 | 0.520286    0.576923    0.000000    0.627473    0.559407    0.626905    0.972593    0.638683    0.643836    0.656818    0.520286    0.559407    0.576923    0.638683    0.611111    0.596992    3300        480.000000  0.227981    0.103335    0.514835    5.569907   
[36mINFO[0m 08/01 14:54:09 | 0.529833    0.548077    0.000000    0.673770    0.588985    0.660338    0.916431    0.621672    0.643836    0.650000    0.529833    0.588985    0.548077    0.621672    0.703704    0.670677    3400        494.545455  0.219016    0.105172    0.594688    5.569907   
[36mINFO[0m 08/01 14:54:20 | 0.522673    0.567308    0.000000    0.645992    0.568294    0.654414    1.112493    0.613905    0.643836    0.674242    0.522673    0.568294    0.567308    0.613905    0.648148    0.634586    3500        509.090909  0.221687    0.105287    0.554719    5.569907   
[36mINFO[0m 08/01 14:54:31 | 0.520286    0.634615    0.000000    0.606925    0.609881    0.610606    1.038911    0.716716    0.602740    0.621212    0.520286    0.609881    0.634615    0.716716    0.611111    0.600000    3600        523.636364  0.211852    0.103117    0.524706    5.569907   
[36mINFO[0m 08/01 14:54:42 | 0.544153    0.567308    0.000000    0.650431    0.587663    0.628731    1.014224    0.666790    0.671233    0.642424    0.544153    0.587663    0.567308    0.666790    0.629630    0.615038    3700        538.181818  0.196055    0.106102    0.496307    5.569907   
[36mINFO[0m 08/01 14:54:53 | 0.513126    0.567308    0.000000    0.634703    0.533520    0.618532    0.975546    0.587278    0.602740    0.629545    0.513126    0.533520    0.567308    0.587278    0.666667    0.607519    3800        552.727273  0.219209    0.106702    0.515897    5.569907   
[36mINFO[0m 08/01 14:55:04 | 0.587112    0.586538    0.000000    0.659691    0.607032    0.688793    0.901453    0.649408    0.671233    0.718939    0.587112    0.607032    0.586538    0.649408    0.648148    0.658647    3900        567.272727  0.217445    0.103568    0.500236    5.569907   
[36mINFO[0m 08/01 14:55:15 | 0.503580    0.548077    0.000000    0.623034    0.539787    0.635911    0.962633    0.616124    0.616438    0.652273    0.503580    0.539787    0.548077    0.616124    0.629630    0.619549    4000        581.818182  0.218784    0.103441    0.521510    5.569907   
[36mINFO[0m 08/01 14:55:26 | 0.525060    0.596154    0.000000    0.639143    0.565696    0.654329    0.909096    0.598373    0.630137    0.651515    0.525060    0.565696    0.596154    0.598373    0.648148    0.657143    4100        596.363636  0.236288    0.108595    0.514784    5.569907   
[36mINFO[0m 08/01 14:55:37 | 0.503580    0.567308    0.000000    0.627473    0.531424    0.660401    0.930366    0.634615    0.643836    0.666667    0.503580    0.531424    0.567308    0.634615    0.611111    0.654135    4200        610.909091  0.211858    0.106330    0.512317    5.569907   
[36mINFO[0m 08/01 14:55:49 | 0.536993    0.586538    0.000000    0.643582    0.576474    0.631388    0.920605    0.625740    0.657534    0.649242    0.536993    0.576474    0.586538    0.625740    0.629630    0.613534    4300        625.454545  0.211364    0.106527    0.510208    5.569907   
[36mINFO[0m 08/01 14:55:59 | 0.546539    0.557692    0.000000    0.613775    0.583835    0.665302    1.045129    0.620192    0.616438    0.670455    0.546539    0.583835    0.557692    0.620192    0.611111    0.660150    4400        640.000000  0.223991    0.102642    0.545579    5.569907   
[36mINFO[0m 08/01 14:56:11 | 0.558473    0.548077    0.000000    0.641553    0.578024    0.640354    0.919137    0.615754    0.616438    0.634091    0.558473    0.578024    0.548077    0.615754    0.666667    0.646617    4500        654.545455  0.233417    0.106538    0.558963    5.569907   
[36mINFO[0m 08/01 14:56:22 | 0.553699    0.576923    0.000000    0.664510    0.580736    0.671685    0.962149    0.619083    0.643836    0.668182    0.553699    0.580736    0.576923    0.619083    0.685185    0.675188    4600        669.090909  0.193952    0.104178    0.545527    5.569907   
[36mINFO[0m 08/01 14:56:33 | 0.522673    0.567308    0.000000    0.634703    0.537554    0.679255    0.926194    0.635725    0.602740    0.681818    0.522673    0.537554    0.567308    0.635725    0.666667    0.676692    4700        683.636364  0.212548    0.105912    0.514485    5.569907   
[36mINFO[0m 08/01 14:56:44 | 0.520286    0.538462    0.000000    0.643582    0.550702    0.657399    0.990504    0.597263    0.657534    0.668182    0.520286    0.550702    0.538462    0.597263    0.629630    0.646617    4800        698.181818  0.224618    0.107281    0.507632    5.569907   
[36mINFO[0m 08/01 14:56:55 | 0.527446    0.567308    0.000000    0.639143    0.572714    0.635825    1.158101    0.610577    0.630137    0.629545    0.527446    0.572714    0.567308    0.610577    0.648148    0.642105    4900        712.727273  0.209229    0.105506    0.500607    5.569907   
[36mINFO[0m 08/01 14:57:06 | 0.494033    0.567308    0.000000    0.652841    0.519233    0.683778    1.040553    0.614275    0.657534    0.684848    0.494033    0.519233    0.567308    0.614275    0.648148    0.682707    5000        727.272727  0.201638    0.102566    0.504081    5.569907   
[36mINFO[0m 08/01 14:57:06 | ---
[36mINFO[0m 08/01 14:57:06 | oracle = 53.222%
[36mINFO[0m 08/01 14:57:06 | iid = 52.983%
[36mINFO[0m 08/01 14:57:06 | last = 49.403%
[36mINFO[0m 08/01 14:57:06 | last (inD) = 65.284%
[36mINFO[0m 08/01 14:57:06 | iid (inD) = 67.377%
[36mINFO[0m 08/01 14:57:07 | 
[36mINFO[0m 08/01 14:57:07 | Testenv name escaping te_02 -> te_02
[36mINFO[0m 08/01 14:57:07 | Test envs = [2], name = te_02
[36mINFO[0m 08/01 14:57:07 | Batch sizes for each domain: [32, 32, 0] (total=64)
[36mINFO[0m 08/01 14:57:07 | steps-per-epoch for each domain: 9.19, 13.09 -> min = 9.19
/home/s21_yhr/miniconda3/envs/GGA/lib/python3.11/site-packages/torchvision/models/_utils.py:208: UserWarning: The parameter 'pretrained' is deprecated since 0.13 and may be removed in the future, please use 'weights' instead.
  warnings.warn(
/home/s21_yhr/miniconda3/envs/GGA/lib/python3.11/site-packages/torchvision/models/_utils.py:223: UserWarning: Arguments other than a weight enum or `None` for 'weights' are deprecated since 0.13 and may be removed in the future. The current behavior is equivalent to passing `weights=ResNet50_Weights.IMAGENET1K_V1`. You can also use `weights=ResNet50_Weights.DEFAULT` to get the most up-to-date weights.
  warnings.warn(msg)
[36mINFO[0m 08/01 14:57:10 | # of params = 23512130
[36mINFO[0m 08/01 14:57:11 | test_in     test_out    train_in    train_out   test_in_au  train_out_  tr_outloss  test_out_a  env0_out    env0_out_a  env1_out    env1_out_a  env2_in     env2_in_au  env2_out    env2_out_a  step        epoch       loss        step_time   eval_time   mem_gb     
[36mINFO[0m 08/01 14:57:11 | 0.554545    0.648148    0.000000    0.523973    0.535882    0.549506    0.856329    0.487218    0.547945    0.386364    0.500000    0.712648    0.554545    0.535882    0.648148    0.487218    0           0.000000    0.660784    0.106094    0.384753    5.321729   
[36mINFO[0m 08/01 14:57:22 | 0.577273    0.592593    0.000000    0.619402    0.625209    0.663503    0.742666    0.500752    0.575342    0.487879    0.663462    0.839127    0.577273    0.625209    0.592593    0.500752    100         10.884354   0.653678    0.105253    0.390890    5.569907   
[36mINFO[0m 08/01 14:57:32 | 0.504545    0.462963    0.000000    0.653188    0.595099    0.708404    0.614905    0.598496    0.479452    0.500758    0.826923    0.916050    0.504545    0.595099    0.462963    0.598496    200         21.768707   0.598537    0.102067    0.392635    5.569907   
[36mINFO[0m 08/01 14:57:43 | 0.600000    0.611111    0.000000    0.644165    0.638926    0.733696    0.657532    0.663158    0.547945    0.559848    0.740385    0.907544    0.600000    0.638926    0.611111    0.663158    300         32.653061   0.561202    0.103893    0.357123    5.569907   
[36mINFO[0m 08/01 14:57:54 | 0.568182    0.611111    0.000000    0.633101    0.584142    0.735209    0.830010    0.625564    0.602740    0.593939    0.663462    0.876479    0.568182    0.584142    0.611111    0.625564    400         43.537415   0.484777    0.103321    0.354842    5.569907   
[36mINFO[0m 08/01 14:58:05 | 0.577273    0.592593    0.000000    0.626251    0.583473    0.704009    0.883196    0.628571    0.589041    0.535606    0.663462    0.872411    0.577273    0.583473    0.592593    0.628571    500         54.421769   0.424281    0.104910    0.353861    5.569907   
[36mINFO[0m 08/01 14:58:15 | 0.527273    0.555556    0.000000    0.630466    0.552693    0.718122    0.772281    0.648120    0.520548    0.571970    0.740385    0.864275    0.527273    0.552693    0.555556    0.648120    600         65.306122   0.423271    0.102915    0.371526    5.569907   
[36mINFO[0m 08/01 14:58:26 | 0.581818    0.629630    0.000000    0.653649    0.584476    0.769306    0.994014    0.658647    0.643836    0.646970    0.663462    0.891642    0.581818    0.584476    0.629630    0.658647    700         76.190476   0.353606    0.105783    0.374023    5.569907   
[36mINFO[0m 08/01 14:58:37 | 0.568182    0.685185    0.000000    0.694876    0.600033    0.760120    0.819377    0.714286    0.630137    0.636364    0.759615    0.883876    0.568182    0.600033    0.685185    0.714286    800         87.074830   0.343915    0.104686    0.353592    5.569907   
[36mINFO[0m 08/01 14:58:48 | 0.550000    0.759259    0.000000    0.736697    0.602459    0.784278    0.702272    0.712782    0.684932    0.662121    0.788462    0.906435    0.550000    0.602459    0.759259    0.712782    900         97.959184   0.314502    0.102221    0.348508    5.569907   
[36mINFO[0m 08/01 14:58:58 | 0.563636    0.648148    0.000000    0.654373    0.587655    0.761026    0.916222    0.663158    0.616438    0.634848    0.692308    0.887204    0.563636    0.587655    0.648148    0.663158    1000        108.843537  0.295785    0.103047    0.380361    5.569907   
[36mINFO[0m 08/01 14:59:09 | 0.550000    0.629630    0.000000    0.732613    0.542573    0.771298    0.667457    0.690226    0.657534    0.659091    0.807692    0.883506    0.550000    0.542573    0.629630    0.690226    1100        119.727891  0.270917    0.102051    0.364310    5.569907   
[36mINFO[0m 08/01 14:59:20 | 0.509091    0.629630    0.000000    0.628293    0.569839    0.723040    0.964190    0.607519    0.602740    0.550000    0.653846    0.896080    0.509091    0.569839    0.629630    0.607519    1200        130.612245  0.300221    0.104446    0.382147    5.569907   
[36mINFO[0m 08/01 14:59:31 | 0.550000    0.666667    0.000000    0.673604    0.542656    0.767340    0.864376    0.642105    0.616438    0.637121    0.730769    0.897559    0.550000    0.542656    0.666667    0.642105    1300        141.496599  0.284590    0.104136    0.350543    5.569907   
[36mINFO[0m 08/01 14:59:42 | 0.554545    0.722222    0.000000    0.671562    0.579960    0.718519    1.027550    0.720301    0.602740    0.574242    0.740385    0.862796    0.554545    0.579960    0.722222    0.720301    1400        152.380952  0.262397    0.105610    0.403188    5.569907   
[36mINFO[0m 08/01 14:59:52 | 0.554545    0.611111    0.000000    0.666162    0.570090    0.730420    0.782161    0.703759    0.534247    0.595455    0.798077    0.865385    0.554545    0.570090    0.611111    0.703759    1500        163.265306  0.239837    0.103516    0.363625    5.569907   
[36mINFO[0m 08/01 15:00:03 | 0.545455    0.703704    0.000000    0.698235    0.602459    0.782224    0.854834    0.711278    0.684932    0.691667    0.711538    0.872781    0.545455    0.602459    0.703704    0.711278    1600        174.149660  0.257067    0.103364    0.377711    5.569907   
[36mINFO[0m 08/01 15:00:14 | 0.545455    0.537037    0.000000    0.693559    0.593677    0.769383    0.737408    0.634586    0.589041    0.637879    0.798077    0.900888    0.545455    0.593677    0.537037    0.634586    1700        185.034014  0.263267    0.104165    0.371713    5.569907   
[36mINFO[0m 08/01 15:00:25 | 0.572727    0.592593    0.000000    0.626251    0.581549    0.791308    1.100985    0.667669    0.589041    0.678030    0.663462    0.904586    0.572727    0.581549    0.592593    0.667669    1800        195.918367  0.262871    0.104819    0.384439    5.569907   
[36mINFO[0m 08/01 15:00:36 | 0.572727    0.555556    0.000000    0.720232    0.572934    0.750551    0.761815    0.627068    0.671233    0.609091    0.769231    0.892012    0.572727    0.572934    0.555556    0.627068    1900        206.802721  0.233474    0.104483    0.409581    5.569907   
[36mINFO[0m 08/01 15:00:46 | 0.550000    0.611111    0.000000    0.699684    0.572600    0.741738    0.793562    0.643609    0.630137    0.614394    0.769231    0.869083    0.550000    0.572600    0.611111    0.643609    2000        217.687075  0.227980    0.103435    0.356523    5.569907   
[36mINFO[0m 08/01 15:00:57 | 0.545455    0.648148    0.000000    0.675053    0.547173    0.746937    0.844134    0.669173    0.561644    0.631818    0.788462    0.862056    0.545455    0.547173    0.648148    0.669173    2100        228.571429  0.260680    0.103404    0.378555    5.569907   
[36mINFO[0m 08/01 15:01:08 | 0.545455    0.685185    0.000000    0.666754    0.587153    0.719560    0.844383    0.613534    0.602740    0.584091    0.730769    0.855030    0.545455    0.587153    0.685185    0.613534    2200        239.455782  0.236270    0.106988    0.364349    5.569907   
[36mINFO[0m 08/01 15:01:19 | 0.563636    0.648148    0.000000    0.650290    0.570509    0.725653    1.147368    0.660150    0.589041    0.583333    0.711538    0.867973    0.563636    0.570509    0.648148    0.660150    2300        250.340136  0.236453    0.104517    0.362216    5.569907   
[36mINFO[0m 08/01 15:01:30 | 0.563636    0.592593    0.000000    0.702450    0.583807    0.750793    0.839509    0.645113    0.616438    0.629545    0.788462    0.872041    0.563636    0.583807    0.592593    0.645113    2400        261.224490  0.234121    0.105681    0.393276    5.569907   
[36mINFO[0m 08/01 15:01:41 | 0.550000    0.500000    0.000000    0.719639    0.601790    0.752400    0.693781    0.657143    0.602740    0.609091    0.836538    0.895710    0.550000    0.601790    0.500000    0.657143    2500        272.108844  0.210950    0.104499    0.371108    5.569907   
[36mINFO[0m 08/01 15:01:52 | 0.559091    0.629630    0.000000    0.635867    0.575109    0.743683    0.887011    0.637594    0.589041    0.606818    0.682692    0.880547    0.559091    0.575109    0.629630    0.637594    2600        282.993197  0.206288    0.104336    0.498946    5.569907   
[36mINFO[0m 08/01 15:02:03 | 0.554545    0.666667    0.000000    0.697642    0.573018    0.780427    0.790127    0.679699    0.616438    0.649242    0.778846    0.911612    0.554545    0.573018    0.666667    0.679699    2700        293.877551  0.219273    0.113920    0.382360    5.569907   
[36mINFO[0m 08/01 15:02:15 | 0.577273    0.629630    0.000000    0.624934    0.578287    0.707094    0.773028    0.658647    0.547945    0.593182    0.701923    0.821006    0.577273    0.578287    0.629630    0.658647    2800        304.761905  0.240513    0.113973    0.357541    5.569907   
[36mINFO[0m 08/01 15:02:27 | 0.540909    0.611111    0.000000    0.721681    0.543326    0.743772    0.724875    0.691729    0.616438    0.614394    0.826923    0.873151    0.540909    0.543326    0.611111    0.691729    2900        315.646259  0.247086    0.111086    0.379932    5.569907   
[36mINFO[0m 08/01 15:02:38 | 0.554545    0.592593    0.000000    0.691517    0.580629    0.744929    0.843218    0.654135    0.575342    0.587121    0.807692    0.902737    0.554545    0.580629    0.592593    0.654135    3000        326.530612  0.233164    0.107005    0.371326    5.569907   
[36mINFO[0m 08/01 15:02:49 | 0.550000    0.592593    0.000000    0.712790    0.570843    0.795498    0.698430    0.646617    0.589041    0.672727    0.836538    0.918269    0.550000    0.570843    0.592593    0.646617    3100        337.414966  0.220716    0.106364    0.355336    5.569907   
[36mINFO[0m 08/01 15:03:00 | 0.590909    0.629630    0.000000    0.636591    0.609819    0.711036    0.966663    0.627068    0.561644    0.582576    0.711538    0.839497    0.590909    0.609819    0.629630    0.627068    3200        348.299320  0.216062    0.107823    0.358906    5.569907   
[36mINFO[0m 08/01 15:03:11 | 0.572727    0.722222    0.000000    0.691386    0.580211    0.779826    0.838864    0.667669    0.671233    0.676515    0.711538    0.883136    0.572727    0.580211    0.722222    0.667669    3300        359.183673  0.211466    0.108179    0.387792    5.569907   
[36mINFO[0m 08/01 15:03:22 | 0.559091    0.648148    0.000000    0.656415    0.569338    0.734798    0.873285    0.651128    0.630137    0.606061    0.682692    0.863536    0.559091    0.569338    0.648148    0.651128    3400        370.068027  0.240071    0.103848    0.371878    5.569907   
[36mINFO[0m 08/01 15:03:33 | 0.531818    0.611111    0.000000    0.685261    0.556373    0.754614    0.838539    0.672180    0.630137    0.624242    0.740385    0.884985    0.531818    0.556373    0.611111    0.672180    3500        380.952381  0.188703    0.104839    0.401086    5.569907   
[36mINFO[0m 08/01 15:03:44 | 0.559091    0.648148    0.000000    0.643440    0.565825    0.732847    0.974901    0.615038    0.575342    0.581818    0.711538    0.883876    0.559091    0.565825    0.648148    0.615038    3600        391.836735  0.229932    0.107398    0.439541    5.569907   
[36mINFO[0m 08/01 15:03:55 | 0.563636    0.648148    0.000000    0.687302    0.589495    0.759234    0.867380    0.655639    0.643836    0.655303    0.730769    0.863166    0.563636    0.589495    0.648148    0.655639    3700        402.721088  0.243583    0.108909    0.445674    5.569907   
[36mINFO[0m 08/01 15:04:06 | 0.563636    0.648148    0.000000    0.699684    0.565406    0.770195    0.698352    0.630075    0.630137    0.643939    0.769231    0.896450    0.563636    0.565406    0.648148    0.630075    3800        413.605442  0.237806    0.106740    0.349211    5.569907   
[36mINFO[0m 08/01 15:04:17 | 0.586364    0.685185    0.000000    0.655097    0.596437    0.761778    0.901759    0.621053    0.589041    0.651515    0.721154    0.872041    0.586364    0.596437    0.685185    0.621053    3900        424.489796  0.221300    0.106918    0.352962    5.569907   
[36mINFO[0m 08/01 15:04:28 | 0.604545    0.703704    0.000000    0.716149    0.610990    0.779244    0.785126    0.729323    0.643836    0.674242    0.788462    0.884246    0.604545    0.610990    0.703704    0.729323    4000        435.374150  0.222595    0.103265    0.375168    5.569907   
[36mINFO[0m 08/01 15:04:39 | 0.577273    0.666667    0.000000    0.671562    0.592339    0.739686    0.800997    0.642105    0.602740    0.612879    0.740385    0.866494    0.577273    0.592339    0.666667    0.642105    4100        446.258503  0.208185    0.106269    0.428194    5.569907   
[36mINFO[0m 08/01 15:04:50 | 0.559091    0.629630    0.000000    0.706533    0.571679    0.744930    0.869378    0.690226    0.643836    0.634091    0.769231    0.855769    0.559091    0.571679    0.629630    0.690226    4200        457.142857  0.200245    0.102098    0.393936    5.569907   
[36mINFO[0m 08/01 15:05:01 | 0.536364    0.574074    0.000000    0.660630    0.553613    0.747405    0.896616    0.610526    0.561644    0.593182    0.759615    0.901627    0.536364    0.553613    0.574074    0.610526    4300        468.027211  0.248357    0.102942    0.358140    5.569907   
[36mINFO[0m 08/01 15:05:12 | 0.572727    0.648148    0.000000    0.708575    0.586066    0.772691    0.881829    0.685714    0.657534    0.667424    0.759615    0.877959    0.572727    0.586066    0.648148    0.685714    4400        478.911565  0.214819    0.106639    0.351249    5.569907   
[36mINFO[0m 08/01 15:05:23 | 0.568182    0.666667    0.000000    0.702450    0.603546    0.761096    0.769291    0.706767    0.616438    0.671970    0.788462    0.850222    0.568182    0.603546    0.666667    0.706767    4500        489.795918  0.238317    0.106314    0.365223    5.569907   
[36mINFO[0m 08/01 15:05:34 | 0.545455    0.574074    0.000000    0.640082    0.588491    0.741536    0.756255    0.729323    0.520548    0.612879    0.759615    0.870192    0.545455    0.588491    0.574074    0.729323    4600        500.680272  0.225203    0.106570    0.414910    5.569907   
[36mINFO[0m 08/01 15:05:44 | 0.559091    0.685185    0.000000    0.654373    0.563817    0.766661    1.073175    0.697744    0.616438    0.673485    0.692308    0.859837    0.559091    0.563817    0.685185    0.697744    4700        511.564626  0.213315    0.101966    0.411829    5.569907   
[36mINFO[0m 08/01 15:05:55 | 0.550000    0.611111    0.000000    0.718915    0.556792    0.769554    0.720765    0.640602    0.630137    0.652273    0.807692    0.886834    0.550000    0.556792    0.611111    0.640602    4800        522.448980  0.211853    0.102603    0.356084    5.569907   
[36mINFO[0m 08/01 15:06:06 | 0.577273    0.592593    0.000000    0.701726    0.595601    0.744193    0.859100    0.621053    0.643836    0.603030    0.759615    0.885355    0.577273    0.595601    0.592593    0.621053    4900        533.333333  0.228693    0.103664    0.375573    5.569907   
[36mINFO[0m 08/01 15:06:16 | 0.622727    0.666667    0.000000    0.719507    0.634410    0.769584    0.821087    0.694737    0.698630    0.670455    0.740385    0.868713    0.622727    0.634410    0.666667    0.694737    5000        544.217687  0.228367    0.102944    0.343529    5.569907   
[36mINFO[0m 08/01 15:06:16 | ---
[36mINFO[0m 08/01 15:06:16 | oracle = 55.000%
[36mINFO[0m 08/01 15:06:16 | iid = 55.000%
[36mINFO[0m 08/01 15:06:16 | last = 62.273%
[36mINFO[0m 08/01 15:06:16 | last (inD) = 71.951%
[36mINFO[0m 08/01 15:06:16 | iid (inD) = 73.670%
[36mINFO[0m 08/01 15:06:17 | === Summary ===
[36mINFO[0m 08/01 15:06:17 | Command: /home/s21_yhr/lzh/DomainBed-new/train_all.py HTP_Mixup_seed1 --dataset HTP --data_dir /home/s21_yhr/lzh/DomainBed-new/dataset --algorithm Mixup --steps 5000 --checkpoint_freq 100 --batch_size 32 --optimizer adam --lr 5e-5 --weight_decay 0 --resnet_dropout 0 --resnet18 False --pretrained True --freeze_bn True --swad False --seed 1 --trial_seed 1 --deterministic --prebuild_loader --cache_size 640 --mixup_alpha 0.2
[36mINFO[0m 08/01 15:06:17 | Unique name: 260801_14-38-33_HTP_Mixup_seed1
[36mINFO[0m 08/01 15:06:17 | Out path: train_output/HTP/260801_14-38-33_HTP_Mixup_seed1
[36mINFO[0m 08/01 15:06:17 | Algorithm: Mixup
[36mINFO[0m 08/01 15:06:17 | Dataset: HTP
+------------+---------+---------+---------+---------+
| Selection  |    00   |    01   |    02   |   Avg.  |
+------------+---------+---------+---------+---------+
|   oracle   | 52.721% | 53.222% | 55.000% | 53.648% |
|    iid     | 52.721% | 52.983% | 55.000% | 53.568% |
|    last    | 51.361% | 49.403% | 62.273% | 54.346% |
| last (inD) | 66.204% | 65.284% | 71.951% | 67.813% |
| iid (inD)  | 74.715% | 67.377% | 73.670% | 71.921% |
+------------+---------+---------+---------+---------+
================================================================================
Starting Mixup, seed=2, physical GPU=3
/home/s21_yhr/miniconda3/envs/GGA/bin/python /home/s21_yhr/lzh/DomainBed-new/train_all.py HTP_Mixup_seed2 --dataset HTP --data_dir /home/s21_yhr/lzh/DomainBed-new/dataset --algorithm Mixup --steps 5000 --checkpoint_freq 100 --batch_size 32 --optimizer adam --lr 5e-5 --weight_decay 0 --resnet_dropout 0 --resnet18 False --pretrained True --freeze_bn True --swad False --seed 2 --trial_seed 2 --deterministic --prebuild_loader --cache_size 640 --mixup_alpha 0.2
================================================================================
[36mINFO[0m 08/01 15:06:23 | Command :: /home/s21_yhr/lzh/DomainBed-new/train_all.py HTP_Mixup_seed2 --dataset HTP --data_dir /home/s21_yhr/lzh/DomainBed-new/dataset --algorithm Mixup --steps 5000 --checkpoint_freq 100 --batch_size 32 --optimizer adam --lr 5e-5 --weight_decay 0 --resnet_dropout 0 --resnet18 False --pretrained True --freeze_bn True --swad False --seed 2 --trial_seed 2 --deterministic --prebuild_loader --cache_size 640 --mixup_alpha 0.2
Environment:
	Python: 3.11.15
	PyTorch: 2.11.0+cu128
	Torchvision: 0.26.0+cu128
	CUDA: 12.8
	CUDNN: 91900
	NumPy: 1.26.4
	PIL: 12.2.0
Args:
	algorithm: Mixup
	batch_size: 32
	cache_root: cache
	cache_size: 640
	checkpoint_freq: 100
	configs: []
	data_dir: /home/s21_yhr/lzh/DomainBed-new/dataset
	dataset: HTP
	debug: False
	deterministic: True
	end_step: 200
	evalmode: fast
	extra_search: n
	extra_search_end: None
	extra_search_start: None
	gga_l_gamma: 0.001
	grad_fn: sum
	holdout_fraction: 0.2
	model_save: None
	name: HTP_Mixup_seed2
	neighborhoodSize: 1e-06
	out_dir: train_output/HTP/260801_15-06-23_HTP_Mixup_seed2
	out_root: train_output/HTP
	prebuild_loader: True
	seed: 2
	show: False
	start_step: 100
	steps: 5000
	tb_freq: 10
	test_envs: None
	train_output: train_output
	trial_seed: 2
	unique_name: 260801_15-06-23_HTP_Mixup_seed2
	work_dir: .
HParams:
	data_augmentation: True
	val_augment: False
	[36mresnet18: False
	[0m[36mresnet_dropout: 0
	[0mclass_balanced: False
	[36moptimizer: adam
	[0m[36mfreeze_bn: True
	[0m[36mpretrained: True
	[0m[36mlr: 5e-05
	[0mbatch_size: 32
	[36mweight_decay: 0
	[0m[36mmixup_alpha: 0.2
	[0m[36mswad: False
	[0mswad_kwargs: 
	  n_converge: 3
	  n_tolerance: 6
	  tolerance_ratio: 0.3
	test_batchsize: 128
	indomain_test: False
	grad_fn: sum
	extra_search: n
	logdir: train_output/HTP/260801_15-06-23_HTP_Mixup_seed2
	neighborhoodSize: 1e-06
	start_step: 100
	end_step: 200
	extra_search_start: None
	extra_search_end: None
	gga_l_gamma: 0.001
Dataset:
	[HTP] #envs=3, #classes=2
	env0: 00 (#367)
	env1: 01 (#523)
	env2: 02 (#274)

[36mINFO[0m 08/01 15:06:23 | n_steps = 5000
[36mINFO[0m 08/01 15:06:23 | checkpoint_freq = 100
[36mINFO[0m 08/01 15:06:23 | n_steps is updated to 5000 => 5001 for checkpointing
[36mINFO[0m 08/01 15:06:23 | Target test envs = [[0], [1], [2]]
[36mINFO[0m 08/01 15:06:23 | 
[36mINFO[0m 08/01 15:06:23 | Testenv name escaping te_00 -> te_00
[36mINFO[0m 08/01 15:06:23 | Test envs = [0], name = te_00
[36mINFO[0m 08/01 15:06:23 | Batch sizes for each domain: [0, 32, 32] (total=64)
[36mINFO[0m 08/01 15:06:23 | steps-per-epoch for each domain: 13.09, 6.88 -> min = 6.88
/home/s21_yhr/miniconda3/envs/GGA/lib/python3.11/site-packages/torchvision/models/_utils.py:208: UserWarning: The parameter 'pretrained' is deprecated since 0.13 and may be removed in the future, please use 'weights' instead.
  warnings.warn(
/home/s21_yhr/miniconda3/envs/GGA/lib/python3.11/site-packages/torchvision/models/_utils.py:223: UserWarning: Arguments other than a weight enum or `None` for 'weights' are deprecated since 0.13 and may be removed in the future. The current behavior is equivalent to passing `weights=ResNet50_Weights.IMAGENET1K_V1`. You can also use `weights=ResNet50_Weights.DEFAULT` to get the most up-to-date weights.
  warnings.warn(msg)
[36mINFO[0m 08/01 15:06:27 | # of params = 23512130
[36mINFO[0m 08/01 15:06:28 | test_in     test_out    train_in    train_out   test_in_au  test_out_a  train_out_  tr_outloss  env0_in     env0_in_au  env0_out    env0_out_a  env1_out    env1_out_a  env2_out    env2_out_a  step        epoch       loss        step_time   eval_time   mem_gb     
[36mINFO[0m 08/01 15:06:28 | 0.571429    0.616438    0.000000    0.561788    0.442076    0.547806    0.750302    0.666667    0.571429    0.442076    0.616438    0.547806    0.586538    0.831638    0.537037    0.668966    0           0.000000    0.674013    0.833319    0.664553    5.321118   
[36mINFO[0m 08/01 15:06:40 | 0.527211    0.561644    0.000000    0.686432    0.535763    0.584639    0.770563    0.624266    0.527211    0.535763    0.561644    0.584639    0.817308    0.948023    0.555556    0.593103    100         14.545455   0.617106    0.110342    0.410811    5.567954   
[36mINFO[0m 08/01 15:06:51 | 0.564626    0.547945    0.000000    0.672721    0.563440    0.610502    0.733497    0.709711    0.564626    0.563440    0.547945    0.610502    0.826923    0.927684    0.518519    0.539310    200         29.090909   0.489503    0.107299    0.470500    5.567954   
[36mINFO[0m 08/01 15:07:02 | 0.547619    0.616438    0.000000    0.659010    0.524730    0.598746    0.725972    0.744945    0.547619    0.524730    0.616438    0.598746    0.836538    0.925047    0.481481    0.526897    300         43.636364   0.379719    0.106880    0.414401    5.567954   
[36mINFO[0m 08/01 15:07:13 | 0.523810    0.630137    0.000000    0.659010    0.559762    0.643417    0.720460    0.928336    0.523810    0.559762    0.630137    0.643417    0.836538    0.933333    0.481481    0.507586    400         58.181818   0.341126    0.106095    0.419523    5.567954   
[36mINFO[0m 08/01 15:07:24 | 0.537415    0.616438    0.000000    0.654558    0.556933    0.630094    0.722972    1.023726    0.537415    0.556933    0.616438    0.630094    0.846154    0.939736    0.462963    0.506207    500         72.727273   0.323893    0.106114    0.436877    5.567954   
[36mINFO[0m 08/01 15:07:35 | 0.530612    0.575342    0.000000    0.696047    0.542977    0.594828    0.717505    0.946859    0.530612    0.542977    0.575342    0.594828    0.836538    0.920527    0.555556    0.514483    600         87.272727   0.305098    0.107482    0.406803    5.567954   
[36mINFO[0m 08/01 15:07:46 | 0.578231    0.589041    0.000000    0.667913    0.567353    0.597179    0.722468    1.151284    0.578231    0.567353    0.589041    0.597179    0.817308    0.935970    0.518519    0.508966    700         101.818182  0.297116    0.103372    0.408862    5.567954   
[36mINFO[0m 08/01 15:07:57 | 0.527211    0.561644    0.000000    0.710114    0.525720    0.574451    0.730741    1.015846    0.527211    0.525720    0.561644    0.574451    0.846154    0.931827    0.574074    0.529655    800         116.363636  0.274407    0.103794    0.402632    5.567954   
[36mINFO[0m 08/01 15:08:08 | 0.554422    0.561644    0.000000    0.686432    0.510208    0.602665    0.711924    0.882027    0.554422    0.510208    0.561644    0.602665    0.817308    0.919021    0.555556    0.504828    900         130.909091  0.303539    0.106890    0.407056    5.567954   
[36mINFO[0m 08/01 15:08:19 | 0.537415    0.616438    0.000000    0.654202    0.561224    0.666144    0.713563    0.978808    0.537415    0.561224    0.616438    0.666144    0.826923    0.933333    0.481481    0.493793    1000        145.454545  0.283379    0.105870    0.475515    5.567954   
[36mINFO[0m 08/01 15:08:30 | 0.551020    0.561644    0.000000    0.686788    0.555330    0.623041    0.719640    1.113015    0.551020    0.555330    0.561644    0.623041    0.836538    0.926177    0.537037    0.513103    1100        160.000000  0.267334    0.103062    0.481735    5.567954   
[36mINFO[0m 08/01 15:08:41 | 0.557823    0.630137    0.000000    0.649395    0.587204    0.637147    0.707351    1.088188    0.557823    0.587204    0.630137    0.637147    0.817308    0.925047    0.481481    0.489655    1200        174.545455  0.265306    0.107355    0.419896    5.567954   
[36mINFO[0m 08/01 15:08:52 | 0.564626    0.643836    0.000000    0.672721    0.571738    0.647335    0.701521    1.003322    0.564626    0.571738    0.643836    0.647335    0.826923    0.925800    0.518519    0.477241    1300        189.090909  0.261062    0.104550    0.406731    5.567954   
[36mINFO[0m 08/01 15:09:03 | 0.534014    0.643836    0.000000    0.653846    0.554859    0.665361    0.686778    1.137970    0.534014    0.554859    0.643836    0.665361    0.807692    0.911488    0.500000    0.462069    1400        203.636364  0.245235    0.105506    0.415391    5.567954   
[36mINFO[0m 08/01 15:09:14 | 0.520408    0.643836    0.000000    0.657942    0.548776    0.673197    0.690914    1.194315    0.520408    0.548776    0.643836    0.673197    0.778846    0.907345    0.537037    0.474483    1500        218.181818  0.250333    0.105024    0.416682    5.567954   
[36mINFO[0m 08/01 15:09:24 | 0.537415    0.547945    0.000000    0.682336    0.541610    0.622257    0.730937    0.897713    0.537415    0.541610    0.547945    0.622257    0.846154    0.944633    0.518519    0.517241    1600        232.727273  0.243634    0.101469    0.410237    5.567954   
[36mINFO[0m 08/01 15:09:35 | 0.557823    0.589041    0.000000    0.695691    0.560281    0.628527    0.693983    0.904992    0.557823    0.560281    0.589041    0.628527    0.817308    0.902448    0.574074    0.485517    1700        247.272727  0.245685    0.102721    0.411478    5.567954   
[36mINFO[0m 08/01 15:09:46 | 0.557823    0.602740    0.000000    0.663818    0.545947    0.629310    0.703781    0.853929    0.557823    0.545947    0.602740    0.629310    0.846154    0.930320    0.481481    0.477241    1800        261.818182  0.237636    0.104219    0.438488    5.567954   
[36mINFO[0m 08/01 15:09:57 | 0.554422    0.643836    0.000000    0.677528    0.563629    0.619906    0.714049    0.995941    0.554422    0.563629    0.643836    0.619906    0.836538    0.908098    0.518519    0.520000    1900        276.363636  0.240420    0.105691    0.463198    5.567954   
[36mINFO[0m 08/01 15:10:08 | 0.540816    0.657534    0.000000    0.687500    0.570937    0.655956    0.701277    0.941559    0.540816    0.570937    0.657534    0.655956    0.875000    0.936347    0.500000    0.466207    2000        290.909091  0.251182    0.105990    0.408394    5.567954   
[36mINFO[0m 08/01 15:10:19 | 0.547619    0.575342    0.000000    0.673433    0.566646    0.623041    0.709110    1.229924    0.547619    0.566646    0.575342    0.623041    0.865385    0.929944    0.481481    0.488276    2100        305.454545  0.235281    0.105174    0.445727    5.567954   
[36mINFO[0m 08/01 15:10:30 | 0.588435    0.520548    0.000000    0.653846    0.524353    0.561129    0.710479    1.051432    0.588435    0.524353    0.520548    0.561129    0.807692    0.913371    0.500000    0.507586    2200        320.000000  0.224351    0.106638    0.413920    5.567954   
[36mINFO[0m 08/01 15:10:41 | 0.530612    0.575342    0.000000    0.649038    0.546655    0.644984    0.688784    1.021542    0.530612    0.546655    0.575342    0.644984    0.798077    0.909981    0.500000    0.467586    2300        334.545455  0.262531    0.107825    0.403448    5.567954   
[36mINFO[0m 08/01 15:10:52 | 0.547619    0.589041    0.000000    0.681980    0.532227    0.599530    0.694479    0.924619    0.547619    0.532227    0.589041    0.599530    0.826923    0.893785    0.537037    0.495172    2400        349.090909  0.240127    0.108053    0.414163    5.567954   
[36mINFO[0m 08/01 15:11:04 | 0.544218    0.671233    0.000000    0.691595    0.528361    0.668495    0.718197    0.930331    0.544218    0.528361    0.671233    0.668495    0.846154    0.924670    0.537037    0.511724    2500        363.636364  0.236267    0.107664    0.416027    5.567954   
[36mINFO[0m 08/01 15:11:14 | 0.530612    0.561644    0.000000    0.691595    0.532746    0.645768    0.717826    1.054957    0.530612    0.532746    0.561644    0.645768    0.846154    0.932203    0.537037    0.503448    2600        378.181818  0.247058    0.104222    0.430609    5.567954   
[36mINFO[0m 08/01 15:11:25 | 0.534014    0.602740    0.000000    0.672721    0.535433    0.634013    0.687274    1.080309    0.534014    0.535433    0.602740    0.634013    0.826923    0.902825    0.518519    0.471724    2700        392.727273  0.253189    0.104883    0.425673    5.567954   
[36mINFO[0m 08/01 15:11:36 | 0.523810    0.616438    0.000000    0.691595    0.534160    0.619122    0.705035    0.824792    0.523810    0.534160    0.616438    0.619122    0.846154    0.931450    0.537037    0.478621    2800        407.272727  0.239612    0.105312    0.437927    5.567954   
[36mINFO[0m 08/01 15:11:48 | 0.547619    0.602740    0.000000    0.630164    0.539818    0.606583    0.673590    1.212062    0.547619    0.539818    0.602740    0.606583    0.778846    0.876836    0.481481    0.470345    2900        421.818182  0.191700    0.108903    0.409624    5.567954   
[36mINFO[0m 08/01 15:11:59 | 0.561224    0.616438    0.000000    0.639779    0.533547    0.623824    0.684847    1.035876    0.561224    0.533547    0.616438    0.623824    0.798077    0.931073    0.481481    0.438621    3000        436.363636  0.232121    0.105810    0.412816    5.567954   
[36mINFO[0m 08/01 15:12:10 | 0.540816    0.630137    0.000000    0.654202    0.538404    0.640282    0.680577    0.943667    0.540816    0.538404    0.630137    0.640282    0.826923    0.919774    0.481481    0.441379    3100        450.909091  0.227632    0.104917    0.450391    5.567954   
[36mINFO[0m 08/01 15:12:21 | 0.554422    0.575342    0.000000    0.668981    0.543213    0.604232    0.704091    1.015269    0.554422    0.543213    0.575342    0.604232    0.875000    0.925424    0.462963    0.482759    3200        465.454545  0.249124    0.108478    0.423791    5.567954   
[36mINFO[0m 08/01 15:12:32 | 0.534014    0.616438    0.000000    0.658298    0.513791    0.609718    0.697818    0.921042    0.534014    0.513791    0.616438    0.609718    0.798077    0.919774    0.518519    0.475862    3300        480.000000  0.240127    0.105484    0.421987    5.567954   
[36mINFO[0m 08/01 15:12:43 | 0.540816    0.602740    0.000000    0.668269    0.535905    0.634013    0.697062    1.141983    0.540816    0.535905    0.602740    0.634013    0.836538    0.914124    0.500000    0.480000    3400        494.545455  0.205209    0.104506    0.416783    5.567954   
[36mINFO[0m 08/01 15:12:54 | 0.540816    0.589041    0.000000    0.653490    0.532463    0.557994    0.708356    0.964740    0.540816    0.532463    0.589041    0.557994    0.788462    0.928437    0.518519    0.488276    3500        509.090909  0.217676    0.104755    0.427332    5.567954   
[36mINFO[0m 08/01 15:13:05 | 0.578231    0.602740    0.000000    0.653490    0.551700    0.624608    0.695988    1.028534    0.578231    0.551700    0.602740    0.624608    0.788462    0.900942    0.518519    0.491034    3600        523.636364  0.212161    0.104355    0.420812    5.567954   
[36mINFO[0m 08/01 15:13:15 | 0.540816    0.657534    0.000000    0.673433    0.573294    0.652821    0.683720    1.002527    0.540816    0.573294    0.657534    0.652821    0.865385    0.932957    0.481481    0.434483    3700        538.181818  0.235560    0.104246    0.410533    5.567954   
[36mINFO[0m 08/01 15:13:26 | 0.554422    0.630137    0.000000    0.658298    0.530860    0.619122    0.715945    0.925053    0.554422    0.530860    0.630137    0.619122    0.798077    0.932580    0.518519    0.499310    3800        552.727273  0.240693    0.103824    0.411705    5.567954   
[36mINFO[0m 08/01 15:13:37 | 0.551020    0.602740    0.000000    0.644587    0.553916    0.664577    0.685264    1.206436    0.551020    0.553916    0.602740    0.664577    0.807692    0.896045    0.481481    0.474483    3900        567.272727  0.220441    0.106373    0.428278    5.567954   
[36mINFO[0m 08/01 15:13:48 | 0.547619    0.602740    0.000000    0.643519    0.549437    0.601097    0.719073    1.021227    0.547619    0.549437    0.602740    0.601097    0.750000    0.920904    0.537037    0.517241    4000        581.818182  0.211815    0.103599    0.410166    5.567954   
[36mINFO[0m 08/01 15:13:59 | 0.578231    0.643836    0.000000    0.658298    0.569004    0.612853    0.728738    1.028357    0.578231    0.569004    0.643836    0.612853    0.798077    0.937476    0.518519    0.520000    4100        596.363636  0.234427    0.104673    0.420453    5.567954   
[36mINFO[0m 08/01 15:14:10 | 0.551020    0.616438    0.000000    0.649038    0.560658    0.678683    0.680129    1.345328    0.551020    0.560658    0.616438    0.678683    0.798077    0.905085    0.500000    0.455172    4200        610.909091  0.223405    0.104800    0.413437    5.567954   
[36mINFO[0m 08/01 15:14:21 | 0.534014    0.589041    0.000000    0.673433    0.553491    0.573668    0.702712    0.913093    0.534014    0.553491    0.589041    0.573668    0.865385    0.925424    0.481481    0.480000    4300        625.454545  0.218847    0.104408    0.418473    5.567954   
[36mINFO[0m 08/01 15:14:31 | 0.510204    0.602740    0.000000    0.696759    0.559479    0.627743    0.715449    1.053313    0.510204    0.559479    0.602740    0.627743    0.875000    0.941243    0.518519    0.489655    4400        640.000000  0.205684    0.103586    0.396770    5.567954   
[36mINFO[0m 08/01 15:14:43 | 0.530612    0.575342    0.000000    0.677528    0.523834    0.601881    0.716330    1.357989    0.530612    0.523834    0.575342    0.601881    0.836538    0.945763    0.518519    0.486897    4500        654.545455  0.258971    0.107566    0.408533    5.567954   
[36mINFO[0m 08/01 15:14:54 | 0.537415    0.602740    0.000000    0.677528    0.533924    0.603448    0.707916    0.845772    0.537415    0.533924    0.602740    0.603448    0.836538    0.926177    0.518519    0.489655    4600        669.090909  0.244098    0.104221    0.451941    5.567954   
[36mINFO[0m 08/01 15:15:04 | 0.530612    0.602740    0.000000    0.649751    0.542223    0.622257    0.677187    1.069423    0.530612    0.542223    0.602740    0.622257    0.836538    0.912994    0.462963    0.441379    4700        683.636364  0.231203    0.103766    0.425619    5.567954   
[36mINFO[0m 08/01 15:15:15 | 0.571429    0.575342    0.000000    0.668625    0.570088    0.583072    0.682203    1.014019    0.571429    0.570088    0.575342    0.583072    0.855769    0.913371    0.481481    0.451034    4800        698.181818  0.199222    0.104234    0.436536    5.567954   
[36mINFO[0m 08/01 15:15:26 | 0.557823    0.534247    0.000000    0.668269    0.555377    0.601097    0.693868    1.192611    0.557823    0.555377    0.534247    0.601097    0.836538    0.920151    0.500000    0.467586    4900        712.727273  0.211699    0.103272    0.466048    5.567954   
[36mINFO[0m 08/01 15:15:37 | 0.551020    0.534247    0.000000    0.625712    0.534726    0.565831    0.700314    0.989403    0.551020    0.534726    0.534247    0.565831    0.788462    0.901318    0.462963    0.499310    5000        727.272727  0.231572    0.106211    0.424461    5.567954   
[36mINFO[0m 08/01 15:15:37 | ---
[36mINFO[0m 08/01 15:15:37 | oracle = 54.422%
[36mINFO[0m 08/01 15:15:37 | iid = 52.721%
[36mINFO[0m 08/01 15:15:37 | last = 55.102%
[36mINFO[0m 08/01 15:15:37 | last (inD) = 62.571%
[36mINFO[0m 08/01 15:15:37 | iid (inD) = 71.011%
[36mINFO[0m 08/01 15:15:38 | 
[36mINFO[0m 08/01 15:15:38 | Testenv name escaping te_01 -> te_01
[36mINFO[0m 08/01 15:15:38 | Test envs = [1], name = te_01
[36mINFO[0m 08/01 15:15:38 | Batch sizes for each domain: [32, 0, 32] (total=64)
[36mINFO[0m 08/01 15:15:38 | steps-per-epoch for each domain: 9.19, 6.88 -> min = 6.88
/home/s21_yhr/miniconda3/envs/GGA/lib/python3.11/site-packages/torchvision/models/_utils.py:208: UserWarning: The parameter 'pretrained' is deprecated since 0.13 and may be removed in the future, please use 'weights' instead.
  warnings.warn(
/home/s21_yhr/miniconda3/envs/GGA/lib/python3.11/site-packages/torchvision/models/_utils.py:223: UserWarning: Arguments other than a weight enum or `None` for 'weights' are deprecated since 0.13 and may be removed in the future. The current behavior is equivalent to passing `weights=ResNet50_Weights.IMAGENET1K_V1`. You can also use `weights=ResNet50_Weights.DEFAULT` to get the most up-to-date weights.
  warnings.warn(msg)
[36mINFO[0m 08/01 15:15:41 | # of params = 23512130
[36mINFO[0m 08/01 15:15:42 | test_in     test_out    train_in    train_out   test_in_au  train_out_  tr_outloss  test_out_a  env0_out    env0_out_a  env1_in     env1_in_au  env1_out    env1_out_a  env2_out    env2_out_a  step        epoch       loss        step_time   eval_time   mem_gb     
[36mINFO[0m 08/01 15:15:42 | 0.489260    0.567308    0.000000    0.569888    0.467746    0.503480    0.868939    0.428625    0.602740    0.575235    0.489260    0.467746    0.567308    0.428625    0.537037    0.431724    0           0.000000    0.649598    0.110016    0.594321    5.321729   
[36mINFO[0m 08/01 15:15:53 | 0.489260    0.586538    0.000000    0.572298    0.660656    0.588260    0.676222    0.803390    0.589041    0.557210    0.489260    0.660656    0.586538    0.803390    0.555556    0.619310    100         14.545455   0.687268    0.106107    0.509428    5.569907   
[36mINFO[0m 08/01 15:16:04 | 0.594272    0.663462    0.000000    0.538052    0.697766    0.577994    0.666309    0.709605    0.520548    0.564263    0.594272    0.697766    0.663462    0.709605    0.555556    0.591724    200         29.090909   0.661575    0.105647    0.506462    5.569907   
[36mINFO[0m 08/01 15:16:15 | 0.587112    0.596154    0.000000    0.586377    0.661773    0.563730    0.758902    0.655367    0.561644    0.590909    0.587112    0.661773    0.596154    0.655367    0.611111    0.536552    300         43.636364   0.613551    0.104388    0.503175    5.569907   
[36mINFO[0m 08/01 15:16:26 | 0.594272    0.673077    0.000000    0.581558    0.634648    0.610094    0.698512    0.671186    0.589041    0.639498    0.594272    0.634648    0.673077    0.671186    0.574074    0.580690    400         58.181818   0.595711    0.104503    0.565779    5.569907   
[36mINFO[0m 08/01 15:16:37 | 0.560859    0.653846    0.000000    0.510274    0.601003    0.530517    0.917241    0.695669    0.520548    0.594828    0.560859    0.601003    0.653846    0.695669    0.500000    0.466207    500         72.727273   0.505134    0.102690    0.499150    5.569907   
[36mINFO[0m 08/01 15:16:48 | 0.513126    0.586538    0.000000    0.558600    0.594598    0.538777    0.985815    0.703578    0.561644    0.565831    0.513126    0.594598    0.586538    0.703578    0.555556    0.511724    600         87.272727   0.421024    0.104533    0.488694    5.569907   
[36mINFO[0m 08/01 15:16:59 | 0.520286    0.557692    0.000000    0.537671    0.567130    0.501473    1.083992    0.654614    0.575342    0.553292    0.520286    0.567130    0.557692    0.654614    0.500000    0.449655    700         101.818182  0.358023    0.105071    0.559612    5.569907   
[36mINFO[0m 08/01 15:17:10 | 0.522673    0.538462    0.000000    0.548960    0.625621    0.555000    1.171957    0.699435    0.616438    0.646552    0.522673    0.625621    0.538462    0.699435    0.481481    0.463448    800         116.363636  0.339450    0.105393    0.579976    5.569907   
[36mINFO[0m 08/01 15:17:21 | 0.505967    0.615385    0.000000    0.571918    0.560315    0.583119    1.156181    0.659510    0.643836    0.666928    0.505967    0.560315    0.615385    0.659510    0.500000    0.499310    900         130.909091  0.314323    0.106671    0.514276    5.569907   
[36mINFO[0m 08/01 15:17:33 | 0.556086    0.605769    0.000000    0.546930    0.628790    0.522539    1.346955    0.659134    0.575342    0.594044    0.556086    0.628790    0.605769    0.659134    0.518519    0.451034    1000        145.454545  0.304415    0.105476    0.515671    5.569907   
[36mINFO[0m 08/01 15:17:44 | 0.520286    0.596154    0.000000    0.503044    0.572373    0.542602    1.148820    0.652731    0.561644    0.606583    0.520286    0.572373    0.596154    0.652731    0.444444    0.478621    1100        160.000000  0.309668    0.104389    0.569345    5.569907   
[36mINFO[0m 08/01 15:17:55 | 0.513126    0.605769    0.000000    0.521563    0.535651    0.558903    1.242538    0.623352    0.561644    0.659875    0.513126    0.535651    0.605769    0.623352    0.481481    0.457931    1200        174.545455  0.283481    0.104595    0.544596    5.569907   
[36mINFO[0m 08/01 15:18:06 | 0.536993    0.605769    0.000000    0.539701    0.557146    0.556505    1.099101    0.623729    0.616438    0.671630    0.536993    0.557146    0.605769    0.623729    0.462963    0.441379    1300        189.090909  0.277593    0.103611    0.591698    5.569907   
[36mINFO[0m 08/01 15:18:16 | 0.491647    0.538462    0.000000    0.523592    0.505516    0.545643    1.188561    0.587571    0.602740    0.645768    0.491647    0.505516    0.538462    0.587571    0.444444    0.445517    1400        203.636364  0.286205    0.103123    0.533148    5.569907   
[36mINFO[0m 08/01 15:18:28 | 0.527446    0.605769    0.000000    0.537291    0.566104    0.573903    1.087264    0.648964    0.630137    0.685737    0.527446    0.566104    0.605769    0.648964    0.444444    0.462069    1500        218.181818  0.253584    0.109501    0.553651    5.569907   
[36mINFO[0m 08/01 15:18:39 | 0.541766    0.586538    0.000000    0.535261    0.590426    0.548103    1.267682    0.657250    0.589041    0.646552    0.541766    0.590426    0.586538    0.657250    0.481481    0.449655    1600        232.727273  0.249516    0.104302    0.488499    5.569907   
[36mINFO[0m 08/01 15:18:50 | 0.520286    0.586538    0.000000    0.532851    0.528470    0.560972    1.271698    0.620339    0.602740    0.659875    0.520286    0.528470    0.586538    0.620339    0.462963    0.462069    1700        247.272727  0.242540    0.104999    0.527838    5.569907   
[36mINFO[0m 08/01 15:19:01 | 0.474940    0.567308    0.000000    0.569508    0.515295    0.558009    1.277585    0.631638    0.657534    0.662226    0.474940    0.515295    0.567308    0.631638    0.481481    0.453793    1800        261.818182  0.237444    0.104891    0.594066    5.569907   
[36mINFO[0m 08/01 15:19:12 | 0.513126    0.586538    0.000000    0.551370    0.553613    0.583699    1.160941    0.583051    0.602740    0.670846    0.513126    0.553613    0.586538    0.583051    0.500000    0.496552    1900        276.363636  0.254476    0.104487    0.597043    5.569907   
[36mINFO[0m 08/01 15:19:23 | 0.522673    0.548077    0.000000    0.562659    0.551151    0.563621    1.139098    0.587947    0.643836    0.663793    0.522673    0.551151    0.548077    0.587947    0.481481    0.463448    2000        290.909091  0.253684    0.106188    0.591332    5.569907   
[36mINFO[0m 08/01 15:19:34 | 0.498807    0.596154    0.000000    0.571537    0.524094    0.577806    1.231044    0.630132    0.698630    0.733542    0.498807    0.524094    0.596154    0.630132    0.444444    0.422069    2100        305.454545  0.208294    0.104879    0.507113    5.569907   
[36mINFO[0m 08/01 15:19:45 | 0.498807    0.576923    0.000000    0.484526    0.516549    0.518072    1.229108    0.563089    0.561644    0.640282    0.498807    0.516549    0.576923    0.563089    0.407407    0.395862    2200        320.000000  0.240102    0.104061    0.584571    5.569907   
[36mINFO[0m 08/01 15:19:56 | 0.541766    0.586538    0.000000    0.498224    0.570686    0.539749    1.400335    0.591714    0.589041    0.639498    0.541766    0.570686    0.586538    0.591714    0.407407    0.440000    2300        334.545455  0.224816    0.103753    0.540163    5.569907   
[36mINFO[0m 08/01 15:20:07 | 0.505967    0.509615    0.000000    0.555809    0.539959    0.558119    1.113785    0.569868    0.630137    0.692790    0.505967    0.539959    0.509615    0.569868    0.481481    0.423448    2400        349.090909  0.226308    0.106815    0.528016    5.569907   
[36mINFO[0m 08/01 15:20:18 | 0.515513    0.528846    0.000000    0.548960    0.603488    0.545439    1.339179    0.655744    0.616438    0.682602    0.515513    0.603488    0.528846    0.655744    0.481481    0.408276    2500        363.636364  0.225304    0.104456    0.563228    5.569907   
[36mINFO[0m 08/01 15:20:30 | 0.515513    0.567308    0.000000    0.562659    0.583406    0.564357    1.383155    0.630885    0.643836    0.681818    0.515513    0.583406    0.567308    0.630885    0.481481    0.446897    2600        378.181818  0.233675    0.106349    0.553436    5.569907   
[36mINFO[0m 08/01 15:20:41 | 0.525060    0.576923    0.000000    0.557839    0.601892    0.570674    1.407226    0.644444    0.671233    0.712382    0.525060    0.601892    0.576923    0.644444    0.444444    0.428966    2700        392.727273  0.223227    0.104262    0.526273    5.569907   
[36mINFO[0m 08/01 15:20:52 | 0.513126    0.528846    0.000000    0.542111    0.469227    0.529467    1.507776    0.540490    0.602740    0.652038    0.513126    0.469227    0.528846    0.540490    0.481481    0.406897    2800        407.272727  0.228782    0.106781    0.522794    5.569907   
[36mINFO[0m 08/01 15:21:03 | 0.501193    0.634615    0.000000    0.539701    0.550308    0.578088    1.141928    0.643315    0.616438    0.703762    0.501193    0.550308    0.634615    0.643315    0.462963    0.452414    2900        421.818182  0.217088    0.103651    0.535890    5.569907   
[36mINFO[0m 08/01 15:21:14 | 0.501193    0.586538    0.000000    0.560629    0.566378    0.558370    1.208152    0.662524    0.602740    0.673981    0.501193    0.566378    0.586538    0.662524    0.518519    0.442759    3000        436.363636  0.230006    0.107267    0.531332    5.569907   
[36mINFO[0m 08/01 15:21:25 | 0.525060    0.567308    0.000000    0.555429    0.553408    0.575361    1.257031    0.590207    0.684932    0.692790    0.525060    0.553408    0.567308    0.590207    0.425926    0.457931    3100        450.909091  0.228468    0.106268    0.512445    5.569907   
[36mINFO[0m 08/01 15:21:36 | 0.529833    0.596154    0.000000    0.532471    0.593481    0.580455    1.278845    0.612053    0.657534    0.737461    0.529833    0.593481    0.596154    0.612053    0.407407    0.423448    3200        465.454545  0.216462    0.106618    0.620852    5.569907   
[36mINFO[0m 08/01 15:21:48 | 0.508353    0.538462    0.000000    0.539701    0.558491    0.560815    1.205551    0.559699    0.616438    0.680251    0.508353    0.558491    0.538462    0.559699    0.462963    0.441379    3300        480.000000  0.203697    0.105624    0.519944    5.569907   
[36mINFO[0m 08/01 15:21:59 | 0.536993    0.567308    0.000000    0.519153    0.607887    0.535831    1.232666    0.635405    0.575342    0.631661    0.536993    0.607887    0.567308    0.635405    0.462963    0.440000    3400        494.545455  0.208472    0.107484    0.516116    5.569907   
[36mINFO[0m 08/01 15:22:10 | 0.513126    0.538462    0.000000    0.537291    0.552200    0.564843    1.131454    0.559322    0.630137    0.684169    0.513126    0.552200    0.538462    0.559322    0.444444    0.445517    3500        509.090909  0.225674    0.103191    0.579527    5.569907   
[36mINFO[0m 08/01 15:22:21 | 0.551313    0.596154    0.000000    0.565068    0.604855    0.575517    1.142505    0.651224    0.630137    0.706897    0.551313    0.604855    0.596154    0.651224    0.500000    0.444138    3600        523.636364  0.210725    0.105128    0.504259    5.569907   
[36mINFO[0m 08/01 15:22:33 | 0.534606    0.557692    0.000000    0.539701    0.606063    0.561583    1.468108    0.637288    0.616438    0.687304    0.534606    0.606063    0.557692    0.637288    0.462963    0.435862    3700        538.181818  0.201268    0.112744    0.647243    5.569907   
[36mINFO[0m 08/01 15:22:44 | 0.513126    0.557692    0.000000    0.555429    0.556439    0.595094    1.030166    0.636535    0.684932    0.751567    0.513126    0.556439    0.557692    0.636535    0.425926    0.438621    3800        552.727273  0.215218    0.108687    0.590797    5.569907   
[36mINFO[0m 08/01 15:22:55 | 0.498807    0.548077    0.000000    0.571918    0.529770    0.582524    1.142734    0.583427    0.643836    0.702978    0.498807    0.529770    0.548077    0.583427    0.500000    0.462069    3900        567.272727  0.237811    0.106001    0.570792    5.569907   
[36mINFO[0m 08/01 15:23:06 | 0.525060    0.605769    0.000000    0.542111    0.563323    0.542273    1.511893    0.705838    0.602740    0.652821    0.525060    0.563323    0.605769    0.705838    0.481481    0.431724    4000        581.818182  0.199711    0.105189    0.568168    5.569907   
[36mINFO[0m 08/01 15:23:18 | 0.532220    0.605769    0.000000    0.500634    0.569820    0.570000    1.108611    0.637665    0.575342    0.706897    0.532220    0.569820    0.605769    0.637665    0.425926    0.433103    4100        596.363636  0.210272    0.106238    0.538795    5.569907   
[36mINFO[0m 08/01 15:23:29 | 0.556086    0.567308    0.000000    0.551370    0.550627    0.574216    1.214826    0.580791    0.602740    0.679467    0.556086    0.550627    0.567308    0.580791    0.500000    0.468966    4200        610.909091  0.202097    0.103937    0.503614    5.569907   
[36mINFO[0m 08/01 15:23:40 | 0.517900    0.557692    0.000000    0.583587    0.597629    0.588683    1.032655    0.620339    0.630137    0.719436    0.517900    0.597629    0.557692    0.620339    0.537037    0.457931    4300        625.454545  0.204102    0.105734    0.555918    5.569907   
[36mINFO[0m 08/01 15:23:51 | 0.486874    0.567308    0.000000    0.578767    0.551630    0.587618    1.083040    0.604896    0.657534    0.747649    0.486874    0.551630    0.567308    0.604896    0.500000    0.427586    4400        640.000000  0.197780    0.105039    0.515371    5.569907   
[36mINFO[0m 08/01 15:24:02 | 0.510740    0.567308    0.000000    0.546550    0.562526    0.578997    1.386484    0.646328    0.630137    0.695925    0.510740    0.562526    0.567308    0.646328    0.462963    0.462069    4500        654.545455  0.209928    0.106926    0.507928    5.569907   
[36mINFO[0m 08/01 15:24:14 | 0.522673    0.634615    0.000000    0.542111    0.574949    0.547743    1.485339    0.665537    0.602740    0.669279    0.522673    0.574949    0.634615    0.665537    0.481481    0.426207    4600        669.090909  0.205076    0.109743    0.575349    5.569907   
[36mINFO[0m 08/01 15:24:25 | 0.498807    0.509615    0.000000    0.519153    0.463802    0.563527    1.318801    0.511864    0.575342    0.696708    0.498807    0.463802    0.509615    0.511864    0.462963    0.430345    4700        683.636364  0.219200    0.104644    0.512917    5.569907   
[36mINFO[0m 08/01 15:24:35 | 0.522673    0.644231    0.000000    0.537291    0.520378    0.565721    1.460096    0.585311    0.630137    0.721787    0.522673    0.520378    0.644231    0.585311    0.444444    0.409655    4800        698.181818  0.227233    0.104646    0.507948    5.569907   
[36mINFO[0m 08/01 15:24:46 | 0.548926    0.615385    0.000000    0.562659    0.599179    0.576708    1.132559    0.712618    0.643836    0.703762    0.548926    0.599179    0.615385    0.712618    0.481481    0.449655    4900        712.727273  0.213715    0.103449    0.509203    5.569907   
[36mINFO[0m 08/01 15:24:57 | 0.534606    0.576923    0.000000    0.565068    0.595623    0.588934    1.018575    0.635405    0.630137    0.735110    0.534606    0.595623    0.576923    0.635405    0.500000    0.442759    5000        727.272727  0.218674    0.103704    0.542270    5.569907   
[36mINFO[0m 08/01 15:24:57 | ---
[36mINFO[0m 08/01 15:24:57 | oracle = 59.427%
[36mINFO[0m 08/01 15:24:57 | iid = 58.711%
[36mINFO[0m 08/01 15:24:57 | last = 53.461%
[36mINFO[0m 08/01 15:24:57 | last (inD) = 56.507%
[36mINFO[0m 08/01 15:24:57 | iid (inD) = 58.638%
[36mINFO[0m 08/01 15:24:58 | 
[36mINFO[0m 08/01 15:24:58 | Testenv name escaping te_02 -> te_02
[36mINFO[0m 08/01 15:24:58 | Test envs = [2], name = te_02
[36mINFO[0m 08/01 15:24:58 | Batch sizes for each domain: [32, 32, 0] (total=64)
[36mINFO[0m 08/01 15:24:58 | steps-per-epoch for each domain: 9.19, 13.09 -> min = 9.19
/home/s21_yhr/miniconda3/envs/GGA/lib/python3.11/site-packages/torchvision/models/_utils.py:208: UserWarning: The parameter 'pretrained' is deprecated since 0.13 and may be removed in the future, please use 'weights' instead.
  warnings.warn(
/home/s21_yhr/miniconda3/envs/GGA/lib/python3.11/site-packages/torchvision/models/_utils.py:223: UserWarning: Arguments other than a weight enum or `None` for 'weights' are deprecated since 0.13 and may be removed in the future. The current behavior is equivalent to passing `weights=ResNet50_Weights.IMAGENET1K_V1`. You can also use `weights=ResNet50_Weights.DEFAULT` to get the most up-to-date weights.
  warnings.warn(msg)
[36mINFO[0m 08/01 15:25:02 | # of params = 23512130
[36mINFO[0m 08/01 15:25:02 | test_in     test_out    train_in    train_out   test_in_au  train_out_  tr_outloss  test_out_a  env0_out    env0_out_a  env1_out    env1_out_a  env2_in     env2_in_au  env2_out    env2_out_a  step        epoch       loss        step_time   eval_time   mem_gb     
[36mINFO[0m 08/01 15:25:02 | 0.581818    0.537037    0.000000    0.585024    0.405910    0.506430    0.699986    0.444138    0.602740    0.457680    0.567308    0.555179    0.581818    0.405910    0.537037    0.444138    0           0.000000    0.689581    0.161233    0.389075    5.321729   
[36mINFO[0m 08/01 15:25:14 | 0.604545    0.574074    0.000000    0.686710    0.608441    0.751057    0.616306    0.561379    0.575342    0.641850    0.798077    0.860264    0.604545    0.608441    0.574074    0.561379    100         10.884354   0.682688    0.109175    0.370272    5.569907   
[36mINFO[0m 08/01 15:25:25 | 0.590909    0.500000    0.000000    0.723854    0.661685    0.786397    0.519479    0.587586    0.534247    0.619122    0.913462    0.953672    0.590909    0.661685    0.500000    0.587586    200         21.768707   0.624162    0.103850    0.399826    5.569907   
[36mINFO[0m 08/01 15:25:35 | 0.590909    0.537037    0.000000    0.675053    0.600034    0.749831    0.645122    0.543448    0.561644    0.568966    0.788462    0.930697    0.590909    0.600034    0.537037    0.543448    300         32.653061   0.561937    0.104060    0.355882    5.569907   
[36mINFO[0m 08/01 15:25:46 | 0.572727    0.500000    0.000000    0.730572    0.595958    0.774755    0.558282    0.502069    0.643836    0.640282    0.817308    0.909228    0.572727    0.595958    0.500000    0.502069    400         43.537415   0.486954    0.106433    0.359194    5.569907   
[36mINFO[0m 08/01 15:25:57 | 0.581818    0.500000    0.000000    0.715556    0.603006    0.775442    0.586380    0.481379    0.575342    0.646552    0.855769    0.904331    0.581818    0.603006    0.500000    0.481379    500         54.421769   0.445963    0.105278    0.363390    5.569907   
[36mINFO[0m 08/01 15:26:08 | 0.545455    0.555556    0.000000    0.720364    0.605639    0.764533    0.665599    0.572414    0.575342    0.598746    0.865385    0.930320    0.545455    0.605639    0.555556    0.572414    600         65.306122   0.372184    0.105128    0.462425    5.569907   
[36mINFO[0m 08/01 15:26:19 | 0.554545    0.518519    0.000000    0.679860    0.617952    0.772543    0.713697    0.532414    0.561644    0.613636    0.798077    0.931450    0.554545    0.617952    0.518519    0.532414    700         76.190476   0.331796    0.104183    0.458524    5.569907   
[36mINFO[0m 08/01 15:26:30 | 0.559091    0.537037    0.000000    0.729254    0.598251    0.775882    0.675209    0.508966    0.602740    0.620690    0.855769    0.931073    0.559091    0.598251    0.537037    0.508966    800         87.074830   0.336132    0.104321    0.366014    5.569907   
[36mINFO[0m 08/01 15:26:41 | 0.631818    0.518519    0.000000    0.699091    0.647673    0.765129    0.701991    0.486897    0.561644    0.648903    0.836538    0.881356    0.631818    0.647673    0.518519    0.486897    900         97.959184   0.311764    0.104176    0.353025    5.569907   
[36mINFO[0m 08/01 15:26:52 | 0.536364    0.537037    0.000000    0.690200    0.575747    0.789943    0.740111    0.521379    0.534247    0.646552    0.846154    0.933333    0.536364    0.575747    0.537037    0.521379    1000        108.843537  0.297938    0.109308    0.355086    5.569907   
[36mINFO[0m 08/01 15:27:03 | 0.618182    0.537037    0.000000    0.675053    0.573285    0.757036    0.763369    0.446897    0.561644    0.590909    0.788462    0.923164    0.618182    0.573285    0.537037    0.446897    1100        119.727891  0.313438    0.104895    0.408542    5.569907   
[36mINFO[0m 08/01 15:27:14 | 0.618182    0.500000    0.000000    0.679860    0.623896    0.751925    0.716848    0.532414    0.561644    0.608934    0.798077    0.894915    0.618182    0.623896    0.500000    0.532414    1200        130.612245  0.281299    0.105200    0.356484    5.569907   
[36mINFO[0m 08/01 15:27:25 | 0.559091    0.481481    0.000000    0.719046    0.592137    0.798718    0.661417    0.481379    0.534247    0.642633    0.903846    0.954802    0.559091    0.592137    0.481481    0.481379    1300        141.496599  0.270887    0.106190    0.374184    5.569907   
[36mINFO[0m 08/01 15:27:36 | 0.577273    0.518519    0.000000    0.713514    0.606318    0.748804    0.844411    0.445517    0.561644    0.554859    0.865385    0.942750    0.577273    0.606318    0.518519    0.445517    1400        152.380952  0.249019    0.104664    0.386497    5.569907   
[36mINFO[0m 08/01 15:27:47 | 0.600000    0.518519    0.000000    0.655229    0.587891    0.746793    0.880654    0.502069    0.493151    0.557994    0.817308    0.935593    0.600000    0.587891    0.518519    0.502069    1500        163.265306  0.266993    0.105536    0.407206    5.569907   
[36mINFO[0m 08/01 15:27:58 | 0.522727    0.481481    0.000000    0.706665    0.578465    0.769005    0.838057    0.495172    0.547945    0.625392    0.865385    0.912618    0.522727    0.578465    0.481481    0.495172    1600        174.149660  0.279455    0.104656    0.389294    5.569907   
[36mINFO[0m 08/01 15:28:09 | 0.572727    0.425926    0.000000    0.713514    0.563604    0.767945    0.713277    0.437241    0.561644    0.638715    0.865385    0.897175    0.572727    0.563604    0.425926    0.437241    1700        185.034014  0.244122    0.106335    0.401350    5.569907   
[36mINFO[0m 08/01 15:28:20 | 0.572727    0.462963    0.000000    0.718322    0.599779    0.781550    0.599322    0.466207    0.561644    0.641066    0.875000    0.922034    0.572727    0.599779    0.462963    0.466207    1800        195.918367  0.273319    0.106191    0.371990    5.569907   
[36mINFO[0m 08/01 15:28:31 | 0.504545    0.500000    0.000000    0.722405    0.555112    0.777987    0.755652    0.468966    0.589041    0.641850    0.855769    0.914124    0.504545    0.555112    0.500000    0.468966    1900        206.802721  0.252500    0.107300    0.356154    5.569907   
[36mINFO[0m 08/01 15:28:42 | 0.568182    0.518519    0.000000    0.723130    0.604025    0.784660    0.677397    0.482759    0.561644    0.636364    0.884615    0.932957    0.568182    0.604025    0.518519    0.482759    2000        217.687075  0.240131    0.106217    0.358513    5.569907   
[36mINFO[0m 08/01 15:28:53 | 0.531818    0.500000    0.000000    0.724447    0.576342    0.789851    0.762638    0.491034    0.602740    0.641850    0.846154    0.937853    0.531818    0.576342    0.500000    0.491034    2100        228.571429  0.236535    0.105540    0.359553    5.569907   
[36mINFO[0m 08/01 15:29:04 | 0.568182    0.481481    0.000000    0.683944    0.593750    0.771529    0.824942    0.499310    0.589041    0.629310    0.778846    0.913748    0.568182    0.593750    0.481481    0.499310    2200        239.455782  0.246132    0.106060    0.358806    5.569907   
[36mINFO[0m 08/01 15:29:14 | 0.545455    0.500000    0.000000    0.697050    0.605129    0.791996    0.787230    0.468966    0.547945    0.674765    0.846154    0.909228    0.545455    0.605129    0.500000    0.468966    2300        250.340136  0.218188    0.103846    0.351490    5.569907   
[36mINFO[0m 08/01 15:29:25 | 0.586364    0.500000    0.000000    0.712065    0.605384    0.774078    0.770559    0.521379    0.616438    0.644201    0.807692    0.903955    0.586364    0.605384    0.500000    0.521379    2400        261.224490  0.256581    0.104355    0.356589    5.569907   
[36mINFO[0m 08/01 15:29:36 | 0.581818    0.500000    0.000000    0.742953    0.609375    0.766739    0.808353    0.495172    0.630137    0.634796    0.855769    0.898682    0.581818    0.609375    0.500000    0.495172    2500        272.108844  0.246053    0.102878    0.435014    5.569907   
[36mINFO[0m 08/01 15:29:47 | 0.600000    0.481481    0.000000    0.662671    0.584494    0.762750    0.711894    0.499310    0.575342    0.613636    0.750000    0.911864    0.600000    0.584494    0.481481    0.499310    2600        282.993197  0.254412    0.104402    0.420597    5.569907   
[36mINFO[0m 08/01 15:29:58 | 0.527273    0.481481    0.000000    0.717597    0.574813    0.759361    0.665452    0.438621    0.589041    0.613636    0.846154    0.905085    0.527273    0.574813    0.481481    0.438621    2700        293.877551  0.222396    0.105876    0.443606    5.569907   
[36mINFO[0m 08/01 15:30:09 | 0.581818    0.518519    0.000000    0.710024    0.608356    0.787738    0.614805    0.503448    0.602740    0.659091    0.817308    0.916384    0.581818    0.608356    0.518519    0.503448    2800        304.761905  0.251001    0.108352    0.404672    5.569907   
[36mINFO[0m 08/01 15:30:20 | 0.559091    0.555556    0.000000    0.722405    0.578719    0.763968    0.939854    0.442759    0.589041    0.598746    0.855769    0.929190    0.559091    0.578719    0.555556    0.442759    2900        315.646259  0.246730    0.102924    0.363426    5.569907   
[36mINFO[0m 08/01 15:30:31 | 0.586364    0.537037    0.000000    0.703899    0.596637    0.783342    0.666467    0.492414    0.561644    0.636364    0.846154    0.930320    0.586364    0.596637    0.537037    0.492414    3000        326.530612  0.225390    0.105953    0.403294    5.569907   
[36mINFO[0m 08/01 15:30:41 | 0.577273    0.518519    0.000000    0.693559    0.583984    0.776781    0.699793    0.473103    0.589041    0.637931    0.798077    0.915631    0.577273    0.583984    0.518519    0.473103    3100        337.414966  0.224838    0.102985    0.369609    5.569907   
[36mINFO[0m 08/01 15:30:52 | 0.586364    0.537037    0.000000    0.742229    0.590863    0.806604    0.596578    0.470345    0.657534    0.680251    0.826923    0.932957    0.586364    0.590863    0.537037    0.470345    3200        348.299320  0.231049    0.102906    0.356984    5.569907   
[36mINFO[0m 08/01 15:31:03 | 0.636364    0.500000    0.000000    0.731296    0.605554    0.805953    0.637000    0.460690    0.616438    0.666144    0.846154    0.945763    0.636364    0.605554    0.500000    0.460690    3300        359.183673  0.230129    0.106311    0.368613    5.569907   
[36mINFO[0m 08/01 15:31:14 | 0.481818    0.462963    0.000000    0.686117    0.535581    0.784685    0.672934    0.412414    0.506849    0.647335    0.865385    0.922034    0.481818    0.535581    0.462963    0.412414    3400        370.068027  0.226569    0.104935    0.367457    5.569907   
[36mINFO[0m 08/01 15:31:25 | 0.568182    0.500000    0.000000    0.731296    0.572690    0.810610    0.629005    0.460690    0.616438    0.673197    0.846154    0.948023    0.568182    0.572690    0.500000    0.460690    3500        380.952381  0.237110    0.106665    0.420830    5.569907   
[36mINFO[0m 08/01 15:31:36 | 0.586364    0.407407    0.000000    0.707982    0.561396    0.798609    0.631700    0.441379    0.589041    0.666144    0.826923    0.931073    0.586364    0.561396    0.407407    0.441379    3600        391.836735  0.222851    0.104265    0.356086    5.569907   
[36mINFO[0m 08/01 15:31:47 | 0.577273    0.444444    0.000000    0.691517    0.623302    0.780648    0.726560    0.466207    0.575342    0.652821    0.807692    0.908475    0.577273    0.623302    0.444444    0.466207    3700        402.721088  0.231443    0.105376    0.363428    5.569907   
[36mINFO[0m 08/01 15:31:58 | 0.554545    0.407407    0.000000    0.662671    0.581607    0.762817    0.830259    0.453793    0.575342    0.607367    0.750000    0.918267    0.554545    0.581607    0.407407    0.453793    3800        413.605442  0.248692    0.104885    0.388959    5.569907   
[36mINFO[0m 08/01 15:32:09 | 0.559091    0.444444    0.000000    0.687434    0.570907    0.753920    0.752897    0.453793    0.547945    0.605016    0.826923    0.902825    0.559091    0.570907    0.444444    0.453793    3900        424.489796  0.215470    0.104983    0.494862    5.569907   
[36mINFO[0m 08/01 15:32:19 | 0.572727    0.462963    0.000000    0.704492    0.615234    0.787825    0.689599    0.455172    0.630137    0.644201    0.778846    0.931450    0.572727    0.615234    0.462963    0.455172    4000        435.374150  0.196319    0.104221    0.351134    5.569907   
[36mINFO[0m 08/01 15:32:31 | 0.540909    0.500000    0.000000    0.717597    0.578380    0.799666    0.769488    0.464828    0.589041    0.681818    0.846154    0.917514    0.540909    0.578380    0.500000    0.464828    4100        446.258503  0.241810    0.107711    0.431128    5.569907   
[36mINFO[0m 08/01 15:32:42 | 0.536364    0.407407    0.000000    0.703174    0.581097    0.785955    0.654842    0.460690    0.589041    0.673981    0.817308    0.897928    0.536364    0.581097    0.407407    0.460690    4200        457.142857  0.209808    0.104843    0.368992    5.569907   
[36mINFO[0m 08/01 15:32:52 | 0.513636    0.518519    0.000000    0.727213    0.541355    0.786647    0.675885    0.507586    0.589041    0.670846    0.865385    0.902448    0.513636    0.541355    0.518519    0.507586    4300        468.027211  0.214432    0.106066    0.359666    5.569907   
[36mINFO[0m 08/01 15:33:04 | 0.500000    0.370370    0.000000    0.742953    0.532609    0.813019    0.623751    0.435862    0.630137    0.710031    0.855769    0.916008    0.500000    0.532609    0.370370    0.435862    4400        478.911565  0.238907    0.110910    0.357731    5.569907   
[36mINFO[0m 08/01 15:33:15 | 0.563636    0.481481    0.000000    0.695601    0.604280    0.782069    0.685583    0.462069    0.602740    0.638715    0.788462    0.925424    0.563636    0.604280    0.481481    0.462069    4500        489.795918  0.228646    0.105550    0.406307    5.569907   
[36mINFO[0m 08/01 15:33:26 | 0.550000    0.444444    0.000000    0.723130    0.569973    0.795164    0.662384    0.445517    0.561644    0.653605    0.884615    0.936723    0.550000    0.569973    0.444444    0.445517    4600        500.680272  0.249641    0.104976    0.372926    5.569907   
[36mINFO[0m 08/01 15:33:37 | 0.540909    0.537037    0.000000    0.696325    0.552310    0.782431    0.740625    0.473103    0.575342    0.637931    0.817308    0.926930    0.540909    0.552310    0.537037    0.473103    4700        511.564626  0.207159    0.107128    0.376301    5.569907   
[36mINFO[0m 08/01 15:33:48 | 0.545455    0.444444    0.000000    0.677819    0.520126    0.759448    0.768671    0.474483    0.547945    0.598746    0.807692    0.920151    0.545455    0.520126    0.444444    0.474483    4800        522.448980  0.202841    0.106945    0.361323    5.569907   
[36mINFO[0m 08/01 15:33:59 | 0.600000    0.500000    0.000000    0.710024    0.594599    0.757359    0.836757    0.451034    0.602740    0.626959    0.817308    0.887759    0.600000    0.594599    0.500000    0.451034    4900        533.333333  0.211171    0.105226    0.357711    5.569907   
[36mINFO[0m 08/01 15:34:10 | 0.522727    0.500000    0.000000    0.710024    0.543563    0.755233    0.782322    0.460690    0.602740    0.614420    0.817308    0.896045    0.522727    0.543563    0.500000    0.460690    5000        544.217687  0.216084    0.102546    0.373536    5.569907   
[36mINFO[0m 08/01 15:34:10 | ---
[36mINFO[0m 08/01 15:34:10 | oracle = 60.455%
[36mINFO[0m 08/01 15:34:10 | iid = 58.182%
[36mINFO[0m 08/01 15:34:10 | last = 52.273%
[36mINFO[0m 08/01 15:34:10 | last (inD) = 71.002%
[36mINFO[0m 08/01 15:34:10 | iid (inD) = 74.295%
[36mINFO[0m 08/01 15:34:10 | === Summary ===
[36mINFO[0m 08/01 15:34:10 | Command: /home/s21_yhr/lzh/DomainBed-new/train_all.py HTP_Mixup_seed2 --dataset HTP --data_dir /home/s21_yhr/lzh/DomainBed-new/dataset --algorithm Mixup --steps 5000 --checkpoint_freq 100 --batch_size 32 --optimizer adam --lr 5e-5 --weight_decay 0 --resnet_dropout 0 --resnet18 False --pretrained True --freeze_bn True --swad False --seed 2 --trial_seed 2 --deterministic --prebuild_loader --cache_size 640 --mixup_alpha 0.2
[36mINFO[0m 08/01 15:34:10 | Unique name: 260801_15-06-23_HTP_Mixup_seed2
[36mINFO[0m 08/01 15:34:10 | Out path: train_output/HTP/260801_15-06-23_HTP_Mixup_seed2
[36mINFO[0m 08/01 15:34:10 | Algorithm: Mixup
[36mINFO[0m 08/01 15:34:10 | Dataset: HTP
+------------+---------+---------+---------+---------+
| Selection  |    00   |    01   |    02   |   Avg.  |
+------------+---------+---------+---------+---------+
|   oracle   | 54.422% | 59.427% | 60.455% | 58.101% |
|    iid     | 52.721% | 58.711% | 58.182% | 56.538% |
|    last    | 55.102% | 53.461% | 52.273% | 53.612% |
| last (inD) | 62.571% | 56.507% | 71.002% | 63.360% |
| iid (inD)  | 71.011% | 58.638% | 74.295% | 67.981% |
+------------+---------+---------+---------+---------+
================================================================================
Starting Mixup, seed=3, physical GPU=3
/home/s21_yhr/miniconda3/envs/GGA/bin/python /home/s21_yhr/lzh/DomainBed-new/train_all.py HTP_Mixup_seed3 --dataset HTP --data_dir /home/s21_yhr/lzh/DomainBed-new/dataset --algorithm Mixup --steps 5000 --checkpoint_freq 100 --batch_size 32 --optimizer adam --lr 5e-5 --weight_decay 0 --resnet_dropout 0 --resnet18 False --pretrained True --freeze_bn True --swad False --seed 3 --trial_seed 3 --deterministic --prebuild_loader --cache_size 640 --mixup_alpha 0.2
================================================================================
[36mINFO[0m 08/01 15:34:16 | Command :: /home/s21_yhr/lzh/DomainBed-new/train_all.py HTP_Mixup_seed3 --dataset HTP --data_dir /home/s21_yhr/lzh/DomainBed-new/dataset --algorithm Mixup --steps 5000 --checkpoint_freq 100 --batch_size 32 --optimizer adam --lr 5e-5 --weight_decay 0 --resnet_dropout 0 --resnet18 False --pretrained True --freeze_bn True --swad False --seed 3 --trial_seed 3 --deterministic --prebuild_loader --cache_size 640 --mixup_alpha 0.2
Environment:
	Python: 3.11.15
	PyTorch: 2.11.0+cu128
	Torchvision: 0.26.0+cu128
	CUDA: 12.8
	CUDNN: 91900
	NumPy: 1.26.4
	PIL: 12.2.0
Args:
	algorithm: Mixup
	batch_size: 32
	cache_root: cache
	cache_size: 640
	checkpoint_freq: 100
	configs: []
	data_dir: /home/s21_yhr/lzh/DomainBed-new/dataset
	dataset: HTP
	debug: False
	deterministic: True
	end_step: 200
	evalmode: fast
	extra_search: n
	extra_search_end: None
	extra_search_start: None
	gga_l_gamma: 0.001
	grad_fn: sum
	holdout_fraction: 0.2
	model_save: None
	name: HTP_Mixup_seed3
	neighborhoodSize: 1e-06
	out_dir: train_output/HTP/260801_15-34-16_HTP_Mixup_seed3
	out_root: train_output/HTP
	prebuild_loader: True
	seed: 3
	show: False
	start_step: 100
	steps: 5000
	tb_freq: 10
	test_envs: None
	train_output: train_output
	trial_seed: 3
	unique_name: 260801_15-34-16_HTP_Mixup_seed3
	work_dir: .
HParams:
	data_augmentation: True
	val_augment: False
	[36mresnet18: False
	[0m[36mresnet_dropout: 0
	[0mclass_balanced: False
	[36moptimizer: adam
	[0m[36mfreeze_bn: True
	[0m[36mpretrained: True
	[0m[36mlr: 5e-05
	[0mbatch_size: 32
	[36mweight_decay: 0
	[0m[36mmixup_alpha: 0.2
	[0m[36mswad: False
	[0mswad_kwargs: 
	  n_converge: 3
	  n_tolerance: 6
	  tolerance_ratio: 0.3
	test_batchsize: 128
	indomain_test: False
	grad_fn: sum
	extra_search: n
	logdir: train_output/HTP/260801_15-34-16_HTP_Mixup_seed3
	neighborhoodSize: 1e-06
	start_step: 100
	end_step: 200
	extra_search_start: None
	extra_search_end: None
	gga_l_gamma: 0.001
Dataset:
	[HTP] #envs=3, #classes=2
	env0: 00 (#367)
	env1: 01 (#523)
	env2: 02 (#274)

[36mINFO[0m 08/01 15:34:16 | n_steps = 5000
[36mINFO[0m 08/01 15:34:16 | checkpoint_freq = 100
[36mINFO[0m 08/01 15:34:16 | n_steps is updated to 5000 => 5001 for checkpointing
[36mINFO[0m 08/01 15:34:16 | Target test envs = [[0], [1], [2]]
[36mINFO[0m 08/01 15:34:16 | 
[36mINFO[0m 08/01 15:34:16 | Testenv name escaping te_00 -> te_00
[36mINFO[0m 08/01 15:34:16 | Test envs = [0], name = te_00
[36mINFO[0m 08/01 15:34:16 | Batch sizes for each domain: [0, 32, 32] (total=64)
[36mINFO[0m 08/01 15:34:16 | steps-per-epoch for each domain: 13.09, 6.88 -> min = 6.88
/home/s21_yhr/miniconda3/envs/GGA/lib/python3.11/site-packages/torchvision/models/_utils.py:208: UserWarning: The parameter 'pretrained' is deprecated since 0.13 and may be removed in the future, please use 'weights' instead.
  warnings.warn(
/home/s21_yhr/miniconda3/envs/GGA/lib/python3.11/site-packages/torchvision/models/_utils.py:223: UserWarning: Arguments other than a weight enum or `None` for 'weights' are deprecated since 0.13 and may be removed in the future. The current behavior is equivalent to passing `weights=ResNet50_Weights.IMAGENET1K_V1`. You can also use `weights=ResNet50_Weights.DEFAULT` to get the most up-to-date weights.
  warnings.warn(msg)
[36mINFO[0m 08/01 15:34:20 | # of params = 23512130
[36mINFO[0m 08/01 15:34:21 | test_in     test_out    train_in    train_out   test_in_au  test_out_a  train_out_  tr_outloss  env0_in     env0_in_au  env0_out    env0_out_a  env1_out    env1_out_a  env2_out    env2_out_a  step        epoch       loss        step_time   eval_time   mem_gb     
[36mINFO[0m 08/01 15:34:21 | 0.571429    0.589041    0.000000    0.537393    0.421721    0.435659    0.651343    0.777312    0.571429    0.421721    0.589041    0.435659    0.519231    0.759630    0.555556    0.543056    0           0.000000    0.760340    0.833073    0.622424    5.321118   
[36mINFO[0m 08/01 15:34:33 | 0.506803    0.616438    0.000000    0.742343    0.479308    0.549612    0.824861    0.533350    0.506803    0.479308    0.616438    0.549612    0.836538    0.962222    0.648148    0.687500    100         14.545455   0.645154    0.109731    0.431864    5.567954   
[36mINFO[0m 08/01 15:34:44 | 0.544218    0.602740    0.000000    0.628027    0.475057    0.644961    0.765787    0.701990    0.544218    0.475057    0.602740    0.644961    0.663462    0.860741    0.592593    0.670833    200         29.090909   0.586364    0.108002    0.405603    5.567954   
[36mINFO[0m 08/01 15:34:55 | 0.513605    0.602740    0.000000    0.642094    0.481198    0.665116    0.787222    0.681243    0.513605    0.481198    0.602740    0.665116    0.673077    0.874444    0.611111    0.700000    300         43.636364   0.532428    0.107261    0.407801    5.567954   
[36mINFO[0m 08/01 15:35:06 | 0.530612    0.575342    0.000000    0.723113    0.495701    0.665116    0.792037    0.628346    0.530612    0.495701    0.575342    0.665116    0.798077    0.917407    0.648148    0.666667    400         58.181818   0.434668    0.104576    0.414255    5.567954   
[36mINFO[0m 08/01 15:35:17 | 0.534014    0.547945    0.000000    0.671296    0.456585    0.564341    0.779398    0.726854    0.534014    0.456585    0.547945    0.564341    0.750000    0.896296    0.592593    0.662500    500         72.727273   0.412289    0.102689    0.420636    5.567954   
[36mINFO[0m 08/01 15:35:28 | 0.568027    0.602740    0.000000    0.728632    0.493433    0.607752    0.774954    0.720661    0.568027    0.493433    0.602740    0.607752    0.846154    0.920741    0.611111    0.629167    600         87.272727   0.340277    0.104919    0.395260    5.567954   
[36mINFO[0m 08/01 15:35:39 | 0.537415    0.589041    0.000000    0.646902    0.476852    0.644961    0.786991    0.858906    0.537415    0.476852    0.589041    0.644961    0.682692    0.911481    0.611111    0.662500    700         101.818182  0.351995    0.105531    0.414278    5.567954   
[36mINFO[0m 08/01 15:35:50 | 0.547619    0.547945    0.000000    0.680556    0.485497    0.616279    0.780833    0.851241    0.547619    0.485497    0.547945    0.616279    0.750000    0.903333    0.611111    0.658333    800         116.363636  0.333619    0.107420    0.424885    5.567954   
[36mINFO[0m 08/01 15:36:01 | 0.564626    0.657534    0.000000    0.662037    0.490457    0.645736    0.751435    0.809156    0.564626    0.490457    0.657534    0.645736    0.750000    0.868148    0.574074    0.634722    900         130.909091  0.308487    0.104483    0.411443    5.567954   
[36mINFO[0m 08/01 15:36:12 | 0.510204    0.616438    0.000000    0.718305    0.480111    0.658915    0.762917    0.766103    0.510204    0.480111    0.616438    0.658915    0.788462    0.891111    0.648148    0.634722    1000        145.454545  0.307965    0.106980    0.467040    5.567954   
[36mINFO[0m 08/01 15:36:23 | 0.551020    0.602740    0.000000    0.690171    0.491497    0.644961    0.788750    0.763149    0.551020    0.491497    0.602740    0.644961    0.769231    0.923333    0.611111    0.654167    1100        160.000000  0.306854    0.105167    0.425874    5.567954   
[36mINFO[0m 08/01 15:36:34 | 0.537415    0.643836    0.000000    0.709402    0.484174    0.622481    0.797685    0.718322    0.537415    0.484174    0.643836    0.622481    0.807692    0.920370    0.611111    0.675000    1200        174.545455  0.285688    0.103760    0.421100    5.567954   
[36mINFO[0m 08/01 15:36:45 | 0.540816    0.630137    0.000000    0.728276    0.493859    0.646512    0.778148    0.708213    0.540816    0.493859    0.630137    0.646512    0.826923    0.922963    0.629630    0.633333    1300        189.090909  0.260710    0.104167    0.478244    5.567954   
[36mINFO[0m 08/01 15:36:56 | 0.530612    0.547945    0.000000    0.685719    0.488520    0.612403    0.758935    0.845964    0.530612    0.488520    0.547945    0.612403    0.778846    0.902593    0.592593    0.615278    1400        203.636364  0.290107    0.104923    0.424700    5.567954   
[36mINFO[0m 08/01 15:37:07 | 0.557823    0.616438    0.000000    0.685363    0.493245    0.589922    0.772176    0.814137    0.557823    0.493245    0.616438    0.589922    0.759615    0.892963    0.611111    0.651389    1500        218.181818  0.291636    0.104920    0.454316    5.567954   
[36mINFO[0m 08/01 15:37:17 | 0.544218    0.657534    0.000000    0.704594    0.492111    0.609302    0.763657    0.721920    0.544218    0.492111    0.657534    0.609302    0.798077    0.881481    0.611111    0.645833    1600        232.727273  0.297162    0.102308    0.461193    5.567954   
[36mINFO[0m 08/01 15:37:28 | 0.506803    0.589041    0.000000    0.728632    0.490882    0.545736    0.768333    0.693127    0.506803    0.490882    0.589041    0.545736    0.846154    0.903333    0.611111    0.633333    1700        247.272727  0.253331    0.104825    0.405921    5.567954   
[36mINFO[0m 08/01 15:37:39 | 0.537415    0.589041    0.000000    0.700142    0.495985    0.607752    0.769167    0.814060    0.537415    0.495985    0.589041    0.607752    0.807692    0.918889    0.592593    0.619444    1800        261.818182  0.261897    0.103383    0.474753    5.567954   
[36mINFO[0m 08/01 15:37:50 | 0.506803    0.602740    0.000000    0.695335    0.480867    0.592248    0.768657    0.684820    0.506803    0.480867    0.602740    0.592248    0.798077    0.869259    0.592593    0.668056    1900        276.363636  0.264866    0.101770    0.431212    5.567954   
[36mINFO[0m 08/01 15:38:01 | 0.547619    0.547945    0.000000    0.700142    0.502031    0.564341    0.773981    0.743869    0.547619    0.502031    0.547945    0.564341    0.807692    0.900741    0.592593    0.647222    2000        290.909091  0.261681    0.106891    0.441313    5.567954   
[36mINFO[0m 08/01 15:38:12 | 0.551020    0.575342    0.000000    0.727920    0.486442    0.547287    0.784306    0.652689    0.551020    0.486442    0.575342    0.547287    0.807692    0.920000    0.648148    0.648611    2100        305.454545  0.276068    0.106808    0.429337    5.567954   
[36mINFO[0m 08/01 15:38:23 | 0.544218    0.602740    0.000000    0.714209    0.479356    0.539535    0.758380    0.847017    0.544218    0.479356    0.602740    0.539535    0.817308    0.918148    0.611111    0.598611    2200        320.000000  0.275020    0.104191    0.406868    5.567954   
[36mINFO[0m 08/01 15:38:34 | 0.547619    0.561644    0.000000    0.666489    0.472553    0.608527    0.771343    0.922013    0.547619    0.472553    0.561644    0.608527    0.740385    0.932963    0.592593    0.609722    2300        334.545455  0.264535    0.104524    0.418343    5.567954   
[36mINFO[0m 08/01 15:38:45 | 0.527211    0.602740    0.000000    0.704594    0.495134    0.589147    0.804722    0.748204    0.527211    0.495134    0.602740    0.589147    0.798077    0.934444    0.611111    0.675000    2400        349.090909  0.258776    0.106164    0.419639    5.567954   
[36mINFO[0m 08/01 15:38:56 | 0.527211    0.602740    0.000000    0.686075    0.491497    0.575969    0.769537    0.782102    0.527211    0.491497    0.602740    0.575969    0.798077    0.897407    0.574074    0.641667    2500        363.636364  0.243116    0.107420    0.411519    5.567954   
[36mINFO[0m 08/01 15:39:07 | 0.561224    0.561644    0.000000    0.709046    0.513889    0.601550    0.776481    0.659407    0.561224    0.513889    0.561644    0.601550    0.788462    0.908519    0.629630    0.644444    2600        378.181818  0.249252    0.104506    0.414039    5.567954   
[36mINFO[0m 08/01 15:39:18 | 0.530612    0.602740    0.000000    0.723469    0.494189    0.593023    0.767407    0.775526    0.530612    0.494189    0.602740    0.593023    0.817308    0.901481    0.629630    0.633333    2700        392.727273  0.246080    0.105376    0.435151    5.567954   
[36mINFO[0m 08/01 15:39:28 | 0.503401    0.575342    0.000000    0.689815    0.482663    0.507752    0.744861    0.857666    0.503401    0.482663    0.575342    0.507752    0.750000    0.841111    0.629630    0.648611    2800        407.272727  0.234661    0.104356    0.413738    5.567954   
[36mINFO[0m 08/01 15:39:40 | 0.537415    0.561644    0.000000    0.709402    0.501748    0.566667    0.772546    0.740365    0.537415    0.501748    0.561644    0.566667    0.807692    0.910370    0.611111    0.634722    2900        421.818182  0.249504    0.108553    0.474600    5.567954   
[36mINFO[0m 08/01 15:39:51 | 0.564626    0.547945    0.000000    0.685363    0.486631    0.568217    0.788935    0.826384    0.564626    0.486631    0.547945    0.568217    0.759615    0.934815    0.611111    0.643056    3000        436.363636  0.226314    0.103157    0.411880    5.567954   
[36mINFO[0m 08/01 15:40:02 | 0.554422    0.616438    0.000000    0.709046    0.479734    0.574419    0.792500    0.907092    0.554422    0.479734    0.616438    0.574419    0.788462    0.915556    0.629630    0.669444    3100        450.909091  0.238816    0.106629    0.403478    5.567954   
[36mINFO[0m 08/01 15:40:12 | 0.520408    0.589041    0.000000    0.684651    0.480348    0.608527    0.791944    0.737933    0.520408    0.480348    0.589041    0.608527    0.721154    0.931111    0.648148    0.652778    3200        465.454545  0.249747    0.103676    0.430829    5.567954   
[36mINFO[0m 08/01 15:40:24 | 0.585034    0.602740    0.000000    0.704594    0.504535    0.565891    0.777130    0.767196    0.585034    0.504535    0.602740    0.565891    0.798077    0.912593    0.611111    0.641667    3300        480.000000  0.221919    0.107423    0.407477    5.567954   
[36mINFO[0m 08/01 15:40:34 | 0.547619    0.575342    0.000000    0.680912    0.499622    0.544186    0.775046    0.743503    0.547619    0.499622    0.575342    0.544186    0.769231    0.912593    0.592593    0.637500    3400        494.545455  0.234883    0.103261    0.455724    5.567954   
[36mINFO[0m 08/01 15:40:45 | 0.544218    0.616438    0.000000    0.704950    0.518046    0.600775    0.757037    0.662077    0.544218    0.518046    0.616438    0.600775    0.817308    0.897407    0.592593    0.616667    3500        509.090909  0.245571    0.103691    0.473479    5.567954   
[36mINFO[0m 08/01 15:40:56 | 0.551020    0.643836    0.000000    0.685007    0.490505    0.615504    0.762917    0.976866    0.551020    0.490505    0.643836    0.615504    0.740385    0.902222    0.629630    0.623611    3600        523.636364  0.233875    0.104876    0.416374    5.567954   
[36mINFO[0m 08/01 15:41:07 | 0.581633    0.616438    0.000000    0.690171    0.470899    0.555039    0.772731    0.804186    0.581633    0.470899    0.616438    0.555039    0.769231    0.916296    0.611111    0.629167    3700        538.181818  0.215308    0.106555    0.481705    5.567954   
[36mINFO[0m 08/01 15:41:18 | 0.547619    0.520548    0.000000    0.694979    0.488946    0.552713    0.763750    0.860911    0.547619    0.488946    0.520548    0.552713    0.778846    0.917778    0.611111    0.609722    3800        552.727273  0.237807    0.102836    0.463717    5.567954   
[36mINFO[0m 08/01 15:41:29 | 0.551020    0.534247    0.000000    0.694623    0.496126    0.531008    0.761343    0.857137    0.551020    0.496126    0.534247    0.531008    0.759615    0.912963    0.629630    0.609722    3900        567.272727  0.243177    0.104934    0.446476    5.567954   
[36mINFO[0m 08/01 15:41:40 | 0.527211    0.589041    0.000000    0.737892    0.498724    0.580620    0.789167    0.730898    0.527211    0.498724    0.589041    0.580620    0.846154    0.908889    0.629630    0.669444    4000        581.818182  0.228917    0.105031    0.433861    5.567954   
[36mINFO[0m 08/01 15:41:51 | 0.544218    0.561644    0.000000    0.723469    0.490741    0.564341    0.770000    0.780273    0.544218    0.490741    0.561644    0.564341    0.817308    0.884444    0.629630    0.655556    4100        596.363636  0.226432    0.105092    0.474285    5.567954   
[36mINFO[0m 08/01 15:42:02 | 0.571429    0.657534    0.000000    0.728632    0.486395    0.598450    0.794676    0.769857    0.571429    0.486395    0.657534    0.598450    0.846154    0.929630    0.611111    0.659722    4200        610.909091  0.254165    0.107133    0.424536    5.567954   
[36mINFO[0m 08/01 15:42:13 | 0.513605    0.630137    0.000000    0.709402    0.505858    0.603876    0.771759    0.785660    0.513605    0.505858    0.630137    0.603876    0.807692    0.907407    0.611111    0.636111    4300        625.454545  0.214629    0.106059    0.446370    5.567954   
[36mINFO[0m 08/01 15:42:24 | 0.554422    0.630137    0.000000    0.685719    0.522487    0.588372    0.755926    0.834884    0.554422    0.522487    0.630137    0.588372    0.778846    0.884074    0.592593    0.627778    4400        640.000000  0.229574    0.104631    0.428693    5.567954   
[36mINFO[0m 08/01 15:42:35 | 0.551020    0.534247    0.000000    0.652422    0.495796    0.534109    0.772731    0.856687    0.551020    0.495796    0.534247    0.534109    0.730769    0.927407    0.574074    0.618056    4500        654.545455  0.249186    0.106393    0.406971    5.567954   
[36mINFO[0m 08/01 15:42:46 | 0.465986    0.589041    0.000000    0.714566    0.500331    0.572093    0.762361    0.744120    0.465986    0.500331    0.589041    0.572093    0.836538    0.906667    0.592593    0.618056    4600        669.090909  0.221726    0.108113    0.409902    5.567954   
[36mINFO[0m 08/01 15:42:58 | 0.561224    0.575342    0.000000    0.704594    0.521684    0.540310    0.761343    0.924507    0.561224    0.521684    0.575342    0.540310    0.798077    0.890741    0.611111    0.631944    4700        683.636364  0.224349    0.106711    0.411522    5.567954   
[36mINFO[0m 08/01 15:43:08 | 0.537415    0.630137    0.000000    0.671652    0.506141    0.627132    0.769306    0.859594    0.537415    0.506141    0.630137    0.627132    0.769231    0.890000    0.574074    0.648611    4800        698.181818  0.239356    0.103647    0.458678    5.567954   
[36mINFO[0m 08/01 15:43:19 | 0.544218    0.616438    0.000000    0.690883    0.505244    0.603101    0.785231    0.769035    0.544218    0.505244    0.616438    0.603101    0.807692    0.916296    0.574074    0.654167    4900        712.727273  0.220202    0.101192    0.474090    5.567954   
[36mINFO[0m 08/01 15:43:31 | 0.547619    0.589041    0.000000    0.671296    0.508551    0.520155    0.780880    0.675188    0.547619    0.508551    0.589041    0.520155    0.750000    0.927037    0.592593    0.634722    5000        727.272727  0.226541    0.110860    0.486320    5.567954   
[36mINFO[0m 08/01 15:43:31 | ---
[36mINFO[0m 08/01 15:43:31 | oracle = 56.463%
[36mINFO[0m 08/01 15:43:31 | iid = 50.680%
[36mINFO[0m 08/01 15:43:31 | last = 54.762%
[36mINFO[0m 08/01 15:43:31 | last (inD) = 67.130%
[36mINFO[0m 08/01 15:43:31 | iid (inD) = 74.234%
[36mINFO[0m 08/01 15:43:31 | 
[36mINFO[0m 08/01 15:43:31 | Testenv name escaping te_01 -> te_01
[36mINFO[0m 08/01 15:43:31 | Test envs = [1], name = te_01
[36mINFO[0m 08/01 15:43:31 | Batch sizes for each domain: [32, 0, 32] (total=64)
[36mINFO[0m 08/01 15:43:31 | steps-per-epoch for each domain: 9.19, 6.88 -> min = 6.88
/home/s21_yhr/miniconda3/envs/GGA/lib/python3.11/site-packages/torchvision/models/_utils.py:208: UserWarning: The parameter 'pretrained' is deprecated since 0.13 and may be removed in the future, please use 'weights' instead.
  warnings.warn(
/home/s21_yhr/miniconda3/envs/GGA/lib/python3.11/site-packages/torchvision/models/_utils.py:223: UserWarning: Arguments other than a weight enum or `None` for 'weights' are deprecated since 0.13 and may be removed in the future. The current behavior is equivalent to passing `weights=ResNet50_Weights.IMAGENET1K_V1`. You can also use `weights=ResNet50_Weights.DEFAULT` to get the most up-to-date weights.
  warnings.warn(msg)
[36mINFO[0m 08/01 15:43:35 | # of params = 23512130
[36mINFO[0m 08/01 15:43:36 | test_in     test_out    train_in    train_out   test_in_au  train_out_  tr_outloss  test_out_a  env0_out    env0_out_a  env1_in     env1_in_au  env1_out    env1_out_a  env2_out    env2_out_a  step        epoch       loss        step_time   eval_time   mem_gb     
[36mINFO[0m 08/01 15:43:36 | 0.501193    0.519231    0.000000    0.572298    0.654819    0.416877    0.807599    0.677778    0.589041    0.357364    0.501193    0.654819    0.519231    0.677778    0.555556    0.476389    0           0.000000    0.755944    0.099402    0.614968    5.321729   
[36mINFO[0m 08/01 15:43:47 | 0.708831    0.759615    0.000000    0.597666    0.778082    0.644945    0.649068    0.837778    0.602740    0.649612    0.708831    0.778082    0.759615    0.837778    0.592593    0.640278    100         14.545455   0.677246    0.107232    0.501330    5.569907   
[36mINFO[0m 08/01 15:43:58 | 0.625298    0.625000    0.000000    0.675799    0.694304    0.718976    0.619569    0.718148    0.684932    0.731008    0.625298    0.694304    0.625000    0.718148    0.666667    0.706944    200         29.090909   0.640447    0.103055    0.505177    5.569907   
[36mINFO[0m 08/01 15:44:09 | 0.517900    0.567308    0.000000    0.576738    0.632308    0.711886    0.665180    0.655926    0.616438    0.734884    0.517900    0.632308    0.567308    0.655926    0.537037    0.688889    300         43.636364   0.585561    0.105131    0.522629    5.569907   
[36mINFO[0m 08/01 15:44:20 | 0.584726    0.548077    0.000000    0.616185    0.667350    0.702455    0.701614    0.592222    0.602740    0.727132    0.584726    0.667350    0.548077    0.592222    0.629630    0.677778    400         58.181818   0.474067    0.104863    0.516834    5.569907   
[36mINFO[0m 08/01 15:44:31 | 0.541766    0.586538    0.000000    0.639143    0.556323    0.732187    0.726044    0.585556    0.630137    0.737984    0.541766    0.556323    0.586538    0.585556    0.648148    0.726389    500         72.727273   0.398088    0.104032    0.505795    5.569907   
[36mINFO[0m 08/01 15:44:41 | 0.599045    0.644231    0.000000    0.623034    0.660036    0.708446    0.711693    0.694815    0.616438    0.715504    0.599045    0.660036    0.644231    0.694815    0.629630    0.701389    600         87.272727   0.388154    0.103100    0.518989    5.569907   
[36mINFO[0m 08/01 15:44:52 | 0.513126    0.548077    0.000000    0.652841    0.533630    0.713388    0.933606    0.584444    0.657534    0.750388    0.513126    0.533630    0.548077    0.584444    0.648148    0.676389    700         101.818182  0.326529    0.103623    0.521460    5.569907   
[36mINFO[0m 08/01 15:45:03 | 0.541766    0.509615    0.000000    0.678209    0.581499    0.736079    0.843898    0.565556    0.671233    0.786047    0.541766    0.581499    0.509615    0.565556    0.685185    0.686111    800         116.363636  0.279854    0.103517    0.527544    5.569907   
[36mINFO[0m 08/01 15:45:14 | 0.548926    0.519231    0.000000    0.662100    0.562998    0.698482    0.954349    0.569259    0.657534    0.744186    0.548926    0.562998    0.519231    0.569259    0.666667    0.652778    900         130.909091  0.297906    0.104079    0.521105    5.569907   
[36mINFO[0m 08/01 15:45:25 | 0.603819    0.615385    0.000000    0.675799    0.626908    0.690488    0.867194    0.644444    0.684932    0.724031    0.603819    0.626908    0.615385    0.644444    0.666667    0.656944    1000        145.454545  0.291924    0.105846    0.512750    5.569907   
[36mINFO[0m 08/01 15:45:36 | 0.546539    0.538462    0.000000    0.616185    0.626498    0.701776    0.879710    0.637037    0.602740    0.734109    0.546539    0.626498    0.538462    0.637037    0.629630    0.669444    1100        160.000000  0.268091    0.106382    0.511831    5.569907   
[36mINFO[0m 08/01 15:45:47 | 0.539379    0.509615    0.000000    0.660071    0.556801    0.706799    0.808265    0.587037    0.616438    0.737209    0.539379    0.556801    0.509615    0.587037    0.703704    0.676389    1200        174.545455  0.266102    0.102527    0.544756    5.569907   
[36mINFO[0m 08/01 15:45:58 | 0.558473    0.615385    0.000000    0.657661    0.545546    0.726938    0.797458    0.575185    0.630137    0.737209    0.558473    0.545546    0.615385    0.575185    0.685185    0.716667    1300        189.090909  0.255009    0.105949    0.578497    5.569907   
[36mINFO[0m 08/01 15:46:10 | 0.560859    0.548077    0.000000    0.655251    0.571565    0.710966    0.852198    0.579259    0.643836    0.737209    0.560859    0.571565    0.548077    0.579259    0.666667    0.684722    1400        203.636364  0.275243    0.105941    0.530350    5.569907   
[36mINFO[0m 08/01 15:46:21 | 0.520286    0.528846    0.000000    0.675799    0.554978    0.701647    0.852048    0.548148    0.684932    0.744961    0.520286    0.554978    0.528846    0.548148    0.666667    0.658333    1500        218.181818  0.242270    0.104625    0.541579    5.569907   
[36mINFO[0m 08/01 15:46:32 | 0.498807    0.480769    0.000000    0.620624    0.554181    0.676599    1.019884    0.530741    0.630137    0.724031    0.498807    0.554181    0.480769    0.530741    0.611111    0.629167    1600        232.727273  0.245677    0.105134    0.518367    5.569907   
[36mINFO[0m 08/01 15:46:43 | 0.546539    0.567308    0.000000    0.668950    0.602415    0.698385    0.894776    0.653704    0.671233    0.735659    0.546539    0.602415    0.567308    0.653704    0.666667    0.661111    1700        247.272727  0.268394    0.107285    0.598967    5.569907   
[36mINFO[0m 08/01 15:46:54 | 0.560859    0.500000    0.000000    0.664130    0.587605    0.702164    0.861315    0.568519    0.698630    0.734884    0.560859    0.587605    0.500000    0.568519    0.629630    0.669444    1800        261.818182  0.238957    0.103664    0.528381    5.569907   
[36mINFO[0m 08/01 15:47:05 | 0.553699    0.567308    0.000000    0.662100    0.587036    0.697868    0.941136    0.586667    0.657534    0.745736    0.553699    0.587036    0.567308    0.586667    0.666667    0.650000    1900        276.363636  0.241908    0.102610    0.518635    5.569907   
[36mINFO[0m 08/01 15:47:16 | 0.558473    0.538462    0.000000    0.652841    0.618615    0.683026    1.041512    0.632222    0.657534    0.734109    0.558473    0.618615    0.538462    0.632222    0.648148    0.631944    2000        290.909091  0.246520    0.104753    0.669190    5.569907   
[36mINFO[0m 08/01 15:47:27 | 0.556086    0.519231    0.000000    0.643582    0.622078    0.668879    1.022302    0.573704    0.657534    0.722481    0.556086    0.622078    0.519231    0.573704    0.629630    0.615278    2100        305.454545  0.244998    0.111152    0.584505    5.569907   
[36mINFO[0m 08/01 15:47:39 | 0.572792    0.605769    0.000000    0.597666    0.585532    0.637032    1.062787    0.595185    0.602740    0.664341    0.572792    0.585532    0.605769    0.595185    0.592593    0.609722    2200        320.000000  0.230167    0.105606    0.516787    5.569907   
[36mINFO[0m 08/01 15:47:50 | 0.532220    0.519231    0.000000    0.691908    0.529369    0.699952    0.856678    0.567407    0.698630    0.745736    0.532220    0.529369    0.519231    0.567407    0.685185    0.654167    2300        334.545455  0.214911    0.104751    0.527379    5.569907   
[36mINFO[0m 08/01 15:48:01 | 0.558473    0.567308    0.000000    0.655251    0.573821    0.675759    0.900938    0.559259    0.643836    0.694574    0.558473    0.573821    0.567308    0.559259    0.666667    0.656944    2400        349.090909  0.241881    0.105149    0.510235    5.569907   
[36mINFO[0m 08/01 15:48:12 | 0.532220    0.557692    0.000000    0.655251    0.564479    0.682800    1.016298    0.605556    0.643836    0.736434    0.532220    0.564479    0.557692    0.605556    0.666667    0.629167    2500        363.636364  0.231681    0.105066    0.509250    5.569907   
[36mINFO[0m 08/01 15:48:23 | 0.496420    0.557692    0.000000    0.668950    0.541376    0.694331    0.744235    0.574815    0.671233    0.751163    0.496420    0.541376    0.557692    0.574815    0.666667    0.637500    2600        378.181818  0.234823    0.105892    0.546057    5.569907   
[36mINFO[0m 08/01 15:48:34 | 0.548926    0.548077    0.000000    0.671360    0.594281    0.717151    0.787151    0.595926    0.657534    0.742636    0.548926    0.594281    0.548077    0.595926    0.685185    0.691667    2700        392.727273  0.241590    0.105653    0.522685    5.569907   
[36mINFO[0m 08/01 15:48:45 | 0.539379    0.500000    0.000000    0.701167    0.544657    0.708834    0.866596    0.530741    0.698630    0.749612    0.539379    0.544657    0.500000    0.530741    0.703704    0.668056    2800        407.272727  0.227985    0.103792    0.520718    5.569907   
[36mINFO[0m 08/01 15:48:56 | 0.563246    0.567308    0.000000    0.639143    0.610823    0.660401    1.048469    0.638148    0.630137    0.693023    0.563246    0.610823    0.567308    0.638148    0.648148    0.627778    2900        421.818182  0.233478    0.105763    0.519243    5.569907   
[36mINFO[0m 08/01 15:49:07 | 0.563246    0.596154    0.000000    0.671360    0.613465    0.672464    0.943397    0.633333    0.657534    0.704651    0.563246    0.613465    0.596154    0.633333    0.685185    0.640278    3000        436.363636  0.213710    0.104509    0.535515    5.569907   
[36mINFO[0m 08/01 15:49:18 | 0.541766    0.480769    0.000000    0.678209    0.593233    0.677503    1.003883    0.566667    0.671233    0.681395    0.541766    0.593233    0.480769    0.566667    0.685185    0.673611    3100        450.909091  0.210644    0.104326    0.568687    5.569907   
[36mINFO[0m 08/01 15:49:29 | 0.565632    0.548077    0.000000    0.714866    0.597152    0.724112    0.823855    0.600741    0.726027    0.782946    0.565632    0.597152    0.548077    0.600741    0.703704    0.665278    3200        465.454545  0.214503    0.103628    0.542606    5.569907   
[36mINFO[0m 08/01 15:49:40 | 0.539379    0.519231    0.000000    0.645992    0.594281    0.691860    1.173216    0.637778    0.643836    0.717054    0.539379    0.594281    0.519231    0.637778    0.648148    0.666667    3300        480.000000  0.214235    0.106004    0.557862    5.569907   
[36mINFO[0m 08/01 15:49:51 | 0.534606    0.519231    0.000000    0.645992    0.646434    0.691893    1.049645    0.638889    0.643836    0.731008    0.534606    0.646434    0.519231    0.638889    0.648148    0.652778    3400        494.545455  0.222068    0.105861    0.556623    5.569907   
[36mINFO[0m 08/01 15:50:02 | 0.568019    0.528846    0.000000    0.650812    0.592367    0.675565    0.977838    0.584074    0.616438    0.677519    0.568019    0.592367    0.528846    0.584074    0.685185    0.673611    3500        509.090909  0.212009    0.102576    0.519443    5.569907   
[36mINFO[0m 08/01 15:50:13 | 0.527446    0.576923    0.000000    0.691908    0.597904    0.700581    0.885605    0.609259    0.698630    0.751163    0.527446    0.597904    0.576923    0.609259    0.685185    0.650000    3600        523.636364  0.198257    0.107803    0.497144    5.569907   
[36mINFO[0m 08/01 15:50:24 | 0.608592    0.596154    0.000000    0.627473    0.643951    0.667474    0.931741    0.641481    0.643836    0.682171    0.608592    0.643951    0.596154    0.641481    0.611111    0.652778    3700        538.181818  0.234231    0.104248    0.538842    5.569907   
[36mINFO[0m 08/01 15:50:35 | 0.539379    0.576923    0.000000    0.680619    0.597881    0.709448    0.915029    0.592222    0.657534    0.714729    0.539379    0.597881    0.576923    0.592222    0.703704    0.704167    3800        552.727273  0.212991    0.104842    0.518912    5.569907   
[36mINFO[0m 08/01 15:50:47 | 0.532220    0.557692    0.000000    0.662100    0.593301    0.685610    0.976469    0.601111    0.657534    0.717054    0.532220    0.593301    0.557692    0.601111    0.666667    0.654167    3900        567.272727  0.233047    0.107530    0.545649    5.569907   
[36mINFO[0m 08/01 15:50:58 | 0.548926    0.586538    0.000000    0.687468    0.601823    0.716150    0.862962    0.582963    0.671233    0.710078    0.548926    0.601823    0.586538    0.582963    0.703704    0.722222    4000        581.818182  0.219297    0.106344    0.499157    5.569907   
[36mINFO[0m 08/01 15:51:09 | 0.486874    0.548077    0.000000    0.691908    0.492823    0.729360    0.782649    0.540741    0.698630    0.750388    0.486874    0.492823    0.548077    0.540741    0.685185    0.708333    4100        596.363636  0.197400    0.107031    0.515384    5.569907   
[36mINFO[0m 08/01 15:51:20 | 0.558473    0.567308    0.000000    0.662100    0.595170    0.669251    0.943017    0.599259    0.657534    0.682946    0.558473    0.595170    0.567308    0.599259    0.666667    0.655556    4200        610.909091  0.200349    0.105690    0.526102    5.569907   
[36mINFO[0m 08/01 15:51:31 | 0.544153    0.538462    0.000000    0.698757    0.577352    0.686256    1.044435    0.555926    0.712329    0.696124    0.544153    0.577352    0.538462    0.555926    0.685185    0.676389    4300        625.454545  0.231133    0.106078    0.513366    5.569907   
[36mINFO[0m 08/01 15:51:42 | 0.570406    0.500000    0.000000    0.666540    0.594987    0.652503    1.080321    0.569630    0.684932    0.681395    0.570406    0.594987    0.500000    0.569630    0.648148    0.623611    4400        640.000000  0.225632    0.106450    0.502598    5.569907   
[36mINFO[0m 08/01 15:51:53 | 0.560859    0.615385    0.000000    0.659691    0.581157    0.679877    1.082048    0.658148    0.671233    0.706977    0.560859    0.581157    0.615385    0.658148    0.648148    0.652778    4500        654.545455  0.219848    0.105079    0.524315    5.569907   
[36mINFO[0m 08/01 15:52:04 | 0.544153    0.451923    0.000000    0.657281    0.568717    0.670720    1.073340    0.530741    0.684932    0.717829    0.544153    0.568717    0.451923    0.530741    0.629630    0.623611    4600        669.090909  0.219605    0.101670    0.516486    5.569907   
[36mINFO[0m 08/01 15:52:15 | 0.525060    0.576923    0.000000    0.668950    0.601025    0.705023    0.824698    0.638889    0.671233    0.736434    0.525060    0.601025    0.576923    0.638889    0.666667    0.673611    4700        683.636364  0.245126    0.104769    0.560926    5.569907   
[36mINFO[0m 08/01 15:52:26 | 0.608592    0.605769    0.000000    0.660071    0.588243    0.702842    0.899302    0.628519    0.616438    0.727907    0.608592    0.588243    0.605769    0.628519    0.703704    0.677778    4800        698.181818  0.196727    0.103513    0.548060    5.569907   
[36mINFO[0m 08/01 15:52:37 | 0.563246    0.567308    0.000000    0.678209    0.589633    0.683753    0.888397    0.626296    0.671233    0.714729    0.563246    0.589633    0.567308    0.626296    0.685185    0.652778    4900        712.727273  0.198190    0.105697    0.532742    5.569907   
[36mINFO[0m 08/01 15:52:48 | 0.536993    0.461538    0.000000    0.671360    0.568535    0.686353    0.895908    0.555185    0.657534    0.704651    0.536993    0.568535    0.461538    0.555185    0.685185    0.668056    5000        727.272727  0.202569    0.104691    0.529088    5.569907   
[36mINFO[0m 08/01 15:52:48 | ---
[36mINFO[0m 08/01 15:52:48 | oracle = 70.883%
[36mINFO[0m 08/01 15:52:48 | iid = 56.563%
[36mINFO[0m 08/01 15:52:48 | last = 53.699%
[36mINFO[0m 08/01 15:52:48 | last (inD) = 67.136%
[36mINFO[0m 08/01 15:52:48 | iid (inD) = 71.487%
[36mINFO[0m 08/01 15:52:49 | 
[36mINFO[0m 08/01 15:52:49 | Testenv name escaping te_02 -> te_02
[36mINFO[0m 08/01 15:52:49 | Test envs = [2], name = te_02
[36mINFO[0m 08/01 15:52:49 | Batch sizes for each domain: [32, 32, 0] (total=64)
[36mINFO[0m 08/01 15:52:49 | steps-per-epoch for each domain: 9.19, 13.09 -> min = 9.19
/home/s21_yhr/miniconda3/envs/GGA/lib/python3.11/site-packages/torchvision/models/_utils.py:208: UserWarning: The parameter 'pretrained' is deprecated since 0.13 and may be removed in the future, please use 'weights' instead.
  warnings.warn(
/home/s21_yhr/miniconda3/envs/GGA/lib/python3.11/site-packages/torchvision/models/_utils.py:223: UserWarning: Arguments other than a weight enum or `None` for 'weights' are deprecated since 0.13 and may be removed in the future. The current behavior is equivalent to passing `weights=ResNet50_Weights.IMAGENET1K_V1`. You can also use `weights=ResNet50_Weights.DEFAULT` to get the most up-to-date weights.
  warnings.warn(msg)
[36mINFO[0m 08/01 15:52:53 | # of params = 23512130
[36mINFO[0m 08/01 15:52:53 | test_in     test_out    train_in    train_out   test_in_au  train_out_  tr_outloss  test_out_a  env0_out    env0_out_a  env1_out    env1_out_a  env2_in     env2_in_au  env2_out    env2_out_a  step        epoch       loss        step_time   eval_time   mem_gb     
[36mINFO[0m 08/01 15:52:53 | 0.577273    0.555556    0.000000    0.554136    0.472780    0.539121    0.747462    0.494444    0.589041    0.427132    0.519231    0.651111    0.577273    0.472780    0.555556    0.494444    0           0.000000    0.836806    0.106242    0.437681    5.321729   
[36mINFO[0m 08/01 15:53:04 | 0.622727    0.592593    0.000000    0.662079    0.593345    0.754444    0.566849    0.590278    0.506849    0.600000    0.817308    0.908889    0.622727    0.593345    0.592593    0.590278    100         10.884354   0.664275    0.106163    0.362217    5.569907   
[36mINFO[0m 08/01 15:53:15 | 0.577273    0.555556    0.000000    0.684536    0.594615    0.815431    0.589762    0.613889    0.657534    0.719380    0.711538    0.911481    0.577273    0.594615    0.555556    0.613889    200         21.768707   0.608164    0.105822    0.375996    5.569907   
[36mINFO[0m 08/01 15:53:26 | 0.586364    0.537037    0.000000    0.656415    0.562272    0.793592    0.741136    0.559722    0.630137    0.678295    0.682692    0.908889    0.586364    0.562272    0.537037    0.559722    300         32.653061   0.576173    0.103634    0.391075    5.569907   
[36mINFO[0m 08/01 15:53:37 | 0.500000    0.537037    0.000000    0.754610    0.587165    0.813544    0.505800    0.568056    0.643836    0.684496    0.865385    0.942593    0.500000    0.587165    0.537037    0.568056    400         43.537415   0.504958    0.106282    0.378113    5.569907   
[36mINFO[0m 08/01 15:53:48 | 0.504545    0.555556    0.000000    0.754610    0.520701    0.814014    0.513203    0.572222    0.643836    0.680620    0.865385    0.947407    0.504545    0.520701    0.555556    0.572222    500         54.421769   0.460399    0.109952    0.414260    5.569907   
[36mINFO[0m 08/01 15:53:59 | 0.545455    0.555556    0.000000    0.641992    0.510372    0.804414    0.750917    0.525000    0.630137    0.673643    0.653846    0.935185    0.545455    0.510372    0.555556    0.525000    600         65.306122   0.399359    0.105493    0.381079    5.569907   
[36mINFO[0m 08/01 15:54:10 | 0.554545    0.537037    0.000000    0.737421    0.537973    0.821770    0.651693    0.572222    0.657534    0.704651    0.817308    0.938889    0.554545    0.537973    0.537037    0.572222    700         76.190476   0.356758    0.106590    0.367476    5.569907   
[36mINFO[0m 08/01 15:54:21 | 0.536364    0.629630    0.000000    0.663988    0.551181    0.793949    0.802189    0.641667    0.616438    0.686047    0.711538    0.901852    0.536364    0.551181    0.629630    0.641667    800         87.074830   0.365702    0.104315    0.377894    5.569907   
[36mINFO[0m 08/01 15:54:32 | 0.550000    0.574074    0.000000    0.696918    0.534502    0.806421    0.823885    0.591667    0.643836    0.713953    0.750000    0.898889    0.550000    0.534502    0.574074    0.591667    900         97.959184   0.316266    0.105520    0.358390    5.569907   
[36mINFO[0m 08/01 15:54:43 | 0.500000    0.574074    0.000000    0.755927    0.504106    0.794849    0.715906    0.595833    0.684932    0.701550    0.826923    0.888148    0.500000    0.504106    0.574074    0.595833    1000        108.843537  0.297155    0.105916    0.360577    5.569907   
[36mINFO[0m 08/01 15:54:54 | 0.545455    0.555556    0.000000    0.715424    0.541783    0.808243    0.732241    0.633333    0.671233    0.720930    0.759615    0.895556    0.545455    0.541783    0.555556    0.633333    1100        119.727891  0.290838    0.106426    0.385569    5.569907   
[36mINFO[0m 08/01 15:55:05 | 0.577273    0.592593    0.000000    0.751120    0.573279    0.830917    0.628061    0.616667    0.684932    0.749612    0.817308    0.912222    0.577273    0.573279    0.592593    0.616667    1200        130.612245  0.290841    0.106386    0.359178    5.569907   
[36mINFO[0m 08/01 15:55:16 | 0.518182    0.574074    0.000000    0.717466    0.540682    0.789268    0.678821    0.572222    0.684932    0.717054    0.750000    0.861481    0.518182    0.540682    0.574074    0.572222    1300        141.496599  0.272738    0.105466    0.425879    5.569907   
[36mINFO[0m 08/01 15:55:27 | 0.536364    0.574074    0.000000    0.710616    0.538481    0.827963    0.594231    0.572222    0.671233    0.733333    0.750000    0.922593    0.536364    0.538481    0.574074    0.572222    1400        152.380952  0.276012    0.106943    0.382353    5.569907   
[36mINFO[0m 08/01 15:55:38 | 0.622727    0.629630    0.000000    0.700277    0.593515    0.796314    0.815340    0.591667    0.698630    0.700775    0.701923    0.891852    0.622727    0.593515    0.629630    0.591667    1500        163.265306  0.276502    0.108048    0.372863    5.569907   
[36mINFO[0m 08/01 15:55:49 | 0.531818    0.555556    0.000000    0.741504    0.547625    0.796107    0.634233    0.644444    0.684932    0.724806    0.798077    0.867407    0.531818    0.547625    0.555556    0.644444    1600        174.149660  0.255944    0.103511    0.353672    5.569907   
[36mINFO[0m 08/01 15:56:00 | 0.509091    0.592593    0.000000    0.727081    0.492084    0.830663    0.597643    0.577778    0.684932    0.746512    0.769231    0.914815    0.509091    0.492084    0.592593    0.577778    1700        185.034014  0.251644    0.104744    0.348769    5.569907   
[36mINFO[0m 08/01 15:56:11 | 0.577273    0.592593    0.000000    0.758693    0.586826    0.809638    0.664950    0.608333    0.671233    0.717054    0.846154    0.902222    0.577273    0.586826    0.592593    0.608333    1800        195.918367  0.266794    0.105596    0.410218    5.569907   
[36mINFO[0m 08/01 15:56:22 | 0.572727    0.648148    0.000000    0.671562    0.580984    0.817929    0.680912    0.612500    0.602740    0.731783    0.740385    0.904074    0.572727    0.580984    0.648148    0.612500    1900        206.802721  0.269826    0.106944    0.367558    5.569907   
[36mINFO[0m 08/01 15:56:33 | 0.554545    0.500000    0.000000    0.718915    0.562865    0.810685    0.641233    0.584722    0.630137    0.722481    0.807692    0.898889    0.554545    0.562865    0.500000    0.584722    2000        217.687075  0.244581    0.105376    0.357237    5.569907   
[36mINFO[0m 08/01 15:56:44 | 0.559091    0.611111    0.000000    0.719507    0.557700    0.808131    0.666632    0.570833    0.698630    0.732558    0.740385    0.883704    0.559091    0.557700    0.611111    0.570833    2100        228.571429  0.250673    0.104695    0.365204    5.569907   
[36mINFO[0m 08/01 15:56:55 | 0.527273    0.555556    0.000000    0.716741    0.548556    0.788381    0.661732    0.593056    0.712329    0.727132    0.721154    0.849630    0.527273    0.548556    0.555556    0.593056    2200        239.455782  0.243340    0.107444    0.379590    5.569907   
[36mINFO[0m 08/01 15:57:06 | 0.568182    0.500000    0.000000    0.718783    0.575057    0.770457    0.727006    0.544444    0.726027    0.737209    0.711538    0.803704    0.568182    0.575057    0.500000    0.544444    2300        250.340136  0.250277    0.107464    0.360222    5.569907   
[36mINFO[0m 08/01 15:57:17 | 0.527273    0.574074    0.000000    0.715424    0.544323    0.769410    0.680676    0.622222    0.671233    0.665116    0.759615    0.873704    0.527273    0.544323    0.574074    0.622222    2400        261.224490  0.263789    0.108455    0.374359    5.569907   
[36mINFO[0m 08/01 15:57:28 | 0.527273    0.629630    0.000000    0.715424    0.550927    0.803286    0.586914    0.655556    0.671233    0.739535    0.759615    0.867037    0.527273    0.550927    0.629630    0.655556    2500        272.108844  0.230766    0.106210    0.378309    5.569907   
[36mINFO[0m 08/01 15:57:39 | 0.550000    0.629630    0.000000    0.670838    0.545932    0.807898    0.631139    0.565278    0.630137    0.705426    0.711538    0.910370    0.550000    0.545932    0.629630    0.565278    2600        282.993197  0.263885    0.106129    0.379160    5.569907   
[36mINFO[0m 08/01 15:57:50 | 0.590909    0.592593    0.000000    0.701001    0.572009    0.790603    0.782739    0.659722    0.671233    0.727132    0.730769    0.854074    0.590909    0.572009    0.592593    0.659722    2700        293.877551  0.228208    0.104796    0.361535    5.569907   
[36mINFO[0m 08/01 15:58:01 | 0.536364    0.611111    0.000000    0.720956    0.585556    0.801658    0.575329    0.666667    0.643836    0.716279    0.798077    0.887037    0.536364    0.585556    0.611111    0.666667    2800        304.761905  0.206741    0.106684    0.385153    5.569907   
[36mINFO[0m 08/01 15:58:12 | 0.568182    0.629630    0.000000    0.709299    0.581322    0.754018    0.761686    0.694444    0.630137    0.622481    0.788462    0.885556    0.568182    0.581322    0.629630    0.694444    2900        315.646259  0.227111    0.104717    0.376096    5.569907   
[36mINFO[0m 08/01 15:58:23 | 0.581818    0.555556    0.000000    0.682495    0.586318    0.784427    0.676764    0.601389    0.643836    0.732558    0.721154    0.836296    0.581818    0.586318    0.555556    0.601389    3000        326.530612  0.228429    0.106769    0.365224    5.569907   
[36mINFO[0m 08/01 15:58:34 | 0.509091    0.629630    0.000000    0.717466    0.565574    0.782511    0.756434    0.684722    0.684932    0.704651    0.750000    0.860370    0.509091    0.565574    0.629630    0.684722    3100        337.414966  0.220378    0.104635    0.359043    5.569907   
[36mINFO[0m 08/01 15:58:45 | 0.518182    0.555556    0.000000    0.704492    0.542376    0.782713    0.642100    0.586111    0.630137    0.705426    0.778846    0.860000    0.518182    0.542376    0.555556    0.586111    3200        348.299320  0.233339    0.106792    0.376487    5.569907   
[36mINFO[0m 08/01 15:58:56 | 0.527273    0.555556    0.000000    0.696918    0.517653    0.797670    0.643697    0.598611    0.643836    0.720155    0.750000    0.875185    0.527273    0.517653    0.555556    0.598611    3300        359.183673  0.225109    0.104827    0.362055    5.569907   
[36mINFO[0m 08/01 15:59:07 | 0.554545    0.629630    0.000000    0.705809    0.564304    0.780271    0.645596    0.654167    0.671233    0.703876    0.740385    0.856667    0.554545    0.564304    0.629630    0.654167    3400        370.068027  0.204644    0.109617    0.382165    5.569907   
[36mINFO[0m 08/01 15:59:18 | 0.468182    0.537037    0.000000    0.696918    0.515706    0.787046    0.698447    0.626389    0.643836    0.717054    0.750000    0.857037    0.468182    0.515706    0.537037    0.626389    3500        380.952381  0.239480    0.103205    0.371054    5.569907   
[36mINFO[0m 08/01 15:59:29 | 0.577273    0.611111    0.000000    0.720232    0.586995    0.834815    0.649955    0.636111    0.671233    0.766667    0.769231    0.902963    0.577273    0.586995    0.611111    0.636111    3600        391.836735  0.212922    0.107513    0.345535    5.569907   
[36mINFO[0m 08/01 15:59:40 | 0.504545    0.611111    0.000000    0.731164    0.529168    0.798674    0.602737    0.600000    0.712329    0.740310    0.750000    0.857037    0.504545    0.529168    0.611111    0.600000    3700        402.721088  0.230915    0.102219    0.371374    5.569907   
[36mINFO[0m 08/01 15:59:50 | 0.486364    0.592593    0.000000    0.724315    0.515706    0.802097    0.608353    0.637500    0.698630    0.752713    0.750000    0.851481    0.486364    0.515706    0.592593    0.637500    3800        413.605442  0.210884    0.104792    0.357866    5.569907   
[36mINFO[0m 08/01 16:00:01 | 0.472727    0.481481    0.000000    0.741504    0.525612    0.807976    0.686130    0.613889    0.684932    0.725581    0.798077    0.890370    0.472727    0.525612    0.481481    0.613889    3900        424.489796  0.217816    0.106518    0.354259    5.569907   
[36mINFO[0m 08/01 16:00:12 | 0.522727    0.574074    0.000000    0.734655    0.542376    0.811180    0.733405    0.588889    0.671233    0.736434    0.798077    0.885926    0.522727    0.542376    0.574074    0.588889    4000        435.374150  0.215622    0.104783    0.350476    5.569907   
[36mINFO[0m 08/01 16:00:23 | 0.568182    0.592593    0.000000    0.724315    0.592922    0.786848    0.712631    0.676389    0.698630    0.724806    0.750000    0.848889    0.568182    0.592922    0.592593    0.676389    4100        446.258503  0.201623    0.106507    0.375844    5.569907   
[36mINFO[0m 08/01 16:00:34 | 0.554545    0.574074    0.000000    0.751120    0.532216    0.824165    0.609769    0.630556    0.684932    0.745736    0.817308    0.902593    0.554545    0.532216    0.574074    0.630556    4200        457.142857  0.223843    0.103523    0.351501    5.569907   
[36mINFO[0m 08/01 16:00:45 | 0.577273    0.592593    0.000000    0.698235    0.559902    0.816490    0.603227    0.605556    0.684932    0.750388    0.711538    0.882593    0.577273    0.559902    0.592593    0.605556    4300        468.027211  0.235397    0.105599    0.357968    5.569907   
[36mINFO[0m 08/01 16:00:56 | 0.495455    0.537037    0.000000    0.716149    0.533740    0.809462    0.577805    0.611111    0.643836    0.734109    0.788462    0.884815    0.495455    0.533740    0.537037    0.611111    4400        478.911565  0.230987    0.102087    0.415718    5.569907   
[36mINFO[0m 08/01 16:01:07 | 0.554545    0.555556    0.000000    0.665306    0.554314    0.798432    0.750480    0.597222    0.657534    0.729457    0.673077    0.867407    0.554545    0.554314    0.555556    0.597222    4500        489.795918  0.224757    0.107271    0.368731    5.569907   
[36mINFO[0m 08/01 16:01:18 | 0.568182    0.537037    0.000000    0.689344    0.539412    0.781951    0.683881    0.626389    0.657534    0.729457    0.721154    0.834444    0.568182    0.539412    0.537037    0.626389    4600        500.680272  0.223353    0.105545    0.355005    5.569907   
[36mINFO[0m 08/01 16:01:29 | 0.572727    0.611111    0.000000    0.722998    0.591906    0.796301    0.730117    0.626389    0.657534    0.708527    0.788462    0.884074    0.572727    0.591906    0.611111    0.626389    4700        511.564626  0.200494    0.106524    0.399959    5.569907   
[36mINFO[0m 08/01 16:01:40 | 0.563636    0.518519    0.000000    0.698959    0.545085    0.774212    0.681414    0.591667    0.657534    0.706202    0.740385    0.842222    0.563636    0.545085    0.518519    0.591667    4800        522.448980  0.206358    0.106020    0.375552    5.569907   
[36mINFO[0m 08/01 16:01:50 | 0.518182    0.537037    0.000000    0.670113    0.528660    0.765991    0.815052    0.556944    0.657534    0.694574    0.682692    0.837407    0.518182    0.528660    0.537037    0.556944    4900        533.333333  0.204879    0.103983    0.376321    5.569907   
[36mINFO[0m 08/01 16:02:01 | 0.568182    0.500000    0.000000    0.731889    0.575057    0.794823    0.669765    0.526389    0.684932    0.717054    0.778846    0.872593    0.568182    0.575057    0.500000    0.526389    5000        544.217687  0.215660    0.103515    0.354349    5.569907   
[36mINFO[0m 08/01 16:02:01 | ---
[36mINFO[0m 08/01 16:02:01 | oracle = 57.273%
[36mINFO[0m 08/01 16:02:01 | iid = 57.727%
[36mINFO[0m 08/01 16:02:01 | last = 56.818%
[36mINFO[0m 08/01 16:02:01 | last (inD) = 73.189%
[36mINFO[0m 08/01 16:02:01 | iid (inD) = 75.869%
[36mINFO[0m 08/01 16:02:02 | === Summary ===
[36mINFO[0m 08/01 16:02:02 | Command: /home/s21_yhr/lzh/DomainBed-new/train_all.py HTP_Mixup_seed3 --dataset HTP --data_dir /home/s21_yhr/lzh/DomainBed-new/dataset --algorithm Mixup --steps 5000 --checkpoint_freq 100 --batch_size 32 --optimizer adam --lr 5e-5 --weight_decay 0 --resnet_dropout 0 --resnet18 False --pretrained True --freeze_bn True --swad False --seed 3 --trial_seed 3 --deterministic --prebuild_loader --cache_size 640 --mixup_alpha 0.2
[36mINFO[0m 08/01 16:02:02 | Unique name: 260801_15-34-16_HTP_Mixup_seed3
[36mINFO[0m 08/01 16:02:02 | Out path: train_output/HTP/260801_15-34-16_HTP_Mixup_seed3
[36mINFO[0m 08/01 16:02:02 | Algorithm: Mixup
[36mINFO[0m 08/01 16:02:02 | Dataset: HTP
+------------+---------+---------+---------+---------+
| Selection  |    00   |    01   |    02   |   Avg.  |
+------------+---------+---------+---------+---------+
|   oracle   | 56.463% | 70.883% | 57.273% | 61.539% |
|    iid     | 50.680% | 56.563% | 57.727% | 54.990% |
|    last    | 54.762% | 53.699% | 56.818% | 55.093% |
| last (inD) | 67.130% | 67.136% | 73.189% | 69.151% |
| iid (inD)  | 74.234% | 71.487% | 75.869% | 73.863% |
+------------+---------+---------+---------+---------+
================================================================================
Starting Mixup, seed=4, physical GPU=3
/home/s21_yhr/miniconda3/envs/GGA/bin/python /home/s21_yhr/lzh/DomainBed-new/train_all.py HTP_Mixup_seed4 --dataset HTP --data_dir /home/s21_yhr/lzh/DomainBed-new/dataset --algorithm Mixup --steps 5000 --checkpoint_freq 100 --batch_size 32 --optimizer adam --lr 5e-5 --weight_decay 0 --resnet_dropout 0 --resnet18 False --pretrained True --freeze_bn True --swad False --seed 4 --trial_seed 4 --deterministic --prebuild_loader --cache_size 640 --mixup_alpha 0.2
================================================================================
[36mINFO[0m 08/01 16:02:07 | Command :: /home/s21_yhr/lzh/DomainBed-new/train_all.py HTP_Mixup_seed4 --dataset HTP --data_dir /home/s21_yhr/lzh/DomainBed-new/dataset --algorithm Mixup --steps 5000 --checkpoint_freq 100 --batch_size 32 --optimizer adam --lr 5e-5 --weight_decay 0 --resnet_dropout 0 --resnet18 False --pretrained True --freeze_bn True --swad False --seed 4 --trial_seed 4 --deterministic --prebuild_loader --cache_size 640 --mixup_alpha 0.2
Environment:
	Python: 3.11.15
	PyTorch: 2.11.0+cu128
	Torchvision: 0.26.0+cu128
	CUDA: 12.8
	CUDNN: 91900
	NumPy: 1.26.4
	PIL: 12.2.0
Args:
	algorithm: Mixup
	batch_size: 32
	cache_root: cache
	cache_size: 640
	checkpoint_freq: 100
	configs: []
	data_dir: /home/s21_yhr/lzh/DomainBed-new/dataset
	dataset: HTP
	debug: False
	deterministic: True
	end_step: 200
	evalmode: fast
	extra_search: n
	extra_search_end: None
	extra_search_start: None
	gga_l_gamma: 0.001
	grad_fn: sum
	holdout_fraction: 0.2
	model_save: None
	name: HTP_Mixup_seed4
	neighborhoodSize: 1e-06
	out_dir: train_output/HTP/260801_16-02-07_HTP_Mixup_seed4
	out_root: train_output/HTP
	prebuild_loader: True
	seed: 4
	show: False
	start_step: 100
	steps: 5000
	tb_freq: 10
	test_envs: None
	train_output: train_output
	trial_seed: 4
	unique_name: 260801_16-02-07_HTP_Mixup_seed4
	work_dir: .
HParams:
	data_augmentation: True
	val_augment: False
	[36mresnet18: False
	[0m[36mresnet_dropout: 0
	[0mclass_balanced: False
	[36moptimizer: adam
	[0m[36mfreeze_bn: True
	[0m[36mpretrained: True
	[0m[36mlr: 5e-05
	[0mbatch_size: 32
	[36mweight_decay: 0
	[0m[36mmixup_alpha: 0.2
	[0m[36mswad: False
	[0mswad_kwargs: 
	  n_converge: 3
	  n_tolerance: 6
	  tolerance_ratio: 0.3
	test_batchsize: 128
	indomain_test: False
	grad_fn: sum
	extra_search: n
	logdir: train_output/HTP/260801_16-02-07_HTP_Mixup_seed4
	neighborhoodSize: 1e-06
	start_step: 100
	end_step: 200
	extra_search_start: None
	extra_search_end: None
	gga_l_gamma: 0.001
Dataset:
	[HTP] #envs=3, #classes=2
	env0: 00 (#367)
	env1: 01 (#523)
	env2: 02 (#274)

[36mINFO[0m 08/01 16:02:08 | n_steps = 5000
[36mINFO[0m 08/01 16:02:08 | checkpoint_freq = 100
[36mINFO[0m 08/01 16:02:08 | n_steps is updated to 5000 => 5001 for checkpointing
[36mINFO[0m 08/01 16:02:08 | Target test envs = [[0], [1], [2]]
[36mINFO[0m 08/01 16:02:08 | 
[36mINFO[0m 08/01 16:02:08 | Testenv name escaping te_00 -> te_00
[36mINFO[0m 08/01 16:02:08 | Test envs = [0], name = te_00
[36mINFO[0m 08/01 16:02:08 | Batch sizes for each domain: [0, 32, 32] (total=64)
[36mINFO[0m 08/01 16:02:08 | steps-per-epoch for each domain: 13.09, 6.88 -> min = 6.88
/home/s21_yhr/miniconda3/envs/GGA/lib/python3.11/site-packages/torchvision/models/_utils.py:208: UserWarning: The parameter 'pretrained' is deprecated since 0.13 and may be removed in the future, please use 'weights' instead.
  warnings.warn(
/home/s21_yhr/miniconda3/envs/GGA/lib/python3.11/site-packages/torchvision/models/_utils.py:223: UserWarning: Arguments other than a weight enum or `None` for 'weights' are deprecated since 0.13 and may be removed in the future. The current behavior is equivalent to passing `weights=ResNet50_Weights.IMAGENET1K_V1`. You can also use `weights=ResNet50_Weights.DEFAULT` to get the most up-to-date weights.
  warnings.warn(msg)
[36mINFO[0m 08/01 16:02:11 | # of params = 23512130
[36mINFO[0m 08/01 16:02:12 | test_in     test_out    train_in    train_out   test_in_au  test_out_a  train_out_  tr_outloss  env0_in     env0_in_au  env0_out    env0_out_a  env1_out    env1_out_a  env2_out    env2_out_a  step        epoch       loss        step_time   eval_time   mem_gb     
[36mINFO[0m 08/01 16:02:12 | 0.445578    0.397260    0.000000    0.435541    0.534207    0.491379    0.703905    0.798127    0.445578    0.534207    0.397260    0.491379    0.519231    0.842397    0.351852    0.565414    0           0.000000    0.702114    0.787322    0.640553    5.321118   
[36mINFO[0m 08/01 16:02:23 | 0.544218    0.506849    0.000000    0.700855    0.545900    0.448276    0.777576    0.576645    0.544218    0.545900    0.506849    0.448276    0.846154    0.937107    0.555556    0.618045    100         14.545455   0.621264    0.107530    0.405661    5.567954   
[36mINFO[0m 08/01 16:02:34 | 0.551020    0.520548    0.000000    0.709758    0.564572    0.445925    0.766925    0.643175    0.551020    0.564572    0.520548    0.445925    0.826923    0.882723    0.592593    0.651128    200         29.090909   0.515753    0.106366    0.411832    5.567954   
[36mINFO[0m 08/01 16:02:45 | 0.574830    0.520548    0.000000    0.727920    0.562921    0.456113    0.806226    0.617711    0.574830    0.562921    0.520548    0.456113    0.807692    0.904181    0.648148    0.708271    300         43.636364   0.426436    0.104840    0.439845    5.567954   
[36mINFO[0m 08/01 16:02:57 | 0.544218    0.479452    0.000000    0.732728    0.529162    0.456897    0.810218    0.753778    0.544218    0.529162    0.479452    0.456897    0.817308    0.898631    0.648148    0.721805    400         58.181818   0.395078    0.107725    0.420508    5.567954   
[36mINFO[0m 08/01 16:03:08 | 0.544218    0.438356    0.000000    0.700855    0.547456    0.477273    0.780727    0.704578    0.544218    0.547456    0.438356    0.477273    0.846154    0.919349    0.555556    0.642105    500         72.727273   0.341120    0.106558    0.406289    5.567954   
[36mINFO[0m 08/01 16:03:19 | 0.564626    0.547945    0.000000    0.727208    0.544627    0.536050    0.812628    0.746115    0.564626    0.544627    0.547945    0.536050    0.769231    0.926008    0.685185    0.699248    600         87.272727   0.354408    0.106568    0.417224    5.567954   
[36mINFO[0m 08/01 16:03:30 | 0.574830    0.534247    0.000000    0.704594    0.558489    0.490596    0.824181    0.770216    0.574830    0.558489    0.534247    0.490596    0.798077    0.938587    0.611111    0.709774    700         101.818182  0.299444    0.107017    0.412028    5.567954   
[36mINFO[0m 08/01 16:03:41 | 0.561224    0.520548    0.000000    0.723113    0.556556    0.436520    0.824330    0.660496    0.561224    0.556556    0.520548    0.436520    0.798077    0.943396    0.648148    0.705263    800         116.363636  0.296713    0.102769    0.412982    5.567954   
[36mINFO[0m 08/01 16:03:52 | 0.547619    0.547945    0.000000    0.727920    0.539629    0.496082    0.810730    0.730036    0.547619    0.539629    0.547945    0.496082    0.807692    0.928228    0.648148    0.693233    900         130.909091  0.296405    0.106516    0.478022    5.567954   
[36mINFO[0m 08/01 16:04:03 | 0.571429    0.575342    0.000000    0.766382    0.571267    0.508621    0.806577    0.793592    0.571429    0.571267    0.575342    0.508621    0.884615    0.930448    0.648148    0.682707    1000        145.454545  0.276536    0.104728    0.458533    5.567954   
[36mINFO[0m 08/01 16:04:14 | 0.578231    0.561644    0.000000    0.717949    0.556698    0.495298    0.795037    0.804199    0.578231    0.556698    0.561644    0.495298    0.769231    0.916389    0.666667    0.673684    1100        160.000000  0.275163    0.105090    0.558803    5.567954   
[36mINFO[0m 08/01 16:04:25 | 0.540816    0.520548    0.000000    0.710114    0.554387    0.497649    0.829586    0.660450    0.540816    0.554387    0.520548    0.497649    0.846154    0.967444    0.574074    0.691729    1200        174.545455  0.271768    0.107857    0.468092    5.567954   
[36mINFO[0m 08/01 16:04:36 | 0.585034    0.575342    0.000000    0.694623    0.556603    0.507837    0.800759    0.666389    0.585034    0.556603    0.575342    0.507837    0.759615    0.929338    0.629630    0.672180    1300        189.090909  0.262662    0.104394    0.434894    5.567954   
[36mINFO[0m 08/01 16:04:47 | 0.571429    0.547945    0.000000    0.700499    0.564053    0.474138    0.792626    0.749937    0.571429    0.564053    0.547945    0.474138    0.826923    0.935627    0.574074    0.649624    1400        203.636364  0.273993    0.103407    0.409333    5.567954   
[36mINFO[0m 08/01 16:04:57 | 0.574830    0.493151    0.000000    0.742343    0.571031    0.553292    0.806356    0.662271    0.574830    0.571031    0.493151    0.553292    0.836538    0.934517    0.648148    0.678195    1500        218.181818  0.269929    0.103154    0.428453    5.567954   
[36mINFO[0m 08/01 16:05:08 | 0.537415    0.534247    0.000000    0.742699    0.565373    0.532132    0.812693    0.710715    0.537415    0.565373    0.534247    0.532132    0.855769    0.941176    0.629630    0.684211    1600        232.727273  0.259295    0.102693    0.512014    5.567954   
[36mINFO[0m 08/01 16:05:19 | 0.571429    0.534247    0.000000    0.724181    0.577019    0.534483    0.784725    0.756947    0.571429    0.577019    0.534247    0.534483    0.855769    0.936367    0.592593    0.633083    1700        247.272727  0.261848    0.105615    0.486956    5.567954   
[36mINFO[0m 08/01 16:05:30 | 0.547619    0.589041    0.000000    0.703882    0.568438    0.550940    0.811231    0.610681    0.547619    0.568438    0.589041    0.550940    0.759615    0.959304    0.648148    0.663158    1800        261.818182  0.282883    0.103582    0.418026    5.567954   
[36mINFO[0m 08/01 16:05:41 | 0.557823    0.465753    0.000000    0.747151    0.550097    0.479624    0.836276    0.589418    0.557823    0.550097    0.465753    0.479624    0.846154    0.953755    0.648148    0.718797    1900        276.363636  0.264186    0.105188    0.420724    5.567954   
[36mINFO[0m 08/01 16:05:52 | 0.527211    0.493151    0.000000    0.728276    0.552690    0.486677    0.829079    0.643279    0.527211    0.552690    0.493151    0.486677    0.826923    0.960414    0.629630    0.697744    2000        290.909091  0.265629    0.104980    0.452227    5.567954   
[36mINFO[0m 08/01 16:06:03 | 0.557823    0.547945    0.000000    0.709402    0.549767    0.521944    0.797567    0.726199    0.557823    0.549767    0.547945    0.521944    0.807692    0.928968    0.611111    0.666165    2100        305.454545  0.251489    0.104670    0.401171    5.567954   
[36mINFO[0m 08/01 16:06:14 | 0.564626    0.616438    0.000000    0.746795    0.561648    0.550940    0.805808    0.604727    0.564626    0.561648    0.616438    0.550940    0.826923    0.909360    0.666667    0.702256    2200        320.000000  0.228765    0.103528    0.419978    5.567954   
[36mINFO[0m 08/01 16:06:24 | 0.608844    0.575342    0.000000    0.684651    0.582111    0.457680    0.836473    0.752881    0.608844    0.582111    0.575342    0.457680    0.721154    0.952645    0.648148    0.720301    2300        334.545455  0.268086    0.104013    0.400279    5.567954   
[36mINFO[0m 08/01 16:06:35 | 0.564626    0.506849    0.000000    0.680199    0.540902    0.458464    0.817628    0.909575    0.564626    0.540902    0.506849    0.458464    0.730769    0.958565    0.629630    0.676692    2400        349.090909  0.217786    0.105451    0.414582    5.567954   
[36mINFO[0m 08/01 16:06:46 | 0.537415    0.506849    0.000000    0.737892    0.538498    0.495298    0.808415    0.610719    0.537415    0.538498    0.506849    0.495298    0.846154    0.935627    0.629630    0.681203    2500        363.636364  0.289389    0.104159    0.412385    5.567954   
[36mINFO[0m 08/01 16:06:57 | 0.564626    0.452055    0.000000    0.728276    0.571738    0.470219    0.822026    0.637041    0.564626    0.571738    0.452055    0.470219    0.826923    0.949316    0.629630    0.694737    2600        378.181818  0.250605    0.107199    0.422556    5.567954   
[36mINFO[0m 08/01 16:07:08 | 0.578231    0.547945    0.000000    0.709046    0.567825    0.503918    0.807920    0.729979    0.578231    0.567825    0.547945    0.503918    0.788462    0.927118    0.629630    0.688722    2700        392.727273  0.256297    0.105203    0.415237    5.567954   
[36mINFO[0m 08/01 16:07:19 | 0.561224    0.493151    0.000000    0.718661    0.559055    0.471787    0.812926    0.651610    0.561224    0.559055    0.493151    0.471787    0.807692    0.935627    0.629630    0.690226    2800        407.272727  0.251115    0.103373    0.394068    5.567954   
[36mINFO[0m 08/01 16:07:30 | 0.585034    0.479452    0.000000    0.743056    0.586779    0.493730    0.819466    0.652521    0.585034    0.586779    0.479452    0.493730    0.875000    0.963744    0.611111    0.675188    2900        421.818182  0.239562    0.103008    0.407157    5.567954   
[36mINFO[0m 08/01 16:07:41 | 0.564626    0.575342    0.000000    0.737892    0.596209    0.574451    0.826006    0.676187    0.564626    0.596209    0.575342    0.574451    0.846154    0.945246    0.629630    0.706767    3000        436.363636  0.229429    0.103696    0.418879    5.567954   
[36mINFO[0m 08/01 16:07:52 | 0.557823    0.575342    0.000000    0.733084    0.591871    0.536050    0.827749    0.686543    0.557823    0.591871    0.575342    0.536050    0.836538    0.962264    0.629630    0.693233    3100        450.909091  0.225844    0.107563    0.455260    5.567954   
[36mINFO[0m 08/01 16:08:03 | 0.608844    0.520548    0.000000    0.743056    0.607195    0.514107    0.794380    0.718875    0.608844    0.607195    0.520548    0.514107    0.875000    0.951165    0.611111    0.637594    3200        465.454545  0.246520    0.108734    0.412821    5.567954   
[36mINFO[0m 08/01 16:08:14 | 0.561224    0.493151    0.000000    0.705306    0.568721    0.485893    0.801982    0.708947    0.561224    0.568721    0.493151    0.485893    0.836538    0.940807    0.574074    0.663158    3300        480.000000  0.254575    0.107965    0.395501    5.567954   
[36mINFO[0m 08/01 16:08:25 | 0.574830    0.561644    0.000000    0.757123    0.548918    0.486677    0.797161    0.697495    0.574830    0.548918    0.561644    0.486677    0.884615    0.932667    0.629630    0.661654    3400        494.545455  0.222341    0.105768    0.413306    5.567954   
[36mINFO[0m 08/01 16:08:37 | 0.574830    0.479452    0.000000    0.785256    0.592107    0.460815    0.820994    0.686629    0.574830    0.592107    0.479452    0.460815    0.903846    0.960784    0.666667    0.681203    3500        509.090909  0.216206    0.108142    0.414254    5.567954   
[36mINFO[0m 08/01 16:08:48 | 0.578231    0.561644    0.000000    0.789708    0.563912    0.525862    0.814865    0.633789    0.578231    0.563912    0.561644    0.525862    0.894231    0.951535    0.685185    0.678195    3600        523.636364  0.247244    0.106766    0.400491    5.567954   
[36mINFO[0m 08/01 16:08:58 | 0.578231    0.479452    0.000000    0.785256    0.598331    0.500000    0.817347    0.713171    0.578231    0.598331    0.479452    0.500000    0.903846    0.970033    0.666667    0.664662    3700        538.181818  0.231427    0.102469    0.398173    5.567954   
[36mINFO[0m 08/01 16:09:09 | 0.554422    0.452055    0.000000    0.733796    0.573672    0.459248    0.811339    0.714489    0.554422    0.573672    0.452055    0.459248    0.875000    0.945986    0.592593    0.676692    3800        552.727273  0.211205    0.104385    0.419506    5.567954   
[36mINFO[0m 08/01 16:09:20 | 0.557823    0.479452    0.000000    0.762286    0.593805    0.489812    0.816643    0.800033    0.557823    0.593805    0.479452    0.489812    0.913462    0.964114    0.611111    0.669173    3900        567.272727  0.223259    0.106088    0.408063    5.567954   
[36mINFO[0m 08/01 16:09:31 | 0.571429    0.465753    0.000000    0.757123    0.580697    0.500000    0.812091    0.844685    0.571429    0.580697    0.465753    0.500000    0.884615    0.945986    0.629630    0.678195    4000        581.818182  0.221125    0.104169    0.468199    5.567954   
[36mINFO[0m 08/01 16:09:42 | 0.534014    0.547945    0.000000    0.689815    0.546419    0.489812    0.809799    0.915153    0.534014    0.546419    0.547945    0.489812    0.750000    0.950425    0.629630    0.669173    4100        596.363636  0.230869    0.102314    0.405001    5.567954   
[36mINFO[0m 08/01 16:09:53 | 0.568027    0.520548    0.000000    0.747863    0.599321    0.521944    0.814609    0.600436    0.568027    0.599321    0.520548    0.521944    0.884615    0.960044    0.611111    0.669173    4200        610.909091  0.219321    0.105641    0.435874    5.567954   
[36mINFO[0m 08/01 16:10:04 | 0.595238    0.493151    0.000000    0.685363    0.593852    0.487461    0.805777    0.789012    0.595238    0.593852    0.493151    0.487461    0.759615    0.936367    0.611111    0.675188    4300        625.454545  0.222810    0.103813    0.412473    5.567954   
[36mINFO[0m 08/01 16:10:14 | 0.561224    0.561644    0.000000    0.709046    0.543496    0.503918    0.808850    0.727417    0.561224    0.543496    0.561644    0.503918    0.788462    0.951535    0.629630    0.666165    4400        640.000000  0.220931    0.103880    0.407489    5.567954   
[36mINFO[0m 08/01 16:10:26 | 0.547619    0.479452    0.000000    0.756766    0.572399    0.528213    0.803200    0.855119    0.547619    0.572399    0.479452    0.528213    0.865385    0.929708    0.648148    0.676692    4500        654.545455  0.222240    0.106383    0.424379    5.567954   
[36mINFO[0m 08/01 16:10:36 | 0.602041    0.506849    0.000000    0.733084    0.575086    0.516458    0.807729    0.706858    0.602041    0.575086    0.506849    0.516458    0.836538    0.950795    0.629630    0.664662    4600        669.090909  0.250789    0.104256    0.443663    5.567954   
[36mINFO[0m 08/01 16:10:47 | 0.547619    0.534247    0.000000    0.709758    0.554482    0.535266    0.797572    0.737242    0.547619    0.554482    0.534247    0.535266    0.826923    0.951535    0.592593    0.643609    4700        683.636364  0.209384    0.106319    0.408194    5.567954   
[36mINFO[0m 08/01 16:10:58 | 0.571429    0.452055    0.000000    0.771189    0.571833    0.496865    0.817873    0.716670    0.571429    0.571833    0.452055    0.496865    0.894231    0.951535    0.648148    0.684211    4800        698.181818  0.214336    0.104441    0.402529    5.567954   
[36mINFO[0m 08/01 16:11:10 | 0.585034    0.561644    0.000000    0.703882    0.554010    0.473354    0.809220    0.806506    0.585034    0.554010    0.561644    0.473354    0.759615    0.952275    0.648148    0.666165    4900        712.727273  0.211982    0.108446    0.433893    5.567954   
[36mINFO[0m 08/01 16:11:20 | 0.557823    0.506849    0.000000    0.723825    0.568674    0.525078    0.816136    0.698696    0.557823    0.568674    0.506849    0.525078    0.836538    0.957085    0.611111    0.675188    5000        727.272727  0.191576    0.104242    0.399779    5.567954   
[36mINFO[0m 08/01 16:11:20 | ---
[36mINFO[0m 08/01 16:11:20 | oracle = 56.463%
[36mINFO[0m 08/01 16:11:20 | iid = 57.823%
[36mINFO[0m 08/01 16:11:20 | last = 55.782%
[36mINFO[0m 08/01 16:11:20 | last (inD) = 72.382%
[36mINFO[0m 08/01 16:11:20 | iid (inD) = 78.971%
[36mINFO[0m 08/01 16:11:21 | 
[36mINFO[0m 08/01 16:11:21 | Testenv name escaping te_01 -> te_01
[36mINFO[0m 08/01 16:11:21 | Test envs = [1], name = te_01
[36mINFO[0m 08/01 16:11:21 | Batch sizes for each domain: [32, 0, 32] (total=64)
[36mINFO[0m 08/01 16:11:21 | steps-per-epoch for each domain: 9.19, 6.88 -> min = 6.88
/home/s21_yhr/miniconda3/envs/GGA/lib/python3.11/site-packages/torchvision/models/_utils.py:208: UserWarning: The parameter 'pretrained' is deprecated since 0.13 and may be removed in the future, please use 'weights' instead.
  warnings.warn(
/home/s21_yhr/miniconda3/envs/GGA/lib/python3.11/site-packages/torchvision/models/_utils.py:223: UserWarning: Arguments other than a weight enum or `None` for 'weights' are deprecated since 0.13 and may be removed in the future. The current behavior is equivalent to passing `weights=ResNet50_Weights.IMAGENET1K_V1`. You can also use `weights=ResNet50_Weights.DEFAULT` to get the most up-to-date weights.
  warnings.warn(msg)
[36mINFO[0m 08/01 16:11:25 | # of params = 23512130
[36mINFO[0m 08/01 16:11:26 | test_in     test_out    train_in    train_out   test_in_au  train_out_  tr_outloss  test_out_a  env0_out    env0_out_a  env1_in     env1_in_au  env1_out    env1_out_a  env2_out    env2_out_a  step        epoch       loss        step_time   eval_time   mem_gb     
[36mINFO[0m 08/01 16:11:26 | 0.503580    0.509615    0.000000    0.625444    0.360782    0.551655    0.789225    0.436922    0.602740    0.581505    0.503580    0.360782    0.509615    0.436922    0.648148    0.521805    0           0.000000    0.675161    0.131270    0.582815    5.321729   
[36mINFO[0m 08/01 16:11:37 | 0.651551    0.586538    0.000000    0.466768    0.744759    0.535331    0.696916    0.650018    0.452055    0.425549    0.651551    0.744759    0.586538    0.650018    0.481481    0.645113    100         14.545455   0.689037    0.107116    0.493200    5.569907   
[36mINFO[0m 08/01 16:11:48 | 0.627685    0.576923    0.000000    0.602867    0.694746    0.604571    0.765880    0.587125    0.520548    0.539969    0.627685    0.694746    0.576923    0.587125    0.685185    0.669173    200         29.090909   0.641597    0.103864    0.561163    5.569907   
[36mINFO[0m 08/01 16:11:59 | 0.582339    0.519231    0.000000    0.609335    0.612855    0.625985    0.739182    0.500185    0.589041    0.594828    0.582339    0.612855    0.519231    0.500185    0.629630    0.657143    300         43.636364   0.571712    0.104650    0.542829    5.569907   
[36mINFO[0m 08/01 16:12:10 | 0.570406    0.509615    0.000000    0.602486    0.657150    0.650459    0.865639    0.552719    0.575342    0.615204    0.570406    0.657150    0.509615    0.552719    0.629630    0.685714    400         58.181818   0.490733    0.103126    0.537463    5.569907   
[36mINFO[0m 08/01 16:12:21 | 0.565632    0.490385    0.000000    0.650431    0.607569    0.651394    1.028886    0.481687    0.671233    0.698276    0.565632    0.607569    0.490385    0.481687    0.629630    0.604511    500         72.727273   0.418095    0.105170    0.598434    5.569907   
[36mINFO[0m 08/01 16:12:32 | 0.591885    0.471154    0.000000    0.632293    0.649266    0.643513    0.787065    0.467629    0.616438    0.643417    0.591885    0.649266    0.471154    0.467629    0.648148    0.643609    600         87.272727   0.378061    0.104184    0.518183    5.569907   
[36mINFO[0m 08/01 16:12:43 | 0.520286    0.461538    0.000000    0.627473    0.587587    0.654686    1.178986    0.447651    0.643836    0.656740    0.520286    0.587587    0.461538    0.447651    0.611111    0.652632    700         101.818182  0.351067    0.104880    0.526192    5.569907   
[36mINFO[0m 08/01 16:12:54 | 0.577566    0.423077    0.000000    0.639143    0.579042    0.692220    1.161596    0.362930    0.630137    0.764890    0.577566    0.579042    0.423077    0.362930    0.648148    0.619549    800         116.363636  0.310316    0.103918    0.595456    5.569907   
[36mINFO[0m 08/01 16:13:05 | 0.584726    0.471154    0.000000    0.654871    0.617207    0.681978    0.978212    0.450980    0.698630    0.723354    0.584726    0.617207    0.471154    0.450980    0.611111    0.640602    900         130.909091  0.307671    0.102884    0.510068    5.569907   
[36mINFO[0m 08/01 16:13:16 | 0.570406    0.490385    0.000000    0.639143    0.593670    0.666115    1.059799    0.438772    0.630137    0.738245    0.570406    0.593670    0.490385    0.438772    0.648148    0.593985    1000        145.454545  0.298987    0.104342    0.573978    5.569907   
[36mINFO[0m 08/01 16:13:27 | 0.534606    0.461538    0.000000    0.650431    0.590161    0.713157    0.805471    0.449501    0.671233    0.796238    0.534606    0.590161    0.461538    0.449501    0.629630    0.630075    1100        160.000000  0.286560    0.104817    0.518174    5.569907   
[36mINFO[0m 08/01 16:13:38 | 0.560859    0.519231    0.000000    0.636733    0.592235    0.678843    1.398997    0.505734    0.643836    0.717085    0.560859    0.592235    0.519231    0.505734    0.629630    0.640602    1200        174.545455  0.268785    0.104549    0.523837    5.569907   
[36mINFO[0m 08/01 16:13:49 | 0.517900    0.538462    0.000000    0.657281    0.562500    0.696403    0.948721    0.516463    0.684932    0.767241    0.517900    0.562500    0.538462    0.516463    0.629630    0.625564    1300        189.090909  0.271188    0.104647    0.500194    5.569907   
[36mINFO[0m 08/01 16:14:00 | 0.508353    0.423077    0.000000    0.645992    0.561771    0.684753    0.990500    0.448761    0.643836    0.730408    0.508353    0.561771    0.423077    0.448761    0.648148    0.639098    1400        203.636364  0.255331    0.105910    0.607589    5.569907   
[36mINFO[0m 08/01 16:14:11 | 0.544153    0.500000    0.000000    0.645992    0.633795    0.666674    1.302227    0.569367    0.643836    0.673197    0.544153    0.633795    0.500000    0.569367    0.648148    0.660150    1500        218.181818  0.261978    0.105411    0.543351    5.569907   
[36mINFO[0m 08/01 16:14:22 | 0.546539    0.490385    0.000000    0.662100    0.586425    0.692462    0.893846    0.504255    0.657534    0.739812    0.546539    0.586425    0.490385    0.504255    0.666667    0.645113    1600        232.727273  0.244921    0.107302    0.505436    5.569907   
[36mINFO[0m 08/01 16:14:33 | 0.563246    0.490385    0.000000    0.593227    0.575419    0.681914    1.031286    0.470588    0.575342    0.720219    0.563246    0.575419    0.490385    0.470588    0.611111    0.643609    1700        247.272727  0.269188    0.104377    0.676593    5.569907   
[36mINFO[0m 08/01 16:14:45 | 0.503580    0.509615    0.000000    0.636733    0.579566    0.692631    0.887380    0.515353    0.643836    0.729624    0.503580    0.579566    0.509615    0.515353    0.629630    0.655639    1800        261.818182  0.239701    0.112416    0.584147    5.569907   
[36mINFO[0m 08/01 16:14:56 | 0.496420    0.375000    0.000000    0.613775    0.540125    0.674988    1.073303    0.411765    0.616438    0.712382    0.496420    0.540125    0.375000    0.411765    0.611111    0.637594    1900        276.363636  0.233561    0.106899    0.514309    5.569907   
[36mINFO[0m 08/01 16:15:08 | 0.503580    0.480769    0.000000    0.641172    0.513740    0.688947    0.935539    0.479097    0.671233    0.770376    0.503580    0.513740    0.480769    0.479097    0.611111    0.607519    2000        290.909091  0.251153    0.107496    0.591601    5.569907   
[36mINFO[0m 08/01 16:15:19 | 0.575179    0.519231    0.000000    0.641172    0.670457    0.686776    1.016553    0.628561    0.671233    0.737461    0.575179    0.670457    0.519231    0.628561    0.611111    0.636090    2100        305.454545  0.234992    0.108136    0.573788    5.569907   
[36mINFO[0m 08/01 16:15:30 | 0.532220    0.461538    0.000000    0.682648    0.589979    0.726203    0.922984    0.497595    0.698630    0.790752    0.532220    0.589979    0.461538    0.497595    0.666667    0.661654    2200        320.000000  0.247659    0.102818    0.513264    5.569907   
[36mINFO[0m 08/01 16:15:41 | 0.560859    0.471154    0.000000    0.657661    0.636871    0.690863    0.905593    0.544210    0.630137    0.735110    0.560859    0.636871    0.471154    0.544210    0.685185    0.646617    2300        334.545455  0.247537    0.105567    0.495464    5.569907   
[36mINFO[0m 08/01 16:15:52 | 0.544153    0.500000    0.000000    0.615804    0.555938    0.689858    1.146168    0.466149    0.657534    0.778213    0.544153    0.555938    0.500000    0.466149    0.574074    0.601504    2400        349.090909  0.245374    0.104689    0.595515    5.569907   
[36mINFO[0m 08/01 16:16:03 | 0.563246    0.557692    0.000000    0.643582    0.589318    0.690419    0.950859    0.558269    0.657534    0.768809    0.563246    0.589318    0.557692    0.558269    0.629630    0.612030    2500        363.636364  0.238974    0.104292    0.541851    5.569907   
[36mINFO[0m 08/01 16:16:14 | 0.572792    0.480769    0.000000    0.668950    0.621582    0.706929    0.842670    0.514983    0.671233    0.767241    0.572792    0.621582    0.480769    0.514983    0.666667    0.646617    2600        378.181818  0.267436    0.105405    0.562994    5.569907   
[36mINFO[0m 08/01 16:16:25 | 0.539379    0.500000    0.000000    0.671360    0.578678    0.695068    1.003693    0.519053    0.657534    0.757053    0.539379    0.578678    0.500000    0.519053    0.685185    0.633083    2700        392.727273  0.247026    0.105518    0.576431    5.569907   
[36mINFO[0m 08/01 16:16:36 | 0.544153    0.442308    0.000000    0.634703    0.573255    0.699283    0.826958    0.474288    0.602740    0.760972    0.544153    0.573255    0.442308    0.474288    0.666667    0.637594    2800        407.272727  0.227726    0.104326    0.534522    5.569907   
[36mINFO[0m 08/01 16:16:47 | 0.548926    0.490385    0.000000    0.643962    0.604972    0.673568    1.092456    0.523122    0.602740    0.679467    0.548926    0.604972    0.490385    0.523122    0.685185    0.667669    2900        421.818182  0.226996    0.105594    0.524023    5.569907   
[36mINFO[0m 08/01 16:16:58 | 0.544153    0.548077    0.000000    0.638762    0.661570    0.687454    0.952042    0.563818    0.684932    0.752351    0.544153    0.661570    0.548077    0.563818    0.592593    0.622556    3000        436.363636  0.241759    0.103226    0.546914    5.569907   
[36mINFO[0m 08/01 16:17:09 | 0.541766    0.528846    0.000000    0.645992    0.620602    0.678028    1.035409    0.539031    0.643836    0.713950    0.541766    0.620602    0.528846    0.539031    0.648148    0.642105    3100        450.909091  0.231872    0.104093    0.605624    5.569907   
[36mINFO[0m 08/01 16:17:20 | 0.610979    0.538462    0.000000    0.657661    0.656489    0.681184    0.935392    0.557529    0.630137    0.739812    0.610979    0.656489    0.538462    0.557529    0.685185    0.622556    3200        465.454545  0.225826    0.104467    0.544413    5.569907   
[36mINFO[0m 08/01 16:17:32 | 0.601432    0.519231    0.000000    0.657281    0.636393    0.702937    0.955221    0.538661    0.684932    0.774295    0.601432    0.636393    0.519231    0.538661    0.629630    0.631579    3300        480.000000  0.208236    0.107206    0.540377    5.569907   
[36mINFO[0m 08/01 16:17:43 | 0.584726    0.509615    0.000000    0.643582    0.608936    0.697980    0.928916    0.510544    0.657534    0.752351    0.584726    0.608936    0.509615    0.510544    0.629630    0.643609    3400        494.545455  0.206324    0.105525    0.499925    5.569907   
[36mINFO[0m 08/01 16:17:54 | 0.556086    0.413462    0.000000    0.618595    0.560859    0.695894    0.799250    0.430633    0.589041    0.742163    0.556086    0.560859    0.413462    0.430633    0.648148    0.649624    3500        509.090909  0.228334    0.105414    0.540863    5.569907   
[36mINFO[0m 08/01 16:18:05 | 0.556086    0.442308    0.000000    0.650812    0.594878    0.690312    1.142423    0.485017    0.616438    0.726489    0.556086    0.594878    0.442308    0.485017    0.685185    0.654135    3600        523.636364  0.187342    0.105521    0.604211    5.569907   
[36mINFO[0m 08/01 16:18:16 | 0.536993    0.480769    0.000000    0.625444    0.580705    0.659684    0.944754    0.466519    0.602740    0.662226    0.536993    0.580705    0.480769    0.466519    0.648148    0.657143    3700        538.181818  0.215413    0.104576    0.493406    5.569907   
[36mINFO[0m 08/01 16:18:27 | 0.529833    0.451923    0.000000    0.623034    0.551540    0.671282    0.912921    0.429523    0.616438    0.733542    0.529833    0.551540    0.451923    0.429523    0.629630    0.609023    3800        552.727273  0.202785    0.105441    0.500195    5.569907   
[36mINFO[0m 08/01 16:18:38 | 0.532220    0.480769    0.000000    0.668950    0.586493    0.697588    1.001485    0.457270    0.671233    0.751567    0.532220    0.586493    0.480769    0.457270    0.666667    0.643609    3900        567.272727  0.214802    0.104177    0.508105    5.569907   
[36mINFO[0m 08/01 16:18:49 | 0.536993    0.432692    0.000000    0.614155    0.566875    0.679054    0.813482    0.491676    0.561644    0.690439    0.536993    0.566875    0.432692    0.491676    0.666667    0.667669    4000        581.818182  0.205507    0.104665    0.530224    5.569907   
[36mINFO[0m 08/01 16:19:00 | 0.575179    0.480769    0.000000    0.611745    0.590093    0.677328    1.202160    0.502775    0.575342    0.679467    0.575179    0.590093    0.480769    0.502775    0.648148    0.675188    4100        596.363636  0.199751    0.103492    0.504297    5.569907   
[36mINFO[0m 08/01 16:19:11 | 0.587112    0.471154    0.000000    0.611365    0.634798    0.694676    1.110830    0.449871    0.630137    0.756270    0.587112    0.634798    0.471154    0.449871    0.592593    0.633083    4200        610.909091  0.230110    0.104934    0.582964    5.569907   
[36mINFO[0m 08/01 16:19:22 | 0.575179    0.528846    0.000000    0.572679    0.610349    0.646648    1.092364    0.490936    0.534247    0.649687    0.575179    0.610349    0.528846    0.490936    0.611111    0.643609    4300        625.454545  0.205760    0.102835    0.504662    5.569907   
[36mINFO[0m 08/01 16:19:33 | 0.577566    0.490385    0.000000    0.668950    0.650838    0.685186    0.912376    0.499445    0.671233    0.714734    0.577566    0.650838    0.490385    0.499445    0.666667    0.655639    4400        640.000000  0.204445    0.103818    0.517616    5.569907   
[36mINFO[0m 08/01 16:19:44 | 0.536993    0.490385    0.000000    0.648402    0.643866    0.693584    0.912347    0.518683    0.630137    0.721003    0.536993    0.643866    0.490385    0.518683    0.666667    0.666165    4500        654.545455  0.221136    0.107693    0.566629    5.569907   
[36mINFO[0m 08/01 16:19:55 | 0.551313    0.538462    0.000000    0.621005    0.582278    0.691593    1.013166    0.513134    0.575342    0.715517    0.551313    0.582278    0.538462    0.513134    0.666667    0.667669    4600        669.090909  0.190773    0.105212    0.497089    5.569907   
[36mINFO[0m 08/01 16:20:06 | 0.520286    0.403846    0.000000    0.554160    0.512600    0.666135    1.229191    0.380688    0.534247    0.702194    0.520286    0.512600    0.403846    0.380688    0.574074    0.630075    4700        683.636364  0.211728    0.103500    0.564261    5.569907   
[36mINFO[0m 08/01 16:20:17 | 0.546539    0.471154    0.000000    0.657281    0.624294    0.699834    0.910528    0.479097    0.684932    0.769592    0.546539    0.624294    0.471154    0.479097    0.629630    0.630075    4800        698.181818  0.237286    0.104756    0.507747    5.569907   
[36mINFO[0m 08/01 16:20:28 | 0.558473    0.442308    0.000000    0.618595    0.618050    0.697767    0.801215    0.427303    0.589041    0.723354    0.558473    0.618050    0.442308    0.427303    0.648148    0.672180    4900        712.727273  0.199024    0.104739    0.510519    5.569907   
[36mINFO[0m 08/01 16:20:39 | 0.572792    0.586538    0.000000    0.668950    0.622858    0.696126    0.944461    0.548650    0.671233    0.735110    0.572792    0.622858    0.586538    0.548650    0.666667    0.657143    5000        727.272727  0.213385    0.103724    0.523823    5.569907   
[36mINFO[0m 08/01 16:20:39 | ---
[36mINFO[0m 08/01 16:20:39 | oracle = 65.155%
[36mINFO[0m 08/01 16:20:39 | iid = 53.222%
[36mINFO[0m 08/01 16:20:39 | last = 57.279%
[36mINFO[0m 08/01 16:20:39 | last (inD) = 66.895%
[36mINFO[0m 08/01 16:20:39 | iid (inD) = 68.265%
[36mINFO[0m 08/01 16:20:40 | 
[36mINFO[0m 08/01 16:20:40 | Testenv name escaping te_02 -> te_02
[36mINFO[0m 08/01 16:20:40 | Test envs = [2], name = te_02
[36mINFO[0m 08/01 16:20:40 | Batch sizes for each domain: [32, 32, 0] (total=64)
[36mINFO[0m 08/01 16:20:40 | steps-per-epoch for each domain: 9.19, 13.09 -> min = 9.19
/home/s21_yhr/miniconda3/envs/GGA/lib/python3.11/site-packages/torchvision/models/_utils.py:208: UserWarning: The parameter 'pretrained' is deprecated since 0.13 and may be removed in the future, please use 'weights' instead.
  warnings.warn(
/home/s21_yhr/miniconda3/envs/GGA/lib/python3.11/site-packages/torchvision/models/_utils.py:223: UserWarning: Arguments other than a weight enum or `None` for 'weights' are deprecated since 0.13 and may be removed in the future. The current behavior is equivalent to passing `weights=ResNet50_Weights.IMAGENET1K_V1`. You can also use `weights=ResNet50_Weights.DEFAULT` to get the most up-to-date weights.
  warnings.warn(msg)
[36mINFO[0m 08/01 16:20:43 | # of params = 23512130
[36mINFO[0m 08/01 16:20:44 | test_in     test_out    train_in    train_out   test_in_au  train_out_  tr_outloss  test_out_a  env0_out    env0_out_a  env1_out    env1_out_a  env2_in     env2_in_au  env2_out    env2_out_a  step        epoch       loss        step_time   eval_time   mem_gb     
[36mINFO[0m 08/01 16:20:44 | 0.554545    0.648148    0.000000    0.556178    0.566828    0.715673    0.675398    0.596992    0.602740    0.582288    0.509615    0.849057    0.554545    0.566828    0.648148    0.596992    0           0.000000    0.657422    0.102115    0.462855    5.321729   
[36mINFO[0m 08/01 16:20:55 | 0.627273    0.462963    0.000000    0.666293    0.655152    0.726844    0.552351    0.575940    0.438356    0.492163    0.894231    0.961524    0.627273    0.655152    0.462963    0.575940    100         10.884354   0.671386    0.108020    0.350253    5.569907   
[36mINFO[0m 08/01 16:21:06 | 0.609091    0.481481    0.000000    0.693691    0.653396    0.711574    0.561804    0.539850    0.493151    0.468652    0.894231    0.954495    0.609091    0.653396    0.481481    0.539850    200         21.768707   0.626364    0.105672    0.381935    5.569907   
[36mINFO[0m 08/01 16:21:17 | 0.572727    0.629630    0.000000    0.572181    0.623704    0.696143    0.610241    0.609023    0.452055    0.459248    0.692308    0.933037    0.572727    0.623704    0.629630    0.609023    300         32.653061   0.601651    0.103312    0.390833    5.569907   
[36mINFO[0m 08/01 16:21:27 | 0.554545    0.407407    0.000000    0.714963    0.631064    0.792458    0.557195    0.448120    0.506849    0.629310    0.923077    0.955605    0.554545    0.631064    0.407407    0.448120    400         43.537415   0.563716    0.101861    0.454659    5.569907   
[36mINFO[0m 08/01 16:21:38 | 0.536364    0.425926    0.000000    0.744402    0.630478    0.830662    0.589394    0.368421    0.575342    0.699060    0.913462    0.962264    0.536364    0.630478    0.425926    0.368421    500         54.421769   0.516636    0.104341    0.359653    5.569907   
[36mINFO[0m 08/01 16:21:49 | 0.631818    0.444444    0.000000    0.705216    0.604299    0.808204    0.564005    0.424060    0.602740    0.702978    0.807692    0.913430    0.631818    0.604299    0.444444    0.424060    600         65.306122   0.499833    0.106634    0.370640    5.569907   
[36mINFO[0m 08/01 16:22:00 | 0.572727    0.481481    0.000000    0.766860    0.568919    0.856015    0.497870    0.442105    0.726027    0.765674    0.807692    0.946356    0.572727    0.568919    0.481481    0.442105    700         76.190476   0.457777    0.106857    0.392159    5.569907   
[36mINFO[0m 08/01 16:22:11 | 0.554545    0.574074    0.000000    0.703635    0.566410    0.840751    0.565098    0.553383    0.753425    0.782132    0.653846    0.899371    0.554545    0.566410    0.574074    0.553383    800         87.074830   0.398564    0.105686    0.365564    5.569907   
[36mINFO[0m 08/01 16:22:22 | 0.595455    0.444444    0.000000    0.701001    0.644530    0.793695    0.681883    0.403008    0.671233    0.680251    0.730769    0.907140    0.595455    0.644530    0.444444    0.403008    900         97.959184   0.346981    0.104044    0.378927    5.569907   
[36mINFO[0m 08/01 16:22:33 | 0.581818    0.425926    0.000000    0.755203    0.597692    0.837965    0.534198    0.404511    0.712329    0.775078    0.798077    0.900851    0.581818    0.597692    0.425926    0.404511    1000        108.843537  0.347821    0.106575    0.410373    5.569907   
[36mINFO[0m 08/01 16:22:44 | 0.627273    0.407407    0.000000    0.758693    0.621445    0.818698    0.589957    0.439098    0.671233    0.734326    0.846154    0.903071    0.627273    0.621445    0.407407    0.439098    1100        119.727891  0.289637    0.104696    0.358632    5.569907   
[36mINFO[0m 08/01 16:22:55 | 0.568182    0.444444    0.000000    0.708707    0.611576    0.792800    0.707702    0.455639    0.561644    0.661442    0.855769    0.924158    0.568182    0.611576    0.444444    0.455639    1200        130.612245  0.315001    0.106335    0.382701    5.569907   
[36mINFO[0m 08/01 16:23:06 | 0.577273    0.462963    0.000000    0.749078    0.588157    0.804578    0.573499    0.478195    0.671233    0.685737    0.826923    0.923418    0.577273    0.588157    0.462963    0.478195    1300        141.496599  0.314445    0.104101    0.360520    5.569907   
[36mINFO[0m 08/01 16:23:17 | 0.563636    0.537037    0.000000    0.708575    0.546755    0.832681    0.641962    0.526316    0.657534    0.738245    0.759615    0.927118    0.563636    0.546755    0.537037    0.526316    1400        152.380952  0.281473    0.103211    0.350080    5.569907   
[36mINFO[0m 08/01 16:23:28 | 0.604545    0.462963    0.000000    0.720956    0.608397    0.800566    0.636983    0.445113    0.643836    0.707680    0.798077    0.893452    0.604545    0.608397    0.462963    0.445113    1500        163.265306  0.286556    0.106530    0.366647    5.569907   
[36mINFO[0m 08/01 16:23:38 | 0.581818    0.407407    0.000000    0.686578    0.630144    0.847255    0.599839    0.422556    0.671233    0.763323    0.701923    0.931188    0.581818    0.630144    0.407407    0.422556    1600        174.149660  0.297914    0.104367    0.355009    5.569907   
[36mINFO[0m 08/01 16:23:49 | 0.577273    0.481481    0.000000    0.709299    0.615674    0.819317    0.678395    0.472180    0.630137    0.723354    0.788462    0.915279    0.577273    0.615674    0.481481    0.472180    1700        185.034014  0.259621    0.104860    0.363431    5.569907   
[36mINFO[0m 08/01 16:24:00 | 0.600000    0.500000    0.000000    0.722273    0.625042    0.816439    0.675659    0.478195    0.684932    0.759404    0.759615    0.873474    0.600000    0.625042    0.500000    0.478195    1800        195.918367  0.253749    0.104114    0.407826    5.569907   
[36mINFO[0m 08/01 16:24:11 | 0.622727    0.481481    0.000000    0.710616    0.618016    0.817954    0.664394    0.454135    0.671233    0.707680    0.750000    0.928228    0.622727    0.618016    0.481481    0.454135    1900        206.802721  0.238939    0.102691    0.360731    5.569907   
[36mINFO[0m 08/01 16:24:22 | 0.513636    0.388889    0.000000    0.714107    0.594430    0.820704    0.819467    0.383459    0.630137    0.753135    0.798077    0.888272    0.513636    0.594430    0.388889    0.383459    2000        217.687075  0.257964    0.105325    0.352646    5.569907   
[36mINFO[0m 08/01 16:24:32 | 0.613636    0.444444    0.000000    0.748354    0.619856    0.823598    0.618241    0.419549    0.698630    0.750784    0.798077    0.896411    0.613636    0.619856    0.444444    0.419549    2100        228.571429  0.250160    0.104186    0.397989    5.569907   
[36mINFO[0m 08/01 16:24:43 | 0.600000    0.462963    0.000000    0.705216    0.649632    0.808087    0.797951    0.443609    0.602740    0.718652    0.807692    0.897521    0.600000    0.649632    0.462963    0.443609    2200        239.455782  0.242443    0.103642    0.355586    5.569907   
[36mINFO[0m 08/01 16:24:55 | 0.581818    0.444444    0.000000    0.723722    0.648628    0.812560    0.748623    0.451128    0.630137    0.726489    0.817308    0.898631    0.581818    0.648628    0.444444    0.451128    2300        250.340136  0.265350    0.109660    0.360404    5.569907   
[36mINFO[0m 08/01 16:25:05 | 0.545455    0.388889    0.000000    0.750395    0.587487    0.830668    0.642256    0.424060    0.712329    0.739028    0.788462    0.922309    0.545455    0.587487    0.388889    0.424060    2400        261.224490  0.244550    0.105202    0.365723    5.569907   
[36mINFO[0m 08/01 16:25:17 | 0.581818    0.537037    0.000000    0.727081    0.623034    0.820473    0.598692    0.481203    0.684932    0.738245    0.769231    0.902701    0.581818    0.623034    0.537037    0.481203    2500        272.108844  0.236786    0.108946    0.394234    5.569907   
[36mINFO[0m 08/01 16:25:28 | 0.572727    0.500000    0.000000    0.711341    0.604383    0.819669    0.652723    0.475188    0.643836    0.749216    0.778846    0.890122    0.572727    0.604383    0.500000    0.475188    2600        282.993197  0.245975    0.105276    0.394592    5.569907   
[36mINFO[0m 08/01 16:25:39 | 0.595455    0.500000    0.000000    0.729847    0.598862    0.820648    0.642785    0.488722    0.671233    0.744514    0.788462    0.896781    0.595455    0.598862    0.500000    0.488722    2700        293.877551  0.239278    0.104976    0.374531    5.569907   
[36mINFO[0m 08/01 16:25:49 | 0.590909    0.555556    0.000000    0.676963    0.579374    0.805294    0.705517    0.472180    0.671233    0.744514    0.682692    0.866075    0.590909    0.579374    0.555556    0.472180    2800        304.761905  0.222356    0.103862    0.351183    5.569907   
[36mINFO[0m 08/01 16:26:00 | 0.554545    0.407407    0.000000    0.720956    0.602124    0.823902    0.670927    0.406015    0.643836    0.748433    0.798077    0.899371    0.554545    0.602124    0.407407    0.406015    2900        315.646259  0.245132    0.103508    0.471093    5.569907   
[36mINFO[0m 08/01 16:26:11 | 0.572727    0.462963    0.000000    0.721681    0.596855    0.831997    0.609540    0.451128    0.616438    0.746865    0.826923    0.917129    0.572727    0.596855    0.462963    0.451128    3000        326.530612  0.250779    0.101830    0.366300    5.569907   
[36mINFO[0m 08/01 16:26:21 | 0.586364    0.462963    0.000000    0.751120    0.608230    0.844200    0.576622    0.434586    0.684932    0.779781    0.817308    0.908620    0.586364    0.608230    0.462963    0.434586    3100        337.414966  0.252501    0.102673    0.359835    5.569907   
[36mINFO[0m 08/01 16:26:32 | 0.568182    0.462963    0.000000    0.707258    0.571554    0.811112    0.756050    0.433083    0.616438    0.721003    0.798077    0.901221    0.568182    0.571554    0.462963    0.433083    3200        348.299320  0.234677    0.105066    0.352646    5.569907   
[36mINFO[0m 08/01 16:26:43 | 0.545455    0.425926    0.000000    0.737421    0.581884    0.838846    0.571879    0.436090    0.657534    0.773511    0.817308    0.904181    0.545455    0.581884    0.425926    0.436090    3300        359.183673  0.218182    0.102879    0.358862    5.569907   
[36mINFO[0m 08/01 16:26:54 | 0.531818    0.388889    0.000000    0.747036    0.561726    0.847693    0.618025    0.398496    0.657534    0.778997    0.836538    0.916389    0.531818    0.561726    0.388889    0.398496    3400        370.068027  0.215136    0.103123    0.365325    5.569907   
[36mINFO[0m 08/01 16:27:05 | 0.568182    0.425926    0.000000    0.707258    0.647625    0.810671    0.717761    0.406015    0.616438    0.751567    0.798077    0.869774    0.568182    0.647625    0.425926    0.406015    3500        380.952381  0.231943    0.106330    0.429261    5.569907   
[36mINFO[0m 08/01 16:27:16 | 0.572727    0.481481    0.000000    0.700408    0.627802    0.824087    0.695944    0.454135    0.602740    0.748433    0.798077    0.899741    0.572727    0.627802    0.481481    0.454135    3600        391.836735  0.217478    0.106478    0.348866    5.569907   
[36mINFO[0m 08/01 16:27:27 | 0.631818    0.500000    0.000000    0.720232    0.630980    0.826615    0.621128    0.512782    0.671233    0.772727    0.769231    0.880503    0.631818    0.630980    0.500000    0.512782    3700        402.721088  0.230891    0.105681    0.371445    5.569907   
[36mINFO[0m 08/01 16:27:37 | 0.504545    0.444444    0.000000    0.710024    0.625878    0.836867    0.624214    0.436090    0.602740    0.782132    0.817308    0.891602    0.504545    0.625878    0.444444    0.436090    3800        413.605442  0.217367    0.105190    0.357400    5.569907   
[36mINFO[0m 08/01 16:27:48 | 0.590909    0.370370    0.000000    0.752568    0.638341    0.813968    0.573290    0.457143    0.630137    0.684169    0.875000    0.943766    0.590909    0.638341    0.370370    0.457143    3900        424.489796  0.231864    0.101985    0.378198    5.569907   
[36mINFO[0m 08/01 16:27:59 | 0.600000    0.462963    0.000000    0.718915    0.610321    0.810688    0.643480    0.442105    0.630137    0.725705    0.807692    0.895671    0.600000    0.610321    0.462963    0.442105    4000        435.374150  0.235826    0.102540    0.416620    5.569907   
[36mINFO[0m 08/01 16:28:09 | 0.613636    0.574074    0.000000    0.710616    0.620358    0.846563    0.605844    0.494737    0.671233    0.791536    0.750000    0.901591    0.613636    0.620358    0.574074    0.494737    4100        446.258503  0.233444    0.102471    0.370202    5.569907   
[36mINFO[0m 08/01 16:28:20 | 0.604545    0.555556    0.000000    0.704492    0.632402    0.816600    0.622779    0.557895    0.630137    0.745298    0.778846    0.887902    0.604545    0.632402    0.555556    0.557895    4200        457.142857  0.214660    0.103774    0.379126    5.569907   
[36mINFO[0m 08/01 16:28:31 | 0.572727    0.500000    0.000000    0.742229    0.591168    0.812713    0.668841    0.502256    0.657534    0.731975    0.826923    0.893452    0.572727    0.591168    0.500000    0.502256    4300        468.027211  0.212711    0.102426    0.378249    5.569907   
[36mINFO[0m 08/01 16:28:42 | 0.572727    0.537037    0.000000    0.722998    0.620358    0.827844    0.630544    0.500752    0.657534    0.770376    0.788462    0.885313    0.572727    0.620358    0.537037    0.500752    4400        478.911565  0.201490    0.104078    0.356767    5.569907   
[36mINFO[0m 08/01 16:28:53 | 0.550000    0.444444    0.000000    0.751844    0.594513    0.842784    0.648476    0.427068    0.657534    0.768809    0.846154    0.916759    0.550000    0.594513    0.444444    0.427068    4500        489.795918  0.208929    0.109554    0.366328    5.569907   
[36mINFO[0m 08/01 16:29:04 | 0.581818    0.574074    0.000000    0.659181    0.638675    0.817917    0.717515    0.557895    0.616438    0.746082    0.701923    0.889752    0.581818    0.638675    0.574074    0.557895    4600        500.680272  0.230423    0.104116    0.379183    5.569907   
[36mINFO[0m 08/01 16:29:15 | 0.568182    0.462963    0.000000    0.735379    0.616929    0.820207    0.621283    0.460150    0.643836    0.775078    0.826923    0.865335    0.568182    0.616929    0.462963    0.460150    4700        511.564626  0.218740    0.104816    0.356902    5.569907   
[36mINFO[0m 08/01 16:29:25 | 0.568182    0.462963    0.000000    0.729847    0.610154    0.802958    0.758487    0.418045    0.671233    0.760188    0.788462    0.845727    0.568182    0.610154    0.462963    0.418045    4800        522.448980  0.221159    0.104141    0.369130    5.569907   
[36mINFO[0m 08/01 16:29:36 | 0.622727    0.407407    0.000000    0.744270    0.631231    0.830159    0.664450    0.422556    0.671233    0.753918    0.817308    0.906400    0.622727    0.631231    0.407407    0.422556    4900        533.333333  0.234162    0.103671    0.368240    5.569907   
[36mINFO[0m 08/01 16:29:47 | 0.600000    0.500000    0.000000    0.734655    0.605805    0.818458    0.687011    0.514286    0.671233    0.725705    0.798077    0.911210    0.600000    0.605805    0.500000    0.514286    5000        544.217687  0.214712    0.105168    0.360463    5.569907   
[36mINFO[0m 08/01 16:29:47 | ---
[36mINFO[0m 08/01 16:29:47 | oracle = 55.455%
[36mINFO[0m 08/01 16:29:47 | iid = 57.273%
[36mINFO[0m 08/01 16:29:47 | last = 60.000%
[36mINFO[0m 08/01 16:29:47 | last (inD) = 73.465%
[36mINFO[0m 08/01 16:29:47 | iid (inD) = 76.686%
[36mINFO[0m 08/01 16:29:48 | === Summary ===
[36mINFO[0m 08/01 16:29:48 | Command: /home/s21_yhr/lzh/DomainBed-new/train_all.py HTP_Mixup_seed4 --dataset HTP --data_dir /home/s21_yhr/lzh/DomainBed-new/dataset --algorithm Mixup --steps 5000 --checkpoint_freq 100 --batch_size 32 --optimizer adam --lr 5e-5 --weight_decay 0 --resnet_dropout 0 --resnet18 False --pretrained True --freeze_bn True --swad False --seed 4 --trial_seed 4 --deterministic --prebuild_loader --cache_size 640 --mixup_alpha 0.2
[36mINFO[0m 08/01 16:29:48 | Unique name: 260801_16-02-07_HTP_Mixup_seed4
[36mINFO[0m 08/01 16:29:48 | Out path: train_output/HTP/260801_16-02-07_HTP_Mixup_seed4
[36mINFO[0m 08/01 16:29:48 | Algorithm: Mixup
[36mINFO[0m 08/01 16:29:48 | Dataset: HTP
+------------+---------+---------+---------+---------+
| Selection  |    00   |    01   |    02   |   Avg.  |
+------------+---------+---------+---------+---------+
|   oracle   | 56.463% | 65.155% | 55.455% | 59.024% |
|    iid     | 57.823% | 53.222% | 57.273% | 56.106% |
|    last    | 55.782% | 57.279% | 60.000% | 57.687% |
| last (inD) | 72.382% | 66.895% | 73.465% | 70.914% |
| iid (inD)  | 78.971% | 68.265% | 76.686% | 74.641% |
+------------+---------+---------+---------+---------+
