Algorithm: SWAD
Physical GPU: 3
Seeds: [0, 1, 2, 3, 4]
Dataset: /home/s21_yhr/lzh/DomainBed-new/dataset/HTP

================================================================================
Starting SWAD, seed=0, physical GPU=3
/home/s21_yhr/miniconda3/envs/GGA/bin/python /home/s21_yhr/lzh/DomainBed-new/train_all.py HTP_SWAD_seed0 --dataset HTP --data_dir /home/s21_yhr/lzh/DomainBed-new/dataset --algorithm ERM --steps 5000 --checkpoint_freq 100 --batch_size 32 --optimizer adam --lr 5e-5 --weight_decay 0 --resnet_dropout 0 --resnet18 False --pretrained True --freeze_bn True --swad LossValley --seed 0 --trial_seed 0 --deterministic --prebuild_loader --cache_size 640
================================================================================
[36mINFO[0m 08/01 16:43:04 | Command :: /home/s21_yhr/lzh/DomainBed-new/train_all.py HTP_SWAD_seed0 --dataset HTP --data_dir /home/s21_yhr/lzh/DomainBed-new/dataset --algorithm ERM --steps 5000 --checkpoint_freq 100 --batch_size 32 --optimizer adam --lr 5e-5 --weight_decay 0 --resnet_dropout 0 --resnet18 False --pretrained True --freeze_bn True --swad LossValley --seed 0 --trial_seed 0 --deterministic --prebuild_loader --cache_size 640
Environment:
	Python: 3.11.15
	PyTorch: 2.11.0+cu128
	Torchvision: 0.26.0+cu128
	CUDA: 12.8
	CUDNN: 91900
	NumPy: 1.26.4
	PIL: 12.2.0
Args:
	algorithm: ERM
	batch_size: 32
	cache_root: cache
	cache_size: 640
	checkpoint_freq: 100
	configs: []
	data_dir: /home/s21_yhr/lzh/DomainBed-new/dataset
	dataset: HTP
	debug: False
	deterministic: True
	end_step: 200
	evalmode: fast
	extra_search: n
	extra_search_end: None
	extra_search_start: None
	gga_l_gamma: 0.001
	grad_fn: sum
	holdout_fraction: 0.2
	model_save: None
	name: HTP_SWAD_seed0
	neighborhoodSize: 1e-06
	out_dir: train_output/HTP/260801_16-43-04_HTP_SWAD_seed0
	out_root: train_output/HTP
	prebuild_loader: True
	seed: 0
	show: False
	start_step: 100
	steps: 5000
	tb_freq: 10
	test_envs: None
	train_output: train_output
	trial_seed: 0
	unique_name: 260801_16-43-04_HTP_SWAD_seed0
	work_dir: .
HParams:
	data_augmentation: True
	val_augment: False
	[36mresnet18: False
	[0m[36mresnet_dropout: 0
	[0mclass_balanced: False
	[36moptimizer: adam
	[0m[36mfreeze_bn: True
	[0m[36mpretrained: True
	[0m[36mlr: 5e-05
	[0mbatch_size: 32
	[36mweight_decay: 0
	[0m[36mswad: LossValley
	[0mswad_kwargs: 
	  n_converge: 3
	  n_tolerance: 6
	  tolerance_ratio: 0.3
	test_batchsize: 128
	indomain_test: False
	grad_fn: sum
	extra_search: n
	logdir: train_output/HTP/260801_16-43-04_HTP_SWAD_seed0
	neighborhoodSize: 1e-06
	start_step: 100
	end_step: 200
	extra_search_start: None
	extra_search_end: None
	gga_l_gamma: 0.001
Dataset:
	[HTP] #envs=3, #classes=2
	env0: 00 (#367)
	env1: 01 (#523)
	env2: 02 (#274)

[36mINFO[0m 08/01 16:43:04 | n_steps = 5000
[36mINFO[0m 08/01 16:43:04 | checkpoint_freq = 100
[36mINFO[0m 08/01 16:43:04 | n_steps is updated to 5000 => 5001 for checkpointing
[36mINFO[0m 08/01 16:43:04 | Target test envs = [[0], [1], [2]]
[36mINFO[0m 08/01 16:43:04 | 
[36mINFO[0m 08/01 16:43:04 | Testenv name escaping te_00 -> te_00
[36mINFO[0m 08/01 16:43:04 | Test envs = [0], name = te_00
[36mINFO[0m 08/01 16:43:04 | Batch sizes for each domain: [0, 32, 32] (total=64)
[36mINFO[0m 08/01 16:43:04 | steps-per-epoch for each domain: 13.09, 6.88 -> min = 6.88
/home/s21_yhr/miniconda3/envs/GGA/lib/python3.11/site-packages/torchvision/models/_utils.py:208: UserWarning: The parameter 'pretrained' is deprecated since 0.13 and may be removed in the future, please use 'weights' instead.
  warnings.warn(
/home/s21_yhr/miniconda3/envs/GGA/lib/python3.11/site-packages/torchvision/models/_utils.py:223: UserWarning: Arguments other than a weight enum or `None` for 'weights' are deprecated since 0.13 and may be removed in the future. The current behavior is equivalent to passing `weights=ResNet50_Weights.IMAGENET1K_V1`. You can also use `weights=ResNet50_Weights.DEFAULT` to get the most up-to-date weights.
  warnings.warn(msg)
[36mINFO[0m 08/01 16:43:08 | # of params = 23512130
[36mINFO[0m 08/01 16:43:09 | test_in     test_out    train_in    train_out   test_in_au  test_out_a  train_out_  tr_outloss  env0_in     env0_in_au  env0_out    env0_out_a  env1_out    env1_out_a  env2_out    env2_out_a  step        epoch       loss        step_time   eval_time   mem_gb     
[36mINFO[0m 08/01 16:43:09 | 0.571429    0.589041    0.000000    0.566239    0.505669    0.520155    0.734659    0.783223    0.571429    0.505669    0.589041    0.520155    0.576923    0.773485    0.555556    0.695833    0           0.000000    0.726444    0.744711    0.665122    5.421508   
[36mINFO[0m 08/01 16:43:23 | 0.530612    0.493151    0.000000    0.770833    0.543556    0.481395    0.824432    0.477804    0.530612    0.543556    0.493151    0.481395    0.875000    0.944697    0.666667    0.704167    100         14.545455   0.556116    0.106579    0.403153    5.821741   
[36mINFO[0m 08/01 16:43:37 | 0.547619    0.534247    0.000000    0.747507    0.544974    0.496899    0.786995    0.697826    0.547619    0.544974    0.534247    0.496899    0.865385    0.917045    0.629630    0.656944    200         29.090909   0.355271    0.106622    0.410458    6.003764   
[36mINFO[0m 08/01 16:43:51 | 0.547619    0.534247    0.000000    0.672721    0.560280    0.491473    0.730177    1.103214    0.547619    0.560280    0.534247    0.491473    0.826923    0.882576    0.518519    0.577778    300         43.636364   0.223538    0.105831    0.431603    6.179317   
Model converged at step 100, Start step = -1; Threshold = 0.987499, 
[36mINFO[0m 08/01 16:44:05 | 0.540816    0.520548    0.000000    0.719729    0.556264    0.514729    0.762626    1.167583    0.540816    0.556264    0.520548    0.514729    0.865385    0.928030    0.574074    0.597222    400         58.181818   0.171205    0.106459    0.405147    6.535429   
[36mINFO[0m 08/01 16:44:19 | 0.537415    0.506849    0.000000    0.681980    0.557918    0.491473    0.729798    1.145954    0.537415    0.557918    0.506849    0.491473    0.826923    0.910985    0.537037    0.548611    500         72.727273   0.152842    0.105133    0.412958    6.709884   
[36mINFO[0m 08/01 16:44:32 | 0.547619    0.479452    0.000000    0.672721    0.529006    0.472868    0.747159    1.424480    0.547619    0.529006    0.479452    0.472868    0.826923    0.923485    0.518519    0.570833    600         87.272727   0.151672    0.104626    0.474043    6.884460   
[36mINFO[0m 08/01 16:44:46 | 0.544218    0.506849    0.000000    0.691239    0.556500    0.479070    0.733838    1.496804    0.544218    0.556500    0.506849    0.479070    0.826923    0.907955    0.555556    0.559722    700         101.818182  0.123414    0.104613    0.409998    7.060868   
[36mINFO[0m 08/01 16:45:02 | 0.537415    0.575342    0.000000    0.695335    0.549887    0.510078    0.745896    1.339236    0.537415    0.549887    0.575342    0.510078    0.798077    0.905682    0.592593    0.586111    800         116.363636  0.086178    0.107858    0.391239    7.060868   
Valley is dead at step 200
[36mINFO[0m 08/01 16:45:03 | SWAD valley is dead -> early stop !
[36mINFO[0m 08/01 16:45:03 | ---
[33mWARNING[0m 08/01 16:45:03 | Evaluate SWAD ...
[36mINFO[0m 08/01 16:45:04 | 0.540816    0.465753    0.000000    0.794160    0.543793    0.459690    0.827525    0.481161    0.540816    0.543793    0.465753    0.459690    0.884615    0.948106    0.703704    0.706944    [1-200]  (N=2)
[36mINFO[0m 08/01 16:45:04 | oracle = 57.143%
[36mINFO[0m 08/01 16:45:04 | iid = 53.061%
[36mINFO[0m 08/01 16:45:04 | last = 53.741%
[36mINFO[0m 08/01 16:45:04 | last (inD) = 69.533%
[36mINFO[0m 08/01 16:45:04 | iid (inD) = 77.083%
[36mINFO[0m 08/01 16:45:04 | SWAD = 54.082%
[36mINFO[0m 08/01 16:45:04 | SWAD (inD) = 79.416%
[36mINFO[0m 08/01 16:45:04 | 
[36mINFO[0m 08/01 16:45:04 | Testenv name escaping te_01 -> te_01
[36mINFO[0m 08/01 16:45:04 | Test envs = [1], name = te_01
[36mINFO[0m 08/01 16:45:04 | Batch sizes for each domain: [32, 0, 32] (total=64)
[36mINFO[0m 08/01 16:45:04 | steps-per-epoch for each domain: 9.19, 6.88 -> min = 6.88
/home/s21_yhr/miniconda3/envs/GGA/lib/python3.11/site-packages/torchvision/models/_utils.py:208: UserWarning: The parameter 'pretrained' is deprecated since 0.13 and may be removed in the future, please use 'weights' instead.
  warnings.warn(
/home/s21_yhr/miniconda3/envs/GGA/lib/python3.11/site-packages/torchvision/models/_utils.py:223: UserWarning: Arguments other than a weight enum or `None` for 'weights' are deprecated since 0.13 and may be removed in the future. The current behavior is equivalent to passing `weights=ResNet50_Weights.IMAGENET1K_V1`. You can also use `weights=ResNet50_Weights.DEFAULT` to get the most up-to-date weights.
  warnings.warn(msg)
[36mINFO[0m 08/01 16:45:07 | # of params = 23512130
[36mINFO[0m 08/01 16:45:08 | test_in     test_out    train_in    train_out   test_in_au  train_out_  tr_outloss  test_out_a  env0_out    env0_out_a  env1_in     env1_in_au  env1_out    env1_out_a  env2_out    env2_out_a  step        epoch       loss        step_time   eval_time   mem_gb     
[36mINFO[0m 08/01 16:45:08 | 0.486874    0.576923    0.000000    0.572298    0.839444    0.557558    0.747583    0.837879    0.589041    0.398450    0.486874    0.839444    0.576923    0.837879    0.555556    0.716667    0           0.000000    0.690783    0.106287    0.572177    5.425170   
[36mINFO[0m 08/01 16:45:21 | 0.627685    0.471154    0.000000    0.536022    0.740606    0.588679    0.689161    0.606439    0.479452    0.509302    0.627685    0.740606    0.471154    0.606439    0.592593    0.668056    100         14.545455   0.649329    0.102507    0.505339    5.824671   
[36mINFO[0m 08/01 16:45:34 | 0.479714    0.500000    0.000000    0.608955    0.631532    0.626050    0.819828    0.457197    0.643836    0.653488    0.479714    0.631532    0.500000    0.457197    0.574074    0.598611    200         29.090909   0.562873    0.102382    0.504849    5.999248   
[36mINFO[0m 08/01 16:45:47 | 0.496420    0.490385    0.000000    0.618214    0.530962    0.620365    1.617502    0.396591    0.643836    0.697674    0.496420    0.530962    0.490385    0.396591    0.592593    0.543056    300         43.636364   0.328827    0.102887    0.497454    6.177853   
Model converged at step 100, Start step = -1; Threshold = 1.354813, 
[36mINFO[0m 08/01 16:46:01 | 0.496420    0.461538    0.000000    0.567478    0.525422    0.545623    1.691609    0.458333    0.616438    0.575969    0.496420    0.525422    0.461538    0.458333    0.518519    0.515278    400         58.181818   0.222798    0.103049    0.491556    6.526030   
[36mINFO[0m 08/01 16:46:14 | 0.491647    0.461538    0.000000    0.588407    0.487209    0.596528    1.678388    0.367045    0.602740    0.666667    0.491647    0.487209    0.461538    0.367045    0.574074    0.526389    500         72.727273   0.163633    0.102260    0.486746    6.702559   
[36mINFO[0m 08/01 16:46:27 | 0.532220    0.480769    0.000000    0.560629    0.546717    0.570688    2.433398    0.464015    0.602740    0.620543    0.532220    0.546717    0.480769    0.464015    0.518519    0.520833    600         87.272727   0.129532    0.101491    0.487686    6.878845   
[36mINFO[0m 08/01 16:46:40 | 0.503580    0.509615    0.000000    0.595256    0.515846    0.587855    2.472645    0.489015    0.616438    0.620155    0.503580    0.515846    0.509615    0.489015    0.574074    0.555556    700         101.818182  0.102449    0.101828    0.504572    7.053422   
[36mINFO[0m 08/01 16:46:54 | 0.515513    0.509615    0.000000    0.597666    0.547196    0.592765    2.509401    0.475000    0.602740    0.624419    0.515513    0.547196    0.509615    0.475000    0.592593    0.561111    800         116.363636  0.095139    0.101243    0.499204    7.054399   
Valley is dead at step 200
[36mINFO[0m 08/01 16:46:55 | SWAD valley is dead -> early stop !
[36mINFO[0m 08/01 16:46:55 | ---
[33mWARNING[0m 08/01 16:46:55 | Evaluate SWAD ...
[36mINFO[0m 08/01 16:46:56 | 0.701671    0.576923    0.000000    0.668950    0.758892    0.674580    0.645987    0.617424    0.671233    0.651938    0.701671    0.758892    0.576923    0.617424    0.666667    0.697222    [1-200]  (N=2)
[36mINFO[0m 08/01 16:46:56 | oracle = 48.687%
[36mINFO[0m 08/01 16:46:56 | iid = 49.642%
[36mINFO[0m 08/01 16:46:56 | last = 51.551%
[36mINFO[0m 08/01 16:46:56 | last (inD) = 59.767%
[36mINFO[0m 08/01 16:46:56 | iid (inD) = 61.821%
[36mINFO[0m 08/01 16:46:56 | SWAD = 70.167%
[36mINFO[0m 08/01 16:46:56 | SWAD (inD) = 66.895%
[36mINFO[0m 08/01 16:46:56 | 
[36mINFO[0m 08/01 16:46:56 | Testenv name escaping te_02 -> te_02
[36mINFO[0m 08/01 16:46:56 | Test envs = [2], name = te_02
[36mINFO[0m 08/01 16:46:56 | Batch sizes for each domain: [32, 32, 0] (total=64)
[36mINFO[0m 08/01 16:46:56 | steps-per-epoch for each domain: 9.19, 13.09 -> min = 9.19
/home/s21_yhr/miniconda3/envs/GGA/lib/python3.11/site-packages/torchvision/models/_utils.py:208: UserWarning: The parameter 'pretrained' is deprecated since 0.13 and may be removed in the future, please use 'weights' instead.
  warnings.warn(
/home/s21_yhr/miniconda3/envs/GGA/lib/python3.11/site-packages/torchvision/models/_utils.py:223: UserWarning: Arguments other than a weight enum or `None` for 'weights' are deprecated since 0.13 and may be removed in the future. The current behavior is equivalent to passing `weights=ResNet50_Weights.IMAGENET1K_V1`. You can also use `weights=ResNet50_Weights.DEFAULT` to get the most up-to-date weights.
  warnings.warn(msg)
[36mINFO[0m 08/01 16:46:59 | # of params = 23512130
[36mINFO[0m 08/01 16:47:00 | test_in     test_out    train_in    train_out   test_in_au  train_out_  tr_outloss  test_out_a  env0_out    env0_out_a  env1_out    env1_out_a  env2_in     env2_in_au  env2_out    env2_out_a  step        epoch       loss        step_time   eval_time   mem_gb     
[36mINFO[0m 08/01 16:47:00 | 0.577273    0.555556    0.000000    0.582982    0.498095    0.643160    0.717836    0.598611    0.589041    0.548062    0.576923    0.738258    0.577273    0.498095    0.555556    0.598611    0           0.000000    0.738441    0.100487    0.365456    5.425170   
[36mINFO[0m 08/01 16:47:13 | 0.563636    0.611111    0.000000    0.683219    0.548387    0.745490    0.718287    0.666667    0.616438    0.636434    0.750000    0.854545    0.563636    0.548387    0.611111    0.666667    100         10.884354   0.591604    0.102549    0.340968    5.824671   
[36mINFO[0m 08/01 16:47:26 | 0.536364    0.648148    0.000000    0.738870    0.565913    0.756510    0.726954    0.701389    0.602740    0.606202    0.875000    0.906818    0.536364    0.565913    0.648148    0.701389    200         21.768707   0.467066    0.102439    0.344110    5.999248   
Model converged at step 0, Start step = 1; Threshold = 0.937333, 
[36mINFO[0m 08/01 16:47:41 | 0.604545    0.592593    0.000000    0.775158    0.558801    0.773441    1.052436    0.716667    0.684932    0.629457    0.865385    0.917424    0.604545    0.558801    0.592593    0.716667    300         32.653061   0.335031    0.102559    0.340801    6.177853   
[36mINFO[0m 08/01 16:47:55 | 0.500000    0.740741    0.000000    0.747761    0.543307    0.764094    1.178664    0.744444    0.630137    0.606977    0.865385    0.921212    0.500000    0.543307    0.740741    0.744444    400         43.537415   0.232909    0.102877    0.346377    6.355237   
[36mINFO[0m 08/01 16:48:10 | 0.554545    0.685185    0.000000    0.721681    0.582423    0.763777    1.271981    0.748611    0.616438    0.645736    0.826923    0.881818    0.554545    0.582423    0.685185    0.748611    500         54.421769   0.194800    0.102624    0.350651    6.526518   
[36mINFO[0m 08/01 16:48:23 | 0.581818    0.629630    0.000000    0.698367    0.570316    0.770203    1.635520    0.761111    0.589041    0.627907    0.807692    0.912500    0.581818    0.570316    0.629630    0.761111    600         65.306122   0.148719    0.102822    0.340412    6.702193   
[36mINFO[0m 08/01 16:48:37 | 0.618182    0.703704    0.000000    0.734787    0.612226    0.768979    1.517454    0.790278    0.575342    0.620155    0.894231    0.917803    0.618182    0.612226    0.703704    0.790278    700         76.190476   0.128789    0.102240    0.338069    6.877502   
[36mINFO[0m 08/01 16:48:51 | 0.550000    0.703704    0.000000    0.690200    0.567945    0.756356    1.356940    0.723611    0.534247    0.609302    0.846154    0.903409    0.550000    0.567945    0.703704    0.723611    800         87.074830   0.117016    0.102386    0.344289    6.877502   
Valley is dead at step 200
[36mINFO[0m 08/01 16:48:52 | SWAD valley is dead -> early stop !
[36mINFO[0m 08/01 16:48:52 | ---
[33mWARNING[0m 08/01 16:48:52 | Evaluate SWAD ...
[36mINFO[0m 08/01 16:48:52 | 0.554545    0.666667    0.000000    0.692242    0.559986    0.746886    0.591887    0.756944    0.547945    0.575969    0.836538    0.917803    0.554545    0.559986    0.666667    0.756944    [1-200]  (N=7)
[36mINFO[0m 08/01 16:48:52 | oracle = 50.000%
[36mINFO[0m 08/01 16:48:52 | iid = 60.455%
[36mINFO[0m 08/01 16:48:52 | last = 55.000%
[36mINFO[0m 08/01 16:48:52 | last (inD) = 69.020%
[36mINFO[0m 08/01 16:48:52 | iid (inD) = 77.516%
[36mINFO[0m 08/01 16:48:52 | SWAD = 55.455%
[36mINFO[0m 08/01 16:48:52 | SWAD (inD) = 69.224%
[36mINFO[0m 08/01 16:48:53 | === Summary ===
[36mINFO[0m 08/01 16:48:53 | Command: /home/s21_yhr/lzh/DomainBed-new/train_all.py HTP_SWAD_seed0 --dataset HTP --data_dir /home/s21_yhr/lzh/DomainBed-new/dataset --algorithm ERM --steps 5000 --checkpoint_freq 100 --batch_size 32 --optimizer adam --lr 5e-5 --weight_decay 0 --resnet_dropout 0 --resnet18 False --pretrained True --freeze_bn True --swad LossValley --seed 0 --trial_seed 0 --deterministic --prebuild_loader --cache_size 640
[36mINFO[0m 08/01 16:48:53 | Unique name: 260801_16-43-04_HTP_SWAD_seed0
[36mINFO[0m 08/01 16:48:53 | Out path: train_output/HTP/260801_16-43-04_HTP_SWAD_seed0
[36mINFO[0m 08/01 16:48:53 | Algorithm: ERM
[36mINFO[0m 08/01 16:48:53 | Dataset: HTP
+------------+---------+---------+---------+---------+
| Selection  |    00   |    01   |    02   |   Avg.  |
+------------+---------+---------+---------+---------+
|   oracle   | 57.143% | 48.687% | 50.000% | 51.943% |
|    iid     | 53.061% | 49.642% | 60.455% | 54.386% |
|    last    | 53.741% | 51.551% | 55.000% | 53.431% |
| last (inD) | 69.533% | 59.767% | 69.020% | 66.107% |
| iid (inD)  | 77.083% | 61.821% | 77.516% | 72.140% |
|    SWAD    | 54.082% | 70.167% | 55.455% | 59.901% |
| SWAD (inD) | 79.416% | 66.895% | 69.224% | 71.845% |
+------------+---------+---------+---------+---------+
================================================================================
Starting SWAD, seed=1, physical GPU=3
/home/s21_yhr/miniconda3/envs/GGA/bin/python /home/s21_yhr/lzh/DomainBed-new/train_all.py HTP_SWAD_seed1 --dataset HTP --data_dir /home/s21_yhr/lzh/DomainBed-new/dataset --algorithm ERM --steps 5000 --checkpoint_freq 100 --batch_size 32 --optimizer adam --lr 5e-5 --weight_decay 0 --resnet_dropout 0 --resnet18 False --pretrained True --freeze_bn True --swad LossValley --seed 1 --trial_seed 1 --deterministic --prebuild_loader --cache_size 640
================================================================================
[36mINFO[0m 08/01 16:48:59 | Command :: /home/s21_yhr/lzh/DomainBed-new/train_all.py HTP_SWAD_seed1 --dataset HTP --data_dir /home/s21_yhr/lzh/DomainBed-new/dataset --algorithm ERM --steps 5000 --checkpoint_freq 100 --batch_size 32 --optimizer adam --lr 5e-5 --weight_decay 0 --resnet_dropout 0 --resnet18 False --pretrained True --freeze_bn True --swad LossValley --seed 1 --trial_seed 1 --deterministic --prebuild_loader --cache_size 640
Environment:
	Python: 3.11.15
	PyTorch: 2.11.0+cu128
	Torchvision: 0.26.0+cu128
	CUDA: 12.8
	CUDNN: 91900
	NumPy: 1.26.4
	PIL: 12.2.0
Args:
	algorithm: ERM
	batch_size: 32
	cache_root: cache
	cache_size: 640
	checkpoint_freq: 100
	configs: []
	data_dir: /home/s21_yhr/lzh/DomainBed-new/dataset
	dataset: HTP
	debug: False
	deterministic: True
	end_step: 200
	evalmode: fast
	extra_search: n
	extra_search_end: None
	extra_search_start: None
	gga_l_gamma: 0.001
	grad_fn: sum
	holdout_fraction: 0.2
	model_save: None
	name: HTP_SWAD_seed1
	neighborhoodSize: 1e-06
	out_dir: train_output/HTP/260801_16-48-58_HTP_SWAD_seed1
	out_root: train_output/HTP
	prebuild_loader: True
	seed: 1
	show: False
	start_step: 100
	steps: 5000
	tb_freq: 10
	test_envs: None
	train_output: train_output
	trial_seed: 1
	unique_name: 260801_16-48-58_HTP_SWAD_seed1
	work_dir: .
HParams:
	data_augmentation: True
	val_augment: False
	[36mresnet18: False
	[0m[36mresnet_dropout: 0
	[0mclass_balanced: False
	[36moptimizer: adam
	[0m[36mfreeze_bn: True
	[0m[36mpretrained: True
	[0m[36mlr: 5e-05
	[0mbatch_size: 32
	[36mweight_decay: 0
	[0m[36mswad: LossValley
	[0mswad_kwargs: 
	  n_converge: 3
	  n_tolerance: 6
	  tolerance_ratio: 0.3
	test_batchsize: 128
	indomain_test: False
	grad_fn: sum
	extra_search: n
	logdir: train_output/HTP/260801_16-48-58_HTP_SWAD_seed1
	neighborhoodSize: 1e-06
	start_step: 100
	end_step: 200
	extra_search_start: None
	extra_search_end: None
	gga_l_gamma: 0.001
Dataset:
	[HTP] #envs=3, #classes=2
	env0: 00 (#367)
	env1: 01 (#523)
	env2: 02 (#274)

[36mINFO[0m 08/01 16:48:59 | n_steps = 5000
[36mINFO[0m 08/01 16:48:59 | checkpoint_freq = 100
[36mINFO[0m 08/01 16:48:59 | n_steps is updated to 5000 => 5001 for checkpointing
[36mINFO[0m 08/01 16:48:59 | Target test envs = [[0], [1], [2]]
[36mINFO[0m 08/01 16:48:59 | 
[36mINFO[0m 08/01 16:48:59 | Testenv name escaping te_00 -> te_00
[36mINFO[0m 08/01 16:48:59 | Test envs = [0], name = te_00
[36mINFO[0m 08/01 16:48:59 | Batch sizes for each domain: [0, 32, 32] (total=64)
[36mINFO[0m 08/01 16:48:59 | steps-per-epoch for each domain: 13.09, 6.88 -> min = 6.88
/home/s21_yhr/miniconda3/envs/GGA/lib/python3.11/site-packages/torchvision/models/_utils.py:208: UserWarning: The parameter 'pretrained' is deprecated since 0.13 and may be removed in the future, please use 'weights' instead.
  warnings.warn(
/home/s21_yhr/miniconda3/envs/GGA/lib/python3.11/site-packages/torchvision/models/_utils.py:223: UserWarning: Arguments other than a weight enum or `None` for 'weights' are deprecated since 0.13 and may be removed in the future. The current behavior is equivalent to passing `weights=ResNet50_Weights.IMAGENET1K_V1`. You can also use `weights=ResNet50_Weights.DEFAULT` to get the most up-to-date weights.
  warnings.warn(msg)
[36mINFO[0m 08/01 16:49:01 | # of params = 23512130
[36mINFO[0m 08/01 16:49:02 | test_in     test_out    train_in    train_out   test_in_au  test_out_a  train_out_  tr_outloss  env0_in     env0_in_au  env0_out    env0_out_a  env1_out    env1_out_a  env2_out    env2_out_a  step        epoch       loss        step_time   eval_time   mem_gb     
[36mINFO[0m 08/01 16:49:02 | 0.503401    0.452055    0.000000    0.530271    0.491941    0.471970    0.720325    0.685455    0.503401    0.491941    0.452055    0.471970    0.634615    0.792530    0.425926    0.648120    0           0.000000    0.712563    0.696225    0.590529    5.421508   
[36mINFO[0m 08/01 16:49:15 | 0.496599    0.534247    0.000000    0.732728    0.500594    0.500000    0.826903    0.573425    0.496599    0.500594    0.534247    0.500000    0.817308    0.928994    0.648148    0.724812    100         14.545455   0.483117    0.103618    0.405606    5.821741   
[36mINFO[0m 08/01 16:49:28 | 0.530612    0.520548    0.000000    0.737536    0.526316    0.505303    0.817881    0.679951    0.530612    0.526316    0.520548    0.505303    0.826923    0.928994    0.648148    0.706767    200         29.090909   0.314273    0.102947    0.403666    6.003764   
[36mINFO[0m 08/01 16:49:41 | 0.520408    0.561644    0.000000    0.690171    0.525412    0.521970    0.830478    0.877839    0.520408    0.525412    0.561644    0.521970    0.769231    0.928624    0.611111    0.732331    300         43.636364   0.226736    0.103074    0.410027    6.179317   
Model converged at step 100, Start step = 1; Threshold = 0.923527, 
[36mINFO[0m 08/01 16:49:58 | 0.540816    0.506849    0.000000    0.694623    0.515713    0.506061    0.772716    1.039482    0.540816    0.515713    0.506849    0.506061    0.759615    0.889793    0.629630    0.655639    400         58.181818   0.167499    0.102839    0.398944    6.535429   
[36mINFO[0m 08/01 16:50:11 | 0.510204    0.465753    0.000000    0.699074    0.528265    0.501515    0.805491    1.166867    0.510204    0.528265    0.465753    0.501515    0.750000    0.904216    0.648148    0.706767    500         72.727273   0.137537    0.101648    0.390110    6.709884   
[36mINFO[0m 08/01 16:50:24 | 0.523810    0.506849    0.000000    0.717593    0.528693    0.492424    0.826162    1.153435    0.523810    0.528693    0.506849    0.492424    0.750000    0.904956    0.685185    0.747368    600         87.272727   0.139088    0.102939    0.397119    6.884460   
[36mINFO[0m 08/01 16:50:39 | 0.544218    0.547945    0.000000    0.684651    0.534493    0.516667    0.789418    1.466829    0.544218    0.534493    0.547945    0.516667    0.721154    0.893121    0.648148    0.685714    700         101.818182  0.117414    0.103886    0.396594    7.060868   
[36mINFO[0m 08/01 16:50:53 | 0.547619    0.534247    0.000000    0.699074    0.533210    0.494697    0.816572    1.316759    0.547619    0.533210    0.534247    0.494697    0.750000    0.905325    0.648148    0.727820    800         116.363636  0.111316    0.102661    0.421122    7.060868   
[36mINFO[0m 08/01 16:51:08 | 0.486395    0.534247    0.000000    0.714209    0.533947    0.524621    0.773258    1.412630    0.486395    0.533947    0.534247    0.524621    0.817308    0.892382    0.611111    0.654135    900         130.909091  0.103982    0.103125    0.398366    7.060868   
Valley is dead at step 300
[36mINFO[0m 08/01 16:51:09 | SWAD valley is dead -> early stop !
[36mINFO[0m 08/01 16:51:09 | ---
[33mWARNING[0m 08/01 16:51:09 | Evaluate SWAD ...
[36mINFO[0m 08/01 16:51:09 | 0.530612    0.534247    0.000000    0.737179    0.526458    0.453788    0.831883    0.551666    0.530612    0.526458    0.534247    0.453788    0.807692    0.940459    0.666667    0.723308    [1-300]  (N=6)
[36mINFO[0m 08/01 16:51:09 | oracle = 52.041%
[36mINFO[0m 08/01 16:51:09 | iid = 53.061%
[36mINFO[0m 08/01 16:51:09 | last = 48.639%
[36mINFO[0m 08/01 16:51:09 | last (inD) = 71.421%
[36mINFO[0m 08/01 16:51:09 | iid (inD) = 73.754%
[36mINFO[0m 08/01 16:51:09 | SWAD = 53.061%
[36mINFO[0m 08/01 16:51:09 | SWAD (inD) = 73.718%
[36mINFO[0m 08/01 16:51:10 | 
[36mINFO[0m 08/01 16:51:10 | Testenv name escaping te_01 -> te_01
[36mINFO[0m 08/01 16:51:10 | Test envs = [1], name = te_01
[36mINFO[0m 08/01 16:51:10 | Batch sizes for each domain: [32, 0, 32] (total=64)
[36mINFO[0m 08/01 16:51:10 | steps-per-epoch for each domain: 9.19, 6.88 -> min = 6.88
/home/s21_yhr/miniconda3/envs/GGA/lib/python3.11/site-packages/torchvision/models/_utils.py:208: UserWarning: The parameter 'pretrained' is deprecated since 0.13 and may be removed in the future, please use 'weights' instead.
  warnings.warn(
/home/s21_yhr/miniconda3/envs/GGA/lib/python3.11/site-packages/torchvision/models/_utils.py:223: UserWarning: Arguments other than a weight enum or `None` for 'weights' are deprecated since 0.13 and may be removed in the future. The current behavior is equivalent to passing `weights=ResNet50_Weights.IMAGENET1K_V1`. You can also use `weights=ResNet50_Weights.DEFAULT` to get the most up-to-date weights.
  warnings.warn(msg)
[36mINFO[0m 08/01 16:51:13 | # of params = 23512130
[36mINFO[0m 08/01 16:51:14 | test_in     test_out    train_in    train_out   test_in_au  train_out_  tr_outloss  test_out_a  env0_out    env0_out_a  env1_in     env1_in_au  env1_out    env1_out_a  env2_out    env2_out_a  step        epoch       loss        step_time   eval_time   mem_gb     
[36mINFO[0m 08/01 16:51:14 | 0.496420    0.490385    0.000000    0.604896    0.365919    0.476179    0.694472    0.388683    0.561644    0.463636    0.496420    0.365919    0.490385    0.388683    0.648148    0.488722    0           0.000000    0.695065    0.107206    0.575046    5.425170   
[36mINFO[0m 08/01 16:51:27 | 0.517900    0.557692    0.000000    0.581938    0.663476    0.573434    0.879868    0.659393    0.534247    0.533333    0.517900    0.663476    0.557692    0.659393    0.629630    0.613534    100         14.545455   0.623833    0.103723    0.490687    5.824671   
[36mINFO[0m 08/01 16:51:40 | 0.606205    0.596154    0.000000    0.568239    0.682960    0.585785    1.826847    0.668639    0.506849    0.518939    0.606205    0.682960    0.596154    0.668639    0.629630    0.652632    200         29.090909   0.426654    0.103522    0.540453    5.999248   
Model converged at step 0, Start step = -1; Threshold = 1.473848, 
[36mINFO[0m 08/01 16:51:54 | 0.556086    0.615385    0.000000    0.613775    0.532951    0.665727    1.095161    0.619822    0.616438    0.683333    0.556086    0.532951    0.615385    0.619822    0.611111    0.648120    300         43.636364   0.266758    0.102118    0.482413    6.177853   
[36mINFO[0m 08/01 16:52:07 | 0.489260    0.538462    0.000000    0.588787    0.567200    0.624795    1.974188    0.576923    0.547945    0.595455    0.489260    0.567200    0.538462    0.576923    0.629630    0.654135    400         58.181818   0.160554    0.102574    0.498082    6.355237   
[36mINFO[0m 08/01 16:52:21 | 0.501193    0.596154    0.000000    0.613775    0.550839    0.680827    1.976358    0.627589    0.616438    0.700000    0.501193    0.550839    0.596154    0.627589    0.611111    0.661654    500         72.727273   0.122269    0.103324    0.495305    6.526518   
[36mINFO[0m 08/01 16:52:35 | 0.472554    0.528846    0.000000    0.631913    0.525431    0.664602    2.696220    0.571746    0.671233    0.684091    0.472554    0.525431    0.528846    0.571746    0.592593    0.645113    600         87.272727   0.123829    0.102293    0.498624    6.702193   
[36mINFO[0m 08/01 16:52:50 | 0.491647    0.567308    0.000000    0.629883    0.534477    0.663890    1.965819    0.617604    0.630137    0.694697    0.491647    0.534477    0.567308    0.617604    0.629630    0.633083    700         101.818182  0.108077    0.101600    0.524414    6.877502   
[36mINFO[0m 08/01 16:53:05 | 0.541766    0.615385    0.000000    0.638762    0.572965    0.665015    2.721627    0.597633    0.684932    0.693939    0.541766    0.572965    0.615385    0.597633    0.592593    0.636090    800         116.363636  0.118696    0.101669    0.557966    6.877502   
[36mINFO[0m 08/01 16:53:19 | 0.527446    0.528846    0.000000    0.664130    0.518572    0.697499    1.488461    0.529956    0.698630    0.734848    0.527446    0.518572    0.528846    0.529956    0.629630    0.660150    900         130.909091  0.098611    0.101440    0.513792    6.878967   
Valley is dead at step 300
[36mINFO[0m 08/01 16:53:20 | SWAD valley is dead -> early stop !
[36mINFO[0m 08/01 16:53:20 | ---
[33mWARNING[0m 08/01 16:53:20 | Evaluate SWAD ...
[36mINFO[0m 08/01 16:53:20 | 0.661098    0.673077    0.000000    0.510654    0.741159    0.563585    0.677429    0.755547    0.465753    0.513636    0.661098    0.741159    0.673077    0.755547    0.555556    0.613534    [0-300]  (N=6)
[36mINFO[0m 08/01 16:53:20 | oracle = 55.609%
[36mINFO[0m 08/01 16:53:20 | iid = 52.745%
[36mINFO[0m 08/01 16:53:20 | last = 52.745%
[36mINFO[0m 08/01 16:53:20 | last (inD) = 66.413%
[36mINFO[0m 08/01 16:53:20 | iid (inD) = 66.413%
[36mINFO[0m 08/01 16:53:20 | SWAD = 66.110%
[36mINFO[0m 08/01 16:53:20 | SWAD (inD) = 51.065%
[36mINFO[0m 08/01 16:53:21 | 
[36mINFO[0m 08/01 16:53:21 | Testenv name escaping te_02 -> te_02
[36mINFO[0m 08/01 16:53:21 | Test envs = [2], name = te_02
[36mINFO[0m 08/01 16:53:21 | Batch sizes for each domain: [32, 32, 0] (total=64)
[36mINFO[0m 08/01 16:53:21 | steps-per-epoch for each domain: 9.19, 13.09 -> min = 9.19
/home/s21_yhr/miniconda3/envs/GGA/lib/python3.11/site-packages/torchvision/models/_utils.py:208: UserWarning: The parameter 'pretrained' is deprecated since 0.13 and may be removed in the future, please use 'weights' instead.
  warnings.warn(
/home/s21_yhr/miniconda3/envs/GGA/lib/python3.11/site-packages/torchvision/models/_utils.py:223: UserWarning: Arguments other than a weight enum or `None` for 'weights' are deprecated since 0.13 and may be removed in the future. The current behavior is equivalent to passing `weights=ResNet50_Weights.IMAGENET1K_V1`. You can also use `weights=ResNet50_Weights.DEFAULT` to get the most up-to-date weights.
  warnings.warn(msg)
[36mINFO[0m 08/01 16:53:24 | # of params = 23512130
[36mINFO[0m 08/01 16:53:25 | test_in     test_out    train_in    train_out   test_in_au  train_out_  tr_outloss  test_out_a  env0_out    env0_out_a  env1_out    env1_out_a  env2_in     env2_in_au  env2_out    env2_out_a  step        epoch       loss        step_time   eval_time   mem_gb     
[36mINFO[0m 08/01 16:53:25 | 0.554545    0.648148    0.000000    0.523973    0.648210    0.594004    0.723898    0.562406    0.547945    0.412121    0.500000    0.775888    0.554545    0.648210    0.648148    0.562406    0           0.000000    0.691319    0.108192    0.381888    5.425170   
[36mINFO[0m 08/01 16:53:38 | 0.554545    0.611111    0.000000    0.609787    0.644028    0.703149    0.919618    0.625564    0.575342    0.509848    0.644231    0.896450    0.554545    0.644028    0.611111    0.625564    100         10.884354   0.597153    0.102985    0.343776    5.824671   
[36mINFO[0m 08/01 16:53:51 | 0.554545    0.555556    0.000000    0.718190    0.571429    0.747473    1.042915    0.563910    0.657534    0.583333    0.778846    0.911612    0.554545    0.571429    0.555556    0.563910    200         21.768707   0.419152    0.103377    0.338821    5.999248   
Model converged at step 0, Start step = 1; Threshold = 1.164121, 
[36mINFO[0m 08/01 16:54:06 | 0.540909    0.574074    0.000000    0.730572    0.601204    0.792746    0.966952    0.643609    0.643836    0.690152    0.817308    0.895340    0.540909    0.601204    0.574074    0.643609    300         32.653061   0.277786    0.102138    0.346084    6.177853   
[36mINFO[0m 08/01 16:54:21 | 0.563636    0.592593    0.000000    0.679729    0.595851    0.758938    2.054830    0.600000    0.657534    0.630303    0.701923    0.887574    0.563636    0.595851    0.592593    0.600000    400         43.537415   0.208181    0.101854    0.343949    6.355237   
[36mINFO[0m 08/01 16:54:35 | 0.604545    0.648148    0.000000    0.712790    0.622031    0.794120    0.908975    0.669173    0.589041    0.650000    0.836538    0.938240    0.604545    0.622031    0.648148    0.669173    500         54.421769   0.184603    0.102567    0.343223    6.526518   
[36mINFO[0m 08/01 16:54:50 | 0.577273    0.611111    0.000000    0.773709    0.605805    0.847285    1.213734    0.643609    0.739726    0.767424    0.807692    0.927145    0.577273    0.605805    0.611111    0.643609    600         65.306122   0.123106    0.102900    0.337127    6.702193   
[36mINFO[0m 08/01 16:55:04 | 0.581818    0.611111    0.000000    0.664120    0.626798    0.760781    1.659874    0.651128    0.520548    0.598485    0.807692    0.923077    0.581818    0.626798    0.611111    0.651128    700         76.190476   0.125098    0.102165    0.337155    6.877502   
[36mINFO[0m 08/01 16:55:19 | 0.568182    0.574074    0.000000    0.714831    0.597733    0.784063    1.807524    0.605263    0.602740    0.643939    0.826923    0.924186    0.568182    0.597733    0.574074    0.605263    800         87.074830   0.103156    0.102353    0.358251    6.877502   
[36mINFO[0m 08/01 16:55:33 | 0.572727    0.537037    0.000000    0.705216    0.613416    0.792674    1.324483    0.598496    0.602740    0.684091    0.807692    0.901257    0.572727    0.613416    0.537037    0.598496    900         97.959184   0.095962    0.102623    0.357897    6.878967   
[36mINFO[0m 08/01 16:55:47 | 0.545455    0.537037    0.000000    0.705084    0.561057    0.807805    1.346876    0.479699    0.698630    0.743939    0.711538    0.871672    0.545455    0.561057    0.537037    0.479699    1000        108.843537  0.086406    0.101685    0.370689    6.878967   
[36mINFO[0m 08/01 16:56:02 | 0.563636    0.537037    0.000000    0.742229    0.604508    0.800491    1.382152    0.594737    0.657534    0.672727    0.826923    0.928254    0.563636    0.604508    0.537037    0.594737    1100        119.727891  0.078848    0.103233    0.387411    6.880432   
Valley is dead at step 500
[36mINFO[0m 08/01 16:56:02 | SWAD valley is dead -> early stop !
[36mINFO[0m 08/01 16:56:02 | ---
[33mWARNING[0m 08/01 16:56:03 | Evaluate SWAD ...
[36mINFO[0m 08/01 16:56:03 | 0.640909    0.574074    0.000000    0.723722    0.639595    0.747189    0.603303    0.596992    0.630137    0.575000    0.817308    0.919379    0.640909    0.639595    0.574074    0.596992    [1-500]  (N=10)
[36mINFO[0m 08/01 16:56:03 | oracle = 55.455%
[36mINFO[0m 08/01 16:56:03 | iid = 57.727%
[36mINFO[0m 08/01 16:56:03 | last = 56.364%
[36mINFO[0m 08/01 16:56:03 | last (inD) = 74.223%
[36mINFO[0m 08/01 16:56:03 | iid (inD) = 77.371%
[36mINFO[0m 08/01 16:56:03 | SWAD = 64.091%
[36mINFO[0m 08/01 16:56:03 | SWAD (inD) = 72.372%
[36mINFO[0m 08/01 16:56:04 | === Summary ===
[36mINFO[0m 08/01 16:56:04 | Command: /home/s21_yhr/lzh/DomainBed-new/train_all.py HTP_SWAD_seed1 --dataset HTP --data_dir /home/s21_yhr/lzh/DomainBed-new/dataset --algorithm ERM --steps 5000 --checkpoint_freq 100 --batch_size 32 --optimizer adam --lr 5e-5 --weight_decay 0 --resnet_dropout 0 --resnet18 False --pretrained True --freeze_bn True --swad LossValley --seed 1 --trial_seed 1 --deterministic --prebuild_loader --cache_size 640
[36mINFO[0m 08/01 16:56:04 | Unique name: 260801_16-48-58_HTP_SWAD_seed1
[36mINFO[0m 08/01 16:56:04 | Out path: train_output/HTP/260801_16-48-58_HTP_SWAD_seed1
[36mINFO[0m 08/01 16:56:04 | Algorithm: ERM
[36mINFO[0m 08/01 16:56:04 | Dataset: HTP
+------------+---------+---------+---------+---------+
| Selection  |    00   |    01   |    02   |   Avg.  |
+------------+---------+---------+---------+---------+
|   oracle   | 52.041% | 55.609% | 55.455% | 54.368% |
|    iid     | 53.061% | 52.745% | 57.727% | 54.511% |
|    last    | 48.639% | 52.745% | 56.364% | 52.583% |
| last (inD) | 71.421% | 66.413% | 74.223% | 70.686% |
| iid (inD)  | 73.754% | 66.413% | 77.371% | 72.512% |
|    SWAD    | 53.061% | 66.110% | 64.091% | 61.087% |
| SWAD (inD) | 73.718% | 51.065% | 72.372% | 65.719% |
+------------+---------+---------+---------+---------+
================================================================================
Starting SWAD, seed=2, physical GPU=3
/home/s21_yhr/miniconda3/envs/GGA/bin/python /home/s21_yhr/lzh/DomainBed-new/train_all.py HTP_SWAD_seed2 --dataset HTP --data_dir /home/s21_yhr/lzh/DomainBed-new/dataset --algorithm ERM --steps 5000 --checkpoint_freq 100 --batch_size 32 --optimizer adam --lr 5e-5 --weight_decay 0 --resnet_dropout 0 --resnet18 False --pretrained True --freeze_bn True --swad LossValley --seed 2 --trial_seed 2 --deterministic --prebuild_loader --cache_size 640
================================================================================
[36mINFO[0m 08/01 16:56:09 | Command :: /home/s21_yhr/lzh/DomainBed-new/train_all.py HTP_SWAD_seed2 --dataset HTP --data_dir /home/s21_yhr/lzh/DomainBed-new/dataset --algorithm ERM --steps 5000 --checkpoint_freq 100 --batch_size 32 --optimizer adam --lr 5e-5 --weight_decay 0 --resnet_dropout 0 --resnet18 False --pretrained True --freeze_bn True --swad LossValley --seed 2 --trial_seed 2 --deterministic --prebuild_loader --cache_size 640
Environment:
	Python: 3.11.15
	PyTorch: 2.11.0+cu128
	Torchvision: 0.26.0+cu128
	CUDA: 12.8
	CUDNN: 91900
	NumPy: 1.26.4
	PIL: 12.2.0
Args:
	algorithm: ERM
	batch_size: 32
	cache_root: cache
	cache_size: 640
	checkpoint_freq: 100
	configs: []
	data_dir: /home/s21_yhr/lzh/DomainBed-new/dataset
	dataset: HTP
	debug: False
	deterministic: True
	end_step: 200
	evalmode: fast
	extra_search: n
	extra_search_end: None
	extra_search_start: None
	gga_l_gamma: 0.001
	grad_fn: sum
	holdout_fraction: 0.2
	model_save: None
	name: HTP_SWAD_seed2
	neighborhoodSize: 1e-06
	out_dir: train_output/HTP/260801_16-56-09_HTP_SWAD_seed2
	out_root: train_output/HTP
	prebuild_loader: True
	seed: 2
	show: False
	start_step: 100
	steps: 5000
	tb_freq: 10
	test_envs: None
	train_output: train_output
	trial_seed: 2
	unique_name: 260801_16-56-09_HTP_SWAD_seed2
	work_dir: .
HParams:
	data_augmentation: True
	val_augment: False
	[36mresnet18: False
	[0m[36mresnet_dropout: 0
	[0mclass_balanced: False
	[36moptimizer: adam
	[0m[36mfreeze_bn: True
	[0m[36mpretrained: True
	[0m[36mlr: 5e-05
	[0mbatch_size: 32
	[36mweight_decay: 0
	[0m[36mswad: LossValley
	[0mswad_kwargs: 
	  n_converge: 3
	  n_tolerance: 6
	  tolerance_ratio: 0.3
	test_batchsize: 128
	indomain_test: False
	grad_fn: sum
	extra_search: n
	logdir: train_output/HTP/260801_16-56-09_HTP_SWAD_seed2
	neighborhoodSize: 1e-06
	start_step: 100
	end_step: 200
	extra_search_start: None
	extra_search_end: None
	gga_l_gamma: 0.001
Dataset:
	[HTP] #envs=3, #classes=2
	env0: 00 (#367)
	env1: 01 (#523)
	env2: 02 (#274)

[36mINFO[0m 08/01 16:56:09 | n_steps = 5000
[36mINFO[0m 08/01 16:56:09 | checkpoint_freq = 100
[36mINFO[0m 08/01 16:56:09 | n_steps is updated to 5000 => 5001 for checkpointing
[36mINFO[0m 08/01 16:56:09 | Target test envs = [[0], [1], [2]]
[36mINFO[0m 08/01 16:56:09 | 
[36mINFO[0m 08/01 16:56:09 | Testenv name escaping te_00 -> te_00
[36mINFO[0m 08/01 16:56:09 | Test envs = [0], name = te_00
[36mINFO[0m 08/01 16:56:09 | Batch sizes for each domain: [0, 32, 32] (total=64)
[36mINFO[0m 08/01 16:56:09 | steps-per-epoch for each domain: 13.09, 6.88 -> min = 6.88
/home/s21_yhr/miniconda3/envs/GGA/lib/python3.11/site-packages/torchvision/models/_utils.py:208: UserWarning: The parameter 'pretrained' is deprecated since 0.13 and may be removed in the future, please use 'weights' instead.
  warnings.warn(
/home/s21_yhr/miniconda3/envs/GGA/lib/python3.11/site-packages/torchvision/models/_utils.py:223: UserWarning: Arguments other than a weight enum or `None` for 'weights' are deprecated since 0.13 and may be removed in the future. The current behavior is equivalent to passing `weights=ResNet50_Weights.IMAGENET1K_V1`. You can also use `weights=ResNet50_Weights.DEFAULT` to get the most up-to-date weights.
  warnings.warn(msg)
[36mINFO[0m 08/01 16:56:12 | # of params = 23512130
[36mINFO[0m 08/01 16:56:13 | test_in     test_out    train_in    train_out   test_in_au  test_out_a  train_out_  tr_outloss  env0_in     env0_in_au  env0_out    env0_out_a  env1_out    env1_out_a  env2_out    env2_out_a  step        epoch       loss        step_time   eval_time   mem_gb     
[36mINFO[0m 08/01 16:56:13 | 0.564626    0.616438    0.000000    0.566595    0.443208    0.588558    0.733371    0.665338    0.564626    0.443208    0.616438    0.588558    0.596154    0.826742    0.537037    0.640000    0           0.000000    0.689001    0.686478    0.598740    5.421508   
[36mINFO[0m 08/01 16:56:26 | 0.527211    0.616438    0.000000    0.762286    0.544344    0.659875    0.774457    0.589205    0.527211    0.544344    0.616438    0.659875    0.913462    0.958569    0.611111    0.590345    100         14.545455   0.551181    0.103094    0.401444    5.821741   
[36mINFO[0m 08/01 16:56:39 | 0.551020    0.589041    0.000000    0.705662    0.540620    0.635580    0.759908    1.085089    0.551020    0.540620    0.589041    0.635580    0.855769    0.952919    0.555556    0.566897    200         29.090909   0.315931    0.101733    0.425039    6.003764   
[36mINFO[0m 08/01 16:56:52 | 0.544218    0.561644    0.000000    0.677885    0.549767    0.612853    0.739971    1.348050    0.544218    0.549767    0.561644    0.612853    0.855769    0.954426    0.500000    0.525517    300         43.636364   0.190373    0.102260    0.425312    6.179317   
Model converged at step 100, Start step = -1; Threshold = 1.309682, 
[36mINFO[0m 08/01 16:57:05 | 0.544218    0.547945    0.000000    0.690527    0.504220    0.623041    0.727863    1.839274    0.544218    0.504220    0.547945    0.623041    0.788462    0.941243    0.592593    0.514483    400         58.181818   0.154081    0.102237    0.400917    6.535429   
[36mINFO[0m 08/01 16:57:18 | 0.564626    0.630137    0.000000    0.664530    0.559574    0.621473    0.736900    1.693390    0.564626    0.559574    0.630137    0.621473    0.884615    0.955179    0.444444    0.518621    500         72.727273   0.130440    0.102352    0.392485    6.709884   
[36mINFO[0m 08/01 16:57:31 | 0.537415    0.616438    0.000000    0.691239    0.556556    0.615987    0.733261    2.054292    0.537415    0.556556    0.616438    0.615987    0.826923    0.950659    0.555556    0.515862    600         87.272727   0.115565    0.102378    0.401827    6.884460   
[36mINFO[0m 08/01 16:57:45 | 0.537415    0.520548    0.000000    0.673789    0.545665    0.566614    0.737276    1.985874    0.537415    0.545665    0.520548    0.566614    0.884615    0.955932    0.462963    0.518621    700         101.818182  0.098868    0.102480    0.401826    7.060868   
[36mINFO[0m 08/01 16:57:59 | 0.554422    0.616438    0.000000    0.733440    0.561601    0.621473    0.758274    1.899189    0.554422    0.561601    0.616438    0.621473    0.855769    0.946893    0.611111    0.569655    800         116.363636  0.097158    0.102485    0.390655    7.060868   
Valley is dead at step 200
[36mINFO[0m 08/01 16:58:00 | SWAD valley is dead -> early stop !
[36mINFO[0m 08/01 16:58:00 | ---
[33mWARNING[0m 08/01 16:58:00 | Evaluate SWAD ...
[36mINFO[0m 08/01 16:58:00 | 0.547619    0.630137    0.000000    0.738604    0.555707    0.657524    0.780918    0.565170    0.547619    0.555707    0.630137    0.657524    0.884615    0.964595    0.592593    0.597241    [1-200]  (N=2)
[36mINFO[0m 08/01 16:58:00 | oracle = 56.463%
[36mINFO[0m 08/01 16:58:00 | iid = 52.721%
[36mINFO[0m 08/01 16:58:00 | last = 55.442%
[36mINFO[0m 08/01 16:58:00 | last (inD) = 73.344%
[36mINFO[0m 08/01 16:58:00 | iid (inD) = 76.229%
[36mINFO[0m 08/01 16:58:00 | SWAD = 54.762%
[36mINFO[0m 08/01 16:58:00 | SWAD (inD) = 73.860%
[36mINFO[0m 08/01 16:58:01 | 
[36mINFO[0m 08/01 16:58:01 | Testenv name escaping te_01 -> te_01
[36mINFO[0m 08/01 16:58:01 | Test envs = [1], name = te_01
[36mINFO[0m 08/01 16:58:01 | Batch sizes for each domain: [32, 0, 32] (total=64)
[36mINFO[0m 08/01 16:58:01 | steps-per-epoch for each domain: 9.19, 6.88 -> min = 6.88
/home/s21_yhr/miniconda3/envs/GGA/lib/python3.11/site-packages/torchvision/models/_utils.py:208: UserWarning: The parameter 'pretrained' is deprecated since 0.13 and may be removed in the future, please use 'weights' instead.
  warnings.warn(
/home/s21_yhr/miniconda3/envs/GGA/lib/python3.11/site-packages/torchvision/models/_utils.py:223: UserWarning: Arguments other than a weight enum or `None` for 'weights' are deprecated since 0.13 and may be removed in the future. The current behavior is equivalent to passing `weights=ResNet50_Weights.IMAGENET1K_V1`. You can also use `weights=ResNet50_Weights.DEFAULT` to get the most up-to-date weights.
  warnings.warn(msg)
[36mINFO[0m 08/01 16:58:04 | # of params = 23512130
[36mINFO[0m 08/01 16:58:05 | test_in     test_out    train_in    train_out   test_in_au  train_out_  tr_outloss  test_out_a  env0_out    env0_out_a  env1_in     env1_in_au  env1_out    env1_out_a  env2_out    env2_out_a  step        epoch       loss        step_time   eval_time   mem_gb     
[36mINFO[0m 08/01 16:58:05 | 0.510740    0.432692    0.000000    0.430112    0.406018    0.492806    0.860505    0.472316    0.397260    0.449060    0.510740    0.406018    0.432692    0.472316    0.462963    0.536552    0           0.000000    0.698337    0.145248    0.551372    5.425170   
[36mINFO[0m 08/01 16:58:18 | 0.620525    0.615385    0.000000    0.588407    0.684295    0.616630    0.706416    0.703578    0.602740    0.593260    0.620525    0.684295    0.615385    0.703578    0.574074    0.640000    100         14.545455   0.631933    0.103036    0.478846    5.824671   
[36mINFO[0m 08/01 16:58:31 | 0.565632    0.538462    0.000000    0.480086    0.595692    0.514530    1.448174    0.548023    0.534247    0.604232    0.565632    0.595692    0.538462    0.548023    0.425926    0.424828    200         29.090909   0.427419    0.102138    0.481636    5.999248   
[36mINFO[0m 08/01 16:58:44 | 0.501193    0.538462    0.000000    0.565068    0.502074    0.569436    1.472122    0.507345    0.630137    0.663009    0.501193    0.502074    0.538462    0.507345    0.500000    0.475862    300         43.636364   0.267737    0.103768    0.512836    6.177853   
Model converged at step 100, Start step = 1; Threshold = 1.571575, 
[36mINFO[0m 08/01 16:59:01 | 0.548926    0.605769    0.000000    0.597286    0.546524    0.604326    1.937738    0.619962    0.657534    0.692790    0.548926    0.546524    0.605769    0.619962    0.537037    0.515862    400         58.181818   0.154134    0.102538    0.494879    6.526030   
[36mINFO[0m 08/01 16:59:14 | 0.560859    0.548077    0.000000    0.528031    0.564600    0.540596    2.030987    0.545009    0.630137    0.653605    0.560859    0.564600    0.548077    0.545009    0.425926    0.427586    500         72.727273   0.113822    0.101705    0.516932    6.702559   
[36mINFO[0m 08/01 16:59:27 | 0.522673    0.557692    0.000000    0.537671    0.516389    0.589781    2.803711    0.557439    0.575342    0.680251    0.522673    0.516389    0.557692    0.557439    0.500000    0.499310    600         87.272727   0.095565    0.102069    0.486212    6.878845   
[36mINFO[0m 08/01 16:59:42 | 0.460621    0.480769    0.000000    0.585997    0.467313    0.577884    2.773574    0.537100    0.616438    0.637147    0.460621    0.467313    0.480769    0.537100    0.555556    0.518621    700         101.818182  0.102701    0.102142    0.513628    7.053422   
[36mINFO[0m 08/01 16:59:56 | 0.534606    0.605769    0.000000    0.599696    0.548131    0.580204    3.052300    0.684369    0.643836    0.687304    0.534606    0.548131    0.605769    0.684369    0.555556    0.473103    800         116.363636  0.087299    0.103046    0.489846    7.054399   
[36mINFO[0m 08/01 17:00:11 | 0.570406    0.615385    0.000000    0.563039    0.587531    0.604538    3.238523    0.626742    0.589041    0.687696    0.570406    0.587531    0.615385    0.626742    0.537037    0.521379    900         130.909091  0.055653    0.102075    0.498644    7.056352   
Valley is dead at step 300
[36mINFO[0m 08/01 17:00:12 | SWAD valley is dead -> early stop !
[36mINFO[0m 08/01 17:00:12 | ---
[33mWARNING[0m 08/01 17:00:12 | Evaluate SWAD ...
[36mINFO[0m 08/01 17:00:12 | 0.577566    0.586538    0.000000    0.535642    0.630362    0.600439    0.816955    0.647834    0.534247    0.639498    0.577566    0.630362    0.586538    0.647834    0.537037    0.561379    [1-300]  (N=6)
[36mINFO[0m 08/01 17:00:12 | oracle = 62.053%
[36mINFO[0m 08/01 17:00:12 | iid = 53.461%
[36mINFO[0m 08/01 17:00:12 | last = 57.041%
[36mINFO[0m 08/01 17:00:12 | last (inD) = 56.304%
[36mINFO[0m 08/01 17:00:12 | iid (inD) = 59.970%
[36mINFO[0m 08/01 17:00:12 | SWAD = 57.757%
[36mINFO[0m 08/01 17:00:12 | SWAD (inD) = 53.564%
[36mINFO[0m 08/01 17:00:13 | 
[36mINFO[0m 08/01 17:00:13 | Testenv name escaping te_02 -> te_02
[36mINFO[0m 08/01 17:00:13 | Test envs = [2], name = te_02
[36mINFO[0m 08/01 17:00:13 | Batch sizes for each domain: [32, 32, 0] (total=64)
[36mINFO[0m 08/01 17:00:13 | steps-per-epoch for each domain: 9.19, 13.09 -> min = 9.19
/home/s21_yhr/miniconda3/envs/GGA/lib/python3.11/site-packages/torchvision/models/_utils.py:208: UserWarning: The parameter 'pretrained' is deprecated since 0.13 and may be removed in the future, please use 'weights' instead.
  warnings.warn(
/home/s21_yhr/miniconda3/envs/GGA/lib/python3.11/site-packages/torchvision/models/_utils.py:223: UserWarning: Arguments other than a weight enum or `None` for 'weights' are deprecated since 0.13 and may be removed in the future. The current behavior is equivalent to passing `weights=ResNet50_Weights.IMAGENET1K_V1`. You can also use `weights=ResNet50_Weights.DEFAULT` to get the most up-to-date weights.
  warnings.warn(msg)
[36mINFO[0m 08/01 17:00:17 | # of params = 23512130
[36mINFO[0m 08/01 17:00:17 | test_in     test_out    train_in    train_out   test_in_au  train_out_  tr_outloss  test_out_a  env0_out    env0_out_a  env1_out    env1_out_a  env2_in     env2_in_au  env2_out    env2_out_a  step        epoch       loss        step_time   eval_time   mem_gb     
[36mINFO[0m 08/01 17:00:17 | 0.450000    0.425926    0.000000    0.457521    0.630435    0.682856    0.717673    0.495172    0.424658    0.485110    0.490385    0.880603    0.450000    0.630435    0.425926    0.495172    0           0.000000    0.664549    0.104740    0.377582    5.425170   
[36mINFO[0m 08/01 17:00:30 | 0.640909    0.574074    0.000000    0.757376    0.660496    0.782992    0.542594    0.518621    0.630137    0.618339    0.884615    0.947646    0.640909    0.660496    0.574074    0.518621    100         10.884354   0.592755    0.103194    0.349047    5.824671   
[36mINFO[0m 08/01 17:00:43 | 0.577273    0.481481    0.000000    0.751844    0.592052    0.771414    0.722393    0.401379    0.657534    0.662226    0.846154    0.880603    0.577273    0.592052    0.481481    0.401379    200         21.768707   0.413979    0.102098    0.348963    5.999248   
[36mINFO[0m 08/01 17:00:56 | 0.572727    0.537037    0.000000    0.716149    0.566746    0.766611    0.847175    0.573793    0.643836    0.637931    0.788462    0.895292    0.572727    0.566746    0.537037    0.573793    300         32.653061   0.246384    0.102150    0.338472    6.177853   
Model converged at step 100, Start step = 1; Threshold = 0.915270, 
[36mINFO[0m 08/01 17:01:13 | 0.563636    0.537037    0.000000    0.692242    0.561906    0.749786    0.817033    0.457931    0.547945    0.615204    0.836538    0.884369    0.563636    0.561906    0.537037    0.457931    400         43.537415   0.180786    0.103019    0.354064    6.526030   
[36mINFO[0m 08/01 17:01:26 | 0.581818    0.481481    0.000000    0.699091    0.591542    0.755281    1.264291    0.486897    0.561644    0.587774    0.836538    0.922787    0.581818    0.591542    0.481481    0.486897    500         54.421769   0.157017    0.102676    0.343475    6.702559   
[36mINFO[0m 08/01 17:01:39 | 0.550000    0.462963    0.000000    0.764226    0.567001    0.787698    0.969875    0.481379    0.643836    0.647335    0.884615    0.928060    0.550000    0.567001    0.462963    0.481379    600         65.306122   0.131258    0.103160    0.360788    6.878845   
[36mINFO[0m 08/01 17:01:53 | 0.613636    0.592593    0.000000    0.681178    0.599015    0.754136    1.543805    0.511724    0.602740    0.635580    0.759615    0.872693    0.613636    0.599015    0.592593    0.511724    700         76.190476   0.111254    0.103368    0.339065    7.053422   
[36mINFO[0m 08/01 17:02:08 | 0.586364    0.518519    0.000000    0.749802    0.601265    0.790960    1.392405    0.480000    0.643836    0.650470    0.855769    0.931450    0.586364    0.601265    0.518519    0.480000    800         87.074830   0.092684    0.103541    0.334773    7.054399   
[36mINFO[0m 08/01 17:02:22 | 0.531818    0.481481    0.000000    0.699816    0.564198    0.747517    1.288031    0.499310    0.534247    0.605016    0.865385    0.890019    0.531818    0.564198    0.481481    0.499310    900         97.959184   0.101549    0.103530    0.347878    7.056352   
[36mINFO[0m 08/01 17:02:36 | 0.595455    0.500000    0.000000    0.699684    0.557745    0.767829    1.280399    0.573793    0.630137    0.623041    0.769231    0.912618    0.595455    0.557745    0.500000    0.573793    1000        108.843537  0.087702    0.104183    0.347025    7.056840   
Valley is dead at step 400
[36mINFO[0m 08/01 17:02:37 | SWAD valley is dead -> early stop !
[36mINFO[0m 08/01 17:02:37 | ---
[33mWARNING[0m 08/01 17:02:37 | Evaluate SWAD ...
[36mINFO[0m 08/01 17:02:37 | 0.622727    0.574074    0.000000    0.722405    0.615065    0.788257    0.590410    0.526897    0.589041    0.656740    0.855769    0.919774    0.622727    0.615065    0.574074    0.526897    [1-400]  (N=7)
[36mINFO[0m 08/01 17:02:37 | oracle = 61.364%
[36mINFO[0m 08/01 17:02:37 | iid = 55.000%
[36mINFO[0m 08/01 17:02:37 | last = 59.545%
[36mINFO[0m 08/01 17:02:37 | last (inD) = 69.968%
[36mINFO[0m 08/01 17:02:37 | iid (inD) = 76.423%
[36mINFO[0m 08/01 17:02:37 | SWAD = 62.273%
[36mINFO[0m 08/01 17:02:37 | SWAD (inD) = 72.241%
[36mINFO[0m 08/01 17:02:38 | === Summary ===
[36mINFO[0m 08/01 17:02:38 | Command: /home/s21_yhr/lzh/DomainBed-new/train_all.py HTP_SWAD_seed2 --dataset HTP --data_dir /home/s21_yhr/lzh/DomainBed-new/dataset --algorithm ERM --steps 5000 --checkpoint_freq 100 --batch_size 32 --optimizer adam --lr 5e-5 --weight_decay 0 --resnet_dropout 0 --resnet18 False --pretrained True --freeze_bn True --swad LossValley --seed 2 --trial_seed 2 --deterministic --prebuild_loader --cache_size 640
[36mINFO[0m 08/01 17:02:38 | Unique name: 260801_16-56-09_HTP_SWAD_seed2
[36mINFO[0m 08/01 17:02:38 | Out path: train_output/HTP/260801_16-56-09_HTP_SWAD_seed2
[36mINFO[0m 08/01 17:02:38 | Algorithm: ERM
[36mINFO[0m 08/01 17:02:38 | Dataset: HTP
+------------+---------+---------+---------+---------+
| Selection  |    00   |    01   |    02   |   Avg.  |
+------------+---------+---------+---------+---------+
|   oracle   | 56.463% | 62.053% | 61.364% | 59.960% |
|    iid     | 52.721% | 53.461% | 55.000% | 53.727% |
|    last    | 55.442% | 57.041% | 59.545% | 57.343% |
| last (inD) | 73.344% | 56.304% | 69.968% | 66.539% |
| iid (inD)  | 76.229% | 59.970% | 76.423% | 70.874% |
|    SWAD    | 54.762% | 57.757% | 62.273% | 58.264% |
| SWAD (inD) | 73.860% | 53.564% | 72.241% | 66.555% |
+------------+---------+---------+---------+---------+
================================================================================
Starting SWAD, seed=3, physical GPU=3
/home/s21_yhr/miniconda3/envs/GGA/bin/python /home/s21_yhr/lzh/DomainBed-new/train_all.py HTP_SWAD_seed3 --dataset HTP --data_dir /home/s21_yhr/lzh/DomainBed-new/dataset --algorithm ERM --steps 5000 --checkpoint_freq 100 --batch_size 32 --optimizer adam --lr 5e-5 --weight_decay 0 --resnet_dropout 0 --resnet18 False --pretrained True --freeze_bn True --swad LossValley --seed 3 --trial_seed 3 --deterministic --prebuild_loader --cache_size 640
================================================================================
[36mINFO[0m 08/01 17:02:43 | Command :: /home/s21_yhr/lzh/DomainBed-new/train_all.py HTP_SWAD_seed3 --dataset HTP --data_dir /home/s21_yhr/lzh/DomainBed-new/dataset --algorithm ERM --steps 5000 --checkpoint_freq 100 --batch_size 32 --optimizer adam --lr 5e-5 --weight_decay 0 --resnet_dropout 0 --resnet18 False --pretrained True --freeze_bn True --swad LossValley --seed 3 --trial_seed 3 --deterministic --prebuild_loader --cache_size 640
Environment:
	Python: 3.11.15
	PyTorch: 2.11.0+cu128
	Torchvision: 0.26.0+cu128
	CUDA: 12.8
	CUDNN: 91900
	NumPy: 1.26.4
	PIL: 12.2.0
Args:
	algorithm: ERM
	batch_size: 32
	cache_root: cache
	cache_size: 640
	checkpoint_freq: 100
	configs: []
	data_dir: /home/s21_yhr/lzh/DomainBed-new/dataset
	dataset: HTP
	debug: False
	deterministic: True
	end_step: 200
	evalmode: fast
	extra_search: n
	extra_search_end: None
	extra_search_start: None
	gga_l_gamma: 0.001
	grad_fn: sum
	holdout_fraction: 0.2
	model_save: None
	name: HTP_SWAD_seed3
	neighborhoodSize: 1e-06
	out_dir: train_output/HTP/260801_17-02-43_HTP_SWAD_seed3
	out_root: train_output/HTP
	prebuild_loader: True
	seed: 3
	show: False
	start_step: 100
	steps: 5000
	tb_freq: 10
	test_envs: None
	train_output: train_output
	trial_seed: 3
	unique_name: 260801_17-02-43_HTP_SWAD_seed3
	work_dir: .
HParams:
	data_augmentation: True
	val_augment: False
	[36mresnet18: False
	[0m[36mresnet_dropout: 0
	[0mclass_balanced: False
	[36moptimizer: adam
	[0m[36mfreeze_bn: True
	[0m[36mpretrained: True
	[0m[36mlr: 5e-05
	[0mbatch_size: 32
	[36mweight_decay: 0
	[0m[36mswad: LossValley
	[0mswad_kwargs: 
	  n_converge: 3
	  n_tolerance: 6
	  tolerance_ratio: 0.3
	test_batchsize: 128
	indomain_test: False
	grad_fn: sum
	extra_search: n
	logdir: train_output/HTP/260801_17-02-43_HTP_SWAD_seed3
	neighborhoodSize: 1e-06
	start_step: 100
	end_step: 200
	extra_search_start: None
	extra_search_end: None
	gga_l_gamma: 0.001
Dataset:
	[HTP] #envs=3, #classes=2
	env0: 00 (#367)
	env1: 01 (#523)
	env2: 02 (#274)

[36mINFO[0m 08/01 17:02:43 | n_steps = 5000
[36mINFO[0m 08/01 17:02:43 | checkpoint_freq = 100
[36mINFO[0m 08/01 17:02:43 | n_steps is updated to 5000 => 5001 for checkpointing
[36mINFO[0m 08/01 17:02:43 | Target test envs = [[0], [1], [2]]
[36mINFO[0m 08/01 17:02:43 | 
[36mINFO[0m 08/01 17:02:43 | Testenv name escaping te_00 -> te_00
[36mINFO[0m 08/01 17:02:43 | Test envs = [0], name = te_00
[36mINFO[0m 08/01 17:02:43 | Batch sizes for each domain: [0, 32, 32] (total=64)
[36mINFO[0m 08/01 17:02:43 | steps-per-epoch for each domain: 13.09, 6.88 -> min = 6.88
/home/s21_yhr/miniconda3/envs/GGA/lib/python3.11/site-packages/torchvision/models/_utils.py:208: UserWarning: The parameter 'pretrained' is deprecated since 0.13 and may be removed in the future, please use 'weights' instead.
  warnings.warn(
/home/s21_yhr/miniconda3/envs/GGA/lib/python3.11/site-packages/torchvision/models/_utils.py:223: UserWarning: Arguments other than a weight enum or `None` for 'weights' are deprecated since 0.13 and may be removed in the future. The current behavior is equivalent to passing `weights=ResNet50_Weights.IMAGENET1K_V1`. You can also use `weights=ResNet50_Weights.DEFAULT` to get the most up-to-date weights.
  warnings.warn(msg)
[36mINFO[0m 08/01 17:02:46 | # of params = 23512130
[36mINFO[0m 08/01 17:02:47 | test_in     test_out    train_in    train_out   test_in_au  test_out_a  train_out_  tr_outloss  env0_in     env0_in_au  env0_out    env0_out_a  env1_out    env1_out_a  env2_out    env2_out_a  step        epoch       loss        step_time   eval_time   mem_gb     
[36mINFO[0m 08/01 17:02:47 | 0.571429    0.589041    0.000000    0.537393    0.436366    0.472868    0.650324    0.784576    0.571429    0.436366    0.589041    0.472868    0.519231    0.732593    0.555556    0.568056    0           0.000000    0.748925    0.656493    0.593217    5.421508   
[36mINFO[0m 08/01 17:03:00 | 0.547619    0.602740    0.000000    0.681268    0.528061    0.638760    0.785000    0.834755    0.547619    0.528061    0.602740    0.638760    0.788462    0.908889    0.574074    0.661111    100         14.545455   0.549674    0.103754    0.408830    5.821741   
[36mINFO[0m 08/01 17:03:13 | 0.547619    0.589041    0.000000    0.728632    0.504015    0.548062    0.754213    0.751722    0.547619    0.504015    0.589041    0.548062    0.846154    0.895926    0.611111    0.612500    200         29.090909   0.434680    0.103137    0.403791    6.003764   
[36mINFO[0m 08/01 17:03:26 | 0.537415    0.602740    0.000000    0.694979    0.509637    0.642636    0.800000    1.330990    0.537415    0.509637    0.602740    0.642636    0.778846    0.916667    0.611111    0.683333    300         43.636364   0.261326    0.102611    0.401774    6.179317   
[36mINFO[0m 08/01 17:03:39 | 0.561224    0.602740    0.000000    0.686075    0.512708    0.605426    0.779861    2.061405    0.561224    0.512708    0.602740    0.605426    0.798077    0.911111    0.574074    0.648611    400         58.181818   0.177375    0.102697    0.401344    6.358289   
Model converged at step 200, Start step = 1; Threshold = 1.795784, 
[36mINFO[0m 08/01 17:03:56 | 0.557823    0.602740    0.000000    0.676460    0.539635    0.641860    0.787824    1.775110    0.557823    0.539635    0.602740    0.641860    0.778846    0.921481    0.574074    0.654167    500         72.727273   0.177332    0.102808    0.432776    6.705001   
[36mINFO[0m 08/01 17:04:09 | 0.561224    0.602740    0.000000    0.728632    0.521070    0.610078    0.791204    1.271254    0.561224    0.521070    0.602740    0.610078    0.846154    0.918519    0.611111    0.663889    600         87.272727   0.137014    0.102858    0.399960    6.881409   
[36mINFO[0m 08/01 17:04:23 | 0.534014    0.616438    0.000000    0.710470    0.503921    0.649612    0.777454    1.370963    0.534014    0.503921    0.616438    0.649612    0.865385    0.911852    0.555556    0.643056    700         101.818182  0.143766    0.103145    0.402046    7.054154   
[36mINFO[0m 08/01 17:04:37 | 0.578231    0.589041    0.000000    0.703882    0.519511    0.607752    0.780093    1.353365    0.578231    0.519511    0.589041    0.607752    0.759615    0.918519    0.648148    0.641667    800         116.363636  0.123668    0.102551    0.393204    7.054154   
[36mINFO[0m 08/01 17:04:51 | 0.530612    0.616438    0.000000    0.710114    0.500283    0.580620    0.786065    1.482981    0.530612    0.500283    0.616438    0.580620    0.846154    0.904074    0.574074    0.668056    900         130.909091  0.113130    0.102218    0.392032    7.054643   
[36mINFO[0m 08/01 17:05:06 | 0.534014    0.561644    0.000000    0.691595    0.509826    0.603876    0.737361    1.711283    0.534014    0.509826    0.561644    0.603876    0.846154    0.906667    0.537037    0.568056    1000        145.454545  0.096776    0.103799    0.383130    7.059159   
[36mINFO[0m 08/01 17:05:20 | 0.513605    0.575342    0.000000    0.719729    0.487765    0.560465    0.765000    1.810129    0.513605    0.487765    0.575342    0.560465    0.865385    0.924444    0.574074    0.605556    1100        160.000000  0.095398    0.103075    0.396070    7.059159   
[36mINFO[0m 08/01 17:05:35 | 0.534014    0.602740    0.000000    0.705306    0.524329    0.616279    0.753472    1.739584    0.534014    0.524329    0.602740    0.616279    0.836538    0.883333    0.574074    0.623611    1200        174.545455  0.109656    0.103574    0.413292    7.059159   
[36mINFO[0m 08/01 17:05:50 | 0.520408    0.616438    0.000000    0.647258    0.502929    0.557364    0.754120    2.320723    0.520408    0.502929    0.616438    0.557364    0.701923    0.854074    0.592593    0.654167    1300        189.090909  0.093136    0.102859    0.394348    7.059159   
[36mINFO[0m 08/01 17:06:05 | 0.551020    0.575342    0.000000    0.691595    0.501653    0.575969    0.754722    1.639861    0.551020    0.501653    0.575342    0.575969    0.846154    0.912222    0.537037    0.597222    1400        203.636364  0.086554    0.102372    0.420464    7.061479   
[36mINFO[0m 08/01 17:06:19 | 0.523810    0.602740    0.000000    0.700142    0.503968    0.620930    0.734398    2.602766    0.523810    0.503968    0.602740    0.620930    0.807692    0.886852    0.592593    0.581944    1500        218.181818  0.081808    0.102902    0.392771    7.062455   
[36mINFO[0m 08/01 17:06:34 | 0.534014    0.602740    0.000000    0.724537    0.512755    0.642636    0.754537    2.165576    0.534014    0.512755    0.602740    0.642636    0.875000    0.911852    0.574074    0.597222    1600        232.727273  0.074024    0.103063    0.389621    7.063798   
[36mINFO[0m 08/01 17:06:48 | 0.540816    0.589041    0.000000    0.714566    0.511739    0.588372    0.767870    1.134308    0.540816    0.511739    0.589041    0.588372    0.836538    0.910741    0.592593    0.625000    1700        247.272727  0.078695    0.103285    0.410997    7.063798   
[36mINFO[0m 08/01 17:07:03 | 0.517007    0.547945    0.000000    0.705662    0.501772    0.575194    0.778542    2.362360    0.517007    0.501772    0.547945    0.575194    0.855769    0.913333    0.555556    0.643750    1800        261.818182  0.085816    0.102199    0.394824    7.063798   
[36mINFO[0m 08/01 17:07:17 | 0.534014    0.602740    0.000000    0.681268    0.502008    0.592248    0.775926    2.711121    0.534014    0.502008    0.602740    0.592248    0.788462    0.901852    0.574074    0.650000    1900        276.363636  0.070259    0.102321    0.397559    7.065873   
[36mINFO[0m 08/01 17:07:32 | 0.554422    0.589041    0.000000    0.670940    0.499008    0.621705    0.763102    2.840879    0.554422    0.499008    0.589041    0.621705    0.730769    0.902593    0.611111    0.623611    2000        290.909091  0.072335    0.102769    0.458273    7.065873   
[36mINFO[0m 08/01 17:07:46 | 0.513605    0.602740    0.000000    0.681624    0.478080    0.597674    0.746389    1.887119    0.513605    0.478080    0.602740    0.597674    0.807692    0.906667    0.555556    0.586111    2100        305.454545  0.066048    0.101879    0.396951    7.065873   
[36mINFO[0m 08/01 17:08:01 | 0.537415    0.561644    0.000000    0.696403    0.501464    0.581395    0.756088    1.869233    0.537415    0.501464    0.561644    0.581395    0.855769    0.917037    0.537037    0.595139    2200        320.000000  0.061383    0.103399    0.400899    7.065873   
[36mINFO[0m 08/01 17:08:16 | 0.496599    0.575342    0.000000    0.691239    0.495961    0.596124    0.747176    2.467167    0.496599    0.495961    0.575342    0.596124    0.826923    0.890185    0.555556    0.604167    2300        334.545455  0.062795    0.102825    0.389737    7.065873   
Valley is dead at step 1700
[36mINFO[0m 08/01 17:08:16 | SWAD valley is dead -> early stop !
[36mINFO[0m 08/01 17:08:16 | ---
[33mWARNING[0m 08/01 17:08:16 | Evaluate SWAD ...
[36mINFO[0m 08/01 17:08:17 | 0.568027    0.589041    0.000000    0.719729    0.513936    0.591473    0.773704    1.153758    0.568027    0.513936    0.589041    0.591473    0.865385    0.919630    0.574074    0.627778    [1-1700]  (N=19)
[36mINFO[0m 08/01 17:08:17 | oracle = 53.401%
[36mINFO[0m 08/01 17:08:17 | iid = 54.762%
[36mINFO[0m 08/01 17:08:17 | last = 49.660%
[36mINFO[0m 08/01 17:08:17 | last (inD) = 69.124%
[36mINFO[0m 08/01 17:08:17 | iid (inD) = 72.863%
[36mINFO[0m 08/01 17:08:17 | SWAD = 56.803%
[36mINFO[0m 08/01 17:08:17 | SWAD (inD) = 71.973%
[36mINFO[0m 08/01 17:08:17 | 
[36mINFO[0m 08/01 17:08:17 | Testenv name escaping te_01 -> te_01
[36mINFO[0m 08/01 17:08:17 | Test envs = [1], name = te_01
[36mINFO[0m 08/01 17:08:17 | Batch sizes for each domain: [32, 0, 32] (total=64)
[36mINFO[0m 08/01 17:08:17 | steps-per-epoch for each domain: 9.19, 6.88 -> min = 6.88
/home/s21_yhr/miniconda3/envs/GGA/lib/python3.11/site-packages/torchvision/models/_utils.py:208: UserWarning: The parameter 'pretrained' is deprecated since 0.13 and may be removed in the future, please use 'weights' instead.
  warnings.warn(
/home/s21_yhr/miniconda3/envs/GGA/lib/python3.11/site-packages/torchvision/models/_utils.py:223: UserWarning: Arguments other than a weight enum or `None` for 'weights' are deprecated since 0.13 and may be removed in the future. The current behavior is equivalent to passing `weights=ResNet50_Weights.IMAGENET1K_V1`. You can also use `weights=ResNet50_Weights.DEFAULT` to get the most up-to-date weights.
  warnings.warn(msg)
[36mINFO[0m 08/01 17:08:21 | # of params = 23512130
[36mINFO[0m 08/01 17:08:21 | test_in     test_out    train_in    train_out   test_in_au  train_out_  tr_outloss  test_out_a  env0_out    env0_out_a  env1_in     env1_in_au  env1_out    env1_out_a  env2_out    env2_out_a  step        epoch       loss        step_time   eval_time   mem_gb     
[36mINFO[0m 08/01 17:08:21 | 0.501193    0.519231    0.000000    0.572298    0.405559    0.422884    0.765212    0.360741    0.589041    0.486047    0.501193    0.405559    0.519231    0.360741    0.555556    0.359722    0           0.000000    0.705864    0.102262    0.566829    5.425170   
[36mINFO[0m 08/01 17:08:34 | 0.515513    0.509615    0.000000    0.588407    0.672249    0.688033    0.659375    0.710370    0.602740    0.696899    0.515513    0.672249    0.509615    0.710370    0.574074    0.679167    100         14.545455   0.652203    0.102209    0.500113    5.824671   
[36mINFO[0m 08/01 17:08:47 | 0.560859    0.567308    0.000000    0.604896    0.578378    0.676534    0.811512    0.581852    0.561644    0.629457    0.560859    0.578378    0.567308    0.581852    0.648148    0.723611    200         29.090909   0.490579    0.102170    0.481268    5.999248   
[36mINFO[0m 08/01 17:09:00 | 0.503580    0.519231    0.000000    0.618214    0.503418    0.695090    1.673831    0.494444    0.643836    0.712403    0.503580    0.503418    0.519231    0.494444    0.592593    0.677778    300         43.636364   0.272812    0.101495    0.510961    6.177853   
Model converged at step 100, Start step = -1; Threshold = 1.362711, 
[36mINFO[0m 08/01 17:09:14 | 0.520286    0.538462    0.000000    0.631913    0.513431    0.686256    1.775751    0.560741    0.671233    0.729457    0.520286    0.513431    0.538462    0.560741    0.592593    0.643056    400         58.181818   0.190969    0.102293    0.525208    6.526030   
[36mINFO[0m 08/01 17:09:27 | 0.465394    0.471154    0.000000    0.659691    0.447505    0.694816    1.406707    0.471111    0.671233    0.727132    0.465394    0.447505    0.471154    0.471111    0.648148    0.662500    500         72.727273   0.139990    0.101330    0.517145    6.702559   
[36mINFO[0m 08/01 17:09:40 | 0.477327    0.451923    0.000000    0.666540    0.492253    0.703553    1.376238    0.501852    0.684932    0.734884    0.477327    0.492253    0.451923    0.501852    0.648148    0.672222    600         87.272727   0.119054    0.101947    0.485150    6.878845   
[36mINFO[0m 08/01 17:09:54 | 0.513126    0.471154    0.000000    0.664510    0.530702    0.717926    1.435115    0.528148    0.643836    0.744186    0.513126    0.530702    0.471154    0.528148    0.685185    0.691667    700         101.818182  0.094055    0.102876    0.527824    7.053422   
[36mINFO[0m 08/01 17:10:08 | 0.536993    0.567308    0.000000    0.691908    0.543324    0.712605    1.736786    0.559815    0.698630    0.762016    0.536993    0.543324    0.567308    0.559815    0.685185    0.663194    800         116.363636  0.089095    0.101305    0.474720    7.054399   
Valley is dead at step 200
[36mINFO[0m 08/01 17:10:09 | SWAD valley is dead -> early stop !
[36mINFO[0m 08/01 17:10:09 | ---
[33mWARNING[0m 08/01 17:10:09 | Evaluate SWAD ...
[36mINFO[0m 08/01 17:10:10 | 0.587112    0.615385    0.000000    0.648021    0.640761    0.713146    0.619737    0.644444    0.684932    0.745736    0.587112    0.640761    0.615385    0.644444    0.611111    0.680556    [1-200]  (N=2)
[36mINFO[0m 08/01 17:10:10 | oracle = 56.086%
[36mINFO[0m 08/01 17:10:10 | iid = 53.699%
[36mINFO[0m 08/01 17:10:10 | last = 53.699%
[36mINFO[0m 08/01 17:10:10 | last (inD) = 69.191%
[36mINFO[0m 08/01 17:10:10 | iid (inD) = 69.191%
[36mINFO[0m 08/01 17:10:10 | SWAD = 58.711%
[36mINFO[0m 08/01 17:10:10 | SWAD (inD) = 64.802%
[36mINFO[0m 08/01 17:10:10 | 
[36mINFO[0m 08/01 17:10:10 | Testenv name escaping te_02 -> te_02
[36mINFO[0m 08/01 17:10:10 | Test envs = [2], name = te_02
[36mINFO[0m 08/01 17:10:10 | Batch sizes for each domain: [32, 32, 0] (total=64)
[36mINFO[0m 08/01 17:10:10 | steps-per-epoch for each domain: 9.19, 13.09 -> min = 9.19
/home/s21_yhr/miniconda3/envs/GGA/lib/python3.11/site-packages/torchvision/models/_utils.py:208: UserWarning: The parameter 'pretrained' is deprecated since 0.13 and may be removed in the future, please use 'weights' instead.
  warnings.warn(
/home/s21_yhr/miniconda3/envs/GGA/lib/python3.11/site-packages/torchvision/models/_utils.py:223: UserWarning: Arguments other than a weight enum or `None` for 'weights' are deprecated since 0.13 and may be removed in the future. The current behavior is equivalent to passing `weights=ResNet50_Weights.IMAGENET1K_V1`. You can also use `weights=ResNet50_Weights.DEFAULT` to get the most up-to-date weights.
  warnings.warn(msg)
[36mINFO[0m 08/01 17:10:14 | # of params = 23512130
[36mINFO[0m 08/01 17:10:14 | test_in     test_out    train_in    train_out   test_in_au  train_out_  tr_outloss  test_out_a  env0_out    env0_out_a  env1_out    env1_out_a  env2_in     env2_in_au  env2_out    env2_out_a  step        epoch       loss        step_time   eval_time   mem_gb     
[36mINFO[0m 08/01 17:10:14 | 0.577273    0.555556    0.000000    0.554136    0.499111    0.611537    0.761708    0.461111    0.589041    0.444186    0.519231    0.778889    0.577273    0.499111    0.555556    0.461111    0           0.000000    0.666976    0.109485    0.367495    5.425170   
[36mINFO[0m 08/01 17:10:27 | 0.600000    0.611111    0.000000    0.693559    0.607485    0.786542    0.668628    0.651389    0.589041    0.619380    0.798077    0.953704    0.600000    0.607485    0.611111    0.651389    100         10.884354   0.599202    0.103031    0.345320    5.824671   
[36mINFO[0m 08/01 17:10:41 | 0.550000    0.629630    0.000000    0.761459    0.553382    0.808148    0.599660    0.604167    0.657534    0.700000    0.865385    0.916296    0.550000    0.553382    0.629630    0.604167    200         21.768707   0.447870    0.103569    0.334032    5.999248   
[36mINFO[0m 08/01 17:10:54 | 0.572727    0.611111    0.000000    0.784049    0.551012    0.856167    0.720457    0.581944    0.712329    0.777519    0.855769    0.934815    0.572727    0.551012    0.611111    0.581944    300         32.653061   0.301294    0.103243    0.346515    6.177853   
[36mINFO[0m 08/01 17:11:07 | 0.486364    0.537037    0.000000    0.771668    0.543392    0.848157    1.044533    0.593056    0.726027    0.783721    0.817308    0.912593    0.486364    0.543392    0.537037    0.593056    400         43.537415   0.212564    0.103213    0.350968    6.355237   
Model converged at step 200, Start step = 1; Threshold = 1.024682, 
[36mINFO[0m 08/01 17:11:24 | 0.550000    0.592593    0.000000    0.735972    0.508255    0.827425    0.892651    0.566667    0.712329    0.767442    0.759615    0.887407    0.550000    0.508255    0.592593    0.566667    500         54.421769   0.175335    0.103729    0.350592    6.699264   
[36mINFO[0m 08/01 17:11:37 | 0.540909    0.574074    0.000000    0.741504    0.551858    0.828945    1.611156    0.554167    0.684932    0.744186    0.798077    0.913704    0.540909    0.551858    0.574074    0.554167    600         65.306122   0.144358    0.102816    0.345061    6.876404   
[36mINFO[0m 08/01 17:11:50 | 0.495455    0.611111    0.000000    0.781283    0.550250    0.835853    0.855842    0.658333    0.726027    0.755039    0.836538    0.916667    0.495455    0.550250    0.611111    0.658333    700         76.190476   0.138518    0.101701    0.346741    7.050981   
[36mINFO[0m 08/01 17:12:04 | 0.481818    0.555556    0.000000    0.736104    0.523283    0.810030    1.139675    0.569444    0.616438    0.693023    0.855769    0.927037    0.481818    0.523283    0.555556    0.569444    800         87.074830   0.111794    0.101799    0.351115    7.051713   
[36mINFO[0m 08/01 17:12:19 | 0.531818    0.537037    0.000000    0.706533    0.514944    0.807903    1.373843    0.552778    0.643836    0.713953    0.769231    0.901852    0.531818    0.514944    0.537037    0.552778    900         97.959184   0.108300    0.102282    0.347949    7.054643   
[36mINFO[0m 08/01 17:12:34 | 0.472727    0.518519    0.000000    0.743546    0.542291    0.824630    1.410471    0.605556    0.698630    0.733333    0.788462    0.915926    0.472727    0.542291    0.518519    0.605556    1000        108.843537  0.099530    0.102844    0.348364    7.055375   
[36mINFO[0m 08/01 17:12:48 | 0.513636    0.555556    0.000000    0.751120    0.531835    0.825013    1.314905    0.588194    0.684932    0.725581    0.817308    0.924444    0.513636    0.531835    0.555556    0.588194    1100        119.727891  0.093676    0.102145    0.377842    7.059037   
[36mINFO[0m 08/01 17:13:03 | 0.481818    0.537037    0.000000    0.755927    0.539328    0.824139    1.026737    0.552778    0.684932    0.727907    0.826923    0.920370    0.481818    0.539328    0.537037    0.552778    1200        130.612245  0.090385    0.101915    0.369007    7.059525   
[36mINFO[0m 08/01 17:13:17 | 0.568182    0.518519    0.000000    0.698959    0.518754    0.834113    1.898596    0.573611    0.657534    0.743411    0.740385    0.924815    0.568182    0.518754    0.518519    0.573611    1300        141.496599  0.086078    0.103167    0.365011    7.062211   
Valley is dead at step 700
[36mINFO[0m 08/01 17:13:18 | SWAD valley is dead -> early stop !
[36mINFO[0m 08/01 17:13:18 | ---
[33mWARNING[0m 08/01 17:13:18 | Evaluate SWAD ...
[36mINFO[0m 08/01 17:13:18 | 0.545455    0.555556    0.000000    0.786815    0.580306    0.834259    0.585384    0.616667    0.698630    0.733333    0.875000    0.935185    0.545455    0.580306    0.555556    0.616667    [1-700]  (N=9)
[36mINFO[0m 08/01 17:13:18 | oracle = 55.000%
[36mINFO[0m 08/01 17:13:18 | iid = 57.273%
[36mINFO[0m 08/01 17:13:18 | last = 56.818%
[36mINFO[0m 08/01 17:13:18 | last (inD) = 69.896%
[36mINFO[0m 08/01 17:13:18 | iid (inD) = 78.405%
[36mINFO[0m 08/01 17:13:18 | SWAD = 54.545%
[36mINFO[0m 08/01 17:13:18 | SWAD (inD) = 78.682%
[36mINFO[0m 08/01 17:13:19 | === Summary ===
[36mINFO[0m 08/01 17:13:19 | Command: /home/s21_yhr/lzh/DomainBed-new/train_all.py HTP_SWAD_seed3 --dataset HTP --data_dir /home/s21_yhr/lzh/DomainBed-new/dataset --algorithm ERM --steps 5000 --checkpoint_freq 100 --batch_size 32 --optimizer adam --lr 5e-5 --weight_decay 0 --resnet_dropout 0 --resnet18 False --pretrained True --freeze_bn True --swad LossValley --seed 3 --trial_seed 3 --deterministic --prebuild_loader --cache_size 640
[36mINFO[0m 08/01 17:13:19 | Unique name: 260801_17-02-43_HTP_SWAD_seed3
[36mINFO[0m 08/01 17:13:19 | Out path: train_output/HTP/260801_17-02-43_HTP_SWAD_seed3
[36mINFO[0m 08/01 17:13:19 | Algorithm: ERM
[36mINFO[0m 08/01 17:13:19 | Dataset: HTP
+------------+---------+---------+---------+---------+
| Selection  |    00   |    01   |    02   |   Avg.  |
+------------+---------+---------+---------+---------+
|   oracle   | 53.401% | 56.086% | 55.000% | 54.829% |
|    iid     | 54.762% | 53.699% | 57.273% | 55.245% |
|    last    | 49.660% | 53.699% | 56.818% | 53.392% |
| last (inD) | 69.124% | 69.191% | 69.896% | 69.404% |
| iid (inD)  | 72.863% | 69.191% | 78.405% | 73.486% |
|    SWAD    | 56.803% | 58.711% | 54.545% | 56.686% |
| SWAD (inD) | 71.973% | 64.802% | 78.682% | 71.819% |
+------------+---------+---------+---------+---------+
================================================================================
Starting SWAD, seed=4, physical GPU=3
/home/s21_yhr/miniconda3/envs/GGA/bin/python /home/s21_yhr/lzh/DomainBed-new/train_all.py HTP_SWAD_seed4 --dataset HTP --data_dir /home/s21_yhr/lzh/DomainBed-new/dataset --algorithm ERM --steps 5000 --checkpoint_freq 100 --batch_size 32 --optimizer adam --lr 5e-5 --weight_decay 0 --resnet_dropout 0 --resnet18 False --pretrained True --freeze_bn True --swad LossValley --seed 4 --trial_seed 4 --deterministic --prebuild_loader --cache_size 640
================================================================================
[36mINFO[0m 08/01 17:13:24 | Command :: /home/s21_yhr/lzh/DomainBed-new/train_all.py HTP_SWAD_seed4 --dataset HTP --data_dir /home/s21_yhr/lzh/DomainBed-new/dataset --algorithm ERM --steps 5000 --checkpoint_freq 100 --batch_size 32 --optimizer adam --lr 5e-5 --weight_decay 0 --resnet_dropout 0 --resnet18 False --pretrained True --freeze_bn True --swad LossValley --seed 4 --trial_seed 4 --deterministic --prebuild_loader --cache_size 640
Environment:
	Python: 3.11.15
	PyTorch: 2.11.0+cu128
	Torchvision: 0.26.0+cu128
	CUDA: 12.8
	CUDNN: 91900
	NumPy: 1.26.4
	PIL: 12.2.0
Args:
	algorithm: ERM
	batch_size: 32
	cache_root: cache
	cache_size: 640
	checkpoint_freq: 100
	configs: []
	data_dir: /home/s21_yhr/lzh/DomainBed-new/dataset
	dataset: HTP
	debug: False
	deterministic: True
	end_step: 200
	evalmode: fast
	extra_search: n
	extra_search_end: None
	extra_search_start: None
	gga_l_gamma: 0.001
	grad_fn: sum
	holdout_fraction: 0.2
	model_save: None
	name: HTP_SWAD_seed4
	neighborhoodSize: 1e-06
	out_dir: train_output/HTP/260801_17-13-24_HTP_SWAD_seed4
	out_root: train_output/HTP
	prebuild_loader: True
	seed: 4
	show: False
	start_step: 100
	steps: 5000
	tb_freq: 10
	test_envs: None
	train_output: train_output
	trial_seed: 4
	unique_name: 260801_17-13-24_HTP_SWAD_seed4
	work_dir: .
HParams:
	data_augmentation: True
	val_augment: False
	[36mresnet18: False
	[0m[36mresnet_dropout: 0
	[0mclass_balanced: False
	[36moptimizer: adam
	[0m[36mfreeze_bn: True
	[0m[36mpretrained: True
	[0m[36mlr: 5e-05
	[0mbatch_size: 32
	[36mweight_decay: 0
	[0m[36mswad: LossValley
	[0mswad_kwargs: 
	  n_converge: 3
	  n_tolerance: 6
	  tolerance_ratio: 0.3
	test_batchsize: 128
	indomain_test: False
	grad_fn: sum
	extra_search: n
	logdir: train_output/HTP/260801_17-13-24_HTP_SWAD_seed4
	neighborhoodSize: 1e-06
	start_step: 100
	end_step: 200
	extra_search_start: None
	extra_search_end: None
	gga_l_gamma: 0.001
Dataset:
	[HTP] #envs=3, #classes=2
	env0: 00 (#367)
	env1: 01 (#523)
	env2: 02 (#274)

[36mINFO[0m 08/01 17:13:24 | n_steps = 5000
[36mINFO[0m 08/01 17:13:24 | checkpoint_freq = 100
[36mINFO[0m 08/01 17:13:24 | n_steps is updated to 5000 => 5001 for checkpointing
[36mINFO[0m 08/01 17:13:24 | Target test envs = [[0], [1], [2]]
[36mINFO[0m 08/01 17:13:24 | 
[36mINFO[0m 08/01 17:13:24 | Testenv name escaping te_00 -> te_00
[36mINFO[0m 08/01 17:13:24 | Test envs = [0], name = te_00
[36mINFO[0m 08/01 17:13:24 | Batch sizes for each domain: [0, 32, 32] (total=64)
[36mINFO[0m 08/01 17:13:24 | steps-per-epoch for each domain: 13.09, 6.88 -> min = 6.88
/home/s21_yhr/miniconda3/envs/GGA/lib/python3.11/site-packages/torchvision/models/_utils.py:208: UserWarning: The parameter 'pretrained' is deprecated since 0.13 and may be removed in the future, please use 'weights' instead.
  warnings.warn(
/home/s21_yhr/miniconda3/envs/GGA/lib/python3.11/site-packages/torchvision/models/_utils.py:223: UserWarning: Arguments other than a weight enum or `None` for 'weights' are deprecated since 0.13 and may be removed in the future. The current behavior is equivalent to passing `weights=ResNet50_Weights.IMAGENET1K_V1`. You can also use `weights=ResNet50_Weights.DEFAULT` to get the most up-to-date weights.
  warnings.warn(msg)
[36mINFO[0m 08/01 17:13:27 | # of params = 23512130
[36mINFO[0m 08/01 17:13:28 | test_in     test_out    train_in    train_out   test_in_au  test_out_a  train_out_  tr_outloss  env0_in     env0_in_au  env0_out    env0_out_a  env1_out    env1_out_a  env2_out    env2_out_a  step        epoch       loss        step_time   eval_time   mem_gb     
[36mINFO[0m 08/01 17:13:28 | 0.452381    0.424658    0.000000    0.488782    0.527465    0.498433    0.702772    0.741952    0.452381    0.527465    0.424658    0.498433    0.644231    0.843137    0.333333    0.562406    0           0.000000    0.694082    0.662456    0.622561    5.421508   
[36mINFO[0m 08/01 17:13:41 | 0.564626    0.561644    0.000000    0.671652    0.547362    0.499216    0.768732    0.720136    0.564626    0.547362    0.561644    0.499216    0.769231    0.961524    0.574074    0.575940    100         14.545455   0.496253    0.102653    0.412700    5.821741   
[36mINFO[0m 08/01 17:13:54 | 0.537415    0.506849    0.000000    0.733084    0.564430    0.503135    0.806374    0.858644    0.537415    0.564430    0.506849    0.503135    0.836538    0.955605    0.629630    0.657143    200         29.090909   0.280985    0.102840    0.395861    6.003764   
[36mINFO[0m 08/01 17:14:07 | 0.551020    0.465753    0.000000    0.694266    0.551747    0.424765    0.807585    1.180379    0.551020    0.551747    0.465753    0.424765    0.740385    0.968553    0.648148    0.646617    300         43.636364   0.197879    0.101786    0.401460    6.179317   
Model converged at step 100, Start step = 1; Threshold = 1.195636, 
[36mINFO[0m 08/01 17:14:24 | 0.537415    0.589041    0.000000    0.756054    0.554859    0.478056    0.811178    0.958491    0.537415    0.554859    0.589041    0.478056    0.826923    0.942656    0.685185    0.679699    400         58.181818   0.168010    0.102353    0.402581    6.535429   
[36mINFO[0m 08/01 17:14:37 | 0.557823    0.534247    0.000000    0.700142    0.573672    0.511755    0.759234    1.442860    0.557823    0.573672    0.534247    0.511755    0.807692    0.880873    0.592593    0.637594    500         72.727273   0.147419    0.103160    0.420863    6.709884   
[36mINFO[0m 08/01 17:14:49 | 0.568027    0.479452    0.000000    0.775285    0.577962    0.454545    0.817873    1.176009    0.568027    0.577962    0.479452    0.454545    0.865385    0.951535    0.685185    0.684211    600         87.272727   0.132236    0.101267    0.394053    6.884460   
[36mINFO[0m 08/01 17:15:04 | 0.551020    0.534247    0.000000    0.741631    0.558065    0.463950    0.842136    1.388802    0.551020    0.558065    0.534247    0.463950    0.798077    0.972993    0.685185    0.711278    700         101.818182  0.119368    0.105239    0.397135    7.060868   
[36mINFO[0m 08/01 17:15:19 | 0.537415    0.479452    0.000000    0.752315    0.570960    0.478840    0.814770    1.957782    0.537415    0.570960    0.479452    0.478840    0.875000    0.940067    0.629630    0.689474    800         116.363636  0.113384    0.102916    0.438861    7.060868   
[36mINFO[0m 08/01 17:15:33 | 0.561224    0.561644    0.000000    0.713853    0.563534    0.475705    0.828339    1.998237    0.561224    0.563534    0.561644    0.475705    0.798077    0.958935    0.629630    0.697744    900         130.909091  0.113987    0.102550    0.402244    7.060868   
[36mINFO[0m 08/01 17:15:48 | 0.547619    0.547945    0.000000    0.756410    0.566835    0.512539    0.820152    1.710032    0.547619    0.566835    0.547945    0.512539    0.846154    0.971883    0.666667    0.668421    1000        145.454545  0.097519    0.101876    0.398428    7.060868   
[36mINFO[0m 08/01 17:16:02 | 0.564626    0.479452    0.000000    0.764957    0.572823    0.462382    0.810802    1.367442    0.564626    0.572823    0.479452    0.462382    0.807692    0.919349    0.722222    0.702256    1100        160.000000  0.085807    0.103164    0.407404    7.062211   
[36mINFO[0m 08/01 17:16:17 | 0.571429    0.479452    0.000000    0.808226    0.593875    0.488245    0.824915    1.758366    0.571429    0.593875    0.479452    0.488245    0.894231    0.940807    0.722222    0.709023    1200        174.545455  0.076340    0.102542    0.400166    7.062699   
Valley is dead at step 600
[36mINFO[0m 08/01 17:16:17 | SWAD valley is dead -> early stop !
[36mINFO[0m 08/01 17:16:17 | ---
[33mWARNING[0m 08/01 17:16:17 | Evaluate SWAD ...
[36mINFO[0m 08/01 17:16:18 | 0.540816    0.561644    0.000000    0.785256    0.561554    0.491379    0.810246    0.684295    0.540816    0.561554    0.561644    0.491379    0.903846    0.964854    0.666667    0.655639    [1-600]  (N=9)
[36mINFO[0m 08/01 17:16:18 | oracle = 53.741%
[36mINFO[0m 08/01 17:16:18 | iid = 57.143%
[36mINFO[0m 08/01 17:16:18 | last = 57.143%
[36mINFO[0m 08/01 17:16:18 | last (inD) = 80.823%
[36mINFO[0m 08/01 17:16:18 | iid (inD) = 80.823%
[36mINFO[0m 08/01 17:16:18 | SWAD = 54.082%
[36mINFO[0m 08/01 17:16:18 | SWAD (inD) = 78.526%
[36mINFO[0m 08/01 17:16:19 | 
[36mINFO[0m 08/01 17:16:19 | Testenv name escaping te_01 -> te_01
[36mINFO[0m 08/01 17:16:19 | Test envs = [1], name = te_01
[36mINFO[0m 08/01 17:16:19 | Batch sizes for each domain: [32, 0, 32] (total=64)
[36mINFO[0m 08/01 17:16:19 | steps-per-epoch for each domain: 9.19, 6.88 -> min = 6.88
/home/s21_yhr/miniconda3/envs/GGA/lib/python3.11/site-packages/torchvision/models/_utils.py:208: UserWarning: The parameter 'pretrained' is deprecated since 0.13 and may be removed in the future, please use 'weights' instead.
  warnings.warn(
/home/s21_yhr/miniconda3/envs/GGA/lib/python3.11/site-packages/torchvision/models/_utils.py:223: UserWarning: Arguments other than a weight enum or `None` for 'weights' are deprecated since 0.13 and may be removed in the future. The current behavior is equivalent to passing `weights=ResNet50_Weights.IMAGENET1K_V1`. You can also use `weights=ResNet50_Weights.DEFAULT` to get the most up-to-date weights.
  warnings.warn(msg)
[36mINFO[0m 08/01 17:16:23 | # of params = 23512130
[36mINFO[0m 08/01 17:16:24 | test_in     test_out    train_in    train_out   test_in_au  train_out_  tr_outloss  test_out_a  env0_out    env0_out_a  env1_in     env1_in_au  env1_out    env1_out_a  env2_out    env2_out_a  step        epoch       loss        step_time   eval_time   mem_gb     
[36mINFO[0m 08/01 17:16:24 | 0.503580    0.509615    0.000000    0.625444    0.701900    0.569963    0.675217    0.784314    0.602740    0.520376    0.503580    0.701900    0.509615    0.784314    0.648148    0.619549    0           0.000000    0.693913    0.160378    0.844839    5.425170   
[36mINFO[0m 08/01 17:16:39 | 0.739857    0.740385    0.000000    0.565830    0.798305    0.584799    0.696512    0.763966    0.520548    0.528997    0.739857    0.798305    0.740385    0.763966    0.611111    0.640602    100         14.545455   0.655350    0.108770    0.476694    5.824671   
[36mINFO[0m 08/01 17:16:52 | 0.579952    0.490385    0.000000    0.536022    0.627917    0.608491    1.145118    0.485387    0.479452    0.603448    0.579952    0.627917    0.490385    0.485387    0.592593    0.613534    200         29.090909   0.477024    0.101453    0.531782    5.999248   
Model converged at step 0, Start step = -1; Threshold = 1.090633, 
[36mINFO[0m 08/01 17:17:06 | 0.603819    0.548077    0.000000    0.583587    0.639993    0.646500    1.622821    0.489826    0.630137    0.679467    0.603819    0.639993    0.548077    0.489826    0.537037    0.613534    300         43.636364   0.282294    0.102948    0.483235    6.177853   
[36mINFO[0m 08/01 17:17:20 | 0.579952    0.538462    0.000000    0.585997    0.656261    0.613871    1.573993    0.534961    0.616438    0.627743    0.579952    0.656261    0.538462    0.534961    0.555556    0.600000    400         58.181818   0.167834    0.102075    0.635892    6.355237   
[36mINFO[0m 08/01 17:17:35 | 0.596659    0.519231    0.000000    0.632293    0.598524    0.671462    2.023385    0.456530    0.616438    0.705329    0.596659    0.598524    0.519231    0.456530    0.648148    0.637594    500         72.727273   0.135811    0.103005    0.482491    6.526518   
[36mINFO[0m 08/01 17:17:51 | 0.565632    0.403846    0.000000    0.602486    0.574246    0.610397    2.510034    0.400666    0.575342    0.586207    0.565632    0.574246    0.403846    0.400666    0.629630    0.634586    600         87.272727   0.112443    0.105402    0.515117    6.702193   
[36mINFO[0m 08/01 17:18:07 | 0.596659    0.528846    0.000000    0.611365    0.649585    0.638049    2.171734    0.473918    0.630137    0.652038    0.596659    0.649585    0.528846    0.473918    0.592593    0.624060    700         101.818182  0.101303    0.106183    0.525459    6.877502   
Valley is dead at step 100
[36mINFO[0m 08/01 17:18:08 | SWAD valley is dead -> early stop !
[36mINFO[0m 08/01 17:18:08 | ---
[33mWARNING[0m 08/01 17:18:08 | Evaluate SWAD ...
[36mINFO[0m 08/01 17:18:08 | 0.503580    0.509615    0.000000    0.625444    0.741205    0.609223    0.654358    0.805401    0.602740    0.639498    0.503580    0.741205    0.509615    0.805401    0.648148    0.578947    [0-100]  (N=4)
[36mINFO[0m 08/01 17:18:08 | oracle = 73.986%
[36mINFO[0m 08/01 17:18:08 | iid = 59.666%
[36mINFO[0m 08/01 17:18:08 | last = 59.666%
[36mINFO[0m 08/01 17:18:08 | last (inD) = 61.136%
[36mINFO[0m 08/01 17:18:08 | iid (inD) = 63.229%
[36mINFO[0m 08/01 17:18:08 | SWAD = 50.358%
[36mINFO[0m 08/01 17:18:08 | SWAD (inD) = 62.544%
[36mINFO[0m 08/01 17:18:09 | 
[36mINFO[0m 08/01 17:18:09 | Testenv name escaping te_02 -> te_02
[36mINFO[0m 08/01 17:18:09 | Test envs = [2], name = te_02
[36mINFO[0m 08/01 17:18:09 | Batch sizes for each domain: [32, 32, 0] (total=64)
[36mINFO[0m 08/01 17:18:09 | steps-per-epoch for each domain: 9.19, 13.09 -> min = 9.19
/home/s21_yhr/miniconda3/envs/GGA/lib/python3.11/site-packages/torchvision/models/_utils.py:208: UserWarning: The parameter 'pretrained' is deprecated since 0.13 and may be removed in the future, please use 'weights' instead.
  warnings.warn(
/home/s21_yhr/miniconda3/envs/GGA/lib/python3.11/site-packages/torchvision/models/_utils.py:223: UserWarning: Arguments other than a weight enum or `None` for 'weights' are deprecated since 0.13 and may be removed in the future. The current behavior is equivalent to passing `weights=ResNet50_Weights.IMAGENET1K_V1`. You can also use `weights=ResNet50_Weights.DEFAULT` to get the most up-to-date weights.
  warnings.warn(msg)
[36mINFO[0m 08/01 17:18:13 | # of params = 23512130
[36mINFO[0m 08/01 17:18:13 | test_in     test_out    train_in    train_out   test_in_au  train_out_  tr_outloss  test_out_a  env0_out    env0_out_a  env1_out    env1_out_a  env2_in     env2_in_au  env2_out    env2_out_a  step        epoch       loss        step_time   eval_time   mem_gb     
[36mINFO[0m 08/01 17:18:13 | 0.554545    0.648148    0.000000    0.556178    0.539729    0.643147    0.792582    0.595489    0.602740    0.502351    0.509615    0.783944    0.554545    0.539729    0.648148    0.595489    0           0.000000    0.676166    0.114833    0.372713    5.425170   
[36mINFO[0m 08/01 17:18:27 | 0.645455    0.592593    0.000000    0.677226    0.683506    0.759484    0.510868    0.663158    0.479452    0.541536    0.875000    0.977432    0.645455    0.683506    0.592593    0.663158    100         10.884354   0.596532    0.106457    0.368757    5.824671   
[36mINFO[0m 08/01 17:18:40 | 0.645455    0.629630    0.000000    0.731296    0.668953    0.818473    0.646344    0.619549    0.616438    0.686520    0.846154    0.950425    0.645455    0.668953    0.629630    0.619549    200         21.768707   0.413576    0.103138    0.348706    5.999248   
[36mINFO[0m 08/01 17:18:55 | 0.631818    0.555556    0.000000    0.744995    0.661676    0.827028    0.706432    0.609023    0.643836    0.701411    0.846154    0.952645    0.631818    0.661676    0.555556    0.609023    300         32.653061   0.260252    0.113353    0.416943    6.177853   
Model converged at step 100, Start step = 1; Threshold = 0.807579, 
[36mINFO[0m 08/01 17:19:14 | 0.595455    0.518519    0.000000    0.737421    0.633824    0.810757    0.739403    0.572932    0.657534    0.681818    0.817308    0.939697    0.595455    0.633824    0.518519    0.572932    400         43.537415   0.198808    0.109839    0.438010    6.526030   
[36mINFO[0m 08/01 17:19:28 | 0.527273    0.444444    0.000000    0.725764    0.579123    0.834259    0.740333    0.533835    0.643836    0.735110    0.807692    0.933407    0.527273    0.579123    0.444444    0.533835    500         54.421769   0.144944    0.106970    0.498962    6.702559   
[36mINFO[0m 08/01 17:19:43 | 0.654545    0.500000    0.000000    0.758693    0.675811    0.839545    0.989561    0.569925    0.671233    0.725705    0.846154    0.953385    0.654545    0.675811    0.500000    0.569925    600         65.306122   0.131720    0.114399    0.369580    6.878845   
[36mINFO[0m 08/01 17:19:59 | 0.618182    0.444444    0.000000    0.724447    0.656532    0.827712    1.009189    0.473684    0.602740    0.692790    0.846154    0.962634    0.618182    0.656532    0.444444    0.473684    700         76.190476   0.151062    0.109003    0.363501    7.053422   
[36mINFO[0m 08/01 17:20:15 | 0.609091    0.425926    0.000000    0.736828    0.679366    0.850307    1.139377    0.464662    0.589041    0.726881    0.884615    0.973733    0.609091    0.679366    0.425926    0.464662    800         87.074830   0.088516    0.106314    0.403906    7.054399   
[36mINFO[0m 08/01 17:20:32 | 0.609091    0.555556    0.000000    0.718915    0.649130    0.826994    1.416250    0.476692    0.630137    0.693574    0.807692    0.960414    0.609091    0.649130    0.555556    0.476692    900         97.959184   0.096922    0.118391    0.398405    7.056352   
[36mINFO[0m 08/01 17:20:49 | 0.590909    0.537037    0.000000    0.743546    0.635664    0.847054    1.295096    0.521805    0.698630    0.729624    0.788462    0.964484    0.590909    0.635664    0.537037    0.521805    1000        108.843537  0.090467    0.109844    0.427975    7.056840   
[36mINFO[0m 08/01 17:21:05 | 0.586364    0.481481    0.000000    0.764950    0.637588    0.849361    0.867433    0.527820    0.616438    0.732759    0.913462    0.965964    0.586364    0.637588    0.481481    0.527820    1100        119.727891  0.086461    0.108117    0.360844    7.057084   
Valley is dead at step 500
[36mINFO[0m 08/01 17:21:06 | SWAD valley is dead -> early stop !
[36mINFO[0m 08/01 17:21:06 | ---
[33mWARNING[0m 08/01 17:21:06 | Evaluate SWAD ...
[36mINFO[0m 08/01 17:21:06 | 0.622727    0.592593    0.000000    0.757376    0.667866    0.818425    0.446038    0.604511    0.630137    0.658307    0.884615    0.978542    0.622727    0.667866    0.592593    0.604511    [1-500]  (N=8)
[36mINFO[0m 08/01 17:21:06 | oracle = 55.455%
[36mINFO[0m 08/01 17:21:06 | iid = 58.636%
[36mINFO[0m 08/01 17:21:06 | last = 58.636%
[36mINFO[0m 08/01 17:21:06 | last (inD) = 76.495%
[36mINFO[0m 08/01 17:21:06 | iid (inD) = 76.495%
[36mINFO[0m 08/01 17:21:06 | SWAD = 62.273%
[36mINFO[0m 08/01 17:21:06 | SWAD (inD) = 75.738%
[36mINFO[0m 08/01 17:21:07 | === Summary ===
[36mINFO[0m 08/01 17:21:07 | Command: /home/s21_yhr/lzh/DomainBed-new/train_all.py HTP_SWAD_seed4 --dataset HTP --data_dir /home/s21_yhr/lzh/DomainBed-new/dataset --algorithm ERM --steps 5000 --checkpoint_freq 100 --batch_size 32 --optimizer adam --lr 5e-5 --weight_decay 0 --resnet_dropout 0 --resnet18 False --pretrained True --freeze_bn True --swad LossValley --seed 4 --trial_seed 4 --deterministic --prebuild_loader --cache_size 640
[36mINFO[0m 08/01 17:21:07 | Unique name: 260801_17-13-24_HTP_SWAD_seed4
[36mINFO[0m 08/01 17:21:07 | Out path: train_output/HTP/260801_17-13-24_HTP_SWAD_seed4
[36mINFO[0m 08/01 17:21:07 | Algorithm: ERM
[36mINFO[0m 08/01 17:21:07 | Dataset: HTP
+------------+---------+---------+---------+---------+
| Selection  |    00   |    01   |    02   |   Avg.  |
+------------+---------+---------+---------+---------+
|   oracle   | 53.741% | 73.986% | 55.455% | 61.061% |
|    iid     | 57.143% | 59.666% | 58.636% | 58.482% |
|    last    | 57.143% | 59.666% | 58.636% | 58.482% |
| last (inD) | 80.823% | 61.136% | 76.495% | 72.818% |
| iid (inD)  | 80.823% | 63.229% | 76.495% | 73.516% |
|    SWAD    | 54.082% | 50.358% | 62.273% | 55.571% |
| SWAD (inD) | 78.526% | 62.544% | 75.738% | 72.269% |
+------------+---------+---------+---------+---------+
