Algorithm: ALOFT_E
Physical GPU: 2
Seeds: [0, 1, 2, 3, 4]
Dataset: /home/s21_yhr/lzh/DomainBed-new/dataset/HTP

================================================================================
Starting ALOFT_E, seed=0, physical GPU=2
/home/s21_yhr/miniconda3/envs/GGA/bin/python /home/s21_yhr/lzh/DomainBed-new/train_all.py HTP_ALOFT_E_seed0 --dataset HTP --data_dir /home/s21_yhr/lzh/DomainBed-new/dataset --algorithm ALOFT_E --steps 5000 --checkpoint_freq 100 --batch_size 32 --optimizer adam --lr 5e-5 --weight_decay 0 --resnet_dropout 0 --resnet18 False --pretrained True --freeze_bn True --swad False --seed 0 --trial_seed 0 --deterministic --prebuild_loader --cache_size 256 --aloft_alpha 1.0 --aloft_mask_ratio 0.5 --aloft_perturb_prob 1.0
================================================================================
[36mINFO[0m 08/01 00:27:51 | Command :: /home/s21_yhr/lzh/DomainBed-new/train_all.py HTP_ALOFT_E_seed0 --dataset HTP --data_dir /home/s21_yhr/lzh/DomainBed-new/dataset --algorithm ALOFT_E --steps 5000 --checkpoint_freq 100 --batch_size 32 --optimizer adam --lr 5e-5 --weight_decay 0 --resnet_dropout 0 --resnet18 False --pretrained True --freeze_bn True --swad False --seed 0 --trial_seed 0 --deterministic --prebuild_loader --cache_size 256 --aloft_alpha 1.0 --aloft_mask_ratio 0.5 --aloft_perturb_prob 1.0
Environment:
	Python: 3.11.15
	PyTorch: 2.11.0+cu128
	Torchvision: 0.26.0+cu128
	CUDA: 12.8
	CUDNN: 91900
	NumPy: 1.26.4
	PIL: 12.2.0
Args:
	algorithm: ALOFT_E
	batch_size: 32
	cache_root: cache
	cache_size: 256
	checkpoint_freq: 100
	configs: []
	data_dir: /home/s21_yhr/lzh/DomainBed-new/dataset
	dataset: HTP
	debug: False
	deterministic: True
	end_step: 200
	evalmode: fast
	extra_search: n
	extra_search_end: None
	extra_search_start: None
	gga_l_gamma: 0.001
	grad_fn: sum
	holdout_fraction: 0.2
	model_save: None
	name: HTP_ALOFT_E_seed0
	neighborhoodSize: 1e-06
	out_dir: train_output/HTP/260801_00-27-50_HTP_ALOFT_E_seed0
	out_root: train_output/HTP
	prebuild_loader: True
	seed: 0
	show: False
	start_step: 100
	steps: 5000
	tb_freq: 10
	test_envs: None
	train_output: train_output
	trial_seed: 0
	unique_name: 260801_00-27-50_HTP_ALOFT_E_seed0
	work_dir: .
HParams:
	data_augmentation: True
	val_augment: False
	[36mresnet18: False
	[0m[36mresnet_dropout: 0
	[0mclass_balanced: False
	[36moptimizer: adam
	[0m[36mfreeze_bn: True
	[0m[36mpretrained: True
	[0m[36mlr: 5e-05
	[0mbatch_size: 32
	[36mweight_decay: 0
	[0m[36maloft_alpha: 1.0
	[0m[36maloft_mask_ratio: 0.5
	[0m[36maloft_perturb_prob: 1.0
	[0maloft_positions: 
	  - layer1
	  - layer2
	  - layer3
	[36mswad: False
	[0mswad_kwargs: 
	  n_converge: 3
	  n_tolerance: 6
	  tolerance_ratio: 0.3
	test_batchsize: 128
	indomain_test: False
	grad_fn: sum
	extra_search: n
	logdir: train_output/HTP/260801_00-27-50_HTP_ALOFT_E_seed0
	neighborhoodSize: 1e-06
	start_step: 100
	end_step: 200
	extra_search_start: None
	extra_search_end: None
	gga_l_gamma: 0.001
[cache] building 6d1de345d0f59ca6.npy: 367 images
[cache] done: cache/6d1de345d0f59ca6.npy
[cache] building e23f14b1e1e71617.npy: 523 images
[cache] done: cache/e23f14b1e1e71617.npy
[cache] building 208fec31bc53a9a1.npy: 274 images
[cache] done: cache/208fec31bc53a9a1.npy
Dataset:
	[HTP] #envs=3, #classes=2
	env0: 00 (#367)
	env1: 01 (#523)
	env2: 02 (#274)

[36mINFO[0m 08/01 00:28:01 | n_steps = 5000
[36mINFO[0m 08/01 00:28:01 | checkpoint_freq = 100
[36mINFO[0m 08/01 00:28:01 | n_steps is updated to 5000 => 5001 for checkpointing
[36mINFO[0m 08/01 00:28:01 | Target test envs = [[0], [1], [2]]
[36mINFO[0m 08/01 00:28:01 | 
[36mINFO[0m 08/01 00:28:01 | Testenv name escaping te_00 -> te_00
[36mINFO[0m 08/01 00:28:01 | Test envs = [0], name = te_00
[36mINFO[0m 08/01 00:28:01 | Batch sizes for each domain: [0, 32, 32] (total=64)
[36mINFO[0m 08/01 00:28:01 | steps-per-epoch for each domain: 13.09, 6.88 -> min = 6.88
/home/s21_yhr/miniconda3/envs/GGA/lib/python3.11/site-packages/torchvision/models/_utils.py:208: UserWarning: The parameter 'pretrained' is deprecated since 0.13 and may be removed in the future, please use 'weights' instead.
  warnings.warn(
/home/s21_yhr/miniconda3/envs/GGA/lib/python3.11/site-packages/torchvision/models/_utils.py:223: UserWarning: Arguments other than a weight enum or `None` for 'weights' are deprecated since 0.13 and may be removed in the future. The current behavior is equivalent to passing `weights=ResNet50_Weights.IMAGENET1K_V1`. You can also use `weights=ResNet50_Weights.DEFAULT` to get the most up-to-date weights.
  warnings.warn(msg)
[36mINFO[0m 08/01 00:28:03 | # of params = 23512130
[36mINFO[0m 08/01 00:28:04 | test_in     test_out    train_in    train_out   test_in_au  test_out_a  train_out_  tr_outloss  env0_in     env0_in_au  env0_out    env0_out_a  env1_out    env1_out_a  env2_out    env2_out_a  step        epoch       loss        step_time   eval_time   mem_gb     
[36mINFO[0m 08/01 00:28:04 | 0.571429    0.589041    0.000000    0.566239    0.468726    0.562791    0.693371    0.898024    0.571429    0.468726    0.589041    0.562791    0.576923    0.736742    0.555556    0.650000    0           0.000000    0.707381    0.810940    0.582523    7.362074   
[36mINFO[0m 08/01 00:28:21 | 0.554422    0.575342    0.000000    0.737536    0.532455    0.507752    0.841604    0.480712    0.554422    0.532455    0.575342    0.507752    0.826923    0.948485    0.648148    0.734722    100         14.545455   0.614613    0.163232    0.409309    7.578634   
[36mINFO[0m 08/01 00:28:37 | 0.551020    0.602740    0.000000    0.747863    0.516298    0.509302    0.807639    0.576887    0.551020    0.516298    0.602740    0.509302    0.884615    0.941667    0.611111    0.673611    200         29.090909   0.448393    0.163107    0.399617    7.578634   
[36mINFO[0m 08/01 00:28:54 | 0.530612    0.534247    0.000000    0.743056    0.535478    0.516279    0.785859    0.806566    0.530612    0.535478    0.534247    0.516279    0.875000    0.939773    0.611111    0.631944    300         43.636364   0.331501    0.162816    0.403237    7.578634   
[36mINFO[0m 08/01 00:29:11 | 0.547619    0.534247    0.000000    0.723113    0.564626    0.493798    0.739773    1.297753    0.547619    0.564626    0.534247    0.493798    0.798077    0.883712    0.648148    0.595833    400         58.181818   0.244718    0.162739    0.421894    7.578634   
[36mINFO[0m 08/01 00:29:28 | 0.547619    0.520548    0.000000    0.751603    0.538360    0.413178    0.767677    0.997149    0.547619    0.538360    0.520548    0.413178    0.836538    0.915909    0.666667    0.619444    500         72.727273   0.214425    0.162549    0.395520    7.578634   
[36mINFO[0m 08/01 00:29:44 | 0.547619    0.465753    0.000000    0.737536    0.546627    0.466667    0.742361    1.250106    0.547619    0.546627    0.465753    0.466667    0.826923    0.895833    0.648148    0.588889    600         87.272727   0.191351    0.162482    0.406019    7.578634   
[36mINFO[0m 08/01 00:30:01 | 0.561224    0.534247    0.000000    0.704238    0.543320    0.455814    0.746717    1.783144    0.561224    0.543320    0.534247    0.455814    0.778846    0.925379    0.629630    0.568056    700         101.818182  0.157270    0.162027    0.400685    7.578634   
[36mINFO[0m 08/01 00:30:17 | 0.523810    0.534247    0.000000    0.718305    0.526361    0.506202    0.764899    1.400637    0.523810    0.526361    0.534247    0.506202    0.788462    0.903409    0.648148    0.626389    800         116.363636  0.142961    0.162340    0.404985    7.578634   
[36mINFO[0m 08/01 00:30:34 | 0.547619    0.520548    0.000000    0.680556    0.534911    0.454264    0.703283    1.419179    0.547619    0.534911    0.520548    0.454264    0.750000    0.841288    0.611111    0.565278    900         130.909091  0.133002    0.162638    0.396794    7.578634   
[36mINFO[0m 08/01 00:30:51 | 0.547619    0.479452    0.000000    0.728632    0.541100    0.455039    0.749811    1.437172    0.547619    0.541100    0.479452    0.455039    0.846154    0.903788    0.611111    0.595833    1000        145.454545  0.117698    0.162620    0.390754    7.578634   
[36mINFO[0m 08/01 00:31:07 | 0.554422    0.561644    0.000000    0.708689    0.527494    0.458140    0.772033    1.871148    0.554422    0.527494    0.561644    0.458140    0.769231    0.887121    0.648148    0.656944    1100        160.000000  0.129560    0.162606    0.391139    7.578634   
[36mINFO[0m 08/01 00:31:24 | 0.547619    0.520548    0.000000    0.737536    0.543745    0.482171    0.793876    1.596250    0.547619    0.543745    0.520548    0.482171    0.826923    0.919697    0.648148    0.668056    1200        174.545455  0.119816    0.162500    0.395230    7.578634   
[36mINFO[0m 08/01 00:31:41 | 0.544218    0.561644    0.000000    0.670940    0.555839    0.512403    0.769508    1.728784    0.544218    0.555839    0.561644    0.512403    0.730769    0.884848    0.611111    0.654167    1300        189.090909  0.120055    0.162411    0.392564    7.578634   
[36mINFO[0m 08/01 00:31:57 | 0.554422    0.534247    0.000000    0.685719    0.546391    0.476357    0.718687    2.217841    0.554422    0.546391    0.534247    0.476357    0.778846    0.873485    0.592593    0.563889    1400        203.636364  0.088841    0.162494    0.395502    7.578634   
[36mINFO[0m 08/01 00:32:14 | 0.564626    0.575342    0.000000    0.685719    0.530896    0.473643    0.715088    2.203592    0.564626    0.530896    0.575342    0.473643    0.778846    0.870455    0.592593    0.559722    1500        218.181818  0.091044    0.162346    0.387717    7.578634   
[36mINFO[0m 08/01 00:32:31 | 0.551020    0.493151    0.000000    0.704238    0.531463    0.470543    0.714836    1.846719    0.551020    0.531463    0.493151    0.470543    0.778846    0.872727    0.629630    0.556944    1600        232.727273  0.088280    0.162148    0.393126    7.578634   
[36mINFO[0m 08/01 00:32:47 | 0.554422    0.520548    0.000000    0.694979    0.563256    0.520930    0.724558    1.983030    0.554422    0.563256    0.520548    0.520930    0.778846    0.872727    0.611111    0.576389    1700        247.272727  0.087700    0.162188    0.397873    7.578634   
[36mINFO[0m 08/01 00:33:04 | 0.523810    0.534247    0.000000    0.690527    0.530423    0.488372    0.746338    2.073781    0.523810    0.530423    0.534247    0.488372    0.788462    0.899621    0.592593    0.593056    1800        261.818182  0.080747    0.162381    0.390513    7.578634   
[36mINFO[0m 08/01 00:33:21 | 0.520408    0.465753    0.000000    0.681268    0.537415    0.478295    0.728157    2.337671    0.520408    0.537415    0.465753    0.478295    0.788462    0.875758    0.574074    0.580556    1900        276.363636  0.081155    0.162460    0.386225    7.578634   
[36mINFO[0m 08/01 00:33:37 | 0.534014    0.479452    0.000000    0.694979    0.548706    0.451163    0.747285    1.515595    0.534014    0.548706    0.479452    0.451163    0.778846    0.864015    0.611111    0.630556    2000        290.909091  0.084077    0.162143    0.386894    7.578634   
[36mINFO[0m 08/01 00:33:54 | 0.551020    0.602740    0.000000    0.722756    0.556878    0.558915    0.729356    1.979551    0.551020    0.556878    0.602740    0.558915    0.778846    0.883712    0.666667    0.575000    2100        305.454545  0.087566    0.162170    0.401057    7.578634   
[36mINFO[0m 08/01 00:34:10 | 0.551020    0.520548    0.000000    0.703882    0.545304    0.457364    0.726231    2.695099    0.551020    0.545304    0.520548    0.457364    0.759615    0.867045    0.648148    0.585417    2200        320.000000  0.088072    0.162311    0.393597    7.578634   
[36mINFO[0m 08/01 00:34:27 | 0.557823    0.547945    0.000000    0.685363    0.559713    0.485271    0.730051    2.310431    0.557823    0.559713    0.547945    0.485271    0.759615    0.879545    0.611111    0.580556    2300        334.545455  0.073545    0.162095    0.386643    7.578634   
[36mINFO[0m 08/01 00:34:44 | 0.568027    0.561644    0.000000    0.712785    0.559524    0.489922    0.725568    2.540249    0.568027    0.559524    0.561644    0.489922    0.740385    0.859470    0.685185    0.591667    2400        349.090909  0.067921    0.162080    0.396148    7.578634   
[36mINFO[0m 08/01 00:35:00 | 0.540816    0.506849    0.000000    0.708689    0.534439    0.440310    0.743245    1.674685    0.540816    0.534439    0.506849    0.440310    0.769231    0.867045    0.648148    0.619444    2500        363.636364  0.066586    0.162242    0.390122    7.578634   
[36mINFO[0m 08/01 00:35:17 | 0.534014    0.520548    0.000000    0.708333    0.548942    0.462791    0.727462    1.867600    0.534014    0.548942    0.520548    0.462791    0.750000    0.854924    0.666667    0.600000    2600        378.181818  0.062700    0.162277    0.389560    7.578634   
[36mINFO[0m 08/01 00:35:33 | 0.551020    0.534247    0.000000    0.723113    0.524046    0.452713    0.717740    2.526525    0.551020    0.524046    0.534247    0.452713    0.798077    0.892424    0.648148    0.543056    2700        392.727273  0.060706    0.161971    0.388591    7.578634   
[36mINFO[0m 08/01 00:35:50 | 0.537415    0.506849    0.000000    0.667201    0.545918    0.461240    0.700884    2.062528    0.537415    0.545918    0.506849    0.461240    0.778846    0.862879    0.555556    0.538889    2800        407.272727  0.065270    0.162007    0.392645    7.578634   
[36mINFO[0m 08/01 00:36:07 | 0.520408    0.534247    0.000000    0.708689    0.539706    0.472868    0.719034    2.731036    0.520408    0.539706    0.534247    0.472868    0.769231    0.869318    0.648148    0.568750    2900        421.818182  0.050913    0.162054    0.389979    7.578634   
[36mINFO[0m 08/01 00:36:23 | 0.520408    0.520548    0.000000    0.695691    0.536328    0.499225    0.743340    3.320201    0.520408    0.536328    0.520548    0.499225    0.817308    0.894318    0.574074    0.592361    3000        436.363636  0.055776    0.161993    0.393266    7.578634   
[36mINFO[0m 08/01 00:36:40 | 0.517007    0.493151    0.000000    0.708689    0.525250    0.480620    0.706503    2.192361    0.517007    0.525250    0.493151    0.480620    0.769231    0.839394    0.648148    0.573611    3100        450.909091  0.072379    0.161753    0.391558    7.578634   
[36mINFO[0m 08/01 00:36:56 | 0.551020    0.520548    0.000000    0.703526    0.534250    0.461240    0.734659    2.024560    0.551020    0.534250    0.520548    0.461240    0.740385    0.840152    0.666667    0.629167    3200        465.454545  0.064315    0.161928    0.387764    7.578634   
[36mINFO[0m 08/01 00:37:13 | 0.540816    0.506849    0.000000    0.699074    0.550902    0.445736    0.737311    2.677700    0.540816    0.550902    0.506849    0.445736    0.750000    0.862121    0.648148    0.612500    3300        480.000000  0.064235    0.162216    0.390051    7.578634   
[36mINFO[0m 08/01 00:37:30 | 0.530612    0.520548    0.000000    0.666132    0.561957    0.485271    0.700884    3.418132    0.530612    0.561957    0.520548    0.485271    0.721154    0.825379    0.611111    0.576389    3400        494.545455  0.053657    0.162191    0.387584    7.578634   
[36mINFO[0m 08/01 00:37:46 | 0.557823    0.534247    0.000000    0.698718    0.564106    0.510853    0.719886    3.015161    0.557823    0.564106    0.534247    0.510853    0.730769    0.835606    0.666667    0.604167    3500        509.090909  0.057981    0.161869    0.392314    7.578634   
[36mINFO[0m 08/01 00:38:03 | 0.544218    0.479452    0.000000    0.675392    0.563374    0.475969    0.715404    2.115155    0.544218    0.563374    0.479452    0.475969    0.721154    0.828030    0.629630    0.602778    3600        523.636364  0.059540    0.161718    0.388728    7.578634   
[36mINFO[0m 08/01 00:38:19 | 0.571429    0.561644    0.000000    0.679843    0.568925    0.437984    0.717614    2.550763    0.571429    0.568925    0.561644    0.437984    0.711538    0.847727    0.648148    0.587500    3700        538.181818  0.048022    0.162111    0.400019    7.578634   
[36mINFO[0m 08/01 00:38:36 | 0.551020    0.506849    0.000000    0.714209    0.527164    0.486822    0.755682    1.455655    0.551020    0.527164    0.506849    0.486822    0.817308    0.907197    0.611111    0.604167    3800        552.727273  0.064877    0.161898    0.395883    7.578634   
[36mINFO[0m 08/01 00:38:53 | 0.551020    0.547945    0.000000    0.732372    0.532124    0.486047    0.749242    2.517434    0.551020    0.532124    0.547945    0.486047    0.798077    0.877652    0.666667    0.620833    3900        567.272727  0.058668    0.161878    0.386992    7.578634   
[36mINFO[0m 08/01 00:39:09 | 0.544218    0.602740    0.000000    0.699430    0.542375    0.508527    0.743561    2.031554    0.544218    0.542375    0.602740    0.508527    0.769231    0.874621    0.629630    0.612500    4000        581.818182  0.049087    0.161923    0.394933    7.578634   
[36mINFO[0m 08/01 00:39:26 | 0.585034    0.520548    0.000000    0.713853    0.566374    0.473643    0.723895    2.083897    0.585034    0.566374    0.520548    0.473643    0.798077    0.852652    0.629630    0.595139    4100        596.363636  0.049675    0.162000    0.402211    7.578634   
[36mINFO[0m 08/01 00:39:42 | 0.537415    0.506849    0.000000    0.717593    0.565901    0.488372    0.715088    2.622775    0.537415    0.565901    0.506849    0.488372    0.750000    0.832955    0.685185    0.597222    4200        610.909091  0.056075    0.162005    0.389280    7.578634   
[36mINFO[0m 08/01 00:39:59 | 0.520408    0.589041    0.000000    0.704238    0.523219    0.479070    0.734785    2.394598    0.520408    0.523219    0.589041    0.479070    0.778846    0.889015    0.629630    0.580556    4300        625.454545  0.046747    0.162281    0.388716    7.578634   
[36mINFO[0m 08/01 00:40:16 | 0.530612    0.575342    0.000000    0.695335    0.557233    0.558140    0.728914    2.457204    0.530612    0.557233    0.575342    0.558140    0.798077    0.881439    0.592593    0.576389    4400        640.000000  0.064872    0.161981    0.392146    7.578634   
[36mINFO[0m 08/01 00:40:32 | 0.520408    0.493151    0.000000    0.717949    0.532833    0.505426    0.728093    2.721665    0.520408    0.532833    0.493151    0.505426    0.769231    0.874242    0.666667    0.581944    4500        654.545455  0.046432    0.162060    0.395960    7.578634   
[36mINFO[0m 08/01 00:40:49 | 0.537415    0.534247    0.000000    0.671296    0.539116    0.429457    0.718245    2.198714    0.537415    0.539116    0.534247    0.429457    0.750000    0.837879    0.592593    0.598611    4600        669.090909  0.052044    0.162212    0.387150    7.578634   
[36mINFO[0m 08/01 00:41:06 | 0.527211    0.534247    0.000000    0.685363    0.554115    0.518992    0.722538    2.848481    0.527211    0.554115    0.534247    0.518992    0.759615    0.853409    0.611111    0.591667    4700        683.636364  0.051518    0.161732    0.392299    7.578634   
[36mINFO[0m 08/01 00:41:22 | 0.537415    0.506849    0.000000    0.713141    0.524991    0.430233    0.698611    2.767041    0.537415    0.524991    0.506849    0.430233    0.759615    0.831250    0.666667    0.565972    4800        698.181818  0.046051    0.161967    0.394926    7.578634   
[36mINFO[0m 08/01 00:41:39 | 0.530612    0.547945    0.000000    0.704950    0.529526    0.491860    0.745202    3.412395    0.530612    0.529526    0.547945    0.491860    0.817308    0.889015    0.592593    0.601389    4900        712.727273  0.044422    0.161828    0.399666    7.578634   
[36mINFO[0m 08/01 00:41:55 | 0.551020    0.561644    0.000000    0.657585    0.531037    0.465116    0.725537    2.711267    0.551020    0.531037    0.561644    0.465116    0.759615    0.858712    0.555556    0.592361    5000        727.272727  0.041219    0.161838    0.384655    7.578634   
[36mINFO[0m 08/01 00:41:55 | ---
[36mINFO[0m 08/01 00:41:55 | oracle = 55.102%
[36mINFO[0m 08/01 00:41:55 | iid = 54.762%
[36mINFO[0m 08/01 00:41:55 | last = 55.102%
[36mINFO[0m 08/01 00:41:55 | last (inD) = 65.759%
[36mINFO[0m 08/01 00:41:55 | iid (inD) = 75.160%
[36mINFO[0m 08/01 00:41:56 | 
[36mINFO[0m 08/01 00:41:56 | Testenv name escaping te_01 -> te_01
[36mINFO[0m 08/01 00:41:56 | Test envs = [1], name = te_01
[36mINFO[0m 08/01 00:41:56 | Batch sizes for each domain: [32, 0, 32] (total=64)
[36mINFO[0m 08/01 00:41:56 | steps-per-epoch for each domain: 9.19, 6.88 -> min = 6.88
/home/s21_yhr/miniconda3/envs/GGA/lib/python3.11/site-packages/torchvision/models/_utils.py:208: UserWarning: The parameter 'pretrained' is deprecated since 0.13 and may be removed in the future, please use 'weights' instead.
  warnings.warn(
/home/s21_yhr/miniconda3/envs/GGA/lib/python3.11/site-packages/torchvision/models/_utils.py:223: UserWarning: Arguments other than a weight enum or `None` for 'weights' are deprecated since 0.13 and may be removed in the future. The current behavior is equivalent to passing `weights=ResNet50_Weights.IMAGENET1K_V1`. You can also use `weights=ResNet50_Weights.DEFAULT` to get the most up-to-date weights.
  warnings.warn(msg)
[36mINFO[0m 08/01 00:41:58 | # of params = 23512130
[36mINFO[0m 08/01 00:41:59 | test_in     test_out    train_in    train_out   test_in_au  train_out_  tr_outloss  test_out_a  env0_out    env0_out_a  env1_in     env1_in_au  env1_out    env1_out_a  env2_out    env2_out_a  step        epoch       loss        step_time   eval_time   mem_gb     
[36mINFO[0m 08/01 00:41:59 | 0.513126    0.423077    0.000000    0.427702    0.605312    0.566247    0.850928    0.542424    0.410959    0.551938    0.513126    0.605312    0.423077    0.542424    0.444444    0.580556    0           0.000000    0.719758    0.163353    0.544035    7.364028   
[36mINFO[0m 08/01 00:42:15 | 0.620525    0.557692    0.000000    0.618975    0.651642    0.597868    0.690387    0.548485    0.534247    0.545736    0.620525    0.651642    0.557692    0.548485    0.703704    0.650000    100         14.545455   0.640625    0.161952    0.484548    7.578634   
[36mINFO[0m 08/01 00:42:32 | 0.520286    0.509615    0.000000    0.599696    0.533197    0.575614    1.007860    0.476894    0.643836    0.631783    0.520286    0.533197    0.509615    0.476894    0.555556    0.519444    200         29.090909   0.440828    0.161659    0.468134    7.578634   
[36mINFO[0m 08/01 00:42:48 | 0.470167    0.375000    0.000000    0.608955    0.462722    0.575711    1.482780    0.338258    0.643836    0.673643    0.470167    0.462722    0.375000    0.338258    0.574074    0.477778    300         43.636364   0.273508    0.161417    0.483860    7.578634   
[36mINFO[0m 08/01 00:43:05 | 0.513126    0.519231    0.000000    0.553780    0.535613    0.595672    1.773924    0.452652    0.589041    0.663566    0.513126    0.535613    0.519231    0.452652    0.518519    0.527778    400         58.181818   0.200866    0.161612    0.484919    7.578634   
[36mINFO[0m 08/01 00:43:22 | 0.539379    0.548077    0.000000    0.602106    0.575946    0.581347    2.194381    0.470833    0.630137    0.641860    0.539379    0.575946    0.548077    0.470833    0.574074    0.520833    500         72.727273   0.160370    0.161319    0.484741    7.578634   
[36mINFO[0m 08/01 00:43:38 | 0.486874    0.394231    0.000000    0.579148    0.452713    0.585158    2.075198    0.354167    0.602740    0.655039    0.486874    0.452713    0.394231    0.354167    0.555556    0.515278    600         87.272727   0.144558    0.161171    0.489305    7.578634   
[36mINFO[0m 08/01 00:43:55 | 0.498807    0.490385    0.000000    0.599696    0.478534    0.561111    3.051552    0.446212    0.643836    0.633333    0.498807    0.478534    0.490385    0.446212    0.555556    0.488889    700         101.818182  0.126284    0.161373    0.486176    7.578634   
[36mINFO[0m 08/01 00:44:12 | 0.491647    0.461538    0.000000    0.560629    0.460146    0.563808    2.531597    0.435985    0.602740    0.631783    0.491647    0.460146    0.461538    0.435985    0.518519    0.495833    800         116.363636  0.111703    0.161318    0.487302    7.578634   
[36mINFO[0m 08/01 00:44:28 | 0.489260    0.480769    0.000000    0.622653    0.483972    0.597949    2.452591    0.430682    0.671233    0.680620    0.489260    0.483972    0.480769    0.430682    0.574074    0.515278    900         130.909091  0.095952    0.161891    0.481696    7.578634   
[36mINFO[0m 08/01 00:44:45 | 0.489260    0.442308    0.000000    0.606545    0.499065    0.597561    2.617819    0.419697    0.657534    0.646512    0.489260    0.499065    0.442308    0.419697    0.555556    0.548611    1000        145.454545  0.092405    0.161877    0.487830    7.578634   
[36mINFO[0m 08/01 00:45:02 | 0.501193    0.509615    0.000000    0.592846    0.510123    0.586014    2.642118    0.454167    0.630137    0.658140    0.501193    0.510123    0.509615    0.454167    0.555556    0.513889    1100        160.000000  0.090668    0.161875    0.481716    7.578634   
[36mINFO[0m 08/01 00:45:18 | 0.477327    0.500000    0.000000    0.606545    0.478637    0.592668    2.255222    0.397348    0.657534    0.665891    0.477327    0.478637    0.500000    0.397348    0.555556    0.519444    1200        174.545455  0.090388    0.161682    0.484874    7.578634   
[36mINFO[0m 08/01 00:45:35 | 0.503580    0.480769    0.000000    0.602106    0.516347    0.571512    2.018072    0.469318    0.630137    0.626357    0.503580    0.516347    0.480769    0.469318    0.574074    0.516667    1300        189.090909  0.077199    0.161648    0.475911    7.578634   
[36mINFO[0m 08/01 00:45:52 | 0.479714    0.365385    0.000000    0.590817    0.466370    0.582485    2.784487    0.406439    0.589041    0.650388    0.479714    0.466370    0.365385    0.406439    0.592593    0.514583    1400        203.636364  0.081051    0.161520    0.475659    7.578634   
[36mINFO[0m 08/01 00:46:08 | 0.498807    0.519231    0.000000    0.581177    0.519152    0.544348    3.582551    0.458712    0.643836    0.624806    0.498807    0.519152    0.519231    0.458712    0.518519    0.463889    1500        218.181818  0.070031    0.161252    0.474580    7.578634   
[36mINFO[0m 08/01 00:46:25 | 0.520286    0.471154    0.000000    0.595256    0.523689    0.563114    2.986809    0.492045    0.616438    0.631783    0.520286    0.523689    0.471154    0.492045    0.574074    0.494444    1600        232.727273  0.074825    0.161076    0.478114    7.578634   
[36mINFO[0m 08/01 00:46:41 | 0.536993    0.509615    0.000000    0.606925    0.534542    0.589147    2.843171    0.523106    0.602740    0.678295    0.536993    0.534542    0.509615    0.523106    0.611111    0.500000    1700        247.272727  0.067952    0.160958    0.477698    7.578634   
[36mINFO[0m 08/01 00:46:58 | 0.532220    0.538462    0.000000    0.590436    0.517339    0.587339    2.930879    0.500758    0.643836    0.663566    0.532220    0.517339    0.538462    0.500758    0.537037    0.511111    1800        261.818182  0.076311    0.161002    0.480049    7.578634   
[36mINFO[0m 08/01 00:47:15 | 0.458234    0.528846    0.000000    0.563039    0.432216    0.568693    3.391675    0.477273    0.589041    0.658915    0.458234    0.432216    0.528846    0.477273    0.537037    0.478472    1900        276.363636  0.065750    0.161122    0.488705    7.578634   
[36mINFO[0m 08/01 00:47:31 | 0.544153    0.500000    0.000000    0.574708    0.555689    0.586063    3.223836    0.521970    0.575342    0.645736    0.544153    0.555689    0.500000    0.521970    0.574074    0.526389    2000        290.909091  0.060304    0.160906    0.471354    7.578634   
[36mINFO[0m 08/01 00:47:48 | 0.517900    0.528846    0.000000    0.556190    0.490185    0.600872    2.777497    0.502273    0.575342    0.676744    0.517900    0.490185    0.528846    0.502273    0.537037    0.525000    2100        305.454545  0.060658    0.160970    0.475063    7.578634   
[36mINFO[0m 08/01 00:48:04 | 0.536993    0.480769    0.000000    0.592846    0.538076    0.594622    3.560692    0.496402    0.630137    0.643411    0.536993    0.538076    0.480769    0.496402    0.555556    0.545833    2200        320.000000  0.056962    0.160844    0.481257    7.578634   
[36mINFO[0m 08/01 00:48:21 | 0.486874    0.490385    0.000000    0.620624    0.504674    0.594549    2.941015    0.501894    0.630137    0.662016    0.486874    0.504674    0.490385    0.501894    0.611111    0.527083    2300        334.545455  0.049468    0.161072    0.486906    7.578634   
[36mINFO[0m 08/01 00:48:38 | 0.460621    0.480769    0.000000    0.567478    0.449270    0.584230    3.466631    0.457576    0.616438    0.670543    0.460621    0.449270    0.480769    0.457576    0.518519    0.497917    2400        349.090909  0.069302    0.161098    0.476405    7.578634   
[36mINFO[0m 08/01 00:48:54 | 0.513126    0.480769    0.000000    0.602106    0.468126    0.573765    3.257686    0.500758    0.630137    0.666279    0.513126    0.468126    0.480769    0.500758    0.574074    0.481250    2500        363.636364  0.063348    0.161237    0.483570    7.578634   
[36mINFO[0m 08/01 00:49:11 | 0.489260    0.519231    0.000000    0.583587    0.507775    0.592539    3.834270    0.485985    0.630137    0.676744    0.489260    0.507775    0.519231    0.485985    0.537037    0.508333    2600        378.181818  0.044721    0.161257    0.485142    7.578634   
[36mINFO[0m 08/01 00:49:27 | 0.463007    0.480769    0.000000    0.571918    0.469813    0.569364    3.599542    0.416667    0.643836    0.665116    0.463007    0.469813    0.480769    0.416667    0.500000    0.473611    2700        392.727273  0.048521    0.161161    0.484191    7.578634   
[36mINFO[0m 08/01 00:49:44 | 0.510740    0.461538    0.000000    0.641172    0.532148    0.597594    3.564685    0.495833    0.671233    0.660465    0.510740    0.532148    0.461538    0.495833    0.611111    0.534722    2800        407.272727  0.057540    0.161373    0.481979    7.578634   
[36mINFO[0m 08/01 00:50:01 | 0.467780    0.432692    0.000000    0.572298    0.442784    0.564834    4.495936    0.452652    0.589041    0.641473    0.467780    0.442784    0.432692    0.452652    0.555556    0.488194    2900        421.818182  0.047654    0.161074    0.483156    7.578634   
[36mINFO[0m 08/01 00:50:17 | 0.515513    0.548077    0.000000    0.606545    0.539968    0.571786    3.450892    0.552652    0.657534    0.644961    0.515513    0.539968    0.548077    0.552652    0.555556    0.498611    3000        436.363636  0.053619    0.160894    0.481381    7.578634   
[36mINFO[0m 08/01 00:50:34 | 0.510740    0.471154    0.000000    0.588026    0.506395    0.570026    3.509775    0.497348    0.657534    0.651163    0.510740    0.506395    0.471154    0.497348    0.518519    0.488889    3100        450.909091  0.050484    0.161083    0.482800    7.578634   
[36mINFO[0m 08/01 00:50:50 | 0.544153    0.548077    0.000000    0.563039    0.521888    0.586232    2.807355    0.545076    0.589041    0.635659    0.544153    0.521888    0.548077    0.545076    0.537037    0.536806    3200        465.454545  0.051394    0.160935    0.480896    7.578634   
[36mINFO[0m 08/01 00:51:07 | 0.482100    0.471154    0.000000    0.608574    0.487973    0.576300    3.874493    0.448106    0.698630    0.678295    0.482100    0.487973    0.471154    0.448106    0.518519    0.474306    3300        480.000000  0.050540    0.160829    0.481396    7.578634   
[36mINFO[0m 08/01 00:51:24 | 0.560859    0.480769    0.000000    0.567478    0.555324    0.583713    3.171437    0.613826    0.616438    0.680620    0.560859    0.555324    0.480769    0.613826    0.518519    0.486806    3400        494.545455  0.043557    0.160952    0.479464    7.578634   
[36mINFO[0m 08/01 00:51:40 | 0.553699    0.480769    0.000000    0.588407    0.546614    0.559068    3.488303    0.500000    0.602740    0.600775    0.553699    0.546614    0.480769    0.500000    0.574074    0.517361    3500        509.090909  0.051723    0.160766    0.483635    7.578634   
[36mINFO[0m 08/01 00:51:57 | 0.491647    0.500000    0.000000    0.578767    0.474977    0.587306    3.812033    0.482576    0.657534    0.699612    0.491647    0.474977    0.500000    0.482576    0.500000    0.475000    3600        523.636364  0.041587    0.160717    0.480833    7.578634   
[36mINFO[0m 08/01 00:52:13 | 0.472554    0.461538    0.000000    0.542491    0.463258    0.519049    4.151901    0.502083    0.547945    0.579070    0.472554    0.463258    0.461538    0.502083    0.537037    0.459028    3700        538.181818  0.043765    0.160987    0.481214    7.578634   
[36mINFO[0m 08/01 00:52:30 | 0.501193    0.528846    0.000000    0.590436    0.478021    0.570946    3.533499    0.514773    0.643836    0.682171    0.501193    0.478021    0.528846    0.514773    0.537037    0.459722    3800        552.727273  0.047114    0.160906    0.480886    7.578634   
[36mINFO[0m 08/01 00:52:47 | 0.474940    0.509615    0.000000    0.576738    0.491906    0.594234    2.683650    0.471591    0.616438    0.675969    0.474940    0.491906    0.509615    0.471591    0.537037    0.512500    3900        567.272727  0.041174    0.161065    0.486531    7.578634   
[36mINFO[0m 08/01 00:53:03 | 0.520286    0.519231    0.000000    0.618214    0.524236    0.583245    3.469742    0.543182    0.643836    0.678295    0.520286    0.524236    0.519231    0.543182    0.592593    0.488194    4000        581.818182  0.041327    0.161263    0.488614    7.578634   
[36mINFO[0m 08/01 00:53:20 | 0.529833    0.548077    0.000000    0.555809    0.497207    0.580838    3.508259    0.544886    0.630137    0.672093    0.529833    0.497207    0.548077    0.544886    0.481481    0.489583    4100        596.363636  0.045767    0.161421    0.479860    7.578634   
[36mINFO[0m 08/01 00:53:36 | 0.522673    0.567308    0.000000    0.583587    0.528021    0.578698    3.478715    0.500379    0.630137    0.664341    0.522673    0.528021    0.567308    0.500379    0.537037    0.493056    4200        610.909091  0.033794    0.161445    0.483295    7.578634   
[36mINFO[0m 08/01 00:53:53 | 0.560859    0.519231    0.000000    0.567478    0.560397    0.579393    4.049802    0.569318    0.616438    0.631008    0.560859    0.560397    0.519231    0.569318    0.518519    0.527778    4300        625.454545  0.041982    0.160991    0.490370    7.578634   
[36mINFO[0m 08/01 00:54:10 | 0.522673    0.509615    0.000000    0.597666    0.516621    0.594428    3.609298    0.508523    0.602740    0.659690    0.522673    0.516621    0.509615    0.508523    0.592593    0.529167    4400        640.000000  0.044527    0.161149    0.482942    7.578634   
[36mINFO[0m 08/01 00:54:26 | 0.534606    0.500000    0.000000    0.606545    0.535465    0.585748    3.758763    0.489015    0.657534    0.659690    0.534606    0.535465    0.500000    0.489015    0.555556    0.511806    4500        654.545455  0.040092    0.160935    0.475725    7.578634   
[36mINFO[0m 08/01 00:54:43 | 0.534606    0.519231    0.000000    0.606545    0.524510    0.625258    2.619323    0.510227    0.657534    0.711628    0.534606    0.524510    0.519231    0.510227    0.555556    0.538889    4600        669.090909  0.045388    0.160868    0.480958    7.578634   
[36mINFO[0m 08/01 00:54:59 | 0.482100    0.528846    0.000000    0.625063    0.525057    0.575565    3.911870    0.465530    0.657534    0.610853    0.482100    0.525057    0.528846    0.465530    0.592593    0.540278    4700        683.636364  0.044260    0.160851    0.478354    7.578634   
[36mINFO[0m 08/01 00:55:16 | 0.508353    0.538462    0.000000    0.569508    0.509120    0.566618    3.748956    0.521970    0.657534    0.645736    0.508353    0.509120    0.538462    0.521970    0.481481    0.487500    4800        698.181818  0.039287    0.160723    0.481172    7.578634   
[36mINFO[0m 08/01 00:55:32 | 0.482100    0.480769    0.000000    0.602106    0.470976    0.560142    3.403310    0.468182    0.630137    0.648062    0.482100    0.470976    0.480769    0.468182    0.574074    0.472222    4900        712.727273  0.042741    0.160935    0.476919    7.578634   
[36mINFO[0m 08/01 00:55:49 | 0.508353    0.480769    0.000000    0.579148    0.501459    0.572061    4.942283    0.524621    0.602740    0.646899    0.508353    0.501459    0.480769    0.524621    0.555556    0.497222    5000        727.272727  0.031647    0.160939    0.478271    7.578634   
[36mINFO[0m 08/01 00:55:49 | ---
[36mINFO[0m 08/01 00:55:49 | oracle = 52.267%
[36mINFO[0m 08/01 00:55:49 | iid = 51.074%
[36mINFO[0m 08/01 00:55:49 | last = 50.835%
[36mINFO[0m 08/01 00:55:49 | last (inD) = 57.915%
[36mINFO[0m 08/01 00:55:49 | iid (inD) = 64.117%
[36mINFO[0m 08/01 00:55:50 | 
[36mINFO[0m 08/01 00:55:50 | Testenv name escaping te_02 -> te_02
[36mINFO[0m 08/01 00:55:50 | Test envs = [2], name = te_02
[36mINFO[0m 08/01 00:55:50 | Batch sizes for each domain: [32, 32, 0] (total=64)
[36mINFO[0m 08/01 00:55:50 | steps-per-epoch for each domain: 9.19, 13.09 -> min = 9.19
/home/s21_yhr/miniconda3/envs/GGA/lib/python3.11/site-packages/torchvision/models/_utils.py:208: UserWarning: The parameter 'pretrained' is deprecated since 0.13 and may be removed in the future, please use 'weights' instead.
  warnings.warn(
/home/s21_yhr/miniconda3/envs/GGA/lib/python3.11/site-packages/torchvision/models/_utils.py:223: UserWarning: Arguments other than a weight enum or `None` for 'weights' are deprecated since 0.13 and may be removed in the future. The current behavior is equivalent to passing `weights=ResNet50_Weights.IMAGENET1K_V1`. You can also use `weights=ResNet50_Weights.DEFAULT` to get the most up-to-date weights.
  warnings.warn(msg)
[36mINFO[0m 08/01 00:55:52 | # of params = 23512130
[36mINFO[0m 08/01 00:55:52 | test_in     test_out    train_in    train_out   test_in_au  train_out_  tr_outloss  test_out_a  env0_out    env0_out_a  env1_out    env1_out_a  env2_in     env2_in_au  env2_out    env2_out_a  step        epoch       loss        step_time   eval_time   mem_gb     
[36mINFO[0m 08/01 00:55:52 | 0.577273    0.555556    0.000000    0.582982    0.407586    0.542684    0.751308    0.461111    0.589041    0.506202    0.576923    0.579167    0.577273    0.407586    0.555556    0.461111    0           0.000000    0.678308    0.166931    0.364755    7.364028   
[36mINFO[0m 08/01 00:56:09 | 0.586364    0.648148    0.000000    0.703174    0.594107    0.746974    0.668421    0.709722    0.589041    0.583721    0.817308    0.910227    0.586364    0.594107    0.648148    0.709722    100         10.884354   0.632384    0.162330    0.339799    7.578634   
[36mINFO[0m 08/01 00:56:25 | 0.568182    0.648148    0.000000    0.734062    0.581746    0.759386    0.636808    0.702778    0.602740    0.609302    0.865385    0.909470    0.568182    0.581746    0.648148    0.702778    200         21.768707   0.540190    0.161936    0.337632    7.578634   
[36mINFO[0m 08/01 00:56:42 | 0.554545    0.666667    0.000000    0.738870    0.582677    0.773877    0.773610    0.719444    0.602740    0.617829    0.875000    0.929924    0.554545    0.582677    0.666667    0.719444    300         32.653061   0.422731    0.161706    0.340812    7.578634   
[36mINFO[0m 08/01 00:56:58 | 0.586364    0.685185    0.000000    0.761459    0.595716    0.774071    0.796408    0.762500    0.657534    0.634884    0.865385    0.913258    0.586364    0.595716    0.685185    0.762500    400         43.537415   0.372670    0.161523    0.337211    7.578634   
[36mINFO[0m 08/01 00:57:15 | 0.540909    0.666667    0.000000    0.744270    0.538227    0.769816    1.106738    0.733333    0.671233    0.627132    0.817308    0.912500    0.540909    0.538227    0.666667    0.733333    500         54.421769   0.257499    0.161352    0.344225    7.578634   
[36mINFO[0m 08/01 00:57:31 | 0.545455    0.629630    0.000000    0.705809    0.525527    0.757281    1.190102    0.663889    0.671233    0.624031    0.740385    0.890530    0.545455    0.525527    0.629630    0.663889    600         65.306122   0.239284    0.161195    0.335246    7.578634   
[36mINFO[0m 08/01 00:57:48 | 0.540909    0.592593    0.000000    0.742953    0.543815    0.780550    1.723362    0.662500    0.630137    0.655039    0.855769    0.906061    0.540909    0.543815    0.592593    0.662500    700         76.190476   0.188378    0.161073    0.333194    7.578634   
[36mINFO[0m 08/01 00:58:04 | 0.509091    0.648148    0.000000    0.688159    0.570908    0.749683    1.414284    0.697222    0.520548    0.605426    0.855769    0.893939    0.509091    0.570908    0.648148    0.697222    800         87.074830   0.181835    0.161214    0.344360    7.578634   
[36mINFO[0m 08/01 00:58:21 | 0.540909    0.611111    0.000000    0.747761    0.543476    0.759483    1.515159    0.695833    0.630137    0.617829    0.865385    0.901136    0.540909    0.543476    0.611111    0.695833    900         97.959184   0.151335    0.161215    0.350044    7.578634   
[36mINFO[0m 08/01 00:58:37 | 0.563636    0.648148    0.000000    0.720364    0.573025    0.731109    1.955003    0.727778    0.575342    0.554264    0.865385    0.907955    0.563636    0.573025    0.648148    0.727778    1000        108.843537  0.158834    0.161354    0.338748    7.578634   
[36mINFO[0m 08/01 00:58:54 | 0.550000    0.648148    0.000000    0.713514    0.585471    0.749035    1.795844    0.679167    0.561644    0.598450    0.865385    0.899621    0.550000    0.585471    0.648148    0.679167    1100        119.727891  0.128972    0.161243    0.345424    7.578634   
[36mINFO[0m 08/01 00:59:10 | 0.559091    0.722222    0.000000    0.740187    0.571840    0.760580    1.810281    0.751389    0.643836    0.631008    0.836538    0.890152    0.559091    0.571840    0.722222    0.751389    1200        130.612245  0.122959    0.161387    0.341668    7.578634   
[36mINFO[0m 08/01 00:59:27 | 0.572727    0.703704    0.000000    0.702450    0.553298    0.752550    1.944741    0.719444    0.616438    0.641085    0.788462    0.864015    0.572727    0.553298    0.703704    0.719444    1300        141.496599  0.118796    0.161345    0.339934    7.578634   
[36mINFO[0m 08/01 00:59:43 | 0.545455    0.685185    0.000000    0.736104    0.578698    0.757444    1.598680    0.723611    0.616438    0.621705    0.855769    0.893182    0.545455    0.578698    0.685185    0.723611    1400        152.380952  0.109592    0.161259    0.345137    7.578634   
[36mINFO[0m 08/01 01:00:00 | 0.531818    0.666667    0.000000    0.696325    0.553848    0.744503    1.915529    0.744444    0.575342    0.582946    0.817308    0.906061    0.531818    0.553848    0.666667    0.744444    1500        163.265306  0.108410    0.161297    0.347682    7.578634   
[36mINFO[0m 08/01 01:00:16 | 0.536364    0.648148    0.000000    0.679860    0.553721    0.735223    2.110927    0.719444    0.561644    0.582946    0.798077    0.887500    0.536364    0.553721    0.648148    0.719444    1600        174.149660  0.084005    0.161085    0.341044    7.578634   
[36mINFO[0m 08/01 01:00:33 | 0.559091    0.666667    0.000000    0.671694    0.580264    0.750366    2.432686    0.736806    0.506849    0.615504    0.836538    0.885227    0.559091    0.580264    0.666667    0.736806    1700        185.034014  0.091986    0.161057    0.344289    7.578634   
[36mINFO[0m 08/01 01:00:49 | 0.559091    0.703704    0.000000    0.677094    0.588773    0.761855    2.263360    0.725000    0.575342    0.668217    0.778846    0.855492    0.559091    0.588773    0.703704    0.725000    1800        195.918367  0.095480    0.161462    0.344489    7.578634   
[36mINFO[0m 08/01 01:01:06 | 0.536364    0.666667    0.000000    0.696325    0.600119    0.743882    1.493420    0.745833    0.575342    0.611628    0.817308    0.876136    0.536364    0.600119    0.666667    0.745833    1900        206.802721  0.095909    0.161324    0.336984    7.578634   
[36mINFO[0m 08/01 01:01:22 | 0.572727    0.685185    0.000000    0.713514    0.601812    0.727991    2.375251    0.716667    0.561644    0.579845    0.865385    0.876136    0.572727    0.601812    0.685185    0.716667    2000        217.687075  0.080964    0.161390    0.338311    7.578634   
[36mINFO[0m 08/01 01:01:39 | 0.586364    0.703704    0.000000    0.696325    0.587292    0.734875    2.237960    0.730556    0.575342    0.602326    0.817308    0.867424    0.586364    0.587292    0.703704    0.730556    2100        228.571429  0.101101    0.161545    0.346402    7.578634   
[36mINFO[0m 08/01 01:01:55 | 0.554545    0.611111    0.000000    0.689476    0.580391    0.746397    2.247215    0.669444    0.561644    0.616279    0.817308    0.876515    0.554545    0.580391    0.611111    0.669444    2200        239.455782  0.074430    0.161485    0.341236    7.578634   
[36mINFO[0m 08/01 01:02:12 | 0.550000    0.611111    0.000000    0.698367    0.578571    0.753627    2.396243    0.683333    0.589041    0.627519    0.807692    0.879735    0.550000    0.578571    0.611111    0.683333    2300        250.340136  0.073537    0.161259    0.346022    7.578634   
[36mINFO[0m 08/01 01:02:28 | 0.568182    0.611111    0.000000    0.724447    0.591059    0.751176    1.875590    0.702778    0.602740    0.620155    0.846154    0.882197    0.568182    0.591059    0.611111    0.702778    2400        261.224490  0.100781    0.161371    0.343778    7.578634   
[36mINFO[0m 08/01 01:02:45 | 0.550000    0.648148    0.000000    0.735972    0.543984    0.773141    2.357953    0.725000    0.712329    0.669767    0.759615    0.876515    0.550000    0.543984    0.648148    0.725000    2500        272.108844  0.073351    0.161101    0.343194    7.578634   
[36mINFO[0m 08/01 01:03:01 | 0.581818    0.740741    0.000000    0.725764    0.579206    0.762073    2.001252    0.719444    0.643836    0.645736    0.807692    0.878409    0.581818    0.579206    0.740741    0.719444    2600        282.993197  0.073330    0.161178    0.341698    7.578634   
[36mINFO[0m 08/01 01:03:18 | 0.577273    0.648148    0.000000    0.714107    0.589535    0.735945    2.104259    0.647222    0.630137    0.646512    0.798077    0.825379    0.577273    0.589535    0.648148    0.647222    2700        293.877551  0.079551    0.161123    0.342779    7.578634   
[36mINFO[0m 08/01 01:03:34 | 0.572727    0.648148    0.000000    0.695601    0.605834    0.734364    2.066624    0.709028    0.602740    0.590698    0.788462    0.878030    0.572727    0.605834    0.648148    0.709028    2800        304.761905  0.075002    0.161069    0.340003    7.578634   
[36mINFO[0m 08/01 01:03:50 | 0.563636    0.629630    0.000000    0.683219    0.591398    0.733021    1.707554    0.737500    0.616438    0.622481    0.750000    0.843561    0.563636    0.591398    0.629630    0.737500    2900        315.646259  0.076558    0.161097    0.343350    7.578634   
[36mINFO[0m 08/01 01:04:07 | 0.540909    0.629630    0.000000    0.709299    0.562103    0.731816    2.324254    0.708333    0.630137    0.591473    0.788462    0.872159    0.540909    0.562103    0.629630    0.708333    3000        326.530612  0.068131    0.161305    0.342883    7.578634   
[36mINFO[0m 08/01 01:04:23 | 0.572727    0.629630    0.000000    0.673011    0.583693    0.718534    2.033653    0.605556    0.547945    0.564341    0.798077    0.872727    0.572727    0.583693    0.629630    0.605556    3100        337.414966  0.071323    0.161493    0.339036    7.578634   
[36mINFO[0m 08/01 01:04:40 | 0.586364    0.611111    0.000000    0.709299    0.597155    0.716024    2.732582    0.679167    0.630137    0.576744    0.788462    0.855303    0.586364    0.597155    0.611111    0.679167    3200        348.299320  0.057832    0.161321    0.338975    7.578634   
[36mINFO[0m 08/01 01:04:56 | 0.590909    0.648148    0.000000    0.696325    0.631615    0.741808    1.777759    0.698611    0.575342    0.579070    0.817308    0.904545    0.590909    0.631615    0.648148    0.698611    3300        359.183673  0.074910    0.161323    0.345023    7.578634   
[36mINFO[0m 08/01 01:05:13 | 0.581818    0.648148    0.000000    0.694152    0.566252    0.755351    1.839614    0.691667    0.657534    0.654264    0.730769    0.856439    0.581818    0.566252    0.648148    0.691667    3400        370.068027  0.068443    0.161222    0.343510    7.578634   
[36mINFO[0m 08/01 01:05:29 | 0.563636    0.574074    0.000000    0.696325    0.619761    0.748815    2.101447    0.686111    0.575342    0.629070    0.817308    0.868561    0.563636    0.619761    0.574074    0.686111    3500        380.952381  0.050062    0.161240    0.340686    7.578634   
[36mINFO[0m 08/01 01:05:46 | 0.559091    0.611111    0.000000    0.737421    0.574126    0.758192    2.221407    0.697222    0.657534    0.654264    0.817308    0.862121    0.559091    0.574126    0.611111    0.697222    3600        391.836735  0.061807    0.161326    0.342404    7.578634   
[36mINFO[0m 08/01 01:06:02 | 0.581818    0.685185    0.000000    0.709299    0.607908    0.747529    2.193864    0.670833    0.630137    0.632558    0.788462    0.862500    0.581818    0.607908    0.685185    0.670833    3700        402.721088  0.062531    0.161169    0.340740    7.578634   
[36mINFO[0m 08/01 01:06:19 | 0.581818    0.592593    0.000000    0.723722    0.614808    0.750656    1.766859    0.684722    0.630137    0.607752    0.817308    0.893561    0.581818    0.614808    0.592593    0.684722    3800        413.605442  0.064586    0.161179    0.342955    7.578634   
[36mINFO[0m 08/01 01:06:35 | 0.581818    0.685185    0.000000    0.767584    0.608162    0.786663    1.879550    0.736111    0.698630    0.693023    0.836538    0.880303    0.581818    0.608162    0.685185    0.736111    3900        424.489796  0.056726    0.161130    0.341804    7.578634   
[36mINFO[0m 08/01 01:06:52 | 0.572727    0.592593    0.000000    0.681902    0.611549    0.748516    2.479740    0.692361    0.575342    0.619380    0.788462    0.877652    0.572727    0.611549    0.592593    0.692361    4000        435.374150  0.057732    0.161197    0.342194    7.578634   
[36mINFO[0m 08/01 01:07:08 | 0.568182    0.685185    0.000000    0.711341    0.587927    0.770556    2.395637    0.733333    0.643836    0.658915    0.778846    0.882197    0.568182    0.587927    0.685185    0.733333    4100        446.258503  0.064457    0.161187    0.342242    7.578634   
[36mINFO[0m 08/01 01:07:25 | 0.554545    0.611111    0.000000    0.646207    0.565363    0.728048    2.425411    0.658333    0.561644    0.618217    0.730769    0.837879    0.554545    0.565363    0.611111    0.658333    4200        457.142857  0.060684    0.161227    0.344090    7.578634   
[36mINFO[0m 08/01 01:07:41 | 0.568182    0.685185    0.000000    0.683944    0.587249    0.734967    2.121430    0.713889    0.589041    0.627132    0.778846    0.842803    0.568182    0.587249    0.685185    0.713889    4300        468.027211  0.060660    0.161342    0.339297    7.578634   
[36mINFO[0m 08/01 01:07:58 | 0.581818    0.629630    0.000000    0.705216    0.597155    0.738081    1.441368    0.669444    0.602740    0.584496    0.807692    0.891667    0.581818    0.597155    0.629630    0.669444    4400        478.911565  0.050324    0.161358    0.341762    7.578634   
[36mINFO[0m 08/01 01:08:14 | 0.563636    0.648148    0.000000    0.677094    0.556007    0.723295    2.173510    0.665278    0.575342    0.600000    0.778846    0.846591    0.563636    0.556007    0.648148    0.665278    4500        489.795918  0.059558    0.161267    0.341460    7.578634   
[36mINFO[0m 08/01 01:08:31 | 0.586364    0.611111    0.000000    0.642848    0.601770    0.709379    1.822435    0.598611    0.506849    0.550388    0.778846    0.868371    0.586364    0.601770    0.611111    0.598611    4600        500.680272  0.053517    0.161347    0.341797    7.578634   
[36mINFO[0m 08/01 01:08:47 | 0.559091    0.518519    0.000000    0.640082    0.555499    0.715667    1.693365    0.609722    0.520548    0.562016    0.759615    0.869318    0.559091    0.555499    0.518519    0.609722    4700        511.564626  0.062507    0.161313    0.341110    7.578634   
[36mINFO[0m 08/01 01:09:04 | 0.559091    0.611111    0.000000    0.661354    0.565913    0.717609    2.116514    0.656944    0.534247    0.549612    0.788462    0.885606    0.559091    0.565913    0.611111    0.656944    4800        522.448980  0.053022    0.161452    0.343440    7.578634   
[36mINFO[0m 08/01 01:09:20 | 0.577273    0.574074    0.000000    0.732613    0.589874    0.773701    2.058965    0.658333    0.657534    0.668992    0.807692    0.878409    0.577273    0.589874    0.574074    0.658333    4900        533.333333  0.051413    0.161267    0.342551    7.578634   
[36mINFO[0m 08/01 01:09:36 | 0.590909    0.648148    0.000000    0.664713    0.587419    0.746609    2.472691    0.705556    0.589041    0.601550    0.740385    0.891667    0.590909    0.587419    0.648148    0.705556    5000        544.217687  0.053618    0.161251    0.342186    7.578634   
[36mINFO[0m 08/01 01:09:36 | ---
[36mINFO[0m 08/01 01:09:36 | oracle = 58.182%
[36mINFO[0m 08/01 01:09:36 | iid = 58.182%
[36mINFO[0m 08/01 01:09:36 | last = 59.091%
[36mINFO[0m 08/01 01:09:36 | last (inD) = 66.471%
[36mINFO[0m 08/01 01:09:36 | iid (inD) = 76.758%
[36mINFO[0m 08/01 01:09:37 | === Summary ===
[36mINFO[0m 08/01 01:09:37 | Command: /home/s21_yhr/lzh/DomainBed-new/train_all.py HTP_ALOFT_E_seed0 --dataset HTP --data_dir /home/s21_yhr/lzh/DomainBed-new/dataset --algorithm ALOFT_E --steps 5000 --checkpoint_freq 100 --batch_size 32 --optimizer adam --lr 5e-5 --weight_decay 0 --resnet_dropout 0 --resnet18 False --pretrained True --freeze_bn True --swad False --seed 0 --trial_seed 0 --deterministic --prebuild_loader --cache_size 256 --aloft_alpha 1.0 --aloft_mask_ratio 0.5 --aloft_perturb_prob 1.0
[36mINFO[0m 08/01 01:09:37 | Unique name: 260801_00-27-50_HTP_ALOFT_E_seed0
[36mINFO[0m 08/01 01:09:37 | Out path: train_output/HTP/260801_00-27-50_HTP_ALOFT_E_seed0
[36mINFO[0m 08/01 01:09:37 | Algorithm: ALOFT_E
[36mINFO[0m 08/01 01:09:37 | Dataset: HTP
+------------+---------+---------+---------+---------+
| Selection  |    00   |    01   |    02   |   Avg.  |
+------------+---------+---------+---------+---------+
|   oracle   | 55.102% | 52.267% | 58.182% | 55.184% |
|    iid     | 54.762% | 51.074% | 58.182% | 54.673% |
|    last    | 55.102% | 50.835% | 59.091% | 55.009% |
| last (inD) | 65.759% | 57.915% | 66.471% | 63.382% |
| iid (inD)  | 75.160% | 64.117% | 76.758% | 72.012% |
+------------+---------+---------+---------+---------+
================================================================================
Starting ALOFT_E, seed=1, physical GPU=2
/home/s21_yhr/miniconda3/envs/GGA/bin/python /home/s21_yhr/lzh/DomainBed-new/train_all.py HTP_ALOFT_E_seed1 --dataset HTP --data_dir /home/s21_yhr/lzh/DomainBed-new/dataset --algorithm ALOFT_E --steps 5000 --checkpoint_freq 100 --batch_size 32 --optimizer adam --lr 5e-5 --weight_decay 0 --resnet_dropout 0 --resnet18 False --pretrained True --freeze_bn True --swad False --seed 1 --trial_seed 1 --deterministic --prebuild_loader --cache_size 256 --aloft_alpha 1.0 --aloft_mask_ratio 0.5 --aloft_perturb_prob 1.0
================================================================================
[36mINFO[0m 08/01 01:09:54 | Command :: /home/s21_yhr/lzh/DomainBed-new/train_all.py HTP_ALOFT_E_seed1 --dataset HTP --data_dir /home/s21_yhr/lzh/DomainBed-new/dataset --algorithm ALOFT_E --steps 5000 --checkpoint_freq 100 --batch_size 32 --optimizer adam --lr 5e-5 --weight_decay 0 --resnet_dropout 0 --resnet18 False --pretrained True --freeze_bn True --swad False --seed 1 --trial_seed 1 --deterministic --prebuild_loader --cache_size 256 --aloft_alpha 1.0 --aloft_mask_ratio 0.5 --aloft_perturb_prob 1.0
Environment:
	Python: 3.11.15
	PyTorch: 2.11.0+cu128
	Torchvision: 0.26.0+cu128
	CUDA: 12.8
	CUDNN: 91900
	NumPy: 1.26.4
	PIL: 12.2.0
Args:
	algorithm: ALOFT_E
	batch_size: 32
	cache_root: cache
	cache_size: 256
	checkpoint_freq: 100
	configs: []
	data_dir: /home/s21_yhr/lzh/DomainBed-new/dataset
	dataset: HTP
	debug: False
	deterministic: True
	end_step: 200
	evalmode: fast
	extra_search: n
	extra_search_end: None
	extra_search_start: None
	gga_l_gamma: 0.001
	grad_fn: sum
	holdout_fraction: 0.2
	model_save: None
	name: HTP_ALOFT_E_seed1
	neighborhoodSize: 1e-06
	out_dir: train_output/HTP/260801_01-09-54_HTP_ALOFT_E_seed1
	out_root: train_output/HTP
	prebuild_loader: True
	seed: 1
	show: False
	start_step: 100
	steps: 5000
	tb_freq: 10
	test_envs: None
	train_output: train_output
	trial_seed: 1
	unique_name: 260801_01-09-54_HTP_ALOFT_E_seed1
	work_dir: .
HParams:
	data_augmentation: True
	val_augment: False
	[36mresnet18: False
	[0m[36mresnet_dropout: 0
	[0mclass_balanced: False
	[36moptimizer: adam
	[0m[36mfreeze_bn: True
	[0m[36mpretrained: True
	[0m[36mlr: 5e-05
	[0mbatch_size: 32
	[36mweight_decay: 0
	[0m[36maloft_alpha: 1.0
	[0m[36maloft_mask_ratio: 0.5
	[0m[36maloft_perturb_prob: 1.0
	[0maloft_positions: 
	  - layer1
	  - layer2
	  - layer3
	[36mswad: False
	[0mswad_kwargs: 
	  n_converge: 3
	  n_tolerance: 6
	  tolerance_ratio: 0.3
	test_batchsize: 128
	indomain_test: False
	grad_fn: sum
	extra_search: n
	logdir: train_output/HTP/260801_01-09-54_HTP_ALOFT_E_seed1
	neighborhoodSize: 1e-06
	start_step: 100
	end_step: 200
	extra_search_start: None
	extra_search_end: None
	gga_l_gamma: 0.001
Dataset:
	[HTP] #envs=3, #classes=2
	env0: 00 (#367)
	env1: 01 (#523)
	env2: 02 (#274)

[36mINFO[0m 08/01 01:09:54 | n_steps = 5000
[36mINFO[0m 08/01 01:09:54 | checkpoint_freq = 100
[36mINFO[0m 08/01 01:09:54 | n_steps is updated to 5000 => 5001 for checkpointing
[36mINFO[0m 08/01 01:09:54 | Target test envs = [[0], [1], [2]]
[36mINFO[0m 08/01 01:09:54 | 
[36mINFO[0m 08/01 01:09:54 | Testenv name escaping te_00 -> te_00
[36mINFO[0m 08/01 01:09:54 | Test envs = [0], name = te_00
[36mINFO[0m 08/01 01:09:54 | Batch sizes for each domain: [0, 32, 32] (total=64)
[36mINFO[0m 08/01 01:09:54 | steps-per-epoch for each domain: 13.09, 6.88 -> min = 6.88
/home/s21_yhr/miniconda3/envs/GGA/lib/python3.11/site-packages/torchvision/models/_utils.py:208: UserWarning: The parameter 'pretrained' is deprecated since 0.13 and may be removed in the future, please use 'weights' instead.
  warnings.warn(
/home/s21_yhr/miniconda3/envs/GGA/lib/python3.11/site-packages/torchvision/models/_utils.py:223: UserWarning: Arguments other than a weight enum or `None` for 'weights' are deprecated since 0.13 and may be removed in the future. The current behavior is equivalent to passing `weights=ResNet50_Weights.IMAGENET1K_V1`. You can also use `weights=ResNet50_Weights.DEFAULT` to get the most up-to-date weights.
  warnings.warn(msg)
[36mINFO[0m 08/01 01:09:56 | # of params = 23512130
[36mINFO[0m 08/01 01:09:57 | test_in     test_out    train_in    train_out   test_in_au  test_out_a  train_out_  tr_outloss  env0_in     env0_in_au  env0_out    env0_out_a  env1_out    env1_out_a  env2_out    env2_out_a  step        epoch       loss        step_time   eval_time   mem_gb     
[36mINFO[0m 08/01 01:09:57 | 0.438776    0.452055    0.000000    0.430734    0.497884    0.524242    0.603097    0.756716    0.438776    0.497884    0.452055    0.524242    0.509615    0.648299    0.351852    0.557895    0           0.000000    0.709751    0.785063    0.588800    7.362074   
[36mINFO[0m 08/01 01:10:14 | 0.551020    0.547945    0.000000    0.718661    0.540864    0.551515    0.798506    0.567841    0.551020    0.540864    0.547945    0.551515    0.807692    0.953402    0.629630    0.643609    100         14.545455   0.558271    0.163040    0.400855    7.578634   
[36mINFO[0m 08/01 01:10:31 | 0.564626    0.506849    0.000000    0.709402    0.554272    0.481061    0.808910    0.684327    0.564626    0.554272    0.506849    0.481061    0.807692    0.968195    0.611111    0.649624    200         29.090909   0.414971    0.163383    0.396396    7.578634   
[36mINFO[0m 08/01 01:10:48 | 0.551020    0.506849    0.000000    0.656517    0.557505    0.504545    0.788299    1.373649    0.551020    0.557505    0.506849    0.504545    0.701923    0.937500    0.611111    0.639098    300         43.636364   0.315425    0.163401    0.396399    7.578634   
[36mINFO[0m 08/01 01:11:04 | 0.547619    0.493151    0.000000    0.681268    0.588314    0.507576    0.759443    1.135787    0.547619    0.588314    0.493151    0.507576    0.788462    0.926405    0.574074    0.592481    400         58.181818   0.218574    0.162900    0.403990    7.578634   
[36mINFO[0m 08/01 01:11:21 | 0.523810    0.493151    0.000000    0.742699    0.561689    0.541667    0.812481    1.129548    0.523810    0.561689    0.493151    0.541667    0.855769    0.922707    0.629630    0.702256    500         72.727273   0.203221    0.162839    0.398559    7.578634   
[36mINFO[0m 08/01 01:11:38 | 0.527211    0.547945    0.000000    0.698006    0.542576    0.510606    0.796247    1.323456    0.527211    0.542576    0.547945    0.510606    0.692308    0.908284    0.703704    0.684211    600         87.272727   0.161675    0.162603    0.387407    7.578634   
[36mINFO[0m 08/01 01:11:54 | 0.540816    0.506849    0.000000    0.717949    0.558646    0.490909    0.788620    1.597616    0.540816    0.558646    0.506849    0.490909    0.769231    0.944157    0.666667    0.633083    700         101.818182  0.158799    0.162679    0.394463    7.578634   
[36mINFO[0m 08/01 01:12:11 | 0.517007    0.479452    0.000000    0.708689    0.549232    0.490909    0.801327    1.646918    0.517007    0.549232    0.479452    0.490909    0.769231    0.930473    0.648148    0.672180    800         116.363636  0.145397    0.162616    0.408490    7.578634   
[36mINFO[0m 08/01 01:12:28 | 0.510204    0.424658    0.000000    0.709402    0.550754    0.455303    0.759503    1.618719    0.510204    0.550754    0.424658    0.455303    0.807692    0.896450    0.611111    0.622556    900         130.909091  0.129336    0.162249    0.397504    7.578634   
[36mINFO[0m 08/01 01:12:44 | 0.530612    0.547945    0.000000    0.661325    0.556316    0.486364    0.760649    1.481331    0.530612    0.556316    0.547945    0.486364    0.711538    0.894231    0.611111    0.627068    1000        145.454545  0.122442    0.161989    0.390297    7.578634   
[36mINFO[0m 08/01 01:13:01 | 0.534014    0.520548    0.000000    0.736823    0.547378    0.469697    0.782923    1.830046    0.534014    0.547378    0.520548    0.469697    0.788462    0.905695    0.685185    0.660150    1100        160.000000  0.113875    0.162060    0.391550    7.578634   
[36mINFO[0m 08/01 01:13:18 | 0.568027    0.493151    0.000000    0.709046    0.533828    0.440909    0.781161    1.116001    0.568027    0.533828    0.493151    0.440909    0.788462    0.914201    0.629630    0.648120    1200        174.545455  0.116850    0.162027    0.394298    7.578634   
[36mINFO[0m 08/01 01:13:34 | 0.534014    0.493151    0.000000    0.709046    0.541411    0.441667    0.757272    1.919495    0.534014    0.541411    0.493151    0.441667    0.788462    0.893491    0.629630    0.621053    1300        189.090909  0.111569    0.161914    0.388232    7.578634   
[36mINFO[0m 08/01 01:13:51 | 0.547619    0.465753    0.000000    0.709046    0.547378    0.451515    0.777950    2.095721    0.547619    0.547378    0.465753    0.451515    0.788462    0.916050    0.629630    0.639850    1400        203.636364  0.126724    0.161598    0.388503    7.578634   
[36mINFO[0m 08/01 01:14:07 | 0.527211    0.520548    0.000000    0.737892    0.550825    0.501515    0.787139    1.461018    0.527211    0.550825    0.520548    0.501515    0.846154    0.918639    0.629630    0.655639    1500        218.181818  0.090754    0.161497    0.393419    7.578634   
[36mINFO[0m 08/01 01:14:24 | 0.547619    0.424658    0.000000    0.747151    0.545904    0.422727    0.783626    1.292563    0.547619    0.545904    0.424658    0.422727    0.846154    0.911612    0.648148    0.655639    1600        232.727273  0.096688    0.161692    0.392322    7.578634   
[36mINFO[0m 08/01 01:14:40 | 0.564626    0.506849    0.000000    0.684295    0.543004    0.422727    0.753784    2.233665    0.564626    0.543004    0.506849    0.422727    0.701923    0.906065    0.666667    0.601504    1700        247.272727  0.085054    0.161820    0.383238    7.578634   
[36mINFO[0m 08/01 01:14:57 | 0.530612    0.506849    0.000000    0.727564    0.537917    0.405303    0.764569    1.489612    0.530612    0.537917    0.506849    0.405303    0.788462    0.897559    0.666667    0.631579    1800        261.818182  0.087866    0.161920    0.392998    7.578634   
[36mINFO[0m 08/01 01:15:14 | 0.537415    0.479452    0.000000    0.718661    0.552346    0.446970    0.781955    1.858337    0.537415    0.552346    0.479452    0.446970    0.807692    0.897744    0.629630    0.666165    1900        276.363636  0.095832    0.161595    0.394349    7.578634   
[36mINFO[0m 08/01 01:15:30 | 0.523810    0.534247    0.000000    0.736467    0.527695    0.437879    0.778042    1.908661    0.523810    0.527695    0.534247    0.437879    0.769231    0.904956    0.703704    0.651128    2000        290.909091  0.084638    0.161645    0.390550    7.578634   
[36mINFO[0m 08/01 01:15:47 | 0.527211    0.520548    0.000000    0.723113    0.566324    0.489394    0.783176    2.364097    0.527211    0.566324    0.520548    0.489394    0.798077    0.920488    0.648148    0.645865    2100        305.454545  0.074374    0.161531    0.386576    7.578634   
[36mINFO[0m 08/01 01:16:03 | 0.513605    0.534247    0.000000    0.709046    0.540460    0.550000    0.773541    2.082125    0.513605    0.540460    0.534247    0.550000    0.788462    0.880917    0.629630    0.666165    2200        320.000000  0.098843    0.160944    0.393987    7.578634   
[36mINFO[0m 08/01 01:16:20 | 0.534014    0.397260    0.000000    0.718661    0.551395    0.453030    0.792063    1.800608    0.534014    0.551395    0.397260    0.453030    0.807692    0.914201    0.629630    0.669925    2300        334.545455  0.083830    0.161527    0.388026    7.578634   
[36mINFO[0m 08/01 01:16:36 | 0.547619    0.493151    0.000000    0.737536    0.547948    0.459091    0.760356    1.968532    0.547619    0.547948    0.493151    0.459091    0.826923    0.929734    0.648148    0.590977    2400        349.090909  0.072081    0.161440    0.392433    7.578634   
[36mINFO[0m 08/01 01:16:53 | 0.540816    0.561644    0.000000    0.689459    0.525317    0.486364    0.775044    1.599317    0.540816    0.525317    0.561644    0.486364    0.730769    0.858358    0.648148    0.691729    2500        363.636364  0.089105    0.163518    0.399730    7.578634   
[36mINFO[0m 08/01 01:17:10 | 0.547619    0.534247    0.000000    0.707977    0.526886    0.481061    0.769487    2.425852    0.547619    0.526886    0.534247    0.481061    0.730769    0.893861    0.685185    0.645113    2600        378.181818  0.077248    0.162602    0.396281    7.578634   
[36mINFO[0m 08/01 01:17:26 | 0.537415    0.534247    0.000000    0.732016    0.534612    0.464394    0.763645    2.027978    0.537415    0.534612    0.534247    0.464394    0.778846    0.895710    0.685185    0.631579    2700        392.727273  0.071097    0.162751    0.402656    7.578634   
[36mINFO[0m 08/01 01:17:43 | 0.530612    0.534247    0.000000    0.709046    0.523558    0.444697    0.759983    2.049284    0.530612    0.523558    0.534247    0.444697    0.788462    0.883876    0.629630    0.636090    2800        407.272727  0.065131    0.162629    0.395575    7.578634   
[36mINFO[0m 08/01 01:18:00 | 0.523810    0.465753    0.000000    0.703882    0.523796    0.478788    0.770551    2.449909    0.523810    0.523796    0.465753    0.478788    0.759615    0.867419    0.648148    0.673684    2900        421.818182  0.068191    0.162282    0.391884    7.578634   
[36mINFO[0m 08/01 01:18:16 | 0.520408    0.547945    0.000000    0.703526    0.527029    0.487879    0.725592    1.711750    0.520408    0.527029    0.547945    0.487879    0.740385    0.860207    0.666667    0.590977    3000        436.363636  0.063801    0.161871    0.394853    7.578634   
[36mINFO[0m 08/01 01:18:33 | 0.554422    0.547945    0.000000    0.698718    0.544264    0.513636    0.735526    1.918894    0.554422    0.544264    0.547945    0.513636    0.730769    0.840976    0.666667    0.630075    3100        450.909091  0.064100    0.161746    0.394830    7.578634   
[36mINFO[0m 08/01 01:18:49 | 0.537415    0.493151    0.000000    0.722756    0.539890    0.476515    0.760046    1.759622    0.537415    0.539890    0.493151    0.476515    0.778846    0.899038    0.666667    0.621053    3200        465.454545  0.074548    0.161818    0.393286    7.578634   
[36mINFO[0m 08/01 01:19:06 | 0.537415    0.452055    0.000000    0.708689    0.534612    0.471591    0.788031    2.542593    0.537415    0.534612    0.452055    0.471591    0.769231    0.890348    0.648148    0.685714    3300        480.000000  0.064360    0.161939    0.391492    7.578634   
[36mINFO[0m 08/01 01:19:23 | 0.523810    0.506849    0.000000    0.704950    0.528717    0.511364    0.769215    2.073526    0.523810    0.528717    0.506849    0.511364    0.817308    0.881287    0.592593    0.657143    3400        494.545455  0.070053    0.161678    0.395968    7.578634   
[36mINFO[0m 08/01 01:19:39 | 0.520408    0.520548    0.000000    0.679487    0.519469    0.529545    0.743011    2.679772    0.520408    0.519469    0.520548    0.529545    0.692308    0.890533    0.666667    0.595489    3500        509.090909  0.064151    0.161789    0.396401    7.578634   
[36mINFO[0m 08/01 01:19:56 | 0.530612    0.479452    0.000000    0.713497    0.531831    0.471970    0.772840    1.810703    0.530612    0.531831    0.479452    0.471970    0.778846    0.897559    0.648148    0.648120    3600        523.636364  0.062071    0.161696    0.395320    7.578634   
[36mINFO[0m 08/01 01:20:12 | 0.496599    0.438356    0.000000    0.713141    0.519374    0.371970    0.770046    2.207497    0.496599    0.519374    0.438356    0.371970    0.759615    0.860392    0.666667    0.679699    3700        538.181818  0.057711    0.161762    0.390358    7.578634   
[36mINFO[0m 08/01 01:20:29 | 0.523810    0.452055    0.000000    0.704594    0.527861    0.453030    0.779194    1.837093    0.523810    0.527861    0.452055    0.453030    0.798077    0.901997    0.611111    0.656391    3800        552.727273  0.058266    0.161631    0.395225    7.578634   
[36mINFO[0m 08/01 01:20:45 | 0.520408    0.479452    0.000000    0.703526    0.518566    0.459848    0.776673    1.714393    0.520408    0.518566    0.479452    0.459848    0.740385    0.888683    0.666667    0.664662    3900        567.272727  0.061106    0.161968    0.384308    7.578634   
[36mINFO[0m 08/01 01:21:02 | 0.513605    0.506849    0.000000    0.666489    0.522322    0.464394    0.763496    2.553519    0.513605    0.522322    0.506849    0.464394    0.740385    0.890902    0.592593    0.636090    4000        581.818182  0.059436    0.161988    0.389405    7.578634   
[36mINFO[0m 08/01 01:21:19 | 0.547619    0.479452    0.000000    0.736823    0.535539    0.521212    0.785609    2.093633    0.547619    0.535539    0.479452    0.521212    0.788462    0.899038    0.685185    0.672180    4100        596.363636  0.063375    0.162025    0.392844    7.578634   
[36mINFO[0m 08/01 01:21:35 | 0.547619    0.506849    0.000000    0.722400    0.520349    0.468939    0.785776    2.411222    0.547619    0.520349    0.506849    0.468939    0.759615    0.901627    0.685185    0.669925    4200        610.909091  0.059333    0.161905    0.395784    7.578634   
[36mINFO[0m 08/01 01:21:52 | 0.530612    0.534247    0.000000    0.646189    0.536585    0.478030    0.724348    2.421847    0.530612    0.536585    0.534247    0.478030    0.644231    0.874260    0.648148    0.574436    4300        625.454545  0.059591    0.161835    0.395774    7.578634   
[36mINFO[0m 08/01 01:22:08 | 0.503401    0.452055    0.000000    0.727920    0.501830    0.459091    0.758003    1.857172    0.503401    0.501830    0.452055    0.459091    0.807692    0.861871    0.648148    0.654135    4400        640.000000  0.063587    0.161805    0.401732    7.578634   
[36mINFO[0m 08/01 01:22:25 | 0.500000    0.465753    0.000000    0.699074    0.538012    0.456061    0.746946    1.857095    0.500000    0.538012    0.465753    0.456061    0.750000    0.846524    0.648148    0.647368    4500        654.545455  0.055864    0.161517    0.396075    7.578634   
[36mINFO[0m 08/01 01:22:42 | 0.476190    0.493151    0.000000    0.694623    0.489778    0.493182    0.770747    1.792938    0.476190    0.489778    0.493151    0.493182    0.759615    0.843750    0.629630    0.697744    4600        669.090909  0.060719    0.161581    0.393782    7.578634   
[36mINFO[0m 08/01 01:22:58 | 0.527211    0.465753    0.000000    0.723825    0.522655    0.478030    0.773795    1.570396    0.527211    0.522655    0.465753    0.478030    0.836538    0.895710    0.611111    0.651880    4700        683.636364  0.054854    0.161666    0.388772    7.578634   
[36mINFO[0m 08/01 01:23:15 | 0.523810    0.506849    0.000000    0.693910    0.527362    0.442424    0.755299    1.631908    0.523810    0.527362    0.506849    0.442424    0.721154    0.882027    0.666667    0.628571    4800        698.181818  0.057013    0.161507    0.393019    7.578634   
[36mINFO[0m 08/01 01:23:31 | 0.537415    0.534247    0.000000    0.713141    0.542671    0.506061    0.754103    1.834242    0.537415    0.542671    0.534247    0.506061    0.759615    0.867604    0.666667    0.640602    4900        712.727273  0.048832    0.161765    0.393933    7.578634   
[36mINFO[0m 08/01 01:23:48 | 0.561224    0.534247    0.000000    0.712785    0.580683    0.487121    0.766256    1.719306    0.561224    0.580683    0.534247    0.487121    0.740385    0.875370    0.685185    0.657143    5000        727.272727  0.056471    0.161722    0.396441    7.578634   
[36mINFO[0m 08/01 01:23:48 | ---
[36mINFO[0m 08/01 01:23:48 | oracle = 54.082%
[36mINFO[0m 08/01 01:23:48 | iid = 54.762%
[36mINFO[0m 08/01 01:23:48 | last = 56.122%
[36mINFO[0m 08/01 01:23:48 | last (inD) = 71.278%
[36mINFO[0m 08/01 01:23:48 | iid (inD) = 74.715%
[36mINFO[0m 08/01 01:23:48 | 
[36mINFO[0m 08/01 01:23:48 | Testenv name escaping te_01 -> te_01
[36mINFO[0m 08/01 01:23:48 | Test envs = [1], name = te_01
[36mINFO[0m 08/01 01:23:48 | Batch sizes for each domain: [32, 0, 32] (total=64)
[36mINFO[0m 08/01 01:23:48 | steps-per-epoch for each domain: 9.19, 6.88 -> min = 6.88
/home/s21_yhr/miniconda3/envs/GGA/lib/python3.11/site-packages/torchvision/models/_utils.py:208: UserWarning: The parameter 'pretrained' is deprecated since 0.13 and may be removed in the future, please use 'weights' instead.
  warnings.warn(
/home/s21_yhr/miniconda3/envs/GGA/lib/python3.11/site-packages/torchvision/models/_utils.py:223: UserWarning: Arguments other than a weight enum or `None` for 'weights' are deprecated since 0.13 and may be removed in the future. The current behavior is equivalent to passing `weights=ResNet50_Weights.IMAGENET1K_V1`. You can also use `weights=ResNet50_Weights.DEFAULT` to get the most up-to-date weights.
  warnings.warn(msg)
[36mINFO[0m 08/01 01:23:50 | # of params = 23512130
[36mINFO[0m 08/01 01:23:51 | test_in     test_out    train_in    train_out   test_in_au  train_out_  tr_outloss  test_out_a  env0_out    env0_out_a  env1_in     env1_in_au  env1_out    env1_out_a  env2_out    env2_out_a  step        epoch       loss        step_time   eval_time   mem_gb     
[36mINFO[0m 08/01 01:23:51 | 0.505967    0.500000    0.000000    0.598047    0.581100    0.512907    0.683264    0.668639    0.547945    0.633333    0.505967    0.581100    0.500000    0.668639    0.648148    0.392481    0           0.000000    0.709979    0.169897    0.550558    7.364028   
[36mINFO[0m 08/01 01:24:08 | 0.548926    0.451923    0.000000    0.606925    0.554279    0.621018    1.152514    0.474852    0.602740    0.590909    0.548926    0.554279    0.451923    0.474852    0.611111    0.651128    100         14.545455   0.584812    0.161878    0.480391    7.578634   
[36mINFO[0m 08/01 01:24:24 | 0.551313    0.490385    0.000000    0.634703    0.522810    0.709031    0.789077    0.473743    0.602740    0.702273    0.551313    0.522810    0.490385    0.473743    0.666667    0.715789    200         29.090909   0.376121    0.162055    0.476340    7.578634   
[36mINFO[0m 08/01 01:24:41 | 0.553699    0.557692    0.000000    0.645992    0.566562    0.653463    1.261794    0.498521    0.643836    0.621212    0.553699    0.566562    0.557692    0.498521    0.648148    0.685714    300         43.636364   0.232777    0.161656    0.476520    7.578634   
[36mINFO[0m 08/01 01:24:58 | 0.599045    0.519231    0.000000    0.685058    0.604184    0.683624    1.481779    0.537722    0.684932    0.643939    0.599045    0.604184    0.519231    0.537722    0.685185    0.723308    400         58.181818   0.196077    0.161592    0.483260    7.578634   
[36mINFO[0m 08/01 01:25:14 | 0.522673    0.490385    0.000000    0.645611    0.539490    0.667829    1.749930    0.458580    0.698630    0.642424    0.522673    0.539490    0.490385    0.458580    0.592593    0.693233    500         72.727273   0.181348    0.161767    0.483200    7.578634   
[36mINFO[0m 08/01 01:25:31 | 0.525060    0.557692    0.000000    0.639143    0.630480    0.686700    2.288302    0.607618    0.630137    0.662121    0.525060    0.630480    0.557692    0.607618    0.648148    0.711278    600         87.272727   0.154685    0.161346    0.481913    7.578634   
[36mINFO[0m 08/01 01:25:48 | 0.546539    0.528846    0.000000    0.645992    0.538579    0.681072    2.045576    0.526627    0.643836    0.665152    0.546539    0.538579    0.528846    0.526627    0.648148    0.696992    700         101.818182  0.118108    0.161436    0.479942    7.578634   
[36mINFO[0m 08/01 01:26:04 | 0.568019    0.519231    0.000000    0.689878    0.578651    0.690508    1.820674    0.570636    0.657534    0.675000    0.568019    0.578651    0.519231    0.570636    0.722222    0.706015    800         116.363636  0.128253    0.161555    0.484534    7.578634   
[36mINFO[0m 08/01 01:26:21 | 0.525060    0.519231    0.000000    0.659691    0.553653    0.685236    2.260817    0.520525    0.671233    0.672727    0.525060    0.553653    0.519231    0.520525    0.648148    0.697744    900         130.909091  0.107102    0.161462    0.479933    7.578634   
[36mINFO[0m 08/01 01:26:38 | 0.496420    0.519231    0.000000    0.604515    0.525818    0.691274    1.820137    0.491494    0.616438    0.678788    0.496420    0.525818    0.519231    0.491494    0.592593    0.703759    1000        145.454545  0.109692    0.161414    0.484152    7.578634   
[36mINFO[0m 08/01 01:26:54 | 0.568019    0.596154    0.000000    0.636733    0.601837    0.660338    1.844639    0.576923    0.643836    0.650000    0.568019    0.601837    0.596154    0.576923    0.629630    0.670677    1100        160.000000  0.121317    0.161273    0.483758    7.578634   
[36mINFO[0m 08/01 01:27:11 | 0.520286    0.519231    0.000000    0.657281    0.517751    0.690670    1.775945    0.490015    0.684932    0.718182    0.520286    0.517751    0.519231    0.490015    0.629630    0.663158    1200        174.545455  0.096220    0.161226    0.485179    7.578634   
[36mINFO[0m 08/01 01:27:27 | 0.513126    0.480769    0.000000    0.659691    0.592722    0.643888    2.293739    0.504438    0.671233    0.674242    0.513126    0.592722    0.480769    0.504438    0.648148    0.613534    1300        189.090909  0.084533    0.161348    0.487437    7.578634   
[36mINFO[0m 08/01 01:27:44 | 0.577566    0.548077    0.000000    0.632293    0.618517    0.658461    1.946613    0.572115    0.616438    0.650758    0.577566    0.618517    0.548077    0.572115    0.648148    0.666165    1400        203.636364  0.096406    0.161410    0.487001    7.578634   
[36mINFO[0m 08/01 01:28:01 | 0.520286    0.442308    0.000000    0.634323    0.511132    0.660142    2.088970    0.489830    0.657534    0.697727    0.520286    0.511132    0.442308    0.489830    0.611111    0.622556    1500        218.181818  0.092129    0.161379    0.481046    7.578634   
[36mINFO[0m 08/01 01:28:17 | 0.534606    0.519231    0.000000    0.620624    0.570686    0.644647    2.818791    0.522189    0.630137    0.626136    0.534606    0.570686    0.519231    0.522189    0.611111    0.663158    1600        232.727273  0.082432    0.161539    0.481910    7.578634   
[36mINFO[0m 08/01 01:28:34 | 0.522673    0.471154    0.000000    0.620624    0.564488    0.682675    2.239920    0.511834    0.630137    0.691667    0.522673    0.564488    0.471154    0.511834    0.611111    0.673684    1700        247.272727  0.080278    0.161201    0.485300    7.578634   
[36mINFO[0m 08/01 01:28:51 | 0.498807    0.451923    0.000000    0.659691    0.508545    0.702567    1.847409    0.466346    0.671233    0.732955    0.498807    0.508545    0.451923    0.466346    0.648148    0.672180    1800        261.818182  0.091815    0.161440    0.482460    7.578634   
[36mINFO[0m 08/01 01:29:07 | 0.460621    0.500000    0.000000    0.643582    0.498154    0.680833    2.438258    0.485207    0.657534    0.701515    0.460621    0.498154    0.500000    0.485207    0.629630    0.660150    1900        276.363636  0.078353    0.161383    0.479524    7.578634   
[36mINFO[0m 08/01 01:29:24 | 0.558473    0.538462    0.000000    0.629883    0.518982    0.683252    2.056672    0.524593    0.630137    0.695076    0.558473    0.518982    0.538462    0.524593    0.629630    0.671429    2000        290.909091  0.068402    0.161413    0.483983    7.578634   
[36mINFO[0m 08/01 01:29:41 | 0.525060    0.519231    0.000000    0.606925    0.555282    0.670181    2.142483    0.555843    0.602740    0.668182    0.525060    0.555282    0.519231    0.555843    0.611111    0.672180    2100        305.454545  0.076630    0.161247    0.480796    7.578634   
[36mINFO[0m 08/01 01:29:57 | 0.510740    0.480769    0.000000    0.604515    0.569182    0.666564    2.886141    0.576183    0.616438    0.706061    0.510740    0.569182    0.480769    0.576183    0.592593    0.627068    2200        320.000000  0.079953    0.161064    0.481931    7.578634   
[36mINFO[0m 08/01 01:30:14 | 0.494033    0.490385    0.000000    0.606925    0.548537    0.670531    2.158380    0.526257    0.602740    0.661364    0.494033    0.548537    0.490385    0.526257    0.611111    0.679699    2300        334.545455  0.074958    0.161141    0.484550    7.578634   
[36mINFO[0m 08/01 01:30:30 | 0.560859    0.500000    0.000000    0.680619    0.553482    0.706122    2.515407    0.491124    0.657534    0.678409    0.560859    0.553482    0.500000    0.491124    0.703704    0.733835    2400        349.090909  0.071694    0.161284    0.478617    7.578634   
[36mINFO[0m 08/01 01:30:47 | 0.510740    0.423077    0.000000    0.678209    0.480494    0.685858    2.874005    0.428439    0.671233    0.688258    0.510740    0.480494    0.423077    0.428439    0.685185    0.683459    2500        363.636364  0.078250    0.161380    0.478164    7.578634   
[36mINFO[0m 08/01 01:31:04 | 0.503580    0.557692    0.000000    0.625444    0.547329    0.695423    1.880775    0.573964    0.602740    0.682576    0.503580    0.547329    0.557692    0.573964    0.648148    0.708271    2600        378.181818  0.071523    0.161256    0.480094    7.578634   
[36mINFO[0m 08/01 01:31:20 | 0.465394    0.490385    0.000000    0.634323    0.508682    0.685333    2.776885    0.534024    0.657534    0.698485    0.465394    0.508682    0.490385    0.534024    0.611111    0.672180    2700        392.727273  0.065280    0.161336    0.478320    7.578634   
[36mINFO[0m 08/01 01:31:37 | 0.498807    0.509615    0.000000    0.636733    0.495819    0.685384    2.196497    0.499815    0.643836    0.712121    0.498807    0.495819    0.509615    0.499815    0.629630    0.658647    2800        407.272727  0.070437    0.161213    0.479704    7.578634   
[36mINFO[0m 08/01 01:31:53 | 0.472554    0.519231    0.000000    0.645992    0.530011    0.714696    2.410444    0.533654    0.643836    0.709091    0.472554    0.530011    0.519231    0.533654    0.648148    0.720301    2900        421.818182  0.066978    0.161234    0.480020    7.578634   
[36mINFO[0m 08/01 01:32:10 | 0.486874    0.471154    0.000000    0.675799    0.450563    0.710724    2.209747    0.465791    0.684932    0.702652    0.486874    0.450563    0.471154    0.465791    0.666667    0.718797    3000        436.363636  0.062613    0.161280    0.483276    7.578634   
[36mINFO[0m 08/01 01:32:27 | 0.534606    0.548077    0.000000    0.577118    0.515359    0.647545    1.761530    0.528846    0.561644    0.646970    0.534606    0.515359    0.548077    0.528846    0.592593    0.648120    3100        450.909091  0.068860    0.161295    0.486346    7.578634   
[36mINFO[0m 08/01 01:32:43 | 0.513126    0.509615    0.000000    0.629883    0.525465    0.662059    3.130237    0.550666    0.630137    0.707576    0.513126    0.525465    0.509615    0.550666    0.629630    0.616541    3200        465.454545  0.070167    0.161429    0.479898    7.578634   
[36mINFO[0m 08/01 01:33:00 | 0.536993    0.548077    0.000000    0.675799    0.563440    0.727666    2.529366    0.571006    0.684932    0.759091    0.536993    0.563440    0.548077    0.571006    0.666667    0.696241    3300        480.000000  0.058944    0.161198    0.503451    7.578634   
[36mINFO[0m 08/01 01:33:17 | 0.501193    0.480769    0.000000    0.682648    0.530057    0.701717    2.399006    0.512019    0.698630    0.756818    0.501193    0.530057    0.480769    0.512019    0.666667    0.646617    3400        494.545455  0.057983    0.161775    0.482980    7.578634   
[36mINFO[0m 08/01 01:33:33 | 0.522673    0.500000    0.000000    0.632293    0.585122    0.687583    2.632424    0.577663    0.616438    0.696970    0.522673    0.585122    0.500000    0.577663    0.648148    0.678195    3500        509.090909  0.064628    0.161668    0.479452    7.578634   
[36mINFO[0m 08/01 01:33:50 | 0.489260    0.538462    0.000000    0.655251    0.572646    0.675615    2.454064    0.580991    0.643836    0.713636    0.489260    0.572646    0.538462    0.580991    0.666667    0.637594    3600        523.636364  0.071629    0.161760    0.487603    7.578634   
[36mINFO[0m 08/01 01:34:07 | 0.587112    0.567308    0.000000    0.655251    0.582103    0.686378    1.618382    0.624630    0.643836    0.676515    0.587112    0.582103    0.567308    0.624630    0.666667    0.696241    3700        538.181818  0.060349    0.161663    0.478545    7.578634   
[36mINFO[0m 08/01 01:34:23 | 0.539379    0.586538    0.000000    0.641172    0.550314    0.693391    1.944865    0.663092    0.671233    0.692045    0.539379    0.550314    0.586538    0.663092    0.611111    0.694737    3800        552.727273  0.053726    0.161564    0.487440    7.578634   
[36mINFO[0m 08/01 01:34:40 | 0.551313    0.567308    0.000000    0.652841    0.548036    0.699455    2.480240    0.592456    0.657534    0.704924    0.551313    0.548036    0.567308    0.592456    0.648148    0.693985    3900        567.272727  0.055568    0.161305    0.480432    7.578634   
[36mINFO[0m 08/01 01:34:56 | 0.494033    0.451923    0.000000    0.673389    0.462595    0.701134    3.143467    0.471893    0.698630    0.701515    0.494033    0.462595    0.451923    0.471893    0.648148    0.700752    4000        581.818182  0.056094    0.161314    0.479430    7.578634   
[36mINFO[0m 08/01 01:35:13 | 0.491647    0.567308    0.000000    0.659691    0.511644    0.698251    2.306889    0.538462    0.671233    0.734848    0.491647    0.511644    0.567308    0.538462    0.648148    0.661654    4100        596.363636  0.055218    0.161479    0.479829    7.578634   
[36mINFO[0m 08/01 01:35:30 | 0.477327    0.500000    0.000000    0.675799    0.507474    0.720141    1.836147    0.522929    0.684932    0.757576    0.477327    0.507474    0.500000    0.522929    0.666667    0.682707    4200        610.909091  0.055398    0.161351    0.488840    7.578634   
[36mINFO[0m 08/01 01:35:46 | 0.522673    0.490385    0.000000    0.592846    0.506643    0.695919    2.256709    0.488905    0.630137    0.714394    0.522673    0.506643    0.490385    0.488905    0.555556    0.677444    4300        625.454545  0.047120    0.161630    0.484752    7.578634   
[36mINFO[0m 08/01 01:36:03 | 0.508353    0.509615    0.000000    0.655251    0.563372    0.717755    2.429731    0.549926    0.643836    0.722727    0.508353    0.563372    0.509615    0.549926    0.666667    0.712782    4400        640.000000  0.057603    0.161310    0.483963    7.578634   
[36mINFO[0m 08/01 01:36:20 | 0.513126    0.490385    0.000000    0.652841    0.507850    0.676646    2.294872    0.547707    0.657534    0.687879    0.513126    0.507850    0.490385    0.547707    0.648148    0.665414    4500        654.545455  0.052651    0.161377    0.486212    7.578634   
[36mINFO[0m 08/01 01:36:36 | 0.517900    0.519231    0.000000    0.639143    0.529715    0.657009    3.211367    0.543269    0.630137    0.664394    0.517900    0.529715    0.519231    0.543269    0.648148    0.649624    4600        669.090909  0.057185    0.161435    0.484374    7.578634   
[36mINFO[0m 08/01 01:36:53 | 0.527446    0.548077    0.000000    0.643582    0.539103    0.683493    2.442166    0.555473    0.657534    0.709091    0.527446    0.539103    0.548077    0.555473    0.629630    0.657895    4700        683.636364  0.048631    0.161302    0.482701    7.578634   
[36mINFO[0m 08/01 01:37:10 | 0.534606    0.509615    0.000000    0.620624    0.535708    0.684598    2.050270    0.540865    0.630137    0.703030    0.534606    0.535708    0.509615    0.540865    0.611111    0.666165    4800        698.181818  0.055570    0.161395    0.475263    7.578634   
[36mINFO[0m 08/01 01:37:26 | 0.489260    0.432692    0.000000    0.648021    0.437574    0.685630    3.198196    0.470599    0.684932    0.727652    0.489260    0.437574    0.432692    0.470599    0.611111    0.643609    4900        712.727273  0.049021    0.161627    0.482422    7.578634   
[36mINFO[0m 08/01 01:37:43 | 0.527446    0.480769    0.000000    0.643582    0.526000    0.628455    3.058501    0.502589    0.657534    0.668939    0.527446    0.526000    0.480769    0.502589    0.629630    0.587970    5000        727.272727  0.053371    0.161482    0.483561    7.578634   
[36mINFO[0m 08/01 01:37:43 | ---
[36mINFO[0m 08/01 01:37:43 | oracle = 56.802%
[36mINFO[0m 08/01 01:37:43 | iid = 56.802%
[36mINFO[0m 08/01 01:37:43 | last = 52.745%
[36mINFO[0m 08/01 01:37:43 | last (inD) = 64.358%
[36mINFO[0m 08/01 01:37:43 | iid (inD) = 68.988%
[36mINFO[0m 08/01 01:37:43 | 
[36mINFO[0m 08/01 01:37:43 | Testenv name escaping te_02 -> te_02
[36mINFO[0m 08/01 01:37:43 | Test envs = [2], name = te_02
[36mINFO[0m 08/01 01:37:43 | Batch sizes for each domain: [32, 32, 0] (total=64)
[36mINFO[0m 08/01 01:37:43 | steps-per-epoch for each domain: 9.19, 13.09 -> min = 9.19
/home/s21_yhr/miniconda3/envs/GGA/lib/python3.11/site-packages/torchvision/models/_utils.py:208: UserWarning: The parameter 'pretrained' is deprecated since 0.13 and may be removed in the future, please use 'weights' instead.
  warnings.warn(
/home/s21_yhr/miniconda3/envs/GGA/lib/python3.11/site-packages/torchvision/models/_utils.py:223: UserWarning: Arguments other than a weight enum or `None` for 'weights' are deprecated since 0.13 and may be removed in the future. The current behavior is equivalent to passing `weights=ResNet50_Weights.IMAGENET1K_V1`. You can also use `weights=ResNet50_Weights.DEFAULT` to get the most up-to-date weights.
  warnings.warn(msg)
[36mINFO[0m 08/01 01:37:46 | # of params = 23512130
[36mINFO[0m 08/01 01:37:46 | test_in     test_out    train_in    train_out   test_in_au  train_out_  tr_outloss  test_out_a  env0_out    env0_out_a  env1_out    env1_out_a  env2_in     env2_in_au  env2_out    env2_out_a  step        epoch       loss        step_time   eval_time   mem_gb     
[36mINFO[0m 08/01 01:37:46 | 0.554545    0.648148    0.000000    0.523973    0.540649    0.563307    0.717414    0.500752    0.547945    0.443182    0.500000    0.683432    0.554545    0.540649    0.648148    0.500752    0           0.000000    0.780456    0.173689    0.368605    7.364028   
[36mINFO[0m 08/01 01:38:03 | 0.572727    0.518519    0.000000    0.646338    0.617096    0.721001    0.666710    0.517293    0.465753    0.487121    0.826923    0.954882    0.572727    0.617096    0.518519    0.517293    100         10.884354   0.638497    0.162105    0.343705    7.578634   
[36mINFO[0m 08/01 01:38:19 | 0.554545    0.574074    0.000000    0.655954    0.585313    0.720069    0.783577    0.536842    0.465753    0.533333    0.846154    0.906805    0.554545    0.585313    0.574074    0.536842    200         21.768707   0.564693    0.161752    0.339955    7.578634   
[36mINFO[0m 08/01 01:38:36 | 0.550000    0.648148    0.000000    0.627700    0.570927    0.660929    1.319151    0.563910    0.534247    0.473485    0.721154    0.848373    0.550000    0.570927    0.648148    0.563910    300         32.653061   0.477635    0.161493    0.342842    7.578634   
[36mINFO[0m 08/01 01:38:52 | 0.559091    0.574074    0.000000    0.643572    0.597608    0.722918    1.053264    0.615038    0.479452    0.555303    0.807692    0.890533    0.559091    0.597608    0.574074    0.615038    400         43.537415   0.378021    0.161385    0.345583    7.578634   
[36mINFO[0m 08/01 01:39:09 | 0.513636    0.592593    0.000000    0.708707    0.553195    0.750885    1.257533    0.619549    0.561644    0.606061    0.855769    0.895710    0.513636    0.553195    0.592593    0.619549    500         54.421769   0.308181    0.161488    0.334895    7.578634   
[36mINFO[0m 08/01 01:39:25 | 0.568182    0.666667    0.000000    0.714107    0.570759    0.767877    1.325127    0.664662    0.630137    0.635606    0.798077    0.900148    0.568182    0.570759    0.666667    0.664662    600         65.306122   0.241937    0.161142    0.334991    7.578634   
[36mINFO[0m 08/01 01:39:42 | 0.536364    0.666667    0.000000    0.710748    0.584225    0.754607    0.980326    0.715789    0.575342    0.592424    0.846154    0.916790    0.536364    0.584225    0.666667    0.715789    700         76.190476   0.205429    0.161342    0.342717    7.578634   
[36mINFO[0m 08/01 01:39:58 | 0.586364    0.611111    0.000000    0.654373    0.607979    0.712691    2.798364    0.690226    0.616438    0.534848    0.692308    0.890533    0.586364    0.607979    0.611111    0.690226    800         87.074830   0.163795    0.161223    0.336057    7.578634   
[36mINFO[0m 08/01 01:40:15 | 0.577273    0.629630    0.000000    0.751120    0.610154    0.762994    1.468447    0.681203    0.684932    0.613636    0.817308    0.912352    0.577273    0.610154    0.629630    0.681203    900         97.959184   0.151255    0.161165    0.340407    7.578634   
[36mINFO[0m 08/01 01:40:31 | 0.595455    0.629630    0.000000    0.673604    0.563650    0.725740    1.644188    0.637594    0.616438    0.575000    0.730769    0.876479    0.595455    0.563650    0.629630    0.637594    1000        108.843537  0.154121    0.161218    0.339313    7.578634   
[36mINFO[0m 08/01 01:40:47 | 0.527273    0.685185    0.000000    0.722405    0.541151    0.794162    0.976474    0.693233    0.589041    0.684848    0.855769    0.903476    0.527273    0.541151    0.685185    0.693233    1100        119.727891  0.130103    0.161484    0.340710    7.578634   
[36mINFO[0m 08/01 01:41:04 | 0.595455    0.666667    0.000000    0.689476    0.619856    0.751882    1.224396    0.693233    0.561644    0.612121    0.817308    0.891642    0.595455    0.619856    0.666667    0.693233    1200        130.612245  0.123212    0.161322    0.338875    7.578634   
[36mINFO[0m 08/01 01:41:20 | 0.545455    0.685185    0.000000    0.732613    0.595141    0.766690    1.774077    0.733835    0.657534    0.644697    0.807692    0.888683    0.545455    0.595141    0.685185    0.733835    1300        141.496599  0.100532    0.161368    0.333252    7.578634   
[36mINFO[0m 08/01 01:41:37 | 0.563636    0.611111    0.000000    0.687434    0.576363    0.761271    1.271247    0.691729    0.547945    0.624242    0.826923    0.898299    0.563636    0.576363    0.611111    0.691729    1400        152.380952  0.115550    0.161138    0.338858    7.578634   
[36mINFO[0m 08/01 01:41:53 | 0.522727    0.611111    0.000000    0.679136    0.537387    0.759822    2.059316    0.687218    0.589041    0.642424    0.769231    0.877219    0.522727    0.537387    0.611111    0.687218    1500        163.265306  0.096659    0.161355    0.342074    7.578634   
[36mINFO[0m 08/01 01:42:10 | 0.609091    0.685185    0.000000    0.725040    0.603965    0.782409    1.986387    0.712030    0.671233    0.691667    0.778846    0.873151    0.609091    0.603965    0.685185    0.712030    1600        174.149660  0.090418    0.161307    0.337793    7.578634   
[36mINFO[0m 08/01 01:42:26 | 0.586364    0.648148    0.000000    0.720232    0.607896    0.796342    1.673423    0.675188    0.671233    0.665909    0.769231    0.926775    0.586364    0.607896    0.648148    0.675188    1700        185.034014  0.092897    0.160983    0.336502    7.578634   
[36mINFO[0m 08/01 01:42:43 | 0.540909    0.703704    0.000000    0.692835    0.534962    0.739972    1.954292    0.720301    0.616438    0.590152    0.769231    0.889793    0.540909    0.534962    0.703704    0.720301    1800        195.918367  0.090159    0.161058    0.337550    7.578634   
[36mINFO[0m 08/01 01:42:59 | 0.540909    0.666667    0.000000    0.757969    0.555286    0.802740    1.551034    0.742857    0.698630    0.690909    0.817308    0.914571    0.540909    0.555286    0.666667    0.742857    1900        206.802721  0.088738    0.161358    0.345387    7.578634   
[36mINFO[0m 08/01 01:43:16 | 0.572727    0.574074    0.000000    0.689476    0.599030    0.770075    1.875431    0.694737    0.561644    0.618182    0.817308    0.921967    0.572727    0.599030    0.574074    0.694737    2000        217.687075  0.068564    0.161360    0.339383    7.578634   
[36mINFO[0m 08/01 01:43:32 | 0.509091    0.555556    0.000000    0.688751    0.564236    0.777371    0.997003    0.699248    0.589041    0.687879    0.788462    0.866864    0.509091    0.564236    0.555556    0.699248    2100        228.571429  0.076662    0.161068    0.333947    7.578634   
[36mINFO[0m 08/01 01:43:49 | 0.531818    0.555556    0.000000    0.726488    0.563065    0.768068    1.644964    0.622556    0.616438    0.620455    0.836538    0.915680    0.531818    0.563065    0.555556    0.622556    2200        239.455782  0.080295    0.161319    0.337698    7.578634   
[36mINFO[0m 08/01 01:44:05 | 0.540909    0.611111    0.000000    0.743546    0.532369    0.787475    1.663379    0.648120    0.698630    0.666667    0.788462    0.908284    0.540909    0.532369    0.611111    0.648120    2300        250.340136  0.069475    0.161279    0.344862    7.578634   
[36mINFO[0m 08/01 01:44:22 | 0.581818    0.648148    0.000000    0.709299    0.587989    0.812156    1.479822    0.735338    0.630137    0.705303    0.788462    0.919009    0.581818    0.587989    0.648148    0.735338    2400        261.224490  0.072399    0.161199    0.339615    7.578634   
[36mINFO[0m 08/01 01:44:38 | 0.581818    0.629630    0.000000    0.681770    0.573687    0.767934    3.036257    0.681203    0.671233    0.656061    0.692308    0.879808    0.581818    0.573687    0.629630    0.681203    2500        272.108844  0.060928    0.161477    0.335566    7.578634   
[36mINFO[0m 08/01 01:44:55 | 0.522727    0.629630    0.000000    0.728530    0.575025    0.777234    1.463557    0.664662    0.630137    0.660606    0.826923    0.893861    0.522727    0.575025    0.629630    0.664662    2600        282.993197  0.072065    0.161286    0.334808    7.578634   
[36mINFO[0m 08/01 01:45:11 | 0.531818    0.685185    0.000000    0.722273    0.560848    0.768254    2.115981    0.705263    0.684932    0.667424    0.759615    0.869083    0.531818    0.560848    0.685185    0.705263    2700        293.877551  0.064463    0.161369    0.345680    7.578634   
[36mINFO[0m 08/01 01:45:28 | 0.545455    0.629630    0.000000    0.685985    0.558046    0.783461    1.579853    0.697744    0.602740    0.671212    0.769231    0.895710    0.545455    0.558046    0.629630    0.697744    2800        304.761905  0.065960    0.161180    0.338150    7.578634   
[36mINFO[0m 08/01 01:45:44 | 0.577273    0.685185    0.000000    0.718190    0.547508    0.775555    1.791720    0.715789    0.657534    0.675000    0.778846    0.876109    0.577273    0.547508    0.685185    0.715789    2900        315.646259  0.053183    0.161224    0.339327    7.578634   
[36mINFO[0m 08/01 01:46:00 | 0.536364    0.666667    0.000000    0.712065    0.566159    0.756093    1.747796    0.748872    0.616438    0.624242    0.807692    0.887944    0.536364    0.566159    0.666667    0.748872    3000        326.530612  0.074107    0.161326    0.341884    7.578634   
[36mINFO[0m 08/01 01:46:17 | 0.586364    0.666667    0.000000    0.676963    0.583305    0.778182    2.610783    0.700752    0.671233    0.646970    0.682692    0.909393    0.586364    0.583305    0.666667    0.700752    3100        337.414966  0.085143    0.161070    0.342554    7.578634   
[36mINFO[0m 08/01 01:46:33 | 0.568182    0.629630    0.000000    0.730572    0.577158    0.794267    1.904781    0.682707    0.643836    0.678030    0.817308    0.910503    0.568182    0.577158    0.629630    0.682707    3200        348.299320  0.066536    0.161361    0.337816    7.578634   
[36mINFO[0m 08/01 01:46:50 | 0.559091    0.685185    0.000000    0.678411    0.570550    0.757853    2.771779    0.666165    0.616438    0.616667    0.740385    0.899038    0.559091    0.570550    0.685185    0.666165    3300        359.183673  0.053025    0.161431    0.339536    7.578634   
[36mINFO[0m 08/01 01:47:06 | 0.563636    0.648148    0.000000    0.663264    0.588575    0.735270    2.729754    0.709774    0.643836    0.630303    0.682692    0.840237    0.563636    0.588575    0.648148    0.709774    3400        370.068027  0.052247    0.161521    0.340007    7.578634   
[36mINFO[0m 08/01 01:47:23 | 0.513636    0.611111    0.000000    0.711341    0.578162    0.768241    1.463193    0.793985    0.643836    0.650758    0.778846    0.885725    0.513636    0.578162    0.611111    0.793985    3500        380.952381  0.062380    0.161295    0.346341    7.578634   
[36mINFO[0m 08/01 01:47:39 | 0.554545    0.740741    0.000000    0.698959    0.583055    0.763529    2.178281    0.744361    0.657534    0.643182    0.740385    0.883876    0.554545    0.583055    0.740741    0.744361    3600        391.836735  0.058510    0.161337    0.336081    7.578634   
[36mINFO[0m 08/01 01:47:56 | 0.536364    0.722222    0.000000    0.688751    0.581173    0.760165    2.013752    0.751880    0.589041    0.640152    0.788462    0.880178    0.536364    0.581173    0.722222    0.751880    3700        402.721088  0.053315    0.161119    0.340768    7.578634   
[36mINFO[0m 08/01 01:48:12 | 0.550000    0.703704    0.000000    0.692835    0.579458    0.777833    1.518683    0.762406    0.616438    0.664394    0.769231    0.891272    0.550000    0.579458    0.703704    0.762406    3800        413.605442  0.053960    0.161063    0.340228    7.578634   
[36mINFO[0m 08/01 01:48:29 | 0.522727    0.648148    0.000000    0.724447    0.576447    0.780699    1.614496    0.726316    0.602740    0.664394    0.846154    0.897004    0.522727    0.576447    0.648148    0.726316    3900        424.489796  0.046378    0.160954    0.346061    7.578634   
[36mINFO[0m 08/01 01:48:45 | 0.559091    0.685185    0.000000    0.709299    0.562730    0.743286    1.967818    0.717293    0.630137    0.604545    0.788462    0.882027    0.559091    0.562730    0.685185    0.717293    4000        435.374150  0.059204    0.160945    0.339413    7.578634   
[36mINFO[0m 08/01 01:49:02 | 0.554545    0.685185    0.000000    0.709299    0.569547    0.744071    1.787959    0.742857    0.630137    0.608333    0.788462    0.879808    0.554545    0.569547    0.685185    0.742857    4100        446.258503  0.053946    0.161387    0.339423    7.578634   
[36mINFO[0m 08/01 01:49:18 | 0.540909    0.629630    0.000000    0.673011    0.579876    0.735114    2.291346    0.739098    0.547945    0.601515    0.798077    0.868713    0.540909    0.579876    0.629630    0.739098    4200        457.142857  0.049107    0.161740    0.343046    7.578634   
[36mINFO[0m 08/01 01:49:35 | 0.636364    0.685185    0.000000    0.710616    0.608314    0.753901    2.534008    0.744361    0.671233    0.626515    0.750000    0.881287    0.636364    0.608314    0.685185    0.744361    4300        468.027211  0.054411    0.161288    0.344176    7.578634   
[36mINFO[0m 08/01 01:49:51 | 0.559091    0.703704    0.000000    0.725764    0.598695    0.759818    2.144911    0.727068    0.643836    0.626515    0.807692    0.893121    0.559091    0.598695    0.703704    0.727068    4400        478.911565  0.048983    0.161429    0.342400    7.578634   
[36mINFO[0m 08/01 01:50:08 | 0.550000    0.648148    0.000000    0.687302    0.584727    0.753305    2.204906    0.751880    0.643836    0.638636    0.730769    0.867973    0.550000    0.584727    0.648148    0.751880    4500        489.795918  0.055063    0.161254    0.346714    7.578634   
[36mINFO[0m 08/01 01:50:24 | 0.586364    0.685185    0.000000    0.737421    0.606014    0.760859    2.205780    0.718797    0.657534    0.636364    0.817308    0.885355    0.586364    0.606014    0.685185    0.718797    4600        500.680272  0.041047    0.161333    0.341517    7.578634   
[36mINFO[0m 08/01 01:50:41 | 0.581818    0.722222    0.000000    0.737421    0.596144    0.783926    1.625046    0.800000    0.657534    0.663636    0.817308    0.904216    0.581818    0.596144    0.722222    0.800000    4700        511.564626  0.073137    0.161057    0.341691    7.578634   
[36mINFO[0m 08/01 01:50:57 | 0.527273    0.740741    0.000000    0.688027    0.573352    0.732800    2.313528    0.796992    0.616438    0.609091    0.759615    0.856509    0.527273    0.573352    0.740741    0.796992    4800        522.448980  0.045639    0.161008    0.338315    7.578634   
[36mINFO[0m 08/01 01:51:14 | 0.540909    0.685185    0.000000    0.712065    0.573938    0.747849    1.564038    0.775940    0.616438    0.615152    0.807692    0.880547    0.540909    0.573938    0.685185    0.775940    4900        533.333333  0.047967    0.161049    0.341769    7.578634   
[36mINFO[0m 08/01 01:51:30 | 0.527273    0.611111    0.000000    0.718915    0.547048    0.774137    1.491687    0.726316    0.630137    0.633333    0.807692    0.914941    0.527273    0.547048    0.611111    0.726316    5000        544.217687  0.058832    0.161042    0.339488    7.578634   
[36mINFO[0m 08/01 01:51:30 | ---
[36mINFO[0m 08/01 01:51:30 | oracle = 55.455%
[36mINFO[0m 08/01 01:51:30 | iid = 54.091%
[36mINFO[0m 08/01 01:51:30 | last = 52.727%
[36mINFO[0m 08/01 01:51:30 | last (inD) = 71.891%
[36mINFO[0m 08/01 01:51:30 | iid (inD) = 75.797%
[36mINFO[0m 08/01 01:51:31 | === Summary ===
[36mINFO[0m 08/01 01:51:31 | Command: /home/s21_yhr/lzh/DomainBed-new/train_all.py HTP_ALOFT_E_seed1 --dataset HTP --data_dir /home/s21_yhr/lzh/DomainBed-new/dataset --algorithm ALOFT_E --steps 5000 --checkpoint_freq 100 --batch_size 32 --optimizer adam --lr 5e-5 --weight_decay 0 --resnet_dropout 0 --resnet18 False --pretrained True --freeze_bn True --swad False --seed 1 --trial_seed 1 --deterministic --prebuild_loader --cache_size 256 --aloft_alpha 1.0 --aloft_mask_ratio 0.5 --aloft_perturb_prob 1.0
[36mINFO[0m 08/01 01:51:31 | Unique name: 260801_01-09-54_HTP_ALOFT_E_seed1
[36mINFO[0m 08/01 01:51:31 | Out path: train_output/HTP/260801_01-09-54_HTP_ALOFT_E_seed1
[36mINFO[0m 08/01 01:51:31 | Algorithm: ALOFT_E
[36mINFO[0m 08/01 01:51:31 | Dataset: HTP
+------------+---------+---------+---------+---------+
| Selection  |    00   |    01   |    02   |   Avg.  |
+------------+---------+---------+---------+---------+
|   oracle   | 54.082% | 56.802% | 55.455% | 55.446% |
|    iid     | 54.762% | 56.802% | 54.091% | 55.218% |
|    last    | 56.122% | 52.745% | 52.727% | 53.865% |
| last (inD) | 71.278% | 64.358% | 71.891% | 69.176% |
| iid (inD)  | 74.715% | 68.988% | 75.797% | 73.167% |
+------------+---------+---------+---------+---------+
================================================================================
Starting ALOFT_E, seed=2, physical GPU=2
/home/s21_yhr/miniconda3/envs/GGA/bin/python /home/s21_yhr/lzh/DomainBed-new/train_all.py HTP_ALOFT_E_seed2 --dataset HTP --data_dir /home/s21_yhr/lzh/DomainBed-new/dataset --algorithm ALOFT_E --steps 5000 --checkpoint_freq 100 --batch_size 32 --optimizer adam --lr 5e-5 --weight_decay 0 --resnet_dropout 0 --resnet18 False --pretrained True --freeze_bn True --swad False --seed 2 --trial_seed 2 --deterministic --prebuild_loader --cache_size 256 --aloft_alpha 1.0 --aloft_mask_ratio 0.5 --aloft_perturb_prob 1.0
================================================================================
[36mINFO[0m 08/01 01:51:35 | Command :: /home/s21_yhr/lzh/DomainBed-new/train_all.py HTP_ALOFT_E_seed2 --dataset HTP --data_dir /home/s21_yhr/lzh/DomainBed-new/dataset --algorithm ALOFT_E --steps 5000 --checkpoint_freq 100 --batch_size 32 --optimizer adam --lr 5e-5 --weight_decay 0 --resnet_dropout 0 --resnet18 False --pretrained True --freeze_bn True --swad False --seed 2 --trial_seed 2 --deterministic --prebuild_loader --cache_size 256 --aloft_alpha 1.0 --aloft_mask_ratio 0.5 --aloft_perturb_prob 1.0
Environment:
	Python: 3.11.15
	PyTorch: 2.11.0+cu128
	Torchvision: 0.26.0+cu128
	CUDA: 12.8
	CUDNN: 91900
	NumPy: 1.26.4
	PIL: 12.2.0
Args:
	algorithm: ALOFT_E
	batch_size: 32
	cache_root: cache
	cache_size: 256
	checkpoint_freq: 100
	configs: []
	data_dir: /home/s21_yhr/lzh/DomainBed-new/dataset
	dataset: HTP
	debug: False
	deterministic: True
	end_step: 200
	evalmode: fast
	extra_search: n
	extra_search_end: None
	extra_search_start: None
	gga_l_gamma: 0.001
	grad_fn: sum
	holdout_fraction: 0.2
	model_save: None
	name: HTP_ALOFT_E_seed2
	neighborhoodSize: 1e-06
	out_dir: train_output/HTP/260801_01-51-35_HTP_ALOFT_E_seed2
	out_root: train_output/HTP
	prebuild_loader: True
	seed: 2
	show: False
	start_step: 100
	steps: 5000
	tb_freq: 10
	test_envs: None
	train_output: train_output
	trial_seed: 2
	unique_name: 260801_01-51-35_HTP_ALOFT_E_seed2
	work_dir: .
HParams:
	data_augmentation: True
	val_augment: False
	[36mresnet18: False
	[0m[36mresnet_dropout: 0
	[0mclass_balanced: False
	[36moptimizer: adam
	[0m[36mfreeze_bn: True
	[0m[36mpretrained: True
	[0m[36mlr: 5e-05
	[0mbatch_size: 32
	[36mweight_decay: 0
	[0m[36maloft_alpha: 1.0
	[0m[36maloft_mask_ratio: 0.5
	[0m[36maloft_perturb_prob: 1.0
	[0maloft_positions: 
	  - layer1
	  - layer2
	  - layer3
	[36mswad: False
	[0mswad_kwargs: 
	  n_converge: 3
	  n_tolerance: 6
	  tolerance_ratio: 0.3
	test_batchsize: 128
	indomain_test: False
	grad_fn: sum
	extra_search: n
	logdir: train_output/HTP/260801_01-51-35_HTP_ALOFT_E_seed2
	neighborhoodSize: 1e-06
	start_step: 100
	end_step: 200
	extra_search_start: None
	extra_search_end: None
	gga_l_gamma: 0.001
Dataset:
	[HTP] #envs=3, #classes=2
	env0: 00 (#367)
	env1: 01 (#523)
	env2: 02 (#274)

[36mINFO[0m 08/01 01:51:36 | n_steps = 5000
[36mINFO[0m 08/01 01:51:36 | checkpoint_freq = 100
[36mINFO[0m 08/01 01:51:36 | n_steps is updated to 5000 => 5001 for checkpointing
[36mINFO[0m 08/01 01:51:36 | Target test envs = [[0], [1], [2]]
[36mINFO[0m 08/01 01:51:36 | 
[36mINFO[0m 08/01 01:51:36 | Testenv name escaping te_00 -> te_00
[36mINFO[0m 08/01 01:51:36 | Test envs = [0], name = te_00
[36mINFO[0m 08/01 01:51:36 | Batch sizes for each domain: [0, 32, 32] (total=64)
[36mINFO[0m 08/01 01:51:36 | steps-per-epoch for each domain: 13.09, 6.88 -> min = 6.88
/home/s21_yhr/miniconda3/envs/GGA/lib/python3.11/site-packages/torchvision/models/_utils.py:208: UserWarning: The parameter 'pretrained' is deprecated since 0.13 and may be removed in the future, please use 'weights' instead.
  warnings.warn(
/home/s21_yhr/miniconda3/envs/GGA/lib/python3.11/site-packages/torchvision/models/_utils.py:223: UserWarning: Arguments other than a weight enum or `None` for 'weights' are deprecated since 0.13 and may be removed in the future. The current behavior is equivalent to passing `weights=ResNet50_Weights.IMAGENET1K_V1`. You can also use `weights=ResNet50_Weights.DEFAULT` to get the most up-to-date weights.
  warnings.warn(msg)
[36mINFO[0m 08/01 01:51:37 | # of params = 23512130
[36mINFO[0m 08/01 01:51:39 | test_in     test_out    train_in    train_out   test_in_au  test_out_a  train_out_  tr_outloss  env0_in     env0_in_au  env0_out    env0_out_a  env1_out    env1_out_a  env2_out    env2_out_a  step        epoch       loss        step_time   eval_time   mem_gb     
[36mINFO[0m 08/01 01:51:39 | 0.534014    0.671233    0.000000    0.575855    0.455278    0.591693    0.677409    0.664451    0.534014    0.455278    0.671233    0.591693    0.596154    0.767232    0.555556    0.587586    0           0.000000    0.690174    0.767189    0.571542    7.362074   
[36mINFO[0m 08/01 01:51:55 | 0.540816    0.575342    0.000000    0.667913    0.519261    0.648903    0.761274    0.657665    0.540816    0.519261    0.575342    0.648903    0.817308    0.932203    0.518519    0.590345    100         14.545455   0.595018    0.162148    0.407784    7.578634   
[36mINFO[0m 08/01 01:52:12 | 0.581633    0.602740    0.000000    0.639423    0.549012    0.607367    0.751372    0.962190    0.581633    0.549012    0.602740    0.607367    0.778846    0.938606    0.500000    0.564138    200         29.090909   0.426826    0.162296    0.390265    7.578634   
[36mINFO[0m 08/01 01:52:28 | 0.544218    0.589041    0.000000    0.738960    0.563016    0.625392    0.763863    1.011489    0.544218    0.563016    0.589041    0.625392    0.903846    0.960829    0.574074    0.566897    300         43.636364   0.304247    0.162032    0.396179    7.578634   
[36mINFO[0m 08/01 01:52:45 | 0.540816    0.589041    0.000000    0.695691    0.520958    0.640282    0.724534    1.466809    0.540816    0.520958    0.589041    0.640282    0.817308    0.931827    0.574074    0.517241    400         58.181818   0.212611    0.161653    0.399809    7.578634   
[36mINFO[0m 08/01 01:53:02 | 0.520408    0.616438    0.000000    0.715634    0.545146    0.667712    0.761170    1.293336    0.520408    0.545146    0.616438    0.667712    0.894231    0.966478    0.537037    0.555862    500         72.727273   0.190379    0.161498    0.387509    7.578634   
[36mINFO[0m 08/01 01:53:18 | 0.527211    0.561644    0.000000    0.701923    0.518742    0.652821    0.748316    1.441958    0.527211    0.518742    0.561644    0.652821    0.903846    0.964218    0.500000    0.532414    600         87.272727   0.141955    0.161602    0.389299    7.578634   
[36mINFO[0m 08/01 01:53:35 | 0.489796    0.575342    0.000000    0.706375    0.511198    0.597179    0.746680    1.234136    0.489796    0.511198    0.575342    0.597179    0.894231    0.954049    0.518519    0.539310    700         101.818182  0.159834    0.161431    0.390938    7.578634   
[36mINFO[0m 08/01 01:53:51 | 0.520408    0.602740    0.000000    0.681624    0.515300    0.629310    0.744993    1.471949    0.520408    0.515300    0.602740    0.629310    0.807692    0.963089    0.555556    0.526897    800         116.363636  0.153608    0.161699    0.389840    7.578634   
[36mINFO[0m 08/01 01:54:08 | 0.527211    0.575342    0.000000    0.696759    0.516809    0.629310    0.722666    1.641672    0.527211    0.516809    0.575342    0.629310    0.875000    0.952919    0.518519    0.492414    900         130.909091  0.119078    0.161433    0.392193    7.578634   
[36mINFO[0m 08/01 01:54:24 | 0.561224    0.616438    0.000000    0.649038    0.554293    0.600313    0.701200    2.053233    0.561224    0.554293    0.616438    0.600313    0.798077    0.914124    0.500000    0.488276    1000        145.454545  0.109355    0.161494    0.393609    7.578634   
[36mINFO[0m 08/01 01:54:41 | 0.551020    0.602740    0.000000    0.700499    0.522137    0.583072    0.723229    2.309870    0.551020    0.522137    0.602740    0.583072    0.826923    0.949906    0.574074    0.496552    1100        160.000000  0.107003    0.161416    0.392148    7.578634   
[36mINFO[0m 08/01 01:54:58 | 0.520408    0.602740    0.000000    0.724537    0.543684    0.627743    0.737961    2.082031    0.520408    0.543684    0.602740    0.627743    0.875000    0.947646    0.574074    0.528276    1200        174.545455  0.102316    0.161669    0.393658    7.578634   
[36mINFO[0m 08/01 01:55:14 | 0.513605    0.547945    0.000000    0.659010    0.542553    0.605799    0.720401    2.315856    0.513605    0.542553    0.547945    0.605799    0.836538    0.940113    0.481481    0.500690    1300        189.090909  0.097758    0.161653    0.388315    7.578634   
[36mINFO[0m 08/01 01:55:31 | 0.540816    0.547945    0.000000    0.700855    0.512000    0.594044    0.742096    1.775797    0.540816    0.512000    0.547945    0.594044    0.846154    0.943503    0.555556    0.540690    1400        203.636364  0.109082    0.161530    0.385484    7.578634   
[36mINFO[0m 08/01 01:55:47 | 0.534014    0.534247    0.000000    0.677528    0.519025    0.560345    0.704627    2.728851    0.534014    0.519025    0.534247    0.560345    0.836538    0.929944    0.518519    0.479310    1500        218.181818  0.088474    0.161867    0.390776    7.578634   
[36mINFO[0m 08/01 01:56:04 | 0.506803    0.616438    0.000000    0.687144    0.528502    0.626176    0.720568    2.428342    0.506803    0.528502    0.616438    0.626176    0.855769    0.956309    0.518519    0.484828    1600        232.727273  0.085883    0.161930    0.399567    7.578634   
[36mINFO[0m 08/01 01:56:20 | 0.547619    0.602740    0.000000    0.687144    0.544627    0.579937    0.701272    2.383997    0.547619    0.544627    0.602740    0.579937    0.855769    0.928060    0.518519    0.474483    1700        247.272727  0.089384    0.161827    0.387103    7.578634   
[36mINFO[0m 08/01 01:56:37 | 0.527211    0.602740    0.000000    0.719729    0.521807    0.593260    0.734916    2.273966    0.527211    0.521807    0.602740    0.593260    0.865385    0.940866    0.574074    0.528966    1800        261.818182  0.075939    0.161640    0.394172    7.578634   
[36mINFO[0m 08/01 01:56:54 | 0.530612    0.561644    0.000000    0.677528    0.520463    0.557210    0.745253    2.304923    0.530612    0.520463    0.561644    0.557210    0.836538    0.928437    0.518519    0.562069    1900        276.363636  0.085489    0.161617    0.386998    7.578634   
[36mINFO[0m 08/01 01:57:10 | 0.537415    0.561644    0.000000    0.705662    0.534867    0.578370    0.743850    2.334971    0.537415    0.534867    0.561644    0.578370    0.855769    0.940113    0.555556    0.547586    2000        290.909091  0.079354    0.161512    0.390513    7.578634   
[36mINFO[0m 08/01 01:57:27 | 0.547619    0.575342    0.000000    0.672721    0.540384    0.600313    0.722874    2.708749    0.547619    0.540384    0.575342    0.600313    0.826923    0.933333    0.518519    0.512414    2100        305.454545  0.077909    0.161456    0.386005    7.578634   
[36mINFO[0m 08/01 01:57:43 | 0.534014    0.589041    0.000000    0.692308    0.522844    0.586207    0.727982    2.844310    0.534014    0.522844    0.589041    0.586207    0.884615    0.931827    0.500000    0.524138    2200        320.000000  0.088774    0.161523    0.385718    7.578634   
[36mINFO[0m 08/01 01:58:00 | 0.540816    0.589041    0.000000    0.686788    0.521760    0.578370    0.734948    3.064600    0.540816    0.521760    0.589041    0.578370    0.836538    0.941620    0.537037    0.528276    2300        334.545455  0.065497    0.161493    0.391702    7.578634   
[36mINFO[0m 08/01 01:58:16 | 0.503401    0.589041    0.000000    0.691952    0.537484    0.608150    0.739905    2.468408    0.503401    0.537484    0.589041    0.608150    0.865385    0.948776    0.518519    0.531034    2400        349.090909  0.066826    0.161477    0.386089    7.578634   
[36mINFO[0m 08/01 01:58:33 | 0.537415    0.575342    0.000000    0.682336    0.537814    0.595219    0.735980    3.297784    0.537415    0.537814    0.575342    0.595219    0.846154    0.937476    0.518519    0.534483    2500        363.636364  0.064644    0.161781    0.383633    7.578634   
[36mINFO[0m 08/01 01:58:49 | 0.530612    0.561644    0.000000    0.673077    0.539252    0.596395    0.723712    2.307509    0.530612    0.539252    0.561644    0.596395    0.846154    0.920527    0.500000    0.526897    2600        378.181818  0.083451    0.161656    0.392826    7.578634   
[36mINFO[0m 08/01 01:59:06 | 0.561224    0.547945    0.000000    0.635684    0.575180    0.594828    0.698070    2.178681    0.561224    0.575180    0.547945    0.594828    0.826923    0.921657    0.444444    0.474483    2700        392.727273  0.073510    0.161411    0.390819    7.578634   
[36mINFO[0m 08/01 01:59:22 | 0.534014    0.520548    0.000000    0.654202    0.543024    0.576803    0.713076    2.895846    0.534014    0.543024    0.520548    0.576803    0.826923    0.905461    0.481481    0.520690    2800        407.272727  0.063926    0.161620    0.389512    7.578634   
[36mINFO[0m 08/01 01:59:39 | 0.527211    0.506849    0.000000    0.667913    0.530270    0.534875    0.740774    3.608419    0.527211    0.530270    0.506849    0.534875    0.817308    0.934652    0.518519    0.546897    2900        421.818182  0.060892    0.161443    0.386501    7.578634   
[36mINFO[0m 08/01 01:59:56 | 0.554422    0.547945    0.000000    0.700855    0.539582    0.552508    0.709813    3.124168    0.554422    0.539582    0.547945    0.552508    0.846154    0.901695    0.555556    0.517931    3000        436.363636  0.078651    0.161201    0.396132    7.578634   
[36mINFO[0m 08/01 02:00:12 | 0.527211    0.575342    0.000000    0.681980    0.545028    0.571317    0.719752    2.833057    0.527211    0.545028    0.575342    0.571317    0.826923    0.904331    0.537037    0.535172    3100        450.909091  0.063311    0.161267    0.389325    7.578634   
[36mINFO[0m 08/01 02:00:29 | 0.561224    0.589041    0.000000    0.673433    0.547786    0.576019    0.711871    3.597985    0.561224    0.547786    0.589041    0.576019    0.865385    0.934087    0.481481    0.489655    3200        465.454545  0.051416    0.161382    0.391544    7.578634   
[36mINFO[0m 08/01 02:00:45 | 0.540816    0.575342    0.000000    0.696403    0.553256    0.571317    0.729452    2.542720    0.540816    0.553256    0.575342    0.571317    0.855769    0.925800    0.537037    0.533103    3300        480.000000  0.063375    0.161319    0.385587    7.578634   
[36mINFO[0m 08/01 02:01:02 | 0.578231    0.534247    0.000000    0.691595    0.566128    0.569749    0.741622    2.688807    0.578231    0.566128    0.534247    0.569749    0.846154    0.936347    0.537037    0.546897    3400        494.545455  0.057544    0.161240    0.389994    7.578634   
[36mINFO[0m 08/01 02:01:18 | 0.540816    0.534247    0.000000    0.701211    0.579754    0.568966    0.719635    3.049261    0.540816    0.579754    0.534247    0.568966    0.865385    0.917891    0.537037    0.521379    3500        509.090909  0.061825    0.161414    0.391171    7.578634   
[36mINFO[0m 08/01 02:01:35 | 0.574830    0.602740    0.000000    0.687144    0.596162    0.606583    0.720826    3.574155    0.574830    0.596162    0.602740    0.606583    0.855769    0.917514    0.518519    0.524138    3600        523.636364  0.051904    0.161441    0.392249    7.578634   
[36mINFO[0m 08/01 02:01:51 | 0.568027    0.589041    0.000000    0.696403    0.573719    0.605799    0.703666    2.737004    0.568027    0.573719    0.589041    0.605799    0.855769    0.896987    0.537037    0.510345    3700        538.181818  0.050195    0.161486    0.389935    7.578634   
[36mINFO[0m 08/01 02:02:08 | 0.568027    0.547945    0.000000    0.696759    0.596869    0.557994    0.715375    2.426082    0.568027    0.596869    0.547945    0.557994    0.875000    0.923164    0.518519    0.507586    3800        552.727273  0.060454    0.161338    0.384865    7.578634   
[36mINFO[0m 08/01 02:02:24 | 0.554422    0.520548    0.000000    0.701923    0.571550    0.562304    0.721175    2.982726    0.554422    0.571550    0.520548    0.562304    0.903846    0.923729    0.500000    0.518621    3900        567.272727  0.053152    0.161251    0.391255    7.578634   
[36mINFO[0m 08/01 02:02:41 | 0.540816    0.561644    0.000000    0.686788    0.534349    0.537618    0.714837    3.225744    0.540816    0.534349    0.561644    0.537618    0.836538    0.914501    0.537037    0.515172    4000        581.818182  0.047426    0.161540    0.388658    7.578634   
[36mINFO[0m 08/01 02:02:57 | 0.568027    0.561644    0.000000    0.700499    0.542930    0.576803    0.709346    2.407477    0.568027    0.542930    0.561644    0.576803    0.826923    0.906968    0.574074    0.511724    4100        596.363636  0.046885    0.161351    0.385954    7.578634   
[36mINFO[0m 08/01 02:03:14 | 0.547619    0.561644    0.000000    0.700855    0.517328    0.547806    0.751054    2.372414    0.547619    0.517328    0.561644    0.547806    0.846154    0.931073    0.555556    0.571034    4200        610.909091  0.056394    0.161385    0.388084    7.578634   
[36mINFO[0m 08/01 02:03:31 | 0.500000    0.520548    0.000000    0.696759    0.503442    0.572884    0.724786    2.735846    0.500000    0.503442    0.520548    0.572884    0.875000    0.933710    0.518519    0.515862    4300        625.454545  0.046816    0.161393    0.388537    7.578634   
[36mINFO[0m 08/01 02:03:47 | 0.568027    0.506849    0.000000    0.696047    0.527229    0.547022    0.717632    2.875196    0.568027    0.527229    0.506849    0.547022    0.836538    0.923540    0.555556    0.511724    4400        640.000000  0.056306    0.161451    0.390960    7.578634   
[36mINFO[0m 08/01 02:04:04 | 0.520408    0.575342    0.000000    0.672721    0.562002    0.568182    0.705419    2.897107    0.520408    0.562002    0.575342    0.568182    0.826923    0.893597    0.518519    0.517241    4500        654.545455  0.057455    0.161382    0.388216    7.578634   
[36mINFO[0m 08/01 02:04:20 | 0.540816    0.547945    0.000000    0.695335    0.498420    0.568966    0.744476    3.147641    0.540816    0.498420    0.547945    0.568966    0.798077    0.938606    0.592593    0.550345    4600        669.090909  0.053904    0.161393    0.391551    7.578634   
[36mINFO[0m 08/01 02:04:37 | 0.554422    0.575342    0.000000    0.701211    0.534019    0.599530    0.727216    3.361419    0.554422    0.534019    0.575342    0.599530    0.865385    0.909605    0.537037    0.544828    4700        683.636364  0.051916    0.161301    0.385134    7.578634   
[36mINFO[0m 08/01 02:04:53 | 0.564626    0.520548    0.000000    0.697115    0.551417    0.547806    0.718104    3.157102    0.564626    0.551417    0.520548    0.547806    0.894231    0.926554    0.500000    0.509655    4800        698.181818  0.057917    0.161606    0.391515    7.578634   
[36mINFO[0m 08/01 02:05:10 | 0.551020    0.575342    0.000000    0.668269    0.555283    0.641850    0.702409    3.060946    0.551020    0.555283    0.575342    0.641850    0.836538    0.942750    0.500000    0.462069    4900        712.727273  0.042193    0.161432    0.390134    7.578634   
[36mINFO[0m 08/01 02:05:26 | 0.554422    0.616438    0.000000    0.663105    0.541398    0.593652    0.687773    4.263656    0.554422    0.541398    0.616438    0.593652    0.807692    0.898305    0.518519    0.477241    5000        727.272727  0.041844    0.161515    0.391708    7.578634   
[36mINFO[0m 08/01 02:05:26 | ---
[36mINFO[0m 08/01 02:05:26 | oracle = 53.401%
[36mINFO[0m 08/01 02:05:26 | iid = 54.422%
[36mINFO[0m 08/01 02:05:26 | last = 55.442%
[36mINFO[0m 08/01 02:05:26 | last (inD) = 66.311%
[36mINFO[0m 08/01 02:05:26 | iid (inD) = 73.896%
[36mINFO[0m 08/01 02:05:27 | 
[36mINFO[0m 08/01 02:05:27 | Testenv name escaping te_01 -> te_01
[36mINFO[0m 08/01 02:05:27 | Test envs = [1], name = te_01
[36mINFO[0m 08/01 02:05:27 | Batch sizes for each domain: [32, 0, 32] (total=64)
[36mINFO[0m 08/01 02:05:27 | steps-per-epoch for each domain: 9.19, 6.88 -> min = 6.88
/home/s21_yhr/miniconda3/envs/GGA/lib/python3.11/site-packages/torchvision/models/_utils.py:208: UserWarning: The parameter 'pretrained' is deprecated since 0.13 and may be removed in the future, please use 'weights' instead.
  warnings.warn(
/home/s21_yhr/miniconda3/envs/GGA/lib/python3.11/site-packages/torchvision/models/_utils.py:223: UserWarning: Arguments other than a weight enum or `None` for 'weights' are deprecated since 0.13 and may be removed in the future. The current behavior is equivalent to passing `weights=ResNet50_Weights.IMAGENET1K_V1`. You can also use `weights=ResNet50_Weights.DEFAULT` to get the most up-to-date weights.
  warnings.warn(msg)
[36mINFO[0m 08/01 02:05:29 | # of params = 23512130
[36mINFO[0m 08/01 02:05:29 | test_in     test_out    train_in    train_out   test_in_au  train_out_  tr_outloss  test_out_a  env0_out    env0_out_a  env1_in     env1_in_au  env1_out    env1_out_a  env2_out    env2_out_a  step        epoch       loss        step_time   eval_time   mem_gb     
[36mINFO[0m 08/01 02:05:29 | 0.532220    0.567308    0.000000    0.563039    0.588033    0.539232    0.681860    0.644068    0.589041    0.544671    0.532220    0.588033    0.567308    0.644068    0.537037    0.533793    0           0.000000    0.717745    0.164394    0.542162    7.364028   
[36mINFO[0m 08/01 02:05:46 | 0.656325    0.682692    0.000000    0.563039    0.687030    0.600000    0.678873    0.784181    0.589041    0.586207    0.656325    0.687030    0.682692    0.784181    0.537037    0.613793    100         14.545455   0.675989    0.162858    0.504558    7.578634   
[36mINFO[0m 08/01 02:06:03 | 0.587112    0.682692    0.000000    0.595637    0.626647    0.620784    0.838105    0.710358    0.561644    0.622257    0.587112    0.626647    0.682692    0.710358    0.629630    0.619310    200         29.090909   0.610345    0.162559    0.496819    7.578634   
[36mINFO[0m 08/01 02:06:20 | 0.565632    0.644231    0.000000    0.517123    0.593686    0.531897    1.149917    0.674576    0.534247    0.560345    0.565632    0.593686    0.644231    0.674576    0.500000    0.503448    300         43.636364   0.462307    0.162593    0.492297    7.578634   
[36mINFO[0m 08/01 02:06:36 | 0.558473    0.663462    0.000000    0.544901    0.576499    0.583213    1.223855    0.685122    0.534247    0.634013    0.558473    0.576499    0.663462    0.685122    0.555556    0.532414    400         58.181818   0.310627    0.161901    0.484869    7.578634   
[36mINFO[0m 08/01 02:06:53 | 0.498807    0.576923    0.000000    0.519533    0.498427    0.555674    2.291564    0.610546    0.520548    0.617555    0.498807    0.498427    0.576923    0.610546    0.518519    0.493793    500         72.727273   0.213161    0.161793    0.483623    7.578634   
[36mINFO[0m 08/01 02:07:10 | 0.489260    0.634615    0.000000    0.537671    0.477821    0.573574    1.945531    0.577401    0.575342    0.663009    0.489260    0.477821    0.634615    0.577401    0.500000    0.484138    600         87.272727   0.189569    0.161823    0.482631    7.578634   
[36mINFO[0m 08/01 02:07:26 | 0.563246    0.586538    0.000000    0.561010    0.550878    0.582335    1.944331    0.610546    0.547945    0.630878    0.563246    0.550878    0.586538    0.610546    0.574074    0.533793    700         101.818182  0.150807    0.161681    0.477544    7.578634   
[36mINFO[0m 08/01 02:07:43 | 0.536993    0.586538    0.000000    0.563039    0.524983    0.566959    2.361780    0.612053    0.589041    0.633229    0.536993    0.524983    0.586538    0.612053    0.537037    0.500690    800         116.363636  0.115835    0.161678    0.487869    7.578634   
[36mINFO[0m 08/01 02:08:00 | 0.482100    0.605769    0.000000    0.590436    0.492227    0.583871    2.474049    0.595480    0.643836    0.644984    0.482100    0.492227    0.605769    0.595480    0.537037    0.522759    900         130.909091  0.110370    0.161849    0.483433    7.578634   
[36mINFO[0m 08/01 02:08:16 | 0.536993    0.615385    0.000000    0.533232    0.494279    0.560596    2.266390    0.552919    0.547945    0.619122    0.536993    0.494279    0.615385    0.552919    0.518519    0.502069    1000        145.454545  0.101456    0.161669    0.487257    7.578634   
[36mINFO[0m 08/01 02:08:33 | 0.520286    0.634615    0.000000    0.547311    0.520401    0.541897    2.445388    0.611299    0.520548    0.594828    0.520286    0.520401    0.634615    0.611299    0.574074    0.488966    1100        160.000000  0.104417    0.161836    0.482476    7.578634   
[36mINFO[0m 08/01 02:08:50 | 0.467780    0.557692    0.000000    0.546930    0.447721    0.585455    3.684224    0.557815    0.575342    0.659875    0.467780    0.447721    0.557692    0.557815    0.518519    0.511034    1200        174.545455  0.090308    0.161851    0.483742    7.578634   
[36mINFO[0m 08/01 02:09:06 | 0.498807    0.644231    0.000000    0.563420    0.479998    0.572053    3.367380    0.607910    0.534247    0.626176    0.498807    0.479998    0.644231    0.607910    0.592593    0.517931    1300        189.090909  0.085965    0.161770    0.478652    7.578634   
[36mINFO[0m 08/01 02:09:23 | 0.491647    0.625000    0.000000    0.574708    0.521404    0.583072    3.057118    0.639925    0.575342    0.648903    0.491647    0.521404    0.625000    0.639925    0.574074    0.517241    1400        203.636364  0.078961    0.161867    0.479922    7.578634   
[36mINFO[0m 08/01 02:09:40 | 0.522673    0.644231    0.000000    0.556190    0.529964    0.577367    3.040761    0.643315    0.575342    0.645768    0.522673    0.529964    0.644231    0.643315    0.537037    0.508966    1500        218.181818  0.082177    0.161904    0.481258    7.578634   
[36mINFO[0m 08/01 02:09:57 | 0.529833    0.596154    0.000000    0.560629    0.513654    0.596536    2.811114    0.589077    0.602740    0.660658    0.529833    0.513654    0.596154    0.589077    0.518519    0.532414    1600        232.727273  0.079985    0.161779    0.482041    7.578634   
[36mINFO[0m 08/01 02:10:13 | 0.517900    0.634615    0.000000    0.535261    0.539298    0.601646    2.818979    0.637288    0.589041    0.699843    0.517900    0.539298    0.634615    0.637288    0.481481    0.503448    1700        247.272727  0.084677    0.161612    0.475951    7.578634   
[36mINFO[0m 08/01 02:10:30 | 0.527446    0.644231    0.000000    0.586377    0.538306    0.597939    3.385477    0.601130    0.561644    0.652429    0.527446    0.538306    0.644231    0.601130    0.611111    0.543448    1800        261.818182  0.062020    0.161581    0.484548    7.578634   
[36mINFO[0m 08/01 02:10:46 | 0.501193    0.615385    0.000000    0.588026    0.471324    0.610172    3.614983    0.562900    0.657534    0.698276    0.501193    0.471324    0.615385    0.562900    0.518519    0.522069    1900        276.363636  0.057715    0.161401    0.481003    7.578634   
[36mINFO[0m 08/01 02:11:03 | 0.529833    0.576923    0.000000    0.574328    0.501915    0.598182    3.679458    0.565537    0.630137    0.688088    0.529833    0.501915    0.576923    0.565537    0.518519    0.508276    2000        290.909091  0.083481    0.161431    0.486244    7.578634   
[36mINFO[0m 08/01 02:11:20 | 0.503580    0.605769    0.000000    0.555809    0.483588    0.577445    2.572928    0.607156    0.630137    0.687304    0.503580    0.483588    0.605769    0.607156    0.481481    0.467586    2100        305.454545  0.063663    0.161187    0.478185    7.578634   
[36mINFO[0m 08/01 02:11:36 | 0.520286    0.586538    0.000000    0.542111    0.505494    0.600125    2.960489    0.607533    0.602740    0.697492    0.520286    0.505494    0.586538    0.607533    0.481481    0.502759    2200        320.000000  0.060058    0.161171    0.485132    7.578634   
[36mINFO[0m 08/01 02:11:53 | 0.503580    0.644231    0.000000    0.590436    0.518509    0.577179    3.256228    0.638041    0.643836    0.659875    0.503580    0.518509    0.644231    0.638041    0.537037    0.494483    2300        334.545455  0.064538    0.161218    0.479767    7.578634   
[36mINFO[0m 08/01 02:12:10 | 0.522673    0.634615    0.000000    0.553780    0.530180    0.574091    2.991131    0.654614    0.589041    0.654389    0.522673    0.530180    0.634615    0.654614    0.518519    0.493793    2400        349.090909  0.057369    0.161115    0.486379    7.578634   
[36mINFO[0m 08/01 02:12:26 | 0.501193    0.625000    0.000000    0.588026    0.478755    0.592132    3.802110    0.610546    0.657534    0.702194    0.501193    0.478755    0.625000    0.610546    0.518519    0.482069    2500        363.636364  0.056555    0.161192    0.481150    7.578634   
[36mINFO[0m 08/01 02:12:43 | 0.498807    0.634615    0.000000    0.560629    0.479132    0.599483    2.978296    0.631073    0.602740    0.698276    0.498807    0.479132    0.634615    0.631073    0.518519    0.500690    2600        378.181818  0.055294    0.161169    0.487423    7.578634   
[36mINFO[0m 08/01 02:12:59 | 0.489260    0.586538    0.000000    0.560629    0.454023    0.584373    2.903120    0.565725    0.602740    0.676332    0.489260    0.454023    0.586538    0.565725    0.518519    0.492414    2700        392.727273  0.053804    0.161389    0.485756    7.578634   
[36mINFO[0m 08/01 02:13:16 | 0.467780    0.567308    0.000000    0.581177    0.487212    0.587618    4.014339    0.600000    0.643836    0.713166    0.467780    0.487212    0.567308    0.600000    0.518519    0.462069    2800        407.272727  0.050456    0.161327    0.486540    7.578634   
[36mINFO[0m 08/01 02:13:33 | 0.532220    0.644231    0.000000    0.553399    0.553453    0.578041    3.035412    0.668173    0.643836    0.668495    0.532220    0.553453    0.644231    0.668173    0.462963    0.487586    2900        421.818182  0.047894    0.161214    0.484764    7.578634   
[36mINFO[0m 08/01 02:13:49 | 0.515513    0.625000    0.000000    0.560629    0.527354    0.561944    4.451831    0.593597    0.602740    0.664577    0.515513    0.527354    0.625000    0.593597    0.518519    0.459310    3000        436.363636  0.044486    0.161372    0.484047    7.578634   
[36mINFO[0m 08/01 02:14:06 | 0.525060    0.576923    0.000000    0.551370    0.512890    0.601121    4.099560    0.599812    0.602740    0.711207    0.525060    0.512890    0.576923    0.599812    0.500000    0.491034    3100        450.909091  0.055574    0.161386    0.483745    7.578634   
[36mINFO[0m 08/01 02:14:23 | 0.517900    0.634615    0.000000    0.558600    0.514725    0.579545    3.020708    0.629755    0.561644    0.641850    0.517900    0.514725    0.634615    0.629755    0.555556    0.517241    3200        465.454545  0.060634    0.161258    0.490555    7.578634   
[36mINFO[0m 08/01 02:14:39 | 0.520286    0.615385    0.000000    0.581177    0.512765    0.585940    2.904058    0.624105    0.643836    0.713950    0.520286    0.512765    0.615385    0.624105    0.518519    0.457931    3300        480.000000  0.050079    0.161193    0.480996    7.578634   
[36mINFO[0m 08/01 02:14:56 | 0.515513    0.576923    0.000000    0.610984    0.520162    0.579687    4.011090    0.629002    0.684932    0.678683    0.515513    0.520162    0.576923    0.629002    0.537037    0.480690    3400        494.545455  0.053256    0.161344    0.487145    7.578634   
[36mINFO[0m 08/01 02:15:12 | 0.539379    0.615385    0.000000    0.558219    0.530568    0.571505    2.598074    0.633522    0.616438    0.663009    0.539379    0.530568    0.615385    0.633522    0.500000    0.480000    3500        509.090909  0.077213    0.161274    0.482938    7.578634   
[36mINFO[0m 08/01 02:15:29 | 0.510740    0.557692    0.000000    0.535261    0.516207    0.530345    3.011950    0.578154    0.589041    0.620690    0.510740    0.516207    0.557692    0.578154    0.481481    0.440000    3600        523.636364  0.051096    0.161253    0.489032    7.578634   
[36mINFO[0m 08/01 02:15:46 | 0.498807    0.567308    0.000000    0.558600    0.485560    0.556661    3.927492    0.531638    0.561644    0.634013    0.498807    0.485560    0.567308    0.531638    0.555556    0.479310    3700        538.181818  0.041108    0.161271    0.482499    7.578634   
[36mINFO[0m 08/01 02:16:02 | 0.532220    0.576923    0.000000    0.539701    0.530408    0.577923    3.440265    0.576271    0.616438    0.692398    0.532220    0.530408    0.576923    0.576271    0.462963    0.463448    3800        552.727273  0.043267    0.161211    0.488285    7.578634   
[36mINFO[0m 08/01 02:16:19 | 0.539379    0.625000    0.000000    0.530441    0.538261    0.548871    3.960340    0.625235    0.616438    0.653605    0.539379    0.538261    0.625000    0.625235    0.444444    0.444138    3900        567.272727  0.046354    0.161004    0.485856    7.578634   
[36mINFO[0m 08/01 02:16:35 | 0.548926    0.634615    0.000000    0.533232    0.557921    0.562759    3.240872    0.665160    0.547945    0.620690    0.548926    0.557921    0.634615    0.665160    0.518519    0.504828    4000        581.818182  0.044048    0.161481    0.489393    7.578634   
[36mINFO[0m 08/01 02:16:52 | 0.489260    0.548077    0.000000    0.569508    0.512605    0.590345    2.753547    0.609793    0.657534    0.689655    0.489260    0.512605    0.548077    0.609793    0.481481    0.491034    4100        596.363636  0.040811    0.161171    0.480240    7.578634   
[36mINFO[0m 08/01 02:17:09 | 0.474940    0.538462    0.000000    0.539701    0.466332    0.583903    4.464083    0.523164    0.616438    0.702978    0.474940    0.466332    0.538462    0.523164    0.462963    0.464828    4200        610.909091  0.040064    0.161399    0.489099    7.578634   
[36mINFO[0m 08/01 02:17:25 | 0.529833    0.615385    0.000000    0.571918    0.527650    0.598918    3.191647    0.624482    0.643836    0.706113    0.529833    0.527650    0.615385    0.624482    0.500000    0.491724    4300        625.454545  0.041184    0.161220    0.485772    7.578634   
[36mINFO[0m 08/01 02:17:42 | 0.539379    0.576923    0.000000    0.567478    0.547698    0.600690    3.475664    0.609416    0.616438    0.706897    0.539379    0.547698    0.576923    0.609416    0.518519    0.494483    4400        640.000000  0.042569    0.161306    0.490728    7.578634   
[36mINFO[0m 08/01 02:17:59 | 0.527446    0.596154    0.000000    0.537291    0.516697    0.591082    3.541728    0.618456    0.630137    0.707680    0.527446    0.516697    0.596154    0.618456    0.444444    0.474483    4500        654.545455  0.040736    0.161055    0.483057    7.578634   
[36mINFO[0m 08/01 02:18:15 | 0.508353    0.596154    0.000000    0.535261    0.489663    0.552759    4.362727    0.535970    0.589041    0.655172    0.508353    0.489663    0.596154    0.535970    0.481481    0.450345    4600        669.090909  0.041572    0.161300    0.488717    7.578634   
[36mINFO[0m 08/01 02:18:32 | 0.548926    0.605769    0.000000    0.597286    0.544130    0.597539    2.771686    0.626365    0.657534    0.688871    0.548926    0.544130    0.605769    0.626365    0.537037    0.506207    4700        683.636364  0.049670    0.160879    0.482453    7.578634   
[36mINFO[0m 08/01 02:18:48 | 0.534606    0.557692    0.000000    0.551370    0.502222    0.572179    3.733366    0.582674    0.602740    0.651254    0.534606    0.502222    0.557692    0.582674    0.500000    0.493103    4800        698.181818  0.038517    0.161259    0.488074    7.578634   
[36mINFO[0m 08/01 02:19:05 | 0.534606    0.625000    0.000000    0.592846    0.516959    0.587351    4.019376    0.627495    0.630137    0.685737    0.534606    0.516959    0.625000    0.627495    0.555556    0.488966    4900        712.727273  0.039370    0.161153    0.478039    7.578634   
[36mINFO[0m 08/01 02:19:22 | 0.484487    0.480769    0.000000    0.534881    0.466560    0.550149    4.853603    0.494162    0.643836    0.689263    0.484487    0.466560    0.480769    0.494162    0.425926    0.411034    5000        727.272727  0.038204    0.161560    0.489543    7.578634   
[36mINFO[0m 08/01 02:19:22 | ---
[36mINFO[0m 08/01 02:19:22 | oracle = 65.632%
[36mINFO[0m 08/01 02:19:22 | iid = 51.551%
[36mINFO[0m 08/01 02:19:22 | last = 48.449%
[36mINFO[0m 08/01 02:19:22 | last (inD) = 53.488%
[36mINFO[0m 08/01 02:19:22 | iid (inD) = 61.098%
[36mINFO[0m 08/01 02:19:22 | 
[36mINFO[0m 08/01 02:19:22 | Testenv name escaping te_02 -> te_02
[36mINFO[0m 08/01 02:19:22 | Test envs = [2], name = te_02
[36mINFO[0m 08/01 02:19:22 | Batch sizes for each domain: [32, 32, 0] (total=64)
[36mINFO[0m 08/01 02:19:22 | steps-per-epoch for each domain: 9.19, 13.09 -> min = 9.19
/home/s21_yhr/miniconda3/envs/GGA/lib/python3.11/site-packages/torchvision/models/_utils.py:208: UserWarning: The parameter 'pretrained' is deprecated since 0.13 and may be removed in the future, please use 'weights' instead.
  warnings.warn(
/home/s21_yhr/miniconda3/envs/GGA/lib/python3.11/site-packages/torchvision/models/_utils.py:223: UserWarning: Arguments other than a weight enum or `None` for 'weights' are deprecated since 0.13 and may be removed in the future. The current behavior is equivalent to passing `weights=ResNet50_Weights.IMAGENET1K_V1`. You can also use `weights=ResNet50_Weights.DEFAULT` to get the most up-to-date weights.
  warnings.warn(msg)
[36mINFO[0m 08/01 02:19:24 | # of params = 23512130
[36mINFO[0m 08/01 02:19:25 | test_in     test_out    train_in    train_out   test_in_au  train_out_  tr_outloss  test_out_a  env0_out    env0_out_a  env1_out    env1_out_a  env2_in     env2_in_au  env2_out    env2_out_a  step        epoch       loss        step_time   eval_time   mem_gb     
[36mINFO[0m 08/01 02:19:25 | 0.581818    0.537037    0.000000    0.585024    0.573115    0.624488    0.695214    0.393103    0.602740    0.466301    0.567308    0.782674    0.581818    0.573115    0.537037    0.393103    0           0.000000    0.721664    0.160601    0.367084    7.364028   
[36mINFO[0m 08/01 02:19:41 | 0.572727    0.462963    0.000000    0.709299    0.644361    0.806849    0.583063    0.525517    0.630137    0.663793    0.788462    0.949906    0.572727    0.644361    0.462963    0.525517    100         10.884354   0.660241    0.161789    0.343672    7.578634   
[36mINFO[0m 08/01 02:19:58 | 0.604545    0.537037    0.000000    0.722405    0.646739    0.786179    0.534217    0.521379    0.589041    0.617555    0.855769    0.954802    0.604545    0.646739    0.537037    0.521379    200         21.768707   0.593943    0.161955    0.346422    7.578634   
[36mINFO[0m 08/01 02:20:14 | 0.581818    0.481481    0.000000    0.734062    0.565897    0.788214    0.632064    0.532414    0.602740    0.625392    0.865385    0.951036    0.581818    0.565897    0.481481    0.532414    300         32.653061   0.481925    0.161558    0.337581    7.578634   
[36mINFO[0m 08/01 02:20:31 | 0.559091    0.537037    0.000000    0.699816    0.583135    0.731505    0.720553    0.561379    0.534247    0.536834    0.865385    0.926177    0.559091    0.583135    0.537037    0.561379    400         43.537415   0.385025    0.161316    0.341247    7.578634   
[36mINFO[0m 08/01 02:20:47 | 0.536364    0.500000    0.000000    0.705940    0.582626    0.762136    0.924464    0.467586    0.575342    0.591693    0.836538    0.932580    0.536364    0.582626    0.500000    0.467586    500         54.421769   0.323173    0.161242    0.337814    7.578634   
[36mINFO[0m 08/01 02:21:04 | 0.590909    0.592593    0.000000    0.714239    0.595958    0.739029    1.334860    0.579310    0.534247    0.526646    0.894231    0.951412    0.590909    0.595958    0.592593    0.579310    600         65.306122   0.228950    0.161234    0.339595    7.578634   
[36mINFO[0m 08/01 02:21:20 | 0.513636    0.500000    0.000000    0.718322    0.557150    0.750861    1.052082    0.503448    0.561644    0.554075    0.875000    0.947646    0.513636    0.557150    0.500000    0.503448    700         76.190476   0.207619    0.161119    0.332594    7.578634   
[36mINFO[0m 08/01 02:21:37 | 0.540909    0.555556    0.000000    0.716280    0.594260    0.739090    1.190153    0.520000    0.547945    0.529781    0.884615    0.948399    0.540909    0.594260    0.555556    0.520000    800         87.074830   0.173586    0.161131    0.334285    7.578634   
[36mINFO[0m 08/01 02:21:53 | 0.600000    0.518519    0.000000    0.729254    0.643257    0.771431    1.712862    0.586207    0.602740    0.585423    0.855769    0.957439    0.600000    0.643257    0.518519    0.586207    900         97.959184   0.169771    0.161359    0.357914    7.578634   
[36mINFO[0m 08/01 02:22:10 | 0.568182    0.537037    0.000000    0.702582    0.618971    0.741909    1.278416    0.533793    0.520548    0.539185    0.884615    0.944633    0.568182    0.618971    0.537037    0.533793    1000        108.843537  0.151586    0.161823    0.347839    7.578634   
[36mINFO[0m 08/01 02:22:26 | 0.559091    0.537037    0.000000    0.744402    0.611838    0.766978    1.700658    0.582069    0.575342    0.579154    0.913462    0.954802    0.559091    0.611838    0.537037    0.582069    1100        119.727891  0.124994    0.161638    0.342912    7.578634   
[36mINFO[0m 08/01 02:22:43 | 0.518182    0.500000    0.000000    0.727937    0.550102    0.738972    1.610006    0.579310    0.561644    0.543103    0.894231    0.934840    0.518182    0.550102    0.500000    0.579310    1200        130.612245  0.125350    0.161708    0.334676    7.578634   
[36mINFO[0m 08/01 02:22:59 | 0.568182    0.444444    0.000000    0.666162    0.560037    0.739373    1.979715    0.475862    0.534247    0.554075    0.798077    0.924670    0.568182    0.560037    0.444444    0.475862    1300        141.496599  0.120041    0.161388    0.342241    7.578634   
[36mINFO[0m 08/01 02:23:16 | 0.522727    0.481481    0.000000    0.739594    0.581776    0.790312    1.353839    0.535172    0.575342    0.607367    0.903846    0.973258    0.522727    0.581776    0.481481    0.535172    1400        152.380952  0.111002    0.161176    0.335743    7.578634   
[36mINFO[0m 08/01 02:23:32 | 0.540909    0.592593    0.000000    0.716280    0.597147    0.761237    2.110456    0.554483    0.547945    0.574451    0.884615    0.948023    0.540909    0.597147    0.592593    0.554483    1500        163.265306  0.103072    0.161171    0.337621    7.578634   
[36mINFO[0m 08/01 02:23:49 | 0.581818    0.592593    0.000000    0.705940    0.580333    0.762993    1.526268    0.568276    0.575342    0.577586    0.836538    0.948399    0.581818    0.580333    0.592593    0.568276    1600        174.149660  0.106363    0.161048    0.341965    7.578634   
[36mINFO[0m 08/01 02:24:05 | 0.559091    0.518519    0.000000    0.694283    0.571926    0.757188    1.428836    0.561379    0.561644    0.598746    0.826923    0.915631    0.559091    0.571926    0.518519    0.561379    1700        185.034014  0.086218    0.161291    0.342646    7.578634   
[36mINFO[0m 08/01 02:24:22 | 0.540909    0.537037    0.000000    0.683351    0.581861    0.746763    1.537027    0.482759    0.520548    0.556426    0.846154    0.937100    0.540909    0.581861    0.537037    0.482759    1800        195.918367  0.088436    0.161526    0.343071    7.578634   
[36mINFO[0m 08/01 02:24:38 | 0.509091    0.462963    0.000000    0.663396    0.568105    0.748671    2.178324    0.473103    0.547945    0.567398    0.778846    0.929944    0.509091    0.568105    0.462963    0.473103    1900        206.802721  0.089818    0.161243    0.339144    7.578634   
[36mINFO[0m 08/01 02:24:55 | 0.545455    0.555556    0.000000    0.731296    0.586702    0.790498    1.371333    0.568276    0.616438    0.636364    0.846154    0.944633    0.545455    0.586702    0.555556    0.568276    2000        217.687075  0.101214    0.161324    0.338221    7.578634   
[36mINFO[0m 08/01 02:25:11 | 0.572727    0.555556    0.000000    0.698367    0.587551    0.757137    1.192015    0.576552    0.589041    0.605799    0.807692    0.908475    0.572727    0.587551    0.555556    0.576552    2100        228.571429  0.085285    0.161328    0.338453    7.578634   
[36mINFO[0m 08/01 02:25:28 | 0.550000    0.537037    0.000000    0.687434    0.608016    0.752930    1.543626    0.543448    0.547945    0.583072    0.826923    0.922787    0.550000    0.608016    0.537037    0.543448    2200        239.455782  0.089574    0.161164    0.339888    7.578634   
[36mINFO[0m 08/01 02:25:44 | 0.581818    0.629630    0.000000    0.724447    0.597911    0.737952    1.948055    0.590345    0.602740    0.568182    0.846154    0.907721    0.581818    0.597911    0.629630    0.590345    2300        250.340136  0.081910    0.161114    0.337884    7.578634   
[36mINFO[0m 08/01 02:26:01 | 0.572727    0.537037    0.000000    0.738870    0.592816    0.776859    1.218318    0.524138    0.602740    0.612853    0.875000    0.940866    0.572727    0.592816    0.537037    0.524138    2400        261.224490  0.074496    0.161217    0.341503    7.578634   
[36mINFO[0m 08/01 02:26:17 | 0.550000    0.555556    0.000000    0.706665    0.565982    0.752686    1.514023    0.573793    0.547945    0.570533    0.865385    0.934840    0.550000    0.565982    0.555556    0.573793    2500        272.108844  0.079273    0.161225    0.340509    7.578634   
[36mINFO[0m 08/01 02:26:33 | 0.531818    0.518519    0.000000    0.723130    0.579271    0.751927    1.621700    0.481379    0.561644    0.579937    0.884615    0.923917    0.531818    0.579271    0.518519    0.481379    2600        282.993197  0.075895    0.161337    0.337553    7.578634   
[36mINFO[0m 08/01 02:26:50 | 0.604545    0.555556    0.000000    0.682626    0.596552    0.759051    1.950491    0.528276    0.547945    0.607367    0.817308    0.910734    0.604545    0.596552    0.555556    0.528276    2700        293.877551  0.057834    0.161006    0.337458    7.578634   
[36mINFO[0m 08/01 02:27:06 | 0.540909    0.500000    0.000000    0.692242    0.590863    0.755749    1.720246    0.532414    0.547945    0.592476    0.836538    0.919021    0.540909    0.590863    0.500000    0.532414    2800        304.761905  0.064705    0.161035    0.340076    7.578634   
[36mINFO[0m 08/01 02:27:23 | 0.609091    0.537037    0.000000    0.719639    0.598760    0.780951    1.552862    0.584828    0.602740    0.619906    0.836538    0.941996    0.609091    0.598760    0.537037    0.584828    2900        315.646259  0.078741    0.160984    0.338094    7.578634   
[36mINFO[0m 08/01 02:27:39 | 0.509091    0.537037    0.000000    0.677819    0.569166    0.755011    2.717989    0.535862    0.547945    0.593260    0.807692    0.916761    0.509091    0.569166    0.537037    0.535862    3000        326.530612  0.063160    0.161002    0.340165    7.578634   
[36mINFO[0m 08/01 02:27:56 | 0.540909    0.425926    0.000000    0.664120    0.549168    0.732505    1.679418    0.419310    0.520548    0.568966    0.807692    0.896045    0.540909    0.549168    0.425926    0.419310    3100        337.414966  0.074653    0.161250    0.339836    7.578634   
[36mINFO[0m 08/01 02:28:12 | 0.595455    0.537037    0.000000    0.714831    0.594302    0.758501    1.967985    0.535172    0.602740    0.608150    0.826923    0.908851    0.595455    0.594302    0.537037    0.535172    3200        348.299320  0.055957    0.161213    0.344284    7.578634   
[36mINFO[0m 08/01 02:28:29 | 0.522727    0.462963    0.000000    0.679860    0.557320    0.733487    1.983854    0.408276    0.561644    0.580721    0.798077    0.886252    0.522727    0.557320    0.462963    0.408276    3300        359.183673  0.086880    0.161230    0.341991    7.578634   
[36mINFO[0m 08/01 02:28:45 | 0.522727    0.481481    0.000000    0.708707    0.565939    0.784217    1.846588    0.460690    0.561644    0.642633    0.855769    0.925800    0.522727    0.565939    0.481481    0.460690    3400        370.068027  0.076476    0.161571    0.343347    7.578634   
[36mINFO[0m 08/01 02:29:02 | 0.572727    0.537037    0.000000    0.727213    0.582965    0.756715    1.542804    0.459310    0.589041    0.603448    0.865385    0.909981    0.572727    0.582965    0.537037    0.459310    3500        380.952381  0.070088    0.161407    0.338479    7.578634   
[36mINFO[0m 08/01 02:29:18 | 0.509091    0.555556    0.000000    0.695008    0.527429    0.765982    1.530562    0.517241    0.534247    0.615204    0.855769    0.916761    0.509091    0.527429    0.555556    0.517241    3600        391.836735  0.053222    0.161464    0.340254    7.578634   
[36mINFO[0m 08/01 02:29:35 | 0.490909    0.481481    0.000000    0.699091    0.508704    0.737546    2.597304    0.448276    0.561644    0.576411    0.836538    0.898682    0.490909    0.508704    0.481481    0.448276    3700        402.721088  0.060639    0.161452    0.338950    7.578634   
[36mINFO[0m 08/01 02:29:51 | 0.554545    0.629630    0.000000    0.679136    0.533798    0.766019    2.272091    0.543448    0.589041    0.607367    0.769231    0.924670    0.554545    0.533798    0.629630    0.543448    3800        413.605442  0.065795    0.161468    0.343232    7.578634   
[36mINFO[0m 08/01 02:30:08 | 0.490909    0.481481    0.000000    0.723722    0.506454    0.770366    1.536906    0.515862    0.630137    0.656740    0.817308    0.883992    0.490909    0.506454    0.481481    0.515862    3900        424.489796  0.070062    0.161362    0.340956    7.578634   
[36mINFO[0m 08/01 02:30:24 | 0.550000    0.555556    0.000000    0.699091    0.591245    0.785763    1.994045    0.533793    0.561644    0.654389    0.836538    0.917137    0.550000    0.591245    0.555556    0.533793    4000        435.374150  0.052647    0.161502    0.344432    7.578634   
[36mINFO[0m 08/01 02:30:41 | 0.618182    0.574074    0.000000    0.680585    0.605129    0.750652    2.564919    0.521379    0.534247    0.611285    0.826923    0.890019    0.618182    0.605129    0.574074    0.521379    4100        446.258503  0.053204    0.161556    0.338488    7.578634   
[36mINFO[0m 08/01 02:30:57 | 0.572727    0.462963    0.000000    0.673011    0.600968    0.739404    2.230882    0.475862    0.547945    0.604232    0.798077    0.874576    0.572727    0.600968    0.462963    0.475862    4200        457.142857  0.056398    0.161468    0.340767    7.578634   
[36mINFO[0m 08/01 02:31:14 | 0.559091    0.592593    0.000000    0.708707    0.582753    0.766696    2.342911    0.564138    0.561644    0.603448    0.855769    0.929944    0.559091    0.582753    0.592593    0.564138    4300        468.027211  0.055563    0.161744    0.336835    7.578634   
[36mINFO[0m 08/01 02:31:30 | 0.545455    0.537037    0.000000    0.717597    0.547045    0.771146    1.720159    0.521379    0.589041    0.638715    0.846154    0.903578    0.545455    0.547045    0.537037    0.521379    4400        478.911565  0.066961    0.161483    0.340264    7.578634   
[36mINFO[0m 08/01 02:31:47 | 0.568182    0.574074    0.000000    0.694283    0.585301    0.740825    2.186326    0.525517    0.561644    0.590125    0.826923    0.891525    0.568182    0.585301    0.574074    0.525517    4500        489.795918  0.054492    0.161426    0.339662    7.578634   
[36mINFO[0m 08/01 02:32:03 | 0.550000    0.500000    0.000000    0.682626    0.632473    0.732554    1.873156    0.557931    0.547945    0.590909    0.817308    0.874200    0.550000    0.632473    0.500000    0.557931    4600        500.680272  0.078963    0.161284    0.339071    7.578634   
[36mINFO[0m 08/01 02:32:20 | 0.581818    0.537037    0.000000    0.722405    0.609205    0.759561    1.782274    0.562759    0.589041    0.594828    0.855769    0.924294    0.581818    0.609205    0.537037    0.562759    4700        511.564626  0.061426    0.161105    0.339288    7.578634   
[36mINFO[0m 08/01 02:32:36 | 0.577273    0.611111    0.000000    0.693559    0.587551    0.748284    2.301585    0.537931    0.589041    0.596003    0.798077    0.900565    0.577273    0.587551    0.611111    0.537931    4800        522.448980  0.043679    0.161228    0.340559    7.578634   
[36mINFO[0m 08/01 02:32:53 | 0.631818    0.611111    0.000000    0.724447    0.595958    0.775214    1.588704    0.605517    0.602740    0.634796    0.846154    0.915631    0.631818    0.595958    0.611111    0.605517    4900        533.333333  0.045991    0.161411    0.340222    7.578634   
[36mINFO[0m 08/01 02:33:09 | 0.581818    0.518519    0.000000    0.721681    0.569378    0.789348    1.837784    0.588966    0.616438    0.669279    0.826923    0.909416    0.581818    0.569378    0.518519    0.588966    5000        544.217687  0.049833    0.161318    0.339374    7.578634   
[36mINFO[0m 08/01 02:33:09 | ---
[36mINFO[0m 08/01 02:33:09 | oracle = 58.182%
[36mINFO[0m 08/01 02:33:09 | iid = 55.909%
[36mINFO[0m 08/01 02:33:09 | last = 58.182%
[36mINFO[0m 08/01 02:33:09 | last (inD) = 72.168%
[36mINFO[0m 08/01 02:33:09 | iid (inD) = 74.440%
[36mINFO[0m 08/01 02:33:10 | === Summary ===
[36mINFO[0m 08/01 02:33:10 | Command: /home/s21_yhr/lzh/DomainBed-new/train_all.py HTP_ALOFT_E_seed2 --dataset HTP --data_dir /home/s21_yhr/lzh/DomainBed-new/dataset --algorithm ALOFT_E --steps 5000 --checkpoint_freq 100 --batch_size 32 --optimizer adam --lr 5e-5 --weight_decay 0 --resnet_dropout 0 --resnet18 False --pretrained True --freeze_bn True --swad False --seed 2 --trial_seed 2 --deterministic --prebuild_loader --cache_size 256 --aloft_alpha 1.0 --aloft_mask_ratio 0.5 --aloft_perturb_prob 1.0
[36mINFO[0m 08/01 02:33:10 | Unique name: 260801_01-51-35_HTP_ALOFT_E_seed2
[36mINFO[0m 08/01 02:33:10 | Out path: train_output/HTP/260801_01-51-35_HTP_ALOFT_E_seed2
[36mINFO[0m 08/01 02:33:10 | Algorithm: ALOFT_E
[36mINFO[0m 08/01 02:33:10 | Dataset: HTP
+------------+---------+---------+---------+---------+
| Selection  |    00   |    01   |    02   |   Avg.  |
+------------+---------+---------+---------+---------+
|   oracle   | 53.401% | 65.632% | 58.182% | 59.072% |
|    iid     | 54.422% | 51.551% | 55.909% | 53.961% |
|    last    | 55.442% | 48.449% | 58.182% | 54.024% |
| last (inD) | 66.311% | 53.488% | 72.168% | 63.989% |
| iid (inD)  | 73.896% | 61.098% | 74.440% | 69.812% |
+------------+---------+---------+---------+---------+
================================================================================
Starting ALOFT_E, seed=3, physical GPU=2
/home/s21_yhr/miniconda3/envs/GGA/bin/python /home/s21_yhr/lzh/DomainBed-new/train_all.py HTP_ALOFT_E_seed3 --dataset HTP --data_dir /home/s21_yhr/lzh/DomainBed-new/dataset --algorithm ALOFT_E --steps 5000 --checkpoint_freq 100 --batch_size 32 --optimizer adam --lr 5e-5 --weight_decay 0 --resnet_dropout 0 --resnet18 False --pretrained True --freeze_bn True --swad False --seed 3 --trial_seed 3 --deterministic --prebuild_loader --cache_size 256 --aloft_alpha 1.0 --aloft_mask_ratio 0.5 --aloft_perturb_prob 1.0
================================================================================
[36mINFO[0m 08/01 02:33:15 | Command :: /home/s21_yhr/lzh/DomainBed-new/train_all.py HTP_ALOFT_E_seed3 --dataset HTP --data_dir /home/s21_yhr/lzh/DomainBed-new/dataset --algorithm ALOFT_E --steps 5000 --checkpoint_freq 100 --batch_size 32 --optimizer adam --lr 5e-5 --weight_decay 0 --resnet_dropout 0 --resnet18 False --pretrained True --freeze_bn True --swad False --seed 3 --trial_seed 3 --deterministic --prebuild_loader --cache_size 256 --aloft_alpha 1.0 --aloft_mask_ratio 0.5 --aloft_perturb_prob 1.0
Environment:
	Python: 3.11.15
	PyTorch: 2.11.0+cu128
	Torchvision: 0.26.0+cu128
	CUDA: 12.8
	CUDNN: 91900
	NumPy: 1.26.4
	PIL: 12.2.0
Args:
	algorithm: ALOFT_E
	batch_size: 32
	cache_root: cache
	cache_size: 256
	checkpoint_freq: 100
	configs: []
	data_dir: /home/s21_yhr/lzh/DomainBed-new/dataset
	dataset: HTP
	debug: False
	deterministic: True
	end_step: 200
	evalmode: fast
	extra_search: n
	extra_search_end: None
	extra_search_start: None
	gga_l_gamma: 0.001
	grad_fn: sum
	holdout_fraction: 0.2
	model_save: None
	name: HTP_ALOFT_E_seed3
	neighborhoodSize: 1e-06
	out_dir: train_output/HTP/260801_02-33-14_HTP_ALOFT_E_seed3
	out_root: train_output/HTP
	prebuild_loader: True
	seed: 3
	show: False
	start_step: 100
	steps: 5000
	tb_freq: 10
	test_envs: None
	train_output: train_output
	trial_seed: 3
	unique_name: 260801_02-33-14_HTP_ALOFT_E_seed3
	work_dir: .
HParams:
	data_augmentation: True
	val_augment: False
	[36mresnet18: False
	[0m[36mresnet_dropout: 0
	[0mclass_balanced: False
	[36moptimizer: adam
	[0m[36mfreeze_bn: True
	[0m[36mpretrained: True
	[0m[36mlr: 5e-05
	[0mbatch_size: 32
	[36mweight_decay: 0
	[0m[36maloft_alpha: 1.0
	[0m[36maloft_mask_ratio: 0.5
	[0m[36maloft_perturb_prob: 1.0
	[0maloft_positions: 
	  - layer1
	  - layer2
	  - layer3
	[36mswad: False
	[0mswad_kwargs: 
	  n_converge: 3
	  n_tolerance: 6
	  tolerance_ratio: 0.3
	test_batchsize: 128
	indomain_test: False
	grad_fn: sum
	extra_search: n
	logdir: train_output/HTP/260801_02-33-14_HTP_ALOFT_E_seed3
	neighborhoodSize: 1e-06
	start_step: 100
	end_step: 200
	extra_search_start: None
	extra_search_end: None
	gga_l_gamma: 0.001
Dataset:
	[HTP] #envs=3, #classes=2
	env0: 00 (#367)
	env1: 01 (#523)
	env2: 02 (#274)

[36mINFO[0m 08/01 02:33:15 | n_steps = 5000
[36mINFO[0m 08/01 02:33:15 | checkpoint_freq = 100
[36mINFO[0m 08/01 02:33:15 | n_steps is updated to 5000 => 5001 for checkpointing
[36mINFO[0m 08/01 02:33:15 | Target test envs = [[0], [1], [2]]
[36mINFO[0m 08/01 02:33:15 | 
[36mINFO[0m 08/01 02:33:15 | Testenv name escaping te_00 -> te_00
[36mINFO[0m 08/01 02:33:15 | Test envs = [0], name = te_00
[36mINFO[0m 08/01 02:33:15 | Batch sizes for each domain: [0, 32, 32] (total=64)
[36mINFO[0m 08/01 02:33:15 | steps-per-epoch for each domain: 13.09, 6.88 -> min = 6.88
/home/s21_yhr/miniconda3/envs/GGA/lib/python3.11/site-packages/torchvision/models/_utils.py:208: UserWarning: The parameter 'pretrained' is deprecated since 0.13 and may be removed in the future, please use 'weights' instead.
  warnings.warn(
/home/s21_yhr/miniconda3/envs/GGA/lib/python3.11/site-packages/torchvision/models/_utils.py:223: UserWarning: Arguments other than a weight enum or `None` for 'weights' are deprecated since 0.13 and may be removed in the future. The current behavior is equivalent to passing `weights=ResNet50_Weights.IMAGENET1K_V1`. You can also use `weights=ResNet50_Weights.DEFAULT` to get the most up-to-date weights.
  warnings.warn(msg)
[36mINFO[0m 08/01 02:33:16 | # of params = 23512130
[36mINFO[0m 08/01 02:33:18 | test_in     test_out    train_in    train_out   test_in_au  test_out_a  train_out_  tr_outloss  env0_in     env0_in_au  env0_out    env0_out_a  env1_out    env1_out_a  env2_out    env2_out_a  step        epoch       loss        step_time   eval_time   mem_gb     
[36mINFO[0m 08/01 02:33:18 | 0.571429    0.589041    0.000000    0.537393    0.442697    0.488372    0.646898    0.791962    0.571429    0.442697    0.589041    0.488372    0.519231    0.734074    0.555556    0.559722    0           0.000000    0.729354    0.782799    0.552117    7.362074   
[36mINFO[0m 08/01 02:33:34 | 0.530612    0.602740    0.000000    0.733796    0.514220    0.654264    0.815833    0.539302    0.530612    0.514220    0.602740    0.654264    0.875000    0.945556    0.592593    0.686111    100         14.545455   0.597026    0.162938    0.402337    7.578634   
[36mINFO[0m 08/01 02:33:51 | 0.527211    0.561644    0.000000    0.699430    0.500992    0.667442    0.788565    0.845687    0.527211    0.500992    0.561644    0.667442    0.769231    0.917407    0.629630    0.659722    200         29.090909   0.479522    0.162821    0.394231    7.578634   
[36mINFO[0m 08/01 02:34:08 | 0.561224    0.602740    0.000000    0.685719    0.514031    0.676744    0.778843    0.872692    0.561224    0.514031    0.602740    0.676744    0.778846    0.911852    0.592593    0.645833    300         43.636364   0.345352    0.162583    0.391526    7.578634   
[36mINFO[0m 08/01 02:34:24 | 0.523810    0.602740    0.000000    0.703882    0.489796    0.650388    0.791389    1.204774    0.523810    0.489796    0.602740    0.650388    0.759615    0.924444    0.648148    0.658333    400         58.181818   0.271063    0.162078    0.394984    7.578634   
[36mINFO[0m 08/01 02:34:41 | 0.544218    0.630137    0.000000    0.707977    0.500756    0.681395    0.774583    1.539015    0.544218    0.500756    0.630137    0.681395    0.730769    0.920000    0.685185    0.629167    500         72.727273   0.223181    0.161833    0.394391    7.578634   
[36mINFO[0m 08/01 02:34:57 | 0.551020    0.657534    0.000000    0.693910    0.515306    0.739535    0.746574    1.878643    0.551020    0.515306    0.657534    0.739535    0.721154    0.895926    0.666667    0.597222    600         87.272727   0.174529    0.161994    0.386991    7.578634   
[36mINFO[0m 08/01 02:35:14 | 0.520408    0.616438    0.000000    0.724181    0.495134    0.710078    0.772824    0.871260    0.520408    0.495134    0.616438    0.710078    0.855769    0.902593    0.592593    0.643056    700         101.818182  0.176743    0.161990    0.394402    7.578634   
[36mINFO[0m 08/01 02:35:31 | 0.523810    0.561644    0.000000    0.757123    0.504204    0.640310    0.765139    1.105113    0.523810    0.504204    0.561644    0.640310    0.884615    0.895556    0.629630    0.634722    800         116.363636  0.158012    0.162031    0.395152    7.578634   
[36mINFO[0m 08/01 02:35:47 | 0.503401    0.589041    0.000000    0.719373    0.493410    0.668992    0.761713    1.566728    0.503401    0.493410    0.589041    0.668992    0.846154    0.902593    0.592593    0.620833    900         130.909091  0.145258    0.161749    0.393549    7.578634   
[36mINFO[0m 08/01 02:36:04 | 0.523810    0.643836    0.000000    0.700855    0.500803    0.680620    0.747315    1.609688    0.523810    0.500803    0.643836    0.680620    0.846154    0.908519    0.555556    0.586111    1000        145.454545  0.141936    0.161835    0.394650    7.578634   
[36mINFO[0m 08/01 02:36:20 | 0.530612    0.643836    0.000000    0.724181    0.522109    0.706977    0.744398    1.423166    0.530612    0.522109    0.643836    0.706977    0.855769    0.904074    0.592593    0.584722    1100        160.000000  0.141359    0.161863    0.393582    7.578634   
[36mINFO[0m 08/01 02:36:37 | 0.557823    0.630137    0.000000    0.704950    0.512401    0.658915    0.745463    1.884693    0.557823    0.512401    0.630137    0.658915    0.817308    0.921481    0.592593    0.569444    1200        174.545455  0.111462    0.162093    0.389957    7.578634   
[36mINFO[0m 08/01 02:36:54 | 0.527211    0.575342    0.000000    0.677528    0.522440    0.657364    0.742824    1.513732    0.527211    0.522440    0.575342    0.657364    0.836538    0.898148    0.518519    0.587500    1300        189.090909  0.104157    0.161941    0.390255    7.578634   
[36mINFO[0m 08/01 02:37:10 | 0.564626    0.657534    0.000000    0.652778    0.551776    0.694574    0.739954    1.640365    0.564626    0.551776    0.657534    0.694574    0.750000    0.895185    0.555556    0.584722    1400        203.636364  0.113321    0.161922    0.389984    7.578634   
[36mINFO[0m 08/01 02:37:27 | 0.551020    0.643836    0.000000    0.685719    0.520101    0.689922    0.749120    2.041561    0.551020    0.520101    0.643836    0.689922    0.778846    0.921852    0.592593    0.576389    1500        218.181818  0.107266    0.162133    0.391650    7.578634   
[36mINFO[0m 08/01 02:37:43 | 0.540816    0.616438    0.000000    0.695335    0.525180    0.705426    0.753796    2.134676    0.540816    0.525180    0.616438    0.705426    0.798077    0.921481    0.592593    0.586111    1600        232.727273  0.101865    0.162016    0.386670    7.578634   
[36mINFO[0m 08/01 02:38:00 | 0.557823    0.630137    0.000000    0.728276    0.500307    0.669767    0.755509    2.380595    0.557823    0.500307    0.630137    0.669767    0.826923    0.909630    0.629630    0.601389    1700        247.272727  0.111615    0.162317    0.393575    7.578634   
[36mINFO[0m 08/01 02:38:17 | 0.523810    0.589041    0.000000    0.695335    0.485473    0.612403    0.755370    1.936687    0.523810    0.485473    0.589041    0.612403    0.798077    0.910741    0.592593    0.600000    1800        261.818182  0.103889    0.162219    0.395644    7.578634   
[36mINFO[0m 08/01 02:38:33 | 0.551020    0.602740    0.000000    0.657942    0.517999    0.650388    0.737083    2.427499    0.551020    0.517999    0.602740    0.650388    0.778846    0.881111    0.537037    0.593056    1900        276.363636  0.090547    0.162220    0.393748    7.578634   
[36mINFO[0m 08/01 02:38:50 | 0.540816    0.616438    0.000000    0.694979    0.511999    0.695349    0.765694    1.648402    0.540816    0.511999    0.616438    0.695349    0.778846    0.896667    0.611111    0.634722    2000        290.909091  0.091602    0.162045    0.392407    7.578634   
[36mINFO[0m 08/01 02:39:07 | 0.537415    0.616438    0.000000    0.710114    0.492465    0.633333    0.764028    1.370013    0.537415    0.492465    0.616438    0.633333    0.846154    0.915556    0.574074    0.612500    2100        305.454545  0.097165    0.162099    0.393410    7.578634   
[36mINFO[0m 08/01 02:39:23 | 0.540816    0.616438    0.000000    0.677528    0.516841    0.624806    0.751991    1.661396    0.540816    0.516841    0.616438    0.624806    0.836538    0.930370    0.518519    0.573611    2200        320.000000  0.089628    0.161969    0.400737    7.578634   
[36mINFO[0m 08/01 02:39:40 | 0.540816    0.657534    0.000000    0.695691    0.516983    0.678295    0.770231    1.544495    0.540816    0.516983    0.657534    0.678295    0.817308    0.914074    0.574074    0.626389    2300        334.545455  0.082182    0.161992    0.393951    7.578634   
[36mINFO[0m 08/01 02:39:56 | 0.547619    0.547945    0.000000    0.709046    0.503685    0.668992    0.769398    2.014091    0.547619    0.503685    0.547945    0.668992    0.788462    0.915185    0.629630    0.623611    2400        349.090909  0.088637    0.161896    0.387639    7.578634   
[36mINFO[0m 08/01 02:40:13 | 0.554422    0.616438    0.000000    0.705306    0.492347    0.652713    0.754838    2.268934    0.554422    0.492347    0.616438    0.652713    0.836538    0.904815    0.574074    0.604861    2500        363.636364  0.071427    0.161994    0.395528    7.578634   
[36mINFO[0m 08/01 02:40:30 | 0.523810    0.602740    0.000000    0.663462    0.502362    0.648062    0.759583    1.506161    0.523810    0.502362    0.602740    0.648062    0.826923    0.901111    0.500000    0.618056    2600        378.181818  0.085797    0.161957    0.386455    7.578634   
[36mINFO[0m 08/01 02:40:46 | 0.527211    0.630137    0.000000    0.719373    0.512968    0.598450    0.777176    1.258278    0.527211    0.512968    0.630137    0.598450    0.846154    0.925185    0.592593    0.629167    2700        392.727273  0.083770    0.161890    0.387793    7.578634   
[36mINFO[0m 08/01 02:41:03 | 0.537415    0.589041    0.000000    0.685363    0.511149    0.667442    0.769421    2.489767    0.537415    0.511149    0.589041    0.667442    0.759615    0.921481    0.611111    0.617361    2800        407.272727  0.077976    0.161879    0.389589    7.578634   
[36mINFO[0m 08/01 02:41:19 | 0.554422    0.575342    0.000000    0.685719    0.512590    0.651163    0.730833    1.881116    0.554422    0.512590    0.575342    0.651163    0.778846    0.853333    0.592593    0.608333    2900        421.818182  0.078230    0.161834    0.391569    7.578634   
[36mINFO[0m 08/01 02:41:36 | 0.568027    0.616438    0.000000    0.662037    0.518707    0.679070    0.720278    1.877703    0.568027    0.518707    0.616438    0.679070    0.750000    0.882222    0.574074    0.558333    3000        436.363636  0.082437    0.161720    0.384183    7.578634   
[36mINFO[0m 08/01 02:41:52 | 0.510204    0.616438    0.000000    0.690883    0.526219    0.633333    0.735602    1.641568    0.510204    0.526219    0.616438    0.633333    0.807692    0.905926    0.574074    0.565278    3100        450.909091  0.084165    0.161807    0.388880    7.578634   
[36mINFO[0m 08/01 02:42:09 | 0.530612    0.575342    0.000000    0.681268    0.498039    0.666667    0.745602    1.984818    0.530612    0.498039    0.575342    0.666667    0.788462    0.892593    0.574074    0.598611    3200        465.454545  0.077452    0.161688    0.389522    7.578634   
[36mINFO[0m 08/01 02:42:26 | 0.561224    0.643836    0.000000    0.700499    0.499386    0.672868    0.755463    1.611961    0.561224    0.499386    0.643836    0.672868    0.826923    0.869259    0.574074    0.641667    3300        480.000000  0.089541    0.161943    0.396726    7.578634   
[36mINFO[0m 08/01 02:42:42 | 0.517007    0.643836    0.000000    0.704950    0.481434    0.638760    0.741088    1.856341    0.517007    0.481434    0.643836    0.638760    0.817308    0.875926    0.592593    0.606250    3400        494.545455  0.067949    0.161660    0.384106    7.578634   
[36mINFO[0m 08/01 02:42:59 | 0.540816    0.684932    0.000000    0.714566    0.515401    0.698450    0.750694    1.405193    0.540816    0.515401    0.684932    0.698450    0.836538    0.891667    0.592593    0.609722    3500        509.090909  0.062451    0.161794    0.389850    7.578634   
[36mINFO[0m 08/01 02:43:15 | 0.506803    0.602740    0.000000    0.681268    0.485166    0.685271    0.758102    2.129290    0.506803    0.485166    0.602740    0.685271    0.788462    0.914815    0.574074    0.601389    3600        523.636364  0.075359    0.161853    0.391628    7.578634   
[36mINFO[0m 08/01 02:43:32 | 0.523810    0.616438    0.000000    0.686432    0.485497    0.679070    0.758519    1.750007    0.523810    0.485497    0.616438    0.679070    0.817308    0.900370    0.555556    0.616667    3700        538.181818  0.067316    0.162132    0.392147    7.578634   
[36mINFO[0m 08/01 02:43:49 | 0.520408    0.684932    0.000000    0.709758    0.515991    0.708527    0.764560    1.751467    0.520408    0.515991    0.684932    0.708527    0.826923    0.893704    0.592593    0.635417    3800        552.727273  0.064287    0.162064    0.388824    7.578634   
[36mINFO[0m 08/01 02:44:05 | 0.551020    0.616438    0.000000    0.694266    0.522912    0.741085    0.798519    1.965394    0.551020    0.522912    0.616438    0.741085    0.740385    0.941481    0.648148    0.655556    3900        567.272727  0.066032    0.161555    0.386653    7.578634   
[36mINFO[0m 08/01 02:44:22 | 0.500000    0.698630    0.000000    0.638711    0.475482    0.670543    0.736620    1.487690    0.500000    0.475482    0.698630    0.670543    0.740385    0.855185    0.537037    0.618056    4000        581.818182  0.067269    0.161655    0.390156    7.578634   
[36mINFO[0m 08/01 02:44:38 | 0.523810    0.643836    0.000000    0.675748    0.498583    0.690698    0.755972    2.624188    0.523810    0.498583    0.643836    0.690698    0.740385    0.907778    0.611111    0.604167    4100        596.363636  0.064009    0.161949    0.394271    7.578634   
[36mINFO[0m 08/01 02:44:55 | 0.551020    0.643836    0.000000    0.723469    0.508929    0.665891    0.772222    1.759986    0.551020    0.508929    0.643836    0.665891    0.817308    0.900000    0.629630    0.644444    4200        610.909091  0.070076    0.161767    0.384477    7.578634   
[36mINFO[0m 08/01 02:45:11 | 0.551020    0.602740    0.000000    0.719373    0.506236    0.638760    0.764815    1.628072    0.551020    0.506236    0.602740    0.638760    0.846154    0.896296    0.592593    0.633333    4300        625.454545  0.066408    0.161647    0.385623    7.578634   
[36mINFO[0m 08/01 02:45:28 | 0.544218    0.643836    0.000000    0.690171    0.504630    0.637984    0.751204    1.723559    0.544218    0.504630    0.643836    0.637984    0.769231    0.871852    0.611111    0.630556    4400        640.000000  0.061988    0.161752    0.392249    7.578634   
[36mINFO[0m 08/01 02:45:45 | 0.537415    0.630137    0.000000    0.705662    0.497827    0.671318    0.756806    1.943722    0.537415    0.497827    0.630137    0.671318    0.855769    0.912222    0.555556    0.601389    4500        654.545455  0.053892    0.161862    0.392646    7.578634   
[36mINFO[0m 08/01 02:46:01 | 0.537415    0.616438    0.000000    0.709046    0.486867    0.648062    0.742245    2.750981    0.537415    0.486867    0.616438    0.648062    0.788462    0.862963    0.629630    0.621528    4600        669.090909  0.051779    0.161650    0.385314    7.578634   
[36mINFO[0m 08/01 02:46:18 | 0.530612    0.630137    0.000000    0.699430    0.498158    0.655039    0.754537    2.512443    0.530612    0.498158    0.630137    0.655039    0.769231    0.872963    0.629630    0.636111    4700        683.636364  0.057326    0.161340    0.390460    7.578634   
[36mINFO[0m 08/01 02:46:34 | 0.561224    0.657534    0.000000    0.724181    0.512661    0.641860    0.775370    1.652416    0.561224    0.512661    0.657534    0.641860    0.855769    0.928519    0.592593    0.622222    4800        698.181818  0.059880    0.161781    0.389046    7.578634   
[36mINFO[0m 08/01 02:46:51 | 0.537415    0.698630    0.000000    0.714209    0.505173    0.709302    0.776435    2.112667    0.537415    0.505173    0.698630    0.709302    0.817308    0.901481    0.611111    0.651389    4900        712.727273  0.054091    0.161836    0.390456    7.578634   
[36mINFO[0m 08/01 02:47:07 | 0.547619    0.589041    0.000000    0.667913    0.506850    0.702326    0.758009    1.962605    0.547619    0.506850    0.589041    0.702326    0.817308    0.911852    0.518519    0.604167    5000        727.272727  0.060513    0.161673    0.385432    7.578634   
[36mINFO[0m 08/01 02:47:07 | ---
[36mINFO[0m 08/01 02:47:07 | oracle = 50.000%
[36mINFO[0m 08/01 02:47:07 | iid = 52.381%
[36mINFO[0m 08/01 02:47:07 | last = 54.762%
[36mINFO[0m 08/01 02:47:07 | last (inD) = 66.791%
[36mINFO[0m 08/01 02:47:07 | iid (inD) = 75.712%
[36mINFO[0m 08/01 02:47:08 | 
[36mINFO[0m 08/01 02:47:08 | Testenv name escaping te_01 -> te_01
[36mINFO[0m 08/01 02:47:08 | Test envs = [1], name = te_01
[36mINFO[0m 08/01 02:47:08 | Batch sizes for each domain: [32, 0, 32] (total=64)
[36mINFO[0m 08/01 02:47:08 | steps-per-epoch for each domain: 9.19, 6.88 -> min = 6.88
/home/s21_yhr/miniconda3/envs/GGA/lib/python3.11/site-packages/torchvision/models/_utils.py:208: UserWarning: The parameter 'pretrained' is deprecated since 0.13 and may be removed in the future, please use 'weights' instead.
  warnings.warn(
/home/s21_yhr/miniconda3/envs/GGA/lib/python3.11/site-packages/torchvision/models/_utils.py:223: UserWarning: Arguments other than a weight enum or `None` for 'weights' are deprecated since 0.13 and may be removed in the future. The current behavior is equivalent to passing `weights=ResNet50_Weights.IMAGENET1K_V1`. You can also use `weights=ResNet50_Weights.DEFAULT` to get the most up-to-date weights.
  warnings.warn(msg)
[36mINFO[0m 08/01 02:47:10 | # of params = 23512130
[36mINFO[0m 08/01 02:47:11 | test_in     test_out    train_in    train_out   test_in_au  train_out_  tr_outloss  test_out_a  env0_out    env0_out_a  env1_in     env1_in_au  env1_out    env1_out_a  env2_out    env2_out_a  step        epoch       loss        step_time   eval_time   mem_gb     
[36mINFO[0m 08/01 02:47:11 | 0.553699    0.528846    0.000000    0.453070    0.637936    0.505459    0.723687    0.570741    0.424658    0.424806    0.553699    0.637936    0.528846    0.570741    0.481481    0.586111    0           0.000000    0.697978    0.165567    0.545224    7.364028   
[36mINFO[0m 08/01 02:47:27 | 0.556086    0.519231    0.000000    0.613394    0.593119    0.664147    0.655754    0.635926    0.671233    0.678295    0.556086    0.593119    0.519231    0.635926    0.555556    0.650000    100         14.545455   0.639865    0.162496    0.483383    7.578634   
[36mINFO[0m 08/01 02:47:44 | 0.553699    0.528846    0.000000    0.590817    0.566097    0.620704    0.993465    0.558148    0.589041    0.610853    0.553699    0.566097    0.528846    0.558148    0.592593    0.630556    200         29.090909   0.458049    0.162361    0.479664    7.578634   
[36mINFO[0m 08/01 02:48:01 | 0.558473    0.548077    0.000000    0.678209    0.572386    0.722416    1.246965    0.587407    0.671233    0.717054    0.558473    0.572386    0.548077    0.587407    0.685185    0.727778    300         43.636364   0.295305    0.161760    0.478845    7.578634   
[36mINFO[0m 08/01 02:48:17 | 0.498807    0.490385    0.000000    0.666920    0.531488    0.703068    1.436355    0.548889    0.630137    0.725581    0.498807    0.531488    0.490385    0.548889    0.703704    0.680556    400         58.181818   0.212507    0.161745    0.480093    7.578634   
[36mINFO[0m 08/01 02:48:34 | 0.513126    0.596154    0.000000    0.664510    0.521668    0.696253    1.046680    0.600741    0.643836    0.714729    0.513126    0.521668    0.596154    0.600741    0.685185    0.677778    500         72.727273   0.175219    0.161390    0.482167    7.578634   
[36mINFO[0m 08/01 02:48:51 | 0.534606    0.548077    0.000000    0.632293    0.536569    0.671996    1.740208    0.561852    0.616438    0.668992    0.534606    0.536569    0.548077    0.561852    0.648148    0.675000    600         87.272727   0.143131    0.161599    0.480316    7.578634   
[36mINFO[0m 08/01 02:49:07 | 0.522673    0.548077    0.000000    0.618595    0.508202    0.658479    1.965918    0.546667    0.589041    0.629457    0.522673    0.508202    0.548077    0.546667    0.648148    0.687500    700         101.818182  0.123971    0.161633    0.480038    7.578634   
[36mINFO[0m 08/01 02:49:24 | 0.446301    0.471154    0.000000    0.632293    0.407918    0.669525    1.974730    0.487407    0.616438    0.651550    0.446301    0.407918    0.471154    0.487407    0.648148    0.687500    800         116.363636  0.113011    0.161363    0.478602    7.578634   
[36mINFO[0m 08/01 02:49:41 | 0.558473    0.605769    0.000000    0.620624    0.527193    0.690108    2.142948    0.614074    0.630137    0.710078    0.558473    0.527193    0.605769    0.614074    0.611111    0.670139    900         130.909091  0.121570    0.161325    0.479713    7.578634   
[36mINFO[0m 08/01 02:49:57 | 0.544153    0.596154    0.000000    0.615804    0.563477    0.703036    1.757221    0.610741    0.657534    0.744961    0.544153    0.563477    0.596154    0.610741    0.574074    0.661111    1000        145.454545  0.107635    0.161452    0.481257    7.578634   
[36mINFO[0m 08/01 02:50:14 | 0.520286    0.557692    0.000000    0.623034    0.539576    0.685950    1.910149    0.621481    0.616438    0.696899    0.520286    0.539576    0.557692    0.621481    0.629630    0.675000    1100        160.000000  0.107092    0.161675    0.484240    7.578634   
[36mINFO[0m 08/01 02:50:30 | 0.503580    0.557692    0.000000    0.611365    0.538710    0.649588    2.270914    0.572593    0.630137    0.638760    0.503580    0.538710    0.557692    0.572593    0.592593    0.660417    1200        174.545455  0.093330    0.161427    0.484003    7.578634   
[36mINFO[0m 08/01 02:50:47 | 0.508353    0.538462    0.000000    0.613775    0.539645    0.635530    1.884477    0.555185    0.616438    0.615504    0.508353    0.539645    0.538462    0.555185    0.611111    0.655556    1300        189.090909  0.093676    0.161417    0.481672    7.578634   
[36mINFO[0m 08/01 02:51:04 | 0.505967    0.576923    0.000000    0.618595    0.538278    0.635094    2.739621    0.601481    0.589041    0.627132    0.505967    0.538278    0.576923    0.601481    0.648148    0.643056    1400        203.636364  0.076157    0.161397    0.482048    7.578634   
[36mINFO[0m 08/01 02:51:20 | 0.465394    0.519231    0.000000    0.645992    0.461426    0.674863    2.411780    0.514815    0.643836    0.690698    0.465394    0.461426    0.519231    0.514815    0.648148    0.659028    1500        218.181818  0.088723    0.161324    0.481906    7.578634   
[36mINFO[0m 08/01 02:51:37 | 0.496420    0.500000    0.000000    0.629883    0.504534    0.625921    2.285052    0.507778    0.630137    0.631008    0.496420    0.504534    0.500000    0.507778    0.629630    0.620833    1600        232.727273  0.094696    0.161346    0.480757    7.578634   
[36mINFO[0m 08/01 02:51:54 | 0.570406    0.596154    0.000000    0.613775    0.564935    0.653973    2.250805    0.578519    0.616438    0.649612    0.570406    0.564935    0.596154    0.578519    0.611111    0.658333    1700        247.272727  0.078016    0.161331    0.481178    7.578634   
[36mINFO[0m 08/01 02:52:10 | 0.546539    0.557692    0.000000    0.591197    0.556391    0.610368    1.666893    0.592593    0.534247    0.612403    0.546539    0.556391    0.557692    0.592593    0.648148    0.608333    1800        261.818182  0.085789    0.161528    0.480722    7.578634   
[36mINFO[0m 08/01 02:52:27 | 0.510740    0.567308    0.000000    0.659691    0.553019    0.632106    2.269050    0.596296    0.671233    0.636434    0.510740    0.553019    0.567308    0.596296    0.648148    0.627778    1900        276.363636  0.082302    0.161314    0.479064    7.578634   
[36mINFO[0m 08/01 02:52:43 | 0.529833    0.615385    0.000000    0.611745    0.555206    0.623676    2.387342    0.598148    0.575342    0.594574    0.529833    0.555206    0.615385    0.598148    0.648148    0.652778    2000        290.909091  0.076633    0.161370    0.473457    7.578634   
[36mINFO[0m 08/01 02:53:00 | 0.486874    0.519231    0.000000    0.652841    0.486010    0.656589    2.842853    0.555185    0.657534    0.679845    0.486874    0.486010    0.519231    0.555185    0.648148    0.633333    2100        305.454545  0.075354    0.161492    0.484618    7.578634   
[36mINFO[0m 08/01 02:53:17 | 0.441527    0.528846    0.000000    0.648402    0.419674    0.640698    2.275190    0.480370    0.630137    0.648062    0.441527    0.419674    0.528846    0.480370    0.666667    0.633333    2200        320.000000  0.076240    0.161857    0.481456    7.578634   
[36mINFO[0m 08/01 02:53:33 | 0.484487    0.538462    0.000000    0.606925    0.494543    0.644041    2.877205    0.529630    0.602740    0.658915    0.484487    0.494543    0.538462    0.529630    0.611111    0.629167    2300        334.545455  0.069260    0.161678    0.476656    7.578634   
[36mINFO[0m 08/01 02:53:50 | 0.536993    0.576923    0.000000    0.579528    0.531465    0.638574    2.407577    0.595926    0.547945    0.647287    0.536993    0.531465    0.576923    0.595926    0.611111    0.629861    2400        349.090909  0.067898    0.161694    0.483789    7.578634   
[36mINFO[0m 08/01 02:54:07 | 0.565632    0.673077    0.000000    0.583968    0.640556    0.608632    2.694715    0.695185    0.575342    0.579070    0.565632    0.640556    0.673077    0.695185    0.592593    0.638194    2500        363.636364  0.063025    0.161746    0.484063    7.578634   
[36mINFO[0m 08/01 02:54:23 | 0.513126    0.538462    0.000000    0.588787    0.530075    0.618685    2.901785    0.581481    0.547945    0.605426    0.513126    0.530075    0.538462    0.581481    0.629630    0.631944    2600        378.181818  0.061945    0.162216    0.483019    7.578634   
[36mINFO[0m 08/01 02:54:40 | 0.477327    0.500000    0.000000    0.609335    0.472910    0.648409    2.551614    0.520741    0.589041    0.629457    0.477327    0.472910    0.500000    0.520741    0.629630    0.667361    2700        392.727273  0.056317    0.161706    0.490488    7.578634   
[36mINFO[0m 08/01 02:54:57 | 0.513126    0.461538    0.000000    0.581558    0.553907    0.606743    2.708457    0.524074    0.589041    0.596124    0.513126    0.553907    0.461538    0.524074    0.574074    0.617361    2800        407.272727  0.070886    0.161209    0.484474    7.578634   
[36mINFO[0m 08/01 02:55:13 | 0.479714    0.480769    0.000000    0.597666    0.449054    0.674725    1.834838    0.499630    0.602740    0.681395    0.479714    0.449054    0.480769    0.499630    0.592593    0.668056    2900        421.818182  0.080861    0.161379    0.482504    7.578634   
[36mINFO[0m 08/01 02:55:30 | 0.527446    0.548077    0.000000    0.636733    0.516963    0.659205    2.507109    0.561481    0.643836    0.676744    0.527446    0.516963    0.548077    0.561481    0.629630    0.641667    3000        436.363636  0.077733    0.161507    0.477614    7.578634   
[36mINFO[0m 08/01 02:55:47 | 0.491647    0.576923    0.000000    0.664510    0.508886    0.667167    2.234841    0.577407    0.643836    0.682946    0.491647    0.508886    0.576923    0.577407    0.685185    0.651389    3100        450.909091  0.058669    0.161216    0.474547    7.578634   
[36mINFO[0m 08/01 02:56:03 | 0.455847    0.528846    0.000000    0.636733    0.490522    0.626179    2.599777    0.536296    0.643836    0.675969    0.455847    0.490522    0.528846    0.536296    0.629630    0.576389    3200        465.454545  0.066441    0.161290    0.480525    7.578634   
[36mINFO[0m 08/01 02:56:20 | 0.556086    0.548077    0.000000    0.583968    0.562497    0.660740    1.909430    0.544074    0.575342    0.706202    0.556086    0.562497    0.548077    0.544074    0.592593    0.615278    3300        480.000000  0.078555    0.161259    0.487695    7.578634   
[36mINFO[0m 08/01 02:56:37 | 0.517900    0.644231    0.000000    0.613775    0.539599    0.661353    1.763692    0.668519    0.616438    0.704651    0.517900    0.539599    0.644231    0.668519    0.611111    0.618056    3400        494.545455  0.065279    0.161460    0.484813    7.578634   
[36mINFO[0m 08/01 02:56:53 | 0.498807    0.548077    0.000000    0.663749    0.516017    0.687960    2.265627    0.585556    0.753425    0.782171    0.498807    0.516017    0.548077    0.585556    0.574074    0.593750    3500        509.090909  0.056730    0.161567    0.481082    7.578634   
[36mINFO[0m 08/01 02:57:10 | 0.508353    0.557692    0.000000    0.638762    0.509091    0.685820    2.805890    0.600370    0.684932    0.774419    0.508353    0.509091    0.557692    0.600370    0.592593    0.597222    3600        523.636364  0.052832    0.161418    0.481900    7.578634   
[36mINFO[0m 08/01 02:57:26 | 0.539379    0.576923    0.000000    0.645611    0.565322    0.664349    2.937836    0.570926    0.698630    0.715504    0.539379    0.565322    0.576923    0.570926    0.592593    0.613194    3700        538.181818  0.059318    0.161491    0.480742    7.578634   
[36mINFO[0m 08/01 02:57:43 | 0.539379    0.605769    0.000000    0.620624    0.562417    0.660740    3.003306    0.591481    0.630137    0.689535    0.539379    0.562417    0.605769    0.591481    0.611111    0.631944    3800        552.727273  0.048614    0.161447    0.478474    7.578634   
[36mINFO[0m 08/01 02:58:00 | 0.515513    0.538462    0.000000    0.634323    0.508088    0.663162    2.927727    0.557407    0.657534    0.752713    0.515513    0.508088    0.538462    0.557407    0.611111    0.573611    3900        567.272727  0.050818    0.161407    0.486941    7.578634   
[36mINFO[0m 08/01 02:58:16 | 0.553699    0.625000    0.000000    0.685058    0.603235    0.656242    2.487698    0.653333    0.684932    0.679845    0.553699    0.603235    0.625000    0.653333    0.685185    0.632639    4000        581.818182  0.051139    0.161787    0.484956    7.578634   
[36mINFO[0m 08/01 02:58:33 | 0.558473    0.576923    0.000000    0.606925    0.587947    0.648910    2.824741    0.611111    0.602740    0.662403    0.558473    0.587947    0.576923    0.611111    0.611111    0.635417    4100        596.363636  0.058121    0.161590    0.486790    7.578634   
[36mINFO[0m 08/01 02:58:50 | 0.525060    0.548077    0.000000    0.645992    0.526578    0.682889    2.414355    0.553704    0.643836    0.708140    0.525060    0.526578    0.548077    0.553704    0.648148    0.657639    4200        610.909091  0.054678    0.161590    0.483193    7.578634   
[36mINFO[0m 08/01 02:59:06 | 0.477327    0.538462    0.000000    0.600076    0.496343    0.620349    2.705722    0.538148    0.589041    0.657364    0.477327    0.496343    0.538462    0.538148    0.611111    0.583333    4300        625.454545  0.055657    0.161528    0.488970    7.578634   
[36mINFO[0m 08/01 02:59:23 | 0.515513    0.586538    0.000000    0.655251    0.514457    0.662645    2.807962    0.590000    0.643836    0.696124    0.515513    0.514457    0.586538    0.590000    0.666667    0.629167    4400        640.000000  0.047156    0.161402    0.488103    7.578634   
[36mINFO[0m 08/01 02:59:40 | 0.560859    0.615385    0.000000    0.636733    0.610549    0.667862    2.502122    0.662593    0.643836    0.699612    0.560859    0.610549    0.615385    0.662593    0.629630    0.636111    4500        654.545455  0.049795    0.161265    0.481443    7.578634   
[36mINFO[0m 08/01 02:59:56 | 0.494033    0.557692    0.000000    0.611365    0.512873    0.608592    2.889933    0.570741    0.630137    0.611628    0.494033    0.512873    0.557692    0.570741    0.592593    0.605556    4600        669.090909  0.053023    0.161203    0.485463    7.578634   
[36mINFO[0m 08/01 03:00:13 | 0.522673    0.634615    0.000000    0.650431    0.560276    0.665682    2.240028    0.625926    0.671233    0.707752    0.522673    0.560276    0.634615    0.625926    0.629630    0.623611    4700        683.636364  0.053005    0.161160    0.480674    7.578634   
[36mINFO[0m 08/01 03:00:29 | 0.563246    0.500000    0.000000    0.593227    0.537799    0.629813    2.691266    0.553704    0.575342    0.645736    0.563246    0.537799    0.500000    0.553704    0.611111    0.613889    4800        698.181818  0.056695    0.161188    0.484894    7.578634   
[36mINFO[0m 08/01 03:00:46 | 0.515513    0.596154    0.000000    0.659691    0.545022    0.701494    2.287076    0.597037    0.671233    0.762016    0.515513    0.545022    0.596154    0.597037    0.648148    0.640972    4900        712.727273  0.056314    0.161280    0.486763    7.578634   
[36mINFO[0m 08/01 03:01:03 | 0.515513    0.548077    0.000000    0.585997    0.535247    0.633422    2.189426    0.555185    0.616438    0.671705    0.515513    0.535247    0.548077    0.555185    0.555556    0.595139    5000        727.272727  0.047267    0.161274    0.482798    7.578634   
[36mINFO[0m 08/01 03:01:03 | ---
[36mINFO[0m 08/01 03:01:03 | oracle = 56.563%
[36mINFO[0m 08/01 03:01:03 | iid = 55.370%
[36mINFO[0m 08/01 03:01:03 | last = 51.551%
[36mINFO[0m 08/01 03:01:03 | last (inD) = 58.600%
[36mINFO[0m 08/01 03:01:03 | iid (inD) = 68.506%
[36mINFO[0m 08/01 03:01:03 | 
[36mINFO[0m 08/01 03:01:03 | Testenv name escaping te_02 -> te_02
[36mINFO[0m 08/01 03:01:03 | Test envs = [2], name = te_02
[36mINFO[0m 08/01 03:01:03 | Batch sizes for each domain: [32, 32, 0] (total=64)
[36mINFO[0m 08/01 03:01:03 | steps-per-epoch for each domain: 9.19, 13.09 -> min = 9.19
/home/s21_yhr/miniconda3/envs/GGA/lib/python3.11/site-packages/torchvision/models/_utils.py:208: UserWarning: The parameter 'pretrained' is deprecated since 0.13 and may be removed in the future, please use 'weights' instead.
  warnings.warn(
/home/s21_yhr/miniconda3/envs/GGA/lib/python3.11/site-packages/torchvision/models/_utils.py:223: UserWarning: Arguments other than a weight enum or `None` for 'weights' are deprecated since 0.13 and may be removed in the future. The current behavior is equivalent to passing `weights=ResNet50_Weights.IMAGENET1K_V1`. You can also use `weights=ResNet50_Weights.DEFAULT` to get the most up-to-date weights.
  warnings.warn(msg)
[36mINFO[0m 08/01 03:01:05 | # of params = 23512130
[36mINFO[0m 08/01 03:01:06 | test_in     test_out    train_in    train_out   test_in_au  train_out_  tr_outloss  test_out_a  env0_out    env0_out_a  env1_out    env1_out_a  env2_in     env2_in_au  env2_out    env2_out_a  step        epoch       loss        step_time   eval_time   mem_gb     
[36mINFO[0m 08/01 03:01:06 | 0.577273    0.555556    0.000000    0.554136    0.546186    0.598975    0.772346    0.587500    0.589041    0.470543    0.519231    0.727407    0.577273    0.546186    0.555556    0.587500    0           0.000000    0.720205    0.167796    0.367581    7.364028   
[36mINFO[0m 08/01 03:01:22 | 0.581818    0.555556    0.000000    0.660630    0.613327    0.780943    0.605504    0.529167    0.561644    0.634109    0.759615    0.927778    0.581818    0.613327    0.555556    0.529167    100         10.884354   0.634870    0.162141    0.344049    7.578634   
[36mINFO[0m 08/01 03:01:39 | 0.559091    0.574074    0.000000    0.661947    0.588519    0.739479    0.672448    0.563889    0.602740    0.601550    0.721154    0.877407    0.559091    0.588519    0.574074    0.563889    200         21.768707   0.597869    0.162005    0.337043    7.578634   
[36mINFO[0m 08/01 03:01:55 | 0.572727    0.481481    0.000000    0.653056    0.582592    0.754828    0.825712    0.527778    0.575342    0.658915    0.730769    0.850741    0.572727    0.582592    0.481481    0.527778    300         32.653061   0.540451    0.161568    0.338513    7.578634   
[36mINFO[0m 08/01 03:02:12 | 0.595455    0.518519    0.000000    0.749078    0.598764    0.819828    0.682809    0.541667    0.671233    0.725581    0.826923    0.914074    0.595455    0.598764    0.518519    0.541667    400         43.537415   0.398354    0.161742    0.338311    7.578634   
[36mINFO[0m 08/01 03:02:29 | 0.572727    0.555556    0.000000    0.742821    0.590551    0.801637    0.727377    0.538889    0.726027    0.740310    0.759615    0.862963    0.572727    0.590551    0.555556    0.538889    500         54.421769   0.352194    0.161679    0.332797    7.578634   
[36mINFO[0m 08/01 03:02:45 | 0.522727    0.500000    0.000000    0.772392    0.566760    0.801787    1.135547    0.576389    0.698630    0.705426    0.846154    0.898148    0.522727    0.566760    0.500000    0.576389    600         65.306122   0.250604    0.161619    0.335727    7.578634   
[36mINFO[0m 08/01 03:03:02 | 0.600000    0.537037    0.000000    0.718190    0.610448    0.786292    1.632887    0.570833    0.657534    0.724806    0.778846    0.847778    0.600000    0.610448    0.537037    0.570833    700         76.190476   0.209122    0.161465    0.341041    7.578634   
[36mINFO[0m 08/01 03:03:18 | 0.495455    0.518519    0.000000    0.735379    0.596055    0.776699    1.711076    0.615278    0.643836    0.680620    0.826923    0.872778    0.495455    0.596055    0.518519    0.615278    800         87.074830   0.171599    0.161474    0.335973    7.578634   
[36mINFO[0m 08/01 03:03:34 | 0.581818    0.592593    0.000000    0.715424    0.598679    0.809320    1.027905    0.634722    0.671233    0.719380    0.759615    0.899259    0.581818    0.598679    0.592593    0.634722    900         97.959184   0.164864    0.161221    0.343055    7.578634   
[36mINFO[0m 08/01 03:03:51 | 0.577273    0.518519    0.000000    0.735248    0.593515    0.814440    1.382377    0.497222    0.739726    0.758140    0.730769    0.870741    0.577273    0.593515    0.518519    0.497222    1000        108.843537  0.140469    0.161159    0.343436    7.578634   
[36mINFO[0m 08/01 03:04:07 | 0.522727    0.592593    0.000000    0.694876    0.555076    0.783088    1.350193    0.651389    0.630137    0.713953    0.759615    0.852222    0.522727    0.555076    0.592593    0.651389    1100        119.727891  0.140697    0.161350    0.343426    7.578634   
[36mINFO[0m 08/01 03:04:24 | 0.540909    0.574074    0.000000    0.679136    0.578359    0.748307    1.173384    0.644444    0.589041    0.648837    0.769231    0.847778    0.540909    0.578359    0.574074    0.644444    1200        130.612245  0.124480    0.161365    0.334910    7.578634   
[36mINFO[0m 08/01 03:04:40 | 0.586364    0.555556    0.000000    0.701726    0.598595    0.786852    1.331229    0.598611    0.643836    0.700000    0.759615    0.873704    0.586364    0.598595    0.555556    0.598611    1300        141.496599  0.127657    0.161149    0.341513    7.578634   
[36mINFO[0m 08/01 03:04:57 | 0.595455    0.555556    0.000000    0.695601    0.608247    0.781292    1.856487    0.575000    0.602740    0.691473    0.788462    0.871111    0.595455    0.608247    0.555556    0.575000    1400        152.380952  0.114730    0.160983    0.339289    7.578634   
[36mINFO[0m 08/01 03:05:13 | 0.595455    0.592593    0.000000    0.749078    0.616713    0.793493    1.491105    0.618056    0.671233    0.715504    0.826923    0.871481    0.595455    0.616713    0.592593    0.618056    1500        163.265306  0.115776    0.161210    0.341908    7.578634   
[36mINFO[0m 08/01 03:05:30 | 0.600000    0.537037    0.000000    0.704492    0.627508    0.792442    2.072954    0.562500    0.630137    0.701550    0.778846    0.883333    0.600000    0.627508    0.537037    0.562500    1600        174.149660  0.103361    0.160953    0.339262    7.578634   
[36mINFO[0m 08/01 03:05:46 | 0.572727    0.574074    0.000000    0.739463    0.584201    0.790952    1.329278    0.604167    0.671233    0.717829    0.807692    0.864074    0.572727    0.584201    0.574074    0.604167    1700        185.034014  0.109022    0.160789    0.337543    7.578634   
[36mINFO[0m 08/01 03:06:03 | 0.600000    0.629630    0.000000    0.745587    0.581407    0.781382    1.906899    0.627778    0.712329    0.703876    0.778846    0.858889    0.600000    0.581407    0.629630    0.627778    1800        195.918367  0.087621    0.160818    0.343228    7.578634   
[36mINFO[0m 08/01 03:06:19 | 0.572727    0.537037    0.000000    0.720956    0.624841    0.780228    1.322758    0.551389    0.643836    0.685271    0.798077    0.875185    0.572727    0.624841    0.537037    0.551389    1900        206.802721  0.089614    0.161027    0.344838    7.578634   
[36mINFO[0m 08/01 03:06:36 | 0.618182    0.611111    0.000000    0.703767    0.595631    0.774298    1.854843    0.637500    0.657534    0.710078    0.750000    0.838519    0.618182    0.595631    0.611111    0.637500    2000        217.687075  0.088756    0.161236    0.341178    7.578634   
[36mINFO[0m 08/01 03:06:52 | 0.600000    0.500000    0.000000    0.749078    0.598933    0.802786    1.614090    0.576389    0.671233    0.717054    0.826923    0.888519    0.600000    0.598933    0.500000    0.576389    2100        228.571429  0.088983    0.161299    0.342928    7.578634   
[36mINFO[0m 08/01 03:07:08 | 0.545455    0.592593    0.000000    0.702450    0.570908    0.761486    1.068811    0.659722    0.616438    0.675194    0.788462    0.847778    0.545455    0.570908    0.592593    0.659722    2200        239.455782  0.083345    0.161143    0.342686    7.578634   
[36mINFO[0m 08/01 03:07:25 | 0.568182    0.500000    0.000000    0.725040    0.627508    0.777007    1.635257    0.591667    0.671233    0.673643    0.778846    0.880370    0.568182    0.627508    0.500000    0.591667    2300        250.340136  0.083565    0.161060    0.334901    7.578634   
[36mINFO[0m 08/01 03:07:41 | 0.545455    0.537037    0.000000    0.734655    0.601135    0.781124    2.028220    0.602778    0.671233    0.692248    0.798077    0.870000    0.545455    0.601135    0.537037    0.602778    2400        261.224490  0.074318    0.160878    0.342837    7.578634   
[36mINFO[0m 08/01 03:07:58 | 0.536364    0.518519    0.000000    0.729847    0.575607    0.772808    1.917313    0.594444    0.671233    0.693023    0.788462    0.852593    0.536364    0.575607    0.518519    0.594444    2500        272.108844  0.072905    0.160992    0.342792    7.578634   
[36mINFO[0m 08/01 03:08:14 | 0.550000    0.592593    0.000000    0.704492    0.610109    0.784162    1.570521    0.623611    0.630137    0.708140    0.778846    0.860185    0.550000    0.610109    0.592593    0.623611    2600        282.993197  0.082805    0.160956    0.344439    7.578634   
[36mINFO[0m 08/01 03:08:31 | 0.504545    0.537037    0.000000    0.725040    0.559055    0.777390    1.221802    0.623611    0.671233    0.699225    0.778846    0.855556    0.504545    0.559055    0.537037    0.623611    2700        293.877551  0.072960    0.161367    0.336720    7.578634   
[36mINFO[0m 08/01 03:08:47 | 0.586364    0.648148    0.000000    0.699684    0.618237    0.761339    1.914263    0.661111    0.630137    0.668605    0.769231    0.854074    0.586364    0.618237    0.648148    0.661111    2800        304.761905  0.077429    0.161061    0.341435    7.578634   
[36mINFO[0m 08/01 03:09:04 | 0.590909    0.629630    0.000000    0.740055    0.579290    0.818760    1.509508    0.615278    0.739726    0.777519    0.740385    0.860000    0.590909    0.579290    0.629630    0.615278    2900        315.646259  0.075166    0.161206    0.343116    7.578634   
[36mINFO[0m 08/01 03:09:20 | 0.609091    0.611111    0.000000    0.727081    0.593176    0.803575    2.124251    0.647222    0.684932    0.744186    0.769231    0.862963    0.609091    0.593176    0.611111    0.647222    3000        326.530612  0.060998    0.161015    0.344993    7.578634   
[36mINFO[0m 08/01 03:09:37 | 0.527273    0.629630    0.000000    0.705809    0.561045    0.773609    2.070536    0.602778    0.671233    0.712403    0.740385    0.834815    0.527273    0.561045    0.629630    0.602778    3100        337.414966  0.070531    0.161158    0.341688    7.578634   
[36mINFO[0m 08/01 03:09:53 | 0.586364    0.574074    0.000000    0.756652    0.628821    0.804561    1.246586    0.619444    0.657534    0.696899    0.855769    0.912222    0.586364    0.628821    0.574074    0.619444    3200        348.299320  0.087273    0.161016    0.341744    7.578634   
[36mINFO[0m 08/01 03:10:10 | 0.550000    0.555556    0.000000    0.720956    0.598849    0.775437    2.082431    0.638889    0.643836    0.682171    0.798077    0.868704    0.550000    0.598849    0.555556    0.638889    3300        359.183673  0.053915    0.161140    0.342928    7.578634   
[36mINFO[0m 08/01 03:10:26 | 0.572727    0.555556    0.000000    0.701001    0.563331    0.775082    2.275587    0.614583    0.671233    0.712016    0.730769    0.838148    0.572727    0.563331    0.555556    0.614583    3400        370.068027  0.063328    0.161208    0.343358    7.578634   
[36mINFO[0m 08/01 03:10:42 | 0.518182    0.500000    0.000000    0.758693    0.581746    0.802524    1.516783    0.611111    0.671233    0.730233    0.846154    0.874815    0.518182    0.581746    0.500000    0.611111    3500        380.952381  0.065802    0.161535    0.336786    7.578634   
[36mINFO[0m 08/01 03:10:59 | 0.600000    0.537037    0.000000    0.744270    0.602574    0.786012    1.999909    0.529167    0.671233    0.703876    0.817308    0.868148    0.600000    0.602574    0.537037    0.529167    3600        391.836735  0.066281    0.161483    0.340964    7.578634   
[36mINFO[0m 08/01 03:11:15 | 0.581818    0.537037    0.000000    0.751120    0.641055    0.816516    1.590373    0.627083    0.684932    0.751550    0.817308    0.881481    0.581818    0.641055    0.537037    0.627083    3700        402.721088  0.058362    0.161133    0.343068    7.578634   
[36mINFO[0m 08/01 03:11:32 | 0.590909    0.500000    0.000000    0.740187    0.644526    0.795758    1.521537    0.590278    0.643836    0.700775    0.836538    0.890741    0.590909    0.644526    0.500000    0.590278    3800        413.605442  0.056203    0.160992    0.331867    7.578634   
[36mINFO[0m 08/01 03:11:48 | 0.568182    0.518519    0.000000    0.701726    0.618915    0.765538    1.411642    0.586111    0.643836    0.699225    0.759615    0.831852    0.568182    0.618915    0.518519    0.586111    3900        424.489796  0.082528    0.160965    0.337185    7.578634   
[36mINFO[0m 08/01 03:12:05 | 0.586364    0.574074    0.000000    0.714700    0.579968    0.803497    2.404181    0.619444    0.698630    0.757364    0.730769    0.849630    0.586364    0.579968    0.574074    0.619444    4000        435.374150  0.055224    0.160975    0.338891    7.578634   
[36mINFO[0m 08/01 03:12:21 | 0.590909    0.518519    0.000000    0.767584    0.625095    0.803290    1.662479    0.575000    0.698630    0.731395    0.836538    0.875185    0.590909    0.625095    0.518519    0.575000    4100        446.258503  0.064226    0.161016    0.345779    7.578634   
[36mINFO[0m 08/01 03:12:38 | 0.563636    0.518519    0.000000    0.729847    0.605918    0.784866    1.376493    0.608333    0.671233    0.702326    0.788462    0.867407    0.563636    0.605918    0.518519    0.608333    4200        457.142857  0.063409    0.161061    0.346924    7.578634   
[36mINFO[0m 08/01 03:12:54 | 0.631818    0.592593    0.000000    0.736697    0.643807    0.803277    1.675798    0.604861    0.684932    0.722481    0.788462    0.884074    0.631818    0.643807    0.592593    0.604861    4300        468.027211  0.052298    0.161360    0.336390    7.578634   
[36mINFO[0m 08/01 03:13:11 | 0.577273    0.574074    0.000000    0.736697    0.596393    0.789065    2.240903    0.614583    0.684932    0.716279    0.788462    0.861852    0.577273    0.596393    0.574074    0.614583    4400        478.911565  0.051858    0.161484    0.342988    7.578634   
[36mINFO[0m 08/01 03:13:27 | 0.613636    0.537037    0.000000    0.683219    0.569046    0.743170    1.830384    0.581944    0.616438    0.642636    0.750000    0.843704    0.613636    0.569046    0.537037    0.581944    4500        489.795918  0.065404    0.161198    0.345451    7.578634   
[36mINFO[0m 08/01 03:13:44 | 0.618182    0.537037    0.000000    0.740780    0.620185    0.789841    1.694534    0.584028    0.712329    0.717829    0.769231    0.861852    0.618182    0.620185    0.537037    0.584028    4600        500.680272  0.047828    0.161266    0.337877    7.578634   
[36mINFO[0m 08/01 03:14:00 | 0.636364    0.555556    0.000000    0.716149    0.628270    0.777954    2.083354    0.604167    0.643836    0.699612    0.788462    0.856296    0.636364    0.628270    0.555556    0.604167    4700        511.564626  0.051153    0.161325    0.338303    7.578634   
[36mINFO[0m 08/01 03:14:17 | 0.604545    0.537037    0.000000    0.727806    0.638049    0.759048    1.679214    0.596528    0.657534    0.665504    0.798077    0.852593    0.604545    0.638049    0.537037    0.596528    4800        522.448980  0.060461    0.161325    0.343031    7.578634   
[36mINFO[0m 08/01 03:14:33 | 0.595455    0.611111    0.000000    0.780558    0.606807    0.808643    1.658225    0.605556    0.753425    0.747287    0.807692    0.870000    0.595455    0.606807    0.611111    0.605556    4900        533.333333  0.048604    0.161292    0.345343    7.578634   
[36mINFO[0m 08/01 03:14:50 | 0.590909    0.592593    0.000000    0.696918    0.604267    0.775874    1.782523    0.570833    0.643836    0.714341    0.750000    0.837407    0.590909    0.604267    0.592593    0.570833    5000        544.217687  0.050466    0.161184    0.339575    7.578634   
[36mINFO[0m 08/01 03:14:50 | ---
[36mINFO[0m 08/01 03:14:50 | oracle = 58.636%
[36mINFO[0m 08/01 03:14:50 | iid = 59.545%
[36mINFO[0m 08/01 03:14:50 | last = 59.091%
[36mINFO[0m 08/01 03:14:50 | last (inD) = 69.692%
[36mINFO[0m 08/01 03:14:50 | iid (inD) = 78.056%
[36mINFO[0m 08/01 03:14:50 | === Summary ===
[36mINFO[0m 08/01 03:14:50 | Command: /home/s21_yhr/lzh/DomainBed-new/train_all.py HTP_ALOFT_E_seed3 --dataset HTP --data_dir /home/s21_yhr/lzh/DomainBed-new/dataset --algorithm ALOFT_E --steps 5000 --checkpoint_freq 100 --batch_size 32 --optimizer adam --lr 5e-5 --weight_decay 0 --resnet_dropout 0 --resnet18 False --pretrained True --freeze_bn True --swad False --seed 3 --trial_seed 3 --deterministic --prebuild_loader --cache_size 256 --aloft_alpha 1.0 --aloft_mask_ratio 0.5 --aloft_perturb_prob 1.0
[36mINFO[0m 08/01 03:14:50 | Unique name: 260801_02-33-14_HTP_ALOFT_E_seed3
[36mINFO[0m 08/01 03:14:50 | Out path: train_output/HTP/260801_02-33-14_HTP_ALOFT_E_seed3
[36mINFO[0m 08/01 03:14:50 | Algorithm: ALOFT_E
[36mINFO[0m 08/01 03:14:50 | Dataset: HTP
+------------+---------+---------+---------+---------+
| Selection  |    00   |    01   |    02   |   Avg.  |
+------------+---------+---------+---------+---------+
|   oracle   | 50.000% | 56.563% | 58.636% | 55.067% |
|    iid     | 52.381% | 55.370% | 59.545% | 55.765% |
|    last    | 54.762% | 51.551% | 59.091% | 55.135% |
| last (inD) | 66.791% | 58.600% | 69.692% | 65.028% |
| iid (inD)  | 75.712% | 68.506% | 78.056% | 74.091% |
+------------+---------+---------+---------+---------+
================================================================================
Starting ALOFT_E, seed=4, physical GPU=2
/home/s21_yhr/miniconda3/envs/GGA/bin/python /home/s21_yhr/lzh/DomainBed-new/train_all.py HTP_ALOFT_E_seed4 --dataset HTP --data_dir /home/s21_yhr/lzh/DomainBed-new/dataset --algorithm ALOFT_E --steps 5000 --checkpoint_freq 100 --batch_size 32 --optimizer adam --lr 5e-5 --weight_decay 0 --resnet_dropout 0 --resnet18 False --pretrained True --freeze_bn True --swad False --seed 4 --trial_seed 4 --deterministic --prebuild_loader --cache_size 256 --aloft_alpha 1.0 --aloft_mask_ratio 0.5 --aloft_perturb_prob 1.0
================================================================================
[36mINFO[0m 08/01 03:14:55 | Command :: /home/s21_yhr/lzh/DomainBed-new/train_all.py HTP_ALOFT_E_seed4 --dataset HTP --data_dir /home/s21_yhr/lzh/DomainBed-new/dataset --algorithm ALOFT_E --steps 5000 --checkpoint_freq 100 --batch_size 32 --optimizer adam --lr 5e-5 --weight_decay 0 --resnet_dropout 0 --resnet18 False --pretrained True --freeze_bn True --swad False --seed 4 --trial_seed 4 --deterministic --prebuild_loader --cache_size 256 --aloft_alpha 1.0 --aloft_mask_ratio 0.5 --aloft_perturb_prob 1.0
Environment:
	Python: 3.11.15
	PyTorch: 2.11.0+cu128
	Torchvision: 0.26.0+cu128
	CUDA: 12.8
	CUDNN: 91900
	NumPy: 1.26.4
	PIL: 12.2.0
Args:
	algorithm: ALOFT_E
	batch_size: 32
	cache_root: cache
	cache_size: 256
	checkpoint_freq: 100
	configs: []
	data_dir: /home/s21_yhr/lzh/DomainBed-new/dataset
	dataset: HTP
	debug: False
	deterministic: True
	end_step: 200
	evalmode: fast
	extra_search: n
	extra_search_end: None
	extra_search_start: None
	gga_l_gamma: 0.001
	grad_fn: sum
	holdout_fraction: 0.2
	model_save: None
	name: HTP_ALOFT_E_seed4
	neighborhoodSize: 1e-06
	out_dir: train_output/HTP/260801_03-14-55_HTP_ALOFT_E_seed4
	out_root: train_output/HTP
	prebuild_loader: True
	seed: 4
	show: False
	start_step: 100
	steps: 5000
	tb_freq: 10
	test_envs: None
	train_output: train_output
	trial_seed: 4
	unique_name: 260801_03-14-55_HTP_ALOFT_E_seed4
	work_dir: .
HParams:
	data_augmentation: True
	val_augment: False
	[36mresnet18: False
	[0m[36mresnet_dropout: 0
	[0mclass_balanced: False
	[36moptimizer: adam
	[0m[36mfreeze_bn: True
	[0m[36mpretrained: True
	[0m[36mlr: 5e-05
	[0mbatch_size: 32
	[36mweight_decay: 0
	[0m[36maloft_alpha: 1.0
	[0m[36maloft_mask_ratio: 0.5
	[0m[36maloft_perturb_prob: 1.0
	[0maloft_positions: 
	  - layer1
	  - layer2
	  - layer3
	[36mswad: False
	[0mswad_kwargs: 
	  n_converge: 3
	  n_tolerance: 6
	  tolerance_ratio: 0.3
	test_batchsize: 128
	indomain_test: False
	grad_fn: sum
	extra_search: n
	logdir: train_output/HTP/260801_03-14-55_HTP_ALOFT_E_seed4
	neighborhoodSize: 1e-06
	start_step: 100
	end_step: 200
	extra_search_start: None
	extra_search_end: None
	gga_l_gamma: 0.001
Dataset:
	[HTP] #envs=3, #classes=2
	env0: 00 (#367)
	env1: 01 (#523)
	env2: 02 (#274)

[36mINFO[0m 08/01 03:14:55 | n_steps = 5000
[36mINFO[0m 08/01 03:14:55 | checkpoint_freq = 100
[36mINFO[0m 08/01 03:14:55 | n_steps is updated to 5000 => 5001 for checkpointing
[36mINFO[0m 08/01 03:14:55 | Target test envs = [[0], [1], [2]]
[36mINFO[0m 08/01 03:14:55 | 
[36mINFO[0m 08/01 03:14:55 | Testenv name escaping te_00 -> te_00
[36mINFO[0m 08/01 03:14:55 | Test envs = [0], name = te_00
[36mINFO[0m 08/01 03:14:55 | Batch sizes for each domain: [0, 32, 32] (total=64)
[36mINFO[0m 08/01 03:14:55 | steps-per-epoch for each domain: 13.09, 6.88 -> min = 6.88
/home/s21_yhr/miniconda3/envs/GGA/lib/python3.11/site-packages/torchvision/models/_utils.py:208: UserWarning: The parameter 'pretrained' is deprecated since 0.13 and may be removed in the future, please use 'weights' instead.
  warnings.warn(
/home/s21_yhr/miniconda3/envs/GGA/lib/python3.11/site-packages/torchvision/models/_utils.py:223: UserWarning: Arguments other than a weight enum or `None` for 'weights' are deprecated since 0.13 and may be removed in the future. The current behavior is equivalent to passing `weights=ResNet50_Weights.IMAGENET1K_V1`. You can also use `weights=ResNet50_Weights.DEFAULT` to get the most up-to-date weights.
  warnings.warn(msg)
[36mINFO[0m 08/01 03:14:57 | # of params = 23512130
[36mINFO[0m 08/01 03:14:58 | test_in     test_out    train_in    train_out   test_in_au  test_out_a  train_out_  tr_outloss  env0_in     env0_in_au  env0_out    env0_out_a  env1_out    env1_out_a  env2_out    env2_out_a  step        epoch       loss        step_time   eval_time   mem_gb     
[36mINFO[0m 08/01 03:14:58 | 0.448980    0.397260    0.000000    0.469551    0.537602    0.547022    0.666622    0.757413    0.448980    0.537602    0.397260    0.547022    0.605769    0.803922    0.333333    0.529323    0           0.000000    0.674632    0.769814    0.575241    7.362074   
[36mINFO[0m 08/01 03:15:15 | 0.551020    0.506849    0.000000    0.695335    0.546702    0.456897    0.789397    0.590525    0.551020    0.546702    0.506849    0.456897    0.798077    0.939697    0.592593    0.639098    100         14.545455   0.568801    0.162758    0.407029    7.578634   
[36mINFO[0m 08/01 03:15:32 | 0.544218    0.493151    0.000000    0.770477    0.551370    0.453762    0.823679    0.615773    0.544218    0.551370    0.493151    0.453762    0.855769    0.954125    0.685185    0.693233    200         29.090909   0.391922    0.162611    0.390389    7.578634   
[36mINFO[0m 08/01 03:15:48 | 0.537415    0.534247    0.000000    0.746795    0.555660    0.485893    0.803474    0.831604    0.537415    0.555660    0.534247    0.485893    0.826923    0.942286    0.666667    0.664662    300         43.636364   0.278116    0.162315    0.392272    7.578634   
[36mINFO[0m 08/01 03:16:05 | 0.537415    0.424658    0.000000    0.766026    0.567495    0.485110    0.824407    0.967023    0.537415    0.567495    0.424658    0.485110    0.865385    0.957085    0.666667    0.691729    400         58.181818   0.232173    0.162041    0.403949    7.578634   
[36mINFO[0m 08/01 03:16:22 | 0.547619    0.493151    0.000000    0.723469    0.552548    0.502351    0.782165    1.049397    0.547619    0.552548    0.493151    0.502351    0.817308    0.904181    0.629630    0.660150    500         72.727273   0.206297    0.161701    0.400742    7.578634   
[36mINFO[0m 08/01 03:16:38 | 0.544218    0.547945    0.000000    0.727920    0.560800    0.464734    0.803683    1.043526    0.544218    0.560800    0.547945    0.464734    0.807692    0.939697    0.648148    0.667669    600         87.272727   0.169677    0.161681    0.390991    7.578634   
[36mINFO[0m 08/01 03:16:55 | 0.571429    0.534247    0.000000    0.756766    0.571668    0.489812    0.816035    1.191067    0.571429    0.571668    0.534247    0.489812    0.865385    0.946356    0.648148    0.685714    700         101.818182  0.169202    0.161786    0.392895    7.578634   
[36mINFO[0m 08/01 03:17:11 | 0.557823    0.438356    0.000000    0.741987    0.523221    0.435737    0.786271    1.085752    0.557823    0.523221    0.438356    0.435737    0.817308    0.907880    0.666667    0.664662    800         116.363636  0.144072    0.161689    0.393363    7.578634   
[36mINFO[0m 08/01 03:17:28 | 0.554422    0.493151    0.000000    0.737536    0.554764    0.511755    0.789123    1.254956    0.554422    0.554764    0.493151    0.511755    0.826923    0.927118    0.648148    0.651128    900         130.909091  0.135400    0.161820    0.390610    7.578634   
[36mINFO[0m 08/01 03:17:44 | 0.544218    0.561644    0.000000    0.737536    0.558065    0.496082    0.802179    1.567774    0.544218    0.558065    0.561644    0.496082    0.826923    0.939697    0.648148    0.664662    1000        145.454545  0.127838    0.161890    0.394079    7.578634   
[36mINFO[0m 08/01 03:18:01 | 0.527211    0.547945    0.000000    0.742343    0.547692    0.497649    0.805945    1.375457    0.527211    0.547692    0.547945    0.497649    0.836538    0.915649    0.648148    0.696241    1100        160.000000  0.131740    0.161965    0.396201    7.578634   
[36mINFO[0m 08/01 03:18:18 | 0.564626    0.534247    0.000000    0.708689    0.565090    0.486677    0.792441    1.567488    0.564626    0.565090    0.534247    0.486677    0.769231    0.888642    0.648148    0.696241    1200        174.545455  0.105403    0.161635    0.392408    7.578634   
[36mINFO[0m 08/01 03:18:34 | 0.547619    0.547945    0.000000    0.723113    0.574897    0.499216    0.798420    1.585083    0.547619    0.574897    0.547945    0.499216    0.798077    0.939697    0.648148    0.657143    1300        189.090909  0.130510    0.161783    0.387655    7.578634   
[36mINFO[0m 08/01 03:18:51 | 0.571429    0.506849    0.000000    0.770121    0.569381    0.485893    0.826854    1.044935    0.571429    0.569381    0.506849    0.485893    0.836538    0.933407    0.703704    0.720301    1400        203.636364  0.116354    0.161692    0.391442    7.578634   
[36mINFO[0m 08/01 03:19:07 | 0.517007    0.479452    0.000000    0.698718    0.559998    0.542320    0.784189    1.636598    0.517007    0.559998    0.479452    0.542320    0.730769    0.863115    0.666667    0.705263    1500        218.181818  0.099650    0.161192    0.389433    7.578634   
[36mINFO[0m 08/01 03:19:24 | 0.537415    0.479452    0.000000    0.751603    0.559527    0.481975    0.788287    1.629688    0.537415    0.559527    0.479452    0.481975    0.836538    0.937477    0.666667    0.639098    1600        232.727273  0.132264    0.161382    0.392228    7.578634   
[36mINFO[0m 08/01 03:19:40 | 0.554422    0.506849    0.000000    0.751959    0.568579    0.490596    0.799577    1.184241    0.554422    0.568579    0.506849    0.490596    0.855769    0.935997    0.648148    0.663158    1700        247.272727  0.096517    0.161483    0.384709    7.578634   
[36mINFO[0m 08/01 03:19:57 | 0.571429    0.506849    0.000000    0.728632    0.570866    0.469436    0.804972    1.324181    0.571429    0.570866    0.506849    0.469436    0.846154    0.919719    0.611111    0.690226    1800        261.818182  0.098530    0.161257    0.383228    7.578634   
[36mINFO[0m 08/01 03:20:13 | 0.564626    0.479452    0.000000    0.756766    0.577679    0.515674    0.798474    1.242572    0.564626    0.577679    0.479452    0.515674    0.865385    0.909730    0.648148    0.687218    1900        276.363636  0.091756    0.161226    0.390705    7.578634   
[36mINFO[0m 08/01 03:20:30 | 0.547619    0.506849    0.000000    0.765670    0.559008    0.484326    0.805861    1.276210    0.547619    0.559008    0.506849    0.484326    0.846154    0.926008    0.685185    0.685714    2000        290.909091  0.096903    0.161401    0.392292    7.578634   
[36mINFO[0m 08/01 03:20:46 | 0.547619    0.506849    0.000000    0.738248    0.576453    0.522727    0.785560    1.828651    0.547619    0.576453    0.506849    0.522727    0.865385    0.926008    0.611111    0.645113    2100        305.454545  0.096300    0.161286    0.385821    7.578634   
[36mINFO[0m 08/01 03:21:03 | 0.557823    0.534247    0.000000    0.761574    0.578104    0.522335    0.810103    2.044562    0.557823    0.578104    0.534247    0.522335    0.875000    0.959304    0.648148    0.660902    2200        320.000000  0.080545    0.161345    0.396683    7.578634   
[36mINFO[0m 08/01 03:21:20 | 0.557823    0.547945    0.000000    0.722756    0.563251    0.520376    0.782338    1.914709    0.557823    0.563251    0.547945    0.520376    0.778846    0.906030    0.666667    0.658647    2300        334.545455  0.091103    0.161320    0.388077    7.578634   
[36mINFO[0m 08/01 03:21:36 | 0.564626    0.547945    0.000000    0.686075    0.555707    0.522727    0.784546    1.471106    0.564626    0.555707    0.547945    0.522727    0.798077    0.911950    0.574074    0.657143    2400        349.090909  0.082572    0.161506    0.391452    7.578634   
[36mINFO[0m 08/01 03:21:53 | 0.564626    0.547945    0.000000    0.719017    0.561059    0.525862    0.779081    1.564985    0.564626    0.561059    0.547945    0.525862    0.826923    0.890492    0.611111    0.667669    2500        363.636364  0.073573    0.161311    0.387460    7.578634   
[36mINFO[0m 08/01 03:22:09 | 0.557823    0.534247    0.000000    0.717949    0.527182    0.485893    0.793110    1.834634    0.557823    0.527182    0.534247    0.485893    0.769231    0.899001    0.666667    0.687218    2600        378.181818  0.078673    0.161298    0.392806    7.578634   
[36mINFO[0m 08/01 03:22:26 | 0.537415    0.534247    0.000000    0.718305    0.545735    0.498433    0.774504    1.825705    0.537415    0.545735    0.534247    0.498433    0.788462    0.875324    0.648148    0.673684    2700        392.727273  0.086179    0.161509    0.393343    7.578634   
[36mINFO[0m 08/01 03:22:42 | 0.564626    0.561644    0.000000    0.756410    0.533924    0.471787    0.789362    1.448645    0.564626    0.533924    0.561644    0.471787    0.846154    0.897521    0.666667    0.681203    2800        407.272727  0.083376    0.161900    0.397779    7.578634   
[36mINFO[0m 08/01 03:22:59 | 0.551020    0.534247    0.000000    0.728276    0.550804    0.495298    0.794201    1.869483    0.551020    0.550804    0.534247    0.495298    0.826923    0.926748    0.629630    0.661654    2900        421.818182  0.073811    0.161472    0.388254    7.578634   
[36mINFO[0m 08/01 03:23:15 | 0.523810    0.506849    0.000000    0.728276    0.545075    0.484718    0.783460    1.881532    0.523810    0.545075    0.506849    0.484718    0.826923    0.906770    0.629630    0.660150    3000        436.363636  0.082597    0.161664    0.391052    7.578634   
[36mINFO[0m 08/01 03:23:32 | 0.537415    0.452055    0.000000    0.714209    0.546395    0.449843    0.779265    1.728710    0.537415    0.546395    0.452055    0.449843    0.817308    0.937477    0.611111    0.621053    3100        450.909091  0.076539    0.161491    0.393396    7.578634   
[36mINFO[0m 08/01 03:23:48 | 0.561224    0.506849    0.000000    0.705306    0.586543    0.521160    0.788061    1.782863    0.561224    0.586543    0.506849    0.521160    0.836538    0.918979    0.574074    0.657143    3200        465.454545  0.071895    0.161451    0.391009    7.578634   
[36mINFO[0m 08/01 03:24:05 | 0.547619    0.479452    0.000000    0.727920    0.563440    0.505486    0.770745    1.764024    0.547619    0.563440    0.479452    0.505486    0.807692    0.875324    0.648148    0.666165    3300        480.000000  0.066952    0.161434    0.391634    7.578634   
[36mINFO[0m 08/01 03:24:22 | 0.551020    0.506849    0.000000    0.713853    0.523221    0.478056    0.790448    1.488610    0.551020    0.523221    0.506849    0.478056    0.798077    0.902701    0.629630    0.678195    3400        494.545455  0.078566    0.161236    0.390411    7.578634   
[36mINFO[0m 08/01 03:24:38 | 0.506803    0.493151    0.000000    0.709758    0.528691    0.476489    0.772206    1.366735    0.506803    0.528691    0.493151    0.476489    0.826923    0.903811    0.592593    0.640602    3500        509.090909  0.072801    0.161253    0.387451    7.578634   
[36mINFO[0m 08/01 03:24:55 | 0.540816    0.438356    0.000000    0.742343    0.544604    0.453762    0.788258    1.794493    0.540816    0.544604    0.438356    0.453762    0.836538    0.917869    0.648148    0.658647    3600        523.636364  0.062034    0.161271    0.392186    7.578634   
[36mINFO[0m 08/01 03:25:11 | 0.530612    0.575342    0.000000    0.719017    0.561955    0.546238    0.766537    1.440197    0.530612    0.561955    0.575342    0.546238    0.826923    0.907510    0.611111    0.625564    3700        538.181818  0.068810    0.161258    0.388962    7.578634   
[36mINFO[0m 08/01 03:25:28 | 0.551020    0.438356    0.000000    0.752315    0.589490    0.499608    0.785375    1.653936    0.551020    0.589490    0.438356    0.499608    0.875000    0.925638    0.629630    0.645113    3800        552.727273  0.075165    0.161432    0.391625    7.578634   
[36mINFO[0m 08/01 03:25:44 | 0.513605    0.493151    0.000000    0.723469    0.538757    0.501567    0.782118    1.907033    0.513605    0.538757    0.493151    0.501567    0.817308    0.910100    0.629630    0.654135    3900        567.272727  0.058815    0.161287    0.393618    7.578634   
[36mINFO[0m 08/01 03:26:01 | 0.540816    0.452055    0.000000    0.705306    0.565373    0.459248    0.774938    2.014508    0.540816    0.565373    0.452055    0.459248    0.836538    0.937847    0.574074    0.612030    4000        581.818182  0.061513    0.161581    0.397713    7.578634   
[36mINFO[0m 08/01 03:26:17 | 0.537415    0.452055    0.000000    0.737892    0.588948    0.523903    0.802024    1.739866    0.537415    0.588948    0.452055    0.523903    0.846154    0.935627    0.629630    0.668421    4100        596.363636  0.060623    0.161402    0.387771    7.578634   
[36mINFO[0m 08/01 03:26:34 | 0.530612    0.506849    0.000000    0.746439    0.537461    0.489028    0.772720    1.636734    0.530612    0.537461    0.506849    0.489028    0.807692    0.886792    0.685185    0.658647    4200        610.909091  0.071520    0.161806    0.404335    7.578634   
[36mINFO[0m 08/01 03:26:51 | 0.537415    0.506849    0.000000    0.709402    0.530294    0.492163    0.800324    1.938049    0.537415    0.530294    0.506849    0.492163    0.807692    0.913430    0.611111    0.687218    4300        625.454545  0.062498    0.161901    0.388401    7.578634   
[36mINFO[0m 08/01 03:27:07 | 0.547619    0.438356    0.000000    0.733084    0.566811    0.460031    0.800575    1.888466    0.547619    0.566811    0.438356    0.460031    0.836538    0.905660    0.629630    0.695489    4400        640.000000  0.070331    0.161185    0.390586    7.578634   
[36mINFO[0m 08/01 03:27:24 | 0.537415    0.520548    0.000000    0.723113    0.555212    0.500000    0.786182    1.486719    0.537415    0.555212    0.520548    0.500000    0.798077    0.895671    0.648148    0.676692    4500        654.545455  0.064963    0.161137    0.395291    7.578634   
[36mINFO[0m 08/01 03:27:40 | 0.564626    0.520548    0.000000    0.704238    0.557829    0.520768    0.788288    2.026210    0.564626    0.557829    0.520548    0.520768    0.778846    0.914169    0.629630    0.662406    4600        669.090909  0.064810    0.161377    0.393904    7.578634   
[36mINFO[0m 08/01 03:27:57 | 0.561224    0.520548    0.000000    0.708689    0.574167    0.544671    0.789380    2.396198    0.561224    0.574167    0.520548    0.544671    0.769231    0.895302    0.648148    0.683459    4700        683.636364  0.051979    0.161104    0.385787    7.578634   
[36mINFO[0m 08/01 03:28:13 | 0.547619    0.465753    0.000000    0.742699    0.559574    0.490987    0.789305    2.048556    0.547619    0.559574    0.465753    0.490987    0.855769    0.916204    0.629630    0.662406    4800        698.181818  0.058152    0.161179    0.391992    7.578634   
[36mINFO[0m 08/01 03:28:30 | 0.561224    0.493151    0.000000    0.741987    0.578717    0.474922    0.816465    1.677656    0.561224    0.578717    0.493151    0.474922    0.817308    0.939697    0.666667    0.693233    4900        712.727273  0.053208    0.161329    0.390135    7.578634   
[36mINFO[0m 08/01 03:28:46 | 0.561224    0.438356    0.000000    0.723825    0.573342    0.474138    0.794290    2.147942    0.561224    0.573342    0.438356    0.474138    0.836538    0.938957    0.611111    0.649624    5000        727.272727  0.050856    0.161469    0.398722    7.578634   
[36mINFO[0m 08/01 03:28:46 | ---
[36mINFO[0m 08/01 03:28:46 | oracle = 53.061%
[36mINFO[0m 08/01 03:28:46 | iid = 54.422%
[36mINFO[0m 08/01 03:28:46 | last = 56.122%
[36mINFO[0m 08/01 03:28:46 | last (inD) = 72.382%
[36mINFO[0m 08/01 03:28:46 | iid (inD) = 77.048%
[36mINFO[0m 08/01 03:28:47 | 
[36mINFO[0m 08/01 03:28:47 | Testenv name escaping te_01 -> te_01
[36mINFO[0m 08/01 03:28:47 | Test envs = [1], name = te_01
[36mINFO[0m 08/01 03:28:47 | Batch sizes for each domain: [32, 0, 32] (total=64)
[36mINFO[0m 08/01 03:28:47 | steps-per-epoch for each domain: 9.19, 6.88 -> min = 6.88
/home/s21_yhr/miniconda3/envs/GGA/lib/python3.11/site-packages/torchvision/models/_utils.py:208: UserWarning: The parameter 'pretrained' is deprecated since 0.13 and may be removed in the future, please use 'weights' instead.
  warnings.warn(
/home/s21_yhr/miniconda3/envs/GGA/lib/python3.11/site-packages/torchvision/models/_utils.py:223: UserWarning: Arguments other than a weight enum or `None` for 'weights' are deprecated since 0.13 and may be removed in the future. The current behavior is equivalent to passing `weights=ResNet50_Weights.IMAGENET1K_V1`. You can also use `weights=ResNet50_Weights.DEFAULT` to get the most up-to-date weights.
  warnings.warn(msg)
[36mINFO[0m 08/01 03:28:49 | # of params = 23512130
[36mINFO[0m 08/01 03:28:49 | test_in     test_out    train_in    train_out   test_in_au  train_out_  tr_outloss  test_out_a  env0_out    env0_out_a  env1_in     env1_in_au  env1_out    env1_out_a  env2_out    env2_out_a  step        epoch       loss        step_time   eval_time   mem_gb     
[36mINFO[0m 08/01 03:28:49 | 0.489260    0.490385    0.000000    0.618595    0.523742    0.545549    0.663837    0.532741    0.589041    0.391850    0.489260    0.523742    0.490385    0.532741    0.648148    0.699248    0           0.000000    0.695726    0.171801    0.534266    7.364028   
[36mINFO[0m 08/01 03:29:06 | 0.572792    0.567308    0.000000    0.630264    0.709419    0.629013    0.627148    0.649279    0.575342    0.558777    0.572792    0.709419    0.567308    0.649279    0.685185    0.699248    100         14.545455   0.659880    0.162310    0.478770    7.578634   
[36mINFO[0m 08/01 03:29:23 | 0.508353    0.500000    0.000000    0.611365    0.635777    0.620682    1.367789    0.613393    0.630137    0.666928    0.508353    0.635777    0.500000    0.613393    0.592593    0.574436    200         29.090909   0.524808    0.162111    0.478916    7.578634   
[36mINFO[0m 08/01 03:29:39 | 0.575179    0.471154    0.000000    0.611365    0.607478    0.644086    1.283063    0.416944    0.630137    0.671630    0.575179    0.607478    0.471154    0.416944    0.592593    0.616541    300         43.636364   0.361766    0.161564    0.486130    7.578634   
[36mINFO[0m 08/01 03:29:56 | 0.558473    0.432692    0.000000    0.609335    0.606407    0.650111    0.961303    0.473178    0.589041    0.653605    0.558473    0.606407    0.432692    0.473178    0.629630    0.646617    400         58.181818   0.259652    0.161552    0.480109    7.578634   
[36mINFO[0m 08/01 03:30:13 | 0.520286    0.423077    0.000000    0.579148    0.534793    0.664876    1.232419    0.378098    0.602740    0.732759    0.520286    0.534793    0.423077    0.378098    0.555556    0.596992    500         72.727273   0.180708    0.161375    0.482967    7.578634   
[36mINFO[0m 08/01 03:30:29 | 0.534606    0.519231    0.000000    0.616185    0.558102    0.679553    1.496186    0.479467    0.602740    0.733542    0.534606    0.558102    0.519231    0.479467    0.629630    0.625564    600         87.272727   0.154870    0.161156    0.481710    7.578634   
[36mINFO[0m 08/01 03:30:46 | 0.544153    0.538462    0.000000    0.613775    0.625980    0.691000    1.544917    0.574547    0.616438    0.723354    0.544153    0.625980    0.538462    0.574547    0.611111    0.658647    700         101.818182  0.126852    0.161091    0.471210    7.578634   
[36mINFO[0m 08/01 03:31:03 | 0.536993    0.480769    0.000000    0.648402    0.566100    0.678949    2.029005    0.464299    0.630137    0.703762    0.536993    0.566100    0.480769    0.464299    0.666667    0.654135    800         116.363636  0.128116    0.161361    0.481304    7.578634   
[36mINFO[0m 08/01 03:31:19 | 0.606205    0.509615    0.000000    0.609335    0.607387    0.666721    1.972011    0.510914    0.589041    0.647727    0.606205    0.607387    0.509615    0.510914    0.629630    0.685714    900         130.909091  0.098618    0.161426    0.486365    7.578634   
[36mINFO[0m 08/01 03:31:36 | 0.556086    0.480769    0.000000    0.593227    0.569563    0.669931    1.984778    0.485757    0.575342    0.694749    0.556086    0.569563    0.480769    0.485757    0.611111    0.645113    1000        145.454545  0.105421    0.161241    0.479418    7.578634   
[36mINFO[0m 08/01 03:31:52 | 0.551313    0.500000    0.000000    0.598047    0.566032    0.668215    2.503056    0.500555    0.547945    0.665752    0.551313    0.566032    0.500000    0.500555    0.648148    0.670677    1100        160.000000  0.110899    0.161056    0.475422    7.578634   
[36mINFO[0m 08/01 03:32:09 | 0.532220    0.500000    0.000000    0.673389    0.566351    0.675157    1.523617    0.512764    0.698630    0.702194    0.532220    0.566351    0.500000    0.512764    0.648148    0.648120    1200        174.545455  0.105669    0.161076    0.488198    7.578634   
[36mINFO[0m 08/01 03:32:26 | 0.508353    0.490385    0.000000    0.623034    0.525087    0.719297    2.018848    0.450980    0.616438    0.746865    0.508353    0.525087    0.490385    0.450980    0.629630    0.691729    1300        189.090909  0.094900    0.161212    0.484696    7.578634   
[36mINFO[0m 08/01 03:32:42 | 0.544153    0.471154    0.000000    0.650812    0.590617    0.671736    2.299658    0.496855    0.616438    0.681818    0.544153    0.590617    0.471154    0.496855    0.685185    0.661654    1400        203.636364  0.092328    0.161126    0.481678    7.578634   
[36mINFO[0m 08/01 03:32:59 | 0.618138    0.548077    0.000000    0.636733    0.632098    0.719880    2.221115    0.499815    0.643836    0.757053    0.618138    0.632098    0.548077    0.499815    0.629630    0.682707    1500        218.181818  0.091991    0.161011    0.485458    7.578634   
[36mINFO[0m 08/01 03:33:15 | 0.568019    0.451923    0.000000    0.648402    0.560313    0.700924    2.209698    0.408435    0.630137    0.749216    0.568019    0.560313    0.451923    0.408435    0.666667    0.652632    1600        232.727273  0.089050    0.161226    0.487482    7.578634   
[36mINFO[0m 08/01 03:33:32 | 0.551313    0.500000    0.000000    0.634703    0.568857    0.683550    2.072906    0.456160    0.602740    0.717476    0.551313    0.568857    0.500000    0.456160    0.666667    0.649624    1700        247.272727  0.083975    0.161326    0.485882    7.578634   
[36mINFO[0m 08/01 03:33:49 | 0.584726    0.500000    0.000000    0.655251    0.616911    0.707140    1.658083    0.526452    0.643836    0.740596    0.584726    0.616911    0.500000    0.526452    0.666667    0.673684    1800        261.818182  0.078257    0.161014    0.479390    7.578634   
[36mINFO[0m 08/01 03:34:05 | 0.582339    0.557692    0.000000    0.678209    0.616148    0.712000    2.563704    0.556419    0.671233    0.730016    0.582339    0.616148    0.557692    0.556419    0.685185    0.693985    1900        276.363636  0.070901    0.161535    0.479029    7.578634   
[36mINFO[0m 08/01 03:34:22 | 0.496420    0.403846    0.000000    0.641553    0.506175    0.686636    1.545848    0.402146    0.616438    0.693574    0.496420    0.506175    0.403846    0.402146    0.666667    0.679699    2000        290.909091  0.086053    0.161474    0.485384    7.578634   
[36mINFO[0m 08/01 03:34:39 | 0.556086    0.519231    0.000000    0.648021    0.589569    0.720516    3.027512    0.482797    0.684932    0.760580    0.556086    0.589569    0.519231    0.482797    0.611111    0.680451    2100        305.454545  0.071952    0.161257    0.483994    7.578634   
[36mINFO[0m 08/01 03:34:55 | 0.565632    0.480769    0.000000    0.609335    0.556439    0.681839    2.513786    0.455975    0.589041    0.679467    0.565632    0.556439    0.480769    0.455975    0.629630    0.684211    2200        320.000000  0.079930    0.161310    0.477398    7.578634   
[36mINFO[0m 08/01 03:35:12 | 0.548926    0.480769    0.000000    0.627854    0.586436    0.712371    1.995320    0.486127    0.589041    0.739028    0.548926    0.586436    0.480769    0.486127    0.666667    0.685714    2300        334.545455  0.074429    0.161262    0.478009    7.578634   
[36mINFO[0m 08/01 03:35:28 | 0.570406    0.519231    0.000000    0.637113    0.553204    0.726461    2.677308    0.491676    0.589041    0.738636    0.570406    0.553204    0.519231    0.491676    0.685185    0.714286    2400        349.090909  0.071040    0.161212    0.482819    7.578634   
[36mINFO[0m 08/01 03:35:45 | 0.508353    0.394231    0.000000    0.639143    0.520484    0.690275    2.523452    0.382168    0.630137    0.733934    0.508353    0.520484    0.394231    0.382168    0.648148    0.646617    2500        363.636364  0.071350    0.161162    0.483236    7.578634   
[36mINFO[0m 08/01 03:36:02 | 0.498807    0.461538    0.000000    0.652841    0.580295    0.681001    2.022646    0.482057    0.657534    0.656740    0.498807    0.580295    0.461538    0.482057    0.648148    0.705263    2600        378.181818  0.058338    0.160988    0.485269    7.578634   
[36mINFO[0m 08/01 03:36:18 | 0.584726    0.509615    0.000000    0.648402    0.601896    0.703109    2.564838    0.491306    0.630137    0.699451    0.584726    0.601896    0.509615    0.491306    0.666667    0.706767    2700        392.727273  0.060960    0.161125    0.484075    7.578634   
[36mINFO[0m 08/01 03:36:35 | 0.532220    0.519231    0.000000    0.639143    0.582893    0.686595    2.199494    0.473918    0.630137    0.710031    0.532220    0.582893    0.519231    0.473918    0.648148    0.663158    2800        407.272727  0.052767    0.161213    0.476837    7.578634   
[36mINFO[0m 08/01 03:36:51 | 0.522673    0.528846    0.000000    0.657281    0.610121    0.695977    2.213001    0.517943    0.684932    0.709248    0.522673    0.610121    0.528846    0.517943    0.629630    0.682707    2900        421.818182  0.057349    0.161360    0.483364    7.578634   
[36mINFO[0m 08/01 03:37:08 | 0.558473    0.509615    0.000000    0.597666    0.513022    0.656434    3.044718    0.456900    0.602740    0.687304    0.558473    0.513022    0.509615    0.456900    0.592593    0.625564    3000        436.363636  0.069810    0.161022    0.480481    7.578634   
[36mINFO[0m 08/01 03:37:25 | 0.556086    0.500000    0.000000    0.627473    0.556872    0.714061    2.177606    0.498335    0.643836    0.757445    0.556086    0.556872    0.500000    0.498335    0.611111    0.670677    3100        450.909091  0.065779    0.161220    0.485016    7.578634   
[36mINFO[0m 08/01 03:37:41 | 0.579952    0.538462    0.000000    0.621005    0.576205    0.667611    3.425209    0.568257    0.575342    0.663793    0.579952    0.576205    0.538462    0.568257    0.666667    0.671429    3200        465.454545  0.061574    0.161240    0.482540    7.578634   
[36mINFO[0m 08/01 03:37:58 | 0.589499    0.480769    0.000000    0.623034    0.590412    0.702766    1.689592    0.455790    0.616438    0.728840    0.589499    0.590412    0.480769    0.455790    0.629630    0.676692    3300        480.000000  0.065798    0.161129    0.483232    7.578634   
[36mINFO[0m 08/01 03:38:14 | 0.556086    0.548077    0.000000    0.680238    0.627803    0.750004    2.592779    0.534221    0.712329    0.787226    0.556086    0.627803    0.548077    0.534221    0.648148    0.712782    3400        494.545455  0.056186    0.161067    0.481125    7.578634   
[36mINFO[0m 08/01 03:38:31 | 0.575179    0.548077    0.000000    0.650812    0.602534    0.733434    2.178739    0.543100    0.616438    0.721003    0.575179    0.602534    0.548077    0.543100    0.685185    0.745865    3500        509.090909  0.052041    0.161462    0.481837    7.578634   
[36mINFO[0m 08/01 03:38:48 | 0.563246    0.509615    0.000000    0.621005    0.555961    0.678488    2.172090    0.506104    0.575342    0.708856    0.563246    0.555961    0.509615    0.506104    0.666667    0.648120    3600        523.636364  0.057459    0.161281    0.481800    7.578634   
[36mINFO[0m 08/01 03:39:04 | 0.556086    0.519231    0.000000    0.671360    0.586117    0.717783    2.299524    0.532371    0.657534    0.737069    0.556086    0.586117    0.519231    0.532371    0.685185    0.698496    3700        538.181818  0.072677    0.161344    0.485840    7.578634   
[36mINFO[0m 08/01 03:39:21 | 0.556086    0.548077    0.000000    0.639143    0.579555    0.679366    2.657048    0.564188    0.630137    0.687304    0.556086    0.579555    0.548077    0.564188    0.648148    0.671429    3800        552.727273  0.052353    0.161296    0.474962    7.578634   
[36mINFO[0m 08/01 03:39:38 | 0.544153    0.528846    0.000000    0.648402    0.548350    0.692070    2.028679    0.523862    0.630137    0.739028    0.544153    0.548350    0.528846    0.523862    0.666667    0.645113    3900        567.272727  0.057471    0.161309    0.477709    7.578634   
[36mINFO[0m 08/01 03:39:54 | 0.570406    0.500000    0.000000    0.625444    0.601497    0.709136    2.969739    0.549390    0.602740    0.737069    0.570406    0.601497    0.500000    0.549390    0.648148    0.681203    4000        581.818182  0.046350    0.161324    0.481254    7.578634   
[36mINFO[0m 08/01 03:40:11 | 0.477327    0.528846    0.000000    0.652461    0.513033    0.717614    2.346299    0.527192    0.712329    0.775078    0.477327    0.513033    0.528846    0.527192    0.592593    0.660150    4100        596.363636  0.047595    0.161401    0.488348    7.578634   
[36mINFO[0m 08/01 03:40:27 | 0.568019    0.528846    0.000000    0.625444    0.581662    0.669904    2.156311    0.513504    0.602740    0.684169    0.568019    0.581662    0.528846    0.513504    0.648148    0.655639    4200        610.909091  0.049615    0.161211    0.486029    7.578634   
[36mINFO[0m 08/01 03:40:44 | 0.615752    0.615385    0.000000    0.611745    0.626481    0.682178    2.859694    0.620792    0.575342    0.686912    0.615752    0.626481    0.615385    0.620792    0.648148    0.677444    4300        625.454545  0.041687    0.161231    0.477339    7.578634   
[36mINFO[0m 08/01 03:41:01 | 0.541766    0.528846    0.000000    0.639143    0.605883    0.700880    2.230604    0.517573    0.630137    0.710031    0.541766    0.605883    0.528846    0.517573    0.648148    0.691729    4400        640.000000  0.055517    0.161196    0.481362    7.578634   
[36mINFO[0m 08/01 03:41:17 | 0.565632    0.528846    0.000000    0.664130    0.582186    0.703624    2.563338    0.537181    0.698630    0.743339    0.565632    0.582186    0.528846    0.537181    0.629630    0.663910    4500        654.545455  0.057009    0.161118    0.481811    7.578634   
[36mINFO[0m 08/01 03:41:34 | 0.565632    0.500000    0.000000    0.657281    0.609574    0.701463    2.074413    0.541620    0.684932    0.720219    0.565632    0.609574    0.500000    0.541620    0.629630    0.682707    4600        669.090909  0.048272    0.160904    0.480238    7.578634   
[36mINFO[0m 08/01 03:41:50 | 0.520286    0.548077    0.000000    0.643582    0.565348    0.736893    2.299640    0.518683    0.657534    0.761755    0.520286    0.565348    0.548077    0.518683    0.629630    0.712030    4700        683.636364  0.043692    0.161087    0.477894    7.578634   
[36mINFO[0m 08/01 03:42:07 | 0.553699    0.519231    0.000000    0.654871    0.578564    0.715724    2.276048    0.556789    0.698630    0.765282    0.553699    0.578564    0.519231    0.556789    0.611111    0.666165    4800        698.181818  0.040808    0.161103    0.480029    7.578634   
[36mINFO[0m 08/01 03:42:24 | 0.548926    0.490385    0.000000    0.625063    0.575442    0.656826    2.673392    0.501295    0.657534    0.688088    0.548926    0.575442    0.490385    0.501295    0.592593    0.625564    4900        712.727273  0.045350    0.161204    0.480731    7.578634   
[36mINFO[0m 08/01 03:42:40 | 0.551313    0.548077    0.000000    0.645992    0.597886    0.685208    2.170910    0.513873    0.643836    0.734326    0.551313    0.597886    0.548077    0.513873    0.648148    0.636090    5000        727.272727  0.049748    0.161434    0.499099    7.578634   
[36mINFO[0m 08/01 03:42:40 | ---
[36mINFO[0m 08/01 03:42:40 | oracle = 61.575%
[36mINFO[0m 08/01 03:42:40 | iid = 55.609%
[36mINFO[0m 08/01 03:42:40 | last = 55.131%
[36mINFO[0m 08/01 03:42:40 | last (inD) = 64.599%
[36mINFO[0m 08/01 03:42:40 | iid (inD) = 68.024%
[36mINFO[0m 08/01 03:42:41 | 
[36mINFO[0m 08/01 03:42:41 | Testenv name escaping te_02 -> te_02
[36mINFO[0m 08/01 03:42:41 | Test envs = [2], name = te_02
[36mINFO[0m 08/01 03:42:41 | Batch sizes for each domain: [32, 32, 0] (total=64)
[36mINFO[0m 08/01 03:42:41 | steps-per-epoch for each domain: 9.19, 13.09 -> min = 9.19
/home/s21_yhr/miniconda3/envs/GGA/lib/python3.11/site-packages/torchvision/models/_utils.py:208: UserWarning: The parameter 'pretrained' is deprecated since 0.13 and may be removed in the future, please use 'weights' instead.
  warnings.warn(
/home/s21_yhr/miniconda3/envs/GGA/lib/python3.11/site-packages/torchvision/models/_utils.py:223: UserWarning: Arguments other than a weight enum or `None` for 'weights' are deprecated since 0.13 and may be removed in the future. The current behavior is equivalent to passing `weights=ResNet50_Weights.IMAGENET1K_V1`. You can also use `weights=ResNet50_Weights.DEFAULT` to get the most up-to-date weights.
  warnings.warn(msg)
[36mINFO[0m 08/01 03:42:43 | # of params = 23512130
[36mINFO[0m 08/01 03:42:44 | test_in     test_out    train_in    train_out   test_in_au  train_out_  tr_outloss  test_out_a  env0_out    env0_out_a  env1_out    env1_out_a  env2_in     env2_in_au  env2_out    env2_out_a  step        epoch       loss        step_time   eval_time   mem_gb     
[36mINFO[0m 08/01 03:42:44 | 0.554545    0.648148    0.000000    0.556178    0.604550    0.598353    0.692296    0.648120    0.602740    0.388715    0.509615    0.807991    0.554545    0.604550    0.648148    0.648120    0           0.000000    0.697387    0.163619    0.358243    7.364028   
[36mINFO[0m 08/01 03:43:00 | 0.613636    0.518519    0.000000    0.717597    0.630395    0.770258    0.611541    0.547368    0.589041    0.615987    0.846154    0.924528    0.613636    0.630395    0.518519    0.547368    100         10.884354   0.612662    0.162257    0.343932    7.578634   
[36mINFO[0m 08/01 03:43:17 | 0.631818    0.574074    0.000000    0.715556    0.679157    0.815639    0.751040    0.545865    0.575342    0.724138    0.855769    0.907140    0.631818    0.679157    0.574074    0.545865    200         21.768707   0.494509    0.161618    0.344425    7.578634   
[36mINFO[0m 08/01 03:43:33 | 0.631818    0.518519    0.000000    0.729254    0.669287    0.799070    0.661839    0.517293    0.602740    0.673981    0.855769    0.924158    0.631818    0.669287    0.518519    0.517293    300         32.653061   0.406266    0.161394    0.345730    7.578634   
[36mINFO[0m 08/01 03:43:50 | 0.590909    0.537037    0.000000    0.722405    0.627718    0.769620    0.917734    0.553383    0.589041    0.639498    0.855769    0.899741    0.590909    0.627718    0.537037    0.553383    400         43.537415   0.295530    0.161309    0.347625    7.578634   
[36mINFO[0m 08/01 03:44:06 | 0.622727    0.574074    0.000000    0.718915    0.624373    0.783491    1.183777    0.544361    0.630137    0.626176    0.807692    0.940807    0.622727    0.624373    0.574074    0.544361    500         54.421769   0.271619    0.161216    0.343436    7.578634   
[36mINFO[0m 08/01 03:44:23 | 0.568182    0.444444    0.000000    0.752568    0.618602    0.824896    0.970723    0.436090    0.630137    0.704545    0.875000    0.945246    0.568182    0.618602    0.444444    0.436090    600         65.306122   0.189497    0.161142    0.336157    7.578634   
[36mINFO[0m 08/01 03:44:39 | 0.636364    0.500000    0.000000    0.710024    0.635330    0.771621    1.248029    0.463158    0.602740    0.631661    0.817308    0.911580    0.636364    0.635330    0.500000    0.463158    700         76.190476   0.178001    0.161106    0.339639    7.578634   
[36mINFO[0m 08/01 03:44:55 | 0.568182    0.407407    0.000000    0.757376    0.652643    0.854577    1.026111    0.514286    0.630137    0.753918    0.884615    0.955235    0.568182    0.652643    0.407407    0.514286    800         87.074830   0.186751    0.161210    0.339926    7.578634   
[36mINFO[0m 08/01 03:45:12 | 0.559091    0.611111    0.000000    0.742953    0.628555    0.809395    0.875623    0.565414    0.630137    0.666144    0.855769    0.952645    0.559091    0.628555    0.611111    0.565414    900         97.959184   0.146241    0.161231    0.345018    7.578634   
[36mINFO[0m 08/01 03:45:28 | 0.595455    0.555556    0.000000    0.727213    0.660338    0.780858    0.983686    0.545865    0.589041    0.624608    0.865385    0.937107    0.595455    0.660338    0.555556    0.545865    1000        108.843537  0.141215    0.161175    0.343381    7.578634   
[36mINFO[0m 08/01 03:45:45 | 0.618182    0.555556    0.000000    0.731296    0.649047    0.797077    1.234220    0.536842    0.616438    0.662226    0.846154    0.931927    0.618182    0.649047    0.555556    0.536842    1100        119.727891  0.119428    0.161232    0.334470    7.578634   
[36mINFO[0m 08/01 03:46:01 | 0.568182    0.518519    0.000000    0.724447    0.606474    0.770105    0.985775    0.499248    0.602740    0.610502    0.846154    0.929708    0.568182    0.606474    0.518519    0.499248    1200        130.612245  0.113539    0.161016    0.339768    7.578634   
[36mINFO[0m 08/01 03:46:18 | 0.581818    0.648148    0.000000    0.738145    0.626631    0.765962    1.532667    0.625564    0.630137    0.627743    0.846154    0.904181    0.581818    0.626631    0.648148    0.625564    1300        141.496599  0.139421    0.160897    0.344166    7.578634   
[36mINFO[0m 08/01 03:46:34 | 0.586364    0.444444    0.000000    0.771799    0.626296    0.834609    1.033447    0.521805    0.630137    0.717868    0.913462    0.951350    0.586364    0.626296    0.444444    0.521805    1400        152.380952  0.106194    0.160915    0.342651    7.578634   
[36mINFO[0m 08/01 03:46:51 | 0.568182    0.462963    0.000000    0.727937    0.634368    0.775099    1.346620    0.569925    0.561644    0.610502    0.894231    0.939697    0.568182    0.634368    0.462963    0.569925    1500        163.265306  0.093883    0.160872    0.343039    7.578634   
[36mINFO[0m 08/01 03:47:07 | 0.618182    0.555556    0.000000    0.673736    0.629767    0.758459    1.832226    0.613534    0.520548    0.590909    0.826923    0.926008    0.618182    0.629767    0.555556    0.613534    1600        174.149660  0.087038    0.161073    0.337789    7.578634   
[36mINFO[0m 08/01 03:47:24 | 0.568182    0.518519    0.000000    0.707258    0.605303    0.755857    1.769959    0.542857    0.616438    0.650078    0.798077    0.861635    0.568182    0.605303    0.518519    0.542857    1700        185.034014  0.090798    0.160835    0.341898    7.578634   
[36mINFO[0m 08/01 03:47:40 | 0.604545    0.518519    0.000000    0.740187    0.626631    0.779589    1.637274    0.539850    0.643836    0.652038    0.836538    0.907140    0.604545    0.626631    0.518519    0.539850    1800        195.918367  0.088301    0.160876    0.341921    7.578634   
[36mINFO[0m 08/01 03:47:56 | 0.590909    0.351852    0.000000    0.727213    0.648586    0.802171    1.321625    0.428571    0.589041    0.672414    0.865385    0.931927    0.590909    0.648586    0.351852    0.428571    1900        206.802721  0.089103    0.160975    0.336725    7.578634   
[36mINFO[0m 08/01 03:48:13 | 0.563636    0.407407    0.000000    0.740911    0.627886    0.798948    1.388790    0.524812    0.616438    0.663009    0.865385    0.934887    0.563636    0.627886    0.407407    0.524812    2000        217.687075  0.084569    0.160869    0.340495    7.578634   
[36mINFO[0m 08/01 03:48:29 | 0.577273    0.425926    0.000000    0.714107    0.636333    0.765258    1.596386    0.551880    0.630137    0.648903    0.798077    0.881613    0.577273    0.636333    0.425926    0.551880    2100        228.571429  0.088486    0.161372    0.346150    7.578634   
[36mINFO[0m 08/01 03:48:46 | 0.622727    0.481481    0.000000    0.749802    0.654274    0.803599    1.541826    0.533835    0.643836    0.690439    0.855769    0.916759    0.622727    0.654274    0.481481    0.533835    2200        239.455782  0.083420    0.161169    0.339809    7.578634   
[36mINFO[0m 08/01 03:49:02 | 0.595455    0.555556    0.000000    0.759418    0.628137    0.823121    1.102137    0.499248    0.643836    0.700627    0.875000    0.945616    0.595455    0.628137    0.555556    0.499248    2300        250.340136  0.074942    0.161251    0.345166    7.578634   
[36mINFO[0m 08/01 03:49:19 | 0.586364    0.574074    0.000000    0.747036    0.624540    0.816814    1.453108    0.533835    0.657534    0.719828    0.836538    0.913799    0.586364    0.624540    0.574074    0.533835    2400        261.224490  0.073681    0.161090    0.339693    7.578634   
[36mINFO[0m 08/01 03:49:35 | 0.609091    0.574074    0.000000    0.668796    0.637671    0.804349    2.062389    0.523308    0.616438    0.684169    0.721154    0.924528    0.609091    0.637671    0.574074    0.523308    2500        272.108844  0.072944    0.161057    0.343810    7.578634   
[36mINFO[0m 08/01 03:49:52 | 0.595455    0.500000    0.000000    0.711341    0.642146    0.788029    1.419959    0.526316    0.643836    0.695925    0.778846    0.880133    0.595455    0.642146    0.500000    0.526316    2600        282.993197  0.072308    0.161468    0.336781    7.578634   
[36mINFO[0m 08/01 03:50:08 | 0.609091    0.555556    0.000000    0.718190    0.631817    0.817133    1.082204    0.499248    0.657534    0.744514    0.778846    0.889752    0.609091    0.631817    0.555556    0.499248    2700        293.877551  0.088076    0.161356    0.339713    7.578634   
[36mINFO[0m 08/01 03:50:25 | 0.595455    0.407407    0.000000    0.712065    0.654190    0.760689    2.088407    0.490226    0.616438    0.657524    0.807692    0.863855    0.595455    0.654190    0.407407    0.490226    2800        304.761905  0.069253    0.161150    0.339338    7.578634   
[36mINFO[0m 08/01 03:50:41 | 0.613636    0.611111    0.000000    0.692835    0.633824    0.787070    2.053879    0.544361    0.616438    0.688088    0.769231    0.886053    0.613636    0.633824    0.611111    0.544361    2900        315.646259  0.072792    0.161027    0.343964    7.578634   
[36mINFO[0m 08/01 03:50:58 | 0.581818    0.703704    0.000000    0.713383    0.617598    0.778807    1.422479    0.604511    0.657534    0.663793    0.769231    0.893822    0.581818    0.617598    0.703704    0.604511    3000        326.530612  0.067149    0.161191    0.340001    7.578634   
[36mINFO[0m 08/01 03:51:14 | 0.513636    0.574074    0.000000    0.732613    0.558632    0.802179    1.121915    0.508271    0.657534    0.725705    0.807692    0.878653    0.513636    0.558632    0.574074    0.508271    3100        337.414966  0.067439    0.161295    0.344524    7.578634   
[36mINFO[0m 08/01 03:51:31 | 0.590909    0.537037    0.000000    0.733338    0.621194    0.818602    1.849128    0.503759    0.630137    0.744122    0.836538    0.893082    0.590909    0.621194    0.537037    0.503759    3200        348.299320  0.061632    0.161334    0.344659    7.578634   
[36mINFO[0m 08/01 03:51:47 | 0.559091    0.518519    0.000000    0.716873    0.601372    0.802642    1.519058    0.541353    0.616438    0.695925    0.817308    0.909360    0.559091    0.601372    0.518519    0.541353    3300        359.183673  0.062953    0.161085    0.344729    7.578634   
[36mINFO[0m 08/01 03:52:03 | 0.613636    0.425926    0.000000    0.760735    0.671797    0.822257    1.007502    0.499248    0.684932    0.735893    0.836538    0.908620    0.613636    0.671797    0.425926    0.499248    3400        370.068027  0.075111    0.161356    0.339797    7.578634   
[36mINFO[0m 08/01 03:52:20 | 0.586364    0.611111    0.000000    0.751120    0.631524    0.824462    1.377138    0.520301    0.684932    0.715517    0.817308    0.933407    0.586364    0.631524    0.611111    0.520301    3500        380.952381  0.062903    0.161220    0.340851    7.578634   
[36mINFO[0m 08/01 03:52:36 | 0.609091    0.574074    0.000000    0.749078    0.630771    0.828992    1.227441    0.512782    0.671233    0.731975    0.826923    0.926008    0.609091    0.630771    0.574074    0.512782    3600        391.836735  0.067691    0.161212    0.343605    7.578634   
[36mINFO[0m 08/01 03:52:53 | 0.577273    0.574074    0.000000    0.721681    0.636961    0.805537    1.538868    0.601504    0.616438    0.700235    0.826923    0.910840    0.577273    0.636961    0.574074    0.601504    3700        402.721088  0.055709    0.161275    0.345878    7.578634   
[36mINFO[0m 08/01 03:53:09 | 0.586364    0.537037    0.000000    0.732613    0.634911    0.814703    1.628975    0.497744    0.657534    0.723746    0.807692    0.905660    0.586364    0.634911    0.537037    0.497744    3800        413.605442  0.055172    0.161210    0.337546    7.578634   
[36mINFO[0m 08/01 03:53:26 | 0.650000    0.518519    0.000000    0.714831    0.647959    0.788111    1.722454    0.490226    0.602740    0.665752    0.826923    0.910470    0.650000    0.647959    0.518519    0.490226    3900        424.489796  0.046881    0.160932    0.340775    7.578634   
[36mINFO[0m 08/01 03:53:42 | 0.545455    0.370370    0.000000    0.683219    0.687521    0.810761    2.254151    0.544361    0.616438    0.701803    0.750000    0.919719    0.545455    0.687521    0.370370    0.544361    4000        435.374150  0.059019    0.160999    0.341514    7.578634   
[36mINFO[0m 08/01 03:53:59 | 0.595455    0.462963    0.000000    0.747036    0.662387    0.804462    1.815832    0.472180    0.657534    0.708072    0.836538    0.900851    0.595455    0.662387    0.462963    0.472180    4100        446.258503  0.061263    0.160724    0.344292    7.578634   
[36mINFO[0m 08/01 03:54:15 | 0.563636    0.500000    0.000000    0.751844    0.608230    0.822111    1.637689    0.515789    0.657534    0.710815    0.846154    0.933407    0.563636    0.608230    0.500000    0.515789    4200        457.142857  0.066646    0.160654    0.339608    7.578634   
[36mINFO[0m 08/01 03:54:32 | 0.540909    0.555556    0.000000    0.696918    0.556122    0.784079    1.552714    0.497744    0.643836    0.693574    0.750000    0.874584    0.540909    0.556122    0.555556    0.497744    4300        468.027211  0.054869    0.160767    0.341153    7.578634   
[36mINFO[0m 08/01 03:54:48 | 0.572727    0.574074    0.000000    0.739463    0.616720    0.808530    1.178651    0.548872    0.671233    0.701411    0.807692    0.915649    0.572727    0.616720    0.574074    0.548872    4400        478.911565  0.056220    0.160735    0.341113    7.578634   
[36mINFO[0m 08/01 03:55:04 | 0.572727    0.481481    0.000000    0.769626    0.610572    0.845508    1.484236    0.479699    0.712329    0.793495    0.826923    0.897521    0.572727    0.610572    0.481481    0.479699    4500        489.795918  0.058499    0.160794    0.339348    7.578634   
[36mINFO[0m 08/01 03:55:21 | 0.581818    0.537037    0.000000    0.716149    0.620902    0.805509    1.748490    0.527820    0.643836    0.725705    0.788462    0.885313    0.581818    0.620902    0.537037    0.527820    4600        500.680272  0.046359    0.160698    0.338846    7.578634   
[36mINFO[0m 08/01 03:55:37 | 0.590909    0.444444    0.000000    0.703767    0.647039    0.775974    1.501063    0.407519    0.657534    0.701411    0.750000    0.850536    0.590909    0.647039    0.444444    0.407519    4700        511.564626  0.054840    0.161067    0.342013    7.578634   
[36mINFO[0m 08/01 03:55:54 | 0.604545    0.462963    0.000000    0.777924    0.636877    0.841093    1.491803    0.497744    0.671233    0.741379    0.884615    0.940807    0.604545    0.636877    0.462963    0.497744    4800        522.448980  0.060323    0.161095    0.344544    7.578634   
[36mINFO[0m 08/01 03:56:10 | 0.595455    0.481481    0.000000    0.788857    0.622825    0.818836    1.429924    0.513534    0.712329    0.712774    0.865385    0.924898    0.595455    0.622825    0.481481    0.513534    4900        533.333333  0.059434    0.161059    0.341357    7.578634   
[36mINFO[0m 08/01 03:56:27 | 0.554545    0.629630    0.000000    0.741504    0.544413    0.836079    1.525749    0.586466    0.684932    0.753918    0.798077    0.918239    0.554545    0.544413    0.629630    0.586466    5000        544.217687  0.046971    0.160964    0.335127    7.578634   
[36mINFO[0m 08/01 03:56:27 | ---
[36mINFO[0m 08/01 03:56:27 | oracle = 58.182%
[36mINFO[0m 08/01 03:56:27 | iid = 59.545%
[36mINFO[0m 08/01 03:56:27 | last = 55.455%
[36mINFO[0m 08/01 03:56:27 | last (inD) = 74.150%
[36mINFO[0m 08/01 03:56:27 | iid (inD) = 78.886%
[36mINFO[0m 08/01 03:56:27 | === Summary ===
[36mINFO[0m 08/01 03:56:27 | Command: /home/s21_yhr/lzh/DomainBed-new/train_all.py HTP_ALOFT_E_seed4 --dataset HTP --data_dir /home/s21_yhr/lzh/DomainBed-new/dataset --algorithm ALOFT_E --steps 5000 --checkpoint_freq 100 --batch_size 32 --optimizer adam --lr 5e-5 --weight_decay 0 --resnet_dropout 0 --resnet18 False --pretrained True --freeze_bn True --swad False --seed 4 --trial_seed 4 --deterministic --prebuild_loader --cache_size 256 --aloft_alpha 1.0 --aloft_mask_ratio 0.5 --aloft_perturb_prob 1.0
[36mINFO[0m 08/01 03:56:27 | Unique name: 260801_03-14-55_HTP_ALOFT_E_seed4
[36mINFO[0m 08/01 03:56:27 | Out path: train_output/HTP/260801_03-14-55_HTP_ALOFT_E_seed4
[36mINFO[0m 08/01 03:56:27 | Algorithm: ALOFT_E
[36mINFO[0m 08/01 03:56:27 | Dataset: HTP
+------------+---------+---------+---------+---------+
| Selection  |    00   |    01   |    02   |   Avg.  |
+------------+---------+---------+---------+---------+
|   oracle   | 53.061% | 61.575% | 58.182% | 57.606% |
|    iid     | 54.422% | 55.609% | 59.545% | 56.525% |
|    last    | 56.122% | 55.131% | 55.455% | 55.569% |
| last (inD) | 72.382% | 64.599% | 74.150% | 70.377% |
| iid (inD)  | 77.048% | 68.024% | 78.886% | 74.652% |
+------------+---------+---------+---------+---------+
