Algorithm: Fish
Physical GPU: 1
Seeds: [0, 1, 2, 3, 4]
Dataset: /home/kxrgzn/lzh/GGA/dataset/HTP

================================================================================
Starting Fish, seed=0, physical GPU=1
/home/kxrgzn/anaconda3/envs/QTKAN/bin/python /home/kxrgzn/lzh/GGA/train_all.py HTP_Fish_seed0 --dataset HTP --data_dir /home/kxrgzn/lzh/GGA/dataset --algorithm Fish --steps 5000 --checkpoint_freq 100 --batch_size 32 --optimizer adam --lr 5e-5 --weight_decay 0 --resnet_dropout 0 --resnet18 False --pretrained True --freeze_bn True --swad False --seed 0 --trial_seed 0 --deterministic --meta_lr 0.5
================================================================================
[36mINFO[0m 07/23 21:26:33 | Command :: /home/kxrgzn/lzh/GGA/train_all.py HTP_Fish_seed0 --dataset HTP --data_dir /home/kxrgzn/lzh/GGA/dataset --algorithm Fish --steps 5000 --checkpoint_freq 100 --batch_size 32 --optimizer adam --lr 5e-5 --weight_decay 0 --resnet_dropout 0 --resnet18 False --pretrained True --freeze_bn True --swad False --seed 0 --trial_seed 0 --deterministic --meta_lr 0.5
Environment:
	Python: 3.8.20
	PyTorch: 2.4.1+cu121
	Torchvision: 0.19.1+cu121
	CUDA: 12.1
	CUDNN: 90100
	NumPy: 1.24.4
	PIL: 8.1.0
Args:
	algorithm: Fish
	batch_size: 32
	checkpoint_freq: 100
	configs: []
	data_dir: /home/kxrgzn/lzh/GGA/dataset
	dataset: HTP
	debug: False
	deterministic: True
	end_step: 200
	evalmode: fast
	extra_search: n
	extra_search_end: None
	extra_search_start: None
	gga_l_gamma: 0.001
	grad_fn: sum
	holdout_fraction: 0.2
	model_save: None
	name: HTP_Fish_seed0
	neighborhoodSize: 1e-06
	out_dir: train_output/HTP/260723_21-26-33_HTP_Fish_seed0
	out_root: train_output/HTP
	prebuild_loader: False
	seed: 0
	show: False
	start_step: 100
	steps: 5000
	tb_freq: 10
	test_envs: None
	train_output: train_output
	trial_seed: 0
	unique_name: 260723_21-26-33_HTP_Fish_seed0
	work_dir: .
HParams:
	data_augmentation: True
	val_augment: False
	[36mresnet18: False
	[0m[36mresnet_dropout: 0
	[0mclass_balanced: False
	[36moptimizer: adam
	[0m[36mfreeze_bn: True
	[0m[36mpretrained: True
	[0m[36mlr: 5e-05
	[0mbatch_size: 32
	[36mweight_decay: 0
	[0m[36mmeta_lr: 0.5
	[0m[36mswad: False
	[0mswad_kwargs: 
	  n_converge: 3
	  n_tolerance: 6
	  tolerance_ratio: 0.3
	test_batchsize: 128
	indomain_test: False
	grad_fn: sum
	extra_search: n
	logdir: train_output/HTP/260723_21-26-33_HTP_Fish_seed0
	neighborhoodSize: 1e-06
	start_step: 100
	end_step: 200
	extra_search_start: None
	extra_search_end: None
	gga_l_gamma: 0.001
Dataset:
	[HTP] #envs=3, #classes=2
	env0: 00 (#367)
	env1: 01 (#523)
	env2: 02 (#274)

[36mINFO[0m 07/23 21:26:33 | n_steps = 5000
[36mINFO[0m 07/23 21:26:33 | checkpoint_freq = 100
[36mINFO[0m 07/23 21:26:33 | n_steps is updated to 5000 => 5001 for checkpointing
[36mINFO[0m 07/23 21:26:33 | Target test envs = [[0], [1], [2]]
[36mINFO[0m 07/23 21:26:33 | 
[36mINFO[0m 07/23 21:26:33 | Testenv name escaping te_00 -> te_00
[36mINFO[0m 07/23 21:26:33 | Test envs = [0], name = te_00
[36mINFO[0m 07/23 21:26:33 | Batch sizes for each domain: [0, 32, 32] (total=64)
[36mINFO[0m 07/23 21:26:33 | steps-per-epoch for each domain: 13.09, 6.88 -> min = 6.88
[36mINFO[0m 07/23 21:26:35 | # of params = 23512130
/home/kxrgzn/anaconda3/envs/QTKAN/lib/python3.8/site-packages/torchvision/models/_utils.py:208: UserWarning: The parameter 'pretrained' is deprecated since 0.13 and may be removed in the future, please use 'weights' instead.
  warnings.warn(
/home/kxrgzn/anaconda3/envs/QTKAN/lib/python3.8/site-packages/torchvision/models/_utils.py:223: UserWarning: Arguments other than a weight enum or `None` for 'weights' are deprecated since 0.13 and may be removed in the future. The current behavior is equivalent to passing `weights=ResNet50_Weights.IMAGENET1K_V1`. You can also use `weights=ResNet50_Weights.DEFAULT` to get the most up-to-date weights.
  warnings.warn(msg)
[36mINFO[0m 07/23 21:27:39 | test_in     test_out    train_in    train_out   tr_outloss  env0_in     env0_out    env1_out    env2_out    step        epoch       loss        step_time   eval_time   mem_gb     
[36mINFO[0m 07/23 21:27:39 | 0.571429    0.589041    0.000000    0.566239    0.684495    0.571429    0.589041    0.576923    0.555556    0           0.000000    0.634799    5.029950    58.897672   6.618299   
[36mINFO[0m 07/23 21:30:32 | 0.568027    0.547945    0.000000    0.766382    0.507042    0.568027    0.547945    0.884615    0.648148    100         14.545455   0.593305    1.135935    60.031438   6.622083   
[36mINFO[0m 07/23 21:33:23 | 0.537415    0.561644    0.000000    0.770833    0.997203    0.537415    0.561644    0.875000    0.666667    200         29.090909   0.254745    1.150919    55.405347   6.622083   
[36mINFO[0m 07/23 21:36:13 | 0.547619    0.534247    0.000000    0.728632    1.063509    0.547619    0.534247    0.846154    0.611111    300         43.636364   0.157689    1.144375    55.782020   6.622083   
[36mINFO[0m 07/23 21:39:05 | 0.534014    0.506849    0.000000    0.738248    1.247837    0.534014    0.506849    0.865385    0.611111    400         58.181818   0.129155    1.106558    61.023855   6.622083   
[36mINFO[0m 07/23 21:41:51 | 0.520408    0.534247    0.000000    0.695691    1.544639    0.520408    0.534247    0.817308    0.574074    500         72.727273   0.088010    1.096737    56.921515   6.622083   
[36mINFO[0m 07/23 21:44:46 | 0.551020    0.479452    0.000000    0.732728    1.574085    0.551020    0.479452    0.817308    0.648148    600         87.272727   0.097606    1.145007    60.214812   6.622083   
[36mINFO[0m 07/23 21:47:36 | 0.551020    0.520548    0.000000    0.685719    2.180328    0.551020    0.520548    0.778846    0.592593    700         101.818182  0.085364    1.099632    60.126763   6.622083   
[36mINFO[0m 07/23 21:50:20 | 0.534014    0.506849    0.000000    0.700142    1.444157    0.534014    0.506849    0.807692    0.592593    800         116.363636  0.079817    1.166111    46.781580   6.622083   
[36mINFO[0m 07/23 21:53:12 | 0.527211    0.520548    0.000000    0.747151    1.706260    0.527211    0.520548    0.846154    0.648148    900         130.909091  0.061154    1.151375    57.764712   6.622083   
[36mINFO[0m 07/23 21:56:00 | 0.557823    0.575342    0.000000    0.737892    2.207202    0.557823    0.575342    0.846154    0.629630    1000        145.454545  0.059014    1.101263    57.813977   6.622083   
[36mINFO[0m 07/23 21:58:45 | 0.544218    0.589041    0.000000    0.714209    1.445483    0.544218    0.589041    0.817308    0.611111    1100        160.000000  0.053446    1.068621    57.924110   6.622449   
[36mINFO[0m 07/23 22:01:36 | 0.517007    0.547945    0.000000    0.732728    1.252880    0.517007    0.547945    0.817308    0.648148    1200        174.545455  0.061080    1.106005    60.073094   6.622449   
[36mINFO[0m 07/23 22:04:29 | 0.564626    0.493151    0.000000    0.714566    1.666630    0.564626    0.493151    0.836538    0.592593    1300        189.090909  0.057812    1.133163    59.545378   6.622449   
[36mINFO[0m 07/23 22:07:22 | 0.520408    0.452055    0.000000    0.719017    1.484219    0.520408    0.452055    0.826923    0.611111    1400        203.636364  0.052492    1.135625    59.531969   6.622449   
[36mINFO[0m 07/23 22:10:18 | 0.540816    0.575342    0.000000    0.714209    1.650000    0.540816    0.575342    0.817308    0.611111    1500        218.181818  0.052563    1.179580    58.084109   6.622449   
[36mINFO[0m 07/23 22:13:11 | 0.527211    0.534247    0.000000    0.752315    1.395434    0.527211    0.534247    0.875000    0.629630    1600        232.727273  0.044722    1.151745    57.452097   6.622449   
[36mINFO[0m 07/23 22:16:04 | 0.564626    0.479452    0.000000    0.723469    1.996859    0.564626    0.479452    0.817308    0.629630    1700        247.272727  0.055119    1.161832    57.330612   6.622449   
[36mINFO[0m 07/23 22:18:50 | 0.523810    0.465753    0.000000    0.737536    1.613821    0.523810    0.465753    0.826923    0.648148    1800        261.818182  0.043325    1.094079    56.868110   6.622449   
[36mINFO[0m 07/23 22:21:42 | 0.561224    0.547945    0.000000    0.742343    1.693872    0.561224    0.547945    0.836538    0.648148    1900        276.363636  0.043543    1.154304    55.905660   6.622449   
[36mINFO[0m 07/23 22:24:34 | 0.527211    0.547945    0.000000    0.690527    2.570962    0.527211    0.547945    0.788462    0.592593    2000        290.909091  0.033941    1.128186    59.556629   6.622449   
[36mINFO[0m 07/23 22:27:26 | 0.547619    0.479452    0.000000    0.695335    2.440353    0.547619    0.479452    0.798077    0.592593    2100        305.454545  0.038116    1.142327    57.705717   6.622449   
[36mINFO[0m 07/23 22:30:17 | 0.513605    0.520548    0.000000    0.689815    3.898259    0.513605    0.520548    0.750000    0.629630    2200        320.000000  0.032795    1.124062    58.641847   6.622449   
[36mINFO[0m 07/23 22:33:07 | 0.520408    0.506849    0.000000    0.667201    2.018320    0.520408    0.506849    0.778846    0.555556    2300        334.545455  0.034451    1.110253    58.676975   6.622449   
[36mINFO[0m 07/23 22:36:03 | 0.551020    0.589041    0.000000    0.686075    2.149394    0.551020    0.589041    0.798077    0.574074    2400        349.090909  0.038741    1.185555    57.548497   6.622449   
[36mINFO[0m 07/23 22:38:55 | 0.534014    0.520548    0.000000    0.724537    1.565409    0.534014    0.520548    0.875000    0.574074    2500        363.636364  0.046340    1.113490    61.201775   6.622449   
[36mINFO[0m 07/23 22:41:45 | 0.551020    0.520548    0.000000    0.667557    1.469367    0.551020    0.520548    0.798077    0.537037    2600        378.181818  0.036725    1.136658    55.983271   6.622449   
[36mINFO[0m 07/23 22:44:36 | 0.551020    0.520548    0.000000    0.704594    2.151232    0.551020    0.520548    0.798077    0.611111    2700        392.727273  0.028699    1.116987    59.382259   6.622449   
[36mINFO[0m 07/23 22:47:21 | 0.540816    0.575342    0.000000    0.695335    1.941966    0.540816    0.575342    0.798077    0.592593    2800        407.272727  0.030203    1.070866    57.732774   6.622449   
[36mINFO[0m 07/23 22:50:12 | 0.547619    0.534247    0.000000    0.685363    2.195729    0.547619    0.534247    0.759615    0.611111    2900        421.818182  0.025620    1.156369    54.930568   6.622449   
[36mINFO[0m 07/23 22:53:06 | 0.554422    0.534247    0.000000    0.695335    1.511237    0.554422    0.534247    0.798077    0.592593    3000        436.363636  0.031044    1.150095    59.789018   6.622449   
[36mINFO[0m 07/23 22:55:56 | 0.537415    0.534247    0.000000    0.727564    2.218130    0.537415    0.534247    0.788462    0.666667    3100        450.909091  0.039530    1.135365    56.374956   6.622449   
[36mINFO[0m 07/23 22:58:52 | 0.540816    0.465753    0.000000    0.736823    2.216555    0.540816    0.465753    0.788462    0.685185    3200        465.454545  0.032891    1.191057    56.874973   6.622449   
[36mINFO[0m 07/23 23:01:45 | 0.547619    0.547945    0.000000    0.733440    1.498820    0.547619    0.547945    0.855769    0.611111    3300        480.000000  0.031832    1.117259    60.958821   6.622449   
[36mINFO[0m 07/23 23:04:36 | 0.534014    0.438356    0.000000    0.681624    2.013669    0.534014    0.438356    0.807692    0.555556    3400        494.545455  0.030311    1.161934    54.338990   6.622449   
[36mINFO[0m 07/23 23:07:31 | 0.557823    0.506849    0.000000    0.723113    2.148381    0.557823    0.506849    0.798077    0.648148    3500        509.090909  0.025974    1.110230    64.248443   6.622449   
[36mINFO[0m 07/23 23:10:11 | 0.547619    0.479452    0.000000    0.619124    2.347753    0.547619    0.479452    0.682692    0.555556    3600        523.636364  0.025842    1.054024    54.809139   6.622449   
[36mINFO[0m 07/23 23:12:52 | 0.540816    0.465753    0.000000    0.699430    1.817150    0.540816    0.465753    0.769231    0.629630    3700        538.181818  0.028328    0.976076    63.112958   6.622449   
[36mINFO[0m 07/23 23:15:28 | 0.551020    0.547945    0.000000    0.699786    1.902144    0.551020    0.547945    0.788462    0.611111    3800        552.727273  0.035486    1.041309    51.756281   6.622449   
[36mINFO[0m 07/23 23:18:14 | 0.574830    0.493151    0.000000    0.728632    2.513309    0.574830    0.493151    0.846154    0.611111    3900        567.272727  0.026374    1.054233    61.303955   6.622449   
[36mINFO[0m 07/23 23:20:46 | 0.554422    0.630137    0.000000    0.694979    1.923387    0.554422    0.630137    0.778846    0.611111    4000        581.818182  0.025052    0.906073    61.346617   6.622449   
[36mINFO[0m 07/23 23:23:22 | 0.568027    0.520548    0.000000    0.694979    2.351871    0.568027    0.520548    0.778846    0.611111    4100        596.363636  0.024208    1.038343    51.478348   6.622449   
[36mINFO[0m 07/23 23:26:08 | 0.554422    0.465753    0.000000    0.705306    2.334582    0.554422    0.465753    0.836538    0.574074    4200        610.909091  0.025935    1.028937    63.116299   6.622449   
[36mINFO[0m 07/23 23:28:38 | 0.551020    0.575342    0.000000    0.709046    2.611079    0.551020    0.575342    0.788462    0.629630    4300        625.454545  0.035928    0.934733    57.052405   6.622449   
[36mINFO[0m 07/23 23:31:15 | 0.557823    0.561644    0.000000    0.709046    2.232184    0.557823    0.561644    0.788462    0.629630    4400        640.000000  0.041632    1.036194    53.079614   6.622449   
[36mINFO[0m 07/23 23:34:00 | 0.527211    0.520548    0.000000    0.723113    2.570996    0.527211    0.520548    0.798077    0.648148    4500        654.545455  0.021799    1.008415    64.590567   6.622449   
[36mINFO[0m 07/23 23:36:37 | 0.537415    0.547945    0.000000    0.714209    2.339754    0.537415    0.547945    0.817308    0.611111    4600        669.090909  0.018500    1.046221    51.446805   6.622449   
[36mINFO[0m 07/23 23:39:08 | 0.520408    0.534247    0.000000    0.742343    2.243701    0.520408    0.534247    0.836538    0.648148    4700        683.636364  0.024332    1.033725    47.706301   6.622449   
[36mINFO[0m 07/23 23:41:43 | 0.561224    0.534247    0.000000    0.695691    2.261462    0.561224    0.534247    0.817308    0.574074    4800        698.181818  0.027729    0.938713    61.751306   6.622449   
[36mINFO[0m 07/23 23:44:21 | 0.523810    0.589041    0.000000    0.694979    2.866894    0.523810    0.589041    0.778846    0.611111    4900        712.727273  0.019934    1.050957    52.838338   6.622449   
[36mINFO[0m 07/23 23:47:06 | 0.527211    0.589041    0.000000    0.657229    2.769142    0.527211    0.589041    0.740385    0.574074    5000        727.272727  0.016845    1.040666    61.049528   6.622449   
[36mINFO[0m 07/23 23:47:06 | ---
[36mINFO[0m 07/23 23:47:06 | oracle = 55.442%
[36mINFO[0m 07/23 23:47:06 | iid = 53.741%
[36mINFO[0m 07/23 23:47:06 | last = 52.721%
[36mINFO[0m 07/23 23:47:06 | last (inD) = 65.723%
[36mINFO[0m 07/23 23:47:06 | iid (inD) = 77.083%
[36mINFO[0m 07/23 23:47:06 | 
[36mINFO[0m 07/23 23:47:06 | Testenv name escaping te_01 -> te_01
[36mINFO[0m 07/23 23:47:06 | Test envs = [1], name = te_01
[36mINFO[0m 07/23 23:47:06 | Batch sizes for each domain: [32, 0, 32] (total=64)
[36mINFO[0m 07/23 23:47:06 | steps-per-epoch for each domain: 9.19, 6.88 -> min = 6.88
[36mINFO[0m 07/23 23:47:08 | # of params = 23512130
[36mINFO[0m 07/23 23:48:29 | test_in     test_out    train_in    train_out   tr_outloss  env0_out    env1_in     env1_out    env2_out    step        epoch       loss        step_time   eval_time   mem_gb     
[36mINFO[0m 07/23 23:48:29 | 0.696897    0.663462    0.000000    0.464358    0.697709    0.465753    0.696897    0.663462    0.462963    0           0.000000    0.958862    2.168066    78.683468   6.611463   
[36mINFO[0m 07/23 23:51:23 | 0.513126    0.528846    0.000000    0.562659    0.900354    0.643836    0.513126    0.528846    0.481481    100         14.545455   0.554449    0.912804    82.288546   6.617689   
[36mINFO[0m 07/23 23:54:23 | 0.558473    0.471154    0.000000    0.588407    1.260055    0.602740    0.558473    0.471154    0.574074    200         29.090909   0.260397    0.972660    83.590384   6.618787   
[36mINFO[0m 07/23 23:57:11 | 0.505967    0.509615    0.000000    0.567478    2.110032    0.616438    0.505967    0.509615    0.518519    300         43.636364   0.130253    0.874626    79.893884   6.619398   
[36mINFO[0m 07/24 00:00:11 | 0.472554    0.461538    0.000000    0.571918    1.866747    0.643836    0.472554    0.461538    0.500000    400         58.181818   0.107830    0.983818    81.562475   6.619398   
[36mINFO[0m 07/24 00:03:01 | 0.484487    0.509615    0.000000    0.535642    2.721385    0.534247    0.484487    0.509615    0.537037    500         72.727273   0.080047    0.952403    75.099246   6.619642   
[36mINFO[0m 07/24 00:06:03 | 0.517900    0.490385    0.000000    0.604515    1.985363    0.616438    0.517900    0.490385    0.592593    600         87.272727   0.084107    0.974408    84.018334   6.619642   
[36mINFO[0m 07/24 00:08:52 | 0.510740    0.567308    0.000000    0.540081    3.122423    0.561644    0.510740    0.567308    0.518519    700         101.818182  0.073616    0.956037    73.934012   6.619642   
[36mINFO[0m 07/24 00:11:49 | 0.534606    0.538462    0.000000    0.602106    2.993911    0.630137    0.534606    0.538462    0.574074    800         116.363636  0.067800    0.941902    82.954463   6.619642   
[36mINFO[0m 07/24 00:14:50 | 0.544153    0.480769    0.000000    0.597286    2.332670    0.657534    0.544153    0.480769    0.537037    900         130.909091  0.060679    0.979900    83.167066   6.619642   
[36mINFO[0m 07/24 00:17:35 | 0.484487    0.451923    0.000000    0.604515    1.897776    0.616438    0.484487    0.451923    0.592593    1000        145.454545  0.070452    0.867144    77.705771   6.619642   
[36mINFO[0m 07/24 00:20:36 | 0.477327    0.471154    0.000000    0.602106    2.793527    0.630137    0.477327    0.471154    0.574074    1100        160.000000  0.066346    0.963439    84.627990   6.619642   
[36mINFO[0m 07/24 00:23:25 | 0.522673    0.451923    0.000000    0.634323    2.185469    0.657534    0.522673    0.451923    0.611111    1200        174.545455  0.045334    0.877193    81.673929   6.619642   
[36mINFO[0m 07/24 00:26:24 | 0.486874    0.500000    0.000000    0.597286    3.344232    0.657534    0.486874    0.500000    0.537037    1300        189.090909  0.060592    0.971562    81.678357   6.619642   
[36mINFO[0m 07/24 00:29:14 | 0.479714    0.480769    0.000000    0.590436    2.861012    0.643836    0.479714    0.480769    0.537037    1400        203.636364  0.048065    0.942180    76.115947   6.619642   
[36mINFO[0m 07/24 00:32:17 | 0.536993    0.480769    0.000000    0.583968    2.314122    0.575342    0.536993    0.480769    0.592593    1500        218.181818  0.052001    0.989707    83.396568   6.619642   
[36mINFO[0m 07/24 00:35:13 | 0.525060    0.432692    0.000000    0.597666    3.013309    0.602740    0.525060    0.432692    0.592593    1600        232.727273  0.050822    0.979750    78.122670   6.619642   
[36mINFO[0m 07/24 00:38:11 | 0.460621    0.432692    0.000000    0.590817    3.232320    0.589041    0.460621    0.432692    0.592593    1700        247.272727  0.051846    0.916998    86.151565   6.619642   
[36mINFO[0m 07/24 00:41:13 | 0.489260    0.461538    0.000000    0.526002    3.503341    0.589041    0.489260    0.461538    0.462963    1800        261.818182  0.041499    0.976452    84.811309   6.619642   
[36mINFO[0m 07/24 00:44:01 | 0.472554    0.442308    0.000000    0.532851    2.567440    0.602740    0.472554    0.442308    0.462963    1900        276.363636  0.051924    0.891346    79.091233   6.619642   
[36mINFO[0m 07/24 00:46:54 | 0.491647    0.413462    0.000000    0.581558    3.456576    0.589041    0.491647    0.413462    0.574074    2000        290.909091  0.039579    0.971264    75.403667   6.619642   
[36mINFO[0m 07/24 00:49:57 | 0.474940    0.442308    0.000000    0.546930    3.119187    0.575342    0.474940    0.442308    0.518519    2100        305.454545  0.041238    1.030036    80.046659   6.619642   
[36mINFO[0m 07/24 00:52:54 | 0.443914    0.490385    0.000000    0.585997    2.559781    0.616438    0.443914    0.490385    0.555556    2200        320.000000  0.039566    0.938370    82.667118   6.619642   
[36mINFO[0m 07/24 00:55:45 | 0.489260    0.490385    0.000000    0.574328    3.799222    0.630137    0.489260    0.490385    0.518519    2300        334.545455  0.036447    1.036531    67.359148   6.619642   
[36mINFO[0m 07/24 00:58:43 | 0.460621    0.480769    0.000000    0.540081    3.055416    0.561644    0.460621    0.480769    0.518519    2400        349.090909  0.041310    0.954192    83.042552   6.619642   
[36mINFO[0m 07/24 01:01:39 | 0.501193    0.451923    0.000000    0.551750    4.093244    0.547945    0.501193    0.451923    0.555556    2500        363.636364  0.032287    0.967200    79.173977   6.619642   
[36mINFO[0m 07/24 01:04:40 | 0.460621    0.451923    0.000000    0.581558    3.425061    0.589041    0.460621    0.451923    0.574074    2600        378.181818  0.032753    0.946679    86.500989   6.619642   
[36mINFO[0m 07/24 01:07:36 | 0.470167    0.442308    0.000000    0.542491    3.477967    0.547945    0.470167    0.442308    0.537037    2700        392.727273  0.032456    0.950175    81.221161   6.619764   
[36mINFO[0m 07/24 01:10:41 | 0.489260    0.480769    0.000000    0.597286    3.904722    0.657534    0.489260    0.480769    0.537037    2800        407.272727  0.028336    0.974279    87.468085   6.619764   
[36mINFO[0m 07/24 01:13:39 | 0.482100    0.423077    0.000000    0.597286    2.654029    0.657534    0.482100    0.423077    0.537037    2900        421.818182  0.048706    0.972971    80.278541   6.619764   
[36mINFO[0m 07/24 01:16:34 | 0.486874    0.394231    0.000000    0.608955    3.636614    0.643836    0.486874    0.394231    0.574074    3000        436.363636  0.036119    0.950296    79.711015   6.619764   
[36mINFO[0m 07/24 01:19:26 | 0.501193    0.375000    0.000000    0.601725    4.060992    0.684932    0.501193    0.375000    0.518519    3100        450.909091  0.018443    0.936371    78.715974   6.619764   
[36mINFO[0m 07/24 01:22:28 | 0.441527    0.451923    0.000000    0.574328    2.865704    0.630137    0.441527    0.451923    0.518519    3200        465.454545  0.042058    1.012076    80.359763   6.619764   
[36mINFO[0m 07/24 01:25:22 | 0.501193    0.394231    0.000000    0.556190    3.121671    0.575342    0.501193    0.394231    0.537037    3300        480.000000  0.030656    0.935437    81.214942   6.619764   
[36mINFO[0m 07/24 01:28:29 | 0.534606    0.500000    0.000000    0.585997    3.817239    0.616438    0.534606    0.500000    0.555556    3400        494.545455  0.025118    1.016628    84.861120   6.619764   
[36mINFO[0m 07/24 01:31:22 | 0.503580    0.500000    0.000000    0.590817    2.768694    0.589041    0.503580    0.500000    0.592593    3500        509.090909  0.039798    0.938799    79.167779   6.619764   
[36mINFO[0m 07/24 01:34:16 | 0.532220    0.519231    0.000000    0.544901    3.371938    0.534247    0.532220    0.519231    0.555556    3600        523.636364  0.021926    1.026204    71.025744   6.619947   
[36mINFO[0m 07/24 01:37:12 | 0.520286    0.451923    0.000000    0.618595    3.336954    0.589041    0.520286    0.451923    0.648148    3700        538.181818  0.024561    0.943336    81.968485   6.619947   
[36mINFO[0m 07/24 01:40:16 | 0.589499    0.471154    0.000000    0.565449    3.683996    0.575342    0.589499    0.471154    0.555556    3800        552.727273  0.031932    1.034082    80.332590   6.619947   
[36mINFO[0m 07/24 01:43:14 | 0.496420    0.442308    0.000000    0.604515    3.531085    0.616438    0.496420    0.442308    0.592593    3900        567.272727  0.030543    0.978341    81.031620   6.619947   
[36mINFO[0m 07/24 01:46:20 | 0.491647    0.403846    0.000000    0.551370    3.409953    0.602740    0.491647    0.403846    0.500000    4000        581.818182  0.029913    1.042305    81.800069   6.620130   
[36mINFO[0m 07/24 01:49:20 | 0.458234    0.461538    0.000000    0.586377    3.111683    0.561644    0.458234    0.461538    0.611111    4100        596.363636  0.025811    0.988194    81.117199   6.620130   
[36mINFO[0m 07/24 01:52:25 | 0.494033    0.528846    0.000000    0.585997    4.359849    0.616438    0.494033    0.528846    0.555556    4200        610.909091  0.024301    1.023832    82.443619   6.620130   
[36mINFO[0m 07/24 01:55:22 | 0.546539    0.432692    0.000000    0.604515    3.844279    0.616438    0.546539    0.432692    0.592593    4300        625.454545  0.016905    0.960104    80.952880   6.620130   
[36mINFO[0m 07/24 01:58:28 | 0.548926    0.500000    0.000000    0.551750    2.551506    0.547945    0.548926    0.500000    0.555556    4400        640.000000  0.033641    1.020333    83.724677   6.620130   
[36mINFO[0m 07/24 02:01:23 | 0.515513    0.480769    0.000000    0.535642    4.674859    0.534247    0.515513    0.480769    0.537037    4500        654.545455  0.021742    0.963404    78.680730   6.620130   
[36mINFO[0m 07/24 02:04:32 | 0.522673    0.480769    0.000000    0.565449    4.077083    0.575342    0.522673    0.480769    0.555556    4600        669.090909  0.019553    1.023162    87.010880   6.620130   
[36mINFO[0m 07/24 02:07:26 | 0.498807    0.461538    0.000000    0.574708    4.155002    0.575342    0.498807    0.461538    0.574074    4700        683.636364  0.021907    0.930559    80.142358   6.620130   
[36mINFO[0m 07/24 02:10:18 | 0.508353    0.471154    0.000000    0.542491    4.104239    0.547945    0.508353    0.471154    0.537037    4800        698.181818  0.030395    1.017456    71.023639   6.620130   
[36mINFO[0m 07/24 02:13:13 | 0.484487    0.519231    0.000000    0.549340    3.439456    0.561644    0.484487    0.519231    0.537037    4900        712.727273  0.025709    0.942640    80.187864   6.620130   
[36mINFO[0m 07/24 02:16:19 | 0.565632    0.490385    0.000000    0.560629    3.344922    0.602740    0.565632    0.490385    0.518519    5000        727.272727  0.026940    1.032985    82.476792   6.620130   
[36mINFO[0m 07/24 02:16:19 | ---
[36mINFO[0m 07/24 02:16:19 | oracle = 69.690%
[36mINFO[0m 07/24 02:16:19 | iid = 52.267%
[36mINFO[0m 07/24 02:16:19 | last = 56.563%
[36mINFO[0m 07/24 02:16:19 | last (inD) = 56.063%
[36mINFO[0m 07/24 02:16:19 | iid (inD) = 63.432%
[36mINFO[0m 07/24 02:16:19 | 
[36mINFO[0m 07/24 02:16:19 | Testenv name escaping te_02 -> te_02
[36mINFO[0m 07/24 02:16:19 | Test envs = [2], name = te_02
[36mINFO[0m 07/24 02:16:19 | Batch sizes for each domain: [32, 32, 0] (total=64)
[36mINFO[0m 07/24 02:16:19 | steps-per-epoch for each domain: 9.19, 13.09 -> min = 9.19
[36mINFO[0m 07/24 02:16:20 | # of params = 23512130
[36mINFO[0m 07/24 02:17:26 | test_in     test_out    train_in    train_out   tr_outloss  env0_out    env1_out    env2_in     env2_out    step        epoch       loss        step_time   eval_time   mem_gb     
[36mINFO[0m 07/24 02:17:26 | 0.413636    0.462963    0.000000    0.419060    0.745862    0.424658    0.413462    0.413636    0.462963    0           0.000000    0.903658    7.224217    58.086293   6.611463   
[36mINFO[0m 07/24 02:20:19 | 0.581818    0.740741    0.000000    0.762184    0.692196    0.630137    0.894231    0.581818    0.740741    100         10.884354   0.463572    1.094262    63.743046   6.617689   
[36mINFO[0m 07/24 02:22:51 | 0.595455    0.703704    0.000000    0.759418    0.861444    0.643836    0.875000    0.595455    0.703704    200         21.768707   0.302142    1.049574    47.662506   6.618787   
[36mINFO[0m 07/24 02:25:36 | 0.586364    0.629630    0.000000    0.743678    1.035389    0.602740    0.884615    0.586364    0.629630    300         32.653061   0.186673    1.069458    57.782771   6.619398   
[36mINFO[0m 07/24 02:28:23 | 0.522727    0.666667    0.000000    0.729254    0.997763    0.602740    0.855769    0.522727    0.666667    400         43.537415   0.153070    1.053409    61.459000   6.619398   
[36mINFO[0m 07/24 02:31:16 | 0.536364    0.592593    0.000000    0.650421    1.567859    0.493151    0.807692    0.536364    0.592593    500         54.421769   0.124528    1.140193    58.730034   6.619642   
[36mINFO[0m 07/24 02:34:03 | 0.527273    0.629630    0.000000    0.720956    1.790658    0.643836    0.798077    0.527273    0.629630    600         65.306122   0.112288    1.045853    62.406684   6.619642   
[36mINFO[0m 07/24 02:36:49 | 0.518182    0.648148    0.000000    0.725171    1.592772    0.575342    0.875000    0.518182    0.648148    700         76.190476   0.106023    1.069457    59.712127   6.619642   
[36mINFO[0m 07/24 02:39:47 | 0.504545    0.629630    0.000000    0.712790    1.380764    0.589041    0.836538    0.504545    0.629630    800         87.074830   0.105719    1.152577    61.904111   6.619642   
[36mINFO[0m 07/24 02:42:36 | 0.545455    0.666667    0.000000    0.726488    1.883069    0.616438    0.836538    0.545455    0.666667    900         97.959184   0.081117    1.084326    61.462625   6.619642   
[36mINFO[0m 07/24 02:45:22 | 0.486364    0.722222    0.000000    0.720364    1.239345    0.575342    0.865385    0.486364    0.722222    1000        108.843537  0.081424    1.084889    57.308368   6.619642   
[36mINFO[0m 07/24 02:48:15 | 0.545455    0.703704    0.000000    0.744995    1.931757    0.643836    0.846154    0.545455    0.703704    1100        119.727891  0.079256    1.082358    64.973364   6.619642   
[36mINFO[0m 07/24 02:51:04 | 0.540909    0.666667    0.000000    0.705216    1.624912    0.602740    0.807692    0.540909    0.666667    1200        130.612245  0.066352    1.061148    62.495030   6.619642   
[36mINFO[0m 07/24 02:53:56 | 0.568182    0.703704    0.000000    0.722405    1.337673    0.589041    0.855769    0.568182    0.703704    1300        141.496599  0.079863    1.129294    58.671875   6.619642   
[36mINFO[0m 07/24 02:56:52 | 0.554545    0.666667    0.000000    0.720364    1.477055    0.575342    0.865385    0.554545    0.666667    1400        152.380952  0.074312    1.091557    67.281344   6.619642   
[36mINFO[0m 07/24 02:59:41 | 0.540909    0.740741    0.000000    0.717597    1.539672    0.589041    0.846154    0.540909    0.740741    1500        163.265306  0.082259    1.114945    57.621660   6.619642   
[36mINFO[0m 07/24 03:02:32 | 0.550000    0.722222    0.000000    0.730572    1.509957    0.643836    0.817308    0.550000    0.722222    1600        174.149660  0.049817    1.117048    58.555614   6.619642   
[36mINFO[0m 07/24 03:05:20 | 0.559091    0.703704    0.000000    0.703899    1.645144    0.561644    0.846154    0.559091    0.703704    1700        185.034014  0.059133    1.087360    59.808145   6.619642   
[36mINFO[0m 07/24 03:08:14 | 0.536364    0.666667    0.000000    0.720364    2.015397    0.575342    0.865385    0.536364    0.666667    1800        195.918367  0.049480    1.135855    60.524787   6.619642   
[36mINFO[0m 07/24 03:10:58 | 0.522727    0.685185    0.000000    0.736104    1.516998    0.616438    0.855769    0.522727    0.685185    1900        206.802721  0.069952    1.083999    55.498495   6.619642   
[36mINFO[0m 07/24 03:13:51 | 0.527273    0.666667    0.000000    0.723722    2.015989    0.630137    0.817308    0.527273    0.666667    2000        217.687075  0.052631    1.135292    59.174368   6.619642   
[36mINFO[0m 07/24 03:16:46 | 0.563636    0.759259    0.000000    0.732021    2.164859    0.589041    0.875000    0.563636    0.759259    2100        228.571429  0.060350    1.091758    66.212453   6.619642   
[36mINFO[0m 07/24 03:19:32 | 0.531818    0.611111    0.000000    0.758693    1.499329    0.671233    0.846154    0.531818    0.611111    2200        239.455782  0.064749    1.069690    58.749066   6.619642   
[36mINFO[0m 07/24 03:22:27 | 0.500000    0.703704    0.000000    0.728530    1.392154    0.630137    0.826923    0.500000    0.703704    2300        250.340136  0.057478    1.148437    60.240801   6.619642   
[36mINFO[0m 07/24 03:25:07 | 0.559091    0.740741    0.000000    0.733338    1.763131    0.630137    0.836538    0.559091    0.740741    2400        261.224490  0.061564    1.090632    50.950068   6.619642   
[36mINFO[0m 07/24 03:27:53 | 0.595455    0.796296    0.000000    0.710024    2.005835    0.602740    0.817308    0.595455    0.796296    2500        272.108844  0.051961    1.080011    57.964890   6.619642   
[36mINFO[0m 07/24 03:30:47 | 0.550000    0.777778    0.000000    0.698367    2.092656    0.589041    0.807692    0.550000    0.777778    2600        282.993197  0.045727    1.098331    63.780375   6.619642   
[36mINFO[0m 07/24 03:33:32 | 0.559091    0.722222    0.000000    0.710748    1.932013    0.575342    0.846154    0.559091    0.722222    2700        293.877551  0.052764    1.055397    59.899326   6.619764   
[36mINFO[0m 07/24 03:36:25 | 0.568182    0.759259    0.000000    0.740911    1.718619    0.616438    0.865385    0.568182    0.759259    2800        304.761905  0.050779    1.150808    57.664499   6.619764   
[36mINFO[0m 07/24 03:39:16 | 0.531818    0.629630    0.000000    0.683944    1.448977    0.589041    0.778846    0.531818    0.629630    2900        315.646259  0.046174    1.049148    65.927075   6.619764   
[36mINFO[0m 07/24 03:42:03 | 0.572727    0.740741    0.000000    0.706665    2.401862    0.547945    0.865385    0.572727    0.740741    3000        326.530612  0.041955    1.106424    56.337067   6.619764   
[36mINFO[0m 07/24 03:44:54 | 0.531818    0.703704    0.000000    0.692835    1.453013    0.616438    0.769231    0.531818    0.703704    3100        337.414966  0.055601    1.113288    60.418150   6.619764   
[36mINFO[0m 07/24 03:47:43 | 0.522727    0.685185    0.000000    0.728530    1.679903    0.630137    0.826923    0.522727    0.685185    3200        348.299320  0.045416    1.047686    63.921968   6.619764   
[36mINFO[0m 07/24 03:50:34 | 0.559091    0.740741    0.000000    0.677094    2.076168    0.575342    0.778846    0.559091    0.740741    3300        359.183673  0.041539    1.122461    58.519265   6.619764   
[36mINFO[0m 07/24 03:53:25 | 0.550000    0.722222    0.000000    0.733338    1.861393    0.630137    0.836538    0.550000    0.722222    3400        370.068027  0.053597    1.132004    57.683469   6.619764   
[36mINFO[0m 07/24 03:56:00 | 0.513636    0.740741    0.000000    0.690793    2.316064    0.602740    0.778846    0.513636    0.740741    3500        380.952381  0.050432    1.051890    50.442317   6.619764   
[36mINFO[0m 07/24 03:58:50 | 0.527273    0.740741    0.000000    0.732613    1.839836    0.657534    0.807692    0.527273    0.740741    3600        391.836735  0.047392    1.124666    57.290319   6.619947   
[36mINFO[0m 07/24 04:01:41 | 0.550000    0.740741    0.000000    0.705216    2.229898    0.602740    0.807692    0.550000    0.740741    3700        402.721088  0.047310    1.103478    60.616377   6.619947   
[36mINFO[0m 07/24 04:04:22 | 0.540909    0.703704    0.000000    0.677094    1.499171    0.575342    0.778846    0.540909    0.703704    3800        413.605442  0.041037    1.052423    55.604206   6.619947   
[36mINFO[0m 07/24 04:07:15 | 0.518182    0.703704    0.000000    0.722998    1.772560    0.657534    0.788462    0.518182    0.703704    3900        424.489796  0.040991    1.129602    60.146105   6.619947   
[36mINFO[0m 07/24 04:10:00 | 0.545455    0.796296    0.000000    0.757244    2.539426    0.726027    0.788462    0.545455    0.796296    4000        435.374150  0.035016    1.058759    58.828103   6.620130   
[36mINFO[0m 07/24 04:12:41 | 0.568182    0.685185    0.000000    0.702450    1.436565    0.616438    0.788462    0.568182    0.685185    4100        446.258503  0.041162    0.979141    63.375028   6.620130   
[36mINFO[0m 07/24 04:15:11 | 0.559091    0.777778    0.000000    0.750395    2.229234    0.712329    0.788462    0.559091    0.777778    4200        457.142857  0.033399    0.897218    60.245044   6.620130   
[36mINFO[0m 07/24 04:17:46 | 0.563636    0.740741    0.000000    0.679136    1.360997    0.589041    0.769231    0.563636    0.740741    4300        468.027211  0.029525    1.010311    54.171609   6.620130   
[36mINFO[0m 07/24 04:20:31 | 0.545455    0.722222    0.000000    0.744270    1.950354    0.671233    0.817308    0.545455    0.722222    4400        478.911565  0.045903    1.012172    62.924484   6.620130   
[36mINFO[0m 07/24 04:23:02 | 0.554545    0.722222    0.000000    0.696918    1.740724    0.643836    0.750000    0.554545    0.722222    4500        489.795918  0.044720    0.949812    56.513016   6.620130   
[36mINFO[0m 07/24 04:25:46 | 0.527273    0.703704    0.000000    0.702450    1.946827    0.616438    0.788462    0.527273    0.703704    4600        500.680272  0.055780    1.044866    59.725494   6.620130   
[36mINFO[0m 07/24 04:28:26 | 0.586364    0.759259    0.000000    0.720956    2.375136    0.643836    0.798077    0.586364    0.759259    4700        511.564626  0.024914    0.961902    63.543837   6.620130   
[36mINFO[0m 07/24 04:31:02 | 0.559091    0.629630    0.000000    0.703174    2.250809    0.589041    0.817308    0.559091    0.629630    4800        522.448980  0.031326    1.022987    53.982771   6.620130   
[36mINFO[0m 07/24 04:33:51 | 0.536364    0.592593    0.000000    0.683219    1.955623    0.616438    0.750000    0.536364    0.592593    4900        533.333333  0.041112    1.042054    64.541202   6.620130   
[36mINFO[0m 07/24 04:36:24 | 0.554545    0.759259    0.000000    0.658588    2.528176    0.547945    0.769231    0.554545    0.759259    5000        544.217687  0.040975    0.953516    57.321512   6.620130   
[36mINFO[0m 07/24 04:36:24 | ---
[36mINFO[0m 07/24 04:36:24 | oracle = 59.545%
[36mINFO[0m 07/24 04:36:24 | iid = 58.182%
[36mINFO[0m 07/24 04:36:24 | last = 55.455%
[36mINFO[0m 07/24 04:36:24 | last (inD) = 65.859%
[36mINFO[0m 07/24 04:36:24 | iid (inD) = 76.218%
[36mINFO[0m 07/24 04:36:24 | === Summary ===
[36mINFO[0m 07/24 04:36:24 | Command: /home/kxrgzn/lzh/GGA/train_all.py HTP_Fish_seed0 --dataset HTP --data_dir /home/kxrgzn/lzh/GGA/dataset --algorithm Fish --steps 5000 --checkpoint_freq 100 --batch_size 32 --optimizer adam --lr 5e-5 --weight_decay 0 --resnet_dropout 0 --resnet18 False --pretrained True --freeze_bn True --swad False --seed 0 --trial_seed 0 --deterministic --meta_lr 0.5
[36mINFO[0m 07/24 04:36:24 | Unique name: 260723_21-26-33_HTP_Fish_seed0
[36mINFO[0m 07/24 04:36:24 | Out path: train_output/HTP/260723_21-26-33_HTP_Fish_seed0
[36mINFO[0m 07/24 04:36:24 | Algorithm: Fish
[36mINFO[0m 07/24 04:36:24 | Dataset: HTP
+------------+---------+---------+---------+---------+
| Selection  |    00   |    01   |    02   |   Avg.  |
+------------+---------+---------+---------+---------+
|   oracle   | 55.442% | 69.690% | 59.545% | 61.559% |
|    iid     | 53.741% | 52.267% | 58.182% | 54.730% |
|    last    | 52.721% | 56.563% | 55.455% | 54.913% |
| last (inD) | 65.723% | 56.063% | 65.859% | 62.548% |
| iid (inD)  | 77.083% | 63.432% | 76.218% | 72.245% |
+------------+---------+---------+---------+---------+
================================================================================
Starting Fish, seed=1, physical GPU=1
/home/kxrgzn/anaconda3/envs/QTKAN/bin/python /home/kxrgzn/lzh/GGA/train_all.py HTP_Fish_seed1 --dataset HTP --data_dir /home/kxrgzn/lzh/GGA/dataset --algorithm Fish --steps 5000 --checkpoint_freq 100 --batch_size 32 --optimizer adam --lr 5e-5 --weight_decay 0 --resnet_dropout 0 --resnet18 False --pretrained True --freeze_bn True --swad False --seed 1 --trial_seed 1 --deterministic --meta_lr 0.5
================================================================================
[36mINFO[0m 07/24 04:36:28 | Command :: /home/kxrgzn/lzh/GGA/train_all.py HTP_Fish_seed1 --dataset HTP --data_dir /home/kxrgzn/lzh/GGA/dataset --algorithm Fish --steps 5000 --checkpoint_freq 100 --batch_size 32 --optimizer adam --lr 5e-5 --weight_decay 0 --resnet_dropout 0 --resnet18 False --pretrained True --freeze_bn True --swad False --seed 1 --trial_seed 1 --deterministic --meta_lr 0.5
Environment:
	Python: 3.8.20
	PyTorch: 2.4.1+cu121
	Torchvision: 0.19.1+cu121
	CUDA: 12.1
	CUDNN: 90100
	NumPy: 1.24.4
	PIL: 8.1.0
Args:
	algorithm: Fish
	batch_size: 32
	checkpoint_freq: 100
	configs: []
	data_dir: /home/kxrgzn/lzh/GGA/dataset
	dataset: HTP
	debug: False
	deterministic: True
	end_step: 200
	evalmode: fast
	extra_search: n
	extra_search_end: None
	extra_search_start: None
	gga_l_gamma: 0.001
	grad_fn: sum
	holdout_fraction: 0.2
	model_save: None
	name: HTP_Fish_seed1
	neighborhoodSize: 1e-06
	out_dir: train_output/HTP/260724_04-36-28_HTP_Fish_seed1
	out_root: train_output/HTP
	prebuild_loader: False
	seed: 1
	show: False
	start_step: 100
	steps: 5000
	tb_freq: 10
	test_envs: None
	train_output: train_output
	trial_seed: 1
	unique_name: 260724_04-36-28_HTP_Fish_seed1
	work_dir: .
HParams:
	data_augmentation: True
	val_augment: False
	[36mresnet18: False
	[0m[36mresnet_dropout: 0
	[0mclass_balanced: False
	[36moptimizer: adam
	[0m[36mfreeze_bn: True
	[0m[36mpretrained: True
	[0m[36mlr: 5e-05
	[0mbatch_size: 32
	[36mweight_decay: 0
	[0m[36mmeta_lr: 0.5
	[0m[36mswad: False
	[0mswad_kwargs: 
	  n_converge: 3
	  n_tolerance: 6
	  tolerance_ratio: 0.3
	test_batchsize: 128
	indomain_test: False
	grad_fn: sum
	extra_search: n
	logdir: train_output/HTP/260724_04-36-28_HTP_Fish_seed1
	neighborhoodSize: 1e-06
	start_step: 100
	end_step: 200
	extra_search_start: None
	extra_search_end: None
	gga_l_gamma: 0.001
Dataset:
	[HTP] #envs=3, #classes=2
	env0: 00 (#367)
	env1: 01 (#523)
	env2: 02 (#274)

[36mINFO[0m 07/24 04:36:28 | n_steps = 5000
[36mINFO[0m 07/24 04:36:28 | checkpoint_freq = 100
[36mINFO[0m 07/24 04:36:28 | n_steps is updated to 5000 => 5001 for checkpointing
[36mINFO[0m 07/24 04:36:28 | Target test envs = [[0], [1], [2]]
[36mINFO[0m 07/24 04:36:28 | 
[36mINFO[0m 07/24 04:36:28 | Testenv name escaping te_00 -> te_00
[36mINFO[0m 07/24 04:36:28 | Test envs = [0], name = te_00
[36mINFO[0m 07/24 04:36:28 | Batch sizes for each domain: [0, 32, 32] (total=64)
[36mINFO[0m 07/24 04:36:28 | steps-per-epoch for each domain: 13.09, 6.88 -> min = 6.88
[36mINFO[0m 07/24 04:36:30 | # of params = 23512130
/home/kxrgzn/anaconda3/envs/QTKAN/lib/python3.8/site-packages/torchvision/models/_utils.py:208: UserWarning: The parameter 'pretrained' is deprecated since 0.13 and may be removed in the future, please use 'weights' instead.
  warnings.warn(
/home/kxrgzn/anaconda3/envs/QTKAN/lib/python3.8/site-packages/torchvision/models/_utils.py:223: UserWarning: Arguments other than a weight enum or `None` for 'weights' are deprecated since 0.13 and may be removed in the future. The current behavior is equivalent to passing `weights=ResNet50_Weights.IMAGENET1K_V1`. You can also use `weights=ResNet50_Weights.DEFAULT` to get the most up-to-date weights.
  warnings.warn(msg)
[36mINFO[0m 07/24 04:37:40 | test_in     test_out    train_in    train_out   tr_outloss  env0_in     env0_out    env1_out    env2_out    step        epoch       loss        step_time   eval_time   mem_gb     
[36mINFO[0m 07/24 04:37:40 | 0.517007    0.520548    0.000000    0.698718    0.639007    0.517007    0.520548    0.730769    0.666667    0           0.000000    0.658852    6.463846    64.293384   6.618299   
[36mINFO[0m 07/24 04:40:15 | 0.571429    0.534247    0.000000    0.680912    0.657863    0.571429    0.534247    0.769231    0.592593    100         14.545455   0.434018    1.002434    54.297442   6.621473   
[36mINFO[0m 07/24 04:42:56 | 0.527211    0.493151    0.000000    0.686432    1.042295    0.527211    0.493151    0.817308    0.555556    200         29.090909   0.230743    1.059505    55.506611   6.621717   
[36mINFO[0m 07/24 04:45:34 | 0.534014    0.506849    0.000000    0.681268    1.390085    0.534014    0.506849    0.788462    0.574074    300         43.636364   0.143107    0.989931    58.150683   6.621717   
[36mINFO[0m 07/24 04:48:12 | 0.527211    0.493151    0.000000    0.685719    1.485741    0.527211    0.493151    0.778846    0.592593    400         58.181818   0.128917    1.072612    51.584067   6.621839   
[36mINFO[0m 07/24 04:50:56 | 0.517007    0.493151    0.000000    0.742343    1.295792    0.517007    0.493151    0.836538    0.648148    500         72.727273   0.120686    1.077761    55.808740   6.621839   
[36mINFO[0m 07/24 04:53:26 | 0.537415    0.506849    0.000000    0.675748    1.881828    0.537415    0.506849    0.740385    0.611111    600         87.272727   0.111416    0.917856    58.002734   6.621839   
[36mINFO[0m 07/24 04:56:05 | 0.527211    0.465753    0.000000    0.680556    1.619186    0.527211    0.465753    0.750000    0.611111    700         101.818182  0.094138    1.052122    53.814276   6.621839   
[36mINFO[0m 07/24 04:58:41 | 0.523810    0.506849    0.000000    0.718661    1.365484    0.523810    0.506849    0.807692    0.629630    800         116.363636  0.076628    0.983613    58.174066   6.621839   
[36mINFO[0m 07/24 05:01:12 | 0.520408    0.493151    0.000000    0.647258    2.013512    0.520408    0.493151    0.701923    0.592593    900         130.909091  0.091124    0.944874    56.435798   6.621839   
[36mINFO[0m 07/24 05:03:52 | 0.510204    0.465753    0.000000    0.694979    1.459449    0.510204    0.465753    0.778846    0.611111    1000        145.454545  0.076154    1.048363    54.885986   6.621839   
[36mINFO[0m 07/24 05:06:20 | 0.534014    0.506849    0.000000    0.680912    1.816227    0.534014    0.506849    0.769231    0.592593    1100        160.000000  0.079454    0.990207    49.224600   6.621839   
[36mINFO[0m 07/24 05:08:51 | 0.517007    0.452055    0.000000    0.728276    1.898050    0.517007    0.452055    0.826923    0.629630    1200        174.545455  0.072804    0.948462    55.519756   6.621839   
[36mINFO[0m 07/24 05:11:31 | 0.523810    0.465753    0.000000    0.633191    3.179676    0.523810    0.465753    0.692308    0.574074    1300        189.090909  0.076325    1.073786    53.218321   6.621839   
[36mINFO[0m 07/24 05:14:13 | 0.500000    0.479452    0.000000    0.643875    1.685167    0.500000    0.479452    0.769231    0.518519    1400        203.636364  0.077770    1.017364    59.737133   6.621839   
[36mINFO[0m 07/24 05:16:48 | 0.544218    0.520548    0.000000    0.666845    2.063107    0.544218    0.520548    0.759615    0.574074    1500        218.181818  0.061232    1.016057    53.934746   6.621839   
[36mINFO[0m 07/24 05:19:27 | 0.527211    0.465753    0.000000    0.676460    1.977593    0.527211    0.465753    0.778846    0.574074    1600        232.727273  0.065225    1.040314    55.132636   6.621839   
[36mINFO[0m 07/24 05:21:51 | 0.510204    0.479452    0.000000    0.681268    2.091790    0.510204    0.479452    0.788462    0.574074    1700        247.272727  0.046347    0.947533    49.052976   6.621839   
[36mINFO[0m 07/24 05:24:27 | 0.527211    0.547945    0.000000    0.623932    2.249000    0.527211    0.547945    0.692308    0.555556    1800        261.818182  0.063462    1.019325    53.564986   6.621839   
[36mINFO[0m 07/24 05:27:12 | 0.520408    0.493151    0.000000    0.681624    1.743219    0.520408    0.493151    0.807692    0.555556    1900        276.363636  0.064428    1.076473    57.627987   6.621839   
[36mINFO[0m 07/24 05:29:47 | 0.554422    0.506849    0.000000    0.686075    1.695024    0.554422    0.506849    0.798077    0.574074    2000        290.909091  0.053945    0.963736    58.780404   6.621839   
[36mINFO[0m 07/24 05:32:21 | 0.520408    0.479452    0.000000    0.676460    1.759377    0.520408    0.479452    0.778846    0.574074    2100        305.454545  0.060685    1.028140    51.377268   6.621839   
[36mINFO[0m 07/24 05:35:10 | 0.530612    0.506849    0.000000    0.666845    1.698169    0.530612    0.506849    0.759615    0.574074    2200        320.000000  0.058764    1.061120    61.996363   6.621839   
[36mINFO[0m 07/24 05:37:41 | 0.500000    0.452055    0.000000    0.700142    1.209342    0.500000    0.452055    0.807692    0.592593    2300        334.545455  0.068907    0.950921    55.968795   6.622083   
[36mINFO[0m 07/24 05:40:21 | 0.551020    0.547945    0.000000    0.662037    1.901348    0.551020    0.547945    0.750000    0.574074    2400        349.090909  0.058519    1.058280    54.346227   6.622938   
[36mINFO[0m 07/24 05:43:02 | 0.523810    0.561644    0.000000    0.708333    2.245594    0.523810    0.561644    0.750000    0.666667    2500        363.636364  0.040056    0.996016    61.311866   6.622938   
[36mINFO[0m 07/24 05:45:36 | 0.544218    0.506849    0.000000    0.675392    1.879224    0.544218    0.506849    0.721154    0.629630    2600        378.181818  0.054122    1.006335    53.172710   6.622938   
[36mINFO[0m 07/24 05:48:14 | 0.520408    0.493151    0.000000    0.723825    1.707246    0.520408    0.493151    0.836538    0.611111    2700        392.727273  0.050195    1.010327    57.116650   6.622938   
[36mINFO[0m 07/24 05:50:59 | 0.513605    0.520548    0.000000    0.690171    2.437252    0.513605    0.520548    0.769231    0.611111    2800        407.272727  0.033956    1.099061    55.769787   6.622938   
[36mINFO[0m 07/24 05:53:47 | 0.506803    0.493151    0.000000    0.686075    1.968477    0.506803    0.493151    0.798077    0.574074    2900        421.818182  0.046518    1.125970    54.930549   6.622938   
[36mINFO[0m 07/24 05:56:29 | 0.530612    0.465753    0.000000    0.661681    2.302968    0.530612    0.465753    0.730769    0.592593    3000        436.363636  0.041493    1.046612    57.734108   6.622938   
[36mINFO[0m 07/24 05:59:09 | 0.530612    0.520548    0.000000    0.676460    2.465085    0.530612    0.520548    0.778846    0.574074    3100        450.909091  0.041927    1.042694    55.845464   6.622938   
[36mINFO[0m 07/24 06:01:53 | 0.547619    0.493151    0.000000    0.661681    1.827109    0.547619    0.493151    0.730769    0.592593    3200        465.454545  0.043061    1.120735    51.501791   6.622938   
[36mINFO[0m 07/24 06:04:40 | 0.503401    0.520548    0.000000    0.670940    2.340623    0.503401    0.520548    0.730769    0.611111    3300        480.000000  0.057310    1.077416    59.539368   6.622938   
[36mINFO[0m 07/24 06:07:23 | 0.537415    0.493151    0.000000    0.657229    2.430644    0.537415    0.493151    0.740385    0.574074    3400        494.545455  0.044576    1.041441    58.155375   6.622938   
[36mINFO[0m 07/24 06:10:07 | 0.513605    0.506849    0.000000    0.666489    2.564404    0.513605    0.506849    0.740385    0.592593    3500        509.090909  0.041229    1.106691    54.132378   6.622938   
[36mINFO[0m 07/24 06:12:51 | 0.520408    0.520548    0.000000    0.670228    3.121001    0.520408    0.520548    0.692308    0.648148    3600        523.636364  0.046113    1.079846    55.889652   6.622938   
[36mINFO[0m 07/24 06:15:36 | 0.540816    0.506849    0.000000    0.684651    2.671281    0.540816    0.506849    0.721154    0.648148    3700        538.181818  0.047607    1.080171    56.274089   6.622938   
[36mINFO[0m 07/24 06:18:18 | 0.503401    0.506849    0.000000    0.709402    2.064725    0.503401    0.506849    0.807692    0.611111    3800        552.727273  0.045857    1.112743    51.562502   6.622938   
[36mINFO[0m 07/24 06:21:06 | 0.534014    0.479452    0.000000    0.656873    2.856986    0.534014    0.479452    0.721154    0.592593    3900        567.272727  0.042364    1.116560    55.712565   6.622938   
[36mINFO[0m 07/24 06:23:48 | 0.537415    0.493151    0.000000    0.717949    2.150660    0.537415    0.493151    0.769231    0.666667    4000        581.818182  0.041651    1.051235    56.869630   6.622938   
[36mINFO[0m 07/24 06:26:38 | 0.506803    0.520548    0.000000    0.662037    2.538026    0.506803    0.520548    0.750000    0.574074    4100        596.363636  0.038207    1.111183    58.652561   6.623060   
[36mINFO[0m 07/24 06:29:20 | 0.540816    0.534247    0.000000    0.694266    2.864181    0.540816    0.534247    0.740385    0.648148    4200        610.909091  0.038662    1.085864    54.010830   6.623060   
[36mINFO[0m 07/24 06:32:06 | 0.537415    0.561644    0.000000    0.699074    2.105038    0.537415    0.561644    0.750000    0.648148    4300        625.454545  0.046481    1.094235    55.982214   6.623060   
[36mINFO[0m 07/24 06:34:44 | 0.534014    0.424658    0.000000    0.642806    2.019383    0.534014    0.424658    0.711538    0.574074    4400        640.000000  0.063176    1.134210    45.425684   6.623060   
[36mINFO[0m 07/24 06:37:28 | 0.510204    0.438356    0.000000    0.670940    2.144814    0.510204    0.438356    0.730769    0.611111    4500        654.545455  0.036134    1.065371    56.914914   6.623060   
[36mINFO[0m 07/24 06:40:11 | 0.530612    0.589041    0.000000    0.708689    1.764992    0.530612    0.589041    0.769231    0.648148    4600        669.090909  0.041342    1.047061    58.489267   6.623060   
[36mINFO[0m 07/24 06:42:56 | 0.551020    0.506849    0.000000    0.718305    2.220264    0.551020    0.506849    0.788462    0.648148    4700        683.636364  0.030066    1.078059    56.926788   6.623060   
[36mINFO[0m 07/24 06:45:48 | 0.517007    0.506849    0.000000    0.713853    1.916396    0.517007    0.506849    0.798077    0.629630    4800        698.181818  0.045799    1.112353    60.391887   6.623060   
[36mINFO[0m 07/24 06:48:27 | 0.503401    0.493151    0.000000    0.686075    2.542352    0.503401    0.493151    0.798077    0.574074    4900        712.727273  0.025487    1.043296    55.177765   6.623060   
[36mINFO[0m 07/24 06:51:16 | 0.534014    0.506849    0.000000    0.662749    1.850367    0.534014    0.506849    0.788462    0.537037    5000        727.272727  0.034347    1.138012    54.838048   6.623060   
[36mINFO[0m 07/24 06:51:16 | ---
[36mINFO[0m 07/24 06:51:16 | oracle = 53.061%
[36mINFO[0m 07/24 06:51:16 | iid = 51.701%
[36mINFO[0m 07/24 06:51:16 | last = 53.401%
[36mINFO[0m 07/24 06:51:16 | last (inD) = 66.275%
[36mINFO[0m 07/24 06:51:16 | iid (inD) = 74.234%
[36mINFO[0m 07/24 06:51:16 | 
[36mINFO[0m 07/24 06:51:16 | Testenv name escaping te_01 -> te_01
[36mINFO[0m 07/24 06:51:16 | Test envs = [1], name = te_01
[36mINFO[0m 07/24 06:51:16 | Batch sizes for each domain: [32, 0, 32] (total=64)
[36mINFO[0m 07/24 06:51:16 | steps-per-epoch for each domain: 9.19, 6.88 -> min = 6.88
[36mINFO[0m 07/24 06:51:17 | # of params = 23512130
[36mINFO[0m 07/24 06:52:40 | test_in     test_out    train_in    train_out   tr_outloss  env0_out    env1_in     env1_out    env2_out    step        epoch       loss        step_time   eval_time   mem_gb     
[36mINFO[0m 07/24 06:52:40 | 0.484487    0.442308    0.000000    0.453070    0.707125    0.424658    0.484487    0.442308    0.481481    0           0.000000    0.781753    3.179129    79.719774   6.611463   
[36mINFO[0m 07/24 06:55:33 | 0.525060    0.509615    0.000000    0.577118    0.909882    0.561644    0.525060    0.509615    0.592593    100         14.545455   0.503892    0.936327    78.700522   6.617689   
[36mINFO[0m 07/24 06:58:24 | 0.591885    0.596154    0.000000    0.604896    1.278214    0.561644    0.591885    0.596154    0.648148    200         29.090909   0.228204    0.945486    77.118110   6.618787   
[36mINFO[0m 07/24 07:01:20 | 0.505967    0.519231    0.000000    0.650431    1.233312    0.671233    0.505967    0.519231    0.629630    300         43.636364   0.146188    0.935043    81.718874   6.618787   
[36mINFO[0m 07/24 07:04:12 | 0.544153    0.596154    0.000000    0.574708    2.030124    0.575342    0.544153    0.596154    0.574074    400         58.181818   0.137245    0.923262    80.390232   6.618787   
[36mINFO[0m 07/24 07:06:56 | 0.477327    0.557692    0.000000    0.602106    1.997865    0.630137    0.477327    0.557692    0.574074    500         72.727273   0.108382    0.946043    69.383918   6.618787   
[36mINFO[0m 07/24 07:09:57 | 0.558473    0.586538    0.000000    0.648402    1.925029    0.630137    0.558473    0.586538    0.666667    600         87.272727   0.104934    0.977643    82.565434   6.618787   
[36mINFO[0m 07/24 07:12:55 | 0.520286    0.634615    0.000000    0.623415    1.777754    0.561644    0.520286    0.634615    0.685185    700         101.818182  0.089551    0.958971    82.813908   6.618787   
[36mINFO[0m 07/24 07:15:48 | 0.498807    0.567308    0.000000    0.636733    2.565498    0.643836    0.498807    0.567308    0.629630    800         116.363636  0.084215    0.936572    79.028127   6.618787   
[36mINFO[0m 07/24 07:18:39 | 0.565632    0.634615    0.000000    0.636733    2.126807    0.643836    0.565632    0.634615    0.629630    900         130.909091  0.088711    0.932187    77.823570   6.618787   
[36mINFO[0m 07/24 07:21:33 | 0.520286    0.548077    0.000000    0.664510    2.323496    0.643836    0.520286    0.548077    0.685185    1000        145.454545  0.093440    0.929662    80.691438   6.619031   
[36mINFO[0m 07/24 07:24:30 | 0.529833    0.548077    0.000000    0.657281    1.700203    0.684932    0.529833    0.548077    0.629630    1100        160.000000  0.069838    0.949265    82.617442   6.619031   
[36mINFO[0m 07/24 07:27:26 | 0.503580    0.567308    0.000000    0.627854    1.957569    0.589041    0.503580    0.567308    0.666667    1200        174.545455  0.086708    0.928286    83.167605   6.619031   
[36mINFO[0m 07/24 07:30:21 | 0.536993    0.528846    0.000000    0.613775    2.463483    0.616438    0.536993    0.528846    0.611111    1300        189.090909  0.065110    0.954629    79.170614   6.619031   
[36mINFO[0m 07/24 07:33:09 | 0.541766    0.634615    0.000000    0.623034    3.069845    0.616438    0.541766    0.634615    0.629630    1400        203.636364  0.067708    0.979434    70.279206   6.620130   
[36mINFO[0m 07/24 07:36:05 | 0.508353    0.567308    0.000000    0.652841    2.769180    0.657534    0.508353    0.567308    0.648148    1500        218.181818  0.070444    0.945226    81.360796   6.620130   
[36mINFO[0m 07/24 07:39:03 | 0.522673    0.548077    0.000000    0.659691    2.309568    0.671233    0.522673    0.548077    0.648148    1600        232.727273  0.067817    0.961743    82.031166   6.620130   
[36mINFO[0m 07/24 07:42:05 | 0.482100    0.567308    0.000000    0.659691    1.892565    0.671233    0.482100    0.567308    0.648148    1700        247.272727  0.065175    0.988142    83.045628   6.620130   
[36mINFO[0m 07/24 07:45:10 | 0.560859    0.586538    0.000000    0.623034    2.967422    0.616438    0.560859    0.586538    0.629630    1800        261.818182  0.057406    0.990342    85.774110   6.620985   
[36mINFO[0m 07/24 07:48:06 | 0.656325    0.692308    0.000000    0.600076    2.178404    0.589041    0.656325    0.692308    0.611111    1900        276.363636  0.055970    0.922831    83.246722   6.620985   
[36mINFO[0m 07/24 07:51:04 | 0.501193    0.576923    0.000000    0.648402    2.549729    0.630137    0.501193    0.576923    0.666667    2000        290.909091  0.070914    0.954823    82.878416   6.620985   
[36mINFO[0m 07/24 07:54:00 | 0.591885    0.586538    0.000000    0.659691    2.759367    0.671233    0.591885    0.586538    0.648148    2100        305.454545  0.051538    0.936664    82.744595   6.620985   
[36mINFO[0m 07/24 07:56:54 | 0.551313    0.567308    0.000000    0.680619    2.644219    0.657534    0.551313    0.567308    0.703704    2200        320.000000  0.048981    0.908846    82.788100   6.620985   
[36mINFO[0m 07/24 07:59:52 | 0.505967    0.548077    0.000000    0.687468    2.848933    0.671233    0.505967    0.548077    0.703704    2300        334.545455  0.045791    0.998494    77.681838   6.620985   
[36mINFO[0m 07/24 08:02:51 | 0.539379    0.653846    0.000000    0.606925    2.631256    0.602740    0.539379    0.653846    0.611111    2400        349.090909  0.048222    0.931505    85.972454   6.620985   
[36mINFO[0m 07/24 08:05:51 | 0.513126    0.634615    0.000000    0.657281    2.032420    0.684932    0.513126    0.634615    0.629630    2500        363.636364  0.060377    0.972541    83.473426   6.620985   
[36mINFO[0m 07/24 08:08:38 | 0.541766    0.596154    0.000000    0.625063    2.396257    0.657534    0.541766    0.596154    0.592593    2600        378.181818  0.051170    0.883636    77.716657   6.620985   
[36mINFO[0m 07/24 08:11:39 | 0.565632    0.557692    0.000000    0.641172    1.539363    0.671233    0.565632    0.557692    0.611111    2700        392.727273  0.053849    0.987293    82.539937   6.620985   
[36mINFO[0m 07/24 08:14:38 | 0.563246    0.596154    0.000000    0.660071    1.765376    0.616438    0.563246    0.596154    0.703704    2800        407.272727  0.050444    0.974082    82.153980   6.620985   
[36mINFO[0m 07/24 08:17:35 | 0.546539    0.586538    0.000000    0.616185    2.602998    0.602740    0.546539    0.586538    0.629630    2900        421.818182  0.044600    0.935875    82.762222   6.620985   
[36mINFO[0m 07/24 08:20:33 | 0.544153    0.548077    0.000000    0.657281    2.337812    0.684932    0.544153    0.548077    0.629630    3000        436.363636  0.051796    0.970692    80.824309   6.620985   
[36mINFO[0m 07/24 08:23:30 | 0.513126    0.557692    0.000000    0.664130    2.018678    0.698630    0.513126    0.557692    0.629630    3100        450.909091  0.061246    0.925104    85.275613   6.620985   
[36mINFO[0m 07/24 08:26:30 | 0.544153    0.625000    0.000000    0.678209    2.479726    0.671233    0.544153    0.625000    0.685185    3200        465.454545  0.046453    0.942047    85.531275   6.620985   
[36mINFO[0m 07/24 08:29:31 | 0.525060    0.557692    0.000000    0.618214    2.321416    0.643836    0.525060    0.557692    0.592593    3300        480.000000  0.033221    0.963892    84.279377   6.620985   
[36mINFO[0m 07/24 08:32:37 | 0.603819    0.615385    0.000000    0.652841    2.223055    0.657534    0.603819    0.615385    0.648148    3400        494.545455  0.042438    1.016690    84.293680   6.620985   
[36mINFO[0m 07/24 08:35:35 | 0.489260    0.557692    0.000000    0.671360    2.553416    0.657534    0.489260    0.557692    0.685185    3500        509.090909  0.047232    0.990417    79.164916   6.620985   
[36mINFO[0m 07/24 08:38:42 | 0.532220    0.634615    0.000000    0.648402    2.262231    0.630137    0.532220    0.634615    0.666667    3600        523.636364  0.043882    0.995378    86.981672   6.620985   
[36mINFO[0m 07/24 08:41:47 | 0.568019    0.567308    0.000000    0.623034    2.854135    0.616438    0.568019    0.567308    0.629630    3700        538.181818  0.046936    1.048259    81.125404   6.620985   
[36mINFO[0m 07/24 08:44:43 | 0.539379    0.596154    0.000000    0.682648    2.005605    0.698630    0.539379    0.596154    0.666667    3800        552.727273  0.038869    1.010339    74.629214   6.620985   
[36mINFO[0m 07/24 08:47:42 | 0.565632    0.625000    0.000000    0.655251    2.566773    0.643836    0.565632    0.625000    0.666667    3900        567.272727  0.036984    0.986024    80.325181   6.620985   
[36mINFO[0m 07/24 08:50:41 | 0.575179    0.586538    0.000000    0.652841    2.176151    0.657534    0.575179    0.586538    0.648148    4000        581.818182  0.043031    0.993454    79.156986   6.620985   
[36mINFO[0m 07/24 08:53:35 | 0.546539    0.528846    0.000000    0.636733    3.062707    0.643836    0.546539    0.528846    0.629630    4100        596.363636  0.039121    0.984200    76.356714   6.620985   
[36mINFO[0m 07/24 08:56:40 | 0.522673    0.538462    0.000000    0.657281    2.774207    0.684932    0.522673    0.538462    0.629630    4200        610.909091  0.034910    0.998529    84.506384   6.620985   
[36mINFO[0m 07/24 08:59:35 | 0.534606    0.557692    0.000000    0.621005    3.514502    0.575342    0.534606    0.557692    0.666667    4300        625.454545  0.048955    0.978546    77.514073   6.620985   
[36mINFO[0m 07/24 09:02:35 | 0.613365    0.663462    0.000000    0.652841    2.838740    0.657534    0.613365    0.663462    0.648148    4400        640.000000  0.041615    0.981027    81.377170   6.620985   
[36mINFO[0m 07/24 09:05:36 | 0.536993    0.528846    0.000000    0.675799    2.774641    0.684932    0.536993    0.528846    0.666667    4500        654.545455  0.035840    1.018622    79.456100   6.620985   
[36mINFO[0m 07/24 09:08:44 | 0.575179    0.567308    0.000000    0.691908    2.731170    0.698630    0.575179    0.567308    0.685185    4600        669.090909  0.041225    1.006148    87.295436   6.620985   
[36mINFO[0m 07/24 09:11:31 | 0.496420    0.586538    0.000000    0.705606    2.417479    0.726027    0.496420    0.586538    0.685185    4700        683.636364  0.035504    0.847388    82.467604   6.620985   
[36mINFO[0m 07/24 09:14:29 | 0.494033    0.548077    0.000000    0.655251    2.675213    0.643836    0.494033    0.548077    0.666667    4800        698.181818  0.039921    0.986483    79.726645   6.620985   
[36mINFO[0m 07/24 09:17:26 | 0.505967    0.538462    0.000000    0.643582    2.413245    0.657534    0.505967    0.538462    0.629630    4900        712.727273  0.029619    0.919892    84.602662   6.620985   
[36mINFO[0m 07/24 09:20:26 | 0.532220    0.557692    0.000000    0.678209    2.108110    0.671233    0.532220    0.557692    0.685185    5000        727.272727  0.039870    0.975569    82.666607   6.620985   
[36mINFO[0m 07/24 09:20:26 | ---
[36mINFO[0m 07/24 09:20:26 | oracle = 65.632%
[36mINFO[0m 07/24 09:20:26 | iid = 49.642%
[36mINFO[0m 07/24 09:20:26 | last = 53.222%
[36mINFO[0m 07/24 09:20:26 | last (inD) = 67.821%
[36mINFO[0m 07/24 09:20:26 | iid (inD) = 70.561%
[36mINFO[0m 07/24 09:20:26 | 
[36mINFO[0m 07/24 09:20:26 | Testenv name escaping te_02 -> te_02
[36mINFO[0m 07/24 09:20:26 | Test envs = [2], name = te_02
[36mINFO[0m 07/24 09:20:26 | Batch sizes for each domain: [32, 32, 0] (total=64)
[36mINFO[0m 07/24 09:20:26 | steps-per-epoch for each domain: 9.19, 13.09 -> min = 9.19
[36mINFO[0m 07/24 09:20:29 | # of params = 23512130
[36mINFO[0m 07/24 09:21:29 | test_in     test_out    train_in    train_out   tr_outloss  env0_out    env1_out    env2_in     env2_out    step        epoch       loss        step_time   eval_time   mem_gb     
[36mINFO[0m 07/24 09:21:29 | 0.481818    0.537037    0.000000    0.543928    0.679537    0.520548    0.567308    0.481818    0.537037    0           0.000000    0.820924    6.182534    54.488511   6.611463   
[36mINFO[0m 07/24 09:24:08 | 0.527273    0.500000    0.000000    0.667611    0.621841    0.479452    0.855769    0.527273    0.500000    100         10.884354   0.442397    1.030326    56.163676   6.617689   
[36mINFO[0m 07/24 09:26:45 | 0.550000    0.666667    0.000000    0.693559    1.040558    0.589041    0.798077    0.550000    0.666667    200         21.768707   0.296830    0.958848    60.335179   6.618787   
[36mINFO[0m 07/24 09:29:25 | 0.581818    0.629630    0.000000    0.679860    1.126678    0.561644    0.798077    0.581818    0.629630    300         32.653061   0.208294    1.021686    58.295555   6.618787   
[36mINFO[0m 07/24 09:32:04 | 0.559091    0.592593    0.000000    0.694283    1.404255    0.561644    0.826923    0.559091    0.592593    400         43.537415   0.147861    0.946581    64.236260   6.618787   
[36mINFO[0m 07/24 09:34:40 | 0.522727    0.611111    0.000000    0.641531    1.732405    0.465753    0.817308    0.522727    0.611111    500         54.421769   0.140351    1.013434    54.686680   6.618787   
[36mINFO[0m 07/24 09:37:24 | 0.518182    0.666667    0.000000    0.688027    1.843161    0.616438    0.759615    0.518182    0.666667    600         65.306122   0.111974    1.034902    60.239119   6.618787   
[36mINFO[0m 07/24 09:39:59 | 0.531818    0.648148    0.000000    0.726488    1.692120    0.616438    0.836538    0.531818    0.648148    700         76.190476   0.106683    0.965074    59.010382   6.618787   
[36mINFO[0m 07/24 09:42:45 | 0.527273    0.574074    0.000000    0.695008    1.264079    0.534247    0.855769    0.527273    0.574074    800         87.074830   0.093722    1.047661    61.129622   6.618787   
[36mINFO[0m 07/24 09:45:26 | 0.504545    0.629630    0.000000    0.733338    1.237172    0.630137    0.836538    0.504545    0.629630    900         97.959184   0.085912    0.970953    63.634979   6.618787   
[36mINFO[0m 07/24 09:48:04 | 0.540909    0.592593    0.000000    0.658588    2.443901    0.547945    0.769231    0.540909    0.592593    1000        108.843537  0.078447    1.028508    54.977830   6.619031   
[36mINFO[0m 07/24 09:50:51 | 0.545455    0.722222    0.000000    0.668796    1.819739    0.616438    0.721154    0.545455    0.722222    1100        119.727891  0.083942    1.009840    66.185890   6.619031   
[36mINFO[0m 07/24 09:53:28 | 0.522727    0.555556    0.000000    0.680585    1.559355    0.534247    0.826923    0.522727    0.555556    1200        130.612245  0.068012    1.036832    53.470999   6.619031   
[36mINFO[0m 07/24 09:56:15 | 0.531818    0.592593    0.000000    0.670245    1.517732    0.561644    0.778846    0.531818    0.592593    1300        141.496599  0.067207    1.030985    63.234447   6.619031   
[36mINFO[0m 07/24 09:58:44 | 0.550000    0.648148    0.000000    0.658588    2.194163    0.547945    0.769231    0.550000    0.648148    1400        152.380952  0.057677    0.873956    61.870262   6.620130   
[36mINFO[0m 07/24 10:01:24 | 0.536364    0.685185    0.000000    0.712065    2.068384    0.616438    0.807692    0.536364    0.685185    1500        163.265306  0.069136    1.037514    56.120526   6.620130   
[36mINFO[0m 07/24 10:04:09 | 0.568182    0.611111    0.000000    0.699091    1.333539    0.561644    0.836538    0.568182    0.611111    1600        174.149660  0.057521    1.002865    64.833139   6.620130   
[36mINFO[0m 07/24 10:06:45 | 0.563636    0.611111    0.000000    0.649697    1.859775    0.520548    0.778846    0.563636    0.611111    1700        185.034014  0.056216    1.024603    54.236308   6.620130   
[36mINFO[0m 07/24 10:09:32 | 0.568182    0.629630    0.000000    0.688751    1.646830    0.589041    0.788462    0.568182    0.629630    1800        195.918367  0.051644    1.028360    63.388960   6.620985   
[36mINFO[0m 07/24 10:12:04 | 0.513636    0.537037    0.000000    0.713514    1.246195    0.561644    0.865385    0.513636    0.537037    1900        206.802721  0.059106    0.932660    58.777344   6.620985   
[36mINFO[0m 07/24 10:14:43 | 0.522727    0.648148    0.000000    0.668203    1.342973    0.547945    0.788462    0.522727    0.648148    2000        217.687075  0.054247    1.021695    57.339401   6.620985   
[36mINFO[0m 07/24 10:17:24 | 0.563636    0.629630    0.000000    0.694876    1.926836    0.630137    0.759615    0.563636    0.629630    2100        228.571429  0.049746    0.957954    64.686747   6.620985   
[36mINFO[0m 07/24 10:20:01 | 0.586364    0.648148    0.000000    0.634550    2.316190    0.547945    0.721154    0.586364    0.648148    2200        239.455782  0.054130    1.027642    54.119333   6.620985   
[36mINFO[0m 07/24 10:22:48 | 0.563636    0.648148    0.000000    0.673604    3.150623    0.616438    0.730769    0.563636    0.648148    2300        250.340136  0.043366    1.036391    63.875753   6.620985   
[36mINFO[0m 07/24 10:25:20 | 0.531818    0.518519    0.000000    0.738870    1.532946    0.602740    0.875000    0.531818    0.518519    2400        261.224490  0.067919    0.922569    59.792066   6.620985   
[36mINFO[0m 07/24 10:28:00 | 0.522727    0.629630    0.000000    0.696325    2.093961    0.575342    0.817308    0.522727    0.629630    2500        272.108844  0.043074    1.007434    58.585057   6.620985   
[36mINFO[0m 07/24 10:30:35 | 0.536364    0.592593    0.000000    0.722405    2.142595    0.589041    0.855769    0.536364    0.592593    2600        282.993197  0.046828    0.929354    61.972529   6.620985   
[36mINFO[0m 07/24 10:33:10 | 0.545455    0.611111    0.000000    0.747036    2.121438    0.657534    0.836538    0.545455    0.611111    2700        293.877551  0.037855    1.009718    54.508487   6.620985   
[36mINFO[0m 07/24 10:35:53 | 0.563636    0.629630    0.000000    0.714831    1.665463    0.602740    0.826923    0.563636    0.629630    2800        304.761905  0.052205    1.030287    59.768210   6.620985   
[36mINFO[0m 07/24 10:38:25 | 0.586364    0.611111    0.000000    0.723130    1.831308    0.561644    0.884615    0.586364    0.611111    2900        315.646259  0.040589    0.921841    59.540417   6.620985   
[36mINFO[0m 07/24 10:41:04 | 0.545455    0.555556    0.000000    0.707258    1.614321    0.616438    0.798077    0.545455    0.555556    3000        326.530612  0.051340    1.034715    56.291218   6.620985   
[36mINFO[0m 07/24 10:43:46 | 0.540909    0.574074    0.000000    0.740911    1.246812    0.616438    0.865385    0.540909    0.574074    3100        337.414966  0.048207    0.965522    65.452206   6.620985   
[36mINFO[0m 07/24 10:46:13 | 0.550000    0.574074    0.000000    0.708707    1.707913    0.561644    0.855769    0.550000    0.574074    3200        348.299320  0.048234    0.891713    57.644224   6.620985   
[36mINFO[0m 07/24 10:49:00 | 0.563636    0.592593    0.000000    0.709299    2.623651    0.630137    0.788462    0.563636    0.592593    3300        359.183673  0.030365    1.033083    63.382605   6.620985   
[36mINFO[0m 07/24 10:51:45 | 0.522727    0.537037    0.000000    0.714831    2.149626    0.602740    0.826923    0.522727    0.537037    3400        370.068027  0.044462    1.082853    57.218338   6.620985   
[36mINFO[0m 07/24 10:54:35 | 0.518182    0.611111    0.000000    0.716873    1.390528    0.616438    0.817308    0.518182    0.611111    3500        380.952381  0.040970    1.087247    60.578061   6.620985   
[36mINFO[0m 07/24 10:57:18 | 0.559091    0.518519    0.000000    0.712790    2.048857    0.589041    0.836538    0.559091    0.518519    3600        391.836735  0.039122    1.000179    62.879240   6.620985   
[36mINFO[0m 07/24 10:59:57 | 0.568182    0.555556    0.000000    0.700408    2.414256    0.602740    0.798077    0.568182    0.555556    3700        402.721088  0.041781    1.036453    56.119542   6.620985   
[36mINFO[0m 07/24 11:02:43 | 0.540909    0.518519    0.000000    0.691517    2.161997    0.575342    0.807692    0.540909    0.518519    3800        413.605442  0.035686    1.073961    58.234015   6.620985   
[36mINFO[0m 07/24 11:05:26 | 0.554545    0.537037    0.000000    0.639357    2.744450    0.547945    0.730769    0.554545    0.537037    3900        424.489796  0.032848    1.013620    62.062680   6.620985   
[36mINFO[0m 07/24 11:08:04 | 0.527273    0.574074    0.000000    0.683944    1.707372    0.589041    0.778846    0.527273    0.574074    4000        435.374150  0.038659    1.046377    53.412785   6.620985   
[36mINFO[0m 07/24 11:10:50 | 0.581818    0.703704    0.000000    0.710024    1.871480    0.602740    0.817308    0.581818    0.703704    4100        446.258503  0.057585    1.088232    56.739324   6.620985   
[36mINFO[0m 07/24 11:13:39 | 0.559091    0.574074    0.000000    0.705940    2.544830    0.575342    0.836538    0.559091    0.574074    4200        457.142857  0.032692    1.049824    64.100284   6.620985   
[36mINFO[0m 07/24 11:16:21 | 0.536364    0.666667    0.000000    0.635274    2.863216    0.520548    0.750000    0.536364    0.666667    4300        468.027211  0.037200    1.034664    58.612375   6.620985   
[36mINFO[0m 07/24 11:19:09 | 0.550000    0.703704    0.000000    0.713383    2.316998    0.657534    0.769231    0.550000    0.703704    4400        478.911565  0.031883    1.092219    58.942440   6.620985   
[36mINFO[0m 07/24 11:21:45 | 0.572727    0.629630    0.000000    0.693559    2.686612    0.589041    0.798077    0.572727    0.629630    4500        489.795918  0.038175    1.017927    53.998442   6.620985   
[36mINFO[0m 07/24 11:24:32 | 0.554545    0.555556    0.000000    0.696325    1.236596    0.575342    0.817308    0.554545    0.555556    4600        500.680272  0.043730    1.068684    59.993115   6.620985   
[36mINFO[0m 07/24 11:27:20 | 0.590909    0.648148    0.000000    0.671694    2.159093    0.506849    0.836538    0.590909    0.648148    4700        511.564626  0.026928    1.095790    58.798794   6.620985   
[36mINFO[0m 07/24 11:29:56 | 0.536364    0.592593    0.000000    0.725764    1.874704    0.643836    0.807692    0.536364    0.592593    4800        522.448980  0.028478    1.042361    51.181167   6.620985   
[36mINFO[0m 07/24 11:32:40 | 0.545455    0.703704    0.000000    0.659312    2.591064    0.520548    0.798077    0.545455    0.703704    4900        533.333333  0.044410    1.051396    59.299960   6.620985   
[36mINFO[0m 07/24 11:35:28 | 0.550000    0.648148    0.000000    0.677094    2.830459    0.575342    0.778846    0.550000    0.648148    5000        544.217687  0.031281    1.095757    58.102108   6.620985   
[36mINFO[0m 07/24 11:35:28 | ---
[36mINFO[0m 07/24 11:35:28 | oracle = 54.545%
[36mINFO[0m 07/24 11:35:28 | iid = 54.545%
[36mINFO[0m 07/24 11:35:28 | last = 55.000%
[36mINFO[0m 07/24 11:35:28 | last (inD) = 67.709%
[36mINFO[0m 07/24 11:35:28 | iid (inD) = 74.704%
[36mINFO[0m 07/24 11:35:28 | === Summary ===
[36mINFO[0m 07/24 11:35:28 | Command: /home/kxrgzn/lzh/GGA/train_all.py HTP_Fish_seed1 --dataset HTP --data_dir /home/kxrgzn/lzh/GGA/dataset --algorithm Fish --steps 5000 --checkpoint_freq 100 --batch_size 32 --optimizer adam --lr 5e-5 --weight_decay 0 --resnet_dropout 0 --resnet18 False --pretrained True --freeze_bn True --swad False --seed 1 --trial_seed 1 --deterministic --meta_lr 0.5
[36mINFO[0m 07/24 11:35:28 | Unique name: 260724_04-36-28_HTP_Fish_seed1
[36mINFO[0m 07/24 11:35:28 | Out path: train_output/HTP/260724_04-36-28_HTP_Fish_seed1
[36mINFO[0m 07/24 11:35:28 | Algorithm: Fish
[36mINFO[0m 07/24 11:35:28 | Dataset: HTP
+------------+---------+---------+---------+---------+
| Selection  |    00   |    01   |    02   |   Avg.  |
+------------+---------+---------+---------+---------+
|   oracle   | 53.061% | 65.632% | 54.545% | 57.746% |
|    iid     | 51.701% | 49.642% | 54.545% | 51.963% |
|    last    | 53.401% | 53.222% | 55.000% | 53.874% |
| last (inD) | 66.275% | 67.821% | 67.709% | 67.268% |
| iid (inD)  | 74.234% | 70.561% | 74.704% | 73.166% |
+------------+---------+---------+---------+---------+
================================================================================
Starting Fish, seed=2, physical GPU=1
/home/kxrgzn/anaconda3/envs/QTKAN/bin/python /home/kxrgzn/lzh/GGA/train_all.py HTP_Fish_seed2 --dataset HTP --data_dir /home/kxrgzn/lzh/GGA/dataset --algorithm Fish --steps 5000 --checkpoint_freq 100 --batch_size 32 --optimizer adam --lr 5e-5 --weight_decay 0 --resnet_dropout 0 --resnet18 False --pretrained True --freeze_bn True --swad False --seed 2 --trial_seed 2 --deterministic --meta_lr 0.5
================================================================================
[36mINFO[0m 07/24 11:35:32 | Command :: /home/kxrgzn/lzh/GGA/train_all.py HTP_Fish_seed2 --dataset HTP --data_dir /home/kxrgzn/lzh/GGA/dataset --algorithm Fish --steps 5000 --checkpoint_freq 100 --batch_size 32 --optimizer adam --lr 5e-5 --weight_decay 0 --resnet_dropout 0 --resnet18 False --pretrained True --freeze_bn True --swad False --seed 2 --trial_seed 2 --deterministic --meta_lr 0.5
Environment:
	Python: 3.8.20
	PyTorch: 2.4.1+cu121
	Torchvision: 0.19.1+cu121
	CUDA: 12.1
	CUDNN: 90100
	NumPy: 1.24.4
	PIL: 8.1.0
Args:
	algorithm: Fish
	batch_size: 32
	checkpoint_freq: 100
	configs: []
	data_dir: /home/kxrgzn/lzh/GGA/dataset
	dataset: HTP
	debug: False
	deterministic: True
	end_step: 200
	evalmode: fast
	extra_search: n
	extra_search_end: None
	extra_search_start: None
	gga_l_gamma: 0.001
	grad_fn: sum
	holdout_fraction: 0.2
	model_save: None
	name: HTP_Fish_seed2
	neighborhoodSize: 1e-06
	out_dir: train_output/HTP/260724_11-35-32_HTP_Fish_seed2
	out_root: train_output/HTP
	prebuild_loader: False
	seed: 2
	show: False
	start_step: 100
	steps: 5000
	tb_freq: 10
	test_envs: None
	train_output: train_output
	trial_seed: 2
	unique_name: 260724_11-35-32_HTP_Fish_seed2
	work_dir: .
HParams:
	data_augmentation: True
	val_augment: False
	[36mresnet18: False
	[0m[36mresnet_dropout: 0
	[0mclass_balanced: False
	[36moptimizer: adam
	[0m[36mfreeze_bn: True
	[0m[36mpretrained: True
	[0m[36mlr: 5e-05
	[0mbatch_size: 32
	[36mweight_decay: 0
	[0m[36mmeta_lr: 0.5
	[0m[36mswad: False
	[0mswad_kwargs: 
	  n_converge: 3
	  n_tolerance: 6
	  tolerance_ratio: 0.3
	test_batchsize: 128
	indomain_test: False
	grad_fn: sum
	extra_search: n
	logdir: train_output/HTP/260724_11-35-32_HTP_Fish_seed2
	neighborhoodSize: 1e-06
	start_step: 100
	end_step: 200
	extra_search_start: None
	extra_search_end: None
	gga_l_gamma: 0.001
Dataset:
	[HTP] #envs=3, #classes=2
	env0: 00 (#367)
	env1: 01 (#523)
	env2: 02 (#274)

[36mINFO[0m 07/24 11:35:32 | n_steps = 5000
[36mINFO[0m 07/24 11:35:32 | checkpoint_freq = 100
[36mINFO[0m 07/24 11:35:32 | n_steps is updated to 5000 => 5001 for checkpointing
[36mINFO[0m 07/24 11:35:32 | Target test envs = [[0], [1], [2]]
[36mINFO[0m 07/24 11:35:32 | 
[36mINFO[0m 07/24 11:35:32 | Testenv name escaping te_00 -> te_00
[36mINFO[0m 07/24 11:35:32 | Test envs = [0], name = te_00
[36mINFO[0m 07/24 11:35:32 | Batch sizes for each domain: [0, 32, 32] (total=64)
[36mINFO[0m 07/24 11:35:32 | steps-per-epoch for each domain: 13.09, 6.88 -> min = 6.88
[36mINFO[0m 07/24 11:35:35 | # of params = 23512130
/home/kxrgzn/anaconda3/envs/QTKAN/lib/python3.8/site-packages/torchvision/models/_utils.py:208: UserWarning: The parameter 'pretrained' is deprecated since 0.13 and may be removed in the future, please use 'weights' instead.
  warnings.warn(
/home/kxrgzn/anaconda3/envs/QTKAN/lib/python3.8/site-packages/torchvision/models/_utils.py:223: UserWarning: Arguments other than a weight enum or `None` for 'weights' are deprecated since 0.13 and may be removed in the future. The current behavior is equivalent to passing `weights=ResNet50_Weights.IMAGENET1K_V1`. You can also use `weights=ResNet50_Weights.DEFAULT` to get the most up-to-date weights.
  warnings.warn(msg)
[36mINFO[0m 07/24 11:36:43 | test_in     test_out    train_in    train_out   tr_outloss  env0_in     env0_out    env1_out    env2_out    step        epoch       loss        step_time   eval_time   mem_gb     
[36mINFO[0m 07/24 11:36:43 | 0.547619    0.547945    0.000000    0.587607    0.664825    0.547619    0.547945    0.730769    0.444444    0           0.000000    0.743708    6.250295    62.119177   6.618299   
[36mINFO[0m 07/24 11:39:33 | 0.537415    0.561644    0.000000    0.720085    0.882711    0.537415    0.561644    0.884615    0.555556    100         14.545455   0.492897    1.127856    57.273877   6.621473   
[36mINFO[0m 07/24 11:42:22 | 0.544218    0.671233    0.000000    0.677528    1.374866    0.544218    0.671233    0.836538    0.518519    200         29.090909   0.180357    1.073496    61.568933   6.621717   
[36mINFO[0m 07/24 11:45:07 | 0.561224    0.616438    0.000000    0.676816    1.966679    0.561224    0.616438    0.798077    0.555556    300         43.636364   0.113977    1.066946    58.755131   6.621717   
[36mINFO[0m 07/24 11:48:00 | 0.547619    0.561644    0.000000    0.683048    1.668254    0.547619    0.561644    0.884615    0.481481    400         58.181818   0.102406    1.150109    57.352584   6.621839   
[36mINFO[0m 07/24 11:50:46 | 0.537415    0.602740    0.000000    0.696047    1.739389    0.537415    0.602740    0.836538    0.555556    500         72.727273   0.074594    1.075977    58.261193   6.621839   
[36mINFO[0m 07/24 11:53:32 | 0.520408    0.589041    0.000000    0.696759    2.175783    0.520408    0.589041    0.875000    0.518519    600         87.272727   0.084170    1.088021    57.562821   6.621839   
[36mINFO[0m 07/24 11:56:22 | 0.530612    0.589041    0.000000    0.682336    2.333103    0.530612    0.589041    0.846154    0.518519    700         101.818182  0.071825    1.111759    58.311291   6.621839   
[36mINFO[0m 07/24 11:59:09 | 0.537415    0.561644    0.000000    0.663462    2.522539    0.537415    0.561644    0.826923    0.500000    800         116.363636  0.052212    1.077486    59.765636   6.621839   
[36mINFO[0m 07/24 12:01:51 | 0.578231    0.602740    0.000000    0.677885    1.797968    0.578231    0.602740    0.855769    0.500000    900         130.909091  0.056118    1.044146    57.348385   6.621839   
[36mINFO[0m 07/24 12:04:39 | 0.547619    0.589041    0.000000    0.682336    3.022749    0.547619    0.589041    0.846154    0.518519    1000        145.454545  0.049877    1.126267    55.081594   6.621839   
[36mINFO[0m 07/24 12:07:21 | 0.574830    0.616438    0.000000    0.668269    2.039694    0.574830    0.616438    0.836538    0.500000    1100        160.000000  0.050744    1.033399    58.664347   6.621839   
[36mINFO[0m 07/24 12:10:06 | 0.561224    0.602740    0.000000    0.677528    1.891913    0.561224    0.602740    0.836538    0.518519    1200        174.545455  0.048562    1.088486    56.917544   6.621839   
[36mINFO[0m 07/24 12:12:49 | 0.571429    0.630137    0.000000    0.682336    2.022405    0.571429    0.630137    0.846154    0.518519    1300        189.090909  0.041948    1.106081    52.216179   6.621839   
[36mINFO[0m 07/24 12:15:28 | 0.554422    0.602740    0.000000    0.668269    2.406716    0.554422    0.602740    0.836538    0.500000    1400        203.636364  0.049678    1.104442    48.383774   6.621839   
[36mINFO[0m 07/24 12:18:14 | 0.551020    0.534247    0.000000    0.682336    2.335214    0.551020    0.534247    0.846154    0.518519    1500        218.181818  0.042367    1.083259    57.817793   6.621839   
[36mINFO[0m 07/24 12:20:53 | 0.520408    0.520548    0.000000    0.668625    2.761691    0.520408    0.520548    0.855769    0.481481    1600        232.727273  0.045031    1.124262    46.531350   6.621839   
[36mINFO[0m 07/24 12:23:44 | 0.557823    0.575342    0.000000    0.686788    2.076772    0.557823    0.575342    0.836538    0.537037    1700        247.272727  0.049703    1.103625    60.938407   6.621839   
[36mINFO[0m 07/24 12:26:28 | 0.540816    0.561644    0.000000    0.667913    2.245728    0.540816    0.561644    0.817308    0.518519    1800        261.818182  0.036933    1.079108    55.965439   6.621839   
[36mINFO[0m 07/24 12:29:11 | 0.581633    0.589041    0.000000    0.705662    2.726545    0.581633    0.589041    0.855769    0.555556    1900        276.363636  0.040838    1.105156    52.350843   6.621839   
[36mINFO[0m 07/24 12:31:55 | 0.564626    0.616438    0.000000    0.657942    2.645779    0.564626    0.616438    0.778846    0.537037    2000        290.909091  0.044437    1.043333    59.244280   6.621839   
[36mINFO[0m 07/24 12:34:48 | 0.578231    0.589041    0.000000    0.690883    2.662124    0.578231    0.589041    0.807692    0.574074    2100        305.454545  0.041309    1.149010    58.295563   6.621839   
[36mINFO[0m 07/24 12:37:45 | 0.540816    0.520548    0.000000    0.677528    2.682180    0.540816    0.520548    0.836538    0.518519    2200        320.000000  0.033186    1.152182    61.445815   6.621839   
[36mINFO[0m 07/24 12:40:36 | 0.513605    0.547945    0.000000    0.682336    2.584945    0.513605    0.547945    0.846154    0.518519    2300        334.545455  0.041944    1.146646    57.021517   6.622083   
[36mINFO[0m 07/24 12:43:31 | 0.547619    0.589041    0.000000    0.653490    3.040883    0.547619    0.589041    0.788462    0.518519    2400        349.090909  0.030123    1.141557    60.252289   6.622938   
[36mINFO[0m 07/24 12:46:13 | 0.530612    0.520548    0.000000    0.705662    2.221331    0.530612    0.520548    0.855769    0.555556    2500        363.636364  0.040764    1.141196    47.989810   6.622938   
[36mINFO[0m 07/24 12:49:11 | 0.520408    0.589041    0.000000    0.668269    2.962739    0.520408    0.589041    0.836538    0.500000    2600        378.181818  0.034718    1.176086    60.488898   6.622938   
[36mINFO[0m 07/24 12:51:58 | 0.506803    0.589041    0.000000    0.644943    3.166283    0.506803    0.589041    0.826923    0.462963    2700        392.727273  0.029366    1.038582    63.005971   6.622938   
[36mINFO[0m 07/24 12:54:52 | 0.534014    0.547945    0.000000    0.654202    2.285078    0.534014    0.547945    0.826923    0.481481    2800        407.272727  0.041376    1.162725    58.065139   6.622938   
[36mINFO[0m 07/24 12:57:48 | 0.544218    0.630137    0.000000    0.625712    2.808493    0.544218    0.630137    0.788462    0.462963    2900        421.818182  0.026535    1.151090    60.811602   6.622938   
[36mINFO[0m 07/24 13:00:40 | 0.544218    0.547945    0.000000    0.677172    2.369824    0.544218    0.547945    0.817308    0.537037    3000        436.363636  0.028132    1.136137    58.119748   6.622938   
[36mINFO[0m 07/24 13:03:28 | 0.540816    0.589041    0.000000    0.639779    2.530054    0.540816    0.589041    0.798077    0.481481    3100        450.909091  0.028278    1.102996    57.530199   6.622938   
[36mINFO[0m 07/24 13:06:18 | 0.540816    0.561644    0.000000    0.672721    3.246486    0.540816    0.561644    0.826923    0.518519    3200        465.454545  0.026751    1.122345    58.482763   6.622938   
[36mINFO[0m 07/24 13:09:08 | 0.568027    0.602740    0.000000    0.657942    3.360701    0.568027    0.602740    0.778846    0.537037    3300        480.000000  0.042100    1.110922    58.496881   6.622938   
[36mINFO[0m 07/24 13:11:59 | 0.561224    0.630137    0.000000    0.662749    2.901860    0.561224    0.630137    0.788462    0.537037    3400        494.545455  0.031637    1.117663    59.591630   6.622938   
[36mINFO[0m 07/24 13:14:54 | 0.547619    0.630137    0.000000    0.653134    3.269704    0.547619    0.630137    0.769231    0.537037    3500        509.090909  0.032538    1.170322    57.114912   6.622938   
[36mINFO[0m 07/24 13:17:44 | 0.561224    0.534247    0.000000    0.630520    2.958627    0.561224    0.534247    0.798077    0.462963    3600        523.636364  0.034566    1.179015    52.029867   6.622938   
[36mINFO[0m 07/24 13:20:33 | 0.574830    0.575342    0.000000    0.653490    3.149800    0.574830    0.575342    0.788462    0.518519    3700        538.181818  0.027269    1.084110    60.935691   6.622938   
[36mINFO[0m 07/24 13:23:19 | 0.574830    0.534247    0.000000    0.649395    3.047325    0.574830    0.534247    0.817308    0.481481    3800        552.727273  0.026087    1.137186    52.218779   6.622938   
[36mINFO[0m 07/24 13:26:09 | 0.561224    0.561644    0.000000    0.691595    2.982232    0.561224    0.561644    0.846154    0.537037    3900        567.272727  0.032364    1.121222    58.233588   6.622938   
[36mINFO[0m 07/24 13:28:59 | 0.581633    0.630137    0.000000    0.681980    2.802965    0.581633    0.630137    0.826923    0.537037    4000        581.818182  0.031795    1.111669    58.777645   6.622938   
[36mINFO[0m 07/24 13:31:54 | 0.585034    0.575342    0.000000    0.681980    3.072038    0.585034    0.575342    0.826923    0.537037    4100        596.363636  0.019186    1.159289    58.430133   6.623060   
[36mINFO[0m 07/24 13:34:41 | 0.551020    0.547945    0.000000    0.654558    3.362475    0.551020    0.547945    0.846154    0.462963    4200        610.909091  0.024205    1.123630    54.820526   6.623060   
[36mINFO[0m 07/24 13:37:30 | 0.571429    0.506849    0.000000    0.687144    2.577399    0.571429    0.506849    0.855769    0.518519    4300        625.454545  0.022776    1.101593    59.030238   6.623060   
[36mINFO[0m 07/24 13:40:13 | 0.564626    0.534247    0.000000    0.662749    3.473703    0.564626    0.534247    0.788462    0.537037    4400        640.000000  0.022246    1.038430    59.222543   6.623060   
[36mINFO[0m 07/24 13:43:00 | 0.571429    0.520548    0.000000    0.663462    3.426104    0.571429    0.520548    0.826923    0.500000    4500        654.545455  0.031093    1.103327    56.486248   6.623060   
[36mINFO[0m 07/24 13:45:54 | 0.568027    0.575342    0.000000    0.667201    3.236375    0.568027    0.575342    0.778846    0.555556    4600        669.090909  0.033368    1.139839    59.923369   6.623060   
[36mINFO[0m 07/24 13:48:46 | 0.554422    0.575342    0.000000    0.653846    3.922188    0.554422    0.575342    0.807692    0.500000    4700        683.636364  0.023655    1.152762    57.027865   6.623060   
[36mINFO[0m 07/24 13:51:39 | 0.547619    0.589041    0.000000    0.648682    3.538702    0.547619    0.589041    0.778846    0.518519    4800        698.181818  0.031782    1.146029    58.289096   6.623060   
[36mINFO[0m 07/24 13:54:33 | 0.540816    0.589041    0.000000    0.629808    3.528241    0.540816    0.589041    0.759615    0.500000    4900        712.727273  0.024840    1.102464    64.257456   6.623060   
[36mINFO[0m 07/24 13:57:17 | 0.568027    0.589041    0.000000    0.671652    2.539770    0.568027    0.589041    0.769231    0.574074    5000        727.272727  0.029017    1.074001    56.551120   6.623060   
[36mINFO[0m 07/24 13:57:17 | ---
[36mINFO[0m 07/24 13:57:17 | oracle = 54.422%
[36mINFO[0m 07/24 13:57:17 | iid = 53.741%
[36mINFO[0m 07/24 13:57:17 | last = 56.803%
[36mINFO[0m 07/24 13:57:17 | last (inD) = 67.165%
[36mINFO[0m 07/24 13:57:17 | iid (inD) = 72.009%
[36mINFO[0m 07/24 13:57:18 | 
[36mINFO[0m 07/24 13:57:18 | Testenv name escaping te_01 -> te_01
[36mINFO[0m 07/24 13:57:18 | Test envs = [1], name = te_01
[36mINFO[0m 07/24 13:57:18 | Batch sizes for each domain: [32, 0, 32] (total=64)
[36mINFO[0m 07/24 13:57:18 | steps-per-epoch for each domain: 9.19, 6.88 -> min = 6.88
[36mINFO[0m 07/24 13:57:19 | # of params = 23512130
[36mINFO[0m 07/24 13:58:38 | test_in     test_out    train_in    train_out   tr_outloss  env0_out    env1_in     env1_out    env2_out    step        epoch       loss        step_time   eval_time   mem_gb     
[36mINFO[0m 07/24 13:58:38 | 0.486874    0.548077    0.000000    0.556190    0.699470    0.575342    0.486874    0.548077    0.537037    0           0.000000    0.672921    2.646381    76.391208   6.611463   
[36mINFO[0m 07/24 14:01:32 | 0.486874    0.480769    0.000000    0.489346    1.248103    0.534247    0.486874    0.480769    0.444444    100         14.545455   0.478417    0.986697    75.822432   6.617689   
[36mINFO[0m 07/24 14:04:32 | 0.460621    0.461538    0.000000    0.521182    1.809571    0.616438    0.460621    0.461538    0.425926    200         29.090909   0.180528    0.958334    84.227116   6.618787   
[36mINFO[0m 07/24 14:07:32 | 0.513126    0.519231    0.000000    0.542111    2.098241    0.602740    0.513126    0.519231    0.481481    300         43.636364   0.105981    1.005043    78.549597   6.618787   
[36mINFO[0m 07/24 14:10:36 | 0.544153    0.528846    0.000000    0.514713    2.384099    0.547945    0.544153    0.528846    0.481481    400         58.181818   0.074712    1.004333    83.701769   6.618787   
[36mINFO[0m 07/24 14:13:26 | 0.494033    0.557692    0.000000    0.537291    2.987202    0.630137    0.494033    0.557692    0.444444    500         72.727273   0.077358    0.907895    79.648786   6.618787   
[36mINFO[0m 07/24 14:16:20 | 0.486874    0.509615    0.000000    0.495814    3.125089    0.602740    0.486874    0.509615    0.388889    600         87.272727   0.062407    0.950546    78.479508   6.618787   
[36mINFO[0m 07/24 14:19:11 | 0.477327    0.480769    0.000000    0.555809    2.993842    0.630137    0.477327    0.480769    0.481481    700         101.818182  0.051779    0.912941    80.415887   6.618787   
[36mINFO[0m 07/24 14:22:04 | 0.479714    0.451923    0.000000    0.569508    3.493383    0.657534    0.479714    0.451923    0.481481    800         116.363636  0.061688    0.954877    76.732476   6.618787   
[36mINFO[0m 07/24 14:24:56 | 0.529833    0.490385    0.000000    0.523592    3.504375    0.602740    0.529833    0.490385    0.444444    900         130.909091  0.049657    0.920147    79.933667   6.618787   
[36mINFO[0m 07/24 14:27:52 | 0.515513    0.519231    0.000000    0.548960    2.569563    0.616438    0.515513    0.519231    0.481481    1000        145.454545  0.052623    0.959170    80.747617   6.619031   
[36mINFO[0m 07/24 14:30:42 | 0.536993    0.567308    0.000000    0.560629    2.452703    0.602740    0.536993    0.567308    0.518519    1100        160.000000  0.056804    0.913065    78.105617   6.619031   
[36mINFO[0m 07/24 14:33:43 | 0.556086    0.586538    0.000000    0.569508    2.317986    0.657534    0.556086    0.586538    0.481481    1200        174.545455  0.053378    0.973969    83.636588   6.619031   
[36mINFO[0m 07/24 14:36:36 | 0.513126    0.634615    0.000000    0.597286    3.037275    0.657534    0.513126    0.634615    0.537037    1300        189.090909  0.042637    0.963144    77.339931   6.619031   
[36mINFO[0m 07/24 14:39:30 | 0.553699    0.500000    0.000000    0.564688    3.843550    0.684932    0.553699    0.500000    0.444444    1400        203.636364  0.034214    0.911579    82.387389   6.620130   
[36mINFO[0m 07/24 14:42:26 | 0.467780    0.500000    0.000000    0.583206    2.362319    0.684932    0.467780    0.500000    0.481481    1500        218.181818  0.239060    0.972401    78.944684   6.620130   
[36mINFO[0m 07/24 14:45:14 | 0.451074    0.538462    0.000000    0.583206    2.673900    0.684932    0.451074    0.538462    0.481481    1600        232.727273  0.059398    0.885690    79.592258   6.620130   
[36mINFO[0m 07/24 14:48:10 | 0.560859    0.557692    0.000000    0.571537    2.804201    0.698630    0.560859    0.557692    0.444444    1700        247.272727  0.038161    0.945489    81.473273   6.620130   
[36mINFO[0m 07/24 14:50:57 | 0.541766    0.490385    0.000000    0.548960    3.312937    0.616438    0.541766    0.490385    0.481481    1800        261.818182  0.039751    0.905558    76.119578   6.620985   
[36mINFO[0m 07/24 14:53:53 | 0.515513    0.509615    0.000000    0.495814    3.118135    0.602740    0.515513    0.509615    0.388889    1900        276.363636  0.050542    0.934935    82.619446   6.620985   
[36mINFO[0m 07/24 14:56:41 | 0.510740    0.615385    0.000000    0.603754    3.207704    0.726027    0.510740    0.615385    0.481481    2000        290.909091  0.037587    0.894565    78.155620   6.620985   
[36mINFO[0m 07/24 14:59:32 | 0.546539    0.596154    0.000000    0.601725    2.866378    0.684932    0.546539    0.596154    0.518519    2100        305.454545  0.040442    0.889717    82.609861   6.620985   
[36mINFO[0m 07/24 15:02:25 | 0.486874    0.471154    0.000000    0.569508    2.751645    0.657534    0.486874    0.471154    0.481481    2200        320.000000  0.034706    0.965516    76.238822   6.620985   
[36mINFO[0m 07/24 15:05:16 | 0.510740    0.567308    0.000000    0.583206    2.126183    0.684932    0.510740    0.567308    0.481481    2300        334.545455  0.038136    0.876651    83.355965   6.620985   
[36mINFO[0m 07/24 15:07:57 | 0.522673    0.500000    0.000000    0.542111    2.719193    0.602740    0.522673    0.500000    0.481481    2400        349.090909  0.032586    0.948435    66.371492   6.620985   
[36mINFO[0m 07/24 15:10:44 | 0.486874    0.471154    0.000000    0.507484    3.333302    0.589041    0.486874    0.471154    0.425926    2500        363.636364  0.036201    0.872495    79.443253   6.620985   
[36mINFO[0m 07/24 15:13:37 | 0.505967    0.500000    0.000000    0.603754    2.363853    0.726027    0.505967    0.500000    0.481481    2600        378.181818  0.035462    0.964401    76.797492   6.620985   
[36mINFO[0m 07/24 15:16:27 | 0.505967    0.500000    0.000000    0.546550    3.026649    0.630137    0.505967    0.500000    0.462963    2700        392.727273  0.037227    0.897782    79.952150   6.620985   
[36mINFO[0m 07/24 15:19:21 | 0.513126    0.548077    0.000000    0.573947    3.209950    0.684932    0.513126    0.548077    0.462963    2800        407.272727  0.046212    0.947536    79.288594   6.620985   
[36mINFO[0m 07/24 15:22:11 | 0.503580    0.596154    0.000000    0.574328    3.884071    0.630137    0.503580    0.596154    0.518519    2900        421.818182  0.032474    0.897355    79.920304   6.620985   
[36mINFO[0m 07/24 15:25:04 | 0.477327    0.519231    0.000000    0.565068    3.142064    0.630137    0.477327    0.519231    0.500000    3000        436.363636  0.041148    0.915831    81.391676   6.620985   
[36mINFO[0m 07/24 15:27:50 | 0.527446    0.519231    0.000000    0.594876    3.486686    0.671233    0.527446    0.519231    0.518519    3100        450.909091  0.026761    0.877080    78.624896   6.620985   
[36mINFO[0m 07/24 15:30:45 | 0.515513    0.519231    0.000000    0.562659    3.023331    0.643836    0.515513    0.519231    0.481481    3200        465.454545  0.031123    0.914543    83.642810   6.620985   
[36mINFO[0m 07/24 15:33:34 | 0.486874    0.538462    0.000000    0.585616    3.673193    0.671233    0.486874    0.538462    0.500000    3300        480.000000  0.025176    0.919207    76.960326   6.620985   
[36mINFO[0m 07/24 15:36:29 | 0.482100    0.567308    0.000000    0.553399    3.315740    0.643836    0.482100    0.567308    0.462963    3400        494.545455  0.027837    0.918513    82.924190   6.620985   
[36mINFO[0m 07/24 15:39:22 | 0.489260    0.576923    0.000000    0.576357    4.209409    0.671233    0.489260    0.576923    0.481481    3500        509.090909  0.028460    0.973332    76.144852   6.620985   
[36mINFO[0m 07/24 15:42:11 | 0.501193    0.634615    0.000000    0.583206    2.703906    0.684932    0.501193    0.634615    0.481481    3600        523.636364  0.031671    0.896758    79.259956   6.620985   
[36mINFO[0m 07/24 15:45:05 | 0.508353    0.644231    0.000000    0.592466    3.363779    0.684932    0.508353    0.644231    0.500000    3700        538.181818  0.041972    0.964128    77.052408   6.620985   
[36mINFO[0m 07/24 15:47:51 | 0.482100    0.576923    0.000000    0.558219    2.960508    0.616438    0.482100    0.576923    0.500000    3800        552.727273  0.031373    0.881257    78.073899   6.620985   
[36mINFO[0m 07/24 15:50:52 | 0.548926    0.634615    0.000000    0.548960    3.642869    0.616438    0.548926    0.634615    0.481481    3900        567.272727  0.032411    0.962765    84.395487   6.620985   
[36mINFO[0m 07/24 15:53:47 | 0.498807    0.538462    0.000000    0.544140    4.433720    0.643836    0.498807    0.538462    0.444444    4000        581.818182  0.023521    0.981413    77.422604   6.620985   
[36mINFO[0m 07/24 15:56:48 | 0.544153    0.634615    0.000000    0.573947    2.610948    0.684932    0.544153    0.634615    0.462963    4100        596.363636  0.033086    0.961035    84.673100   6.620985   
[36mINFO[0m 07/24 15:59:40 | 0.553699    0.653846    0.000000    0.544140    3.208956    0.643836    0.553699    0.653846    0.444444    4200        610.909091  0.035179    0.932085    78.811027   6.620985   
[36mINFO[0m 07/24 16:02:39 | 0.522673    0.663462    0.000000    0.601725    2.856725    0.684932    0.522673    0.663462    0.518519    4300        625.454545  0.027744    0.973009    81.907249   6.620985   
[36mINFO[0m 07/24 16:05:35 | 0.494033    0.586538    0.000000    0.581177    2.975375    0.643836    0.494033    0.586538    0.518519    4400        640.000000  0.031231    0.946317    81.223411   6.620985   
[36mINFO[0m 07/24 16:08:31 | 0.544153    0.548077    0.000000    0.571918    3.054036    0.643836    0.544153    0.548077    0.500000    4500        654.545455  0.022274    0.990280    76.908443   6.620985   
[36mINFO[0m 07/24 16:11:24 | 0.477327    0.528846    0.000000    0.537291    3.247737    0.630137    0.477327    0.528846    0.444444    4600        669.090909  0.024619    0.935060    79.456674   6.620985   
[36mINFO[0m 07/24 16:14:30 | 0.510740    0.509615    0.000000    0.599696    3.140353    0.643836    0.510740    0.509615    0.555556    4700        683.636364  0.025999    1.022474    84.076312   6.620985   
[36mINFO[0m 07/24 16:17:19 | 0.479714    0.557692    0.000000    0.578387    3.548443    0.712329    0.479714    0.557692    0.444444    4800        698.181818  0.029851    0.879773    80.275586   6.620985   
[36mINFO[0m 07/24 16:20:19 | 0.496420    0.538462    0.000000    0.633942    3.952131    0.712329    0.496420    0.538462    0.555556    4900        712.727273  0.024800    1.008226    79.449483   6.620985   
[36mINFO[0m 07/24 16:23:12 | 0.470167    0.500000    0.000000    0.599696    2.692203    0.643836    0.470167    0.500000    0.555556    5000        727.272727  0.023987    0.923255    80.459976   6.620985   
[36mINFO[0m 07/24 16:23:12 | ---
[36mINFO[0m 07/24 16:23:12 | oracle = 52.267%
[36mINFO[0m 07/24 16:23:12 | iid = 49.642%
[36mINFO[0m 07/24 16:23:12 | last = 47.017%
[36mINFO[0m 07/24 16:23:12 | last (inD) = 59.970%
[36mINFO[0m 07/24 16:23:12 | iid (inD) = 63.394%
[36mINFO[0m 07/24 16:23:12 | 
[36mINFO[0m 07/24 16:23:12 | Testenv name escaping te_02 -> te_02
[36mINFO[0m 07/24 16:23:12 | Test envs = [2], name = te_02
[36mINFO[0m 07/24 16:23:12 | Batch sizes for each domain: [32, 32, 0] (total=64)
[36mINFO[0m 07/24 16:23:12 | steps-per-epoch for each domain: 9.19, 13.09 -> min = 9.19
[36mINFO[0m 07/24 16:23:14 | # of params = 23512130
[36mINFO[0m 07/24 16:24:19 | test_in     test_out    train_in    train_out   tr_outloss  env0_out    env1_out    env2_in     env2_out    step        epoch       loss        step_time   eval_time   mem_gb     
[36mINFO[0m 07/24 16:24:19 | 0.504545    0.462963    0.000000    0.504149    0.700739    0.479452    0.528846    0.504545    0.462963    0           0.000000    0.719066    4.561891    60.409588   6.611463   
[36mINFO[0m 07/24 16:27:00 | 0.600000    0.500000    0.000000    0.718322    0.646617    0.561644    0.875000    0.600000    0.500000    100         10.884354   0.440262    0.982202    62.831584   6.617689   
[36mINFO[0m 07/24 16:29:43 | 0.563636    0.407407    0.000000    0.745719    0.818135    0.616438    0.875000    0.563636    0.407407    200         21.768707   0.297592    1.065608    56.209984   6.618787   
[36mINFO[0m 07/24 16:32:20 | 0.559091    0.518519    0.000000    0.730572    1.321260    0.643836    0.817308    0.559091    0.518519    300         32.653061   0.192502    1.062142    50.806072   6.618787   
[36mINFO[0m 07/24 16:34:49 | 0.513636    0.444444    0.000000    0.708707    1.245166    0.561644    0.855769    0.513636    0.444444    400         43.537415   0.155094    1.013552    48.535622   6.618787   
[36mINFO[0m 07/24 16:37:30 | 0.568182    0.481481    0.000000    0.732021    1.188446    0.589041    0.875000    0.568182    0.481481    500         54.421769   0.146232    0.993940    61.438300   6.618787   
[36mINFO[0m 07/24 16:40:19 | 0.527273    0.425926    0.000000    0.644889    1.464669    0.520548    0.769231    0.527273    0.425926    600         65.306122   0.150266    1.099161    58.303680   6.618787   
[36mINFO[0m 07/24 16:43:00 | 0.590909    0.407407    0.000000    0.731296    1.386342    0.616438    0.846154    0.590909    0.407407    700         76.190476   0.094624    1.042491    57.113884   6.618787   
[36mINFO[0m 07/24 16:45:32 | 0.590909    0.388889    0.000000    0.710024    1.216231    0.602740    0.817308    0.590909    0.388889    800         87.074830   0.103395    1.002995    51.430249   6.618787   
[36mINFO[0m 07/24 16:48:14 | 0.595455    0.462963    0.000000    0.689476    1.467184    0.561644    0.817308    0.595455    0.462963    900         97.959184   0.087531    1.066831    55.623067   6.618787   
[36mINFO[0m 07/24 16:51:02 | 0.559091    0.518519    0.000000    0.685261    2.122458    0.630137    0.740385    0.559091    0.518519    1000        108.843537  0.098404    1.066242    61.741040   6.619031   
[36mINFO[0m 07/24 16:53:48 | 0.622727    0.462963    0.000000    0.702450    1.402083    0.616438    0.788462    0.622727    0.462963    1100        119.727891  0.096294    1.017964    64.224188   6.619031   
[36mINFO[0m 07/24 16:56:29 | 0.595455    0.500000    0.000000    0.685261    1.554646    0.630137    0.740385    0.595455    0.500000    1200        130.612245  0.083541    1.051966    55.744852   6.619031   
[36mINFO[0m 07/24 16:59:10 | 0.609091    0.592593    0.000000    0.698235    2.393098    0.684932    0.711538    0.609091    0.592593    1300        141.496599  0.076427    1.105078    50.618822   6.619031   
[36mINFO[0m 07/24 17:01:54 | 0.590909    0.425926    0.000000    0.673011    1.391761    0.547945    0.798077    0.590909    0.425926    1400        152.380952  0.090781    1.031923    60.756337   6.620130   
[36mINFO[0m 07/24 17:04:36 | 0.563636    0.444444    0.000000    0.703174    2.089135    0.589041    0.817308    0.563636    0.444444    1500        163.265306  0.072335    1.036958    57.816457   6.620130   
[36mINFO[0m 07/24 17:07:31 | 0.595455    0.444444    0.000000    0.672287    1.913478    0.575342    0.769231    0.595455    0.444444    1600        174.149660  0.069884    1.126493    62.069183   6.620130   
[36mINFO[0m 07/24 17:10:05 | 0.577273    0.481481    0.000000    0.721681    1.578312    0.616438    0.826923    0.577273    0.481481    1700        185.034014  0.070001    0.990842    55.193689   6.620130   
[36mINFO[0m 07/24 17:12:44 | 0.577273    0.462963    0.000000    0.718915    1.611396    0.630137    0.807692    0.577273    0.462963    1800        195.918367  0.073266    0.991932    60.114110   6.620985   
[36mINFO[0m 07/24 17:15:33 | 0.586364    0.500000    0.000000    0.747036    1.394731    0.657534    0.836538    0.586364    0.500000    1900        206.802721  0.064549    1.088401    59.624332   6.620985   
[36mINFO[0m 07/24 17:18:20 | 0.568182    0.518519    0.000000    0.723722    1.662982    0.630137    0.817308    0.568182    0.518519    2000        217.687075  0.070559    1.017312    65.929487   6.620985   
[36mINFO[0m 07/24 17:20:57 | 0.595455    0.425926    0.000000    0.709299    1.789067    0.630137    0.788462    0.595455    0.425926    2100        228.571429  0.067286    1.006457    56.076706   6.620985   
[36mINFO[0m 07/24 17:23:45 | 0.568182    0.351852    0.000000    0.716873    2.041456    0.616438    0.817308    0.568182    0.351852    2200        239.455782  0.053046    1.087987    58.952947   6.620985   
[36mINFO[0m 07/24 17:26:26 | 0.586364    0.462963    0.000000    0.717466    2.333507    0.684932    0.750000    0.586364    0.462963    2300        250.340136  0.055467    1.041481    56.757720   6.620985   
[36mINFO[0m 07/24 17:29:04 | 0.600000    0.500000    0.000000    0.756652    2.075496    0.657534    0.855769    0.600000    0.500000    2400        261.224490  0.045116    0.977985    60.202539   6.620985   
[36mINFO[0m 07/24 17:31:45 | 0.604545    0.500000    0.000000    0.686710    2.119190    0.575342    0.798077    0.604545    0.500000    2500        272.108844  0.064031    0.993623    61.418704   6.620985   
[36mINFO[0m 07/24 17:34:30 | 0.563636    0.481481    0.000000    0.697050    2.098302    0.547945    0.846154    0.563636    0.481481    2600        282.993197  0.049014    1.086781    57.002873   6.620985   
[36mINFO[0m 07/24 17:37:16 | 0.581818    0.500000    0.000000    0.665437    1.697989    0.561644    0.769231    0.581818    0.500000    2700        293.877551  0.055233    1.117299    53.547193   6.620985   
[36mINFO[0m 07/24 17:40:04 | 0.590909    0.444444    0.000000    0.700408    2.330224    0.602740    0.798077    0.590909    0.444444    2800        304.761905  0.053352    1.029465    65.758173   6.620985   
[36mINFO[0m 07/24 17:42:50 | 0.595455    0.537037    0.000000    0.714831    1.547683    0.602740    0.826923    0.595455    0.537037    2900        315.646259  0.047415    1.078001    58.130575   6.620985   
[36mINFO[0m 07/24 17:45:44 | 0.527273    0.444444    0.000000    0.712065    1.423595    0.616438    0.807692    0.527273    0.444444    3000        326.530612  0.049473    1.105430    63.624626   6.620985   
[36mINFO[0m 07/24 17:48:30 | 0.572727    0.388889    0.000000    0.715556    1.703307    0.575342    0.855769    0.572727    0.388889    3100        337.414966  0.049388    1.056246    60.340500   6.620985   
[36mINFO[0m 07/24 17:51:19 | 0.590909    0.481481    0.000000    0.648973    1.890759    0.547945    0.750000    0.590909    0.481481    3200        348.299320  0.048983    1.124219    56.140929   6.620985   
[36mINFO[0m 07/24 17:54:11 | 0.613636    0.537037    0.000000    0.692242    1.516264    0.547945    0.836538    0.613636    0.537037    3300        359.183673  0.046552    1.073770    64.590216   6.620985   
[36mINFO[0m 07/24 17:56:51 | 0.613636    0.444444    0.000000    0.681178    1.743412    0.602740    0.759615    0.613636    0.444444    3400        370.068027  0.048627    1.082864    51.949648   6.620985   
[36mINFO[0m 07/24 17:59:37 | 0.577273    0.444444    0.000000    0.686710    1.772515    0.575342    0.798077    0.577273    0.444444    3500        380.952381  0.041056    1.088773    56.763419   6.620985   
[36mINFO[0m 07/24 18:02:29 | 0.627273    0.444444    0.000000    0.695008    1.848150    0.534247    0.855769    0.627273    0.444444    3600        391.836735  0.035231    1.062639    65.731643   6.620985   
[36mINFO[0m 07/24 18:05:19 | 0.554545    0.407407    0.000000    0.686710    2.178042    0.575342    0.798077    0.554545    0.407407    3700        402.721088  0.037605    1.114714    58.639841   6.620985   
[36mINFO[0m 07/24 18:08:06 | 0.568182    0.500000    0.000000    0.692110    2.249616    0.643836    0.740385    0.568182    0.500000    3800        413.605442  0.041131    1.132433    54.313483   6.620985   
[36mINFO[0m 07/24 18:10:59 | 0.581818    0.462963    0.000000    0.703899    1.311042    0.561644    0.846154    0.581818    0.462963    3900        424.489796  0.057313    1.078113    64.736849   6.620985   
[36mINFO[0m 07/24 18:13:49 | 0.559091    0.407407    0.000000    0.721681    1.944307    0.616438    0.826923    0.559091    0.407407    4000        435.374150  0.035039    1.078386    62.026503   6.620985   
[36mINFO[0m 07/24 18:16:34 | 0.568182    0.481481    0.000000    0.688751    1.956914    0.589041    0.788462    0.568182    0.481481    4100        446.258503  0.039580    1.062708    58.782215   6.620985   
[36mINFO[0m 07/24 18:19:22 | 0.586364    0.444444    0.000000    0.720956    2.228646    0.643836    0.798077    0.586364    0.444444    4200        457.142857  0.040878    1.105006    57.698990   6.620985   
[36mINFO[0m 07/24 18:22:08 | 0.527273    0.518519    0.000000    0.720956    2.178083    0.643836    0.798077    0.527273    0.518519    4300        468.027211  0.037621    1.095824    55.981715   6.620985   
[36mINFO[0m 07/24 18:24:52 | 0.586364    0.462963    0.000000    0.730572    1.592091    0.643836    0.817308    0.586364    0.462963    4400        478.911565  0.034664    1.069393    57.596717   6.620985   
[36mINFO[0m 07/24 18:27:40 | 0.518182    0.481481    0.000000    0.719639    1.555787    0.602740    0.836538    0.518182    0.481481    4500        489.795918  0.038810    1.119214    55.728590   6.620985   
[36mINFO[0m 07/24 18:30:27 | 0.559091    0.481481    0.000000    0.679860    2.178843    0.561644    0.798077    0.559091    0.481481    4600        500.680272  0.038402    1.069236    60.092784   6.620985   
[36mINFO[0m 07/24 18:33:13 | 0.577273    0.481481    0.000000    0.705216    2.094972    0.602740    0.807692    0.577273    0.481481    4700        511.564626  0.032913    1.062817    59.714600   6.620985   
[36mINFO[0m 07/24 18:36:07 | 0.550000    0.444444    0.000000    0.703899    1.898931    0.561644    0.846154    0.550000    0.444444    4800        522.448980  0.034563    1.107518    62.861872   6.620985   
[36mINFO[0m 07/24 18:38:54 | 0.559091    0.481481    0.000000    0.676370    2.183344    0.602740    0.750000    0.559091    0.481481    4900        533.333333  0.036077    1.073110    59.830807   6.620985   
[36mINFO[0m 07/24 18:41:46 | 0.568182    0.518519    0.000000    0.679136    2.311790    0.589041    0.769231    0.568182    0.518519    5000        544.217687  0.030901    1.109507    61.123249   6.620985   
[36mINFO[0m 07/24 18:41:46 | ---
[36mINFO[0m 07/24 18:41:46 | oracle = 60.909%
[36mINFO[0m 07/24 18:41:46 | iid = 60.000%
[36mINFO[0m 07/24 18:41:46 | last = 56.818%
[36mINFO[0m 07/24 18:41:46 | last (inD) = 67.914%
[36mINFO[0m 07/24 18:41:46 | iid (inD) = 75.665%
[36mINFO[0m 07/24 18:41:46 | === Summary ===
[36mINFO[0m 07/24 18:41:46 | Command: /home/kxrgzn/lzh/GGA/train_all.py HTP_Fish_seed2 --dataset HTP --data_dir /home/kxrgzn/lzh/GGA/dataset --algorithm Fish --steps 5000 --checkpoint_freq 100 --batch_size 32 --optimizer adam --lr 5e-5 --weight_decay 0 --resnet_dropout 0 --resnet18 False --pretrained True --freeze_bn True --swad False --seed 2 --trial_seed 2 --deterministic --meta_lr 0.5
[36mINFO[0m 07/24 18:41:46 | Unique name: 260724_11-35-32_HTP_Fish_seed2
[36mINFO[0m 07/24 18:41:46 | Out path: train_output/HTP/260724_11-35-32_HTP_Fish_seed2
[36mINFO[0m 07/24 18:41:46 | Algorithm: Fish
[36mINFO[0m 07/24 18:41:46 | Dataset: HTP
+------------+---------+---------+---------+---------+
| Selection  |    00   |    01   |    02   |   Avg.  |
+------------+---------+---------+---------+---------+
|   oracle   | 54.422% | 52.267% | 60.909% | 55.866% |
|    iid     | 53.741% | 49.642% | 60.000% | 54.461% |
|    last    | 56.803% | 47.017% | 56.818% | 53.546% |
| last (inD) | 67.165% | 59.970% | 67.914% | 65.016% |
| iid (inD)  | 72.009% | 63.394% | 75.665% | 70.356% |
+------------+---------+---------+---------+---------+
================================================================================
Starting Fish, seed=3, physical GPU=1
/home/kxrgzn/anaconda3/envs/QTKAN/bin/python /home/kxrgzn/lzh/GGA/train_all.py HTP_Fish_seed3 --dataset HTP --data_dir /home/kxrgzn/lzh/GGA/dataset --algorithm Fish --steps 5000 --checkpoint_freq 100 --batch_size 32 --optimizer adam --lr 5e-5 --weight_decay 0 --resnet_dropout 0 --resnet18 False --pretrained True --freeze_bn True --swad False --seed 3 --trial_seed 3 --deterministic --meta_lr 0.5
================================================================================
[36mINFO[0m 07/24 18:41:51 | Command :: /home/kxrgzn/lzh/GGA/train_all.py HTP_Fish_seed3 --dataset HTP --data_dir /home/kxrgzn/lzh/GGA/dataset --algorithm Fish --steps 5000 --checkpoint_freq 100 --batch_size 32 --optimizer adam --lr 5e-5 --weight_decay 0 --resnet_dropout 0 --resnet18 False --pretrained True --freeze_bn True --swad False --seed 3 --trial_seed 3 --deterministic --meta_lr 0.5
Environment:
	Python: 3.8.20
	PyTorch: 2.4.1+cu121
	Torchvision: 0.19.1+cu121
	CUDA: 12.1
	CUDNN: 90100
	NumPy: 1.24.4
	PIL: 8.1.0
Args:
	algorithm: Fish
	batch_size: 32
	checkpoint_freq: 100
	configs: []
	data_dir: /home/kxrgzn/lzh/GGA/dataset
	dataset: HTP
	debug: False
	deterministic: True
	end_step: 200
	evalmode: fast
	extra_search: n
	extra_search_end: None
	extra_search_start: None
	gga_l_gamma: 0.001
	grad_fn: sum
	holdout_fraction: 0.2
	model_save: None
	name: HTP_Fish_seed3
	neighborhoodSize: 1e-06
	out_dir: train_output/HTP/260724_18-41-51_HTP_Fish_seed3
	out_root: train_output/HTP
	prebuild_loader: False
	seed: 3
	show: False
	start_step: 100
	steps: 5000
	tb_freq: 10
	test_envs: None
	train_output: train_output
	trial_seed: 3
	unique_name: 260724_18-41-51_HTP_Fish_seed3
	work_dir: .
HParams:
	data_augmentation: True
	val_augment: False
	[36mresnet18: False
	[0m[36mresnet_dropout: 0
	[0mclass_balanced: False
	[36moptimizer: adam
	[0m[36mfreeze_bn: True
	[0m[36mpretrained: True
	[0m[36mlr: 5e-05
	[0mbatch_size: 32
	[36mweight_decay: 0
	[0m[36mmeta_lr: 0.5
	[0m[36mswad: False
	[0mswad_kwargs: 
	  n_converge: 3
	  n_tolerance: 6
	  tolerance_ratio: 0.3
	test_batchsize: 128
	indomain_test: False
	grad_fn: sum
	extra_search: n
	logdir: train_output/HTP/260724_18-41-51_HTP_Fish_seed3
	neighborhoodSize: 1e-06
	start_step: 100
	end_step: 200
	extra_search_start: None
	extra_search_end: None
	gga_l_gamma: 0.001
Dataset:
	[HTP] #envs=3, #classes=2
	env0: 00 (#367)
	env1: 01 (#523)
	env2: 02 (#274)

[36mINFO[0m 07/24 18:41:51 | n_steps = 5000
[36mINFO[0m 07/24 18:41:51 | checkpoint_freq = 100
[36mINFO[0m 07/24 18:41:51 | n_steps is updated to 5000 => 5001 for checkpointing
[36mINFO[0m 07/24 18:41:51 | Target test envs = [[0], [1], [2]]
[36mINFO[0m 07/24 18:41:51 | 
[36mINFO[0m 07/24 18:41:51 | Testenv name escaping te_00 -> te_00
[36mINFO[0m 07/24 18:41:51 | Test envs = [0], name = te_00
[36mINFO[0m 07/24 18:41:51 | Batch sizes for each domain: [0, 32, 32] (total=64)
[36mINFO[0m 07/24 18:41:51 | steps-per-epoch for each domain: 13.09, 6.88 -> min = 6.88
[36mINFO[0m 07/24 18:41:53 | # of params = 23512130
/home/kxrgzn/anaconda3/envs/QTKAN/lib/python3.8/site-packages/torchvision/models/_utils.py:208: UserWarning: The parameter 'pretrained' is deprecated since 0.13 and may be removed in the future, please use 'weights' instead.
  warnings.warn(
/home/kxrgzn/anaconda3/envs/QTKAN/lib/python3.8/site-packages/torchvision/models/_utils.py:223: UserWarning: Arguments other than a weight enum or `None` for 'weights' are deprecated since 0.13 and may be removed in the future. The current behavior is equivalent to passing `weights=ResNet50_Weights.IMAGENET1K_V1`. You can also use `weights=ResNet50_Weights.DEFAULT` to get the most up-to-date weights.
  warnings.warn(msg)
[36mINFO[0m 07/24 18:42:59 | test_in     test_out    train_in    train_out   tr_outloss  env0_in     env0_out    env1_out    env2_out    step        epoch       loss        step_time   eval_time   mem_gb     
[36mINFO[0m 07/24 18:42:59 | 0.571429    0.589041    0.000000    0.537393    0.738309    0.571429    0.589041    0.519231    0.555556    0           0.000000    0.604202    5.834888    60.791166   6.618299   
[36mINFO[0m 07/24 18:45:50 | 0.540816    0.561644    0.000000    0.685363    0.755167    0.540816    0.561644    0.759615    0.611111    100         14.545455   0.558629    1.126472    57.852612   6.621473   
[36mINFO[0m 07/24 18:48:39 | 0.537415    0.575342    0.000000    0.695335    0.917468    0.537415    0.575342    0.798077    0.592593    200         29.090909   0.296573    1.141833    54.697193   6.621717   
[36mINFO[0m 07/24 18:51:30 | 0.578231    0.575342    0.000000    0.694979    1.252872    0.578231    0.575342    0.778846    0.611111    300         43.636364   0.175284    1.133508    57.874292   6.621717   
[36mINFO[0m 07/24 18:54:16 | 0.537415    0.575342    0.000000    0.708689    1.481734    0.537415    0.575342    0.769231    0.648148    400         58.181818   0.144927    1.170795    49.268442   6.621839   
[36mINFO[0m 07/24 18:57:07 | 0.561224    0.575342    0.000000    0.719017    1.442033    0.561224    0.575342    0.826923    0.611111    500         72.727273   0.117892    1.084826    62.416589   6.621839   
[36mINFO[0m 07/24 19:00:01 | 0.547619    0.643836    0.000000    0.690883    1.478351    0.547619    0.643836    0.807692    0.574074    600         87.272727   0.104710    1.156849    57.976423   6.621839   
[36mINFO[0m 07/24 19:02:59 | 0.534014    0.630137    0.000000    0.681268    1.401932    0.534014    0.630137    0.788462    0.574074    700         101.818182  0.099449    1.162192    61.507420   6.621839   
[36mINFO[0m 07/24 19:05:56 | 0.561224    0.643836    0.000000    0.675392    2.037874    0.561224    0.643836    0.721154    0.629630    800         116.363636  0.077124    1.155532    61.650747   6.621839   
[36mINFO[0m 07/24 19:08:51 | 0.523810    0.561644    0.000000    0.709758    1.454786    0.523810    0.561644    0.826923    0.592593    900         130.909091  0.083105    1.143117    61.370521   6.621839   
[36mINFO[0m 07/24 19:11:38 | 0.561224    0.575342    0.000000    0.671652    1.675916    0.561224    0.575342    0.769231    0.574074    1000        145.454545  0.081488    1.118253    55.009051   6.621839   
[36mINFO[0m 07/24 19:14:25 | 0.564626    0.657534    0.000000    0.719017    1.355989    0.564626    0.657534    0.826923    0.611111    1100        160.000000  0.075816    1.095823    56.787911   6.621839   
[36mINFO[0m 07/24 19:17:08 | 0.568027    0.602740    0.000000    0.690527    1.914333    0.568027    0.602740    0.788462    0.592593    1200        174.545455  0.073907    1.078688    55.065622   6.621839   
[36mINFO[0m 07/24 19:19:54 | 0.574830    0.575342    0.000000    0.714922    2.033784    0.574830    0.575342    0.855769    0.574074    1300        189.090909  0.068431    1.076874    58.850665   6.621839   
[36mINFO[0m 07/24 19:22:32 | 0.574830    0.547945    0.000000    0.667201    1.767336    0.574830    0.547945    0.778846    0.555556    1400        203.636364  0.066278    1.027829    55.095908   6.621839   
[36mINFO[0m 07/24 19:25:17 | 0.544218    0.602740    0.000000    0.723825    1.945967    0.544218    0.602740    0.836538    0.611111    1500        218.181818  0.060527    1.041074    60.518072   6.621839   
[36mINFO[0m 07/24 19:27:45 | 0.554422    0.561644    0.000000    0.676816    2.198219    0.554422    0.561644    0.798077    0.555556    1600        232.727273  0.077205    0.983477    50.305359   6.621839   
[36mINFO[0m 07/24 19:30:26 | 0.554422    0.630137    0.000000    0.723113    1.718322    0.554422    0.630137    0.798077    0.648148    1700        247.272727  0.065761    1.068693    53.496229   6.621839   
[36mINFO[0m 07/24 19:33:15 | 0.523810    0.616438    0.000000    0.694979    2.468376    0.523810    0.616438    0.778846    0.611111    1800        261.818182  0.052236    1.053607    63.922584   6.621839   
[36mINFO[0m 07/24 19:35:50 | 0.523810    0.589041    0.000000    0.643162    2.072414    0.523810    0.589041    0.730769    0.555556    1900        276.363636  0.054757    1.004297    54.940328   6.621839   
[36mINFO[0m 07/24 19:38:33 | 0.540816    0.684932    0.000000    0.676816    2.051158    0.540816    0.684932    0.798077    0.555556    2000        290.909091  0.056346    1.053938    57.625740   6.621839   
[36mINFO[0m 07/24 19:41:14 | 0.564626    0.602740    0.000000    0.685363    2.566063    0.564626    0.602740    0.759615    0.611111    2100        305.454545  0.053199    0.967296    63.757718   6.621839   
[36mINFO[0m 07/24 19:43:53 | 0.544218    0.616438    0.000000    0.648682    2.009859    0.544218    0.616438    0.778846    0.518519    2200        320.000000  0.059764    1.048484    53.820137   6.621839   
[36mINFO[0m 07/24 19:46:43 | 0.544218    0.589041    0.000000    0.709758    2.275767    0.544218    0.589041    0.826923    0.592593    2300        334.545455  0.050017    1.046096    65.539868   6.622083   
[36mINFO[0m 07/24 19:49:22 | 0.544218    0.589041    0.000000    0.704594    2.368573    0.544218    0.589041    0.798077    0.611111    2400        349.090909  0.056478    1.056994    53.470644   6.622938   
[36mINFO[0m 07/24 19:52:05 | 0.513605    0.589041    0.000000    0.681624    1.906137    0.513605    0.589041    0.807692    0.555556    2500        363.636364  0.059001    1.047752    57.994206   6.622938   
[36mINFO[0m 07/24 19:54:37 | 0.547619    0.589041    0.000000    0.689815    2.146497    0.547619    0.589041    0.750000    0.629630    2600        378.181818  0.047025    0.939822    58.742263   6.622938   
[36mINFO[0m 07/24 19:57:16 | 0.585034    0.671233    0.000000    0.672009    1.443919    0.585034    0.671233    0.788462    0.555556    2700        392.727273  0.051136    1.042821    54.118593   6.622938   
[36mINFO[0m 07/24 19:59:56 | 0.540816    0.589041    0.000000    0.699786    2.383860    0.540816    0.589041    0.788462    0.611111    2800        407.272727  0.048382    1.049638    55.616755   6.622938   
[36mINFO[0m 07/24 20:02:33 | 0.547619    0.616438    0.000000    0.652066    3.776883    0.547619    0.616438    0.711538    0.592593    2900        421.818182  0.038918    1.014090    55.230564   6.622938   
[36mINFO[0m 07/24 20:05:18 | 0.547619    0.575342    0.000000    0.723113    2.310695    0.547619    0.575342    0.798077    0.648148    3000        436.363636  0.049801    1.046295    60.029405   6.622938   
[36mINFO[0m 07/24 20:07:56 | 0.564626    0.602740    0.000000    0.718305    2.869267    0.564626    0.602740    0.788462    0.648148    3100        450.909091  0.035245    0.951516    63.508136   6.622938   
[36mINFO[0m 07/24 20:10:35 | 0.547619    0.534247    0.000000    0.681268    2.617704    0.547619    0.534247    0.788462    0.574074    3200        465.454545  0.054413    1.047173    53.972749   6.622938   
[36mINFO[0m 07/24 20:13:22 | 0.547619    0.616438    0.000000    0.672365    2.423268    0.547619    0.616438    0.807692    0.537037    3300        480.000000  0.038402    1.024902    64.735733   6.622938   
[36mINFO[0m 07/24 20:16:02 | 0.574830    0.575342    0.000000    0.693554    3.106974    0.574830    0.575342    0.701923    0.685185    3400        494.545455  0.052633    1.059036    53.520467   6.622938   
[36mINFO[0m 07/24 20:18:40 | 0.551020    0.589041    0.000000    0.708333    2.616913    0.551020    0.589041    0.750000    0.666667    3500        509.090909  0.043564    1.053537    52.752717   6.622938   
[36mINFO[0m 07/24 20:21:14 | 0.537415    0.589041    0.000000    0.681624    2.004892    0.537415    0.589041    0.807692    0.555556    3600        523.636364  0.045453    0.937579    60.511353   6.622938   
[36mINFO[0m 07/24 20:23:54 | 0.523810    0.602740    0.000000    0.699430    2.539564    0.523810    0.602740    0.769231    0.629630    3700        538.181818  0.032881    1.067056    53.518497   6.622938   
[36mINFO[0m 07/24 20:26:42 | 0.530612    0.547945    0.000000    0.713497    2.362039    0.530612    0.547945    0.778846    0.648148    3800        552.727273  0.059047    1.046601    63.039780   6.622938   
[36mINFO[0m 07/24 20:29:22 | 0.540816    0.589041    0.000000    0.690527    2.396001    0.540816    0.589041    0.788462    0.592593    3900        567.272727  0.033211    1.039832    55.483754   6.622938   
[36mINFO[0m 07/24 20:32:08 | 0.513605    0.616438    0.000000    0.619836    2.101782    0.513605    0.616438    0.721154    0.518519    4000        581.818182  0.031649    1.053604    60.803587   6.622938   
[36mINFO[0m 07/24 20:34:47 | 0.534014    0.561644    0.000000    0.661681    2.429961    0.534014    0.561644    0.730769    0.592593    4100        596.363636  0.042318    0.977165    61.834825   6.623060   
[36mINFO[0m 07/24 20:37:28 | 0.561224    0.589041    0.000000    0.656873    2.579904    0.561224    0.589041    0.721154    0.592593    4200        610.909091  0.028548    1.067659    53.825903   6.623060   
[36mINFO[0m 07/24 20:40:15 | 0.561224    0.575342    0.000000    0.685719    3.024753    0.561224    0.575342    0.778846    0.592593    4300        625.454545  0.034700    1.044712    62.265049   6.623060   
[36mINFO[0m 07/24 20:42:56 | 0.496599    0.534247    0.000000    0.610577    2.687031    0.496599    0.534247    0.721154    0.500000    4400        640.000000  0.041708    1.074173    53.445421   6.623060   
[36mINFO[0m 07/24 20:45:44 | 0.520408    0.534247    0.000000    0.680912    2.267245    0.520408    0.534247    0.769231    0.592593    4500        654.545455  0.040884    1.068892    61.349266   6.623060   
[36mINFO[0m 07/24 20:48:20 | 0.544218    0.643836    0.000000    0.643162    2.323654    0.544218    0.643836    0.730769    0.555556    4600        669.090909  0.040090    1.007422    55.526005   6.623060   
[36mINFO[0m 07/24 20:51:11 | 0.520408    0.575342    0.000000    0.662749    2.137486    0.520408    0.575342    0.788462    0.537037    4700        683.636364  0.039102    1.118038    59.293665   6.623060   
[36mINFO[0m 07/24 20:53:59 | 0.554422    0.602740    0.000000    0.660969    4.498333    0.554422    0.602740    0.692308    0.629630    4800        698.181818  0.026322    1.087560    58.664252   6.623060   
[36mINFO[0m 07/24 20:56:52 | 0.554422    0.561644    0.000000    0.699786    3.114566    0.554422    0.561644    0.788462    0.611111    4900        712.727273  0.042753    1.157294    57.392708   6.623060   
[36mINFO[0m 07/24 20:59:43 | 0.568027    0.616438    0.000000    0.675392    4.008397    0.568027    0.616438    0.721154    0.629630    5000        727.272727  0.029826    1.116896    59.480826   6.623060   
[36mINFO[0m 07/24 20:59:43 | ---
[36mINFO[0m 07/24 20:59:43 | oracle = 54.082%
[36mINFO[0m 07/24 20:59:43 | iid = 54.422%
[36mINFO[0m 07/24 20:59:43 | last = 56.803%
[36mINFO[0m 07/24 20:59:43 | last (inD) = 67.539%
[36mINFO[0m 07/24 20:59:43 | iid (inD) = 72.382%
[36mINFO[0m 07/24 20:59:43 | 
[36mINFO[0m 07/24 20:59:43 | Testenv name escaping te_01 -> te_01
[36mINFO[0m 07/24 20:59:43 | Test envs = [1], name = te_01
[36mINFO[0m 07/24 20:59:43 | Batch sizes for each domain: [32, 0, 32] (total=64)
[36mINFO[0m 07/24 20:59:43 | steps-per-epoch for each domain: 9.19, 6.88 -> min = 6.88
[36mINFO[0m 07/24 20:59:45 | # of params = 23512130
[36mINFO[0m 07/24 21:01:10 | test_in     test_out    train_in    train_out   tr_outloss  env0_out    env1_in     env1_out    env2_out    step        epoch       loss        step_time   eval_time   mem_gb     
[36mINFO[0m 07/24 21:01:10 | 0.501193    0.519231    0.000000    0.558600    0.680529    0.561644    0.501193    0.519231    0.555556    0           0.000000    0.701606    3.288570    82.058128   6.611463   
[36mINFO[0m 07/24 21:04:07 | 0.630072    0.596154    0.000000    0.650431    0.744729    0.671233    0.630072    0.596154    0.629630    100         14.545455   0.581089    0.978718    78.923049   6.617689   
[36mINFO[0m 07/24 21:06:57 | 0.579952    0.567308    0.000000    0.648021    1.121435    0.684932    0.579952    0.567308    0.611111    200         29.090909   0.316205    0.926844    77.627196   6.618787   
[36mINFO[0m 07/24 21:09:47 | 0.560859    0.557692    0.000000    0.712456    1.351018    0.739726    0.560859    0.557692    0.685185    300         43.636364   0.196365    0.925766    77.191293   6.618787   
[36mINFO[0m 07/24 21:12:47 | 0.584726    0.567308    0.000000    0.678209    1.439390    0.671233    0.584726    0.567308    0.685185    400         58.181818   0.134688    1.018487    77.990221   6.618787   
[36mINFO[0m 07/24 21:15:35 | 0.553699    0.548077    0.000000    0.689498    1.289714    0.712329    0.553699    0.548077    0.666667    500         72.727273   0.144048    0.956774    72.350069   6.618787   
[36mINFO[0m 07/24 21:18:33 | 0.560859    0.576923    0.000000    0.636733    1.631997    0.643836    0.560859    0.576923    0.629630    600         87.272727   0.101462    0.981253    80.359830   6.618787   
[36mINFO[0m 07/24 21:21:36 | 0.546539    0.509615    0.000000    0.629883    1.967816    0.630137    0.546539    0.509615    0.629630    700         101.818182  0.098276    0.998202    83.103127   6.618787   
[36mINFO[0m 07/24 21:24:35 | 0.591885    0.471154    0.000000    0.606925    1.706391    0.602740    0.591885    0.471154    0.611111    800         116.363636  0.101450    0.936099    84.905045   6.618787   
[36mINFO[0m 07/24 21:27:36 | 0.508353    0.480769    0.000000    0.691908    1.825402    0.698630    0.508353    0.480769    0.685185    900         130.909091  0.100743    1.011529    80.339922   6.618787   
[36mINFO[0m 07/24 21:30:35 | 0.546539    0.480769    0.000000    0.691908    1.896017    0.698630    0.546539    0.480769    0.685185    1000        145.454545  0.072562    0.950903    83.751982   6.618787   
[36mINFO[0m 07/24 21:33:34 | 0.596659    0.596154    0.000000    0.648402    2.023431    0.630137    0.596659    0.596154    0.666667    1100        160.000000  0.082805    0.983896    80.465647   6.618787   
[36mINFO[0m 07/24 21:36:21 | 0.472554    0.442308    0.000000    0.662100    1.638774    0.657534    0.472554    0.442308    0.666667    1200        174.545455  0.073908    0.921904    74.747983   6.619092   
[36mINFO[0m 07/24 21:39:15 | 0.520286    0.480769    0.000000    0.664130    1.870587    0.698630    0.520286    0.480769    0.629630    1300        189.090909  0.080791    0.961352    77.472166   6.620130   
[36mINFO[0m 07/24 21:42:25 | 0.553699    0.500000    0.000000    0.678209    1.668345    0.671233    0.553699    0.500000    0.685185    1400        203.636364  0.067282    1.003174    89.705415   6.620130   
[36mINFO[0m 07/24 21:45:30 | 0.553699    0.557692    0.000000    0.585997    1.570284    0.616438    0.553699    0.557692    0.555556    1500        218.181818  0.061009    1.003780    84.744507   6.620252   
[36mINFO[0m 07/24 21:48:20 | 0.510740    0.423077    0.000000    0.691908    2.402525    0.698630    0.510740    0.423077    0.685185    1600        232.727273  0.055055    0.965449    74.094998   6.620252   
[36mINFO[0m 07/24 21:51:21 | 0.548926    0.500000    0.000000    0.666540    3.107442    0.684932    0.548926    0.500000    0.648148    1700        247.272727  0.060794    0.958657    84.473104   6.620252   
[36mINFO[0m 07/24 21:54:26 | 0.568019    0.528846    0.000000    0.650431    2.010490    0.671233    0.568019    0.528846    0.629630    1800        261.818182  0.061311    0.994427    85.785395   6.620252   
[36mINFO[0m 07/24 21:57:20 | 0.551313    0.500000    0.000000    0.662100    2.059248    0.657534    0.551313    0.500000    0.666667    1900        276.363636  0.050463    0.951145    78.394879   6.620252   
[36mINFO[0m 07/24 22:00:20 | 0.599045    0.509615    0.000000    0.654871    2.029825    0.698630    0.599045    0.509615    0.611111    2000        290.909091  0.057671    0.987383    81.291048   6.620252   
[36mINFO[0m 07/24 22:03:15 | 0.572792    0.509615    0.000000    0.650431    2.347503    0.671233    0.572792    0.509615    0.629630    2100        305.454545  0.053119    0.905025    84.951070   6.620252   
[36mINFO[0m 07/24 22:06:20 | 0.536993    0.567308    0.000000    0.643582    3.097890    0.657534    0.536993    0.567308    0.629630    2200        320.000000  0.053499    1.000396    84.802242   6.620252   
[36mINFO[0m 07/24 22:09:13 | 0.548926    0.605769    0.000000    0.625444    2.336973    0.602740    0.548926    0.605769    0.648148    2300        334.545455  0.050184    0.916860    81.619963   6.620252   
[36mINFO[0m 07/24 22:12:15 | 0.556086    0.586538    0.000000    0.671360    2.355342    0.657534    0.556086    0.586538    0.685185    2400        349.090909  0.059789    1.011425    80.903414   6.620252   
[36mINFO[0m 07/24 22:15:12 | 0.539379    0.538462    0.000000    0.671360    2.274225    0.657534    0.539379    0.538462    0.685185    2500        363.636364  0.048949    0.935292    83.717996   6.620252   
[36mINFO[0m 07/24 22:18:09 | 0.558473    0.538462    0.000000    0.680238    2.412813    0.712329    0.558473    0.538462    0.648148    2600        378.181818  0.050789    1.031667    72.843652   6.620252   
[36mINFO[0m 07/24 22:21:00 | 0.548926    0.548077    0.000000    0.643962    2.558196    0.602740    0.548926    0.548077    0.685185    2700        392.727273  0.042074    0.961476    75.232897   6.620252   
[36mINFO[0m 07/24 22:23:54 | 0.541766    0.528846    0.000000    0.678209    3.080011    0.671233    0.541766    0.528846    0.685185    2800        407.272727  0.042725    0.945087    79.366711   6.620252   
[36mINFO[0m 07/24 22:26:52 | 0.522673    0.471154    0.000000    0.664510    2.988398    0.643836    0.522673    0.471154    0.685185    2900        421.818182  0.048588    1.010229    76.769350   6.620252   
[36mINFO[0m 07/24 22:29:48 | 0.560859    0.548077    0.000000    0.682648    2.713739    0.698630    0.560859    0.548077    0.666667    3000        436.363636  0.043282    0.943022    81.668873   6.620252   
[36mINFO[0m 07/24 22:32:23 | 0.517900    0.490385    0.000000    0.668950    2.822080    0.671233    0.517900    0.490385    0.666667    3100        450.909091  0.037011    0.818841    73.574937   6.620252   
[36mINFO[0m 07/24 22:35:14 | 0.553699    0.615385    0.000000    0.666540    2.190983    0.684932    0.553699    0.615385    0.648148    3200        465.454545  0.051610    0.885561    82.165821   6.620252   
[36mINFO[0m 07/24 22:39:28 | 0.551313    0.567308    0.000000    0.637113    2.571225    0.589041    0.551313    0.567308    0.685185    3300        480.000000  0.031961    1.460438    108.353129  6.620252   
[36mINFO[0m 07/24 22:43:39 | 0.525060    0.509615    0.000000    0.621005    1.815110    0.575342    0.525060    0.509615    0.666667    3400        494.545455  0.049489    1.535272    97.121396   6.620252   
[36mINFO[0m 07/24 22:47:50 | 0.525060    0.490385    0.000000    0.645992    1.857624    0.643836    0.525060    0.490385    0.648148    3500        509.090909  0.032672    1.480450    103.188457  6.620252   
[36mINFO[0m 07/24 22:52:16 | 0.536993    0.500000    0.000000    0.614155    2.398610    0.561644    0.536993    0.500000    0.666667    3600        523.636364  0.038683    1.518513    114.308368  6.620252   
[36mINFO[0m 07/24 22:56:37 | 0.503580    0.557692    0.000000    0.627854    2.833165    0.589041    0.503580    0.557692    0.666667    3700        538.181818  0.030929    1.495072    110.888587  6.620252   
[36mINFO[0m 07/24 23:00:45 | 0.539379    0.538462    0.000000    0.632293    2.213648    0.616438    0.539379    0.538462    0.648148    3800        552.727273  0.038148    1.490281    99.046983   6.620252   
[36mINFO[0m 07/24 23:04:37 | 0.582339    0.567308    0.000000    0.627473    2.150949    0.643836    0.582339    0.567308    0.611111    3900        567.272727  0.044099    1.358644    96.690444   6.620252   
[36mINFO[0m 07/24 23:08:37 | 0.517900    0.557692    0.000000    0.641172    2.196999    0.671233    0.517900    0.557692    0.611111    4000        581.818182  0.040088    1.400462    99.712312   6.620252   
[36mINFO[0m 07/24 23:12:33 | 0.536993    0.548077    0.000000    0.694318    2.193515    0.684932    0.536993    0.548077    0.703704    4100        596.363636  0.033996    1.397569    96.110661   6.620252   
[36mINFO[0m 07/24 23:16:24 | 0.548926    0.567308    0.000000    0.685058    1.806604    0.684932    0.548926    0.567308    0.685185    4200        610.909091  0.037291    1.396141    91.097945   6.620252   
[36mINFO[0m 07/24 23:20:22 | 0.589499    0.557692    0.000000    0.662100    2.191879    0.657534    0.589499    0.557692    0.666667    4300        625.454545  0.034038    1.433653    94.963992   6.620252   
[36mINFO[0m 07/24 23:24:22 | 0.541766    0.509615    0.000000    0.650431    2.694476    0.671233    0.541766    0.509615    0.629630    4400        640.000000  0.034680    1.387844    101.612184  6.620252   
[36mINFO[0m 07/24 23:28:12 | 0.522673    0.586538    0.000000    0.666540    1.544769    0.684932    0.522673    0.586538    0.648148    4500        654.545455  0.040600    1.413788    87.919070   6.620252   
[36mINFO[0m 07/24 23:32:24 | 0.584726    0.586538    0.000000    0.666540    2.281519    0.684932    0.584726    0.586538    0.648148    4600        669.090909  0.034711    1.472414    104.707523  6.620252   
[36mINFO[0m 07/24 23:36:35 | 0.536993    0.528846    0.000000    0.655251    2.087813    0.643836    0.536993    0.528846    0.666667    4700        683.636364  0.028727    1.512994    100.320223  6.620252   
[36mINFO[0m 07/24 23:40:48 | 0.544153    0.576923    0.000000    0.673389    2.472435    0.698630    0.544153    0.576923    0.648148    4800        698.181818  0.027668    1.512065    101.463213  6.620252   
[36mINFO[0m 07/24 23:44:59 | 0.541766    0.548077    0.000000    0.609335    2.609065    0.589041    0.541766    0.548077    0.629630    4900        712.727273  0.036646    1.475683    103.282441  6.620252   
[36mINFO[0m 07/24 23:49:03 | 0.513126    0.528846    0.000000    0.636733    1.848494    0.643836    0.513126    0.528846    0.629630    5000        727.272727  0.031358    1.510978    93.132119   6.620252   
[36mINFO[0m 07/24 23:49:03 | ---
[36mINFO[0m 07/24 23:49:03 | oracle = 55.370%
[36mINFO[0m 07/24 23:49:03 | iid = 56.086%
[36mINFO[0m 07/24 23:49:03 | last = 51.313%
[36mINFO[0m 07/24 23:49:03 | last (inD) = 63.673%
[36mINFO[0m 07/24 23:49:03 | iid (inD) = 71.246%
[36mINFO[0m 07/24 23:49:03 | 
[36mINFO[0m 07/24 23:49:03 | Testenv name escaping te_02 -> te_02
[36mINFO[0m 07/24 23:49:03 | Test envs = [2], name = te_02
[36mINFO[0m 07/24 23:49:03 | Batch sizes for each domain: [32, 32, 0] (total=64)
[36mINFO[0m 07/24 23:49:03 | steps-per-epoch for each domain: 9.19, 13.09 -> min = 9.19
[36mINFO[0m 07/24 23:49:06 | # of params = 23512130
[36mINFO[0m 07/24 23:50:35 | test_in     test_out    train_in    train_out   tr_outloss  env0_out    env1_out    env2_in     env2_out    step        epoch       loss        step_time   eval_time   mem_gb     
[36mINFO[0m 07/24 23:50:35 | 0.577273    0.555556    0.000000    0.554136    0.688828    0.589041    0.519231    0.577273    0.555556    0           0.000000    0.799180    8.504854    80.694451   6.611463   
[36mINFO[0m 07/24 23:54:27 | 0.604545    0.592593    0.000000    0.726488    0.712023    0.616438    0.836538    0.604545    0.592593    100         10.884354   0.473254    1.619146    69.714686   6.617689   
[36mINFO[0m 07/24 23:58:31 | 0.509091    0.555556    0.000000    0.742229    0.792623    0.657534    0.826923    0.509091    0.555556    200         21.768707   0.276888    1.650953    79.262942   6.618787   
[36mINFO[0m 07/25 00:02:26 | 0.554545    0.518519    0.000000    0.744270    1.129032    0.671233    0.817308    0.554545    0.518519    300         32.653061   0.188527    1.621571    72.975489   6.618787   
[36mINFO[0m 07/25 00:06:29 | 0.563636    0.518519    0.000000    0.714831    1.086275    0.602740    0.826923    0.563636    0.518519    400         43.537415   0.158777    1.735739    69.691453   6.618787   
[36mINFO[0m 07/25 00:10:38 | 0.586364    0.592593    0.000000    0.735972    1.530097    0.712329    0.759615    0.586364    0.592593    500         54.421769   0.127706    1.648492    83.265142   6.618787   
[36mINFO[0m 07/25 00:14:30 | 0.540909    0.518519    0.000000    0.705809    1.080450    0.671233    0.740385    0.540909    0.518519    600         65.306122   0.153689    1.641309    68.458740   6.618787   
[36mINFO[0m 07/25 00:18:36 | 0.509091    0.555556    0.000000    0.727806    1.431299    0.657534    0.798077    0.509091    0.555556    700         76.190476   0.132267    1.667084    79.028274   6.618787   
[36mINFO[0m 07/25 00:22:29 | 0.536364    0.537037    0.000000    0.751844    1.450346    0.657534    0.846154    0.536364    0.537037    800         87.074830   0.094307    1.615602    71.375871   6.618787   
[36mINFO[0m 07/25 00:26:15 | 0.554545    0.592593    0.000000    0.750395    1.865498    0.712329    0.788462    0.554545    0.592593    900         97.959184   0.083610    1.528281    73.268394   6.618787   
[36mINFO[0m 07/25 00:30:05 | 0.540909    0.574074    0.000000    0.689344    2.223975    0.657534    0.721154    0.540909    0.574074    1000        108.843537  0.099768    1.566629    73.490739   6.618787   
[36mINFO[0m 07/25 00:33:48 | 0.577273    0.592593    0.000000    0.729847    1.170353    0.671233    0.788462    0.577273    0.592593    1100        119.727891  0.077538    1.527253    70.348529   6.618787   
[36mINFO[0m 07/25 00:37:25 | 0.527273    0.574074    0.000000    0.761459    1.495554    0.657534    0.865385    0.527273    0.574074    1200        130.612245  0.071584    1.520525    64.460112   6.619092   
[36mINFO[0m 07/25 00:40:58 | 0.563636    0.611111    0.000000    0.679729    2.236647    0.657534    0.701923    0.563636    0.611111    1300        141.496599  0.097756    1.449408    68.274960   6.620130   
[36mINFO[0m 07/25 00:44:24 | 0.559091    0.629630    0.000000    0.779241    1.611335    0.712329    0.846154    0.559091    0.629630    1400        152.380952  0.078063    1.377351    68.030143   6.620130   
[36mINFO[0m 07/25 00:47:28 | 0.550000    0.629630    0.000000    0.757969    2.196865    0.698630    0.817308    0.550000    0.629630    1500        163.265306  0.061806    1.246470    60.156462   6.620252   
[36mINFO[0m 07/25 00:50:40 | 0.577273    0.611111    0.000000    0.703767    2.185515    0.657534    0.750000    0.577273    0.611111    1600        174.149660  0.081531    1.226527    68.461103   6.620252   
[36mINFO[0m 07/25 00:53:58 | 0.559091    0.574074    0.000000    0.725040    1.744136    0.671233    0.778846    0.559091    0.574074    1700        185.034014  0.069534    1.332745    64.695326   6.620252   
[36mINFO[0m 07/25 00:57:25 | 0.550000    0.592593    0.000000    0.725040    2.024379    0.671233    0.778846    0.550000    0.592593    1800        195.918367  0.055950    1.372973    70.544350   6.620252   
[36mINFO[0m 07/25 01:01:00 | 0.572727    0.537037    0.000000    0.729847    1.959245    0.671233    0.788462    0.572727    0.537037    1900        206.802721  0.062338    1.476541    67.332669   6.620252   
[36mINFO[0m 07/25 01:04:31 | 0.527273    0.555556    0.000000    0.746312    1.731719    0.684932    0.807692    0.527273    0.555556    2000        217.687075  0.060378    1.482452    62.126560   6.620252   
[36mINFO[0m 07/25 01:08:01 | 0.518182    0.518519    0.000000    0.704492    1.598531    0.630137    0.778846    0.518182    0.518519    2100        228.571429  0.059898    1.388688    71.095727   6.620252   
[36mINFO[0m 07/25 01:11:13 | 0.554545    0.592593    0.000000    0.707982    1.878521    0.589041    0.826923    0.554545    0.592593    2200        239.455782  0.045000    1.403833    51.410502   6.620252   
[36mINFO[0m 07/25 01:14:29 | 0.581818    0.648148    0.000000    0.720956    1.732760    0.643836    0.798077    0.581818    0.648148    2300        250.340136  0.058917    1.373773    59.078844   6.620252   
[36mINFO[0m 07/25 01:17:51 | 0.540909    0.500000    0.000000    0.637908    2.754700    0.602740    0.673077    0.540909    0.500000    2400        261.224490  0.057269    1.396546    62.240839   6.620252   
[36mINFO[0m 07/25 01:21:17 | 0.513636    0.592593    0.000000    0.703174    1.952105    0.589041    0.817308    0.513636    0.592593    2500        272.108844  0.055875    1.425067    63.316309   6.620252   
[36mINFO[0m 07/25 01:24:37 | 0.490909    0.611111    0.000000    0.679136    1.886935    0.589041    0.769231    0.490909    0.611111    2600        282.993197  0.061420    1.410442    58.680710   6.620252   
[36mINFO[0m 07/25 01:28:09 | 0.545455    0.629630    0.000000    0.730572    1.941688    0.643836    0.817308    0.545455    0.629630    2700        293.877551  0.059989    1.469442    65.556202   6.620252   
[36mINFO[0m 07/25 01:31:32 | 0.545455    0.574074    0.000000    0.710616    2.032727    0.671233    0.750000    0.545455    0.574074    2800        304.761905  0.044381    1.421593    60.653527   6.620252   
[36mINFO[0m 07/25 01:35:01 | 0.531818    0.666667    0.000000    0.680453    1.827038    0.630137    0.730769    0.531818    0.666667    2900        315.646259  0.043378    1.402815    68.729426   6.620252   
[36mINFO[0m 07/25 01:38:36 | 0.563636    0.555556    0.000000    0.739463    2.306269    0.671233    0.807692    0.563636    0.555556    3000        326.530612  0.042619    1.445056    70.927426   6.620252   
[36mINFO[0m 07/25 01:42:13 | 0.477273    0.462963    0.000000    0.670838    1.671593    0.630137    0.711538    0.477273    0.462963    3100        337.414966  0.049199    1.440850    72.790271   6.620252   
[36mINFO[0m 07/25 01:45:28 | 0.509091    0.611111    0.000000    0.712658    1.641812    0.684932    0.740385    0.509091    0.611111    3200        348.299320  0.048570    1.389164    56.359491   6.620252   
[36mINFO[0m 07/25 01:48:39 | 0.472727    0.537037    0.000000    0.723722    2.134638    0.630137    0.817308    0.472727    0.537037    3300        359.183673  0.058422    1.259080    64.981447   6.620252   
[36mINFO[0m 07/25 01:52:04 | 0.504545    0.555556    0.000000    0.744995    1.974416    0.643836    0.846154    0.504545    0.555556    3400        370.068027  0.040198    1.414676    62.720391   6.620252   
[36mINFO[0m 07/25 01:55:28 | 0.559091    0.592593    0.000000    0.744270    1.592346    0.671233    0.817308    0.559091    0.592593    3500        380.952381  0.047107    1.369778    67.850462   6.620252   
[36mINFO[0m 07/25 01:58:34 | 0.522727    0.555556    0.000000    0.692835    2.222546    0.616438    0.769231    0.522727    0.555556    3600        391.836735  0.034347    1.290541    56.704154   6.620252   
[36mINFO[0m 07/25 02:01:44 | 0.518182    0.611111    0.000000    0.733930    2.283408    0.698630    0.769231    0.518182    0.611111    3700        402.721088  0.037349    1.214359    67.978351   6.620252   
[36mINFO[0m 07/25 02:04:57 | 0.577273    0.629630    0.000000    0.705809    2.686464    0.671233    0.740385    0.577273    0.629630    3800        413.605442  0.037862    1.303929    62.691927   6.620252   
[36mINFO[0m 07/25 02:08:10 | 0.568182    0.629630    0.000000    0.660498    2.631537    0.657534    0.663462    0.568182    0.629630    3900        424.489796  0.064001    1.217750    71.420417   6.620252   
[36mINFO[0m 07/25 02:11:53 | 0.559091    0.703704    0.000000    0.696918    1.268934    0.643836    0.750000    0.559091    0.703704    4000        435.374150  0.057013    1.457576    77.170986   6.620252   
[36mINFO[0m 07/25 02:15:22 | 0.527273    0.574074    0.000000    0.753161    1.584350    0.698630    0.807692    0.527273    0.574074    4100        446.258503  0.035090    1.456746    62.966962   6.620252   
[36mINFO[0m 07/25 02:19:00 | 0.563636    0.685185    0.000000    0.734655    1.399682    0.671233    0.798077    0.563636    0.685185    4200        457.142857  0.036718    1.416351    77.017362   6.620252   
[36mINFO[0m 07/25 02:22:21 | 0.550000    0.685185    0.000000    0.690068    1.924087    0.630137    0.750000    0.550000    0.685185    4300        468.027211  0.039623    1.391668    61.876508   6.620252   
[36mINFO[0m 07/25 02:25:56 | 0.522727    0.611111    0.000000    0.708575    1.733877    0.657534    0.759615    0.522727    0.611111    4400        478.911565  0.049375    1.429530    71.391840   6.620252   
[36mINFO[0m 07/25 02:29:34 | 0.536364    0.629630    0.000000    0.720232    1.697272    0.671233    0.769231    0.536364    0.629630    4500        489.795918  0.038669    1.478952    70.558424   6.620252   
[36mINFO[0m 07/25 02:33:07 | 0.609091    0.666667    0.000000    0.687302    2.357562    0.643836    0.730769    0.609091    0.666667    4600        500.680272  0.031565    1.466467    66.367418   6.620252   
[36mINFO[0m 07/25 02:36:33 | 0.563636    0.648148    0.000000    0.711934    1.837313    0.712329    0.711538    0.563636    0.648148    4700        511.564626  0.037190    1.335681    72.245458   6.620252   
[36mINFO[0m 07/25 02:40:11 | 0.577273    0.629630    0.000000    0.712658    2.090629    0.684932    0.740385    0.577273    0.629630    4800        522.448980  0.030314    1.497836    68.764508   6.620252   
[36mINFO[0m 07/25 02:43:41 | 0.527273    0.555556    0.000000    0.699684    1.771330    0.630137    0.769231    0.527273    0.555556    4900        533.333333  0.034182    1.509036    58.392040   6.620252   
[36mINFO[0m 07/25 02:47:24 | 0.563636    0.648148    0.000000    0.716149    2.086963    0.643836    0.788462    0.563636    0.648148    5000        544.217687  0.033827    1.500784    73.412427   6.620252   
[36mINFO[0m 07/25 02:47:24 | ---
[36mINFO[0m 07/25 02:47:24 | oracle = 55.909%
[36mINFO[0m 07/25 02:47:24 | iid = 55.909%
[36mINFO[0m 07/25 02:47:24 | last = 56.364%
[36mINFO[0m 07/25 02:47:24 | last (inD) = 71.615%
[36mINFO[0m 07/25 02:47:24 | iid (inD) = 77.924%
[36mINFO[0m 07/25 02:47:24 | === Summary ===
[36mINFO[0m 07/25 02:47:24 | Command: /home/kxrgzn/lzh/GGA/train_all.py HTP_Fish_seed3 --dataset HTP --data_dir /home/kxrgzn/lzh/GGA/dataset --algorithm Fish --steps 5000 --checkpoint_freq 100 --batch_size 32 --optimizer adam --lr 5e-5 --weight_decay 0 --resnet_dropout 0 --resnet18 False --pretrained True --freeze_bn True --swad False --seed 3 --trial_seed 3 --deterministic --meta_lr 0.5
[36mINFO[0m 07/25 02:47:24 | Unique name: 260724_18-41-51_HTP_Fish_seed3
[36mINFO[0m 07/25 02:47:24 | Out path: train_output/HTP/260724_18-41-51_HTP_Fish_seed3
[36mINFO[0m 07/25 02:47:24 | Algorithm: Fish
[36mINFO[0m 07/25 02:47:24 | Dataset: HTP
+------------+---------+---------+---------+---------+
| Selection  |    00   |    01   |    02   |   Avg.  |
+------------+---------+---------+---------+---------+
|   oracle   | 54.082% | 55.370% | 55.909% | 55.120% |
|    iid     | 54.422% | 56.086% | 55.909% | 55.472% |
|    last    | 56.803% | 51.313% | 56.364% | 54.826% |
| last (inD) | 67.539% | 63.673% | 71.615% | 67.609% |
| iid (inD)  | 72.382% | 71.246% | 77.924% | 73.851% |
+------------+---------+---------+---------+---------+
================================================================================
Starting Fish, seed=4, physical GPU=1
/home/kxrgzn/anaconda3/envs/QTKAN/bin/python /home/kxrgzn/lzh/GGA/train_all.py HTP_Fish_seed4 --dataset HTP --data_dir /home/kxrgzn/lzh/GGA/dataset --algorithm Fish --steps 5000 --checkpoint_freq 100 --batch_size 32 --optimizer adam --lr 5e-5 --weight_decay 0 --resnet_dropout 0 --resnet18 False --pretrained True --freeze_bn True --swad False --seed 4 --trial_seed 4 --deterministic --meta_lr 0.5
================================================================================
[36mINFO[0m 07/25 02:47:29 | Command :: /home/kxrgzn/lzh/GGA/train_all.py HTP_Fish_seed4 --dataset HTP --data_dir /home/kxrgzn/lzh/GGA/dataset --algorithm Fish --steps 5000 --checkpoint_freq 100 --batch_size 32 --optimizer adam --lr 5e-5 --weight_decay 0 --resnet_dropout 0 --resnet18 False --pretrained True --freeze_bn True --swad False --seed 4 --trial_seed 4 --deterministic --meta_lr 0.5
Environment:
	Python: 3.8.20
	PyTorch: 2.4.1+cu121
	Torchvision: 0.19.1+cu121
	CUDA: 12.1
	CUDNN: 90100
	NumPy: 1.24.4
	PIL: 8.1.0
Args:
	algorithm: Fish
	batch_size: 32
	checkpoint_freq: 100
	configs: []
	data_dir: /home/kxrgzn/lzh/GGA/dataset
	dataset: HTP
	debug: False
	deterministic: True
	end_step: 200
	evalmode: fast
	extra_search: n
	extra_search_end: None
	extra_search_start: None
	gga_l_gamma: 0.001
	grad_fn: sum
	holdout_fraction: 0.2
	model_save: None
	name: HTP_Fish_seed4
	neighborhoodSize: 1e-06
	out_dir: train_output/HTP/260725_02-47-29_HTP_Fish_seed4
	out_root: train_output/HTP
	prebuild_loader: False
	seed: 4
	show: False
	start_step: 100
	steps: 5000
	tb_freq: 10
	test_envs: None
	train_output: train_output
	trial_seed: 4
	unique_name: 260725_02-47-29_HTP_Fish_seed4
	work_dir: .
HParams:
	data_augmentation: True
	val_augment: False
	[36mresnet18: False
	[0m[36mresnet_dropout: 0
	[0mclass_balanced: False
	[36moptimizer: adam
	[0m[36mfreeze_bn: True
	[0m[36mpretrained: True
	[0m[36mlr: 5e-05
	[0mbatch_size: 32
	[36mweight_decay: 0
	[0m[36mmeta_lr: 0.5
	[0m[36mswad: False
	[0mswad_kwargs: 
	  n_converge: 3
	  n_tolerance: 6
	  tolerance_ratio: 0.3
	test_batchsize: 128
	indomain_test: False
	grad_fn: sum
	extra_search: n
	logdir: train_output/HTP/260725_02-47-29_HTP_Fish_seed4
	neighborhoodSize: 1e-06
	start_step: 100
	end_step: 200
	extra_search_start: None
	extra_search_end: None
	gga_l_gamma: 0.001
Dataset:
	[HTP] #envs=3, #classes=2
	env0: 00 (#367)
	env1: 01 (#523)
	env2: 02 (#274)

[36mINFO[0m 07/25 02:47:29 | n_steps = 5000
[36mINFO[0m 07/25 02:47:29 | checkpoint_freq = 100
[36mINFO[0m 07/25 02:47:29 | n_steps is updated to 5000 => 5001 for checkpointing
[36mINFO[0m 07/25 02:47:29 | Target test envs = [[0], [1], [2]]
[36mINFO[0m 07/25 02:47:29 | 
[36mINFO[0m 07/25 02:47:29 | Testenv name escaping te_00 -> te_00
[36mINFO[0m 07/25 02:47:29 | Test envs = [0], name = te_00
[36mINFO[0m 07/25 02:47:29 | Batch sizes for each domain: [0, 32, 32] (total=64)
[36mINFO[0m 07/25 02:47:29 | steps-per-epoch for each domain: 13.09, 6.88 -> min = 6.88
[36mINFO[0m 07/25 02:47:32 | # of params = 23512130
/home/kxrgzn/anaconda3/envs/QTKAN/lib/python3.8/site-packages/torchvision/models/_utils.py:208: UserWarning: The parameter 'pretrained' is deprecated since 0.13 and may be removed in the future, please use 'weights' instead.
  warnings.warn(
/home/kxrgzn/anaconda3/envs/QTKAN/lib/python3.8/site-packages/torchvision/models/_utils.py:223: UserWarning: Arguments other than a weight enum or `None` for 'weights' are deprecated since 0.13 and may be removed in the future. The current behavior is equivalent to passing `weights=ResNet50_Weights.IMAGENET1K_V1`. You can also use `weights=ResNet50_Weights.DEFAULT` to get the most up-to-date weights.
  warnings.warn(msg)
[36mINFO[0m 07/25 02:48:53 | test_in     test_out    train_in    train_out   tr_outloss  env0_in     env0_out    env1_out    env2_out    step        epoch       loss        step_time   eval_time   mem_gb     
[36mINFO[0m 07/25 02:48:53 | 0.479592    0.493151    0.000000    0.619836    0.665176    0.479592    0.493151    0.721154    0.518519    0           0.000000    0.760299    8.125740    73.609483   6.618299   
[36mINFO[0m 07/25 02:52:37 | 0.554422    0.520548    0.000000    0.728632    0.722034    0.554422    0.520548    0.846154    0.611111    100         14.545455   0.516567    1.522910    71.065746   6.621473   
[36mINFO[0m 07/25 02:56:22 | 0.557823    0.534247    0.000000    0.737892    1.000786    0.557823    0.534247    0.846154    0.629630    200         29.090909   0.252377    1.558168    69.333983   6.621717   
[36mINFO[0m 07/25 03:00:07 | 0.578231    0.520548    0.000000    0.766026    1.179609    0.578231    0.520548    0.865385    0.666667    300         43.636364   0.175029    1.534729    71.741301   6.621717   
[36mINFO[0m 07/25 03:03:58 | 0.571429    0.589041    0.000000    0.723825    1.173326    0.571429    0.589041    0.836538    0.611111    400         58.181818   0.146735    1.546692    76.655870   6.621839   
[36mINFO[0m 07/25 03:07:46 | 0.557823    0.547945    0.000000    0.728276    1.111300    0.557823    0.547945    0.826923    0.629630    500         72.727273   0.130917    1.625039    64.937516   6.621839   
[36mINFO[0m 07/25 03:11:30 | 0.585034    0.534247    0.000000    0.747151    1.339711    0.585034    0.534247    0.846154    0.648148    600         87.272727   0.103967    1.551582    69.023584   6.621839   
[36mINFO[0m 07/25 03:15:02 | 0.557823    0.452055    0.000000    0.692308    1.398232    0.557823    0.452055    0.884615    0.500000    700         101.818182  0.102835    1.484682    63.800040   6.621839   
[36mINFO[0m 07/25 03:18:41 | 0.581633    0.479452    0.000000    0.738248    1.513042    0.581633    0.479452    0.865385    0.611111    800         116.363636  0.091207    1.512326    67.519099   6.621839   
[36mINFO[0m 07/25 03:22:18 | 0.568027    0.479452    0.000000    0.761218    2.303337    0.568027    0.479452    0.855769    0.666667    900         130.909091  0.077082    1.499932    67.065845   6.621839   
[36mINFO[0m 07/25 03:25:53 | 0.574830    0.520548    0.000000    0.747151    1.210065    0.574830    0.520548    0.846154    0.648148    1000        145.454545  0.103682    1.502035    65.074343   6.621839   
[36mINFO[0m 07/25 03:29:39 | 0.551020    0.561644    0.000000    0.709046    2.275683    0.551020    0.561644    0.788462    0.629630    1100        160.000000  0.092125    1.505735    74.766050   6.621839   
[36mINFO[0m 07/25 03:33:14 | 0.585034    0.547945    0.000000    0.728632    2.090286    0.585034    0.547945    0.846154    0.611111    1200        174.545455  0.072259    1.438710    71.317571   6.621839   
[36mINFO[0m 07/25 03:36:57 | 0.568027    0.561644    0.000000    0.756410    1.551662    0.568027    0.561644    0.846154    0.666667    1300        189.090909  0.072508    1.596754    62.885181   6.621839   
[36mINFO[0m 07/25 03:40:49 | 0.574830    0.561644    0.000000    0.718305    1.998632    0.574830    0.561644    0.788462    0.648148    1400        203.636364  0.063581    1.590472    73.595845   6.621839   
[36mINFO[0m 07/25 03:44:32 | 0.561224    0.547945    0.000000    0.694266    2.315795    0.561224    0.547945    0.740385    0.648148    1500        218.181818  0.071053    1.578241    65.186900   6.621839   
[36mINFO[0m 07/25 03:48:19 | 0.581633    0.493151    0.000000    0.756410    1.600220    0.581633    0.493151    0.846154    0.666667    1600        232.727273  0.067517    1.571966    69.638313   6.621839   
[36mINFO[0m 07/25 03:52:08 | 0.581633    0.465753    0.000000    0.728632    1.591130    0.581633    0.465753    0.846154    0.611111    1700        247.272727  0.073675    1.647427    63.779826   6.621839   
[36mINFO[0m 07/25 03:55:48 | 0.557823    0.547945    0.000000    0.733796    1.829475    0.557823    0.547945    0.875000    0.592593    1800        261.818182  0.064354    1.533631    67.334185   6.621839   
[36mINFO[0m 07/25 03:59:32 | 0.574830    0.534247    0.000000    0.733440    1.973569    0.574830    0.534247    0.855769    0.611111    1900        276.363636  0.049669    1.504539    72.815089   6.621839   
[36mINFO[0m 07/25 04:03:13 | 0.581633    0.506849    0.000000    0.686432    1.668790    0.581633    0.506849    0.817308    0.555556    2000        290.909091  0.062946    1.580495    63.061832   6.621839   
[36mINFO[0m 07/25 04:07:18 | 0.612245    0.424658    0.000000    0.719729    2.132834    0.612245    0.424658    0.865385    0.574074    2100        305.454545  0.048869    1.595442    85.380935   6.621839   
[36mINFO[0m 07/25 04:11:02 | 0.585034    0.520548    0.000000    0.761218    2.277324    0.585034    0.520548    0.855769    0.666667    2200        320.000000  0.048587    1.586869    65.987108   6.621839   
[36mINFO[0m 07/25 04:15:07 | 0.571429    0.534247    0.000000    0.699786    1.599733    0.571429    0.534247    0.788462    0.611111    2300        334.545455  0.053552    1.668771    77.631250   6.622083   
[36mINFO[0m 07/25 04:19:04 | 0.554422    0.547945    0.000000    0.676104    1.891877    0.554422    0.547945    0.759615    0.592593    2400        349.090909  0.059351    1.632713    73.422830   6.622938   
[36mINFO[0m 07/25 04:23:02 | 0.568027    0.479452    0.000000    0.676460    1.348561    0.568027    0.479452    0.778846    0.574074    2500        363.636364  0.062620    1.647458    73.829781   6.622938   
[36mINFO[0m 07/25 04:26:55 | 0.574830    0.520548    0.000000    0.727920    1.932501    0.574830    0.520548    0.807692    0.648148    2600        378.181818  0.054836    1.564726    76.246983   6.622938   
[36mINFO[0m 07/25 04:30:42 | 0.564626    0.547945    0.000000    0.733796    1.241207    0.564626    0.547945    0.875000    0.592593    2700        392.727273  0.045544    1.515930    75.679010   6.622938   
[36mINFO[0m 07/25 04:34:46 | 0.578231    0.520548    0.000000    0.657585    1.530862    0.578231    0.520548    0.759615    0.555556    2800        407.272727  0.050717    1.673340    76.194452   6.622938   
[36mINFO[0m 07/25 04:38:35 | 0.571429    0.479452    0.000000    0.714209    2.009248    0.571429    0.479452    0.817308    0.611111    2900        421.818182  0.046969    1.578377    71.651848   6.622938   
[36mINFO[0m 07/25 04:42:24 | 0.585034    0.493151    0.000000    0.752671    2.184019    0.585034    0.493151    0.894231    0.611111    3000        436.363636  0.045317    1.628589    65.710286   6.622938   
[36mINFO[0m 07/25 04:46:06 | 0.561224    0.547945    0.000000    0.770477    2.054502    0.561224    0.547945    0.855769    0.685185    3100        450.909091  0.046747    1.492124    73.428214   6.622938   
[36mINFO[0m 07/25 04:49:44 | 0.544218    0.575342    0.000000    0.714566    2.641830    0.544218    0.575342    0.836538    0.592593    3200        465.454545  0.034134    1.495789    68.209462   6.622938   
[36mINFO[0m 07/25 04:53:38 | 0.544218    0.493151    0.000000    0.728989    1.709564    0.544218    0.493151    0.865385    0.592593    3300        480.000000  0.050716    1.585918    75.139187   6.622938   
[36mINFO[0m 07/25 04:57:26 | 0.571429    0.547945    0.000000    0.704594    2.588969    0.571429    0.547945    0.798077    0.611111    3400        494.545455  0.031918    1.561943    71.511864   6.622938   
[36mINFO[0m 07/25 05:00:54 | 0.574830    0.589041    0.000000    0.718305    1.948055    0.574830    0.589041    0.788462    0.648148    3500        509.090909  0.035752    1.520372    56.280650   6.622938   
[36mINFO[0m 07/25 05:04:39 | 0.561224    0.520548    0.000000    0.672009    2.366918    0.561224    0.520548    0.788462    0.555556    3600        523.636364  0.042198    1.511615    73.717197   6.622938   
[36mINFO[0m 07/25 05:08:22 | 0.585034    0.561644    0.000000    0.667913    2.148082    0.585034    0.561644    0.817308    0.518519    3700        538.181818  0.034507    1.494745    73.534049   6.622938   
[36mINFO[0m 07/25 05:12:16 | 0.588435    0.465753    0.000000    0.686075    2.068317    0.588435    0.465753    0.798077    0.574074    3800        552.727273  0.037270    1.545825    78.962922   6.622938   
[36mINFO[0m 07/25 05:16:00 | 0.544218    0.547945    0.000000    0.696047    2.613076    0.544218    0.547945    0.836538    0.555556    3900        567.272727  0.032884    1.631395    61.744060   6.622938   
[36mINFO[0m 07/25 05:19:55 | 0.588435    0.561644    0.000000    0.690527    2.576204    0.588435    0.561644    0.788462    0.592593    4000        581.818182  0.043080    1.721184    62.828738   6.622938   
[36mINFO[0m 07/25 05:23:42 | 0.568027    0.547945    0.000000    0.719017    1.874023    0.568027    0.547945    0.826923    0.611111    4100        596.363636  0.058680    1.690041    57.143383   6.623060   
[36mINFO[0m 07/25 05:27:31 | 0.571429    0.534247    0.000000    0.699786    2.536338    0.571429    0.534247    0.788462    0.611111    4200        610.909091  0.032956    1.712029    58.266015   6.623060   
[36mINFO[0m 07/25 05:31:31 | 0.585034    0.575342    0.000000    0.695691    2.279495    0.585034    0.575342    0.817308    0.574074    4300        625.454545  0.033968    1.679706    72.347831   6.623060   
[36mINFO[0m 07/25 05:35:38 | 0.578231    0.520548    0.000000    0.709758    1.910059    0.578231    0.520548    0.826923    0.592593    4400        640.000000  0.042123    1.671741    79.366484   6.623060   
[36mINFO[0m 07/25 05:39:02 | 0.561224    0.506849    0.000000    0.695335    2.468078    0.561224    0.506849    0.798077    0.592593    4500        654.545455  0.030598    1.448217    59.729494   6.623060   
[36mINFO[0m 07/25 05:42:09 | 0.540816    0.520548    0.000000    0.737536    2.155974    0.540816    0.520548    0.826923    0.648148    4600        669.090909  0.039198    1.232004    62.844308   6.623060   
[36mINFO[0m 07/25 05:45:06 | 0.551020    0.493151    0.000000    0.728989    1.730307    0.551020    0.493151    0.865385    0.592593    4700        683.636364  0.047064    1.179949    59.827881   6.623060   
[36mINFO[0m 07/25 05:48:11 | 0.568027    0.534247    0.000000    0.756054    2.090386    0.568027    0.534247    0.826923    0.685185    4800        698.181818  0.039378    1.252242    59.095593   6.623060   
[36mINFO[0m 07/25 05:51:15 | 0.557823    0.479452    0.000000    0.733084    2.132401    0.557823    0.479452    0.836538    0.629630    4900        712.727273  0.035653    1.175193    66.597254   6.623060   
[36mINFO[0m 07/25 05:54:12 | 0.585034    0.506849    0.000000    0.747863    2.221622    0.585034    0.506849    0.884615    0.611111    5000        727.272727  0.031890    1.207749    56.838573   6.623060   
[36mINFO[0m 07/25 05:54:12 | ---
[36mINFO[0m 07/25 05:54:12 | oracle = 57.143%
[36mINFO[0m 07/25 05:54:12 | iid = 56.122%
[36mINFO[0m 07/25 05:54:12 | last = 58.503%
[36mINFO[0m 07/25 05:54:12 | last (inD) = 74.786%
[36mINFO[0m 07/25 05:54:12 | iid (inD) = 77.048%
[36mINFO[0m 07/25 05:54:13 | 
[36mINFO[0m 07/25 05:54:13 | Testenv name escaping te_01 -> te_01
[36mINFO[0m 07/25 05:54:13 | Test envs = [1], name = te_01
[36mINFO[0m 07/25 05:54:13 | Batch sizes for each domain: [32, 0, 32] (total=64)
[36mINFO[0m 07/25 05:54:13 | steps-per-epoch for each domain: 9.19, 6.88 -> min = 6.88
[36mINFO[0m 07/25 05:54:14 | # of params = 23512130
[36mINFO[0m 07/25 05:55:49 | test_in     test_out    train_in    train_out   tr_outloss  env0_out    env1_in     env1_out    env2_out    step        epoch       loss        step_time   eval_time   mem_gb     
[36mINFO[0m 07/25 05:55:49 | 0.627685    0.596154    0.000000    0.484906    0.697773    0.506849    0.627685    0.596154    0.462963    0           0.000000    0.715159    4.009973    90.976686   6.611463   
[36mINFO[0m 07/25 05:59:01 | 0.575179    0.461538    0.000000    0.641553    0.743313    0.616438    0.575179    0.461538    0.666667    100         14.545455   0.567055    1.110771    80.159854   6.617689   
[36mINFO[0m 07/25 06:02:04 | 0.577566    0.548077    0.000000    0.654871    1.178660    0.698630    0.577566    0.548077    0.611111    200         29.090909   0.278803    1.002618    82.916128   6.618787   
[36mINFO[0m 07/25 06:05:24 | 0.601432    0.509615    0.000000    0.579528    1.914736    0.547945    0.601432    0.509615    0.611111    300         43.636364   0.154131    1.117914    88.485995   6.618787   
[36mINFO[0m 07/25 06:08:34 | 0.603819    0.509615    0.000000    0.657661    1.636444    0.630137    0.603819    0.509615    0.685185    400         58.181818   0.131472    1.081505    81.974910   6.618787   
[36mINFO[0m 07/25 06:11:49 | 0.610979    0.528846    0.000000    0.639143    1.688921    0.630137    0.610979    0.528846    0.648148    500         72.727273   0.107466    1.043942    90.673736   6.618787   
[36mINFO[0m 07/25 06:15:05 | 0.582339    0.471154    0.000000    0.593227    1.997302    0.575342    0.582339    0.471154    0.611111    600         87.272727   0.100037    1.099859    85.473649   6.618787   
[36mINFO[0m 07/25 06:18:13 | 0.579952    0.538462    0.000000    0.627473    2.012809    0.643836    0.579952    0.538462    0.611111    700         101.818182  0.092715    1.037088    85.054960   6.618787   
[36mINFO[0m 07/25 06:21:41 | 0.572792    0.538462    0.000000    0.623034    2.364185    0.616438    0.572792    0.538462    0.629630    800         116.363636  0.083588    1.139160    93.250602   6.618787   
[36mINFO[0m 07/25 06:24:33 | 0.603819    0.509615    0.000000    0.643582    2.674837    0.657534    0.603819    0.509615    0.629630    900         130.909091  0.069870    0.877830    84.574481   6.618787   
[36mINFO[0m 07/25 06:27:28 | 0.613365    0.634615    0.000000    0.586377    1.797511    0.561644    0.613365    0.634615    0.611111    1000        145.454545  0.093559    0.915313    83.671254   6.618787   
[36mINFO[0m 07/25 06:30:26 | 0.596659    0.528846    0.000000    0.604896    2.120355    0.561644    0.596659    0.528846    0.648148    1100        160.000000  0.071314    0.958737    81.939869   6.618787   
[36mINFO[0m 07/25 06:33:30 | 0.553699    0.500000    0.000000    0.632293    2.223627    0.616438    0.553699    0.500000    0.648148    1200        174.545455  0.086777    1.024547    81.285582   6.619092   
[36mINFO[0m 07/25 06:36:31 | 0.536993    0.480769    0.000000    0.616185    2.219550    0.602740    0.536993    0.480769    0.629630    1300        189.090909  0.075118    0.986185    82.442595   6.620130   
[36mINFO[0m 07/25 06:39:37 | 0.553699    0.423077    0.000000    0.650431    2.753159    0.671233    0.553699    0.423077    0.629630    1400        203.636364  0.067071    1.018583    84.602619   6.620130   
[36mINFO[0m 07/25 06:42:30 | 0.591885    0.471154    0.000000    0.632293    2.264859    0.616438    0.591885    0.471154    0.648148    1500        218.181818  0.064912    0.919983    81.087729   6.620252   
[36mINFO[0m 07/25 06:45:35 | 0.591885    0.548077    0.000000    0.625444    2.931310    0.602740    0.591885    0.548077    0.648148    1600        232.727273  0.065619    0.984390    85.791878   6.620252   
[36mINFO[0m 07/25 06:48:37 | 0.591885    0.634615    0.000000    0.611745    2.683901    0.575342    0.591885    0.634615    0.648148    1700        247.272727  0.066873    1.027805    79.107472   6.620252   
[36mINFO[0m 07/25 06:51:45 | 0.594272    0.509615    0.000000    0.652841    3.627277    0.657534    0.594272    0.509615    0.648148    1800        261.818182  0.048316    1.009869    87.690572   6.620252   
[36mINFO[0m 07/25 06:54:52 | 0.610979    0.519231    0.000000    0.659310    2.264564    0.726027    0.610979    0.519231    0.592593    1900        276.363636  0.061868    1.031204    83.371576   6.620252   
[36mINFO[0m 07/25 06:57:48 | 0.584726    0.509615    0.000000    0.629883    2.455965    0.630137    0.584726    0.509615    0.629630    2000        290.909091  0.057529    0.889735    87.218736   6.620252   
[36mINFO[0m 07/25 07:00:45 | 0.577566    0.509615    0.000000    0.670979    2.446043    0.712329    0.577566    0.509615    0.629630    2100        305.454545  0.061833    0.950647    81.522162   6.620252   
[36mINFO[0m 07/25 07:03:26 | 0.589499    0.576923    0.000000    0.621005    2.930407    0.575342    0.589499    0.576923    0.666667    2200        320.000000  0.048590    0.812834    80.629745   6.620252   
[36mINFO[0m 07/25 07:06:23 | 0.587112    0.490385    0.000000    0.629883    2.760719    0.630137    0.587112    0.490385    0.629630    2300        334.545455  0.040759    0.937090    82.570358   6.620252   
[36mINFO[0m 07/25 07:09:04 | 0.610979    0.538462    0.000000    0.627473    2.691286    0.643836    0.610979    0.538462    0.611111    2400        349.090909  0.056936    0.814235    79.492254   6.620252   
[36mINFO[0m 07/25 07:12:00 | 0.620525    0.528846    0.000000    0.643582    2.064676    0.657534    0.620525    0.528846    0.629630    2500        363.636364  0.053606    0.943095    82.067338   6.620252   
[36mINFO[0m 07/25 07:14:41 | 0.570406    0.500000    0.000000    0.682648    2.569399    0.698630    0.570406    0.500000    0.666667    2600        378.181818  0.050844    0.819588    78.801165   6.620252   
[36mINFO[0m 07/25 07:17:36 | 0.563246    0.528846    0.000000    0.641172    2.904945    0.671233    0.563246    0.528846    0.611111    2700        392.727273  0.044291    0.932685    81.444420   6.620252   
[36mINFO[0m 07/25 07:20:20 | 0.584726    0.567308    0.000000    0.636733    2.834747    0.643836    0.584726    0.567308    0.629630    2800        407.272727  0.054798    0.853734    79.242186   6.620252   
[36mINFO[0m 07/25 07:23:14 | 0.610979    0.557692    0.000000    0.623034    2.748942    0.616438    0.610979    0.557692    0.629630    2900        421.818182  0.050182    0.921844    81.211552   6.620252   
[36mINFO[0m 07/25 07:25:59 | 0.529833    0.480769    0.000000    0.648021    2.075029    0.684932    0.529833    0.480769    0.611111    3000        436.363636  0.048289    0.869369    78.829169   6.620252   
[36mINFO[0m 07/25 07:28:46 | 0.579952    0.442308    0.000000    0.616185    2.630162    0.602740    0.579952    0.442308    0.629630    3100        450.909091  0.045669    0.937386    72.678467   6.620252   
[36mINFO[0m 07/25 07:31:31 | 0.577566    0.557692    0.000000    0.639143    2.593919    0.630137    0.577566    0.557692    0.648148    3200        465.454545  0.060935    0.854701    80.182431   6.620252   
[36mINFO[0m 07/25 07:34:19 | 0.601432    0.567308    0.000000    0.680238    2.042827    0.712329    0.601432    0.567308    0.648148    3300        480.000000  0.037355    0.922184    74.860379   6.620252   
[36mINFO[0m 07/25 07:37:03 | 0.591885    0.557692    0.000000    0.627473    2.888384    0.643836    0.591885    0.557692    0.611111    3400        494.545455  0.038780    0.855176    79.216640   6.620252   
[36mINFO[0m 07/25 07:39:56 | 0.584726    0.538462    0.000000    0.623034    3.289013    0.616438    0.584726    0.538462    0.629630    3500        509.090909  0.057682    0.930691    79.913227   6.620252   
[36mINFO[0m 07/25 07:42:32 | 0.582339    0.471154    0.000000    0.629883    3.120067    0.630137    0.582339    0.471154    0.629630    3600        523.636364  0.042805    0.866185    68.749978   6.620252   
[36mINFO[0m 07/25 07:45:25 | 0.603819    0.519231    0.000000    0.634323    2.626169    0.657534    0.603819    0.519231    0.611111    3700        538.181818  0.036998    0.931071    79.756052   6.620252   
[36mINFO[0m 07/25 07:48:09 | 0.558473    0.528846    0.000000    0.620624    2.415311    0.630137    0.558473    0.528846    0.611111    3800        552.727273  0.046596    0.837511    80.399738   6.620252   
[36mINFO[0m 07/25 07:51:03 | 0.568019    0.461538    0.000000    0.583968    3.719904    0.575342    0.568019    0.461538    0.592593    3900        567.272727  0.037381    0.934438    81.069366   6.620252   
[36mINFO[0m 07/25 07:53:48 | 0.589499    0.471154    0.000000    0.648021    2.602236    0.684932    0.589499    0.471154    0.611111    4000        581.818182  0.044635    0.864147    78.871114   6.620252   
[36mINFO[0m 07/25 07:56:42 | 0.553699    0.480769    0.000000    0.604515    3.653035    0.616438    0.553699    0.480769    0.592593    4100        596.363636  0.042842    0.934403    80.321469   6.620252   
[36mINFO[0m 07/25 07:59:25 | 0.579952    0.480769    0.000000    0.616185    3.649674    0.602740    0.579952    0.480769    0.629630    4200        610.909091  0.039319    0.838727    78.551069   6.620252   
[36mINFO[0m 07/25 08:02:17 | 0.587112    0.500000    0.000000    0.634323    2.489253    0.657534    0.587112    0.500000    0.611111    4300        625.454545  0.044061    0.921157    79.697870   6.620252   
[36mINFO[0m 07/25 08:05:07 | 0.582339    0.480769    0.000000    0.650431    3.408086    0.671233    0.582339    0.480769    0.629630    4400        640.000000  0.032518    0.941069    76.761830   6.620252   
[36mINFO[0m 07/25 08:08:01 | 0.556086    0.500000    0.000000    0.666540    2.599985    0.684932    0.556086    0.500000    0.648148    4500        654.545455  0.035891    0.943752    79.061909   6.620252   
[36mINFO[0m 07/25 08:10:54 | 0.622912    0.461538    0.000000    0.650431    2.770865    0.671233    0.622912    0.461538    0.629630    4600        669.090909  0.038678    0.953656    77.604228   6.620252   
[36mINFO[0m 07/25 08:13:46 | 0.525060    0.461538    0.000000    0.606925    2.416906    0.602740    0.525060    0.461538    0.611111    4700        683.636364  0.046105    0.912009    80.568518   6.620252   
[36mINFO[0m 07/25 08:16:40 | 0.608592    0.548077    0.000000    0.634323    2.319558    0.657534    0.608592    0.548077    0.611111    4800        698.181818  0.039043    0.955201    78.980137   6.620252   
[36mINFO[0m 07/25 08:19:25 | 0.591885    0.509615    0.000000    0.609335    2.067893    0.589041    0.591885    0.509615    0.629630    4900        712.727273  0.037930    0.914615    73.471582   6.620252   
[36mINFO[0m 07/25 08:22:21 | 0.579952    0.548077    0.000000    0.650431    3.122430    0.671233    0.579952    0.548077    0.629630    5000        727.272727  0.042385    0.982821    77.385229   6.620252   
[36mINFO[0m 07/25 08:22:21 | ---
[36mINFO[0m 07/25 08:22:21 | oracle = 61.337%
[36mINFO[0m 07/25 08:22:21 | iid = 57.041%
[36mINFO[0m 07/25 08:22:21 | last = 57.995%
[36mINFO[0m 07/25 08:22:21 | last (inD) = 65.043%
[36mINFO[0m 07/25 08:22:21 | iid (inD) = 68.265%
[36mINFO[0m 07/25 08:22:21 | 
[36mINFO[0m 07/25 08:22:21 | Testenv name escaping te_02 -> te_02
[36mINFO[0m 07/25 08:22:21 | Test envs = [2], name = te_02
[36mINFO[0m 07/25 08:22:21 | Batch sizes for each domain: [32, 32, 0] (total=64)
[36mINFO[0m 07/25 08:22:21 | steps-per-epoch for each domain: 9.19, 13.09 -> min = 9.19
[36mINFO[0m 07/25 08:22:23 | # of params = 23512130
[36mINFO[0m 07/25 08:23:29 | test_in     test_out    train_in    train_out   tr_outloss  env0_out    env1_out    env2_in     env2_out    step        epoch       loss        step_time   eval_time   mem_gb     
[36mINFO[0m 07/25 08:23:29 | 0.554545    0.648148    0.000000    0.556178    0.677583    0.602740    0.509615    0.554545    0.648148    0           0.000000    0.968353    6.270627    59.304517   6.611463   
[36mINFO[0m 07/25 08:26:13 | 0.636364    0.592593    0.000000    0.729979    0.510355    0.575342    0.884615    0.636364    0.592593    100         10.884354   0.454747    1.029428    61.114754   6.617689   
[36mINFO[0m 07/25 08:28:51 | 0.627273    0.500000    0.000000    0.729979    0.820308    0.575342    0.884615    0.627273    0.500000    200         21.768707   0.289184    0.975842    60.853222   6.618787   
[36mINFO[0m 07/25 08:31:27 | 0.640909    0.462963    0.000000    0.707258    1.172599    0.616438    0.798077    0.640909    0.462963    300         32.653061   0.223328    0.994851    56.793657   6.618787   
[36mINFO[0m 07/25 08:34:09 | 0.595455    0.555556    0.000000    0.726488    1.380154    0.616438    0.836538    0.595455    0.555556    400         43.537415   0.156142    1.033088    58.714520   6.618787   
[36mINFO[0m 07/25 08:36:46 | 0.586364    0.425926    0.000000    0.771075    0.830213    0.657534    0.884615    0.586364    0.425926    500         54.421769   0.138535    0.967212    59.794750   6.618787   
[36mINFO[0m 07/25 08:39:24 | 0.631818    0.537037    0.000000    0.764226    1.168860    0.643836    0.884615    0.631818    0.537037    600         65.306122   0.101112    0.995954    58.147681   6.618787   
[36mINFO[0m 07/25 08:41:54 | 0.577273    0.444444    0.000000    0.717597    1.098567    0.589041    0.846154    0.577273    0.444444    700         76.190476   0.101536    1.020027    47.817202   6.618787   
[36mINFO[0m 07/25 08:44:31 | 0.563636    0.518519    0.000000    0.697050    1.221362    0.547945    0.846154    0.563636    0.518519    800         87.074830   0.100428    0.965462    60.895912   6.618787   
[36mINFO[0m 07/25 08:47:06 | 0.622727    0.500000    0.000000    0.736104    1.758457    0.616438    0.855769    0.622727    0.500000    900         97.959184   0.101327    0.986017    56.713068   6.618787   
[36mINFO[0m 07/25 08:49:48 | 0.586364    0.481481    0.000000    0.713514    1.324461    0.561644    0.865385    0.586364    0.481481    1000        108.843537  0.107272    1.041948    57.074477   6.618787   
[36mINFO[0m 07/25 08:52:13 | 0.568182    0.407407    0.000000    0.751844    1.226059    0.657534    0.846154    0.568182    0.407407    1100        119.727891  0.087509    0.967542    49.120510   6.618787   
[36mINFO[0m 07/25 08:54:44 | 0.618182    0.500000    0.000000    0.730572    1.274598    0.643836    0.817308    0.618182    0.500000    1200        130.612245  0.087094    0.952437    55.559424   6.619092   
[36mINFO[0m 07/25 08:57:26 | 0.572727    0.462963    0.000000    0.756652    0.893205    0.657534    0.855769    0.572727    0.462963    1300        141.496599  0.090092    1.046231    56.911027   6.620130   
[36mINFO[0m 07/25 09:00:38 | 0.590909    0.574074    0.000000    0.746444    1.163779    0.589041    0.903846    0.590909    0.574074    1400        152.380952  0.069745    1.131610    78.631476   6.620130   
[36mINFO[0m 07/25 09:03:48 | 0.581818    0.481481    0.000000    0.728530    1.183311    0.630137    0.826923    0.581818    0.481481    1500        163.265306  0.058277    1.220902    68.494934   6.620252   
[36mINFO[0m 07/25 09:06:33 | 0.609091    0.407407    0.000000    0.730703    1.971592    0.547945    0.913462    0.609091    0.407407    1600        174.149660  0.061204    1.060033    59.239160   6.620252   
[36mINFO[0m 07/25 09:09:14 | 0.609091    0.518519    0.000000    0.724447    1.560154    0.602740    0.846154    0.609091    0.518519    1700        185.034014  0.064872    0.993005    60.997917   6.620252   
[36mINFO[0m 07/25 09:11:55 | 0.600000    0.481481    0.000000    0.750527    1.363405    0.616438    0.884615    0.600000    0.481481    1800        195.918367  0.071192    1.058601    55.266663   6.620252   
[36mINFO[0m 07/25 09:14:40 | 0.572727    0.574074    0.000000    0.736828    1.060189    0.589041    0.884615    0.572727    0.574074    1900        206.802721  0.063576    1.032227    61.481190   6.620252   
[36mINFO[0m 07/25 09:17:19 | 0.572727    0.500000    0.000000    0.771799    1.069772    0.630137    0.913462    0.572727    0.500000    2000        217.687075  0.057649    0.974155    61.453052   6.620252   
[36mINFO[0m 07/25 09:20:03 | 0.590909    0.537037    0.000000    0.762184    1.410422    0.630137    0.894231    0.590909    0.537037    2100        228.571429  0.055836    1.048743    59.642878   6.620252   
[36mINFO[0m 07/25 09:22:43 | 0.590909    0.518519    0.000000    0.753293    1.245825    0.602740    0.903846    0.590909    0.518519    2200        239.455782  0.062235    0.992461    60.832527   6.620252   
[36mINFO[0m 07/25 09:25:20 | 0.604545    0.425926    0.000000    0.750527    1.446782    0.616438    0.884615    0.604545    0.425926    2300        250.340136  0.068524    0.978483    58.576415   6.620252   
[36mINFO[0m 07/25 09:28:06 | 0.631818    0.537037    0.000000    0.704492    1.659461    0.630137    0.778846    0.631818    0.537037    2400        261.224490  0.051908    1.063021    60.011755   6.620252   
[36mINFO[0m 07/25 09:30:46 | 0.636364    0.481481    0.000000    0.739463    1.518992    0.671233    0.807692    0.636364    0.481481    2500        272.108844  0.058744    0.995209    60.737772   6.620252   
[36mINFO[0m 07/25 09:33:24 | 0.600000    0.481481    0.000000    0.718322    1.881181    0.561644    0.875000    0.600000    0.481481    2600        282.993197  0.050100    1.011660    57.176868   6.620252   
[36mINFO[0m 07/25 09:36:07 | 0.600000    0.444444    0.000000    0.720956    1.389760    0.643836    0.798077    0.600000    0.444444    2700        293.877551  0.058155    1.041603    57.981387   6.620252   
[36mINFO[0m 07/25 09:38:40 | 0.618182    0.555556    0.000000    0.707982    1.757506    0.589041    0.826923    0.618182    0.555556    2800        304.761905  0.052311    0.964522    57.095498   6.620252   
[36mINFO[0m 07/25 09:41:25 | 0.595455    0.425926    0.000000    0.721088    1.986571    0.547945    0.894231    0.595455    0.425926    2900        315.646259  0.050044    1.046584    59.817508   6.620252   
[36mINFO[0m 07/25 09:44:08 | 0.595455    0.518519    0.000000    0.720364    1.682372    0.575342    0.865385    0.595455    0.518519    3000        326.530612  0.045910    1.050393    58.176226   6.620252   
[36mINFO[0m 07/25 09:46:55 | 0.618182    0.481481    0.000000    0.721681    2.098975    0.616438    0.826923    0.618182    0.481481    3100        337.414966  0.054108    1.063324    60.430541   6.620252   
[36mINFO[0m 07/25 09:49:37 | 0.640909    0.481481    0.000000    0.682626    1.771942    0.547945    0.817308    0.640909    0.481481    3200        348.299320  0.043123    0.989081    63.711406   6.620252   
[36mINFO[0m 07/25 09:52:22 | 0.590909    0.555556    0.000000    0.706665    2.021306    0.547945    0.865385    0.590909    0.555556    3300        359.183673  0.045548    1.056825    59.440811   6.620252   
[36mINFO[0m 07/25 09:55:08 | 0.622727    0.481481    0.000000    0.680585    1.882461    0.534247    0.826923    0.622727    0.481481    3400        370.068027  0.048971    1.044547    61.206021   6.620252   
[36mINFO[0m 07/25 09:57:53 | 0.531818    0.425926    0.000000    0.725171    2.047785    0.575342    0.875000    0.531818    0.425926    3500        380.952381  0.041606    1.061814    58.526569   6.620252   
[36mINFO[0m 07/25 10:00:40 | 0.618182    0.500000    0.000000    0.680585    2.438237    0.534247    0.826923    0.618182    0.500000    3600        391.836735  0.044500    1.056262    61.973737   6.620252   
[36mINFO[0m 07/25 10:03:21 | 0.609091    0.407407    0.000000    0.754610    2.107709    0.643836    0.865385    0.609091    0.407407    3700        402.721088  0.043741    1.025774    57.973006   6.620252   
[36mINFO[0m 07/25 10:06:06 | 0.636364    0.388889    0.000000    0.726488    2.237185    0.616438    0.836538    0.636364    0.388889    3800        413.605442  0.040573    1.074004    57.116570   6.620252   
[36mINFO[0m 07/25 10:08:46 | 0.600000    0.462963    0.000000    0.677094    2.095307    0.575342    0.778846    0.600000    0.462963    3900        424.489796  0.051780    1.001130    60.572601   6.620252   
[36mINFO[0m 07/25 10:11:23 | 0.622727    0.611111    0.000000    0.728530    2.196287    0.630137    0.826923    0.622727    0.611111    4000        435.374150  0.039141    1.014612    55.377501   6.620252   
[36mINFO[0m 07/25 10:14:12 | 0.600000    0.425926    0.000000    0.686710    1.997491    0.575342    0.798077    0.600000    0.425926    4100        446.258503  0.043541    1.086781    59.939834   6.620252   
[36mINFO[0m 07/25 10:16:55 | 0.618182    0.462963    0.000000    0.734062    1.952728    0.602740    0.865385    0.618182    0.462963    4200        457.142857  0.036611    1.035185    59.940618   6.620252   
[36mINFO[0m 07/25 10:19:38 | 0.581818    0.518519    0.000000    0.719639    1.617948    0.602740    0.836538    0.581818    0.518519    4300        468.027211  0.048229    1.064416    56.685234   6.620252   
[36mINFO[0m 07/25 10:22:20 | 0.568182    0.500000    0.000000    0.758693    1.685103    0.671233    0.846154    0.568182    0.500000    4400        478.911565  0.030821    1.007684    61.093296   6.620252   
[36mINFO[0m 07/25 10:24:53 | 0.609091    0.592593    0.000000    0.688159    2.070886    0.520548    0.855769    0.609091    0.592593    4500        489.795918  0.050874    0.966948    55.755229   6.620252   
[36mINFO[0m 07/25 10:27:38 | 0.640909    0.518519    0.000000    0.708707    2.175027    0.561644    0.855769    0.640909    0.518519    4600        500.680272  0.043488    1.081028    57.275970   6.620252   
[36mINFO[0m 07/25 10:30:22 | 0.590909    0.407407    0.000000    0.695008    2.069192    0.534247    0.855769    0.590909    0.407407    4700        511.564626  0.043676    1.002258    63.618984   6.620252   
[36mINFO[0m 07/25 10:32:57 | 0.590909    0.555556    0.000000    0.721681    1.912856    0.616438    0.826923    0.590909    0.555556    4800        522.448980  0.034936    0.998725    55.562044   6.620252   
[36mINFO[0m 07/25 10:35:42 | 0.586364    0.481481    0.000000    0.682626    2.460913    0.547945    0.817308    0.586364    0.481481    4900        533.333333  0.036052    1.063058    58.285764   6.620252   
[36mINFO[0m 07/25 10:38:22 | 0.627273    0.537037    0.000000    0.723130    2.223367    0.561644    0.884615    0.627273    0.537037    5000        544.217687  0.030019    0.980029    61.988097   6.620252   
[36mINFO[0m 07/25 10:38:22 | ---
[36mINFO[0m 07/25 10:38:22 | oracle = 55.455%
[36mINFO[0m 07/25 10:38:22 | iid = 57.273%
[36mINFO[0m 07/25 10:38:22 | last = 62.727%
[36mINFO[0m 07/25 10:38:22 | last (inD) = 72.313%
[36mINFO[0m 07/25 10:38:22 | iid (inD) = 77.180%
[36mINFO[0m 07/25 10:38:22 | === Summary ===
[36mINFO[0m 07/25 10:38:22 | Command: /home/kxrgzn/lzh/GGA/train_all.py HTP_Fish_seed4 --dataset HTP --data_dir /home/kxrgzn/lzh/GGA/dataset --algorithm Fish --steps 5000 --checkpoint_freq 100 --batch_size 32 --optimizer adam --lr 5e-5 --weight_decay 0 --resnet_dropout 0 --resnet18 False --pretrained True --freeze_bn True --swad False --seed 4 --trial_seed 4 --deterministic --meta_lr 0.5
[36mINFO[0m 07/25 10:38:22 | Unique name: 260725_02-47-29_HTP_Fish_seed4
[36mINFO[0m 07/25 10:38:22 | Out path: train_output/HTP/260725_02-47-29_HTP_Fish_seed4
[36mINFO[0m 07/25 10:38:22 | Algorithm: Fish
[36mINFO[0m 07/25 10:38:22 | Dataset: HTP
+------------+---------+---------+---------+---------+
| Selection  |    00   |    01   |    02   |   Avg.  |
+------------+---------+---------+---------+---------+
|   oracle   | 57.143% | 61.337% | 55.455% | 57.978% |
|    iid     | 56.122% | 57.041% | 57.273% | 56.812% |
|    last    | 58.503% | 57.995% | 62.727% | 59.742% |
| last (inD) | 74.786% | 65.043% | 72.313% | 70.714% |
| iid (inD)  | 77.048% | 68.265% | 77.180% | 74.164% |
+------------+---------+---------+---------+---------+
