Algorithm: iDAG_SWAD
Physical GPU: 3
Seeds: [0, 1, 2, 3, 4]
Dataset: /home/s21_yhr/lzh/DomainBed-new/dataset/HTP

================================================================================
Starting iDAG_SWAD, seed=0, physical GPU=3
/home/s21_yhr/miniconda3/envs/GGA/bin/python /home/s21_yhr/lzh/DomainBed-new/train_all.py HTP_iDAG_SWAD_seed0 --dataset HTP --data_dir /home/s21_yhr/lzh/DomainBed-new/dataset --algorithm iDAG --steps 5000 --checkpoint_freq 100 --batch_size 32 --optimizer adam --lr 5e-5 --weight_decay 0 --resnet_dropout 0 --resnet18 False --pretrained True --freeze_bn True --swad LossValley --seed 0 --trial_seed 0 --deterministic --prebuild_loader --cache_size 640 --out_dim 512 --hidden_size 512 --num_hidden_layers 0 --dag_anneal_steps 200 --temperature 0.07 --ema_ratio 0.99 --lambda1 0.01 --lambda2 0.01 --rho 1.0 --alpha 1.0 --rho_max 100.0 --weight_mu 1.0 --weight_nu 1.0
================================================================================
[36mINFO[0m 08/01 21:16:48 | Command :: /home/s21_yhr/lzh/DomainBed-new/train_all.py HTP_iDAG_SWAD_seed0 --dataset HTP --data_dir /home/s21_yhr/lzh/DomainBed-new/dataset --algorithm iDAG --steps 5000 --checkpoint_freq 100 --batch_size 32 --optimizer adam --lr 5e-5 --weight_decay 0 --resnet_dropout 0 --resnet18 False --pretrained True --freeze_bn True --swad LossValley --seed 0 --trial_seed 0 --deterministic --prebuild_loader --cache_size 640 --out_dim 512 --hidden_size 512 --num_hidden_layers 0 --dag_anneal_steps 200 --temperature 0.07 --ema_ratio 0.99 --lambda1 0.01 --lambda2 0.01 --rho 1.0 --alpha 1.0 --rho_max 100.0 --weight_mu 1.0 --weight_nu 1.0
Environment:
	Python: 3.11.15
	PyTorch: 2.11.0+cu128
	Torchvision: 0.26.0+cu128
	CUDA: 12.8
	CUDNN: 91900
	NumPy: 1.26.4
	PIL: 12.2.0
Args:
	algorithm: iDAG
	batch_size: 32
	cache_root: cache
	cache_size: 640
	checkpoint_freq: 100
	configs: []
	data_dir: /home/s21_yhr/lzh/DomainBed-new/dataset
	dataset: HTP
	debug: False
	deterministic: True
	end_step: 200
	evalmode: fast
	extra_search: n
	extra_search_end: None
	extra_search_start: None
	gga_l_gamma: 0.001
	grad_fn: sum
	holdout_fraction: 0.2
	model_save: None
	name: HTP_iDAG_SWAD_seed0
	neighborhoodSize: 1e-06
	out_dir: train_output/HTP/260801_21-16-48_HTP_iDAG_SWAD_seed0
	out_root: train_output/HTP
	prebuild_loader: True
	seed: 0
	show: False
	start_step: 100
	steps: 5000
	tb_freq: 10
	test_envs: None
	train_output: train_output
	trial_seed: 0
	unique_name: 260801_21-16-48_HTP_iDAG_SWAD_seed0
	work_dir: .
HParams:
	data_augmentation: True
	val_augment: False
	[36mresnet18: False
	[0m[36mresnet_dropout: 0
	[0mclass_balanced: False
	[36moptimizer: adam
	[0m[36mfreeze_bn: True
	[0m[36mpretrained: True
	[0m[36mlr: 5e-05
	[0mbatch_size: 32
	[36mweight_decay: 0
	[0m[36mhidden_size: 512
	[0m[36mout_dim: 512
	[0m[36mnum_hidden_layers: 0
	[0m[36mdag_anneal_steps: 200
	[0m[36mtemperature: 0.07
	[0m[36mema_ratio: 0.99
	[0m[36mlambda1: 0.01
	[0m[36mlambda2: 0.01
	[0m[36mrho_max: 100.0
	[0m[36mrho: 1.0
	[0m[36malpha: 1.0
	[0m[36mweight_nu: 1.0
	[0m[36mweight_mu: 1.0
	[0m[36mswad: LossValley
	[0mswad_kwargs: 
	  n_converge: 3
	  n_tolerance: 6
	  tolerance_ratio: 0.3
	test_batchsize: 128
	indomain_test: False
	grad_fn: sum
	extra_search: n
	logdir: train_output/HTP/260801_21-16-48_HTP_iDAG_SWAD_seed0
	neighborhoodSize: 1e-06
	start_step: 100
	end_step: 200
	extra_search_start: None
	extra_search_end: None
	gga_l_gamma: 0.001
Dataset:
	[HTP] #envs=3, #classes=2
	env0: 00 (#367)
	env1: 01 (#523)
	env2: 02 (#274)

[36mINFO[0m 08/01 21:16:49 | n_steps = 5000
[36mINFO[0m 08/01 21:16:49 | checkpoint_freq = 100
[36mINFO[0m 08/01 21:16:49 | n_steps is updated to 5000 => 5001 for checkpointing
[36mINFO[0m 08/01 21:16:49 | Target test envs = [[0], [1], [2]]
[36mINFO[0m 08/01 21:16:49 | 
[36mINFO[0m 08/01 21:16:49 | Testenv name escaping te_00 -> te_00
[36mINFO[0m 08/01 21:16:49 | Test envs = [0], name = te_00
[36mINFO[0m 08/01 21:16:49 | Batch sizes for each domain: [0, 32, 32] (total=64)
[36mINFO[0m 08/01 21:16:49 | steps-per-epoch for each domain: 13.09, 6.88 -> min = 6.88
/home/s21_yhr/miniconda3/envs/GGA/lib/python3.11/site-packages/torchvision/models/_utils.py:208: UserWarning: The parameter 'pretrained' is deprecated since 0.13 and may be removed in the future, please use 'weights' instead.
  warnings.warn(
/home/s21_yhr/miniconda3/envs/GGA/lib/python3.11/site-packages/torchvision/models/_utils.py:223: UserWarning: Arguments other than a weight enum or `None` for 'weights' are deprecated since 0.13 and may be removed in the future. The current behavior is equivalent to passing `weights=ResNet50_Weights.IMAGENET1K_V1`. You can also use `weights=ResNet50_Weights.DEFAULT` to get the most up-to-date weights.
  warnings.warn(msg)
[36mINFO[0m 08/01 21:16:51 | # of params = 25349190
/home/s21_yhr/lzh/DomainBed-new/domainbed/algorithms/algorithms.py:161: UserWarning: The use of `x.T` on tensors of dimension other than 2 to reverse their shape is deprecated and it will throw an error in a future release. Consider `x.mT` to transpose batches of matrices or `x.permute(*torch.arange(x.ndim - 1, -1, -1))` to reverse the dimensions of a tensor. (Triggered internally at /pytorch/aten/src/ATen/native/TensorShape.cpp:4480.)
  mask_neg = torch.not_equal(labels, labels.T)
[36mINFO[0m 08/01 21:16:53 | test_in     test_out    train_in    train_out   test_in_au  test_out_a  train_out_  tr_outloss  env0_in     env0_in_au  env0_out    env0_out_a  env1_out    env1_out_a  env2_out    env2_out_a  step        epoch       loss        inv_ce      l2          penalty     l1          cl          step_time   eval_time   mem_gb     
[36mINFO[0m 08/01 21:16:53 | 0.568027    0.589041    0.000000    0.585114    0.462491    0.424031    0.662753    0.689350    0.568027    0.462491    0.589041    0.424031    0.596154    0.635227    0.574074    0.690278    0           0.000000    1.198598    0.691805    0.016943    0.000000    0.000019    0.893184    0.975366    0.584303    5.451521   
[36mINFO[0m 08/01 21:17:09 | 0.564626    0.506849    0.000000    0.700499    0.588388    0.464341    0.745581    0.598788    0.564626    0.588388    0.506849    0.464341    0.826923    0.898106    0.574074    0.593056    100         14.545455   1.099050    0.489395    0.016900    0.000000    0.000019    1.060194    0.127061    0.406952    5.890347   
[36mINFO[0m 08/01 21:17:24 | 0.503401    0.465753    0.000000    0.595442    0.522014    0.486822    0.732071    0.991763    0.503401    0.522014    0.465753    0.486822    0.653846    0.886364    0.537037    0.577778    200         29.090909   0.600056    0.279696    0.016856    0.000000    0.000019    0.563980    0.125307    0.399006    6.078973   
[36mINFO[0m 08/01 21:17:40 | 0.544218    0.602740    0.000000    0.642806    0.472553    0.517054    0.760290    1.158247    0.544218    0.472553    0.602740    0.517054    0.711538    0.913636    0.574074    0.606944    300         43.636364   0.621507    0.215379    0.008056    0.000000    0.000022    0.398049    0.133143    0.422601    6.275865   
Model converged at step 100, Start step = 1; Threshold = 1.191146, 
[36mINFO[0m 08/01 21:18:01 | 0.561224    0.602740    0.000000    0.670940    0.563539    0.521705    0.749495    0.903817    0.561224    0.563539    0.602740    0.521705    0.730769    0.904545    0.611111    0.594444    400         58.181818   0.480120    0.162733    0.008068    0.000000    0.000023    0.309296    0.135147    0.412706    6.655742   
[36mINFO[0m 08/01 21:18:17 | 0.554422    0.520548    0.000000    0.700142    0.546485    0.488372    0.743371    1.126125    0.554422    0.546485    0.520548    0.488372    0.807692    0.890909    0.592593    0.595833    500         72.727273   0.415236    0.138675    0.008028    0.000000    0.000023    0.268510    0.135063    0.406270    6.847196   
[36mINFO[0m 08/01 21:18:34 | 0.571429    0.547945    0.000000    0.695335    0.559807    0.547287    0.726957    1.168815    0.571429    0.559807    0.547945    0.547287    0.798077    0.888636    0.592593    0.565278    600         87.272727   0.322037    0.109103    0.007998    0.000000    0.000023    0.204913    0.135204    0.400527    7.038103   
[36mINFO[0m 08/01 21:18:52 | 0.561224    0.575342    0.000000    0.719373    0.559382    0.518605    0.754293    1.121470    0.561224    0.559382    0.575342    0.518605    0.846154    0.919697    0.592593    0.588889    700         101.818182  0.325693    0.110205    0.007931    0.000000    0.000023    0.207534    0.134673    0.402174    7.222100   
[36mINFO[0m 08/01 21:19:10 | 0.540816    0.506849    0.000000    0.619836    0.579176    0.546512    0.731755    1.224178    0.540816    0.579176    0.506849    0.546512    0.721154    0.899621    0.518519    0.563889    800         116.363636  0.334371    0.110346    0.007853    0.000000    0.000023    0.216149    0.133478    0.407021    7.229152   
[36mINFO[0m 08/01 21:19:28 | 0.537415    0.506849    0.000000    0.681980    0.533636    0.516279    0.737563    1.328408    0.537415    0.533636    0.506849    0.516279    0.826923    0.918182    0.537037    0.556944    900         130.909091  0.292939    0.098082    0.007759    0.000000    0.000023    0.187075    0.135181    0.409776    7.237442   
[36mINFO[0m 08/01 21:19:46 | 0.585034    0.616438    0.000000    0.770833    0.583995    0.524806    0.755997    1.205384    0.585034    0.583995    0.616438    0.524806    0.875000    0.910606    0.666667    0.601389    1000        145.454545  0.248564    0.083845    0.007651    0.000000    0.000023    0.157045    0.135661    0.400850    7.237442   
[36mINFO[0m 08/01 21:20:03 | 0.523810    0.616438    0.000000    0.751603    0.543320    0.494574    0.767235    1.012833    0.523810    0.543320    0.616438    0.494574    0.836538    0.917803    0.666667    0.616667    1100        160.000000  0.277581    0.090025    0.007593    0.000000    0.000023    0.179940    0.135779    0.401908    7.241240   
[36mINFO[0m 08/01 21:20:21 | 0.568027    0.575342    0.000000    0.742343    0.566704    0.524031    0.772285    1.349084    0.568027    0.566704    0.575342    0.524031    0.836538    0.905682    0.648148    0.638889    1200        174.545455  0.205095    0.068637    0.007502    0.000000    0.000023    0.128933    0.134334    0.395764    7.243946   
[36mINFO[0m 08/01 21:20:39 | 0.564626    0.575342    0.000000    0.741987    0.551587    0.518605    0.768056    1.239775    0.564626    0.551587    0.575342    0.518605    0.817308    0.900000    0.666667    0.636111    1300        189.090909  0.220505    0.073519    0.007399    0.000000    0.000023    0.139563    0.136915    0.429850    7.243946   
[36mINFO[0m 08/01 21:20:57 | 0.554422    0.520548    0.000000    0.723825    0.547052    0.510078    0.787058    1.279643    0.554422    0.547052    0.520548    0.510078    0.836538    0.931061    0.611111    0.643056    1400        203.636364  0.171889    0.054920    0.007275    0.000000    0.000023    0.109670    0.135855    0.429165    7.243946   
[36mINFO[0m 08/01 21:21:15 | 0.557823    0.534247    0.000000    0.714209    0.545163    0.512403    0.749558    1.343711    0.557823    0.545163    0.534247    0.512403    0.817308    0.897727    0.611111    0.601389    1500        218.181818  0.213069    0.070589    0.007213    0.000000    0.000023    0.135244    0.133713    0.415675    7.243946   
[36mINFO[0m 08/01 21:21:33 | 0.554422    0.561644    0.000000    0.695335    0.515448    0.438760    0.771970    1.261543    0.554422    0.515448    0.561644    0.438760    0.798077    0.918939    0.592593    0.625000    1600        232.727273  0.215005    0.069795    0.007156    0.000000    0.000023    0.138031    0.134486    0.414676    7.243946   
[36mINFO[0m 08/01 21:21:49 | 0.544218    0.589041    0.000000    0.714209    0.522251    0.506977    0.744066    1.266654    0.544218    0.522251    0.589041    0.506977    0.817308    0.886742    0.611111    0.601389    1700        247.272727  0.187493    0.061464    0.007086    0.000000    0.000023    0.118920    0.135480    0.405236    7.243946   
Valley is dead at step 1100
[36mINFO[0m 08/01 21:21:50 | SWAD valley is dead -> early stop !
[36mINFO[0m 08/01 21:21:50 | ---
[33mWARNING[0m 08/01 21:21:50 | Evaluate SWAD ...
[36mINFO[0m 08/01 21:21:51 | 0.571429    0.589041    0.000000    0.566239    0.567035    0.537209    0.759848    0.721364    0.571429    0.567035    0.589041    0.537209    0.576923    0.890530    0.555556    0.629167    [1-1100]  (N=14)
[36mINFO[0m 08/01 21:21:51 | oracle = 58.503%
[36mINFO[0m 08/01 21:21:51 | iid = 58.503%
[36mINFO[0m 08/01 21:21:51 | last = 54.422%
[36mINFO[0m 08/01 21:21:51 | last (inD) = 71.421%
[36mINFO[0m 08/01 21:21:51 | iid (inD) = 77.083%
[36mINFO[0m 08/01 21:21:51 | SWAD = 57.143%
[36mINFO[0m 08/01 21:21:51 | SWAD (inD) = 56.624%
[36mINFO[0m 08/01 21:21:51 | 
[36mINFO[0m 08/01 21:21:51 | Testenv name escaping te_01 -> te_01
[36mINFO[0m 08/01 21:21:51 | Test envs = [1], name = te_01
[36mINFO[0m 08/01 21:21:51 | Batch sizes for each domain: [32, 0, 32] (total=64)
[36mINFO[0m 08/01 21:21:51 | steps-per-epoch for each domain: 9.19, 6.88 -> min = 6.88
/home/s21_yhr/miniconda3/envs/GGA/lib/python3.11/site-packages/torchvision/models/_utils.py:208: UserWarning: The parameter 'pretrained' is deprecated since 0.13 and may be removed in the future, please use 'weights' instead.
  warnings.warn(
/home/s21_yhr/miniconda3/envs/GGA/lib/python3.11/site-packages/torchvision/models/_utils.py:223: UserWarning: Arguments other than a weight enum or `None` for 'weights' are deprecated since 0.13 and may be removed in the future. The current behavior is equivalent to passing `weights=ResNet50_Weights.IMAGENET1K_V1`. You can also use `weights=ResNet50_Weights.DEFAULT` to get the most up-to-date weights.
  warnings.warn(msg)
[36mINFO[0m 08/01 21:21:55 | # of params = 25349190
[36mINFO[0m 08/01 21:21:55 | test_in     test_out    train_in    train_out   test_in_au  train_out_  tr_outloss  test_out_a  env0_out    env0_out_a  env1_in     env1_in_au  env1_out    env1_out_a  env2_out    env2_out_a  step        epoch       loss        inv_ce      l2          penalty     l1          cl          step_time   eval_time   mem_gb     
[36mINFO[0m 08/01 21:21:55 | 0.544153    0.576923    0.000000    0.583968    0.523438    0.530329    0.691793    0.527273    0.575342    0.502326    0.544153    0.523438    0.576923    0.527273    0.592593    0.558333    0           0.000000    1.317980    0.698639    0.016973    0.000000    0.000019    1.087884    0.134933    0.595132    5.454577   
[36mINFO[0m 08/01 21:22:11 | 0.474940    0.461538    0.000000    0.553399    0.552234    0.573708    0.887177    0.392045    0.643836    0.608527    0.474940    0.552234    0.461538    0.392045    0.462963    0.538889    100         14.545455   1.132716    0.517243    0.016938    0.000000    0.000019    1.086004    0.125235    0.467183    5.889874   
[36mINFO[0m 08/01 21:22:26 | 0.508353    0.509615    0.000000    0.583206    0.569904    0.607865    0.918656    0.478409    0.684932    0.697674    0.508353    0.569904    0.509615    0.478409    0.481481    0.518056    200         29.090909   0.604230    0.291999    0.016948    0.000000    0.000019    0.576896    0.125273    0.491430    6.077973   
Model converged at step 0, Start step = 1; Threshold = 1.082305, 
[36mINFO[0m 08/01 21:22:44 | 0.565632    0.480769    0.000000    0.604135    0.523142    0.654054    1.147521    0.443182    0.671233    0.684496    0.565632    0.523142    0.480769    0.443182    0.537037    0.623611    300         43.636364   0.569862    0.198766    0.008051    0.000000    0.000022    0.363024    0.132567    0.493438    6.284285   
[36mINFO[0m 08/01 21:23:02 | 0.491647    0.509615    0.000000    0.558219    0.539945    0.614939    1.474050    0.454924    0.616438    0.653488    0.491647    0.539945    0.509615    0.454924    0.500000    0.576389    400         58.181818   0.479546    0.160298    0.008161    0.000000    0.000023    0.311064    0.131926    0.554008    6.470450   
[36mINFO[0m 08/01 21:23:20 | 0.489260    0.471154    0.000000    0.544521    0.594642    0.592781    1.810942    0.485985    0.589041    0.614729    0.489260    0.594642    0.471154    0.485985    0.500000    0.570833    500         72.727273   0.342122    0.116808    0.008222    0.000000    0.000023    0.217069    0.132051    0.469812    6.661987   
[36mINFO[0m 08/01 21:23:37 | 0.496420    0.509615    0.000000    0.569888    0.503306    0.640068    1.474473    0.446591    0.602740    0.675969    0.496420    0.503306    0.509615    0.446591    0.537037    0.604167    600         87.272727   0.322167    0.105185    0.008222    0.000000    0.000023    0.208737    0.132609    0.514744    6.850106   
[36mINFO[0m 08/01 21:23:55 | 0.546539    0.586538    0.000000    0.627473    0.636183    0.631444    1.684329    0.589773    0.643836    0.650388    0.546539    0.636183    0.586538    0.589773    0.611111    0.612500    700         101.818182  0.279589    0.090291    0.008131    0.000000    0.000023    0.181145    0.132883    0.484516    7.038371   
[36mINFO[0m 08/01 21:24:13 | 0.479714    0.538462    0.000000    0.606164    0.535955    0.600517    1.637768    0.503030    0.712329    0.656589    0.479714    0.535955    0.538462    0.503030    0.500000    0.544444    800         116.363636  0.260456    0.086360    0.008039    0.000000    0.000023    0.166034    0.133437    0.484570    7.047287   
Valley is dead at step 200
[36mINFO[0m 08/01 21:24:13 | SWAD valley is dead -> early stop !
[36mINFO[0m 08/01 21:24:13 | ---
[33mWARNING[0m 08/01 21:24:13 | Evaluate SWAD ...
[36mINFO[0m 08/01 21:24:14 | 0.496420    0.567308    0.000000    0.583587    0.503967    0.639664    0.672158    0.384848    0.630137    0.634884    0.496420    0.503967    0.567308    0.384848    0.537037    0.644444    [1-200]  (N=7)
[36mINFO[0m 08/01 21:24:14 | oracle = 54.654%
[36mINFO[0m 08/01 21:24:14 | iid = 54.654%
[36mINFO[0m 08/01 21:24:14 | last = 47.971%
[36mINFO[0m 08/01 21:24:14 | last (inD) = 60.616%
[36mINFO[0m 08/01 21:24:14 | iid (inD) = 62.747%
[36mINFO[0m 08/01 21:24:14 | SWAD = 49.642%
[36mINFO[0m 08/01 21:24:14 | SWAD (inD) = 58.359%
[36mINFO[0m 08/01 21:24:15 | 
[36mINFO[0m 08/01 21:24:15 | Testenv name escaping te_02 -> te_02
[36mINFO[0m 08/01 21:24:15 | Test envs = [2], name = te_02
[36mINFO[0m 08/01 21:24:15 | Batch sizes for each domain: [32, 32, 0] (total=64)
[36mINFO[0m 08/01 21:24:15 | steps-per-epoch for each domain: 9.19, 13.09 -> min = 9.19
/home/s21_yhr/miniconda3/envs/GGA/lib/python3.11/site-packages/torchvision/models/_utils.py:208: UserWarning: The parameter 'pretrained' is deprecated since 0.13 and may be removed in the future, please use 'weights' instead.
  warnings.warn(
/home/s21_yhr/miniconda3/envs/GGA/lib/python3.11/site-packages/torchvision/models/_utils.py:223: UserWarning: Arguments other than a weight enum or `None` for 'weights' are deprecated since 0.13 and may be removed in the future. The current behavior is equivalent to passing `weights=ResNet50_Weights.IMAGENET1K_V1`. You can also use `weights=ResNet50_Weights.DEFAULT` to get the most up-to-date weights.
  warnings.warn(msg)
[36mINFO[0m 08/01 21:24:18 | # of params = 25349190
[36mINFO[0m 08/01 21:24:19 | test_in     test_out    train_in    train_out   test_in_au  train_out_  tr_outloss  test_out_a  env0_out    env0_out_a  env1_out    env1_out_a  env2_in     env2_in_au  env2_out    env2_out_a  step        epoch       loss        inv_ce      l2          penalty     l1          cl          step_time   eval_time   mem_gb     
[36mINFO[0m 08/01 21:24:19 | 0.413636    0.444444    0.000000    0.500790    0.394505    0.584316    0.693621    0.418056    0.424658    0.503101    0.576923    0.665530    0.413636    0.394505    0.444444    0.418056    0           0.000000    1.473831    0.692868    0.016940    0.000000    0.000019    1.288635    0.132411    0.372725    5.454577   
[36mINFO[0m 08/01 21:24:34 | 0.531818    0.722222    0.000000    0.708707    0.592414    0.783703    0.528722    0.772222    0.561644    0.632558    0.855769    0.934848    0.531818    0.592414    0.722222    0.772222    100         10.884354   1.307728    0.547037    0.017029    0.000000    0.000019    1.302867    0.127286    0.329581    5.889874   
[36mINFO[0m 08/01 21:24:50 | 0.613636    0.611111    0.000000    0.652331    0.628228    0.745811    1.006232    0.656944    0.602740    0.614729    0.701923    0.876894    0.613636    0.628228    0.611111    0.656944    200         21.768707   0.816254    0.360442    0.017117    0.000000    0.000019    0.780866    0.125336    0.330338    6.077973   
[36mINFO[0m 08/01 21:25:06 | 0.522727    0.629630    0.000000    0.727213    0.549488    0.791614    0.602929    0.734722    0.589041    0.662016    0.865385    0.921212    0.522727    0.549488    0.629630    0.734722    300         32.653061   0.785180    0.255102    0.008573    0.000000    0.000022    0.521483    0.134404    0.329225    6.284285   
Model converged at step 100, Start step = -1; Threshold = 0.926416, 
[36mINFO[0m 08/01 21:25:23 | 0.600000    0.722222    0.000000    0.727213    0.625349    0.772450    0.721590    0.719444    0.589041    0.625581    0.865385    0.919318    0.600000    0.625349    0.722222    0.719444    400         43.537415   0.540470    0.172870    0.008668    0.000000    0.000023    0.358909    0.135517    0.374992    6.652690   
[36mINFO[0m 08/01 21:25:39 | 0.531818    0.703704    0.000000    0.683944    0.643722    0.782025    0.878590    0.769444    0.589041    0.668217    0.778846    0.895833    0.531818    0.643722    0.703704    0.769444    500         54.421769   0.485772    0.144491    0.008692    0.000000    0.000023    0.332566    0.134286    0.328178    6.847806   
[36mINFO[0m 08/01 21:25:56 | 0.563636    0.703704    0.000000    0.762777    0.531284    0.769935    0.937840    0.758333    0.698630    0.620930    0.826923    0.918939    0.563636    0.531284    0.703704    0.758333    600         65.306122   0.423602    0.125486    0.008624    0.000000    0.000023    0.289469    0.134428    0.370370    7.037024   
[36mINFO[0m 08/01 21:26:13 | 0.554545    0.685185    0.000000    0.695008    0.591821    0.780968    0.871449    0.770833    0.534247    0.641860    0.855769    0.920076    0.554545    0.591821    0.685185    0.770833    700         76.190476   0.351912    0.103507    0.008547    0.000000    0.000023    0.239835    0.135755    0.327028    7.225034   
[36mINFO[0m 08/01 21:26:31 | 0.586364    0.629630    0.000000    0.693559    0.608839    0.793759    0.741228    0.701389    0.589041    0.667442    0.798077    0.920076    0.586364    0.608839    0.629630    0.701389    800         87.074830   0.355519    0.103488    0.008452    0.000000    0.000023    0.243557    0.135033    0.344878    7.232570   
[36mINFO[0m 08/01 21:26:49 | 0.559091    0.703704    0.000000    0.725764    0.592922    0.769464    0.936010    0.725000    0.643836    0.662791    0.807692    0.876136    0.559091    0.592922    0.703704    0.725000    900         97.959184   0.340973    0.099637    0.008407    0.000000    0.000023    0.232907    0.134303    0.337603    7.241359   
[36mINFO[0m 08/01 21:27:07 | 0.604545    0.666667    0.000000    0.714831    0.628313    0.794446    0.895890    0.748611    0.602740    0.661240    0.826923    0.927652    0.604545    0.628313    0.666667    0.748611    1000        108.843537  0.288274    0.079017    0.008235    0.000000    0.000023    0.200999    0.132787    0.349746    7.241705   
[36mINFO[0m 08/01 21:27:25 | 0.577273    0.666667    0.000000    0.755927    0.570739    0.804092    0.860363    0.762500    0.684932    0.710078    0.826923    0.898106    0.577273    0.570739    0.666667    0.762500    1100        119.727891  0.290359    0.083791    0.008140    0.000000    0.000023    0.198406    0.135237    0.343221    7.242095   
[36mINFO[0m 08/01 21:27:43 | 0.559091    0.740741    0.000000    0.738145    0.601304    0.745085    1.028777    0.794444    0.630137    0.567442    0.846154    0.922727    0.559091    0.601304    0.740741    0.794444    1200        130.612245  0.265678    0.074566    0.008026    0.000000    0.000023    0.183062    0.134164    0.353490    7.246597   
[36mINFO[0m 08/01 21:28:01 | 0.522727    0.666667    0.000000    0.664120    0.599018    0.735778    1.070366    0.704167    0.520548    0.565116    0.807692    0.906439    0.522727    0.599018    0.666667    0.704167    1300        141.496599  0.257446    0.070339    0.007883    0.000000    0.000023    0.179201    0.134350    0.358400    7.246597   
[36mINFO[0m 08/01 21:28:18 | 0.572727    0.629630    0.000000    0.708707    0.608077    0.750586    1.224154    0.718056    0.561644    0.601550    0.855769    0.899621    0.572727    0.608077    0.629630    0.718056    1400        152.380952  0.275836    0.076759    0.007771    0.000000    0.000023    0.191283    0.133801    0.363029    7.247238   
[36mINFO[0m 08/01 21:28:36 | 0.577273    0.703704    0.000000    0.732613    0.593684    0.786531    0.931189    0.730556    0.657534    0.681395    0.807692    0.891667    0.577273    0.593684    0.703704    0.730556    1500        163.265306  0.257755    0.071173    0.007679    0.000000    0.000023    0.178879    0.133233    0.342589    7.247238   
[36mINFO[0m 08/01 21:28:54 | 0.522727    0.629630    0.000000    0.710024    0.508932    0.727348    1.201719    0.680556    0.602740    0.556589    0.817308    0.898106    0.522727    0.508932    0.629630    0.680556    1600        174.149660  0.247233    0.070731    0.007576    0.000000    0.000023    0.168903    0.134946    0.364053    7.247321   
[36mINFO[0m 08/01 21:29:12 | 0.559091    0.703704    0.000000    0.689476    0.582338    0.756426    1.209702    0.791667    0.561644    0.615504    0.817308    0.897348    0.559091    0.582338    0.703704    0.791667    1700        185.034014  0.218153    0.062087    0.007443    0.000000    0.000023    0.148600    0.134700    0.346149    7.247321   
Valley is dead at step 1100
[36mINFO[0m 08/01 21:29:12 | SWAD valley is dead -> early stop !
[36mINFO[0m 08/01 21:29:12 | ---
[33mWARNING[0m 08/01 21:29:12 | Evaluate SWAD ...
[36mINFO[0m 08/01 21:29:13 | 0.600000    0.537037    0.000000    0.636459    0.589112    0.779528    0.628746    0.780556    0.657534    0.631783    0.615385    0.927273    0.600000    0.589112    0.537037    0.780556    [1-1100]  (N=11)
[36mINFO[0m 08/01 21:29:13 | oracle = 55.909%
[36mINFO[0m 08/01 21:29:13 | iid = 56.364%
[36mINFO[0m 08/01 21:29:13 | last = 55.909%
[36mINFO[0m 08/01 21:29:13 | last (inD) = 68.948%
[36mINFO[0m 08/01 21:29:13 | iid (inD) = 76.278%
[36mINFO[0m 08/01 21:29:13 | SWAD = 60.000%
[36mINFO[0m 08/01 21:29:13 | SWAD (inD) = 63.646%
[36mINFO[0m 08/01 21:29:14 | === Summary ===
[36mINFO[0m 08/01 21:29:14 | Command: /home/s21_yhr/lzh/DomainBed-new/train_all.py HTP_iDAG_SWAD_seed0 --dataset HTP --data_dir /home/s21_yhr/lzh/DomainBed-new/dataset --algorithm iDAG --steps 5000 --checkpoint_freq 100 --batch_size 32 --optimizer adam --lr 5e-5 --weight_decay 0 --resnet_dropout 0 --resnet18 False --pretrained True --freeze_bn True --swad LossValley --seed 0 --trial_seed 0 --deterministic --prebuild_loader --cache_size 640 --out_dim 512 --hidden_size 512 --num_hidden_layers 0 --dag_anneal_steps 200 --temperature 0.07 --ema_ratio 0.99 --lambda1 0.01 --lambda2 0.01 --rho 1.0 --alpha 1.0 --rho_max 100.0 --weight_mu 1.0 --weight_nu 1.0
[36mINFO[0m 08/01 21:29:14 | Unique name: 260801_21-16-48_HTP_iDAG_SWAD_seed0
[36mINFO[0m 08/01 21:29:14 | Out path: train_output/HTP/260801_21-16-48_HTP_iDAG_SWAD_seed0
[36mINFO[0m 08/01 21:29:14 | Algorithm: iDAG
[36mINFO[0m 08/01 21:29:14 | Dataset: HTP
+------------+---------+---------+---------+---------+
| Selection  |    00   |    01   |    02   |   Avg.  |
+------------+---------+---------+---------+---------+
|   oracle   | 58.503% | 54.654% | 55.909% | 56.355% |
|    iid     | 58.503% | 54.654% | 56.364% | 56.507% |
|    last    | 54.422% | 47.971% | 55.909% | 52.767% |
| last (inD) | 71.421% | 60.616% | 68.948% | 66.995% |
| iid (inD)  | 77.083% | 62.747% | 76.278% | 72.036% |
|    SWAD    | 57.143% | 49.642% | 60.000% | 55.595% |
| SWAD (inD) | 56.624% | 58.359% | 63.646% | 59.543% |
+------------+---------+---------+---------+---------+
================================================================================
Starting iDAG_SWAD, seed=1, physical GPU=3
/home/s21_yhr/miniconda3/envs/GGA/bin/python /home/s21_yhr/lzh/DomainBed-new/train_all.py HTP_iDAG_SWAD_seed1 --dataset HTP --data_dir /home/s21_yhr/lzh/DomainBed-new/dataset --algorithm iDAG --steps 5000 --checkpoint_freq 100 --batch_size 32 --optimizer adam --lr 5e-5 --weight_decay 0 --resnet_dropout 0 --resnet18 False --pretrained True --freeze_bn True --swad LossValley --seed 1 --trial_seed 1 --deterministic --prebuild_loader --cache_size 640 --out_dim 512 --hidden_size 512 --num_hidden_layers 0 --dag_anneal_steps 200 --temperature 0.07 --ema_ratio 0.99 --lambda1 0.01 --lambda2 0.01 --rho 1.0 --alpha 1.0 --rho_max 100.0 --weight_mu 1.0 --weight_nu 1.0
================================================================================
[36mINFO[0m 08/01 21:29:19 | Command :: /home/s21_yhr/lzh/DomainBed-new/train_all.py HTP_iDAG_SWAD_seed1 --dataset HTP --data_dir /home/s21_yhr/lzh/DomainBed-new/dataset --algorithm iDAG --steps 5000 --checkpoint_freq 100 --batch_size 32 --optimizer adam --lr 5e-5 --weight_decay 0 --resnet_dropout 0 --resnet18 False --pretrained True --freeze_bn True --swad LossValley --seed 1 --trial_seed 1 --deterministic --prebuild_loader --cache_size 640 --out_dim 512 --hidden_size 512 --num_hidden_layers 0 --dag_anneal_steps 200 --temperature 0.07 --ema_ratio 0.99 --lambda1 0.01 --lambda2 0.01 --rho 1.0 --alpha 1.0 --rho_max 100.0 --weight_mu 1.0 --weight_nu 1.0
Environment:
	Python: 3.11.15
	PyTorch: 2.11.0+cu128
	Torchvision: 0.26.0+cu128
	CUDA: 12.8
	CUDNN: 91900
	NumPy: 1.26.4
	PIL: 12.2.0
Args:
	algorithm: iDAG
	batch_size: 32
	cache_root: cache
	cache_size: 640
	checkpoint_freq: 100
	configs: []
	data_dir: /home/s21_yhr/lzh/DomainBed-new/dataset
	dataset: HTP
	debug: False
	deterministic: True
	end_step: 200
	evalmode: fast
	extra_search: n
	extra_search_end: None
	extra_search_start: None
	gga_l_gamma: 0.001
	grad_fn: sum
	holdout_fraction: 0.2
	model_save: None
	name: HTP_iDAG_SWAD_seed1
	neighborhoodSize: 1e-06
	out_dir: train_output/HTP/260801_21-29-19_HTP_iDAG_SWAD_seed1
	out_root: train_output/HTP
	prebuild_loader: True
	seed: 1
	show: False
	start_step: 100
	steps: 5000
	tb_freq: 10
	test_envs: None
	train_output: train_output
	trial_seed: 1
	unique_name: 260801_21-29-19_HTP_iDAG_SWAD_seed1
	work_dir: .
HParams:
	data_augmentation: True
	val_augment: False
	[36mresnet18: False
	[0m[36mresnet_dropout: 0
	[0mclass_balanced: False
	[36moptimizer: adam
	[0m[36mfreeze_bn: True
	[0m[36mpretrained: True
	[0m[36mlr: 5e-05
	[0mbatch_size: 32
	[36mweight_decay: 0
	[0m[36mhidden_size: 512
	[0m[36mout_dim: 512
	[0m[36mnum_hidden_layers: 0
	[0m[36mdag_anneal_steps: 200
	[0m[36mtemperature: 0.07
	[0m[36mema_ratio: 0.99
	[0m[36mlambda1: 0.01
	[0m[36mlambda2: 0.01
	[0m[36mrho_max: 100.0
	[0m[36mrho: 1.0
	[0m[36malpha: 1.0
	[0m[36mweight_nu: 1.0
	[0m[36mweight_mu: 1.0
	[0m[36mswad: LossValley
	[0mswad_kwargs: 
	  n_converge: 3
	  n_tolerance: 6
	  tolerance_ratio: 0.3
	test_batchsize: 128
	indomain_test: False
	grad_fn: sum
	extra_search: n
	logdir: train_output/HTP/260801_21-29-19_HTP_iDAG_SWAD_seed1
	neighborhoodSize: 1e-06
	start_step: 100
	end_step: 200
	extra_search_start: None
	extra_search_end: None
	gga_l_gamma: 0.001
Dataset:
	[HTP] #envs=3, #classes=2
	env0: 00 (#367)
	env1: 01 (#523)
	env2: 02 (#274)

[36mINFO[0m 08/01 21:29:19 | n_steps = 5000
[36mINFO[0m 08/01 21:29:19 | checkpoint_freq = 100
[36mINFO[0m 08/01 21:29:19 | n_steps is updated to 5000 => 5001 for checkpointing
[36mINFO[0m 08/01 21:29:19 | Target test envs = [[0], [1], [2]]
[36mINFO[0m 08/01 21:29:19 | 
[36mINFO[0m 08/01 21:29:19 | Testenv name escaping te_00 -> te_00
[36mINFO[0m 08/01 21:29:19 | Test envs = [0], name = te_00
[36mINFO[0m 08/01 21:29:19 | Batch sizes for each domain: [0, 32, 32] (total=64)
[36mINFO[0m 08/01 21:29:19 | steps-per-epoch for each domain: 13.09, 6.88 -> min = 6.88
/home/s21_yhr/miniconda3/envs/GGA/lib/python3.11/site-packages/torchvision/models/_utils.py:208: UserWarning: The parameter 'pretrained' is deprecated since 0.13 and may be removed in the future, please use 'weights' instead.
  warnings.warn(
/home/s21_yhr/miniconda3/envs/GGA/lib/python3.11/site-packages/torchvision/models/_utils.py:223: UserWarning: Arguments other than a weight enum or `None` for 'weights' are deprecated since 0.13 and may be removed in the future. The current behavior is equivalent to passing `weights=ResNet50_Weights.IMAGENET1K_V1`. You can also use `weights=ResNet50_Weights.DEFAULT` to get the most up-to-date weights.
  warnings.warn(msg)
[36mINFO[0m 08/01 21:29:22 | # of params = 25349190
/home/s21_yhr/lzh/DomainBed-new/domainbed/algorithms/algorithms.py:161: UserWarning: The use of `x.T` on tensors of dimension other than 2 to reverse their shape is deprecated and it will throw an error in a future release. Consider `x.mT` to transpose batches of matrices or `x.permute(*torch.arange(x.ndim - 1, -1, -1))` to reverse the dimensions of a tensor. (Triggered internally at /pytorch/aten/src/ATen/native/TensorShape.cpp:4480.)
  mask_neg = torch.not_equal(labels, labels.T)
[36mINFO[0m 08/01 21:29:23 | test_in     test_out    train_in    train_out   test_in_au  test_out_a  train_out_  tr_outloss  env0_in     env0_in_au  env0_out    env0_out_a  env1_out    env1_out_a  env2_out    env2_out_a  step        epoch       loss        inv_ce      l2          penalty     l1          cl          step_time   eval_time   mem_gb     
[36mINFO[0m 08/01 21:29:23 | 0.500000    0.465753    0.000000    0.539886    0.446061    0.472727    0.601869    0.692174    0.500000    0.446061    0.465753    0.472727    0.653846    0.728550    0.425926    0.475188    0           0.000000    1.233329    0.697962    0.016930    0.000000    0.000019    0.912720    0.997223    0.612384    5.451521   
[36mINFO[0m 08/01 21:29:39 | 0.523810    0.506849    0.000000    0.737536    0.506442    0.478788    0.788580    0.635668    0.523810    0.506442    0.506849    0.478788    0.826923    0.903476    0.648148    0.673684    100         14.545455   1.198015    0.512088    0.016988    0.000000    0.000019    1.166126    0.126480    0.406881    5.890347   
[36mINFO[0m 08/01 21:29:54 | 0.503401    0.575342    0.000000    0.756766    0.521704    0.521970    0.812801    0.596716    0.503401    0.521704    0.575342    0.521970    0.865385    0.906805    0.648148    0.718797    200         29.090909   0.719099    0.318383    0.017036    0.000000    0.000019    0.689642    0.127344    0.400867    6.078973   
[36mINFO[0m 08/01 21:30:11 | 0.568027    0.589041    0.000000    0.631766    0.550563    0.467424    0.813690    0.865517    0.568027    0.550563    0.589041    0.467424    0.615385    0.935651    0.648148    0.691729    300         43.636364   0.718371    0.235923    0.008461    0.000000    0.000022    0.473964    0.135398    0.396073    6.275865   
[36mINFO[0m 08/01 21:30:27 | 0.534014    0.534247    0.000000    0.728632    0.526173    0.478030    0.804704    0.840261    0.534014    0.526173    0.534247    0.478030    0.846154    0.931213    0.611111    0.678195    400         58.181818   0.563336    0.185065    0.008516    0.000000    0.000023    0.369733    0.134679    0.440499    6.470431   
Model converged at step 200, Start step = 1; Threshold = 0.997748, 
[36mINFO[0m 08/01 21:30:47 | 0.520408    0.520548    0.000000    0.665420    0.531498    0.493939    0.774134    1.172227    0.520408    0.531498    0.520548    0.493939    0.682692    0.900148    0.648148    0.648120    500         72.727273   0.471626    0.150156    0.008465    0.000000    0.000023    0.312982    0.135717    0.437330    6.843137   
[36mINFO[0m 08/01 21:31:04 | 0.547619    0.657534    0.000000    0.713853    0.538440    0.513636    0.780114    0.928443    0.547619    0.538440    0.657534    0.513636    0.798077    0.927145    0.629630    0.633083    600         87.272727   0.400536    0.130839    0.008369    0.000000    0.000023    0.261306    0.134766    0.439859    7.033728   
[36mINFO[0m 08/01 21:31:20 | 0.520408    0.547945    0.000000    0.747151    0.516331    0.542424    0.793165    0.901078    0.520408    0.516331    0.547945    0.542424    0.846154    0.894601    0.648148    0.691729    700         101.818182  0.412557    0.131297    0.008304    0.000000    0.000023    0.272933    0.136143    0.424905    7.220718   
[36mINFO[0m 08/01 21:31:38 | 0.510204    0.547945    0.000000    0.737892    0.459991    0.506061    0.806997    0.746500    0.510204    0.459991    0.547945    0.506061    0.846154    0.926775    0.629630    0.687218    800         116.363636  0.338868    0.109680    0.008184    0.000000    0.000023    0.220982    0.135545    0.409361    7.225152   
[36mINFO[0m 08/01 21:31:56 | 0.496599    0.493151    0.000000    0.665420    0.510103    0.493939    0.774701    1.396290    0.496599    0.510103    0.493151    0.493939    0.682692    0.899778    0.648148    0.649624    900         130.909091  0.344056    0.110781    0.008086    0.000000    0.000023    0.225167    0.135049    0.408004    7.231220   
[36mINFO[0m 08/01 21:32:14 | 0.517007    0.575342    0.000000    0.733084    0.535539    0.533333    0.804716    0.831122    0.517007    0.535539    0.575342    0.533333    0.836538    0.929734    0.629630    0.679699    1000        145.454545  0.314436    0.099274    0.007978    0.000000    0.000023    0.207161    0.134874    0.404921    7.232086   
[36mINFO[0m 08/01 21:32:30 | 0.561224    0.575342    0.000000    0.659544    0.526601    0.456061    0.807883    1.973564    0.561224    0.526601    0.575342    0.456061    0.615385    0.910503    0.703704    0.705263    1100        160.000000  0.316957    0.097090    0.007894    0.000000    0.000023    0.211950    0.134070    0.404868    7.232326   
[36mINFO[0m 08/01 21:32:48 | 0.493197    0.520548    0.000000    0.727920    0.528408    0.531061    0.810249    1.211073    0.493197    0.528408    0.520548    0.531061    0.807692    0.897189    0.648148    0.723308    1200        174.545455  0.312992    0.103026    0.007824    0.000000    0.000023    0.202118    0.132799    0.441635    7.234054   
[36mINFO[0m 08/01 21:33:06 | 0.530612    0.547945    0.000000    0.694266    0.533352    0.522727    0.784809    1.283075    0.530612    0.533352    0.547945    0.522727    0.740385    0.904956    0.648148    0.664662    1300        189.090909  0.263382    0.085392    0.007688    0.000000    0.000023    0.170278    0.134572    0.440158    7.238780   
[36mINFO[0m 08/01 21:33:24 | 0.544218    0.561644    0.000000    0.718661    0.538154    0.538636    0.789777    1.407130    0.544218    0.538154    0.561644    0.538636    0.807692    0.917899    0.629630    0.661654    1400        203.636364  0.277221    0.088194    0.007592    0.000000    0.000023    0.181412    0.136256    0.401007    7.238780   
[36mINFO[0m 08/01 21:33:42 | 0.534014    0.561644    0.000000    0.689815    0.529264    0.570455    0.809879    1.194151    0.534014    0.529264    0.561644    0.570455    0.750000    0.896450    0.629630    0.723308    1500        218.181818  0.269438    0.085355    0.007526    0.000000    0.000023    0.176533    0.135583    0.407705    7.238780   
[36mINFO[0m 08/01 21:34:01 | 0.506803    0.465753    0.000000    0.710114    0.524271    0.492424    0.793746    1.043000    0.506803    0.524271    0.465753    0.492424    0.846154    0.915311    0.574074    0.672180    1600        232.727273  0.232070    0.075014    0.007428    0.000000    0.000023    0.149604    0.136344    0.424263    7.238780   
Valley is dead at step 1000
[36mINFO[0m 08/01 21:34:01 | SWAD valley is dead -> early stop !
[36mINFO[0m 08/01 21:34:01 | ---
[33mWARNING[0m 08/01 21:34:01 | Evaluate SWAD ...
[36mINFO[0m 08/01 21:34:02 | 0.500000    0.534247    0.000000    0.728276    0.529073    0.514394    0.812518    1.028950    0.500000    0.529073    0.534247    0.514394    0.826923    0.918269    0.629630    0.706767    [1-1000]  (N=12)
[36mINFO[0m 08/01 21:34:02 | oracle = 54.762%
[36mINFO[0m 08/01 21:34:02 | iid = 50.340%
[36mINFO[0m 08/01 21:34:02 | last = 50.680%
[36mINFO[0m 08/01 21:34:02 | last (inD) = 71.011%
[36mINFO[0m 08/01 21:34:02 | iid (inD) = 75.677%
[36mINFO[0m 08/01 21:34:02 | SWAD = 50.000%
[36mINFO[0m 08/01 21:34:02 | SWAD (inD) = 72.828%
[36mINFO[0m 08/01 21:34:02 | 
[36mINFO[0m 08/01 21:34:02 | Testenv name escaping te_01 -> te_01
[36mINFO[0m 08/01 21:34:02 | Test envs = [1], name = te_01
[36mINFO[0m 08/01 21:34:02 | Batch sizes for each domain: [32, 0, 32] (total=64)
[36mINFO[0m 08/01 21:34:02 | steps-per-epoch for each domain: 9.19, 6.88 -> min = 6.88
/home/s21_yhr/miniconda3/envs/GGA/lib/python3.11/site-packages/torchvision/models/_utils.py:208: UserWarning: The parameter 'pretrained' is deprecated since 0.13 and may be removed in the future, please use 'weights' instead.
  warnings.warn(
/home/s21_yhr/miniconda3/envs/GGA/lib/python3.11/site-packages/torchvision/models/_utils.py:223: UserWarning: Arguments other than a weight enum or `None` for 'weights' are deprecated since 0.13 and may be removed in the future. The current behavior is equivalent to passing `weights=ResNet50_Weights.IMAGENET1K_V1`. You can also use `weights=ResNet50_Weights.DEFAULT` to get the most up-to-date weights.
  warnings.warn(msg)
[36mINFO[0m 08/01 21:34:06 | # of params = 25349190
[36mINFO[0m 08/01 21:34:06 | test_in     test_out    train_in    train_out   test_in_au  train_out_  tr_outloss  test_out_a  env0_out    env0_out_a  env1_in     env1_in_au  env1_out    env1_out_a  env2_out    env2_out_a  step        epoch       loss        inv_ce      l2          penalty     l1          cl          step_time   eval_time   mem_gb     
[36mINFO[0m 08/01 21:34:06 | 0.484487    0.480769    0.000000    0.604896    0.463893    0.471317    0.692135    0.450814    0.561644    0.470455    0.484487    0.463893    0.480769    0.450814    0.648148    0.472180    0           0.000000    1.319319    0.693198    0.016976    0.000000    0.000019    1.019512    0.134593    0.545321    5.454577   
[36mINFO[0m 08/01 21:34:22 | 0.515513    0.567308    0.000000    0.515474    0.528507    0.577911    0.749177    0.617234    0.438356    0.524242    0.515513    0.528507    0.567308    0.617234    0.592593    0.631579    100         14.545455   1.260080    0.564496    0.016922    0.000000    0.000019    1.218831    0.127196    0.505498    5.889874   
[36mINFO[0m 08/01 21:34:38 | 0.422434    0.461538    0.000000    0.643962    0.405706    0.654335    0.745062    0.465237    0.602740    0.653030    0.422434    0.405706    0.461538    0.465237    0.685185    0.655639    200         29.090909   0.694565    0.336101    0.016821    0.000000    0.000019    0.663757    0.127994    0.488215    6.077973   
Model converged at step 0, Start step = 1; Threshold = 0.947429, 
[36mINFO[0m 08/01 21:34:55 | 0.513126    0.567308    0.000000    0.606925    0.527436    0.653272    0.872984    0.549556    0.602740    0.670455    0.513126    0.527436    0.567308    0.549556    0.611111    0.636090    300         43.636364   0.683124    0.238762    0.008151    0.000000    0.000022    0.436190    0.136232    0.502049    6.284285   
[36mINFO[0m 08/01 21:35:14 | 0.563246    0.557692    0.000000    0.560629    0.538169    0.644509    1.087749    0.558802    0.602740    0.639394    0.563246    0.538169    0.557692    0.558802    0.518519    0.649624    400         58.181818   0.468596    0.163783    0.008227    0.000000    0.000023    0.296564    0.135731    0.503610    6.470450   
[36mINFO[0m 08/01 21:35:32 | 0.451074    0.471154    0.000000    0.650431    0.436013    0.659373    1.239358    0.492604    0.671233    0.693182    0.451074    0.436013    0.471154    0.492604    0.629630    0.625564    500         72.727273   0.426721    0.145389    0.008235    0.000000    0.000023    0.273074    0.134916    0.500634    6.661987   
[36mINFO[0m 08/01 21:35:50 | 0.505967    0.490385    0.000000    0.623034    0.492868    0.663340    1.143574    0.520710    0.616438    0.648485    0.505967    0.492868    0.490385    0.520710    0.629630    0.678195    600         87.272727   0.401310    0.129954    0.008268    0.000000    0.000023    0.263066    0.134036    0.489213    6.850106   
[36mINFO[0m 08/01 21:36:08 | 0.422434    0.557692    0.000000    0.652841    0.427194    0.703412    1.033667    0.570266    0.657534    0.707576    0.422434    0.427194    0.557692    0.570266    0.648148    0.699248    700         101.818182  0.314779    0.105981    0.008145    0.000000    0.000023    0.200630    0.134393    0.526467    7.038371   
[36mINFO[0m 08/01 21:36:25 | 0.494033    0.519231    0.000000    0.604515    0.530467    0.608712    1.583122    0.579512    0.616438    0.617424    0.494033    0.530467    0.519231    0.579512    0.592593    0.600000    800         116.363636  0.341276    0.112025    0.008048    0.000000    0.000023    0.221180    0.137156    0.495692    7.047287   
[36mINFO[0m 08/01 21:36:43 | 0.494033    0.519231    0.000000    0.591197    0.497425    0.627068    1.564348    0.538831    0.534247    0.600000    0.494033    0.497425    0.519231    0.538831    0.648148    0.654135    900         130.909091  0.320585    0.105390    0.008026    0.000000    0.000023    0.207146    0.136048    0.502142    7.051921   
Valley is dead at step 300
[36mINFO[0m 08/01 21:36:44 | SWAD valley is dead -> early stop !
[36mINFO[0m 08/01 21:36:44 | ---
[33mWARNING[0m 08/01 21:36:44 | Evaluate SWAD ...
[36mINFO[0m 08/01 21:36:44 | 0.505967    0.500000    0.000000    0.598047    0.509297    0.527720    0.668607    0.537722    0.547945    0.473485    0.505967    0.509297    0.500000    0.537722    0.648148    0.581955    [1-300]  (N=8)
[36mINFO[0m 08/01 21:36:44 | oracle = 51.551%
[36mINFO[0m 08/01 21:36:44 | iid = 42.243%
[36mINFO[0m 08/01 21:36:44 | last = 49.403%
[36mINFO[0m 08/01 21:36:44 | last (inD) = 59.120%
[36mINFO[0m 08/01 21:36:44 | iid (inD) = 65.284%
[36mINFO[0m 08/01 21:36:44 | SWAD = 50.597%
[36mINFO[0m 08/01 21:36:44 | SWAD (inD) = 59.805%
[36mINFO[0m 08/01 21:36:45 | 
[36mINFO[0m 08/01 21:36:45 | Testenv name escaping te_02 -> te_02
[36mINFO[0m 08/01 21:36:45 | Test envs = [2], name = te_02
[36mINFO[0m 08/01 21:36:45 | Batch sizes for each domain: [32, 32, 0] (total=64)
[36mINFO[0m 08/01 21:36:45 | steps-per-epoch for each domain: 9.19, 13.09 -> min = 9.19
/home/s21_yhr/miniconda3/envs/GGA/lib/python3.11/site-packages/torchvision/models/_utils.py:208: UserWarning: The parameter 'pretrained' is deprecated since 0.13 and may be removed in the future, please use 'weights' instead.
  warnings.warn(
/home/s21_yhr/miniconda3/envs/GGA/lib/python3.11/site-packages/torchvision/models/_utils.py:223: UserWarning: Arguments other than a weight enum or `None` for 'weights' are deprecated since 0.13 and may be removed in the future. The current behavior is equivalent to passing `weights=ResNet50_Weights.IMAGENET1K_V1`. You can also use `weights=ResNet50_Weights.DEFAULT` to get the most up-to-date weights.
  warnings.warn(msg)
[36mINFO[0m 08/01 21:36:49 | # of params = 25349190
[36mINFO[0m 08/01 21:36:49 | test_in     test_out    train_in    train_out   test_in_au  train_out_  tr_outloss  test_out_a  env0_out    env0_out_a  env1_out    env1_out_a  env2_in     env2_in_au  env2_out    env2_out_a  step        epoch       loss        inv_ce      l2          penalty     l1          cl          step_time   eval_time   mem_gb     
[36mINFO[0m 08/01 21:36:49 | 0.554545    0.648148    0.000000    0.523973    0.540314    0.560572    0.691357    0.303759    0.547945    0.438636    0.500000    0.682507    0.554545    0.540314    0.648148    0.303759    0           0.000000    1.317220    0.712752    0.016875    0.000000    0.000019    0.937758    0.138708    0.378331    5.454577   
[36mINFO[0m 08/01 21:37:05 | 0.618182    0.629630    0.000000    0.710024    0.635664    0.739807    0.627975    0.640602    0.602740    0.560606    0.817308    0.919009    0.618182    0.635664    0.629630    0.640602    100         10.884354   1.260357    0.533138    0.016862    0.000000    0.000019    1.244200    0.127771    0.364063    5.889874   
[36mINFO[0m 08/01 21:37:21 | 0.504545    0.481481    0.000000    0.657271    0.628638    0.721006    0.946144    0.604511    0.506849    0.550000    0.807692    0.892012    0.504545    0.628638    0.481481    0.604511    200         21.768707   0.781425    0.344188    0.016804    0.000000    0.000019    0.747037    0.127675    0.345348    6.077973   
[36mINFO[0m 08/01 21:37:37 | 0.650000    0.648148    0.000000    0.634550    0.651472    0.752570    0.906893    0.639098    0.547945    0.576515    0.721154    0.928624    0.650000    0.651472    0.648148    0.639098    300         32.653061   0.776665    0.253255    0.008356    0.000000    0.000022    0.515032    0.137301    0.342315    6.284285   
Model converged at step 100, Start step = 1; Threshold = 1.075105, 
[36mINFO[0m 08/01 21:37:58 | 0.600000    0.611111    0.000000    0.701133    0.654483    0.789560    0.683332    0.685714    0.575342    0.655303    0.826923    0.923817    0.600000    0.654483    0.611111    0.685714    400         43.537415   0.550358    0.171490    0.008370    0.000000    0.000023    0.370475    0.134410    0.344661    6.652690   
[36mINFO[0m 08/01 21:38:14 | 0.536364    0.592593    0.000000    0.691517    0.570258    0.763412    0.768125    0.593985    0.575342    0.633333    0.807692    0.893491    0.536364    0.570258    0.592593    0.593985    500         54.421769   0.468550    0.143250    0.008331    0.000000    0.000023    0.316947    0.134674    0.341574    6.847806   
[36mINFO[0m 08/01 21:38:31 | 0.568182    0.629630    0.000000    0.731296    0.638592    0.788564    0.747613    0.693233    0.616438    0.649242    0.846154    0.927885    0.568182    0.638592    0.629630    0.693233    600         65.306122   0.416656    0.121548    0.008274    0.000000    0.000023    0.286812    0.136863    0.339381    7.037024   
[36mINFO[0m 08/01 21:38:49 | 0.563636    0.722222    0.000000    0.678411    0.624456    0.783485    1.067755    0.724812    0.616438    0.657576    0.740385    0.909393    0.563636    0.624456    0.722222    0.724812    700         76.190476   0.335994    0.099821    0.008162    0.000000    0.000023    0.227989    0.135769    0.384553    7.225034   
[36mINFO[0m 08/01 21:39:07 | 0.622727    0.685185    0.000000    0.657139    0.614001    0.769902    1.014684    0.645113    0.602740    0.634848    0.711538    0.904956    0.622727    0.614001    0.685185    0.645113    800         87.074830   0.320488    0.093938    0.008055    0.000000    0.000023    0.218472    0.135450    0.354841    7.232570   
[36mINFO[0m 08/01 21:39:25 | 0.559091    0.574074    0.000000    0.725764    0.605052    0.806361    0.848116    0.642105    0.643836    0.700000    0.807692    0.912722    0.559091    0.605052    0.574074    0.642105    900         97.959184   0.309172    0.088773    0.007929    0.000000    0.000023    0.212447    0.134968    0.349576    7.241359   
[36mINFO[0m 08/01 21:39:43 | 0.577273    0.629630    0.000000    0.639357    0.624707    0.739740    1.177770    0.577444    0.547945    0.617424    0.730769    0.862056    0.577273    0.624707    0.629630    0.577444    1000        108.843537  0.321788    0.092160    0.007851    0.000000    0.000023    0.221754    0.134831    0.376034    7.241705   
[36mINFO[0m 08/01 21:40:01 | 0.604545    0.722222    0.000000    0.684668    0.604299    0.763132    1.106547    0.771429    0.561644    0.640909    0.807692    0.885355    0.604545    0.604299    0.722222    0.771429    1100        119.727891  0.268940    0.076000    0.007764    0.000000    0.000023    0.185153    0.135723    0.340889    7.242095   
[36mINFO[0m 08/01 21:40:18 | 0.586364    0.648148    0.000000    0.729254    0.644112    0.801974    0.805832    0.679699    0.602740    0.688636    0.855769    0.915311    0.586364    0.644112    0.648148    0.679699    1200        130.612245  0.260391    0.072254    0.007618    0.000000    0.000023    0.180496    0.135470    0.350515    7.246597   
[36mINFO[0m 08/01 21:40:36 | 0.627273    0.740741    0.000000    0.662671    0.641268    0.762407    1.299181    0.723308    0.575342    0.626515    0.750000    0.898299    0.627273    0.641268    0.740741    0.723308    1300        141.496599  0.223380    0.060496    0.007490    0.000000    0.000023    0.155371    0.133482    0.376812    7.246597   
[36mINFO[0m 08/01 21:40:54 | 0.568182    0.740741    0.000000    0.705216    0.591586    0.783777    1.081713    0.732331    0.602740    0.666667    0.807692    0.900888    0.568182    0.591586    0.740741    0.732331    1400        152.380952  0.235374    0.066161    0.007369    0.000000    0.000023    0.161821    0.136361    0.362207    7.247238   
[36mINFO[0m 08/01 21:41:11 | 0.590909    0.555556    0.000000    0.682626    0.634410    0.758061    1.048426    0.673684    0.547945    0.603030    0.817308    0.913092    0.590909    0.634410    0.555556    0.673684    1500        163.265306  0.280125    0.076863    0.007300    0.000000    0.000023    0.195940    0.135454    0.341266    7.247238   
[36mINFO[0m 08/01 21:41:29 | 0.609091    0.648148    0.000000    0.689476    0.647625    0.775349    0.894020    0.666165    0.561644    0.657576    0.817308    0.893121    0.609091    0.647625    0.648148    0.666165    1600        174.149660  0.274985    0.076825    0.007194    0.000000    0.000023    0.190943    0.134150    0.349982    7.247321   
[36mINFO[0m 08/01 21:41:46 | 0.581818    0.592593    0.000000    0.705216    0.637755    0.762333    1.136452    0.697744    0.602740    0.651515    0.807692    0.873151    0.581818    0.637755    0.592593    0.697744    1700        185.034014  0.195239    0.053927    0.007077    0.000000    0.000023    0.134211    0.133401    0.380052    7.247321   
[36mINFO[0m 08/01 21:42:04 | 0.604545    0.666667    0.000000    0.703899    0.654818    0.797654    1.051489    0.739850    0.561644    0.667424    0.846154    0.927885    0.604545    0.654818    0.666667    0.739850    1800        195.918367  0.214458    0.061421    0.006978    0.000000    0.000024    0.146036    0.133365    0.349103    7.250041   
[36mINFO[0m 08/01 21:42:22 | 0.595455    0.703704    0.000000    0.675777    0.652894    0.753650    1.167918    0.775940    0.534247    0.605303    0.817308    0.901997    0.595455    0.652894    0.703704    0.775940    1900        206.802721  0.188399    0.051858    0.006891    0.000000    0.000024    0.129627    0.135246    0.342998    7.250250   
[36mINFO[0m 08/01 21:42:40 | 0.636364    0.722222    0.000000    0.686710    0.668953    0.795994    1.063902    0.741353    0.575342    0.683333    0.798077    0.908654    0.636364    0.668953    0.722222    0.741353    2000        217.687075  0.176119    0.049756    0.006835    0.000000    0.000024    0.119504    0.134104    0.351130    7.258432   
[36mINFO[0m 08/01 21:42:57 | 0.618182    0.685185    0.000000    0.668203    0.635664    0.748738    1.273216    0.757895    0.547945    0.612121    0.788462    0.885355    0.618182    0.635664    0.685185    0.757895    2100        228.571429  0.176023    0.049108    0.006740    0.000000    0.000024    0.120151    0.131884    0.378487    7.261119   
[36mINFO[0m 08/01 21:43:15 | 0.590909    0.648148    0.000000    0.698367    0.639093    0.773446    1.028587    0.754887    0.589041    0.653030    0.807692    0.893861    0.590909    0.639093    0.648148    0.754887    2200        239.455782  0.168476    0.048819    0.006726    0.000000    0.000024    0.112907    0.132940    0.339922    7.261119   
[36mINFO[0m 08/01 21:43:33 | 0.609091    0.685185    0.000000    0.735379    0.642774    0.804601    0.988861    0.735338    0.643836    0.707576    0.826923    0.901627    0.609091    0.642774    0.685185    0.735338    2300        250.340136  0.213410    0.057680    0.006636    0.000000    0.000024    0.149070    0.134210    0.341392    7.261363   
[36mINFO[0m 08/01 21:43:51 | 0.609091    0.648148    0.000000    0.628293    0.640264    0.746133    1.936712    0.648120    0.602740    0.657576    0.653846    0.834689    0.609091    0.640264    0.648148    0.648120    2400        261.224490  0.183516    0.050518    0.006578    0.000000    0.000024    0.126396    0.132692    0.339431    7.261363   
[36mINFO[0m 08/01 21:44:08 | 0.618182    0.592593    0.000000    0.712790    0.660087    0.762195    1.045655    0.682707    0.589041    0.624242    0.836538    0.900148    0.618182    0.660087    0.592593    0.682707    2500        272.108844  0.176617    0.049738    0.006520    0.000000    0.000024    0.120335    0.134181    0.367501    7.261378   
[36mINFO[0m 08/01 21:44:26 | 0.586364    0.666667    0.000000    0.705216    0.632653    0.785114    1.077115    0.765414    0.602740    0.701515    0.807692    0.868713    0.586364    0.632653    0.666667    0.765414    2600        282.993197  0.153902    0.041622    0.006501    0.000000    0.000024    0.105756    0.134616    0.341710    7.261378   
[36mINFO[0m 08/01 21:44:44 | 0.586364    0.685185    0.000000    0.658588    0.647625    0.735159    1.376400    0.712782    0.547945    0.605303    0.769231    0.865015    0.586364    0.647625    0.685185    0.712782    2700        293.877551  0.137667    0.035548    0.006412    0.000000    0.000024    0.095682    0.133356    0.342589    7.261378   
[36mINFO[0m 08/01 21:45:02 | 0.650000    0.629630    0.000000    0.668796    0.663182    0.741643    2.012799    0.616541    0.616438    0.621970    0.721154    0.861317    0.650000    0.663182    0.629630    0.616541    2800        304.761905  0.165607    0.045268    0.006379    0.000000    0.000024    0.113935    0.133277    0.348031    7.262115   
[36mINFO[0m 08/01 21:45:20 | 0.613636    0.611111    0.000000    0.738738    0.627467    0.796919    1.165240    0.630075    0.698630    0.730303    0.778846    0.863536    0.613636    0.627467    0.611111    0.630075    2900        315.646259  0.175342    0.045903    0.006372    0.000000    0.000024    0.123044    0.132332    0.344460    7.266265   
[36mINFO[0m 08/01 21:45:38 | 0.581818    0.629630    0.000000    0.716873    0.633824    0.772533    1.119724    0.678195    0.616438    0.669697    0.817308    0.875370    0.581818    0.633824    0.629630    0.678195    3000        326.530612  0.175079    0.049102    0.006374    0.000000    0.000024    0.119579    0.134330    0.349329    7.268073   
[36mINFO[0m 08/01 21:45:56 | 0.581818    0.648148    0.000000    0.697642    0.618852    0.795270    1.118706    0.691729    0.616438    0.715909    0.778846    0.874630    0.581818    0.618852    0.648148    0.691729    3100        337.414966  0.136990    0.036288    0.006315    0.000000    0.000024    0.094362    0.134859    0.347981    7.268073   
Valley is dead at step 2500
[36mINFO[0m 08/01 21:45:56 | SWAD valley is dead -> early stop !
[36mINFO[0m 08/01 21:45:56 | ---
[33mWARNING[0m 08/01 21:45:57 | Evaluate SWAD ...
[36mINFO[0m 08/01 21:45:57 | 0.613636    0.611111    0.000000    0.591280    0.655487    0.759671    1.022463    0.688722    0.547945    0.598485    0.634615    0.920858    0.613636    0.655487    0.611111    0.688722    [1-2500]  (N=28)
[36mINFO[0m 08/01 21:45:57 | oracle = 62.727%
[36mINFO[0m 08/01 21:45:57 | iid = 61.364%
[36mINFO[0m 08/01 21:45:57 | last = 58.182%
[36mINFO[0m 08/01 21:45:57 | last (inD) = 69.764%
[36mINFO[0m 08/01 21:45:57 | iid (inD) = 73.874%
[36mINFO[0m 08/01 21:45:57 | SWAD = 61.364%
[36mINFO[0m 08/01 21:45:57 | SWAD (inD) = 59.128%
[36mINFO[0m 08/01 21:45:58 | === Summary ===
[36mINFO[0m 08/01 21:45:58 | Command: /home/s21_yhr/lzh/DomainBed-new/train_all.py HTP_iDAG_SWAD_seed1 --dataset HTP --data_dir /home/s21_yhr/lzh/DomainBed-new/dataset --algorithm iDAG --steps 5000 --checkpoint_freq 100 --batch_size 32 --optimizer adam --lr 5e-5 --weight_decay 0 --resnet_dropout 0 --resnet18 False --pretrained True --freeze_bn True --swad LossValley --seed 1 --trial_seed 1 --deterministic --prebuild_loader --cache_size 640 --out_dim 512 --hidden_size 512 --num_hidden_layers 0 --dag_anneal_steps 200 --temperature 0.07 --ema_ratio 0.99 --lambda1 0.01 --lambda2 0.01 --rho 1.0 --alpha 1.0 --rho_max 100.0 --weight_mu 1.0 --weight_nu 1.0
[36mINFO[0m 08/01 21:45:58 | Unique name: 260801_21-29-19_HTP_iDAG_SWAD_seed1
[36mINFO[0m 08/01 21:45:58 | Out path: train_output/HTP/260801_21-29-19_HTP_iDAG_SWAD_seed1
[36mINFO[0m 08/01 21:45:58 | Algorithm: iDAG
[36mINFO[0m 08/01 21:45:58 | Dataset: HTP
+------------+---------+---------+---------+---------+
| Selection  |    00   |    01   |    02   |   Avg.  |
+------------+---------+---------+---------+---------+
|   oracle   | 54.762% | 51.551% | 62.727% | 56.347% |
|    iid     | 50.340% | 42.243% | 61.364% | 51.316% |
|    last    | 50.680% | 49.403% | 58.182% | 52.755% |
| last (inD) | 71.011% | 59.120% | 69.764% | 66.632% |
| iid (inD)  | 75.677% | 65.284% | 73.874% | 71.612% |
|    SWAD    | 50.000% | 50.597% | 61.364% | 53.987% |
| SWAD (inD) | 72.828% | 59.805% | 59.128% | 63.920% |
+------------+---------+---------+---------+---------+
================================================================================
Starting iDAG_SWAD, seed=2, physical GPU=3
/home/s21_yhr/miniconda3/envs/GGA/bin/python /home/s21_yhr/lzh/DomainBed-new/train_all.py HTP_iDAG_SWAD_seed2 --dataset HTP --data_dir /home/s21_yhr/lzh/DomainBed-new/dataset --algorithm iDAG --steps 5000 --checkpoint_freq 100 --batch_size 32 --optimizer adam --lr 5e-5 --weight_decay 0 --resnet_dropout 0 --resnet18 False --pretrained True --freeze_bn True --swad LossValley --seed 2 --trial_seed 2 --deterministic --prebuild_loader --cache_size 640 --out_dim 512 --hidden_size 512 --num_hidden_layers 0 --dag_anneal_steps 200 --temperature 0.07 --ema_ratio 0.99 --lambda1 0.01 --lambda2 0.01 --rho 1.0 --alpha 1.0 --rho_max 100.0 --weight_mu 1.0 --weight_nu 1.0
================================================================================
[36mINFO[0m 08/01 21:46:03 | Command :: /home/s21_yhr/lzh/DomainBed-new/train_all.py HTP_iDAG_SWAD_seed2 --dataset HTP --data_dir /home/s21_yhr/lzh/DomainBed-new/dataset --algorithm iDAG --steps 5000 --checkpoint_freq 100 --batch_size 32 --optimizer adam --lr 5e-5 --weight_decay 0 --resnet_dropout 0 --resnet18 False --pretrained True --freeze_bn True --swad LossValley --seed 2 --trial_seed 2 --deterministic --prebuild_loader --cache_size 640 --out_dim 512 --hidden_size 512 --num_hidden_layers 0 --dag_anneal_steps 200 --temperature 0.07 --ema_ratio 0.99 --lambda1 0.01 --lambda2 0.01 --rho 1.0 --alpha 1.0 --rho_max 100.0 --weight_mu 1.0 --weight_nu 1.0
Environment:
	Python: 3.11.15
	PyTorch: 2.11.0+cu128
	Torchvision: 0.26.0+cu128
	CUDA: 12.8
	CUDNN: 91900
	NumPy: 1.26.4
	PIL: 12.2.0
Args:
	algorithm: iDAG
	batch_size: 32
	cache_root: cache
	cache_size: 640
	checkpoint_freq: 100
	configs: []
	data_dir: /home/s21_yhr/lzh/DomainBed-new/dataset
	dataset: HTP
	debug: False
	deterministic: True
	end_step: 200
	evalmode: fast
	extra_search: n
	extra_search_end: None
	extra_search_start: None
	gga_l_gamma: 0.001
	grad_fn: sum
	holdout_fraction: 0.2
	model_save: None
	name: HTP_iDAG_SWAD_seed2
	neighborhoodSize: 1e-06
	out_dir: train_output/HTP/260801_21-46-03_HTP_iDAG_SWAD_seed2
	out_root: train_output/HTP
	prebuild_loader: True
	seed: 2
	show: False
	start_step: 100
	steps: 5000
	tb_freq: 10
	test_envs: None
	train_output: train_output
	trial_seed: 2
	unique_name: 260801_21-46-03_HTP_iDAG_SWAD_seed2
	work_dir: .
HParams:
	data_augmentation: True
	val_augment: False
	[36mresnet18: False
	[0m[36mresnet_dropout: 0
	[0mclass_balanced: False
	[36moptimizer: adam
	[0m[36mfreeze_bn: True
	[0m[36mpretrained: True
	[0m[36mlr: 5e-05
	[0mbatch_size: 32
	[36mweight_decay: 0
	[0m[36mhidden_size: 512
	[0m[36mout_dim: 512
	[0m[36mnum_hidden_layers: 0
	[0m[36mdag_anneal_steps: 200
	[0m[36mtemperature: 0.07
	[0m[36mema_ratio: 0.99
	[0m[36mlambda1: 0.01
	[0m[36mlambda2: 0.01
	[0m[36mrho_max: 100.0
	[0m[36mrho: 1.0
	[0m[36malpha: 1.0
	[0m[36mweight_nu: 1.0
	[0m[36mweight_mu: 1.0
	[0m[36mswad: LossValley
	[0mswad_kwargs: 
	  n_converge: 3
	  n_tolerance: 6
	  tolerance_ratio: 0.3
	test_batchsize: 128
	indomain_test: False
	grad_fn: sum
	extra_search: n
	logdir: train_output/HTP/260801_21-46-03_HTP_iDAG_SWAD_seed2
	neighborhoodSize: 1e-06
	start_step: 100
	end_step: 200
	extra_search_start: None
	extra_search_end: None
	gga_l_gamma: 0.001
Dataset:
	[HTP] #envs=3, #classes=2
	env0: 00 (#367)
	env1: 01 (#523)
	env2: 02 (#274)

[36mINFO[0m 08/01 21:46:03 | n_steps = 5000
[36mINFO[0m 08/01 21:46:03 | checkpoint_freq = 100
[36mINFO[0m 08/01 21:46:03 | n_steps is updated to 5000 => 5001 for checkpointing
[36mINFO[0m 08/01 21:46:03 | Target test envs = [[0], [1], [2]]
[36mINFO[0m 08/01 21:46:03 | 
[36mINFO[0m 08/01 21:46:03 | Testenv name escaping te_00 -> te_00
[36mINFO[0m 08/01 21:46:03 | Test envs = [0], name = te_00
[36mINFO[0m 08/01 21:46:03 | Batch sizes for each domain: [0, 32, 32] (total=64)
[36mINFO[0m 08/01 21:46:03 | steps-per-epoch for each domain: 13.09, 6.88 -> min = 6.88
/home/s21_yhr/miniconda3/envs/GGA/lib/python3.11/site-packages/torchvision/models/_utils.py:208: UserWarning: The parameter 'pretrained' is deprecated since 0.13 and may be removed in the future, please use 'weights' instead.
  warnings.warn(
/home/s21_yhr/miniconda3/envs/GGA/lib/python3.11/site-packages/torchvision/models/_utils.py:223: UserWarning: Arguments other than a weight enum or `None` for 'weights' are deprecated since 0.13 and may be removed in the future. The current behavior is equivalent to passing `weights=ResNet50_Weights.IMAGENET1K_V1`. You can also use `weights=ResNet50_Weights.DEFAULT` to get the most up-to-date weights.
  warnings.warn(msg)
[36mINFO[0m 08/01 21:46:06 | # of params = 25349190
/home/s21_yhr/lzh/DomainBed-new/domainbed/algorithms/algorithms.py:161: UserWarning: The use of `x.T` on tensors of dimension other than 2 to reverse their shape is deprecated and it will throw an error in a future release. Consider `x.mT` to transpose batches of matrices or `x.permute(*torch.arange(x.ndim - 1, -1, -1))` to reverse the dimensions of a tensor. (Triggered internally at /pytorch/aten/src/ATen/native/TensorShape.cpp:4480.)
  mask_neg = torch.not_equal(labels, labels.T)
[36mINFO[0m 08/01 21:46:07 | test_in     test_out    train_in    train_out   test_in_au  test_out_a  train_out_  tr_outloss  env0_in     env0_in_au  env0_out    env0_out_a  env1_out    env1_out_a  env2_out    env2_out_a  step        epoch       loss        inv_ce      l2          penalty     l1          cl          step_time   eval_time   mem_gb     
[36mINFO[0m 08/01 21:46:07 | 0.568027    0.602740    0.000000    0.552172    0.505611    0.576803    0.513542    0.689734    0.568027    0.505611    0.602740    0.576803    0.567308    0.500188    0.537037    0.526897    0           0.000000    1.198176    0.688778    0.016953    0.000000    0.000019    0.935459    1.014439    0.549139    5.451521   
[36mINFO[0m 08/01 21:46:23 | 0.540816    0.547945    0.000000    0.680912    0.491254    0.635580    0.754637    0.786656    0.540816    0.491254    0.547945    0.635580    0.769231    0.946516    0.592593    0.562759    100         14.545455   1.084853    0.487564    0.016971    0.000000    0.000019    1.040218    0.124910    0.443229    5.890347   
[36mINFO[0m 08/01 21:46:38 | 0.537415    0.643836    0.000000    0.644943    0.548635    0.634796    0.706519    0.843891    0.537415    0.548635    0.643836    0.634796    0.826923    0.897175    0.462963    0.515862    200         29.090909   0.645920    0.289774    0.017005    0.000000    0.000019    0.626863    0.127505    0.430433    6.078973   
Model converged at step 0, Start step = 1; Threshold = 1.005455, 
[36mINFO[0m 08/01 21:46:57 | 0.530612    0.630137    0.000000    0.701211    0.517988    0.656740    0.725789    0.761417    0.530612    0.517988    0.630137    0.656740    0.865385    0.932957    0.537037    0.518621    300         43.636364   0.619614    0.208482    0.008267    0.000000    0.000022    0.402843    0.134215    0.394584    6.275865   
[36mINFO[0m 08/01 21:47:15 | 0.544218    0.643836    0.000000    0.635684    0.547786    0.665361    0.676436    1.081776    0.544218    0.547786    0.643836    0.665361    0.826923    0.915631    0.444444    0.437241    400         58.181818   0.442638    0.150366    0.008288    0.000000    0.000023    0.283961    0.135123    0.399878    6.470431   
[36mINFO[0m 08/01 21:47:33 | 0.551020    0.616438    0.000000    0.715990    0.549107    0.651254    0.728555    1.166472    0.551020    0.549107    0.616438    0.651254    0.913462    0.945386    0.518519    0.511724    500         72.727273   0.425558    0.140011    0.008296    0.000000    0.000023    0.277229    0.134883    0.404218    6.660527   
[36mINFO[0m 08/01 21:47:50 | 0.557823    0.575342    0.000000    0.667557    0.548965    0.619122    0.732367    1.347753    0.557823    0.548965    0.575342    0.619122    0.798077    0.925424    0.537037    0.539310    600         87.272727   0.385474    0.126472    0.008243    0.000000    0.000023    0.250737    0.133681    0.395894    6.847933   
[36mINFO[0m 08/01 21:48:08 | 0.500000    0.561644    0.000000    0.692308    0.500589    0.607367    0.737141    1.068387    0.500000    0.500589    0.561644    0.607367    0.884615    0.940490    0.500000    0.533793    700         101.818182  0.340630    0.110621    0.008185    0.000000    0.000023    0.221802    0.134862    0.395650    7.035947   
[36mINFO[0m 08/01 21:48:25 | 0.547619    0.602740    0.000000    0.602030    0.515017    0.594828    0.721346    1.492537    0.547619    0.515017    0.602740    0.594828    0.759615    0.946139    0.444444    0.496552    800         116.363636  0.296604    0.095179    0.008087    0.000000    0.000023    0.193315    0.133688    0.395906    7.041652   
[36mINFO[0m 08/01 21:48:42 | 0.534014    0.643836    0.000000    0.678597    0.532321    0.667712    0.715833    1.375228    0.534014    0.532321    0.643836    0.667712    0.894231    0.954426    0.462963    0.477241    900         130.909091  0.277005    0.088822    0.008014    0.000000    0.000023    0.180146    0.135320    0.412340    7.046798   
Valley is dead at step 300
[36mINFO[0m 08/01 21:48:43 | SWAD valley is dead -> early stop !
[36mINFO[0m 08/01 21:48:43 | ---
[33mWARNING[0m 08/01 21:48:43 | Evaluate SWAD ...
[36mINFO[0m 08/01 21:48:43 | 0.568027    0.602740    0.000000    0.556980    0.510962    0.658307    0.728237    0.655380    0.568027    0.510962    0.602740    0.658307    0.576923    0.937853    0.537037    0.518621    [1-300]  (N=8)
[36mINFO[0m 08/01 21:48:43 | oracle = 53.741%
[36mINFO[0m 08/01 21:48:43 | iid = 55.102%
[36mINFO[0m 08/01 21:48:43 | last = 53.401%
[36mINFO[0m 08/01 21:48:43 | last (inD) = 67.860%
[36mINFO[0m 08/01 21:48:43 | iid (inD) = 71.599%
[36mINFO[0m 08/01 21:48:43 | SWAD = 56.803%
[36mINFO[0m 08/01 21:48:43 | SWAD (inD) = 55.698%
[36mINFO[0m 08/01 21:48:44 | 
[36mINFO[0m 08/01 21:48:44 | Testenv name escaping te_01 -> te_01
[36mINFO[0m 08/01 21:48:44 | Test envs = [1], name = te_01
[36mINFO[0m 08/01 21:48:44 | Batch sizes for each domain: [32, 0, 32] (total=64)
[36mINFO[0m 08/01 21:48:44 | steps-per-epoch for each domain: 9.19, 6.88 -> min = 6.88
/home/s21_yhr/miniconda3/envs/GGA/lib/python3.11/site-packages/torchvision/models/_utils.py:208: UserWarning: The parameter 'pretrained' is deprecated since 0.13 and may be removed in the future, please use 'weights' instead.
  warnings.warn(
/home/s21_yhr/miniconda3/envs/GGA/lib/python3.11/site-packages/torchvision/models/_utils.py:223: UserWarning: Arguments other than a weight enum or `None` for 'weights' are deprecated since 0.13 and may be removed in the future. The current behavior is equivalent to passing `weights=ResNet50_Weights.IMAGENET1K_V1`. You can also use `weights=ResNet50_Weights.DEFAULT` to get the most up-to-date weights.
  warnings.warn(msg)
[36mINFO[0m 08/01 21:48:48 | # of params = 25349190
[36mINFO[0m 08/01 21:48:49 | test_in     test_out    train_in    train_out   test_in_au  train_out_  tr_outloss  test_out_a  env0_out    env0_out_a  env1_in     env1_in_au  env1_out    env1_out_a  env2_out    env2_out_a  step        epoch       loss        inv_ce      l2          penalty     l1          cl          step_time   eval_time   mem_gb     
[36mINFO[0m 08/01 21:48:49 | 0.489260    0.567308    0.000000    0.572298    0.536129    0.476129    0.691328    0.598493    0.589041    0.458464    0.489260    0.536129    0.567308    0.598493    0.555556    0.493793    0           0.000000    1.381893    0.704918    0.016900    0.000000    0.000019    1.111912    0.131989    0.574795    5.454577   
[36mINFO[0m 08/01 21:49:05 | 0.515513    0.500000    0.000000    0.558600    0.520036    0.580470    1.045189    0.558569    0.561644    0.663009    0.515513    0.520036    0.500000    0.558569    0.555556    0.497931    100         14.545455   1.158108    0.519131    0.016943    0.000000    0.000019    1.117102    0.127510    0.523289    5.889874   
[36mINFO[0m 08/01 21:49:20 | 0.465394    0.519231    0.000000    0.574328    0.513449    0.565157    1.187465    0.473070    0.630137    0.643417    0.465394    0.513449    0.519231    0.473070    0.518519    0.486897    200         29.090909   0.575453    0.275210    0.016953    0.000000    0.000019    0.561794    0.126385    0.488664    6.077973   
Model converged at step 0, Start step = 1; Threshold = 1.267059, 
[36mINFO[0m 08/01 21:49:39 | 0.463007    0.490385    0.000000    0.565068    0.455847    0.561082    1.189951    0.490019    0.630137    0.655956    0.463007    0.455847    0.490385    0.490019    0.500000    0.466207    300         43.636364   0.531790    0.182851    0.007971    0.000000    0.000022    0.340946    0.134646    0.509690    6.284285   
[36mINFO[0m 08/01 21:49:57 | 0.498807    0.509615    0.000000    0.571918    0.520424    0.578589    1.186166    0.502825    0.643836    0.666144    0.498807    0.520424    0.509615    0.502825    0.500000    0.491034    400         58.181818   0.415192    0.139770    0.008038    0.000000    0.000023    0.267362    0.134437    0.505363    6.470450   
[36mINFO[0m 08/01 21:50:15 | 0.544153    0.625000    0.000000    0.588026    0.543105    0.627915    1.393222    0.622976    0.657534    0.746865    0.544153    0.543105    0.625000    0.622976    0.518519    0.508966    500         72.727273   0.327548    0.108297    0.008071    0.000000    0.000023    0.211157    0.137354    0.526341    6.661987   
[36mINFO[0m 08/01 21:50:33 | 0.527446    0.634615    0.000000    0.585997    0.556873    0.600470    1.554454    0.667797    0.616438    0.663009    0.527446    0.556873    0.634615    0.667797    0.555556    0.537931    600         87.272727   0.294663    0.098893    0.008109    0.000000    0.000023    0.187638    0.133410    0.496403    6.850106   
[36mINFO[0m 08/01 21:50:51 | 0.560859    0.557692    0.000000    0.542491    0.536768    0.523636    1.798427    0.612429    0.547945    0.589342    0.560859    0.536768    0.557692    0.612429    0.537037    0.457931    700         101.818182  0.255775    0.085069    0.008045    0.000000    0.000023    0.162639    0.133874    0.496201    7.038371   
[36mINFO[0m 08/01 21:51:09 | 0.556086    0.548077    0.000000    0.597286    0.567951    0.580784    1.430740    0.566102    0.657534    0.656740    0.556086    0.567951    0.548077    0.566102    0.537037    0.504828    800         116.363636  0.271117    0.084124    0.008023    0.000000    0.000023    0.178948    0.135396    0.507346    7.047287   
[36mINFO[0m 08/01 21:51:26 | 0.472554    0.528846    0.000000    0.530822    0.488170    0.590204    1.758401    0.587947    0.561644    0.670063    0.472554    0.488170    0.528846    0.587947    0.500000    0.510345    900         130.909091  0.252957    0.082826    0.007974    0.000000    0.000023    0.162134    0.135516    0.516886    7.051921   
[36mINFO[0m 08/01 21:51:44 | 0.448687    0.480769    0.000000    0.565449    0.446159    0.572602    1.872899    0.459510    0.575342    0.623824    0.448687    0.446159    0.480769    0.459510    0.555556    0.521379    1000        145.454545  0.186720    0.063325    0.007830    0.000000    0.000023    0.115542    0.134013    0.492824    7.052874   
Valley is dead at step 400
[36mINFO[0m 08/01 21:51:45 | SWAD valley is dead -> early stop !
[36mINFO[0m 08/01 21:51:45 | ---
[33mWARNING[0m 08/01 21:51:45 | Evaluate SWAD ...
[36mINFO[0m 08/01 21:51:45 | 0.517900    0.442308    0.000000    0.485287    0.540278    0.633589    0.703308    0.567985    0.452055    0.692006    0.517900    0.540278    0.442308    0.567985    0.518519    0.575172    [1-400]  (N=9)
[36mINFO[0m 08/01 21:51:45 | oracle = 52.745%
[36mINFO[0m 08/01 21:51:45 | iid = 55.609%
[36mINFO[0m 08/01 21:51:45 | last = 44.869%
[36mINFO[0m 08/01 21:51:45 | last (inD) = 56.545%
[36mINFO[0m 08/01 21:51:45 | iid (inD) = 59.729%
[36mINFO[0m 08/01 21:51:45 | SWAD = 51.790%
[36mINFO[0m 08/01 21:51:45 | SWAD (inD) = 48.529%
[36mINFO[0m 08/01 21:51:46 | 
[36mINFO[0m 08/01 21:51:46 | Testenv name escaping te_02 -> te_02
[36mINFO[0m 08/01 21:51:46 | Test envs = [2], name = te_02
[36mINFO[0m 08/01 21:51:46 | Batch sizes for each domain: [32, 32, 0] (total=64)
[36mINFO[0m 08/01 21:51:46 | steps-per-epoch for each domain: 9.19, 13.09 -> min = 9.19
/home/s21_yhr/miniconda3/envs/GGA/lib/python3.11/site-packages/torchvision/models/_utils.py:208: UserWarning: The parameter 'pretrained' is deprecated since 0.13 and may be removed in the future, please use 'weights' instead.
  warnings.warn(
/home/s21_yhr/miniconda3/envs/GGA/lib/python3.11/site-packages/torchvision/models/_utils.py:223: UserWarning: Arguments other than a weight enum or `None` for 'weights' are deprecated since 0.13 and may be removed in the future. The current behavior is equivalent to passing `weights=ResNet50_Weights.IMAGENET1K_V1`. You can also use `weights=ResNet50_Weights.DEFAULT` to get the most up-to-date weights.
  warnings.warn(msg)
[36mINFO[0m 08/01 21:51:50 | # of params = 25349190
[36mINFO[0m 08/01 21:51:50 | test_in     test_out    train_in    train_out   test_in_au  train_out_  tr_outloss  test_out_a  env0_out    env0_out_a  env1_out    env1_out_a  env2_in     env2_in_au  env2_out    env2_out_a  step        epoch       loss        inv_ce      l2          penalty     l1          cl          step_time   eval_time   mem_gb     
[36mINFO[0m 08/01 21:51:50 | 0.559091    0.592593    0.000000    0.632376    0.579144    0.591057    0.691793    0.602759    0.630137    0.471003    0.634615    0.711111    0.559091    0.579144    0.592593    0.602759    0           0.000000    1.315001    0.707641    0.016944    0.000000    0.000019    1.020943    0.132964    0.374556    5.454577   
[36mINFO[0m 08/01 21:52:06 | 0.568182    0.481481    0.000000    0.702582    0.638927    0.778724    0.524848    0.506207    0.520548    0.592476    0.884615    0.964972    0.568182    0.638927    0.481481    0.506207    100         10.884354   1.334726    0.560984    0.016890    0.000000    0.000019    1.309729    0.128986    0.342527    5.889874   
[36mINFO[0m 08/01 21:52:22 | 0.595455    0.518519    0.000000    0.755927    0.560377    0.802020    0.560672    0.478621    0.684932    0.657524    0.826923    0.946516    0.595455    0.560377    0.518519    0.478621    200         21.768707   0.825771    0.371762    0.016860    0.000000    0.000019    0.784019    0.128603    0.358860    6.077973   
[36mINFO[0m 08/01 21:52:39 | 0.568182    0.444444    0.000000    0.744402    0.617103    0.774991    0.633825    0.473103    0.575342    0.613636    0.913462    0.936347    0.568182    0.617103    0.444444    0.473103    300         32.653061   0.791360    0.252163    0.008310    0.000000    0.000022    0.530865    0.135161    0.349986    6.284285   
Model converged at step 100, Start step = 1; Threshold = 0.745050, 
[36mINFO[0m 08/01 21:52:59 | 0.540909    0.462963    0.000000    0.653056    0.548743    0.746645    0.904536    0.419310    0.575342    0.569749    0.730769    0.923540    0.540909    0.548743    0.462963    0.419310    400         43.537415   0.549586    0.173625    0.008358    0.000000    0.000023    0.367582    0.135571    0.338325    6.652690   
[36mINFO[0m 08/01 21:53:16 | 0.595455    0.555556    0.000000    0.739594    0.606573    0.799817    0.683166    0.544828    0.575342    0.641066    0.903846    0.958569    0.595455    0.606573    0.555556    0.544828    500         54.421769   0.476601    0.148780    0.008361    0.000000    0.000023    0.319438    0.140950    0.353969    6.847806   
[36mINFO[0m 08/01 21:53:33 | 0.559091    0.555556    0.000000    0.740911    0.597656    0.798873    0.762841    0.531034    0.616438    0.670063    0.865385    0.927684    0.559091    0.597656    0.555556    0.531034    600         65.306122   0.420161    0.127235    0.008337    0.000000    0.000023    0.284567    0.138728    0.344679    7.037024   
[36mINFO[0m 08/01 21:53:51 | 0.604545    0.500000    0.000000    0.712790    0.569039    0.765229    0.883018    0.507586    0.589041    0.615204    0.836538    0.915254    0.604545    0.569039    0.500000    0.507586    700         76.190476   0.402345    0.117245    0.008271    0.000000    0.000023    0.276807    0.138479    0.359726    7.225034   
[36mINFO[0m 08/01 21:54:10 | 0.540909    0.574074    0.000000    0.701857    0.593410    0.769587    0.981443    0.532414    0.547945    0.597179    0.855769    0.941996    0.540909    0.593410    0.574074    0.532414    800         87.074830   0.338923    0.096613    0.008150    0.000000    0.000023    0.234137    0.137254    0.358343    7.232570   
[36mINFO[0m 08/01 21:54:28 | 0.540909    0.444444    0.000000    0.670969    0.616253    0.767279    1.039522    0.499310    0.534247    0.623824    0.807692    0.910734    0.540909    0.616253    0.444444    0.499310    900         97.959184   0.331710    0.095163    0.008017    0.000000    0.000023    0.228507    0.136628    0.333936    7.241359   
[36mINFO[0m 08/01 21:54:46 | 0.559091    0.555556    0.000000    0.761459    0.635190    0.809526    0.940986    0.548966    0.657534    0.675549    0.865385    0.943503    0.559091    0.635190    0.555556    0.548966    1000        108.843537  0.309587    0.089247    0.007892    0.000000    0.000023    0.212424    0.135903    0.350718    7.241705   
[36mINFO[0m 08/01 21:55:03 | 0.545455    0.462963    0.000000    0.729979    0.568020    0.788922    0.843589    0.488276    0.575342    0.623041    0.884615    0.954802    0.545455    0.568020    0.462963    0.488276    1100        119.727891  0.312613    0.088917    0.007756    0.000000    0.000023    0.215916    0.136108    0.339064    7.242095   
Valley is dead at step 500
[36mINFO[0m 08/01 21:55:03 | SWAD valley is dead -> early stop !
[36mINFO[0m 08/01 21:55:03 | ---
[33mWARNING[0m 08/01 21:55:03 | Evaluate SWAD ...
[36mINFO[0m 08/01 21:55:04 | 0.581818    0.537037    0.000000    0.594639    0.626953    0.792093    0.599938    0.486897    0.602740    0.621473    0.586538    0.962712    0.581818    0.626953    0.537037    0.486897    [1-500]  (N=8)
[36mINFO[0m 08/01 21:55:04 | oracle = 55.909%
[36mINFO[0m 08/01 21:55:04 | iid = 55.909%
[36mINFO[0m 08/01 21:55:04 | last = 54.545%
[36mINFO[0m 08/01 21:55:04 | last (inD) = 72.998%
[36mINFO[0m 08/01 21:55:04 | iid (inD) = 76.146%
[36mINFO[0m 08/01 21:55:04 | SWAD = 58.182%
[36mINFO[0m 08/01 21:55:04 | SWAD (inD) = 59.464%
[36mINFO[0m 08/01 21:55:05 | === Summary ===
[36mINFO[0m 08/01 21:55:05 | Command: /home/s21_yhr/lzh/DomainBed-new/train_all.py HTP_iDAG_SWAD_seed2 --dataset HTP --data_dir /home/s21_yhr/lzh/DomainBed-new/dataset --algorithm iDAG --steps 5000 --checkpoint_freq 100 --batch_size 32 --optimizer adam --lr 5e-5 --weight_decay 0 --resnet_dropout 0 --resnet18 False --pretrained True --freeze_bn True --swad LossValley --seed 2 --trial_seed 2 --deterministic --prebuild_loader --cache_size 640 --out_dim 512 --hidden_size 512 --num_hidden_layers 0 --dag_anneal_steps 200 --temperature 0.07 --ema_ratio 0.99 --lambda1 0.01 --lambda2 0.01 --rho 1.0 --alpha 1.0 --rho_max 100.0 --weight_mu 1.0 --weight_nu 1.0
[36mINFO[0m 08/01 21:55:05 | Unique name: 260801_21-46-03_HTP_iDAG_SWAD_seed2
[36mINFO[0m 08/01 21:55:05 | Out path: train_output/HTP/260801_21-46-03_HTP_iDAG_SWAD_seed2
[36mINFO[0m 08/01 21:55:05 | Algorithm: iDAG
[36mINFO[0m 08/01 21:55:05 | Dataset: HTP
+------------+---------+---------+---------+---------+
| Selection  |    00   |    01   |    02   |   Avg.  |
+------------+---------+---------+---------+---------+
|   oracle   | 53.741% | 52.745% | 55.909% | 54.132% |
|    iid     | 55.102% | 55.609% | 55.909% | 55.540% |
|    last    | 53.401% | 44.869% | 54.545% | 50.939% |
| last (inD) | 67.860% | 56.545% | 72.998% | 65.801% |
| iid (inD)  | 71.599% | 59.729% | 76.146% | 69.158% |
|    SWAD    | 56.803% | 51.790% | 58.182% | 55.592% |
| SWAD (inD) | 55.698% | 48.529% | 59.464% | 54.564% |
+------------+---------+---------+---------+---------+
================================================================================
Starting iDAG_SWAD, seed=3, physical GPU=3
/home/s21_yhr/miniconda3/envs/GGA/bin/python /home/s21_yhr/lzh/DomainBed-new/train_all.py HTP_iDAG_SWAD_seed3 --dataset HTP --data_dir /home/s21_yhr/lzh/DomainBed-new/dataset --algorithm iDAG --steps 5000 --checkpoint_freq 100 --batch_size 32 --optimizer adam --lr 5e-5 --weight_decay 0 --resnet_dropout 0 --resnet18 False --pretrained True --freeze_bn True --swad LossValley --seed 3 --trial_seed 3 --deterministic --prebuild_loader --cache_size 640 --out_dim 512 --hidden_size 512 --num_hidden_layers 0 --dag_anneal_steps 200 --temperature 0.07 --ema_ratio 0.99 --lambda1 0.01 --lambda2 0.01 --rho 1.0 --alpha 1.0 --rho_max 100.0 --weight_mu 1.0 --weight_nu 1.0
================================================================================
[36mINFO[0m 08/01 21:55:10 | Command :: /home/s21_yhr/lzh/DomainBed-new/train_all.py HTP_iDAG_SWAD_seed3 --dataset HTP --data_dir /home/s21_yhr/lzh/DomainBed-new/dataset --algorithm iDAG --steps 5000 --checkpoint_freq 100 --batch_size 32 --optimizer adam --lr 5e-5 --weight_decay 0 --resnet_dropout 0 --resnet18 False --pretrained True --freeze_bn True --swad LossValley --seed 3 --trial_seed 3 --deterministic --prebuild_loader --cache_size 640 --out_dim 512 --hidden_size 512 --num_hidden_layers 0 --dag_anneal_steps 200 --temperature 0.07 --ema_ratio 0.99 --lambda1 0.01 --lambda2 0.01 --rho 1.0 --alpha 1.0 --rho_max 100.0 --weight_mu 1.0 --weight_nu 1.0
Environment:
	Python: 3.11.15
	PyTorch: 2.11.0+cu128
	Torchvision: 0.26.0+cu128
	CUDA: 12.8
	CUDNN: 91900
	NumPy: 1.26.4
	PIL: 12.2.0
Args:
	algorithm: iDAG
	batch_size: 32
	cache_root: cache
	cache_size: 640
	checkpoint_freq: 100
	configs: []
	data_dir: /home/s21_yhr/lzh/DomainBed-new/dataset
	dataset: HTP
	debug: False
	deterministic: True
	end_step: 200
	evalmode: fast
	extra_search: n
	extra_search_end: None
	extra_search_start: None
	gga_l_gamma: 0.001
	grad_fn: sum
	holdout_fraction: 0.2
	model_save: None
	name: HTP_iDAG_SWAD_seed3
	neighborhoodSize: 1e-06
	out_dir: train_output/HTP/260801_21-55-10_HTP_iDAG_SWAD_seed3
	out_root: train_output/HTP
	prebuild_loader: True
	seed: 3
	show: False
	start_step: 100
	steps: 5000
	tb_freq: 10
	test_envs: None
	train_output: train_output
	trial_seed: 3
	unique_name: 260801_21-55-10_HTP_iDAG_SWAD_seed3
	work_dir: .
HParams:
	data_augmentation: True
	val_augment: False
	[36mresnet18: False
	[0m[36mresnet_dropout: 0
	[0mclass_balanced: False
	[36moptimizer: adam
	[0m[36mfreeze_bn: True
	[0m[36mpretrained: True
	[0m[36mlr: 5e-05
	[0mbatch_size: 32
	[36mweight_decay: 0
	[0m[36mhidden_size: 512
	[0m[36mout_dim: 512
	[0m[36mnum_hidden_layers: 0
	[0m[36mdag_anneal_steps: 200
	[0m[36mtemperature: 0.07
	[0m[36mema_ratio: 0.99
	[0m[36mlambda1: 0.01
	[0m[36mlambda2: 0.01
	[0m[36mrho_max: 100.0
	[0m[36mrho: 1.0
	[0m[36malpha: 1.0
	[0m[36mweight_nu: 1.0
	[0m[36mweight_mu: 1.0
	[0m[36mswad: LossValley
	[0mswad_kwargs: 
	  n_converge: 3
	  n_tolerance: 6
	  tolerance_ratio: 0.3
	test_batchsize: 128
	indomain_test: False
	grad_fn: sum
	extra_search: n
	logdir: train_output/HTP/260801_21-55-10_HTP_iDAG_SWAD_seed3
	neighborhoodSize: 1e-06
	start_step: 100
	end_step: 200
	extra_search_start: None
	extra_search_end: None
	gga_l_gamma: 0.001
Dataset:
	[HTP] #envs=3, #classes=2
	env0: 00 (#367)
	env1: 01 (#523)
	env2: 02 (#274)

[36mINFO[0m 08/01 21:55:10 | n_steps = 5000
[36mINFO[0m 08/01 21:55:10 | checkpoint_freq = 100
[36mINFO[0m 08/01 21:55:10 | n_steps is updated to 5000 => 5001 for checkpointing
[36mINFO[0m 08/01 21:55:10 | Target test envs = [[0], [1], [2]]
[36mINFO[0m 08/01 21:55:10 | 
[36mINFO[0m 08/01 21:55:10 | Testenv name escaping te_00 -> te_00
[36mINFO[0m 08/01 21:55:10 | Test envs = [0], name = te_00
[36mINFO[0m 08/01 21:55:10 | Batch sizes for each domain: [0, 32, 32] (total=64)
[36mINFO[0m 08/01 21:55:10 | steps-per-epoch for each domain: 13.09, 6.88 -> min = 6.88
/home/s21_yhr/miniconda3/envs/GGA/lib/python3.11/site-packages/torchvision/models/_utils.py:208: UserWarning: The parameter 'pretrained' is deprecated since 0.13 and may be removed in the future, please use 'weights' instead.
  warnings.warn(
/home/s21_yhr/miniconda3/envs/GGA/lib/python3.11/site-packages/torchvision/models/_utils.py:223: UserWarning: Arguments other than a weight enum or `None` for 'weights' are deprecated since 0.13 and may be removed in the future. The current behavior is equivalent to passing `weights=ResNet50_Weights.IMAGENET1K_V1`. You can also use `weights=ResNet50_Weights.DEFAULT` to get the most up-to-date weights.
  warnings.warn(msg)
[36mINFO[0m 08/01 21:55:13 | # of params = 25349190
/home/s21_yhr/lzh/DomainBed-new/domainbed/algorithms/algorithms.py:161: UserWarning: The use of `x.T` on tensors of dimension other than 2 to reverse their shape is deprecated and it will throw an error in a future release. Consider `x.mT` to transpose batches of matrices or `x.permute(*torch.arange(x.ndim - 1, -1, -1))` to reverse the dimensions of a tensor. (Triggered internally at /pytorch/aten/src/ATen/native/TensorShape.cpp:4480.)
  mask_neg = torch.not_equal(labels, labels.T)
[36mINFO[0m 08/01 21:55:14 | test_in     test_out    train_in    train_out   test_in_au  test_out_a  train_out_  tr_outloss  env0_in     env0_in_au  env0_out    env0_out_a  env1_out    env1_out_a  env2_out    env2_out_a  step        epoch       loss        inv_ce      l2          penalty     l1          cl          step_time   eval_time   mem_gb     
[36mINFO[0m 08/01 21:55:14 | 0.571429    0.575342    0.000000    0.542201    0.505338    0.406202    0.595926    0.691155    0.571429    0.505338    0.575342    0.406202    0.528846    0.625185    0.555556    0.566667    0           0.000000    1.374487    0.695114    0.016894    0.000000    0.000019    1.132416    1.006258    0.590212    5.451521   
[36mINFO[0m 08/01 21:55:30 | 0.571429    0.657534    0.000000    0.655449    0.496126    0.537209    0.822685    0.713190    0.571429    0.496126    0.657534    0.537209    0.644231    0.892593    0.666667    0.752778    100         14.545455   1.174945    0.515365    0.016896    0.000000    0.000019    1.136940    0.127098    0.409454    5.890347   
[36mINFO[0m 08/01 21:55:46 | 0.527211    0.520548    0.000000    0.719373    0.506472    0.558915    0.793519    0.625297    0.527211    0.506472    0.520548    0.558915    0.846154    0.931481    0.592593    0.655556    200         29.090909   0.720582    0.319095    0.016906    0.000000    0.000019    0.685640    0.126221    0.426634    6.078973   
[36mINFO[0m 08/01 21:56:02 | 0.459184    0.506849    0.000000    0.747151    0.485119    0.586047    0.811713    0.597396    0.459184    0.485119    0.506849    0.586047    0.846154    0.935926    0.648148    0.687500    300         43.636364   0.695039    0.226010    0.008292    0.000000    0.000022    0.460715    0.133600    0.407854    6.275865   
[36mINFO[0m 08/01 21:56:18 | 0.517007    0.561644    0.000000    0.757479    0.519274    0.609302    0.810833    0.730570    0.517007    0.519274    0.561644    0.609302    0.903846    0.963333    0.611111    0.658333    400         58.181818   0.537418    0.178367    0.008277    0.000000    0.000023    0.350752    0.135482    0.410753    6.470431   
[36mINFO[0m 08/01 21:56:34 | 0.547619    0.643836    0.000000    0.647614    0.535525    0.705426    0.768102    1.007176    0.547619    0.535525    0.643836    0.705426    0.721154    0.901481    0.574074    0.634722    500         72.727273   0.440976    0.150081    0.008234    0.000000    0.000023    0.282638    0.132763    0.410694    6.660527   
Model converged at step 300, Start step = 1; Threshold = 1.011894, 
[36mINFO[0m 08/01 21:56:55 | 0.554422    0.602740    0.000000    0.632835    0.556737    0.614729    0.789306    1.056273    0.554422    0.556737    0.602740    0.614729    0.673077    0.918889    0.592593    0.659722    600         87.272727   0.447246    0.146590    0.008185    0.000000    0.000023    0.292448    0.133576    0.396294    7.035690   
[36mINFO[0m 08/01 21:57:11 | 0.527211    0.616438    0.000000    0.747507    0.520786    0.613178    0.804907    0.886563    0.527211    0.520786    0.616438    0.613178    0.865385    0.929259    0.629630    0.680556    700         101.818182  0.403453    0.132394    0.008121    0.000000    0.000023    0.262915    0.133968    0.400525    7.223170   
[36mINFO[0m 08/01 21:57:27 | 0.523810    0.589041    0.000000    0.680912    0.506283    0.594574    0.774491    1.040702    0.523810    0.506283    0.589041    0.594574    0.769231    0.905926    0.592593    0.643056    800         116.363636  0.321612    0.105684    0.008004    0.000000    0.000023    0.207901    0.133684    0.425527    7.226730   
[36mINFO[0m 08/01 21:57:45 | 0.537415    0.534247    0.000000    0.728989    0.504866    0.570543    0.776620    0.932952    0.537415    0.504866    0.534247    0.570543    0.865385    0.912963    0.592593    0.640278    900         130.909091  0.322721    0.107778    0.007944    0.000000    0.000023    0.206977    0.133856    0.400147    7.231987   
[36mINFO[0m 08/01 21:58:03 | 0.544218    0.589041    0.000000    0.666132    0.507937    0.604651    0.765139    1.482961    0.544218    0.507937    0.589041    0.604651    0.721154    0.917778    0.611111    0.612500    1000        145.454545  0.323603    0.104283    0.007844    0.000000    0.000023    0.211453    0.135506    0.405665    7.234263   
[36mINFO[0m 08/01 21:58:22 | 0.537415    0.561644    0.000000    0.695335    0.521825    0.565116    0.790509    1.235549    0.537415    0.521825    0.561644    0.565116    0.798077    0.912963    0.592593    0.668056    1100        160.000000  0.283059    0.095044    0.007759    0.000000    0.000023    0.180233    0.135276    0.401914    7.234405   
[36mINFO[0m 08/01 21:58:39 | 0.557823    0.616438    0.000000    0.662393    0.505858    0.565116    0.769120    1.212535    0.557823    0.505858    0.616438    0.565116    0.769231    0.900741    0.555556    0.637500    1200        174.545455  0.314514    0.100762    0.007662    0.000000    0.000023    0.206068    0.133766    0.414298    7.234405   
[36mINFO[0m 08/01 21:58:57 | 0.544218    0.575342    0.000000    0.708333    0.511480    0.592248    0.795833    1.254759    0.544218    0.511480    0.575342    0.592248    0.750000    0.894444    0.666667    0.697222    1300        189.090909  0.250928    0.084042    0.007593    0.000000    0.000023    0.159269    0.134771    0.413623    7.234405   
[36mINFO[0m 08/01 21:59:15 | 0.530612    0.630137    0.000000    0.700499    0.504819    0.592248    0.759213    1.335905    0.530612    0.504819    0.630137    0.592248    0.826923    0.911481    0.574074    0.606944    1400        203.636364  0.248482    0.081019    0.007511    0.000000    0.000023    0.159929    0.134215    0.401765    7.237193   
[36mINFO[0m 08/01 21:59:33 | 0.530612    0.602740    0.000000    0.694623    0.509826    0.617829    0.772222    1.340806    0.530612    0.509826    0.602740    0.617829    0.759615    0.900000    0.629630    0.644444    1500        218.181818  0.226397    0.072799    0.007411    0.000000    0.000023    0.146163    0.133875    0.402324    7.241143   
Valley is dead at step 900
[36mINFO[0m 08/01 21:59:34 | SWAD valley is dead -> early stop !
[36mINFO[0m 08/01 21:59:34 | ---
[33mWARNING[0m 08/01 21:59:34 | Evaluate SWAD ...
[36mINFO[0m 08/01 21:59:34 | 0.540816    0.643836    0.000000    0.709402    0.522156    0.632558    0.795231    0.745291    0.540816    0.522156    0.643836    0.632558    0.807692    0.925185    0.611111    0.665278    [1-900]  (N=10)
[36mINFO[0m 08/01 21:59:34 | oracle = 57.143%
[36mINFO[0m 08/01 21:59:34 | iid = 51.701%
[36mINFO[0m 08/01 21:59:34 | last = 53.061%
[36mINFO[0m 08/01 21:59:34 | last (inD) = 69.462%
[36mINFO[0m 08/01 21:59:34 | iid (inD) = 75.748%
[36mINFO[0m 08/01 21:59:34 | SWAD = 54.082%
[36mINFO[0m 08/01 21:59:34 | SWAD (inD) = 70.940%
[36mINFO[0m 08/01 21:59:35 | 
[36mINFO[0m 08/01 21:59:35 | Testenv name escaping te_01 -> te_01
[36mINFO[0m 08/01 21:59:35 | Test envs = [1], name = te_01
[36mINFO[0m 08/01 21:59:35 | Batch sizes for each domain: [32, 0, 32] (total=64)
[36mINFO[0m 08/01 21:59:35 | steps-per-epoch for each domain: 9.19, 6.88 -> min = 6.88
/home/s21_yhr/miniconda3/envs/GGA/lib/python3.11/site-packages/torchvision/models/_utils.py:208: UserWarning: The parameter 'pretrained' is deprecated since 0.13 and may be removed in the future, please use 'weights' instead.
  warnings.warn(
/home/s21_yhr/miniconda3/envs/GGA/lib/python3.11/site-packages/torchvision/models/_utils.py:223: UserWarning: Arguments other than a weight enum or `None` for 'weights' are deprecated since 0.13 and may be removed in the future. The current behavior is equivalent to passing `weights=ResNet50_Weights.IMAGENET1K_V1`. You can also use `weights=ResNet50_Weights.DEFAULT` to get the most up-to-date weights.
  warnings.warn(msg)
[36mINFO[0m 08/01 21:59:39 | # of params = 25349190
[36mINFO[0m 08/01 21:59:39 | test_in     test_out    train_in    train_out   test_in_au  train_out_  tr_outloss  test_out_a  env0_out    env0_out_a  env1_in     env1_in_au  env1_out    env1_out_a  env2_out    env2_out_a  step        epoch       loss        inv_ce      l2          penalty     l1          cl          step_time   eval_time   mem_gb     
[36mINFO[0m 08/01 21:59:39 | 0.503580    0.519231    0.000000    0.563039    0.697744    0.469897    0.691077    0.758519    0.589041    0.428682    0.503580    0.697744    0.519231    0.758519    0.537037    0.511111    0           0.000000    1.245249    0.688507    0.016911    0.000000    0.000019    1.001016    0.132674    0.599283    5.454577   
[36mINFO[0m 08/01 21:59:55 | 0.505967    0.490385    0.000000    0.705606    0.469537    0.731363    0.623509    0.475926    0.726027    0.748837    0.505967    0.469537    0.490385    0.475926    0.685185    0.713889    100         14.545455   1.162277    0.529325    0.016968    0.000000    0.000019    1.115257    0.126487    0.521381    5.889874   
[36mINFO[0m 08/01 22:00:11 | 0.453461    0.394231    0.000000    0.606545    0.457735    0.704910    0.966527    0.408148    0.657534    0.754264    0.453461    0.457735    0.394231    0.408148    0.555556    0.655556    200         29.090909   0.571360    0.280667    0.017029    0.000000    0.000019    0.534387    0.127301    0.552760    6.077973   
[36mINFO[0m 08/01 22:00:27 | 0.579952    0.596154    0.000000    0.659691    0.629460    0.708608    0.822572    0.588519    0.671233    0.718605    0.579952    0.629460    0.596154    0.588519    0.648148    0.698611    300         43.636364   0.594529    0.202725    0.008107    0.000000    0.000022    0.383674    0.134268    0.534242    6.284285   
Model converged at step 100, Start step = 1; Threshold = 1.045463, 
[36mINFO[0m 08/01 22:00:48 | 0.548926    0.461538    0.000000    0.645611    0.581317    0.669186    1.180754    0.531852    0.698630    0.755039    0.548926    0.581317    0.461538    0.531852    0.592593    0.583333    400         58.181818   0.455242    0.157036    0.008210    0.000000    0.000023    0.289973    0.134491    0.544017    6.652690   
[36mINFO[0m 08/01 22:01:04 | 0.491647    0.442308    0.000000    0.670979    0.504921    0.725323    0.913251    0.457037    0.712329    0.772868    0.491647    0.504921    0.442308    0.457037    0.629630    0.677778    500         72.727273   0.376849    0.129010    0.008259    0.000000    0.000023    0.239557    0.134175    0.483688    6.847806   
[36mINFO[0m 08/01 22:01:21 | 0.582339    0.567308    0.000000    0.657281    0.613693    0.705911    1.171829    0.596667    0.684932    0.753488    0.582339    0.613693    0.567308    0.596667    0.629630    0.658333    600         87.272727   0.343402    0.113783    0.008244    0.000000    0.000023    0.221353    0.133622    0.487314    7.037024   
[36mINFO[0m 08/01 22:01:39 | 0.553699    0.528846    0.000000    0.673770    0.566621    0.695898    1.167413    0.555926    0.643836    0.727907    0.553699    0.566621    0.528846    0.555926    0.703704    0.663889    700         101.818182  0.348838    0.113172    0.008211    0.000000    0.000023    0.227432    0.134652    0.523119    7.225034   
[36mINFO[0m 08/01 22:01:57 | 0.582339    0.538462    0.000000    0.668950    0.606129    0.704506    1.194661    0.584815    0.671233    0.779845    0.582339    0.606129    0.538462    0.584815    0.666667    0.629167    800         116.363636  0.278787    0.096334    0.008120    0.000000    0.000023    0.174311    0.134539    0.505430    7.232570   
[36mINFO[0m 08/01 22:02:16 | 0.501193    0.538462    0.000000    0.701167    0.486010    0.745203    1.090798    0.470741    0.698630    0.761240    0.501193    0.486010    0.538462    0.470741    0.703704    0.729167    900         130.909091  0.250446    0.083337    0.007964    0.000000    0.000023    0.159123    0.137225    0.546849    7.241359   
[36mINFO[0m 08/01 22:02:34 | 0.470167    0.519231    0.000000    0.668950    0.418068    0.714083    1.456530    0.451481    0.671233    0.750388    0.470167    0.418068    0.519231    0.451481    0.666667    0.677778    1000        145.454545  0.243759    0.083422    0.007861    0.000000    0.000023    0.152452    0.135587    0.505186    7.241705   
[36mINFO[0m 08/01 22:02:52 | 0.522673    0.423077    0.000000    0.652841    0.533447    0.728133    1.220997    0.477778    0.657534    0.753488    0.522673    0.533447    0.423077    0.477778    0.648148    0.702778    1100        160.000000  0.246383    0.077259    0.007750    0.000000    0.000023    0.161350    0.135817    0.509035    7.242095   
Valley is dead at step 500
[36mINFO[0m 08/01 22:02:52 | SWAD valley is dead -> early stop !
[36mINFO[0m 08/01 22:02:52 | ---
[33mWARNING[0m 08/01 22:02:53 | Evaluate SWAD ...
[36mINFO[0m 08/01 22:02:53 | 0.582339    0.615385    0.000000    0.648402    0.610731    0.706315    0.648921    0.634815    0.630137    0.727907    0.582339    0.610731    0.615385    0.634815    0.666667    0.684722    [1-500]  (N=8)
[36mINFO[0m 08/01 22:02:53 | oracle = 57.995%
[36mINFO[0m 08/01 22:02:53 | iid = 50.597%
[36mINFO[0m 08/01 22:02:53 | last = 52.267%
[36mINFO[0m 08/01 22:02:53 | last (inD) = 65.284%
[36mINFO[0m 08/01 22:02:53 | iid (inD) = 70.561%
[36mINFO[0m 08/01 22:02:53 | SWAD = 58.234%
[36mINFO[0m 08/01 22:02:53 | SWAD (inD) = 64.840%
[36mINFO[0m 08/01 22:02:54 | 
[36mINFO[0m 08/01 22:02:54 | Testenv name escaping te_02 -> te_02
[36mINFO[0m 08/01 22:02:54 | Test envs = [2], name = te_02
[36mINFO[0m 08/01 22:02:54 | Batch sizes for each domain: [32, 32, 0] (total=64)
[36mINFO[0m 08/01 22:02:54 | steps-per-epoch for each domain: 9.19, 13.09 -> min = 9.19
/home/s21_yhr/miniconda3/envs/GGA/lib/python3.11/site-packages/torchvision/models/_utils.py:208: UserWarning: The parameter 'pretrained' is deprecated since 0.13 and may be removed in the future, please use 'weights' instead.
  warnings.warn(
/home/s21_yhr/miniconda3/envs/GGA/lib/python3.11/site-packages/torchvision/models/_utils.py:223: UserWarning: Arguments other than a weight enum or `None` for 'weights' are deprecated since 0.13 and may be removed in the future. The current behavior is equivalent to passing `weights=ResNet50_Weights.IMAGENET1K_V1`. You can also use `weights=ResNet50_Weights.DEFAULT` to get the most up-to-date weights.
  warnings.warn(msg)
[36mINFO[0m 08/01 22:02:58 | # of params = 25349190
[36mINFO[0m 08/01 22:02:58 | test_in     test_out    train_in    train_out   test_in_au  train_out_  tr_outloss  test_out_a  env0_out    env0_out_a  env1_out    env1_out_a  env2_in     env2_in_au  env2_out    env2_out_a  step        epoch       loss        inv_ce      l2          penalty     l1          cl          step_time   eval_time   mem_gb     
[36mINFO[0m 08/01 22:02:58 | 0.568182    0.592593    0.000000    0.513040    0.552451    0.539871    0.691689    0.504167    0.506849    0.410853    0.519231    0.668889    0.568182    0.552451    0.592593    0.504167    0           0.000000    1.360682    0.700331    0.016982    0.000000    0.000019    1.137395    0.130283    0.388063    5.454577   
[36mINFO[0m 08/01 22:03:14 | 0.618182    0.574074    0.000000    0.657732    0.640251    0.778269    0.837375    0.648611    0.671233    0.672093    0.644231    0.884444    0.618182    0.640251    0.574074    0.648611    100         10.884354   1.281461    0.551143    0.016911    0.000000    0.000019    1.251553    0.126055    0.399531    5.889874   
[36mINFO[0m 08/01 22:03:29 | 0.586364    0.555556    0.000000    0.611697    0.475066    0.786309    1.160206    0.509722    0.684932    0.725581    0.538462    0.847037    0.586364    0.475066    0.555556    0.509722    200         21.768707   0.782181    0.342691    0.016878    0.000000    0.000019    0.745443    0.127134    0.354949    6.077973   
Model converged at step 0, Start step = 1; Threshold = 1.165350, 
[36mINFO[0m 08/01 22:03:48 | 0.568182    0.592593    0.000000    0.651607    0.558208    0.765401    0.757979    0.606944    0.630137    0.693023    0.673077    0.837778    0.568182    0.558208    0.592593    0.606944    300         32.653061   0.758267    0.241204    0.008217    0.000000    0.000022    0.508824    0.135802    0.345947    6.284285   
[36mINFO[0m 08/01 22:04:06 | 0.545455    0.481481    0.000000    0.749078    0.525781    0.784664    0.721055    0.644444    0.671233    0.668217    0.826923    0.901111    0.545455    0.525781    0.481481    0.644444    400         43.537415   0.601465    0.183318    0.008305    0.000000    0.000023    0.409819    0.135509    0.437623    6.470450   
[36mINFO[0m 08/01 22:04:24 | 0.577273    0.555556    0.000000    0.711934    0.585810    0.833906    0.691554    0.627778    0.712329    0.767442    0.711538    0.900370    0.577273    0.585810    0.555556    0.627778    500         54.421769   0.489906    0.145854    0.008371    0.000000    0.000023    0.335658    0.135805    0.353963    6.661987   
[36mINFO[0m 08/01 22:04:42 | 0.563636    0.537037    0.000000    0.658456    0.547032    0.767610    1.062711    0.625000    0.643836    0.667442    0.673077    0.867778    0.563636    0.547032    0.537037    0.625000    600         65.306122   0.454800    0.133713    0.008374    0.000000    0.000023    0.312689    0.135372    0.336554    6.850106   
[36mINFO[0m 08/01 22:05:00 | 0.595455    0.574074    0.000000    0.687302    0.558378    0.797623    0.958315    0.597222    0.643836    0.693023    0.730769    0.902222    0.595455    0.558378    0.574074    0.597222    700         76.190476   0.396417    0.117912    0.008328    0.000000    0.000023    0.270154    0.134205    0.347044    7.038371   
[36mINFO[0m 08/01 22:05:18 | 0.595455    0.592593    0.000000    0.683219    0.595885    0.799005    0.811639    0.616667    0.616438    0.696899    0.750000    0.901111    0.595455    0.595885    0.592593    0.616667    800         87.074830   0.369427    0.105313    0.008293    0.000000    0.000023    0.255799    0.134378    0.347138    7.047287   
[36mINFO[0m 08/01 22:05:36 | 0.495455    0.555556    0.000000    0.752568    0.587419    0.796718    0.771527    0.672222    0.630137    0.668992    0.875000    0.924444    0.495455    0.587419    0.555556    0.672222    900         97.959184   0.332256    0.097354    0.008181    0.000000    0.000023    0.226699    0.136917    0.350418    7.051921   
[36mINFO[0m 08/01 22:05:54 | 0.550000    0.574074    0.000000    0.708707    0.567268    0.760293    0.958234    0.600000    0.561644    0.613178    0.855769    0.907407    0.550000    0.567268    0.574074    0.600000    1000        108.843537  0.327102    0.092677    0.008052    0.000000    0.000023    0.226350    0.133867    0.347750    7.052874   
[36mINFO[0m 08/01 22:06:12 | 0.559091    0.629630    0.000000    0.728530    0.572771    0.810887    0.788239    0.625000    0.630137    0.689922    0.826923    0.931852    0.559091    0.572771    0.629630    0.625000    1100        119.727891  0.315099    0.092718    0.007898    0.000000    0.000023    0.214460    0.134480    0.348617    7.053606   
[36mINFO[0m 08/01 22:06:30 | 0.531818    0.611111    0.000000    0.653056    0.615951    0.771916    1.409172    0.630556    0.575342    0.627907    0.730769    0.915926    0.531818    0.615951    0.611111    0.630556    1200        130.612245  0.281720    0.080285    0.007719    0.000000    0.000023    0.193694    0.137196    0.363679    7.054929   
[36mINFO[0m 08/01 22:06:48 | 0.550000    0.592593    0.000000    0.744995    0.569469    0.785060    0.967983    0.627778    0.643836    0.652713    0.846154    0.917407    0.550000    0.569469    0.592593    0.627778    1300        141.496599  0.287168    0.082880    0.007594    0.000000    0.000023    0.196672    0.134629    0.352237    7.056780   
[36mINFO[0m 08/01 22:07:05 | 0.627273    0.574074    0.000000    0.709299    0.606045    0.796408    0.973476    0.586111    0.630137    0.688372    0.788462    0.904444    0.627273    0.606045    0.574074    0.586111    1400        152.380952  0.275628    0.075209    0.007418    0.000000    0.000023    0.192978    0.133369    0.350787    7.061785   
[36mINFO[0m 08/01 22:07:23 | 0.568182    0.611111    0.000000    0.677819    0.577597    0.755241    1.126250    0.633333    0.547945    0.610853    0.807692    0.899630    0.568182    0.577597    0.611111    0.633333    1500        163.265306  0.279449    0.077550    0.007308    0.000000    0.000023    0.194568    0.135536    0.348794    7.061785   
[36mINFO[0m 08/01 22:07:42 | 0.540909    0.481481    0.000000    0.676370    0.557870    0.756916    1.274296    0.605556    0.602740    0.627907    0.750000    0.885926    0.540909    0.557870    0.481481    0.605556    1600        174.149660  0.250111    0.071753    0.007187    0.000000    0.000023    0.171148    0.135910    0.384132    7.061785   
[36mINFO[0m 08/01 22:07:59 | 0.627273    0.666667    0.000000    0.706533    0.593684    0.783252    1.080322    0.645833    0.643836    0.671318    0.769231    0.895185    0.627273    0.593684    0.666667    0.645833    1700        185.034014  0.230637    0.064526    0.007094    0.000000    0.000024    0.158993    0.136378    0.360661    7.063132   
[36mINFO[0m 08/01 22:08:17 | 0.590909    0.685185    0.000000    0.762777    0.585725    0.787506    0.936775    0.709722    0.698630    0.696124    0.826923    0.878889    0.590909    0.585725    0.685185    0.709722    1800        195.918367  0.220117    0.060098    0.006999    0.000000    0.000024    0.152996    0.135156    0.357881    7.063132   
[36mINFO[0m 08/01 22:08:35 | 0.577273    0.629630    0.000000    0.681178    0.583270    0.781628    1.037566    0.705556    0.602740    0.689922    0.759615    0.873333    0.577273    0.583270    0.629630    0.705556    1900        206.802721  0.232731    0.065834    0.006909    0.000000    0.000024    0.159964    0.134876    0.375562    7.063132   
[36mINFO[0m 08/01 22:08:53 | 0.586364    0.629630    0.000000    0.726488    0.583270    0.790034    0.954560    0.662500    0.616438    0.668217    0.836538    0.911852    0.586364    0.583270    0.629630    0.662500    2000        217.687075  0.211963    0.060870    0.006846    0.000000    0.000024    0.144224    0.134577    0.371802    7.064207   
[36mINFO[0m 08/01 22:09:11 | 0.550000    0.592593    0.000000    0.696325    0.565151    0.779608    1.123310    0.668056    0.575342    0.657364    0.817308    0.901852    0.550000    0.565151    0.592593    0.668056    2100        228.571429  0.232641    0.060961    0.006761    0.000000    0.000024    0.164896    0.135204    0.355081    7.066526   
[36mINFO[0m 08/01 22:09:29 | 0.586364    0.611111    0.000000    0.654373    0.592414    0.767993    1.415675    0.605556    0.616438    0.626357    0.692308    0.909630    0.586364    0.592414    0.611111    0.605556    2200        239.455782  0.207791    0.057425    0.006707    0.000000    0.000024    0.143636    0.134915    0.352970    7.066526   
[36mINFO[0m 08/01 22:09:47 | 0.600000    0.611111    0.000000    0.674328    0.589451    0.740512    1.202118    0.665278    0.589041    0.614729    0.759615    0.866296    0.600000    0.589451    0.611111    0.665278    2300        250.340136  0.204507    0.057991    0.006686    0.000000    0.000024    0.139806    0.136083    0.341791    7.066526   
[36mINFO[0m 08/01 22:10:05 | 0.554545    0.592593    0.000000    0.674921    0.550165    0.793372    1.228475    0.629167    0.657534    0.710078    0.692308    0.876667    0.554545    0.550165    0.592593    0.629167    2400        261.224490  0.195999    0.053473    0.006633    0.000000    0.000024    0.135869    0.134776    0.351389    7.066526   
[36mINFO[0m 08/01 22:10:22 | 0.613636    0.611111    0.000000    0.656415    0.591652    0.768338    1.636207    0.665278    0.630137    0.675194    0.682692    0.861481    0.613636    0.591652    0.611111    0.665278    2500        272.108844  0.184442    0.050024    0.006588    0.000000    0.000024    0.127806    0.135365    0.349423    7.070319   
[36mINFO[0m 08/01 22:10:41 | 0.604545    0.629630    0.000000    0.704492    0.616629    0.785650    1.115335    0.643056    0.630137    0.687597    0.778846    0.883704    0.604545    0.616629    0.629630    0.643056    2600        282.993197  0.195593    0.053066    0.006543    0.000000    0.000024    0.135960    0.134856    0.357704    7.073020   
[36mINFO[0m 08/01 22:10:58 | 0.586364    0.611111    0.000000    0.735972    0.600965    0.778523    1.186418    0.661111    0.712329    0.675194    0.759615    0.881852    0.586364    0.600965    0.611111    0.661111    2700        293.877551  0.157399    0.043635    0.006481    0.000000    0.000024    0.107260    0.134485    0.354020    7.073020   
[36mINFO[0m 08/01 22:11:16 | 0.581818    0.685185    0.000000    0.753886    0.582169    0.778613    1.132449    0.665278    0.671233    0.687597    0.836538    0.869630    0.581818    0.582169    0.685185    0.665278    2800        304.761905  0.152103    0.039128    0.006434    0.000000    0.000024    0.106517    0.133101    0.352967    7.073020   
[36mINFO[0m 08/01 22:11:34 | 0.522727    0.592593    0.000000    0.682626    0.549742    0.778919    1.130492    0.656944    0.547945    0.659690    0.817308    0.898148    0.522727    0.549742    0.592593    0.656944    2900        315.646259  0.151048    0.040970    0.006429    0.000000    0.000024    0.103625    0.136242    0.427518    7.073020   
[36mINFO[0m 08/01 22:11:52 | 0.531818    0.462963    0.000000    0.658588    0.536534    0.750508    1.119437    0.544444    0.547945    0.639535    0.769231    0.861481    0.531818    0.536534    0.462963    0.544444    3000        326.530612  0.218281    0.059944    0.006454    0.000000    0.000024    0.151859    0.133777    0.350721    7.073471   
[36mINFO[0m 08/01 22:12:10 | 0.609091    0.629630    0.000000    0.711341    0.600119    0.782248    1.155976    0.648611    0.643836    0.684496    0.778846    0.880000    0.609091    0.600119    0.629630    0.648611    3100        337.414966  0.153079    0.041343    0.006438    0.000000    0.000024    0.105274    0.134866    0.358518    7.073471   
[36mINFO[0m 08/01 22:12:28 | 0.568182    0.481481    0.000000    0.726488    0.577766    0.772394    1.039217    0.541667    0.616438    0.641085    0.836538    0.903704    0.568182    0.577766    0.481481    0.541667    3200        348.299320  0.159794    0.044319    0.006371    0.000000    0.000024    0.109079    0.135686    0.342410    7.073471   
[36mINFO[0m 08/01 22:12:46 | 0.586364    0.574074    0.000000    0.651014    0.594277    0.765500    1.798022    0.655556    0.561644    0.655814    0.740385    0.875185    0.586364    0.594277    0.574074    0.655556    3300        359.183673  0.134773    0.036075    0.006311    0.000000    0.000025    0.092363    0.136663    0.356754    7.076658   
[36mINFO[0m 08/01 22:13:04 | 0.568182    0.592593    0.000000    0.714107    0.613242    0.771193    1.357457    0.604167    0.630137    0.662016    0.798077    0.880370    0.568182    0.613242    0.592593    0.604167    3400        370.068027  0.185609    0.049386    0.006299    0.000000    0.000025    0.129898    0.135096    0.364319    7.076658   
[36mINFO[0m 08/01 22:13:21 | 0.572727    0.574074    0.000000    0.676238    0.504276    0.766942    1.844213    0.654167    0.698630    0.712403    0.653846    0.821481    0.572727    0.504276    0.574074    0.654167    3500        380.952381  0.178532    0.048827    0.006267    0.000000    0.000025    0.123414    0.136169    0.358913    7.076658   
[36mINFO[0m 08/01 22:13:40 | 0.545455    0.518519    0.000000    0.666030    0.539497    0.751283    1.626404    0.529167    0.630137    0.641085    0.701923    0.861481    0.545455    0.539497    0.518519    0.529167    3600        391.836735  0.215297    0.060492    0.006304    0.000000    0.000025    0.148476    0.135939    0.357073    7.076658   
[36mINFO[0m 08/01 22:13:58 | 0.559091    0.629630    0.000000    0.694876    0.598341    0.768596    1.320737    0.663889    0.630137    0.653488    0.759615    0.883704    0.559091    0.598341    0.629630    0.663889    3700        402.721088  0.132849    0.035274    0.006264    0.000000    0.000025    0.091286    0.137019    0.355866    7.076658   
[36mINFO[0m 08/01 22:14:16 | 0.563636    0.555556    0.000000    0.714107    0.656972    0.802575    1.331501    0.662500    0.630137    0.699225    0.798077    0.905926    0.563636    0.656972    0.555556    0.662500    3800        413.605442  0.135015    0.035912    0.006210    0.000000    0.000025    0.092869    0.135905    0.350084    7.077133   
Valley is dead at step 3200
[36mINFO[0m 08/01 22:14:16 | SWAD valley is dead -> early stop !
[36mINFO[0m 08/01 22:14:16 | ---
[33mWARNING[0m 08/01 22:14:16 | Evaluate SWAD ...
[36mINFO[0m 08/01 22:14:17 | 0.545455    0.592593    0.000000    0.647524    0.549572    0.796533    0.592031    0.606944    0.602740    0.702326    0.692308    0.890741    0.545455    0.549572    0.592593    0.606944    [1-3200]  (N=37)
[36mINFO[0m 08/01 22:14:17 | oracle = 59.091%
[36mINFO[0m 08/01 22:14:17 | iid = 59.091%
[36mINFO[0m 08/01 22:14:17 | last = 56.364%
[36mINFO[0m 08/01 22:14:17 | last (inD) = 71.411%
[36mINFO[0m 08/01 22:14:17 | iid (inD) = 76.278%
[36mINFO[0m 08/01 22:14:17 | SWAD = 54.545%
[36mINFO[0m 08/01 22:14:17 | SWAD (inD) = 64.752%
[36mINFO[0m 08/01 22:14:18 | === Summary ===
[36mINFO[0m 08/01 22:14:18 | Command: /home/s21_yhr/lzh/DomainBed-new/train_all.py HTP_iDAG_SWAD_seed3 --dataset HTP --data_dir /home/s21_yhr/lzh/DomainBed-new/dataset --algorithm iDAG --steps 5000 --checkpoint_freq 100 --batch_size 32 --optimizer adam --lr 5e-5 --weight_decay 0 --resnet_dropout 0 --resnet18 False --pretrained True --freeze_bn True --swad LossValley --seed 3 --trial_seed 3 --deterministic --prebuild_loader --cache_size 640 --out_dim 512 --hidden_size 512 --num_hidden_layers 0 --dag_anneal_steps 200 --temperature 0.07 --ema_ratio 0.99 --lambda1 0.01 --lambda2 0.01 --rho 1.0 --alpha 1.0 --rho_max 100.0 --weight_mu 1.0 --weight_nu 1.0
[36mINFO[0m 08/01 22:14:18 | Unique name: 260801_21-55-10_HTP_iDAG_SWAD_seed3
[36mINFO[0m 08/01 22:14:18 | Out path: train_output/HTP/260801_21-55-10_HTP_iDAG_SWAD_seed3
[36mINFO[0m 08/01 22:14:18 | Algorithm: iDAG
[36mINFO[0m 08/01 22:14:18 | Dataset: HTP
+------------+---------+---------+---------+---------+
| Selection  |    00   |    01   |    02   |   Avg.  |
+------------+---------+---------+---------+---------+
|   oracle   | 57.143% | 57.995% | 59.091% | 58.076% |
|    iid     | 51.701% | 50.597% | 59.091% | 53.796% |
|    last    | 53.061% | 52.267% | 56.364% | 53.897% |
| last (inD) | 69.462% | 65.284% | 71.411% | 68.719% |
| iid (inD)  | 75.748% | 70.561% | 76.278% | 74.195% |
|    SWAD    | 54.082% | 58.234% | 54.545% | 55.620% |
| SWAD (inD) | 70.940% | 64.840% | 64.752% | 66.844% |
+------------+---------+---------+---------+---------+
================================================================================
Starting iDAG_SWAD, seed=4, physical GPU=3
/home/s21_yhr/miniconda3/envs/GGA/bin/python /home/s21_yhr/lzh/DomainBed-new/train_all.py HTP_iDAG_SWAD_seed4 --dataset HTP --data_dir /home/s21_yhr/lzh/DomainBed-new/dataset --algorithm iDAG --steps 5000 --checkpoint_freq 100 --batch_size 32 --optimizer adam --lr 5e-5 --weight_decay 0 --resnet_dropout 0 --resnet18 False --pretrained True --freeze_bn True --swad LossValley --seed 4 --trial_seed 4 --deterministic --prebuild_loader --cache_size 640 --out_dim 512 --hidden_size 512 --num_hidden_layers 0 --dag_anneal_steps 200 --temperature 0.07 --ema_ratio 0.99 --lambda1 0.01 --lambda2 0.01 --rho 1.0 --alpha 1.0 --rho_max 100.0 --weight_mu 1.0 --weight_nu 1.0
================================================================================
[36mINFO[0m 08/01 22:14:23 | Command :: /home/s21_yhr/lzh/DomainBed-new/train_all.py HTP_iDAG_SWAD_seed4 --dataset HTP --data_dir /home/s21_yhr/lzh/DomainBed-new/dataset --algorithm iDAG --steps 5000 --checkpoint_freq 100 --batch_size 32 --optimizer adam --lr 5e-5 --weight_decay 0 --resnet_dropout 0 --resnet18 False --pretrained True --freeze_bn True --swad LossValley --seed 4 --trial_seed 4 --deterministic --prebuild_loader --cache_size 640 --out_dim 512 --hidden_size 512 --num_hidden_layers 0 --dag_anneal_steps 200 --temperature 0.07 --ema_ratio 0.99 --lambda1 0.01 --lambda2 0.01 --rho 1.0 --alpha 1.0 --rho_max 100.0 --weight_mu 1.0 --weight_nu 1.0
Environment:
	Python: 3.11.15
	PyTorch: 2.11.0+cu128
	Torchvision: 0.26.0+cu128
	CUDA: 12.8
	CUDNN: 91900
	NumPy: 1.26.4
	PIL: 12.2.0
Args:
	algorithm: iDAG
	batch_size: 32
	cache_root: cache
	cache_size: 640
	checkpoint_freq: 100
	configs: []
	data_dir: /home/s21_yhr/lzh/DomainBed-new/dataset
	dataset: HTP
	debug: False
	deterministic: True
	end_step: 200
	evalmode: fast
	extra_search: n
	extra_search_end: None
	extra_search_start: None
	gga_l_gamma: 0.001
	grad_fn: sum
	holdout_fraction: 0.2
	model_save: None
	name: HTP_iDAG_SWAD_seed4
	neighborhoodSize: 1e-06
	out_dir: train_output/HTP/260801_22-14-23_HTP_iDAG_SWAD_seed4
	out_root: train_output/HTP
	prebuild_loader: True
	seed: 4
	show: False
	start_step: 100
	steps: 5000
	tb_freq: 10
	test_envs: None
	train_output: train_output
	trial_seed: 4
	unique_name: 260801_22-14-23_HTP_iDAG_SWAD_seed4
	work_dir: .
HParams:
	data_augmentation: True
	val_augment: False
	[36mresnet18: False
	[0m[36mresnet_dropout: 0
	[0mclass_balanced: False
	[36moptimizer: adam
	[0m[36mfreeze_bn: True
	[0m[36mpretrained: True
	[0m[36mlr: 5e-05
	[0mbatch_size: 32
	[36mweight_decay: 0
	[0m[36mhidden_size: 512
	[0m[36mout_dim: 512
	[0m[36mnum_hidden_layers: 0
	[0m[36mdag_anneal_steps: 200
	[0m[36mtemperature: 0.07
	[0m[36mema_ratio: 0.99
	[0m[36mlambda1: 0.01
	[0m[36mlambda2: 0.01
	[0m[36mrho_max: 100.0
	[0m[36mrho: 1.0
	[0m[36malpha: 1.0
	[0m[36mweight_nu: 1.0
	[0m[36mweight_mu: 1.0
	[0m[36mswad: LossValley
	[0mswad_kwargs: 
	  n_converge: 3
	  n_tolerance: 6
	  tolerance_ratio: 0.3
	test_batchsize: 128
	indomain_test: False
	grad_fn: sum
	extra_search: n
	logdir: train_output/HTP/260801_22-14-23_HTP_iDAG_SWAD_seed4
	neighborhoodSize: 1e-06
	start_step: 100
	end_step: 200
	extra_search_start: None
	extra_search_end: None
	gga_l_gamma: 0.001
Dataset:
	[HTP] #envs=3, #classes=2
	env0: 00 (#367)
	env1: 01 (#523)
	env2: 02 (#274)

[36mINFO[0m 08/01 22:14:23 | n_steps = 5000
[36mINFO[0m 08/01 22:14:23 | checkpoint_freq = 100
[36mINFO[0m 08/01 22:14:23 | n_steps is updated to 5000 => 5001 for checkpointing
[36mINFO[0m 08/01 22:14:23 | Target test envs = [[0], [1], [2]]
[36mINFO[0m 08/01 22:14:23 | 
[36mINFO[0m 08/01 22:14:23 | Testenv name escaping te_00 -> te_00
[36mINFO[0m 08/01 22:14:23 | Test envs = [0], name = te_00
[36mINFO[0m 08/01 22:14:23 | Batch sizes for each domain: [0, 32, 32] (total=64)
[36mINFO[0m 08/01 22:14:23 | steps-per-epoch for each domain: 13.09, 6.88 -> min = 6.88
/home/s21_yhr/miniconda3/envs/GGA/lib/python3.11/site-packages/torchvision/models/_utils.py:208: UserWarning: The parameter 'pretrained' is deprecated since 0.13 and may be removed in the future, please use 'weights' instead.
  warnings.warn(
/home/s21_yhr/miniconda3/envs/GGA/lib/python3.11/site-packages/torchvision/models/_utils.py:223: UserWarning: Arguments other than a weight enum or `None` for 'weights' are deprecated since 0.13 and may be removed in the future. The current behavior is equivalent to passing `weights=ResNet50_Weights.IMAGENET1K_V1`. You can also use `weights=ResNet50_Weights.DEFAULT` to get the most up-to-date weights.
  warnings.warn(msg)
[36mINFO[0m 08/01 22:14:26 | # of params = 25349190
/home/s21_yhr/lzh/DomainBed-new/domainbed/algorithms/algorithms.py:161: UserWarning: The use of `x.T` on tensors of dimension other than 2 to reverse their shape is deprecated and it will throw an error in a future release. Consider `x.mT` to transpose batches of matrices or `x.permute(*torch.arange(x.ndim - 1, -1, -1))` to reverse the dimensions of a tensor. (Triggered internally at /pytorch/aten/src/ATen/native/TensorShape.cpp:4480.)
  mask_neg = torch.not_equal(labels, labels.T)
[36mINFO[0m 08/01 22:14:28 | test_in     test_out    train_in    train_out   test_in_au  test_out_a  train_out_  tr_outloss  env0_in     env0_in_au  env0_out    env0_out_a  env1_out    env1_out_a  env2_out    env2_out_a  step        epoch       loss        inv_ce      l2          penalty     l1          cl          step_time   eval_time   mem_gb     
[36mINFO[0m 08/01 22:14:28 | 0.442177    0.383562    0.000000    0.469907    0.511622    0.538401    0.678449    0.692981    0.442177    0.511622    0.383562    0.538401    0.625000    0.829079    0.314815    0.527820    0           0.000000    1.205945    0.704307    0.016931    0.000000    0.000019    0.890491    1.007710    0.617527    5.451521   
[36mINFO[0m 08/01 22:14:43 | 0.588435    0.534247    0.000000    0.743056    0.601490    0.498433    0.786878    0.568681    0.588435    0.601490    0.534247    0.498433    0.875000    0.972253    0.611111    0.601504    100         14.545455   1.126041    0.498310    0.016897    0.000000    0.000019    1.073923    0.127516    0.467219    5.890347   
[36mINFO[0m 08/01 22:14:59 | 0.581633    0.438356    0.000000    0.633903    0.612429    0.456113    0.743194    0.888832    0.581633    0.612429    0.438356    0.456113    0.730769    0.865335    0.537037    0.621053    200         29.090909   0.657185    0.300754    0.016893    0.000000    0.000019    0.623681    0.127934    0.426997    6.078973   
[36mINFO[0m 08/01 22:15:16 | 0.595238    0.506849    0.000000    0.666489    0.604838    0.434953    0.734696    0.802386    0.595238    0.604838    0.506849    0.434953    0.740385    0.893452    0.592593    0.575940    300         43.636364   0.692412    0.233292    0.008191    0.000000    0.000022    0.450906    0.134993    0.409951    6.275865   
Model converged at step 100, Start step = 1; Threshold = 0.979289, 
[36mINFO[0m 08/01 22:15:35 | 0.554422    0.465753    0.000000    0.734152    0.573294    0.459248    0.797638    0.984461    0.554422    0.573294    0.465753    0.459248    0.894231    0.966704    0.574074    0.628571    400         58.181818   0.516001    0.172446    0.008196    0.000000    0.000023    0.335336    0.135615    0.421660    6.655742   
[36mINFO[0m 08/01 22:15:52 | 0.564626    0.534247    0.000000    0.757835    0.551275    0.471003    0.788973    0.826935    0.564626    0.551275    0.534247    0.471003    0.923077    0.968923    0.592593    0.609023    500         72.727273   0.464972    0.155461    0.008161    0.000000    0.000023    0.301327    0.135773    0.421237    6.847196   
[36mINFO[0m 08/01 22:16:08 | 0.557823    0.561644    0.000000    0.704594    0.528219    0.528213    0.781771    1.118835    0.557823    0.528219    0.561644    0.528213    0.798077    0.953015    0.611111    0.610526    600         87.272727   0.436518    0.142295    0.008141    0.000000    0.000023    0.286059    0.133647    0.426093    7.038103   
[36mINFO[0m 08/01 22:16:26 | 0.574830    0.479452    0.000000    0.761930    0.571550    0.493730    0.798157    0.830607    0.574830    0.571550    0.479452    0.493730    0.894231    0.972253    0.629630    0.624060    700         101.818182  0.368140    0.120705    0.008035    0.000000    0.000023    0.239376    0.133985    0.418526    7.222100   
[36mINFO[0m 08/01 22:16:44 | 0.557823    0.561644    0.000000    0.761930    0.565892    0.544671    0.807328    0.765365    0.557823    0.565892    0.561644    0.544671    0.894231    0.977063    0.629630    0.637594    800         116.363636  0.366077    0.119485    0.007984    0.000000    0.000023    0.238584    0.133832    0.406200    7.229152   
[36mINFO[0m 08/01 22:17:02 | 0.547619    0.547945    0.000000    0.784900    0.574379    0.509404    0.796319    1.038301    0.547619    0.574379    0.547945    0.509404    0.884615    0.967074    0.685185    0.625564    900         130.909091  0.276145    0.093176    0.007850    0.000000    0.000023    0.175096    0.136845    0.406604    7.237442   
[36mINFO[0m 08/01 22:17:20 | 0.595238    0.506849    0.000000    0.747151    0.578339    0.442790    0.805401    1.214671    0.595238    0.578339    0.506849    0.442790    0.846154    0.959674    0.648148    0.651128    1000        145.454545  0.335285    0.108805    0.007766    0.000000    0.000023    0.218691    0.135525    0.445940    7.237442   
[36mINFO[0m 08/01 22:17:39 | 0.554422    0.506849    0.000000    0.714209    0.557641    0.500000    0.804023    1.166131    0.554422    0.557641    0.506849    0.500000    0.817308    0.967444    0.611111    0.640602    1100        160.000000  0.312149    0.099062    0.007660    0.000000    0.000023    0.205404    0.137342    0.402919    7.241240   
[36mINFO[0m 08/01 22:17:57 | 0.568027    0.561644    0.000000    0.704238    0.583007    0.538401    0.803868    1.304747    0.568027    0.583007    0.561644    0.538401    0.778846    0.940067    0.629630    0.667669    1200        174.545455  0.275396    0.088631    0.007583    0.000000    0.000023    0.179159    0.134665    0.406912    7.243946   
[36mINFO[0m 08/01 22:18:15 | 0.551020    0.493151    0.000000    0.728989    0.549154    0.470219    0.787201    1.220016    0.551020    0.549154    0.493151    0.470219    0.865385    0.978912    0.592593    0.595489    1300        189.090909  0.249613    0.083363    0.007470    0.000000    0.000023    0.158757    0.136966    0.421895    7.243946   
[36mINFO[0m 08/01 22:18:33 | 0.557823    0.506849    0.000000    0.757123    0.579801    0.440439    0.831239    0.889577    0.557823    0.579801    0.506849    0.440439    0.884615    0.972253    0.629630    0.690226    1400        203.636364  0.289865    0.093260    0.007404    0.000000    0.000023    0.189178    0.136765    0.431431    7.243946   
[36mINFO[0m 08/01 22:18:50 | 0.585034    0.452055    0.000000    0.747863    0.569192    0.418495    0.818654    1.012173    0.585034    0.569192    0.452055    0.418495    0.884615    0.971143    0.611111    0.666165    1500        218.181818  0.260868    0.082214    0.007344    0.000000    0.000023    0.171287    0.135680    0.404057    7.243946   
[36mINFO[0m 08/01 22:19:08 | 0.564626    0.424658    0.000000    0.751959    0.578528    0.404389    0.809650    1.692250    0.564626    0.578528    0.424658    0.404389    0.855769    0.945616    0.648148    0.673684    1600        232.727273  0.215829    0.069489    0.007249    0.000000    0.000023    0.139067    0.134801    0.407172    7.243946   
[36mINFO[0m 08/01 22:19:26 | 0.561224    0.534247    0.000000    0.689815    0.551275    0.449060    0.804113    1.413741    0.561224    0.551275    0.534247    0.449060    0.750000    0.933037    0.629630    0.675188    1700        247.272727  0.227829    0.074351    0.007186    0.000000    0.000023    0.146269    0.135325    0.410934    7.243946   
[36mINFO[0m 08/01 22:19:44 | 0.561224    0.506849    0.000000    0.705306    0.578905    0.502351    0.774503    1.497012    0.561224    0.578905    0.506849    0.502351    0.836538    0.921939    0.574074    0.627068    1800        261.818182  0.236980    0.076178    0.007159    0.000000    0.000024    0.153619    0.135530    0.407289    7.243946   
[36mINFO[0m 08/01 22:20:02 | 0.554422    0.506849    0.000000    0.738604    0.590268    0.467085    0.814275    1.194315    0.554422    0.590268    0.506849    0.467085    0.884615    0.954865    0.592593    0.673684    1900        276.363636  0.230929    0.073985    0.007087    0.000000    0.000024    0.149834    0.134165    0.411384    7.247587   
[36mINFO[0m 08/01 22:20:20 | 0.581633    0.561644    0.000000    0.770477    0.577726    0.474138    0.822784    1.373521    0.581633    0.577726    0.561644    0.474138    0.855769    0.948576    0.685185    0.696992    2000        290.909091  0.182912    0.059262    0.006974    0.000000    0.000024    0.116653    0.136633    0.414040    7.247587   
Valley is dead at step 1400
[36mINFO[0m 08/01 22:20:20 | SWAD valley is dead -> early stop !
[36mINFO[0m 08/01 22:20:20 | ---
[33mWARNING[0m 08/01 22:20:20 | Evaluate SWAD ...
[36mINFO[0m 08/01 22:20:21 | 0.585034    0.534247    0.000000    0.728632    0.604696    0.503918    0.807914    0.576263    0.585034    0.604696    0.534247    0.503918    0.846154    0.951165    0.611111    0.664662    [1-1400]  (N=17)
[36mINFO[0m 08/01 22:20:21 | oracle = 55.782%
[36mINFO[0m 08/01 22:20:21 | iid = 54.762%
[36mINFO[0m 08/01 22:20:21 | last = 58.163%
[36mINFO[0m 08/01 22:20:21 | last (inD) = 77.048%
[36mINFO[0m 08/01 22:20:21 | iid (inD) = 78.490%
[36mINFO[0m 08/01 22:20:21 | SWAD = 58.503%
[36mINFO[0m 08/01 22:20:21 | SWAD (inD) = 72.863%
[36mINFO[0m 08/01 22:20:21 | 
[36mINFO[0m 08/01 22:20:21 | Testenv name escaping te_01 -> te_01
[36mINFO[0m 08/01 22:20:21 | Test envs = [1], name = te_01
[36mINFO[0m 08/01 22:20:21 | Batch sizes for each domain: [32, 0, 32] (total=64)
[36mINFO[0m 08/01 22:20:21 | steps-per-epoch for each domain: 9.19, 6.88 -> min = 6.88
/home/s21_yhr/miniconda3/envs/GGA/lib/python3.11/site-packages/torchvision/models/_utils.py:208: UserWarning: The parameter 'pretrained' is deprecated since 0.13 and may be removed in the future, please use 'weights' instead.
  warnings.warn(
/home/s21_yhr/miniconda3/envs/GGA/lib/python3.11/site-packages/torchvision/models/_utils.py:223: UserWarning: Arguments other than a weight enum or `None` for 'weights' are deprecated since 0.13 and may be removed in the future. The current behavior is equivalent to passing `weights=ResNet50_Weights.IMAGENET1K_V1`. You can also use `weights=ResNet50_Weights.DEFAULT` to get the most up-to-date weights.
  warnings.warn(msg)
[36mINFO[0m 08/01 22:20:25 | # of params = 25349190
[36mINFO[0m 08/01 22:20:26 | test_in     test_out    train_in    train_out   test_in_au  train_out_  tr_outloss  test_out_a  env0_out    env0_out_a  env1_in     env1_in_au  env1_out    env1_out_a  env2_out    env2_out_a  step        epoch       loss        inv_ce      l2          penalty     l1          cl          step_time   eval_time   mem_gb     
[36mINFO[0m 08/01 22:20:26 | 0.503580    0.509615    0.000000    0.625444    0.596404    0.406972    0.689864    0.720681    0.602740    0.454545    0.503580    0.596404    0.509615    0.720681    0.648148    0.359398    0           0.000000    1.279079    0.693911    0.016960    0.000000    0.000019    1.039976    0.131711    0.593844    5.454577   
[36mINFO[0m 08/01 22:20:41 | 0.548926    0.432692    0.000000    0.638762    0.552110    0.700586    0.672863    0.406955    0.684932    0.769592    0.548926    0.552110    0.432692    0.406955    0.592593    0.631579    100         14.545455   1.289375    0.557430    0.016958    0.000000    0.000019    1.253593    0.127208    0.486127    5.889874   
[36mINFO[0m 08/01 22:20:57 | 0.482100    0.423077    0.000000    0.528792    0.476144    0.651131    1.010420    0.409545    0.520548    0.759404    0.482100    0.476144    0.423077    0.409545    0.537037    0.542857    200         29.090909   0.654505    0.311016    0.016990    0.000000    0.000019    0.629289    0.127783    0.512943    6.077973   
[36mINFO[0m 08/01 22:21:14 | 0.536993    0.480769    0.000000    0.648021    0.570042    0.707363    0.875555    0.446171    0.684932    0.751567    0.536993    0.570042    0.480769    0.446171    0.611111    0.663158    300         43.636364   0.723065    0.243227    0.008084    0.000000    0.000022    0.471732    0.136169    0.507177    6.284285   
Model converged at step 100, Start step = 1; Threshold = 1.108830, 
[36mINFO[0m 08/01 22:21:34 | 0.546539    0.500000    0.000000    0.666540    0.561201    0.700341    0.855928    0.445431    0.684932    0.739028    0.546539    0.561201    0.500000    0.445431    0.648148    0.661654    400         58.181818   0.487819    0.165873    0.008163    0.000000    0.000023    0.313761    0.135961    0.502467    6.652690   
[36mINFO[0m 08/01 22:21:51 | 0.565632    0.528846    0.000000    0.694318    0.591665    0.736105    1.173413    0.441361    0.684932    0.797022    0.565632    0.591665    0.528846    0.441361    0.703704    0.675188    500         72.727273   0.407475    0.136197    0.008210    0.000000    0.000023    0.263045    0.135176    0.491818    6.847806   
[36mINFO[0m 08/01 22:22:07 | 0.539379    0.480769    0.000000    0.662100    0.569290    0.678366    1.533513    0.451350    0.657534    0.693574    0.539379    0.569290    0.480769    0.451350    0.666667    0.663158    600         87.272727   0.357412    0.117736    0.008202    0.000000    0.000023    0.231451    0.134428    0.495257    7.037024   
[36mINFO[0m 08/01 22:22:25 | 0.510740    0.528846    0.000000    0.673389    0.569723    0.722136    0.961049    0.539771    0.698630    0.757053    0.510740    0.569723    0.528846    0.539771    0.648148    0.687218    700         101.818182  0.363870    0.118281    0.008203    0.000000    0.000023    0.237364    0.134662    0.499204    7.225034   
[36mINFO[0m 08/01 22:22:43 | 0.560859    0.528846    0.000000    0.708016    0.607569    0.714850    1.208959    0.532741    0.712329    0.750000    0.560859    0.607569    0.528846    0.532741    0.703704    0.679699    800         116.363636  0.301494    0.098227    0.008143    0.000000    0.000023    0.195102    0.133752    0.507661    7.232570   
[36mINFO[0m 08/01 22:23:01 | 0.579952    0.461538    0.000000    0.705606    0.581116    0.725175    1.308834    0.464669    0.726027    0.758621    0.579952    0.581116    0.461538    0.464669    0.685185    0.691729    900         130.909091  0.254313    0.083463    0.008031    0.000000    0.000023    0.162796    0.135872    0.503580    7.241359   
[36mINFO[0m 08/01 22:23:19 | 0.525060    0.557692    0.000000    0.698757    0.572639    0.731486    1.103826    0.516463    0.712329    0.754702    0.525060    0.572639    0.557692    0.516463    0.685185    0.708271    1000        145.454545  0.318903    0.099930    0.007998    0.000000    0.000023    0.210952    0.134904    0.522682    7.241705   
[36mINFO[0m 08/01 22:23:37 | 0.568019    0.471154    0.000000    0.675799    0.593716    0.733127    1.238738    0.495006    0.684932    0.742947    0.568019    0.593716    0.471154    0.495006    0.666667    0.723308    1100        160.000000  0.268316    0.083987    0.007893    0.000000    0.000023    0.176414    0.133894    0.518350    7.242095   
[36mINFO[0m 08/01 22:23:55 | 0.522673    0.432692    0.000000    0.694318    0.548783    0.726223    1.197932    0.384758    0.684932    0.754702    0.522673    0.548783    0.432692    0.384758    0.703704    0.697744    1200        174.545455  0.255980    0.082019    0.007772    0.000000    0.000023    0.166166    0.134617    0.497669    7.246597   
[36mINFO[0m 08/01 22:24:14 | 0.539379    0.509615    0.000000    0.639143    0.570042    0.706706    1.602254    0.514983    0.630137    0.756270    0.539379    0.570042    0.509615    0.514983    0.648148    0.657143    1300        189.090909  0.250579    0.081913    0.007677    0.000000    0.000023    0.160965    0.135396    0.511314    7.246597   
[36mINFO[0m 08/01 22:24:31 | 0.522673    0.480769    0.000000    0.668950    0.558330    0.708771    1.509801    0.479097    0.671233    0.746865    0.522673    0.558330    0.480769    0.479097    0.666667    0.670677    1400        203.636364  0.206830    0.067700    0.007533    0.000000    0.000023    0.131575    0.132994    0.523596    7.247238   
[36mINFO[0m 08/01 22:24:50 | 0.496420    0.413462    0.000000    0.592846    0.553226    0.632670    1.770751    0.450980    0.630137    0.683386    0.496420    0.553226    0.413462    0.450980    0.555556    0.581955    1500        218.181818  0.234191    0.070762    0.007397    0.000000    0.000023    0.156008    0.134416    0.555584    7.247238   
[36mINFO[0m 08/01 22:25:08 | 0.544153    0.471154    0.000000    0.606925    0.544044    0.697238    1.829460    0.477248    0.602740    0.734326    0.544153    0.544044    0.471154    0.477248    0.611111    0.660150    1600        232.727273  0.291645    0.091055    0.007370    0.000000    0.000023    0.193196    0.134624    0.489464    7.247321   
Valley is dead at step 1000
[36mINFO[0m 08/01 22:25:08 | SWAD valley is dead -> early stop !
[36mINFO[0m 08/01 22:25:08 | ---
[33mWARNING[0m 08/01 22:25:08 | Evaluate SWAD ...
[36mINFO[0m 08/01 22:25:09 | 0.556086    0.500000    0.000000    0.556570    0.588612    0.715337    0.746793    0.487606    0.520548    0.755486    0.556086    0.588612    0.500000    0.487606    0.592593    0.675188    [1-1000]  (N=13)
[36mINFO[0m 08/01 22:25:09 | oracle = 52.506%
[36mINFO[0m 08/01 22:25:09 | iid = 56.086%
[36mINFO[0m 08/01 22:25:09 | last = 54.415%
[36mINFO[0m 08/01 22:25:09 | last (inD) = 60.693%
[36mINFO[0m 08/01 22:25:09 | iid (inD) = 70.802%
[36mINFO[0m 08/01 22:25:09 | SWAD = 55.609%
[36mINFO[0m 08/01 22:25:09 | SWAD (inD) = 55.657%
[36mINFO[0m 08/01 22:25:10 | 
[36mINFO[0m 08/01 22:25:10 | Testenv name escaping te_02 -> te_02
[36mINFO[0m 08/01 22:25:10 | Test envs = [2], name = te_02
[36mINFO[0m 08/01 22:25:10 | Batch sizes for each domain: [32, 32, 0] (total=64)
[36mINFO[0m 08/01 22:25:10 | steps-per-epoch for each domain: 9.19, 13.09 -> min = 9.19
/home/s21_yhr/miniconda3/envs/GGA/lib/python3.11/site-packages/torchvision/models/_utils.py:208: UserWarning: The parameter 'pretrained' is deprecated since 0.13 and may be removed in the future, please use 'weights' instead.
  warnings.warn(
/home/s21_yhr/miniconda3/envs/GGA/lib/python3.11/site-packages/torchvision/models/_utils.py:223: UserWarning: Arguments other than a weight enum or `None` for 'weights' are deprecated since 0.13 and may be removed in the future. The current behavior is equivalent to passing `weights=ResNet50_Weights.IMAGENET1K_V1`. You can also use `weights=ResNet50_Weights.DEFAULT` to get the most up-to-date weights.
  warnings.warn(msg)
[36mINFO[0m 08/01 22:25:13 | # of params = 25349190
[36mINFO[0m 08/01 22:25:14 | test_in     test_out    train_in    train_out   test_in_au  train_out_  tr_outloss  test_out_a  env0_out    env0_out_a  env1_out    env1_out_a  env2_in     env2_in_au  env2_out    env2_out_a  step        epoch       loss        inv_ce      l2          penalty     l1          cl          step_time   eval_time   mem_gb     
[36mINFO[0m 08/01 22:25:14 | 0.554545    0.648148    0.000000    0.556178    0.594095    0.484728    0.690071    0.593985    0.602740    0.433386    0.509615    0.536071    0.554545    0.594095    0.648148    0.593985    0           0.000000    1.297273    0.689075    0.016905    0.000000    0.000019    0.996816    0.128591    0.376091    5.454577   
[36mINFO[0m 08/01 22:25:29 | 0.645455    0.574074    0.000000    0.701857    0.636166    0.783358    0.516680    0.554887    0.547945    0.608150    0.855769    0.958565    0.645455    0.636166    0.574074    0.554887    100         10.884354   1.262362    0.533942    0.016915    0.000000    0.000019    1.244650    0.127639    0.353686    5.889874   
[36mINFO[0m 08/01 22:25:45 | 0.550000    0.388889    0.000000    0.620851    0.649632    0.717920    0.873624    0.633083    0.520548    0.550157    0.721154    0.885683    0.550000    0.649632    0.388889    0.633083    200         21.768707   0.755091    0.332566    0.016914    0.000000    0.000019    0.708317    0.125862    0.340109    6.077973   
[36mINFO[0m 08/01 22:26:01 | 0.604545    0.555556    0.000000    0.768309    0.622114    0.809395    0.586798    0.523308    0.671233    0.666144    0.865385    0.952645    0.604545    0.622114    0.555556    0.523308    300         32.653061   0.720217    0.235974    0.008245    0.000000    0.000022    0.475976    0.135754    0.348344    6.284285   
Model converged at step 100, Start step = -1; Threshold = 0.856744, 
[36mINFO[0m 08/01 22:26:18 | 0.600000    0.518519    0.000000    0.722273    0.658581    0.809433    0.680274    0.494737    0.684932    0.700627    0.759615    0.918239    0.600000    0.658581    0.518519    0.494737    400         43.537415   0.545318    0.168003    0.008284    0.000000    0.000023    0.369008    0.135529    0.367604    6.652690   
[36mINFO[0m 08/01 22:26:35 | 0.609091    0.592593    0.000000    0.702450    0.655570    0.812924    0.666236    0.593985    0.616438    0.686520    0.788462    0.939327    0.609091    0.655570    0.592593    0.593985    500         54.421769   0.522473    0.159757    0.008296    0.000000    0.000023    0.354397    0.135161    0.354694    6.847806   
[36mINFO[0m 08/01 22:26:51 | 0.559091    0.629630    0.000000    0.657864    0.616092    0.810592    0.951350    0.524812    0.575342    0.669279    0.740385    0.951905    0.559091    0.616092    0.629630    0.524812    600         65.306122   0.441013    0.131247    0.008241    0.000000    0.000023    0.301502    0.134849    0.350844    7.037024   
[36mINFO[0m 08/01 22:27:08 | 0.568182    0.500000    0.000000    0.762908    0.622951    0.813026    0.716335    0.542857    0.602740    0.650470    0.923077    0.975583    0.568182    0.622951    0.500000    0.542857    700         76.190476   0.313056    0.092756    0.008186    0.000000    0.000023    0.212090    0.136069    0.346759    7.225034   
[36mINFO[0m 08/01 22:27:26 | 0.581818    0.444444    0.000000    0.731296    0.622867    0.814863    1.066925    0.548872    0.616438    0.702978    0.846154    0.926748    0.581818    0.622867    0.444444    0.548872    800         87.074830   0.348684    0.098717    0.008080    0.000000    0.000023    0.241864    0.135848    0.349735    7.232570   
[36mINFO[0m 08/01 22:27:44 | 0.627273    0.481481    0.000000    0.736104    0.650217    0.822073    0.856530    0.455639    0.616438    0.676332    0.855769    0.967814    0.627273    0.650217    0.481481    0.455639    900         97.959184   0.306490    0.088659    0.008014    0.000000    0.000023    0.209794    0.135583    0.368639    7.241359   
[36mINFO[0m 08/01 22:28:02 | 0.600000    0.574074    0.000000    0.744995    0.621780    0.865013    0.635211    0.479699    0.643836    0.763323    0.846154    0.966704    0.600000    0.621780    0.574074    0.479699    1000        108.843537  0.311827    0.087846    0.007891    0.000000    0.000023    0.216067    0.135366    0.348592    7.241705   
[36mINFO[0m 08/01 22:28:20 | 0.595455    0.537037    0.000000    0.726488    0.665440    0.824886    0.990935    0.479699    0.616438    0.710815    0.836538    0.938957    0.595455    0.665440    0.537037    0.479699    1100        119.727891  0.305000    0.089119    0.007821    0.000000    0.000023    0.208037    0.135610    0.363968    7.242095   
[36mINFO[0m 08/01 22:28:38 | 0.640909    0.537037    0.000000    0.763501    0.652476    0.820496    0.934031    0.523308    0.671233    0.679467    0.855769    0.961524    0.640909    0.652476    0.537037    0.523308    1200        130.612245  0.255109    0.072040    0.007682    0.000000    0.000023    0.175364    0.134599    0.353617    7.246597   
[36mINFO[0m 08/01 22:28:56 | 0.590909    0.500000    0.000000    0.753293    0.656323    0.808862    1.029912    0.550376    0.602740    0.666928    0.903846    0.950795    0.590909    0.656323    0.500000    0.550376    1300        141.496599  0.269453    0.076775    0.007561    0.000000    0.000023    0.185094    0.134623    0.379786    7.246597   
[36mINFO[0m 08/01 22:29:13 | 0.586364    0.574074    0.000000    0.751120    0.637421    0.810022    0.816912    0.515789    0.684932    0.708464    0.817308    0.911580    0.586364    0.637421    0.574074    0.515789    1400        152.380952  0.239352    0.066917    0.007430    0.000000    0.000023    0.164982    0.133491    0.359318    7.247238   
[36mINFO[0m 08/01 22:29:31 | 0.545455    0.407407    0.000000    0.784773    0.646454    0.827999    0.928804    0.479699    0.684932    0.716301    0.884615    0.939697    0.545455    0.646454    0.407407    0.479699    1500        163.265306  0.279151    0.080685    0.007363    0.000000    0.000023    0.191080    0.134217    0.374008    7.247238   
[36mINFO[0m 08/01 22:29:49 | 0.650000    0.611111    0.000000    0.744995    0.679826    0.830394    0.862370    0.535338    0.643836    0.722571    0.846154    0.938217    0.650000    0.679826    0.611111    0.535338    1600        174.149660  0.252999    0.068692    0.007261    0.000000    0.000023    0.177023    0.136976    0.364808    7.247321   
[36mINFO[0m 08/01 22:30:08 | 0.554545    0.462963    0.000000    0.777924    0.638926    0.862316    0.880882    0.457143    0.671233    0.772727    0.884615    0.951905    0.554545    0.638926    0.462963    0.457143    1700        185.034014  0.226884    0.063424    0.007160    0.000000    0.000023    0.156277    0.135483    0.365963    7.247321   
[36mINFO[0m 08/01 22:30:26 | 0.554545    0.611111    0.000000    0.672879    0.589495    0.806227    1.153625    0.557895    0.643836    0.724922    0.701923    0.887532    0.554545    0.589495    0.611111    0.557895    1800        195.918367  0.248741    0.068129    0.007078    0.000000    0.000023    0.173511    0.135165    0.373730    7.250041   
[36mINFO[0m 08/01 22:30:44 | 0.577273    0.444444    0.000000    0.760142    0.654149    0.795539    1.129835    0.574436    0.616438    0.640282    0.903846    0.950795    0.577273    0.654149    0.444444    0.574436    1900        206.802721  0.229775    0.062164    0.007000    0.000000    0.000024    0.160588    0.136261    0.365758    7.250250   
[36mINFO[0m 08/01 22:31:02 | 0.609091    0.462963    0.000000    0.729979    0.672800    0.818848    1.168169    0.545865    0.575342    0.683386    0.884615    0.954310    0.609091    0.672800    0.462963    0.545865    2000        217.687075  0.201485    0.055237    0.006927    0.000000    0.000024    0.139298    0.136566    0.348713    7.258432   
Valley is dead at step 1400
[36mINFO[0m 08/01 22:31:02 | SWAD valley is dead -> early stop !
[36mINFO[0m 08/01 22:31:02 | ---
[33mWARNING[0m 08/01 22:31:02 | Evaluate SWAD ...
[36mINFO[0m 08/01 22:31:03 | 0.581818    0.481481    0.000000    0.750527    0.644279    0.828527    0.538993    0.475188    0.616438    0.688871    0.884615    0.968183    0.581818    0.644279    0.481481    0.475188    [1-1400]  (N=14)
[36mINFO[0m 08/01 22:31:03 | oracle = 55.455%
[36mINFO[0m 08/01 22:31:03 | iid = 54.545%
[36mINFO[0m 08/01 22:31:03 | last = 60.909%
[36mINFO[0m 08/01 22:31:03 | last (inD) = 72.998%
[36mINFO[0m 08/01 22:31:03 | iid (inD) = 78.477%
[36mINFO[0m 08/01 22:31:03 | SWAD = 58.182%
[36mINFO[0m 08/01 22:31:03 | SWAD (inD) = 75.053%
[36mINFO[0m 08/01 22:31:04 | === Summary ===
[36mINFO[0m 08/01 22:31:04 | Command: /home/s21_yhr/lzh/DomainBed-new/train_all.py HTP_iDAG_SWAD_seed4 --dataset HTP --data_dir /home/s21_yhr/lzh/DomainBed-new/dataset --algorithm iDAG --steps 5000 --checkpoint_freq 100 --batch_size 32 --optimizer adam --lr 5e-5 --weight_decay 0 --resnet_dropout 0 --resnet18 False --pretrained True --freeze_bn True --swad LossValley --seed 4 --trial_seed 4 --deterministic --prebuild_loader --cache_size 640 --out_dim 512 --hidden_size 512 --num_hidden_layers 0 --dag_anneal_steps 200 --temperature 0.07 --ema_ratio 0.99 --lambda1 0.01 --lambda2 0.01 --rho 1.0 --alpha 1.0 --rho_max 100.0 --weight_mu 1.0 --weight_nu 1.0
[36mINFO[0m 08/01 22:31:04 | Unique name: 260801_22-14-23_HTP_iDAG_SWAD_seed4
[36mINFO[0m 08/01 22:31:04 | Out path: train_output/HTP/260801_22-14-23_HTP_iDAG_SWAD_seed4
[36mINFO[0m 08/01 22:31:04 | Algorithm: iDAG
[36mINFO[0m 08/01 22:31:04 | Dataset: HTP
+------------+---------+---------+---------+---------+
| Selection  |    00   |    01   |    02   |   Avg.  |
+------------+---------+---------+---------+---------+
|   oracle   | 55.782% | 52.506% | 55.455% | 54.581% |
|    iid     | 54.762% | 56.086% | 54.545% | 55.131% |
|    last    | 58.163% | 54.415% | 60.909% | 57.829% |
| last (inD) | 77.048% | 60.693% | 72.998% | 70.246% |
| iid (inD)  | 78.490% | 70.802% | 78.477% | 75.923% |
|    SWAD    | 58.503% | 55.609% | 58.182% | 57.431% |
| SWAD (inD) | 72.863% | 55.657% | 75.053% | 67.858% |
+------------+---------+---------+---------+---------+
