path,env,label,pred,score,analysis
dataset/HTP/00/00/00_00_00_0000.jpg,00,00,01,0.014063626423394072,"【支持正常的证据】
1. 房屋、树木、人物三个核心对象均能够清楚识别，并且基本完整。
2. 三个对象在画面中的大小适中，没有全部挤在极小区域，也没有明显超出或压迫整个画面。
3. 房、树、人之间保持自然、合理的空间距离，没有明显孤立或被大片空白强行分隔。
4. 三个对象能够形成基本连贯的场景，例如共享地面、方向一致、空间位置合理，整体看起来属于同一个环境，而不是三个互不相关的符号。
5. 整体构图稳定，没有明显失衡、极端偏向某个角落或严重碎片化。
6. 线条总体连续、自然、力度相对稳定，没有大量异常断裂、极端微弱或杂乱涂画。
7. 画面具有适量细节。可以简单，但主要对象的基本结构能够表达清楚。
8. 房屋、树木、人物的比例大致协调，没有极端小型化或比例失调。
9. 房屋、树木和人物之间的关系自然，没有极端隔离或不连贯的空间关系。
10. 线条自然、连续，没有异常大面积涂黑。

【支持异常的证据】
1. 无明显异常特征。"
dataset/HTP/00/00/00_00_00_0001.jpg,00,00,01,0.012431653620200803,"【支持正常的证据】
1. 房屋、树木、人物三个核心对象均能够清楚识别，并且基本完整。
2. 三个对象在画面中的大小适中，没有全部挤在极小区域，也没有明显超出或压迫整个画面。
3. 房、树、人之间保持自然、合理的空间距离，没有明显孤立或被大片空白强行分隔。
4. 三个对象能够形成基本连贯的场景，例如共享地面、方向一致、空间位置合理，整体看起来属于同一个环境，而不是三个互不相关的符号。
5. 整体构图稳定，没有明显失衡、极端偏向某个角落或严重碎片化。
6. 线条总体连续、自然、力度相对稳定，没有大量异常断裂、极端微弱或杂乱涂画。
7. 画面具有适量细节。可以简单，但主要对象的基本结构能够表达清楚。
8. 房屋、树木、人物的比例大致协调，没有极端小型化或比例失调。
9. 房屋、树木和人物之间的关系自然，没有极端隔离或空间关系异常。
10. 线条自然、连续，没有异常大面积涂黑。

【支持异常的证据】
1. 无明显异常特征。"
dataset/HTP/00/00/00_00_00_0002.jpg,00,00,01,0.014063626423394072,"【支持正常的证据】
1. 房屋、树木、人物三个核心对象均能够清楚识别，并且基本完整。
2. 三个对象在画面中的大小适中，没有全部挤在极小区域，也没有明显超出或压迫整个画面。
3. 房、树、人之间保持自然、合理的空间距离，没有明显孤立或被大片空白强行分隔。
4. 三个对象能够形成基本连贯的场景，例如共享地面、方向一致、空间位置合理，整体看起来属于同一个环境。
5. 整体构图稳定，没有明显失衡、极端偏向某个角落或严重碎片化。
6. 线条总体连续、自然、力度相对稳定，没有大量异常断裂、极端微弱或杂乱涂画。
7. 画面具有适量细节。可以简单，但主要对象的基本结构能够表达清楚。
8. 房屋、树木、人物的比例大致协调，没有极端小型化。
9. 房屋结构稳定，没有明显倒塌、断裂或严重几何变形。
10. 树木结构自然，没有明显截断或畸形。
11. 人物身体主要结构完整，比例不存在严重失调。
12. 整体构图稳定且场景连贯。
13. 线条自然、连续，没有异常大面积涂黑。
14. 没有明显的选择性结构缺失。
15. 仅存在少数能够由绘画水平、年龄、风格或普通构图解释的轻微异常。

【支持异常的证据】
1. 无。"
dataset/HTP/00/00/00_00_00_0003.jpg,00,00,01,0.060086650384398026,"【支持正常的证据】
1. 房屋、树木、人物三个核心对象均能够清楚识别，并且基本完整。
2. 三个对象在画面中的大小适中，没有全部挤在极小区域，也没有明显超出或压迫整个画面。
3. 房、树、人之间保持自然、合理的空间距离，没有明显孤立或被大片空白强行分隔。
4. 三个对象能够形成基本连贯的场景，例如共享地面、方向一致、空间位置合理，整体看起来属于同一个环境，而不是三个互不相关的符号。
5. 整体构图稳定，没有明显失衡、极端偏向某个角落或严重碎片化。
6. 线条总体连续、自然、力度相对稳定，没有大量异常断裂、极端微弱或杂乱涂画。
7. 画面具有适量细节。可以简单，但主要对象的基本结构能够表达清楚。
8. 如果存在草地、道路、太阳、云、花、地面等环境元素，并且与主体自然结合，可以作为场景完整和组织良好的积极证据。
9. 没有大面积、无明显绘画目的的异常涂黑、重阴影或局部反复强调。

【支持异常的证据】
1. 房屋、树木、人物中的一个或多个核心对象完全缺失，且无法由裁剪、遮挡或画法解释。
2. 整幅画极度简化，只剩极少线条，大量重要结构同时消失，整体信息量异常低。
3. 房、树、人整体只占巨大画布中极小区域，周围存在大量空白。
4. 三个对象之间距离极端遥远，某个对象明显孤立，或者整个场景严重碎片化。
5. 对象像漂浮在不同区域，彼此几乎没有空间联系，整体场景严重不连贯。
6. 存在大量非常微弱、间断、犹豫、僵硬或严重潦草的线条。
7. 存在异常大面积涂黑、重度阴影或某个对象被明显过度强调。"
dataset/HTP/00/00/00_00_00_0004.png,00,00,01,0.14804719991116141,"【支持正常的证据】
1. 房屋、树木、人物三个核心对象均能够清楚识别，并且基本完整。
2. 三个对象在画面中的大小适中，没有全部挤在极小区域，也没有明显超出或压迫整个画面。
3. 房、树、人之间保持自然、合理的空间距离，没有明显孤立或被大片空白强行分隔。
4. 三个对象能够形成基本连贯的场景，例如共享地面、方向一致、空间位置合理，整体看起来属于同一个环境，而不是三个互不相关的符号。
5. 整体构图稳定，没有明显失衡、极端偏向某个角落或严重碎片化。
6. 线条总体连续、自然、力度相对稳定，没有大量异常断裂、极端微弱或杂乱涂画。
7. 画面具有适量细节。可以简单，但主要对象的基本结构能够表达清楚。
8. 没有大面积、无明显绘画目的的异常涂黑、重阴影或局部反复强调。

【支持异常的证据】
1. 房屋、树木、人物中的一个或多个核心对象完全缺失，且无法由裁剪、遮挡或画法解释。
2. 整幅画极度简化，只剩极少线条，大量重要结构同时消失，整体信息量异常低。
3. 房、树、人整体只占巨大画布中极小区域，周围存在大量空白。
4. 三个对象之间距离极端遥远，某个对象明显孤立，或者整个场景严重碎片化。
5. 对象像漂浮在不同区域，彼此几乎没有空间联系，整体场景严重不连贯。
6. 存在大量非常微弱、间断、犹豫、僵硬或严重潦草的线条。
7. 存在异常大面积涂黑、重度阴影或某个对象被明显过度强调。"
dataset/HTP/00/00/00_00_00_0005.png,00,00,01,0.014063626423394072,"【支持正常的证据】
1. 房屋、树木、人物三个核心对象均能够清楚识别，并且基本完整。
2. 三个对象在画面中的大小适中，没有全部挤在极小区域，也没有明显超出或压迫整个画面。
3. 房、树、人之间保持自然、合理的空间距离，没有明显孤立或被大片空白强行分隔。
4. 三个对象能够形成基本连贯的场景，例如共享地面、方向一致、空间位置合理，整体看起来属于同一个环境，而不是三个互不相关的符号。
5. 整体构图稳定，没有明显失衡、极端偏向某个角落或严重碎片化。
6. 线条总体连续、自然、力度相对稳定，没有大量异常断裂、极端微弱或杂乱涂画。
7. 画面具有适量细节。可以简单，但主要对象的基本结构能够表达清楚。
8. 房屋、树木、人物的比例大致协调，没有极端小型化或比例失调。
9. 整体场景连贯，没有明显选择性结构缺失。
10. 线条自然、连续，没有异常大面积涂黑。

【支持异常的证据】
1. 无明显异常特征。"
dataset/HTP/00/00/00_00_00_0006.png,00,00,01,0.012431653620200803,"【支持正常的证据】
1. 房屋、树木、人物三个核心对象均能够清楚识别，并且基本完整。
2. 三个对象在画面中的大小适中，没有全部挤在极小区域，也没有明显超出或压迫整个画面。
3. 房、树、人之间保持自然、合理的空间距离，没有明显孤立或被大片空白强行分隔。
4. 三个对象能够形成基本连贯的场景，例如共享地面、方向一致、空间位置合理，整体看起来属于同一个环境，而不是三个互不相关的符号。
5. 整体构图稳定，没有明显失衡、极端偏向某个角落或严重碎片化。
6. 线条总体连续、自然、力度相对稳定，没有大量异常断裂、极端微弱或杂乱涂画。
7. 画面具有适量细节。可以简单，但主要对象的基本结构能够表达清楚。
8. 房屋、树木、人物的比例大致协调，没有极端小型化或比例失调。
9. 房屋结构稳定，墙体、屋顶等主要结构完整，没有明显倒塌、断裂或严重几何变形。
10. 树木结构自然，树干、树冠、树枝等主要部分能够正常识别，整体结构基本完整。
11. 人物头部、躯干、手臂和腿等主要身体结构基本完整，各身体部分连接关系自然，没有明显断裂、错位或无法解释的结构缺失。
12. 人物大小与房屋、树木和整个画布基本协调，不存在极端小型化。
13. 房屋、树木和人物的相对大小基本合理，没有非常极端的尺寸差异。
14. 三者之间保持自然距离，没有某个对象被极端隔离。
15. 整体构图稳定且场景连贯，人物能够自然地处于房屋和树木形成的环境中。

【支持异常的证据】
1. 无。"
dataset/HTP/00/00/00_00_00_0007.png,00,00,01,0.012431653620200803,"【支持正常的证据】
1. 房屋、树木、人物三个核心对象均能够清楚识别，并且基本完整。
2. 三个对象在画面中的大小适中，没有全部挤在极小区域，也没有明显超出或压迫整个画面。
3. 房、树、人之间保持自然、合理的空间距离，没有明显孤立或被大片空白强行分隔。
4. 三个对象能够形成基本连贯的场景，例如共享地面、方向一致、空间位置合理，整体看起来属于同一个环境，而不是三个互不相关的符号。
5. 整体构图稳定，没有明显失衡、极端偏向某个角落或严重碎片化。
6. 线条总体连续、自然、力度相对稳定，没有大量异常断裂、极端微弱或杂乱涂画。
7. 画面具有适量细节。可以简单，但主要对象的基本结构能够表达清楚。
8. 房屋、树木、人物的比例大致协调，没有极端小型化或比例失调。
9. 房屋、树木和人物之间的相对大小基本合理，没有非常极端的尺寸差异。
10. 人物身体主要结构完整，比例不存在严重失调。
11. 整体构图稳定且场景连贯，没有明显异常的大面积涂黑。
12. 人物没有明显选择性结构缺失，如缺少手臂或腿部。
13. 房屋结构稳定，主要组成部分合理。
14. 树木结构自然，没有严重截断或畸形。
15. 人物和房屋、树木之间保持自然距离，没有极端隔离。

【支持异常的证据】
1. 无明显异常特征。"
dataset/HTP/00/00/00_00_00_0008.png,00,00,01,0.012431653620200803,"【支持正常的证据】
1. 房屋、树木、人物三个核心对象均能够清楚识别，并且基本完整。
2. 三个对象在画面中的大小适中，没有全部挤在极小区域，也没有明显超出或压迫整个画面。
3. 房、树、人之间保持自然、合理的空间距离，没有明显孤立或被大片空白强行分隔。
4. 三个对象能够形成基本连贯的场景，例如共享地面、方向一致、空间位置合理，整体看起来属于同一个环境，而不是三个互不相关的符号。
5. 整体构图稳定，没有明显失衡、极端偏向某个角落或严重碎片化。
6. 线条总体连续、自然、力度相对稳定，没有大量异常断裂、极端微弱或杂乱涂画。
7. 画面具有适量细节。可以简单，但主要对象的基本结构能够表达清楚。
8. 房屋、树木、人物的比例大致协调，没有极端小型化或比例失调。
9. 整体构图稳定且场景连贯，没有明显异常的大面积涂黑、极端小型化或异常隔离。
10. 人物身体主要结构完整，比例不存在严重失调。

【支持异常的证据】
1. 无明显异常特征。"
dataset/HTP/00/00/00_00_00_0009.png,00,00,01,0.012431653620200803,"【支持正常的证据】
1. 房屋、树木、人物三个核心对象均能够清楚识别，并且基本完整。
2. 三个对象在画面中的大小适中，没有全部挤在极小区域，也没有明显超出或压迫整个画面。
3. 房、树、人之间保持自然、合理的空间距离，没有明显孤立或被大片空白强行分隔。
4. 三个对象能够形成基本连贯的场景，例如共享地面、方向一致、空间位置合理，整体看起来属于同一个环境，而不是三个互不相关的符号。
5. 整体构图稳定，没有明显失衡、极端偏向某个角落或严重碎片化。
6. 线条总体连续、自然、力度相对稳定，没有大量异常断裂、极端微弱或杂乱涂画。
7. 画面具有适量细节。可以简单，但主要对象的基本结构能够表达清楚。
8. 房屋、树木、人物的比例大致协调，没有极端小型化或比例失调。
9. 房屋结构稳定，主要组成部分合理，没有明显倒塌、断裂或严重几何变形。
10. 树木结构自然，没有严重截断或畸形。
11. 人物身体主要结构完整，比例不存在严重失调。
12. 整体构图稳定且场景连贯。
13. 线条自然、连续，没有异常大面积涂黑。
14. 没有明显的选择性结构缺失。
15. 仅存在少数能够由绘画水平、年龄、风格或普通构图解释的轻微异常。

【支持异常的证据】
1. 无。"
dataset/HTP/00/00/00_00_00_0010.png,00,00,01,0.010986941578116865,"【支持正常的证据】
1. 房屋、树木、人物三个核心对象均能够清楚识别，并且基本完整。
2. 三个对象在画面中的大小适中，没有全部挤在极小区域，也没有明显超出或压迫整个画面。
3. 房、树、人之间保持自然、合理的空间距离，没有明显孤立或被大片空白强行分隔。
4. 三个对象能够形成基本连贯的场景，例如共享地面、方向一致、空间位置合理，整体看起来属于同一个环境，而不是三个互不相关的符号。
5. 整体构图稳定，没有明显失衡、极端偏向某个角落或严重碎片化。
6. 线条总体连续、自然、力度相对稳定，没有大量异常断裂、极端微弱或杂乱涂画。
7. 画面具有适量细节。可以简单，但主要对象的基本结构能够表达清楚。
8. 房屋、树木、人物的比例大致协调，没有极端小型化或比例失调。
9. 整体场景连贯，没有明显选择性结构缺失。
10. 线条自然、连续，没有异常大面积涂黑。

【支持异常的证据】
1. 无明显异常特征。"
dataset/HTP/00/00/00_00_00_0011.png,00,00,01,0.012431653620200803,"【支持正常的证据】
1. 房屋、树木、人物三个核心对象均能够清楚识别，并且基本完整。
2. 三个对象在画面中的大小适中，没有全部挤在极小区域，也没有明显超出或压迫整个画面。
3. 房、树、人之间保持自然、合理的空间距离，没有明显孤立或被大片空白强行分隔。
4. 三个对象能够形成基本连贯的场景，例如共享地面、方向一致、空间位置合理，整体看起来属于同一个环境，而不是三个互不相关的符号。
5. 整体构图稳定，没有明显失衡、极端偏向某个角落或严重碎片化。
6. 线条总体连续、自然、力度相对稳定，没有大量异常断裂、极端微弱或杂乱涂画。
7. 画面具有适量细节。可以简单，但主要对象的基本结构能够表达清楚。
8. 房屋、树木、人物的比例大致协调，没有极端小型化或比例失调。
9. 房屋结构稳定，主要组成部分合理，没有明显倒塌、断裂或严重几何变形。
10. 树木结构自然，没有严重截断或畸形。
11. 人物身体主要结构完整，比例不存在严重失调。
12. 整体构图稳定且场景连贯。
13. 线条自然、连续，没有异常大面积涂黑。
14. 没有明显的选择性结构缺失。
15. 仅存在少数能够由绘画水平、年龄、风格或普通构图解释的轻微异常。

【支持异常的证据】
1. 无。"
dataset/HTP/00/00/00_00_00_0012.png,00,00,01,0.012431653620200803,"【支持正常的证据】
1. 房屋、树木、人物三个核心对象均能够清楚识别，并且基本完整。
2. 三个对象在画面中的大小适中，没有全部挤在极小区域，也没有明显超出或压迫整个画面。
3. 房、树、人之间保持自然、合理的空间距离，没有明显孤立或被大片空白强行分隔。
4. 三个对象能够形成基本连贯的场景，例如共享地面、方向一致、空间位置合理，整体看起来属于同一个环境，而不是三个互不相关的符号。
5. 整体构图稳定，没有明显失衡、极端偏向某个角落或严重碎片化。
6. 线条总体连续、自然、力度相对稳定，没有大量异常断裂、极端微弱或杂乱涂画。
7. 画面具有适量细节。可以简单，但主要对象的基本结构能够表达清楚。
8. 房屋、树木、人物的比例大致协调，没有极端小型化或比例失调。
9. 房屋、树木和人物的相对大小基本合理，没有非常极端的尺寸差异。
10. 人物身体主要结构完整，比例不存在严重失调。
11. 整体构图稳定且场景连贯，没有明显异常的大面积涂黑。
12. 人物位于房屋和树木形成的环境中，没有极端隔离。
13. 线条自然、连续，没有异常大面积涂黑。
14. 画面存在多个相互独立的正常积极特征。

【支持异常的证据】
1. 无明显异常特征。"
dataset/HTP/00/00/00_00_00_0013.jpg,00,00,01,0.014063626423394072,"【支持正常的证据】
1. 房屋、树木、人物三个核心对象均能够清楚识别，并且基本完整。
2. 三个对象在画面中的大小适中，没有全部挤在极小区域，也没有明显超出或压迫整个画面。
3. 房、树、人之间保持自然、合理的空间距离，没有明显孤立或被大片空白强行分隔。
4. 三个对象能够形成基本连贯的场景，例如共享地面、方向一致、空间位置合理，整体看起来属于同一个环境。
5. 整体构图稳定，没有明显失衡、极端偏向某个角落或严重碎片化。
6. 线条总体连续、自然、力度相对稳定，没有大量异常断裂、极端微弱或杂乱涂画。
7. 画面具有适量细节。可以简单，但主要对象的基本结构能够表达清楚。
8. 房屋、树木、人物的比例大致协调，没有极端小型化或比例失调。
9. 整体场景连贯，没有明显选择性结构缺失。
10. 线条自然、连续，没有异常大面积涂黑。

【支持异常的证据】
1. 无明显异常特征。"
dataset/HTP/00/00/00_00_00_0014.png,00,00,01,0.014063626423394072,"【支持正常的证据】
1. 房屋、树木、人物三个核心对象均能够清楚识别，并且基本完整。
2. 三个对象在画面中的大小适中，没有全部挤在极小区域，也没有明显超出或压迫整个画面。
3. 房、树、人之间保持自然、合理的空间距离，没有明显孤立或被大片空白强行分隔。
4. 三个对象能够形成基本连贯的场景，例如共享地面、方向一致、空间位置合理，整体看起来属于同一个环境，而不是三个互不相关的符号。
5. 整体构图稳定，没有明显失衡、极端偏向某个角落或严重碎片化。
6. 线条总体连续、自然、力度相对稳定，没有大量异常断裂、极端微弱或杂乱涂画。
7. 画面具有适量细节。可以简单，但主要对象的基本结构能够表达清楚。
8. 房屋、树木、人物的比例大致协调，没有极端小型化或比例失调。
9. 房屋、树木和人物的相对大小基本合理，没有非常极端的尺寸差异。
10. 人物身体主要结构完整，比例不存在严重失调。
11. 整体构图稳定且场景连贯，没有明显异常的大面积涂黑。
12. 人物没有明显选择性结构缺失，四肢和头部等主要部位都存在。
13. 房屋结构稳定，主要组成部分合理，没有明显倒塌、断裂或严重几何变形。
14. 树木结构自然，没有严重截断或畸形。
15. 房屋、树木和人物之间保持自然距离，没有某个对象被极端隔离。
16. 人物能够自然地处于房屋和树木形成的环境中，而不是完全脱离其他对象。

【支持异常的证据】
1. 无。"
dataset/HTP/00/00/00_00_00_0015.png,00,00,01,0.012431653620200803,"【支持正常的证据】
1. 房屋、树木、人物三个核心对象均能够清楚识别，并且基本完整。
2. 三个对象在画面中的大小适中，没有全部挤在极小区域，也没有明显超出或压迫整个画面。
3. 房、树、人之间保持自然、合理的空间距离，没有明显孤立或被大片空白强行分隔。
4. 三个对象能够形成基本连贯的场景，例如共享地面、方向一致、空间位置合理，整体看起来属于同一个环境，而不是三个互不相关的符号。
5. 整体构图稳定，没有明显失衡、极端偏向某个角落或严重碎片化。
6. 线条总体连续、自然、力度相对稳定，没有大量异常断裂、极端微弱或杂乱涂画。
7. 画面具有适量细节。可以简单，但主要对象的基本结构能够表达清楚。
8. 房屋、树木、人物的比例大致协调，没有极端小型化或比例失调。
9. 整体构图稳定且场景连贯，没有明显异常的大面积涂黑、极端小型化或异常隔离。
10. 人物身体主要结构完整，比例不存在严重失调。

【支持异常的证据】
1. 无。"
dataset/HTP/00/00/00_00_00_0016.png,00,00,01,0.012431653620200803,"【支持正常的证据】
1. 房屋、树木、人物三个核心对象均能够清楚识别，并且基本完整。
2. 三个对象在画面中的大小适中，没有全部挤在极小区域，也没有明显超出或压迫整个画面。
3. 房、树、人之间保持自然、合理的空间距离，没有明显孤立或被大片空白强行分隔。
4. 三个对象能够形成基本连贯的场景，例如共享地面、方向一致、空间位置合理，整体看起来属于同一个环境，而不是三个互不相关的符号。
5. 整体构图稳定，没有明显失衡、极端偏向某个角落或严重碎片化。
6. 线条总体连续、自然、力度相对稳定，没有大量异常断裂、极端微弱或杂乱涂画。
7. 画面具有适量细节。可以简单，但主要对象的基本结构能够表达清楚。
8. 房屋、树木、人物的比例大致协调，没有极端小型化或比例失调。
9. 整体场景连贯，没有明显异常的大面积涂黑、极端小型化或异常隔离。
10. 人物身体主要结构完整，比例不存在严重失调。

【支持异常的证据】
1. 无明显异常特征。"
dataset/HTP/00/00/00_00_00_0017.png,00,00,01,0.11920291732853862,"【支持正常的证据】
1. 房屋、树木、人物三个核心对象均能够清楚识别，并且基本完整。
2. 三个对象在画面中的大小适中，没有全部挤在极小区域，也没有明显超出或压迫整个画面。
3. 房、树、人之间保持自然、合理的空间距离，没有明显孤立或被大片空白强行分隔。
4. 三个对象能够形成基本连贯的场景，例如共享地面、方向一致、空间位置合理，整体看起来属于同一个环境，而不是三个互不相关的符号。
5. 整体构图稳定，没有明显失衡、极端偏向某个角落或严重碎片化。
6. 线条总体连续、自然、力度相对稳定，没有大量异常断裂、极端微弱或杂乱涂画。
7. 画面具有适量细节。可以简单，但主要对象的基本结构能够表达清楚。
8. 房屋、树木、人物的比例大致协调，没有极端小型化或比例失调。
9. 整体场景连贯，没有明显选择性结构缺失。
10. 线条自然、连续，没有异常大面积涂黑。

【支持异常的证据】
1. 人物明显没有完成，例如主要身体区域完全缺失、头部缺失、躯干缺失、多个必要身体部分缺失，或者身体不同部分明显断开。
2. 房屋、树木和人物分别孤立在互不相关的区域。
3. 三个对象的尺寸比例严重不协调。
4. 房屋、树木和人物之间在空间上和语义上明显断开，无法组成基本连贯场景。"
dataset/HTP/00/00/00_00_00_0018.png,00,00,01,0.012431653620200803,"【支持正常的证据】
1. 房屋、树木、人物三个核心对象均能够清楚识别，并且基本完整。
2. 三个对象在画面中的大小适中，没有全部挤在极小区域，也没有明显超出或压迫整个画面。
3. 房、树、人之间保持自然、合理的空间距离，没有明显孤立或被大片空白强行分隔。
4. 三个对象能够形成基本连贯的场景，例如共享地面、方向一致、空间位置合理，整体看起来属于同一个环境，而不是三个互不相关的符号。
5. 整体构图稳定，没有明显失衡、极端偏向某个角落或严重碎片化。
6. 线条总体连续、自然、力度相对稳定，没有大量异常断裂、极端微弱或杂乱涂画。
7. 画面具有适量细节。可以简单，但主要对象的基本结构能够表达清楚。
8. 房屋、树木、人物的比例大致协调，没有极端小型化或比例失调。
9. 整体场景连贯，没有明显选择性结构缺失。
10. 线条自然、连续，没有异常大面积涂黑。

【支持异常的证据】
1. 无明显异常特征。"
dataset/HTP/00/00/00_00_00_0019.png,00,00,01,0.06754668832401889,"【支持正常的证据】
1. 房屋、树木、人物三个核心对象均能够清楚识别，并且基本完整。
2. 三个对象在画面中的大小适中，没有全部挤在极小区域，也没有明显超出或压迫整个画面。
3. 房、树、人之间保持自然、合理的空间距离，没有明显孤立或被大片空白强行分隔。
4. 三个对象能够形成基本连贯的场景，例如共享地面、方向一致、空间位置合理，整体看起来属于同一个环境，而不是三个互不相关的符号。
5. 整体构图稳定，没有明显失衡、极端偏向某个角落或严重碎片化。
6. 线条总体连续、自然、力度相对稳定，没有大量异常断裂、极端微弱或杂乱涂画。
7. 画面具有适量细节。可以简单，但主要对象的基本结构能够表达清楚。
8. 房屋、树木、人物的比例大致协调，没有极端小型化或比例失调。
9. 整体场景连贯，没有明显选择性结构缺失。
10. 线条自然、连续，没有异常大面积涂黑。

【支持异常的证据】
1. 房屋、树木、人物中的一个或多个核心对象完全缺失，且无法由裁剪、遮挡或画法解释。
2. 整幅画极度简化，只剩极少线条，大量重要结构同时消失，整体信息量异常低。
3. 房、树、人整体只占巨大画布中极小区域，周围存在大量空白。
4. 三个对象之间距离极端遥远，某个对象明显孤立，或者整个场景严重碎片化。
5. 存在大量非常微弱、间断、犹豫、僵硬或严重潦草的线条。
6. 存在异常大面积涂黑、重度阴影或某个对象被明显过度强调。"
dataset/HTP/00/00/00_00_00_0020.png,00,00,01,0.010986941578116865,"【支持正常的证据】
1. 房屋、树木、人物三个核心对象均能够清楚识别，并且基本完整。
2. 三个对象在画面中的大小适中，没有全部挤在极小区域，也没有明显超出或压迫整个画面。
3. 房、树、人之间保持自然、合理的空间距离，没有明显孤立或被大片空白强行分隔。
4. 三个对象能够形成基本连贯的场景，例如共享地面、方向一致、空间位置合理，整体看起来属于同一个环境，而不是三个互不相关的符号。
5. 整体构图稳定，没有明显失衡、极端偏向某个角落或严重碎片化。
6. 线条总体连续、自然、力度相对稳定，没有大量异常断裂、极端微弱或杂乱涂画。
7. 画面具有适量细节。可以简单，但主要对象的基本结构能够表达清楚。
8. 房屋、树木、人物的比例大致协调，没有极端小型化或比例失调。
9. 房屋结构稳定，屋顶、墙壁等主要组成部分合理。
10. 树木结构自然，没有明显截断或畸形。
11. 人物身体主要结构完整，比例不存在严重失调。
12. 整体构图稳定且场景连贯，没有明显异常的大面积涂黑。
13. 线条自然、连续，没有异常大面积涂黑。
14. 人物没有明显选择性结构缺失。
15. 画面存在多个相互独立的正常积极特征。

【支持异常的证据】
1. 无明显异常特征。"
dataset/HTP/00/00/00_00_00_0021.png,00,00,01,0.13296423160844623,"【支持正常的证据】
1. 房屋、树木、人物三个核心对象均能够清楚识别，并且基本完整。
2. 三个对象在画面中的大小适中，没有全部挤在极小区域，也没有明显超出或压迫整个画面。
3. 房、树、人之间保持自然、合理的空间距离，没有明显孤立或被大片空白强行分隔。
4. 三个对象能够形成基本连贯的场景，例如共享地面、方向一致、空间位置合理，整体看起来属于同一个环境。
5. 整体构图稳定，没有明显失衡、极端偏向某个角落或严重碎片化。
6. 线条总体连续、自然、力度相对稳定，没有大量异常断裂、极端微弱或杂乱涂画。
7. 画面具有适量细节。可以简单，但主要对象的基本结构能够表达清楚。
8. 房屋、树木、人物的比例大致协调，没有极端小型化或比例失调。
9. 整体场景连贯，没有明显选择性结构缺失。
10. 线条自然、连续，没有异常大面积涂黑。

【支持异常的证据】
1. 房屋结构较完整，但明显选择性缺少门。
2. 树木相对于其他主体和画布极端微小。
3. 人物身体主要结构完整，比例大致协调，没有明显选择性结构缺失。
4. 房屋、树木和人物之间存在明显隔离，无法形成一个完整场景。"
dataset/HTP/00/00/00_00_00_0022.png,00,00,01,0.015906393344589397,"【支持正常的证据】
1. 房屋、树木、人物三个核心对象均能够清楚识别，并且基本完整。
2. 三个对象在画面中的大小适中，没有全部挤在极小区域，也没有明显超出或压迫整个画面。
3. 房、树、人之间保持自然、合理的空间距离，没有明显孤立或被大片空白强行分隔。
4. 三个对象能够形成基本连贯的场景，例如共享地面、方向一致、空间位置合理，整体看起来属于同一个环境，而不是三个互不相关的符号。
5. 整体构图稳定，没有明显失衡、极端偏向某个角落或严重碎片化。
6. 线条总体连续、自然、力度相对稳定，没有大量异常断裂、极端微弱或杂乱涂画。
7. 画面具有适量细节。可以简单，但主要对象的基本结构能够表达清楚。
8. 房屋、树木、人物的比例大致协调，没有极端小型化或比例失调。
9. 房屋、树木和人物的相对大小基本合理，没有非常极端的尺寸差异。
10. 人物身体主要结构完整，比例不存在严重失调。
11. 整体构图稳定且场景连贯，没有明显异常的大面积涂黑。
12. 人物和房屋、树木之间保持自然距离，没有极端隔离。
13. 画面存在多个相互独立的正常积极特征，如房屋结构稳定、树木结构自然、人物身体完整等。

【支持异常的证据】
1. 无明显异常特征。"
dataset/HTP/00/00/00_00_00_0023.png,00,00,01,0.010986941578116865,"【支持正常的证据】
1. 房屋、树木、人物三个核心对象均能够清楚识别，并且基本完整。
2. 三个对象在画面中的大小适中，没有全部挤在极小区域，也没有明显超出或压迫整个画面。
3. 房、树、人之间保持自然、合理的空间距离，没有明显孤立或被大片空白强行分隔。
4. 三个对象能够形成基本连贯的场景，例如共享地面、方向一致、空间位置合理，整体看起来属于同一个环境，而不是三个互不相关的符号。
5. 整体构图稳定，没有明显失衡、极端偏向某个角落或严重碎片化。
6. 线条总体连续、自然、力度相对稳定，没有大量异常断裂、极端微弱或杂乱涂画。
7. 画面具有适量细节。可以简单，但主要对象的基本结构能够表达清楚。
8. 房屋、树木、人物的比例大致协调，没有极端小型化或比例失调。
9. 房屋结构稳定，主要组成部分合理，没有明显倒塌、断裂或严重几何变形。
10. 树木结构自然，没有严重截断或畸形。
11. 人物身体主要结构完整，比例不存在严重失调。
12. 整体构图稳定且场景连贯。
13. 线条自然、连续，没有异常大面积涂黑。
14. 没有明显的选择性结构缺失。
15. 仅存在少数能够由绘画水平、年龄、风格或普通构图解释的轻微异常。

【支持异常的证据】
1. 无。"
dataset/HTP/00/00/00_00_00_0024.png,00,00,01,0.012431653620200803,"【支持正常的证据】
1. 房屋、树木、人物三个核心对象均能够清楚识别，并且基本完整。
2. 三个对象在画面中的大小适中，没有全部挤在极小区域，也没有明显超出或压迫整个画面。
3. 房、树、人之间保持自然、合理的空间距离，没有明显孤立或被大片空白强行分隔。
4. 三个对象能够形成基本连贯的场景，例如共享地面、方向一致、空间位置合理，整体看起来属于同一个环境，而不是三个互不相关的符号。
5. 整体构图稳定，没有明显失衡、极端偏向某个角落或严重碎片化。
6. 线条总体连续、自然、力度相对稳定，没有大量异常断裂、极端微弱或杂乱涂画。
7. 画面具有适量细节。可以简单，但主要对象的基本结构能够表达清楚。
8. 房屋、树木、人物的比例大致协调，没有极端小型化或比例失调。
9. 整体场景连贯，没有明显选择性结构缺失。
10. 线条自然、连续，没有异常大面积涂黑。

【支持异常的证据】
1. 无明显异常特征。"
dataset/HTP/00/00/00_00_00_0025.png,00,00,01,0.014063626423394072,"【支持正常的证据】
1. 房屋、树木、人物三个核心对象均能够清楚识别，并且基本完整。
2. 三个对象在画面中的大小适中，没有全部挤在极小区域，也没有明显超出或压迫整个画面。
3. 房、树、人之间保持自然、合理的空间距离，没有明显孤立或被大片空白强行分隔。
4. 三个对象能够形成基本连贯的场景，例如共享地面、方向一致、空间位置合理，整体看起来属于同一个环境，而不是三个互不相关的符号。
5. 整体构图稳定，没有明显失衡、极端偏向某个角落或严重碎片化。
6. 线条总体连续、自然、力度相对稳定，没有大量异常断裂、极端微弱或杂乱涂画。
7. 画面具有适量细节。可以简单，但主要对象的基本结构能够表达清楚。
8. 房屋、树木、人物的比例大致协调，没有极端小型化或比例失调。
9. 整体场景连贯，没有明显选择性结构缺失。
10. 线条自然、连续，没有异常大面积涂黑。

【支持异常的证据】
1. 无。"
dataset/HTP/00/00/00_00_00_0026.png,00,00,01,0.07585817323116976,"【支持正常的证据】
1. 房屋、树木、人物三个核心对象均能够清楚识别，并且基本完整。
2. 三个对象在画面中的大小适中，没有全部挤在极小区域，也没有明显超出或压迫整个画面。
3. 房、树、人之间保持自然、合理的空间距离，没有明显孤立或被大片空白强行分隔。
4. 三个对象能够形成基本连贯的场景，例如共享地面、方向一致、空间位置合理，整体看起来属于同一个环境，而不是三个互不相关的符号。
5. 整体构图稳定，没有明显失衡、极端偏向某个角落或严重碎片化。
6. 线条总体连续、自然、力度相对稳定，没有大量异常断裂、极端微弱或杂乱涂画。
7. 画面具有适量细节。可以简单，但主要对象的基本结构能够表达清楚。
8. 如果存在草地、道路、太阳、云、花、地面等环境元素，并且与主体自然结合，可以作为场景完整和组织良好的积极证据。
9. 没有大面积、无明显绘画目的的异常涂黑、重阴影或局部反复强调。

【支持异常的证据】
1. 房屋、树木、人物中的一个或多个核心对象完全缺失，且无法由裁剪、遮挡或画法解释。
2. 整幅画极度简化，只剩极少线条，大量重要结构同时消失，整体信息量异常低。
3. 房、树、人整体只占巨大画布中极小区域，周围存在大量空白。
4. 三个对象之间距离极端遥远，某个对象明显孤立，或者整个场景严重碎片化。
5. 对象像漂浮在不同区域，彼此几乎没有空间联系，整体场景严重不连贯。
6. 存在大量非常微弱、间断、犹豫、僵硬或严重潦草的线条。
7. 存在异常大面积涂黑、重度阴影或某个对象被明显过度强调。"
dataset/HTP/00/00/00_00_00_0027.png,00,00,01,0.06754668832401889,"【支持正常的证据】
1. 房屋、树木、人物三个核心对象均能够清楚识别，并且基本完整。
2. 三个对象在画面中的大小适中，没有全部挤在极小区域，也没有明显超出或压迫整个画面。
3. 房、树、人之间保持自然、合理的空间距离，没有明显孤立或被大片空白强行分隔。
4. 三个对象能够形成基本连贯的场景，例如共享地面、方向一致、空间位置合理，整体看起来属于同一个环境。
5. 整体构图稳定，没有明显失衡、极端偏向某个角落或严重碎片化。
6. 线条总体连续、自然、力度相对稳定，没有大量异常断裂、极端微弱或杂乱涂画。
7. 画面具有适量细节。可以简单，但主要对象的基本结构能够表达清楚。
8. 房屋、树木、人物的比例大致协调，没有极端小型化或比例失调。
9. 房屋、树木和人物之间的关系自然，没有极端隔离或空间关系异常。
10. 线条自然、连续，没有异常大面积涂黑。

【支持异常的证据】
1. 房屋、树木、人物中的一个或多个核心对象完全缺失，且无法由裁剪、遮挡或画法解释。
2. 整幅画极度简化，只剩极少线条，大量重要结构同时消失，整体信息量异常低。
3. 房、树、人整体只占巨大画布中极小区域，周围存在大量空白。
4. 三个对象之间距离极端遥远，某个对象明显孤立，或者整个场景严重碎片化。
5. 存在大量非常微弱、间断、犹豫、僵硬或严重潦草的线条。
6. 存在异常大面积涂黑、重度阴影或某个对象被明显过度强调。"
dataset/HTP/00/00/00_00_00_0028.jpg,00,00,01,0.012431653620200803,"【支持正常的证据】
1. 房屋、树木、人物三个核心对象均能够清楚识别，并且基本完整。
2. 三个对象在画面中的大小适中，没有全部挤在极小区域，也没有明显超出或压迫整个画面。
3. 房、树、人之间保持自然、合理的空间距离，没有明显孤立或被大片空白强行分隔。
4. 三个对象能够形成基本连贯的场景，例如共享地面、方向一致、空间位置合理，整体看起来属于同一个环境。
5. 整体构图稳定，没有明显失衡、极端偏向某个角落或严重碎片化。
6. 线条总体连续、自然、力度相对稳定，没有大量异常断裂、极端微弱或杂乱涂画。
7. 画面具有适量细节。可以简单，但主要对象的基本结构能够表达清楚。
8. 房屋、树木、人物的比例大致协调，没有极端小型化或比例失调。
9. 整体场景连贯，没有明显选择性结构缺失。
10. 线条自然、连续，没有异常大面积涂黑。

【支持异常的证据】
1. 无明显异常特征。"
dataset/HTP/00/00/00_00_00_0029.jpg,00,00,01,0.014063626423394072,"【支持正常的证据】
1. 房屋、树木、人物三个核心对象均能够清楚识别，并且基本完整。
2. 三个对象在画面中的大小适中，没有全部挤在极小区域，也没有明显超出或压迫整个画面。
3. 房、树、人之间保持自然、合理的空间距离，没有明显孤立或被大片空白强行分隔。
4. 三个对象能够形成基本连贯的场景，例如共享地面、方向一致、空间位置合理，整体看起来属于同一个环境。
5. 整体构图稳定，没有明显失衡、极端偏向某个角落或严重碎片化。
6. 线条总体连续、自然、力度相对稳定，没有大量异常断裂、极端微弱或杂乱涂画。
7. 画面具有适量细节。可以简单，但主要对象的基本结构能够表达清楚。
8. 房屋、树木、人物的比例大致协调，没有极端小型化或比例失调。
9. 整体场景连贯，没有明显选择性结构缺失。
10. 线条自然、连续，没有异常大面积涂黑。

【支持异常的证据】
1. 无明显异常特征。"
dataset/HTP/00/00/00_00_00_0030.jpg,00,00,01,0.012431653620200803,"【支持正常的证据】
1. 房屋、树木、人物三个核心对象均能够清楚识别，并且基本完整。
2. 三个对象在画面中的大小适中，没有全部挤在极小区域，也没有明显超出或压迫整个画面。
3. 房、树、人之间保持自然、合理的空间距离，没有明显孤立或被大片空白强行分隔。
4. 三个对象能够形成基本连贯的场景，例如共享地面、方向一致、空间位置合理，整体看起来属于同一个环境，而不是三个互不相关的符号。
5. 整体构图稳定，没有明显失衡、极端偏向某个角落或严重碎片化。
6. 线条总体连续、自然、力度相对稳定，没有大量异常断裂、极端微弱或杂乱涂画。
7. 画面具有适量细节。可以简单，但主要对象的基本结构能够表达清楚。
8. 房屋、树木、人物的比例大致协调，没有极端小型化或比例失调。
9. 房屋、树木和人物之间的关系自然，没有极端隔离或不连贯的空间关系。
10. 线条自然、连续，没有异常大面积涂黑。

【支持异常的证据】
1. 无明显异常特征。"
dataset/HTP/00/00/00_00_00_0031.jpg,00,00,01,0.010986941578116865,"【支持正常的证据】
1. 房屋、树木、人物三个核心对象均能够清楚识别，并且基本完整。
2. 三个对象在画面中的大小适中，没有全部挤在极小区域，也没有明显超出或压迫整个画面。
3. 房、树、人之间保持自然、合理的空间距离，没有明显孤立或被大片空白强行分隔。
4. 三个对象能够形成基本连贯的场景，例如共享地面、方向一致、空间位置合理，整体看起来属于同一个环境，而不是三个互不相关的符号。
5. 整体构图稳定，没有明显失衡、极端偏向某个角落或严重碎片化。
6. 线条总体连续、自然、力度相对稳定，没有大量异常断裂、极端微弱或杂乱涂画。
7. 画面具有适量细节。可以简单，但主要对象的基本结构能够表达清楚。
8. 房屋、树木、人物的比例大致协调，没有极端小型化或比例失调。
9. 房屋结构稳定，没有明显倒塌、断裂或严重几何变形。
10. 树木结构自然，没有明显截断或畸形。
11. 人物身体主要结构完整，比例不存在严重失调。
12. 整体构图稳定且场景连贯，没有明显异常的大面积涂黑、极端小型化或异常隔离。
13. 线条自然、连续，没有异常大面积涂黑。
14. 人物没有明显选择性结构缺失，整体绘画风格统一。
15. 房屋、树木和人物之间的关系自然，没有极端隔离或空间碎片化。

【支持异常的证据】
1. 无。"
dataset/HTP/00/00/00_00_00_0032.jpg,00,00,01,0.015906393344589397,"【支持正常的证据】
1. 房屋、树木、人物三个核心对象均能够清楚识别，并且基本完整。
2. 三个对象在画面中的大小适中，没有全部挤在极小区域，也没有明显超出或压迫整个画面。
3. 房、树、人之间保持自然、合理的空间距离，没有明显孤立或被大片空白强行分隔。
4. 三个对象能够形成基本连贯的场景，例如共享地面、方向一致、空间位置合理，整体看起来属于同一个环境，而不是三个互不相关的符号。
5. 整体构图稳定，没有明显失衡、极端偏向某个角落或严重碎片化。
6. 线条总体连续、自然、力度相对稳定，没有大量异常断裂、极端微弱或杂乱涂画。
7. 画面具有适量细节。可以简单，但主要对象的基本结构能够表达清楚。
8. 房屋、树木、人物的比例大致协调，没有极端小型化或比例失调。
9. 房屋、树木和人物之间的关系自然，没有极端隔离或不连贯的空间关系。
10. 线条自然、连续，没有异常大面积涂黑。

【支持异常的证据】
1. 无明显异常特征。"
dataset/HTP/00/00/00_00_00_0033.jpg,00,00,01,0.00857748525531428,"【支持正常的证据】
1. 房屋、树木、人物三个核心对象均能够清楚识别，并且基本完整。
2. 三个对象在画面中的大小适中，没有全部挤在极小区域，也没有明显超出或压迫整个画面。
3. 房、树、人之间保持自然、合理的空间距离，没有明显孤立或被大片空白强行分隔。
4. 三个对象能够形成基本连贯的场景，例如共享地面、方向一致、空间位置合理，整体看起来属于同一个环境，而不是三个互不相关的符号。
5. 整体构图稳定，没有明显失衡、极端偏向某个角落或严重碎片化。
6. 线条总体连续、自然、力度相对稳定，没有大量异常断裂、极端微弱或杂乱涂画。
7. 画面具有适量细节。可以简单，但主要对象的基本结构能够表达清楚。
8. 房屋、树木、人物的比例大致协调，没有极端小型化或比例失调。
9. 房屋结构稳定，主要组成部分合理，没有明显倒塌、断裂或严重几何变形。
10. 树木结构自然，没有严重截断或畸形。
11. 人物身体主要结构完整，比例不存在严重失调。
12. 整体构图稳定且场景连贯。
13. 线条自然、连续，没有异常大面积涂黑。
14. 没有明显的选择性结构缺失。
15. 仅存在少数能够由绘画水平、年龄、风格或普通构图解释的轻微异常。

【支持异常的证据】
1. 无。"
dataset/HTP/00/00/00_00_00_0034.jpg,00,00,01,0.015906393344589397,"【支持正常的证据】
1. 房屋、树木、人物三个核心对象均能够清楚识别，并且基本完整。
2. 三个对象在画面中的大小适中，没有全部挤在极小区域，也没有明显超出或压迫整个画面。
3. 房、树、人之间保持自然、合理的空间距离，没有明显孤立或被大片空白强行分隔。
4. 三个对象能够形成基本连贯的场景，例如共享地面、方向一致、空间位置合理，整体看起来属于同一个环境。
5. 整体构图稳定，没有明显失衡、极端偏向某个角落或严重碎片化。
6. 线条总体连续、自然、力度相对稳定，没有大量异常断裂、极端微弱或杂乱涂画。
7. 画面具有适量细节。可以简单，但主要对象的基本结构能够表达清楚。
8. 房屋、树木、人物的比例大致协调，没有极端小型化或比例失调。
9. 房屋结构稳定，屋顶、烟囱、门窗等细节自然、适量并与房屋结构协调。
10. 树木结构自然，没有明显截断或畸形。
11. 人物头部、躯干、手臂和腿等主要身体结构基本完整，比例合理。
12. 人物大小与房屋、树木和整个画布基本协调，没有极端小型化。
13. 整体构图稳定且场景连贯，没有明显异常的大面积涂黑、极端小型化或异常隔离。
14. 人物身体主要结构完整，比例不存在严重失调。
15. 线条自然、连续，没有异常大面积涂黑。
16. 房屋、树木和人物之间的相对大小基本合理，没有非常极端的尺寸差异。
17. 三者之间保持自然距离，没有某个对象被极端隔离。
18. 对象具有基本共同空间，例如共享地面、位置关系能够形成一个完整场景。
19. 人物能够自然地处于房屋和树木形成的环境中，而不是完全脱离其他对象。

【支持异常的证据】
1. 无明显异常特征。"
dataset/HTP/00/00/00_00_00_0035.jpg,00,00,01,0.015906393344589397,"【支持正常的证据】
1. 房屋、树木、人物三个核心对象均能够清楚识别，并且基本完整。
2. 三个对象在画面中的大小适中，没有全部挤在极小区域，也没有明显超出或压迫整个画面。
3. 房、树、人之间保持自然、合理的空间距离，没有明显孤立或被大片空白强行分隔。
4. 三个对象能够形成基本连贯的场景，例如共享地面、方向一致、空间位置合理，整体看起来属于同一个环境，而不是三个互不相关的符号。
5. 整体构图稳定，没有明显失衡、极端偏向某个角落或严重碎片化。
6. 线条总体连续、自然、力度相对稳定，没有大量异常断裂、极端微弱或杂乱涂画。
7. 画面具有适量细节。可以简单，但主要对象的基本结构能够表达清楚。
8. 房屋、树木、人物的比例大致协调，没有极端小型化或比例失调。
9. 房屋、树木和人物之间的关系自然，没有极端隔离或不连贯的空间关系。
10. 线条自然、连续，没有异常大面积涂黑。

【支持异常的证据】
1. 人物缺少手臂，但整体结构仍然基本完整。
2. 房屋结构较为简单，但没有明显选择性缺失或极端扭曲。
3. 树木结构自然，没有明显截断或畸形。
4. 人物比例大致合理，没有明显失调。
5. 整体构图稳定，没有明显碎片化或极端小型化。
6. 线条自然、连续，没有异常大面积涂黑。"
dataset/HTP/00/00/00_00_00_0036.jpg,00,00,01,0.10669058897496679,"【支持正常的证据】
1. 房屋、树木、人物三个核心对象均能够清楚识别，并且基本完整。
2. 三个对象在画面中的大小适中，没有全部挤在极小区域，也没有明显超出或压迫整个画面。
3. 房、树、人之间保持自然、合理的空间距离，没有明显孤立或被大片空白强行分隔。
4. 三个对象能够形成基本连贯的场景，例如共享地面、方向一致、空间位置合理，整体看起来属于同一个环境，而不是三个互不相关的符号。
5. 整体构图稳定，没有明显失衡、极端偏向某个角落或严重碎片化。
6. 线条总体连续、自然、力度相对稳定，没有大量异常断裂、极端微弱或杂乱涂画。
7. 画面具有适量细节。可以简单，但主要对象的基本结构能够表达清楚。
8. 房屋、树木、人物的比例大致协调，没有极端小型化或比例失调。
9. 房屋、树木和人物之间的关系自然，没有极端隔离或不连贯的空间关系。
10. 线条自然、连续，没有异常大面积涂黑。

【支持异常的证据】
1. 人物缺少手臂，手臂被选择性省略。
2. 房屋缺少窗户，窗户被选择性省略。
3. 树木缺少叶子，树冠被选择性省略。
4. 房屋、树木和人物的比例略有不协调，但并不极端。
5. 房屋、树木和人物之间的空间关系较为自然，但没有完全连贯的场景。
6. 线条自然，但有些地方显得略微犹豫或不流畅。"
dataset/HTP/00/00/00_00_00_0037.jpg,00,00,01,0.014063626423394072,"【支持正常的证据】
1. 房屋、树木、人物三个核心对象均能够清楚识别，并且基本完整。
2. 三个对象在画面中的大小适中，没有全部挤在极小区域，也没有明显超出或压迫整个画面。
3. 房、树、人之间保持自然、合理的空间距离，没有明显孤立或被大片空白强行分隔。
4. 三个对象能够形成基本连贯的场景，例如共享地面、方向一致、空间位置合理，整体看起来属于同一个环境，而不是三个互不相关的符号。
5. 整体构图稳定，没有明显失衡、极端偏向某个角落或严重碎片化。
6. 线条总体连续、自然、力度相对稳定，没有大量异常断裂、极端微弱或杂乱涂画。
7. 画面具有适量细节。可以简单，但主要对象的基本结构能够表达清楚。
8. 房屋、树木、人物的比例大致协调，没有极端小型化或比例失调。
9. 房屋、树木和人物的相对大小基本合理，没有非常极端的尺寸差异。
10. 人物身体主要结构完整，比例不存在严重失调。
11. 整体构图稳定且场景连贯，没有明显异常的大面积涂黑。
12. 人物和房屋、树木之间保持自然距离，没有极端隔离。
13. 线条自然、连续，没有异常大面积涂黑。
14. 人物和房屋、树木之间没有明显选择性结构缺失。

【支持异常的证据】
1. 无。"
dataset/HTP/00/00/00_00_00_0038.jpg,00,00,01,0.012431653620200803,"【支持正常的证据】
1. 房屋、树木、人物三个核心对象均能够清楚识别，并且基本完整。
2. 三个对象在画面中的大小适中，没有全部挤在极小区域，也没有明显超出或压迫整个画面。
3. 房、树、人之间保持自然、合理的空间距离，没有明显孤立或被大片空白强行分隔。
4. 三个对象能够形成基本连贯的场景，例如共享地面、方向一致、空间位置合理，整体看起来属于同一个环境。
5. 整体构图稳定，没有明显失衡、极端偏向某个角落或严重碎片化。
6. 线条总体连续、自然、力度相对稳定，没有大量异常断裂、极端微弱或杂乱涂画。
7. 画面具有适量细节。可以简单，但主要对象的基本结构能够表达清楚。
8. 房屋、树木、人物的比例大致协调，没有极端小型化或比例失调。
9. 房屋、树木和人物之间的关系自然，没有极端隔离或空间关系异常。
10. 线条自然、连续，没有异常大面积涂黑。

【支持异常的证据】
1. 无明显异常特征。"
dataset/HTP/00/00/00_00_00_0039.jpg,00,00,01,0.012431653620200803,"【支持正常的证据】
1. 房屋、树木、人物三个核心对象均能够清楚识别，并且基本完整。
2. 三个对象在画面中的大小适中，没有全部挤在极小区域，也没有明显超出或压迫整个画面。
3. 房、树、人之间保持自然、合理的空间距离，没有明显孤立或被大片空白强行分隔。
4. 三个对象能够形成基本连贯的场景，例如共享地面、方向一致、空间位置合理，整体看起来属于同一个环境，而不是三个互不相关的符号。
5. 整体构图稳定，没有明显失衡、极端偏向某个角落或严重碎片化。
6. 线条总体连续、自然、力度相对稳定，没有大量异常断裂、极端微弱或杂乱涂画。
7. 画面具有适量细节。可以简单，但主要对象的基本结构能够表达清楚。
8. 没有大面积、无明显绘画目的的异常涂黑、重阴影或局部反复强调。

【支持异常的证据】
1. 无明显异常特征。"
dataset/HTP/00/00/00_00_00_0040.jpg,00,00,01,0.009708474753363424,"【支持正常的证据】
1. 房屋、树木、人物三个核心对象均能够清楚识别，并且基本完整。
2. 三个对象在画面中的大小适中，没有全部挤在极小区域，也没有明显超出或压迫整个画面。
3. 房、树、人之间保持自然、合理的空间距离，没有明显孤立或被大片空白强行分隔。
4. 三个对象能够形成基本连贯的场景，例如共享地面、方向一致、空间位置合理，整体看起来属于同一个环境。
5. 整体构图稳定，没有明显失衡、极端偏向某个角落或严重碎片化。
6. 线条总体连续、自然、力度相对稳定，没有大量异常断裂、极端微弱或杂乱涂画。
7. 画面具有适量细节。可以简单，但主要对象的基本结构能够表达清楚。
8. 房屋、树木、人物的比例大致协调，没有极端小型化或比例失调。
9. 房屋结构稳定，主要组成部分合理，没有明显倒塌、断裂或严重几何变形。
10. 树木结构自然，没有严重截断或畸形。
11. 人物身体主要结构完整，比例不存在严重失调。
12. 整体构图稳定且场景连贯。
13. 线条自然、连续，没有异常大面积涂黑。
14. 没有明显的选择性结构缺失。
15. 即使绘画较简单，其简化方式在整幅画中保持一致。
16. 仅存在少数能够由绘画水平、年龄、风格或普通构图解释的轻微异常。

【支持异常的证据】
1. 无明显异常特征。"
dataset/HTP/00/00/00_00_00_0041.jpg,00,00,01,0.053403324903538434,"【支持正常的证据】
1. 房屋、树木、人物三个核心对象均能够清楚识别，并且基本完整。
2. 三个对象在画面中的大小适中，没有全部挤在极小区域，也没有明显超出或压迫整个画面。
3. 房、树、人之间保持自然、合理的空间距离，没有明显孤立或被大片空白强行分隔。
4. 三个对象能够形成基本连贯的场景，例如共享地面、方向一致、空间位置合理，整体看起来属于同一个环境，而不是三个互不相关的符号。
5. 整体构图稳定，没有明显失衡、极端偏向某个角落或严重碎片化。
6. 线条总体连续、自然、力度相对稳定，没有大量异常断裂、极端微弱或杂乱涂画。
7. 画面具有适量细节。可以简单，但主要对象的基本结构能够表达清楚。
8. 房屋、树木、人物的比例大致协调，没有极端小型化或比例失调。
9. 房屋、树木和人物之间的关系自然，没有极端隔离或不连贯的空间关系。
10. 线条自然、连续，没有异常大面积涂黑。

【支持异常的证据】
1. 人物头部、躯干、手臂和腿等主要身体结构基本完整，但人物较小，比例有些夸张。
2. 房屋结构较为完整，但没有画出窗户。
3. 树木大小与房屋、人物协调，但树冠形状有些夸张。
4. 房屋、树木和人物之间的比例有些不协调，人物显得过于小。
5. 线条有些粗糙，尤其是人物的手臂和腿部线条。
6. 人物没有明显的表情，但整体风格统一，没有明显的异常涂黑或阴影。"
dataset/HTP/00/00/00_00_00_0042.jpg,00,00,01,0.04742587351415913,"【支持正常的证据】
1. 房屋、树木、人物三个核心对象均能够清楚识别，并且基本完整。
2. 三个对象在画面中的大小适中，没有全部挤在极小区域，也没有明显超出或压迫整个画面。
3. 房、树、人之间保持自然、合理的空间距离，没有明显孤立或被大片空白强行分隔。
4. 三个对象能够形成基本连贯的场景，例如共享地面、方向一致、空间位置合理，整体看起来属于同一个环境。
5. 整体构图稳定，没有明显失衡、极端偏向某个角落或严重碎片化。
6. 线条总体连续、自然、力度相对稳定，没有大量异常断裂、极端微弱或杂乱涂画。
7. 画面具有适量细节。可以简单，但主要对象的基本结构能够表达清楚。
8. 房屋、树木、人物之间保持自然的距离，没有极端隔离。
9. 整体构图协调，没有大面积异常涂黑或阴影。

【支持异常的证据】
1. 房屋、树木、人物中的一个或多个核心对象完全缺失，且无法由裁剪、遮挡或画法解释。
2. 整幅画极度简化，只剩极少线条，大量重要结构同时消失，整体信息量异常低。
3. 房、树、人整体只占巨大画布中极小区域，周围存在大量空白。
4. 三个对象之间距离极端遥远，某个对象明显孤立，或者整个场景严重碎片化。
5. 存在大量非常微弱、间断、犹豫、僵硬或严重潦草的线条。
6. 存在异常大面积涂黑、重度阴影或某个对象被明显过度强调。"
dataset/HTP/00/00/00_00_00_0043.jpg,00,00,01,0.09534946232842245,"【支持正常的证据】
1. 房屋、树木、人物三个核心对象均能够清楚识别，并且基本完整。
2. 三个对象在画面中的大小适中，没有全部挤在极小区域，也没有明显超出或压迫整个画面。
3. 房、树、人之间保持自然、合理的空间距离，没有明显孤立或被大片空白强行分隔。
4. 三个对象能够形成基本连贯的场景，例如共享地面、方向一致、空间位置合理，整体看起来属于同一个环境，而不是三个互不相关的符号。
5. 整体构图稳定，没有明显失衡、极端偏向某个角落或严重碎片化。
6. 线条总体连续、自然、力度相对稳定，没有大量异常断裂、极端微弱或杂乱涂画。
7. 画面具有适量细节。可以简单，但主要对象的基本结构能够表达清楚。
8. 房屋、树木、人物的比例大致协调，没有极端小型化或比例失调。
9. 房屋、树木和人物之间的关系自然，没有极端隔离或不连贯的空间关系。
10. 线条自然、连续，没有异常大面积涂黑。

【支持异常的证据】
1. 房屋、树木、人物中的一个或多个核心对象完全缺失，且无法由裁剪、遮挡或画法解释。
2. 整幅画极度简化，只剩极少线条，大量重要结构同时消失，整体信息量异常低。
3. 房、树、人整体只占巨大画布中极小区域，周围存在大量空白。
4. 三个对象之间距离极端遥远，某个对象明显孤立，或者整个场景严重碎片化。
5. 存在大量非常微弱、间断、犹豫、僵硬或严重潦草的线条。
6. 存在异常大面积涂黑、重度阴影或某个对象被明显过度强调。"
dataset/HTP/00/00/00_00_00_0044.jpg,00,00,01,0.09534946232842245,"【支持正常的证据】
1. 房屋、树木、人物三个核心对象均能够清楚识别，并且基本完整。
2. 三个对象在画面中的大小适中，没有全部挤在极小区域，也没有明显超出或压迫整个画面。
3. 房、树、人之间保持自然、合理的空间距离，没有明显孤立或被大片空白强行分隔。
4. 三个对象能够形成基本连贯的场景，例如共享地面、方向一致、空间位置合理，整体看起来属于同一个环境，而不是三个互不相关的符号。
5. 整体构图稳定，没有明显失衡、极端偏向某个角落或严重碎片化。
6. 线条总体连续、自然、力度相对稳定，没有大量异常断裂、极端微弱或杂乱涂画。
7. 画面具有适量细节。可以简单，但主要对象的基本结构能够表达清楚。
8. 房屋、树木、人物的比例大致协调，没有极端小型化或比例失调。
9. 整体场景连贯，没有明显选择性结构缺失。
10. 线条自然、连续，没有异常大面积涂黑。

【支持异常的证据】
1. 房屋、树木、人物中的一个或多个核心对象完全缺失，且无法由裁剪、遮挡或画法解释。
2. 整幅画极度简化，只剩极少线条，大量重要结构同时消失，整体信息量异常低。
3. 房、树、人整体只占巨大画布中极小区域，周围存在大量空白。
4. 三个对象之间距离极端遥远，某个对象明显孤立，或者整个场景严重碎片化。
5. 存在大量非常微弱、间断、犹豫、僵硬或严重潦草的线条。
6. 存在异常大面积涂黑、重度阴影或某个对象被明显过度强调。"
dataset/HTP/00/00/00_00_00_0045.jpg,00,00,01,0.11920291732853862,"【支持正常的证据】
1. 房屋、树木、人物三个核心对象均能够清楚识别，并且基本完整。
2. 三个对象在画面中的大小适中，没有全部挤在极小区域，也没有明显超出或压迫整个画面。
3. 房、树、人之间保持自然、合理的空间距离，没有明显孤立或被大片空白强行分隔。
4. 三个对象能够形成基本连贯的场景，例如共享地面、方向一致、空间位置合理，整体看起来属于同一个环境，而不是三个互不相关的符号。
5. 整体构图稳定，没有明显失衡、极端偏向某个角落或严重碎片化。
6. 线条总体连续、自然、力度相对稳定，没有大量异常断裂、极端微弱或杂乱涂画。
7. 画面具有适量细节。可以简单，但主要对象的基本结构能够表达清楚。
8. 没有大面积、无明显绘画目的的异常涂黑、重阴影或局部反复强调。

【支持异常的证据】
1. 房屋、树木、人物中的一个或多个核心对象完全缺失，且无法由裁剪、遮挡或画法解释。
2. 整幅画极度简化，只剩极少线条，大量重要结构同时消失，整体信息量异常低。
3. 房、树、人整体只占巨大画布中极小区域，周围存在大量空白。
4. 三个对象之间距离极端遥远，某个对象明显孤立，或者整个场景严重碎片化。
5. 存在大量非常微弱、间断、犹豫、僵硬或严重潦草的线条。
6. 存在异常大面积涂黑、重度阴影或某个对象被明显过度强调。"
dataset/HTP/00/00/00_00_00_0046.jpg,00,00,01,0.08509904732734556,"【支持正常的证据】
1. 房屋、树木、人物三个核心对象均能够清楚识别，并且基本完整。
2. 三个对象在画面中的大小适中，没有全部挤在极小区域，也没有明显超出或压迫整个画面。
3. 房、树、人之间保持自然、合理的空间距离，没有明显孤立或被大片空白强行分隔。
4. 三个对象能够形成基本连贯的场景，例如共享地面、方向一致、空间位置合理，整体看起来属于同一个环境，而不是三个互不相关的符号。
5. 整体构图稳定，没有明显失衡、极端偏向某个角落或严重碎片化。
6. 线条总体连续、自然、力度相对稳定，没有大量异常断裂、极端微弱或杂乱涂画。
7. 画面具有适量细节。可以简单，但主要对象的基本结构能够表达清楚。
8. 没有大面积、无明显绘画目的的异常涂黑、重阴影或局部反复强调。

【支持异常的证据】
1. 房屋、树木、人物中的一个或多个核心对象完全缺失，且无法由裁剪、遮挡或画法解释。
2. 整幅画极度简化，只剩极少线条，大量重要结构同时消失，整体信息量异常低。
3. 房、树、人整体只占巨大画布中极小区域，周围存在大量空白。
4. 三个对象之间距离极端遥远，某个对象明显孤立，或者整个场景严重碎片化。
5. 存在大量非常微弱、间断、犹豫、僵硬或严重潦草的线条。
6. 存在异常大面积涂黑、重度阴影或某个对象被明显过度强调。"
dataset/HTP/00/00/00_00_00_0047.jpg,00,00,01,0.08509904732734556,"【支持正常的证据】
1. 房屋、树木、人物三个核心对象均能够清楚识别，并且基本完整。
2. 三个对象在画面中的大小适中，没有全部挤在极小区域，也没有明显超出或压迫整个画面。
3. 房、树、人之间保持自然、合理的空间距离，没有明显孤立或被大片空白强行分隔。
4. 三个对象能够形成基本连贯的场景，例如共享地面、方向一致、空间位置合理，整体看起来属于同一个环境，而不是三个互不相关的符号。
5. 整体构图稳定，没有明显失衡、极端偏向某个角落或严重碎片化。
6. 线条总体连续、自然、力度相对稳定，没有大量异常断裂、极端微弱或杂乱涂画。
7. 画面具有适量细节。可以简单，但主要对象的基本结构能够表达清楚。
8. 房屋、树木、人物的比例大致协调，没有极端小型化或比例失调。
9. 房屋、树木和人物之间的关系自然，没有极端隔离或空间关系异常。
10. 线条自然、连续，没有异常大面积涂黑。

【支持异常的证据】
1. 房屋、树木、人物中的一个或多个核心对象完全缺失，且无法由裁剪、遮挡或画法解释。
2. 整幅画极度简化，只剩极少线条，大量重要结构同时消失，整体信息量异常低。
3. 房、树、人整体只占巨大画布中极小区域，周围存在大量空白。
4. 三个对象之间距离极端遥远，某个对象明显孤立，或者整个场景严重碎片化。
5. 对象像漂浮在不同区域，彼此几乎没有空间联系，整体场景严重不连贯。
6. 存在大量非常微弱、间断、犹豫、僵硬或严重潦草的线条。
7. 存在异常大面积涂黑、重度阴影或某个对象被明显过度强调。"
dataset/HTP/00/00/00_00_00_0048.jpg,00,00,01,0.04742587351415913,"【支持正常的证据】
1. 房屋、树木、人物三个核心对象均能够清楚识别，并且基本完整。
2. 三个对象在画面中的大小适中，没有全部挤在极小区域，也没有明显超出或压迫整个画面。
3. 房、树、人之间保持自然、合理的空间距离，没有明显孤立或被大片空白强行分隔。
4. 三个对象能够形成基本连贯的场景，例如共享地面、方向一致、空间位置合理，整体看起来属于同一个环境，而不是三个互不相关的符号。
5. 整体构图稳定，没有明显失衡、极端偏向某个角落或严重碎片化。
6. 线条总体连续、自然、力度相对稳定，没有大量异常断裂、极端微弱或杂乱涂画。
7. 画面具有适量细节。可以简单，但主要对象的基本结构能够表达清楚。
8. 树木的树冠虽然线条较为凌乱，但整体结构基本完整，没有明显扭曲或断裂。
9. 人物的身体结构基本完整，头部、躯干、手臂和腿等主要身体部分连接关系自然，没有明显断裂、错位或无法解释的结构缺失。
10. 人物大小与房屋、树木和整个画布基本协调，不存在极端小型化。
11. 人物采用火柴人风格，整体比例合理，没有明显比例失调。
12. 房屋结构稳定，墙体和屋顶没有明显倒塌、断裂或严重几何变形。
13. 树木的树干和树冠之间连接自然，比例基本合理。
14. 房屋、树木和人物之间保持自然距离，没有某个对象被极端隔离。
15. 整体构图稳定且场景连贯，人物能够自然地处于房屋和树木形成的环境中。

【支持异常的证据】
1. 树木的树冠线条过于凌乱，缺乏清晰的层次感和结构。
2. 人物的头发线条过于密集，显得有些混乱，但整体结构仍然存在。
3. 人物的手臂和腿部线条较为简单，但整体比例协调。
4. 房屋的屋顶线条较为简单，但没有明显的结构缺失或异常。
5. 人物的头发线条过于密集，缺乏清晰的层次感和结构。"
dataset/HTP/00/00/00_00_00_0049.jpg,00,00,01,0.012431653620200803,"【支持正常的证据】
1. 房屋、树木、人物三个核心对象均能够清楚识别，并且基本完整。
2. 三个对象在画面中的大小适中，没有全部挤在极小区域，也没有明显超出或压迫整个画面。
3. 房、树、人之间保持自然、合理的空间距离，没有明显孤立或被大片空白强行分隔。
4. 三个对象能够形成基本连贯的场景，例如共享地面、方向一致、空间位置合理，整体看起来属于同一个环境，而不是三个互不相关的符号。
5. 整体构图稳定，没有明显失衡、极端偏向某个角落或严重碎片化。
6. 线条总体连续、自然、力度相对稳定，没有大量异常断裂、极端微弱或杂乱涂画。
7. 画面具有适量细节。可以简单，但主要对象的基本结构能够表达清楚。
8. 房屋、树木、人物的比例大致协调，没有极端小型化或比例失调。
9. 房屋、树木和人物的相对大小基本合理，没有非常极端的尺寸差异。
10. 人物身体主要结构完整，比例不存在严重失调。
11. 整体构图稳定且场景连贯，没有明显异常的大面积涂黑。
12. 人物没有明显选择性结构缺失，例如没有缺少手臂或腿部。
13. 房屋结构稳定，主要组成部分合理。
14. 树木结构自然，没有严重截断或畸形。
15. 人物身体各部分连接关系自然，没有明显断裂、错位或无法解释的结构缺失。
16. 人物大小与房屋、树木和整个画布基本协调，不存在极端小型化。
17. 人物采用火柴人、单线手臂或单线腿的简单风格时，如果整个人物风格统一并且结构完整，不能因为简单就判断异常。
18. 人物可以正面、侧面或其他姿势，只要身体结构基本合理，都可以属于正常表现。
19. 人物没有明显选择性缺失，例如没有缺少头部或躯干。
20. 人物没有明显异常的大面积涂黑。
21. 人物没有明显的选择性结构缺失，例如没有缺少手臂或腿部。
22. 房屋、树木和人物之间保持自然距离，没有某个对象被极端隔离。
23. 人物能够自然地处于房屋和树木形成的环境中，而不是完全脱离其他对象。
24. 即使对象之间没有互动，只要整体空间组织清楚、稳定、协调，也属于正常构图。

【支持异常的证据】
1. 无。"
dataset/HTP/00/00/00_00_00_0050.jpg,00,00,01,0.009708474753363424,"【支持正常的证据】
1. 房屋、树木、人物三个核心对象均能够清楚识别，并且基本完整。
2. 三个对象在画面中的大小适中，没有全部挤在极小区域，也没有明显超出或压迫整个画面。
3. 房、树、人之间保持自然、合理的空间距离，没有明显孤立或被大片空白强行分隔。
4. 三个对象能够形成基本连贯的场景，例如共享地面、方向一致、空间位置合理，整体看起来属于同一个环境，而不是三个互不相关的符号。
5. 整体构图稳定，没有明显失衡、极端偏向某个角落或严重碎片化。
6. 线条总体连续、自然、力度相对稳定，没有大量异常断裂、极端微弱或杂乱涂画。
7. 画面具有适量细节。可以简单，但主要对象的基本结构能够表达清楚。
8. 房屋、树木、人物的比例大致协调，没有极端小型化或比例失调。
9. 房屋结构稳定，墙体和屋顶没有明显倒塌、断裂或严重几何变形。
10. 树木结构自然，没有明显截断或畸形。
11. 人物身体主要结构完整，比例不存在严重失调。
12. 整体构图稳定且场景连贯，没有明显异常的大面积涂黑、极端小型化或异常隔离。
13. 线条自然、连续，没有异常大面积涂黑。
14. 人物没有明显选择性结构缺失，如缺少手臂或腿部。
15. 房屋、树木和人物之间的关系自然，没有极端隔离或空间碎片化。

【支持异常的证据】
1. 无明显异常特征。"
dataset/HTP/00/00/00_00_00_0051.jpg,00,00,01,0.009708474753363424,"【支持正常的证据】
1. 房屋、树木、人物三个核心对象均能够清楚识别，并且基本完整。
2. 三个对象在画面中的大小适中，没有全部挤在极小区域，也没有明显超出或压迫整个画面。
3. 房、树、人之间保持自然、合理的空间距离，没有明显孤立或被大片空白强行分隔。
4. 三个对象能够形成基本连贯的场景，例如共享地面、方向一致、空间位置合理，整体看起来属于同一个环境。
5. 整体构图稳定，没有明显失衡、极端偏向某个角落或严重碎片化。
6. 线条总体连续、自然、力度相对稳定，没有大量异常断裂、极端微弱或杂乱涂画。
7. 画面具有适量细节。可以简单，但主要对象的基本结构能够表达清楚。
8. 房屋、树木、人物的比例大致协调，没有极端小型化或比例失调。
9. 房屋结构稳定，没有明显倒塌、断裂或严重几何变形。
10. 树木结构自然，没有明显截断或畸形。
11. 人物身体主要结构完整，比例不存在严重失调。
12. 整体构图稳定且场景连贯，没有明显异常的大面积涂黑或极端小型化。
13. 线条自然、连续，没有异常大面积涂黑。
14. 人物没有明显选择性结构缺失，整体绘画风格统一。
15. 房屋、树木和人物之间保持自然距离，没有极端隔离。

【支持异常的证据】
1. 无明显异常特征。"
dataset/HTP/00/00/00_00_00_0052.jpg,00,00,01,0.012431653620200803,"【支持正常的证据】
1. 房屋、树木、人物三个核心对象均能够清楚识别，并且基本完整。
2. 三个对象在画面中的大小适中，没有全部挤在极小区域，也没有明显超出或压迫整个画面。
3. 房、树、人之间保持自然、合理的空间距离，没有明显孤立或被大片空白强行分隔。
4. 三个对象能够形成基本连贯的场景，例如共享地面、方向一致、空间位置合理，整体看起来属于同一个环境。
5. 整体构图稳定，没有明显失衡、极端偏向某个角落或严重碎片化。
6. 线条总体连续、自然、力度相对稳定，没有大量异常断裂、极端微弱或杂乱涂画。
7. 画面具有适量细节。可以简单，但主要对象的基本结构能够表达清楚。
8. 房屋、树木、人物的比例大致协调，没有极端小型化或比例失调。
9. 整体场景连贯，没有明显选择性结构缺失。
10. 线条自然、连续，没有异常大面积涂黑。

【支持异常的证据】
1. 无。"
dataset/HTP/00/00/00_00_00_0053.jpg,00,00,01,0.010986941578116865,"【支持正常的证据】
1. 房屋、树木、人物三个核心对象均能够清楚识别，并且基本完整。
2. 三个对象在画面中的大小适中，没有全部挤在极小区域，也没有明显超出或压迫整个画面。
3. 房、树、人之间保持自然、合理的空间距离，没有明显孤立或被大片空白强行分隔。
4. 三个对象能够形成基本连贯的场景，例如共享地面、方向一致、空间位置合理，整体看起来属于同一个环境，而不是三个互不相关的符号。
5. 整体构图稳定，没有明显失衡、极端偏向某个角落或严重碎片化。
6. 线条总体连续、自然、力度相对稳定，没有大量异常断裂、极端微弱或杂乱涂画。
7. 画面具有适量细节。可以简单，但主要对象的基本结构能够表达清楚。
8. 房屋、树木、人物的比例大致协调，没有极端小型化或比例失调。
9. 房屋结构稳定，主要组成部分合理，没有明显倒塌、断裂或严重几何变形。
10. 树木结构自然，没有严重截断或畸形。
11. 人物身体主要结构完整，比例不存在严重失调。
12. 整体构图稳定且场景连贯。
13. 线条自然、连续，没有异常大面积涂黑。
14. 没有明显的选择性结构缺失。
15. 仅存在少数能够由绘画水平、年龄、风格或普通构图解释的轻微异常。

【支持异常的证据】
1. 无。"
dataset/HTP/00/00/00_00_00_0054.jpg,00,00,01,0.010986941578116865,"【支持正常的证据】
1. 房屋、树木、人物三个核心对象均能够清楚识别，并且基本完整。
2. 三个对象在画面中的大小适中，没有全部挤在极小区域，也没有明显超出或压迫整个画面。
3. 房、树、人之间保持自然、合理的空间距离，没有明显孤立或被大片空白强行分隔。
4. 三个对象能够形成基本连贯的场景，例如共享地面、方向一致、空间位置合理，整体看起来属于同一个环境，而不是三个互不相关的符号。
5. 整体构图稳定，没有明显失衡、极端偏向某个角落或严重碎片化。
6. 线条总体连续、自然、力度相对稳定，没有大量异常断裂、极端微弱或杂乱涂画。
7. 画面具有适量细节。可以简单，但主要对象的基本结构能够表达清楚。
8. 房屋、树木、人物的比例大致协调，没有极端小型化或比例失调。
9. 房屋、树木和人物之间的相对大小基本合理，没有非常极端的尺寸差异。
10. 人物身体主要结构完整，比例不存在严重失调。
11. 整体构图稳定且场景连贯，没有明显异常的大面积涂黑。
12. 人物和房屋、树木之间保持自然距离，没有极端隔离。
13. 画面存在多个相互独立的正常积极特征，如房屋结构稳定、树木结构自然、人物身体完整等。

【支持异常的证据】
1. 无明显异常特征。"
dataset/HTP/00/00/00_00_00_0055.jpg,00,00,01,0.03732688948593843,"【支持正常的证据】
1. 房屋、树木、人物三个核心对象均能够清楚识别，并且基本完整。
2. 三个对象在画面中的大小适中，没有全部挤在极小区域，也没有明显超出或压迫整个画面。
3. 房、树、人之间保持自然、合理的空间距离，没有明显孤立或被大片空白强行分隔。
4. 三个对象能够形成基本连贯的场景，例如共享地面、方向一致、空间位置合理，整体看起来属于同一个环境。
5. 整体构图稳定，没有明显失衡、极端偏向某个角落或严重碎片化。
6. 线条总体连续、自然、力度相对稳定，没有大量异常断裂、极端微弱或杂乱涂画。
7. 画面具有适量细节。可以简单，但主要对象的基本结构能够表达清楚。
8. 房屋、树木、人物的比例大致协调，没有极端小型化或比例失调。
9. 房屋、树木和人物之间的关系自然，没有极端隔离或空间断开。
10. 整体场景连贯，没有大面积异常涂黑或阴影。

【支持异常的证据】
1. 人物头部、躯干、手臂和腿等主要身体结构基本完整，但存在一些比例上的轻微不协调。
2. 房屋结构较为完整，但存在一些细节上的简化，如窗户未详细描绘。
3. 树木结构自然，但存在一些细节上的简化，如树枝未详细描绘。
4. 人物比例存在轻微不协调，例如手臂和腿部的比例略显夸张。
5. 房屋和树木的细节较为丰富，但人物的细节相对较少，存在选择性缺失。
6. 整体构图稳定，但存在一些线条的间断和犹豫，可能是由于绘画水平所致。"
dataset/HTP/00/00/00_00_00_0056.png,00,00,01,0.009708474753363424,"【支持正常的证据】
1. 房屋、树木、人物三个核心对象均能够清楚识别，并且基本完整。
2. 三个对象在画面中的大小适中，没有全部挤在极小区域，也没有明显超出或压迫整个画面。
3. 房、树、人之间保持自然、合理的空间距离，没有明显孤立或被大片空白强行分隔。
4. 三个对象能够形成基本连贯的场景，例如共享地面、方向一致、空间位置合理，整体看起来属于同一个环境，而不是三个互不相关的符号。
5. 整体构图稳定，没有明显失衡、极端偏向某个角落或严重碎片化。
6. 线条总体连续、自然、力度相对稳定，没有大量异常断裂、极端微弱或杂乱涂画。
7. 画面具有适量细节。可以简单，但主要对象的基本结构能够表达清楚。
8. 房屋、树木、人物的比例大致协调，没有极端小型化或比例失调。
9. 房屋、树木和人物之间的相对大小基本合理，没有非常极端的尺寸差异。
10. 人物身体主要结构完整，比例不存在严重失调。
11. 整体构图稳定且场景连贯，没有明显异常的大面积涂黑。
12. 人物没有明显选择性结构缺失，如缺少手臂或腿部。
13. 房屋结构稳定，主要组成部分合理。
14. 树木结构自然，没有严重截断或畸形。
15. 画面存在多个相互独立的正常积极特征。

【支持异常的证据】
1. 无明显异常特征。"
dataset/HTP/00/00/00_00_00_0057.png,00,00,01,0.012431653620200803,"【支持正常的证据】
1. 房屋、树木、人物三个核心对象均能够清楚识别，并且基本完整。
2. 三个对象在画面中的大小适中，没有全部挤在极小区域，也没有明显超出或压迫整个画面。
3. 房、树、人之间保持自然、合理的空间距离，没有明显孤立或被大片空白强行分隔。
4. 三个对象能够形成基本连贯的场景，例如共享地面、方向一致、空间位置合理，整体看起来属于同一个环境。
5. 整体构图稳定，没有明显失衡、极端偏向某个角落或严重碎片化。
6. 线条总体连续、自然、力度相对稳定，没有大量异常断裂、极端微弱或杂乱涂画。
7. 画面具有适量细节。可以简单，但主要对象的基本结构能够表达清楚。
8. 房屋、树木、人物的比例大致协调，没有极端小型化。
9. 房屋、树木和人物的相对大小基本合理，没有非常极端的尺寸差异。
10. 人物身体主要结构完整，比例不存在严重失调。
11. 整体构图稳定且场景连贯，没有明显异常的大面积涂黑。
12. 人物没有明显的选择性结构缺失。
13. 画面中存在少量背景装饰，如草地、太阳、云等，与主体自然结合。
14. 人物采用火柴人风格，整体结构完整，没有明显异常。

【支持异常的证据】
1. 无。"
dataset/HTP/00/00/00_00_00_0058.png,00,00,01,0.012431653620200803,"【支持正常的证据】
1. 房屋、树木、人物三个核心对象均能够清楚识别，并且基本完整。
2. 三个对象在画面中的大小适中，没有全部挤在极小区域，也没有明显超出或压迫整个画面。
3. 房、树、人之间保持自然、合理的空间距离，没有明显孤立或被大片空白强行分隔。
4. 三个对象能够形成基本连贯的场景，例如共享地面、方向一致、空间位置合理，整体看起来属于同一个环境，而不是三个互不相关的符号。
5. 整体构图稳定，没有明显失衡、极端偏向某个角落或严重碎片化。
6. 线条总体连续、自然、力度相对稳定，没有大量异常断裂、极端微弱或杂乱涂画。
7. 画面具有适量细节。可以简单，但主要对象的基本结构能够表达清楚。
8. 房屋、树木、人物的比例大致协调，没有极端小型化或比例失调。
9. 房屋、树木和人物之间的关系自然，没有极端隔离或不连贯的空间关系。
10. 线条自然、连续，没有异常大面积涂黑。

【支持异常的证据】
1. 无明显异常特征。"
dataset/HTP/00/00/00_00_00_0059.jpg,00,00,01,0.10669058897496679,"【支持正常的证据】
1. 房屋、树木、人物三个核心对象均能够清楚识别，并且基本完整。
2. 三个对象在画面中的大小适中，没有全部挤在极小区域，也没有明显超出或压迫整个画面。
3. 房、树、人之间保持自然、合理的空间距离，没有明显孤立或被大片空白强行分隔。
4. 三个对象能够形成基本连贯的场景，例如共享地面、方向一致、空间位置合理，整体看起来属于同一个环境，而不是三个互不相关的符号。
5. 整体构图稳定，没有明显失衡、极端偏向某个角落或严重碎片化。
6. 线条总体连续、自然、力度相对稳定，没有大量异常断裂、极端微弱或杂乱涂画。
7. 画面具有适量细节。可以简单，但主要对象的基本结构能够表达清楚。
8. 人物的身体结构基本完整，比例大致合理。
9. 房屋、树木和人物的相对大小基本合理，没有非常极端的尺寸差异。
10. 三者之间保持自然距离，没有某个对象被极端隔离。
11. 对象具有基本共同空间，例如共享地面、位置关系能够形成一个完整场景。
12. 人物能够自然地处于房屋和树木形成的环境中，而不是完全脱离其他对象。

【支持异常的证据】
1. 人物明显没有完成，例如主要身体区域完全缺失、头部缺失、躯干缺失、多个必要身体部分缺失，或者身体不同部分明显断开。
2. 人物其他部分较详细且尺寸足够大，但眼睛、鼻子、嘴等主要面部结构被选择性大量省略。
3. 一个或多个主要手臂或腿明显缺失，并且不能由姿势、透视或遮挡解释。
4. 房屋、树木和人物分别孤立在互不相关的区域。
5. 房屋、树木和人物的尺寸比例严重不协调。
6. 房屋、树木和人物之间在空间上和语义上明显断开，无法组成基本连贯场景。"
dataset/HTP/00/00/00_00_00_0060.jpg,00,00,01,0.007577241922677275,"【支持正常的证据】
1. 房屋、树木、人物三个核心对象均能够清楚识别，并且基本完整。
2. 三个对象在画面中的大小适中，没有全部挤在极小区域，也没有明显超出或压迫整个画面。
3. 房、树、人之间保持自然、合理的空间距离，没有明显孤立或被大片空白强行分隔。
4. 三个对象能够形成基本连贯的场景，例如共享地面、方向一致、空间位置合理，整体看起来属于同一个环境。
5. 整体构图稳定，没有明显失衡、极端偏向某个角落或严重碎片化。
6. 线条总体连续、自然、力度相对稳定，没有大量异常断裂、极端微弱或杂乱涂画。
7. 画面具有适量细节。可以简单，但主要对象的基本结构能够表达清楚。
8. 房屋、树木、人物的比例大致协调，没有极端小型化或比例失调。
9. 房屋、树木和人物之间的相对大小基本合理，没有非常极端的尺寸差异。
10. 人物身体主要结构完整，比例不存在严重失调。
11. 整体构图稳定且场景连贯，没有明显异常的大面积涂黑。
12. 人物和房屋、树木的关系自然，人物能够自然地处于房屋和树木形成的环境中。
13. 线条自然、连续，没有异常大面积涂黑。
14. 没有明显的选择性结构缺失。
15. 仅存在少数能够由绘画水平、年龄、风格或普通构图解释的轻微异常。

【支持异常的证据】
1. 无。"
dataset/HTP/00/00/00_00_00_0061.jpg,00,00,01,0.04742587351415913,"【支持正常的证据】
1. 房屋、树木、人物三个核心对象均能够清楚识别，并且基本完整。
2. 三个对象在画面中的大小适中，没有全部挤在极小区域，也没有明显超出或压迫整个画面。
3. 房、树、人之间保持自然、合理的空间距离，没有明显孤立或被大片空白强行分隔。
4. 三个对象能够形成基本连贯的场景，例如共享地面、方向一致、空间位置合理，整体看起来属于同一个环境，而不是三个互不相关的符号。
5. 整体构图稳定，没有明显失衡、极端偏向某个角落或严重碎片化。
6. 线条总体连续、自然、力度相对稳定，没有大量异常断裂、极端微弱或杂乱涂画。
7. 画面具有适量细节。可以简单，但主要对象的基本结构能够表达清楚。
8. 房屋、树木、人物之间保持自然的距离，没有极端隔离。
9. 整体构图协调，没有大面积异常涂黑或阴影。
10. 人物身体主要结构完整，比例大致合理。

【支持异常的证据】
1. 房屋、树木、人物中的一个或多个核心对象完全缺失，且无法由裁剪、遮挡或画法解释。
2. 整幅画极度简化，只剩极少线条，大量重要结构同时消失，整体信息量异常低。
3. 房、树、人整体只占巨大画布中极小区域，周围存在大量空白。
4. 三个对象之间距离极端遥远，某个对象明显孤立，或者整个场景严重碎片化。
5. 存在大量非常微弱、间断、犹豫、僵硬或严重潦草的线条。
6. 存在异常大面积涂黑、重度阴影或某个对象被明显过度强调。"
dataset/HTP/00/00/00_00_00_0062.jpg,00,00,01,0.16451646904109268,"【支持正常的证据】
1. 房屋、树木、人物三个核心对象均能够清楚识别，并且基本完整。
2. 三个对象在画面中的大小适中，没有全部挤在极小区域，也没有明显超出或压迫整个画面。
3. 房、树、人之间保持自然、合理的空间距离，没有明显孤立或被大片空白强行分隔。
4. 三个对象能够形成基本连贯的场景，例如共享地面、方向一致、空间位置合理，整体看起来属于同一个环境，而不是三个互不相关的符号。
5. 整体构图稳定，没有明显失衡、极端偏向某个角落或严重碎片化。
6. 线条总体连续、自然、力度相对稳定，没有大量异常断裂、极端微弱或杂乱涂画。
7. 画面具有适量细节。可以简单，但主要对象的基本结构能够表达清楚。
8. 房屋、树木、人物的比例大致协调，没有极端小型化或比例失调。
9. 房屋、树木和人物之间的关系自然，没有极端隔离或不连贯的空间关系。
10. 线条自然、连续，没有异常大面积涂黑。

【支持异常的证据】
1. 人物缺少头部，这是明显的结构缺失。
2. 人物缺少手臂，这是明显的结构缺失。
3. 房屋缺少窗户，这是明显的结构缺失。
4. 树木缺少树冠，这是明显的结构缺失。
5. 房屋和树木的结构较为简单，但没有明显夸张或怪异的变形。
6. 人物的身体结构较为简单，但没有明显夸张或怪异的变形。
7. 整体构图虽然连贯，但人物过于简单，缺乏细节。
8. 线条自然，但人物和房屋的结构较为简单，缺乏复杂细节。"
dataset/HTP/00/00/00_00_00_0063.jpg,00,00,01,0.010986941578116865,"【支持正常的证据】
1. 房屋、树木、人物三个核心对象均能够清楚识别，并且基本完整。
2. 三个对象在画面中的大小适中，没有全部挤在极小区域，也没有明显超出或压迫整个画面。
3. 房、树、人之间保持自然、合理的空间距离，没有明显孤立或被大片空白强行分隔。
4. 三个对象能够形成基本连贯的场景，例如共享地面、方向一致、空间位置合理，整体看起来属于同一个环境，而不是三个互不相关的符号。
5. 整体构图稳定，没有明显失衡、极端偏向某个角落或严重碎片化。
6. 线条总体连续、自然、力度相对稳定，没有大量异常断裂、极端微弱或杂乱涂画。
7. 画面具有适量细节。可以简单，但主要对象的基本结构能够表达清楚。
8. 房屋、树木、人物的比例大致协调，没有极端小型化或比例失调。
9. 房屋、树木和人物的相对大小基本合理，没有非常极端的尺寸差异。
10. 人物身体主要结构完整，比例不存在严重失调。
11. 整体构图稳定且场景连贯，没有明显异常的大面积涂黑。
12. 人物和房屋、树木之间保持自然距离，没有极端隔离。
13. 线条自然、连续，没有异常大面积涂黑。
14. 人物和房屋、树木之间没有明显选择性结构缺失。
15. 画面存在多个相互独立的正常积极特征。

【支持异常的证据】
1. 无明显异常特征。"
dataset/HTP/00/00/00_00_00_0064.jpg,00,00,01,0.053403324903538434,"【支持正常的证据】
1. 房屋、树木、人物三个核心对象均能够清楚识别，并且基本完整。
2. 三个对象在画面中的大小适中，没有全部挤在极小区域，也没有明显超出或压迫整个画面。
3. 房、树、人之间保持自然、合理的空间距离，没有明显孤立或被大片空白强行分隔。
4. 三个对象能够形成基本连贯的场景，例如共享地面、方向一致、空间位置合理，整体看起来属于同一个环境，而不是三个互不相关的符号。
5. 整体构图稳定，没有明显失衡、极端偏向某个角落或严重碎片化。
6. 线条总体连续、自然、力度相对稳定，没有大量异常断裂、极端微弱或杂乱涂画。
7. 画面具有适量细节。可以简单，但主要对象的基本结构能够表达清楚。
8. 房屋、树木、人物的比例大致协调，没有极端小型化或比例失调。
9. 房屋、树木和人物之间的关系自然，没有极端隔离或不连贯的空间关系。
10. 线条自然、连续，没有异常大面积涂黑。

【支持异常的证据】
1. 人物缺少头部，但整体结构基本完整。
2. 人物缺少手臂，但整体结构基本完整。
3. 人物缺少腿部，但整体结构基本完整。
4. 房屋缺少窗户，但整体结构基本完整。
5. 树木缺少树叶，但整体结构基本完整。
6. 房屋缺少烟囱，但整体结构基本完整。
7. 树木缺少树冠，但整体结构基本完整。
8. 人物缺少眼睛、鼻子、嘴巴等面部特征，但整体结构基本完整。
9. 房屋缺少门，但整体结构基本完整。
10. 树木缺少树干，但整体结构基本完整。"
dataset/HTP/00/00/00_00_00_0065.jpg,00,00,01,0.014063626423394072,"【支持正常的证据】
1. 房屋、树木、人物三个核心对象均能够清楚识别，并且基本完整。
2. 三个对象在画面中的大小适中，没有全部挤在极小区域，也没有明显超出或压迫整个画面。
3. 房、树、人之间保持自然、合理的空间距离，没有明显孤立或被大片空白强行分隔。
4. 三个对象能够形成基本连贯的场景，例如共享地面、方向一致、空间位置合理，整体看起来属于同一个环境。
5. 整体构图稳定，没有明显失衡、极端偏向某个角落或严重碎片化。
6. 线条总体连续、自然、力度相对稳定，没有大量异常断裂、极端微弱或杂乱涂画。
7. 画面具有适量细节。可以简单，但主要对象的基本结构能够表达清楚。
8. 房屋、树木、人物的比例大致协调，没有极端小型化或比例失调。
9. 房屋结构稳定，没有明显倒塌、断裂或严重几何变形。
10. 树木结构自然，没有明显截断或畸形。
11. 人物身体主要结构完整，比例不存在严重失调。
12. 整体构图稳定且场景连贯。
13. 线条自然、连续，没有异常大面积涂黑。
14. 没有明显的选择性结构缺失。
15. 仅存在少数能够由绘画水平、年龄、风格或普通构图解释的轻微异常。

【支持异常的证据】
1. 无。"
dataset/HTP/00/00/00_00_00_0066.jpg,00,00,01,0.014063626423394072,"【支持正常的证据】
1. 房屋、树木、人物三个核心对象均能够清楚识别，并且基本完整。
2. 三个对象在画面中的大小适中，没有全部挤在极小区域，也没有明显超出或压迫整个画面。
3. 房、树、人之间保持自然、合理的空间距离，没有明显孤立或被大片空白强行分隔。
4. 三个对象能够形成基本连贯的场景，例如共享地面、方向一致、空间位置合理，整体看起来属于同一个环境。
5. 整体构图稳定，没有明显失衡、极端偏向某个角落或严重碎片化。
6. 线条总体连续、自然、力度相对稳定，没有大量异常断裂、极端微弱或杂乱涂画。
7. 画面具有适量细节。可以简单，但主要对象的基本结构能够表达清楚。
8. 房屋、树木、人物之间的关系自然，没有极端隔离或不连贯的场景。
9. 没有大面积、无明显绘画目的的异常涂黑、重阴影或局部反复强调。

【支持异常的证据】
1. 无明显异常特征。"
dataset/HTP/00/00/00_00_00_0067.jpg,00,00,01,0.012431653620200803,"【支持正常的证据】
1. 房屋、树木、人物三个核心对象均能够清楚识别，并且基本完整。
2. 三个对象在画面中的大小适中，没有全部挤在极小区域，也没有明显超出或压迫整个画面。
3. 房、树、人之间保持自然、合理的空间距离，没有明显孤立或被大片空白强行分隔。
4. 三个对象能够形成基本连贯的场景，例如共享地面、方向一致、空间位置合理，整体看起来属于同一个环境，而不是三个互不相关的符号。
5. 整体构图稳定，没有明显失衡、极端偏向某个角落或严重碎片化。
6. 线条总体连续、自然、力度相对稳定，没有大量异常断裂、极端微弱或杂乱涂画。
7. 画面具有适量细节。可以简单，但主要对象的基本结构能够表达清楚。
8. 树木的树冠和树干结构自然，没有明显扭曲或断裂。
9. 人物的身体结构基本完整，比例大致合理。
10. 房屋的结构稳定，主要组成部分合理。
11. 人物和房屋、树木之间保持自然距离，没有极端隔离。
12. 整体构图稳定且场景连贯，没有明显异常的大面积涂黑或极端小型化。

【支持异常的证据】
1. 无。"
dataset/HTP/00/00/00_00_00_0068.jpg,00,00,01,0.00857748525531428,"【支持正常的证据】
1. 房屋、树木、人物三个核心对象均能够清楚识别，并且基本完整。
2. 三个对象在画面中的大小适中，没有全部挤在极小区域，也没有明显超出或压迫整个画面。
3. 房、树、人之间保持自然、合理的空间距离，没有明显孤立或被大片空白强行分隔。
4. 三个对象能够形成基本连贯的场景，例如共享地面、方向一致、空间位置合理，整体看起来属于同一个环境，而不是三个互不相关的符号。
5. 整体构图稳定，没有明显失衡、极端偏向某个角落或严重碎片化。
6. 线条总体连续、自然、力度相对稳定，没有大量异常断裂、极端微弱或杂乱涂画。
7. 画面具有适量细节。可以简单，但主要对象的基本结构能够表达清楚。
8. 房屋、树木、人物的比例大致协调，没有极端小型化或比例失调。
9. 房屋、树木和人物之间的相对大小基本合理，没有非常极端的尺寸差异。
10. 房屋结构稳定，主要组成部分合理，没有明显倒塌、断裂或严重几何变形。
11. 树木结构自然，没有严重截断或畸形。
12. 人物身体主要结构完整，比例不存在严重失调。
13. 整体构图稳定且场景连贯，没有明显异常的大面积涂黑。
14. 线条自然、连续，没有异常大面积涂黑。
15. 没有明显的选择性结构缺失。
16. 仅存在少数能够由绘画水平、年龄、风格或普通构图解释的轻微异常。

【支持异常的证据】
1. 无。"
dataset/HTP/00/00/00_00_00_0069.jpg,00,00,01,0.007577241922677275,"【支持正常的证据】
1. 房屋、树木、人物三个核心对象均能够清楚识别，并且基本完整。
2. 三个对象在画面中的大小适中，没有全部挤在极小区域，也没有明显超出或压迫整个画面。
3. 房、树、人之间保持自然、合理的空间距离，没有明显孤立或被大片空白强行分隔。
4. 三个对象能够形成基本连贯的场景，例如共享地面、方向一致、空间位置合理，整体看起来属于同一个环境，而不是三个互不相关的符号。
5. 整体构图稳定，没有明显失衡、极端偏向某个角落或严重碎片化。
6. 线条总体连续、自然、力度相对稳定，没有大量异常断裂、极端微弱或杂乱涂画。
7. 画面具有适量细节。可以简单，但主要对象的基本结构能够表达清楚。
8. 房屋、树木、人物的比例大致协调，没有极端小型化或比例失调。
9. 房屋、树木和人物的相对大小基本合理，没有非常极端的尺寸差异。
10. 房屋结构稳定，主要组成部分合理，没有明显倒塌、断裂或严重几何变形。
11. 树木结构自然，没有严重截断或畸形。
12. 人物身体主要结构完整，比例不存在严重失调。
13. 整体构图稳定且场景连贯。
14. 线条自然、连续，没有异常大面积涂黑。
15. 没有明显的选择性结构缺失。
16. 仅存在少数能够由绘画水平、年龄、风格或普通构图解释的轻微异常。

【支持异常的证据】
1. 无。"
dataset/HTP/00/00/00_00_00_0070.jpg,00,00,01,0.06754668832401889,"【支持正常的证据】
1. 房屋、树木、人物三个核心对象均能够清楚识别，并且基本完整。
2. 三个对象在画面中的大小适中，没有全部挤在极小区域，也没有明显超出或压迫整个画面。
3. 房、树、人之间保持自然、合理的空间距离，没有明显孤立或被大片空白强行分隔。
4. 三个对象能够形成基本连贯的场景，例如共享地面、方向一致、空间位置合理，整体看起来属于同一个环境，而不是三个互不相关的符号。
5. 整体构图稳定，没有明显失衡、极端偏向某个角落或严重碎片化。
6. 线条总体连续、自然、力度相对稳定，没有大量异常断裂、极端微弱或杂乱涂画。
7. 画面具有适量细节。可以简单，但主要对象的基本结构能够表达清楚。
8. 房屋、树木、人物的比例大致协调，没有极端小型化或比例失调。
9. 房屋、树木和人物之间的关系自然，没有极端隔离或空间关系异常。
10. 线条自然、连续，没有异常大面积涂黑。

【支持异常的证据】
1. 房屋、树木、人物中的一个或多个核心对象完全缺失，且无法由裁剪、遮挡或画法解释。
2. 整幅画极度简化，只剩极少线条，大量重要结构同时消失，整体信息量异常低。
3. 房、树、人整体只占巨大画布中极小区域，周围存在大量空白。
4. 三个对象之间距离极端遥远，某个对象明显孤立，或者整个场景严重碎片化。
5. 存在大量非常微弱、间断、犹豫、僵硬或严重潦草的线条。
6. 存在异常大面积涂黑、重度阴影或某个对象被明显过度强调。"
dataset/HTP/00/00/00_00_00_0071.jpg,00,00,01,0.010986941578116865,"【支持正常的证据】
1. 房屋、树木、人物三个核心对象均能够清楚识别，并且基本完整。
2. 三个对象在画面中的大小适中，没有全部挤在极小区域，也没有明显超出或压迫整个画面。
3. 房、树、人之间保持自然、合理的空间距离，没有明显孤立或被大片空白强行分隔。
4. 三个对象能够形成基本连贯的场景，例如共享地面、方向一致、空间位置合理，整体看起来属于同一个环境。
5. 整体构图稳定，没有明显失衡、极端偏向某个角落或严重碎片化。
6. 线条总体连续、自然、力度相对稳定，没有大量异常断裂、极端微弱或杂乱涂画。
7. 画面具有适量细节。可以简单，但主要对象的基本结构能够表达清楚。
8. 房屋、树木、人物的比例大致协调，没有极端小型化或比例失调。
9. 房屋、树木和人物之间的关系自然，没有极端隔离或空间关系异常。
10. 整体构图稳定且场景连贯，没有明显异常的大面积涂黑或极端小型化。

【支持异常的证据】
1. 无明显异常特征。"
dataset/HTP/00/00/00_00_00_0072.jpg,00,00,01,0.00857748525531428,"【支持正常的证据】
1. 房屋、树木、人物三个核心对象均能够清楚识别，并且基本完整。
2. 三个对象在画面中的大小适中，没有全部挤在极小区域，也没有明显超出或压迫整个画面。
3. 房、树、人之间保持自然、合理的空间距离，没有明显孤立或被大片空白强行分隔。
4. 三个对象能够形成基本连贯的场景，例如共享地面、方向一致、空间位置合理，整体看起来属于同一个环境，而不是三个互不相关的符号。
5. 整体构图稳定，没有明显失衡、极端偏向某个角落或严重碎片化。
6. 线条总体连续、自然、力度相对稳定，没有大量异常断裂、极端微弱或杂乱涂画。
7. 画面具有适量细节。可以简单，但主要对象的基本结构能够表达清楚。
8. 房屋、树木、人物的比例大致协调，没有极端小型化或比例失调。
9. 房屋、树木和人物的相对大小基本合理，没有非常极端的尺寸差异。
10. 人物身体主要结构完整，比例不存在严重失调。
11. 整体构图稳定且场景连贯，没有明显异常的大面积涂黑。
12. 人物和房屋、树木之间保持自然距离，没有极端隔离。
13. 画面存在多个相互独立的正常积极特征，如房屋结构稳定、树木结构自然、人物身体完整等。

【支持异常的证据】
1. 无明显异常特征。"
dataset/HTP/00/00/00_00_00_0073.jpg,00,00,01,0.06754668832401889,"【支持正常的证据】
1. 房屋、树木、人物三个核心对象均能够清楚识别，并且基本完整。
2. 三个对象在画面中的大小适中，没有全部挤在极小区域，也没有明显超出或压迫整个画面。
3. 房、树、人之间保持自然、合理的空间距离，没有明显孤立或被大片空白强行分隔。
4. 三个对象能够形成基本连贯的场景，例如共享地面、方向一致、空间位置合理，整体看起来属于同一个环境。
5. 整体构图稳定，没有明显失衡、极端偏向某个角落或严重碎片化。
6. 线条总体连续、自然、力度相对稳定，没有大量异常断裂、极端微弱或杂乱涂画。
7. 画面具有适量细节。可以简单，但主要对象的基本结构能够表达清楚。
8. 房屋、树木、人物的比例大致协调，没有极端小型化或比例失调。
9. 整体场景连贯，没有明显选择性结构缺失。
10. 线条自然、连续，没有异常大面积涂黑。

【支持异常的证据】
1. 人物缺少脸部和主要肢体，如手臂和腿部。
2. 房屋缺少窗户，但整体结构稳定。
3. 树木缺少叶子，但树干和树冠连接自然。
4. 房屋、树木和人物之间存在一定的空间距离，但整体构图协调。
5. 线条有些许犹豫和不连续的地方，但整体上仍保持自然。"
dataset/HTP/00/00/00_00_00_0074.jpg,00,00,01,0.08509904732734556,"【支持正常的证据】
1. 房屋、树木、人物三个核心对象均能够清楚识别，并且基本完整。
2. 三个对象在画面中的大小适中，没有全部挤在极小区域，也没有明显超出或压迫整个画面。
3. 房、树、人之间保持自然、合理的空间距离，没有明显孤立或被大片空白强行分隔。
4. 三个对象能够形成基本连贯的场景，例如共享地面、方向一致、空间位置合理，整体看起来属于同一个环境，而不是三个互不相关的符号。
5. 整体构图稳定，没有明显失衡、极端偏向某个角落或严重碎片化。
6. 线条总体连续、自然、力度相对稳定，没有大量异常断裂、极端微弱或杂乱涂画。
7. 画面具有适量细节。可以简单，但主要对象的基本结构能够表达清楚。
8. 没有大面积、无明显绘画目的的异常涂黑、重阴影或局部反复强调。

【支持异常的证据】
1. 房屋、树木、人物中的一个或多个核心对象完全缺失，且无法由裁剪、遮挡或画法解释。
2. 整幅画极度简化，只剩极少线条，大量重要结构同时消失，整体信息量异常低。
3. 房、树、人整体只占巨大画布中极小区域，周围存在大量空白。
4. 三个对象之间距离极端遥远，某个对象明显孤立，或者整个场景严重碎片化。
5. 对象像漂浮在不同区域，彼此几乎没有空间联系，整体场景严重不连贯。
6. 存在大量非常微弱、间断、犹豫、僵硬或严重潦草的线条。
7. 存在异常大面积涂黑、重度阴影或某个对象被明显过度强调。"
dataset/HTP/00/00/00_00_00_0075.jpg,00,00,01,0.012431653620200803,"【支持正常的证据】
1. 房屋、树木、人物三个核心对象均能够清楚识别，并且基本完整。
2. 三个对象在画面中的大小适中，没有全部挤在极小区域，也没有明显超出或压迫整个画面。
3. 房、树、人之间保持自然、合理的空间距离，没有明显孤立或被大片空白强行分隔。
4. 三个对象能够形成基本连贯的场景，例如共享地面、方向一致、空间位置合理，整体看起来属于同一个环境，而不是三个互不相关的符号。
5. 整体构图稳定，没有明显失衡、极端偏向某个角落或严重碎片化。
6. 线条总体连续、自然、力度相对稳定，没有大量异常断裂、极端微弱或杂乱涂画。
7. 画面具有适量细节。可以简单，但主要对象的基本结构能够表达清楚。
8. 树木的树干、树冠、树枝等主要部分能够正常识别，整体结构基本完整。
9. 人物头部、躯干、手臂和腿等主要身体结构基本完整。
10. 人物大小与房屋、树木以及画布比例基本协调。
11. 房屋结构稳定，没有明显倒塌、断裂或严重几何变形。
12. 树木大小与房屋、人物和画布基本协调，不存在极端小型化。
13. 房屋、树木和人物的相对大小基本合理，没有非常极端的尺寸差异。
14. 人物能够自然地处于房屋和树木形成的环境中，而不是完全脱离其他对象。

【支持异常的证据】
1. 无。"
dataset/HTP/00/00/00_00_00_0076.jpg,00,00,01,0.009708474753363424,"【支持正常的证据】
1. 房屋、树木、人物三个核心对象均能够清楚识别，并且基本完整。
2. 三个对象在画面中的大小适中，没有全部挤在极小区域，也没有明显超出或压迫整个画面。
3. 房、树、人之间保持自然、合理的空间距离，没有明显孤立或被大片空白强行分隔。
4. 三个对象能够形成基本连贯的场景，例如共享地面、方向一致、空间位置合理，整体看起来属于同一个环境，而不是三个互不相关的符号。
5. 整体构图稳定，没有明显失衡、极端偏向某个角落或严重碎片化。
6. 线条总体连续、自然、力度相对稳定，没有大量异常断裂、极端微弱或杂乱涂画。
7. 画面具有适量细节。可以简单，但主要对象的基本结构能够表达清楚。
8. 房屋、树木、人物的比例大致协调，没有极端小型化或比例失调。
9. 房屋、树木和人物之间的相对大小基本合理，没有非常极端的尺寸差异。
10. 人物身体主要结构完整，比例不存在严重失调。
11. 整体构图稳定且场景连贯，没有明显异常的大面积涂黑。
12. 人物没有明显选择性结构缺失，如缺少手臂或腿部。
13. 房屋结构稳定，主要组成部分合理，没有明显倒塌、断裂或严重几何变形。
14. 树木结构自然，没有严重截断或畸形。
15. 人物采用火柴人风格，整体结构完整，没有明显异常。

【支持异常的证据】
1. 无明显异常特征。"
dataset/HTP/00/00/00_00_00_0077.jpg,00,00,01,0.06754668832401889,"【支持正常的证据】
1. 房屋、树木、人物三个核心对象均能够清楚识别，并且基本完整。
2. 三个对象在画面中的大小适中，没有全部挤在极小区域，也没有明显超出或压迫整个画面。
3. 房、树、人之间保持自然、合理的空间距离，没有明显孤立或被大片空白强行分隔。
4. 三个对象能够形成基本连贯的场景，例如共享地面、方向一致、空间位置合理，整体看起来属于同一个环境，而不是三个互不相关的符号。
5. 整体构图稳定，没有明显失衡、极端偏向某个角落或严重碎片化。
6. 线条总体连续、自然、力度相对稳定，没有大量异常断裂、极端微弱或杂乱涂画。
7. 画面具有适量细节。可以简单，但主要对象的基本结构能够表达清楚。
8. 没有大面积、无明显绘画目的的异常涂黑、重阴影或局部反复强调。

【支持异常的证据】
1. 房屋、树木、人物中的一个或多个核心对象完全缺失，且无法由裁剪、遮挡或画法解释。
2. 整幅画极度简化，只剩极少线条，大量重要结构同时消失，整体信息量异常低。
3. 房、树、人整体只占巨大画布中极小区域，周围存在大量空白。
4. 三个对象之间距离极端遥远，某个对象明显孤立，或者整个场景严重碎片化。
5. 对象像漂浮在不同区域，彼此几乎没有空间联系，整体场景严重不连贯。
6. 存在大量非常微弱、间断、犹豫、僵硬或严重潦草的线条。
7. 存在异常大面积涂黑、重度阴影或某个对象被明显过度强调。"
dataset/HTP/00/00/00_00_00_0078.jpg,00,00,01,0.04742587351415913,"【支持正常的证据】
1. 房屋、树木、人物三个核心对象均能够清楚识别，并且基本完整。
2. 三个对象在画面中的大小适中，没有全部挤在极小区域，也没有明显超出或压迫整个画面。
3. 房、树、人之间保持自然、合理的空间距离，没有明显孤立或被大片空白强行分隔。
4. 三个对象能够形成基本连贯的场景，例如共享地面、方向一致、空间位置合理，整体看起来属于同一个环境，而不是三个互不相关的符号。
5. 整体构图稳定，没有明显失衡、极端偏向某个角落或严重碎片化。
6. 线条总体连续、自然、力度相对稳定，没有大量异常断裂、极端微弱或杂乱涂画。
7. 画面具有适量细节。可以简单，但主要对象的基本结构能够表达清楚。
8. 房屋、树木、人物的比例大致协调，没有极端小型化或比例失调。
9. 房屋、树木和人物的相对大小基本合理，没有非常极端的尺寸差异。
10. 人物身体主要结构完整，比例不存在严重失调。
11. 整体构图稳定且场景连贯，没有明显异常的大面积涂黑。
12. 人物和房屋、树木之间保持自然距离，没有极端隔离。
13. 画面中没有明显的选择性结构缺失。

【支持异常的证据】
1. 房屋、树木、人物中的一个或多个核心对象完全缺失，且无法由裁剪、遮挡或画法解释。
2. 整幅画极度简化，只剩极少线条，大量重要结构同时消失，整体信息量异常低。
3. 房、树、人整体只占巨大画布中极小区域，周围存在大量空白。
4. 三个对象之间距离极端遥远，某个对象明显孤立，或者整个场景严重碎片化。
5. 存在大量非常微弱、间断、犹豫、僵硬或严重潦草的线条。
6. 存在异常大面积涂黑、重度阴影或某个对象被明显过度强调。"
dataset/HTP/00/00/00_00_00_0079.jpg,00,00,01,0.009708474753363424,"【支持正常的证据】
1. 房屋、树木、人物三个核心对象均能够清楚识别，并且基本完整。
2. 三个对象在画面中的大小适中，没有全部挤在极小区域，也没有明显超出或压迫整个画面。
3. 房、树、人之间保持自然、合理的空间距离，没有明显孤立或被大片空白强行分隔。
4. 三个对象能够形成基本连贯的场景，例如共享地面、方向一致、空间位置合理，整体看起来属于同一个环境，而不是三个互不相关的符号。
5. 整体构图稳定，没有明显失衡、极端偏向某个角落或严重碎片化。
6. 线条总体连续、自然、力度相对稳定，没有大量异常断裂、极端微弱或杂乱涂画。
7. 画面具有适量细节。可以简单，但主要对象的基本结构能够表达清楚。
8. 房屋、树木、人物的比例大致协调，没有极端小型化或比例失调。
9. 房屋、树木和人物的相对大小基本合理，没有非常极端的尺寸差异。
10. 人物身体主要结构完整，比例不存在严重失调。
11. 整体构图稳定且场景连贯，没有明显异常的大面积涂黑。
12. 人物和房屋、树木之间保持自然距离，没有极端隔离。
13. 画面存在多个相互独立的正常积极特征，如房屋结构稳定、树木结构自然、人物身体完整等。

【支持异常的证据】
1. 无明显异常特征。"
dataset/HTP/00/00/00_00_00_0080.jpg,00,00,01,0.00857748525531428,"【支持正常的证据】
1. 房屋、树木、人物三个核心对象均能够清楚识别，并且基本完整。
2. 三个对象在画面中的大小适中，没有全部挤在极小区域，也没有明显超出或压迫整个画面。
3. 房、树、人之间保持自然、合理的空间距离，没有明显孤立或被大片空白强行分隔。
4. 三个对象能够形成基本连贯的场景，例如共享地面、方向一致、空间位置合理，整体看起来属于同一个环境，而不是三个互不相关的符号。
5. 整体构图稳定，没有明显失衡、极端偏向某个角落或严重碎片化。
6. 线条总体连续、自然、力度相对稳定，没有大量异常断裂、极端微弱或杂乱涂画。
7. 画面具有适量细节。可以简单，但主要对象的基本结构能够表达清楚。
8. 房屋、树木、人物的比例大致协调，没有极端小型化或比例失调。
9. 房屋结构稳定，主要组成部分合理，没有明显倒塌、断裂或严重几何变形。
10. 树木结构自然，没有严重截断或畸形。
11. 人物身体主要结构完整，比例不存在严重失调。
12. 整体构图稳定且场景连贯。
13. 线条自然、连续，没有异常大面积涂黑。
14. 没有明显的选择性结构缺失。
15. 即使绘画较简单，其简化方式在整幅画中保持一致。
16. 仅存在少数能够由绘画水平、年龄、风格或普通构图解释的轻微异常。

【支持异常的证据】
1. 无明显异常特征。"
dataset/HTP/00/00/00_00_00_0081.jpg,00,00,01,0.14804719991116141,"【支持正常的证据】
1. 房屋、树木、人物三个核心对象均能够清楚识别，并且基本完整。
2. 三个对象在画面中的大小适中，没有全部挤在极小区域，也没有明显超出或压迫整个画面。
3. 房、树、人之间保持自然、合理的空间距离，没有明显孤立或被大片空白强行分隔。
4. 三个对象能够形成基本连贯的场景，例如共享地面、方向一致、空间位置合理，整体看起来属于同一个环境，而不是三个互不相关的符号。
5. 整体构图稳定，没有明显失衡、极端偏向某个角落或严重碎片化。
6. 线条总体连续、自然、力度相对稳定，没有大量异常断裂、极端微弱或杂乱涂画。
7. 画面具有适量细节。可以简单，但主要对象的基本结构能够表达清楚。
8. 房屋、树木、人物的比例大致协调，没有极端小型化或比例失调。
9. 房屋、树木和人物之间的关系自然，没有极端隔离或空间关系异常。
10. 整体构图稳定且场景连贯，没有明显异常的大面积涂黑或极端小型化。

【支持异常的证据】
1. 人物缺少脸部和主要肢体，如眼睛、鼻子、嘴巴、手臂和腿等。
2. 房屋结构较为简单，但没有明显选择性缺少门或窗户。
3. 树木结构简单，但没有明显选择性缺少树冠或树枝。
4. 房屋、树木和人物的比例有些不协调，人物显得较小，而房屋和树木较大。
5. 房屋、树木和人物之间的空间关系有些不自然，人物似乎离房屋和树木较远。
6. 线条有些不连续，尤其是人物的部分线条显得有些犹豫或不自然。"
dataset/HTP/00/00/00_00_00_0082.jpg,00,00,01,0.06754668832401889,"【支持正常的证据】
1. 房屋、树木、人物三个核心对象均能够清楚识别，并且基本完整。
2. 三个对象在画面中的大小适中，没有全部挤在极小区域，也没有明显超出或压迫整个画面。
3. 房、树、人之间保持自然、合理的空间距离，没有明显孤立或被大片空白强行分隔。
4. 三个对象能够形成基本连贯的场景，例如共享地面、方向一致、空间位置合理，整体看起来属于同一个环境，而不是三个互不相关的符号。
5. 整体构图稳定，没有明显失衡、极端偏向某个角落或严重碎片化。
6. 线条总体连续、自然、力度相对稳定，没有大量异常断裂、极端微弱或杂乱涂画。
7. 画面具有适量细节。可以简单，但主要对象的基本结构能够表达清楚。
8. 整体场景包含草地、道路、太阳、云、花、地面等环境元素，并且与主体自然结合，可以作为场景完整和组织良好的积极证据。
9. 没有大面积、无明显绘画目的的异常涂黑、重阴影或局部反复强调。

【支持异常的证据】
1. 房屋、树木、人物中的一个或多个核心对象完全缺失，且无法由裁剪、遮挡或画法解释。
2. 整幅画极度简化，只剩极少线条，大量重要结构同时消失，整体信息量异常低。
3. 房、树、人整体只占巨大画布中极小区域，周围存在大量空白。
4. 三个对象之间距离极端遥远，某个对象明显孤立，或者整个场景严重碎片化。
5. 对象像漂浮在不同区域，彼此几乎没有空间联系，整体场景严重不连贯。
6. 存在大量非常微弱、间断、犹豫、僵硬或严重潦草的线条。
7. 存在异常大面积涂黑、重度阴影或某个对象被明显过度强调。"
dataset/HTP/00/00/00_00_00_0083.jpg,00,00,01,0.02033235323135295,"【支持正常的证据】
1. 房屋、树木、人物三个核心对象均能够清楚识别，并且基本完整。
2. 三个对象在画面中的大小适中，没有全部挤在极小区域，也没有明显超出或压迫整个画面。
3. 房、树、人之间保持自然、合理的空间距离，没有明显孤立或被大片空白强行分隔。
4. 三个对象能够形成基本连贯的场景，例如共享地面、方向一致、空间位置合理，整体看起来属于同一个环境。
5. 整体构图稳定，没有明显失衡、极端偏向某个角落或严重碎片化。
6. 线条总体连续、自然、力度相对稳定，没有大量异常断裂、极端微弱或杂乱涂画。
7. 画面具有适量细节。可以简单，但主要对象的基本结构能够表达清楚。
8. 房屋、树木、人物的比例大致协调，没有极端小型化或比例失调。
9. 房屋、树木和人物之间的关系自然，没有极端隔离或空间断开。
10. 整体构图稳定且场景连贯，没有明显异常的大面积涂黑或极端小型化。

【支持异常的证据】
1. 人物的手臂和腿较为简单，可能是单线风格，但整体结构完整。
2. 树木的树冠较大，但没有明显的结构扭曲或畸形。
3. 房屋的屋顶和墙壁结构较为简单，但没有明显倒塌或断裂。
4. 人物的表情中性，没有明显的悲伤、愤怒、痛苦、恐惧等强烈负面表情。
5. 房屋、树木和人物的比例大致协调，没有极端小型化或比例失调。
6. 房屋、树木和人物之间的关系自然，没有极端隔离或空间断开。
7. 整体构图稳定且场景连贯，没有明显异常的大面积涂黑或极端小型化。"
dataset/HTP/00/00/00_00_00_0084.jpg,00,00,01,0.04742587351415913,"【支持正常的证据】
1. 房屋、树木、人物三个核心对象均能够清楚识别，并且基本完整。
2. 三个对象在画面中的大小适中，没有全部挤在极小区域，也没有明显超出或压迫整个画面。
3. 房、树、人之间保持自然、合理的空间距离，没有明显孤立或被大片空白强行分隔。
4. 三个对象能够形成基本连贯的场景，例如共享地面、方向一致、空间位置合理，整体看起来属于同一个环境，而不是三个互不相关的符号。
5. 整体构图稳定，没有明显失衡、极端偏向某个角落或严重碎片化。
6. 线条总体连续、自然、力度相对稳定，没有大量异常断裂、极端微弱或杂乱涂画。
7. 画面具有适量细节。可以简单，但主要对象的基本结构能够表达清楚。
8. 如果存在草地、道路、太阳、云、花、地面等环境元素，并且与主体自然结合，可以作为场景完整和组织良好的积极证据。
9. 没有大面积、无明显绘画目的的异常涂黑、重阴影或局部反复强调。

【支持异常的证据】
1. 房屋、树木、人物中的一个或多个核心对象完全缺失，且无法由裁剪、遮挡或画法解释。
2. 整幅画极度简化，只剩极少线条，大量重要结构同时消失，整体信息量异常低。
3. 房、树、人整体只占巨大画布中极小区域，周围存在大量空白。
4. 三个对象之间距离极端遥远，某个对象明显孤立，或者整个场景严重碎片化。
5. 对象像漂浮在不同区域，彼此几乎没有空间联系，整体场景严重不连贯。
6. 存在大量非常微弱、间断、犹豫、僵硬或严重潦草的线条。
7. 存在异常大面积涂黑、重度阴影或某个对象被明显过度强调。"
dataset/HTP/00/00/00_00_00_0085.jpg,00,00,01,0.009708474753363424,"【支持正常的证据】
1. 房屋、树木、人物三个核心对象均能够清楚识别，并且基本完整。
2. 三个对象在画面中的大小适中，没有全部挤在极小区域，也没有明显超出或压迫整个画面。
3. 房、树、人之间保持自然、合理的空间距离，没有明显孤立或被大片空白强行分隔。
4. 三个对象能够形成基本连贯的场景，例如共享地面、方向一致、空间位置合理，整体看起来属于同一个环境，而不是三个互不相关的符号。
5. 整体构图稳定，没有明显失衡、极端偏向某个角落或严重碎片化。
6. 线条总体连续、自然、力度相对稳定，没有大量异常断裂、极端微弱或杂乱涂画。
7. 画面具有适量细节。可以简单，但主要对象的基本结构能够表达清楚。
8. 房屋、树木、人物的比例大致协调，没有极端小型化或比例失调。
9. 房屋结构稳定，墙体、屋顶等主要结构完整，没有明显倒塌、断裂或严重几何变形。
10. 树木结构自然，树干、树冠、树枝等主要部分能够正常识别，整体结构基本完整。
11. 人物头部、躯干、手臂和腿等主要身体结构基本完整，连接关系自然，没有明显断裂、错位或无法解释的结构缺失。
12. 人物大小与房屋、树木和整个画布基本协调，不存在极端小型化。
13. 房屋、树木和人物的相对大小基本合理，没有非常极端的尺寸差异。
14. 人物能够自然地处于房屋和树木形成的环境中，而不是完全脱离其他对象。
15. 线条自然、连续，没有异常大面积涂黑。

【支持异常的证据】
1. 无。"
dataset/HTP/00/00/00_00_00_0086.jpg,00,00,01,0.0293122327122782,"【支持正常的证据】
1. 房屋、树木、人物三个核心对象均能够清楚识别，并且基本完整。
2. 三个对象在画面中的大小适中，没有全部挤在极小区域，也没有明显超出或压迫整个画面。
3. 房、树、人之间保持自然、合理的空间距离，没有明显孤立或被大片空白强行分隔。
4. 三个对象能够形成基本连贯的场景，例如共享地面、方向一致、空间位置合理，整体看起来属于同一个环境。
5. 整体构图稳定，没有明显失衡、极端偏向某个角落或严重碎片化。
6. 线条总体连续、自然、力度相对稳定，没有大量异常断裂、极端微弱或杂乱涂画。
7. 画面具有适量细节。可以简单，但主要对象的基本结构能够表达清楚。
8. 房屋、树木、人物之间保持自然的距离，没有极端隔离。
9. 整体构图协调，没有大面积异常涂黑或阴影。

【支持异常的证据】
1. 人物缺少手臂，但整体结构仍然清晰。
2. 树木的树冠形状有些不规则，但没有明显异常。
3. 房屋的窗户和门没有明确表示，但整体结构合理。
4. 人物的比例有些夸张，但整体结构仍然清晰。"
dataset/HTP/00/00/00_00_00_0087.jpg,00,00,01,0.00857748525531428,"【支持正常的证据】
1. 房屋、树木、人物三个核心对象均能够清楚识别，并且基本完整。
2. 三个对象在画面中的大小适中，没有全部挤在极小区域，也没有明显超出或压迫整个画面。
3. 房、树、人之间保持自然、合理的空间距离，没有明显孤立或被大片空白强行分隔。
4. 三个对象能够形成基本连贯的场景，例如共享地面、方向一致、空间位置合理，整体看起来属于同一个环境，而不是三个互不相关的符号。
5. 整体构图稳定，没有明显失衡、极端偏向某个角落或严重碎片化。
6. 线条总体连续、自然、力度相对稳定，没有大量异常断裂、极端微弱或杂乱涂画。
7. 画面具有适量细节。可以简单，但主要对象的基本结构能够表达清楚。
8. 房屋、树木、人物的比例大致协调，没有极端小型化或比例失调。
9. 房屋、树木和人物之间的相对大小基本合理，没有非常极端的尺寸差异。
10. 人物身体主要结构完整，比例不存在严重失调。
11. 整体构图稳定且场景连贯，没有明显异常的大面积涂黑。
12. 人物没有明显选择性结构缺失，四肢和五官比例协调。
13. 房屋结构稳定，主要组成部分合理。
14. 树木结构自然，没有严重截断或畸形。
15. 人物和房屋、树木之间保持自然距离，没有极端隔离。

【支持异常的证据】
1. 无。"
dataset/HTP/00/00/00_00_00_0088.jpg,00,00,01,0.015906393344589397,"【支持正常的证据】
1. 房屋、树木、人物三个核心对象均能够清楚识别，并且基本完整。
2. 三个对象在画面中的大小适中，没有全部挤在极小区域，也没有明显超出或压迫整个画面。
3. 房、树、人之间保持自然、合理的空间距离，没有明显孤立或被大片空白强行分隔。
4. 三个对象能够形成基本连贯的场景，例如共享地面、方向一致、空间位置合理，整体看起来属于同一个环境。
5. 整体构图稳定，没有明显失衡、极端偏向某个角落或严重碎片化。
6. 线条总体连续、自然、力度相对稳定，没有大量异常断裂、极端微弱或杂乱涂画。
7. 画面具有适量细节。可以简单，但主要对象的基本结构能够表达清楚。
8. 房屋、树木、人物的比例大致协调，没有极端小型化或比例失调。
9. 房屋、树木和人物之间的关系自然，没有极端隔离或空间关系异常。
10. 整体构图稳定且场景连贯，没有明显异常的大面积涂黑或极端小型化。

【支持异常的证据】
1. 人物缺少手臂，但这是常见的简笔画风格，不能单独判断为异常。
2. 树木的树冠和树枝有些许夸张，但没有明显结构畸形或异常扭曲。
3. 房屋的窗户和门没有详细描绘，但这是简笔画风格的表现方式，不能单独判断为异常。"
dataset/HTP/00/00/00_00_00_0089.jpg,00,00,01,0.012431653620200803,"【支持正常的证据】
1. 房屋、树木、人物三个核心对象均能够清楚识别，并且基本完整。
2. 三个对象在画面中的大小适中，没有全部挤在极小区域，也没有明显超出或压迫整个画面。
3. 房、树、人之间保持自然、合理的空间距离，没有明显孤立或被大片空白强行分隔。
4. 三个对象能够形成基本连贯的场景，例如共享地面、方向一致、空间位置合理，整体看起来属于同一个环境。
5. 整体构图稳定，没有明显失衡、极端偏向某个角落或严重碎片化。
6. 线条总体连续、自然、力度相对稳定，没有大量异常断裂、极端微弱或杂乱涂画。
7. 画面具有适量细节。可以简单，但主要对象的基本结构能够表达清楚。
8. 房屋、树木、人物的比例大致协调，没有极端小型化或比例失调。
9. 房屋、树木和人物之间的关系自然，没有极端隔离或空间断开。
10. 整体场景连贯，没有大面积异常涂黑或阴影。

【支持异常的证据】
1. 无明显异常特征。"
dataset/HTP/00/00/00_00_00_0090.jpg,00,00,01,0.08509904732734556,"【支持正常的证据】
1. 房屋、树木、人物三个核心对象均能够清楚识别，并且基本完整。
2. 三个对象在画面中的大小适中，没有全部挤在极小区域，也没有明显超出或压迫整个画面。
3. 房、树、人之间保持自然、合理的空间距离，没有明显孤立或被大片空白强行分隔。
4. 三个对象能够形成基本连贯的场景，例如共享地面、方向一致、空间位置合理，整体看起来属于同一个环境，而不是三个互不相关的符号。
5. 整体构图稳定，没有明显失衡、极端偏向某个角落或严重碎片化。
6. 线条总体连续、自然、力度相对稳定，没有大量异常断裂、极端微弱或杂乱涂画。
7. 画面具有适量细节。可以简单，但主要对象的基本结构能够表达清楚。
8. 如果存在草地、道路、太阳、云、花、地面等环境元素，并且与主体自然结合，可以作为场景完整和组织良好的积极证据。
9. 没有大面积、无明显绘画目的的异常涂黑、重阴影或局部反复强调。

【支持异常的证据】
1. 房屋、树木、人物中的一个或多个核心对象完全缺失，且无法由裁剪、遮挡或画法解释。
2. 整幅画极度简化，只剩极少线条，大量重要结构同时消失，整体信息量异常低。
3. 房、树、人整体只占巨大画布中极小区域，周围存在大量空白。
4. 三个对象之间距离极端遥远，某个对象明显孤立，或者整个场景严重碎片化。
5. 对象像漂浮在不同区域，彼此几乎没有空间联系，整体场景严重不连贯。
6. 存在大量非常微弱、间断、犹豫、僵硬或严重潦草的线条。
7. 存在异常大面积涂黑、重度阴影或某个对象被明显过度强调。"
dataset/HTP/00/00/00_00_00_0091.jpg,00,00,01,0.04208773121980142,"【支持正常的证据】
1. 房屋、树木、人物三个核心对象均能够清楚识别，并且基本完整。
2. 三个对象在画面中的大小适中，没有全部挤在极小区域，也没有明显超出或压迫整个画面。
3. 房、树、人之间保持自然、合理的空间距离，没有明显孤立或被大片空白强行分隔。
4. 三个对象能够形成基本连贯的场景，例如共享地面、方向一致、空间位置合理，整体看起来属于同一个环境，而不是三个互不相关的符号。
5. 整体构图稳定，没有明显失衡、极端偏向某个角落或严重碎片化。
6. 线条总体连续、自然、力度相对稳定，没有大量异常断裂、极端微弱或杂乱涂画。
7. 画面具有适量细节。可以简单，但主要对象的基本结构能够表达清楚。
8. 房屋、树木、人物的比例大致协调，没有极端小型化或比例失调。
9. 房屋、树木和人物的相对大小基本合理，没有非常极端的尺寸差异。
10. 房屋结构稳定，主要组成部分合理，没有明显倒塌、断裂或严重几何变形。
11. 树木结构自然，没有严重截断或畸形。
12. 人物身体主要结构完整，比例不存在严重失调。
13. 整体构图稳定且场景连贯，没有明显异常的大面积涂黑。
14. 线条自然、连续，没有异常大面积涂黑。
15. 没有明显的选择性结构缺失。
16. 仅存在少数能够由绘画水平、年龄、风格或普通构图解释的轻微异常。

【支持异常的证据】
1. 房屋、树木、人物中的一个或多个核心对象完全缺失，且无法由裁剪、遮挡或画法解释。
2. 整幅画极度简化，只剩极少线条，大量重要结构同时消失，整体信息量异常低。
3. 房、树、人整体只占巨大画布中极小区域，周围存在大量空白。
4. 三个对象之间距离极端遥远，某个对象明显孤立，或者整个场景严重碎片化。
5. 存在大量非常微弱、间断、犹豫、僵硬或严重潦草的线条。
6. 存在异常大面积涂黑、重度阴影或某个对象被明显过度强调。"
dataset/HTP/00/00/00_00_00_0092.jpg,00,00,01,0.07585817323116976,"【支持正常的证据】
1. 房屋、树木、人物三个核心对象均能够清楚识别，并且基本完整。
2. 三个对象在画面中的大小适中，没有全部挤在极小区域，也没有明显超出或压迫整个画面。
3. 房、树、人之间保持自然、合理的空间距离，没有明显孤立或被大片空白强行分隔。
4. 三个对象能够形成基本连贯的场景，例如共享地面、方向一致、空间位置合理，整体看起来属于同一个环境，而不是三个互不相关的符号。
5. 整体构图稳定，没有明显失衡、极端偏向某个角落或严重碎片化。
6. 线条总体连续、自然、力度相对稳定，没有大量异常断裂、极端微弱或杂乱涂画。
7. 画面具有适量细节。可以简单，但主要对象的基本结构能够表达清楚。
8. 房屋、树木、人物的比例大致协调，没有极端小型化或比例失调。
9. 房屋、树木和人物之间的关系自然，没有极端隔离或不连贯的空间关系。
10. 线条自然、连续，没有异常大面积涂黑。

【支持异常的证据】
1. 人物缺少眼睛、鼻子、嘴巴等主要面部特征。
2. 房屋缺少窗户。
3. 树木缺少叶子。
4. 房屋、树木和人物的大小比例略有不协调，但并不极端。
5. 房屋、树木和人物之间的空间距离较为均匀，没有极端隔离。
6. 线条自然，没有极端微弱或杂乱涂画。"
dataset/HTP/00/00/00_00_00_0093.jpg,00,00,01,0.07585817323116976,"【支持正常的证据】
1. 房屋、树木、人物三个核心对象均能够清楚识别，并且基本完整。
2. 三个对象在画面中的大小适中，没有全部挤在极小区域，也没有明显超出或压迫整个画面。
3. 房、树、人之间保持自然、合理的空间距离，没有明显孤立或被大片空白强行分隔。
4. 三个对象能够形成基本连贯的场景，例如共享地面、方向一致、空间位置合理，整体看起来属于同一个环境。
5. 整体构图稳定，没有明显失衡、极端偏向某个角落或严重碎片化。
6. 线条总体连续、自然、力度相对稳定，没有大量异常断裂、极端微弱或杂乱涂画。
7. 画面具有适量细节。可以简单，但主要对象的基本结构能够表达清楚。
8. 如果存在草地、道路、太阳、云、花、地面等环境元素，并且与主体自然结合，可以作为场景完整和组织良好的积极证据。
9. 没有大面积、无明显绘画目的的异常涂黑、重阴影或局部反复强调。

【支持异常的证据】
1. 房屋、树木、人物中的一个或多个核心对象完全缺失，且无法由裁剪、遮挡或画法解释。
2. 整幅画极度简化，只剩极少线条，大量重要结构同时消失，整体信息量异常低。
3. 房、树、人整体只占巨大画布中极小区域，周围存在大量空白。
4. 三个对象之间距离极端遥远，某个对象明显孤立，或者整个场景严重碎片化。
5. 对象像漂浮在不同区域，彼此几乎没有空间联系，整体场景严重不连贯。
6. 存在大量非常微弱、间断、犹豫、僵硬或严重潦草的线条。
7. 存在异常大面积涂黑、重度阴影或某个对象被明显过度强调。"
dataset/HTP/00/00/00_00_00_0094.jpg,00,00,01,0.07585817323116976,"【支持正常的证据】
1. 房屋、树木、人物三个核心对象均能够清楚识别，并且基本完整。
2. 三个对象在画面中的大小适中，没有全部挤在极小区域，也没有明显超出或压迫整个画面。
3. 房、树、人之间保持自然、合理的空间距离，没有明显孤立或被大片空白强行分隔。
4. 三个对象能够形成基本连贯的场景，例如共享地面、方向一致、空间位置合理，整体看起来属于同一个环境。
5. 整体构图稳定，没有明显失衡、极端偏向某个角落或严重碎片化。
6. 线条总体连续、自然、力度相对稳定，没有大量异常断裂、极端微弱或杂乱涂画。
7. 画面具有适量细节。可以简单，但主要对象的基本结构能够表达清楚。
8. 房屋、树木、人物的比例大致协调，没有极端小型化或比例失调。
9. 房屋、树木和人物之间的关系自然，没有极端隔离或空间关系异常。
10. 线条自然、连续，没有异常大面积涂黑。

【支持异常的证据】
1. 房屋、树木、人物中的一个或多个核心对象完全缺失，且无法由裁剪、遮挡或画法解释。
2. 整幅画极度简化，只剩极少线条，大量重要结构同时消失，整体信息量异常低。
3. 房、树、人整体只占巨大画布中极小区域，周围存在大量空白。
4. 三个对象之间距离极端遥远，某个对象明显孤立，或者整个场景严重碎片化。
5. 存在大量非常微弱、间断、犹豫、僵硬或严重潦草的线条。
6. 存在异常大面积涂黑、重度阴影或某个对象被明显过度强调。"
dataset/HTP/00/00/00_00_02_0000.png,00,00,01,0.09534946232842245,"【支持正常的证据】
1. 房屋、树木、人物三个核心对象均能够清楚识别，并且基本完整。
2. 三个对象在画面中的大小适中，没有全部挤在极小区域，也没有明显超出或压迫整个画面。
3. 房、树、人之间保持自然、合理的空间距离，没有明显孤立或被大片空白强行分隔。
4. 三个对象能够形成基本连贯的场景，例如共享地面、方向一致、空间位置合理，整体看起来属于同一个环境，而不是三个互不相关的符号。
5. 整体构图稳定，没有明显失衡、极端偏向某个角落或严重碎片化。
6. 线条总体连续、自然、力度相对稳定，没有大量异常断裂、极端微弱或杂乱涂画。
7. 画面具有适量细节。可以简单，但主要对象的基本结构能够表达清楚。
8. 房屋、树木、人物的比例大致协调，没有极端小型化或比例失调。
9. 整体构图稳定且场景连贯，没有明显异常的大面积涂黑、极端小型化或异常隔离。
10. 人物身体主要结构完整，比例不存在严重失调。

【支持异常的证据】
1. 房屋、树木、人物中的一个或多个核心对象完全缺失，且无法由裁剪、遮挡或画法解释。
2. 整幅画极度简化，只剩极少线条，大量重要结构同时消失，整体信息量异常低。
3. 房、树、人整体只占巨大画布中极小区域，周围存在大量空白。
4. 三个对象之间距离极端遥远，某个对象明显孤立，或者整个场景严重碎片化。
5. 存在大量非常微弱、间断、犹豫、僵硬或严重潦草的线条。
6. 存在异常大面积涂黑、重度阴影或某个对象被明显过度强调。"
dataset/HTP/00/00/00_00_02_0001.png,00,00,01,0.015906393344589397,"【支持正常的证据】
1. 房屋、树木、人物三个核心对象均能够清楚识别，并且基本完整。
2. 三个对象在画面中的大小适中，没有全部挤在极小区域，也没有明显超出或压迫整个画面。
3. 房、树、人之间保持自然、合理的空间距离，没有明显孤立或被大片空白强行分隔。
4. 三个对象能够形成基本连贯的场景，例如共享地面、方向一致、空间位置合理，整体看起来属于同一个环境，而不是三个互不相关的符号。
5. 整体构图稳定，没有明显失衡、极端偏向某个角落或严重碎片化。
6. 线条总体连续、自然、力度相对稳定，没有大量异常断裂、极端微弱或杂乱涂画。
7. 画面具有适量细节。可以简单，但主要对象的基本结构能够表达清楚。
8. 房屋、树木、人物的比例大致协调，没有极端小型化或比例失调。
9. 房屋、树木和人物之间的关系自然，没有极端隔离或不连贯的空间关系。
10. 线条自然、连续，没有异常大面积涂黑。

【支持异常的证据】
1. 无明显异常特征。"
dataset/HTP/00/00/00_00_02_0002.png,00,00,01,0.08509904732734556,"【支持正常的证据】
1. 房屋、树木、人物三个核心对象均能够清楚识别，并且基本完整。
2. 三个对象在画面中的大小适中，没有全部挤在极小区域，也没有明显超出或压迫整个画面。
3. 房、树、人之间保持自然、合理的空间距离，没有明显孤立或被大片空白强行分隔。
4. 三个对象能够形成基本连贯的场景，例如共享地面、方向一致、空间位置合理，整体看起来属于同一个环境，而不是三个互不相关的符号。
5. 整体构图稳定，没有明显失衡、极端偏向某个角落或严重碎片化。
6. 线条总体连续、自然、力度相对稳定，没有大量异常断裂、极端微弱或杂乱涂画。
7. 画面具有适量细节。可以简单，但主要对象的基本结构能够表达清楚。
8. 房屋、树木、人物的比例大致协调，没有极端小型化或比例失调。
9. 房屋、树木和人物之间的关系自然，没有极端隔离或空间关系异常。
10. 线条自然、连续，没有异常大面积涂黑。

【支持异常的证据】
1. 房屋、树木、人物中的一个或多个核心对象完全缺失，且无法由裁剪、遮挡或画法解释。
2. 整幅画极度简化，只剩极少线条，大量重要结构同时消失，整体信息量异常低。
3. 房、树、人整体只占巨大画布中极小区域，周围存在大量空白。
4. 三个对象之间距离极端遥远，某个对象明显孤立，或者整个场景严重碎片化。
5. 存在大量非常微弱、间断、犹豫、僵硬或严重潦草的线条。
6. 存在异常大面积涂黑、重度阴影或某个对象被明显过度强调。"
dataset/HTP/00/00/00_00_02_0003.png,00,00,01,0.014063626423394072,"【支持正常的证据】
1. 房屋、树木、人物三个核心对象均能够清楚识别，并且基本完整。
2. 三个对象在画面中的大小适中，没有全部挤在极小区域，也没有明显超出或压迫整个画面。
3. 房、树、人之间保持自然、合理的空间距离，没有明显孤立或被大片空白强行分隔。
4. 三个对象能够形成基本连贯的场景，例如共享地面、方向一致、空间位置合理，整体看起来属于同一个环境，而不是三个互不相关的符号。
5. 整体构图稳定，没有明显失衡、极端偏向某个角落或严重碎片化。
6. 线条总体连续、自然、力度相对稳定，没有大量异常断裂、极端微弱或杂乱涂画。
7. 画面具有适量细节。可以简单，但主要对象的基本结构能够表达清楚。
8. 房屋、树木、人物的比例大致协调，没有极端小型化或比例失调。
9. 整体构图稳定且场景连贯，没有明显异常的大面积涂黑、极端小型化或异常隔离。
10. 人物身体主要结构完整，比例不存在严重失调。

【支持异常的证据】
1. 无明显异常特征。"
dataset/HTP/00/00/00_00_02_0004.png,00,00,01,0.015906393344589397,"【支持正常的证据】
1. 房屋、树木、人物三个核心对象均能够清楚识别，并且基本完整。
2. 三个对象在画面中的大小适中，没有全部挤在极小区域，也没有明显超出或压迫整个画面。
3. 房、树、人之间保持自然、合理的空间距离，没有明显孤立或被大片空白强行分隔。
4. 三个对象能够形成基本连贯的场景，例如共享地面、方向一致、空间位置合理，整体看起来属于同一个环境，而不是三个互不相关的符号。
5. 整体构图稳定，没有明显失衡、极端偏向某个角落或严重碎片化。
6. 线条总体连续、自然、力度相对稳定，没有大量异常断裂、极端微弱或杂乱涂画。
7. 画面具有适量细节。可以简单，但主要对象的基本结构能够表达清楚。
8. 房屋、树木、人物的比例大致协调，没有极端小型化或比例失调。
9. 整体构图稳定且场景连贯，没有明显异常的大面积涂黑、极端小型化或异常隔离。
10. 人物身体主要结构完整，比例不存在严重失调。

【支持异常的证据】
1. 无。"
dataset/HTP/00/00/00_00_02_0005.png,00,00,01,0.13296423160844623,"【支持正常的证据】
1. 房屋、树木、人物三个核心对象均能够清楚识别，并且基本完整。
2. 三个对象在画面中的大小适中，没有全部挤在极小区域，也没有明显超出或压迫整个画面。
3. 房、树、人之间保持自然、合理的空间距离，没有明显孤立或被大片空白强行分隔。
4. 三个对象能够形成基本连贯的场景，例如共享地面、方向一致、空间位置合理，整体看起来属于同一个环境，而不是三个互不相关的符号。
5. 整体构图稳定，没有明显失衡、极端偏向某个角落或严重碎片化。
6. 线条总体连续、自然、力度相对稳定，没有大量异常断裂、极端微弱或杂乱涂画。
7. 画面具有适量细节。可以简单，但主要对象的基本结构能够表达清楚。
8. 房屋、树木、人物的比例大致协调，没有极端小型化或比例失调。
9. 整体场景连贯，没有明显选择性结构缺失。
10. 线条自然、连续，没有异常大面积涂黑。

【支持异常的证据】
1. 房屋、树木、人物中的一个或多个核心对象完全缺失，且无法由裁剪、遮挡或画法解释。
2. 整幅画极度简化，只剩极少线条，大量重要结构同时消失，整体信息量异常低。
3. 房、树、人整体只占巨大画布中极小区域，周围存在大量空白。
4. 三个对象之间距离极端遥远，某个对象明显孤立，或者整个场景严重碎片化。
5. 存在大量非常微弱、间断、犹豫、僵硬或严重潦草的线条。
6. 存在异常大面积涂黑、重度阴影或某个对象被明显过度强调。"
dataset/HTP/00/00/00_00_02_0006.png,00,00,01,0.06754668832401889,"【支持正常的证据】
1. 房屋、树木、人物三个核心对象均能够清楚识别，并且基本完整。
2. 三个对象在画面中的大小适中，没有全部挤在极小区域，也没有明显超出或压迫整个画面。
3. 房、树、人之间保持自然、合理的空间距离，没有明显孤立或被大片空白强行分隔。
4. 三个对象能够形成基本连贯的场景，例如共享地面、方向一致、空间位置合理，整体看起来属于同一个环境，而不是三个互不相关的符号。
5. 整体构图稳定，没有明显失衡、极端偏向某个角落或严重碎片化。
6. 线条总体连续、自然、力度相对稳定，没有大量异常断裂、极端微弱或杂乱涂画。
7. 画面具有适量细节。可以简单，但主要对象的基本结构能够表达清楚。
8. 房屋、树木、人物的比例大致协调，没有极端小型化或比例失调。
9. 房屋、树木和人物之间的关系自然，没有极端隔离或不连贯的空间关系。
10. 线条自然、连续，没有异常大面积涂黑。

【支持异常的证据】
1. 房屋、树木、人物中的一个或多个核心对象完全缺失，且无法由裁剪、遮挡或画法解释。
2. 整幅画极度简化，只剩极少线条，大量重要结构同时消失，整体信息量异常低。
3. 房、树、人整体只占巨大画布中极小区域，周围存在大量空白。
4. 三个对象之间距离极端遥远，某个对象明显孤立，或者整个场景严重碎片化。
5. 存在大量非常微弱、间断、犹豫、僵硬或严重潦草的线条。
6. 存在异常大面积涂黑、重度阴影或某个对象被明显过度强调。"
dataset/HTP/00/00/00_00_02_0007.png,00,00,01,0.07585817323116976,"【支持正常的证据】
1. 房屋、树木、人物三个核心对象均能够清楚识别，并且基本完整。
2. 三个对象在画面中的大小适中，没有全部挤在极小区域，也没有明显超出或压迫整个画面。
3. 房、树、人之间保持自然、合理的空间距离，没有明显孤立或被大片空白强行分隔。
4. 三个对象能够形成基本连贯的场景，例如共享地面、方向一致、空间位置合理，整体看起来属于同一个环境，而不是三个互不相关的符号。
5. 整体构图稳定，没有明显失衡、极端偏向某个角落或严重碎片化。
6. 线条总体连续、自然、力度相对稳定，没有大量异常断裂、极端微弱或杂乱涂画。
7. 画面具有适量细节。可以简单，但主要对象的基本结构能够表达清楚。
8. 房屋、树木、人物的比例大致协调，没有极端小型化或比例失调。
9. 房屋、树木和人物之间的关系自然，没有极端隔离或不连贯的空间关系。
10. 线条自然、连续，没有异常大面积涂黑。

【支持异常的证据】
1. 房屋、树木、人物中的一个或多个核心对象完全缺失，且无法由裁剪、遮挡或画法解释。
2. 整幅画极度简化，只剩极少线条，大量重要结构同时消失，整体信息量异常低。
3. 房、树、人整体只占巨大画布中极小区域，周围存在大量空白。
4. 三个对象之间距离极端遥远，某个对象明显孤立，或者整个场景严重碎片化。
5. 存在大量非常微弱、间断、犹豫、僵硬或严重潦草的线条。
6. 存在异常大面积涂黑、重度阴影或某个对象被明显过度强调。"
dataset/HTP/00/00/00_00_02_0008.png,00,00,01,0.13296423160844623,"【支持正常的证据】
1. 房屋、树木、人物三个核心对象均能够清楚识别，并且基本完整。
2. 三个对象在画面中的大小适中，没有全部挤在极小区域，也没有明显超出或压迫整个画面。
3. 房、树、人之间保持自然、合理的空间距离，没有明显孤立或被大片空白强行分隔。
4. 三个对象能够形成基本连贯的场景，例如共享地面、方向一致、空间位置合理，整体看起来属于同一个环境。
5. 整体构图稳定，没有明显失衡、极端偏向某个角落或严重碎片化。
6. 线条总体连续、自然、力度相对稳定，没有大量异常断裂、极端微弱或杂乱涂画。
7. 画面具有适量细节。可以简单，但主要对象的基本结构能够表达清楚。
8. 房屋、树木、人物的比例大致协调，没有极端小型化或比例失调。
9. 整体场景连贯，没有明显选择性结构缺失。
10. 线条自然、连续，没有异常大面积涂黑。

【支持异常的证据】
1. 房屋、树木、人物中的一个或多个核心对象完全缺失，且无法由裁剪、遮挡或画法解释。
2. 整幅画极度简化，只剩极少线条，大量重要结构同时消失，整体信息量异常低。
3. 房、树、人整体只占巨大画布中极小区域，周围存在大量空白。
4. 三个对象之间距离极端遥远，某个对象明显孤立，或者整个场景严重碎片化。
5. 存在大量非常微弱、间断、犹豫、僵硬或严重潦草的线条。
6. 存在异常大面积涂黑、重度阴影或某个对象被明显过度强调。"
dataset/HTP/00/00/00_00_02_0009.png,00,00,01,0.09534946232842245,"【支持正常的证据】
1. 房屋、树木、人物三个核心对象均能够清楚识别，并且基本完整。
2. 三个对象在画面中的大小适中，没有全部挤在极小区域，也没有明显超出或压迫整个画面。
3. 房、树、人之间保持自然、合理的空间距离，没有明显孤立或被大片空白强行分隔。
4. 三个对象能够形成基本连贯的场景，例如共享地面、方向一致、空间位置合理，整体看起来属于同一个环境，而不是三个互不相关的符号。
5. 整体构图稳定，没有明显失衡、极端偏向某个角落或严重碎片化。
6. 线条总体连续、自然、力度相对稳定，没有大量异常断裂、极端微弱或杂乱涂画。
7. 画面具有适量细节。可以简单，但主要对象的基本结构能够表达清楚。
8. 房屋、树木、人物的比例大致协调，没有极端小型化或比例失调。
9. 房屋、树木和人物之间的关系自然，没有极端隔离或不连贯的空间关系。
10. 线条自然、连续，没有异常大面积涂黑。

【支持异常的证据】
1. 房屋、树木、人物中的一个或多个核心对象完全缺失，且无法由裁剪、遮挡或画法解释。
2. 整幅画极度简化，只剩极少线条，大量重要结构同时消失，整体信息量异常低。
3. 房、树、人整体只占巨大画布中极小区域，周围存在大量空白。
4. 三个对象之间距离极端遥远，某个对象明显孤立，或者整个场景严重碎片化。
5. 存在大量非常微弱、间断、犹豫、僵硬或严重潦草的线条。
6. 存在异常大面积涂黑、重度阴影或某个对象被明显过度强调。"
dataset/HTP/00/00/00_00_02_0010.png,00,00,01,0.22270013882530884,"【支持正常的证据】
1. 房屋、树木、人物三个核心对象均能够清楚识别，并且基本完整。
2. 三个对象在画面中的大小适中，没有全部挤在极小区域，也没有明显超出或压迫整个画面。
3. 房、树、人之间保持自然、合理的空间距离，没有明显孤立或被大片空白强行分隔。
4. 三个对象能够形成基本连贯的场景，例如共享地面、方向一致、空间位置合理，整体看起来属于同一个环境，而不是三个互不相关的符号。
5. 整体构图稳定，没有明显失衡、极端偏向某个角落或严重碎片化。
6. 线条总体连续、自然、力度相对稳定，没有大量异常断裂、极端微弱或杂乱涂画。
7. 画面具有适量细节。可以简单，但主要对象的基本结构能够表达清楚。
8. 房屋、树木、人物的比例大致协调，没有极端小型化或比例失调。
9. 整体构图稳定且场景连贯，没有明显异常的大面积涂黑、极端小型化或异常隔离。
10. 人物身体主要结构完整，比例不存在严重失调。

【支持异常的证据】
1. 人物明显不完整，缺少头部和手臂。
2. 房屋结构较为简单，没有明显细节如门或窗户。
3. 树木结构简单，没有明显的树冠和树枝细节。
4. 房、树、人之间距离较远，人物似乎漂浮在空中，缺乏自然的空间联系。
5. 线条有些犹豫和不自然，尤其是人物的手臂和腿部线条。
6. 整体画面显得过于简化，缺乏背景装饰和细节描绘。"
dataset/HTP/00/00/00_00_02_0011.png,00,00,01,0.10669058897496679,"【支持正常的证据】
1. 房屋、树木、人物三个核心对象均能够清楚识别，并且基本完整。
2. 三个对象在画面中的大小适中，没有全部挤在极小区域，也没有明显超出或压迫整个画面。
3. 房、树、人之间保持自然、合理的空间距离，没有明显孤立或被大片空白强行分隔。
4. 三个对象能够形成基本连贯的场景，例如共享地面、方向一致、空间位置合理，整体看起来属于同一个环境，而不是三个互不相关的符号。
5. 整体构图稳定，没有明显失衡、极端偏向某个角落或严重碎片化。
6. 线条总体连续、自然、力度相对稳定，没有大量异常断裂、极端微弱或杂乱涂画。
7. 画面具有适量细节。可以简单，但主要对象的基本结构能够表达清楚。
8. 房屋、树木、人物的比例大致协调，没有极端小型化或比例失调。
9. 整体构图稳定且场景连贯，没有明显异常的大面积涂黑、极端小型化或异常隔离。
10. 人物身体主要结构完整，比例不存在严重失调。

【支持异常的证据】
1. 房屋、树木、人物中的一个或多个核心对象完全缺失，且无法由裁剪、遮挡或画法解释。
2. 整幅画极度简化，只剩极少线条，大量重要结构同时消失，整体信息量异常低。
3. 房、树、人整体只占巨大画布中极小区域，周围存在大量空白。
4. 三个对象之间距离极端遥远，某个对象明显孤立，或者整个场景严重碎片化。
5. 存在大量非常微弱、间断、犹豫、僵硬或严重潦草的线条。
6. 存在异常大面积涂黑、重度阴影或某个对象被明显过度强调。"
dataset/HTP/00/00/00_00_02_0012.png,00,00,01,0.10669058897496679,"【支持正常的证据】
1. 房屋、树木、人物三个核心对象均能够清楚识别，并且基本完整。
2. 三个对象在画面中的大小适中，没有全部挤在极小区域，也没有明显超出或压迫整个画面。
3. 房、树、人之间保持自然、合理的空间距离，没有明显孤立或被大片空白强行分隔。
4. 三个对象能够形成基本连贯的场景，例如共享地面、方向一致、空间位置合理，整体看起来属于同一个环境。
5. 整体构图稳定，没有明显失衡、极端偏向某个角落或严重碎片化。
6. 线条总体连续、自然、力度相对稳定，没有大量异常断裂、极端微弱或杂乱涂画。
7. 画面具有适量细节。可以简单，但主要对象的基本结构能够表达清楚。
8. 房屋、树木、人物之间保持自然的距离，没有极端隔离。
9. 整体构图协调，没有大面积异常涂黑、重度阴影或局部反复强调。

【支持异常的证据】
1. 树木的树冠部分有明显的夸张和不自然的形状，尤其是顶部的线条显得过于复杂和不规则。
2. 人物的身体结构较为简单，但头部和手臂的线条显得有些僵硬和不自然。
3. 房屋的屋顶部分有夸张的线条，显得有些不协调。
4. 整体构图中，人物的位置显得稍微偏右，与房屋和树木之间有一定的距离，但并不极端。"
dataset/HTP/00/00/00_00_02_0013.png,00,00,01,0.012431653620200803,"【支持正常的证据】
1. 房屋、树木、人物三个核心对象均能够清楚识别，并且基本完整。
2. 三个对象在画面中的大小适中，没有全部挤在极小区域，也没有明显超出或压迫整个画面。
3. 房、树、人之间保持自然、合理的空间距离，没有明显孤立或被大片空白强行分隔。
4. 三个对象能够形成基本连贯的场景，例如共享地面、方向一致、空间位置合理，整体看起来属于同一个环境，而不是三个互不相关的符号。
5. 整体构图稳定，没有明显失衡、极端偏向某个角落或严重碎片化。
6. 线条总体连续、自然、力度相对稳定，没有大量异常断裂、极端微弱或杂乱涂画。
7. 画面具有适量细节。可以简单，但主要对象的基本结构能够表达清楚。
8. 房屋、树木、人物的比例大致协调，没有极端小型化或比例失调。
9. 房屋、树木和人物之间的相对大小基本合理，没有非常极端的尺寸差异。
10. 人物身体主要结构完整，比例不存在严重失调。
11. 整体构图稳定且场景连贯，没有明显异常的大面积涂黑。
12. 人物和房屋、树木之间保持自然距离，没有极端隔离。
13. 画面中没有明显的选择性结构缺失。

【支持异常的证据】
1. 无明显异常特征。"
dataset/HTP/00/00/00_00_02_0014.png,00,00,01,0.16451646904109268,"【支持正常的证据】
1. 房屋、树木、人物三个核心对象均能够清楚识别，并且基本完整。
2. 三个对象在画面中的大小适中，没有全部挤在极小区域，也没有明显超出或压迫整个画面。
3. 房、树、人之间保持自然、合理的空间距离，没有明显孤立或被大片空白强行分隔。
4. 三个对象能够形成基本连贯的场景，例如共享地面、方向一致、空间位置合理，整体看起来属于同一个环境，而不是三个互不相关的符号。
5. 整体构图稳定，没有明显失衡、极端偏向某个角落或严重碎片化。
6. 线条总体连续、自然、力度相对稳定，没有大量异常断裂、极端微弱或杂乱涂画。
7. 画面具有适量细节。可以简单，但主要对象的基本结构能够表达清楚。
8. 房屋、树木、人物的比例大致协调，没有极端小型化或比例失调。
9. 整体场景连贯，没有明显选择性结构缺失。
10. 线条自然、连续，没有异常大面积涂黑。

【支持异常的证据】
1. 人物明显没有完成，例如主要身体区域完全缺失、头部缺失、躯干缺失、多个必要身体部分缺失，或者身体不同部分明显断开。
2. 房屋、树木和人物分别孤立在互不相关的区域。
3. 三个对象的尺寸比例严重不协调。
4. 不同对象之间在空间上和语义上明显断开，无法组成基本连贯场景。"
dataset/HTP/00/00/00_00_02_0015.png,00,00,01,0.09534946232842245,"【支持正常的证据】
1. 房屋、树木、人物三个核心对象均能够清楚识别，并且基本完整。
2. 三个对象在画面中的大小适中，没有全部挤在极小区域，也没有明显超出或压迫整个画面。
3. 房、树、人之间保持自然、合理的空间距离，没有明显孤立或被大片空白强行分隔。
4. 三个对象能够形成基本连贯的场景，例如共享地面、方向一致、空间位置合理，整体看起来属于同一个环境，而不是三个互不相关的符号。
5. 整体构图稳定，没有明显失衡、极端偏向某个角落或严重碎片化。
6. 线条总体连续、自然、力度相对稳定，没有大量异常断裂、极端微弱或杂乱涂画。
7. 画面具有适量细节。可以简单，但主要对象的基本结构能够表达清楚。
8. 没有大面积、无明显绘画目的的异常涂黑、重阴影或局部反复强调。

【支持异常的证据】
1. 房屋、树木、人物中的一个或多个核心对象完全缺失，且无法由裁剪、遮挡或画法解释。
2. 整幅画极度简化，只剩极少线条，大量重要结构同时消失，整体信息量异常低。
3. 房、树、人整体只占巨大画布中极小区域，周围存在大量空白。
4. 三个对象之间距离极端遥远，某个对象明显孤立，或者整个场景严重碎片化。
5. 对象像漂浮在不同区域，彼此几乎没有空间联系，整体场景严重不连贯。
6. 存在大量非常微弱、间断、犹豫、僵硬或严重潦草的线条。
7. 存在异常大面积涂黑、重度阴影或某个对象被明显过度强调。"
dataset/HTP/00/00/00_00_02_0016.png,00,00,01,0.010986941578116865,"【支持正常的证据】
1. 房屋、树木、人物三个核心对象均能够清楚识别，并且基本完整。
2. 三个对象在画面中的大小适中，没有全部挤在极小区域，也没有明显超出或压迫整个画面。
3. 房、树、人之间保持自然、合理的空间距离，没有明显孤立或被大片空白强行分隔。
4. 三个对象能够形成基本连贯的场景，例如共享地面、方向一致、空间位置合理，整体看起来属于同一个环境，而不是三个互不相关的符号。
5. 整体构图稳定，没有明显失衡、极端偏向某个角落或严重碎片化。
6. 线条总体连续、自然、力度相对稳定，没有大量异常断裂、极端微弱或杂乱涂画。
7. 画面具有适量细节。可以简单，但主要对象的基本结构能够表达清楚。
8. 房屋、树木、人物的比例大致协调，没有极端小型化或比例失调。
9. 房屋、树木和人物之间的相对大小基本合理，没有非常极端的尺寸差异。
10. 人物身体主要结构完整，比例不存在严重失调。
11. 整体构图稳定且场景连贯，没有明显异常的大面积涂黑。
12. 人物没有明显选择性结构缺失，四肢和五官比例协调。
13. 画面中没有出现极端小型化、异常隔离或大面积异常涂黑。
14. 人物和房屋、树木之间保持自然距离，没有极端隔离。
15. 人物能够自然地处于房屋和树木形成的环境中，而不是完全脱离其他对象。

【支持异常的证据】
1. 无。"
dataset/HTP/00/00/00_00_02_0017.png,00,00,01,0.014063626423394072,"【支持正常的证据】
1. 房屋、树木、人物三个核心对象均能够清楚识别，并且基本完整。
2. 三个对象在画面中的大小适中，没有全部挤在极小区域，也没有明显超出或压迫整个画面。
3. 房、树、人之间保持自然、合理的空间距离，没有明显孤立或被大片空白强行分隔。
4. 三个对象能够形成基本连贯的场景，例如共享地面、方向一致、空间位置合理，整体看起来属于同一个环境，而不是三个互不相关的符号。
5. 整体构图稳定，没有明显失衡、极端偏向某个角落或严重碎片化。
6. 线条总体连续、自然、力度相对稳定，没有大量异常断裂、极端微弱或杂乱涂画。
7. 画面具有适量细节。可以简单，但主要对象的基本结构能够表达清楚。
8. 房屋、树木、人物的比例大致协调，没有极端小型化或比例失调。
9. 整体构图稳定且场景连贯，没有明显异常的大面积涂黑、极端小型化或异常隔离。
10. 人物身体主要结构完整，比例不存在严重失调。

【支持异常的证据】
1. 无明显异常特征。"
dataset/HTP/00/00/00_00_02_0018.png,00,00,01,0.014063626423394072,"【支持正常的证据】
1. 房屋、树木、人物三个核心对象均能够清楚识别，并且基本完整。
2. 三个对象在画面中的大小适中，没有全部挤在极小区域，也没有明显超出或压迫整个画面。
3. 房、树、人之间保持自然、合理的空间距离，没有明显孤立或被大片空白强行分隔。
4. 三个对象能够形成基本连贯的场景，例如共享地面、方向一致、空间位置合理，整体看起来属于同一个环境，而不是三个互不相关的符号。
5. 整体构图稳定，没有明显失衡、极端偏向某个角落或严重碎片化。
6. 线条总体连续、自然、力度相对稳定，没有大量异常断裂、极端微弱或杂乱涂画。
7. 画面具有适量细节。可以简单，但主要对象的基本结构能够表达清楚。
8. 房屋、树木、人物的比例大致协调，没有极端小型化或比例失调。
9. 房屋、树木和人物之间的相对大小基本合理，没有非常极端的尺寸差异。
10. 人物身体主要结构完整，比例不存在严重失调。
11. 整体构图稳定且场景连贯，没有明显异常的大面积涂黑。
12. 人物没有明显的选择性结构缺失，四肢和五官比例协调。
13. 画面中没有出现极端小型化、异常隔离或大面积异常涂黑的情况。
14. 人物和房屋、树木之间保持自然距离，没有极端隔离。
15. 人物能够自然地处于房屋和树木形成的环境中，而不是完全脱离其他对象。

【支持异常的证据】
1. 无。"
dataset/HTP/00/00/00_00_02_0019.png,00,00,01,0.02033235323135295,"【支持正常的证据】
1. 房屋、树木、人物三个核心对象均能够清楚识别，并且基本完整。
2. 三个对象在画面中的大小适中，没有全部挤在极小区域，也没有明显超出或压迫整个画面。
3. 房、树、人之间保持自然、合理的空间距离，没有明显孤立或被大片空白强行分隔。
4. 三个对象能够形成基本连贯的场景，例如共享地面、方向一致、空间位置合理，整体看起来属于同一个环境，而不是三个互不相关的符号。
5. 整体构图稳定，没有明显失衡、极端偏向某个角落或严重碎片化。
6. 线条总体连续、自然、力度相对稳定，没有大量异常断裂、极端微弱或杂乱涂画。
7. 画面具有适量细节。可以简单，但主要对象的基本结构能够表达清楚。
8. 房屋、树木、人物的比例大致协调，没有极端小型化或比例失调。
9. 房屋、树木和人物之间的关系自然，没有极端隔离或不连贯的空间关系。
10. 线条自然、连续，没有异常大面积涂黑。

【支持异常的证据】
1. 人物的手臂和腿部线条较为简单，可能是单线表示，但整体结构基本完整。
2. 人物的头部和身体比例协调，没有明显选择性缺失或结构失调。
3. 房屋和树木的结构自然，没有明显选择性缺失或结构扭曲。
4. 房屋、树木和人物之间的空间关系合理，没有极端隔离或不连贯的空间关系。
5. 线条自然、连续，没有异常大面积涂黑。"
dataset/HTP/00/00/00_00_02_0020.png,00,00,01,0.014063626423394072,"【支持正常的证据】
1. 房屋、树木、人物三个核心对象均能够清楚识别，并且基本完整。
2. 三个对象在画面中的大小适中，没有全部挤在极小区域，也没有明显超出或压迫整个画面。
3. 房、树、人之间保持自然、合理的空间距离，没有明显孤立或被大片空白强行分隔。
4. 三个对象能够形成基本连贯的场景，例如共享地面、方向一致、空间位置合理，整体看起来属于同一个环境，而不是三个互不相关的符号。
5. 整体构图稳定，没有明显失衡、极端偏向某个角落或严重碎片化。
6. 线条总体连续、自然、力度相对稳定，没有大量异常断裂、极端微弱或杂乱涂画。
7. 画面具有适量细节。可以简单，但主要对象的基本结构能够表达清楚。
8. 房屋、树木、人物的比例大致协调，没有极端小型化或比例失调。
9. 整体构图稳定且场景连贯，没有明显异常的大面积涂黑、极端小型化或异常隔离。
10. 人物身体主要结构完整，比例不存在严重失调。

【支持异常的证据】
1. 无明显异常特征。"
dataset/HTP/00/00/00_00_02_0021.png,00,00,01,0.07585817323116976,"【支持正常的证据】
1. 房屋、树木、人物三个核心对象均能够清楚识别，并且基本完整。
2. 三个对象在画面中的大小适中，没有全部挤在极小区域，也没有明显超出或压迫整个画面。
3. 房、树、人之间保持自然、合理的空间距离，没有明显孤立或被大片空白强行分隔。
4. 三个对象能够形成基本连贯的场景，例如共享地面、方向一致、空间位置合理，整体看起来属于同一个环境，而不是三个互不相关的符号。
5. 整体构图稳定，没有明显失衡、极端偏向某个角落或严重碎片化。
6. 线条总体连续、自然、力度相对稳定，没有大量异常断裂、极端微弱或杂乱涂画。
7. 画面具有适量细节。可以简单，但主要对象的基本结构能够表达清楚。
8. 房屋、树木、人物的比例大致协调，没有极端小型化或比例失调。
9. 房屋、树木和人物之间的关系自然，没有极端隔离或不连贯的空间关系。
10. 线条自然、连续，没有异常大面积涂黑。

【支持异常的证据】
1. 人物头部缺失，眼睛、鼻子、嘴巴等主要面部特征未绘制。
2. 房屋结构较为简单，但没有明显选择性缺失关键部分如门或窗户。
3. 树木结构自然，但树干和树冠之间连接自然，比例基本合理。
4. 人物身体主要结构完整，但手臂和腿的线条较为简单，可能是单线风格。
5. 房屋、树木和人物之间的关系自然，但人物相对于房屋和树木显得较小，比例略有失调。"
dataset/HTP/00/00/00_00_02_0022.png,00,00,01,0.012431653620200803,"【支持正常的证据】
1. 房屋、树木、人物三个核心对象均能够清楚识别，并且基本完整。
2. 三个对象在画面中的大小适中，没有全部挤在极小区域，也没有明显超出或压迫整个画面。
3. 房、树、人之间保持自然、合理的空间距离，没有明显孤立或被大片空白强行分隔。
4. 三个对象能够形成基本连贯的场景，例如共享地面、方向一致、空间位置合理，整体看起来属于同一个环境，而不是三个互不相关的符号。
5. 整体构图稳定，没有明显失衡、极端偏向某个角落或严重碎片化。
6. 线条总体连续、自然、力度相对稳定，没有大量异常断裂、极端微弱或杂乱涂画。
7. 画面具有适量细节。可以简单，但主要对象的基本结构能够表达清楚。
8. 房屋、树木、人物的比例大致协调，没有极端小型化或比例失调。
9. 房屋结构稳定，主要组成部分合理，没有明显倒塌、断裂或严重几何变形。
10. 树木结构自然，没有严重截断或畸形。
11. 人物身体主要结构完整，比例不存在严重失调。
12. 整体构图稳定且场景连贯。
13. 线条自然、连续，没有异常大面积涂黑。
14. 没有明显的选择性结构缺失。
15. 即使绘画较简单，其简化方式在整幅画中保持一致。
16. 仅存在少数能够由绘画水平、年龄、风格或普通构图解释的轻微异常。

【支持异常的证据】
1. 无明显异常特征。"
dataset/HTP/00/00/00_00_02_0023.png,00,00,01,0.014063626423394072,"【支持正常的证据】
1. 房屋、树木、人物三个核心对象均能够清楚识别，并且基本完整。
2. 三个对象在画面中的大小适中，没有全部挤在极小区域，也没有明显超出或压迫整个画面。
3. 房、树、人之间保持自然、合理的空间距离，没有明显孤立或被大片空白强行分隔。
4. 三个对象能够形成基本连贯的场景，例如共享地面、方向一致、空间位置合理，整体看起来属于同一个环境，而不是三个互不相关的符号。
5. 整体构图稳定，没有明显失衡、极端偏向某个角落或严重碎片化。
6. 线条总体连续、自然、力度相对稳定，没有大量异常断裂、极端微弱或杂乱涂画。
7. 画面具有适量细节。可以简单，但主要对象的基本结构能够表达清楚。
8. 房屋、树木、人物的比例大致协调，没有极端小型化或比例失调。
9. 房屋、树木和人物之间的相对大小基本合理，没有非常极端的尺寸差异。
10. 人物身体主要结构完整，比例不存在严重失调。
11. 整体构图稳定且场景连贯，没有明显异常的大面积涂黑。
12. 人物没有明显的选择性结构缺失，四肢和五官比例协调。
13. 房屋结构稳定，主要组成部分合理。
14. 树木结构自然，没有严重截断或畸形。
15. 画面存在多个相互独立的正常积极特征。

【支持异常的证据】
1. 无。"
dataset/HTP/00/00/00_00_02_0024.png,00,00,01,0.025957357762928745,"【支持正常的证据】
1. 房屋、树木、人物三个核心对象均能够清楚识别，并且基本完整。
2. 三个对象在画面中的大小适中，没有全部挤在极小区域，也没有明显超出或压迫整个画面。
3. 房、树、人之间保持自然、合理的空间距离，没有明显孤立或被大片空白强行分隔。
4. 三个对象能够形成基本连贯的场景，例如共享地面、方向一致、空间位置合理，整体看起来属于同一个环境，而不是三个互不相关的符号。
5. 整体构图稳定，没有明显失衡、极端偏向某个角落或严重碎片化。
6. 线条总体连续、自然、力度相对稳定，没有大量异常断裂、极端微弱或杂乱涂画。
7. 画面具有适量细节。可以简单，但主要对象的基本结构能够表达清楚。
8. 房屋、树木、人物的比例大致协调，没有极端小型化或比例失调。
9. 整体场景连贯，没有明显选择性结构缺失。
10. 线条自然、连续，没有异常大面积涂黑。

【支持异常的证据】
1. 人物头部、躯干、手臂和腿等主要身体结构基本完整。
2. 人物各身体部分连接关系自然，没有明显断裂、错位或无法解释的结构缺失。
3. 人物整体比例基本合理。允许存在普通儿童画、简笔画、卡通画中的比例误差，不要求符合严格人体解剖比例。
4. 人物大小与房屋、树木和整个画布基本协调，不存在极端小型化。
5. 如果人物尺寸允许，眼睛、鼻子、嘴等主要面部特征基本存在；如果人物很小，没有绘制完整五官也可以是正常表现。
6. 人物采用火柴人、单线手臂或单线腿的简单风格时，如果整个人物风格统一并且结构完整，不能因为简单就判断异常。
7. 人物可以正面、侧面或其他姿势，只要身体结构基本合理，都可以属于正常表现。
8. 普通衣服填色、头发填色或身体局部自然阴影不能作为异常证据。
9. 面部表情自然、中性、微笑或其他与场景协调的普通表情，可以支持正常判断。
10. 即使人物没有明显表情，只要画法简单且没有其他异常支持，也不能因为表情中性就判断异常。"
dataset/HTP/00/00/00_00_02_0025.png,00,00,01,0.07585817323116976,"【支持正常的证据】
1. 房屋、树木、人物三个核心对象均能够清楚识别，并且基本完整。
2. 三个对象在画面中的大小适中，没有全部挤在极小区域，也没有明显超出或压迫整个画面。
3. 房、树、人之间保持自然、合理的空间距离，没有明显孤立或被大片空白强行分隔。
4. 三个对象能够形成基本连贯的场景，例如共享地面、方向一致、空间位置合理，整体看起来属于同一个环境，而不是三个互不相关的符号。
5. 整体构图稳定，没有明显失衡、极端偏向某个角落或严重碎片化。
6. 线条总体连续、自然、力度相对稳定，没有大量异常断裂、极端微弱或杂乱涂画。
7. 画面具有适量细节。可以简单，但主要对象的基本结构能够表达清楚。
8. 房屋、树木、人物的比例大致协调，没有极端小型化或比例失调。
9. 整体场景连贯，没有明显选择性结构缺失。
10. 线条自然、连续，没有异常大面积涂黑。

【支持异常的证据】
1. 房屋、树木、人物中的一个或多个核心对象完全缺失，且无法由裁剪、遮挡或画法解释。
2. 整幅画极度简化，只剩极少线条，大量重要结构同时消失，整体信息量异常低。
3. 房、树、人整体只占巨大画布中极小区域，周围存在大量空白。
4. 三个对象之间距离极端遥远，某个对象明显孤立，或者整个场景严重碎片化。
5. 存在大量非常微弱、间断、犹豫、僵硬或严重潦草的线条。
6. 存在异常大面积涂黑、重度阴影或某个对象被明显过度强调。"
dataset/HTP/00/00/00_00_02_0026.png,00,00,01,0.015906393344589397,"【支持正常的证据】
1. 房屋、树木、人物三个核心对象均能够清楚识别，并且基本完整。
2. 三个对象在画面中的大小适中，没有全部挤在极小区域，也没有明显超出或压迫整个画面。
3. 房、树、人之间保持自然、合理的空间距离，没有明显孤立或被大片空白强行分隔。
4. 三个对象能够形成基本连贯的场景，例如共享地面、方向一致、空间位置合理，整体看起来属于同一个环境，而不是三个互不相关的符号。
5. 整体构图稳定，没有明显失衡、极端偏向某个角落或严重碎片化。
6. 线条总体连续、自然、力度相对稳定，没有大量异常断裂、极端微弱或杂乱涂画。
7. 画面具有适量细节。可以简单，但主要对象的基本结构能够表达清楚。
8. 房屋、树木、人物的比例大致协调，没有极端小型化或比例失调。
9. 房屋、树木和人物之间的相对大小基本合理，没有非常极端的尺寸差异。
10. 人物身体主要结构完整，比例不存在严重失调。
11. 整体构图稳定且场景连贯，没有明显异常的大面积涂黑。
12. 人物没有明显的选择性结构缺失，如缺少手臂或腿部。
13. 人物的身体连接关系自然，没有明显断裂、错位或无法解释的结构缺失。
14. 人物大小与房屋、树木和整个画布基本协调，不存在极端小型化。
15. 人物采用火柴人、单线手臂或单线腿的简单风格时，如果整个人物风格统一并且结构完整，不能因为简单就判断异常。
16. 人物可以正面、侧面或其他姿势，只要身体结构基本合理，都可以属于正常表现。
17. 人物没有明显表情，但整体绘画风格简单且没有其他异常支持。
18. 房屋、树木和人物之间保持自然距离，没有某个对象被极端隔离。
19. 对象具有基本共同空间，例如共享地面、位置关系能够形成一个完整场景。
20. 人物能够自然地处于房屋和树木形成的环境中，而不是完全脱离其他对象。

【支持异常的证据】
1. 无。"
dataset/HTP/00/00/00_00_02_0027.png,00,00,01,0.08509904732734556,"【支持正常的证据】
1. 房屋、树木、人物三个核心对象均能够清楚识别，并且基本完整。
2. 三个对象在画面中的大小适中，没有全部挤在极小区域，也没有明显超出或压迫整个画面。
3. 房、树、人之间保持自然、合理的空间距离，没有明显孤立或被大片空白强行分隔。
4. 三个对象能够形成基本连贯的场景，例如共享地面、方向一致、空间位置合理，整体看起来属于同一个环境，而不是三个互不相关的符号。
5. 整体构图稳定，没有明显失衡、极端偏向某个角落或严重碎片化。
6. 线条总体连续、自然、力度相对稳定，没有大量异常断裂、极端微弱或杂乱涂画。
7. 画面具有适量细节。可以简单，但主要对象的基本结构能够表达清楚。
8. 没有大面积、无明显绘画目的的异常涂黑、重阴影或局部反复强调。

【支持异常的证据】
1. 房屋、树木、人物中的一个或多个核心对象完全缺失，且无法由裁剪、遮挡或画法解释。
2. 整幅画极度简化，只剩极少线条，大量重要结构同时消失，整体信息量异常低。
3. 房、树、人整体只占巨大画布中极小区域，周围存在大量空白。
4. 三个对象之间距离极端遥远，某个对象明显孤立，或者整个场景严重碎片化。
5. 对象像漂浮在不同区域，彼此几乎没有空间联系，整体场景严重不连贯。
6. 存在大量非常微弱、间断、犹豫、僵硬或严重潦草的线条。
7. 存在异常大面积涂黑、重度阴影或某个对象被明显过度强调。"
dataset/HTP/00/00/00_00_02_0028.png,00,00,01,0.02033235323135295,"【支持正常的证据】
1. 房屋、树木、人物三个核心对象均能够清楚识别，并且基本完整。
2. 三个对象在画面中的大小适中，没有全部挤在极小区域，也没有明显超出或压迫整个画面。
3. 房、树、人之间保持自然、合理的空间距离，没有明显孤立或被大片空白强行分隔。
4. 三个对象能够形成基本连贯的场景，例如共享地面、方向一致、空间位置合理，整体看起来属于同一个环境，而不是三个互不相关的符号。
5. 整体构图稳定，没有明显失衡、极端偏向某个角落或严重碎片化。
6. 线条总体连续、自然、力度相对稳定，没有大量异常断裂、极端微弱或杂乱涂画。
7. 画面具有适量细节。可以简单，但主要对象的基本结构能够表达清楚。
8. 房屋、树木、人物的比例大致协调，没有极端小型化或比例失调。
9. 整体场景连贯，没有明显选择性结构缺失。
10. 线条自然、连续，没有异常大面积涂黑。

【支持异常的证据】
1. 无。"
dataset/HTP/00/00/00_00_02_0029.png,00,00,01,0.010986941578116865,"【支持正常的证据】
1. 房屋、树木、人物三个核心对象均能够清楚识别，并且基本完整。
2. 三个对象在画面中的大小适中，没有全部挤在极小区域，也没有明显超出或压迫整个画面。
3. 房、树、人之间保持自然、合理的空间距离，没有明显孤立或被大片空白强行分隔。
4. 三个对象能够形成基本连贯的场景，例如共享地面、方向一致、空间位置合理，整体看起来属于同一个环境，而不是三个互不相关的符号。
5. 整体构图稳定，没有明显失衡、极端偏向某个角落或严重碎片化。
6. 线条总体连续、自然、力度相对稳定，没有大量异常断裂、极端微弱或杂乱涂画。
7. 画面具有适量细节。可以简单，但主要对象的基本结构能够表达清楚。
8. 房屋、树木、人物的比例大致协调，没有极端小型化或比例失调。
9. 房屋、树木和人物之间的相对大小基本合理，没有非常极端的尺寸差异。
10. 整体构图稳定且场景连贯，没有明显异常的大面积涂黑、极端小型化或异常隔离。

【支持异常的证据】
1. 无明显异常特征。"
dataset/HTP/00/00/00_00_02_0030.png,00,00,01,0.015906393344589397,"【支持正常的证据】
1. 房屋、树木、人物三个核心对象均能够清楚识别，并且基本完整。
2. 三个对象在画面中的大小适中，没有全部挤在极小区域，也没有明显超出或压迫整个画面。
3. 房、树、人之间保持自然、合理的空间距离，没有明显孤立或被大片空白强行分隔。
4. 三个对象能够形成基本连贯的场景，例如共享地面、方向一致、空间位置合理，整体看起来属于同一个环境，而不是三个互不相关的符号。
5. 整体构图稳定，没有明显失衡、极端偏向某个角落或严重碎片化。
6. 线条总体连续、自然、力度相对稳定，没有大量异常断裂、极端微弱或杂乱涂画。
7. 画面具有适量细节。可以简单，但主要对象的基本结构能够表达清楚。
8. 房屋、树木、人物的比例大致协调，没有极端小型化或比例失调。
9. 房屋、树木和人物之间的相对大小基本合理，没有非常极端的尺寸差异。
10. 整体构图稳定且场景连贯，没有明显异常的大面积涂黑、极端小型化或异常隔离。

【支持异常的证据】
1. 无。"
dataset/HTP/00/00/00_00_02_0031.png,00,00,01,0.08509904732734556,"【支持正常的证据】
1. 房屋、树木、人物三个核心对象均能够清楚识别，并且基本完整。
2. 三个对象在画面中的大小适中，没有全部挤在极小区域，也没有明显超出或压迫整个画面。
3. 房、树、人之间保持自然、合理的空间距离，没有明显孤立或被大片空白强行分隔。
4. 三个对象能够形成基本连贯的场景，例如共享地面、方向一致、空间位置合理，整体看起来属于同一个环境，而不是三个互不相关的符号。
5. 整体构图稳定，没有明显失衡、极端偏向某个角落或严重碎片化。
6. 线条总体连续、自然、力度相对稳定，没有大量异常断裂、极端微弱或杂乱涂画。
7. 画面具有适量细节。可以简单，但主要对象的基本结构能够表达清楚。
8. 房屋、树木、人物的比例大致协调，没有极端小型化或比例失调。
9. 房屋、树木和人物之间的关系自然，没有极端隔离或不连贯的空间关系。
10. 线条自然、连续，没有异常大面积涂黑。

【支持异常的证据】
1. 房屋、树木、人物中的一个或多个核心对象完全缺失，且无法由裁剪、遮挡或画法解释。
2. 整幅画极度简化，只剩极少线条，大量重要结构同时消失，整体信息量异常低。
3. 房、树、人整体只占巨大画布中极小区域，周围存在大量空白。
4. 三个对象之间距离极端遥远，某个对象明显孤立，或者整个场景严重碎片化。
5. 存在大量非常微弱、间断、犹豫、僵硬或严重潦草的线条。
6. 存在异常大面积涂黑、重度阴影或某个对象被明显过度强调。"
dataset/HTP/00/00/00_00_02_0032.png,00,00,01,0.08509904732734556,"【支持正常的证据】
1. 房屋、树木、人物三个核心对象均能够清楚识别，并且基本完整。
2. 三个对象在画面中的大小适中，没有全部挤在极小区域，也没有明显超出或压迫整个画面。
3. 房、树、人之间保持自然、合理的空间距离，没有明显孤立或被大片空白强行分隔。
4. 三个对象能够形成基本连贯的场景，例如共享地面、方向一致、空间位置合理，整体看起来属于同一个环境，而不是三个互不相关的符号。
5. 整体构图稳定，没有明显失衡、极端偏向某个角落或严重碎片化。
6. 线条总体连续、自然、力度相对稳定，没有大量异常断裂、极端微弱或杂乱涂画。
7. 画面具有适量细节。可以简单，但主要对象的基本结构能够表达清楚。
8. 房屋、树木、人物的比例大致协调，没有极端小型化或比例失调。
9. 房屋、树木和人物之间的关系自然，没有极端隔离或不连贯的空间关系。
10. 线条自然、连续，没有异常大面积涂黑。

【支持异常的证据】
1. 人物头部、躯干、手臂和腿等主要身体结构基本完整，但存在一些夸张的表情特征。
2. 房屋结构较为简单，但没有明显的门和窗户。
3. 树木结构自然，但树冠形状有些不规则。
4. 人物比例存在一些夸张，尤其是头部较大。
5. 房屋、树木和人物之间的比例略有失调，人物显得较大。
6. 线条在某些地方显得有些犹豫或不流畅。"
dataset/HTP/00/00/00_00_02_0033.png,00,00,01,0.06754668832401889,"【支持正常的证据】
1. 房屋、树木、人物三个核心对象均能够清楚识别，并且基本完整。
2. 三个对象在画面中的大小适中，没有全部挤在极小区域，也没有明显超出或压迫整个画面。
3. 房、树、人之间保持自然、合理的空间距离，没有明显孤立或被大片空白强行分隔。
4. 三个对象能够形成基本连贯的场景，例如共享地面、方向一致、空间位置合理，整体看起来属于同一个环境，而不是三个互不相关的符号。
5. 整体构图稳定，没有明显失衡、极端偏向某个角落或严重碎片化。
6. 线条总体连续、自然、力度相对稳定，没有大量异常断裂、极端微弱或杂乱涂画。
7. 画面具有适量细节。可以简单，但主要对象的基本结构能够表达清楚。
8. 房屋、树木、人物的比例大致协调，没有极端小型化或比例失调。
9. 整体构图稳定且场景连贯，没有明显异常的大面积涂黑、极端小型化或异常隔离。
10. 人物身体主要结构完整，比例不存在严重失调。

【支持异常的证据】
1. 房屋、树木、人物中的一个或多个核心对象完全缺失，且无法由裁剪、遮挡或画法解释。
2. 整幅画极度简化，只剩极少线条，大量重要结构同时消失，整体信息量异常低。
3. 房、树、人整体只占巨大画布中极小区域，周围存在大量空白。
4. 三个对象之间距离极端遥远，某个对象明显孤立，或者整个场景严重碎片化。
5. 存在大量非常微弱、间断、犹豫、僵硬或严重潦草的线条。
6. 存在异常大面积涂黑、重度阴影或某个对象被明显过度强调。"
dataset/HTP/00/00/00_00_02_0034.png,00,00,01,0.07585817323116976,"【支持正常的证据】
1. 房屋、树木、人物三个核心对象均能够清楚识别，并且基本完整。
2. 三个对象在画面中的大小适中，没有全部挤在极小区域，也没有明显超出或压迫整个画面。
3. 房、树、人之间保持自然、合理的空间距离，没有明显孤立或被大片空白强行分隔。
4. 三个对象能够形成基本连贯的场景，例如共享地面、方向一致、空间位置合理，整体看起来属于同一个环境，而不是三个互不相关的符号。
5. 整体构图稳定，没有明显失衡、极端偏向某个角落或严重碎片化。
6. 线条总体连续、自然、力度相对稳定，没有大量异常断裂、极端微弱或杂乱涂画。
7. 画面具有适量细节。可以简单，但主要对象的基本结构能够表达清楚。
8. 房屋、树木、人物的比例大致协调，没有极端小型化或比例失调。
9. 房屋、树木和人物之间的相对大小基本合理，没有非常极端的尺寸差异。
10. 整体构图稳定且场景连贯，没有明显异常的大面积涂黑、极端小型化或异常隔离。

【支持异常的证据】
1. 人物缺少手臂，手臂被选择性省略。
2. 人物缺少腿部，腿部被选择性省略。
3. 房屋和树木的结构较为简单，但没有明显选择性缺失或极端扭曲。
4. 人物的身体比例存在轻微失调，但整体结构仍然合理。
5. 人物的头部和躯干连接关系自然，没有明显断裂或错位。
6. 房屋和树木的比例协调，没有极端小型化或比例失调。
7. 房屋和树木的结构较为简单，没有明显选择性缺失或极端扭曲。
8. 人物的大小与房屋、树木和整个画布基本协调，没有极端小型化。
9. 房屋、树木和人物之间的相对大小基本合理，没有非常极端的尺寸差异。
10. 整体构图稳定且场景连贯，没有明显异常的大面积涂黑、极端小型化或异常隔离。"
dataset/HTP/00/00/00_00_02_0035.png,00,00,01,0.03308597922294221,"【支持正常的证据】
1. 房屋、树木、人物三个核心对象均能够清楚识别，并且基本完整。
2. 三个对象在画面中的大小适中，没有全部挤在极小区域，也没有明显超出或压迫整个画面。
3. 房、树、人之间保持自然、合理的空间距离，没有明显孤立或被大片空白强行分隔。
4. 三个对象能够形成基本连贯的场景，例如共享地面、方向一致、空间位置合理，整体看起来属于同一个环境，而不是三个互不相关的符号。
5. 整体构图稳定，没有明显失衡、极端偏向某个角落或严重碎片化。
6. 线条总体连续、自然、力度相对稳定，没有大量异常断裂、极端微弱或杂乱涂画。
7. 画面具有适量细节。可以简单，但主要对象的基本结构能够表达清楚。
8. 房屋、树木、人物的比例大致协调，没有极端小型化或比例失调。
9. 房屋、树木和人物之间的关系自然，没有极端隔离或不连贯的空间关系。
10. 线条自然、连续，没有异常大面积涂黑。

【支持异常的证据】
1. 人物缺少脸部和嘴巴，但整体结构基本完整。
2. 房屋和树木的结构较为简单，但没有明显选择性缺失或极端扭曲。
3. 人物的比例有些夸张，但整体结构没有严重失调。
4. 房屋和树木的大小适中，与人物协调，没有极端小型化。
5. 画面中没有明显的选择性结构缺失或极端小型化。
6. 整体构图稳定，没有明显失衡或碎片化。
7. 线条自然、连续，没有异常大面积涂黑或极端微弱的线条。"
dataset/HTP/00/00/00_00_02_0036.png,00,00,01,0.01798621187025419,"【支持正常的证据】
1. 房屋、树木、人物三个核心对象均能够清楚识别，并且基本完整。
2. 三个对象在画面中的大小适中，没有全部挤在极小区域，也没有明显超出或压迫整个画面。
3. 房、树、人之间保持自然、合理的空间距离，没有明显孤立或被大片空白强行分隔。
4. 三个对象能够形成基本连贯的场景，例如共享地面、方向一致、空间位置合理，整体看起来属于同一个环境，而不是三个互不相关的符号。
5. 整体构图稳定，没有明显失衡、极端偏向某个角落或严重碎片化。
6. 线条总体连续、自然、力度相对稳定，没有大量异常断裂、极端微弱或杂乱涂画。
7. 画面具有适量细节。可以简单，但主要对象的基本结构能够表达清楚。
8. 没有大面积、无明显绘画目的的异常涂黑、重阴影或局部反复强调。

【支持异常的证据】
1. 无明显异常特征。"
dataset/HTP/00/00/00_00_02_0037.png,00,00,01,0.010986941578116865,"【支持正常的证据】
1. 房屋、树木、人物三个核心对象均能够清楚识别，并且基本完整。
2. 三个对象在画面中的大小适中，没有全部挤在极小区域，也没有明显超出或压迫整个画面。
3. 房、树、人之间保持自然、合理的空间距离，没有明显孤立或被大片空白强行分隔。
4. 三个对象能够形成基本连贯的场景，例如共享地面、方向一致、空间位置合理，整体看起来属于同一个环境，而不是三个互不相关的符号。
5. 整体构图稳定，没有明显失衡、极端偏向某个角落或严重碎片化。
6. 线条总体连续、自然、力度相对稳定，没有大量异常断裂、极端微弱或杂乱涂画。
7. 画面具有适量细节。可以简单，但主要对象的基本结构能够表达清楚。
8. 房屋、树木、人物的比例大致协调，没有极端小型化或比例失调。
9. 房屋、树木和人物之间的相对大小基本合理，没有非常极端的尺寸差异。
10. 人物身体主要结构完整，比例不存在严重失调。
11. 整体构图稳定且场景连贯，没有明显异常的大面积涂黑。
12. 人物没有明显选择性结构缺失，如缺少手臂或腿部。
13. 房屋结构稳定，主要组成部分合理。
14. 树木结构自然，没有严重截断或畸形。
15. 人物和房屋、树木之间保持自然距离，没有极端隔离。

【支持异常的证据】
1. 无明显异常特征。"
dataset/HTP/00/00/00_00_02_0038.png,00,00,01,0.015906393344589397,"【支持正常的证据】
1. 房屋、树木、人物三个核心对象均能够清楚识别，并且基本完整。
2. 三个对象在画面中的大小适中，没有全部挤在极小区域，也没有明显超出或压迫整个画面。
3. 房、树、人之间保持自然、合理的空间距离，没有明显孤立或被大片空白强行分隔。
4. 三个对象能够形成基本连贯的场景，例如共享地面、方向一致、空间位置合理，整体看起来属于同一个环境，而不是三个互不相关的符号。
5. 整体构图稳定，没有明显失衡、极端偏向某个角落或严重碎片化。
6. 线条总体连续、自然、力度相对稳定，没有大量异常断裂、极端微弱或杂乱涂画。
7. 画面具有适量细节。可以简单，但主要对象的基本结构能够表达清楚。
8. 房屋、树木、人物的比例大致协调，没有极端小型化或比例失调。
9. 整体构图稳定且场景连贯，没有明显异常的大面积涂黑、极端小型化或异常隔离。
10. 人物身体主要结构完整，比例不存在严重失调。

【支持异常的证据】
1. 无明显异常特征。"
dataset/HTP/00/00/00_00_02_0039.png,00,00,01,0.014063626423394072,"【支持正常的证据】
1. 房屋、树木、人物三个核心对象均能够清楚识别，并且基本完整。
2. 三个对象在画面中的大小适中，没有全部挤在极小区域，也没有明显超出或压迫整个画面。
3. 房、树、人之间保持自然、合理的空间距离，没有明显孤立或被大片空白强行分隔。
4. 三个对象能够形成基本连贯的场景，例如共享地面、方向一致、空间位置合理，整体看起来属于同一个环境，而不是三个互不相关的符号。
5. 整体构图稳定，没有明显失衡、极端偏向某个角落或严重碎片化。
6. 线条总体连续、自然、力度相对稳定，没有大量异常断裂、极端微弱或杂乱涂画。
7. 画面具有适量细节。可以简单，但主要对象的基本结构能够表达清楚。
8. 房屋、树木、人物的比例大致协调，没有极端小型化或比例失调。
9. 房屋、树木和人物之间的相对大小基本合理，没有非常极端的尺寸差异。
10. 人物身体主要结构完整，比例不存在严重失调。
11. 整体构图稳定且场景连贯，没有明显异常的大面积涂黑。
12. 人物没有明显的选择性结构缺失，四肢和五官比例协调。
13. 房屋结构稳定，主要组成部分合理。
14. 树木结构自然，没有严重截断或畸形。
15. 画面存在多个相互独立的正常积极特征。

【支持异常的证据】
1. 无。"
dataset/HTP/00/00/00_00_02_0040.png,00,00,01,0.015906393344589397,"【支持正常的证据】
1. 房屋、树木、人物三个核心对象均能够清楚识别，并且基本完整。
2. 三个对象在画面中的大小适中，没有全部挤在极小区域，也没有明显超出或压迫整个画面。
3. 房、树、人之间保持自然、合理的空间距离，没有明显孤立或被大片空白强行分隔。
4. 三个对象能够形成基本连贯的场景，例如共享地面、方向一致、空间位置合理，整体看起来属于同一个环境，而不是三个互不相关的符号。
5. 整体构图稳定，没有明显失衡、极端偏向某个角落或严重碎片化。
6. 线条总体连续、自然、力度相对稳定，没有大量异常断裂、极端微弱或杂乱涂画。
7. 画面具有适量细节。可以简单，但主要对象的基本结构能够表达清楚。
8. 房屋、树木、人物的比例大致协调，没有极端小型化或比例失调。
9. 房屋、树木和人物之间的关系自然，没有极端隔离或不连贯的空间关系。
10. 线条自然、连续，没有异常大面积涂黑。

【支持异常的证据】
1. 无。"
dataset/HTP/00/00/00_00_02_0041.png,00,00,01,0.07585817323116976,"【支持正常的证据】
1. 房屋、树木、人物三个核心对象均能够清楚识别，并且基本完整。
2. 三个对象在画面中的大小适中，没有全部挤在极小区域，也没有明显超出或压迫整个画面。
3. 房、树、人之间保持自然、合理的空间距离，没有明显孤立或被大片空白强行分隔。
4. 三个对象能够形成基本连贯的场景，例如共享地面、方向一致、空间位置合理，整体看起来属于同一个环境，而不是三个互不相关的符号。
5. 整体构图稳定，没有明显失衡、极端偏向某个角落或严重碎片化。
6. 线条总体连续、自然、力度相对稳定，没有大量异常断裂、极端微弱或杂乱涂画。
7. 画面具有适量细节。可以简单，但主要对象的基本结构能够表达清楚。
8. 没有大面积、无明显绘画目的的异常涂黑、重阴影或局部反复强调。

【支持异常的证据】
1. 房屋、树木、人物中的一个或多个核心对象完全缺失，且无法由裁剪、遮挡或画法解释。
2. 整幅画极度简化，只剩极少线条，大量重要结构同时消失，整体信息量异常低。
3. 房、树、人整体只占巨大画布中极小区域，周围存在大量空白。
4. 三个对象之间距离极端遥远，某个对象明显孤立，或者整个场景严重碎片化。
5. 对象像漂浮在不同区域，彼此几乎没有空间联系，整体场景严重不连贯。
6. 存在大量非常微弱、间断、犹豫、僵硬或严重潦草的线条。
7. 存在异常大面积涂黑、重度阴影或某个对象被明显过度强调。"
dataset/HTP/00/00/00_00_02_0042.png,00,00,01,0.06754668832401889,"【支持正常的证据】
1. 房屋、树木、人物三个核心对象均能够清楚识别，并且基本完整。
2. 三个对象在画面中的大小适中，没有全部挤在极小区域，也没有明显超出或压迫整个画面。
3. 房、树、人之间保持自然、合理的空间距离，没有明显孤立或被大片空白强行分隔。
4. 三个对象能够形成基本连贯的场景，例如共享地面、方向一致、空间位置合理，整体看起来属于同一个环境，而不是三个互不相关的符号。
5. 整体构图稳定，没有明显失衡、极端偏向某个角落或严重碎片化。
6. 线条总体连续、自然、力度相对稳定，没有大量异常断裂、极端微弱或杂乱涂画。
7. 画面具有适量细节。可以简单，但主要对象的基本结构能够表达清楚。
8. 房屋、树木、人物的比例大致协调，没有极端小型化或比例失调。
9. 房屋、树木和人物之间的相对大小基本合理，没有非常极端的尺寸差异。
10. 人物身体主要结构完整，比例不存在严重失调。
11. 整体构图稳定且场景连贯，没有明显异常的大面积涂黑。
12. 线条自然、连续，没有异常大面积涂黑。
13. 没有明显的选择性结构缺失。
14. 即使绘画较简单，其简化方式在整幅画中保持一致。

【支持异常的证据】
1. 房屋、树木、人物中的一个或多个核心对象完全缺失，且无法由裁剪、遮挡或画法解释。
2. 整幅画极度简化，只剩极少线条，大量重要结构同时消失，整体信息量异常低。
3. 房、树、人整体只占巨大画布中极小区域，周围存在大量空白。
4. 三个对象之间距离极端遥远，某个对象明显孤立，或者整个场景严重碎片化。
5. 存在大量非常微弱、间断、犹豫、僵硬或严重潦草的线条。
6. 存在异常大面积涂黑、重度阴影或某个对象被明显过度强调。"
dataset/HTP/00/00/00_00_02_0043.png,00,00,01,0.025957357762928745,"【支持正常的证据】
1. 房屋、树木、人物三个核心对象均能够清楚识别，并且基本完整。
2. 三个对象在画面中的大小适中，没有全部挤在极小区域，也没有明显超出或压迫整个画面。
3. 房、树、人之间保持自然、合理的空间距离，没有明显孤立或被大片空白强行分隔。
4. 三个对象能够形成基本连贯的场景，例如共享地面、方向一致、空间位置合理，整体看起来属于同一个环境，而不是三个互不相关的符号。
5. 整体构图稳定，没有明显失衡、极端偏向某个角落或严重碎片化。
6. 线条总体连续、自然、力度相对稳定，没有大量异常断裂、极端微弱或杂乱涂画。
7. 画面具有适量细节。可以简单，但主要对象的基本结构能够表达清楚。
8. 房屋、树木、人物的比例大致协调，没有极端小型化或比例失调。
9. 房屋、树木和人物之间的相对大小基本合理，没有非常极端的尺寸差异。
10. 整体构图稳定且场景连贯，没有明显异常的大面积涂黑、极端小型化或异常隔离。

【支持异常的证据】
1. 人物头部、躯干、手臂和腿等主要身体结构基本完整，但手臂上有一颗星星，可能是额外添加的装饰。
2. 房屋、树木和人物的比例大致协调，没有极端小型化或比例失调。
3. 房屋、树木和人物之间的相对大小基本合理，没有非常极端的尺寸差异。
4. 整体构图稳定且场景连贯，没有明显异常的大面积涂黑、极端小型化或异常隔离。"
dataset/HTP/00/00/00_00_02_0044.png,00,00,01,0.0293122327122782,"【支持正常的证据】
1. 房屋、树木、人物三个核心对象均能够清楚识别，并且基本完整。
2. 三个对象在画面中的大小适中，没有全部挤在极小区域，也没有明显超出或压迫整个画面。
3. 房、树、人之间保持自然、合理的空间距离，没有明显孤立或被大片空白强行分隔。
4. 三个对象能够形成基本连贯的场景，例如共享地面、方向一致、空间位置合理，整体看起来属于同一个环境，而不是三个互不相关的符号。
5. 整体构图稳定，没有明显失衡、极端偏向某个角落或严重碎片化。
6. 线条总体连续、自然、力度相对稳定，没有大量异常断裂、极端微弱或杂乱涂画。
7. 画面具有适量细节。可以简单，但主要对象的基本结构能够表达清楚。
8. 房屋、树木、人物的比例大致协调，没有极端小型化或比例失调。
9. 整体场景连贯，没有明显选择性结构缺失。
10. 线条自然、连续，没有异常大面积涂黑。

【支持异常的证据】
1. 人物头部、躯干、手臂和腿等主要身体结构基本完整，但手臂和腿的线条较为简单，可能是单线表示。
2. 房屋结构稳定，主要组成部分合理，但没有画出窗户。
3. 树木结构自然，没有明显截断或畸形。
4. 人物大小与房屋、树木和整个画布基本协调，没有极端小型化。
5. 整体构图稳定且场景连贯，没有明显选择性结构缺失。
6. 线条自然、连续，没有异常大面积涂黑。"
dataset/HTP/00/00/00_00_02_0045.png,00,00,01,0.09534946232842245,"【支持正常的证据】
1. 房屋、树木、人物三个核心对象均能够清楚识别，并且基本完整。
2. 三个对象在画面中的大小适中，没有全部挤在极小区域，也没有明显超出或压迫整个画面。
3. 房、树、人之间保持自然、合理的空间距离，没有明显孤立或被大片空白强行分隔。
4. 三个对象能够形成基本连贯的场景，例如共享地面、方向一致、空间位置合理，整体看起来属于同一个环境，而不是三个互不相关的符号。
5. 整体构图稳定，没有明显失衡、极端偏向某个角落或严重碎片化。
6. 线条总体连续、自然、力度相对稳定，没有大量异常断裂、极端微弱或杂乱涂画。
7. 画面具有适量细节。可以简单，但主要对象的基本结构能够表达清楚。
8. 房屋、树木、人物的比例大致协调，没有极端小型化或比例失调。
9. 房屋、树木和人物之间的关系自然，没有极端隔离或不连贯的空间关系。
10. 线条自然、连续，没有异常大面积涂黑。

【支持异常的证据】
1. 房屋、树木、人物中的一个或多个核心对象完全缺失，且无法由裁剪、遮挡或画法解释。
2. 整幅画极度简化，只剩极少线条，大量重要结构同时消失，整体信息量异常低。
3. 房、树、人整体只占巨大画布中极小区域，周围存在大量空白。
4. 三个对象之间距离极端遥远，某个对象明显孤立，或者整个场景严重碎片化。
5. 存在大量非常微弱、间断、犹豫、僵硬或严重潦草的线条。
6. 存在异常大面积涂黑、重度阴影或某个对象被明显过度强调。"
dataset/HTP/00/00/00_00_02_0046.png,00,00,01,0.11920291732853862,"【支持正常的证据】
1. 房屋、树木、人物三个核心对象均能够清楚识别，并且基本完整。
2. 三个对象在画面中的大小适中，没有全部挤在极小区域，也没有明显超出或压迫整个画面。
3. 房、树、人之间保持自然、合理的空间距离，没有明显孤立或被大片空白强行分隔。
4. 三个对象能够形成基本连贯的场景，例如共享地面、方向一致、空间位置合理，整体看起来属于同一个环境，而不是三个互不相关的符号。
5. 整体构图稳定，没有明显失衡、极端偏向某个角落或严重碎片化。
6. 线条总体连续、自然、力度相对稳定，没有大量异常断裂、极端微弱或杂乱涂画。
7. 画面具有适量细节。可以简单，但主要对象的基本结构能够表达清楚。
8. 房屋、树木、人物的比例大致协调，没有极端小型化或比例失调。
9. 房屋、树木和人物之间的关系自然，没有极端隔离或不连贯的空间关系。
10. 线条自然、连续，没有异常大面积涂黑。

【支持异常的证据】
1. 房屋、树木、人物中的一个或多个核心对象完全缺失，且无法由裁剪、遮挡或画法解释。
2. 整幅画极度简化，只剩极少线条，大量重要结构同时消失，整体信息量异常低。
3. 房、树、人整体只占巨大画布中极小区域，周围存在大量空白。
4. 三个对象之间距离极端遥远，某个对象明显孤立，或者整个场景严重碎片化。
5. 对象像漂浮在不同区域，彼此几乎没有空间联系，整体场景严重不连贯。
6. 存在大量非常微弱、间断、犹豫、僵硬或严重潦草的线条。
7. 存在异常大面积涂黑、重度阴影或某个对象被明显过度强调。"
dataset/HTP/00/00/00_00_02_0047.png,00,00,01,0.11920291732853862,"【支持正常的证据】
1. 房屋、树木、人物三个核心对象均能够清楚识别，并且基本完整。
2. 三个对象在画面中的大小适中，没有全部挤在极小区域，也没有明显超出或压迫整个画面。
3. 房、树、人之间保持自然、合理的空间距离，没有明显孤立或被大片空白强行分隔。
4. 三个对象能够形成基本连贯的场景，例如共享地面、方向一致、空间位置合理，整体看起来属于同一个环境，而不是三个互不相关的符号。
5. 整体构图稳定，没有明显失衡、极端偏向某个角落或严重碎片化。
6. 线条总体连续、自然、力度相对稳定，没有大量异常断裂、极端微弱或杂乱涂画。
7. 画面具有适量细节。可以简单，但主要对象的基本结构能够表达清楚。
8. 如果存在草地、道路、太阳、云、花、地面等环境元素，并且与主体自然结合，可以作为场景完整和组织良好的积极证据。
9. 没有大面积、无明显绘画目的的异常涂黑、重阴影或局部反复强调。

【支持异常的证据】
1. 房屋、树木、人物中的一个或多个核心对象完全缺失，且无法由裁剪、遮挡或画法解释。
2. 整幅画极度简化，只剩极少线条，大量重要结构同时消失，整体信息量异常低。
3. 房、树、人整体只占巨大画布中极小区域，周围存在大量空白。
4. 三个对象之间距离极端遥远，某个对象明显孤立，或者整个场景严重碎片化。
5. 对象像漂浮在不同区域，彼此几乎没有空间联系，整体场景严重不连贯。
6. 存在大量非常微弱、间断、犹豫、僵硬或严重潦草的线条。
7. 存在异常大面积涂黑、重度阴影或某个对象被明显过度强调。"
dataset/HTP/00/00/00_00_02_0048.png,00,00,01,0.012431653620200803,"【支持正常的证据】
1. 房屋、树木、人物三个核心对象均能够清楚识别，并且基本完整。
2. 三个对象在画面中的大小适中，没有全部挤在极小区域，也没有明显超出或压迫整个画面。
3. 房、树、人之间保持自然、合理的空间距离，没有明显孤立或被大片空白强行分隔。
4. 三个对象能够形成基本连贯的场景，例如共享地面、方向一致、空间位置合理，整体看起来属于同一个环境，而不是三个互不相关的符号。
5. 整体构图稳定，没有明显失衡、极端偏向某个角落或严重碎片化。
6. 线条总体连续、自然、力度相对稳定，没有大量异常断裂、极端微弱或杂乱涂画。
7. 画面具有适量细节。可以简单，但主要对象的基本结构能够表达清楚。
8. 房屋、树木、人物的比例大致协调，没有极端小型化或比例失调。
9. 房屋、树木和人物之间的相对大小基本合理，没有非常极端的尺寸差异。
10. 人物身体主要结构完整，比例不存在严重失调。
11. 整体构图稳定且场景连贯，没有明显异常的大面积涂黑。
12. 人物没有明显选择性结构缺失，四肢和头部等主要部位都存在。
13. 房屋结构稳定，主要组成部分合理，没有明显倒塌、断裂或严重几何变形。
14. 树木结构自然，没有严重截断或畸形。
15. 画面存在多个相互独立的正常积极特征，如房屋、树木和人物全部存在且基本完整。

【支持异常的证据】
1. 无明显异常特征。"
dataset/HTP/00/00/00_00_02_0049.png,00,00,01,0.13296423160844623,"【支持正常的证据】
1. 房屋、树木、人物三个核心对象均能够清楚识别，并且基本完整。
2. 三个对象在画面中的大小适中，没有全部挤在极小区域，也没有明显超出或压迫整个画面。
3. 房、树、人之间保持自然、合理的空间距离，没有明显孤立或被大片空白强行分隔。
4. 三个对象能够形成基本连贯的场景，例如共享地面、方向一致、空间位置合理，整体看起来属于同一个环境。
5. 整体构图稳定，没有明显失衡、极端偏向某个角落或严重碎片化。
6. 线条总体连续、自然、力度相对稳定，没有大量异常断裂、极端微弱或杂乱涂画。
7. 画面具有适量细节。可以简单，但主要对象的基本结构能够表达清楚。
8. 房屋、树木、人物的比例大致协调，没有极端小型化或比例失调。
9. 整体场景连贯，没有明显选择性结构缺失。
10. 线条自然、连续，没有异常大面积涂黑。

【支持异常的证据】
1. 房屋、树木、人物中的一个或多个核心对象完全缺失，且无法由裁剪、遮挡或画法解释。
2. 整幅画极度简化，只剩极少线条，大量重要结构同时消失，整体信息量异常低。
3. 房、树、人整体只占巨大画布中极小区域，周围存在大量空白。
4. 三个对象之间距离极端遥远，某个对象明显孤立，或者整个场景严重碎片化。
5. 存在大量非常微弱、间断、犹豫、僵硬或严重潦草的线条。
6. 存在异常大面积涂黑、重度阴影或某个对象被明显过度强调。"
dataset/HTP/00/00/00_00_02_0050.png,00,00,01,0.014063626423394072,"【支持正常的证据】
1. 房屋、树木、人物三个核心对象均能够清楚识别，并且基本完整。
2. 三个对象在画面中的大小适中，没有全部挤在极小区域，也没有明显超出或压迫整个画面。
3. 房、树、人之间保持自然、合理的空间距离，没有明显孤立或被大片空白强行分隔。
4. 三个对象能够形成基本连贯的场景，例如共享地面、方向一致、空间位置合理，整体看起来属于同一个环境，而不是三个互不相关的符号。
5. 整体构图稳定，没有明显失衡、极端偏向某个角落或严重碎片化。
6. 线条总体连续、自然、力度相对稳定，没有大量异常断裂、极端微弱或杂乱涂画。
7. 画面具有适量细节。可以简单，但主要对象的基本结构能够表达清楚。
8. 房屋、树木、人物的比例大致协调，没有极端小型化或比例失调。
9. 房屋、树木和人物之间的相对大小基本合理，没有非常极端的尺寸差异。
10. 人物身体主要结构完整，比例不存在严重失调。
11. 整体构图稳定且场景连贯，没有明显异常的大面积涂黑。
12. 人物没有明显选择性结构缺失，四肢和五官基本存在。
13. 房屋结构稳定，主要组成部分合理，没有明显倒塌、断裂或严重几何变形。
14. 树木结构自然，没有严重截断或畸形。
15. 画面存在多个相互独立的正常积极特征。

【支持异常的证据】
1. 无明显异常特征。"
dataset/HTP/00/00/00_00_02_0051.png,00,00,01,0.11920291732853862,"【支持正常的证据】
1. 房屋、树木、人物三个核心对象均能够清楚识别，并且基本完整。
2. 三个对象在画面中的大小适中，没有全部挤在极小区域，也没有明显超出或压迫整个画面。
3. 房、树、人之间保持自然、合理的空间距离，没有明显孤立或被大片空白强行分隔。
4. 三个对象能够形成基本连贯的场景，例如共享地面、方向一致、空间位置合理，整体看起来属于同一个环境，而不是三个互不相关的符号。
5. 整体构图稳定，没有明显失衡、极端偏向某个角落或严重碎片化。
6. 线条总体连续、自然、力度相对稳定，没有大量异常断裂、极端微弱或杂乱涂画。
7. 画面具有适量细节。可以简单，但主要对象的基本结构能够表达清楚。
8. 没有大面积、无明显绘画目的的异常涂黑、重阴影或局部反复强调。

【支持异常的证据】
1. 房屋、树木、人物中的一个或多个核心对象完全缺失，且无法由裁剪、遮挡或画法解释。
2. 整幅画极度简化，只剩极少线条，大量重要结构同时消失，整体信息量异常低。
3. 房、树、人整体只占巨大画布中极小区域，周围存在大量空白。
4. 三个对象之间距离极端遥远，某个对象明显孤立，或者整个场景严重碎片化。
5. 对象像漂浮在不同区域，彼此几乎没有空间联系，整体场景严重不连贯。
6. 存在大量非常微弱、间断、犹豫、僵硬或严重潦草的线条。
7. 存在异常大面积涂黑、重度阴影或某个对象被明显过度强调。"
dataset/HTP/00/00/00_00_02_0052.png,00,00,01,0.0293122327122782,"【支持正常的证据】
1. 房屋、树木、人物三个核心对象均能够清楚识别，并且基本完整。
2. 三个对象在画面中的大小适中，没有全部挤在极小区域，也没有明显超出或压迫整个画面。
3. 房、树、人之间保持自然、合理的空间距离，没有明显孤立或被大片空白强行分隔。
4. 三个对象能够形成基本连贯的场景，例如共享地面、方向一致、空间位置合理，整体看起来属于同一个环境，而不是三个互不相关的符号。
5. 整体构图稳定，没有明显失衡、极端偏向某个角落或严重碎片化。
6. 线条总体连续、自然、力度相对稳定，没有大量异常断裂、极端微弱或杂乱涂画。
7. 画面具有适量细节。可以简单，但主要对象的基本结构能够表达清楚。
8. 房屋、树木、人物的比例大致协调，没有极端小型化或比例失调。
9. 房屋、树木和人物之间的相对大小基本合理，没有非常极端的尺寸差异。
10. 人物身体主要结构完整，比例不存在严重失调。
11. 整体构图稳定且场景连贯，没有明显异常的大面积涂黑。
12. 人物没有明显选择性结构缺失，如缺少手臂或腿部。
13. 人物身体各部分连接关系自然，没有明显断裂、错位或无法解释的结构缺失。
14. 人物大小与房屋、树木和整个画布基本协调，不存在极端小型化。
15. 人物采用火柴人、单线手臂或单线腿的简单风格时，如果整个人物风格统一并且结构完整，不能因为简单就判断异常。
16. 人物可以正面、侧面或其他姿势，只要身体结构基本合理，都可以属于正常表现。
17. 人物没有明显异常的大面积涂黑。
18. 人物没有明显的选择性结构缺失，如缺少脸部或主要肢体。
19. 人物没有明显的选择性缺失，如缺少手臂或腿部。
20. 人物没有明显的选择性缺失，如缺少头部或躯干。
21. 人物没有明显的选择性缺失，如缺少眼睛、鼻子、嘴巴等主要面部特征。
22. 人物没有明显的选择性缺失，如缺少头发或衣服。
23. 人物没有明显的选择性缺失，如缺少手或脚。
24. 人物没有明显的选择性缺失，如缺少手指或脚趾。
25. 人物没有明显的选择性缺失，如缺少耳朵或眉毛。
26. 人物没有明显的选择性缺失，如缺少牙齿或舌头。
27. 人物没有明显的选择性缺失，如缺少眼睛或瞳孔。
28. 人物没有明显的选择性"
dataset/HTP/00/00/00_00_02_0053.png,00,00,01,0.014063626423394072,"【支持正常的证据】
1. 房屋、树木、人物三个核心对象均能够清楚识别，并且基本完整。
2. 三个对象在画面中的大小适中，没有全部挤在极小区域，也没有明显超出或压迫整个画面。
3. 房、树、人之间保持自然、合理的空间距离，没有明显孤立或被大片空白强行分隔。
4. 三个对象能够形成基本连贯的场景，例如共享地面、方向一致、空间位置合理，整体看起来属于同一个环境，而不是三个互不相关的符号。
5. 整体构图稳定，没有明显失衡、极端偏向某个角落或严重碎片化。
6. 线条总体连续、自然、力度相对稳定，没有大量异常断裂、极端微弱或杂乱涂画。
7. 画面具有适量细节。可以简单，但主要对象的基本结构能够表达清楚。
8. 房屋、树木、人物的比例大致协调，没有极端小型化或比例失调。
9. 房屋、树木和人物之间的相对大小基本合理，没有非常极端的尺寸差异。
10. 人物身体主要结构完整，比例不存在严重失调。
11. 整体构图稳定且场景连贯，没有明显异常的大面积涂黑。
12. 人物没有明显选择性结构缺失，四肢和五官比例协调。
13. 房屋结构稳定，主要组成部分合理。
14. 树木结构自然，没有严重截断或畸形。
15. 画面存在多个相互独立的正常积极特征。

【支持异常的证据】
1. 无。"
dataset/HTP/00/00/00_00_02_0054.png,00,00,01,0.07585817323116976,"【支持正常的证据】
1. 房屋、树木、人物三个核心对象均能够清楚识别，并且基本完整。
2. 三个对象在画面中的大小适中，没有全部挤在极小区域，也没有明显超出或压迫整个画面。
3. 房、树、人之间保持自然、合理的空间距离，没有明显孤立或被大片空白强行分隔。
4. 三个对象能够形成基本连贯的场景，例如共享地面、方向一致、空间位置合理，整体看起来属于同一个环境，而不是三个互不相关的符号。
5. 整体构图稳定，没有明显失衡、极端偏向某个角落或严重碎片化。
6. 线条总体连续、自然、力度相对稳定，没有大量异常断裂、极端微弱或杂乱涂画。
7. 画面具有适量细节。可以简单，但主要对象的基本结构能够表达清楚。
8. 房屋、树木、人物的比例大致协调，没有极端小型化或比例失调。
9. 整体场景连贯，没有明显选择性结构缺失。
10. 线条自然、连续，没有异常大面积涂黑。

【支持异常的证据】
1. 房屋、树木、人物中的一个或多个核心对象完全缺失，且无法由裁剪、遮挡或画法解释。
2. 整幅画极度简化，只剩极少线条，大量重要结构同时消失，整体信息量异常低。
3. 房、树、人整体只占巨大画布中极小区域，周围存在大量空白。
4. 三个对象之间距离极端遥远，某个对象明显孤立，或者整个场景严重碎片化。
5. 存在大量非常微弱、间断、犹豫、僵硬或严重潦草的线条。
6. 存在异常大面积涂黑、重度阴影或某个对象被明显过度强调。"
dataset/HTP/00/00/00_00_02_0055.png,00,00,01,0.14804719991116141,"【支持正常的证据】
1. 房屋、树木、人物三个核心对象均能够清楚识别，并且基本完整。
2. 三个对象在画面中的大小适中，没有全部挤在极小区域，也没有明显超出或压迫整个画面。
3. 房、树、人之间保持自然、合理的空间距离，没有明显孤立或被大片空白强行分隔。
4. 三个对象能够形成基本连贯的场景，例如共享地面、方向一致、空间位置合理，整体看起来属于同一个环境，而不是三个互不相关的符号。
5. 整体构图稳定，没有明显失衡、极端偏向某个角落或严重碎片化。
6. 线条总体连续、自然、力度相对稳定，没有大量异常断裂、极端微弱或杂乱涂画。
7. 画面具有适量细节。可以简单，但主要对象的基本结构能够表达清楚。
8. 房屋、树木、人物的比例大致协调，没有极端小型化或比例失调。
9. 整体场景连贯，没有明显选择性结构缺失。
10. 线条自然、连续，没有异常大面积涂黑。

【支持异常的证据】
1. 人物明显没有完成，例如主要身体区域完全缺失、头部缺失、躯干缺失、多个必要身体部分缺失，或者身体不同部分明显断开。
2. 房屋、树木和人物分别孤立在互不相关的区域。
3. 三个对象的尺寸比例严重不协调。
4. 不同对象之间在空间上和语义上明显断开，无法组成基本连贯场景。"
dataset/HTP/00/00/00_00_02_0056.png,00,00,01,0.01798621187025419,"【支持正常的证据】
1. 房屋、树木、人物三个核心对象均能够清楚识别，并且基本完整。
2. 三个对象在画面中的大小适中，没有全部挤在极小区域，也没有明显超出或压迫整个画面。
3. 房、树、人之间保持自然、合理的空间距离，没有明显孤立或被大片空白强行分隔。
4. 三个对象能够形成基本连贯的场景，例如共享地面、方向一致、空间位置合理，整体看起来属于同一个环境，而不是三个互不相关的符号。
5. 整体构图稳定，没有明显失衡、极端偏向某个角落或严重碎片化。
6. 线条总体连续、自然、力度相对稳定，没有大量异常断裂、极端微弱或杂乱涂画。
7. 画面具有适量细节。可以简单，但主要对象的基本结构能够表达清楚。
8. 房屋、树木、人物的比例大致协调，没有极端小型化或比例失调。
9. 房屋、树木和人物之间的相对大小基本合理，没有非常极端的尺寸差异。
10. 人物身体主要结构完整，比例不存在严重失调。
11. 整体构图稳定且场景连贯，没有明显异常的大面积涂黑。
12. 人物没有明显选择性结构缺失，四肢和五官比例协调。
13. 画面中存在少量细节，如树木的树冠和人物的头发，但没有夸张或不自然的装饰。
14. 人物和房屋、树木之间保持自然距离，没有极端隔离。

【支持异常的证据】
1. 无明显异常涂黑、重度阴影或局部反复强调。
2. 无房屋、树木或人物完全缺失的情况。
3. 无房屋、树木或人物结构严重扭曲或怪异。
4. 无人物明显不完整，如缺少手臂、腿部或头部。
5. 无房屋、树木或人物被异常重度涂黑。
6. 无多个对象分别存在严重异常。
7. 无整体画面极端微小或极度简化的情况。
8. 无人物被异常重度涂黑。
9. 无房屋、树木和人物分别孤立在互不相关的区域。
10. 无多个对象之间极端分离或空间隔离。
11. 无人物被异常重度涂黑。
12. 无房屋、树木或人物被异常重度涂黑。
13. 无多个对象分别存在严重异常。
14. 无整体画面极端微小或极度简化的情况。"
dataset/HTP/00/00/00_00_02_0057.png,00,00,01,0.060086650384398026,"【支持正常的证据】
1. 房屋、树木、人物三个核心对象均能够清楚识别，并且基本完整。
2. 三个对象在画面中的大小适中，没有全部挤在极小区域，也没有明显超出或压迫整个画面。
3. 房、树、人之间保持自然、合理的空间距离，没有明显孤立或被大片空白强行分隔。
4. 三个对象能够形成基本连贯的场景，例如共享地面、方向一致、空间位置合理，整体看起来属于同一个环境，而不是三个互不相关的符号。
5. 整体构图稳定，没有明显失衡、极端偏向某个角落或严重碎片化。
6. 线条总体连续、自然、力度相对稳定，没有大量异常断裂、极端微弱或杂乱涂画。
7. 画面具有适量细节。可以简单，但主要对象的基本结构能够表达清楚。
8. 房屋、树木、人物的比例大致协调，没有极端小型化或比例失调。
9. 房屋、树木和人物的相对大小基本合理，没有非常极端的尺寸差异。
10. 人物身体主要结构完整，比例不存在严重失调。
11. 整体构图稳定且场景连贯，没有明显异常的大面积涂黑。
12. 线条自然、连续，没有异常大面积涂黑。
13. 没有明显的选择性结构缺失。
14. 即使绘画较简单，其简化方式在整幅画中保持一致。
15. 仅存在少数能够由绘画水平、年龄、风格或普通构图解释的轻微异常。

【支持异常的证据】
1. 房屋、树木、人物中的一个或多个核心对象完全缺失，且无法由裁剪、遮挡或画法解释。
2. 整幅画极度简化，只剩极少线条，大量重要结构同时消失，整体信息量异常低。
3. 房、树、人整体只占巨大画布中极小区域，周围存在大量空白。
4. 三个对象之间距离极端遥远，某个对象明显孤立，或者整个场景严重碎片化。
5. 存在大量非常微弱、间断、犹豫、僵硬或严重潦草的线条。
6. 存在异常大面积涂黑、重度阴影或某个对象被明显过度强调。"
dataset/HTP/00/00/00_00_02_0058.png,00,00,01,0.010986941578116865,"【支持正常的证据】
1. 房屋、树木、人物三个核心对象均能够清楚识别，并且基本完整。
2. 三个对象在画面中的大小适中，没有全部挤在极小区域，也没有明显超出或压迫整个画面。
3. 房、树、人之间保持自然、合理的空间距离，没有明显孤立或被大片空白强行分隔。
4. 三个对象能够形成基本连贯的场景，例如共享地面、方向一致、空间位置合理，整体看起来属于同一个环境，而不是三个互不相关的符号。
5. 整体构图稳定，没有明显失衡、极端偏向某个角落或严重碎片化。
6. 线条总体连续、自然、力度相对稳定，没有大量异常断裂、极端微弱或杂乱涂画。
7. 画面具有适量细节。可以简单，但主要对象的基本结构能够表达清楚。
8. 房屋、树木、人物的比例大致协调，没有极端小型化或比例失调。
9. 整体场景连贯，没有明显选择性结构缺失。
10. 线条自然、连续，没有异常大面积涂黑。

【支持异常的证据】
1. 无明显异常特征。"
dataset/HTP/00/00/00_00_02_0059.png,00,00,01,0.014063626423394072,"【支持正常的证据】
1. 房屋、树木、人物三个核心对象均能够清楚识别，并且基本完整。
2. 三个对象在画面中的大小适中，没有全部挤在极小区域，也没有明显超出或压迫整个画面。
3. 房、树、人之间保持自然、合理的空间距离，没有明显孤立或被大片空白强行分隔。
4. 三个对象能够形成基本连贯的场景，例如共享地面、方向一致、空间位置合理，整体看起来属于同一个环境，而不是三个互不相关的符号。
5. 整体构图稳定，没有明显失衡、极端偏向某个角落或严重碎片化。
6. 线条总体连续、自然、力度相对稳定，没有大量异常断裂、极端微弱或杂乱涂画。
7. 画面具有适量细节。可以简单，但主要对象的基本结构能够表达清楚。
8. 房屋、树木、人物的比例大致协调，没有极端小型化或比例失调。
9. 房屋、树木和人物之间的关系自然，没有极端隔离或不连贯的空间关系。
10. 线条自然、连续，没有异常大面积涂黑。

【支持异常的证据】
1. 无明显异常特征。"
dataset/HTP/00/00/00_00_02_0060.png,00,00,01,0.08509904732734556,"【支持正常的证据】
1. 房屋、树木、人物三个核心对象均能够清楚识别，并且基本完整。
2. 三个对象在画面中的大小适中，没有全部挤在极小区域，也没有明显超出或压迫整个画面。
3. 房、树、人之间保持自然、合理的空间距离，没有明显孤立或被大片空白强行分隔。
4. 三个对象能够形成基本连贯的场景，例如共享地面、方向一致、空间位置合理，整体看起来属于同一个环境，而不是三个互不相关的符号。
5. 整体构图稳定，没有明显失衡、极端偏向某个角落或严重碎片化。
6. 线条总体连续、自然、力度相对稳定，没有大量异常断裂、极端微弱或杂乱涂画。
7. 画面具有适量细节。可以简单，但主要对象的基本结构能够表达清楚。
8. 没有大面积、无明显绘画目的的异常涂黑、重阴影或局部反复强调。

【支持异常的证据】
1. 房屋、树木、人物中的一个或多个核心对象完全缺失，且无法由裁剪、遮挡或画法解释。
2. 整幅画极度简化，只剩极少线条，大量重要结构同时消失，整体信息量异常低。
3. 房、树、人整体只占巨大画布中极小区域，周围存在大量空白。
4. 三个对象之间距离极端遥远，某个对象明显孤立，或者整个场景严重碎片化。
5. 对象像漂浮在不同区域，彼此几乎没有空间联系，整体场景严重不连贯。
6. 存在大量非常微弱、间断、犹豫、僵硬或严重潦草的线条。
7. 存在异常大面积涂黑、重度阴影或某个对象被明显过度强调。"
dataset/HTP/00/00/00_00_02_0061.png,00,00,01,0.16451646904109268,"【支持正常的证据】
1. 房屋、树木、人物三个核心对象均能够清楚识别，并且基本完整。
2. 三个对象在画面中的大小适中，没有全部挤在极小区域，也没有明显超出或压迫整个画面。
3. 房、树、人之间保持自然、合理的空间距离，没有明显孤立或被大片空白强行分隔。
4. 三个对象能够形成基本连贯的场景，例如共享地面、方向一致、空间位置合理，整体看起来属于同一个环境。
5. 整体构图稳定，没有明显失衡、极端偏向某个角落或严重碎片化。
6. 线条总体连续、自然、力度相对稳定，没有大量异常断裂、极端微弱或杂乱涂画。
7. 画面具有适量细节。可以简单，但主要对象的基本结构能够表达清楚。
8. 房屋、树木、人物的比例大致协调，没有极端小型化或比例失调。
9. 房屋、树木和人物之间的关系自然，没有极端隔离或空间关系异常。
10. 线条自然、连续，没有异常大面积涂黑。

【支持异常的证据】
1. 人物缺少手臂，手臂被选择性省略。
2. 房屋缺少窗户，窗户被选择性省略。
3. 树木缺少叶子，树冠被选择性省略。"
dataset/HTP/00/00/00_00_02_0062.png,00,00,01,0.012431653620200803,"【支持正常的证据】
1. 房屋、树木、人物三个核心对象均能够清楚识别，并且基本完整。
2. 三个对象在画面中的大小适中，没有全部挤在极小区域，也没有明显超出或压迫整个画面。
3. 房、树、人之间保持自然、合理的空间距离，没有明显孤立或被大片空白强行分隔。
4. 三个对象能够形成基本连贯的场景，例如共享地面、方向一致、空间位置合理，整体看起来属于同一个环境，而不是三个互不相关的符号。
5. 整体构图稳定，没有明显失衡、极端偏向某个角落或严重碎片化。
6. 线条总体连续、自然、力度相对稳定，没有大量异常断裂、极端微弱或杂乱涂画。
7. 画面具有适量细节。可以简单，但主要对象的基本结构能够表达清楚。
8. 房屋、树木、人物的比例大致协调，没有极端小型化或比例失调。
9. 房屋、树木和人物之间的相对大小基本合理，没有非常极端的尺寸差异。
10. 人物身体主要结构完整，比例不存在严重失调。
11. 整体构图稳定且场景连贯，没有明显异常的大面积涂黑。
12. 线条自然、连续，没有异常大面积涂黑。
13. 没有明显的选择性结构缺失。
14. 即使绘画较简单，其简化方式在整幅画中保持一致。
15. 仅存在少数能够由绘画水平、年龄、风格或普通构图解释的轻微异常。

【支持异常的证据】
1. 无明显异常特征。"
dataset/HTP/00/00/00_00_02_0063.png,00,00,01,0.16451646904109268,"【支持正常的证据】
1. 房屋、树木、人物三个核心对象均能够清楚识别，并且基本完整。
2. 三个对象在画面中的大小适中，没有全部挤在极小区域，也没有明显超出或压迫整个画面。
3. 房、树、人之间保持自然、合理的空间距离，没有明显孤立或被大片空白强行分隔。
4. 三个对象能够形成基本连贯的场景，例如共享地面、方向一致、空间位置合理，整体看起来属于同一个环境，而不是三个互不相关的符号。
5. 整体构图稳定，没有明显失衡、极端偏向某个角落或严重碎片化。
6. 线条总体连续、自然、力度相对稳定，没有大量异常断裂、极端微弱或杂乱涂画。
7. 画面具有适量细节。可以简单，但主要对象的基本结构能够表达清楚。
8. 房屋、树木、人物的比例大致协调，没有极端小型化或比例失调。
9. 整体场景连贯，没有明显选择性结构缺失。
10. 线条自然、连续，没有异常大面积涂黑。

【支持异常的证据】
1. 人物明显没有完成，例如主要身体区域完全缺失、头部缺失、躯干缺失、多个必要身体部分缺失，或者身体不同部分明显断开。
2. 房屋、树木和人物分别孤立在互不相关的区域。
3. 三个对象的尺寸比例严重不协调。
4. 不同对象之间在空间上和语义上明显断开，无法组成基本连贯场景。"
dataset/HTP/00/00/00_00_02_0064.png,00,00,01,0.14804719991116141,"【支持正常的证据】
1. 房屋、树木、人物三个核心对象均能够清楚识别，并且基本完整。
2. 三个对象在画面中的大小适中，没有全部挤在极小区域，也没有明显超出或压迫整个画面。
3. 房、树、人之间保持自然、合理的空间距离，没有明显孤立或被大片空白强行分隔。
4. 三个对象能够形成基本连贯的场景，例如共享地面、方向一致、空间位置合理，整体看起来属于同一个环境，而不是三个互不相关的符号。
5. 整体构图稳定，没有明显失衡、极端偏向某个角落或严重碎片化。
6. 线条总体连续、自然、力度相对稳定，没有大量异常断裂、极端微弱或杂乱涂画。
7. 画面具有适量细节。可以简单，但主要对象的基本结构能够表达清楚。
8. 房屋、树木、人物的比例大致协调，没有极端小型化或比例失调。
9. 整体场景连贯，没有明显选择性结构缺失。
10. 线条自然、连续，没有异常大面积涂黑。

【支持异常的证据】
1. 人物明显没有完成，例如主要身体区域完全缺失、头部缺失、躯干缺失、多个必要身体部分缺失，或者身体不同部分明显断开。
2. 房屋、树木和人物分别孤立在互不相关的区域。
3. 三个对象的尺寸比例严重不协调。
4. 不同对象之间在空间上和语义上明显断开，无法组成基本连贯场景。"
dataset/HTP/00/00/00_00_02_0065.png,00,00,01,0.13296423160844623,"【支持正常的证据】
1. 房屋、树木、人物三个核心对象均能够清楚识别，并且基本完整。
2. 三个对象在画面中的大小适中，没有全部挤在极小区域，也没有明显超出或压迫整个画面。
3. 房、树、人之间保持自然、合理的空间距离，没有明显孤立或被大片空白强行分隔。
4. 三个对象能够形成基本连贯的场景，例如共享地面、方向一致、空间位置合理，整体看起来属于同一个环境，而不是三个互不相关的符号。
5. 整体构图稳定，没有明显失衡、极端偏向某个角落或严重碎片化。
6. 线条总体连续、自然、力度相对稳定，没有大量异常断裂、极端微弱或杂乱涂画。
7. 画面具有适量细节。可以简单，但主要对象的基本结构能够表达清楚。
8. 房屋、树木、人物的比例大致协调，没有极端小型化或比例失调。
9. 整体场景连贯，没有明显选择性结构缺失。
10. 线条自然、连续，没有异常大面积涂黑。

【支持异常的证据】
1. 房屋、树木、人物中的一个或多个核心对象完全缺失，且无法由裁剪、遮挡或画法解释。
2. 整幅画极度简化，只剩极少线条，大量重要结构同时消失，整体信息量异常低。
3. 房、树、人整体只占巨大画布中极小区域，周围存在大量空白。
4. 三个对象之间距离极端遥远，某个对象明显孤立，或者整个场景严重碎片化。
5. 存在大量非常微弱、间断、犹豫、僵硬或严重潦草的线条。
6. 存在异常大面积涂黑、重度阴影或某个对象被明显过度强调。"
dataset/HTP/00/00/00_00_02_0066.png,00,00,01,0.14804719991116141,"【支持正常的证据】
1. 房屋、树木、人物三个核心对象均能够清楚识别，并且基本完整。
2. 三个对象在画面中的大小适中，没有全部挤在极小区域，也没有明显超出或压迫整个画面。
3. 房、树、人之间保持自然、合理的空间距离，没有明显孤立或被大片空白强行分隔。
4. 三个对象能够形成基本连贯的场景，例如共享地面、方向一致、空间位置合理，整体看起来属于同一个环境，而不是三个互不相关的符号。
5. 整体构图稳定，没有明显失衡、极端偏向某个角落或严重碎片化。
6. 线条总体连续、自然、力度相对稳定，没有大量异常断裂、极端微弱或杂乱涂画。
7. 画面具有适量细节。可以简单，但主要对象的基本结构能够表达清楚。
8. 房屋、树木、人物的比例大致协调，没有极端小型化或比例失调。
9. 整体场景连贯，没有明显选择性结构缺失。
10. 线条自然、连续，没有异常大面积涂黑。

【支持异常的证据】
1. 人物明显没有完成，例如主要身体区域完全缺失、头部缺失、躯干缺失、多个必要身体部分缺失，或者身体不同部分明显断开。
2. 房屋、树木和人物分别孤立在互不相关的区域。
3. 三个对象的尺寸比例严重不协调。
4. 不同对象之间在空间上和语义上明显断开，无法组成基本连贯场景。"
dataset/HTP/00/00/00_00_02_0067.png,00,00,01,0.009708474753363424,"【支持正常的证据】
1. 房屋、树木、人物三个核心对象均能够清楚识别，并且基本完整。
2. 三个对象在画面中的大小适中，没有全部挤在极小区域，也没有明显超出或压迫整个画面。
3. 房、树、人之间保持自然、合理的空间距离，没有明显孤立或被大片空白强行分隔。
4. 三个对象能够形成基本连贯的场景，例如共享地面、方向一致、空间位置合理，整体看起来属于同一个环境，而不是三个互不相关的符号。
5. 整体构图稳定，没有明显失衡、极端偏向某个角落或严重碎片化。
6. 线条总体连续、自然、力度相对稳定，没有大量异常断裂、极端微弱或杂乱涂画。
7. 画面具有适量细节。可以简单，但主要对象的基本结构能够表达清楚。
8. 房屋、树木、人物的比例大致协调，没有极端小型化或比例失调。
9. 房屋、树木和人物之间的相对大小基本合理，没有非常极端的尺寸差异。
10. 人物身体主要结构完整，比例不存在严重失调。
11. 整体构图稳定且场景连贯，没有明显异常的大面积涂黑。
12. 人物没有明显的选择性结构缺失，四肢和五官比例协调。
13. 画面中没有出现极端小型化、异常隔离或大面积异常涂黑的情况。
14. 人物和房屋、树木之间保持自然距离，没有极端隔离。
15. 人物能够自然地处于房屋和树木形成的环境中，而不是完全脱离其他对象。

【支持异常的证据】
1. 无。"
dataset/HTP/00/00/00_00_02_0068.png,00,00,01,0.009708474753363424,"【支持正常的证据】
1. 房屋、树木、人物三个核心对象均能够清楚识别，并且基本完整。
2. 三个对象在画面中的大小适中，没有全部挤在极小区域，也没有明显超出或压迫整个画面。
3. 房、树、人之间保持自然、合理的空间距离，没有明显孤立或被大片空白强行分隔。
4. 三个对象能够形成基本连贯的场景，例如共享地面、方向一致、空间位置合理，整体看起来属于同一个环境，而不是三个互不相关的符号。
5. 整体构图稳定，没有明显失衡、极端偏向某个角落或严重碎片化。
6. 线条总体连续、自然、力度相对稳定，没有大量异常断裂、极端微弱或杂乱涂画。
7. 画面具有适量细节。可以简单，但主要对象的基本结构能够表达清楚。
8. 房屋、树木、人物的比例大致协调，没有极端小型化或比例失调。
9. 整体构图稳定且场景连贯，没有明显异常的大面积涂黑、极端小型化或异常隔离。
10. 人物身体主要结构完整，比例不存在严重失调。

【支持异常的证据】
1. 无明显异常特征。"
dataset/HTP/00/00/00_00_02_0069.png,00,00,01,0.03308597922294221,"【支持正常的证据】
1. 房屋、树木、人物三个核心对象均能够清楚识别，并且基本完整。
2. 三个对象在画面中的大小适中，没有全部挤在极小区域，也没有明显超出或压迫整个画面。
3. 房、树、人之间保持自然、合理的空间距离，没有明显孤立或被大片空白强行分隔。
4. 三个对象能够形成基本连贯的场景，例如共享地面、方向一致、空间位置合理，整体看起来属于同一个环境，而不是三个互不相关的符号。
5. 整体构图稳定，没有明显失衡、极端偏向某个角落或严重碎片化。
6. 线条总体连续、自然、力度相对稳定，没有大量异常断裂、极端微弱或杂乱涂画。
7. 画面具有适量细节。可以简单，但主要对象的基本结构能够表达清楚。
8. 房屋、树木、人物的比例大致协调，没有极端小型化或比例失调。
9. 房屋、树木和人物之间的相对大小基本合理，没有非常极端的尺寸差异。
10. 整体构图稳定且场景连贯，没有明显异常的大面积涂黑、极端小型化或异常隔离。

【支持异常的证据】
1. 人物头部、躯干、手臂和腿等主要身体结构基本完整，但存在一些细节不足，如眼睛、鼻子、嘴巴等面部特征未完全描绘。
2. 房屋结构较为简单，但没有明显选择性缺失，整体比例协调。
3. 树木结构自然，没有明显截断或畸形。
4. 房屋、树木和人物之间保持自然距离，没有极端隔离。
5. 人物大小与房屋、树木和整个画布基本协调，没有极端小型化。
6. 线条总体连续、自然，没有大量异常断裂或极端微弱的涂画。
7. 整体构图稳定，没有明显失衡或碎片化。
8. 人物身体主要结构完整，比例不存在严重失调。
9. 房屋、树木和人物之间的相对大小基本合理，没有非常极端的尺寸差异。
10. 整体构图稳定且场景连贯，没有明显异常的大面积涂黑、极端小型化或异常隔离。"
dataset/HTP/00/00/00_00_02_0070.png,00,00,01,0.009708474753363424,"【支持正常的证据】
1. 房屋、树木、人物三个核心对象均能够清楚识别，并且基本完整。
2. 三个对象在画面中的大小适中，没有全部挤在极小区域，也没有明显超出或压迫整个画面。
3. 房、树、人之间保持自然、合理的空间距离，没有明显孤立或被大片空白强行分隔。
4. 三个对象能够形成基本连贯的场景，例如共享地面、方向一致、空间位置合理，整体看起来属于同一个环境，而不是三个互不相关的符号。
5. 整体构图稳定，没有明显失衡、极端偏向某个角落或严重碎片化。
6. 线条总体连续、自然、力度相对稳定，没有大量异常断裂、极端微弱或杂乱涂画。
7. 画面具有适量细节。可以简单，但主要对象的基本结构能够表达清楚。
8. 房屋、树木、人物的比例大致协调，没有极端小型化或比例失调。
9. 房屋、树木和人物之间的相对大小基本合理，没有非常极端的尺寸差异。
10. 人物身体主要结构完整，比例不存在严重失调。
11. 整体构图稳定且场景连贯，没有明显异常的大面积涂黑。
12. 人物没有明显的选择性结构缺失，四肢和五官比例协调。
13. 画面中没有出现极端小型化、异常隔离或大面积异常涂黑的情况。
14. 人物和房屋、树木之间保持自然距离，没有极端隔离。
15. 人物能够自然地处于房屋和树木形成的环境中，而不是完全脱离其他对象。

【支持异常的证据】
1. 无。"
dataset/HTP/00/00/00_00_02_0071.png,00,00,01,0.03308597922294221,"【支持正常的证据】
1. 房屋、树木、人物三个核心对象均能够清楚识别，并且基本完整。
2. 三个对象在画面中的大小适中，没有全部挤在极小区域，也没有明显超出或压迫整个画面。
3. 房、树、人之间保持自然、合理的空间距离，没有明显孤立或被大片空白强行分隔。
4. 三个对象能够形成基本连贯的场景，例如共享地面、方向一致、空间位置合理，整体看起来属于同一个环境，而不是三个互不相关的符号。
5. 整体构图稳定，没有明显失衡、极端偏向某个角落或严重碎片化。
6. 线条总体连续、自然、力度相对稳定，没有大量异常断裂、极端微弱或杂乱涂画。
7. 画面具有适量细节。可以简单，但主要对象的基本结构能够表达清楚。
8. 房屋、树木、人物的比例大致协调，没有极端小型化或比例失调。
9. 房屋、树木和人物之间的关系自然，没有极端隔离或不连贯的空间关系。
10. 线条自然、连续，没有异常大面积涂黑。

【支持异常的证据】
1. 人物头部、躯干、手臂和腿等主要身体结构基本完整，但人物较小，比例显得有些不协调。
2. 房屋结构较为简单，但没有明显选择性缺少门或窗户。
3. 树木结构自然，没有明显截断或畸形。
4. 房屋、树木和人物之间的比例协调，没有极端小型化或比例失调。
5. 线条自然、连续，没有异常大面积涂黑。"
dataset/HTP/00/00/00_00_02_0072.png,00,00,01,0.14804719991116141,"【支持正常的证据】
1. 房屋、树木、人物三个核心对象均能够清楚识别，并且基本完整。
2. 三个对象在画面中的大小适中，没有全部挤在极小区域，也没有明显超出或压迫整个画面。
3. 房、树、人之间保持自然、合理的空间距离，没有明显孤立或被大片空白强行分隔。
4. 三个对象能够形成基本连贯的场景，例如共享地面、方向一致、空间位置合理，整体看起来属于同一个环境。
5. 整体构图稳定，没有明显失衡、极端偏向某个角落或严重碎片化。
6. 线条总体连续、自然、力度相对稳定，没有大量异常断裂、极端微弱或杂乱涂画。
7. 画面具有适量细节。可以简单，但主要对象的基本结构能够表达清楚。
8. 房屋、树木、人物的比例大致协调，没有极端小型化或比例失调。
9. 房屋、树木和人物之间的关系自然，没有极端隔离或不连贯的空间关系。
10. 线条自然、连续，没有异常大面积涂黑。

【支持异常的证据】
1. 人物缺少手臂，手臂被选择性省略。
2. 房屋缺少窗户，窗户被选择性省略。
3. 树木缺少叶子，树冠被选择性省略。"
dataset/HTP/00/00/00_00_02_0073.png,00,00,01,0.04208773121980142,"【支持正常的证据】
1. 房屋、树木、人物三个核心对象均能够清楚识别，并且基本完整。
2. 三个对象在画面中的大小适中，没有全部挤在极小区域，也没有明显超出或压迫整个画面。
3. 房、树、人之间保持自然、合理的空间距离，没有明显孤立或被大片空白强行分隔。
4. 三个对象能够形成基本连贯的场景，例如共享地面、方向一致、空间位置合理，整体看起来属于同一个环境。
5. 整体构图稳定，没有明显失衡、极端偏向某个角落或严重碎片化。
6. 线条总体连续、自然、力度相对稳定，没有大量异常断裂、极端微弱或杂乱涂画。
7. 画面具有适量细节。可以简单，但主要对象的基本结构能够表达清楚。
8. 房屋、树木、人物之间保持自然的距离，没有极端隔离。
9. 整体构图协调，没有大面积异常涂黑或阴影。

【支持异常的证据】
1. 人物没有明显完成，例如主要身体区域完全缺失、头部缺失、躯干缺失、多个必要身体部分缺失，或者身体不同部分明显断开。
2. 房屋、树木和其他对象的比例和大小协调，没有极端的小型化或边缘化。
3. 房屋、树木和人物之间没有极端的空间隔离或碎片化现象。"
dataset/HTP/00/00/00_00_02_0074.png,00,00,01,0.13296423160844623,"【支持正常的证据】
1. 房屋、树木、人物三个核心对象均能够清楚识别，并且基本完整。
2. 三个对象在画面中的大小适中，没有全部挤在极小区域，也没有明显超出或压迫整个画面。
3. 房、树、人之间保持自然、合理的空间距离，没有明显孤立或被大片空白强行分隔。
4. 三个对象能够形成基本连贯的场景，例如共享地面、方向一致、空间位置合理，整体看起来属于同一个环境，而不是三个互不相关的符号。
5. 整体构图稳定，没有明显失衡、极端偏向某个角落或严重碎片化。
6. 线条总体连续、自然、力度相对稳定，没有大量异常断裂、极端微弱或杂乱涂画。
7. 画面具有适量细节。可以简单，但主要对象的基本结构能够表达清楚。
8. 房屋、树木、人物的比例大致协调，没有极端小型化或比例失调。
9. 房屋、树木和人物之间的相对大小基本合理，没有非常极端的尺寸差异。
10. 整体构图稳定且场景连贯，没有明显的选择性结构缺失。
11. 线条自然、连续，没有异常大面积涂黑。
12. 人物身体主要结构完整，比例不存在严重失调。
13. 人物能够自然地处于房屋和树木形成的环境中，而不是完全脱离其他对象。

【支持异常的证据】
1. 人物缺少手臂，手臂被选择性大量省略。
2. 房屋缺少窗户，窗户被选择性大量省略。
3. 树木缺少树叶，树冠被异常压缩或严重扁平。
4. 房屋和树木的结构较为简单，没有复杂的细节描绘。
5. 人物缺少表情，面部表情中性。
6. 房屋、树木和人物之间存在一定的空间距离，但整体构图仍然连贯。"
dataset/HTP/00/00/00_00_02_0075.png,00,00,01,0.06754668832401889,"【支持正常的证据】
1. 房屋、树木、人物三个核心对象均能够清楚识别，并且基本完整。
2. 三个对象在画面中的大小适中，没有全部挤在极小区域，也没有明显超出或压迫整个画面。
3. 房、树、人之间保持自然、合理的空间距离，没有明显孤立或被大片空白强行分隔。
4. 三个对象能够形成基本连贯的场景，例如共享地面、方向一致、空间位置合理，整体看起来属于同一个环境，而不是三个互不相关的符号。
5. 整体构图稳定，没有明显失衡、极端偏向某个角落或严重碎片化。
6. 线条总体连续、自然、力度相对稳定，没有大量异常断裂、极端微弱或杂乱涂画。
7. 画面具有适量细节。可以简单，但主要对象的基本结构能够表达清楚。
8. 房屋、树木、人物的比例大致协调，没有极端小型化或比例失调。
9. 房屋、树木和人物之间的关系自然，没有极端隔离或不连贯的空间关系。
10. 线条自然、连续，没有异常大面积涂黑。

【支持异常的证据】
1. 房屋、树木、人物中的一个或多个核心对象完全缺失，且无法由裁剪、遮挡或画法解释。
2. 整幅画极度简化，只剩极少线条，大量重要结构同时消失，整体信息量异常低。
3. 房、树、人整体只占巨大画布中极小区域，周围存在大量空白。
4. 三个对象之间距离极端遥远，某个对象明显孤立，或者整个场景严重碎片化。
5. 存在大量非常微弱、间断、犹豫、僵硬或严重潦草的线条。
6. 存在异常大面积涂黑、重度阴影或某个对象被明显过度强调。"
dataset/HTP/00/00/00_00_02_0076.png,00,00,01,0.09534946232842245,"【支持正常的证据】
1. 房屋、树木、人物三个核心对象均能够清楚识别，并且基本完整。
2. 三个对象在画面中的大小适中，没有全部挤在极小区域，也没有明显超出或压迫整个画面。
3. 房、树、人之间保持自然、合理的空间距离，没有明显孤立或被大片空白强行分隔。
4. 三个对象能够形成基本连贯的场景，例如共享地面、方向一致、空间位置合理，整体看起来属于同一个环境，而不是三个互不相关的符号。
5. 整体构图稳定，没有明显失衡、极端偏向某个角落或严重碎片化。
6. 线条总体连续、自然、力度相对稳定，没有大量异常断裂、极端微弱或杂乱涂画。
7. 画面具有适量细节。可以简单，但主要对象的基本结构能够表达清楚。
8. 房屋、树木、人物的比例大致协调，没有极端小型化或比例失调。
9. 整体场景连贯，没有明显选择性结构缺失。
10. 线条自然、连续，没有异常大面积涂黑。

【支持异常的证据】
1. 房屋、树木、人物中的一个或多个核心对象完全缺失，且无法由裁剪、遮挡或画法解释。
2. 整幅画极度简化，只剩极少线条，大量重要结构同时消失，整体信息量异常低。
3. 房、树、人整体只占巨大画布中极小区域，周围存在大量空白。
4. 三个对象之间距离极端遥远，某个对象明显孤立，或者整个场景严重碎片化。
5. 存在大量非常微弱、间断、犹豫、僵硬或严重潦草的线条。
6. 存在异常大面积涂黑、重度阴影或某个对象被明显过度强调。"
dataset/HTP/00/00/00_00_02_0077.png,00,00,01,0.08509904732734556,"【支持正常的证据】
1. 房屋、树木、人物三个核心对象均能够清楚识别，并且基本完整。
2. 三个对象在画面中的大小适中，没有全部挤在极小区域，也没有明显超出或压迫整个画面。
3. 房、树、人之间保持自然、合理的空间距离，没有明显孤立或被大片空白强行分隔。
4. 三个对象能够形成基本连贯的场景，例如共享地面、方向一致、空间位置合理，整体看起来属于同一个环境，而不是三个互不相关的符号。
5. 整体构图稳定，没有明显失衡、极端偏向某个角落或严重碎片化。
6. 线条总体连续、自然、力度相对稳定，没有大量异常断裂、极端微弱或杂乱涂画。
7. 画面具有适量细节。可以简单，但主要对象的基本结构能够表达清楚。
8. 房屋、树木、人物的比例大致协调，没有极端小型化或比例失调。
9. 整体场景连贯，没有明显选择性结构缺失。
10. 线条自然、连续，没有异常大面积涂黑。

【支持异常的证据】
1. 房屋、树木、人物中的一个或多个核心对象完全缺失，且无法由裁剪、遮挡或画法解释。
2. 整幅画极度简化，只剩极少线条，大量重要结构同时消失，整体信息量异常低。
3. 房、树、人整体只占巨大画布中极小区域，周围存在大量空白。
4. 三个对象之间距离极端遥远，某个对象明显孤立，或者整个场景严重碎片化。
5. 存在大量非常微弱、间断、犹豫、僵硬或严重潦草的线条。
6. 存在异常大面积涂黑、重度阴影或某个对象被明显过度强调。"
dataset/HTP/00/00/00_00_02_0078.png,00,00,01,0.08509904732734556,"【支持正常的证据】
1. 房屋、树木、人物三个核心对象均能够清楚识别，并且基本完整。
2. 三个对象在画面中的大小适中，没有全部挤在极小区域，也没有明显超出或压迫整个画面。
3. 房、树、人之间保持自然、合理的空间距离，没有明显孤立或被大片空白强行分隔。
4. 三个对象能够形成基本连贯的场景，例如共享地面、方向一致、空间位置合理，整体看起来属于同一个环境，而不是三个互不相关的符号。
5. 整体构图稳定，没有明显失衡、极端偏向某个角落或严重碎片化。
6. 线条总体连续、自然、力度相对稳定，没有大量异常断裂、极端微弱或杂乱涂画。
7. 画面具有适量细节。可以简单，但主要对象的基本结构能够表达清楚。
8. 房屋、树木、人物的比例大致协调，没有极端小型化或比例失调。
9. 整体场景连贯，没有明显选择性结构缺失。
10. 线条自然、连续，没有异常大面积涂黑。

【支持异常的证据】
1. 房屋、树木、人物中的一个或多个核心对象完全缺失，且无法由裁剪、遮挡或画法解释。
2. 整幅画极度简化，只剩极少线条，大量重要结构同时消失，整体信息量异常低。
3. 房、树、人整体只占巨大画布中极小区域，周围存在大量空白。
4. 三个对象之间距离极端遥远，某个对象明显孤立，或者整个场景严重碎片化。
5. 存在大量非常微弱、间断、犹豫、僵硬或严重潦草的线条。
6. 存在异常大面积涂黑、重度阴影或某个对象被明显过度强调。"
dataset/HTP/00/00/00_00_02_0079.png,00,00,01,0.09534946232842245,"【支持正常的证据】
1. 房屋、树木、人物三个核心对象均能够清楚识别，并且基本完整。
2. 三个对象在画面中的大小适中，没有全部挤在极小区域，也没有明显超出或压迫整个画面。
3. 房、树、人之间保持自然、合理的空间距离，没有明显孤立或被大片空白强行分隔。
4. 三个对象能够形成基本连贯的场景，例如共享地面、方向一致、空间位置合理，整体看起来属于同一个环境，而不是三个互不相关的符号。
5. 整体构图稳定，没有明显失衡、极端偏向某个角落或严重碎片化。
6. 线条总体连续、自然、力度相对稳定，没有大量异常断裂、极端微弱或杂乱涂画。
7. 画面具有适量细节。可以简单，但主要对象的基本结构能够表达清楚。
8. 房屋、树木、人物的比例大致协调，没有极端小型化或比例失调。
9. 整体场景连贯，没有明显选择性结构缺失。
10. 线条自然、连续，没有异常大面积涂黑。

【支持异常的证据】
1. 房屋、树木、人物中的一个或多个核心对象完全缺失，且无法由裁剪、遮挡或画法解释。
2. 整幅画极度简化，只剩极少线条，大量重要结构同时消失，整体信息量异常低。
3. 房、树、人整体只占巨大画布中极小区域，周围存在大量空白。
4. 三个对象之间距离极端遥远，某个对象明显孤立，或者整个场景严重碎片化。
5. 存在大量非常微弱、间断、犹豫、僵硬或严重潦草的线条。
6. 存在异常大面积涂黑、重度阴影或某个对象被明显过度强调。"
dataset/HTP/00/00/00_00_02_0080.png,00,00,01,0.22270013882530884,"【支持正常的证据】
1. 房屋、树木、人物三个核心对象均能够清楚识别，并且基本完整。
2. 三个对象在画面中的大小适中，没有全部挤在极小区域，也没有明显超出或压迫整个画面。
3. 房、树、人之间保持自然、合理的空间距离，没有明显孤立或被大片空白强行分隔。
4. 三个对象能够形成基本连贯的场景，例如共享地面、方向一致、空间位置合理，整体看起来属于同一个环境。
5. 整体构图稳定，没有明显失衡、极端偏向某个角落或严重碎片化。
6. 线条总体连续、自然、力度相对稳定，没有大量异常断裂、极端微弱或杂乱涂画。
7. 画面具有适量细节。可以简单，但主要对象的基本结构能够表达清楚。
8. 房屋、树木、人物之间的关系自然，没有极端隔离或不连贯的场景。
9. 没有大面积、无明显绘画目的的异常涂黑、重阴影或局部反复强调。

【支持异常的证据】
1. 房屋结构较完整，但明显选择性缺少门。
2. 房屋其他部分较详细，但明显选择性缺少所有窗户。
3. 房屋相对于画布以及其他对象极端微小或被严重边缘化。
4. 树木相对于其他主体和画布极端微小。
5. 树干或树冠出现明显、突然、没有合理原因的截断。
6. 树木明确表现为死亡、严重枯萎、破损或大量枝干折断。
7. 房屋被过度简化到主要结构难以辨认。
8. 树木被异常简化，没有明显细节。
9. 人物明显没有完成，例如主要身体区域完全缺失、头部缺失、躯干缺失、多个必要身体部分缺失，或者身体不同部分明显断开。
10. 人物其他部分较详细且尺寸足够大，但眼睛、鼻子、嘴等主要面部结构被选择性大量省略。
11. 人物相对于房屋、树木和画布极端微小或明显被孤立。
12. 整个人物或某个身体区域被异常大量、重度、反复涂黑，且不能用衣物或正常填色解释。"
dataset/HTP/00/00/00_00_02_0081.png,00,00,01,0.22270013882530884,"【支持正常的证据】
1. 房屋、树木、人物三个核心对象均能够清楚识别，并且基本完整。
2. 三个对象在画面中的大小适中，没有全部挤在极小区域，也没有明显超出或压迫整个画面。
3. 房、树、人之间保持自然、合理的空间距离，没有明显孤立或被大片空白强行分隔。
4. 三个对象能够形成基本连贯的场景，例如共享地面、方向一致、空间位置合理，整体看起来属于同一个环境，而不是三个互不相关的符号。
5. 整体构图稳定，没有明显失衡、极端偏向某个角落或严重碎片化。
6. 线条总体连续、自然、力度相对稳定，没有大量异常断裂、极端微弱或杂乱涂画。
7. 画面具有适量细节。可以简单，但主要对象的基本结构能够表达清楚。
8. 房屋、树木、人物的比例大致协调，没有极端小型化或比例失调。
9. 整体场景连贯，没有明显选择性结构缺失。
10. 线条自然、连续，没有异常大面积涂黑。

【支持异常的证据】
1. 人物头部缺失，没有完成。
2. 树木的树冠被异常压缩或严重扁平。
3. 房屋的屋顶与墙体之间存在明显不可能的连接关系，似乎没有合理解释。
4. 房屋的烟囱产生大量、明显、被特别强调的烟雾。
5. 树木的树干和树冠之间连接不自然，比例不合理。
6. 房屋的屋顶存在异常密集、反复、明显失衡的装饰或强调。"
dataset/HTP/00/00/00_00_02_0082.png,00,00,01,0.010986941578116865,"【支持正常的证据】
1. 房屋、树木、人物三个核心对象均能够清楚识别，并且基本完整。
2. 三个对象在画面中的大小适中，没有全部挤在极小区域，也没有明显超出或压迫整个画面。
3. 房、树、人之间保持自然、合理的空间距离，没有明显孤立或被大片空白强行分隔。
4. 三个对象能够形成基本连贯的场景，例如共享地面、方向一致、空间位置合理，整体看起来属于同一个环境，而不是三个互不相关的符号。
5. 整体构图稳定，没有明显失衡、极端偏向某个角落或严重碎片化。
6. 线条总体连续、自然、力度相对稳定，没有大量异常断裂、极端微弱或杂乱涂画。
7. 画面具有适量细节。可以简单，但主要对象的基本结构能够表达清楚。
8. 人物身体主要结构完整，比例不存在严重失调。
9. 房屋结构稳定，主要组成部分合理。
10. 树木结构自然，没有严重截断或畸形。
11. 整体构图稳定且场景连贯。
12. 线条自然、连续，没有异常大面积涂黑。
13. 没有明显的选择性结构缺失。
14. 即使绘画较简单，其简化方式在整幅画中保持一致。

【支持异常的证据】
1. 无明显异常特征。"
dataset/HTP/00/00/00_00_02_0083.png,00,00,01,0.010986941578116865,"【支持正常的证据】
1. 房屋、树木、人物三个核心对象均能够清楚识别，并且基本完整。
2. 三个对象在画面中的大小适中，没有全部挤在极小区域，也没有明显超出或压迫整个画面。
3. 房、树、人之间保持自然、合理的空间距离，没有明显孤立或被大片空白强行分隔。
4. 三个对象能够形成基本连贯的场景，例如共享地面、方向一致、空间位置合理，整体看起来属于同一个环境，而不是三个互不相关的符号。
5. 整体构图稳定，没有明显失衡、极端偏向某个角落或严重碎片化。
6. 线条总体连续、自然、力度相对稳定，没有大量异常断裂、极端微弱或杂乱涂画。
7. 画面具有适量细节。可以简单，但主要对象的基本结构能够表达清楚。
8. 房屋、树木、人物的比例大致协调，没有极端小型化或比例失调。
9. 整体构图稳定且场景连贯，没有明显异常的大面积涂黑、极端小型化或异常隔离。
10. 人物身体主要结构完整，比例不存在严重失调。

【支持异常的证据】
1. 无明显异常特征。"
dataset/HTP/00/00/00_00_02_0084.png,00,00,01,0.009708474753363424,"【支持正常的证据】
1. 房屋、树木、人物三个核心对象均能够清楚识别，并且基本完整。
2. 三个对象在画面中的大小适中，没有全部挤在极小区域，也没有明显超出或压迫整个画面。
3. 房、树、人之间保持自然、合理的空间距离，没有明显孤立或被大片空白强行分隔。
4. 三个对象能够形成基本连贯的场景，例如共享地面、方向一致、空间位置合理，整体看起来属于同一个环境，而不是三个互不相关的符号。
5. 整体构图稳定，没有明显失衡、极端偏向某个角落或严重碎片化。
6. 线条总体连续、自然、力度相对稳定，没有大量异常断裂、极端微弱或杂乱涂画。
7. 画面具有适量细节。可以简单，但主要对象的基本结构能够表达清楚。
8. 房屋、树木、人物的比例大致协调，没有极端小型化或比例失调。
9. 整体构图稳定且场景连贯，没有明显异常的大面积涂黑、极端小型化或异常隔离。
10. 人物身体主要结构完整，比例不存在严重失调。
11. 线条自然、连续，没有异常大面积涂黑。
12. 人物没有明显选择性结构缺失。
13. 画面存在多个相互独立的正常积极特征。

【支持异常的证据】
1. 无。"
dataset/HTP/00/00/00_00_02_0085.png,00,00,01,0.03732688948593843,"【支持正常的证据】
1. 房屋、树木、人物三个核心对象均能够清楚识别，并且基本完整。
2. 三个对象在画面中的大小适中，没有全部挤在极小区域，也没有明显超出或压迫整个画面。
3. 房、树、人之间保持自然、合理的空间距离，没有明显孤立或被大片空白强行分隔。
4. 三个对象能够形成基本连贯的场景，例如共享地面、方向一致、空间位置合理，整体看起来属于同一个环境，而不是三个互不相关的符号。
5. 整体构图稳定，没有明显失衡、极端偏向某个角落或严重碎片化。
6. 线条总体连续、自然、力度相对稳定，没有大量异常断裂、极端微弱或杂乱涂画。
7. 画面具有适量细节。可以简单，但主要对象的基本结构能够表达清楚。
8. 房屋、树木、人物的比例大致协调，没有极端小型化或比例失调。
9. 房屋、树木和人物之间的关系自然，没有极端隔离或不连贯的空间关系。
10. 线条自然、连续，没有异常大面积涂黑。

【支持异常的证据】
1. 人物头部、躯干、手臂和腿等主要身体结构基本完整，但手臂和腿部线条较为简单，可能是单线表示。
2. 房屋结构稳定，主要组成部分合理，但屋顶和墙壁线条较为简单，可能是单线表示。
3. 树木结构自然，没有严重截断或畸形，但树干和树枝线条较为简单，可能是单线表示。
4. 整体构图稳定且场景连贯，但人物、房屋和树木的比例和大小适中，没有极端差异。
5. 线条自然、连续，没有异常大面积涂黑。"
dataset/HTP/00/00/00_00_02_0086.png,00,00,01,0.09534946232842245,"【支持正常的证据】
1. 房屋、树木、人物三个核心对象均能够清楚识别，并且基本完整。
2. 三个对象在画面中的大小适中，没有全部挤在极小区域，也没有明显超出或压迫整个画面。
3. 房、树、人之间保持自然、合理的空间距离，没有明显孤立或被大片空白强行分隔。
4. 三个对象能够形成基本连贯的场景，例如共享地面、方向一致、空间位置合理，整体看起来属于同一个环境，而不是三个互不相关的符号。
5. 整体构图稳定，没有明显失衡、极端偏向某个角落或严重碎片化。
6. 线条总体连续、自然、力度相对稳定，没有大量异常断裂、极端微弱或杂乱涂画。
7. 画面具有适量细节。可以简单，但主要对象的基本结构能够表达清楚。
8. 房屋、树木、人物的比例大致协调，没有极端小型化或比例失调。
9. 房屋、树木和人物之间的关系自然，没有极端隔离或不连贯的空间关系。
10. 线条自然、连续，没有异常大面积涂黑。

【支持异常的证据】
1. 人物缺少手臂，手臂被简化为单线。
2. 人物缺少腿部，腿部被简化为单线。
3. 房屋缺少窗户，窗户被简化为单线。
4. 树木缺少树叶，树冠被简化为单线。
5. 房屋缺少屋顶装饰，屋顶被简化为单线。
6. 人物缺少头发，头发被简化为单线。
7. 人物缺少眼睛、鼻子、嘴巴等面部特征，面部被简化为单线。
8. 房屋缺少烟囱，烟囱被简化为单线。
9. 树木缺少树干上的细节，树干被简化为单线。
10. 房屋缺少门，门被简化为单线。"
dataset/HTP/00/00/00_00_02_0087.png,00,00,01,0.08509904732734556,"【支持正常的证据】
1. 房屋、树木、人物三个核心对象均能够清楚识别，并且基本完整。
2. 三个对象在画面中的大小适中，没有全部挤在极小区域，也没有明显超出或压迫整个画面。
3. 房、树、人之间保持自然、合理的空间距离，没有明显孤立或被大片空白强行分隔。
4. 三个对象能够形成基本连贯的场景，例如共享地面、方向一致、空间位置合理，整体看起来属于同一个环境，而不是三个互不相关的符号。
5. 整体构图稳定，没有明显失衡、极端偏向某个角落或严重碎片化。
6. 线条总体连续、自然、力度相对稳定，没有大量异常断裂、极端微弱或杂乱涂画。
7. 画面具有适量细节。可以简单，但主要对象的基本结构能够表达清楚。
8. 房屋、树木、人物的比例大致协调，没有极端小型化或比例失调。
9. 房屋、树木和人物之间的关系自然，没有极端隔离或不连贯的空间关系。
10. 线条自然、连续，没有异常大面积涂黑。

【支持异常的证据】
1. 房屋、树木、人物中的一个或多个核心对象完全缺失，且无法由裁剪、遮挡或画法解释。
2. 整幅画极度简化，只剩极少线条，大量重要结构同时消失，整体信息量异常低。
3. 房、树、人整体只占巨大画布中极小区域，周围存在大量空白。
4. 三个对象之间距离极端遥远，某个对象明显孤立，或者整个场景严重碎片化。
5. 存在大量非常微弱、间断、犹豫、僵硬或严重潦草的线条。
6. 存在异常大面积涂黑、重度阴影或某个对象被明显过度强调。"
dataset/HTP/00/00/00_00_02_0088.png,00,00,01,0.025957357762928745,"【支持正常的证据】
1. 房屋、树木、人物三个核心对象均能够清楚识别，并且基本完整。
2. 三个对象在画面中的大小适中，没有全部挤在极小区域，也没有明显超出或压迫整个画面。
3. 房、树、人之间保持自然、合理的空间距离，没有明显孤立或被大片空白强行分隔。
4. 三个对象能够形成基本连贯的场景，例如共享地面、方向一致、空间位置合理，整体看起来属于同一个环境，而不是三个互不相关的符号。
5. 整体构图稳定，没有明显失衡、极端偏向某个角落或严重碎片化。
6. 线条总体连续、自然、力度相对稳定，没有大量异常断裂、极端微弱或杂乱涂画。
7. 画面具有适量细节。可以简单，但主要对象的基本结构能够表达清楚。
8. 房屋、树木、人物的比例大致协调，没有极端小型化或比例失调。
9. 房屋、树木和人物之间的关系自然，没有极端隔离或不连贯的空间关系。
10. 线条自然、连续，没有异常大面积涂黑。

【支持异常的证据】
1. 人物的手臂和腿部线条较为简单，可能是单线表示，但整体结构基本完整。
2. 人物的头部较大，比例有些夸张，但没有明显选择性缺失。
3. 房屋和树木的结构较为简单，但没有明显选择性缺失或极端扭曲。
4. 画面中没有明显的背景装饰或环境元素，但整体构图稳定，没有极端碎片化。
5. 线条自然、连续，没有极端微弱或杂乱涂画。"
dataset/HTP/00/00/00_00_02_0089.png,00,00,01,0.07585817323116976,"【支持正常的证据】
1. 房屋、树木、人物三个核心对象均能够清楚识别，并且基本完整。
2. 三个对象在画面中的大小适中，没有全部挤在极小区域，也没有明显超出或压迫整个画面。
3. 房、树、人之间保持自然、合理的空间距离，没有明显孤立或被大片空白强行分隔。
4. 三个对象能够形成基本连贯的场景，例如共享地面、方向一致、空间位置合理，整体看起来属于同一个环境，而不是三个互不相关的符号。
5. 整体构图稳定，没有明显失衡、极端偏向某个角落或严重碎片化。
6. 线条总体连续、自然、力度相对稳定，没有大量异常断裂、极端微弱或杂乱涂画。
7. 画面具有适量细节。可以简单，但主要对象的基本结构能够表达清楚。
8. 房屋、树木、人物的比例大致协调，没有极端小型化或比例失调。
9. 整体场景连贯，没有明显选择性结构缺失。
10. 线条自然、连续，没有异常大面积涂黑。

【支持异常的证据】
1. 房屋、树木、人物中的一个或多个核心对象完全缺失，且无法由裁剪、遮挡或画法解释。
2. 整幅画极度简化，只剩极少线条，大量重要结构同时消失，整体信息量异常低。
3. 房、树、人整体只占巨大画布中极小区域，周围存在大量空白。
4. 三个对象之间距离极端遥远，某个对象明显孤立，或者整个场景严重碎片化。
5. 对象像漂浮在不同区域，彼此几乎没有空间联系，整体场景严重不连贯。
6. 存在大量非常微弱、间断、犹豫、僵硬或严重潦草的线条。
7. 存在异常大面积涂黑、重度阴影或某个对象被明显过度强调。"
dataset/HTP/00/00/00_00_02_0090.png,00,00,01,0.11920291732853862,"【支持正常的证据】
1. 房屋、树木、人物三个核心对象均能够清楚识别，并且基本完整。
2. 三个对象在画面中的大小适中，没有全部挤在极小区域，也没有明显超出或压迫整个画面。
3. 房、树、人之间保持自然、合理的空间距离，没有明显孤立或被大片空白强行分隔。
4. 三个对象能够形成基本连贯的场景，例如共享地面、方向一致、空间位置合理，整体看起来属于同一个环境，而不是三个互不相关的符号。
5. 整体构图稳定，没有明显失衡、极端偏向某个角落或严重碎片化。
6. 线条总体连续、自然、力度相对稳定，没有大量异常断裂、极端微弱或杂乱涂画。
7. 画面具有适量细节。可以简单，但主要对象的基本结构能够表达清楚。
8. 没有大面积、无明显绘画目的的异常涂黑、重阴影或局部反复强调。

【支持异常的证据】
1. 房屋、树木、人物中的一个或多个核心对象完全缺失，且无法由裁剪、遮挡或画法解释。
2. 整幅画极度简化，只剩极少线条，大量重要结构同时消失，整体信息量异常低。
3. 房、树、人整体只占巨大画布中极小区域，周围存在大量空白。
4. 三个对象之间距离极端遥远，某个对象明显孤立，或者整个场景严重碎片化。
5. 对象像漂浮在不同区域，彼此几乎没有空间联系，整体场景严重不连贯。
6. 存在大量非常微弱、间断、犹豫、僵硬或严重潦草的线条。
7. 存在异常大面积涂黑、重度阴影或某个对象被明显过度强调。"
dataset/HTP/00/00/00_00_02_0091.png,00,00,01,0.13296423160844623,"【支持正常的证据】
1. 房屋、树木、人物三个核心对象均能够清楚识别，并且基本完整。
2. 三个对象在画面中的大小适中，没有全部挤在极小区域，也没有明显超出或压迫整个画面。
3. 房、树、人之间保持自然、合理的空间距离，没有明显孤立或被大片空白强行分隔。
4. 三个对象能够形成基本连贯的场景，例如共享地面、方向一致、空间位置合理，整体看起来属于同一个环境，而不是三个互不相关的符号。
5. 整体构图稳定，没有明显失衡、极端偏向某个角落或严重碎片化。
6. 线条总体连续、自然、力度相对稳定，没有大量异常断裂、极端微弱或杂乱涂画。
7. 画面具有适量细节。可以简单，但主要对象的基本结构能够表达清楚。
8. 房屋、树木、人物的比例大致协调，没有极端小型化或比例失调。
9. 房屋、树木和人物之间的关系自然，没有极端隔离或空间关系异常。
10. 线条自然、连续，没有异常大面积涂黑。

【支持异常的证据】
1. 人物缺少头部，且没有明显绘画目的的异常涂黑、重阴影或局部反复强调。"
dataset/HTP/00/00/00_00_02_0092.png,00,00,01,0.10669058897496679,"【支持正常的证据】
1. 房屋、树木、人物三个核心对象均能够清楚识别，并且基本完整。
2. 三个对象在画面中的大小适中，没有全部挤在极小区域，也没有明显超出或压迫整个画面。
3. 房、树、人之间保持自然、合理的空间距离，没有明显孤立或被大片空白强行分隔。
4. 三个对象能够形成基本连贯的场景，例如共享地面、方向一致、空间位置合理，整体看起来属于同一个环境，而不是三个互不相关的符号。
5. 整体构图稳定，没有明显失衡、极端偏向某个角落或严重碎片化。
6. 线条总体连续、自然、力度相对稳定，没有大量异常断裂、极端微弱或杂乱涂画。
7. 画面具有适量细节。可以简单，但主要对象的基本结构能够表达清楚。
8. 没有大面积、无明显绘画目的的异常涂黑、重阴影或局部反复强调。

【支持异常的证据】
1. 房屋、树木、人物中的一个或多个核心对象完全缺失，且无法由裁剪、遮挡或画法解释。
2. 整幅画极度简化，只剩极少线条，大量重要结构同时消失，整体信息量异常低。
3. 房、树、人整体只占巨大画布中极小区域，周围存在大量空白。
4. 三个对象之间距离极端遥远，某个对象明显孤立，或者整个场景严重碎片化。
5. 对象像漂浮在不同区域，彼此几乎没有空间联系，整体场景严重不连贯。
6. 存在大量非常微弱、间断、犹豫、僵硬或严重潦草的线条。
7. 存在异常大面积涂黑、重度阴影或某个对象被明显过度强调。"
dataset/HTP/00/00/00_00_02_0093.png,00,00,01,0.012431653620200803,"【支持正常的证据】
1. 房屋、树木、人物三个核心对象均能够清楚识别，并且基本完整。
2. 三个对象在画面中的大小适中，没有全部挤在极小区域，也没有明显超出或压迫整个画面。
3. 房、树、人之间保持自然、合理的空间距离，没有明显孤立或被大片空白强行分隔。
4. 三个对象能够形成基本连贯的场景，例如共享地面、方向一致、空间位置合理，整体看起来属于同一个环境，而不是三个互不相关的符号。
5. 整体构图稳定，没有明显失衡、极端偏向某个角落或严重碎片化。
6. 线条总体连续、自然、力度相对稳定，没有大量异常断裂、极端微弱或杂乱涂画。
7. 画面具有适量细节。可以简单，但主要对象的基本结构能够表达清楚。
8. 房屋、树木、人物的比例大致协调，没有极端小型化或比例失调。
9. 房屋、树木和人物之间的相对大小基本合理，没有非常极端的尺寸差异。
10. 人物身体主要结构完整，比例不存在严重失调。
11. 整体构图稳定且场景连贯，没有明显异常的大面积涂黑。
12. 人物没有明显的选择性结构缺失，如缺少手臂或腿部。
13. 房屋结构稳定，主要组成部分合理。
14. 树木结构自然，没有严重截断或畸形。
15. 人物和房屋、树木之间保持自然距离，没有某个对象被极端隔离。

【支持异常的证据】
1. 无。"
dataset/HTP/00/00/00_00_02_0094.png,00,00,01,0.012431653620200803,"【支持正常的证据】
1. 房屋、树木、人物三个核心对象均能够清楚识别，并且基本完整。
2. 三个对象在画面中的大小适中，没有全部挤在极小区域，也没有明显超出或压迫整个画面。
3. 房、树、人之间保持自然、合理的空间距离，没有明显孤立或被大片空白强行分隔。
4. 三个对象能够形成基本连贯的场景，例如共享地面、方向一致、空间位置合理，整体看起来属于同一个环境，而不是三个互不相关的符号。
5. 整体构图稳定，没有明显失衡、极端偏向某个角落或严重碎片化。
6. 线条总体连续、自然、力度相对稳定，没有大量异常断裂、极端微弱或杂乱涂画。
7. 画面具有适量细节。可以简单，但主要对象的基本结构能够表达清楚。
8. 房屋、树木、人物的比例大致协调，没有极端小型化或比例失调。
9. 房屋、树木和人物之间的相对大小基本合理，没有非常极端的尺寸差异。
10. 人物身体主要结构完整，比例不存在严重失调。
11. 整体构图稳定且场景连贯，没有明显异常的大面积涂黑。
12. 人物没有明显选择性结构缺失，四肢和五官比例协调。
13. 房屋结构稳定，主要组成部分合理。
14. 树木结构自然，没有严重截断或畸形。
15. 画面存在多个相互独立的正常积极特征。

【支持异常的证据】
1. 无。"
dataset/HTP/00/00/00_00_02_0095.png,00,00,01,0.014063626423394072,"【支持正常的证据】
1. 房屋、树木、人物三个核心对象均能够清楚识别，并且基本完整。
2. 三个对象在画面中的大小适中，没有全部挤在极小区域，也没有明显超出或压迫整个画面。
3. 房、树、人之间保持自然、合理的空间距离，没有明显孤立或被大片空白强行分隔。
4. 三个对象能够形成基本连贯的场景，例如共享地面、方向一致、空间位置合理，整体看起来属于同一个环境，而不是三个互不相关的符号。
5. 整体构图稳定，没有明显失衡、极端偏向某个角落或严重碎片化。
6. 线条总体连续、自然、力度相对稳定，没有大量异常断裂、极端微弱或杂乱涂画。
7. 画面具有适量细节。可以简单，但主要对象的基本结构能够表达清楚。
8. 房屋、树木、人物的比例大致协调，没有极端小型化或比例失调。
9. 房屋结构稳定，没有明显倒塌、断裂或严重几何变形。
10. 树木结构自然，没有明显截断或畸形。
11. 人物身体主要结构完整，比例不存在严重失调。
12. 整体构图稳定且场景连贯。
13. 线条自然、连续，没有异常大面积涂黑。
14. 没有明显的选择性结构缺失。
15. 仅存在少数能够由绘画水平、年龄、风格或普通构图解释的轻微异常。

【支持异常的证据】
1. 无。"
dataset/HTP/00/00/00_00_02_0096.png,00,00,01,0.09534946232842245,"【支持正常的证据】
1. 房屋、树木、人物三个核心对象均能够清楚识别，并且基本完整。
2. 三个对象在画面中的大小适中，没有全部挤在极小区域，也没有明显超出或压迫整个画面。
3. 房、树、人之间保持自然、合理的空间距离，没有明显孤立或被大片空白强行分隔。
4. 三个对象能够形成基本连贯的场景，例如共享地面、方向一致、空间位置合理，整体看起来属于同一个环境，而不是三个互不相关的符号。
5. 整体构图稳定，没有明显失衡、极端偏向某个角落或严重碎片化。
6. 线条总体连续、自然、力度相对稳定，没有大量异常断裂、极端微弱或杂乱涂画。
7. 画面具有适量细节。可以简单，但主要对象的基本结构能够表达清楚。
8. 没有大面积、无明显绘画目的的异常涂黑、重阴影或局部反复强调。

【支持异常的证据】
1. 房屋、树木、人物中的一个或多个核心对象完全缺失，且无法由裁剪、遮挡或画法解释。
2. 整幅画极度简化，只剩极少线条，大量重要结构同时消失，整体信息量异常低。
3. 房、树、人整体只占巨大画布中极小区域，周围存在大量空白。
4. 三个对象之间距离极端遥远，某个对象明显孤立，或者整个场景严重碎片化。
5. 对象像漂浮在不同区域，彼此几乎没有空间联系，整体场景严重不连贯。
6. 存在大量非常微弱、间断、犹豫、僵硬或严重潦草的线条。
7. 存在异常大面积涂黑、重度阴影或某个对象被明显过度强调。"
dataset/HTP/00/00/00_00_02_0097.png,00,00,01,0.015906393344589397,"【支持正常的证据】
1. 房屋、树木、人物三个核心对象均能够清楚识别，并且基本完整。
2. 三个对象在画面中的大小适中，没有全部挤在极小区域，也没有明显超出或压迫整个画面。
3. 房、树、人之间保持自然、合理的空间距离，没有明显孤立或被大片空白强行分隔。
4. 三个对象能够形成基本连贯的场景，例如共享地面、方向一致、空间位置合理，整体看起来属于同一个环境，而不是三个互不相关的符号。
5. 整体构图稳定，没有明显失衡、极端偏向某个角落或严重碎片化。
6. 线条总体连续、自然、力度相对稳定，没有大量异常断裂、极端微弱或杂乱涂画。
7. 画面具有适量细节。可以简单，但主要对象的基本结构能够表达清楚。
8. 房屋、树木、人物的比例大致协调，没有极端小型化或比例失调。
9. 房屋、树木和人物之间的相对大小基本合理，没有非常极端的尺寸差异。
10. 人物身体主要结构完整，比例不存在严重失调。
11. 整体构图稳定且场景连贯，没有明显异常的大面积涂黑。
12. 人物没有明显选择性结构缺失，四肢和五官比例协调。
13. 画面中没有出现极端小型化、异常隔离或大面积异常涂黑。
14. 人物和房屋、树木之间保持自然距离，没有极端隔离。
15. 人物能够自然地处于房屋和树木形成的环境中，而不是完全脱离其他对象。

【支持异常的证据】
1. 无。"
dataset/HTP/00/00/00_00_02_0098.png,00,00,01,0.014063626423394072,"【支持正常的证据】
1. 房屋、树木、人物三个核心对象均能够清楚识别，并且基本完整。
2. 三个对象在画面中的大小适中，没有全部挤在极小区域，也没有明显超出或压迫整个画面。
3. 房、树、人之间保持自然、合理的空间距离，没有明显孤立或被大片空白强行分隔。
4. 三个对象能够形成基本连贯的场景，例如共享地面、方向一致、空间位置合理，整体看起来属于同一个环境，而不是三个互不相关的符号。
5. 整体构图稳定，没有明显失衡、极端偏向某个角落或严重碎片化。
6. 线条总体连续、自然、力度相对稳定，没有大量异常断裂、极端微弱或杂乱涂画。
7. 画面具有适量细节。可以简单，但主要对象的基本结构能够表达清楚。
8. 房屋、树木、人物的比例大致协调，没有极端小型化或比例失调。
9. 整体构图稳定且场景连贯，没有明显异常的大面积涂黑、极端小型化或异常隔离。
10. 人物身体主要结构完整，比例不存在严重失调。

【支持异常的证据】
1. 无明显异常特征。"
dataset/HTP/00/00/00_00_02_0099.png,00,00,01,0.00857748525531428,"【支持正常的证据】
1. 房屋、树木、人物三个核心对象均能够清楚识别，并且基本完整。
2. 三个对象在画面中的大小适中，没有全部挤在极小区域，也没有明显超出或压迫整个画面。
3. 房、树、人之间保持自然、合理的空间距离，没有明显孤立或被大片空白强行分隔。
4. 三个对象能够形成基本连贯的场景，例如共享地面、方向一致、空间位置合理，整体看起来属于同一个环境，而不是三个互不相关的符号。
5. 整体构图稳定，没有明显失衡、极端偏向某个角落或严重碎片化。
6. 线条总体连续、自然、力度相对稳定，没有大量异常断裂、极端微弱或杂乱涂画。
7. 画面具有适量细节。可以简单，但主要对象的基本结构能够表达清楚。
8. 房屋、树木、人物的比例大致协调，没有极端小型化或比例失调。
9. 房屋结构稳定，主要组成部分合理，没有明显倒塌、断裂或严重几何变形。
10. 树木结构自然，没有严重截断或畸形。
11. 人物身体主要结构完整，比例不存在严重失调。
12. 整体构图稳定且场景连贯。
13. 线条自然、连续，没有异常大面积涂黑。
14. 没有明显的选择性结构缺失。
15. 仅存在少数能够由绘画水平、年龄、风格或普通构图解释的轻微异常。

【支持异常的证据】
1. 无。"
dataset/HTP/00/00/00_00_02_0100.png,00,00,01,0.009708474753363424,"【支持正常的证据】
1. 房屋、树木、人物三个核心对象均能够清楚识别，并且基本完整。
2. 三个对象在画面中的大小适中，没有全部挤在极小区域，也没有明显超出或压迫整个画面。
3. 房、树、人之间保持自然、合理的空间距离，没有明显孤立或被大片空白强行分隔。
4. 三个对象能够形成基本连贯的场景，例如共享地面、方向一致、空间位置合理，整体看起来属于同一个环境，而不是三个互不相关的符号。
5. 整体构图稳定，没有明显失衡、极端偏向某个角落或严重碎片化。
6. 线条总体连续、自然、力度相对稳定，没有大量异常断裂、极端微弱或杂乱涂画。
7. 画面具有适量细节。可以简单，但主要对象的基本结构能够表达清楚。
8. 房屋、树木、人物的比例大致协调，没有极端小型化或比例失调。
9. 房屋、树木和人物之间的相对大小基本合理，没有非常极端的尺寸差异。
10. 人物身体主要结构完整，比例不存在严重失调。
11. 整体构图稳定且场景连贯，没有明显异常的大面积涂黑。
12. 人物没有明显选择性结构缺失，四肢和五官比例协调。
13. 房屋结构稳定，主要组成部分合理。
14. 树木结构自然，没有严重截断或畸形。
15. 画面存在多个相互独立的正常积极特征。

【支持异常的证据】
1. 无。"
dataset/HTP/00/00/00_00_02_0101.png,00,00,01,0.07585817323116976,"【支持正常的证据】
1. 房屋、树木、人物三个核心对象均能够清楚识别，并且基本完整。
2. 三个对象在画面中的大小适中，没有全部挤在极小区域，也没有明显超出或压迫整个画面。
3. 房、树、人之间保持自然、合理的空间距离，没有明显孤立或被大片空白强行分隔。
4. 三个对象能够形成基本连贯的场景，例如共享地面、方向一致、空间位置合理，整体看起来属于同一个环境，而不是三个互不相关的符号。
5. 整体构图稳定，没有明显失衡、极端偏向某个角落或严重碎片化。
6. 线条总体连续、自然、力度相对稳定，没有大量异常断裂、极端微弱或杂乱涂画。
7. 画面具有适量细节。可以简单，但主要对象的基本结构能够表达清楚。
8. 房屋、树木、人物的比例大致协调，没有极端小型化或比例失调。
9. 整体场景连贯，没有明显选择性结构缺失。
10. 线条自然、连续，没有异常大面积涂黑。

【支持异常的证据】
1. 房屋、树木、人物中的一个或多个核心对象完全缺失，且无法由裁剪、遮挡或画法解释。
2. 整幅画极度简化，只剩极少线条，大量重要结构同时消失，整体信息量异常低。
3. 房、树、人整体只占巨大画布中极小区域，周围存在大量空白。
4. 三个对象之间距离极端遥远，某个对象明显孤立，或者整个场景严重碎片化。
5. 对象像漂浮在不同区域，彼此几乎没有空间联系，整体场景严重不连贯。
6. 存在大量非常微弱、间断、犹豫、僵硬或严重潦草的线条。
7. 存在异常大面积涂黑、重度阴影或某个对象被明显过度强调。"
dataset/HTP/00/00/00_00_02_0102.png,00,00,01,0.01798621187025419,"【支持正常的证据】
1. 房屋、树木、人物三个核心对象均能够清楚识别，并且基本完整。
2. 三个对象在画面中的大小适中，没有全部挤在极小区域，也没有明显超出或压迫整个画面。
3. 房、树、人之间保持自然、合理的空间距离，没有明显孤立或被大片空白强行分隔。
4. 三个对象能够形成基本连贯的场景，例如共享地面、方向一致、空间位置合理，整体看起来属于同一个环境，而不是三个互不相关的符号。
5. 整体构图稳定，没有明显失衡、极端偏向某个角落或严重碎片化。
6. 线条总体连续、自然、力度相对稳定，没有大量异常断裂、极端微弱或杂乱涂画。
7. 画面具有适量细节。可以简单，但主要对象的基本结构能够表达清楚。
8. 房屋、树木、人物的比例大致协调，没有极端小型化或比例失调。
9. 房屋结构稳定，墙体、屋顶等主要结构完整，没有明显倒塌、断裂或严重几何变形。
10. 树木结构自然，树干、树冠、树枝等主要部分能够正常识别，整体结构基本完整。
11. 人物头部、躯干、手臂和腿等主要身体结构基本完整，连接关系自然，没有明显断裂、错位或无法解释的结构缺失。
12. 人物大小与房屋、树木和整个画布基本协调，不存在极端小型化。
13. 房屋、树木和人物之间的相对大小基本合理，没有非常极端的尺寸差异。
14. 三者之间保持自然距离，没有某个对象被极端隔离。
15. 整体构图稳定且场景连贯，人物能够自然地处于房屋和树木形成的环境中。

【支持异常的证据】
1. 无明显异常涂黑、重度阴影或局部反复强调。
2. 无大面积、无明显绘画目的的异常涂黑、重阴影或局部反复强调。
3. 无房屋、树木、人物中的一个或多个核心对象完全缺失的情况。
4. 无房屋、树木、人物整体只占巨大画布中极小区域，周围存在大量空白的情况。
5. 无三个对象之间距离极端遥远，某个对象明显孤立，或者整个场景严重碎片化的情况。
6. 无对象像漂浮在不同区域，彼此几乎没有空间联系，整体场景严重不连贯的情况。
7. 无大量非常微弱、间断、犹豫、僵硬或严重潦草的线条。
8. 无异常大面积涂黑、重度阴影或某个对象被明显过度强调的情况。"
dataset/HTP/00/00/00_00_02_0103.png,00,00,01,0.03308597922294221,"【支持正常的证据】
1. 房屋、树木、人物三个核心对象均能够清楚识别，并且基本完整。
2. 三个对象在画面中的大小适中，没有全部挤在极小区域，也没有明显超出或压迫整个画面。
3. 房、树、人之间保持自然、合理的空间距离，没有明显孤立或被大片空白强行分隔。
4. 三个对象能够形成基本连贯的场景，例如共享地面、方向一致、空间位置合理，整体看起来属于同一个环境，而不是三个互不相关的符号。
5. 整体构图稳定，没有明显失衡、极端偏向某个角落或严重碎片化。
6. 线条总体连续、自然、力度相对稳定，没有大量异常断裂、极端微弱或杂乱涂画。
7. 画面具有适量细节。可以简单，但主要对象的基本结构能够表达清楚。
8. 房屋、树木、人物的比例大致协调，没有极端小型化或比例失调。
9. 整体场景连贯，没有明显选择性结构缺失。
10. 线条自然、连续，没有异常大面积涂黑。

【支持异常的证据】
1. 人物缺少头部，但整体结构基本完整。
2. 房屋缺少窗户，但整体结构稳定。
3. 树木缺少树冠，但整体结构自然。
4. 房、树、人之间距离适中，没有极端隔离。
5. 人物比例大致合理，没有明显失调。
6. 整体构图稳定，没有明显碎片化。
7. 线条自然、连续，没有极端微弱或杂乱涂画。"
dataset/HTP/00/00/00_00_02_0104.png,00,00,01,0.07585817323116976,"【支持正常的证据】
1. 房屋、树木、人物三个核心对象均能够清楚识别，并且基本完整。
2. 三个对象在画面中的大小适中，没有全部挤在极小区域，也没有明显超出或压迫整个画面。
3. 房、树、人之间保持自然、合理的空间距离，没有明显孤立或被大片空白强行分隔。
4. 三个对象能够形成基本连贯的场景，例如共享地面、方向一致、空间位置合理，整体看起来属于同一个环境，而不是三个互不相关的符号。
5. 整体构图稳定，没有明显失衡、极端偏向某个角落或严重碎片化。
6. 线条总体连续、自然、力度相对稳定，没有大量异常断裂、极端微弱或杂乱涂画。
7. 画面具有适量细节。可以简单，但主要对象的基本结构能够表达清楚。
8. 房屋、树木、人物的比例大致协调，没有极端小型化或比例失调。
9. 整体构图稳定且场景连贯，没有明显异常的大面积涂黑、极端小型化或异常隔离。
10. 人物身体主要结构完整，比例不存在严重失调。

【支持异常的证据】
1. 房屋、树木、人物中的一个或多个核心对象完全缺失，且无法由裁剪、遮挡或画法解释。
2. 整幅画极度简化，只剩极少线条，大量重要结构同时消失，整体信息量异常低。
3. 房、树、人整体只占巨大画布中极小区域，周围存在大量空白。
4. 三个对象之间距离极端遥远，某个对象明显孤立，或者整个场景严重碎片化。
5. 存在大量非常微弱、间断、犹豫、僵硬或严重潦草的线条。
6. 存在异常大面积涂黑、重度阴影或某个对象被明显过度强调。"
dataset/HTP/00/00/00_00_02_0105.png,00,00,01,0.060086650384398026,"【支持正常的证据】
1. 房屋、树木、人物三个核心对象均能够清楚识别，并且基本完整。
2. 三个对象在画面中的大小适中，没有全部挤在极小区域，也没有明显超出或压迫整个画面。
3. 房、树、人之间保持自然、合理的空间距离，没有明显孤立或被大片空白强行分隔。
4. 三个对象能够形成基本连贯的场景，例如共享地面、方向一致、空间位置合理，整体看起来属于同一个环境，而不是三个互不相关的符号。
5. 整体构图稳定，没有明显失衡、极端偏向某个角落或严重碎片化。
6. 线条总体连续、自然、力度相对稳定，没有大量异常断裂、极端微弱或杂乱涂画。
7. 画面具有适量细节。可以简单，但主要对象的基本结构能够表达清楚。
8. 房屋、树木、人物的比例大致协调，没有极端小型化或比例失调。
9. 房屋、树木和人物之间的关系自然，没有极端隔离或不连贯的场景。
10. 线条自然、连续，没有异常大面积涂黑。

【支持异常的证据】
1. 人物缺少脸部和主要肢体，但整体结构仍然存在。
2. 房屋和树木相对较大，人物较小，但比例协调。
3. 房屋和树木的结构较为简单，但没有明显选择性缺失或极端扭曲。
4. 人物缺少手臂和腿部，但整体结构仍然存在。
5. 房屋和树木的结构较为简单，但没有明显选择性缺失或极端扭曲。"
dataset/HTP/00/00/00_00_02_0106.png,00,00,01,0.010986941578116865,"【支持正常的证据】
1. 房屋、树木、人物三个核心对象均能够清楚识别，并且基本完整。
2. 三个对象在画面中的大小适中，没有全部挤在极小区域，也没有明显超出或压迫整个画面。
3. 房、树、人之间保持自然、合理的空间距离，没有明显孤立或被大片空白强行分隔。
4. 三个对象能够形成基本连贯的场景，例如共享地面、方向一致、空间位置合理，整体看起来属于同一个环境。
5. 整体构图稳定，没有明显失衡、极端偏向某个角落或严重碎片化。
6. 线条总体连续、自然、力度相对稳定，没有大量异常断裂、极端微弱或杂乱涂画。
7. 画面具有适量细节。可以简单，但主要对象的基本结构能够表达清楚。
8. 房屋、树木、人物的比例大致协调，没有极端小型化或比例失调。
9. 房屋结构稳定，没有明显倒塌、断裂或严重几何变形。
10. 树木结构自然，没有明显截断或畸形。
11. 人物身体主要结构完整，比例不存在严重失调。
12. 整体构图稳定且场景连贯。
13. 线条自然、连续，没有异常大面积涂黑。
14. 没有明显的选择性结构缺失。
15. 仅存在少数能够由绘画水平、年龄、风格或普通构图解释的轻微异常。

【支持异常的证据】
1. 无。"
dataset/HTP/00/00/00_00_02_0107.png,00,00,01,0.010986941578116865,"【支持正常的证据】
1. 房屋、树木、人物三个核心对象均能够清楚识别，并且基本完整。
2. 三个对象在画面中的大小适中，没有全部挤在极小区域，也没有明显超出或压迫整个画面。
3. 房、树、人之间保持自然、合理的空间距离，没有明显孤立或被大片空白强行分隔。
4. 三个对象能够形成基本连贯的场景，例如共享地面、方向一致、空间位置合理，整体看起来属于同一个环境，而不是三个互不相关的符号。
5. 整体构图稳定，没有明显失衡、极端偏向某个角落或严重碎片化。
6. 线条总体连续、自然、力度相对稳定，没有大量异常断裂、极端微弱或杂乱涂画。
7. 画面具有适量细节。可以简单，但主要对象的基本结构能够表达清楚。
8. 房屋、树木、人物的比例大致协调，没有极端小型化或比例失调。
9. 房屋、树木和人物之间的相对大小基本合理，没有非常极端的尺寸差异。
10. 人物身体主要结构完整，比例不存在严重失调。
11. 整体构图稳定且场景连贯，没有明显异常的大面积涂黑。
12. 人物没有明显的选择性结构缺失，如缺少手臂或腿部。
13. 画面中没有出现极端小型化、异常隔离或空间碎片化的情况。
14. 人物的姿势自然，没有明显异常的手势或表情。

【支持异常的证据】
1. 无。"
dataset/HTP/00/00/00_00_02_0108.png,00,00,01,0.010986941578116865,"【支持正常的证据】
1. 房屋、树木、人物三个核心对象均能够清楚识别，并且基本完整。
2. 三个对象在画面中的大小适中，没有全部挤在极小区域，也没有明显超出或压迫整个画面。
3. 房、树、人之间保持自然、合理的空间距离，没有明显孤立或被大片空白强行分隔。
4. 三个对象能够形成基本连贯的场景，例如共享地面、方向一致、空间位置合理，整体看起来属于同一个环境，而不是三个互不相关的符号。
5. 整体构图稳定，没有明显失衡、极端偏向某个角落或严重碎片化。
6. 线条总体连续、自然、力度相对稳定，没有大量异常断裂、极端微弱或杂乱涂画。
7. 画面具有适量细节。可以简单，但主要对象的基本结构能够表达清楚。
8. 房屋、树木、人物的比例大致协调，没有极端小型化或比例失调。
9. 整体构图稳定且场景连贯，没有明显异常的大面积涂黑、极端小型化或异常隔离。
10. 人物身体主要结构完整，比例不存在严重失调。

【支持异常的证据】
1. 无明显异常特征。"
dataset/HTP/00/00/00_00_02_0109.png,00,00,01,0.012431653620200803,"【支持正常的证据】
1. 房屋、树木、人物三个核心对象均能够清楚识别，并且基本完整。
2. 三个对象在画面中的大小适中，没有全部挤在极小区域，也没有明显超出或压迫整个画面。
3. 房、树、人之间保持自然、合理的空间距离，没有明显孤立或被大片空白强行分隔。
4. 三个对象能够形成基本连贯的场景，例如共享地面、方向一致、空间位置合理，整体看起来属于同一个环境，而不是三个互不相关的符号。
5. 整体构图稳定，没有明显失衡、极端偏向某个角落或严重碎片化。
6. 线条总体连续、自然、力度相对稳定，没有大量异常断裂、极端微弱或杂乱涂画。
7. 画面具有适量细节。可以简单，但主要对象的基本结构能够表达清楚。
8. 人物的身体主要结构完整，比例不存在严重失调。
9. 房屋结构稳定，主要组成部分合理。
10. 树木结构自然，没有严重截断或畸形。

【支持异常的证据】
1. 无。"
dataset/HTP/00/00/00_00_02_0110.png,00,00,01,0.012431653620200803,"【支持正常的证据】
1. 房屋、树木、人物三个核心对象均能够清楚识别，并且基本完整。
2. 三个对象在画面中的大小适中，没有全部挤在极小区域，也没有明显超出或压迫整个画面。
3. 房、树、人之间保持自然、合理的空间距离，没有明显孤立或被大片空白强行分隔。
4. 三个对象能够形成基本连贯的场景，例如共享地面、方向一致、空间位置合理，整体看起来属于同一个环境，而不是三个互不相关的符号。
5. 整体构图稳定，没有明显失衡、极端偏向某个角落或严重碎片化。
6. 线条总体连续、自然、力度相对稳定，没有大量异常断裂、极端微弱或杂乱涂画。
7. 画面具有适量细节。可以简单，但主要对象的基本结构能够表达清楚。
8. 房屋、树木、人物的比例大致协调，没有极端小型化或比例失调。
9. 整体场景连贯，没有明显选择性结构缺失。
10. 线条自然、连续，没有异常大面积涂黑。

【支持异常的证据】
1. 无。"
dataset/HTP/00/00/00_00_02_0111.png,00,00,01,0.10669058897496679,"【支持正常的证据】
1. 房屋、树木、人物三个核心对象均能够清楚识别，并且基本完整。
2. 三个对象在画面中的大小适中，没有全部挤在极小区域，也没有明显超出或压迫整个画面。
3. 房、树、人之间保持自然、合理的空间距离，没有明显孤立或被大片空白强行分隔。
4. 三个对象能够形成基本连贯的场景，例如共享地面、方向一致、空间位置合理，整体看起来属于同一个环境，而不是三个互不相关的符号。
5. 整体构图稳定，没有明显失衡、极端偏向某个角落或严重碎片化。
6. 线条总体连续、自然、力度相对稳定，没有大量异常断裂、极端微弱或杂乱涂画。
7. 画面具有适量细节。可以简单，但主要对象的基本结构能够表达清楚。
8. 没有大面积、无明显绘画目的的异常涂黑、重阴影或局部反复强调。

【支持异常的证据】
1. 房屋、树木、人物中的一个或多个核心对象完全缺失，且无法由裁剪、遮挡或画法解释。
2. 整幅画极度简化，只剩极少线条，大量重要结构同时消失，整体信息量异常低。
3. 房、树、人整体只占巨大画布中极小区域，周围存在大量空白。
4. 三个对象之间距离极端遥远，某个对象明显孤立，或者整个场景严重碎片化。
5. 对象像漂浮在不同区域，彼此几乎没有空间联系，整体场景严重不连贯。
6. 存在大量非常微弱、间断、犹豫、僵硬或严重潦草的线条。
7. 存在异常大面积涂黑、重度阴影或某个对象被明显过度强调。"
dataset/HTP/00/00/00_00_02_0112.png,00,00,01,0.010986941578116865,"【支持正常的证据】
1. 房屋、树木、人物三个核心对象均能够清楚识别，并且基本完整。
2. 三个对象在画面中的大小适中，没有全部挤在极小区域，也没有明显超出或压迫整个画面。
3. 房、树、人之间保持自然、合理的空间距离，没有明显孤立或被大片空白强行分隔。
4. 三个对象能够形成基本连贯的场景，例如共享地面、方向一致、空间位置合理，整体看起来属于同一个环境，而不是三个互不相关的符号。
5. 整体构图稳定，没有明显失衡、极端偏向某个角落或严重碎片化。
6. 线条总体连续、自然、力度相对稳定，没有大量异常断裂、极端微弱或杂乱涂画。
7. 画面具有适量细节。可以简单，但主要对象的基本结构能够表达清楚。
8. 房屋、树木、人物的比例大致协调，没有极端小型化或比例失调。
9. 房屋、树木和人物之间的相对大小基本合理，没有非常极端的尺寸差异。
10. 人物身体主要结构完整，比例不存在严重失调。
11. 整体构图稳定且场景连贯，没有明显异常的大面积涂黑。
12. 线条自然、连续，没有异常大面积涂黑。
13. 没有明显的选择性结构缺失。
14. 即使绘画较简单，其简化方式在整幅画中保持一致。
15. 仅存在少数能够由绘画水平、年龄、风格或普通构图解释的轻微异常。

【支持异常的证据】
1. 无明显异常特征。"
dataset/HTP/00/00/00_00_02_0113.png,00,00,01,0.014063626423394072,"【支持正常的证据】
1. 房屋、树木、人物三个核心对象均能够清楚识别，并且基本完整。
2. 三个对象在画面中的大小适中，没有全部挤在极小区域，也没有明显超出或压迫整个画面。
3. 房、树、人之间保持自然、合理的空间距离，没有明显孤立或被大片空白强行分隔。
4. 三个对象能够形成基本连贯的场景，例如共享地面、方向一致、空间位置合理，整体看起来属于同一个环境，而不是三个互不相关的符号。
5. 整体构图稳定，没有明显失衡、极端偏向某个角落或严重碎片化。
6. 线条总体连续、自然、力度相对稳定，没有大量异常断裂、极端微弱或杂乱涂画。
7. 画面具有适量细节。可以简单，但主要对象的基本结构能够表达清楚。
8. 房屋、树木、人物的比例大致协调，没有极端小型化或比例失调。
9. 房屋、树木和人物之间的相对大小基本合理，没有非常极端的尺寸差异。
10. 人物身体主要结构完整，比例不存在严重失调。
11. 整体构图稳定且场景连贯，没有明显异常的大面积涂黑。
12. 线条自然、连续，没有异常大面积涂黑。
13. 没有明显的选择性结构缺失。
14. 即使绘画较简单，其简化方式在整幅画中保持一致。
15. 仅存在少数能够由绘画水平、年龄、风格或普通构图解释的轻微异常。

【支持异常的证据】
1. 无明显异常特征。"
dataset/HTP/00/00/00_00_02_0114.png,00,00,01,0.015906393344589397,"【支持正常的证据】
1. 房屋、树木、人物三个核心对象均能够清楚识别，并且基本完整。
2. 三个对象在画面中的大小适中，没有全部挤在极小区域，也没有明显超出或压迫整个画面。
3. 房、树、人之间保持自然、合理的空间距离，没有明显孤立或被大片空白强行分隔。
4. 三个对象能够形成基本连贯的场景，例如共享地面、方向一致、空间位置合理，整体看起来属于同一个环境，而不是三个互不相关的符号。
5. 整体构图稳定，没有明显失衡、极端偏向某个角落或严重碎片化。
6. 线条总体连续、自然、力度相对稳定，没有大量异常断裂、极端微弱或杂乱涂画。
7. 画面具有适量细节。可以简单，但主要对象的基本结构能够表达清楚。
8. 房屋、树木、人物的比例大致协调，没有极端小型化或比例失调。
9. 整体场景连贯，没有明显选择性结构缺失。
10. 线条自然、连续，没有异常大面积涂黑。

【支持异常的证据】
1. 无。"
dataset/HTP/00/00/00_00_02_0115.png,00,00,01,0.012431653620200803,"【支持正常的证据】
1. 房屋、树木、人物三个核心对象均能够清楚识别，并且基本完整。
2. 三个对象在画面中的大小适中，没有全部挤在极小区域，也没有明显超出或压迫整个画面。
3. 房、树、人之间保持自然、合理的空间距离，没有明显孤立或被大片空白强行分隔。
4. 三个对象能够形成基本连贯的场景，例如共享地面、方向一致、空间位置合理，整体看起来属于同一个环境，而不是三个互不相关的符号。
5. 整体构图稳定，没有明显失衡、极端偏向某个角落或严重碎片化。
6. 线条总体连续、自然、力度相对稳定，没有大量异常断裂、极端微弱或杂乱涂画。
7. 画面具有适量细节。可以简单，但主要对象的基本结构能够表达清楚。
8. 房屋、树木、人物的比例大致协调，没有极端小型化或比例失调。
9. 房屋、树木和人物之间的相对大小基本合理，没有非常极端的尺寸差异。
10. 人物身体主要结构完整，比例不存在严重失调。
11. 整体构图稳定且场景连贯，没有明显异常的大面积涂黑。
12. 人物没有明显选择性结构缺失，四肢和五官基本存在。
13. 房屋结构稳定，主要组成部分合理。
14. 树木结构自然，没有严重截断或畸形。
15. 画面存在多个相互独立的正常积极特征。

【支持异常的证据】
1. 无明显异常特征。"
dataset/HTP/00/01/00_01_00_0000.png,00,01,01,0.014063626423394072,"【支持正常的证据】
1. 房屋、树木、人物三个核心对象均能够清楚识别，并且基本完整。
2. 三个对象在画面中的大小适中，没有全部挤在极小区域，也没有明显超出或压迫整个画面。
3. 房、树、人之间保持自然、合理的空间距离，没有明显孤立或被大片空白强行分隔。
4. 三个对象能够形成基本连贯的场景，例如共享地面、方向一致、空间位置合理，整体看起来属于同一个环境，而不是三个互不相关的符号。
5. 整体构图稳定，没有明显失衡、极端偏向某个角落或严重碎片化。
6. 线条总体连续、自然、力度相对稳定，没有大量异常断裂、极端微弱或杂乱涂画。
7. 画面具有适量细节。可以简单，但主要对象的基本结构能够表达清楚。
8. 房屋、树木、人物的比例大致协调，没有极端小型化或比例失调。
9. 整体场景连贯，没有明显选择性结构缺失。
10. 线条自然、连续，没有异常大面积涂黑。

【支持异常的证据】
1. 无明显异常特征。"
dataset/HTP/00/01/00_01_00_0001.png,00,01,01,0.07585817323116976,"【支持正常的证据】
1. 房屋、树木、人物三个核心对象均能够清楚识别，并且基本完整。
2. 三个对象在画面中的大小适中，没有全部挤在极小区域，也没有明显超出或压迫整个画面。
3. 房、树、人之间保持自然、合理的空间距离，没有明显孤立或被大片空白强行分隔。
4. 三个对象能够形成基本连贯的场景，例如共享地面、方向一致、空间位置合理，整体看起来属于同一个环境，而不是三个互不相关的符号。
5. 整体构图稳定，没有明显失衡、极端偏向某个角落或严重碎片化。
6. 线条总体连续、自然、力度相对稳定，没有大量异常断裂、极端微弱或杂乱涂画。
7. 画面具有适量细节。可以简单，但主要对象的基本结构能够表达清楚。
8. 房屋、树木、人物的比例大致协调，没有极端小型化或比例失调。
9. 整体场景连贯，没有大面积、无明显绘画目的的异常涂黑、重阴影或局部反复强调。

【支持异常的证据】
1. 人物头部、躯干、手臂和腿等主要身体结构基本完整，但人物比例显得有些夸张，头部较大，身体较小。
2. 房屋结构较为完整，但屋顶似乎有些倾斜，没有明显的烟囱或装饰。
3. 树木结构自然，但树冠显得有些扁平，没有明显的树枝向外自然展开。
4. 人物比例失调，头部较大，身体较小，手臂和腿的比例显得不协调。
5. 房屋和树木的比例协调，但人物的比例显得有些夸张，头部较大，身体较小。"
dataset/HTP/00/01/00_01_00_0002.png,00,01,01,0.014063626423394072,"【支持正常的证据】
1. 房屋、树木、人物三个核心对象均能够清楚识别，并且基本完整。
2. 三个对象在画面中的大小适中，没有全部挤在极小区域，也没有明显超出或压迫整个画面。
3. 房、树、人之间保持自然、合理的空间距离，没有明显孤立或被大片空白强行分隔。
4. 三个对象能够形成基本连贯的场景，例如共享地面、方向一致、空间位置合理，整体看起来属于同一个环境，而不是三个互不相关的符号。
5. 整体构图稳定，没有明显失衡、极端偏向某个角落或严重碎片化。
6. 线条总体连续、自然、力度相对稳定，没有大量异常断裂、极端微弱或杂乱涂画。
7. 画面具有适量细节。可以简单，但主要对象的基本结构能够表达清楚。
8. 房屋、树木、人物的比例大致协调，没有极端小型化或比例失调。
9. 整体构图稳定且场景连贯，没有明显异常的大面积涂黑、极端小型化或异常隔离。
10. 人物身体主要结构完整，比例不存在严重失调。

【支持异常的证据】
1. 无。"
dataset/HTP/00/01/00_01_00_0003.png,00,01,01,0.03308597922294221,"【支持正常的证据】
1. 房屋、树木、人物三个核心对象均能够清楚识别，并且基本完整。
2. 三个对象在画面中的大小适中，没有全部挤在极小区域，也没有明显超出或压迫整个画面。
3. 房、树、人之间保持自然、合理的空间距离，没有明显孤立或被大片空白强行分隔。
4. 三个对象能够形成基本连贯的场景，例如共享地面、方向一致、空间位置合理，整体看起来属于同一个环境。
5. 整体构图稳定，没有明显失衡、极端偏向某个角落或严重碎片化。
6. 线条总体连续、自然、力度相对稳定，没有大量异常断裂、极端微弱或杂乱涂画。
7. 画面具有适量细节。可以简单，但主要对象的基本结构能够表达清楚。
8. 房屋、树木、人物的比例大致协调，没有极端小型化或比例失调。
9. 整体场景连贯，没有明显选择性结构缺失。
10. 线条自然、连续，没有异常大面积涂黑。

【支持异常的证据】
1. 人物头部、躯干、手臂和腿等主要身体结构基本完整，但人物的面部特征未绘制。
2. 房屋结构较为完整，但窗户未绘制。
3. 树木的树干和树冠连接自然，但树冠形状较为简单。
4. 房屋、树木和人物之间的空间关系自然，没有极端隔离或碎片化现象。
5. 线条自然、连续，没有极端微弱或杂乱涂画。"
dataset/HTP/00/01/00_01_00_0004.png,00,01,01,0.010986941578116865,"【支持正常的证据】
1. 房屋、树木、人物三个核心对象均能够清楚识别，并且基本完整。
2. 三个对象在画面中的大小适中，没有全部挤在极小区域，也没有明显超出或压迫整个画面。
3. 房、树、人之间保持自然、合理的空间距离，没有明显孤立或被大片空白强行分隔。
4. 三个对象能够形成基本连贯的场景，例如共享地面、方向一致、空间位置合理，整体看起来属于同一个环境。
5. 整体构图稳定，没有明显失衡、极端偏向某个角落或严重碎片化。
6. 线条总体连续、自然、力度相对稳定，没有大量异常断裂、极端微弱或杂乱涂画。
7. 画面具有适量细节。可以简单，但主要对象的基本结构能够表达清楚。
8. 房屋、树木、人物的比例大致协调，没有极端小型化。
9. 房屋、树木和人物的相对大小基本合理，没有非常极端的尺寸差异。
10. 人物身体主要结构完整，比例不存在严重失调。
11. 整体构图稳定且场景连贯，没有明显异常的大面积涂黑。
12. 人物和房屋、树木之间保持自然距离，没有极端隔离。
13. 画面中存在少量细节，如窗户、树枝等，与主体自然结合。
14. 人物没有明显选择性结构缺失，整体绘画风格统一。

【支持异常的证据】
1. 无明显异常特征。"
dataset/HTP/00/01/00_01_00_0005.png,00,01,01,0.010986941578116865,"【支持正常的证据】
1. 房屋、树木、人物三个核心对象均能够清楚识别，并且基本完整。
2. 三个对象在画面中的大小适中，没有全部挤在极小区域，也没有明显超出或压迫整个画面。
3. 房、树、人之间保持自然、合理的空间距离，没有明显孤立或被大片空白强行分隔。
4. 三个对象能够形成基本连贯的场景，例如共享地面、方向一致、空间位置合理，整体看起来属于同一个环境。
5. 整体构图稳定，没有明显失衡、极端偏向某个角落或严重碎片化。
6. 线条总体连续、自然、力度相对稳定，没有大量异常断裂、极端微弱或杂乱涂画。
7. 画面具有适量细节。可以简单，但主要对象的基本结构能够表达清楚。
8. 房屋、树木、人物的比例大致协调，没有极端小型化或比例失调。
9. 整体场景连贯，没有明显选择性结构缺失。
10. 线条自然、连续，没有异常大面积涂黑。

【支持异常的证据】
1. 无明显异常特征。"
dataset/HTP/00/01/00_01_00_0006.png,00,01,01,0.010986941578116865,"【支持正常的证据】
1. 房屋、树木、人物三个核心对象均能够清楚识别，并且基本完整。
2. 三个对象在画面中的大小适中，没有全部挤在极小区域，也没有明显超出或压迫整个画面。
3. 房、树、人之间保持自然、合理的空间距离，没有明显孤立或被大片空白强行分隔。
4. 三个对象能够形成基本连贯的场景，例如共享地面、方向一致、空间位置合理，整体看起来属于同一个环境，而不是三个互不相关的符号。
5. 整体构图稳定，没有明显失衡、极端偏向某个角落或严重碎片化。
6. 线条总体连续、自然、力度相对稳定，没有大量异常断裂、极端微弱或杂乱涂画。
7. 画面具有适量细节。可以简单，但主要对象的基本结构能够表达清楚。
8. 房屋、树木、人物的比例大致协调，没有极端小型化或比例失调。
9. 房屋、树木和人物的相对大小基本合理，没有非常极端的尺寸差异。
10. 人物身体主要结构完整，比例不存在严重失调。
11. 整体构图稳定且场景连贯，没有明显异常的大面积涂黑。
12. 人物和房屋、树木之间保持自然距离，没有极端隔离。
13. 画面存在多个相互独立的正常积极特征，如房屋结构稳定、树木结构自然、人物身体完整等。

【支持异常的证据】
1. 无明显异常特征。"
dataset/HTP/00/01/00_01_00_0007.jpg,00,01,01,0.04208773121980142,"【支持正常的证据】
1. 房屋、树木、人物三个核心对象均能够清楚识别，并且基本完整。
2. 三个对象在画面中的大小适中，没有全部挤在极小区域，也没有明显超出或压迫整个画面。
3. 房、树、人之间保持自然、合理的空间距离，没有明显孤立或被大片空白强行分隔。
4. 三个对象能够形成基本连贯的场景，例如共享地面、方向一致、空间位置合理，整体看起来属于同一个环境，而不是三个互不相关的符号。
5. 整体构图稳定，没有明显失衡、极端偏向某个角落或严重碎片化。
6. 线条总体连续、自然、力度相对稳定，没有大量异常断裂、极端微弱或杂乱涂画。
7. 画面具有适量细节。可以简单，但主要对象的基本结构能够表达清楚。
8. 房屋、树木、人物的比例大致协调，没有极端小型化或比例失调。
9. 房屋、树木和人物的相对大小基本合理，没有非常极端的尺寸差异。
10. 房屋结构稳定，主要组成部分合理，没有明显倒塌、断裂或严重几何变形。
11. 树木结构自然，没有严重截断或畸形。
12. 人物身体主要结构完整，比例不存在严重失调。
13. 整体构图稳定且场景连贯，没有明显异常的大面积涂黑。
14. 线条自然、连续，没有异常大面积涂黑。
15. 没有明显的选择性结构缺失。
16. 仅存在少数能够由绘画水平、年龄、风格或普通构图解释的轻微异常。

【支持异常的证据】
1. 人物头部、躯干、手臂和腿等主要身体结构基本完整，但存在一些细节不足，如眼睛、鼻子、嘴巴等面部特征未完全绘制。
2. 房屋结构较为完整，但存在一些细节不足，如窗户未完全绘制。
3. 树木结构较为自然，但存在一些细节不足，如树冠未完全绘制。
4. 房屋、树木和人物之间存在一定的空间距离，但整体构图较为协调，没有极端隔离。
5. 人物大小与房屋、树木和整个画布基本协调，没有极端小型化。
6. 房屋、树木和人物的比例大致协调，没有极端小型化或比例失调。
7. 房屋、树木和人物的相对大小基本合理，没有非常极端的尺寸差异。
8. 房屋、树木和人物的结构较为自然，没有明显倒塌、断裂或严重几何变形。
9. 树木结构自然，没有严重截断或畸形。
10. 人物身体主要结构完整，比例不存在严重失调。
11."
dataset/HTP/00/01/00_01_00_0008.jpg,00,01,01,0.015906393344589397,"【支持正常的证据】
1. 房屋、树木、人物三个核心对象均能够清楚识别，并且基本完整。
2. 三个对象在画面中的大小适中，没有全部挤在极小区域，也没有明显超出或压迫整个画面。
3. 房、树、人之间保持自然、合理的空间距离，没有明显孤立或被大片空白强行分隔。
4. 三个对象能够形成基本连贯的场景，例如共享地面、方向一致、空间位置合理，整体看起来属于同一个环境，而不是三个互不相关的符号。
5. 整体构图稳定，没有明显失衡、极端偏向某个角落或严重碎片化。
6. 线条总体连续、自然、力度相对稳定，没有大量异常断裂、极端微弱或杂乱涂画。
7. 画面具有适量细节。可以简单，但主要对象的基本结构能够表达清楚。
8. 房屋、树木、人物的比例大致协调，没有极端小型化或比例失调。
9. 房屋、树木和人物之间的关系自然，没有极端隔离或空间关系异常。
10. 线条自然、连续，没有异常大面积涂黑。

【支持异常的证据】
1. 无明显异常特征。"
dataset/HTP/00/01/00_01_00_0009.jpg,00,01,01,0.015906393344589397,"【支持正常的证据】
1. 房屋、树木、人物三个核心对象均能够清楚识别，并且基本完整。
2. 三个对象在画面中的大小适中，没有全部挤在极小区域，也没有明显超出或压迫整个画面。
3. 房、树、人之间保持自然、合理的空间距离，没有明显孤立或被大片空白强行分隔。
4. 三个对象能够形成基本连贯的场景，例如共享地面、方向一致、空间位置合理，整体看起来属于同一个环境，而不是三个互不相关的符号。
5. 整体构图稳定，没有明显失衡、极端偏向某个角落或严重碎片化。
6. 线条总体连续、自然、力度相对稳定，没有大量异常断裂、极端微弱或杂乱涂画。
7. 画面具有适量细节。可以简单，但主要对象的基本结构能够表达清楚。
8. 房屋、树木、人物的比例大致协调，没有极端小型化或比例失调。
9. 房屋结构稳定，墙体、屋顶等主要结构完整，没有明显倒塌、断裂或严重几何变形。
10. 树木结构自然，树干、树冠、树枝等主要部分能够正常识别，整体结构基本完整。
11. 人物头部、躯干、手臂和腿等主要身体结构基本完整，连接关系自然，没有明显断裂、错位或无法解释的结构缺失。
12. 人物大小与房屋、树木和整个画布基本协调，不存在极端小型化。
13. 房屋、树木和人物的相对大小基本合理，没有非常极端的尺寸差异。
14. 三者之间保持自然距离，没有某个对象被极端隔离。
15. 人物能够自然地处于房屋和树木形成的环境中，而不是完全脱离其他对象。

【支持异常的证据】
1. 无明显异常涂黑、重度阴影或局部反复强调。
2. 无大面积、无明显绘画目的的异常涂黑、重阴影或局部反复强调。
3. 无房屋、树木、人物中的一个或多个核心对象完全缺失的情况。
4. 无房屋、树木、人物整体只占巨大画布中极小区域，周围存在大量空白的情况。
5. 无三个对象之间距离极端遥远，某个对象明显孤立，或者整个场景严重碎片化的情况。
6. 无对象像漂浮在不同区域，彼此几乎没有空间联系，整体场景严重不连贯的情况。
7. 无大量非常微弱、间断、犹豫、僵硬或严重潦草的线条。
8. 无异常大面积涂黑、重度阴影或某个对象被明显过度强调的情况。"
dataset/HTP/00/01/00_01_00_0010.jpg,00,01,01,0.010986941578116865,"【支持正常的证据】
1. 房屋、树木、人物三个核心对象均能够清楚识别，并且基本完整。
2. 三个对象在画面中的大小适中，没有全部挤在极小区域，也没有明显超出或压迫整个画面。
3. 房、树、人之间保持自然、合理的空间距离，没有明显孤立或被大片空白强行分隔。
4. 三个对象能够形成基本连贯的场景，例如共享地面、方向一致、空间位置合理，整体看起来属于同一个环境。
5. 整体构图稳定，没有明显失衡、极端偏向某个角落或严重碎片化。
6. 线条总体连续、自然、力度相对稳定，没有大量异常断裂、极端微弱或杂乱涂画。
7. 画面具有适量细节。可以简单，但主要对象的基本结构能够表达清楚。
8. 房屋、树木、人物的比例大致协调，没有极端小型化或比例失调。
9. 整体场景连贯，没有明显选择性结构缺失。
10. 线条自然、连续，没有异常大面积涂黑。

【支持异常的证据】
1. 无明显异常特征。"
dataset/HTP/00/01/00_01_00_0011.jpg,00,01,01,0.015906393344589397,"【支持正常的证据】
1. 房屋、树木、人物三个核心对象均能够清楚识别，并且基本完整。
2. 三个对象在画面中的大小适中，没有全部挤在极小区域，也没有明显超出或压迫整个画面。
3. 房、树、人之间保持自然、合理的空间距离，没有明显孤立或被大片空白强行分隔。
4. 三个对象能够形成基本连贯的场景，例如共享地面、方向一致、空间位置合理，整体看起来属于同一个环境，而不是三个互不相关的符号。
5. 整体构图稳定，没有明显失衡、极端偏向某个角落或严重碎片化。
6. 线条总体连续、自然、力度相对稳定，没有大量异常断裂、极端微弱或杂乱涂画。
7. 画面具有适量细节。可以简单，但主要对象的基本结构能够表达清楚。
8. 房屋、树木、人物的比例大致协调，没有极端小型化或比例失调。
9. 房屋、树木和人物之间的关系自然，没有极端隔离或不连贯的空间关系。
10. 线条自然、连续，没有异常大面积涂黑。

【支持异常的证据】
1. 无明显异常特征。"
dataset/HTP/00/01/00_01_00_0012.jpg,00,01,01,0.010986941578116865,"【支持正常的证据】
1. 房屋、树木、人物三个核心对象均能够清楚识别，并且基本完整。
2. 三个对象在画面中的大小适中，没有全部挤在极小区域，也没有明显超出或压迫整个画面。
3. 房、树、人之间保持自然、合理的空间距离，没有明显孤立或被大片空白强行分隔。
4. 三个对象能够形成基本连贯的场景，例如共享地面、方向一致、空间位置合理，整体看起来属于同一个环境，而不是三个互不相关的符号。
5. 整体构图稳定，没有明显失衡、极端偏向某个角落或严重碎片化。
6. 线条总体连续、自然、力度相对稳定，没有大量异常断裂、极端微弱或杂乱涂画。
7. 画面具有适量细节。可以简单，但主要对象的基本结构能够表达清楚。
8. 房屋、树木、人物的比例大致协调，没有极端小型化或比例失调。
9. 房屋、树木和人物之间的相对大小基本合理，没有非常极端的尺寸差异。
10. 整体构图稳定且场景连贯，没有明显异常的大面积涂黑、极端小型化或异常隔离。

【支持异常的证据】
1. 无。"
dataset/HTP/00/01/00_01_00_0013.jpg,00,01,01,0.025957357762928745,"【支持正常的证据】
1. 房屋、树木、人物三个核心对象均能够清楚识别，并且基本完整。
2. 三个对象在画面中的大小适中，没有全部挤在极小区域，也没有明显超出或压迫整个画面。
3. 房、树、人之间保持自然、合理的空间距离，没有明显孤立或被大片空白强行分隔。
4. 三个对象能够形成基本连贯的场景，例如共享地面、方向一致、空间位置合理，整体看起来属于同一个环境，而不是三个互不相关的符号。
5. 整体构图稳定，没有明显失衡、极端偏向某个角落或严重碎片化。
6. 线条总体连续、自然、力度相对稳定，没有大量异常断裂、极端微弱或杂乱涂画。
7. 画面具有适量细节。可以简单，但主要对象的基本结构能够表达清楚。
8. 房屋、树木、人物的比例大致协调，没有极端小型化或比例失调。
9. 整体构图稳定且场景连贯，没有明显异常的大面积涂黑、极端小型化或异常隔离。
10. 人物身体主要结构完整，比例不存在严重失调。

【支持异常的证据】
1. 人物头部、躯干、手臂和腿等主要身体结构基本完整，但手臂和腿的线条较为简单，可能是单线表示。
2. 树木结构自然，没有严重截断或畸形，但树冠的形状较为随意，可能缺乏细节。
3. 房屋结构稳定，主要组成部分合理，但烟囱的线条较为简单，可能是单线表示。
4. 房屋、树木和人物之间保持自然距离，没有极端隔离，但人物的位置略显靠后，与房屋和树木的距离较为合理。
5. 整体构图稳定且场景连贯，没有明显异常的大面积涂黑、极端小型化或异常隔离。"
dataset/HTP/00/01/00_01_00_0014.jpg,00,01,01,0.14804719991116141,"【支持正常的证据】
1. 房屋、树木、人物三个核心对象均能够清楚识别，并且基本完整。
2. 三个对象在画面中的大小适中，没有全部挤在极小区域，也没有明显超出或压迫整个画面。
3. 房、树、人之间保持自然、合理的空间距离，没有明显孤立或被大片空白强行分隔。
4. 三个对象能够形成基本连贯的场景，例如共享地面、方向一致、空间位置合理，整体看起来属于同一个环境，而不是三个互不相关的符号。
5. 整体构图稳定，没有明显失衡、极端偏向某个角落或严重碎片化。
6. 线条总体连续、自然、力度相对稳定，没有大量异常断裂、极端微弱或杂乱涂画。
7. 画面具有适量细节。可以简单，但主要对象的基本结构能够表达清楚。
8. 房屋、树木、人物的比例大致协调，没有极端小型化或夸张比例。
9. 房屋、树木和人物之间的关系自然，没有极端隔离或不连贯的空间关系。
10. 线条自然、连续，没有异常大面积涂黑。

【支持异常的证据】
1. 人物缺少头部，但整体结构基本完整。
2. 树木的树冠被异常压缩或严重扁平。
3. 房屋的屋顶与墙体之间存在明显断裂，表现出不稳定感。
4. 房屋的烟囱产生大量、明显、被特别强调的烟雾。
5. 房屋的墙壁存在没有明显绘画原因的大面积重度涂黑或阴影。"
dataset/HTP/00/01/00_01_00_0015.jpg,00,01,01,0.009708474753363424,"【支持正常的证据】
1. 房屋、树木、人物三个核心对象均能够清楚识别，并且基本完整。
2. 三个对象在画面中的大小适中，没有全部挤在极小区域，也没有明显超出或压迫整个画面。
3. 房、树、人之间保持自然、合理的空间距离，没有明显孤立或被大片空白强行分隔。
4. 三个对象能够形成基本连贯的场景，例如共享地面、方向一致、空间位置合理，整体看起来属于同一个环境，而不是三个互不相关的符号。
5. 整体构图稳定，没有明显失衡、极端偏向某个角落或严重碎片化。
6. 线条总体连续、自然、力度相对稳定，没有大量异常断裂、极端微弱或杂乱涂画。
7. 画面具有适量细节。可以简单，但主要对象的基本结构能够表达清楚。
8. 如果存在草地、道路、太阳、云、花、地面等环境元素，并且与主体自然结合，可以作为场景完整和组织良好的积极证据。
9. 没有大面积、无明显绘画目的的异常涂黑、重阴影或局部反复强调。

【支持异常的证据】
1. 无明显异常特征。"
dataset/HTP/00/01/00_01_00_0016.jpg,00,01,01,0.012431653620200803,"【支持正常的证据】
1. 房屋、树木、人物三个核心对象均能够清楚识别，并且基本完整。
2. 三个对象在画面中的大小适中，没有全部挤在极小区域，也没有明显超出或压迫整个画面。
3. 房、树、人之间保持自然、合理的空间距离，没有明显孤立或被大片空白强行分隔。
4. 三个对象能够形成基本连贯的场景，例如共享地面、方向一致、空间位置合理，整体看起来属于同一个环境。
5. 整体构图稳定，没有明显失衡、极端偏向某个角落或严重碎片化。
6. 线条总体连续、自然、力度相对稳定，没有大量异常断裂、极端微弱或杂乱涂画。
7. 画面具有适量细节。可以简单，但主要对象的基本结构能够表达清楚。
8. 房屋、树木、人物的比例大致协调，没有极端小型化或比例失调。
9. 房屋结构稳定，没有明显倒塌、断裂或严重几何变形。
10. 树木结构自然，没有明显截断或畸形。
11. 人物身体主要结构完整，比例不存在严重失调。
12. 整体构图稳定且场景连贯，没有明显异常的大面积涂黑。
13. 人物和房屋、树木之间保持自然距离，没有极端隔离。
14. 画面中存在少量细节，如树木的圆圈状树冠和人物的头发，这些细节适量且自然。

【支持异常的证据】
1. 无。"
dataset/HTP/00/01/00_01_00_0017.jpg,00,01,01,0.03732688948593843,"【支持正常的证据】
1. 房屋、树木、人物三个核心对象均能够清楚识别，并且基本完整。
2. 三个对象在画面中的大小适中，没有全部挤在极小区域，也没有明显超出或压迫整个画面。
3. 房、树、人之间保持自然、合理的空间距离，没有明显孤立或被大片空白强行分隔。
4. 三个对象能够形成基本连贯的场景，例如共享地面、方向一致、空间位置合理，整体看起来属于同一个环境。
5. 整体构图稳定，没有明显失衡、极端偏向某个角落或严重碎片化。
6. 线条总体连续、自然、力度相对稳定，没有大量异常断裂、极端微弱或杂乱涂画。
7. 画面具有适量细节。可以简单，但主要对象的基本结构能够表达清楚。
8. 房屋、树木、人物的比例大致协调，没有极端小型化或比例失调。
9. 房屋结构稳定，墙体和屋顶没有明显倒塌、断裂或严重几何变形。
10. 树木结构自然，没有明显截断或畸形。
11. 人物身体主要结构完整，比例不存在严重失调。
12. 整体构图稳定且场景连贯，没有明显异常的大面积涂黑或极端小型化。
13. 人物和房屋、树木之间保持自然距离，没有极端隔离。
14. 线条自然、连续，没有异常大面积涂黑。

【支持异常的证据】
1. 人物缺少脸部和主要肢体，但整体结构仍然存在。
2. 房屋结构较为简单，但没有明显选择性缺失。
3. 树木结构自然，没有明显截断或畸形。
4. 人物比例存在轻微失调，但整体结构仍然存在。
5. 整体构图稳定，没有明显异常的大面积涂黑或极端小型化。
6. 人物和房屋、树木之间保持自然距离，没有极端隔离。
7. 线条自然、连续，没有异常大面积涂黑。"
dataset/HTP/00/01/00_01_00_0018.jpg,00,01,01,0.16451646904109268,"【支持正常的证据】
1. 房屋、树木、人物三个核心对象均能够清楚识别，并且基本完整。
2. 三个对象在画面中的大小适中，没有全部挤在极小区域，也没有明显超出或压迫整个画面。
3. 房、树、人之间保持自然、合理的空间距离，没有明显孤立或被大片空白强行分隔。
4. 三个对象能够形成基本连贯的场景，例如共享地面、方向一致、空间位置合理，整体看起来属于同一个环境，而不是三个互不相关的符号。
5. 整体构图稳定，没有明显失衡、极端偏向某个角落或严重碎片化。
6. 线条总体连续、自然、力度相对稳定，没有大量异常断裂、极端微弱或杂乱涂画。
7. 画面具有适量细节。可以简单，但主要对象的基本结构能够表达清楚。
8. 房屋、树木、人物的比例大致协调，没有极端小型化或比例失调。
9. 房屋、树木和人物之间的关系自然，没有极端隔离或不连贯的空间关系。
10. 线条自然、连续，没有异常大面积涂黑。

【支持异常的证据】
1. 人物缺少头部，这是明显的结构缺失。
2. 人物缺少手臂，这是明显的结构缺失。
3. 房屋和树木的结构较为简单，但没有明显的异常扭曲或结构畸形。
4. 人物的比例有些夸张，但并不极端。
5. 整体构图虽然连贯，但人物过于简单，缺乏细节。"
dataset/HTP/00/01/00_01_00_0019.jpg,00,01,01,0.012431653620200803,"【支持正常的证据】
1. 房屋、树木、人物三个核心对象均能够清楚识别，并且基本完整。
2. 三个对象在画面中的大小适中，没有全部挤在极小区域，也没有明显超出或压迫整个画面。
3. 房、树、人之间保持自然、合理的空间距离，没有明显孤立或被大片空白强行分隔。
4. 三个对象能够形成基本连贯的场景，例如共享地面、方向一致、空间位置合理，整体看起来属于同一个环境，而不是三个互不相关的符号。
5. 整体构图稳定，没有明显失衡、极端偏向某个角落或严重碎片化。
6. 线条总体连续、自然、力度相对稳定，没有大量异常断裂、极端微弱或杂乱涂画。
7. 画面具有适量细节。可以简单，但主要对象的基本结构能够表达清楚。
8. 房屋、树木、人物的比例大致协调，没有极端小型化或比例失调。
9. 房屋结构稳定，墙体、屋顶等主要结构完整，没有明显倒塌、断裂或严重几何变形。
10. 树木结构自然，树干、树冠、树枝等主要部分能够正常识别，整体结构基本完整。
11. 人物头部、躯干、手臂和腿等主要身体结构基本完整，各身体部分连接关系自然，没有明显断裂、错位或无法解释的结构缺失。
12. 人物大小与房屋、树木和整个画布基本协调，不存在极端小型化。
13. 人物整体比例基本合理，没有明显选择性结构缺失。
14. 房屋、树木和人物的相对大小基本合理，没有非常极端的尺寸差异。
15. 三者之间保持自然距离，没有某个对象被极端隔离。
16. 整体构图稳定且场景连贯，线条自然、连续，没有异常大面积涂黑。

【支持异常的证据】
1. 无。"
dataset/HTP/00/01/00_01_00_0020.jpg,00,01,01,0.010986941578116865,"【支持正常的证据】
1. 房屋、树木、人物三个核心对象均能够清楚识别，并且基本完整。
2. 三个对象在画面中的大小适中，没有全部挤在极小区域，也没有明显超出或压迫整个画面。
3. 房、树、人之间保持自然、合理的空间距离，没有明显孤立或被大片空白强行分隔。
4. 三个对象能够形成基本连贯的场景，例如共享地面、方向一致、空间位置合理，整体看起来属于同一个环境，而不是三个互不相关的符号。
5. 整体构图稳定，没有明显失衡、极端偏向某个角落或严重碎片化。
6. 线条总体连续、自然、力度相对稳定，没有大量异常断裂、极端微弱或杂乱涂画。
7. 画面具有适量细节。可以简单，但主要对象的基本结构能够表达清楚。
8. 房屋、树木、人物的比例大致协调，没有极端小型化或比例失调。
9. 房屋、树木和人物的相对大小基本合理，没有非常极端的尺寸差异。
10. 人物身体主要结构完整，比例不存在严重失调。
11. 整体构图稳定且场景连贯，没有明显异常的大面积涂黑。
12. 人物没有明显选择性结构缺失，四肢和五官比例协调。
13. 房屋结构稳定，主要组成部分合理。
14. 树木结构自然，没有严重截断或畸形。
15. 人物和房屋、树木之间保持自然距离，没有极端隔离。

【支持异常的证据】
1. 无明显异常特征。"
dataset/HTP/00/01/00_01_00_0021.jpg,00,01,01,0.009708474753363424,"【支持正常的证据】
1. 房屋、树木、人物三个核心对象均能够清楚识别，并且基本完整。
2. 三个对象在画面中的大小适中，没有全部挤在极小区域，也没有明显超出或压迫整个画面。
3. 房、树、人之间保持自然、合理的空间距离，没有明显孤立或被大片空白强行分隔。
4. 三个对象能够形成基本连贯的场景，例如共享地面、方向一致、空间位置合理，整体看起来属于同一个环境。
5. 整体构图稳定，没有明显失衡、极端偏向某个角落或严重碎片化。
6. 线条总体连续、自然、力度相对稳定，没有大量异常断裂、极端微弱或杂乱涂画。
7. 画面具有适量细节。可以简单，但主要对象的基本结构能够表达清楚。
8. 房屋、树木、人物的比例大致协调，没有极端小型化或比例失调。
9. 整体场景连贯，没有明显选择性结构缺失。
10. 线条自然、连续，没有异常大面积涂黑。

【支持异常的证据】
1. 无。"
dataset/HTP/00/01/00_01_00_0022.jpg,00,01,01,0.015906393344589397,"【支持正常的证据】
1. 房屋、树木、人物三个核心对象均能够清楚识别，并且基本完整。
2. 三个对象在画面中的大小适中，没有全部挤在极小区域，也没有明显超出或压迫整个画面。
3. 房、树、人之间保持自然、合理的空间距离，没有明显孤立或被大片空白强行分隔。
4. 三个对象能够形成基本连贯的场景，例如共享地面、方向一致、空间位置合理，整体看起来属于同一个环境。
5. 整体构图稳定，没有明显失衡、极端偏向某个角落或严重碎片化。
6. 线条总体连续、自然、力度相对稳定，没有大量异常断裂、极端微弱或杂乱涂画。
7. 画面具有适量细节。可以简单，但主要对象的基本结构能够表达清楚。
8. 房屋、树木、人物的比例大致协调，没有极端小型化。
9. 房屋、树木和人物的相对大小基本合理，没有非常极端的尺寸差异。
10. 人物身体主要结构完整，比例不存在严重失调。
11. 整体构图稳定且场景连贯，没有明显异常的大面积涂黑。
12. 人物和房屋、树木之间保持自然距离，没有极端隔离。
13. 画面中存在少量细节，如房屋的窗户、树木的枝干等，与主体自然结合。

【支持异常的证据】
1. 无明显异常涂黑、重度阴影或局部反复强调。
2. 无房屋、树木、人物中的一个或多个核心对象完全缺失的情况。
3. 无房屋、树木、人物整体只占巨大画布中极小区域，周围存在大量空白的情况。
4. 无三个对象之间距离极端遥远，某个对象明显孤立的情况。
5. 无对象像漂浮在不同区域，彼此几乎没有空间联系的情况。
6. 无大量非常微弱、间断、犹豫、僵硬或严重潦草的线条。
7. 无异常大面积涂黑、重度阴影或某个对象被明显过度强调的情况。"
dataset/HTP/00/01/00_01_00_0023.jpg,00,01,01,0.060086650384398026,"【支持正常的证据】
1. 房屋、树木、人物三个核心对象均能够清楚识别，并且基本完整。
2. 三个对象在画面中的大小适中，没有全部挤在极小区域，也没有明显超出或压迫整个画面。
3. 房、树、人之间保持自然、合理的空间距离，没有明显孤立或被大片空白强行分隔。
4. 三个对象能够形成基本连贯的场景，例如共享地面、方向一致、空间位置合理，整体看起来属于同一个环境，而不是三个互不相关的符号。
5. 整体构图稳定，没有明显失衡、极端偏向某个角落或严重碎片化。
6. 线条总体连续、自然、力度相对稳定，没有大量异常断裂、极端微弱或杂乱涂画。
7. 画面具有适量细节。可以简单，但主要对象的基本结构能够表达清楚。
8. 房屋、树木、人物的比例大致协调，没有极端小型化或比例失调。
9. 房屋、树木和人物之间的关系自然，没有极端隔离或空间关系异常。
10. 线条自然、连续，没有异常大面积涂黑。

【支持异常的证据】
1. 人物头部、躯干、手臂和腿等主要身体结构基本完整，但人物较小，比例显得有些夸张。
2. 树木结构自然，没有明显截断或畸形。
3. 房屋结构稳定，主要组成部分合理，但烟囱似乎过于夸张，可能暗示着某种心理压力或幻想。
4. 人物大小与房屋、树木和整个画布基本协调，但人物相对于房屋显得有些微小。
5. 房屋、树木和人物之间的关系自然，没有极端隔离或空间关系异常。"
dataset/HTP/00/01/00_01_00_0024.jpg,00,01,01,0.012431653620200803,"【支持正常的证据】
1. 房屋、树木、人物三个核心对象均能够清楚识别，并且基本完整。
2. 三个对象在画面中的大小适中，没有全部挤在极小区域，也没有明显超出或压迫整个画面。
3. 房、树、人之间保持自然、合理的空间距离，没有明显孤立或被大片空白强行分隔。
4. 三个对象能够形成基本连贯的场景，例如共享地面、方向一致、空间位置合理，整体看起来属于同一个环境。
5. 整体构图稳定，没有明显失衡、极端偏向某个角落或严重碎片化。
6. 线条总体连续、自然、力度相对稳定，没有大量异常断裂、极端微弱或杂乱涂画。
7. 画面具有适量细节。可以简单，但主要对象的基本结构能够表达清楚。
8. 房屋、树木、人物的比例大致协调，没有极端小型化或比例失调。
9. 房屋结构稳定，主要组成部分合理，没有明显倒塌、断裂或严重几何变形。
10. 树木结构自然，没有严重截断或畸形。
11. 人物身体主要结构完整，比例不存在严重失调。
12. 整体构图稳定且场景连贯。
13. 线条自然、连续，没有异常大面积涂黑。
14. 没有明显的选择性结构缺失。
15. 即使绘画较简单，其简化方式在整幅画中保持一致。
16. 仅存在少数能够由绘画水平、年龄、风格或普通构图解释的轻微异常。

【支持异常的证据】
1. 无明显异常特征。"
dataset/HTP/00/01/00_01_00_0025.jpg,00,01,01,0.03732688948593843,"【支持正常的证据】
1. 房屋、树木、人物三个核心对象均能够清楚识别，并且基本完整。
2. 三个对象在画面中的大小适中，没有全部挤在极小区域，也没有明显超出或压迫整个画面。
3. 房、树、人之间保持自然、合理的空间距离，没有明显孤立或被大片空白强行分隔。
4. 三个对象能够形成基本连贯的场景，例如共享地面、方向一致、空间位置合理，整体看起来属于同一个环境，而不是三个互不相关的符号。
5. 整体构图稳定，没有明显失衡、极端偏向某个角落或严重碎片化。
6. 线条总体连续、自然、力度相对稳定，没有大量异常断裂、极端微弱或杂乱涂画。
7. 画面具有适量细节。可以简单，但主要对象的基本结构能够表达清楚。
8. 房屋、树木、人物的比例大致协调，没有极端小型化或夸张比例。
9. 房屋、树木和人物之间的关系自然，没有极端隔离或不连贯的空间关系。
10. 线条自然、连续，没有异常大面积涂黑。

【支持异常的证据】
1. 人物的头部、躯干、手臂和腿等主要身体结构基本完整，但存在一些比例上的轻微不协调。
2. 房屋的屋顶和烟囱结构较为简单，但没有明显的结构缺失或扭曲。
3. 树木的树干和树冠连接自然，但存在一些细节上的简化。
4. 人物的身体比例有些不协调，尤其是手臂和腿部的比例显得有些夸张。
5. 整体构图虽然稳定，但存在一些细节上的简化，如树木的枝叶和房屋的窗户等。"
dataset/HTP/00/01/00_01_00_0026.jpg,00,01,01,0.012431653620200803,"【支持正常的证据】
1. 房屋、树木、人物三个核心对象均能够清楚识别，并且基本完整。
2. 三个对象在画面中的大小适中，没有全部挤在极小区域，也没有明显超出或压迫整个画面。
3. 房、树、人之间保持自然、合理的空间距离，没有明显孤立或被大片空白强行分隔。
4. 三个对象能够形成基本连贯的场景，例如共享地面、方向一致、空间位置合理，整体看起来属于同一个环境，而不是三个互不相关的符号。
5. 整体构图稳定，没有明显失衡、极端偏向某个角落或严重碎片化。
6. 线条总体连续、自然、力度相对稳定，没有大量异常断裂、极端微弱或杂乱涂画。
7. 画面具有适量细节。可以简单，但主要对象的基本结构能够表达清楚。
8. 房屋、树木、人物的比例大致协调，没有极端小型化或比例失调。
9. 房屋、树木和人物之间的关系自然，没有极端隔离或不连贯的空间关系。
10. 线条自然、连续，没有异常大面积涂黑。

【支持异常的证据】
1. 无明显异常特征。"
dataset/HTP/00/01/00_01_00_0027.jpg,00,01,01,0.009708474753363424,"【支持正常的证据】
1. 房屋、树木、人物三个核心对象均能够清楚识别，并且基本完整。
2. 三个对象在画面中的大小适中，没有全部挤在极小区域，也没有明显超出或压迫整个画面。
3. 房、树、人之间保持自然、合理的空间距离，没有明显孤立或被大片空白强行分隔。
4. 三个对象能够形成基本连贯的场景，例如共享地面、方向一致、空间位置合理，整体看起来属于同一个环境，而不是三个互不相关的符号。
5. 整体构图稳定，没有明显失衡、极端偏向某个角落或严重碎片化。
6. 线条总体连续、自然、力度相对稳定，没有大量异常断裂、极端微弱或杂乱涂画。
7. 画面具有适量细节。可以简单，但主要对象的基本结构能够表达清楚。
8. 房屋、树木、人物的比例大致协调，没有极端小型化或比例失调。
9. 整体场景连贯，没有明显选择性结构缺失。
10. 线条自然、连续，没有异常大面积涂黑。

【支持异常的证据】
1. 无明显异常特征。"
dataset/HTP/00/01/00_01_00_0028.jpg,00,01,01,0.0293122327122782,"【支持正常的证据】
1. 房屋、树木、人物三个核心对象均能够清楚识别，并且基本完整。
2. 三个对象在画面中的大小适中，没有全部挤在极小区域，也没有明显超出或压迫整个画面。
3. 房、树、人之间保持自然、合理的空间距离，没有明显孤立或被大片空白强行分隔。
4. 三个对象能够形成基本连贯的场景，例如共享地面、方向一致、空间位置合理，整体看起来属于同一个环境。
5. 整体构图稳定，没有明显失衡、极端偏向某个角落或严重碎片化。
6. 线条总体连续、自然、力度相对稳定，没有大量异常断裂、极端微弱或杂乱涂画。
7. 画面具有适量细节。可以简单，但主要对象的基本结构能够表达清楚。
8. 房屋、树木、人物之间保持自然的距离，没有极端隔离。
9. 整体构图协调，没有大面积异常涂黑或阴影。

【支持异常的证据】
1. 人物缺少手臂，但整体结构仍然保持完整。
2. 树木的树干和树冠之间连接自然，比例基本合理。
3. 房屋的屋顶和烟囱结构稳定，没有明显倒塌或断裂。
4. 人物的比例大致合理，没有明显失调。
5. 房屋、树木和人物之间保持自然距离，没有极端隔离。
6. 整体构图稳定，没有明显失衡或碎片化。"
dataset/HTP/00/01/00_01_00_0029.jpg,00,01,01,0.010986941578116865,"【支持正常的证据】
1. 房屋、树木、人物三个核心对象均能够清楚识别，并且基本完整。
2. 三个对象在画面中的大小适中，没有全部挤在极小区域，也没有明显超出或压迫整个画面。
3. 房、树、人之间保持自然、合理的空间距离，没有明显孤立或被大片空白强行分隔。
4. 三个对象能够形成基本连贯的场景，例如共享地面、方向一致、空间位置合理，整体看起来属于同一个环境，而不是三个互不相关的符号。
5. 整体构图稳定，没有明显失衡、极端偏向某个角落或严重碎片化。
6. 线条总体连续、自然、力度相对稳定，没有大量异常断裂、极端微弱或杂乱涂画。
7. 画面具有适量细节。可以简单，但主要对象的基本结构能够表达清楚。
8. 房屋、树木、人物的比例大致协调，没有极端小型化或比例失调。
9. 房屋、树木和人物之间的关系自然，没有极端隔离或空间关系异常。
10. 线条自然、连续，没有异常大面积涂黑。

【支持异常的证据】
1. 无。"
dataset/HTP/00/01/00_01_00_0030.jpg,00,01,01,0.06754668832401889,"【支持正常的证据】
1. 房屋、树木、人物三个核心对象均能够清楚识别，并且基本完整。
2. 三个对象在画面中的大小适中，没有全部挤在极小区域，也没有明显超出或压迫整个画面。
3. 房、树、人之间保持自然、合理的空间距离，没有明显孤立或被大片空白强行分隔。
4. 三个对象能够形成基本连贯的场景，例如共享地面、方向一致、空间位置合理，整体看起来属于同一个环境，而不是三个互不相关的符号。
5. 整体构图稳定，没有明显失衡、极端偏向某个角落或严重碎片化。
6. 线条总体连续、自然、力度相对稳定，没有大量异常断裂、极端微弱或杂乱涂画。
7. 画面具有适量细节。可以简单，但主要对象的基本结构能够表达清楚。
8. 房屋、树木、人物的比例大致协调，没有极端小型化或比例失调。
9. 房屋、树木和人物之间的关系自然，没有极端隔离或不连贯的空间关系。
10. 线条自然、连续，没有异常大面积涂黑。

【支持异常的证据】
1. 人物缺少手臂，手臂被选择性省略。
2. 房屋缺少窗户，窗户被选择性省略。
3. 树木缺少叶子，可能是由于绘画风格或季节性因素导致。
4. 房屋、树木和人物的大小比例略有不协调，但整体还在合理范围内。
5. 房屋、树木和人物之间的空间关系较为自然，但没有完全连贯的互动。"
dataset/HTP/00/01/00_01_00_0031.jpg,00,01,01,0.014063626423394072,"【支持正常的证据】
1. 房屋、树木、人物三个核心对象均能够清楚识别，并且基本完整。
2. 三个对象在画面中的大小适中，没有全部挤在极小区域，也没有明显超出或压迫整个画面。
3. 房、树、人之间保持自然、合理的空间距离，没有明显孤立或被大片空白强行分隔。
4. 三个对象能够形成基本连贯的场景，例如共享地面、方向一致、空间位置合理，整体看起来属于同一个环境，而不是三个互不相关的符号。
5. 整体构图稳定，没有明显失衡、极端偏向某个角落或严重碎片化。
6. 线条总体连续、自然、力度相对稳定，没有大量异常断裂、极端微弱或杂乱涂画。
7. 画面具有适量细节。可以简单，但主要对象的基本结构能够表达清楚。
8. 房屋、树木、人物的比例大致协调，没有极端小型化或比例失调。
9. 整体场景连贯，没有明显选择性结构缺失。
10. 线条自然、连续，没有异常大面积涂黑。

【支持异常的证据】
1. 无明显异常特征。"
dataset/HTP/00/01/00_01_00_0032.jpg,00,01,01,0.0293122327122782,"【支持正常的证据】
1. 房屋、树木、人物三个核心对象均能够清楚识别，并且基本完整。
2. 三个对象在画面中的大小适中，没有全部挤在极小区域，也没有明显超出或压迫整个画面。
3. 房、树、人之间保持自然、合理的空间距离，没有明显孤立或被大片空白强行分隔。
4. 三个对象能够形成基本连贯的场景，例如共享地面、方向一致、空间位置合理，整体看起来属于同一个环境，而不是三个互不相关的符号。
5. 整体构图稳定，没有明显失衡、极端偏向某个角落或严重碎片化。
6. 线条总体连续、自然、力度相对稳定，没有大量异常断裂、极端微弱或杂乱涂画。
7. 画面具有适量细节。可以简单，但主要对象的基本结构能够表达清楚。
8. 房屋、树木、人物的比例大致协调，没有极端小型化或比例失调。
9. 整体场景连贯，没有明显选择性结构缺失。
10. 线条自然、连续，没有异常大面积涂黑。

【支持异常的证据】
1. 人物头部、躯干、手臂和腿等主要身体结构基本完整。
2. 人物各身体部分连接关系自然，没有明显断裂、错位或无法解释的结构缺失。
3. 人物整体比例基本合理。允许存在普通儿童画、简笔画、卡通画中的比例误差，不要求符合严格人体解剖比例。
4. 人物大小与房屋、树木和整个画布基本协调，不存在极端小型化。
5. 如果人物尺寸允许，眼睛、鼻子、嘴等主要面部特征基本存在；如果人物很小，没有绘制完整五官也可以是正常表现。
6. 人物采用火柴人、单线手臂或单线腿的简单风格时，如果整个人物风格统一并且结构完整，不能因为简单就判断异常。
7. 人物可以正面、侧面或其他姿势，只要身体结构基本合理，都可以属于正常表现。
8. 普通衣服填色、头发填色或身体局部自然阴影不能作为异常证据。
9. 面部表情自然、中性、微笑或其他与场景协调的普通表情，可以支持正常判断。
10. 即使人物没有明显表情，只要画法简单且没有其他异常支持，也不能因为表情中性就判断异常。"
dataset/HTP/00/01/00_01_00_0033.jpg,00,01,01,0.012431653620200803,"【支持正常的证据】
1. 房屋、树木、人物三个核心对象均能够清楚识别，并且基本完整。
2. 三个对象在画面中的大小适中，没有全部挤在极小区域，也没有明显超出或压迫整个画面。
3. 房、树、人之间保持自然、合理的空间距离，没有明显孤立或被大片空白强行分隔。
4. 三个对象能够形成基本连贯的场景，例如共享地面、方向一致、空间位置合理，整体看起来属于同一个环境，而不是三个互不相关的符号。
5. 整体构图稳定，没有明显失衡、极端偏向某个角落或严重碎片化。
6. 线条总体连续、自然、力度相对稳定，没有大量异常断裂、极端微弱或杂乱涂画。
7. 画面具有适量细节。可以简单，但主要对象的基本结构能够表达清楚。
8. 房屋、树木、人物的比例大致协调，没有极端小型化或比例失调。
9. 房屋、树木和人物之间的关系自然，没有极端隔离或不连贯的空间关系。
10. 线条自然、连续，没有异常大面积涂黑。

【支持异常的证据】
1. 无明显异常特征。"
dataset/HTP/00/01/00_01_00_0034.jpg,00,01,01,0.03732688948593843,"【支持正常的证据】
1. 房屋、树木、人物三个核心对象均能够清楚识别，并且基本完整。
2. 三个对象在画面中的大小适中，没有全部挤在极小区域，也没有明显超出或压迫整个画面。
3. 房、树、人之间保持自然、合理的空间距离，没有明显孤立或被大片空白强行分隔。
4. 三个对象能够形成基本连贯的场景，例如共享地面、方向一致、空间位置合理，整体看起来属于同一个环境，而不是三个互不相关的符号。
5. 整体构图稳定，没有明显失衡、极端偏向某个角落或严重碎片化。
6. 线条总体连续、自然、力度相对稳定，没有大量异常断裂、极端微弱或杂乱涂画。
7. 画面具有适量细节。可以简单，但主要对象的基本结构能够表达清楚。
8. 房屋、树木、人物的比例大致协调，没有极端小型化或比例失调。
9. 房屋、树木和人物之间的关系自然，没有极端隔离或不连贯的空间关系。
10. 线条自然、连续，没有异常大面积涂黑。

【支持异常的证据】
1. 人物缺少脸部和主要肢体，但整体结构仍然存在。
2. 房屋和树木的结构较为简单，但没有明显选择性缺失或极端扭曲。
3. 人物的比例有些夸张，但整体结构仍然合理。
4. 整体构图虽然连贯，但人物的位置略显突兀，似乎没有完全融入场景。"
dataset/HTP/00/01/00_01_00_0035.jpg,00,01,01,0.009708474753363424,"【支持正常的证据】
1. 房屋、树木、人物三个核心对象均能够清楚识别，并且基本完整。
2. 三个对象在画面中的大小适中，没有全部挤在极小区域，也没有明显超出或压迫整个画面。
3. 房、树、人之间保持自然、合理的空间距离，没有明显孤立或被大片空白强行分隔。
4. 三个对象能够形成基本连贯的场景，例如共享地面、方向一致、空间位置合理，整体看起来属于同一个环境，而不是三个互不相关的符号。
5. 整体构图稳定，没有明显失衡、极端偏向某个角落或严重碎片化。
6. 线条总体连续、自然、力度相对稳定，没有大量异常断裂、极端微弱或杂乱涂画。
7. 画面具有适量细节。可以简单，但主要对象的基本结构能够表达清楚。
8. 房屋、树木、人物的比例大致协调，没有极端小型化或比例失调。
9. 房屋、树木和人物的相对大小基本合理，没有非常极端的尺寸差异。
10. 人物身体主要结构完整，比例不存在严重失调。
11. 整体构图稳定且场景连贯，没有明显异常的大面积涂黑。
12. 人物没有明显选择性结构缺失，四肢和五官比例协调。
13. 房屋结构稳定，主要组成部分合理。
14. 树木结构自然，没有严重截断或畸形。
15. 房屋、树木和人物之间保持自然距离，没有某个对象被极端隔离。
16. 人物能够自然地处于房屋和树木形成的环境中，而不是完全脱离其他对象。

【支持异常的证据】
1. 无。"
dataset/HTP/00/01/00_01_00_0036.jpg,00,01,01,0.00857748525531428,"【支持正常的证据】
1. 房屋、树木、人物三个核心对象均能够清楚识别，并且基本完整。
2. 三个对象在画面中的大小适中，没有全部挤在极小区域，也没有明显超出或压迫整个画面。
3. 房、树、人之间保持自然、合理的空间距离，没有明显孤立或被大片空白强行分隔。
4. 三个对象能够形成基本连贯的场景，例如共享地面、方向一致、空间位置合理，整体看起来属于同一个环境，而不是三个互不相关的符号。
5. 整体构图稳定，没有明显失衡、极端偏向某个角落或严重碎片化。
6. 线条总体连续、自然、力度相对稳定，没有大量异常断裂、极端微弱或杂乱涂画。
7. 画面具有适量细节。可以简单，但主要对象的基本结构能够表达清楚。
8. 房屋、树木、人物的比例大致协调，没有极端小型化或比例失调。
9. 房屋、树木和人物的相对大小基本合理，没有非常极端的尺寸差异。
10. 房屋结构稳定，主要组成部分合理，没有明显倒塌、断裂或严重几何变形。
11. 树木结构自然，没有严重截断或畸形。
12. 人物身体主要结构完整，比例不存在严重失调。
13. 整体构图稳定且场景连贯，没有明显异常的大面积涂黑。
14. 人物没有明显选择性结构缺失，整体绘画风格统一。
15. 房屋、树木和人物之间保持自然距离，没有某个对象被极端隔离。

【支持异常的证据】
1. 无。"
dataset/HTP/00/01/00_01_00_0037.jpg,00,01,01,0.007577241922677275,"【支持正常的证据】
1. 房屋、树木、人物三个核心对象均能够清楚识别，并且基本完整。
2. 三个对象在画面中的大小适中，没有全部挤在极小区域，也没有明显超出或压迫整个画面。
3. 房、树、人之间保持自然、合理的空间距离，没有明显孤立或被大片空白强行分隔。
4. 三个对象能够形成基本连贯的场景，例如共享地面、方向一致、空间位置合理，整体看起来属于同一个环境，而不是三个互不相关的符号。
5. 整体构图稳定，没有明显失衡、极端偏向某个角落或严重碎片化。
6. 线条总体连续、自然、力度相对稳定，没有大量异常断裂、极端微弱或杂乱涂画。
7. 画面具有适量细节。可以简单，但主要对象的基本结构能够表达清楚。
8. 房屋、树木、人物的比例大致协调，没有极端小型化或比例失调。
9. 房屋、树木和人物的相对大小基本合理，没有非常极端的尺寸差异。
10. 房屋结构稳定，主要组成部分合理，没有明显倒塌、断裂或严重几何变形。
11. 树木结构自然，没有严重截断或畸形。
12. 人物身体主要结构完整，比例不存在严重失调。
13. 整体构图稳定且场景连贯。
14. 线条自然、连续，没有异常大面积涂黑。
15. 没有明显的选择性结构缺失。
16. 仅存在少数能够由绘画水平、年龄、风格或普通构图解释的轻微异常。

【支持异常的证据】
1. 无明显异常特征。"
dataset/HTP/00/01/00_01_00_0038.jpg,00,01,01,0.00857748525531428,"【支持正常的证据】
1. 房屋、树木、人物三个核心对象均能够清楚识别，并且基本完整。
2. 三个对象在画面中的大小适中，没有全部挤在极小区域，也没有明显超出或压迫整个画面。
3. 房、树、人之间保持自然、合理的空间距离，没有明显孤立或被大片空白强行分隔。
4. 三个对象能够形成基本连贯的场景，例如共享地面、方向一致、空间位置合理，整体看起来属于同一个环境，而不是三个互不相关的符号。
5. 整体构图稳定，没有明显失衡、极端偏向某个角落或严重碎片化。
6. 线条总体连续、自然、力度相对稳定，没有大量异常断裂、极端微弱或杂乱涂画。
7. 画面具有适量细节。可以简单，但主要对象的基本结构能够表达清楚。
8. 房屋、树木、人物的比例大致协调，没有极端小型化或比例失调。
9. 房屋、树木和人物之间的相对大小基本合理，没有非常极端的尺寸差异。
10. 整体构图稳定且场景连贯，没有明显异常的大面积涂黑、极端小型化或异常隔离。

【支持异常的证据】
1. 无。"
dataset/HTP/00/01/00_01_00_0039.jpg,00,01,01,0.009708474753363424,"【支持正常的证据】
1. 房屋、树木、人物三个核心对象均能够清楚识别，并且基本完整。
2. 三个对象在画面中的大小适中，没有全部挤在极小区域，也没有明显超出或压迫整个画面。
3. 房、树、人之间保持自然、合理的空间距离，没有明显孤立或被大片空白强行分隔。
4. 三个对象能够形成基本连贯的场景，例如共享地面、方向一致、空间位置合理，整体看起来属于同一个环境，而不是三个互不相关的符号。
5. 整体构图稳定，没有明显失衡、极端偏向某个角落或严重碎片化。
6. 线条总体连续、自然、力度相对稳定，没有大量异常断裂、极端微弱或杂乱涂画。
7. 画面具有适量细节。可以简单，但主要对象的基本结构能够表达清楚。
8. 房屋、树木、人物的比例大致协调，没有极端小型化或比例失调。
9. 房屋、树木和人物的相对大小基本合理，没有非常极端的尺寸差异。
10. 人物身体主要结构完整，比例不存在严重失调。
11. 整体构图稳定且场景连贯，没有明显异常的大面积涂黑。
12. 人物和房屋、树木之间保持自然距离，没有极端隔离。
13. 画面存在多个相互独立的正常积极特征，如房屋结构稳定、树木结构自然、人物身体完整等。

【支持异常的证据】
1. 无明显异常特征。"
dataset/HTP/00/01/00_01_00_0040.jpg,00,01,01,0.06754668832401889,"【支持正常的证据】
1. 房屋、树木、人物三个核心对象均能够清楚识别，并且基本完整。
2. 三个对象在画面中的大小适中，没有全部挤在极小区域，也没有明显超出或压迫整个画面。
3. 房、树、人之间保持自然、合理的空间距离，没有明显孤立或被大片空白强行分隔。
4. 三个对象能够形成基本连贯的场景，例如共享地面、方向一致、空间位置合理，整体看起来属于同一个环境，而不是三个互不相关的符号。
5. 整体构图稳定，没有明显失衡、极端偏向某个角落或严重碎片化。
6. 线条总体连续、自然、力度相对稳定，没有大量异常断裂、极端微弱或杂乱涂画。
7. 画面具有适量细节。可以简单，但主要对象的基本结构能够表达清楚。
8. 房屋、树木、人物的比例大致协调，没有极端小型化或比例失调。
9. 整体场景连贯，没有明显选择性结构缺失。
10. 线条自然、连续，没有异常大面积涂黑。

【支持异常的证据】
1. 房屋、树木、人物中的一个或多个核心对象完全缺失，且无法由裁剪、遮挡或画法解释。
2. 整幅画极度简化，只剩极少线条，大量重要结构同时消失，整体信息量异常低。
3. 房、树、人整体只占巨大画布中极小区域，周围存在大量空白。
4. 三个对象之间距离极端遥远，某个对象明显孤立，或者整个场景严重碎片化。
5. 对象像漂浮在不同区域，彼此几乎没有空间联系，整体场景严重不连贯。
6. 存在大量非常微弱、间断、犹豫、僵硬或严重潦草的线条。
7. 存在异常大面积涂黑、重度阴影或某个对象被明显过度强调。"
dataset/HTP/00/01/00_01_00_0041.jpg,00,01,01,0.010986941578116865,"【支持正常的证据】
1. 房屋、树木、人物三个核心对象均能够清楚识别，并且基本完整。
2. 三个对象在画面中的大小适中，没有全部挤在极小区域，也没有明显超出或压迫整个画面。
3. 房、树、人之间保持自然、合理的空间距离，没有明显孤立或被大片空白强行分隔。
4. 三个对象能够形成基本连贯的场景，例如共享地面、方向一致、空间位置合理，整体看起来属于同一个环境。
5. 整体构图稳定，没有明显失衡、极端偏向某个角落或严重碎片化。
6. 线条总体连续、自然、力度相对稳定，没有大量异常断裂、极端微弱或杂乱涂画。
7. 画面具有适量细节。可以简单，但主要对象的基本结构能够表达清楚。
8. 房屋、树木、人物的比例大致协调，没有极端小型化或比例失调。
9. 房屋、树木和人物之间的关系自然，没有极端隔离或空间关系异常。
10. 线条自然、连续，没有异常大面积涂黑。

【支持异常的证据】
1. 无明显异常特征。"
dataset/HTP/00/01/00_01_00_0042.jpg,00,01,01,0.00857748525531428,"【支持正常的证据】
1. 房屋、树木、人物三个核心对象均能够清楚识别，并且基本完整。
2. 三个对象在画面中的大小适中，没有全部挤在极小区域，也没有明显超出或压迫整个画面。
3. 房、树、人之间保持自然、合理的空间距离，没有明显孤立或被大片空白强行分隔。
4. 三个对象能够形成基本连贯的场景，例如共享地面、方向一致、空间位置合理，整体看起来属于同一个环境，而不是三个互不相关的符号。
5. 整体构图稳定，没有明显失衡、极端偏向某个角落或严重碎片化。
6. 线条总体连续、自然、力度相对稳定，没有大量异常断裂、极端微弱或杂乱涂画。
7. 画面具有适量细节。可以简单，但主要对象的基本结构能够表达清楚。
8. 房屋、树木、人物的比例大致协调，没有极端小型化或比例失调。
9. 房屋结构稳定，主要组成部分合理，没有明显倒塌、断裂或严重几何变形。
10. 树木结构自然，没有严重截断或畸形。
11. 人物身体主要结构完整，比例不存在严重失调。
12. 整体构图稳定且场景连贯。
13. 线条自然、连续，没有异常大面积涂黑。
14. 没有明显的选择性结构缺失。
15. 即使绘画较简单，其简化方式在整幅画中保持一致。

【支持异常的证据】
1. 无明显异常特征。"
dataset/HTP/00/01/00_01_02_0000.png,00,01,01,0.015906393344589397,"【支持正常的证据】
1. 房屋、树木、人物三个核心对象均能够清楚识别，并且基本完整。
2. 三个对象在画面中的大小适中，没有全部挤在极小区域，也没有明显超出或压迫整个画面。
3. 房、树、人之间保持自然、合理的空间距离，没有明显孤立或被大片空白强行分隔。
4. 三个对象能够形成基本连贯的场景，例如共享地面、方向一致、空间位置合理，整体看起来属于同一个环境，而不是三个互不相关的符号。
5. 整体构图稳定，没有明显失衡、极端偏向某个角落或严重碎片化。
6. 线条总体连续、自然、力度相对稳定，没有大量异常断裂、极端微弱或杂乱涂画。
7. 画面具有适量细节。可以简单，但主要对象的基本结构能够表达清楚。
8. 房屋、树木、人物的比例大致协调，没有极端小型化或比例失调。
9. 房屋、树木和人物之间的关系自然，没有极端隔离或不连贯的空间关系。
10. 线条自然、连续，没有异常大面积涂黑。

【支持异常的证据】
1. 无明显异常特征。"
dataset/HTP/00/01/00_01_02_0001.png,00,01,01,0.025957357762928745,"【支持正常的证据】
1. 房屋、树木、人物三个核心对象均能够清楚识别，并且基本完整。
2. 三个对象在画面中的大小适中，没有全部挤在极小区域，也没有明显超出或压迫整个画面。
3. 房、树、人之间保持自然、合理的空间距离，没有明显孤立或被大片空白强行分隔。
4. 三个对象能够形成基本连贯的场景，例如共享地面、方向一致、空间位置合理，整体看起来属于同一个环境，而不是三个互不相关的符号。
5. 整体构图稳定，没有明显失衡、极端偏向某个角落或严重碎片化。
6. 线条总体连续、自然、力度相对稳定，没有大量异常断裂、极端微弱或杂乱涂画。
7. 画面具有适量细节。可以简单，但主要对象的基本结构能够表达清楚。
8. 房屋、树木、人物的比例大致协调，没有极端小型化或比例失调。
9. 房屋、树木和人物之间的相对大小基本合理，没有非常极端的尺寸差异。
10. 人物身体主要结构完整，比例不存在严重失调。
11. 整体构图稳定且场景连贯，没有明显异常的大面积涂黑。
12. 人物没有明显选择性结构缺失，如缺少手臂或腿部。
13. 人物身体各部分连接关系自然，没有明显断裂、错位或无法解释的结构缺失。
14. 人物大小与房屋、树木和整个画布基本协调，不存在极端小型化。
15. 人物采用火柴人、单线手臂或单线腿的简单风格时，如果整个人物风格统一并且结构完整，不能因为简单就判断异常。
16. 人物可以正面、侧面或其他姿势，只要身体结构基本合理，都可以属于正常表现。
17. 人物没有明显异常的大面积涂黑。
18. 人物没有明显的选择性结构缺失，如缺少脸部或主要肢体。
19. 人物没有明显的选择性缺失，如缺少手臂或腿部。
20. 人物没有明显的选择性缺失，如缺少头部或躯干。
21. 人物没有明显的选择性缺失，如缺少眼睛、鼻子、嘴等主要面部结构。
22. 人物没有明显的选择性缺失，如缺少头发或身体局部。
23. 人物没有明显的选择性缺失，如缺少衣服或鞋子。
24. 人物没有明显的选择性缺失，如缺少手或脚。
25. 人物没有明显的选择性缺失，如缺少手指或脚趾。
26. 人物没有明显的选择性缺失，如缺少耳朵或嘴巴。
27. 人物没有明显的选择性缺失，如缺少眼睛或鼻子。
28. 人物没有明显的选择性"
dataset/HTP/00/01/00_01_02_0002.png,00,01,01,0.01798621187025419,"【支持正常的证据】
1. 房屋、树木、人物三个核心对象均能够清楚识别，并且基本完整。
2. 三个对象在画面中的大小适中，没有全部挤在极小区域，也没有明显超出或压迫整个画面。
3. 房、树、人之间保持自然、合理的空间距离，没有明显孤立或被大片空白强行分隔。
4. 三个对象能够形成基本连贯的场景，例如共享地面、方向一致、空间位置合理，整体看起来属于同一个环境，而不是三个互不相关的符号。
5. 整体构图稳定，没有明显失衡、极端偏向某个角落或严重碎片化。
6. 线条总体连续、自然、力度相对稳定，没有大量异常断裂、极端微弱或杂乱涂画。
7. 画面具有适量细节。可以简单，但主要对象的基本结构能够表达清楚。
8. 房屋、树木、人物的比例大致协调，没有极端小型化或比例失调。
9. 整体场景连贯，没有明显选择性结构缺失。
10. 线条自然、连续，没有异常大面积涂黑。

【支持异常的证据】
1. 无。"
dataset/HTP/00/01/00_01_02_0003.png,00,01,01,0.012431653620200803,"【支持正常的证据】
1. 房屋、树木、人物三个核心对象均能够清楚识别，并且基本完整。
2. 三个对象在画面中的大小适中，没有全部挤在极小区域，也没有明显超出或压迫整个画面。
3. 房、树、人之间保持自然、合理的空间距离，没有明显孤立或被大片空白强行分隔。
4. 三个对象能够形成基本连贯的场景，例如共享地面、方向一致、空间位置合理，整体看起来属于同一个环境，而不是三个互不相关的符号。
5. 整体构图稳定，没有明显失衡、极端偏向某个角落或严重碎片化。
6. 线条总体连续、自然、力度相对稳定，没有大量异常断裂、极端微弱或杂乱涂画。
7. 画面具有适量细节。可以简单，但主要对象的基本结构能够表达清楚。
8. 房屋、树木、人物的比例大致协调，没有极端小型化或比例失调。
9. 房屋结构稳定，主要组成部分合理，没有明显倒塌、断裂或严重几何变形。
10. 树木结构自然，没有严重截断或畸形。
11. 人物身体主要结构完整，比例不存在严重失调。
12. 整体构图稳定且场景连贯。
13. 线条自然、连续，没有异常大面积涂黑。
14. 没有明显的选择性结构缺失。
15. 仅存在少数能够由绘画水平、年龄、风格或普通构图解释的轻微异常。

【支持异常的证据】
1. 无。"
dataset/HTP/00/01/00_01_02_0004.png,00,01,01,0.014063626423394072,"【支持正常的证据】
1. 房屋、树木、人物三个核心对象均能够清楚识别，并且基本完整。
2. 三个对象在画面中的大小适中，没有全部挤在极小区域，也没有明显超出或压迫整个画面。
3. 房、树、人之间保持自然、合理的空间距离，没有明显孤立或被大片空白强行分隔。
4. 三个对象能够形成基本连贯的场景，例如共享地面、方向一致、空间位置合理，整体看起来属于同一个环境，而不是三个互不相关的符号。
5. 整体构图稳定，没有明显失衡、极端偏向某个角落或严重碎片化。
6. 线条总体连续、自然、力度相对稳定，没有大量异常断裂、极端微弱或杂乱涂画。
7. 画面具有适量细节。可以简单，但主要对象的基本结构能够表达清楚。
8. 房屋、树木、人物的比例大致协调，没有极端小型化或比例失调。
9. 房屋、树木和人物之间的相对大小基本合理，没有非常极端的尺寸差异。
10. 人物身体主要结构完整，比例不存在严重失调。
11. 整体构图稳定且场景连贯，没有明显异常的大面积涂黑。
12. 人物没有明显的选择性结构缺失，整体绘画风格统一。
13. 房屋结构稳定，主要组成部分合理。
14. 树木结构自然，没有严重截断或畸形。
15. 人物身体各部分连接关系自然，没有明显断裂、错位或无法解释的结构缺失。
16. 人物大小与房屋、树木和整个画布基本协调，不存在极端小型化。
17. 人物采用火柴人、单线手臂或单线腿的简单风格时，如果整个人物风格统一并且结构完整，不能因为简单就判断异常。
18. 人物可以正面、侧面或其他姿势，只要身体结构基本合理，都可以属于正常表现。
19. 人物没有明显的选择性结构缺失，整体绘画风格统一。
20. 人物没有明显的选择性结构缺失，整体绘画风格统一。

【支持异常的证据】
1. 无。"
dataset/HTP/00/01/00_01_02_0005.png,00,01,01,0.08509904732734556,"【支持正常的证据】
1. 房屋、树木、人物三个核心对象均能够清楚识别，并且基本完整。
2. 三个对象在画面中的大小适中，没有全部挤在极小区域，也没有明显超出或压迫整个画面。
3. 房、树、人之间保持自然、合理的空间距离，没有明显孤立或被大片空白强行分隔。
4. 三个对象能够形成基本连贯的场景，例如共享地面、方向一致、空间位置合理，整体看起来属于同一个环境，而不是三个互不相关的符号。
5. 整体构图稳定，没有明显失衡、极端偏向某个角落或严重碎片化。
6. 线条总体连续、自然、力度相对稳定，没有大量异常断裂、极端微弱或杂乱涂画。
7. 画面具有适量细节。可以简单，但主要对象的基本结构能够表达清楚。
8. 没有大面积、无明显绘画目的的异常涂黑、重阴影或局部反复强调。

【支持异常的证据】
1. 房屋、树木、人物中的一个或多个核心对象完全缺失，且无法由裁剪、遮挡或画法解释。
2. 整幅画极度简化，只剩极少线条，大量重要结构同时消失，整体信息量异常低。
3. 房、树、人整体只占巨大画布中极小区域，周围存在大量空白。
4. 三个对象之间距离极端遥远，某个对象明显孤立，或者整个场景严重碎片化。
5. 存在大量非常微弱、间断、犹豫、僵硬或严重潦草的线条。
6. 存在异常大面积涂黑、重度阴影或某个对象被明显过度强调。"
dataset/HTP/00/01/00_01_02_0006.png,00,01,01,0.010986941578116865,"【支持正常的证据】
1. 房屋、树木、人物三个核心对象均能够清楚识别，并且基本完整。
2. 三个对象在画面中的大小适中，没有全部挤在极小区域，也没有明显超出或压迫整个画面。
3. 房、树、人之间保持自然、合理的空间距离，没有明显孤立或被大片空白强行分隔。
4. 三个对象能够形成基本连贯的场景，例如共享地面、方向一致、空间位置合理，整体看起来属于同一个环境，而不是三个互不相关的符号。
5. 整体构图稳定，没有明显失衡、极端偏向某个角落或严重碎片化。
6. 线条总体连续、自然、力度相对稳定，没有大量异常断裂、极端微弱或杂乱涂画。
7. 画面具有适量细节。可以简单，但主要对象的基本结构能够表达清楚。
8. 房屋、树木、人物的比例大致协调，没有极端小型化或比例失调。
9. 房屋、树木和人物之间的相对大小基本合理，没有非常极端的尺寸差异。
10. 整体构图稳定且场景连贯，没有明显异常的大面积涂黑、极端小型化或异常隔离。

【支持异常的证据】
1. 无。"
dataset/HTP/00/01/00_01_02_0007.png,00,01,01,0.012431653620200803,"【支持正常的证据】
1. 房屋、树木、人物三个核心对象均能够清楚识别，并且基本完整。
2. 三个对象在画面中的大小适中，没有全部挤在极小区域，也没有明显超出或压迫整个画面。
3. 房、树、人之间保持自然、合理的空间距离，没有明显孤立或被大片空白强行分隔。
4. 三个对象能够形成基本连贯的场景，例如共享地面、方向一致、空间位置合理，整体看起来属于同一个环境，而不是三个互不相关的符号。
5. 整体构图稳定，没有明显失衡、极端偏向某个角落或严重碎片化。
6. 线条总体连续、自然、力度相对稳定，没有大量异常断裂、极端微弱或杂乱涂画。
7. 画面具有适量细节。可以简单，但主要对象的基本结构能够表达清楚。
8. 房屋、树木、人物的比例大致协调，没有极端小型化或比例失调。
9. 整体构图稳定且场景连贯，没有明显异常的大面积涂黑、极端小型化或异常隔离。
10. 人物身体主要结构完整，比例不存在严重失调。

【支持异常的证据】
1. 无明显异常特征。"
dataset/HTP/00/01/00_01_02_0008.png,00,01,01,0.009708474753363424,"【支持正常的证据】
1. 房屋、树木、人物三个核心对象均能够清楚识别，并且基本完整。
2. 三个对象在画面中的大小适中，没有全部挤在极小区域，也没有明显超出或压迫整个画面。
3. 房、树、人之间保持自然、合理的空间距离，没有明显孤立或被大片空白强行分隔。
4. 三个对象能够形成基本连贯的场景，例如共享地面、方向一致、空间位置合理，整体看起来属于同一个环境，而不是三个互不相关的符号。
5. 整体构图稳定，没有明显失衡、极端偏向某个角落或严重碎片化。
6. 线条总体连续、自然、力度相对稳定，没有大量异常断裂、极端微弱或杂乱涂画。
7. 画面具有适量细节。可以简单，但主要对象的基本结构能够表达清楚。
8. 房屋、树木、人物的比例大致协调，没有极端小型化或比例失调。
9. 房屋结构稳定，没有明显倒塌、断裂或严重几何变形。
10. 树木结构自然，没有明显截断或畸形。
11. 人物身体主要结构完整，比例不存在严重失调。
12. 整体构图稳定且场景连贯。
13. 线条自然、连续，没有异常大面积涂黑。
14. 没有明显的选择性结构缺失。
15. 仅存在少数能够由绘画水平、年龄、风格或普通构图解释的轻微异常。

【支持异常的证据】
1. 无。"
dataset/HTP/00/01/00_01_02_0009.png,00,01,01,0.012431653620200803,"【支持正常的证据】
1. 房屋、树木、人物三个核心对象均能够清楚识别，并且基本完整。
2. 三个对象在画面中的大小适中，没有全部挤在极小区域，也没有明显超出或压迫整个画面。
3. 房、树、人之间保持自然、合理的空间距离，没有明显孤立或被大片空白强行分隔。
4. 三个对象能够形成基本连贯的场景，例如共享地面、方向一致、空间位置合理，整体看起来属于同一个环境，而不是三个互不相关的符号。
5. 整体构图稳定，没有明显失衡、极端偏向某个角落或严重碎片化。
6. 线条总体连续、自然、力度相对稳定，没有大量异常断裂、极端微弱或杂乱涂画。
7. 画面具有适量细节。可以简单，但主要对象的基本结构能够表达清楚。
8. 房屋、树木、人物的比例大致协调，没有极端小型化或比例失调。
9. 整体构图稳定且场景连贯，没有明显异常的大面积涂黑、极端小型化或异常隔离。
10. 人物身体主要结构完整，比例不存在严重失调。

【支持异常的证据】
1. 无。"
dataset/HTP/00/01/00_01_02_0010.png,00,01,01,0.10669058897496679,"【支持正常的证据】
1. 房屋、树木、人物三个核心对象均能够清楚识别，并且基本完整。
2. 三个对象在画面中的大小适中，没有全部挤在极小区域，也没有明显超出或压迫整个画面。
3. 房、树、人之间保持自然、合理的空间距离，没有明显孤立或被大片空白强行分隔。
4. 三个对象能够形成基本连贯的场景，例如共享地面、方向一致、空间位置合理，整体看起来属于同一个环境，而不是三个互不相关的符号。
5. 整体构图稳定，没有明显失衡、极端偏向某个角落或严重碎片化。
6. 线条总体连续、自然、力度相对稳定，没有大量异常断裂、极端微弱或杂乱涂画。
7. 画面具有适量细节。可以简单，但主要对象的基本结构能够表达清楚。
8. 没有大面积、无明显绘画目的的异常涂黑、重阴影或局部反复强调。

【支持异常的证据】
1. 房屋、树木、人物中的一个或多个核心对象完全缺失，且无法由裁剪、遮挡或画法解释。
2. 整幅画极度简化，只剩极少线条，大量重要结构同时消失，整体信息量异常低。
3. 房、树、人整体只占巨大画布中极小区域，周围存在大量空白。
4. 三个对象之间距离极端遥远，某个对象明显孤立，或者整个场景严重碎片化。
5. 对象像漂浮在不同区域，彼此几乎没有空间联系，整体场景严重不连贯。
6. 存在大量非常微弱、间断、犹豫、僵硬或严重潦草的线条。
7. 存在异常大面积涂黑、重度阴影或某个对象被明显过度强调。"
dataset/HTP/00/01/00_01_02_0011.png,00,01,01,0.09534946232842245,"【支持正常的证据】
1. 房屋、树木、人物三个核心对象均能够清楚识别，并且基本完整。
2. 三个对象在画面中的大小适中，没有全部挤在极小区域，也没有明显超出或压迫整个画面。
3. 房、树、人之间保持自然、合理的空间距离，没有明显孤立或被大片空白强行分隔。
4. 三个对象能够形成基本连贯的场景，例如共享地面、方向一致、空间位置合理，整体看起来属于同一个环境，而不是三个互不相关的符号。
5. 整体构图稳定，没有明显失衡、极端偏向某个角落或严重碎片化。
6. 线条总体连续、自然、力度相对稳定，没有大量异常断裂、极端微弱或杂乱涂画。
7. 画面具有适量细节。可以简单，但主要对象的基本结构能够表达清楚。
8. 房屋、树木、人物的比例大致协调，没有极端小型化或比例失调。
9. 房屋、树木和人物的相对大小基本合理，没有非常极端的尺寸差异。
10. 人物身体主要结构完整，比例不存在严重失调。
11. 整体构图稳定且场景连贯，没有明显异常的大面积涂黑。
12. 人物和房屋、树木之间保持自然距离，没有极端隔离。
13. 线条自然、连续，没有异常大面积涂黑。
14. 画面存在多个相互独立的正常积极特征。

【支持异常的证据】
1. 房屋、树木、人物中的一个或多个核心对象完全缺失，且无法由裁剪、遮挡或画法解释。
2. 整幅画极度简化，只剩极少线条，大量重要结构同时消失，整体信息量异常低。
3. 房、树、人整体只占巨大画布中极小区域，周围存在大量空白。
4. 三个对象之间距离极端遥远，某个对象明显孤立，或者整个场景严重碎片化。
5. 存在大量非常微弱、间断、犹豫、僵硬或严重潦草的线条。
6. 存在异常大面积涂黑、重度阴影或某个对象被明显过度强调。"
dataset/HTP/00/01/00_01_02_0012.png,00,01,01,0.16451646904109268,"【支持正常的证据】
1. 房屋、树木、人物三个核心对象均能够清楚识别，并且基本完整。
2. 三个对象在画面中的大小适中，没有全部挤在极小区域，也没有明显超出或压迫整个画面。
3. 房、树、人之间保持自然、合理的空间距离，没有明显孤立或被大片空白强行分隔。
4. 三个对象能够形成基本连贯的场景，例如共享地面、方向一致、空间位置合理，整体看起来属于同一个环境。
5. 整体构图稳定，没有明显失衡、极端偏向某个角落或严重碎片化。
6. 线条总体连续、自然、力度相对稳定，没有大量异常断裂、极端微弱或杂乱涂画。
7. 画面具有适量细节。可以简单，但主要对象的基本结构能够表达清楚。
8. 房屋、树木、人物的比例大致协调，没有极端小型化或比例失调。
9. 整体场景连贯，没有明显选择性结构缺失。
10. 线条自然、连续，没有异常大面积涂黑。

【支持异常的证据】
1. 房屋、树木、人物中的一个或多个核心对象完全缺失，且无法由裁剪、遮挡或画法解释。
2. 整幅画极度简化，只剩极少线条，大量重要结构同时消失，整体信息量异常低。
3. 房、树、人整体只占巨大画布中极小区域，周围存在大量空白。
4. 三个对象之间距离极端遥远，某个对象明显孤立，或者整个场景严重碎片化。
5. 存在大量非常微弱、间断、犹豫、僵硬或严重潦草的线条。
6. 存在异常大面积涂黑、重度阴影或某个对象被明显过度强调。"
dataset/HTP/00/01/00_01_02_0013.png,00,01,01,0.09534946232842245,"【支持正常的证据】
1. 房屋、树木、人物三个核心对象均能够清楚识别，并且基本完整。
2. 三个对象在画面中的大小适中，没有全部挤在极小区域，也没有明显超出或压迫整个画面。
3. 房、树、人之间保持自然、合理的空间距离，没有明显孤立或被大片空白强行分隔。
4. 三个对象能够形成基本连贯的场景，例如共享地面、方向一致、空间位置合理，整体看起来属于同一个环境，而不是三个互不相关的符号。
5. 整体构图稳定，没有明显失衡、极端偏向某个角落或严重碎片化。
6. 线条总体连续、自然、力度相对稳定，没有大量异常断裂、极端微弱或杂乱涂画。
7. 画面具有适量细节。可以简单，但主要对象的基本结构能够表达清楚。
8. 房屋、树木、人物的比例大致协调，没有极端小型化或比例失调。
9. 整体场景连贯，没有明显选择性结构缺失。
10. 线条自然、连续，没有异常大面积涂黑。

【支持异常的证据】
1. 房屋、树木、人物中的一个或多个核心对象完全缺失，且无法由裁剪、遮挡或画法解释。
2. 整幅画极度简化，只剩极少线条，大量重要结构同时消失，整体信息量异常低。
3. 房、树、人整体只占巨大画布中极小区域，周围存在大量空白。
4. 三个对象之间距离极端遥远，某个对象明显孤立，或者整个场景严重碎片化。
5. 存在大量非常微弱、间断、犹豫、僵硬或严重潦草的线条。
6. 存在异常大面积涂黑、重度阴影或某个对象被明显过度强调。"
dataset/HTP/00/01/00_01_02_0014.png,00,01,01,0.012431653620200803,"【支持正常的证据】
1. 房屋、树木、人物三个核心对象均能够清楚识别，并且基本完整。
2. 三个对象在画面中的大小适中，没有全部挤在极小区域，也没有明显超出或压迫整个画面。
3. 房、树、人之间保持自然、合理的空间距离，没有明显孤立或被大片空白强行分隔。
4. 三个对象能够形成基本连贯的场景，例如共享地面、方向一致、空间位置合理，整体看起来属于同一个环境。
5. 整体构图稳定，没有明显失衡、极端偏向某个角落或严重碎片化。
6. 线条总体连续、自然、力度相对稳定，没有大量异常断裂、极端微弱或杂乱涂画。
7. 画面具有适量细节。可以简单，但主要对象的基本结构能够表达清楚。
8. 房屋、树木、人物的比例大致协调，没有极端小型化或比例失调。
9. 房屋、树木和人物之间的关系自然，没有极端隔离或空间关系异常。
10. 整体构图稳定且场景连贯，没有明显异常的大面积涂黑或极端小型化。

【支持异常的证据】
1. 无明显异常特征。"
dataset/HTP/00/01/00_01_02_0015.png,00,01,01,0.012431653620200803,"【支持正常的证据】
1. 房屋、树木、人物三个核心对象均能够清楚识别，并且基本完整。
2. 三个对象在画面中的大小适中，没有全部挤在极小区域，也没有明显超出或压迫整个画面。
3. 房、树、人之间保持自然、合理的空间距离，没有明显孤立或被大片空白强行分隔。
4. 三个对象能够形成基本连贯的场景，例如共享地面、方向一致、空间位置合理，整体看起来属于同一个环境，而不是三个互不相关的符号。
5. 整体构图稳定，没有明显失衡、极端偏向某个角落或严重碎片化。
6. 线条总体连续、自然、力度相对稳定，没有大量异常断裂、极端微弱或杂乱涂画。
7. 画面具有适量细节。可以简单，但主要对象的基本结构能够表达清楚。
8. 房屋、树木、人物的比例大致协调，没有极端小型化或比例失调。
9. 房屋、树木和人物之间的关系自然，没有极端隔离或不连贯的空间关系。
10. 线条自然、连续，没有异常大面积涂黑。

【支持异常的证据】
1. 无明显异常特征。"
dataset/HTP/00/01/00_01_02_0016.png,00,01,01,0.012431653620200803,"【支持正常的证据】
1. 房屋、树木、人物三个核心对象均能够清楚识别，并且基本完整。
2. 三个对象在画面中的大小适中，没有全部挤在极小区域，也没有明显超出或压迫整个画面。
3. 房、树、人之间保持自然、合理的空间距离，没有明显孤立或被大片空白强行分隔。
4. 三个对象能够形成基本连贯的场景，例如共享地面、方向一致、空间位置合理，整体看起来属于同一个环境，而不是三个互不相关的符号。
5. 整体构图稳定，没有明显失衡、极端偏向某个角落或严重碎片化。
6. 线条总体连续、自然、力度相对稳定，没有大量异常断裂、极端微弱或杂乱涂画。
7. 画面具有适量细节。可以简单，但主要对象的基本结构能够表达清楚。
8. 房屋、树木、人物的比例大致协调，没有极端小型化或比例失调。
9. 房屋、树木和人物的相对大小基本合理，没有非常极端的尺寸差异。
10. 人物身体主要结构完整，比例不存在严重失调。
11. 整体构图稳定且场景连贯，没有明显异常的大面积涂黑。
12. 线条自然、连续，没有异常大面积涂黑。
13. 没有明显的选择性结构缺失。
14. 即使绘画较简单，其简化方式在整幅画中保持一致。
15. 仅存在少数能够由绘画水平、年龄、风格或普通构图解释的轻微异常。

【支持异常的证据】
1. 无。"
dataset/HTP/00/01/00_01_02_0017.png,00,01,01,0.010986941578116865,"【支持正常的证据】
1. 房屋、树木、人物三个核心对象均能够清楚识别，并且基本完整。
2. 三个对象在画面中的大小适中，没有全部挤在极小区域，也没有明显超出或压迫整个画面。
3. 房、树、人之间保持自然、合理的空间距离，没有明显孤立或被大片空白强行分隔。
4. 三个对象能够形成基本连贯的场景，例如共享地面、方向一致、空间位置合理，整体看起来属于同一个环境，而不是三个互不相关的符号。
5. 整体构图稳定，没有明显失衡、极端偏向某个角落或严重碎片化。
6. 线条总体连续、自然、力度相对稳定，没有大量异常断裂、极端微弱或杂乱涂画。
7. 画面具有适量细节。可以简单，但主要对象的基本结构能够表达清楚。
8. 房屋、树木、人物的比例大致协调，没有极端小型化或比例失调。
9. 房屋结构稳定，没有明显倒塌、断裂或严重几何变形。
10. 树木结构自然，没有明显截断或畸形。
11. 人物身体主要结构完整，比例不存在严重失调。
12. 整体构图稳定且场景连贯。
13. 线条自然、连续，没有异常大面积涂黑。
14. 没有明显的选择性结构缺失。
15. 仅存在少数能够由绘画水平、年龄、风格或普通构图解释的轻微异常。

【支持异常的证据】
1. 无。"
dataset/HTP/00/01/00_01_02_0018.png,00,01,01,0.010986941578116865,"【支持正常的证据】
1. 房屋、树木、人物三个核心对象均能够清楚识别，并且基本完整。
2. 三个对象在画面中的大小适中，没有全部挤在极小区域，也没有明显超出或压迫整个画面。
3. 房、树、人之间保持自然、合理的空间距离，没有明显孤立或被大片空白强行分隔。
4. 三个对象能够形成基本连贯的场景，例如共享地面、方向一致、空间位置合理，整体看起来属于同一个环境，而不是三个互不相关的符号。
5. 整体构图稳定，没有明显失衡、极端偏向某个角落或严重碎片化。
6. 线条总体连续、自然、力度相对稳定，没有大量异常断裂、极端微弱或杂乱涂画。
7. 画面具有适量细节。可以简单，但主要对象的基本结构能够表达清楚。
8. 房屋、树木、人物的比例大致协调，没有极端小型化或比例失调。
9. 房屋、树木和人物之间的相对大小基本合理，没有非常极端的尺寸差异。
10. 整体构图稳定且场景连贯，没有明显异常的大面积涂黑、极端小型化或异常隔离。

【支持异常的证据】
1. 无。"
dataset/HTP/00/01/00_01_02_0019.png,00,01,01,0.025957357762928745,"【支持正常的证据】
1. 房屋、树木、人物三个核心对象均能够清楚识别，并且基本完整。
2. 三个对象在画面中的大小适中，没有全部挤在极小区域，也没有明显超出或压迫整个画面。
3. 房、树、人之间保持自然、合理的空间距离，没有明显孤立或被大片空白强行分隔。
4. 三个对象能够形成基本连贯的场景，例如共享地面、方向一致、空间位置合理，整体看起来属于同一个环境，而不是三个互不相关的符号。
5. 整体构图稳定，没有明显失衡、极端偏向某个角落或严重碎片化。
6. 线条总体连续、自然、力度相对稳定，没有大量异常断裂、极端微弱或杂乱涂画。
7. 画面具有适量细节。可以简单，但主要对象的基本结构能够表达清楚。
8. 房屋、树木、人物的比例大致协调，没有极端小型化或比例失调。
9. 整体场景连贯，没有明显选择性结构缺失。
10. 线条自然、连续，没有异常大面积涂黑。

【支持异常的证据】
1. 人物头部、躯干、手臂和腿等主要身体结构基本完整。
2. 人物各身体部分连接关系自然，没有明显断裂、错位或无法解释的结构缺失。
3. 人物整体比例基本合理。允许存在普通儿童画、简笔画、卡通画中的比例误差，不要求符合严格人体解剖比例。
4. 人物大小与房屋、树木和整个画布基本协调，不存在极端小型化。
5. 如果人物尺寸允许，眼睛、鼻子、嘴等主要面部特征基本存在；如果人物很小，没有绘制完整五官也可以是正常表现。
6. 人物采用火柴人、单线手臂或单线腿的简单风格时，如果整个人物风格统一并且结构完整，不能因为简单就判断异常。
7. 人物可以正面、侧面或其他姿势，只要身体结构基本合理，都可以属于正常表现。
8. 普通衣服填色、头发填色或身体局部自然阴影不能作为异常证据。
9. 面部表情自然、中性、微笑或其他与场景协调的普通表情，可以支持正常判断。
10. 即使人物没有明显表情，只要画法简单且没有其他异常支持，也不能因为表情中性就判断异常。"
dataset/HTP/00/01/00_01_02_0020.png,00,01,01,0.010986941578116865,"【支持正常的证据】
1. 房屋、树木、人物三个核心对象均能够清楚识别，并且基本完整。
2. 三个对象在画面中的大小适中，没有全部挤在极小区域，也没有明显超出或压迫整个画面。
3. 房、树、人之间保持自然、合理的空间距离，没有明显孤立或被大片空白强行分隔。
4. 三个对象能够形成基本连贯的场景，例如共享地面、方向一致、空间位置合理，整体看起来属于同一个环境，而不是三个互不相关的符号。
5. 整体构图稳定，没有明显失衡、极端偏向某个角落或严重碎片化。
6. 线条总体连续、自然、力度相对稳定，没有大量异常断裂、极端微弱或杂乱涂画。
7. 画面具有适量细节。可以简单，但主要对象的基本结构能够表达清楚。
8. 房屋、树木、人物的比例大致协调，没有极端小型化或比例失调。
9. 房屋、树木和人物之间的相对大小基本合理，没有非常极端的尺寸差异。
10. 人物身体主要结构完整，比例不存在严重失调。
11. 整体构图稳定且场景连贯，没有明显异常的大面积涂黑。
12. 人物没有明显的选择性结构缺失，如缺少手臂或腿部。
13. 人物的身体连接关系自然，没有明显断裂、错位或无法解释的结构缺失。
14. 人物大小与房屋、树木和整个画布基本协调，不存在极端小型化。
15. 人物采用火柴人、单线手臂或单线腿的简单风格时，如果整个人物风格统一并且结构完整，不能因为简单就判断异常。
16. 人物可以正面、侧面或其他姿势，只要身体结构基本合理，都可以属于正常表现。
17. 人物没有明显表情，但画法简单且没有其他异常支持。
18. 房屋、树木和人物之间的空间关系自然，整体场景具有连贯性。
19. 线条自然、连续，没有异常大面积涂黑。
20. 画面存在多个相互独立的正常积极特征。

【支持异常的证据】
1. 无明显异常特征。"
dataset/HTP/00/01/00_01_02_0021.png,00,01,01,0.07585817323116976,"【支持正常的证据】
1. 房屋、树木、人物三个核心对象均能够清楚识别，并且基本完整。
2. 三个对象在画面中的大小适中，没有全部挤在极小区域，也没有明显超出或压迫整个画面。
3. 房、树、人之间保持自然、合理的空间距离，没有明显孤立或被大片空白强行分隔。
4. 三个对象能够形成基本连贯的场景，例如共享地面、方向一致、空间位置合理，整体看起来属于同一个环境，而不是三个互不相关的符号。
5. 整体构图稳定，没有明显失衡、极端偏向某个角落或严重碎片化。
6. 线条总体连续、自然、力度相对稳定，没有大量异常断裂、极端微弱或杂乱涂画。
7. 画面具有适量细节。可以简单，但主要对象的基本结构能够表达清楚。
8. 房屋、树木、人物的比例大致协调，没有极端小型化或比例失调。
9. 整体构图稳定且场景连贯，没有明显异常的大面积涂黑、极端小型化或异常隔离。
10. 人物身体主要结构完整，比例不存在严重失调。

【支持异常的证据】
1. 房屋、树木、人物中的一个或多个核心对象完全缺失，且无法由裁剪、遮挡或画法解释。
2. 整幅画极度简化，只剩极少线条，大量重要结构同时消失，整体信息量异常低。
3. 房、树、人整体只占巨大画布中极小区域，周围存在大量空白。
4. 三个对象之间距离极端遥远，某个对象明显孤立，或者整个场景严重碎片化。
5. 存在大量非常微弱、间断、犹豫、僵硬或严重潦草的线条。
6. 存在异常大面积涂黑、重度阴影或某个对象被明显过度强调。"
dataset/HTP/00/01/00_01_02_0022.png,00,01,01,0.010986941578116865,"【支持正常的证据】
1. 房屋、树木、人物三个核心对象均能够清楚识别，并且基本完整。
2. 三个对象在画面中的大小适中，没有全部挤在极小区域，也没有明显超出或压迫整个画面。
3. 房、树、人之间保持自然、合理的空间距离，没有明显孤立或被大片空白强行分隔。
4. 三个对象能够形成基本连贯的场景，例如共享地面、方向一致、空间位置合理，整体看起来属于同一个环境，而不是三个互不相关的符号。
5. 整体构图稳定，没有明显失衡、极端偏向某个角落或严重碎片化。
6. 线条总体连续、自然、力度相对稳定，没有大量异常断裂、极端微弱或杂乱涂画。
7. 画面具有适量细节。可以简单，但主要对象的基本结构能够表达清楚。
8. 房屋、树木、人物的比例大致协调，没有极端小型化或比例失调。
9. 房屋、树木和人物之间的相对大小基本合理，没有非常极端的尺寸差异。
10. 人物身体主要结构完整，比例不存在严重失调。
11. 整体构图稳定且场景连贯，没有明显异常的大面积涂黑。
12. 人物没有明显的选择性结构缺失，四肢和五官比例协调。
13. 房屋结构稳定，主要组成部分合理。
14. 树木结构自然，没有严重截断或畸形。
15. 画面存在多个相互独立的正常积极特征。

【支持异常的证据】
1. 无。"
dataset/HTP/00/01/00_01_02_0023.png,00,01,01,0.010986941578116865,"【支持正常的证据】
1. 房屋、树木、人物三个核心对象均能够清楚识别，并且基本完整。
2. 三个对象在画面中的大小适中，没有全部挤在极小区域，也没有明显超出或压迫整个画面。
3. 房、树、人之间保持自然、合理的空间距离，没有明显孤立或被大片空白强行分隔。
4. 三个对象能够形成基本连贯的场景，例如共享地面、方向一致、空间位置合理，整体看起来属于同一个环境，而不是三个互不相关的符号。
5. 整体构图稳定，没有明显失衡、极端偏向某个角落或严重碎片化。
6. 线条总体连续、自然、力度相对稳定，没有大量异常断裂、极端微弱或杂乱涂画。
7. 画面具有适量细节。可以简单，但主要对象的基本结构能够表达清楚。
8. 房屋、树木、人物的比例大致协调，没有极端小型化或比例失调。
9. 房屋、树木和人物之间的相对大小基本合理，没有非常极端的尺寸差异。
10. 人物身体主要结构完整，比例不存在严重失调。
11. 整体构图稳定且场景连贯，没有明显异常的大面积涂黑。
12. 人物没有明显的选择性结构缺失，四肢和五官比例协调。
13. 画面中没有出现极端小型化、异常隔离或大面积异常涂黑的情况。
14. 人物和房屋、树木之间保持自然距离，没有极端隔离。
15. 人物能够自然地处于房屋和树木形成的环境中，而不是完全脱离其他对象。

【支持异常的证据】
1. 无。"
dataset/HTP/00/01/00_01_02_0024.png,00,01,01,0.08509904732734556,"【支持正常的证据】
1. 房屋、树木、人物三个核心对象均能够清楚识别，并且基本完整。
2. 三个对象在画面中的大小适中，没有全部挤在极小区域，也没有明显超出或压迫整个画面。
3. 房、树、人之间保持自然、合理的空间距离，没有明显孤立或被大片空白强行分隔。
4. 三个对象能够形成基本连贯的场景，例如共享地面、方向一致、空间位置合理，整体看起来属于同一个环境，而不是三个互不相关的符号。
5. 整体构图稳定，没有明显失衡、极端偏向某个角落或严重碎片化。
6. 线条总体连续、自然、力度相对稳定，没有大量异常断裂、极端微弱或杂乱涂画。
7. 画面具有适量细节。可以简单，但主要对象的基本结构能够表达清楚。
8. 没有大面积、无明显绘画目的的异常涂黑、重阴影或局部反复强调。

【支持异常的证据】
1. 房屋、树木、人物中的一个或多个核心对象完全缺失，且无法由裁剪、遮挡或画法解释。
2. 整幅画极度简化，只剩极少线条，大量重要结构同时消失，整体信息量异常低。
3. 房、树、人整体只占巨大画布中极小区域，周围存在大量空白。
4. 三个对象之间距离极端遥远，某个对象明显孤立，或者整个场景严重碎片化。
5. 对象像漂浮在不同区域，彼此几乎没有空间联系，整体场景严重不连贯。
6. 存在大量非常微弱、间断、犹豫、僵硬或严重潦草的线条。
7. 存在异常大面积涂黑、重度阴影或某个对象被明显过度强调。"
dataset/HTP/00/01/00_01_02_0025.png,00,01,01,0.07585817323116976,"【支持正常的证据】
1. 房屋、树木、人物三个核心对象均能够清楚识别，并且基本完整。
2. 三个对象在画面中的大小适中，没有全部挤在极小区域，也没有明显超出或压迫整个画面。
3. 房、树、人之间保持自然、合理的空间距离，没有明显孤立或被大片空白强行分隔。
4. 三个对象能够形成基本连贯的场景，例如共享地面、方向一致、空间位置合理，整体看起来属于同一个环境，而不是三个互不相关的符号。
5. 整体构图稳定，没有明显失衡、极端偏向某个角落或严重碎片化。
6. 线条总体连续、自然、力度相对稳定，没有大量异常断裂、极端微弱或杂乱涂画。
7. 画面具有适量细节。可以简单，但主要对象的基本结构能够表达清楚。
8. 房屋、树木、人物的比例大致协调，没有极端小型化或比例失调。
9. 整体构图稳定且场景连贯，没有明显异常的大面积涂黑、极端小型化或异常隔离。
10. 人物身体主要结构完整，比例不存在严重失调。

【支持异常的证据】
1. 房屋、树木、人物中的一个或多个核心对象完全缺失，且无法由裁剪、遮挡或画法解释。
2. 整幅画极度简化，只剩极少线条，大量重要结构同时消失，整体信息量异常低。
3. 房、树、人整体只占巨大画布中极小区域，周围存在大量空白。
4. 三个对象之间距离极端遥远，某个对象明显孤立，或者整个场景严重碎片化。
5. 存在大量非常微弱、间断、犹豫、僵硬或严重潦草的线条。
6. 存在异常大面积涂黑、重度阴影或某个对象被明显过度强调。"
dataset/HTP/00/01/00_01_02_0026.png,00,01,01,0.014063626423394072,"【支持正常的证据】
1. 房屋、树木、人物三个核心对象均能够清楚识别，并且基本完整。
2. 三个对象在画面中的大小适中，没有全部挤在极小区域，也没有明显超出或压迫整个画面。
3. 房、树、人之间保持自然、合理的空间距离，没有明显孤立或被大片空白强行分隔。
4. 三个对象能够形成基本连贯的场景，例如共享地面、方向一致、空间位置合理，整体看起来属于同一个环境，而不是三个互不相关的符号。
5. 整体构图稳定，没有明显失衡、极端偏向某个角落或严重碎片化。
6. 线条总体连续、自然、力度相对稳定，没有大量异常断裂、极端微弱或杂乱涂画。
7. 画面具有适量细节。可以简单，但主要对象的基本结构能够表达清楚。
8. 房屋、树木、人物的比例大致协调，没有极端小型化或比例失调。
9. 房屋、树木和人物之间的相对大小基本合理，没有非常极端的尺寸差异。
10. 人物身体主要结构完整，比例不存在严重失调。
11. 整体构图稳定且场景连贯，没有明显异常的大面积涂黑。
12. 人物没有明显的选择性结构缺失，四肢和头部等主要部位都存在。
13. 房屋结构稳定，主要组成部分合理，没有明显倒塌、断裂或严重几何变形。
14. 树木结构自然，没有严重截断或畸形。
15. 画面存在多个相互独立的正常积极特征，如房屋、树木和人物的合理比例、空间关系和整体连贯性。

【支持异常的证据】
1. 无。"
dataset/HTP/00/01/00_01_02_0027.png,00,01,01,0.07585817323116976,"【支持正常的证据】
1. 房屋、树木、人物三个核心对象均能够清楚识别，并且基本完整。
2. 三个对象在画面中的大小适中，没有全部挤在极小区域，也没有明显超出或压迫整个画面。
3. 房、树、人之间保持自然、合理的空间距离，没有明显孤立或被大片空白强行分隔。
4. 三个对象能够形成基本连贯的场景，例如共享地面、方向一致、空间位置合理，整体看起来属于同一个环境，而不是三个互不相关的符号。
5. 整体构图稳定，没有明显失衡、极端偏向某个角落或严重碎片化。
6. 线条总体连续、自然、力度相对稳定，没有大量异常断裂、极端微弱或杂乱涂画。
7. 画面具有适量细节。可以简单，但主要对象的基本结构能够表达清楚。
8. 房屋、树木、人物的比例大致协调，没有极端小型化或比例失调。
9. 整体场景连贯，没有明显选择性结构缺失。
10. 线条自然、连续，没有异常大面积涂黑。

【支持异常的证据】
1. 房屋、树木、人物中的一个或多个核心对象完全缺失，且无法由裁剪、遮挡或画法解释。
2. 整幅画极度简化，只剩极少线条，大量重要结构同时消失，整体信息量异常低。
3. 房、树、人整体只占巨大画布中极小区域，周围存在大量空白。
4. 三个对象之间距离极端遥远，某个对象明显孤立，或者整个场景严重碎片化。
5. 存在大量非常微弱、间断、犹豫、僵硬或严重潦草的线条。
6. 存在异常大面积涂黑、重度阴影或某个对象被明显过度强调。"
dataset/HTP/00/01/00_01_02_0028.png,00,01,01,0.07585817323116976,"【支持正常的证据】
1. 房屋、树木、人物三个核心对象均能够清楚识别，并且基本完整。
2. 三个对象在画面中的大小适中，没有全部挤在极小区域，也没有明显超出或压迫整个画面。
3. 房、树、人之间保持自然、合理的空间距离，没有明显孤立或被大片空白强行分隔。
4. 三个对象能够形成基本连贯的场景，例如共享地面、方向一致、空间位置合理，整体看起来属于同一个环境。
5. 整体构图稳定，没有明显失衡、极端偏向某个角落或严重碎片化。
6. 线条总体连续、自然、力度相对稳定，没有大量异常断裂、极端微弱或杂乱涂画。
7. 画面具有适量细节。可以简单，但主要对象的基本结构能够表达清楚。
8. 房屋、树木、人物的比例大致协调，没有极端小型化或比例失调。
9. 整体场景连贯，没有明显选择性结构缺失。
10. 线条自然、连续，没有异常大面积涂黑。

【支持异常的证据】
1. 人物头部、躯干、手臂和腿等主要身体结构基本完整，但存在一些细节不足。
2. 树木相对于其他主体和画布极端微小。
3. 房屋结构较为简单，但没有明显选择性缺少门或窗户。
4. 房屋、树木和人物之间距离极端遥远，人物明显孤立。
5. 存在少量尖锐树枝，但没有明显异常强调。
6. 人物没有明显表情，但整体风格统一且结构完整。"
dataset/HTP/00/01/00_01_02_0029.png,00,01,01,0.009708474753363424,"【支持正常的证据】
1. 房屋、树木、人物三个核心对象均能够清楚识别，并且基本完整。
2. 三个对象在画面中的大小适中，没有全部挤在极小区域，也没有明显超出或压迫整个画面。
3. 房、树、人之间保持自然、合理的空间距离，没有明显孤立或被大片空白强行分隔。
4. 三个对象能够形成基本连贯的场景，例如共享地面、方向一致、空间位置合理，整体看起来属于同一个环境，而不是三个互不相关的符号。
5. 整体构图稳定，没有明显失衡、极端偏向某个角落或严重碎片化。
6. 线条总体连续、自然、力度相对稳定，没有大量异常断裂、极端微弱或杂乱涂画。
7. 画面具有适量细节。可以简单，但主要对象的基本结构能够表达清楚。
8. 房屋、树木、人物的比例大致协调，没有极端小型化或比例失调。
9. 房屋结构稳定，主要组成部分合理，没有明显倒塌、断裂或严重几何变形。
10. 树木结构自然，没有严重截断或畸形。
11. 人物身体主要结构完整，比例不存在严重失调。
12. 整体构图稳定且场景连贯。
13. 线条自然、连续，没有异常大面积涂黑。
14. 没有明显的选择性结构缺失。
15. 仅存在少数能够由绘画水平、年龄、风格或普通构图解释的轻微异常。

【支持异常的证据】
1. 无明显异常特征。"
dataset/HTP/00/01/00_01_02_0030.png,00,01,01,0.010986941578116865,"【支持正常的证据】
1. 房屋、树木、人物三个核心对象均能够清楚识别，并且基本完整。
2. 三个对象在画面中的大小适中，没有全部挤在极小区域，也没有明显超出或压迫整个画面。
3. 房、树、人之间保持自然、合理的空间距离，没有明显孤立或被大片空白强行分隔。
4. 三个对象能够形成基本连贯的场景，例如共享地面、方向一致、空间位置合理，整体看起来属于同一个环境，而不是三个互不相关的符号。
5. 整体构图稳定，没有明显失衡、极端偏向某个角落或严重碎片化。
6. 线条总体连续、自然、力度相对稳定，没有大量异常断裂、极端微弱或杂乱涂画。
7. 画面具有适量细节。可以简单，但主要对象的基本结构能够表达清楚。
8. 房屋、树木、人物的比例大致协调，没有极端小型化或比例失调。
9. 房屋结构稳定，屋顶、墙壁等主要组成部分合理。
10. 树木结构自然，没有明显截断或畸形。
11. 人物身体主要结构完整，比例不存在严重失调。
12. 整体构图稳定且场景连贯，没有明显异常的大面积涂黑。
13. 线条自然、连续，没有异常大面积涂黑。
14. 没有明显的选择性结构缺失。
15. 仅存在少数能够由绘画水平、年龄、风格或普通构图解释的轻微异常。

【支持异常的证据】
1. 无。"
dataset/HTP/00/01/00_01_02_0031.png,00,01,01,0.060086650384398026,"【支持正常的证据】
1. 房屋、树木、人物三个核心对象均能够清楚识别，并且基本完整。
2. 三个对象在画面中的大小适中，没有全部挤在极小区域，也没有明显超出或压迫整个画面。
3. 房、树、人之间保持自然、合理的空间距离，没有明显孤立或被大片空白强行分隔。
4. 三个对象能够形成基本连贯的场景，例如共享地面、方向一致、空间位置合理，整体看起来属于同一个环境，而不是三个互不相关的符号。
5. 整体构图稳定，没有明显失衡、极端偏向某个角落或严重碎片化。
6. 线条总体连续、自然、力度相对稳定，没有大量异常断裂、极端微弱或杂乱涂画。
7. 画面具有适量细节。可以简单，但主要对象的基本结构能够表达清楚。
8. 如果存在草地、道路、太阳、云、花、地面等环境元素，并且与主体自然结合，可以作为场景完整和组织良好的积极证据。
9. 没有大面积、无明显绘画目的的异常涂黑、重阴影或局部反复强调。

【支持异常的证据】
1. 房屋、树木、人物中的一个或多个核心对象完全缺失，且无法由裁剪、遮挡或画法解释。
2. 整幅画极度简化，只剩极少线条，大量重要结构同时消失，整体信息量异常低。
3. 房、树、人整体只占巨大画布中极小区域，周围存在大量空白。
4. 三个对象之间距离极端遥远，某个对象明显孤立，或者整个场景严重碎片化。
5. 对象像漂浮在不同区域，彼此几乎没有空间联系，整体场景严重不连贯。
6. 存在大量非常微弱、间断、犹豫、僵硬或严重潦草的线条。
7. 存在异常大面积涂黑、重度阴影或某个对象被明显过度强调。"
dataset/HTP/00/01/00_01_02_0032.png,00,01,01,0.04742587351415913,"【支持正常的证据】
1. 房屋、树木、人物三个核心对象均能够清楚识别，并且基本完整。
2. 三个对象在画面中的大小适中，没有全部挤在极小区域，也没有明显超出或压迫整个画面。
3. 房、树、人之间保持自然、合理的空间距离，没有明显孤立或被大片空白强行分隔。
4. 三个对象能够形成基本连贯的场景，例如共享地面、方向一致、空间位置合理，整体看起来属于同一个环境，而不是三个互不相关的符号。
5. 整体构图稳定，没有明显失衡、极端偏向某个角落或严重碎片化。
6. 线条总体连续、自然、力度相对稳定，没有大量异常断裂、极端微弱或杂乱涂画。
7. 画面具有适量细节。可以简单，但主要对象的基本结构能够表达清楚。
8. 房屋、树木、人物的比例大致协调，没有极端小型化或比例失调。
9. 房屋结构稳定，没有明显倒塌、断裂或严重几何变形。
10. 树木结构自然，没有明显截断或畸形。
11. 人物身体主要结构完整，比例不存在严重失调。
12. 整体构图稳定且场景连贯。
13. 线条自然、连续，没有异常大面积涂黑。
14. 没有明显的选择性结构缺失。
15. 仅存在少数能够由绘画水平、年龄、风格或普通构图解释的轻微异常。

【支持异常的证据】
1. 人物缺少脸部，但整体结构仍然清晰。
2. 人物缺少手臂，但整体结构仍然清晰。
3. 人物缺少腿部，但整体结构仍然清晰。
4. 房屋和树木结构较为简单，但没有明显选择性缺失。
5. 人物比例有些夸张，但整体结构仍然清晰。
6. 整体构图稳定，没有明显异常的大面积涂黑、极端小型化或异常隔离。"
dataset/HTP/00/01/00_01_02_0033.png,00,01,01,0.10669058897496679,"【支持正常的证据】
1. 房屋、树木、人物三个核心对象均能够清楚识别，并且基本完整。
2. 三个对象在画面中的大小适中，没有全部挤在极小区域，也没有明显超出或压迫整个画面。
3. 房、树、人之间保持自然、合理的空间距离，没有明显孤立或被大片空白强行分隔。
4. 三个对象能够形成基本连贯的场景，例如共享地面、方向一致、空间位置合理，整体看起来属于同一个环境，而不是三个互不相关的符号。
5. 整体构图稳定，没有明显失衡、极端偏向某个角落或严重碎片化。
6. 线条总体连续、自然、力度相对稳定，没有大量异常断裂、极端微弱或杂乱涂画。
7. 画面具有适量细节。可以简单，但主要对象的基本结构能够表达清楚。
8. 房屋、树木、人物的比例大致协调，没有极端小型化或比例失调。
9. 房屋、树木和人物之间的关系自然，没有极端隔离或不连贯的空间关系。
10. 线条自然、连续，没有异常大面积涂黑。

【支持异常的证据】
1. 房屋、树木、人物中的一个或多个核心对象完全缺失，且无法由裁剪、遮挡或画法解释。
2. 整幅画极度简化，只剩极少线条，大量重要结构同时消失，整体信息量异常低。
3. 房、树、人整体只占巨大画布中极小区域，周围存在大量空白。
4. 三个对象之间距离极端遥远，某个对象明显孤立，或者整个场景严重碎片化。
5. 对象像漂浮在不同区域，彼此几乎没有空间联系，整体场景严重不连贯。
6. 存在大量非常微弱、间断、犹豫、僵硬或严重潦草的线条。
7. 存在异常大面积涂黑、重度阴影或某个对象被明显过度强调。"
dataset/HTP/00/01/00_01_02_0034.png,00,01,01,0.012431653620200803,"【支持正常的证据】
1. 房屋、树木、人物三个核心对象均能够清楚识别，并且基本完整。
2. 三个对象在画面中的大小适中，没有全部挤在极小区域，也没有明显超出或压迫整个画面。
3. 房、树、人之间保持自然、合理的空间距离，没有明显孤立或被大片空白强行分隔。
4. 三个对象能够形成基本连贯的场景，例如共享地面、方向一致、空间位置合理，整体看起来属于同一个环境，而不是三个互不相关的符号。
5. 整体构图稳定，没有明显失衡、极端偏向某个角落或严重碎片化。
6. 线条总体连续、自然、力度相对稳定，没有大量异常断裂、极端微弱或杂乱涂画。
7. 画面具有适量细节。可以简单，但主要对象的基本结构能够表达清楚。
8. 房屋、树木、人物的比例大致协调，没有极端小型化或比例失调。
9. 房屋、树木和人物之间的相对大小基本合理，没有非常极端的尺寸差异。
10. 人物身体主要结构完整，比例不存在严重失调。
11. 整体构图稳定且场景连贯，没有明显异常的大面积涂黑。
12. 人物没有明显选择性结构缺失，四肢和头部等主要部位都存在。
13. 人物的姿势自然，没有极端扭曲或不合理的位置。
14. 房屋结构稳定，主要组成部分合理，没有明显倒塌、断裂或严重几何变形。
15. 树木结构自然，没有严重截断或畸形。
16. 画面存在多个相互独立的正常积极特征，如房屋、树木和人物的完整性和比例协调性。

【支持异常的证据】
1. 无明显异常特征。"
dataset/HTP/00/01/00_01_02_0035.png,00,01,01,0.06754668832401889,"【支持正常的证据】
1. 房屋、树木、人物三个核心对象均能够清楚识别，并且基本完整。
2. 三个对象在画面中的大小适中，没有全部挤在极小区域，也没有明显超出或压迫整个画面。
3. 房、树、人之间保持自然、合理的空间距离，没有明显孤立或被大片空白强行分隔。
4. 三个对象能够形成基本连贯的场景，例如共享地面、方向一致、空间位置合理，整体看起来属于同一个环境，而不是三个互不相关的符号。
5. 整体构图稳定，没有明显失衡、极端偏向某个角落或严重碎片化。
6. 线条总体连续、自然、力度相对稳定，没有大量异常断裂、极端微弱或杂乱涂画。
7. 画面具有适量细节。可以简单，但主要对象的基本结构能够表达清楚。
8. 房屋、树木、人物的比例大致协调，没有极端小型化或比例失调。
9. 房屋、树木和人物的相对大小基本合理，没有非常极端的尺寸差异。
10. 人物身体主要结构完整，比例不存在严重失调。
11. 整体构图稳定且场景连贯，没有明显异常的大面积涂黑。
12. 线条自然、连续，没有异常大面积涂黑。
13. 没有明显的选择性结构缺失。
14. 即使绘画较简单，其简化方式在整幅画中保持一致。
15. 仅存在少数能够由绘画水平、年龄、风格或普通构图解释的轻微异常。

【支持异常的证据】
1. 房屋、树木、人物中的一个或多个核心对象完全缺失，且无法由裁剪、遮挡或画法解释。
2. 整幅画极度简化，只剩极少线条，大量重要结构同时消失，整体信息量异常低。
3. 房、树、人整体只占巨大画布中极小区域，周围存在大量空白。
4. 三个对象之间距离极端遥远，某个对象明显孤立，或者整个场景严重碎片化。
5. 存在大量非常微弱、间断、犹豫、僵硬或严重潦草的线条。
6. 存在异常大面积涂黑、重度阴影或某个对象被明显过度强调。"
dataset/HTP/00/01/00_01_02_0036.png,00,01,01,0.09534946232842245,"【支持正常的证据】
1. 房屋、树木、人物三个核心对象均能够清楚识别，并且基本完整。
2. 三个对象在画面中的大小适中，没有全部挤在极小区域，也没有明显超出或压迫整个画面。
3. 房、树、人之间保持自然、合理的空间距离，没有明显孤立或被大片空白强行分隔。
4. 三个对象能够形成基本连贯的场景，例如共享地面、方向一致、空间位置合理，整体看起来属于同一个环境，而不是三个互不相关的符号。
5. 整体构图稳定，没有明显失衡、极端偏向某个角落或严重碎片化。
6. 线条总体连续、自然、力度相对稳定，没有大量异常断裂、极端微弱或杂乱涂画。
7. 画面具有适量细节。可以简单，但主要对象的基本结构能够表达清楚。
8. 房屋、树木、人物的比例大致协调，没有极端小型化或比例失调。
9. 整体场景连贯，没有明显选择性结构缺失。
10. 线条自然、连续，没有异常大面积涂黑。

【支持异常的证据】
1. 人物缺少手臂，手臂以单线形式呈现。
2. 人物缺少脚部，脚部以单线形式呈现。
3. 人物缺少头部，头部以单线形式呈现。
4. 房屋缺少窗户，窗户以单线形式呈现。
5. 树木缺少树叶，树冠以单线形式呈现。"
dataset/HTP/00/01/00_01_02_0037.png,00,01,01,0.012431653620200803,"【支持正常的证据】
1. 房屋、树木、人物三个核心对象均能够清楚识别，并且基本完整。
2. 三个对象在画面中的大小适中，没有全部挤在极小区域，也没有明显超出或压迫整个画面。
3. 房、树、人之间保持自然、合理的空间距离，没有明显孤立或被大片空白强行分隔。
4. 三个对象能够形成基本连贯的场景，例如共享地面、方向一致、空间位置合理，整体看起来属于同一个环境，而不是三个互不相关的符号。
5. 整体构图稳定，没有明显失衡、极端偏向某个角落或严重碎片化。
6. 线条总体连续、自然、力度相对稳定，没有大量异常断裂、极端微弱或杂乱涂画。
7. 画面具有适量细节。可以简单，但主要对象的基本结构能够表达清楚。
8. 房屋、树木、人物的比例大致协调，没有极端小型化或比例失调。
9. 房屋、树木和人物之间的相对大小基本合理，没有非常极端的尺寸差异。
10. 人物身体主要结构完整，比例不存在严重失调。
11. 整体构图稳定且场景连贯，没有明显异常的大面积涂黑。
12. 人物没有明显选择性结构缺失，四肢和头部等主要部位都存在。
13. 房屋结构稳定，主要组成部分合理。
14. 树木结构自然，没有严重截断或畸形。
15. 画面存在多个相互独立的正常积极特征。

【支持异常的证据】
1. 无。"
dataset/HTP/00/01/00_01_02_0038.png,00,01,01,0.14804719991116141,"【支持正常的证据】
1. 房屋、树木、人物三个核心对象均能够清楚识别，并且基本完整。
2. 三个对象在画面中的大小适中，没有全部挤在极小区域，也没有明显超出或压迫整个画面。
3. 房、树、人之间保持自然、合理的空间距离，没有明显孤立或被大片空白强行分隔。
4. 三个对象能够形成基本连贯的场景，例如共享地面、方向一致、空间位置合理，整体看起来属于同一个环境，而不是三个互不相关的符号。
5. 整体构图稳定，没有明显失衡、极端偏向某个角落或严重碎片化。
6. 线条总体连续、自然、力度相对稳定，没有大量异常断裂、极端微弱或杂乱涂画。
7. 画面具有适量细节。可以简单，但主要对象的基本结构能够表达清楚。
8. 房屋、树木、人物的比例大致协调，没有极端小型化或比例失调。
9. 整体场景连贯，没有明显选择性结构缺失。
10. 线条自然、连续，没有异常大面积涂黑。

【支持异常的证据】
1. 房屋、树木、人物中的一个或多个核心对象完全缺失，且无法由裁剪、遮挡或画法解释。
2. 整幅画极度简化，只剩极少线条，大量重要结构同时消失，整体信息量异常低。
3. 房、树、人整体只占巨大画布中极小区域，周围存在大量空白。
4. 三个对象之间距离极端遥远，某个对象明显孤立，或者整个场景严重碎片化。
5. 存在大量非常微弱、间断、犹豫、僵硬或严重潦草的线条。
6. 存在异常大面积涂黑、重度阴影或某个对象被明显过度强调。"
dataset/HTP/00/01/00_01_02_0039.png,00,01,01,0.09534946232842245,"【支持正常的证据】
1. 房屋、树木、人物三个核心对象均能够清楚识别，并且基本完整。
2. 三个对象在画面中的大小适中，没有全部挤在极小区域，也没有明显超出或压迫整个画面。
3. 房、树、人之间保持自然、合理的空间距离，没有明显孤立或被大片空白强行分隔。
4. 三个对象能够形成基本连贯的场景，例如共享地面、方向一致、空间位置合理，整体看起来属于同一个环境，而不是三个互不相关的符号。
5. 整体构图稳定，没有明显失衡、极端偏向某个角落或严重碎片化。
6. 线条总体连续、自然、力度相对稳定，没有大量异常断裂、极端微弱或杂乱涂画。
7. 画面具有适量细节。可以简单，但主要对象的基本结构能够表达清楚。
8. 房屋、树木、人物的比例大致协调，没有极端小型化或比例失调。
9. 房屋、树木和人物之间的关系自然，没有极端隔离或不连贯的空间关系。
10. 线条自然、连续，没有异常大面积涂黑。

【支持异常的证据】
1. 房屋、树木、人物中的一个或多个核心对象完全缺失，且无法由裁剪、遮挡或画法解释。
2. 整幅画极度简化，只剩极少线条，大量重要结构同时消失，整体信息量异常低。
3. 房、树、人整体只占巨大画布中极小区域，周围存在大量空白。
4. 三个对象之间距离极端遥远，某个对象明显孤立，或者整个场景严重碎片化。
5. 存在大量非常微弱、间断、犹豫、僵硬或严重潦草的线条。
6. 存在异常大面积涂黑、重度阴影或某个对象被明显过度强调。"
dataset/HTP/00/01/00_01_02_0040.png,00,01,01,0.11920291732853862,"【支持正常的证据】
1. 房屋、树木、人物三个核心对象均能够清楚识别，并且基本完整。
2. 三个对象在画面中的大小适中，没有全部挤在极小区域，也没有明显超出或压迫整个画面。
3. 房、树、人之间保持自然、合理的空间距离，没有明显孤立或被大片空白强行分隔。
4. 三个对象能够形成基本连贯的场景，例如共享地面、方向一致、空间位置合理，整体看起来属于同一个环境，而不是三个互不相关的符号。
5. 整体构图稳定，没有明显失衡、极端偏向某个角落或严重碎片化。
6. 线条总体连续、自然、力度相对稳定，没有大量异常断裂、极端微弱或杂乱涂画。
7. 画面具有适量细节。可以简单，但主要对象的基本结构能够表达清楚。
8. 房屋、树木、人物的比例大致协调，没有极端小型化或比例失调。
9. 整体场景连贯，没有明显选择性结构缺失。
10. 线条自然、连续，没有异常大面积涂黑。

【支持异常的证据】
1. 房屋、树木、人物中的一个或多个核心对象完全缺失，且无法由裁剪、遮挡或画法解释。
2. 整幅画极度简化，只剩极少线条，大量重要结构同时消失，整体信息量异常低。
3. 房、树、人整体只占巨大画布中极小区域，周围存在大量空白。
4. 三个对象之间距离极端遥远，某个对象明显孤立，或者整个场景严重碎片化。
5. 存在大量非常微弱、间断、犹豫、僵硬或严重潦草的线条。
6. 存在异常大面积涂黑、重度阴影或某个对象被明显过度强调。"
dataset/HTP/00/01/00_01_02_0041.png,00,01,01,0.10669058897496679,"【支持正常的证据】
1. 房屋、树木、人物三个核心对象均能够清楚识别，并且基本完整。
2. 三个对象在画面中的大小适中，没有全部挤在极小区域，也没有明显超出或压迫整个画面。
3. 房、树、人之间保持自然、合理的空间距离，没有明显孤立或被大片空白强行分隔。
4. 三个对象能够形成基本连贯的场景，例如共享地面、方向一致、空间位置合理，整体看起来属于同一个环境，而不是三个互不相关的符号。
5. 整体构图稳定，没有明显失衡、极端偏向某个角落或严重碎片化。
6. 线条总体连续、自然、力度相对稳定，没有大量异常断裂、极端微弱或杂乱涂画。
7. 画面具有适量细节。可以简单，但主要对象的基本结构能够表达清楚。
8. 房屋、树木、人物的比例大致协调，没有极端小型化或比例失调。
9. 整体场景连贯，没有明显选择性结构缺失。
10. 线条自然、连续，没有异常大面积涂黑。

【支持异常的证据】
1. 房屋、树木、人物中的一个或多个核心对象完全缺失，且无法由裁剪、遮挡或画法解释。
2. 整幅画极度简化，只剩极少线条，大量重要结构同时消失，整体信息量异常低。
3. 房、树、人整体只占巨大画布中极小区域，周围存在大量空白。
4. 三个对象之间距离极端遥远，某个对象明显孤立，或者整个场景严重碎片化。
5. 存在大量非常微弱、间断、犹豫、僵硬或严重潦草的线条。
6. 存在异常大面积涂黑、重度阴影或某个对象被明显过度强调。"
dataset/HTP/00/01/00_01_02_0042.png,00,01,01,0.060086650384398026,"【支持正常的证据】
1. 房屋、树木、人物三个核心对象均能够清楚识别，并且基本完整。
2. 三个对象在画面中的大小适中，没有全部挤在极小区域，也没有明显超出或压迫整个画面。
3. 房、树、人之间保持自然、合理的空间距离，没有明显孤立或被大片空白强行分隔。
4. 三个对象能够形成基本连贯的场景，例如共享地面、方向一致、空间位置合理，整体看起来属于同一个环境，而不是三个互不相关的符号。
5. 整体构图稳定，没有明显失衡、极端偏向某个角落或严重碎片化。
6. 线条总体连续、自然、力度相对稳定，没有大量异常断裂、极端微弱或杂乱涂画。
7. 画面具有适量细节。可以简单，但主要对象的基本结构能够表达清楚。
8. 房屋、树木、人物的比例大致协调，没有极端小型化或比例失调。
9. 房屋、树木和人物之间的关系自然，没有极端隔离或不连贯的空间关系。
10. 线条自然、连续，没有异常大面积涂黑。

【支持异常的证据】
1. 人物缺少手臂，手臂被选择性省略。
2. 房屋缺少窗户，窗户被选择性省略。
3. 树木缺少叶子，可能是由于绘画风格或季节性因素导致。
4. 房屋、树木和人物的大小比例略有不协调，但整体还在可接受范围内。
5. 房屋、树木和人物之间的空间距离较为均匀，没有极端隔离。
6. 线条自然，没有极端微弱或杂乱涂画。"
dataset/HTP/00/01/00_01_02_0043.png,00,01,01,0.14804719991116141,"【支持正常的证据】
1. 房屋、树木、人物三个核心对象均能够清楚识别，并且基本完整。
2. 三个对象在画面中的大小适中，没有全部挤在极小区域，也没有明显超出或压迫整个画面。
3. 房、树、人之间保持自然、合理的空间距离，没有明显孤立或被大片空白强行分隔。
4. 三个对象能够形成基本连贯的场景，例如共享地面、方向一致、空间位置合理，整体看起来属于同一个环境。
5. 整体构图稳定，没有明显失衡、极端偏向某个角落或严重碎片化。
6. 线条总体连续、自然、力度相对稳定，没有大量异常断裂、极端微弱或杂乱涂画。
7. 画面具有适量细节。可以简单，但主要对象的基本结构能够表达清楚。
8. 房屋、树木、人物之间保持自然的距离，没有极端隔离。
9. 整体构图协调，没有大面积异常涂黑、重度阴影或局部反复强调。

【支持异常的证据】
1. 房屋结构较完整，但明显选择性缺少窗户。
2. 树木相对于其他主体和画布极端微小。
3. 人物头部、躯干、手臂和腿等主要身体结构基本完整，但比例有些夸张。
4. 房屋、树木和人物之间存在明显隔离，没有形成一个连贯的场景。"
dataset/HTP/00/01/00_01_02_0044.png,00,01,01,0.014063626423394072,"【支持正常的证据】
1. 房屋、树木、人物三个核心对象均能够清楚识别，并且基本完整。
2. 三个对象在画面中的大小适中，没有全部挤在极小区域，也没有明显超出或压迫整个画面。
3. 房、树、人之间保持自然、合理的空间距离，没有明显孤立或被大片空白强行分隔。
4. 三个对象能够形成基本连贯的场景，例如共享地面、方向一致、空间位置合理，整体看起来属于同一个环境，而不是三个互不相关的符号。
5. 整体构图稳定，没有明显失衡、极端偏向某个角落或严重碎片化。
6. 线条总体连续、自然、力度相对稳定，没有大量异常断裂、极端微弱或杂乱涂画。
7. 画面具有适量细节。可以简单，但主要对象的基本结构能够表达清楚。
8. 房屋、树木、人物的比例大致协调，没有极端小型化或比例失调。
9. 房屋、树木和人物之间的关系自然，没有极端隔离或不连贯的空间关系。
10. 线条自然、连续，没有异常大面积涂黑。

【支持异常的证据】
1. 无明显异常特征。"
dataset/HTP/00/01/00_01_02_0045.png,00,01,01,0.03308597922294221,"【支持正常的证据】
1. 房屋、树木、人物三个核心对象均能够清楚识别，并且基本完整。
2. 三个对象在画面中的大小适中，没有全部挤在极小区域，也没有明显超出或压迫整个画面。
3. 房、树、人之间保持自然、合理的空间距离，没有明显孤立或被大片空白强行分隔。
4. 三个对象能够形成基本连贯的场景，例如共享地面、方向一致、空间位置合理，整体看起来属于同一个环境，而不是三个互不相关的符号。
5. 整体构图稳定，没有明显失衡、极端偏向某个角落或严重碎片化。
6. 线条总体连续、自然、力度相对稳定，没有大量异常断裂、极端微弱或杂乱涂画。
7. 画面具有适量细节。可以简单，但主要对象的基本结构能够表达清楚。
8. 房屋、树木、人物的比例大致协调，没有极端小型化或比例失调。
9. 房屋、树木和人物之间的关系自然，没有极端隔离或不连贯的空间关系。
10. 线条自然、连续，没有异常大面积涂黑。

【支持异常的证据】
1. 人物头部、躯干、手臂和腿等主要身体结构基本完整，但手臂和腿部线条较为简单，可能是单线表示。
2. 房屋结构稳定，主要组成部分合理，但没有画出窗户。
3. 树木结构自然，没有严重截断或畸形，但树冠较为简单，可能是圆形或椭圆形。
4. 人物大小与房屋、树木和整个画布基本协调，没有极端小型化。
5. 房屋、树木和人物之间的关系自然，没有极端隔离或不连贯的空间关系。"
dataset/HTP/00/01/00_01_02_0046.png,00,01,01,0.22270013882530884,"【支持正常的证据】
1. 房屋、树木、人物三个核心对象均能够清楚识别，并且基本完整。
2. 三个对象在画面中的大小适中，没有全部挤在极小区域，也没有明显超出或压迫整个画面。
3. 房、树、人之间保持自然、合理的空间距离，没有明显孤立或被大片空白强行分隔。
4. 三个对象能够形成基本连贯的场景，例如共享地面、方向一致、空间位置合理，整体看起来属于同一个环境，而不是三个互不相关的符号。
5. 整体构图稳定，没有明显失衡、极端偏向某个角落或严重碎片化。
6. 线条总体连续、自然、力度相对稳定，没有大量异常断裂、极端微弱或杂乱涂画。
7. 画面具有适量细节。可以简单，但主要对象的基本结构能够表达清楚。
8. 房屋、树木、人物的比例大致协调，没有极端小型化或比例失调。
9. 整体场景连贯，没有明显选择性结构缺失。
10. 线条自然、连续，没有异常大面积涂黑。

【支持异常的证据】
1. 人物头部缺失，没有完成。
2. 树木的树干和树冠之间连接不自然，比例不合理。
3. 房屋的屋顶和树冠之间存在明显不协调的空间关系。
4. 房屋的屋顶和树冠之间存在明显不协调的空间关系。
5. 房屋的屋顶和树冠之间存在明显不协调的空间关系。
6. 房屋的屋顶和树冠之间存在明显不协调的空间关系。
7. 房屋的屋顶和树冠之间存在明显不协调的空间关系。
8. 房屋的屋顶和树冠之间存在明显不协调的空间关系。
9. 房屋的屋顶和树冠之间存在明显不协调的空间关系。
10. 房屋的屋顶和树冠之间存在明显不协调的空间关系。"
dataset/HTP/00/01/00_01_02_0047.png,00,01,01,0.025957357762928745,"【支持正常的证据】
1. 房屋、树木、人物三个核心对象均能够清楚识别，并且基本完整。
2. 三个对象在画面中的大小适中，没有全部挤在极小区域，也没有明显超出或压迫整个画面。
3. 房、树、人之间保持自然、合理的空间距离，没有明显孤立或被大片空白强行分隔。
4. 三个对象能够形成基本连贯的场景，例如共享地面、方向一致、空间位置合理，整体看起来属于同一个环境，而不是三个互不相关的符号。
5. 整体构图稳定，没有明显失衡、极端偏向某个角落或严重碎片化。
6. 线条总体连续、自然、力度相对稳定，没有大量异常断裂、极端微弱或杂乱涂画。
7. 画面具有适量细节。可以简单，但主要对象的基本结构能够表达清楚。
8. 房屋、树木、人物的比例大致协调，没有极端小型化或比例失调。
9. 房屋、树木和人物之间的关系自然，没有极端隔离或不连贯的空间关系。
10. 线条自然、连续，没有异常大面积涂黑。

【支持异常的证据】
1. 人物头部、躯干、手臂和腿等主要身体结构基本完整，但存在一些线条简单、比例不精确的情况。
2. 房屋结构较为简单，但没有明显选择性缺少门或窗户。
3. 树木结构自然，没有明显截断或畸形。
4. 人物大小与房屋、树木和画布基本协调，没有极端小型化。
5. 房屋、树木和人物之间的关系自然，没有极端隔离或不连贯的空间关系。
6. 线条自然、连续，没有异常大面积涂黑。"
dataset/HTP/00/01/00_01_02_0048.png,00,01,01,0.014063626423394072,"【支持正常的证据】
1. 房屋、树木、人物三个核心对象均能够清楚识别，并且基本完整。
2. 三个对象在画面中的大小适中，没有全部挤在极小区域，也没有明显超出或压迫整个画面。
3. 房、树、人之间保持自然、合理的空间距离，没有明显孤立或被大片空白强行分隔。
4. 三个对象能够形成基本连贯的场景，例如共享地面、方向一致、空间位置合理，整体看起来属于同一个环境，而不是三个互不相关的符号。
5. 整体构图稳定，没有明显失衡、极端偏向某个角落或严重碎片化。
6. 线条总体连续、自然、力度相对稳定，没有大量异常断裂、极端微弱或杂乱涂画。
7. 画面具有适量细节。可以简单，但主要对象的基本结构能够表达清楚。
8. 房屋、树木、人物的比例大致协调，没有极端小型化或比例失调。
9. 整体构图稳定且场景连贯，没有明显异常的大面积涂黑、极端小型化或异常隔离。
10. 人物身体主要结构完整，比例不存在严重失调。

【支持异常的证据】
1. 无明显异常特征。"
dataset/HTP/00/01/00_01_02_0049.png,00,01,01,0.010986941578116865,"【支持正常的证据】
1. 房屋、树木、人物三个核心对象均能够清楚识别，并且基本完整。
2. 三个对象在画面中的大小适中，没有全部挤在极小区域，也没有明显超出或压迫整个画面。
3. 房、树、人之间保持自然、合理的空间距离，没有明显孤立或被大片空白强行分隔。
4. 三个对象能够形成基本连贯的场景，例如共享地面、方向一致、空间位置合理，整体看起来属于同一个环境，而不是三个互不相关的符号。
5. 整体构图稳定，没有明显失衡、极端偏向某个角落或严重碎片化。
6. 线条总体连续、自然、力度相对稳定，没有大量异常断裂、极端微弱或杂乱涂画。
7. 画面具有适量细节。可以简单，但主要对象的基本结构能够表达清楚。
8. 房屋、树木、人物的比例大致协调，没有极端小型化或比例失调。
9. 整体构图稳定且场景连贯，没有明显异常的大面积涂黑、极端小型化或异常隔离。
10. 人物身体主要结构完整，比例不存在严重失调。

【支持异常的证据】
1. 无明显异常特征。"
dataset/HTP/00/01/00_01_02_0050.png,00,01,01,0.012431653620200803,"【支持正常的证据】
1. 房屋、树木、人物三个核心对象均能够清楚识别，并且基本完整。
2. 三个对象在画面中的大小适中，没有全部挤在极小区域，也没有明显超出或压迫整个画面。
3. 房、树、人之间保持自然、合理的空间距离，没有明显孤立或被大片空白强行分隔。
4. 三个对象能够形成基本连贯的场景，例如共享地面、方向一致、空间位置合理，整体看起来属于同一个环境，而不是三个互不相关的符号。
5. 整体构图稳定，没有明显失衡、极端偏向某个角落或严重碎片化。
6. 线条总体连续、自然、力度相对稳定，没有大量异常断裂、极端微弱或杂乱涂画。
7. 画面具有适量细节。可以简单，但主要对象的基本结构能够表达清楚。
8. 房屋、树木、人物的比例大致协调，没有极端小型化或比例失调。
9. 房屋、树木和人物之间的相对大小基本合理，没有非常极端的尺寸差异。
10. 整体构图稳定且场景连贯，没有明显异常的大面积涂黑、极端小型化或异常隔离。

【支持异常的证据】
1. 无。"
dataset/HTP/00/01/00_01_02_0051.png,00,01,01,0.09534946232842245,"【支持正常的证据】
1. 房屋、树木、人物三个核心对象均能够清楚识别，并且基本完整。
2. 三个对象在画面中的大小适中，没有全部挤在极小区域，也没有明显超出或压迫整个画面。
3. 房、树、人之间保持自然、合理的空间距离，没有明显孤立或被大片空白强行分隔。
4. 三个对象能够形成基本连贯的场景，例如共享地面、方向一致、空间位置合理，整体看起来属于同一个环境，而不是三个互不相关的符号。
5. 整体构图稳定，没有明显失衡、极端偏向某个角落或严重碎片化。
6. 线条总体连续、自然、力度相对稳定，没有大量异常断裂、极端微弱或杂乱涂画。
7. 画面具有适量细节。可以简单，但主要对象的基本结构能够表达清楚。
8. 没有大面积、无明显绘画目的的异常涂黑、重阴影或局部反复强调。

【支持异常的证据】
1. 房屋、树木、人物中的一个或多个核心对象完全缺失，且无法由裁剪、遮挡或画法解释。
2. 整幅画极度简化，只剩极少线条，大量重要结构同时消失，整体信息量异常低。
3. 房、树、人整体只占巨大画布中极小区域，周围存在大量空白。
4. 三个对象之间距离极端遥远，某个对象明显孤立，或者整个场景严重碎片化。
5. 对象像漂浮在不同区域，彼此几乎没有空间联系，整体场景严重不连贯。
6. 存在大量非常微弱、间断、犹豫、僵硬或严重潦草的线条。
7. 存在异常大面积涂黑、重度阴影或某个对象被明显过度强调。"
dataset/HTP/00/01/00_01_02_0052.png,00,01,01,0.009708474753363424,"【支持正常的证据】
1. 房屋、树木、人物三个核心对象均能够清楚识别，并且基本完整。
2. 三个对象在画面中的大小适中，没有全部挤在极小区域，也没有明显超出或压迫整个画面。
3. 房、树、人之间保持自然、合理的空间距离，没有明显孤立或被大片空白强行分隔。
4. 三个对象能够形成基本连贯的场景，例如共享地面、方向一致、空间位置合理，整体看起来属于同一个环境，而不是三个互不相关的符号。
5. 整体构图稳定，没有明显失衡、极端偏向某个角落或严重碎片化。
6. 线条总体连续、自然、力度相对稳定，没有大量异常断裂、极端微弱或杂乱涂画。
7. 画面具有适量细节。可以简单，但主要对象的基本结构能够表达清楚。
8. 房屋、树木、人物的比例大致协调，没有极端小型化或比例失调。
9. 房屋、树木和人物之间的相对大小基本合理，没有非常极端的尺寸差异。
10. 人物身体主要结构完整，比例不存在严重失调。
11. 整体构图稳定且场景连贯，没有明显异常的大面积涂黑。
12. 人物没有明显的选择性结构缺失，如缺少手臂或腿部。
13. 画面中没有出现极端小型化、异常隔离或严重场景碎片化的情况。
14. 人物的姿势自然，没有明显异常的手势或表情。

【支持异常的证据】
1. 无明显异常特征。"
dataset/HTP/00/01/00_01_02_0053.png,00,01,01,0.06754668832401889,"【支持正常的证据】
1. 房屋、树木、人物三个核心对象均能够清楚识别，并且基本完整。
2. 三个对象在画面中的大小适中，没有全部挤在极小区域，也没有明显超出或压迫整个画面。
3. 房、树、人之间保持自然、合理的空间距离，没有明显孤立或被大片空白强行分隔。
4. 三个对象能够形成基本连贯的场景，例如共享地面、方向一致、空间位置合理，整体看起来属于同一个环境，而不是三个互不相关的符号。
5. 整体构图稳定，没有明显失衡、极端偏向某个角落或严重碎片化。
6. 线条总体连续、自然、力度相对稳定，没有大量异常断裂、极端微弱或杂乱涂画。
7. 画面具有适量细节。可以简单，但主要对象的基本结构能够表达清楚。
8. 房屋、树木、人物的比例大致协调，没有极端小型化或比例失调。
9. 房屋、树木和人物之间的相对大小基本合理，没有非常极端的尺寸差异。
10. 人物身体主要结构完整，比例不存在严重失调。
11. 整体构图稳定且场景连贯，没有明显异常的大面积涂黑。
12. 线条自然、连续，没有异常大面积涂黑。
13. 没有明显的选择性结构缺失。
14. 即使绘画较简单，其简化方式在整幅画中保持一致。

【支持异常的证据】
1. 房屋、树木、人物中的一个或多个核心对象完全缺失，且无法由裁剪、遮挡或画法解释。
2. 整幅画极度简化，只剩极少线条，大量重要结构同时消失，整体信息量异常低。
3. 房、树、人整体只占巨大画布中极小区域，周围存在大量空白。
4. 三个对象之间距离极端遥远，某个对象明显孤立，或者整个场景严重碎片化。
5. 存在大量非常微弱、间断、犹豫、僵硬或严重潦草的线条。
6. 存在异常大面积涂黑、重度阴影或某个对象被明显过度强调。"
dataset/HTP/00/01/00_01_02_0054.png,00,01,01,0.010986941578116865,"【支持正常的证据】
1. 房屋、树木、人物三个核心对象均能够清楚识别，并且基本完整。
2. 三个对象在画面中的大小适中，没有全部挤在极小区域，也没有明显超出或压迫整个画面。
3. 房、树、人之间保持自然、合理的空间距离，没有明显孤立或被大片空白强行分隔。
4. 三个对象能够形成基本连贯的场景，例如共享地面、方向一致、空间位置合理，整体看起来属于同一个环境，而不是三个互不相关的符号。
5. 整体构图稳定，没有明显失衡、极端偏向某个角落或严重碎片化。
6. 线条总体连续、自然、力度相对稳定，没有大量异常断裂、极端微弱或杂乱涂画。
7. 画面具有适量细节。可以简单，但主要对象的基本结构能够表达清楚。
8. 房屋、树木、人物的比例大致协调，没有极端小型化或比例失调。
9. 房屋、树木和人物之间的相对大小基本合理，没有非常极端的尺寸差异。
10. 整体构图稳定且场景连贯，没有明显的选择性结构缺失。
11. 线条自然、连续，没有异常大面积涂黑。
12. 人物身体主要结构完整，比例不存在严重失调。
13. 人物能够自然地处于房屋和树木形成的环境中，而不是完全脱离其他对象。
14. 画面中没有明显的选择性结构缺失。
15. 仅存在少数能够由绘画水平、年龄、风格或普通构图解释的轻微异常。

【支持异常的证据】
1. 无明显异常特征。"
dataset/HTP/00/01/00_01_02_0055.png,00,01,01,0.07585817323116976,"【支持正常的证据】
1. 房屋、树木、人物三个核心对象均能够清楚识别，并且基本完整。
2. 三个对象在画面中的大小适中，没有全部挤在极小区域，也没有明显超出或压迫整个画面。
3. 房、树、人之间保持自然、合理的空间距离，没有明显孤立或被大片空白强行分隔。
4. 三个对象能够形成基本连贯的场景，例如共享地面、方向一致、空间位置合理，整体看起来属于同一个环境，而不是三个互不相关的符号。
5. 整体构图稳定，没有明显失衡、极端偏向某个角落或严重碎片化。
6. 线条总体连续、自然、力度相对稳定，没有大量异常断裂、极端微弱或杂乱涂画。
7. 画面具有适量细节。可以简单，但主要对象的基本结构能够表达清楚。
8. 房屋、树木、人物的比例大致协调，没有极端小型化或比例失调。
9. 整体场景连贯，没有明显选择性结构缺失。
10. 线条自然、连续，没有异常大面积涂黑。

【支持异常的证据】
1. 房屋、树木、人物中的一个或多个核心对象完全缺失，且无法由裁剪、遮挡或画法解释。
2. 整幅画极度简化，只剩极少线条，大量重要结构同时消失，整体信息量异常低。
3. 房、树、人整体只占巨大画布中极小区域，周围存在大量空白。
4. 三个对象之间距离极端遥远，某个对象明显孤立，或者整个场景严重碎片化。
5. 存在大量非常微弱、间断、犹豫、僵硬或严重潦草的线条。
6. 存在异常大面积涂黑、重度阴影或某个对象被明显过度强调。"
dataset/HTP/00/01/00_01_02_0056.png,00,01,01,0.06754668832401889,"【支持正常的证据】
1. 房屋、树木、人物三个核心对象均能够清楚识别，并且基本完整。
2. 三个对象在画面中的大小适中，没有全部挤在极小区域，也没有明显超出或压迫整个画面。
3. 房、树、人之间保持自然、合理的空间距离，没有明显孤立或被大片空白强行分隔。
4. 三个对象能够形成基本连贯的场景，例如共享地面、方向一致、空间位置合理，整体看起来属于同一个环境，而不是三个互不相关的符号。
5. 整体构图稳定，没有明显失衡、极端偏向某个角落或严重碎片化。
6. 线条总体连续、自然、力度相对稳定，没有大量异常断裂、极端微弱或杂乱涂画。
7. 画面具有适量细节。可以简单，但主要对象的基本结构能够表达清楚。
8. 没有大面积、无明显绘画目的的异常涂黑、重阴影或局部反复强调。

【支持异常的证据】
1. 房屋、树木、人物中的一个或多个核心对象完全缺失，且无法由裁剪、遮挡或画法解释。
2. 整幅画极度简化，只剩极少线条，大量重要结构同时消失，整体信息量异常低。
3. 房、树、人整体只占巨大画布中极小区域，周围存在大量空白。
4. 三个对象之间距离极端遥远，某个对象明显孤立，或者整个场景严重碎片化。
5. 对象像漂浮在不同区域，彼此几乎没有空间联系，整体场景严重不连贯。
6. 存在大量非常微弱、间断、犹豫、僵硬或严重潦草的线条。
7. 存在异常大面积涂黑、重度阴影或某个对象被明显过度强调。"
dataset/HTP/00/01/00_01_02_0057.png,00,01,01,0.009708474753363424,"【支持正常的证据】
1. 房屋、树木、人物三个核心对象均能够清楚识别，并且基本完整。
2. 三个对象在画面中的大小适中，没有全部挤在极小区域，也没有明显超出或压迫整个画面。
3. 房、树、人之间保持自然、合理的空间距离，没有明显孤立或被大片空白强行分隔。
4. 三个对象能够形成基本连贯的场景，例如共享地面、方向一致、空间位置合理，整体看起来属于同一个环境，而不是三个互不相关的符号。
5. 整体构图稳定，没有明显失衡、极端偏向某个角落或严重碎片化。
6. 线条总体连续、自然、力度相对稳定，没有大量异常断裂、极端微弱或杂乱涂画。
7. 画面具有适量细节。可以简单，但主要对象的基本结构能够表达清楚。
8. 房屋、树木、人物的比例大致协调，没有极端小型化或比例失调。
9. 房屋、树木和人物之间的相对大小基本合理，没有非常极端的尺寸差异。
10. 人物身体主要结构完整，比例不存在严重失调。
11. 整体构图稳定且场景连贯，没有明显异常的大面积涂黑。
12. 人物没有明显的选择性结构缺失，如缺少手臂或腿部。
13. 人物的表情自然，没有明显异常的负面表情。
14. 房屋、树木和人物之间的空间关系自然，整体场景具有连贯性。

【支持异常的证据】
1. 无明显异常特征。"
dataset/HTP/00/01/00_01_02_0058.png,00,01,01,0.07585817323116976,"【支持正常的证据】
1. 房屋、树木、人物三个核心对象均能够清楚识别，并且基本完整。
2. 三个对象在画面中的大小适中，没有全部挤在极小区域，也没有明显超出或压迫整个画面。
3. 房、树、人之间保持自然、合理的空间距离，没有明显孤立或被大片空白强行分隔。
4. 三个对象能够形成基本连贯的场景，例如共享地面、方向一致、空间位置合理，整体看起来属于同一个环境，而不是三个互不相关的符号。
5. 整体构图稳定，没有明显失衡、极端偏向某个角落或严重碎片化。
6. 线条总体连续、自然、力度相对稳定，没有大量异常断裂、极端微弱或杂乱涂画。
7. 画面具有适量细节。可以简单，但主要对象的基本结构能够表达清楚。
8. 房屋、树木、人物的比例大致协调，没有极端小型化或比例失调。
9. 整体场景连贯，没有明显选择性结构缺失。
10. 线条自然、连续，没有异常大面积涂黑。

【支持异常的证据】
1. 房屋、树木、人物中的一个或多个核心对象完全缺失，且无法由裁剪、遮挡或画法解释。
2. 整幅画极度简化，只剩极少线条，大量重要结构同时消失，整体信息量异常低。
3. 房、树、人整体只占巨大画布中极小区域，周围存在大量空白。
4. 三个对象之间距离极端遥远，某个对象明显孤立，或者整个场景严重碎片化。
5. 存在大量非常微弱、间断、犹豫、僵硬或严重潦草的线条。
6. 存在异常大面积涂黑、重度阴影或某个对象被明显过度强调。"
dataset/HTP/00/01/00_01_02_0059.png,00,01,01,0.012431653620200803,"【支持正常的证据】
1. 房屋、树木、人物三个核心对象均能够清楚识别，并且基本完整。
2. 三个对象在画面中的大小适中，没有全部挤在极小区域，也没有明显超出或压迫整个画面。
3. 房、树、人之间保持自然、合理的空间距离，没有明显孤立或被大片空白强行分隔。
4. 三个对象能够形成基本连贯的场景，例如共享地面、方向一致、空间位置合理，整体看起来属于同一个环境，而不是三个互不相关的符号。
5. 整体构图稳定，没有明显失衡、极端偏向某个角落或严重碎片化。
6. 线条总体连续、自然、力度相对稳定，没有大量异常断裂、极端微弱或杂乱涂画。
7. 画面具有适量细节。可以简单，但主要对象的基本结构能够表达清楚。
8. 房屋、树木、人物的比例大致协调，没有极端小型化或比例失调。
9. 房屋、树木和人物之间的相对大小基本合理，没有非常极端的尺寸差异。
10. 人物身体主要结构完整，比例不存在严重失调。
11. 整体构图稳定且场景连贯，没有明显异常的大面积涂黑。
12. 人物没有明显的选择性结构缺失，四肢和五官比例协调。
13. 画面中没有出现极端小型化、异常隔离或严重结构扭曲的情况。

【支持异常的证据】
1. 无。"
dataset/HTP/00/01/00_01_02_0060.png,00,01,01,0.009708474753363424,"【支持正常的证据】
1. 房屋、树木、人物三个核心对象均能够清楚识别，并且基本完整。
2. 三个对象在画面中的大小适中，没有全部挤在极小区域，也没有明显超出或压迫整个画面。
3. 房、树、人之间保持自然、合理的空间距离，没有明显孤立或被大片空白强行分隔。
4. 三个对象能够形成基本连贯的场景，例如共享地面、方向一致、空间位置合理，整体看起来属于同一个环境，而不是三个互不相关的符号。
5. 整体构图稳定，没有明显失衡、极端偏向某个角落或严重碎片化。
6. 线条总体连续、自然、力度相对稳定，没有大量异常断裂、极端微弱或杂乱涂画。
7. 画面具有适量细节。可以简单，但主要对象的基本结构能够表达清楚。
8. 房屋、树木、人物的比例大致协调，没有极端小型化或比例失调。
9. 房屋、树木和人物之间的相对大小基本合理，没有非常极端的尺寸差异。
10. 人物身体主要结构完整，比例不存在严重失调。
11. 整体构图稳定且场景连贯，没有明显异常的大面积涂黑。
12. 人物没有明显选择性结构缺失，如缺少手臂或腿部。
13. 人物的表情自然，没有明显悲伤、愤怒、痛苦、恐惧等强烈负面表情。
14. 房屋、树木和人物之间保持自然距离，没有某个对象被极端隔离。
15. 画面存在多个相互独立的正常积极特征，如房屋结构稳定、树木结构自然、人物身体完整等。

【支持异常的证据】
1. 无明显异常特征。"
dataset/HTP/00/01/00_01_02_0061.png,00,01,01,0.07585817323116976,"【支持正常的证据】
1. 房屋、树木、人物三个核心对象均能够清楚识别，并且基本完整。
2. 三个对象在画面中的大小适中，没有全部挤在极小区域，也没有明显超出或压迫整个画面。
3. 房、树、人之间保持自然、合理的空间距离，没有明显孤立或被大片空白强行分隔。
4. 三个对象能够形成基本连贯的场景，例如共享地面、方向一致、空间位置合理，整体看起来属于同一个环境。
5. 整体构图稳定，没有明显失衡、极端偏向某个角落或严重碎片化。
6. 线条总体连续、自然、力度相对稳定，没有大量异常断裂、极端微弱或杂乱涂画。
7. 画面具有适量细节。可以简单，但主要对象的基本结构能够表达清楚。
8. 没有大面积、无明显绘画目的的异常涂黑、重阴影或局部反复强调。

【支持异常的证据】
1. 房屋、树木、人物中的一个或多个核心对象完全缺失，且无法由裁剪、遮挡或画法解释。
2. 整幅画极度简化，只剩极少线条，大量重要结构同时消失，整体信息量异常低。
3. 房、树、人整体只占巨大画布中极小区域，周围存在大量空白。
4. 三个对象之间距离极端遥远，某个对象明显孤立，或者整个场景严重碎片化。
5. 存在大量非常微弱、间断、犹豫、僵硬或严重潦草的线条。
6. 存在异常大面积涂黑、重度阴影或某个对象被明显过度强调。"
dataset/HTP/00/01/00_01_02_0062.png,00,01,01,0.07585817323116976,"【支持正常的证据】
1. 房屋、树木、人物三个核心对象均能够清楚识别，并且基本完整。
2. 三个对象在画面中的大小适中，没有全部挤在极小区域，也没有明显超出或压迫整个画面。
3. 房、树、人之间保持自然、合理的空间距离，没有明显孤立或被大片空白强行分隔。
4. 三个对象能够形成基本连贯的场景，例如共享地面、方向一致、空间位置合理，整体看起来属于同一个环境，而不是三个互不相关的符号。
5. 整体构图稳定，没有明显失衡、极端偏向某个角落或严重碎片化。
6. 线条总体连续、自然、力度相对稳定，没有大量异常断裂、极端微弱或杂乱涂画。
7. 画面具有适量细节。可以简单，但主要对象的基本结构能够表达清楚。
8. 房屋、树木、人物的比例大致协调，没有极端小型化或比例失调。
9. 房屋、树木和人物之间的关系自然，没有极端隔离或不连贯的空间关系。
10. 线条自然、连续，没有异常大面积涂黑。

【支持异常的证据】
1. 房屋、树木、人物中的一个或多个核心对象完全缺失，且无法由裁剪、遮挡或画法解释。
2. 整幅画极度简化，只剩极少线条，大量重要结构同时消失，整体信息量异常低。
3. 房、树、人整体只占巨大画布中极小区域，周围存在大量空白。
4. 三个对象之间距离极端遥远，某个对象明显孤立，或者整个场景严重碎片化。
5. 存在大量非常微弱、间断、犹豫、僵硬或严重潦草的线条。
6. 存在异常大面积涂黑、重度阴影或某个对象被明显过度强调。"
dataset/HTP/00/01/00_01_02_0063.png,00,01,01,0.060086650384398026,"【支持正常的证据】
1. 房屋、树木、人物三个核心对象均能够清楚识别，并且基本完整。
2. 三个对象在画面中的大小适中，没有全部挤在极小区域，也没有明显超出或压迫整个画面。
3. 房、树、人之间保持自然、合理的空间距离，没有明显孤立或被大片空白强行分隔。
4. 三个对象能够形成基本连贯的场景，例如共享地面、方向一致、空间位置合理，整体看起来属于同一个环境，而不是三个互不相关的符号。
5. 整体构图稳定，没有明显失衡、极端偏向某个角落或严重碎片化。
6. 线条总体连续、自然、力度相对稳定，没有大量异常断裂、极端微弱或杂乱涂画。
7. 画面具有适量细节。可以简单，但主要对象的基本结构能够表达清楚。
8. 房屋、树木、人物的比例大致协调，没有极端小型化或比例失调。
9. 房屋、树木和人物之间的相对大小基本合理，没有非常极端的尺寸差异。
10. 人物身体主要结构完整，比例不存在严重失调。
11. 整体构图稳定且场景连贯，没有明显异常的大面积涂黑。
12. 线条自然、连续，没有异常大面积涂黑。
13. 没有明显的选择性结构缺失。
14. 即使绘画较简单，其简化方式在整幅画中保持一致。
15. 仅存在少数能够由绘画水平、年龄、风格或普通构图解释的轻微异常。

【支持异常的证据】
1. 房屋、树木、人物中的一个或多个核心对象完全缺失，且无法由裁剪、遮挡或画法解释。
2. 整幅画极度简化，只剩极少线条，大量重要结构同时消失，整体信息量异常低。
3. 房、树、人整体只占巨大画布中极小区域，周围存在大量空白。
4. 三个对象之间距离极端遥远，某个对象明显孤立，或者整个场景严重碎片化。
5. 存在大量非常微弱、间断、犹豫、僵硬或严重潦草的线条。
6. 存在异常大面积涂黑、重度阴影或某个对象被明显过度强调。"
dataset/HTP/00/01/00_01_02_0064.png,00,01,01,0.014063626423394072,"【支持正常的证据】
1. 房屋、树木、人物三个核心对象均能够清楚识别，并且基本完整。
2. 三个对象在画面中的大小适中，没有全部挤在极小区域，也没有明显超出或压迫整个画面。
3. 房、树、人之间保持自然、合理的空间距离，没有明显孤立或被大片空白强行分隔。
4. 三个对象能够形成基本连贯的场景，例如共享地面、方向一致、空间位置合理，整体看起来属于同一个环境，而不是三个互不相关的符号。
5. 整体构图稳定，没有明显失衡、极端偏向某个角落或严重碎片化。
6. 线条总体连续、自然、力度相对稳定，没有大量异常断裂、极端微弱或杂乱涂画。
7. 画面具有适量细节。可以简单，但主要对象的基本结构能够表达清楚。
8. 房屋、树木、人物的比例大致协调，没有极端小型化或比例失调。
9. 房屋、树木和人物之间的相对大小基本合理，没有非常极端的尺寸差异。
10. 人物身体主要结构完整，比例不存在严重失调。
11. 整体构图稳定且场景连贯，没有明显异常的大面积涂黑。
12. 人物没有明显选择性结构缺失，四肢和头部等主要部位都有描绘。
13. 房屋结构稳定，主要组成部分合理，没有明显倒塌、断裂或严重几何变形。
14. 树木结构自然，没有严重截断或畸形。
15. 画面存在多个相互独立的正常积极特征，如房屋、树木和人物都能识别且基本完整。

【支持异常的证据】
1. 无明显异常特征。"
dataset/HTP/00/01/00_01_02_0065.png,00,01,01,0.11920291732853862,"【支持正常的证据】
1. 房屋、树木、人物三个核心对象均能够清楚识别，并且基本完整。
2. 三个对象在画面中的大小适中，没有全部挤在极小区域，也没有明显超出或压迫整个画面。
3. 房、树、人之间保持自然、合理的空间距离，没有明显孤立或被大片空白强行分隔。
4. 三个对象能够形成基本连贯的场景，例如共享地面、方向一致、空间位置合理，整体看起来属于同一个环境，而不是三个互不相关的符号。
5. 整体构图稳定，没有明显失衡、极端偏向某个角落或严重碎片化。
6. 线条总体连续、自然、力度相对稳定，没有大量异常断裂、极端微弱或杂乱涂画。
7. 画面具有适量细节。可以简单，但主要对象的基本结构能够表达清楚。
8. 房屋、树木、人物的比例大致协调，没有极端小型化或比例失调。
9. 整体构图稳定且场景连贯，没有明显异常的大面积涂黑、极端小型化或异常隔离。
10. 人物身体主要结构完整，比例不存在严重失调。

【支持异常的证据】
1. 人物缺少手臂，这是明显的结构缺失。
2. 人物缺少腿部，这也是明显的结构缺失。
3. 房屋和树木的结构较为简单，但没有明显的异常扭曲或结构畸形。
4. 人物的头部和眼睛没有详细描绘，但这是常见的简笔画风格，不能单独作为异常证据。
5. 整体构图虽然连贯，但人物过于简单，缺乏细节，可能表明绘画能力有限。"
dataset/HTP/00/01/00_01_02_0066.png,00,01,01,0.10669058897496679,"【支持正常的证据】
1. 房屋、树木、人物三个核心对象均能够清楚识别，并且基本完整。
2. 三个对象在画面中的大小适中，没有全部挤在极小区域，也没有明显超出或压迫整个画面。
3. 房、树、人之间保持自然、合理的空间距离，没有明显孤立或被大片空白强行分隔。
4. 三个对象能够形成基本连贯的场景，例如共享地面、方向一致、空间位置合理，整体看起来属于同一个环境，而不是三个互不相关的符号。
5. 整体构图稳定，没有明显失衡、极端偏向某个角落或严重碎片化。
6. 线条总体连续、自然、力度相对稳定，没有大量异常断裂、极端微弱或杂乱涂画。
7. 画面具有适量细节。可以简单，但主要对象的基本结构能够表达清楚。
8. 没有大面积、无明显绘画目的的异常涂黑、重阴影或局部反复强调。

【支持异常的证据】
1. 房屋、树木、人物中的一个或多个核心对象完全缺失，且无法由裁剪、遮挡或画法解释。
2. 整幅画极度简化，只剩极少线条，大量重要结构同时消失，整体信息量异常低。
3. 房、树、人整体只占巨大画布中极小区域，周围存在大量空白。
4. 三个对象之间距离极端遥远，某个对象明显孤立，或者整个场景严重碎片化。
5. 对象像漂浮在不同区域，彼此几乎没有空间联系，整体场景严重不连贯。
6. 存在大量非常微弱、间断、犹豫、僵硬或严重潦草的线条。
7. 存在异常大面积涂黑、重度阴影或某个对象被明显过度强调。"
dataset/HTP/00/01/00_01_02_0067.png,00,01,01,0.010986941578116865,"【支持正常的证据】
1. 房屋、树木、人物三个核心对象均能够清楚识别，并且基本完整。
2. 三个对象在画面中的大小适中，没有全部挤在极小区域，也没有明显超出或压迫整个画面。
3. 房、树、人之间保持自然、合理的空间距离，没有明显孤立或被大片空白强行分隔。
4. 三个对象能够形成基本连贯的场景，例如共享地面、方向一致、空间位置合理，整体看起来属于同一个环境，而不是三个互不相关的符号。
5. 整体构图稳定，没有明显失衡、极端偏向某个角落或严重碎片化。
6. 线条总体连续、自然、力度相对稳定，没有大量异常断裂、极端微弱或杂乱涂画。
7. 画面具有适量细节。可以简单，但主要对象的基本结构能够表达清楚。
8. 房屋、树木、人物的比例大致协调，没有极端小型化或比例失调。
9. 房屋、树木和人物的相对大小基本合理，没有非常极端的尺寸差异。
10. 人物身体主要结构完整，比例不存在严重失调。
11. 整体构图稳定且场景连贯，没有明显异常的大面积涂黑。
12. 线条自然、连续，没有异常大面积涂黑。
13. 没有明显的选择性结构缺失。
14. 即使绘画较简单，其简化方式在整幅画中保持一致。
15. 仅存在少数能够由绘画水平、年龄、风格或普通构图解释的轻微异常。

【支持异常的证据】
1. 无明显异常特征。"
dataset/HTP/00/01/00_01_02_0068.png,00,01,01,0.13296423160844623,"【支持正常的证据】
1. 房屋、树木、人物三个核心对象均能够清楚识别，并且基本完整。
2. 三个对象在画面中的大小适中，没有全部挤在极小区域，也没有明显超出或压迫整个画面。
3. 房、树、人之间保持自然、合理的空间距离，没有明显孤立或被大片空白强行分隔。
4. 三个对象能够形成基本连贯的场景，例如共享地面、方向一致、空间位置合理，整体看起来属于同一个环境，而不是三个互不相关的符号。
5. 整体构图稳定，没有明显失衡、极端偏向某个角落或严重碎片化。
6. 线条总体连续、自然、力度相对稳定，没有大量异常断裂、极端微弱或杂乱涂画。
7. 画面具有适量细节。可以简单，但主要对象的基本结构能够表达清楚。
8. 房屋、树木、人物的比例大致协调，没有极端小型化或比例失调。
9. 房屋、树木和人物之间的关系自然，没有极端隔离或不连贯的场景。
10. 线条自然、连续，没有异常大面积涂黑。

【支持异常的证据】
1. 人物缺少脸部和主要肢体，如手臂和腿部。
2. 房屋缺少门和窗户。
3. 树木缺少叶子，但整体结构自然。
4. 房屋、树木和人物的大小比例有些不协调，人物显得较小。
5. 房屋、树木和人物之间的空间距离有些不自然，人物似乎被稍微隔离了一些。"
dataset/HTP/00/01/00_01_02_0069.png,00,01,01,0.10669058897496679,"【支持正常的证据】
1. 房屋、树木、人物三个核心对象均能够清楚识别，并且基本完整。
2. 三个对象在画面中的大小适中，没有全部挤在极小区域，也没有明显超出或压迫整个画面。
3. 房、树、人之间保持自然、合理的空间距离，没有明显孤立或被大片空白强行分隔。
4. 三个对象能够形成基本连贯的场景，例如共享地面、方向一致、空间位置合理，整体看起来属于同一个环境，而不是三个互不相关的符号。
5. 整体构图稳定，没有明显失衡、极端偏向某个角落或严重碎片化。
6. 线条总体连续、自然、力度相对稳定，没有大量异常断裂、极端微弱或杂乱涂画。
7. 画面具有适量细节。可以简单，但主要对象的基本结构能够表达清楚。
8. 房屋、树木、人物的比例大致协调，没有极端小型化或比例失调。
9. 整体场景连贯，没有明显选择性结构缺失。
10. 线条自然、连续，没有异常大面积涂黑。

【支持异常的证据】
1. 房屋、树木、人物中的一个或多个核心对象完全缺失，且无法由裁剪、遮挡或画法解释。
2. 整幅画极度简化，只剩极少线条，大量重要结构同时消失，整体信息量异常低。
3. 房、树、人整体只占巨大画布中极小区域，周围存在大量空白。
4. 三个对象之间距离极端遥远，某个对象明显孤立，或者整个场景严重碎片化。
5. 存在大量非常微弱、间断、犹豫、僵硬或严重潦草的线条。
6. 存在异常大面积涂黑、重度阴影或某个对象被明显过度强调。"
dataset/HTP/00/01/00_01_02_0070.png,00,01,01,0.0293122327122782,"【支持正常的证据】
1. 房屋、树木、人物三个核心对象均能够清楚识别，并且基本完整。
2. 三个对象在画面中的大小适中，没有全部挤在极小区域，也没有明显超出或压迫整个画面。
3. 房、树、人之间保持自然、合理的空间距离，没有明显孤立或被大片空白强行分隔。
4. 三个对象能够形成基本连贯的场景，例如共享地面、方向一致、空间位置合理，整体看起来属于同一个环境，而不是三个互不相关的符号。
5. 整体构图稳定，没有明显失衡、极端偏向某个角落或严重碎片化。
6. 线条总体连续、自然、力度相对稳定，没有大量异常断裂、极端微弱或杂乱涂画。
7. 画面具有适量细节。可以简单，但主要对象的基本结构能够表达清楚。
8. 房屋、树木、人物的比例大致协调，没有极端小型化或比例失调。
9. 房屋、树木和人物之间的相对大小基本合理，没有非常极端的尺寸差异。
10. 人物身体主要结构完整，比例不存在严重失调。
11. 整体构图稳定且场景连贯，没有明显异常的大面积涂黑。
12. 人物没有明显选择性结构缺失，例如没有缺少手臂或腿部。
13. 人物身体各部分连接关系自然，没有明显断裂、错位或无法解释的结构缺失。
14. 人物大小与房屋、树木和整个画布基本协调，不存在极端小型化。
15. 人物采用火柴人、单线手臂或单线腿的简单风格时，如果整个人物风格统一并且结构完整，不能因为简单就判断异常。
16. 人物可以正面、侧面或其他姿势，只要身体结构基本合理，都可以属于正常表现。
17. 人物没有明显异常的大面积涂黑。
18. 人物没有明显的选择性结构缺失，例如没有缺少脸部或主要肢体。
19. 人物没有明显的选择性缺失，例如没有缺少手臂或腿部。
20. 人物没有明显的选择性缺失，例如没有缺少头部或躯干。
21. 人物没有明显的选择性缺失，例如没有缺少眼睛、鼻子、嘴巴等主要面部特征。
22. 人物没有明显的选择性缺失，例如没有缺少头发或衣服。
23. 人物没有明显的选择性缺失，例如没有缺少手或脚。
24. 人物没有明显的选择性缺失，例如没有缺少手指或脚趾。
25. 人物没有明显的选择性缺失，例如没有缺少耳朵或眉毛。
26. 人物没有明显的选择性缺失，例如没有缺少牙齿或舌头。
27. 人物没有明显的选择性缺失，例如没有缺少眼睛或瞳"
dataset/HTP/00/01/00_01_02_0071.png,00,01,01,0.015906393344589397,"【支持正常的证据】
1. 房屋、树木、人物三个核心对象均能够清楚识别，并且基本完整。
2. 三个对象在画面中的大小适中，没有全部挤在极小区域，也没有明显超出或压迫整个画面。
3. 房、树、人之间保持自然、合理的空间距离，没有明显孤立或被大片空白强行分隔。
4. 三个对象能够形成基本连贯的场景，例如共享地面、方向一致、空间位置合理，整体看起来属于同一个环境，而不是三个互不相关的符号。
5. 整体构图稳定，没有明显失衡、极端偏向某个角落或严重碎片化。
6. 线条总体连续、自然、力度相对稳定，没有大量异常断裂、极端微弱或杂乱涂画。
7. 画面具有适量细节。可以简单，但主要对象的基本结构能够表达清楚。
8. 房屋、树木、人物的比例大致协调，没有极端小型化或比例失调。
9. 房屋、树木和人物之间的关系自然，没有极端隔离或不连贯的空间关系。
10. 线条自然、连续，没有异常大面积涂黑。

【支持异常的证据】
1. 无。"
dataset/HTP/00/01/00_01_02_0072.png,00,01,01,0.010986941578116865,"【支持正常的证据】
1. 房屋、树木、人物三个核心对象均能够清楚识别，并且基本完整。
2. 三个对象在画面中的大小适中，没有全部挤在极小区域，也没有明显超出或压迫整个画面。
3. 房、树、人之间保持自然、合理的空间距离，没有明显孤立或被大片空白强行分隔。
4. 三个对象能够形成基本连贯的场景，例如共享地面、方向一致、空间位置合理，整体看起来属于同一个环境，而不是三个互不相关的符号。
5. 整体构图稳定，没有明显失衡、极端偏向某个角落或严重碎片化。
6. 线条总体连续、自然、力度相对稳定，没有大量异常断裂、极端微弱或杂乱涂画。
7. 画面具有适量细节。可以简单，但主要对象的基本结构能够表达清楚。
8. 房屋、树木、人物之间保持自然的距离，没有极端隔离。
9. 整体构图协调，没有大面积异常涂黑或阴影。

【支持异常的证据】
1. 无。"
dataset/HTP/00/01/00_01_02_0073.png,00,01,01,0.015906393344589397,"【支持正常的证据】
1. 房屋、树木、人物三个核心对象均能够清楚识别，并且基本完整。
2. 三个对象在画面中的大小适中，没有全部挤在极小区域，也没有明显超出或压迫整个画面。
3. 房、树、人之间保持自然、合理的空间距离，没有明显孤立或被大片空白强行分隔。
4. 三个对象能够形成基本连贯的场景，例如共享地面、方向一致、空间位置合理，整体看起来属于同一个环境，而不是三个互不相关的符号。
5. 整体构图稳定，没有明显失衡、极端偏向某个角落或严重碎片化。
6. 线条总体连续、自然、力度相对稳定，没有大量异常断裂、极端微弱或杂乱涂画。
7. 画面具有适量细节。可以简单，但主要对象的基本结构能够表达清楚。
8. 房屋、树木、人物的比例大致协调，没有极端小型化或比例失调。
9. 房屋结构稳定，墙体、屋顶等主要结构完整，没有明显倒塌、断裂或严重几何变形。
10. 树木结构自然，树干、树冠、树枝等主要部分能够正常识别，整体结构基本完整。
11. 人物头部、躯干、手臂和腿等主要身体结构基本完整，连接关系自然，没有明显断裂、错位或无法解释的结构缺失。
12. 人物大小与房屋、树木和整个画布基本协调，不存在极端小型化。
13. 房屋、树木和人物的相对大小基本合理，没有非常极端的尺寸差异。
14. 人物能够自然地处于房屋和树木形成的环境中，而不是完全脱离其他对象。
15. 线条自然、连续，没有异常大面积涂黑。

【支持异常的证据】
1. 无。"
dataset/HTP/00/01/00_01_02_0074.png,00,01,01,0.13296423160844623,"【支持正常的证据】
1. 房屋、树木、人物三个核心对象均能够清楚识别，并且基本完整。
2. 三个对象在画面中的大小适中，没有全部挤在极小区域，也没有明显超出或压迫整个画面。
3. 房、树、人之间保持自然、合理的空间距离，没有明显孤立或被大片空白强行分隔。
4. 三个对象能够形成基本连贯的场景，例如共享地面、方向一致、空间位置合理，整体看起来属于同一个环境，而不是三个互不相关的符号。
5. 整体构图稳定，没有明显失衡、极端偏向某个角落或严重碎片化。
6. 线条总体连续、自然、力度相对稳定，没有大量异常断裂、极端微弱或杂乱涂画。
7. 画面具有适量细节。可以简单，但主要对象的基本结构能够表达清楚。
8. 房屋、树木、人物的比例大致协调，没有极端小型化或比例失调。
9. 整体场景连贯，没有明显选择性结构缺失。
10. 线条自然、连续，没有异常大面积涂黑。

【支持异常的证据】
1. 人物缺少头部，仅画了身体轮廓。
2. 人物缺少手臂，仅画了单线手臂。
3. 人物缺少腿部，仅画了单线腿。
4. 房屋缺少窗户，仅画了墙体和屋顶。
5. 树木缺少树冠，仅画了树干。
6. 房屋和树木的结构较为简单，没有复杂的细节。"
dataset/HTP/00/01/00_01_02_0075.png,00,01,01,0.14804719991116141,"【支持正常的证据】
1. 房屋、树木、人物三个核心对象均能够清楚识别，并且基本完整。
2. 三个对象在画面中的大小适中，没有全部挤在极小区域，也没有明显超出或压迫整个画面。
3. 房、树、人之间保持自然、合理的空间距离，没有明显孤立或被大片空白强行分隔。
4. 三个对象能够形成基本连贯的场景，例如共享地面、方向一致、空间位置合理，整体看起来属于同一个环境，而不是三个互不相关的符号。
5. 整体构图稳定，没有明显失衡、极端偏向某个角落或严重碎片化。
6. 线条总体连续、自然、力度相对稳定，没有大量异常断裂、极端微弱或杂乱涂画。
7. 画面具有适量细节。可以简单，但主要对象的基本结构能够表达清楚。
8. 房屋、树木、人物的比例大致协调，没有极端小型化或比例失调。
9. 房屋、树木和人物之间的关系自然，没有极端隔离或不连贯的空间关系。
10. 线条自然、连续，没有异常大面积涂黑。

【支持异常的证据】
1. 房屋、树木、人物中的一个或多个核心对象完全缺失，且无法由裁剪、遮挡或画法解释。
2. 整幅画极度简化，只剩极少线条，大量重要结构同时消失，整体信息量异常低。
3. 房、树、人整体只占巨大画布中极小区域，周围存在大量空白。
4. 三个对象之间距离极端遥远，某个对象明显孤立，或者整个场景严重碎片化。
5. 存在大量非常微弱、间断、犹豫、僵硬或严重潦草的线条。
6. 存在异常大面积涂黑、重度阴影或某个对象被明显过度强调。"
dataset/HTP/00/01/00_01_02_0076.png,00,01,01,0.16451646904109268,"【支持正常的证据】
1. 房屋、树木、人物三个核心对象均能够清楚识别，并且基本完整。
2. 三个对象在画面中的大小适中，没有全部挤在极小区域，也没有明显超出或压迫整个画面。
3. 房、树、人之间保持自然、合理的空间距离，没有明显孤立或被大片空白强行分隔。
4. 三个对象能够形成基本连贯的场景，例如共享地面、方向一致、空间位置合理，整体看起来属于同一个环境，而不是三个互不相关的符号。
5. 整体构图稳定，没有明显失衡、极端偏向某个角落或严重碎片化。
6. 线条总体连续、自然、力度相对稳定，没有大量异常断裂、极端微弱或杂乱涂画。
7. 画面具有适量细节。可以简单，但主要对象的基本结构能够表达清楚。
8. 房屋、树木、人物的比例大致协调，没有极端小型化或比例失调。
9. 房屋、树木和人物之间的关系自然，没有极端隔离或不连贯的空间关系。
10. 线条自然、连续，没有异常大面积涂黑。

【支持异常的证据】
1. 人物缺少手臂，手臂的位置和形状显得不自然。
2. 人物缺少腿部，腿部的位置和形状显得不自然。
3. 房屋缺少窗户，窗户的位置和形状显得不自然。
4. 树木缺少树冠，树干显得过于细长，缺乏自然的树冠结构。
5. 房屋和树木的结构显得过于简单，缺乏细节和复杂性。
6. 人物的头部和身体比例显得不协调，头部较大，身体较小。
7. 整体画面的构图显得有些单调，缺乏背景装饰和环境元素。"
dataset/HTP/00/01/00_01_02_0077.png,00,01,01,0.07585817323116976,"【支持正常的证据】
1. 房屋、树木、人物三个核心对象均能够清楚识别，并且基本完整。
2. 三个对象在画面中的大小适中，没有全部挤在极小区域，也没有明显超出或压迫整个画面。
3. 房、树、人之间保持自然、合理的空间距离，没有明显孤立或被大片空白强行分隔。
4. 三个对象能够形成基本连贯的场景，例如共享地面、方向一致、空间位置合理，整体看起来属于同一个环境，而不是三个互不相关的符号。
5. 整体构图稳定，没有明显失衡、极端偏向某个角落或严重碎片化。
6. 线条总体连续、自然、力度相对稳定，没有大量异常断裂、极端微弱或杂乱涂画。
7. 画面具有适量细节。可以简单，但主要对象的基本结构能够表达清楚。
8. 房屋、树木、人物的比例大致协调，没有极端小型化或比例失调。
9. 房屋、树木和人物之间的相对大小基本合理，没有非常极端的尺寸差异。
10. 人物身体主要结构完整，比例不存在严重失调。
11. 整体构图稳定且场景连贯，没有明显异常的大面积涂黑。
12. 线条自然、连续，没有异常大面积涂黑。
13. 没有明显的选择性结构缺失。
14. 仅存在少数能够由绘画水平、年龄、风格或普通构图解释的轻微异常。

【支持异常的证据】
1. 房屋、树木、人物中的一个或多个核心对象完全缺失，且无法由裁剪、遮挡或画法解释。
2. 整幅画极度简化，只剩极少线条，大量重要结构同时消失，整体信息量异常低。
3. 房、树、人整体只占巨大画布中极小区域，周围存在大量空白。
4. 三个对象之间距离极端遥远，某个对象明显孤立，或者整个场景严重碎片化。
5. 存在大量非常微弱、间断、犹豫、僵硬或严重潦草的线条。
6. 存在异常大面积涂黑、重度阴影或某个对象被明显过度强调。"
dataset/HTP/00/01/00_01_02_0078.png,00,01,01,0.022977372418942873,"【支持正常的证据】
1. 房屋、树木、人物三个核心对象均能够清楚识别，并且基本完整。
2. 三个对象在画面中的大小适中，没有全部挤在极小区域，也没有明显超出或压迫整个画面。
3. 房、树、人之间保持自然、合理的空间距离，没有明显孤立或被大片空白强行分隔。
4. 三个对象能够形成基本连贯的场景，例如共享地面、方向一致、空间位置合理，整体看起来属于同一个环境，而不是三个互不相关的符号。
5. 整体构图稳定，没有明显失衡、极端偏向某个角落或严重碎片化。
6. 线条总体连续、自然、力度相对稳定，没有大量异常断裂、极端微弱或杂乱涂画。
7. 画面具有适量细节。可以简单，但主要对象的基本结构能够表达清楚。
8. 房屋、树木、人物的比例大致协调，没有极端小型化或比例失调。
9. 房屋、树木和人物之间的关系自然，没有极端隔离或不连贯的空间关系。
10. 线条自然、连续，没有异常大面积涂黑。

【支持异常的证据】
1. 人物头部、躯干、手臂和腿等主要身体结构基本完整，但人物头部较小，可能是因为绘画风格导致的简化。
2. 房屋结构较为简单，但没有明显选择性缺少门或窗户。
3. 树木结构自然，没有明显截断或畸形。
4. 房屋、树木和人物的比例大致协调，没有极端小型化或比例失调。
5. 房屋、树木和人物之间的关系自然，没有极端隔离或不连贯的空间关系。
6. 线条自然、连续，没有异常大面积涂黑。"
dataset/HTP/00/01/00_01_02_0079.png,00,01,01,0.07585817323116976,"【支持正常的证据】
1. 房屋、树木、人物三个核心对象均能够清楚识别，并且基本完整。
2. 三个对象在画面中的大小适中，没有全部挤在极小区域，也没有明显超出或压迫整个画面。
3. 房、树、人之间保持自然、合理的空间距离，没有明显孤立或被大片空白强行分隔。
4. 三个对象能够形成基本连贯的场景，例如共享地面、方向一致、空间位置合理，整体看起来属于同一个环境，而不是三个互不相关的符号。
5. 整体构图稳定，没有明显失衡、极端偏向某个角落或严重碎片化。
6. 线条总体连续、自然、力度相对稳定，没有大量异常断裂、极端微弱或杂乱涂画。
7. 画面具有适量细节。可以简单，但主要对象的基本结构能够表达清楚。
8. 房屋、树木、人物的比例大致协调，没有极端小型化或比例失调。
9. 房屋、树木和人物之间的关系自然，没有极端隔离或不连贯的空间关系。
10. 线条自然、连续，没有异常大面积涂黑。

【支持异常的证据】
1. 房屋、树木、人物中的一个或多个核心对象完全缺失，且无法由裁剪、遮挡或画法解释。
2. 整幅画极度简化，只剩极少线条，大量重要结构同时消失，整体信息量异常低。
3. 房、树、人整体只占巨大画布中极小区域，周围存在大量空白。
4. 三个对象之间距离极端遥远，某个对象明显孤立，或者整个场景严重碎片化。
5. 存在大量非常微弱、间断、犹豫、僵硬或严重潦草的线条。
6. 存在异常大面积涂黑、重度阴影或某个对象被明显过度强调。"
dataset/HTP/00/01/00_01_02_0080.png,00,01,01,0.08509904732734556,"【支持正常的证据】
1. 房屋、树木、人物三个核心对象均能够清楚识别，并且基本完整。
2. 三个对象在画面中的大小适中，没有全部挤在极小区域，也没有明显超出或压迫整个画面。
3. 房、树、人之间保持自然、合理的空间距离，没有明显孤立或被大片空白强行分隔。
4. 三个对象能够形成基本连贯的场景，例如共享地面、方向一致、空间位置合理，整体看起来属于同一个环境，而不是三个互不相关的符号。
5. 整体构图稳定，没有明显失衡、极端偏向某个角落或严重碎片化。
6. 线条总体连续、自然、力度相对稳定，没有大量异常断裂、极端微弱或杂乱涂画。
7. 画面具有适量细节。可以简单，但主要对象的基本结构能够表达清楚。
8. 没有大面积、无明显绘画目的的异常涂黑、重阴影或局部反复强调。

【支持异常的证据】
1. 房屋、树木、人物中的一个或多个核心对象完全缺失，且无法由裁剪、遮挡或画法解释。
2. 整幅画极度简化，只剩极少线条，大量重要结构同时消失，整体信息量异常低。
3. 房、树、人整体只占巨大画布中极小区域，周围存在大量空白。
4. 三个对象之间距离极端遥远，某个对象明显孤立，或者整个场景严重碎片化。
5. 对象像漂浮在不同区域，彼此几乎没有空间联系，整体场景严重不连贯。
6. 存在大量非常微弱、间断、犹豫、僵硬或严重潦草的线条。
7. 存在异常大面积涂黑、重度阴影或某个对象被明显过度强调。"
dataset/HTP/00/01/00_01_02_0081.png,00,01,01,0.03732688948593843,"【支持正常的证据】
1. 房屋、树木、人物三个核心对象均能够清楚识别，并且基本完整。
2. 三个对象在画面中的大小适中，没有全部挤在极小区域，也没有明显超出或压迫整个画面。
3. 房、树、人之间保持自然、合理的空间距离，没有明显孤立或被大片空白强行分隔。
4. 三个对象能够形成基本连贯的场景，例如共享地面、方向一致、空间位置合理，整体看起来属于同一个环境，而不是三个互不相关的符号。
5. 整体构图稳定，没有明显失衡、极端偏向某个角落或严重碎片化。
6. 线条总体连续、自然、力度相对稳定，没有大量异常断裂、极端微弱或杂乱涂画。
7. 画面具有适量细节。可以简单，但主要对象的基本结构能够表达清楚。
8. 房屋、树木、人物的比例大致协调，没有极端小型化或比例失调。
9. 房屋、树木和人物之间的关系自然，没有极端隔离或不连贯的空间关系。
10. 线条自然、连续，没有异常大面积涂黑。

【支持异常的证据】
1. 人物头部、躯干、手臂和腿等主要身体结构基本完整，但手臂和腿的线条较为简单，可能是单线风格。
2. 房屋结构稳定，主要组成部分合理，但屋顶和墙壁的线条较为简单，可能是单线风格。
3. 树木结构自然，没有严重截断或畸形，但树干和树冠的线条较为简单，可能是单线风格。
4. 人物大小与房屋、树木和整个画布基本协调，没有极端小型化。
5. 房屋、树木和人物的比例大致协调，没有极端小型化或比例失调。
6. 房屋、树木和人物之间的关系自然，没有极端隔离或不连贯的空间关系。
7. 线条自然、连续，没有异常大面积涂黑。"
dataset/HTP/00/01/00_01_02_0082.png,00,01,01,0.060086650384398026,"【支持正常的证据】
1. 房屋、树木、人物三个核心对象均能够清楚识别，并且基本完整。
2. 三个对象在画面中的大小适中，没有全部挤在极小区域，也没有明显超出或压迫整个画面。
3. 房、树、人之间保持自然、合理的空间距离，没有明显孤立或被大片空白强行分隔。
4. 三个对象能够形成基本连贯的场景，例如共享地面、方向一致、空间位置合理，整体看起来属于同一个环境，而不是三个互不相关的符号。
5. 整体构图稳定，没有明显失衡、极端偏向某个角落或严重碎片化。
6. 线条总体连续、自然、力度相对稳定，没有大量异常断裂、极端微弱或杂乱涂画。
7. 画面具有适量细节。可以简单，但主要对象的基本结构能够表达清楚。
8. 房屋、树木、人物的比例大致协调，没有极端小型化或比例失调。
9. 房屋、树木和人物的相对大小基本合理，没有非常极端的尺寸差异。
10. 人物身体主要结构完整，比例不存在严重失调。
11. 整体构图稳定且场景连贯，没有明显异常的大面积涂黑。
12. 线条自然、连续，没有异常大面积涂黑。
13. 没有明显的选择性结构缺失。
14. 即使绘画较简单，其简化方式在整幅画中保持一致。
15. 仅存在少数能够由绘画水平、年龄、风格或普通构图解释的轻微异常。

【支持异常的证据】
1. 房屋、树木、人物中的一个或多个核心对象完全缺失，且无法由裁剪、遮挡或画法解释。
2. 整幅画极度简化，只剩极少线条，大量重要结构同时消失，整体信息量异常低。
3. 房、树、人整体只占巨大画布中极小区域，周围存在大量空白。
4. 三个对象之间距离极端遥远，某个对象明显孤立，或者整个场景严重碎片化。
5. 存在大量非常微弱、间断、犹豫、僵硬或严重潦草的线条。
6. 存在异常大面积涂黑、重度阴影或某个对象被明显过度强调。"
dataset/HTP/00/01/00_01_02_0083.png,00,01,01,0.16451646904109268,"【支持正常的证据】
1. 房屋、树木、人物三个核心对象均能够清楚识别，并且基本完整。
2. 三个对象在画面中的大小适中，没有全部挤在极小区域，也没有明显超出或压迫整个画面。
3. 房、树、人之间保持自然、合理的空间距离，没有明显孤立或被大片空白强行分隔。
4. 三个对象能够形成基本连贯的场景，例如共享地面、方向一致、空间位置合理，整体看起来属于同一个环境，而不是三个互不相关的符号。
5. 整体构图稳定，没有明显失衡、极端偏向某个角落或严重碎片化。
6. 线条总体连续、自然、力度相对稳定，没有大量异常断裂、极端微弱或杂乱涂画。
7. 画面具有适量细节。可以简单，但主要对象的基本结构能够表达清楚。
8. 房屋、树木、人物的比例大致协调，没有极端小型化或比例失调。
9. 整体场景连贯，没有明显选择性结构缺失。
10. 线条自然、连续，没有异常大面积涂黑。

【支持异常的证据】
1. 人物明显没有完成，例如主要身体区域完全缺失、头部缺失、躯干缺失、多个必要身体部分缺失，或者身体不同部分明显断开。
2. 房屋、树木和人物分别孤立在互不相关的区域。
3. 三个对象的尺寸比例严重不协调。
4. 不同对象之间在空间上和语义上明显断开，无法组成基本连贯场景。"
dataset/HTP/00/01/00_01_02_0084.png,00,01,01,0.07585817323116976,"【支持正常的证据】
1. 房屋、树木、人物三个核心对象均能够清楚识别，并且基本完整。
2. 三个对象在画面中的大小适中，没有全部挤在极小区域，也没有明显超出或压迫整个画面。
3. 房、树、人之间保持自然、合理的空间距离，没有明显孤立或被大片空白强行分隔。
4. 三个对象能够形成基本连贯的场景，例如共享地面、方向一致、空间位置合理，整体看起来属于同一个环境，而不是三个互不相关的符号。
5. 整体构图稳定，没有明显失衡、极端偏向某个角落或严重碎片化。
6. 线条总体连续、自然、力度相对稳定，没有大量异常断裂、极端微弱或杂乱涂画。
7. 画面具有适量细节。可以简单，但主要对象的基本结构能够表达清楚。
8. 房屋、树木、人物的比例大致协调，没有极端小型化或比例失调。
9. 整体场景连贯，没有明显选择性结构缺失。
10. 线条自然、连续，没有异常大面积涂黑。

【支持异常的证据】
1. 房屋、树木、人物中的一个或多个核心对象完全缺失，且无法由裁剪、遮挡或画法解释。
2. 整幅画极度简化，只剩极少线条，大量重要结构同时消失，整体信息量异常低。
3. 房、树、人整体只占巨大画布中极小区域，周围存在大量空白。
4. 三个对象之间距离极端遥远，某个对象明显孤立，或者整个场景严重碎片化。
5. 存在大量非常微弱、间断、犹豫、僵硬或严重潦草的线条。
6. 存在异常大面积涂黑、重度阴影或某个对象被明显过度强调。"
dataset/HTP/00/01/00_01_02_0085.png,00,01,01,0.10669058897496679,"【支持正常的证据】
1. 房屋、树木、人物三个核心对象均能够清楚识别，并且基本完整。
2. 三个对象在画面中的大小适中，没有全部挤在极小区域，也没有明显超出或压迫整个画面。
3. 房、树、人之间保持自然、合理的空间距离，没有明显孤立或被大片空白强行分隔。
4. 三个对象能够形成基本连贯的场景，例如共享地面、方向一致、空间位置合理，整体看起来属于同一个环境，而不是三个互不相关的符号。
5. 整体构图稳定，没有明显失衡、极端偏向某个角落或严重碎片化。
6. 线条总体连续、自然、力度相对稳定，没有大量异常断裂、极端微弱或杂乱涂画。
7. 画面具有适量细节。可以简单，但主要对象的基本结构能够表达清楚。
8. 没有大面积、无明显绘画目的的异常涂黑、重阴影或局部反复强调。

【支持异常的证据】
1. 房屋、树木、人物中的一个或多个核心对象完全缺失，且无法由裁剪、遮挡或画法解释。
2. 整幅画极度简化，只剩极少线条，大量重要结构同时消失，整体信息量异常低。
3. 房、树、人整体只占巨大画布中极小区域，周围存在大量空白。
4. 三个对象之间距离极端遥远，某个对象明显孤立，或者整个场景严重碎片化。
5. 对象像漂浮在不同区域，彼此几乎没有空间联系，整体场景严重不连贯。
6. 存在大量非常微弱、间断、犹豫、僵硬或严重潦草的线条。
7. 存在异常大面积涂黑、重度阴影或某个对象被明显过度强调。"
dataset/HTP/00/01/00_01_02_0086.png,00,01,01,0.012431653620200803,"【支持正常的证据】
1. 房屋、树木、人物三个核心对象均能够清楚识别，并且基本完整。
2. 三个对象在画面中的大小适中，没有全部挤在极小区域，也没有明显超出或压迫整个画面。
3. 房、树、人之间保持自然、合理的空间距离，没有明显孤立或被大片空白强行分隔。
4. 三个对象能够形成基本连贯的场景，例如共享地面、方向一致、空间位置合理，整体看起来属于同一个环境，而不是三个互不相关的符号。
5. 整体构图稳定，没有明显失衡、极端偏向某个角落或严重碎片化。
6. 线条总体连续、自然、力度相对稳定，没有大量异常断裂、极端微弱或杂乱涂画。
7. 画面具有适量细节。可以简单，但主要对象的基本结构能够表达清楚。
8. 房屋、树木、人物的比例大致协调，没有极端小型化或比例失调。
9. 房屋、树木和人物之间的相对大小基本合理，没有非常极端的尺寸差异。
10. 人物身体主要结构完整，比例不存在严重失调。
11. 整体构图稳定且场景连贯，没有明显异常的大面积涂黑。
12. 人物没有明显选择性结构缺失，四肢和头部等主要部位都存在。
13. 房屋结构稳定，主要组成部分合理，没有明显倒塌、断裂或严重几何变形。
14. 树木结构自然，没有严重截断或畸形。
15. 画面存在多个相互独立的正常积极特征，如线条自然、连续，没有异常大面积涂黑。

【支持异常的证据】
1. 无。"
dataset/HTP/00/01/00_01_02_0087.png,00,01,01,0.07585817323116976,"【支持正常的证据】
1. 房屋、树木、人物三个核心对象均能够清楚识别，并且基本完整。
2. 三个对象在画面中的大小适中，没有全部挤在极小区域，也没有明显超出或压迫整个画面。
3. 房、树、人之间保持自然、合理的空间距离，没有明显孤立或被大片空白强行分隔。
4. 三个对象能够形成基本连贯的场景，例如共享地面、方向一致、空间位置合理，整体看起来属于同一个环境，而不是三个互不相关的符号。
5. 整体构图稳定，没有明显失衡、极端偏向某个角落或严重碎片化。
6. 线条总体连续、自然、力度相对稳定，没有大量异常断裂、极端微弱或杂乱涂画。
7. 画面具有适量细节。可以简单，但主要对象的基本结构能够表达清楚。
8. 房屋、树木、人物的比例大致协调，没有极端小型化或比例失调。
9. 房屋、树木和人物的相对大小基本合理，没有非常极端的尺寸差异。
10. 人物身体主要结构完整，比例不存在严重失调。
11. 整体构图稳定且场景连贯，没有明显异常的大面积涂黑。
12. 线条自然、连续，没有异常大面积涂黑。
13. 没有明显的选择性结构缺失。
14. 即使绘画较简单，其简化方式在整幅画中保持一致。
15. 仅存在少数能够由绘画水平、年龄、风格或普通构图解释的轻微异常。

【支持异常的证据】
1. 房屋、树木、人物中的一个或多个核心对象完全缺失，且无法由裁剪、遮挡或画法解释。
2. 整幅画极度简化，只剩极少线条，大量重要结构同时消失，整体信息量异常低。
3. 房、树、人整体只占巨大画布中极小区域，周围存在大量空白。
4. 三个对象之间距离极端遥远，某个对象明显孤立，或者整个场景严重碎片化。
5. 存在大量非常微弱、间断、犹豫、僵硬或严重潦草的线条。
6. 存在异常大面积涂黑、重度阴影或某个对象被明显过度强调。"
dataset/HTP/00/01/00_01_02_0088.png,00,01,01,0.014063626423394072,"【支持正常的证据】
1. 房屋、树木、人物三个核心对象均能够清楚识别，并且基本完整。
2. 三个对象在画面中的大小适中，没有全部挤在极小区域，也没有明显超出或压迫整个画面。
3. 房、树、人之间保持自然、合理的空间距离，没有明显孤立或被大片空白强行分隔。
4. 三个对象能够形成基本连贯的场景，例如共享地面、方向一致、空间位置合理，整体看起来属于同一个环境，而不是三个互不相关的符号。
5. 整体构图稳定，没有明显失衡、极端偏向某个角落或严重碎片化。
6. 线条总体连续、自然、力度相对稳定，没有大量异常断裂、极端微弱或杂乱涂画。
7. 画面具有适量细节。可以简单，但主要对象的基本结构能够表达清楚。
8. 房屋、树木、人物的比例大致协调，没有极端小型化或比例失调。
9. 房屋、树木和人物之间的相对大小基本合理，没有非常极端的尺寸差异。
10. 人物身体主要结构完整，比例不存在严重失调。
11. 整体构图稳定且场景连贯，没有明显异常的大面积涂黑。
12. 人物没有明显的选择性结构缺失，四肢和五官比例协调。
13. 房屋结构稳定，主要组成部分合理。
14. 树木结构自然，没有严重截断或畸形。
15. 画面存在多个相互独立的正常积极特征。

【支持异常的证据】
1. 无。"
dataset/HTP/00/01/00_01_02_0089.png,00,01,01,0.0293122327122782,"【支持正常的证据】
1. 房屋、树木、人物三个核心对象均能够清楚识别，并且基本完整。
2. 三个对象在画面中的大小适中，没有全部挤在极小区域，也没有明显超出或压迫整个画面。
3. 房、树、人之间保持自然、合理的空间距离，没有明显孤立或被大片空白强行分隔。
4. 三个对象能够形成基本连贯的场景，例如共享地面、方向一致、空间位置合理，整体看起来属于同一个环境，而不是三个互不相关的符号。
5. 整体构图稳定，没有明显失衡、极端偏向某个角落或严重碎片化。
6. 线条总体连续、自然、力度相对稳定，没有大量异常断裂、极端微弱或杂乱涂画。
7. 画面具有适量细节。可以简单，但主要对象的基本结构能够表达清楚。
8. 房屋、树木、人物的比例大致协调，没有极端小型化或比例失调。
9. 整体场景连贯，没有明显选择性结构缺失。
10. 线条自然、连续，没有异常大面积涂黑。

【支持异常的证据】
1. 人物头部、躯干、手臂和腿等主要身体结构基本完整。
2. 人物各身体部分连接关系自然，没有明显断裂、错位或无法解释的结构缺失。
3. 人物整体比例基本合理。允许存在普通儿童画、简笔画、卡通画中的比例误差，不要求符合严格人体解剖比例。
4. 人物大小与房屋、树木和整个画布基本协调，不存在极端小型化。
5. 如果人物尺寸允许，眼睛、鼻子、嘴等主要面部特征基本存在；如果人物很小，没有绘制完整五官也可以是正常表现。
6. 人物采用火柴人、单线手臂或单线腿的简单风格时，如果整个人物风格统一并且结构完整，不能因为简单就判断异常。
7. 人物可以正面、侧面或其他姿势，只要身体结构基本合理，都可以属于正常表现。
8. 普通衣服填色、头发填色或身体局部自然阴影不能作为异常证据。
9. 面部表情自然、中性、微笑或其他与场景协调的普通表情，可以支持正常判断。
10. 即使人物没有明显表情，只要画法简单且没有其他异常支持，也不能因为表情中性就判断异常。"
dataset/HTP/00/01/00_01_02_0090.png,00,01,01,0.014063626423394072,"【支持正常的证据】
1. 房屋、树木、人物三个核心对象均能够清楚识别，并且基本完整。
2. 三个对象在画面中的大小适中，没有全部挤在极小区域，也没有明显超出或压迫整个画面。
3. 房、树、人之间保持自然、合理的空间距离，没有明显孤立或被大片空白强行分隔。
4. 三个对象能够形成基本连贯的场景，例如共享地面、方向一致、空间位置合理，整体看起来属于同一个环境，而不是三个互不相关的符号。
5. 整体构图稳定，没有明显失衡、极端偏向某个角落或严重碎片化。
6. 线条总体连续、自然、力度相对稳定，没有大量异常断裂、极端微弱或杂乱涂画。
7. 画面具有适量细节。可以简单，但主要对象的基本结构能够表达清楚。
8. 房屋、树木、人物的比例大致协调，没有极端小型化或比例失调。
9. 房屋、树木和人物之间的相对大小基本合理，没有非常极端的尺寸差异。
10. 人物身体主要结构完整，比例不存在严重失调。
11. 整体构图稳定且场景连贯，没有明显异常的大面积涂黑。
12. 线条自然、连续，没有异常大面积涂黑。
13. 人物没有明显选择性结构缺失，如缺少手臂或腿部。
14. 房屋结构稳定，主要组成部分合理。
15. 树木结构自然，没有严重截断或畸形。
16. 人物身体主要结构完整，比例不存在严重失调。
17. 整体构图稳定且场景连贯，没有明显异常的大面积涂黑。
18. 线条自然、连续，没有异常大面积涂黑。
19. 人物没有明显选择性结构缺失，如缺少手臂或腿部。

【支持异常的证据】
1. 无明显异常特征。"
dataset/HTP/00/01/00_01_02_0091.png,00,01,01,0.010986941578116865,"【支持正常的证据】
1. 房屋、树木、人物三个核心对象均能够清楚识别，并且基本完整。
2. 三个对象在画面中的大小适中，没有全部挤在极小区域，也没有明显超出或压迫整个画面。
3. 房、树、人之间保持自然、合理的空间距离，没有明显孤立或被大片空白强行分隔。
4. 三个对象能够形成基本连贯的场景，例如共享地面、方向一致、空间位置合理，整体看起来属于同一个环境，而不是三个互不相关的符号。
5. 整体构图稳定，没有明显失衡、极端偏向某个角落或严重碎片化。
6. 线条总体连续、自然、力度相对稳定，没有大量异常断裂、极端微弱或杂乱涂画。
7. 画面具有适量细节。可以简单，但主要对象的基本结构能够表达清楚。
8. 房屋、树木、人物的比例大致协调，没有极端小型化或比例失调。
9. 房屋、树木和人物之间的关系自然，没有极端隔离或不连贯的空间关系。
10. 线条自然、连续，没有异常大面积涂黑。

【支持异常的证据】
1. 无明显异常特征。"
dataset/HTP/00/01/00_01_02_0092.png,00,01,01,0.09534946232842245,"【支持正常的证据】
1. 房屋、树木、人物三个核心对象均能够清楚识别，并且基本完整。
2. 三个对象在画面中的大小适中，没有全部挤在极小区域，也没有明显超出或压迫整个画面。
3. 房、树、人之间保持自然、合理的空间距离，没有明显孤立或被大片空白强行分隔。
4. 三个对象能够形成基本连贯的场景，例如共享地面、方向一致、空间位置合理，整体看起来属于同一个环境。
5. 整体构图稳定，没有明显失衡、极端偏向某个角落或严重碎片化。
6. 线条总体连续、自然、力度相对稳定，没有大量异常断裂、极端微弱或杂乱涂画。
7. 画面具有适量细节。可以简单，但主要对象的基本结构能够表达清楚。
8. 房屋、树木、人物的比例大致协调，没有极端小型化或比例失调。
9. 整体场景连贯，没有明显选择性结构缺失。
10. 线条自然、连续，没有异常大面积涂黑。

【支持异常的证据】
1. 房屋、树木、人物中的一个或多个核心对象完全缺失，且无法由裁剪、遮挡或画法解释。
2. 整幅画极度简化，只剩极少线条，大量重要结构同时消失，整体信息量异常低。
3. 房、树、人整体只占巨大画布中极小区域，周围存在大量空白。
4. 三个对象之间距离极端遥远，某个对象明显孤立，或者整个场景严重碎片化。
5. 存在大量非常微弱、间断、犹豫、僵硬或严重潦草的线条。
6. 存在异常大面积涂黑、重度阴影或某个对象被明显过度强调。"
dataset/HTP/00/01/00_01_02_0093.png,00,01,01,0.13296423160844623,"【支持正常的证据】
1. 房屋、树木、人物三个核心对象均能够清楚识别，并且基本完整。
2. 三个对象在画面中的大小适中，没有全部挤在极小区域，也没有明显超出或压迫整个画面。
3. 房、树、人之间保持自然、合理的空间距离，没有明显孤立或被大片空白强行分隔。
4. 三个对象能够形成基本连贯的场景，例如共享地面、方向一致、空间位置合理，整体看起来属于同一个环境，而不是三个互不相关的符号。
5. 整体构图稳定，没有明显失衡、极端偏向某个角落或严重碎片化。
6. 线条总体连续、自然、力度相对稳定，没有大量异常断裂、极端微弱或杂乱涂画。
7. 画面具有适量细节。可以简单，但主要对象的基本结构能够表达清楚。
8. 房屋、树木、人物的比例大致协调，没有极端小型化或比例失调。
9. 整体场景连贯，没有明显选择性结构缺失。
10. 线条自然、连续，没有异常大面积涂黑。

【支持异常的证据】
1. 人物缺少手臂，手臂被简化为单线。
2. 人物缺少脚部，脚部被简化为单线。
3. 人物缺少手指，手指被简化为单线。
4. 人物缺少耳朵，耳朵被简化为单线。
5. 人物缺少嘴巴，嘴巴被简化为单线。
6. 人物缺少眼睛，眼睛被简化为单线。
7. 人物缺少鼻子，鼻子被简化为单线。
8. 人物缺少头发，头发被简化为单线。
9. 人物缺少双腿，双腿被简化为单线。
10. 人物缺少双手，双手被简化为单线。"
dataset/HTP/00/01/00_01_02_0094.png,00,01,01,0.10669058897496679,"【支持正常的证据】
1. 房屋、树木、人物三个核心对象均能够清楚识别，并且基本完整。
2. 三个对象在画面中的大小适中，没有全部挤在极小区域，也没有明显超出或压迫整个画面。
3. 房、树、人之间保持自然、合理的空间距离，没有明显孤立或被大片空白强行分隔。
4. 三个对象能够形成基本连贯的场景，例如共享地面、方向一致、空间位置合理，整体看起来属于同一个环境，而不是三个互不相关的符号。
5. 整体构图稳定，没有明显失衡、极端偏向某个角落或严重碎片化。
6. 线条总体连续、自然、力度相对稳定，没有大量异常断裂、极端微弱或杂乱涂画。
7. 画面具有适量细节。可以简单，但主要对象的基本结构能够表达清楚。
8. 房屋、树木、人物的比例大致协调，没有极端小型化或比例失调。
9. 整体场景连贯，没有明显选择性结构缺失。
10. 线条自然、连续，没有异常大面积涂黑。

【支持异常的证据】
1. 人物缺少脸部和嘴巴，仅画了眼睛和鼻子。
2. 人物的手臂和腿呈单线风格，显得非常简单。
3. 人物的比例有些夸张，尤其是腿部显得特别长。
4. 人物的身体结构简单，没有明显的细节描绘。
5. 人物的头发简单，没有明显的层次感或复杂造型。
6. 人物的整体风格较为卡通化，线条较为粗糙。"
dataset/HTP/00/01/00_01_02_0095.png,00,01,01,0.07585817323116976,"【支持正常的证据】
1. 房屋、树木、人物三个核心对象均能够清楚识别，并且基本完整。
2. 三个对象在画面中的大小适中，没有全部挤在极小区域，也没有明显超出或压迫整个画面。
3. 房、树、人之间保持自然、合理的空间距离，没有明显孤立或被大片空白强行分隔。
4. 三个对象能够形成基本连贯的场景，例如共享地面、方向一致、空间位置合理，整体看起来属于同一个环境，而不是三个互不相关的符号。
5. 整体构图稳定，没有明显失衡、极端偏向某个角落或严重碎片化。
6. 线条总体连续、自然、力度相对稳定，没有大量异常断裂、极端微弱或杂乱涂画。
7. 画面具有适量细节。可以简单，但主要对象的基本结构能够表达清楚。
8. 没有大面积、无明显绘画目的的异常涂黑、重阴影或局部反复强调。

【支持异常的证据】
1. 房屋、树木、人物中的一个或多个核心对象完全缺失，且无法由裁剪、遮挡或画法解释。
2. 整幅画极度简化，只剩极少线条，大量重要结构同时消失，整体信息量异常低。
3. 房、树、人整体只占巨大画布中极小区域，周围存在大量空白。
4. 三个对象之间距离极端遥远，某个对象明显孤立，或者整个场景严重碎片化。
5. 对象像漂浮在不同区域，彼此几乎没有空间联系，整体场景严重不连贯。
6. 存在大量非常微弱、间断、犹豫、僵硬或严重潦草的线条。
7. 存在异常大面积涂黑、重度阴影或某个对象被明显过度强调。"
dataset/HTP/00/01/00_01_02_0096.png,00,01,01,0.012431653620200803,"【支持正常的证据】
1. 房屋、树木、人物三个核心对象均能够清楚识别，并且基本完整。
2. 三个对象在画面中的大小适中，没有全部挤在极小区域，也没有明显超出或压迫整个画面。
3. 房、树、人之间保持自然、合理的空间距离，没有明显孤立或被大片空白强行分隔。
4. 三个对象能够形成基本连贯的场景，例如共享地面、方向一致、空间位置合理，整体看起来属于同一个环境，而不是三个互不相关的符号。
5. 整体构图稳定，没有明显失衡、极端偏向某个角落或严重碎片化。
6. 线条总体连续、自然、力度相对稳定，没有大量异常断裂、极端微弱或杂乱涂画。
7. 画面具有适量细节。可以简单，但主要对象的基本结构能够表达清楚。
8. 房屋、树木、人物的比例大致协调，没有极端小型化或比例失调。
9. 房屋、树木和人物之间的相对大小基本合理，没有非常极端的尺寸差异。
10. 人物身体主要结构完整，比例不存在严重失调。
11. 整体构图稳定且场景连贯，没有明显异常的大面积涂黑。
12. 人物没有明显的选择性结构缺失，如缺少手臂或腿部。
13. 画面中没有出现极端小型化、异常隔离或空间碎片化的情况。
14. 人物的姿势自然，没有明显异常的手势或表情。
15. 房屋、树木和人物之间的空间关系自然，整体场景具有连贯性。

【支持异常的证据】
1. 无。"
dataset/HTP/00/01/00_01_02_0097.png,00,01,01,0.060086650384398026,"【支持正常的证据】
1. 房屋、树木、人物三个核心对象均能够清楚识别，并且基本完整。
2. 三个对象在画面中的大小适中，没有全部挤在极小区域，也没有明显超出或压迫整个画面。
3. 房、树、人之间保持自然、合理的空间距离，没有明显孤立或被大片空白强行分隔。
4. 三个对象能够形成基本连贯的场景，例如共享地面、方向一致、空间位置合理，整体看起来属于同一个环境，而不是三个互不相关的符号。
5. 整体构图稳定，没有明显失衡、极端偏向某个角落或严重碎片化。
6. 线条总体连续、自然、力度相对稳定，没有大量异常断裂、极端微弱或杂乱涂画。
7. 画面具有适量细节。可以简单，但主要对象的基本结构能够表达清楚。
8. 房屋、树木、人物的比例大致协调，没有极端小型化或比例失调。
9. 整体构图稳定且场景连贯，没有明显异常的大面积涂黑、极端小型化或异常隔离。
10. 人物身体主要结构完整，比例不存在严重失调。

【支持异常的证据】
1. 房屋、树木、人物中的一个或多个核心对象完全缺失，且无法由裁剪、遮挡或画法解释。
2. 整幅画极度简化，只剩极少线条，大量重要结构同时消失，整体信息量异常低。
3. 房、树、人整体只占巨大画布中极小区域，周围存在大量空白。
4. 三个对象之间距离极端遥远，某个对象明显孤立，或者整个场景严重碎片化。
5. 对象像漂浮在不同区域，彼此几乎没有空间联系，整体场景严重不连贯。
6. 存在大量非常微弱、间断、犹豫、僵硬或严重潦草的线条。
7. 存在异常大面积涂黑、重度阴影或某个对象被明显过度强调。"
dataset/HTP/00/01/00_01_02_0098.png,00,01,01,0.014063626423394072,"【支持正常的证据】
1. 房屋、树木、人物三个核心对象均能够清楚识别，并且基本完整。
2. 三个对象在画面中的大小适中，没有全部挤在极小区域，也没有明显超出或压迫整个画面。
3. 房、树、人之间保持自然、合理的空间距离，没有明显孤立或被大片空白强行分隔。
4. 三个对象能够形成基本连贯的场景，例如共享地面、方向一致、空间位置合理，整体看起来属于同一个环境，而不是三个互不相关的符号。
5. 整体构图稳定，没有明显失衡、极端偏向某个角落或严重碎片化。
6. 线条总体连续、自然、力度相对稳定，没有大量异常断裂、极端微弱或杂乱涂画。
7. 画面具有适量细节。可以简单，但主要对象的基本结构能够表达清楚。
8. 房屋、树木、人物的比例大致协调，没有极端小型化或比例失调。
9. 整体构图稳定且场景连贯，没有明显异常的大面积涂黑、极端小型化或异常隔离。
10. 人物身体主要结构完整，比例不存在严重失调。

【支持异常的证据】
1. 无明显异常特征。"
dataset/HTP/00/01/00_01_02_0099.png,00,01,01,0.014063626423394072,"【支持正常的证据】
1. 房屋、树木、人物三个核心对象均能够清楚识别，并且基本完整。
2. 三个对象在画面中的大小适中，没有全部挤在极小区域，也没有明显超出或压迫整个画面。
3. 房、树、人之间保持自然、合理的空间距离，没有明显孤立或被大片空白强行分隔。
4. 三个对象能够形成基本连贯的场景，例如共享地面、方向一致、空间位置合理，整体看起来属于同一个环境，而不是三个互不相关的符号。
5. 整体构图稳定，没有明显失衡、极端偏向某个角落或严重碎片化。
6. 线条总体连续、自然、力度相对稳定，没有大量异常断裂、极端微弱或杂乱涂画。
7. 画面具有适量细节。可以简单，但主要对象的基本结构能够表达清楚。
8. 房屋、树木、人物的比例大致协调，没有极端小型化或比例失调。
9. 整体场景连贯，没有明显选择性结构缺失。
10. 线条自然、连续，没有异常大面积涂黑。

【支持异常的证据】
1. 无明显异常特征。"
dataset/HTP/00/01/00_01_02_0100.png,00,01,01,0.012431653620200803,"【支持正常的证据】
1. 房屋、树木、人物三个核心对象均能够清楚识别，并且基本完整。
2. 三个对象在画面中的大小适中，没有全部挤在极小区域，也没有明显超出或压迫整个画面。
3. 房、树、人之间保持自然、合理的空间距离，没有明显孤立或被大片空白强行分隔。
4. 三个对象能够形成基本连贯的场景，例如共享地面、方向一致、空间位置合理，整体看起来属于同一个环境，而不是三个互不相关的符号。
5. 整体构图稳定，没有明显失衡、极端偏向某个角落或严重碎片化。
6. 线条总体连续、自然、力度相对稳定，没有大量异常断裂、极端微弱或杂乱涂画。
7. 画面具有适量细节。可以简单，但主要对象的基本结构能够表达清楚。
8. 房屋、树木、人物的比例大致协调，没有极端小型化或比例失调。
9. 房屋、树木和人物之间的相对大小基本合理，没有非常极端的尺寸差异。
10. 人物身体主要结构完整，比例不存在严重失调。
11. 整体构图稳定且场景连贯，没有明显异常的大面积涂黑。
12. 人物没有明显选择性结构缺失，如缺少手臂或腿部。
13. 人物身体各部分连接关系自然，没有明显断裂、错位或无法解释的结构缺失。
14. 人物大小与房屋、树木和整个画布基本协调，不存在极端小型化。
15. 人物采用火柴人、单线手臂或单线腿的简单风格时，如果整个人物风格统一并且结构完整，不能因为简单就判断异常。
16. 人物可以正面、侧面或其他姿势，只要身体结构基本合理，都可以属于正常表现。
17. 人物没有明显异常的大面积涂黑。
18. 人物没有明显的选择性结构缺失，如缺少脸部或主要肢体。
19. 人物的表情自然、中性，可以支持正常判断。
20. 房屋、树木和人物之间保持自然距离，没有某个对象被极端隔离。
21. 人物能够自然地处于房屋和树木形成的环境中，而不是完全脱离其他对象。

【支持异常的证据】
1. 无。"
dataset/HTP/00/01/00_01_02_0101.png,00,01,01,0.010986941578116865,"【支持正常的证据】
1. 房屋、树木、人物三个核心对象均能够清楚识别，并且基本完整。
2. 三个对象在画面中的大小适中，没有全部挤在极小区域，也没有明显超出或压迫整个画面。
3. 房、树、人之间保持自然、合理的空间距离，没有明显孤立或被大片空白强行分隔。
4. 三个对象能够形成基本连贯的场景，例如共享地面、方向一致、空间位置合理，整体看起来属于同一个环境，而不是三个互不相关的符号。
5. 整体构图稳定，没有明显失衡、极端偏向某个角落或严重碎片化。
6. 线条总体连续、自然、力度相对稳定，没有大量异常断裂、极端微弱或杂乱涂画。
7. 画面具有适量细节。可以简单，但主要对象的基本结构能够表达清楚。
8. 房屋、树木、人物的比例大致协调，没有极端小型化或比例失调。
9. 房屋、树木和人物的相对大小基本合理，没有非常极端的尺寸差异。
10. 人物身体主要结构完整，比例不存在严重失调。
11. 整体构图稳定且场景连贯，没有明显异常的大面积涂黑。
12. 线条自然、连续，没有异常大面积涂黑。
13. 没有明显的选择性结构缺失。
14. 即使绘画较简单，其简化方式在整幅画中保持一致。
15. 仅存在少数能够由绘画水平、年龄、风格或普通构图解释的轻微异常。

【支持异常的证据】
1. 无明显异常特征。"
dataset/HTP/00/01/00_01_02_0102.png,00,01,01,0.007577241922677275,"【支持正常的证据】
1. 房屋、树木、人物三个核心对象均能够清楚识别，并且基本完整。
2. 三个对象在画面中的大小适中，没有全部挤在极小区域，也没有明显超出或压迫整个画面。
3. 房、树、人之间保持自然、合理的空间距离，没有明显孤立或被大片空白强行分隔。
4. 三个对象能够形成基本连贯的场景，例如共享地面、方向一致、空间位置合理，整体看起来属于同一个环境，而不是三个互不相关的符号。
5. 整体构图稳定，没有明显失衡、极端偏向某个角落或严重碎片化。
6. 线条总体连续、自然、力度相对稳定，没有大量异常断裂、极端微弱或杂乱涂画。
7. 画面具有适量细节。可以简单，但主要对象的基本结构能够表达清楚。
8. 房屋、树木、人物的比例大致协调，没有极端小型化或比例失调。
9. 房屋、树木和人物之间的相对大小基本合理，没有非常极端的尺寸差异。
10. 人物身体主要结构完整，比例不存在严重失调。
11. 整体构图稳定且场景连贯，没有明显异常的大面积涂黑。
12. 人物没有明显选择性结构缺失，四肢和五官比例协调。
13. 房屋结构稳定，主要组成部分合理。
14. 树木结构自然，没有严重截断或畸形。
15. 人物和房屋、树木之间保持自然距离，没有某个对象被极端隔离。

【支持异常的证据】
1. 无。"
dataset/HTP/00/01/00_01_02_0103.png,00,01,01,0.00857748525531428,"【支持正常的证据】
1. 房屋、树木、人物三个核心对象均能够清楚识别，并且基本完整。
2. 三个对象在画面中的大小适中，没有全部挤在极小区域，也没有明显超出或压迫整个画面。
3. 房、树、人之间保持自然、合理的空间距离，没有明显孤立或被大片空白强行分隔。
4. 三个对象能够形成基本连贯的场景，例如共享地面、方向一致、空间位置合理，整体看起来属于同一个环境，而不是三个互不相关的符号。
5. 整体构图稳定，没有明显失衡、极端偏向某个角落或严重碎片化。
6. 线条总体连续、自然、力度相对稳定，没有大量异常断裂、极端微弱或杂乱涂画。
7. 画面具有适量细节。可以简单，但主要对象的基本结构能够表达清楚。
8. 房屋、树木、人物的比例大致协调，没有极端小型化或比例失调。
9. 房屋结构稳定，主要组成部分合理，没有明显倒塌、断裂或严重几何变形。
10. 树木结构自然，没有严重截断或畸形。
11. 人物身体主要结构完整，比例不存在严重失调。
12. 整体构图稳定且场景连贯。
13. 线条自然、连续，没有异常大面积涂黑。
14. 没有明显的选择性结构缺失。
15. 仅存在少数能够由绘画水平、年龄、风格或普通构图解释的轻微异常。

【支持异常的证据】
1. 无。"
dataset/HTP/00/01/00_01_02_0104.png,00,01,01,0.010986941578116865,"【支持正常的证据】
1. 房屋、树木、人物三个核心对象均能够清楚识别，并且基本完整。
2. 三个对象在画面中的大小适中，没有全部挤在极小区域，也没有明显超出或压迫整个画面。
3. 房、树、人之间保持自然、合理的空间距离，没有明显孤立或被大片空白强行分隔。
4. 三个对象能够形成基本连贯的场景，例如共享地面、方向一致、空间位置合理，整体看起来属于同一个环境，而不是三个互不相关的符号。
5. 整体构图稳定，没有明显失衡、极端偏向某个角落或严重碎片化。
6. 线条总体连续、自然、力度相对稳定，没有大量异常断裂、极端微弱或杂乱涂画。
7. 画面具有适量细节。可以简单，但主要对象的基本结构能够表达清楚。
8. 房屋、树木、人物的比例大致协调，没有极端小型化或比例失调。
9. 房屋、树木和人物的相对大小基本合理，没有非常极端的尺寸差异。
10. 人物身体主要结构完整，比例不存在严重失调。
11. 整体构图稳定且场景连贯，没有明显异常的大面积涂黑。
12. 人物位于房屋的适当位置，没有极端隔离。
13. 画面中存在少量细节，如窗户、门、头发等，但没有夸张或不自然的装饰。
14. 人物的表情中性，符合儿童画的特点。

【支持异常的证据】
1. 无。"
dataset/HTP/00/01/00_01_02_0105.png,00,01,01,0.09534946232842245,"【支持正常的证据】
1. 房屋、树木、人物三个核心对象均能够清楚识别，并且基本完整。
2. 三个对象在画面中的大小适中，没有全部挤在极小区域，也没有明显超出或压迫整个画面。
3. 房、树、人之间保持自然、合理的空间距离，没有明显孤立或被大片空白强行分隔。
4. 三个对象能够形成基本连贯的场景，例如共享地面、方向一致、空间位置合理，整体看起来属于同一个环境，而不是三个互不相关的符号。
5. 整体构图稳定，没有明显失衡、极端偏向某个角落或严重碎片化。
6. 线条总体连续、自然、力度相对稳定，没有大量异常断裂、极端微弱或杂乱涂画。
7. 画面具有适量细节。可以简单，但主要对象的基本结构能够表达清楚。
8. 房屋、树木、人物的比例大致协调，没有极端小型化或比例失调。
9. 整体构图稳定且场景连贯，没有明显选择性结构缺失。
10. 线条自然、连续，没有异常大面积涂黑。

【支持异常的证据】
1. 房屋、树木、人物中的一个或多个核心对象完全缺失，且无法由裁剪、遮挡或画法解释。
2. 整幅画极度简化，只剩极少线条，大量重要结构同时消失，整体信息量异常低。
3. 房、树、人整体只占巨大画布中极小区域，周围存在大量空白。
4. 三个对象之间距离极端遥远，某个对象明显孤立，或者整个场景严重碎片化。
5. 存在大量非常微弱、间断、犹豫、僵硬或严重潦草的线条。
6. 存在异常大面积涂黑、重度阴影或某个对象被明显过度强调。"
dataset/HTP/00/01/00_01_02_0106.png,00,01,01,0.060086650384398026,"【支持正常的证据】
1. 房屋、树木、人物三个核心对象均能够清楚识别，并且基本完整。
2. 三个对象在画面中的大小适中，没有全部挤在极小区域，也没有明显超出或压迫整个画面。
3. 房、树、人之间保持自然、合理的空间距离，没有明显孤立或被大片空白强行分隔。
4. 三个对象能够形成基本连贯的场景，例如共享地面、方向一致、空间位置合理，整体看起来属于同一个环境，而不是三个互不相关的符号。
5. 整体构图稳定，没有明显失衡、极端偏向某个角落或严重碎片化。
6. 线条总体连续、自然、力度相对稳定，没有大量异常断裂、极端微弱或杂乱涂画。
7. 画面具有适量细节。可以简单，但主要对象的基本结构能够表达清楚。
8. 房屋、树木、人物的比例大致协调，没有极端小型化或比例失调。
9. 房屋、树木和人物之间的相对大小基本合理，没有非常极端的尺寸差异。
10. 整体构图稳定且场景连贯，没有明显异常的大面积涂黑、极端小型化或异常隔离。

【支持异常的证据】
1. 人物缺少脸部和主要肢体，如手臂和腿。
2. 房屋缺少门，但整体结构较为完整。
3. 树木缺少叶子，但整体结构自然。
4. 人物比例有些夸张，尤其是腿部较长。
5. 人物和房屋、树木之间存在一定的空间距离，但整体构图协调。"
dataset/HTP/00/01/00_01_02_0107.png,00,01,01,0.010986941578116865,"【支持正常的证据】
1. 房屋、树木、人物三个核心对象均能够清楚识别，并且基本完整。
2. 三个对象在画面中的大小适中，没有全部挤在极小区域，也没有明显超出或压迫整个画面。
3. 房、树、人之间保持自然、合理的空间距离，没有明显孤立或被大片空白强行分隔。
4. 三个对象能够形成基本连贯的场景，例如共享地面、方向一致、空间位置合理，整体看起来属于同一个环境，而不是三个互不相关的符号。
5. 整体构图稳定，没有明显失衡、极端偏向某个角落或严重碎片化。
6. 线条总体连续、自然、力度相对稳定，没有大量异常断裂、极端微弱或杂乱涂画。
7. 画面具有适量细节。可以简单，但主要对象的基本结构能够表达清楚。
8. 房屋、树木、人物的比例大致协调，没有极端小型化或比例失调。
9. 整体构图稳定且场景连贯，没有明显异常的大面积涂黑、极端小型化或异常隔离。
10. 人物身体主要结构完整，比例不存在严重失调。

【支持异常的证据】
1. 无明显异常特征。"
dataset/HTP/00/01/00_01_02_0108.png,00,01,01,0.012431653620200803,"【支持正常的证据】
1. 房屋、树木、人物三个核心对象均能够清楚识别，并且基本完整。
2. 三个对象在画面中的大小适中，没有全部挤在极小区域，也没有明显超出或压迫整个画面。
3. 房、树、人之间保持自然、合理的空间距离，没有明显孤立或被大片空白强行分隔。
4. 三个对象能够形成基本连贯的场景，例如共享地面、方向一致、空间位置合理，整体看起来属于同一个环境，而不是三个互不相关的符号。
5. 整体构图稳定，没有明显失衡、极端偏向某个角落或严重碎片化。
6. 线条总体连续、自然、力度相对稳定，没有大量异常断裂、极端微弱或杂乱涂画。
7. 画面具有适量细节。可以简单，但主要对象的基本结构能够表达清楚。
8. 房屋、树木、人物的比例大致协调，没有极端小型化或比例失调。
9. 整体构图稳定且场景连贯，没有明显异常的大面积涂黑、极端小型化或异常隔离。
10. 人物身体主要结构完整，比例不存在严重失调。

【支持异常的证据】
1. 无明显异常特征。"
dataset/HTP/00/01/00_01_02_0109.png,00,01,01,0.014063626423394072,"【支持正常的证据】
1. 房屋、树木、人物三个核心对象均能够清楚识别，并且基本完整。
2. 三个对象在画面中的大小适中，没有全部挤在极小区域，也没有明显超出或压迫整个画面。
3. 房、树、人之间保持自然、合理的空间距离，没有明显孤立或被大片空白强行分隔。
4. 三个对象能够形成基本连贯的场景，例如共享地面、方向一致、空间位置合理，整体看起来属于同一个环境，而不是三个互不相关的符号。
5. 整体构图稳定，没有明显失衡、极端偏向某个角落或严重碎片化。
6. 线条总体连续、自然、力度相对稳定，没有大量异常断裂、极端微弱或杂乱涂画。
7. 画面具有适量细节。可以简单，但主要对象的基本结构能够表达清楚。
8. 房屋、树木、人物的比例大致协调，没有极端小型化或比例失调。
9. 整体场景连贯，没有明显选择性结构缺失。
10. 线条自然、连续，没有异常大面积涂黑。

【支持异常的证据】
1. 无。"
dataset/HTP/00/01/00_01_02_0110.png,00,01,01,0.09534946232842245,"【支持正常的证据】
1. 房屋、树木、人物三个核心对象均能够清楚识别，并且基本完整。
2. 三个对象在画面中的大小适中，没有全部挤在极小区域，也没有明显超出或压迫整个画面。
3. 房、树、人之间保持自然、合理的空间距离，没有明显孤立或被大片空白强行分隔。
4. 三个对象能够形成基本连贯的场景，例如共享地面、方向一致、空间位置合理，整体看起来属于同一个环境，而不是三个互不相关的符号。
5. 整体构图稳定，没有明显失衡、极端偏向某个角落或严重碎片化。
6. 线条总体连续、自然、力度相对稳定，没有大量异常断裂、极端微弱或杂乱涂画。
7. 画面具有适量细节。可以简单，但主要对象的基本结构能够表达清楚。
8. 房屋、树木、人物的比例大致协调，没有极端小型化或比例失调。
9. 房屋、树木和人物之间的关系自然，没有极端隔离或不连贯的空间关系。
10. 线条自然、连续，没有异常大面积涂黑。

【支持异常的证据】
1. 人物缺少手臂，手臂被简化为单线。
2. 人物缺少腿部，腿部被简化为单线。
3. 人物缺少头部，头部被简化为椭圆形。
4. 房屋和树木的结构较为简单，但没有明显选择性缺失或极端扭曲。
5. 人物的比例有些失调，尤其是头部和身体的比例。
6. 整体构图虽然连贯，但人物的姿势显得有些僵硬。"
dataset/HTP/00/01/00_01_02_0111.png,00,01,01,0.010986941578116865,"【支持正常的证据】
1. 房屋、树木、人物三个核心对象均能够清楚识别，并且基本完整。
2. 三个对象在画面中的大小适中，没有全部挤在极小区域，也没有明显超出或压迫整个画面。
3. 房、树、人之间保持自然、合理的空间距离，没有明显孤立或被大片空白强行分隔。
4. 三个对象能够形成基本连贯的场景，例如共享地面、方向一致、空间位置合理，整体看起来属于同一个环境，而不是三个互不相关的符号。
5. 整体构图稳定，没有明显失衡、极端偏向某个角落或严重碎片化。
6. 线条总体连续、自然、力度相对稳定，没有大量异常断裂、极端微弱或杂乱涂画。
7. 画面具有适量细节。可以简单，但主要对象的基本结构能够表达清楚。
8. 房屋、树木、人物的比例大致协调，没有极端小型化或比例失调。
9. 房屋结构稳定，主要组成部分合理，没有明显倒塌、断裂或严重几何变形。
10. 树木结构自然，没有严重截断或畸形。
11. 人物身体主要结构完整，比例不存在严重失调。
12. 整体构图稳定且场景连贯。
13. 线条自然、连续，没有异常大面积涂黑。
14. 没有明显的选择性结构缺失。
15. 即使绘画较简单，其简化方式在整幅画中保持一致。
16. 仅存在少数能够由绘画水平、年龄、风格或普通构图解释的轻微异常。

【支持异常的证据】
1. 无明显异常特征。"
dataset/HTP/00/01/00_01_02_0112.png,00,01,01,0.009708474753363424,"【支持正常的证据】
1. 房屋、树木、人物三个核心对象均能够清楚识别，并且基本完整。
2. 三个对象在画面中的大小适中，没有全部挤在极小区域，也没有明显超出或压迫整个画面。
3. 房、树、人之间保持自然、合理的空间距离，没有明显孤立或被大片空白强行分隔。
4. 三个对象能够形成基本连贯的场景，例如共享地面、方向一致、空间位置合理，整体看起来属于同一个环境，而不是三个互不相关的符号。
5. 整体构图稳定，没有明显失衡、极端偏向某个角落或严重碎片化。
6. 线条总体连续、自然、力度相对稳定，没有大量异常断裂、极端微弱或杂乱涂画。
7. 画面具有适量细节。可以简单，但主要对象的基本结构能够表达清楚。
8. 房屋、树木、人物的比例大致协调，没有极端小型化或比例失调。
9. 房屋、树木和人物之间的相对大小基本合理，没有非常极端的尺寸差异。
10. 人物身体主要结构完整，比例不存在严重失调。
11. 整体构图稳定且场景连贯，没有明显异常的大面积涂黑。
12. 人物采用火柴人风格，整体结构完整，没有明显选择性结构缺失。
13. 房屋结构稳定，主要组成部分合理。
14. 树木结构自然，没有严重截断或畸形。
15. 人物能够自然地处于房屋和树木形成的环境中，而不是完全脱离其他对象。

【支持异常的证据】
1. 无。"
dataset/HTP/01/00/01_00_00_0000.jpg,01,00,01,0.11920291732853862,"【支持正常的证据】
1. 房屋、树木、人物三个核心对象均能够清楚识别，并且基本完整。
2. 三个对象在画面中的大小适中，没有全部挤在极小区域，也没有明显超出或压迫整个画面。
3. 房、树、人之间保持自然、合理的空间距离，没有明显孤立或被大片空白强行分隔。
4. 三个对象能够形成基本连贯的场景，例如共享地面、方向一致、空间位置合理，整体看起来属于同一个环境，而不是三个互不相关的符号。
5. 整体构图稳定，没有明显失衡、极端偏向某个角落或严重碎片化。
6. 线条总体连续、自然、力度相对稳定，没有大量异常断裂、极端微弱或杂乱涂画。
7. 画面具有适量细节。可以简单，但主要对象的基本结构能够表达清楚。
8. 如果存在草地、道路、太阳、云、花、地面等环境元素，并且与主体自然结合，可以作为场景完整和组织良好的积极证据。
9. 没有大面积、无明显绘画目的的异常涂黑、重阴影或局部反复强调。

【支持异常的证据】
1. 房屋结构较完整、可见方向正常，但明显选择性缺少门。
2. 房屋其他部分较详细，但明显选择性缺少所有窗户。
3. 房屋相对于画布以及其他对象极端微小或被严重边缘化。
4. 墙体、屋顶整体严重倾斜，表现出明显不稳定或坍塌感，且不能由透视解释。
5. 屋顶与墙体断开、几何结构极端扭曲、建筑组织明显不可能或严重怪异。
6. 房屋被过度简化到主要结构难以辨认。
7. 树木相对于其他主体和画布极端微小。
8. 树干或树冠出现明显、突然、没有合理原因的截断。
9. 树木明确表现为死亡、严重枯萎、破损或大量枝干折断，而不是单纯没有叶子。
10. 人物明显没有完成，例如主要身体区域完全缺失、头部缺失、躯干缺失、多个必要身体部分缺失，或者身体不同部分明显断开。"
dataset/HTP/01/00/01_00_00_0001.png,01,00,01,0.0293122327122782,"【支持正常的证据】
1. 房屋、树木、人物三个核心对象均能够清楚识别，并且基本完整。
2. 三个对象在画面中的大小适中，没有全部挤在极小区域，也没有明显超出或压迫整个画面。
3. 房、树、人之间保持自然、合理的空间距离，没有明显孤立或被大片空白强行分隔。
4. 三个对象能够形成基本连贯的场景，例如共享地面、方向一致、空间位置合理，整体看起来属于同一个环境，而不是三个互不相关的符号。
5. 整体构图稳定，没有明显失衡、极端偏向某个角落或严重碎片化。
6. 线条总体连续、自然、力度相对稳定，没有大量异常断裂、极端微弱或杂乱涂画。
7. 画面具有适量细节。可以简单，但主要对象的基本结构能够表达清楚。
8. 房屋、树木、人物的比例大致协调，没有极端小型化或比例失调。
9. 整体构图自然，没有明显异常的大面积涂黑、极端小型化或异常隔离。
10. 人物身体主要结构完整，比例不存在严重失调。

【支持异常的证据】
1. 人物缺少脸部，但这是由于绘画风格导致的，而非选择性缺失。
2. 人物缺少手臂，但这是由于绘画风格导致的，而非选择性缺失。
3. 房屋缺少窗户，但这是由于绘画风格导致的，而非选择性缺失。
4. 树木缺少树叶，但这是由于绘画风格导致的，而非选择性缺失。"
dataset/HTP/01/00/01_00_00_0002.png,01,00,01,0.014063626423394072,"【支持正常的证据】
1. 房屋、树木、人物三个核心对象均能够清楚识别，并且基本完整。
2. 三个对象在画面中的大小适中，没有全部挤在极小区域，也没有明显超出或压迫整个画面。
3. 房、树、人之间保持自然、合理的空间距离，没有明显孤立或被大片空白强行分隔。
4. 三个对象能够形成基本连贯的场景，例如共享地面、方向一致、空间位置合理，整体看起来属于同一个环境，而不是三个互不相关的符号。
5. 整体构图稳定，没有明显失衡、极端偏向某个角落或严重碎片化。
6. 线条总体连续、自然、力度相对稳定，没有大量异常断裂、极端微弱或杂乱涂画。
7. 画面具有适量细节。可以简单，但主要对象的基本结构能够表达清楚。
8. 房屋、树木、人物的比例大致协调，没有极端小型化或比例失调。
9. 整体构图稳定且场景连贯，没有明显异常的大面积涂黑、极端小型化或异常隔离。
10. 人物身体主要结构完整，比例不存在严重失调。

【支持异常的证据】
1. 无明显异常特征。"
dataset/HTP/01/00/01_00_00_0003.png,01,00,01,0.014063626423394072,"【支持正常的证据】
1. 房屋、树木、人物三个核心对象均能够清楚识别，并且基本完整。
2. 三个对象在画面中的大小适中，没有全部挤在极小区域，也没有明显超出或压迫整个画面。
3. 房、树、人之间保持自然、合理的空间距离，没有明显孤立或被大片空白强行分隔。
4. 三个对象能够形成基本连贯的场景，例如共享地面、方向一致、空间位置合理，整体看起来属于同一个环境，而不是三个互不相关的符号。
5. 整体构图稳定，没有明显失衡、极端偏向某个角落或严重碎片化。
6. 线条总体连续、自然、力度相对稳定，没有大量异常断裂、极端微弱或杂乱涂画。
7. 画面具有适量细节。可以简单，但主要对象的基本结构能够表达清楚。
8. 房屋、树木、人物的比例大致协调，没有极端小型化或比例失调。
9. 整体场景连贯，没有明显选择性结构缺失。
10. 线条自然、连续，没有异常大面积涂黑。

【支持异常的证据】
1. 无明显异常特征。"
dataset/HTP/01/00/01_00_00_0004.png,01,00,01,0.009708474753363424,"【支持正常的证据】
1. 房屋、树木、人物三个核心对象均能够清楚识别，并且基本完整。
2. 三个对象在画面中的大小适中，没有全部挤在极小区域，也没有明显超出或压迫整个画面。
3. 房、树、人之间保持自然、合理的空间距离，没有明显孤立或被大片空白强行分隔。
4. 三个对象能够形成基本连贯的场景，例如共享地面、方向一致、空间位置合理，整体看起来属于同一个环境，而不是三个互不相关的符号。
5. 整体构图稳定，没有明显失衡、极端偏向某个角落或严重碎片化。
6. 线条总体连续、自然、力度相对稳定，没有大量异常断裂、极端微弱或杂乱涂画。
7. 画面具有适量细节。可以简单，但主要对象的基本结构能够表达清楚。
8. 房屋、树木、人物的比例大致协调，没有极端小型化或比例失调。
9. 房屋结构稳定，主要组成部分合理，没有明显倒塌、断裂或严重几何变形。
10. 树木结构自然，没有严重截断或畸形。
11. 人物身体主要结构完整，比例不存在严重失调。
12. 整体构图稳定且场景连贯。
13. 线条自然、连续，没有异常大面积涂黑。
14. 没有明显的选择性结构缺失。
15. 仅存在少数能够由绘画水平、年龄、风格或普通构图解释的轻微异常。

【支持异常的证据】
1. 无明显异常特征。"
dataset/HTP/01/00/01_00_00_0005.png,01,00,01,0.025957357762928745,"【支持正常的证据】
1. 房屋、树木、人物三个核心对象均能够清楚识别，并且基本完整。
2. 三个对象在画面中的大小适中，没有全部挤在极小区域，也没有明显超出或压迫整个画面。
3. 房、树、人之间保持自然、合理的空间距离，没有明显孤立或被大片空白强行分隔。
4. 三个对象能够形成基本连贯的场景，例如共享地面、方向一致、空间位置合理，整体看起来属于同一个环境。
5. 整体构图稳定，没有明显失衡、极端偏向某个角落或严重碎片化。
6. 线条总体连续、自然、力度相对稳定，没有大量异常断裂、极端微弱或杂乱涂画。
7. 画面具有适量细节。可以简单，但主要对象的基本结构能够表达清楚。
8. 房屋、树木、人物的比例大致协调，没有极端小型化。
9. 房屋、树木和人物的相对大小基本合理，没有非常极端的尺寸差异。
10. 人物身体主要结构完整，比例不存在严重失调。
11. 整体构图稳定且场景连贯，没有明显异常的大面积涂黑。
12. 人物没有明显选择性结构缺失，整体绘画风格统一。
13. 房屋结构稳定，主要组成部分合理。
14. 树木结构自然，没有严重截断或畸形。
15. 人物身体各部分连接关系自然，没有明显断裂、错位或无法解释的结构缺失。
16. 人物大小与房屋、树木和整个画布基本协调，不存在极端小型化。
17. 人物采用火柴人、单线手臂或单线腿的简单风格时，如果整个人物风格统一并且结构完整，不能因为简单就判断异常。
18. 人物可以正面、侧面或其他姿势，只要身体结构基本合理，都可以属于正常表现。
19. 人物没有明显选择性结构缺失，整体绘画风格统一。
20. 人物没有明显异常的大面积涂黑。
21. 人物没有明显选择性结构缺失，整体绘画风格统一。
22. 人物没有明显异常的大面积涂黑。
23. 人物没有明显选择性结构缺失，整体绘画风格统一。
24. 人物没有明显异常的大面积涂黑。
25. 人物没有明显选择性结构缺失，整体绘画风格统一。
26. 人物没有明显异常的大面积涂黑。
27. 人物没有明显选择性结构缺失，整体绘画风格统一。
28. 人物没有明显异常的大面积涂黑。
29. 人物没有明显选择性结构缺失，整体绘画风格统一。
30. 人物没有明显异常的大面积涂黑。
31. 人物"
dataset/HTP/01/00/01_00_00_0006.png,01,00,01,0.010986941578116865,"【支持正常的证据】
1. 房屋、树木、人物三个核心对象均能够清楚识别，并且基本完整。
2. 三个对象在画面中的大小适中，没有全部挤在极小区域，也没有明显超出或压迫整个画面。
3. 房、树、人之间保持自然、合理的空间距离，没有明显孤立或被大片空白强行分隔。
4. 三个对象能够形成基本连贯的场景，例如共享地面、方向一致、空间位置合理，整体看起来属于同一个环境。
5. 整体构图稳定，没有明显失衡、极端偏向某个角落或严重碎片化。
6. 线条总体连续、自然、力度相对稳定，没有大量异常断裂、极端微弱或杂乱涂画。
7. 画面具有适量细节。可以简单，但主要对象的基本结构能够表达清楚。
8. 房屋、树木、人物的比例大致协调，没有极端小型化或比例失调。
9. 房屋结构稳定，没有明显倒塌、断裂或严重几何变形。
10. 树木结构自然，没有明显截断或畸形。
11. 人物身体主要结构完整，比例不存在严重失调。
12. 整体构图稳定且场景连贯。
13. 线条自然、连续，没有异常大面积涂黑。
14. 没有明显的选择性结构缺失。
15. 仅存在少数能够由绘画水平、年龄、风格或普通构图解释的轻微异常。

【支持异常的证据】
1. 无明显异常特征。"
dataset/HTP/01/00/01_00_00_0007.jpg,01,00,01,0.00857748525531428,"【支持正常的证据】
1. 房屋、树木、人物三个核心对象均能够清楚识别，并且基本完整。
2. 三个对象在画面中的大小适中，没有全部挤在极小区域，也没有明显超出或压迫整个画面。
3. 房、树、人之间保持自然、合理的空间距离，没有明显孤立或被大片空白强行分隔。
4. 三个对象能够形成基本连贯的场景，例如共享地面、方向一致、空间位置合理，整体看起来属于同一个环境。
5. 整体构图稳定，没有明显失衡、极端偏向某个角落或严重碎片化。
6. 线条总体连续、自然、力度相对稳定，没有大量异常断裂、极端微弱或杂乱涂画。
7. 画面具有适量细节。可以简单，但主要对象的基本结构能够表达清楚。
8. 房屋、树木、人物的比例大致协调，没有极端小型化。
9. 房屋、树木和人物的相对大小基本合理，没有非常极端的尺寸差异。
10. 人物身体主要结构完整，比例不存在严重失调。
11. 整体构图稳定且场景连贯，没有明显异常的大面积涂黑。
12. 人物和房屋、树木之间保持自然距离，没有极端隔离。
13. 画面中存在适量的背景元素，如晾衣绳、花朵、小鸟等，与主体自然结合。

【支持异常的证据】
1. 无明显异常特征。"
dataset/HTP/01/00/01_00_00_0008.jpg,01,00,01,0.053403324903538434,"【支持正常的证据】
1. 房屋、树木、人物三个核心对象均能够清楚识别，并且基本完整。
2. 三个对象在画面中的大小适中，没有全部挤在极小区域，也没有明显超出或压迫整个画面。
3. 房、树、人之间保持自然、合理的空间距离，没有明显孤立或被大片空白强行分隔。
4. 三个对象能够形成基本连贯的场景，例如共享地面、方向一致、空间位置合理，整体看起来属于同一个环境，而不是三个互不相关的符号。
5. 整体构图稳定，没有明显失衡、极端偏向某个角落或严重碎片化。
6. 线条总体连续、自然、力度相对稳定，没有大量异常断裂、极端微弱或杂乱涂画。
7. 画面具有适量细节。可以简单，但主要对象的基本结构能够表达清楚。
8. 房屋、树木、人物的比例大致协调，没有极端小型化或比例失调。
9. 整体场景连贯，没有明显选择性结构缺失。
10. 线条自然、连续，没有异常大面积涂黑。

【支持异常的证据】
1. 人物头部缺失，眼睛、鼻子、嘴巴等主要面部特征未绘制。
2. 房屋结构较为简单，但没有明显选择性缺失。
3. 树木结构自然，没有明显截断或畸形。
4. 房屋、树木、人物之间保持自然距离，没有极端隔离。
5. 整体构图稳定，没有明显碎片化或极端小型化。
6. 线条自然、连续，没有异常大面积涂黑。"
dataset/HTP/01/00/01_00_00_0009.jpg,01,00,01,0.010986941578116865,"【支持正常的证据】
1. 房屋、树木、人物三个核心对象均能够清楚识别，并且基本完整。
2. 三个对象在画面中的大小适中，没有全部挤在极小区域，也没有明显超出或压迫整个画面。
3. 房、树、人之间保持自然、合理的空间距离，没有明显孤立或被大片空白强行分隔。
4. 三个对象能够形成基本连贯的场景，例如共享地面、方向一致、空间位置合理，整体看起来属于同一个环境，而不是三个互不相关的符号。
5. 整体构图稳定，没有明显失衡、极端偏向某个角落或严重碎片化。
6. 线条总体连续、自然、力度相对稳定，没有大量异常断裂、极端微弱或杂乱涂画。
7. 画面具有适量细节。可以简单，但主要对象的基本结构能够表达清楚。
8. 房屋、树木、人物的比例大致协调，没有极端小型化或比例失调。
9. 房屋、树木和人物之间的相对大小基本合理，没有非常极端的尺寸差异。
10. 人物身体主要结构完整，比例不存在严重失调。
11. 整体构图稳定且场景连贯，没有明显异常的大面积涂黑。
12. 人物和房屋、树木之间保持自然距离，没有极端隔离。
13. 画面中没有明显的选择性结构缺失。

【支持异常的证据】
1. 无。"
dataset/HTP/01/00/01_00_00_0010.jpg,01,00,01,0.012431653620200803,"【支持正常的证据】
1. 房屋、树木、人物三个核心对象均能够清楚识别，并且基本完整。
2. 三个对象在画面中的大小适中，没有全部挤在极小区域，也没有明显超出或压迫整个画面。
3. 房、树、人之间保持自然、合理的空间距离，没有明显孤立或被大片空白强行分隔。
4. 三个对象能够形成基本连贯的场景，例如共享地面、方向一致、空间位置合理，整体看起来属于同一个环境。
5. 整体构图稳定，没有明显失衡、极端偏向某个角落或严重碎片化。
6. 线条总体连续、自然、力度相对稳定，没有大量异常断裂、极端微弱或杂乱涂画。
7. 画面具有适量细节。可以简单，但主要对象的基本结构能够表达清楚。
8. 房屋、树木、人物的比例大致协调，没有极端小型化或比例失调。
9. 整体场景连贯，没有明显选择性结构缺失。
10. 线条自然、连续，没有异常大面积涂黑。

【支持异常的证据】
1. 无明显异常特征。"
dataset/HTP/01/00/01_00_00_0011.jpg,01,00,01,0.053403324903538434,"【支持正常的证据】
1. 房屋、树木、人物三个核心对象均能够清楚识别，并且基本完整。
2. 三个对象在画面中的大小适中，没有全部挤在极小区域，也没有明显超出或压迫整个画面。
3. 房、树、人之间保持自然、合理的空间距离，没有明显孤立或被大片空白强行分隔。
4. 三个对象能够形成基本连贯的场景，例如共享地面、方向一致、空间位置合理，整体看起来属于同一个环境。
5. 整体构图稳定，没有明显失衡、极端偏向某个角落或严重碎片化。
6. 线条总体连续、自然、力度相对稳定，没有大量异常断裂、极端微弱或杂乱涂画。
7. 画面具有适量细节。可以简单，但主要对象的基本结构能够表达清楚。
8. 没有大面积、无明显绘画目的的异常涂黑、重阴影或局部反复强调。

【支持异常的证据】
1. 房屋、树木、人物中的一个或多个核心对象完全缺失，且无法由裁剪、遮挡或画法解释。
2. 整幅画极度简化，只剩极少线条，大量重要结构同时消失，整体信息量异常低。
3. 房、树、人整体只占巨大画布中极小区域，周围存在大量空白。
4. 三个对象之间距离极端遥远，某个对象明显孤立，或者整个场景严重碎片化。
5. 对象像漂浮在不同区域，彼此几乎没有空间联系，整体场景严重不连贯。
6. 存在大量非常微弱、间断、犹豫、僵硬或严重潦草的线条。
7. 存在异常大面积涂黑、重度阴影或某个对象被明显过度强调。"
dataset/HTP/01/00/01_00_00_0012.jpg,01,00,01,0.060086650384398026,"【支持正常的证据】
1. 房屋、树木、人物三个核心对象均能够清楚识别，并且基本完整。
2. 三个对象在画面中的大小适中，没有全部挤在极小区域，也没有明显超出或压迫整个画面。
3. 房、树、人之间保持自然、合理的空间距离，没有明显孤立或被大片空白强行分隔。
4. 三个对象能够形成基本连贯的场景，例如共享地面、方向一致、空间位置合理，整体看起来属于同一个环境，而不是三个互不相关的符号。
5. 整体构图稳定，没有明显失衡、极端偏向某个角落或严重碎片化。
6. 线条总体连续、自然、力度相对稳定，没有大量异常断裂、极端微弱或杂乱涂画。
7. 画面具有适量细节。可以简单，但主要对象的基本结构能够表达清楚。
8. 如果存在草地、道路、太阳、云、花、地面等环境元素，并且与主体自然结合，可以作为场景完整和组织良好的积极证据。
9. 没有大面积、无明显绘画目的的异常涂黑、重阴影或局部反复强调。

【支持异常的证据】
1. 房屋、树木、人物中的一个或多个核心对象完全缺失，且无法由裁剪、遮挡或画法解释。
2. 整幅画极度简化，只剩极少线条，大量重要结构同时消失，整体信息量异常低。
3. 房、树、人整体只占巨大画布中极小区域，周围存在大量空白。
4. 三个对象之间距离极端遥远，某个对象明显孤立，或者整个场景严重碎片化。
5. 对象像漂浮在不同区域，彼此几乎没有空间联系，整体场景严重不连贯。
6. 存在大量非常微弱、间断、犹豫、僵硬或严重潦草的线条。
7. 存在异常大面积涂黑、重度阴影或某个对象被明显过度强调。"
dataset/HTP/01/00/01_00_00_0013.jpg,01,00,01,0.11920291732853862,"【支持正常的证据】
1. 房屋、树木、人物三个核心对象均能够清楚识别，并且基本完整。
2. 三个对象在画面中的大小适中，没有全部挤在极小区域，也没有明显超出或压迫整个画面。
3. 房、树、人之间保持自然、合理的空间距离，没有明显孤立或被大片空白强行分隔。
4. 三个对象能够形成基本连贯的场景，例如共享地面、方向一致、空间位置合理，整体看起来属于同一个环境，而不是三个互不相关的符号。
5. 整体构图稳定，没有明显失衡、极端偏向某个角落或严重碎片化。
6. 线条总体连续、自然、力度相对稳定，没有大量异常断裂、极端微弱或杂乱涂画。
7. 画面具有适量细节。可以简单，但主要对象的基本结构能够表达清楚。
8. 房屋、树木、人物的比例大致协调，没有极端小型化或比例失调。
9. 房屋、树木和人物之间的关系自然，没有极端隔离或空间关系异常。
10. 线条自然、连续，没有异常大面积涂黑。

【支持异常的证据】
1. 人物缺少头部，这是明显的结构缺失。
2. 人物缺少手臂，这是明显的结构缺失。
3. 房屋缺少窗户，这是选择性缺失。
4. 树木缺少叶子，这是绘画风格导致的简化。
5. 房屋和树木的结构较为简单，可能是普通二维画法。
6. 人物的身体结构较为简单，可能是火柴人风格。
7. 整体构图较为简单，没有复杂的背景装饰或细节。"
dataset/HTP/01/00/01_00_01_0000.jpg,01,00,01,0.012431653620200803,"【支持正常的证据】
1. 房屋、树木、人物三个核心对象均能够清楚识别，并且基本完整。
2. 三个对象在画面中的大小适中，没有全部挤在极小区域，也没有明显超出或压迫整个画面。
3. 房、树、人之间保持自然、合理的空间距离，没有明显孤立或被大片空白强行分隔。
4. 三个对象能够形成基本连贯的场景，例如共享地面、方向一致、空间位置合理，整体看起来属于同一个环境，而不是三个互不相关的符号。
5. 整体构图稳定，没有明显失衡、极端偏向某个角落或严重碎片化。
6. 线条总体连续、自然、力度相对稳定，没有大量异常断裂、极端微弱或杂乱涂画。
7. 画面具有适量细节。可以简单，但主要对象的基本结构能够表达清楚。
8. 房屋、树木、人物的比例大致协调，没有极端小型化或比例失调。
9. 房屋结构稳定，屋顶、墙壁等主要组成部分合理。
10. 树木结构自然，没有明显截断或畸形。
11. 人物身体主要结构完整，比例不存在严重失调。
12. 整体构图稳定且场景连贯，没有明显异常的大面积涂黑。
13. 线条自然、连续，没有异常大面积涂黑。
14. 人物没有明显选择性结构缺失。
15. 画面存在多个相互独立的正常积极特征。

【支持异常的证据】
1. 无。"
dataset/HTP/01/00/01_00_01_0001.jpg,01,00,01,0.09534946232842245,"【支持正常的证据】
1. 房屋、树木、人物三个核心对象均能够清楚识别，并且基本完整。
2. 三个对象在画面中的大小适中，没有全部挤在极小区域，也没有明显超出或压迫整个画面。
3. 房、树、人之间保持自然、合理的空间距离，没有明显孤立或被大片空白强行分隔。
4. 三个对象能够形成基本连贯的场景，例如共享地面、方向一致、空间位置合理，整体看起来属于同一个环境，而不是三个互不相关的符号。
5. 整体构图稳定，没有明显失衡、极端偏向某个角落或严重碎片化。
6. 线条总体连续、自然、力度相对稳定，没有大量异常断裂、极端微弱或杂乱涂画。
7. 画面具有适量细节。可以简单，但主要对象的基本结构能够表达清楚。
8. 房屋、树木、人物的比例大致协调，没有极端小型化或比例失调。
9. 房屋、树木和人物之间的关系自然，没有极端隔离或不连贯的空间关系。
10. 线条自然、连续，没有异常大面积涂黑。

【支持异常的证据】
1. 房屋、树木、人物中的一个或多个核心对象完全缺失，且无法由裁剪、遮挡或画法解释。
2. 整幅画极度简化，只剩极少线条，大量重要结构同时消失，整体信息量异常低。
3. 房、树、人整体只占巨大画布中极小区域，周围存在大量空白。
4. 三个对象之间距离极端遥远，某个对象明显孤立，或者整个场景严重碎片化。
5. 存在大量非常微弱、间断、犹豫、僵硬或严重潦草的线条。
6. 存在异常大面积涂黑、重度阴影或某个对象被明显过度强调。"
dataset/HTP/01/00/01_00_01_0002.jpg,01,00,01,0.009708474753363424,"【支持正常的证据】
1. 房屋、树木、人物三个核心对象均能够清楚识别，并且基本完整。
2. 三个对象在画面中的大小适中，没有全部挤在极小区域，也没有明显超出或压迫整个画面。
3. 房、树、人之间保持自然、合理的空间距离，没有明显孤立或被大片空白强行分隔。
4. 三个对象能够形成基本连贯的场景，例如共享地面、方向一致、空间位置合理，整体看起来属于同一个环境。
5. 整体构图稳定，没有明显失衡、极端偏向某个角落或严重碎片化。
6. 线条总体连续、自然、力度相对稳定，没有大量异常断裂、极端微弱或杂乱涂画。
7. 画面具有适量细节。可以简单，但主要对象的基本结构能够表达清楚。
8. 房屋、树木、人物的比例大致协调，没有极端小型化或比例失调。
9. 房屋结构稳定，屋顶、墙壁等主要组成部分合理。
10. 树木结构自然，没有明显截断或畸形。
11. 人物身体主要结构完整，比例不存在严重失调。
12. 整体构图稳定且场景连贯，没有明显异常的大面积涂黑。
13. 线条自然、连续，没有异常大面积涂黑。
14. 人物位于房屋和树木形成的环境中，没有极端隔离。
15. 画面存在多个相互独立的正常积极特征。

【支持异常的证据】
1. 无明显异常特征。"
dataset/HTP/01/00/01_00_01_0003.jpg,01,00,01,0.053403324903538434,"【支持正常的证据】
1. 房屋、树木、人物三个核心对象均能够清楚识别，并且基本完整。
2. 三个对象在画面中的大小适中，没有全部挤在极小区域，也没有明显超出或压迫整个画面。
3. 房、树、人之间保持自然、合理的空间距离，没有明显孤立或被大片空白强行分隔。
4. 三个对象能够形成基本连贯的场景，例如共享地面、方向一致、空间位置合理，整体看起来属于同一个环境。
5. 整体构图稳定，没有明显失衡、极端偏向某个角落或严重碎片化。
6. 线条总体连续、自然、力度相对稳定，没有大量异常断裂、极端微弱或杂乱涂画。
7. 画面具有适量细节。可以简单，但主要对象的基本结构能够表达清楚。
8. 房屋、树木、人物的比例大致协调，没有极端小型化或比例失调。
9. 整体场景连贯，没有明显选择性结构缺失。
10. 线条自然、连续，没有异常大面积涂黑。

【支持异常的证据】
1. 人物缺少手臂，手臂被选择性省略。
2. 房屋缺少窗户，窗户被选择性省略。
3. 树木缺少叶子，可能是由于绘画风格或季节性因素导致。
4. 房屋、树木和人物之间存在一定的空间距离，但没有极端隔离。
5. 线条有些许犹豫和不连续，但整体上仍保持自然。
6. 人物缺少面部特征，但整体结构基本完整。
7. 房屋和树木结构较为简单，但没有明显扭曲或怪异。"
dataset/HTP/01/00/01_00_01_0004.jpg,01,00,01,0.08509904732734556,"【支持正常的证据】
1. 房屋、树木、人物三个核心对象均能够清楚识别，并且基本完整。
2. 三个对象在画面中的大小适中，没有全部挤在极小区域，也没有明显超出或压迫整个画面。
3. 房、树、人之间保持自然、合理的空间距离，没有明显孤立或被大片空白强行分隔。
4. 三个对象能够形成基本连贯的场景，例如共享地面、方向一致、空间位置合理，整体看起来属于同一个环境，而不是三个互不相关的符号。
5. 整体构图稳定，没有明显失衡、极端偏向某个角落或严重碎片化。
6. 线条总体连续、自然、力度相对稳定，没有大量异常断裂、极端微弱或杂乱涂画。
7. 画面具有适量细节。可以简单，但主要对象的基本结构能够表达清楚。
8. 房屋、树木、人物的比例大致协调，没有极端小型化或比例失调。
9. 房屋、树木和人物之间的关系自然，没有极端隔离或不连贯的空间关系。
10. 线条自然、连续，没有异常大面积涂黑。

【支持异常的证据】
1. 人物缺少眼睛、鼻子、嘴巴等主要面部特征。
2. 树木缺少叶子，但整体结构自然。
3. 房屋缺少窗户，但整体结构稳定。
4. 人物的手臂和腿部线条较为简单，但整体结构完整。
5. 房屋和树木的细节丰富，但人物的细节较少。
6. 人物的比例有些夸张，但整体结构合理。
7. 画面中存在一些重复的细节，如眼睛和鼻子的数量较多。
8. 人物缺少表情，但整体风格统一。"
dataset/HTP/01/00/01_00_01_0005.jpg,01,00,01,0.014063626423394072,"【支持正常的证据】
1. 房屋、树木、人物三个核心对象均能够清楚识别，并且基本完整。
2. 三个对象在画面中的大小适中，没有全部挤在极小区域，也没有明显超出或压迫整个画面。
3. 房、树、人之间保持自然、合理的空间距离，没有明显孤立或被大片空白强行分隔。
4. 三个对象能够形成基本连贯的场景，例如共享地面、方向一致、空间位置合理，整体看起来属于同一个环境，而不是三个互不相关的符号。
5. 整体构图稳定，没有明显失衡、极端偏向某个角落或严重碎片化。
6. 线条总体连续、自然、力度相对稳定，没有大量异常断裂、极端微弱或杂乱涂画。
7. 画面具有适量细节。可以简单，但主要对象的基本结构能够表达清楚。
8. 房屋、树木、人物的比例大致协调，没有极端小型化或比例失调。
9. 房屋、树木和人物之间的关系自然，没有极端隔离或不连贯的空间关系。
10. 线条自然、连续，没有异常大面积涂黑。

【支持异常的证据】
1. 无。"
dataset/HTP/01/00/01_00_01_0006.jpg,01,00,01,0.009708474753363424,"【支持正常的证据】
1. 房屋、树木、人物三个核心对象均能够清楚识别，并且基本完整。
2. 三个对象在画面中的大小适中，没有全部挤在极小区域，也没有明显超出或压迫整个画面。
3. 房、树、人之间保持自然、合理的空间距离，没有明显孤立或被大片空白强行分隔。
4. 三个对象能够形成基本连贯的场景，例如共享地面、方向一致、空间位置合理，整体看起来属于同一个环境，而不是三个互不相关的符号。
5. 整体构图稳定，没有明显失衡、极端偏向某个角落或严重碎片化。
6. 线条总体连续、自然、力度相对稳定，没有大量异常断裂、极端微弱或杂乱涂画。
7. 画面具有适量细节。可以简单，但主要对象的基本结构能够表达清楚。
8. 房屋、树木、人物的比例大致协调，没有极端小型化或比例失调。
9. 房屋结构稳定，主要组成部分合理，没有明显倒塌、断裂或严重几何变形。
10. 树木结构自然，没有严重截断或畸形。
11. 人物身体主要结构完整，比例不存在严重失调。
12. 整体构图稳定且场景连贯。
13. 线条自然、连续，没有异常大面积涂黑。
14. 没有明显的选择性结构缺失。
15. 仅存在少数能够由绘画水平、年龄、风格或普通构图解释的轻微异常。

【支持异常的证据】
1. 无明显异常特征。"
dataset/HTP/01/00/01_00_01_0007.jpg,01,00,01,0.012431653620200803,"【支持正常的证据】
1. 房屋、树木、人物三个核心对象均能够清楚识别，并且基本完整。
2. 三个对象在画面中的大小适中，没有全部挤在极小区域，也没有明显超出或压迫整个画面。
3. 房、树、人之间保持自然、合理的空间距离，没有明显孤立或被大片空白强行分隔。
4. 三个对象能够形成基本连贯的场景，例如共享地面、方向一致、空间位置合理，整体看起来属于同一个环境，而不是三个互不相关的符号。
5. 整体构图稳定，没有明显失衡、极端偏向某个角落或严重碎片化。
6. 线条总体连续、自然、力度相对稳定，没有大量异常断裂、极端微弱或杂乱涂画。
7. 画面具有适量细节。可以简单，但主要对象的基本结构能够表达清楚。
8. 房屋、树木、人物的比例大致协调，没有极端小型化或比例失调。
9. 房屋、树木和人物的相对大小基本合理，没有非常极端的尺寸差异。
10. 人物身体主要结构完整，比例不存在严重失调。
11. 整体构图稳定且场景连贯，没有明显异常的大面积涂黑。
12. 人物和房屋、树木之间保持自然距离，没有极端隔离。
13. 画面中存在少量细节，如窗户、门、树枝等，与主体自然结合。
14. 人物和房屋、树木之间没有明显选择性结构缺失。

【支持异常的证据】
1. 无明显异常特征。"
dataset/HTP/01/00/01_00_01_0008.jpg,01,00,01,0.16451646904109268,"【支持正常的证据】
1. 房屋、树木、人物三个核心对象均能够清楚识别，并且基本完整。
2. 三个对象在画面中的大小适中，没有全部挤在极小区域，也没有明显超出或压迫整个画面。
3. 房、树、人之间保持自然、合理的空间距离，没有明显孤立或被大片空白强行分隔。
4. 三个对象能够形成基本连贯的场景，例如共享地面、方向一致、空间位置合理，整体看起来属于同一个环境，而不是三个互不相关的符号。
5. 整体构图稳定，没有明显失衡、极端偏向某个角落或严重碎片化。
6. 线条总体连续、自然、力度相对稳定，没有大量异常断裂、极端微弱或杂乱涂画。
7. 画面具有适量细节。可以简单，但主要对象的基本结构能够表达清楚。
8. 没有大面积、无明显绘画目的的异常涂黑、重阴影或局部反复强调。

【支持异常的证据】
1. 树木相对于其他主体和画布极端微小。
2. 树干或树冠出现明显、突然、没有合理原因的截断。
3. 树木明确表现为死亡、严重枯萎、破损或大量枝干折断，而不是单纯没有叶子。"
dataset/HTP/01/00/01_00_01_0009.jpg,01,00,01,0.00857748525531428,"【支持正常的证据】
1. 房屋、树木、人物三个核心对象均能够清楚识别，并且基本完整。
2. 三个对象在画面中的大小适中，没有全部挤在极小区域，也没有明显超出或压迫整个画面。
3. 房、树、人之间保持自然、合理的空间距离，没有明显孤立或被大片空白强行分隔。
4. 三个对象能够形成基本连贯的场景，例如共享地面、方向一致、空间位置合理，整体看起来属于同一个环境，而不是三个互不相关的符号。
5. 整体构图稳定，没有明显失衡、极端偏向某个角落或严重碎片化。
6. 线条总体连续、自然、力度相对稳定，没有大量异常断裂、极端微弱或杂乱涂画。
7. 画面具有适量细节。可以简单，但主要对象的基本结构能够表达清楚。
8. 房屋、树木、人物的比例大致协调，没有极端小型化或比例失调。
9. 房屋结构稳定，主要组成部分合理，没有明显倒塌、断裂或严重几何变形。
10. 树木结构自然，没有严重截断或畸形。
11. 人物身体主要结构完整，比例不存在严重失调。
12. 整体构图稳定且场景连贯。
13. 线条自然、连续，没有异常大面积涂黑。
14. 没有明显的选择性结构缺失。
15. 仅存在少数能够由绘画水平、年龄、风格或普通构图解释的轻微异常。

【支持异常的证据】
1. 无。"
dataset/HTP/01/00/01_00_01_0010.jpg,01,00,01,0.010986941578116865,"【支持正常的证据】
1. 房屋、树木、人物三个核心对象均能够清楚识别，并且基本完整。
2. 三个对象在画面中的大小适中，没有全部挤在极小区域，也没有明显超出或压迫整个画面。
3. 房、树、人之间保持自然、合理的空间距离，没有明显孤立或被大片空白强行分隔。
4. 三个对象能够形成基本连贯的场景，例如共享地面、方向一致、空间位置合理，整体看起来属于同一个环境，而不是三个互不相关的符号。
5. 整体构图稳定，没有明显失衡、极端偏向某个角落或严重碎片化。
6. 线条总体连续、自然、力度相对稳定，没有大量异常断裂、极端微弱或杂乱涂画。
7. 画面具有适量细节。可以简单，但主要对象的基本结构能够表达清楚。
8. 房屋、树木、人物的比例大致协调，没有极端小型化或比例失调。
9. 房屋结构稳定，主要组成部分合理，没有明显倒塌、断裂或严重几何变形。
10. 树木结构自然，没有严重截断或畸形。
11. 人物身体主要结构完整，比例不存在严重失调。
12. 整体构图稳定且场景连贯。
13. 线条自然、连续，没有异常大面积涂黑。
14. 没有明显的选择性结构缺失。
15. 仅存在少数能够由绘画水平、年龄、风格或普通构图解释的轻微异常。

【支持异常的证据】
1. 无。"
dataset/HTP/01/00/01_00_01_0011.jpg,01,00,01,0.012431653620200803,"【支持正常的证据】
1. 房屋、树木、人物三个核心对象均能够清楚识别，并且基本完整。
2. 三个对象在画面中的大小适中，没有全部挤在极小区域，也没有明显超出或压迫整个画面。
3. 房、树、人之间保持自然、合理的空间距离，没有明显孤立或被大片空白强行分隔。
4. 三个对象能够形成基本连贯的场景，例如共享地面、方向一致、空间位置合理，整体看起来属于同一个环境，而不是三个互不相关的符号。
5. 整体构图稳定，没有明显失衡、极端偏向某个角落或严重碎片化。
6. 线条总体连续、自然、力度相对稳定，没有大量异常断裂、极端微弱或杂乱涂画。
7. 画面具有适量细节。可以简单，但主要对象的基本结构能够表达清楚。
8. 房屋、树木、人物的比例大致协调，没有极端小型化或比例失调。
9. 房屋、树木和人物之间的相对大小基本合理，没有非常极端的尺寸差异。
10. 人物身体主要结构完整，比例不存在严重失调。
11. 整体构图稳定且场景连贯，没有明显异常的大面积涂黑。
12. 线条自然、连续，没有异常大面积涂黑。
13. 没有明显的选择性结构缺失。
14. 仅存在少数能够由绘画水平、年龄、风格或普通构图解释的轻微异常。

【支持异常的证据】
1. 无。"
dataset/HTP/01/00/01_00_01_0012.jpg,01,00,01,0.014063626423394072,"【支持正常的证据】
1. 房屋、树木、人物三个核心对象均能够清楚识别，并且基本完整。
2. 三个对象在画面中的大小适中，没有全部挤在极小区域，也没有明显超出或压迫整个画面。
3. 房、树、人之间保持自然、合理的空间距离，没有明显孤立或被大片空白强行分隔。
4. 三个对象能够形成基本连贯的场景，例如共享地面、方向一致、空间位置合理，整体看起来属于同一个环境，而不是三个互不相关的符号。
5. 整体构图稳定，没有明显失衡、极端偏向某个角落或严重碎片化。
6. 线条总体连续、自然、力度相对稳定，没有大量异常断裂、极端微弱或杂乱涂画。
7. 画面具有适量细节。可以简单，但主要对象的基本结构能够表达清楚。
8. 房屋、树木、人物的比例大致协调，没有极端小型化或比例失调。
9. 房屋结构稳定，墙体、屋顶等主要结构完整，没有明显倒塌、断裂或严重几何变形。
10. 树木结构自然，树干、树冠、树枝等主要部分能够正常识别，整体结构基本完整。
11. 人物头部、躯干、手臂和腿等主要身体结构基本完整，连接关系自然，没有明显断裂、错位或无法解释的结构缺失。
12. 人物大小与房屋、树木和整个画布基本协调，不存在极端小型化。
13. 人物整体比例基本合理，没有明显选择性结构缺失。
14. 房屋、树木和人物的相对大小基本合理，没有非常极端的尺寸差异。
15. 三者之间保持自然距离，没有某个对象被极端隔离。
16. 整体构图稳定且场景连贯，线条自然、连续，没有异常大面积涂黑。

【支持异常的证据】
1. 无。"
dataset/HTP/01/00/01_00_01_0013.jpg,01,00,01,0.010986941578116865,"【支持正常的证据】
1. 房屋、树木、人物三个核心对象均能够清楚识别，并且基本完整。
2. 三个对象在画面中的大小适中，没有全部挤在极小区域，也没有明显超出或压迫整个画面。
3. 房、树、人之间保持自然、合理的空间距离，没有明显孤立或被大片空白强行分隔。
4. 三个对象能够形成基本连贯的场景，例如共享地面、方向一致、空间位置合理，整体看起来属于同一个环境。
5. 整体构图稳定，没有明显失衡、极端偏向某个角落或严重碎片化。
6. 线条总体连续、自然、力度相对稳定，没有大量异常断裂、极端微弱或杂乱涂画。
7. 画面具有适量细节。可以简单，但主要对象的基本结构能够表达清楚。
8. 房屋、树木、人物的比例大致协调，没有极端小型化或比例失调。
9. 房屋结构稳定，屋顶、墙壁等主要组成部分合理。
10. 树木结构自然，没有明显截断或畸形。
11. 人物身体主要结构完整，比例不存在严重失调。
12. 整体构图稳定且场景连贯，没有明显异常的大面积涂黑。
13. 线条自然、连续，没有异常大面积涂黑。
14. 没有明显的选择性结构缺失。
15. 仅存在少数能够由绘画水平、年龄、风格或普通构图解释的轻微异常。

【支持异常的证据】
1. 无明显异常特征。"
dataset/HTP/01/00/01_00_01_0014.jpg,01,00,01,0.02033235323135295,"【支持正常的证据】
1. 房屋、树木、人物三个核心对象均能够清楚识别，并且基本完整。
2. 三个对象在画面中的大小适中，没有全部挤在极小区域，也没有明显超出或压迫整个画面。
3. 房、树、人之间保持自然、合理的空间距离，没有明显孤立或被大片空白强行分隔。
4. 三个对象能够形成基本连贯的场景，例如共享地面、方向一致、空间位置合理，整体看起来属于同一个环境。
5. 整体构图稳定，没有明显失衡、极端偏向某个角落或严重碎片化。
6. 线条总体连续、自然、力度相对稳定，没有大量异常断裂、极端微弱或杂乱涂画。
7. 画面具有适量细节。可以简单，但主要对象的基本结构能够表达清楚。
8. 房屋、树木、人物之间的关系自然，没有极端隔离或不连贯的场景。
9. 没有大面积、无明显绘画目的的异常涂黑、重阴影或局部反复强调。

【支持异常的证据】
1. 人物头部、躯干、手臂和腿等主要身体结构基本完整。
2. 人物各身体部分连接关系自然，没有明显断裂、错位或无法解释的结构缺失。
3. 人物整体比例基本合理。
4. 人物大小与房屋、树木和整个画布基本协调。
5. 人物采用火柴人、单线手臂或单线腿的简单风格时，如果整个人物风格统一并且结构完整，不能因为简单就判断异常。
6. 人物可以正面、侧面或其他姿势，只要身体结构基本合理，都可以属于正常表现。
7. 普通衣服填色、头发填色或身体局部自然阴影不能作为异常证据。
8. 面部表情自然、中性、微笑或其他与场景协调的普通表情，可以支持正常判断。
9. 即使人物没有明显表情，只要画法简单且没有其他异常支持，也不能因为表情中性就判断异常。"
dataset/HTP/01/00/01_00_01_0015.jpg,01,00,01,0.13296423160844623,"【支持正常的证据】
1. 房屋、树木、人物三个核心对象均能够清楚识别，并且基本完整。
2. 三个对象在画面中的大小适中，没有全部挤在极小区域，也没有明显超出或压迫整个画面。
3. 房、树、人之间保持自然、合理的空间距离，没有明显孤立或被大片空白强行分隔。
4. 三个对象能够形成基本连贯的场景，例如共享地面、方向一致、空间位置合理，整体看起来属于同一个环境。
5. 整体构图稳定，没有明显失衡、极端偏向某个角落或严重碎片化。
6. 线条总体连续、自然、力度相对稳定，没有大量异常断裂、极端微弱或杂乱涂画。
7. 画面具有适量细节。可以简单，但主要对象的基本结构能够表达清楚。
8. 房屋、树木、人物之间保持自然的距离，没有极端隔离。
9. 整体构图协调，没有大面积异常涂黑或阴影。

【支持异常的证据】
1. 人物缺少手臂，手臂被选择性省略。
2. 树木的树冠被异常压缩或严重扁平。
3. 房屋缺少窗户，窗户被选择性省略。"
dataset/HTP/01/00/01_00_01_0016.jpg,01,00,01,0.10669058897496679,"【支持正常的证据】
1. 房屋、树木、人物三个核心对象均能够清楚识别，并且基本完整。
2. 三个对象在画面中的大小适中，没有全部挤在极小区域，也没有明显超出或压迫整个画面。
3. 房、树、人之间保持自然、合理的空间距离，没有明显孤立或被大片空白强行分隔。
4. 三个对象能够形成基本连贯的场景，例如共享地面、方向一致、空间位置合理，整体看起来属于同一个环境，而不是三个互不相关的符号。
5. 整体构图稳定，没有明显失衡、极端偏向某个角落或严重碎片化。
6. 线条总体连续、自然、力度相对稳定，没有大量异常断裂、极端微弱或杂乱涂画。
7. 画面具有适量细节。可以简单，但主要对象的基本结构能够表达清楚。
8. 房屋、树木、人物的比例大致协调，没有极端小型化或比例失调。
9. 整体场景连贯，没有明显选择性结构缺失。
10. 线条自然、连续，没有异常大面积涂黑。

【支持异常的证据】
1. 人物明显没有完成，例如主要身体区域完全缺失、头部缺失、躯干缺失、多个必要身体部分缺失，或者身体不同部分明显断开。
2. 房屋、树木和人物分别孤立在互不相关的区域。
3. 三个对象的尺寸比例严重不协调。
4. 房屋、树木和人物之间在空间上和语义上明显断开，无法组成基本连贯场景。"
dataset/HTP/01/00/01_00_01_0017.jpg,01,00,01,0.012431653620200803,"【支持正常的证据】
1. 房屋、树木、人物三个核心对象均能够清楚识别，并且基本完整。
2. 三个对象在画面中的大小适中，没有全部挤在极小区域，也没有明显超出或压迫整个画面。
3. 房、树、人之间保持自然、合理的空间距离，没有明显孤立或被大片空白强行分隔。
4. 三个对象能够形成基本连贯的场景，例如共享地面、方向一致、空间位置合理，整体看起来属于同一个环境，而不是三个互不相关的符号。
5. 整体构图稳定，没有明显失衡、极端偏向某个角落或严重碎片化。
6. 线条总体连续、自然、力度相对稳定，没有大量异常断裂、极端微弱或杂乱涂画。
7. 画面具有适量细节。可以简单，但主要对象的基本结构能够表达清楚。
8. 房屋、树木、人物的比例大致协调，没有极端小型化或比例失调。
9. 整体场景连贯，没有明显选择性结构缺失。
10. 线条自然、连续，没有异常大面积涂黑。

【支持异常的证据】
1. 无。"
dataset/HTP/01/00/01_00_01_0018.jpg,01,00,01,0.010986941578116865,"【支持正常的证据】
1. 房屋、树木、人物三个核心对象均能够清楚识别，并且基本完整。
2. 三个对象在画面中的大小适中，没有全部挤在极小区域，也没有明显超出或压迫整个画面。
3. 房、树、人之间保持自然、合理的空间距离，没有明显孤立或被大片空白强行分隔。
4. 三个对象能够形成基本连贯的场景，例如共享地面、方向一致、空间位置合理，整体看起来属于同一个环境，而不是三个互不相关的符号。
5. 整体构图稳定，没有明显失衡、极端偏向某个角落或严重碎片化。
6. 线条总体连续、自然、力度相对稳定，没有大量异常断裂、极端微弱或杂乱涂画。
7. 画面具有适量细节。可以简单，但主要对象的基本结构能够表达清楚。
8. 房屋、树木、人物的比例大致协调，没有极端小型化或比例失调。
9. 房屋结构稳定，屋顶、烟囱、门窗等细节自然、适量并与房屋结构协调。
10. 树木结构自然，树干、树冠、树枝等主要部分能够正常识别，比例基本合理。
11. 人物头部、躯干、手臂和腿等主要身体结构基本完整，连接关系自然。
12. 人物大小与房屋、树木和整个画布基本协调，不存在极端小型化。
13. 整体构图稳定且场景连贯，没有明显异常的大面积涂黑、极端小型化或异常隔离。
14. 人物身体主要结构完整，比例不存在严重失调。
15. 房屋、树木和人物之间的相对大小基本合理，没有非常极端的尺寸差异。
16. 三者之间保持自然距离，没有某个对象被极端隔离。
17. 人物能够自然地处于房屋和树木形成的环境中，而不是完全脱离其他对象。

【支持异常的证据】
1. 无。"
dataset/HTP/01/00/01_00_01_0019.jpg,01,00,01,0.07585817323116976,"【支持正常的证据】
1. 房屋、树木、人物三个核心对象均能够清楚识别，并且基本完整。
2. 三个对象在画面中的大小适中，没有全部挤在极小区域，也没有明显超出或压迫整个画面。
3. 房、树、人之间保持自然、合理的空间距离，没有明显孤立或被大片空白强行分隔。
4. 三个对象能够形成基本连贯的场景，例如共享地面、方向一致、空间位置合理，整体看起来属于同一个环境，而不是三个互不相关的符号。
5. 整体构图稳定，没有明显失衡、极端偏向某个角落或严重碎片化。
6. 线条总体连续、自然、力度相对稳定，没有大量异常断裂、极端微弱或杂乱涂画。
7. 画面具有适量细节。可以简单，但主要对象的基本结构能够表达清楚。
8. 没有大面积、无明显绘画目的的异常涂黑、重阴影或局部反复强调。

【支持异常的证据】
1. 房屋、树木、人物中的一个或多个核心对象完全缺失，且无法由裁剪、遮挡或画法解释。
2. 整幅画极度简化，只剩极少线条，大量重要结构同时消失，整体信息量异常低。
3. 房、树、人整体只占巨大画布中极小区域，周围存在大量空白。
4. 三个对象之间距离极端遥远，某个对象明显孤立，或者整个场景严重碎片化。
5. 对象像漂浮在不同区域，彼此几乎没有空间联系，整体场景严重不连贯。
6. 存在大量非常微弱、间断、犹豫、僵硬或严重潦草的线条。
7. 存在异常大面积涂黑、重度阴影或某个对象被明显过度强调。"
dataset/HTP/01/00/01_00_01_0020.jpg,01,00,01,0.010986941578116865,"【支持正常的证据】
1. 房屋、树木、人物三个核心对象均能够清楚识别，并且基本完整。
2. 三个对象在画面中的大小适中，没有全部挤在极小区域，也没有明显超出或压迫整个画面。
3. 房、树、人之间保持自然、合理的空间距离，没有明显孤立或被大片空白强行分隔。
4. 三个对象能够形成基本连贯的场景，例如共享地面、方向一致、空间位置合理，整体看起来属于同一个环境，而不是三个互不相关的符号。
5. 整体构图稳定，没有明显失衡、极端偏向某个角落或严重碎片化。
6. 线条总体连续、自然、力度相对稳定，没有大量异常断裂、极端微弱或杂乱涂画。
7. 画面具有适量细节。可以简单，但主要对象的基本结构能够表达清楚。
8. 房屋、树木、人物的比例大致协调，没有极端小型化或比例失调。
9. 房屋结构稳定，主要组成部分合理，没有明显倒塌、断裂或严重几何变形。
10. 树木结构自然，没有严重截断或畸形。
11. 人物身体主要结构完整，比例不存在严重失调。
12. 整体构图稳定且场景连贯。
13. 线条自然、连续，没有异常大面积涂黑。
14. 没有明显的选择性结构缺失。
15. 仅存在少数能够由绘画水平、年龄、风格或普通构图解释的轻微异常。

【支持异常的证据】
1. 无。"
dataset/HTP/01/00/01_00_01_0021.jpg,01,00,01,0.010986941578116865,"【支持正常的证据】
1. 房屋、树木、人物三个核心对象均能够清楚识别，并且基本完整。
2. 三个对象在画面中的大小适中，没有全部挤在极小区域，也没有明显超出或压迫整个画面。
3. 房、树、人之间保持自然、合理的空间距离，没有明显孤立或被大片空白强行分隔。
4. 三个对象能够形成基本连贯的场景，例如共享地面、方向一致、空间位置合理，整体看起来属于同一个环境，而不是三个互不相关的符号。
5. 整体构图稳定，没有明显失衡、极端偏向某个角落或严重碎片化。
6. 线条总体连续、自然、力度相对稳定，没有大量异常断裂、极端微弱或杂乱涂画。
7. 画面具有适量细节。可以简单，但主要对象的基本结构能够表达清楚。
8. 房屋、树木、人物的比例大致协调，没有极端小型化或比例失调。
9. 房屋、树木和人物的相对大小基本合理，没有非常极端的尺寸差异。
10. 房屋结构稳定，主要组成部分合理，没有明显倒塌、断裂或严重几何变形。
11. 树木结构自然，没有严重截断或畸形。
12. 人物身体主要结构完整，比例不存在严重失调。
13. 整体构图稳定且场景连贯，没有明显异常的大面积涂黑。
14. 线条自然、连续，没有异常大面积涂黑。
15. 没有明显的选择性结构缺失。
16. 仅存在少数能够由绘画水平、年龄、风格或普通构图解释的轻微异常。

【支持异常的证据】
1. 无。"
dataset/HTP/01/00/01_00_01_0022.jpg,01,00,01,0.00857748525531428,"【支持正常的证据】
1. 房屋、树木、人物三个核心对象均能够清楚识别，并且基本完整。
2. 三个对象在画面中的大小适中，没有全部挤在极小区域，也没有明显超出或压迫整个画面。
3. 房、树、人之间保持自然、合理的空间距离，没有明显孤立或被大片空白强行分隔。
4. 三个对象能够形成基本连贯的场景，例如共享地面、方向一致、空间位置合理，整体看起来属于同一个环境，而不是三个互不相关的符号。
5. 整体构图稳定，没有明显失衡、极端偏向某个角落或严重碎片化。
6. 线条总体连续、自然、力度相对稳定，没有大量异常断裂、极端微弱或杂乱涂画。
7. 画面具有适量细节。可以简单，但主要对象的基本结构能够表达清楚。
8. 房屋、树木、人物的比例大致协调，没有极端小型化或比例失调。
9. 房屋结构稳定，屋顶、烟囱、门窗等细节自然、适量并与房屋结构协调。
10. 树木结构自然，树干、树冠、树枝等主要部分能够正常识别，比例基本合理。
11. 人物头部、躯干、手臂和腿等主要身体结构基本完整，连接关系自然，比例基本合理。
12. 房屋、树木和人物的相对大小基本合理，没有非常极端的尺寸差异。
13. 人物能够自然地处于房屋和树木形成的环境中，而不是完全脱离其他对象。
14. 线条自然、连续，没有异常大面积涂黑。

【支持异常的证据】
1. 无。"
dataset/HTP/01/00/01_00_01_0023.jpg,01,00,01,0.010986941578116865,"【支持正常的证据】
1. 房屋、树木、人物三个核心对象均能够清楚识别，并且基本完整。
2. 三个对象在画面中的大小适中，没有全部挤在极小区域，也没有明显超出或压迫整个画面。
3. 房、树、人之间保持自然、合理的空间距离，没有明显孤立或被大片空白强行分隔。
4. 三个对象能够形成基本连贯的场景，例如共享地面、方向一致、空间位置合理，整体看起来属于同一个环境。
5. 整体构图稳定，没有明显失衡、极端偏向某个角落或严重碎片化。
6. 线条总体连续、自然、力度相对稳定，没有大量异常断裂、极端微弱或杂乱涂画。
7. 画面具有适量细节。可以简单，但主要对象的基本结构能够表达清楚。
8. 房屋、树木、人物的比例大致协调，没有极端小型化或比例失调。
9. 房屋结构稳定，主要组成部分合理，没有明显倒塌、断裂或严重几何变形。
10. 树木结构自然，没有严重截断或畸形。
11. 人物身体主要结构完整，比例不存在严重失调。
12. 整体构图稳定且场景连贯。
13. 线条自然、连续，没有异常大面积涂黑。
14. 没有明显的选择性结构缺失。
15. 仅存在少数能够由绘画水平、年龄、风格或普通构图解释的轻微异常。

【支持异常的证据】
1. 无明显异常特征。"
dataset/HTP/01/00/01_00_01_0024.jpg,01,00,01,0.025957357762928745,"【支持正常的证据】
1. 房屋、树木、人物三个核心对象均能够清楚识别，并且基本完整。
2. 三个对象在画面中的大小适中，没有全部挤在极小区域，也没有明显超出或压迫整个画面。
3. 房、树、人之间保持自然、合理的空间距离，没有明显孤立或被大片空白强行分隔。
4. 三个对象能够形成基本连贯的场景，例如共享地面、方向一致、空间位置合理，整体看起来属于同一个环境，而不是三个互不相关的符号。
5. 整体构图稳定，没有明显失衡、极端偏向某个角落或严重碎片化。
6. 线条总体连续、自然、力度相对稳定，没有大量异常断裂、极端微弱或杂乱涂画。
7. 画面具有适量细节。可以简单，但主要对象的基本结构能够表达清楚。
8. 房屋、树木、人物的比例大致协调，没有极端小型化或比例失调。
9. 房屋结构稳定，主要组成部分合理，没有明显倒塌、断裂或严重几何变形。
10. 树木结构自然，没有严重截断或畸形。
11. 人物身体主要结构完整，比例不存在严重失调。
12. 整体构图稳定且场景连贯。
13. 线条自然、连续，没有异常大面积涂黑。
14. 没有明显的选择性结构缺失。
15. 仅存在少数能够由绘画水平、年龄、风格或普通构图解释的轻微异常。

【支持异常的证据】
1. 人物缺少脸部，但整体结构仍然清晰。
2. 树木缺少叶子，但整体结构仍然清晰。
3. 房屋缺少窗户，但整体结构仍然清晰。
4. 房屋、树木、人物之间存在自然的距离，没有极端隔离。
5. 人物大小与房屋、树木和整个画布基本协调，不存在极端小型化。
6. 房屋、树木和人物的相对大小基本合理，没有非常极端的尺寸差异。
7. 人物身体连接关系自然，没有明显断裂、错位或无法解释的结构缺失。
8. 房屋、树木和人物之间保持自然距离，没有某个对象被极端隔离。
9. 对象具有基本共同空间，例如共享地面、位置关系能够形成一个完整场景。
10. 人物能够自然地处于房屋和树木形成的环境中，而不是完全脱离其他对象。"
dataset/HTP/01/00/01_00_01_0025.jpg,01,00,01,0.009708474753363424,"【支持正常的证据】
1. 房屋、树木、人物三个核心对象均能够清楚识别，并且基本完整。
2. 三个对象在画面中的大小适中，没有全部挤在极小区域，也没有明显超出或压迫整个画面。
3. 房、树、人之间保持自然、合理的空间距离，没有明显孤立或被大片空白强行分隔。
4. 三个对象能够形成基本连贯的场景，例如共享地面、方向一致、空间位置合理，整体看起来属于同一个环境，而不是三个互不相关的符号。
5. 整体构图稳定，没有明显失衡、极端偏向某个角落或严重碎片化。
6. 线条总体连续、自然、力度相对稳定，没有大量异常断裂、极端微弱或杂乱涂画。
7. 画面具有适量细节。可以简单，但主要对象的基本结构能够表达清楚。
8. 房屋、树木、人物的比例大致协调，没有极端小型化或比例失调。
9. 整体场景连贯，没有明显选择性结构缺失。
10. 线条自然、连续，没有异常大面积涂黑。

【支持异常的证据】
1. 无明显异常特征。"
dataset/HTP/01/00/01_00_01_0026.jpg,01,00,01,0.015906393344589397,"【支持正常的证据】
1. 房屋、树木、人物三个核心对象均能够清楚识别，并且基本完整。
2. 三个对象在画面中的大小适中，没有全部挤在极小区域，也没有明显超出或压迫整个画面。
3. 房、树、人之间保持自然、合理的空间距离，没有明显孤立或被大片空白强行分隔。
4. 三个对象能够形成基本连贯的场景，例如共享地面、方向一致、空间位置合理，整体看起来属于同一个环境。
5. 整体构图稳定，没有明显失衡、极端偏向某个角落或严重碎片化。
6. 线条总体连续、自然、力度相对稳定，没有大量异常断裂、极端微弱或杂乱涂画。
7. 画面具有适量细节。可以简单，但主要对象的基本结构能够表达清楚。
8. 房屋、树木、人物的比例大致协调，没有极端小型化或比例失调。
9. 房屋结构稳定，没有明显倒塌、断裂或严重几何变形。
10. 树木结构自然，没有明显截断或畸形。
11. 人物身体主要结构完整，比例不存在严重失调。
12. 整体构图稳定且场景连贯。
13. 线条自然、连续，没有异常大面积涂黑。
14. 没有明显的选择性结构缺失。
15. 仅存在少数能够由绘画水平、年龄、风格或普通构图解释的轻微异常。

【支持异常的证据】
1. 无。"
dataset/HTP/01/00/01_00_01_0027.jpg,01,00,01,0.012431653620200803,"【支持正常的证据】
1. 房屋、树木、人物三个核心对象均能够清楚识别，并且基本完整。
2. 三个对象在画面中的大小适中，没有全部挤在极小区域，也没有明显超出或压迫整个画面。
3. 房、树、人之间保持自然、合理的空间距离，没有明显孤立或被大片空白强行分隔。
4. 三个对象能够形成基本连贯的场景，例如共享地面、方向一致、空间位置合理，整体看起来属于同一个环境，而不是三个互不相关的符号。
5. 整体构图稳定，没有明显失衡、极端偏向某个角落或严重碎片化。
6. 线条总体连续、自然、力度相对稳定，没有大量异常断裂、极端微弱或杂乱涂画。
7. 画面具有适量细节。可以简单，但主要对象的基本结构能够表达清楚。
8. 房屋、树木、人物的比例大致协调，没有极端小型化或比例失调。
9. 房屋、树木和人物的相对大小基本合理，没有非常极端的尺寸差异。
10. 人物身体主要结构完整，比例不存在严重失调。
11. 整体构图稳定且场景连贯，没有明显异常的大面积涂黑。
12. 线条自然、连续，没有异常大面积涂黑。
13. 没有明显的选择性结构缺失。
14. 仅存在少数能够由绘画水平、年龄、风格或普通构图解释的轻微异常。

【支持异常的证据】
1. 无。"
dataset/HTP/01/00/01_00_01_0028.jpg,01,00,01,0.014063626423394072,"【支持正常的证据】
1. 房屋、树木、人物三个核心对象均能够清楚识别，并且基本完整。
2. 三个对象在画面中的大小适中，没有全部挤在极小区域，也没有明显超出或压迫整个画面。
3. 房、树、人之间保持自然、合理的空间距离，没有明显孤立或被大片空白强行分隔。
4. 三个对象能够形成基本连贯的场景，例如共享地面、方向一致、空间位置合理，整体看起来属于同一个环境，而不是三个互不相关的符号。
5. 整体构图稳定，没有明显失衡、极端偏向某个角落或严重碎片化。
6. 线条总体连续、自然、力度相对稳定，没有大量异常断裂、极端微弱或杂乱涂画。
7. 画面具有适量细节。可以简单，但主要对象的基本结构能够表达清楚。
8. 房屋、树木、人物的比例大致协调，没有极端小型化或比例失调。
9. 房屋结构稳定，主要组成部分合理，没有明显倒塌、断裂或严重几何变形。
10. 树木结构自然，没有严重截断或畸形。
11. 人物身体主要结构完整，比例不存在严重失调。
12. 整体构图稳定且场景连贯。
13. 线条自然、连续，没有异常大面积涂黑。
14. 没有明显的选择性结构缺失。
15. 仅存在少数能够由绘画水平、年龄、风格或普通构图解释的轻微异常。

【支持异常的证据】
1. 无。"
dataset/HTP/01/00/01_00_01_0029.jpg,01,00,01,0.012431653620200803,"【支持正常的证据】
1. 房屋、树木、人物三个核心对象均能够清楚识别，并且基本完整。
2. 三个对象在画面中的大小适中，没有全部挤在极小区域，也没有明显超出或压迫整个画面。
3. 房、树、人之间保持自然、合理的空间距离，没有明显孤立或被大片空白强行分隔。
4. 三个对象能够形成基本连贯的场景，例如共享地面、方向一致、空间位置合理，整体看起来属于同一个环境，而不是三个互不相关的符号。
5. 整体构图稳定，没有明显失衡、极端偏向某个角落或严重碎片化。
6. 线条总体连续、自然、力度相对稳定，没有大量异常断裂、极端微弱或杂乱涂画。
7. 画面具有适量细节。可以简单，但主要对象的基本结构能够表达清楚。
8. 房屋、树木、人物的比例大致协调，没有极端小型化或比例失调。
9. 房屋、树木和人物之间的关系自然，没有极端隔离或空间关系异常。
10. 线条自然、连续，没有异常大面积涂黑。

【支持异常的证据】
1. 无明显异常特征。"
dataset/HTP/01/00/01_00_01_0030.jpg,01,00,01,0.11920291732853862,"【支持正常的证据】
1. 房屋、树木、人物三个核心对象均能够清楚识别，并且基本完整。
2. 三个对象在画面中的大小适中，没有全部挤在极小区域，也没有明显超出或压迫整个画面。
3. 房、树、人之间保持自然、合理的空间距离，没有明显孤立或被大片空白强行分隔。
4. 三个对象能够形成基本连贯的场景，例如共享地面、方向一致、空间位置合理，整体看起来属于同一个环境。
5. 整体构图稳定，没有明显失衡、极端偏向某个角落或严重碎片化。
6. 线条总体连续、自然、力度相对稳定，没有大量异常断裂、极端微弱或杂乱涂画。
7. 画面具有适量细节。可以简单，但主要对象的基本结构能够表达清楚。
8. 房屋、树木、人物的比例大致协调，没有极端小型化或比例失调。
9. 房屋、树木和人物之间的关系自然，没有极端隔离或空间关系异常。
10. 线条自然、连续，没有异常大面积涂黑。

【支持异常的证据】
1. 房屋结构较完整，但明显选择性缺少门。
2. 树木相对于其他主体和画布极端微小。
3. 人物头部、躯干、手臂和腿等主要身体结构基本完整，但比例有些夸张。
4. 房屋、树木和人物之间存在明显隔离，人物远离房屋和树木。
5. 线条有些犹豫，尤其是人物的手臂和腿部线条。
6. 房屋的屋顶装饰有些密集，但整体结构稳定。"
dataset/HTP/01/00/01_00_01_0031.jpg,01,00,01,0.012431653620200803,"【支持正常的证据】
1. 房屋、树木、人物三个核心对象均能够清楚识别，并且基本完整。
2. 三个对象在画面中的大小适中，没有全部挤在极小区域，也没有明显超出或压迫整个画面。
3. 房、树、人之间保持自然、合理的空间距离，没有明显孤立或被大片空白强行分隔。
4. 三个对象能够形成基本连贯的场景，例如共享地面、方向一致、空间位置合理，整体看起来属于同一个环境，而不是三个互不相关的符号。
5. 整体构图稳定，没有明显失衡、极端偏向某个角落或严重碎片化。
6. 线条总体连续、自然、力度相对稳定，没有大量异常断裂、极端微弱或杂乱涂画。
7. 画面具有适量细节。可以简单，但主要对象的基本结构能够表达清楚。
8. 房屋、树木、人物的比例大致协调，没有极端小型化或比例失调。
9. 房屋结构稳定，没有明显倒塌、断裂或严重几何变形。
10. 树木结构自然，没有明显截断或畸形。
11. 人物身体主要结构完整，比例不存在严重失调。
12. 整体构图稳定且场景连贯，没有明显异常的大面积涂黑、极端小型化或异常隔离。
13. 线条自然、连续，没有异常大面积涂黑。
14. 人物没有明显选择性结构缺失，整体绘画风格统一。
15. 房屋、树木和人物之间的关系自然，没有极端隔离或空间碎片化。

【支持异常的证据】
1. 无。"
dataset/HTP/01/00/01_00_01_0032.jpg,01,00,01,0.010986941578116865,"【支持正常的证据】
1. 房屋、树木、人物三个核心对象均能够清楚识别，并且基本完整。
2. 三个对象在画面中的大小适中，没有全部挤在极小区域，也没有明显超出或压迫整个画面。
3. 房、树、人之间保持自然、合理的空间距离，没有明显孤立或被大片空白强行分隔。
4. 三个对象能够形成基本连贯的场景，例如共享地面、方向一致、空间位置合理，整体看起来属于同一个环境。
5. 整体构图稳定，没有明显失衡、极端偏向某个角落或严重碎片化。
6. 线条总体连续、自然、力度相对稳定，没有大量异常断裂、极端微弱或杂乱涂画。
7. 画面具有适量细节。可以简单，但主要对象的基本结构能够表达清楚。
8. 房屋、树木、人物的比例大致协调，没有极端小型化或比例失调。
9. 房屋结构稳定，屋顶、墙壁等主要组成部分合理。
10. 树木结构自然，没有明显截断或畸形。
11. 人物身体主要结构完整，比例不存在严重失调。
12. 整体构图稳定且场景连贯，没有明显异常的大面积涂黑。
13. 线条自然、连续，没有异常大面积涂黑。
14. 人物没有明显选择性结构缺失。
15. 画面存在多个相互独立的正常积极特征。

【支持异常的证据】
1. 无明显异常特征。"
dataset/HTP/01/00/01_00_01_0033.jpg,01,00,01,0.20181322466072713,"【支持正常的证据】
1. 房屋、树木、人物三个核心对象均能够清楚识别，并且基本完整。
2. 三个对象在画面中的大小适中，没有全部挤在极小区域，也没有明显超出或压迫整个画面。
3. 房、树、人之间保持自然、合理的空间距离，没有明显孤立或被大片空白强行分隔。
4. 三个对象能够形成基本连贯的场景，例如共享地面、方向一致、空间位置合理，整体看起来属于同一个环境，而不是三个互不相关的符号。
5. 整体构图稳定，没有明显失衡、极端偏向某个角落或严重碎片化。
6. 线条总体连续、自然、力度相对稳定，没有大量异常断裂、极端微弱或杂乱涂画。
7. 画面具有适量细节。可以简单，但主要对象的基本结构能够表达清楚。
8. 如果存在草地、道路、太阳、云、花、地面等环境元素，并且与主体自然结合，可以作为场景完整和组织良好的积极证据。
9. 没有大面积、无明显绘画目的的异常涂黑、重阴影或局部反复强调。

【支持异常的证据】
1. 房屋结构较完整、可见方向正常，但明显选择性缺少门。
2. 房屋其他部分较详细，但明显选择性缺少所有窗户。
3. 房屋相对于画布以及其他对象极端微小或被严重边缘化。
4. 墙体、屋顶整体严重倾斜，表现出明显不稳定或坍塌感，且不能由透视解释。
5. 屋顶与墙体断开、几何结构极端扭曲、建筑组织明显不可能或严重怪异。
6. 房屋被过度简化到主要结构难以辨认。
7. 树木相对于其他主体和画布极端微小。
8. 树干或树冠出现明显、突然、没有合理原因的截断。
9. 树木明确表现为死亡、严重枯萎、破损或大量枝干折断，而不是单纯没有叶子。
10. 树冠被异常压缩或严重扁平。
11. 树干、树冠、树枝之间存在明显不可能的连接关系、严重扭曲或结构断裂。
12. 人物明显没有完成，例如主要身体区域完全缺失、头部缺失、躯干缺失、多个必要身体部分缺失，或者身体不同部分明显断开。"
dataset/HTP/01/00/01_00_01_0034.jpg,01,00,01,0.007577241922677275,"【支持正常的证据】
1. 房屋、树木、人物三个核心对象均能够清楚识别，并且基本完整。
2. 三个对象在画面中的大小适中，没有全部挤在极小区域，也没有明显超出或压迫整个画面。
3. 房、树、人之间保持自然、合理的空间距离，没有明显孤立或被大片空白强行分隔。
4. 三个对象能够形成基本连贯的场景，例如共享地面、方向一致、空间位置合理，整体看起来属于同一个环境，而不是三个互不相关的符号。
5. 整体构图稳定，没有明显失衡、极端偏向某个角落或严重碎片化。
6. 线条总体连续、自然、力度相对稳定，没有大量异常断裂、极端微弱或杂乱涂画。
7. 画面具有适量细节。可以简单，但主要对象的基本结构能够表达清楚。
8. 房屋、树木、人物的比例大致协调，没有极端小型化或比例失调。
9. 房屋结构稳定，主要组成部分合理，没有明显倒塌、断裂或严重几何变形。
10. 树木结构自然，没有严重截断或畸形。
11. 人物身体主要结构完整，比例不存在严重失调。
12. 整体构图稳定且场景连贯。
13. 线条自然、连续，没有异常大面积涂黑。
14. 没有明显的选择性结构缺失。
15. 仅存在少数能够由绘画水平、年龄、风格或普通构图解释的轻微异常。

【支持异常的证据】
1. 无明显异常特征。"
dataset/HTP/01/00/01_00_01_0035.jpg,01,00,01,0.10669058897496679,"【支持正常的证据】
1. 房屋、树木、人物三个核心对象均能够清楚识别，并且基本完整。
2. 三个对象在画面中的大小适中，没有全部挤在极小区域，也没有明显超出或压迫整个画面。
3. 房、树、人之间保持自然、合理的空间距离，没有明显孤立或被大片空白强行分隔。
4. 三个对象能够形成基本连贯的场景，例如共享地面、方向一致、空间位置合理，整体看起来属于同一个环境。
5. 整体构图稳定，没有明显失衡、极端偏向某个角落或严重碎片化。
6. 线条总体连续、自然、力度相对稳定，没有大量异常断裂、极端微弱或杂乱涂画。
7. 画面具有适量细节。可以简单，但主要对象的基本结构能够表达清楚。
8. 房屋、树木、人物的比例大致协调，没有极端小型化或比例失调。
9. 整体场景连贯，没有明显选择性结构缺失。
10. 线条自然、连续，没有异常大面积涂黑。

【支持异常的证据】
1. 人物缺少脸部和主要肢体，尤其是头部和手臂。
2. 房屋结构较为简单，但没有明显选择性缺失。
3. 树木结构自然，没有明显截断或畸形。
4. 房屋、树木和人物之间保持自然距离，没有极端隔离。
5. 整体构图稳定，没有明显碎片化。"
dataset/HTP/01/00/01_00_01_0036.jpg,01,00,01,0.010986941578116865,"【支持正常的证据】
1. 房屋、树木、人物三个核心对象均能够清楚识别，并且基本完整。
2. 三个对象在画面中的大小适中，没有全部挤在极小区域，也没有明显超出或压迫整个画面。
3. 房、树、人之间保持自然、合理的空间距离，没有明显孤立或被大片空白强行分隔。
4. 三个对象能够形成基本连贯的场景，例如共享地面、方向一致、空间位置合理，整体看起来属于同一个环境，而不是三个互不相关的符号。
5. 整体构图稳定，没有明显失衡、极端偏向某个角落或严重碎片化。
6. 线条总体连续、自然、力度相对稳定，没有大量异常断裂、极端微弱或杂乱涂画。
7. 画面具有适量细节。可以简单，但主要对象的基本结构能够表达清楚。
8. 房屋、树木、人物的比例大致协调，没有极端小型化或比例失调。
9. 房屋、树木和人物的相对大小基本合理，没有非常极端的尺寸差异。
10. 人物身体主要结构完整，比例不存在严重失调。
11. 整体构图稳定且场景连贯，没有明显异常的大面积涂黑。
12. 线条自然、连续，没有异常大面积涂黑。
13. 没有明显的选择性结构缺失。
14. 即使绘画较简单，其简化方式在整幅画中保持一致。
15. 仅存在少数能够由绘画水平、年龄、风格或普通构图解释的轻微异常。

【支持异常的证据】
1. 无明显异常特征。"
dataset/HTP/01/00/01_00_01_0037.jpg,01,00,01,0.012431653620200803,"【支持正常的证据】
1. 房屋、树木、人物三个核心对象均能够清楚识别，并且基本完整。
2. 三个对象在画面中的大小适中，没有全部挤在极小区域，也没有明显超出或压迫整个画面。
3. 房、树、人之间保持自然、合理的空间距离，没有明显孤立或被大片空白强行分隔。
4. 三个对象能够形成基本连贯的场景，例如共享地面、方向一致、空间位置合理，整体看起来属于同一个环境。
5. 整体构图稳定，没有明显失衡、极端偏向某个角落或严重碎片化。
6. 线条总体连续、自然、力度相对稳定，没有大量异常断裂、极端微弱或杂乱涂画。
7. 画面具有适量细节。可以简单，但主要对象的基本结构能够表达清楚。
8. 房屋、树木、人物的比例大致协调，没有明显极端比例失调。
9. 房屋结构稳定，主要组成部分合理，没有明显倒塌、断裂或严重几何变形。
10. 树木结构自然，没有严重截断或畸形。
11. 人物身体主要结构完整，比例不存在严重失调。
12. 整体构图稳定且场景连贯。
13. 线条自然、连续，没有异常大面积涂黑。
14. 没有明显的选择性结构缺失。
15. 仅存在少数能够由绘画水平、年龄、风格或普通构图解释的轻微异常。

【支持异常的证据】
1. 无。"
dataset/HTP/01/00/01_00_01_0038.jpg,01,00,01,0.012431653620200803,"【支持正常的证据】
1. 房屋、树木、人物三个核心对象均能够清楚识别，并且基本完整。
2. 三个对象在画面中的大小适中，没有全部挤在极小区域，也没有明显超出或压迫整个画面。
3. 房、树、人之间保持自然、合理的空间距离，没有明显孤立或被大片空白强行分隔。
4. 三个对象能够形成基本连贯的场景，例如共享地面、方向一致、空间位置合理，整体看起来属于同一个环境。
5. 整体构图稳定，没有明显失衡、极端偏向某个角落或严重碎片化。
6. 线条总体连续、自然、力度相对稳定，没有大量异常断裂、极端微弱或杂乱涂画。
7. 画面具有适量细节。可以简单，但主要对象的基本结构能够表达清楚。
8. 房屋、树木、人物的比例大致协调，没有极端小型化或比例失调。
9. 房屋结构稳定，没有明显倒塌、断裂或严重几何变形。
10. 树木结构自然，没有明显截断或畸形。
11. 人物身体主要结构完整，比例不存在严重失调。
12. 整体构图稳定且场景连贯，没有明显异常的大面积涂黑或极端小型化。
13. 人物位于房屋和树木形成的环境中，没有极端隔离。
14. 线条自然、连续，没有异常大面积涂黑。
15. 仅存在少数能够由绘画水平、年龄、风格或普通构图解释的轻微异常。

【支持异常的证据】
1. 无明显异常特征。"
dataset/HTP/01/00/01_00_01_0039.jpg,01,00,01,0.00857748525531428,"【支持正常的证据】
1. 房屋、树木、人物三个核心对象均能够清楚识别，并且基本完整。
2. 三个对象在画面中的大小适中，没有全部挤在极小区域，也没有明显超出或压迫整个画面。
3. 房、树、人之间保持自然、合理的空间距离，没有明显孤立或被大片空白强行分隔。
4. 三个对象能够形成基本连贯的场景，例如共享地面、方向一致、空间位置合理，整体看起来属于同一个环境，而不是三个互不相关的符号。
5. 整体构图稳定，没有明显失衡、极端偏向某个角落或严重碎片化。
6. 线条总体连续、自然、力度相对稳定，没有大量异常断裂、极端微弱或杂乱涂画。
7. 画面具有适量细节。可以简单，但主要对象的基本结构能够表达清楚。
8. 房屋、树木、人物的比例大致协调，没有极端小型化或比例失调。
9. 房屋结构稳定，屋顶、墙壁等主要组成部分合理。
10. 树木结构自然，没有明显截断或畸形。
11. 人物身体主要结构完整，比例不存在严重失调。
12. 整体构图稳定且场景连贯，没有明显异常的大面积涂黑。
13. 线条自然、连续，没有异常大面积涂黑。
14. 没有明显的选择性结构缺失。
15. 仅存在少数能够由绘画水平、年龄、风格或普通构图解释的轻微异常。

【支持异常的证据】
1. 无明显异常特征。"
dataset/HTP/01/00/01_00_01_0040.jpg,01,00,01,0.012431653620200803,"【支持正常的证据】
1. 房屋、树木、人物三个核心对象均能够清楚识别，并且基本完整。
2. 三个对象在画面中的大小适中，没有全部挤在极小区域，也没有明显超出或压迫整个画面。
3. 房、树、人之间保持自然、合理的空间距离，没有明显孤立或被大片空白强行分隔。
4. 三个对象能够形成基本连贯的场景，例如共享地面、方向一致、空间位置合理，整体看起来属于同一个环境，而不是三个互不相关的符号。
5. 整体构图稳定，没有明显失衡、极端偏向某个角落或严重碎片化。
6. 线条总体连续、自然、力度相对稳定，没有大量异常断裂、极端微弱或杂乱涂画。
7. 画面具有适量细节。可以简单，但主要对象的基本结构能够表达清楚。
8. 人物的身体结构基本完整，比例大致合理。
9. 房屋结构稳定，主要组成部分合理。
10. 树木结构自然，没有严重截断或畸形。
11. 整体构图稳定且场景连贯。
12. 线条自然、连续，没有异常大面积涂黑。
13. 没有明显的选择性结构缺失。

【支持异常的证据】
1. 无明显异常特征。"
dataset/HTP/01/00/01_00_01_0041.jpg,01,00,01,0.07585817323116976,"【支持正常的证据】
1. 房屋、树木、人物三个核心对象均能够清楚识别，并且基本完整。
2. 三个对象在画面中的大小适中，没有全部挤在极小区域，也没有明显超出或压迫整个画面。
3. 房、树、人之间保持自然、合理的空间距离，没有明显孤立或被大片空白强行分隔。
4. 三个对象能够形成基本连贯的场景，例如共享地面、方向一致、空间位置合理，整体看起来属于同一个环境，而不是三个互不相关的符号。
5. 整体构图稳定，没有明显失衡、极端偏向某个角落或严重碎片化。
6. 线条总体连续、自然、力度相对稳定，没有大量异常断裂、极端微弱或杂乱涂画。
7. 画面具有适量细节。可以简单，但主要对象的基本结构能够表达清楚。
8. 没有大面积、无明显绘画目的的异常涂黑、重阴影或局部反复强调。

【支持异常的证据】
1. 房屋、树木、人物中的一个或多个核心对象完全缺失，且无法由裁剪、遮挡或画法解释。
2. 整幅画极度简化，只剩极少线条，大量重要结构同时消失，整体信息量异常低。
3. 房、树、人整体只占巨大画布中极小区域，周围存在大量空白。
4. 三个对象之间距离极端遥远，某个对象明显孤立，或者整个场景严重碎片化。
5. 对象像漂浮在不同区域，彼此几乎没有空间联系，整体场景严重不连贯。
6. 存在大量非常微弱、间断、犹豫、僵硬或严重潦草的线条。
7. 存在异常大面积涂黑、重度阴影或某个对象被明显过度强调。"
dataset/HTP/01/00/01_00_01_0042.jpg,01,00,01,0.010986941578116865,"【支持正常的证据】
1. 房屋、树木、人物三个核心对象均能够清楚识别，并且基本完整。
2. 三个对象在画面中的大小适中，没有全部挤在极小区域，也没有明显超出或压迫整个画面。
3. 房、树、人之间保持自然、合理的空间距离，没有明显孤立或被大片空白强行分隔。
4. 三个对象能够形成基本连贯的场景，例如共享地面、方向一致、空间位置合理，整体看起来属于同一个环境，而不是三个互不相关的符号。
5. 整体构图稳定，没有明显失衡、极端偏向某个角落或严重碎片化。
6. 线条总体连续、自然、力度相对稳定，没有大量异常断裂、极端微弱或杂乱涂画。
7. 画面具有适量细节。可以简单，但主要对象的基本结构能够表达清楚。
8. 房屋、树木、人物的比例大致协调，没有极端小型化或比例失调。
9. 房屋结构稳定，屋顶、烟囱、门窗等细节自然、适量并与房屋结构协调。
10. 树木结构自然，树干和树冠之间连接自然，比例基本合理。
11. 人物头部、躯干、手臂和腿等主要身体结构基本完整，连接关系自然。
12. 人物大小与房屋、树木和整个画布基本协调，不存在极端小型化。
13. 人物整体比例基本合理，没有明显选择性结构缺失。
14. 房屋、树木和人物的相对大小基本合理，没有非常极端的尺寸差异。
15. 三者之间保持自然距离，没有某个对象被极端隔离。
16. 整体构图稳定且场景连贯，没有明显异常的大面积涂黑。

【支持异常的证据】
1. 无。"
dataset/HTP/01/00/01_00_01_0043.jpg,01,00,01,0.010986941578116865,"【支持正常的证据】
1. 房屋、树木、人物三个核心对象均能够清楚识别，并且基本完整。
2. 三个对象在画面中的大小适中，没有全部挤在极小区域，也没有明显超出或压迫整个画面。
3. 房、树、人之间保持自然、合理的空间距离，没有明显孤立或被大片空白强行分隔。
4. 三个对象能够形成基本连贯的场景，例如共享地面、方向一致、空间位置合理，整体看起来属于同一个环境，而不是三个互不相关的符号。
5. 整体构图稳定，没有明显失衡、极端偏向某个角落或严重碎片化。
6. 线条总体连续、自然、力度相对稳定，没有大量异常断裂、极端微弱或杂乱涂画。
7. 画面具有适量细节。可以简单，但主要对象的基本结构能够表达清楚。
8. 房屋、树木、人物的比例大致协调，没有极端小型化或比例失调。
9. 房屋结构稳定，主要组成部分合理，没有明显倒塌、断裂或严重几何变形。
10. 树木结构自然，没有严重截断或畸形。
11. 人物身体主要结构完整，比例不存在严重失调。
12. 整体构图稳定且场景连贯。
13. 线条自然、连续，没有异常大面积涂黑。
14. 没有明显的选择性结构缺失。
15. 仅存在少数能够由绘画水平、年龄、风格或普通构图解释的轻微异常。

【支持异常的证据】
1. 无。"
dataset/HTP/01/00/01_00_01_0044.jpg,01,00,01,0.08509904732734556,"【支持正常的证据】
1. 房屋、树木、人物三个核心对象均能够清楚识别，并且基本完整。
2. 三个对象在画面中的大小适中，没有全部挤在极小区域，也没有明显超出或压迫整个画面。
3. 房、树、人之间保持自然、合理的空间距离，没有明显孤立或被大片空白强行分隔。
4. 三个对象能够形成基本连贯的场景，例如共享地面、方向一致、空间位置合理，整体看起来属于同一个环境，而不是三个互不相关的符号。
5. 整体构图稳定，没有明显失衡、极端偏向某个角落或严重碎片化。
6. 线条总体连续、自然、力度相对稳定，没有大量异常断裂、极端微弱或杂乱涂画。
7. 画面具有适量细节。可以简单，但主要对象的基本结构能够表达清楚。
8. 房屋、树木、人物的比例大致协调，没有极端小型化或比例失调。
9. 整体场景连贯，没有明显选择性结构缺失。
10. 线条自然、连续，没有异常大面积涂黑。

【支持异常的证据】
1. 房屋、树木、人物中的一个或多个核心对象完全缺失，且无法由裁剪、遮挡或画法解释。
2. 整幅画极度简化，只剩极少线条，大量重要结构同时消失，整体信息量异常低。
3. 房、树、人整体只占巨大画布中极小区域，周围存在大量空白。
4. 三个对象之间距离极端遥远，某个对象明显孤立，或者整个场景严重碎片化。
5. 存在大量非常微弱、间断、犹豫、僵硬或严重潦草的线条。
6. 存在异常大面积涂黑、重度阴影或某个对象被明显过度强调。"
dataset/HTP/01/00/01_00_01_0045.jpg,01,00,01,0.04742587351415913,"【支持正常的证据】
1. 房屋、树木、人物三个核心对象均能够清楚识别，并且基本完整。
2. 三个对象在画面中的大小适中，没有全部挤在极小区域，也没有明显超出或压迫整个画面。
3. 房、树、人之间保持自然、合理的空间距离，没有明显孤立或被大片空白强行分隔。
4. 三个对象能够形成基本连贯的场景，例如共享地面、方向一致、空间位置合理，整体看起来属于同一个环境，而不是三个互不相关的符号。
5. 整体构图稳定，没有明显失衡、极端偏向某个角落或严重碎片化。
6. 线条总体连续、自然、力度相对稳定，没有大量异常断裂、极端微弱或杂乱涂画。
7. 画面具有适量细节。可以简单，但主要对象的基本结构能够表达清楚。
8. 房屋、树木、人物的比例大致协调，没有极端小型化或比例失调。
9. 房屋、树木和人物之间的相对大小基本合理，没有非常极端的尺寸差异。
10. 房屋结构稳定，主要组成部分合理，没有明显倒塌、断裂或严重几何变形。
11. 树木结构自然，没有严重截断或畸形。
12. 人物身体主要结构完整，比例不存在严重失调。
13. 整体构图稳定且场景连贯，没有明显异常的大面积涂黑。
14. 线条自然、连续，没有异常大面积涂黑。
15. 没有明显的选择性结构缺失。
16. 仅存在少数能够由绘画水平、年龄、风格或普通构图解释的轻微异常。

【支持异常的证据】
1. 房屋、树木、人物中的一个或多个核心对象完全缺失，且无法由裁剪、遮挡或画法解释。
2. 整幅画极度简化，只剩极少线条，大量重要结构同时消失，整体信息量异常低。
3. 房、树、人整体只占巨大画布中极小区域，周围存在大量空白。
4. 三个对象之间距离极端遥远，某个对象明显孤立，或者整个场景严重碎片化。
5. 存在大量非常微弱、间断、犹豫、僵硬或严重潦草的线条。
6. 存在异常大面积涂黑、重度阴影或某个对象被明显过度强调。"
dataset/HTP/01/00/01_00_01_0046.jpg,01,00,01,0.014063626423394072,"【支持正常的证据】
1. 房屋、树木、人物三个核心对象均能够清楚识别，并且基本完整。
2. 三个对象在画面中的大小适中，没有全部挤在极小区域，也没有明显超出或压迫整个画面。
3. 房、树、人之间保持自然、合理的空间距离，没有明显孤立或被大片空白强行分隔。
4. 三个对象能够形成基本连贯的场景，例如共享地面、方向一致、空间位置合理，整体看起来属于同一个环境，而不是三个互不相关的符号。
5. 整体构图稳定，没有明显失衡、极端偏向某个角落或严重碎片化。
6. 线条总体连续、自然、力度相对稳定，没有大量异常断裂、极端微弱或杂乱涂画。
7. 画面具有适量细节。可以简单，但主要对象的基本结构能够表达清楚。
8. 房屋、树木、人物的比例大致协调，没有极端小型化或比例失调。
9. 整体构图自然，没有明显异常的大面积涂黑、极端小型化或异常隔离。
10. 人物身体主要结构完整，比例不存在严重失调。

【支持异常的证据】
1. 无明显异常特征。"
dataset/HTP/01/00/01_00_01_0047.jpg,01,00,01,0.010986941578116865,"【支持正常的证据】
1. 房屋、树木、人物三个核心对象均能够清楚识别，并且基本完整。
2. 三个对象在画面中的大小适中，没有全部挤在极小区域，也没有明显超出或压迫整个画面。
3. 房、树、人之间保持自然、合理的空间距离，没有明显孤立或被大片空白强行分隔。
4. 三个对象能够形成基本连贯的场景，例如共享地面、方向一致、空间位置合理，整体看起来属于同一个环境，而不是三个互不相关的符号。
5. 整体构图稳定，没有明显失衡、极端偏向某个角落或严重碎片化。
6. 线条总体连续、自然、力度相对稳定，没有大量异常断裂、极端微弱或杂乱涂画。
7. 画面具有适量细节。可以简单，但主要对象的基本结构能够表达清楚。
8. 房屋、树木、人物的比例大致协调，没有极端小型化或比例失调。
9. 房屋结构稳定，墙体、屋顶等主要结构完整，没有明显倒塌、断裂或严重几何变形。
10. 树木结构自然，树干、树冠、树枝等主要部分能够正常识别，整体结构基本完整。
11. 人物头部、躯干、手臂和腿等主要身体结构基本完整，连接关系自然，没有明显断裂、错位或无法解释的结构缺失。
12. 人物大小与房屋、树木和整个画布基本协调，不存在极端小型化。
13. 房屋、树木和人物的相对大小基本合理，没有非常极端的尺寸差异。
14. 三者之间保持自然距离，没有某个对象被极端隔离。
15. 整体构图稳定且场景连贯，人物能够自然地处于房屋和树木形成的环境中。

【支持异常的证据】
1. 无。"
dataset/HTP/01/00/01_00_01_0048.jpg,01,00,01,0.009708474753363424,"【支持正常的证据】
1. 房屋、树木、人物三个核心对象均能够清楚识别，并且基本完整。
2. 三个对象在画面中的大小适中，没有全部挤在极小区域，也没有明显超出或压迫整个画面。
3. 房、树、人之间保持自然、合理的空间距离，没有明显孤立或被大片空白强行分隔。
4. 三个对象能够形成基本连贯的场景，例如共享地面、方向一致、空间位置合理，整体看起来属于同一个环境，而不是三个互不相关的符号。
5. 整体构图稳定，没有明显失衡、极端偏向某个角落或严重碎片化。
6. 线条总体连续、自然、力度相对稳定，没有大量异常断裂、极端微弱或杂乱涂画。
7. 画面具有适量细节。可以简单，但主要对象的基本结构能够表达清楚。
8. 房屋、树木、人物的比例大致协调，没有极端小型化或比例失调。
9. 房屋结构稳定，主要组成部分合理，没有明显倒塌、断裂或严重几何变形。
10. 树木结构自然，没有严重截断或畸形。
11. 人物身体主要结构完整，比例不存在严重失调。
12. 整体构图稳定且场景连贯，没有明显异常的大面积涂黑。
13. 线条自然、连续，没有异常大面积涂黑。
14. 没有明显的选择性结构缺失。
15. 仅存在少数能够由绘画水平、年龄、风格或普通构图解释的轻微异常。

【支持异常的证据】
1. 无明显异常特征。"
dataset/HTP/01/00/01_00_01_0049.jpg,01,00,01,0.03308597922294221,"【支持正常的证据】
1. 房屋、树木、人物三个核心对象均能够清楚识别，并且基本完整。
2. 三个对象在画面中的大小适中，没有全部挤在极小区域，也没有明显超出或压迫整个画面。
3. 房、树、人之间保持自然、合理的空间距离，没有明显孤立或被大片空白强行分隔。
4. 三个对象能够形成基本连贯的场景，例如共享地面、方向一致、空间位置合理，整体看起来属于同一个环境。
5. 整体构图稳定，没有明显失衡、极端偏向某个角落或严重碎片化。
6. 线条总体连续、自然、力度相对稳定，没有大量异常断裂、极端微弱或杂乱涂画。
7. 画面具有适量细节。可以简单，但主要对象的基本结构能够表达清楚。
8. 房屋、树木、人物的比例大致协调，没有极端小型化或比例失调。
9. 整体场景连贯，没有明显选择性结构缺失。
10. 线条自然、连续，没有异常大面积涂黑。

【支持异常的证据】
1. 人物缺少脸部和主要肢体，但整体结构仍然存在。
2. 房屋结构较为简单，但没有明显选择性缺失。
3. 树木结构自然，没有明显截断或畸形。
4. 人物比例存在轻微失调，但整体结构仍然合理。
5. 整体构图稳定，没有明显异常的大面积涂黑或极端小型化。
6. 人物缺少手臂和腿部，但整体结构仍然存在。"
dataset/HTP/01/00/01_00_01_0050.jpg,01,00,01,0.012431653620200803,"【支持正常的证据】
1. 房屋、树木、人物三个核心对象均能够清楚识别，并且基本完整。
2. 三个对象在画面中的大小适中，没有全部挤在极小区域，也没有明显超出或压迫整个画面。
3. 房、树、人之间保持自然、合理的空间距离，没有明显孤立或被大片空白强行分隔。
4. 三个对象能够形成基本连贯的场景，例如共享地面、方向一致、空间位置合理，整体看起来属于同一个环境，而不是三个互不相关的符号。
5. 整体构图稳定，没有明显失衡、极端偏向某个角落或严重碎片化。
6. 线条总体连续、自然、力度相对稳定，没有大量异常断裂、极端微弱或杂乱涂画。
7. 画面具有适量细节。可以简单，但主要对象的基本结构能够表达清楚。
8. 房屋、树木、人物的比例大致协调，没有极端小型化或比例失调。
9. 房屋结构稳定，没有明显倒塌、断裂或严重几何变形。
10. 树木结构自然，没有严重截断或畸形。
11. 人物身体主要结构完整，比例不存在严重失调。
12. 整体构图稳定且场景连贯。
13. 线条自然、连续，没有异常大面积涂黑。
14. 没有明显的选择性结构缺失。
15. 即使绘画较简单，其简化方式在整幅画中保持一致。

【支持异常的证据】
1. 无。"
dataset/HTP/01/00/01_00_01_0051.jpg,01,00,01,0.09534946232842245,"【支持正常的证据】
1. 房屋、树木、人物三个核心对象均能够清楚识别，并且基本完整。
2. 三个对象在画面中的大小适中，没有全部挤在极小区域，也没有明显超出或压迫整个画面。
3. 房、树、人之间保持自然、合理的空间距离，没有明显孤立或被大片空白强行分隔。
4. 三个对象能够形成基本连贯的场景，例如共享地面、方向一致、空间位置合理，整体看起来属于同一个环境，而不是三个互不相关的符号。
5. 整体构图稳定，没有明显失衡、极端偏向某个角落或严重碎片化。
6. 线条总体连续、自然、力度相对稳定，没有大量异常断裂、极端微弱或杂乱涂画。
7. 画面具有适量细节。可以简单，但主要对象的基本结构能够表达清楚。
8. 没有大面积、无明显绘画目的的异常涂黑、重阴影或局部反复强调。

【支持异常的证据】
1. 房屋、树木、人物中的一个或多个核心对象完全缺失，且无法由裁剪、遮挡或画法解释。
2. 整幅画极度简化，只剩极少线条，大量重要结构同时消失，整体信息量异常低。
3. 房、树、人整体只占巨大画布中极小区域，周围存在大量空白。
4. 三个对象之间距离极端遥远，某个对象明显孤立，或者整个场景严重碎片化。
5. 对象像漂浮在不同区域，彼此几乎没有空间联系，整体场景严重不连贯。
6. 存在大量非常微弱、间断、犹豫、僵硬或严重潦草的线条。
7. 存在异常大面积涂黑、重度阴影或某个对象被明显过度强调。"
dataset/HTP/01/00/01_00_01_0052.jpg,01,00,01,0.009708474753363424,"【支持正常的证据】
1. 房屋、树木、人物三个核心对象均能够清楚识别，并且基本完整。
2. 三个对象在画面中的大小适中，没有全部挤在极小区域，也没有明显超出或压迫整个画面。
3. 房、树、人之间保持自然、合理的空间距离，没有明显孤立或被大片空白强行分隔。
4. 三个对象能够形成基本连贯的场景，例如共享地面、方向一致、空间位置合理，整体看起来属于同一个环境，而不是三个互不相关的符号。
5. 整体构图稳定，没有明显失衡、极端偏向某个角落或严重碎片化。
6. 线条总体连续、自然、力度相对稳定，没有大量异常断裂、极端微弱或杂乱涂画。
7. 画面具有适量细节。可以简单，但主要对象的基本结构能够表达清楚。
8. 房屋、树木、人物的比例大致协调，没有极端小型化或比例失调。
9. 房屋结构稳定，屋顶、墙壁等主要组成部分合理。
10. 树木结构自然，没有明显截断或畸形。
11. 人物身体主要结构完整，比例不存在严重失调。
12. 整体构图稳定且场景连贯，没有明显异常的大面积涂黑。
13. 线条自然、连续，没有异常大面积涂黑。
14. 没有明显的选择性结构缺失。
15. 仅存在少数能够由绘画水平、年龄、风格或普通构图解释的轻微异常。

【支持异常的证据】
1. 无明显异常特征。"
dataset/HTP/01/00/01_00_01_0053.jpg,01,00,01,0.010986941578116865,"【支持正常的证据】
1. 房屋、树木、人物三个核心对象均能够清楚识别，并且基本完整。
2. 三个对象在画面中的大小适中，没有全部挤在极小区域，也没有明显超出或压迫整个画面。
3. 房、树、人之间保持自然、合理的空间距离，没有明显孤立或被大片空白强行分隔。
4. 三个对象能够形成基本连贯的场景，例如共享地面、方向一致、空间位置合理，整体看起来属于同一个环境，而不是三个互不相关的符号。
5. 整体构图稳定，没有明显失衡、极端偏向某个角落或严重碎片化。
6. 线条总体连续、自然、力度相对稳定，没有大量异常断裂、极端微弱或杂乱涂画。
7. 画面具有适量细节。可以简单，但主要对象的基本结构能够表达清楚。
8. 房屋、树木、人物的比例大致协调，没有极端小型化或比例失调。
9. 房屋、树木和人物之间的相对大小基本合理，没有非常极端的尺寸差异。
10. 人物身体主要结构完整，比例不存在严重失调。
11. 整体构图稳定且场景连贯，没有明显异常的大面积涂黑。
12. 线条自然、连续，没有异常大面积涂黑。
13. 没有明显的选择性结构缺失。
14. 仅存在少数能够由绘画水平、年龄、风格或普通构图解释的轻微异常。

【支持异常的证据】
1. 无明显异常特征。"
dataset/HTP/01/00/01_00_01_0054.jpg,01,00,01,0.06754668832401889,"【支持正常的证据】
1. 房屋、树木、人物三个核心对象均能够清楚识别，并且基本完整。
2. 三个对象在画面中的大小适中，没有全部挤在极小区域，也没有明显超出或压迫整个画面。
3. 房、树、人之间保持自然、合理的空间距离，没有明显孤立或被大片空白强行分隔。
4. 三个对象能够形成基本连贯的场景，例如共享地面、方向一致、空间位置合理，整体看起来属于同一个环境，而不是三个互不相关的符号。
5. 整体构图稳定，没有明显失衡、极端偏向某个角落或严重碎片化。
6. 线条总体连续、自然、力度相对稳定，没有大量异常断裂、极端微弱或杂乱涂画。
7. 画面具有适量细节。可以简单，但主要对象的基本结构能够表达清楚。
8. 如果存在草地、道路、太阳、云、花、地面等环境元素，并且与主体自然结合，可以作为场景完整和组织良好的积极证据。
9. 没有大面积、无明显绘画目的的异常涂黑、重阴影或局部反复强调。

【支持异常的证据】
1. 房屋、树木、人物中的一个或多个核心对象完全缺失，且无法由裁剪、遮挡或画法解释。
2. 整幅画极度简化，只剩极少线条，大量重要结构同时消失，整体信息量异常低。
3. 房、树、人整体只占巨大画布中极小区域，周围存在大量空白。
4. 三个对象之间距离极端遥远，某个对象明显孤立，或者整个场景严重碎片化。
5. 对象像漂浮在不同区域，彼此几乎没有空间联系，整体场景严重不连贯。
6. 存在大量非常微弱、间断、犹豫、僵硬或严重潦草的线条。
7. 存在异常大面积涂黑、重度阴影或某个对象被明显过度强调。"
dataset/HTP/01/00/01_00_01_0055.jpg,01,00,01,0.010986941578116865,"【支持正常的证据】
1. 房屋、树木、人物三个核心对象均能够清楚识别，并且基本完整。
2. 三个对象在画面中的大小适中，没有全部挤在极小区域，也没有明显超出或压迫整个画面。
3. 房、树、人之间保持自然、合理的空间距离，没有明显孤立或被大片空白强行分隔。
4. 三个对象能够形成基本连贯的场景，例如共享地面、方向一致、空间位置合理，整体看起来属于同一个环境，而不是三个互不相关的符号。
5. 整体构图稳定，没有明显失衡、极端偏向某个角落或严重碎片化。
6. 线条总体连续、自然、力度相对稳定，没有大量异常断裂、极端微弱或杂乱涂画。
7. 画面具有适量细节。可以简单，但主要对象的基本结构能够表达清楚。
8. 房屋、树木、人物的比例大致协调，没有极端小型化或比例失调。
9. 整体构图自然，没有明显选择性结构缺失。
10. 人物身体主要结构完整，比例不存在严重失调。
11. 整体场景连贯，没有明显异常的大面积涂黑、极端小型化或异常隔离。
12. 仅存在少数能够由绘画水平、年龄、风格或普通构图解释的轻微异常。

【支持异常的证据】
1. 无。"
dataset/HTP/01/00/01_00_01_0056.jpg,01,00,01,0.010986941578116865,"【支持正常的证据】
1. 房屋、树木、人物三个核心对象均能够清楚识别，并且基本完整。
2. 三个对象在画面中的大小适中，没有全部挤在极小区域，也没有明显超出或压迫整个画面。
3. 房、树、人之间保持自然、合理的空间距离，没有明显孤立或被大片空白强行分隔。
4. 三个对象能够形成基本连贯的场景，例如共享地面、方向一致、空间位置合理，整体看起来属于同一个环境，而不是三个互不相关的符号。
5. 整体构图稳定，没有明显失衡、极端偏向某个角落或严重碎片化。
6. 线条总体连续、自然、力度相对稳定，没有大量异常断裂、极端微弱或杂乱涂画。
7. 画面具有适量细节。可以简单，但主要对象的基本结构能够表达清楚。
8. 房屋、树木、人物的比例大致协调，没有极端小型化或比例失调。
9. 整体场景连贯，没有明显选择性结构缺失。
10. 线条自然、连续，没有异常大面积涂黑。

【支持异常的证据】
1. 无明显异常特征。"
dataset/HTP/01/00/01_00_01_0057.jpg,01,00,01,0.060086650384398026,"【支持正常的证据】
1. 房屋、树木、人物三个核心对象均能够清楚识别，并且基本完整。
2. 三个对象在画面中的大小适中，没有全部挤在极小区域，也没有明显超出或压迫整个画面。
3. 房、树、人之间保持自然、合理的空间距离，没有明显孤立或被大片空白强行分隔。
4. 三个对象能够形成基本连贯的场景，例如共享地面、方向一致、空间位置合理，整体看起来属于同一个环境，而不是三个互不相关的符号。
5. 整体构图稳定，没有明显失衡、极端偏向某个角落或严重碎片化。
6. 线条总体连续、自然、力度相对稳定，没有大量异常断裂、极端微弱或杂乱涂画。
7. 画面具有适量细节。可以简单，但主要对象的基本结构能够表达清楚。
8. 房屋、树木、人物的比例大致协调，没有极端小型化或明显比例失调。
9. 房屋结构稳定，主要组成部分合理，没有明显倒塌、断裂或严重几何变形。
10. 树木结构自然，没有严重截断或畸形。
11. 人物身体主要结构完整，比例不存在严重失调。
12. 整体构图稳定且场景连贯。
13. 线条自然、连续，没有异常大面积涂黑。
14. 没有明显的选择性结构缺失。
15. 仅存在少数能够由绘画水平、年龄、风格或普通构图解释的轻微异常。

【支持异常的证据】
1. 房屋、树木、人物中的一个或多个核心对象完全缺失，且无法由裁剪、遮挡或画法解释。
2. 整幅画极度简化，只剩极少线条，大量重要结构同时消失，整体信息量异常低。
3. 房、树、人整体只占巨大画布中极小区域，周围存在大量空白。
4. 三个对象之间距离极端遥远，某个对象明显孤立，或者整个场景严重碎片化。
5. 存在大量非常微弱、间断、犹豫、僵硬或严重潦草的线条。
6. 存在异常大面积涂黑、重度阴影或某个对象被明显过度强调。"
dataset/HTP/01/00/01_00_01_0058.jpg,01,00,01,0.0293122327122782,"【支持正常的证据】
1. 房屋、树木、人物三个核心对象均能够清楚识别，并且基本完整。
2. 三个对象在画面中的大小适中，没有全部挤在极小区域，也没有明显超出或压迫整个画面。
3. 房、树、人之间保持自然、合理的空间距离，没有明显孤立或被大片空白强行分隔。
4. 三个对象能够形成基本连贯的场景，例如共享地面、方向一致、空间位置合理，整体看起来属于同一个环境，而不是三个互不相关的符号。
5. 整体构图稳定，没有明显失衡、极端偏向某个角落或严重碎片化。
6. 线条总体连续、自然、力度相对稳定，没有大量异常断裂、极端微弱或杂乱涂画。
7. 画面具有适量细节。可以简单，但主要对象的基本结构能够表达清楚。
8. 树木结构自然，没有明显截断或畸形。
9. 人物身体主要结构完整，比例不存在严重失调。
10. 整体构图稳定且场景连贯。
11. 线条自然、连续，没有异常大面积涂黑。
12. 没有明显的选择性结构缺失。
13. 仅存在少数能够由绘画水平、年龄、风格或普通构图解释的轻微异常。

【支持异常的证据】
1. 人物头部、躯干、手臂和腿等主要身体结构基本完整。
2. 人物各身体部分连接关系自然，没有明显断裂、错位或无法解释的结构缺失。
3. 人物整体比例基本合理。
4. 人物大小与房屋、树木和整个画布基本协调。
5. 人物采用火柴人、单线手臂或单线腿的简单风格时，如果整个人物风格统一并且结构完整，不能因为简单就判断异常。
6. 人物可以正面、侧面或其他姿势，只要身体结构基本合理，都可以属于正常表现。
7. 普通衣服填色、头发填色或身体局部自然阴影不能作为异常证据。
8. 面部表情自然、中性、微笑或其他与场景协调的普通表情，可以支持正常判断。
9. 即使人物没有明显表情，只要画法简单且没有其他异常支持，也不能因为表情中性就判断异常。"
dataset/HTP/01/00/01_00_01_0059.jpg,01,00,01,0.012431653620200803,"【支持正常的证据】
1. 房屋、树木、人物三个核心对象均能够清楚识别，并且基本完整。
2. 三个对象在画面中的大小适中，没有全部挤在极小区域，也没有明显超出或压迫整个画面。
3. 房、树、人之间保持自然、合理的空间距离，没有明显孤立或被大片空白强行分隔。
4. 三个对象能够形成基本连贯的场景，例如共享地面、方向一致、空间位置合理，整体看起来属于同一个环境，而不是三个互不相关的符号。
5. 整体构图稳定，没有明显失衡、极端偏向某个角落或严重碎片化。
6. 线条总体连续、自然、力度相对稳定，没有大量异常断裂、极端微弱或杂乱涂画。
7. 画面具有适量细节。可以简单，但主要对象的基本结构能够表达清楚。
8. 房屋、树木、人物的比例大致协调，没有极端小型化或比例失调。
9. 房屋、树木和人物之间的相对大小基本合理，没有非常极端的尺寸差异。
10. 人物身体主要结构完整，比例不存在严重失调。
11. 整体构图稳定且场景连贯，没有明显异常的大面积涂黑、极端小型化或异常隔离。
12. 仅存在少数能够由绘画水平、年龄、风格或普通构图解释的轻微异常。

【支持异常的证据】
1. 无明显异常特征。"
dataset/HTP/01/00/01_00_01_0060.jpg,01,00,01,0.08509904732734556,"【支持正常的证据】
1. 房屋、树木、人物三个核心对象均能够清楚识别，并且基本完整。
2. 三个对象在画面中的大小适中，没有全部挤在极小区域，也没有明显超出或压迫整个画面。
3. 房、树、人之间保持自然、合理的空间距离，没有明显孤立或被大片空白强行分隔。
4. 三个对象能够形成基本连贯的场景，例如共享地面、方向一致、空间位置合理，整体看起来属于同一个环境，而不是三个互不相关的符号。
5. 整体构图稳定，没有明显失衡、极端偏向某个角落或严重碎片化。
6. 线条总体连续、自然、力度相对稳定，没有大量异常断裂、极端微弱或杂乱涂画。
7. 画面具有适量细节。可以简单，但主要对象的基本结构能够表达清楚。
8. 房屋、树木、人物的比例大致协调，没有极端小型化或明显比例失调。
9. 房屋结构稳定，主要组成部分合理，没有明显倒塌、断裂或严重几何变形。
10. 树木结构自然，没有严重截断或畸形。
11. 人物身体主要结构完整，比例不存在严重失调。
12. 整体构图稳定且场景连贯，没有明显异常的大面积涂黑。
13. 线条自然、连续，没有异常大面积涂黑。
14. 没有明显的选择性结构缺失。
15. 仅存在少数能够由绘画水平、年龄、风格或普通构图解释的轻微异常。

【支持异常的证据】
1. 房屋、树木、人物中的一个或多个核心对象完全缺失，且无法由裁剪、遮挡或画法解释。
2. 整幅画极度简化，只剩极少线条，大量重要结构同时消失，整体信息量异常低。
3. 房、树、人整体只占巨大画布中极小区域，周围存在大量空白。
4. 三个对象之间距离极端遥远，某个对象明显孤立，或者整个场景严重碎片化。
5. 存在大量非常微弱、间断、犹豫、僵硬或严重潦草的线条。
6. 存在异常大面积涂黑、重度阴影或某个对象被明显过度强调。"
dataset/HTP/01/00/01_00_01_0061.jpg,01,00,01,0.07585817323116976,"【支持正常的证据】
1. 房屋、树木、人物三个核心对象均能够清楚识别，并且基本完整。
2. 三个对象在画面中的大小适中，没有全部挤在极小区域，也没有明显超出或压迫整个画面。
3. 房、树、人之间保持自然、合理的空间距离，没有明显孤立或被大片空白强行分隔。
4. 三个对象能够形成基本连贯的场景，例如共享地面、方向一致、空间位置合理，整体看起来属于同一个环境，而不是三个互不相关的符号。
5. 整体构图稳定，没有明显失衡、极端偏向某个角落或严重碎片化。
6. 线条总体连续、自然、力度相对稳定，没有大量异常断裂、极端微弱或杂乱涂画。
7. 画面具有适量细节。可以简单，但主要对象的基本结构能够表达清楚。
8. 房屋、树木、人物的比例大致协调，没有极端小型化或比例失调。
9. 房屋、树木和人物之间的关系自然，没有极端隔离或不连贯的空间关系。
10. 线条自然、连续，没有异常大面积涂黑。

【支持异常的证据】
1. 房屋、树木、人物中的一个或多个核心对象完全缺失，且无法由裁剪、遮挡或画法解释。
2. 整幅画极度简化，只剩极少线条，大量重要结构同时消失，整体信息量异常低。
3. 房、树、人整体只占巨大画布中极小区域，周围存在大量空白。
4. 三个对象之间距离极端遥远，某个对象明显孤立，或者整个场景严重碎片化。
5. 存在大量非常微弱、间断、犹豫、僵硬或严重潦草的线条。
6. 存在异常大面积涂黑、重度阴影或某个对象被明显过度强调。"
dataset/HTP/01/00/01_00_01_0062.jpg,01,00,01,0.09534946232842245,"【支持正常的证据】
1. 房屋、树木、人物三个核心对象均能够清楚识别，并且基本完整。
2. 三个对象在画面中的大小适中，没有全部挤在极小区域，也没有明显超出或压迫整个画面。
3. 房、树、人之间保持自然、合理的空间距离，没有明显孤立或被大片空白强行分隔。
4. 三个对象能够形成基本连贯的场景，例如共享地面、方向一致、空间位置合理，整体看起来属于同一个环境，而不是三个互不相关的符号。
5. 整体构图稳定，没有明显失衡、极端偏向某个角落或严重碎片化。
6. 线条总体连续、自然、力度相对稳定，没有大量异常断裂、极端微弱或杂乱涂画。
7. 画面具有适量细节。可以简单，但主要对象的基本结构能够表达清楚。
8. 房屋、树木、人物的比例大致协调，没有极端小型化或比例失调。
9. 房屋结构稳定，主要组成部分合理，没有明显倒塌、断裂或严重几何变形。
10. 树木结构自然，没有严重截断或畸形。
11. 人物身体主要结构完整，比例不存在严重失调。
12. 整体构图稳定且场景连贯。
13. 线条自然、连续，没有异常大面积涂黑。
14. 没有明显的选择性结构缺失。
15. 仅存在少数能够由绘画水平、年龄、风格或普通构图解释的轻微异常。

【支持异常的证据】
1. 人物头部、躯干、手臂和腿等主要身体结构基本完整，但面部表情夸张，可能不符合正常比例。
2. 房屋结构较为简单，但没有明显选择性缺少门或窗户。
3. 树木结构自然，但树冠似乎有些夸张，可能是由于绘画风格导致的。
4. 人物大小与房屋、树木和整个画布基本协调，但面部表情夸张，可能不符合正常比例。
5. 整体构图稳定，但人物的位置略显突兀，可能是因为绘画风格导致的。"
dataset/HTP/01/00/01_00_01_0063.jpg,01,00,01,0.11920291732853862,"【支持正常的证据】
1. 房屋、树木、人物三个核心对象均能够清楚识别，并且基本完整。
2. 三个对象在画面中的大小适中，没有全部挤在极小区域，也没有明显超出或压迫整个画面。
3. 房、树、人之间保持自然、合理的空间距离，没有明显孤立或被大片空白强行分隔。
4. 三个对象能够形成基本连贯的场景，例如共享地面、方向一致、空间位置合理，整体看起来属于同一个环境，而不是三个互不相关的符号。
5. 整体构图稳定，没有明显失衡、极端偏向某个角落或严重碎片化。
6. 线条总体连续、自然、力度相对稳定，没有大量异常断裂、极端微弱或杂乱涂画。
7. 画面具有适量细节。可以简单，但主要对象的基本结构能够表达清楚。
8. 房屋、树木、人物的比例大致协调，没有极端小型化或比例失调。
9. 整体场景连贯，没有明显选择性结构缺失。
10. 线条自然、连续，没有异常大面积涂黑。

【支持异常的证据】
1. 房屋结构较完整，但明显选择性缺少门。
2. 树木相对于其他主体和画布极端微小。
3. 人物头部、躯干、手臂和腿等主要身体结构基本完整，但比例有些夸张。
4. 房屋、树木和人物之间距离极端遥远，人物明显孤立。
5. 存在大量非常微弱、间断、犹豫、僵硬或严重潦草的线条。"
dataset/HTP/01/00/01_00_01_0064.jpg,01,00,01,0.010986941578116865,"【支持正常的证据】
1. 房屋、树木、人物三个核心对象均能够清楚识别，并且基本完整。
2. 三个对象在画面中的大小适中，没有全部挤在极小区域，也没有明显超出或压迫整个画面。
3. 房、树、人之间保持自然、合理的空间距离，没有明显孤立或被大片空白强行分隔。
4. 三个对象能够形成基本连贯的场景，例如共享地面、方向一致、空间位置合理，整体看起来属于同一个环境，而不是三个互不相关的符号。
5. 整体构图稳定，没有明显失衡、极端偏向某个角落或严重碎片化。
6. 线条总体连续、自然、力度相对稳定，没有大量异常断裂、极端微弱或杂乱涂画。
7. 画面具有适量细节。可以简单，但主要对象的基本结构能够表达清楚。
8. 房屋、树木、人物的比例大致协调，没有极端小型化或比例失调。
9. 房屋结构稳定，主要组成部分合理，没有明显倒塌、断裂或严重几何变形。
10. 树木结构自然，没有严重截断或畸形。
11. 人物身体主要结构完整，比例不存在严重失调。
12. 整体构图稳定且场景连贯。
13. 线条自然、连续，没有异常大面积涂黑。
14. 没有明显的选择性结构缺失。
15. 仅存在少数能够由绘画水平、年龄、风格或普通构图解释的轻微异常。

【支持异常的证据】
1. 无。"
dataset/HTP/01/00/01_00_01_0065.jpg,01,00,01,0.009708474753363424,"【支持正常的证据】
1. 房屋、树木、人物三个核心对象均能够清楚识别，并且基本完整。
2. 三个对象在画面中的大小适中，没有全部挤在极小区域，也没有明显超出或压迫整个画面。
3. 房、树、人之间保持自然、合理的空间距离，没有明显孤立或被大片空白强行分隔。
4. 三个对象能够形成基本连贯的场景，例如共享地面、方向一致、空间位置合理，整体看起来属于同一个环境，而不是三个互不相关的符号。
5. 整体构图稳定，没有明显失衡、极端偏向某个角落或严重碎片化。
6. 线条总体连续、自然、力度相对稳定，没有大量异常断裂、极端微弱或杂乱涂画。
7. 画面具有适量细节。可以简单，但主要对象的基本结构能够表达清楚。
8. 房屋、树木、人物的比例大致协调，没有极端小型化或比例失调。
9. 房屋、树木和人物的相对大小基本合理，没有非常极端的尺寸差异。
10. 人物身体主要结构完整，比例不存在严重失调。
11. 整体构图稳定且场景连贯，没有明显异常的大面积涂黑。
12. 人物和房屋、树木之间保持自然距离，没有极端隔离。
13. 画面存在多个相互独立的正常积极特征，如房屋结构稳定、树木结构自然、人物身体完整等。

【支持异常的证据】
1. 无。"
dataset/HTP/01/00/01_00_01_0066.jpg,01,00,01,0.012431653620200803,"【支持正常的证据】
1. 房屋、树木、人物三个核心对象均能够清楚识别，并且基本完整。
2. 三个对象在画面中的大小适中，没有全部挤在极小区域，也没有明显超出或压迫整个画面。
3. 房、树、人之间保持自然、合理的空间距离，没有明显孤立或被大片空白强行分隔。
4. 三个对象能够形成基本连贯的场景，例如共享地面、方向一致、空间位置合理，整体看起来属于同一个环境，而不是三个互不相关的符号。
5. 整体构图稳定，没有明显失衡、极端偏向某个角落或严重碎片化。
6. 线条总体连续、自然、力度相对稳定，没有大量异常断裂、极端微弱或杂乱涂画。
7. 画面具有适量细节。可以简单，但主要对象的基本结构能够表达清楚。
8. 房屋、树木、人物的比例大致协调，没有极端小型化或比例失调。
9. 房屋、树木和人物的相对大小基本合理，没有非常极端的尺寸差异。
10. 人物身体主要结构完整，比例不存在严重失调。
11. 整体构图稳定且场景连贯，没有明显异常的大面积涂黑。
12. 人物位于房屋和树木形成的环境中，没有极端隔离。
13. 线条自然、连续，没有异常大面积涂黑。
14. 画面存在多个相互独立的正常积极特征。

【支持异常的证据】
1. 无。"
dataset/HTP/01/00/01_00_01_0067.jpg,01,00,01,0.010986941578116865,"【支持正常的证据】
1. 房屋、树木、人物三个核心对象均能够清楚识别，并且基本完整。
2. 三个对象在画面中的大小适中，没有全部挤在极小区域，也没有明显超出或压迫整个画面。
3. 房、树、人之间保持自然、合理的空间距离，没有明显孤立或被大片空白强行分隔。
4. 三个对象能够形成基本连贯的场景，例如共享地面、方向一致、空间位置合理，整体看起来属于同一个环境，而不是三个互不相关的符号。
5. 整体构图稳定，没有明显失衡、极端偏向某个角落或严重碎片化。
6. 线条总体连续、自然、力度相对稳定，没有大量异常断裂、极端微弱或杂乱涂画。
7. 画面具有适量细节。可以简单，但主要对象的基本结构能够表达清楚。
8. 房屋、树木、人物的比例大致协调，没有极端小型化或比例失调。
9. 房屋、树木和人物的相对大小基本合理，没有非常极端的尺寸差异。
10. 人物身体主要结构完整，比例不存在严重失调。
11. 整体构图稳定且场景连贯，没有明显异常的大面积涂黑。
12. 人物和房屋、树木之间保持自然距离，没有极端隔离。
13. 线条自然、连续，没有异常大面积涂黑。
14. 画面存在多个相互独立的正常积极特征。

【支持异常的证据】
1. 无明显异常特征。"
dataset/HTP/01/00/01_00_01_0068.jpg,01,00,01,0.060086650384398026,"【支持正常的证据】
1. 房屋、树木、人物三个核心对象均能够清楚识别，并且基本完整。
2. 三个对象在画面中的大小适中，没有全部挤在极小区域，也没有明显超出或压迫整个画面。
3. 房、树、人之间保持自然、合理的空间距离，没有明显孤立或被大片空白强行分隔。
4. 三个对象能够形成基本连贯的场景，例如共享地面、方向一致、空间位置合理，整体看起来属于同一个环境，而不是三个互不相关的符号。
5. 整体构图稳定，没有明显失衡、极端偏向某个角落或严重碎片化。
6. 线条总体连续、自然、力度相对稳定，没有大量异常断裂、极端微弱或杂乱涂画。
7. 画面具有适量细节。可以简单，但主要对象的基本结构能够表达清楚。
8. 草地、道路、太阳、云、花、地面等环境元素与主体自然结合，可以作为场景完整和组织良好的积极证据。
9. 没有大面积、无明显绘画目的的异常涂黑、重阴影或局部反复强调。

【支持异常的证据】
1. 房屋、树木、人物中的一个或多个核心对象完全缺失，且无法由裁剪、遮挡或画法解释。
2. 整幅画极度简化，只剩极少线条，大量重要结构同时消失，整体信息量异常低。
3. 房、树、人整体只占巨大画布中极小区域，周围存在大量空白。
4. 三个对象之间距离极端遥远，某个对象明显孤立，或者整个场景严重碎片化。
5. 对象像漂浮在不同区域，彼此几乎没有空间联系，整体场景严重不连贯。
6. 存在大量非常微弱、间断、犹豫、僵硬或严重潦草的线条。
7. 存在异常大面积涂黑、重度阴影或某个对象被明显过度强调。"
dataset/HTP/01/00/01_00_01_0069.jpg,01,00,01,0.10669058897496679,"【支持正常的证据】
1. 房屋、树木、人物三个核心对象均能够清楚识别，并且基本完整。
2. 三个对象在画面中的大小适中，没有全部挤在极小区域，也没有明显超出或压迫整个画面。
3. 房、树、人之间保持自然、合理的空间距离，没有明显孤立或被大片空白强行分隔。
4. 三个对象能够形成基本连贯的场景，例如共享地面、方向一致、空间位置合理，整体看起来属于同一个环境。
5. 整体构图稳定，没有明显失衡、极端偏向某个角落或严重碎片化。
6. 线条总体连续、自然、力度相对稳定，没有大量异常断裂、极端微弱或杂乱涂画。
7. 画面具有适量细节。可以简单，但主要对象的基本结构能够表达清楚。
8. 没有大面积、无明显绘画目的的异常涂黑、重阴影或局部反复强调。

【支持异常的证据】
1. 树木相对于其他主体和画布极端微小。
2. 树木明确表现为死亡、严重枯萎、破损或大量枝干折断，而不是单纯没有叶子。"
dataset/HTP/01/00/01_00_01_0070.jpg,01,00,01,0.010986941578116865,"【支持正常的证据】
1. 房屋、树木、人物三个核心对象均能够清楚识别，并且基本完整。
2. 三个对象在画面中的大小适中，没有全部挤在极小区域，也没有明显超出或压迫整个画面。
3. 房、树、人之间保持自然、合理的空间距离，没有明显孤立或被大片空白强行分隔。
4. 三个对象能够形成基本连贯的场景，例如共享地面、方向一致、空间位置合理，整体看起来属于同一个环境，而不是三个互不相关的符号。
5. 整体构图稳定，没有明显失衡、极端偏向某个角落或严重碎片化。
6. 线条总体连续、自然、力度相对稳定，没有大量异常断裂、极端微弱或杂乱涂画。
7. 画面具有适量细节。可以简单，但主要对象的基本结构能够表达清楚。
8. 房屋、树木、人物的比例大致协调，没有极端小型化或比例失调。
9. 整体场景连贯，没有明显选择性结构缺失。
10. 线条自然、连续，没有异常大面积涂黑。

【支持异常的证据】
1. 无明显异常特征。"
dataset/HTP/01/00/01_00_01_0071.jpg,01,00,01,0.01798621187025419,"【支持正常的证据】
1. 房屋、树木、人物三个核心对象均能够清楚识别，并且基本完整。
2. 三个对象在画面中的大小适中，没有全部挤在极小区域，也没有明显超出或压迫整个画面。
3. 房、树、人之间保持自然、合理的空间距离，没有明显孤立或被大片空白强行分隔。
4. 三个对象能够形成基本连贯的场景，例如共享地面、方向一致、空间位置合理，整体看起来属于同一个环境，而不是三个互不相关的符号。
5. 整体构图稳定，没有明显失衡、极端偏向某个角落或严重碎片化。
6. 线条总体连续、自然、力度相对稳定，没有大量异常断裂、极端微弱或杂乱涂画。
7. 画面具有适量细节。可以简单，但主要对象的基本结构能够表达清楚。
8. 房屋、树木、人物的比例大致协调，没有极端小型化或比例失调。
9. 房屋、树木和人物之间的关系自然，没有极端隔离或不连贯的空间关系。
10. 线条自然、连续，没有异常大面积涂黑。

【支持异常的证据】
1. 人物缺少手臂，但整体结构仍然可以辨认。
2. 房屋和树木的结构较为简单，但没有明显的结构缺失或扭曲。
3. 人物的表情中性，没有明显的情绪表现。
4. 整体构图稳定，没有极端小型化或碎片化现象。
5. 线条自然、连续，没有异常大面积涂黑。"
dataset/HTP/01/00/01_00_01_0072.jpg,01,00,01,0.012431653620200803,"【支持正常的证据】
1. 房屋、树木、人物三个核心对象均能够清楚识别，并且基本完整。
2. 三个对象在画面中的大小适中，没有全部挤在极小区域，也没有明显超出或压迫整个画面。
3. 房、树、人之间保持自然、合理的空间距离，没有明显孤立或被大片空白强行分隔。
4. 三个对象能够形成基本连贯的场景，例如共享地面、方向一致、空间位置合理，整体看起来属于同一个环境。
5. 整体构图稳定，没有明显失衡、极端偏向某个角落或严重碎片化。
6. 线条总体连续、自然、力度相对稳定，没有大量异常断裂、极端微弱或杂乱涂画。
7. 画面具有适量细节。可以简单，但主要对象的基本结构能够表达清楚。
8. 房屋、树木、人物的比例大致协调，没有极端小型化或比例失调。
9. 整体场景连贯，没有明显选择性结构缺失。
10. 线条自然、连续，没有异常大面积涂黑。

【支持异常的证据】
1. 无明显异常特征。"
dataset/HTP/01/00/01_00_01_0073.jpg,01,00,01,0.10669058897496679,"【支持正常的证据】
1. 房屋、树木、人物三个核心对象均能够清楚识别，并且基本完整。
2. 三个对象在画面中的大小适中，没有全部挤在极小区域，也没有明显超出或压迫整个画面。
3. 房、树、人之间保持自然、合理的空间距离，没有明显孤立或被大片空白强行分隔。
4. 三个对象能够形成基本连贯的场景，例如共享地面、方向一致、空间位置合理，整体看起来属于同一个环境，而不是三个互不相关的符号。
5. 整体构图稳定，没有明显失衡、极端偏向某个角落或严重碎片化。
6. 线条总体连续、自然、力度相对稳定，没有大量异常断裂、极端微弱或杂乱涂画。
7. 画面具有适量细节。可以简单，但主要对象的基本结构能够表达清楚。
8. 房屋、树木、人物的比例大致协调，没有极端小型化或比例失调。
9. 整体场景连贯，没有明显选择性结构缺失。
10. 线条自然、连续，没有异常大面积涂黑。

【支持异常的证据】
1. 房屋、树木、人物中的一个或多个核心对象完全缺失，且无法由裁剪、遮挡或画法解释。
2. 整幅画极度简化，只剩极少线条，大量重要结构同时消失，整体信息量异常低。
3. 房、树、人整体只占巨大画布中极小区域，周围存在大量空白。
4. 三个对象之间距离极端遥远，某个对象明显孤立，或者整个场景严重碎片化。
5. 存在大量非常微弱、间断、犹豫、僵硬或严重潦草的线条。
6. 存在异常大面积涂黑、重度阴影或某个对象被明显过度强调。"
dataset/HTP/01/00/01_00_01_0074.jpg,01,00,01,0.012431653620200803,"【支持正常的证据】
1. 房屋、树木、人物三个核心对象均能够清楚识别，并且基本完整。
2. 三个对象在画面中的大小适中，没有全部挤在极小区域，也没有明显超出或压迫整个画面。
3. 房、树、人之间保持自然、合理的空间距离，没有明显孤立或被大片空白强行分隔。
4. 三个对象能够形成基本连贯的场景，例如共享地面、方向一致、空间位置合理，整体看起来属于同一个环境，而不是三个互不相关的符号。
5. 整体构图稳定，没有明显失衡、极端偏向某个角落或严重碎片化。
6. 线条总体连续、自然、力度相对稳定，没有大量异常断裂、极端微弱或杂乱涂画。
7. 画面具有适量细节。可以简单，但主要对象的基本结构能够表达清楚。
8. 房屋、树木、人物的比例大致协调，没有极端小型化或比例失调。
9. 房屋、树木和人物之间的关系自然，没有极端隔离或空间关系异常。
10. 线条自然、连续，没有异常大面积涂黑。

【支持异常的证据】
1. 无明显异常特征。"
dataset/HTP/01/00/01_00_01_0075.jpg,01,00,01,0.060086650384398026,"【支持正常的证据】
1. 房屋、树木、人物三个核心对象均能够清楚识别，并且基本完整。
2. 三个对象在画面中的大小适中，没有全部挤在极小区域，也没有明显超出或压迫整个画面。
3. 房、树、人之间保持自然、合理的空间距离，没有明显孤立或被大片空白强行分隔。
4. 三个对象能够形成基本连贯的场景，例如共享地面、方向一致、空间位置合理，整体看起来属于同一个环境。
5. 整体构图稳定，没有明显失衡、极端偏向某个角落或严重碎片化。
6. 线条总体连续、自然、力度相对稳定，没有大量异常断裂、极端微弱或杂乱涂画。
7. 画面具有适量细节。可以简单，但主要对象的基本结构能够表达清楚。
8. 房屋、树木、人物之间的关系自然，没有极端隔离或不连贯的场景。
9. 没有大面积、无明显绘画目的的异常涂黑、重阴影或局部反复强调。

【支持异常的证据】
1. 房屋、树木、人物中的一个或多个核心对象完全缺失，且无法由裁剪、遮挡或画法解释。
2. 整幅画极度简化，只剩极少线条，大量重要结构同时消失，整体信息量异常低。
3. 房、树、人整体只占巨大画布中极小区域，周围存在大量空白。
4. 三个对象之间距离极端遥远，某个对象明显孤立，或者整个场景严重碎片化。
5. 存在大量非常微弱、间断、犹豫、僵硬或严重潦草的线条。
6. 存在异常大面积涂黑、重度阴影或某个对象被明显过度强调。"
dataset/HTP/01/00/01_00_01_0076.jpg,01,00,01,0.009708474753363424,"【支持正常的证据】
1. 房屋、树木、人物三个核心对象均能够清楚识别，并且基本完整。
2. 三个对象在画面中的大小适中，没有全部挤在极小区域，也没有明显超出或压迫整个画面。
3. 房、树、人之间保持自然、合理的空间距离，没有明显孤立或被大片空白强行分隔。
4. 三个对象能够形成基本连贯的场景，例如共享地面、方向一致、空间位置合理，整体看起来属于同一个环境，而不是三个互不相关的符号。
5. 整体构图稳定，没有明显失衡、极端偏向某个角落或严重碎片化。
6. 线条总体连续、自然、力度相对稳定，没有大量异常断裂、极端微弱或杂乱涂画。
7. 画面具有适量细节。可以简单，但主要对象的基本结构能够表达清楚。
8. 房屋、树木、人物的比例大致协调，没有极端小型化或明显比例失调。
9. 房屋结构稳定，主要组成部分合理，没有明显倒塌、断裂或严重几何变形。
10. 树木结构自然，没有严重截断或畸形。
11. 人物身体主要结构完整，比例不存在严重失调。
12. 整体构图稳定且场景连贯。
13. 线条自然、连续，没有异常大面积涂黑。
14. 没有明显的选择性结构缺失。
15. 仅存在少数能够由绘画水平、年龄、风格或普通构图解释的轻微异常。

【支持异常的证据】
1. 无明显异常特征。"
dataset/HTP/01/00/01_00_01_0077.jpg,01,00,01,0.09534946232842245,"【支持正常的证据】
1. 房屋、树木、人物三个核心对象均能够清楚识别，并且基本完整。
2. 三个对象在画面中的大小适中，没有全部挤在极小区域，也没有明显超出或压迫整个画面。
3. 房、树、人之间保持自然、合理的空间距离，没有明显孤立或被大片空白强行分隔。
4. 三个对象能够形成基本连贯的场景，例如共享地面、方向一致、空间位置合理，整体看起来属于同一个环境，而不是三个互不相关的符号。
5. 整体构图稳定，没有明显失衡、极端偏向某个角落或严重碎片化。
6. 线条总体连续、自然、力度相对稳定，没有大量异常断裂、极端微弱或杂乱涂画。
7. 画面具有适量细节。可以简单，但主要对象的基本结构能够表达清楚。
8. 房屋、树木、人物的比例大致协调，没有极端小型化或比例失调。
9. 房屋、树木和人物之间的关系自然，没有极端隔离或不连贯的空间关系。
10. 线条自然、连续，没有异常大面积涂黑。

【支持异常的证据】
1. 房屋、树木、人物中的一个或多个核心对象完全缺失，且无法由裁剪、遮挡或画法解释。
2. 整幅画极度简化，只剩极少线条，大量重要结构同时消失，整体信息量异常低。
3. 房、树、人整体只占巨大画布中极小区域，周围存在大量空白。
4. 三个对象之间距离极端遥远，某个对象明显孤立，或者整个场景严重碎片化。
5. 存在大量非常微弱、间断、犹豫、僵硬或严重潦草的线条。
6. 存在异常大面积涂黑、重度阴影或某个对象被明显过度强调。"
dataset/HTP/01/00/01_00_01_0078.jpg,01,00,01,0.14804719991116141,"【支持正常的证据】
1. 房屋、树木、人物三个核心对象均能够清楚识别，并且基本完整。
2. 三个对象在画面中的大小适中，没有全部挤在极小区域，也没有明显超出或压迫整个画面。
3. 房、树、人之间保持自然、合理的空间距离，没有明显孤立或被大片空白强行分隔。
4. 三个对象能够形成基本连贯的场景，例如共享地面、方向一致、空间位置合理，整体看起来属于同一个环境。
5. 整体构图稳定，没有明显失衡、极端偏向某个角落或严重碎片化。
6. 线条总体连续、自然、力度相对稳定，没有大量异常断裂、极端微弱或杂乱涂画。
7. 画面具有适量细节。可以简单，但主要对象的基本结构能够表达清楚。
8. 房屋、树木、人物的比例大致协调，没有极端小型化或比例失调。
9. 房屋结构稳定，没有明显倒塌、断裂或严重几何变形。
10. 树木结构自然，没有明显截断或畸形。
11. 人物身体主要结构完整，比例不存在严重失调。
12. 整体构图稳定且场景连贯。
13. 线条自然、连续，没有异常大面积涂黑。
14. 没有明显的选择性结构缺失。
15. 仅存在少数能够由绘画水平、年龄、风格或普通构图解释的轻微异常。

【支持异常的证据】
1. 人物明显不完整，缺少手臂和腿部。
2. 房屋结构较为详细，但缺少窗户。
3. 树木结构自然，但缺少叶子。
4. 人物比例失调，头部较大，身体较小。
5. 房屋和树木结构较为详细，但人物选择性缺少手臂和腿部。
6. 整体构图中存在轻微比例问题和结构缺失。"
dataset/HTP/01/00/01_00_01_0079.jpg,01,00,01,0.009708474753363424,"【支持正常的证据】
1. 房屋、树木、人物三个核心对象均能够清楚识别，并且基本完整。
2. 三个对象在画面中的大小适中，没有全部挤在极小区域，也没有明显超出或压迫整个画面。
3. 房、树、人之间保持自然、合理的空间距离，没有明显孤立或被大片空白强行分隔。
4. 三个对象能够形成基本连贯的场景，例如共享地面、方向一致、空间位置合理，整体看起来属于同一个环境，而不是三个互不相关的符号。
5. 整体构图稳定，没有明显失衡、极端偏向某个角落或严重碎片化。
6. 线条总体连续、自然、力度相对稳定，没有大量异常断裂、极端微弱或杂乱涂画。
7. 画面具有适量细节。可以简单，但主要对象的基本结构能够表达清楚。
8. 房屋、树木、人物的比例大致协调，没有极端小型化或比例失调。
9. 房屋结构稳定，屋顶、烟囱、门窗等细节适量并与房屋结构协调。
10. 树木结构自然，没有明显截断或畸形。
11. 人物身体主要结构完整，比例不存在严重失调。
12. 整体构图稳定且场景连贯，没有明显异常的大面积涂黑。
13. 线条自然、连续，没有异常大面积涂黑。
14. 人物没有明显选择性结构缺失。
15. 仅存在少数能够由绘画水平、年龄、风格或普通构图解释的轻微异常。

【支持异常的证据】
1. 无明显异常特征。"
dataset/HTP/01/00/01_00_01_0080.jpg,01,00,01,0.010986941578116865,"【支持正常的证据】
1. 房屋、树木、人物三个核心对象均能够清楚识别，并且基本完整。
2. 三个对象在画面中的大小适中，没有全部挤在极小区域，也没有明显超出或压迫整个画面。
3. 房、树、人之间保持自然、合理的空间距离，没有明显孤立或被大片空白强行分隔。
4. 三个对象能够形成基本连贯的场景，例如共享地面、方向一致、空间位置合理，整体看起来属于同一个环境，而不是三个互不相关的符号。
5. 整体构图稳定，没有明显失衡、极端偏向某个角落或严重碎片化。
6. 线条总体连续、自然、力度相对稳定，没有大量异常断裂、极端微弱或杂乱涂画。
7. 画面具有适量细节。可以简单，但主要对象的基本结构能够表达清楚。
8. 房屋、树木、人物的比例大致协调，没有极端小型化或比例失调。
9. 房屋结构稳定，主要组成部分合理，没有明显倒塌、断裂或严重几何变形。
10. 树木结构自然，没有严重截断或畸形。
11. 人物身体主要结构完整，比例不存在严重失调。
12. 整体构图稳定且场景连贯。
13. 线条自然、连续，没有异常大面积涂黑。
14. 没有明显的选择性结构缺失。
15. 仅存在少数能够由绘画水平、年龄、风格或普通构图解释的轻微异常。

【支持异常的证据】
1. 无。"
dataset/HTP/01/00/01_00_01_0081.jpg,01,00,01,0.010986941578116865,"【支持正常的证据】
1. 房屋、树木、人物三个核心对象均能够清楚识别，并且基本完整。
2. 三个对象在画面中的大小适中，没有全部挤在极小区域，也没有明显超出或压迫整个画面。
3. 房、树、人之间保持自然、合理的空间距离，没有明显孤立或被大片空白强行分隔。
4. 三个对象能够形成基本连贯的场景，例如共享地面、方向一致、空间位置合理，整体看起来属于同一个环境。
5. 整体构图稳定，没有明显失衡、极端偏向某个角落或严重碎片化。
6. 线条总体连续、自然、力度相对稳定，没有大量异常断裂、极端微弱或杂乱涂画。
7. 画面具有适量细节。可以简单，但主要对象的基本结构能够表达清楚。
8. 房屋、树木、人物的比例大致协调，没有极端小型化或比例失调。
9. 房屋结构稳定，没有明显倒塌、断裂或严重几何变形。
10. 树木结构自然，没有严重截断或畸形。
11. 人物身体主要结构完整，比例不存在严重失调。
12. 整体构图稳定且场景连贯。
13. 线条自然、连续，没有异常大面积涂黑。
14. 没有明显的选择性结构缺失。
15. 即使绘画较简单，其简化方式在整幅画中保持一致。

【支持异常的证据】
1. 无明显异常特征。"
dataset/HTP/01/00/01_00_01_0082.jpg,01,00,01,0.053403324903538434,"【支持正常的证据】
1. 房屋、树木、人物三个核心对象均能够清楚识别，并且基本完整。
2. 三个对象在画面中的大小适中，没有全部挤在极小区域，也没有明显超出或压迫整个画面。
3. 房、树、人之间保持自然、合理的空间距离，没有明显孤立或被大片空白强行分隔。
4. 三个对象能够形成基本连贯的场景，例如共享地面、方向一致、空间位置合理，整体看起来属于同一个环境。
5. 整体构图稳定，没有明显失衡、极端偏向某个角落或严重碎片化。
6. 线条总体连续、自然、力度相对稳定，没有大量异常断裂、极端微弱或杂乱涂画。
7. 画面具有适量细节。可以简单，但主要对象的基本结构能够表达清楚。
8. 没有大面积、无明显绘画目的的异常涂黑、重阴影或局部反复强调。

【支持异常的证据】
1. 房屋、树木、人物中的一个或多个核心对象完全缺失，且无法由裁剪、遮挡或画法解释。
2. 整幅画极度简化，只剩极少线条，大量重要结构同时消失，整体信息量异常低。
3. 房、树、人整体只占巨大画布中极小区域，周围存在大量空白。
4. 三个对象之间距离极端遥远，某个对象明显孤立，或者整个场景严重碎片化。
5. 存在大量非常微弱、间断、犹豫、僵硬或严重潦草的线条。
6. 存在异常大面积涂黑、重度阴影或某个对象被明显过度强调。"
dataset/HTP/01/00/01_00_01_0083.jpg,01,00,01,0.012431653620200803,"【支持正常的证据】
1. 房屋、树木、人物三个核心对象均能够清楚识别，并且基本完整。
2. 三个对象在画面中的大小适中，没有全部挤在极小区域，也没有明显超出或压迫整个画面。
3. 房、树、人之间保持自然、合理的空间距离，没有明显孤立或被大片空白强行分隔。
4. 三个对象能够形成基本连贯的场景，例如共享地面、方向一致、空间位置合理，整体看起来属于同一个环境，而不是三个互不相关的符号。
5. 整体构图稳定，没有明显失衡、极端偏向某个角落或严重碎片化。
6. 线条总体连续、自然、力度相对稳定，没有大量异常断裂、极端微弱或杂乱涂画。
7. 画面具有适量细节。可以简单，但主要对象的基本结构能够表达清楚。
8. 房屋、树木、人物的比例大致协调，没有极端小型化或比例失调。
9. 房屋结构稳定，主要组成部分合理，没有明显倒塌、断裂或严重几何变形。
10. 树木结构自然，没有严重截断或畸形。
11. 人物身体主要结构完整，比例不存在严重失调。
12. 整体构图稳定且场景连贯。
13. 线条自然、连续，没有异常大面积涂黑。
14. 没有明显的选择性结构缺失。
15. 即使绘画较简单，其简化方式在整幅画中保持一致。

【支持异常的证据】
1. 无明显异常特征。"
dataset/HTP/01/00/01_00_01_0084.jpg,01,00,01,0.053403324903538434,"【支持正常的证据】
1. 房屋、树木、人物三个核心对象均能够清楚识别，并且基本完整。
2. 三个对象在画面中的大小适中，没有全部挤在极小区域，也没有明显超出或压迫整个画面。
3. 房、树、人之间保持自然、合理的空间距离，没有明显孤立或被大片空白强行分隔。
4. 三个对象能够形成基本连贯的场景，例如共享地面、方向一致、空间位置合理，整体看起来属于同一个环境，而不是三个互不相关的符号。
5. 整体构图稳定，没有明显失衡、极端偏向某个角落或严重碎片化。
6. 线条总体连续、自然、力度相对稳定，没有大量异常断裂、极端微弱或杂乱涂画。
7. 画面具有适量细节。可以简单，但主要对象的基本结构能够表达清楚。
8. 房屋、树木、人物的比例大致协调，没有极端小型化或夸张比例。
9. 房屋、树木和人物的相对大小基本合理，没有非常极端的尺寸差异。
10. 人物身体主要结构完整，比例不存在严重失调。
11. 整体构图稳定且场景连贯，没有明显异常的大面积涂黑。
12. 线条自然、连续，没有异常大面积涂黑。
13. 没有明显的选择性结构缺失。
14. 即使绘画较简单，其简化方式在整幅画中保持一致。
15. 仅存在少数能够由绘画水平、年龄、风格或普通构图解释的轻微异常。

【支持异常的证据】
1. 房屋、树木、人物中的一个或多个核心对象完全缺失，且无法由裁剪、遮挡或画法解释。
2. 整幅画极度简化，只剩极少线条，大量重要结构同时消失，整体信息量异常低。
3. 房、树、人整体只占巨大画布中极小区域，周围存在大量空白。
4. 三个对象之间距离极端遥远，某个对象明显孤立，或者整个场景严重碎片化。
5. 存在大量非常微弱、间断、犹豫、僵硬或严重潦草的线条。
6. 存在异常大面积涂黑、重度阴影或某个对象被明显过度强调。"
dataset/HTP/01/00/01_00_01_0085.jpg,01,00,01,0.009708474753363424,"【支持正常的证据】
1. 房屋、树木、人物三个核心对象均能够清楚识别，并且基本完整。
2. 三个对象在画面中的大小适中，没有全部挤在极小区域，也没有明显超出或压迫整个画面。
3. 房、树、人之间保持自然、合理的空间距离，没有明显孤立或被大片空白强行分隔。
4. 三个对象能够形成基本连贯的场景，例如共享地面、方向一致、空间位置合理，整体看起来属于同一个环境。
5. 整体构图稳定，没有明显失衡、极端偏向某个角落或严重碎片化。
6. 线条总体连续、自然、力度相对稳定，没有大量异常断裂、极端微弱或杂乱涂画。
7. 画面具有适量细节。可以简单，但主要对象的基本结构能够表达清楚。
8. 房屋、树木、人物的比例大致协调，没有极端小型化或比例失调。
9. 房屋结构稳定，屋顶、烟囱、门窗等细节自然、适量并与房屋结构协调。
10. 树木结构自然，没有明显截断或畸形。
11. 人物身体主要结构完整，比例不存在严重失调。
12. 整体构图稳定且场景连贯，没有明显异常的大面积涂黑。
13. 线条自然、连续，没有异常大面积涂黑。
14. 人物没有明显选择性结构缺失。
15. 仅存在少数能够由绘画水平、年龄、风格或普通构图解释的轻微异常。

【支持异常的证据】
1. 无。"
dataset/HTP/01/00/01_00_01_0086.jpg,01,00,01,0.24508501313237172,"【支持正常的证据】
1. 房屋、树木、人物三个核心对象均能够清楚识别，并且基本完整。
2. 三个对象在画面中的大小适中，没有全部挤在极小区域，也没有明显超出或压迫整个画面。
3. 房、树、人之间保持自然、合理的空间距离，没有明显孤立或被大片空白强行分隔。
4. 三个对象能够形成基本连贯的场景，例如共享地面、方向一致、空间位置合理，整体看起来属于同一个环境，而不是三个互不相关的符号。
5. 整体构图稳定，没有明显失衡、极端偏向某个角落或严重碎片化。
6. 线条总体连续、自然、力度相对稳定，没有大量异常断裂、极端微弱或杂乱涂画。
7. 画面具有适量细节。可以简单，但主要对象的基本结构能够表达清楚。
8. 房屋、树木、人物的比例大致协调，没有极端小型化或夸张比例。
9. 房屋结构稳定，主要组成部分合理，没有明显倒塌、断裂或严重几何变形。
10. 树木结构自然，没有严重截断或畸形。
11. 人物身体主要结构完整，比例不存在严重失调。
12. 整体构图稳定且场景连贯。
13. 线条自然、连续，没有异常大面积涂黑。
14. 没有明显的选择性结构缺失。
15. 仅存在少数能够由绘画水平、年龄、风格或普通构图解释的轻微异常。

【支持异常的证据】
1. 人物明显不完整，缺少头部和部分身体结构。
2. 房屋结构较为详细，但缺少窗户。
3. 树木结构较为详细，但缺少叶子。
4. 房屋、树木和人物之间存在明显空间隔离，人物远离房屋和树木。
5. 房屋、树木和人物的比例不协调，人物显得过于微小。
6. 房屋、树木和人物的大小不一致，没有保持基本协调。
7. 房屋、树木和人物的空间关系不自然，无法形成一个完整场景。
8. 房屋、树木和人物之间存在明显的异常涂黑，尤其是人物的部分区域。
9. 房屋、树木和人物之间存在明显的异常隔离，无法组成基本连贯场景。"
dataset/HTP/01/00/01_00_01_0087.jpg,01,00,01,0.012431653620200803,"【支持正常的证据】
1. 房屋、树木、人物三个核心对象均能够清楚识别，并且基本完整。
2. 三个对象在画面中的大小适中，没有全部挤在极小区域，也没有明显超出或压迫整个画面。
3. 房、树、人之间保持自然、合理的空间距离，没有明显孤立或被大片空白强行分隔。
4. 三个对象能够形成基本连贯的场景，例如共享地面、方向一致、空间位置合理，整体看起来属于同一个环境，而不是三个互不相关的符号。
5. 整体构图稳定，没有明显失衡、极端偏向某个角落或严重碎片化。
6. 线条总体连续、自然、力度相对稳定，没有大量异常断裂、极端微弱或杂乱涂画。
7. 画面具有适量细节。可以简单，但主要对象的基本结构能够表达清楚。
8. 房屋、树木、人物的比例大致协调，没有极端小型化或比例失调。
9. 房屋、树木和人物之间的关系自然，没有极端隔离或空间关系异常。
10. 线条自然、连续，没有异常大面积涂黑。

【支持异常的证据】
1. 无。"
dataset/HTP/01/00/01_00_01_0088.jpg,01,00,01,0.14804719991116141,"【支持正常的证据】
1. 房屋、树木、人物三个核心对象均能够清楚识别，并且基本完整。
2. 三个对象在画面中的大小适中，没有全部挤在极小区域，也没有明显超出或压迫整个画面。
3. 房、树、人之间保持自然、合理的空间距离，没有明显孤立或被大片空白强行分隔。
4. 三个对象能够形成基本连贯的场景，例如共享地面、方向一致、空间位置合理，整体看起来属于同一个环境，而不是三个互不相关的符号。
5. 整体构图稳定，没有明显失衡、极端偏向某个角落或严重碎片化。
6. 线条总体连续、自然、力度相对稳定，没有大量异常断裂、极端微弱或杂乱涂画。
7. 画面具有适量细节。可以简单，但主要对象的基本结构能够表达清楚。
8. 房屋、树木、人物的比例大致协调，没有极端小型化或比例失调。
9. 房屋、树木和人物之间的相对大小基本合理，没有非常极端的尺寸差异。
10. 整体构图稳定且场景连贯，没有明显异常的大面积涂黑、极端小型化或异常隔离。

【支持异常的证据】
1. 人物缺少脸部和主要肢体，如手臂和腿部。
2. 人物的身体结构比例存在明显失调，尤其是头部和躯干的比例。
3. 房屋和树木的结构较为简单，但没有明显的异常扭曲或结构缺失。
4. 人物的线条有些犹豫和不自然，尤其是腿部线条显得有些僵硬。
5. 人物的整体比例失调，头部较大，身体较小，不符合正常人体比例。"
dataset/HTP/01/00/01_00_01_0089.jpg,01,00,01,0.010986941578116865,"【支持正常的证据】
1. 房屋、树木、人物三个核心对象均能够清楚识别，并且基本完整。
2. 三个对象在画面中的大小适中，没有全部挤在极小区域，也没有明显超出或压迫整个画面。
3. 房、树、人之间保持自然、合理的空间距离，没有明显孤立或被大片空白强行分隔。
4. 三个对象能够形成基本连贯的场景，例如共享地面、方向一致、空间位置合理，整体看起来属于同一个环境，而不是三个互不相关的符号。
5. 整体构图稳定，没有明显失衡、极端偏向某个角落或严重碎片化。
6. 线条总体连续、自然、力度相对稳定，没有大量异常断裂、极端微弱或杂乱涂画。
7. 画面具有适量细节。可以简单，但主要对象的基本结构能够表达清楚。
8. 房屋、树木、人物的比例大致协调，没有极端小型化或比例失调。
9. 房屋结构稳定，主要组成部分合理，没有明显倒塌、断裂或严重几何变形。
10. 树木结构自然，没有严重截断或畸形。
11. 人物身体主要结构完整，比例不存在严重失调。
12. 整体构图稳定且场景连贯。
13. 线条自然、连续，没有异常大面积涂黑。
14. 没有明显的选择性结构缺失。
15. 仅存在少数能够由绘画水平、年龄、风格或普通构图解释的轻微异常。

【支持异常的证据】
1. 无。"
dataset/HTP/01/00/01_00_01_0090.jpg,01,00,01,0.10669058897496679,"【支持正常的证据】
1. 房屋、树木、人物三个核心对象均能够清楚识别，并且基本完整。
2. 三个对象在画面中的大小适中，没有全部挤在极小区域，也没有明显超出或压迫整个画面。
3. 房、树、人之间保持自然、合理的空间距离，没有明显孤立或被大片空白强行分隔。
4. 三个对象能够形成基本连贯的场景，例如共享地面、方向一致、空间位置合理，整体看起来属于同一个环境，而不是三个互不相关的符号。
5. 整体构图稳定，没有明显失衡、极端偏向某个角落或严重碎片化。
6. 线条总体连续、自然、力度相对稳定，没有大量异常断裂、极端微弱或杂乱涂画。
7. 画面具有适量细节。可以简单，但主要对象的基本结构能够表达清楚。
8. 没有大面积、无明显绘画目的的异常涂黑、重阴影或局部反复强调。

【支持异常的证据】
1. 房屋、树木、人物中的一个或多个核心对象完全缺失，且无法由裁剪、遮挡或画法解释。
2. 整幅画极度简化，只剩极少线条，大量重要结构同时消失，整体信息量异常低。
3. 房、树、人整体只占巨大画布中极小区域，周围存在大量空白。
4. 三个对象之间距离极端遥远，某个对象明显孤立，或者整个场景严重碎片化。
5. 对象像漂浮在不同区域，彼此几乎没有空间联系，整体场景严重不连贯。
6. 存在大量非常微弱、间断、犹豫、僵硬或严重潦草的线条。
7. 存在异常大面积涂黑、重度阴影或某个对象被明显过度强调。"
dataset/HTP/01/00/01_00_01_0091.jpg,01,00,01,0.014063626423394072,"【支持正常的证据】
1. 房屋、树木、人物三个核心对象均能够清楚识别，并且基本完整。
2. 三个对象在画面中的大小适中，没有全部挤在极小区域，也没有明显超出或压迫整个画面。
3. 房、树、人之间保持自然、合理的空间距离，没有明显孤立或被大片空白强行分隔。
4. 三个对象能够形成基本连贯的场景，例如共享地面、方向一致、空间位置合理，整体看起来属于同一个环境，而不是三个互不相关的符号。
5. 整体构图稳定，没有明显失衡、极端偏向某个角落或严重碎片化。
6. 线条总体连续、自然、力度相对稳定，没有大量异常断裂、极端微弱或杂乱涂画。
7. 画面具有适量细节。可以简单，但主要对象的基本结构能够表达清楚。
8. 房屋、树木、人物的比例大致协调，没有极端小型化或比例失调。
9. 房屋、树木和人物之间的关系自然，没有极端隔离或不连贯的空间关系。
10. 线条自然、连续，没有异常大面积涂黑。

【支持异常的证据】
1. 无明显异常特征。"
dataset/HTP/01/00/01_00_01_0092.jpg,01,00,01,0.060086650384398026,"【支持正常的证据】
1. 房屋、树木、人物三个核心对象均能够清楚识别，并且基本完整。
2. 三个对象在画面中的大小适中，没有全部挤在极小区域，也没有明显超出或压迫整个画面。
3. 房、树、人之间保持自然、合理的空间距离，没有明显孤立或被大片空白强行分隔。
4. 三个对象能够形成基本连贯的场景，例如共享地面、方向一致、空间位置合理，整体看起来属于同一个环境，而不是三个互不相关的符号。
5. 整体构图稳定，没有明显失衡、极端偏向某个角落或严重碎片化。
6. 线条总体连续、自然、力度相对稳定，没有大量异常断裂、极端微弱或杂乱涂画。
7. 画面具有适量细节。可以简单，但主要对象的基本结构能够表达清楚。
8. 房屋、树木、人物的比例大致协调，没有极端小型化或比例失调。
9. 房屋、树木和人物之间的关系自然，没有极端隔离或空间关系异常。
10. 线条自然、连续，没有异常大面积涂黑。

【支持异常的证据】
1. 房屋、树木、人物中的一个或多个核心对象完全缺失，且无法由裁剪、遮挡或画法解释。
2. 整幅画极度简化，只剩极少线条，大量重要结构同时消失，整体信息量异常低。
3. 房、树、人整体只占巨大画布中极小区域，周围存在大量空白。
4. 三个对象之间距离极端遥远，某个对象明显孤立，或者整个场景严重碎片化。
5. 存在大量非常微弱、间断、犹豫、僵硬或严重潦草的线条。
6. 存在异常大面积涂黑、重度阴影或某个对象被明显过度强调。"
dataset/HTP/01/00/01_00_01_0093.jpg,01,00,01,0.009708474753363424,"【支持正常的证据】
1. 房屋、树木、人物三个核心对象均能够清楚识别，并且基本完整。
2. 三个对象在画面中的大小适中，没有全部挤在极小区域，也没有明显超出或压迫整个画面。
3. 房、树、人之间保持自然、合理的空间距离，没有明显孤立或被大片空白强行分隔。
4. 三个对象能够形成基本连贯的场景，例如共享地面、方向一致、空间位置合理，整体看起来属于同一个环境，而不是三个互不相关的符号。
5. 整体构图稳定，没有明显失衡、极端偏向某个角落或严重碎片化。
6. 线条总体连续、自然、力度相对稳定，没有大量异常断裂、极端微弱或杂乱涂画。
7. 画面具有适量细节。可以简单，但主要对象的基本结构能够表达清楚。
8. 房屋、树木、人物的比例大致协调，没有极端小型化或比例失调。
9. 整体场景连贯，没有明显选择性结构缺失。
10. 线条自然、连续，没有异常大面积涂黑。

【支持异常的证据】
1. 无明显异常特征。"
dataset/HTP/01/00/01_00_01_0094.jpg,01,00,01,0.04742587351415913,"【支持正常的证据】
1. 房屋、树木、人物三个核心对象均能够清楚识别，并且基本完整。
2. 三个对象在画面中的大小适中，没有全部挤在极小区域，也没有明显超出或压迫整个画面。
3. 房、树、人之间保持自然、合理的空间距离，没有明显孤立或被大片空白强行分隔。
4. 三个对象能够形成基本连贯的场景，例如共享地面、方向一致、空间位置合理，整体看起来属于同一个环境，而不是三个互不相关的符号。
5. 整体构图稳定，没有明显失衡、极端偏向某个角落或严重碎片化。
6. 线条总体连续、自然、力度相对稳定，没有大量异常断裂、极端微弱或杂乱涂画。
7. 画面具有适量细节。可以简单，但主要对象的基本结构能够表达清楚。
8. 如果存在草地、道路、太阳、云、花、地面等环境元素，并且与主体自然结合，可以作为场景完整和组织良好的积极证据。
9. 没有大面积、无明显绘画目的的异常涂黑、重阴影或局部反复强调。

【支持异常的证据】
1. 房屋、树木、人物中的一个或多个核心对象完全缺失，且无法由裁剪、遮挡或画法解释。
2. 整幅画极度简化，只剩极少线条，大量重要结构同时消失，整体信息量异常低。
3. 房、树、人整体只占巨大画布中极小区域，周围存在大量空白。
4. 三个对象之间距离极端遥远，某个对象明显孤立，或者整个场景严重碎片化。
5. 对象像漂浮在不同区域，彼此几乎没有空间联系，整体场景严重不连贯。
6. 存在大量非常微弱、间断、犹豫、僵硬或严重潦草的线条。
7. 存在异常大面积涂黑、重度阴影或某个对象被明显过度强调。"
dataset/HTP/01/00/01_00_01_0095.jpg,01,00,01,0.13296423160844623,"【支持正常的证据】
1. 房屋、树木、人物三个核心对象均能够清楚识别，并且基本完整。
2. 三个对象在画面中的大小适中，没有全部挤在极小区域，也没有明显超出或压迫整个画面。
3. 房、树、人之间保持自然、合理的空间距离，没有明显孤立或被大片空白强行分隔。
4. 三个对象能够形成基本连贯的场景，例如共享地面、方向一致、空间位置合理，整体看起来属于同一个环境，而不是三个互不相关的符号。
5. 整体构图稳定，没有明显失衡、极端偏向某个角落或严重碎片化。
6. 线条总体连续、自然、力度相对稳定，没有大量异常断裂、极端微弱或杂乱涂画。
7. 画面具有适量细节。可以简单，但主要对象的基本结构能够表达清楚。
8. 房屋、树木、人物的比例大致协调，没有极端小型化或比例失调。
9. 房屋、树木和人物之间的关系自然，没有极端隔离或空间关系异常。
10. 线条自然、连续，没有异常大面积涂黑。

【支持异常的证据】
1. 人物明显没有完成，例如主要身体区域完全缺失、头部缺失、躯干缺失、多个必要身体部分缺失，或者身体不同部分明显断开。
2. 房屋、树木和人物分别孤立在互不相关的区域。
3. 三个对象的尺寸比例严重不协调。
4. 不同对象之间在空间上和语义上明显断开，无法组成基本连贯场景。"
dataset/HTP/01/00/01_00_01_0096.jpg,01,00,01,0.014063626423394072,"【支持正常的证据】
1. 房屋、树木、人物三个核心对象均能够清楚识别，并且基本完整。
2. 三个对象在画面中的大小适中，没有全部挤在极小区域，也没有明显超出或压迫整个画面。
3. 房、树、人之间保持自然、合理的空间距离，没有明显孤立或被大片空白强行分隔。
4. 三个对象能够形成基本连贯的场景，例如共享地面、方向一致、空间位置合理，整体看起来属于同一个环境，而不是三个互不相关的符号。
5. 整体构图稳定，没有明显失衡、极端偏向某个角落或严重碎片化。
6. 线条总体连续、自然、力度相对稳定，没有大量异常断裂、极端微弱或杂乱涂画。
7. 画面具有适量细节。可以简单，但主要对象的基本结构能够表达清楚。
8. 房屋、树木、人物的比例大致协调，没有极端小型化或比例失调。
9. 房屋结构稳定，屋顶、墙壁等主要组成部分合理。
10. 树木结构自然，没有明显截断或畸形。
11. 人物身体主要结构完整，比例不存在严重失调。
12. 整体构图稳定且场景连贯，没有明显异常的大面积涂黑。
13. 线条自然、连续，没有异常大面积涂黑。
14. 人物没有明显选择性结构缺失。
15. 画面存在多个相互独立的正常积极特征。

【支持异常的证据】
1. 无。"
dataset/HTP/01/00/01_00_01_0097.jpg,01,00,01,0.012431653620200803,"【支持正常的证据】
1. 房屋、树木、人物三个核心对象均能够清楚识别，并且基本完整。
2. 三个对象在画面中的大小适中，没有全部挤在极小区域，也没有明显超出或压迫整个画面。
3. 房、树、人之间保持自然、合理的空间距离，没有明显孤立或被大片空白强行分隔。
4. 三个对象能够形成基本连贯的场景，例如共享地面、方向一致、空间位置合理，整体看起来属于同一个环境，而不是三个互不相关的符号。
5. 整体构图稳定，没有明显失衡、极端偏向某个角落或严重碎片化。
6. 线条总体连续、自然、力度相对稳定，没有大量异常断裂、极端微弱或杂乱涂画。
7. 画面具有适量细节。可以简单，但主要对象的基本结构能够表达清楚。
8. 房屋、树木、人物的比例大致协调，没有极端小型化或比例失调。
9. 房屋、树木和人物之间的关系自然，没有极端隔离或空间关系异常。
10. 线条自然、连续，没有异常大面积涂黑。

【支持异常的证据】
1. 无明显异常特征。"
dataset/HTP/01/00/01_00_01_0098.jpg,01,00,01,0.11920291732853862,"【支持正常的证据】
1. 房屋、树木、人物三个核心对象均能够清楚识别，并且基本完整。
2. 三个对象在画面中的大小适中，没有全部挤在极小区域，也没有明显超出或压迫整个画面。
3. 房、树、人之间保持自然、合理的空间距离，没有明显孤立或被大片空白强行分隔。
4. 三个对象能够形成基本连贯的场景，例如共享地面、方向一致、空间位置合理，整体看起来属于同一个环境。
5. 整体构图稳定，没有明显失衡、极端偏向某个角落或严重碎片化。
6. 线条总体连续、自然、力度相对稳定，没有大量异常断裂、极端微弱或杂乱涂画。
7. 画面具有适量细节。可以简单，但主要对象的基本结构能够表达清楚。
8. 房屋、树木、人物的比例大致协调，没有极端小型化或比例失调。
9. 房屋结构稳定，主要组成部分合理，没有明显倒塌、断裂或严重几何变形。
10. 树木结构自然，没有严重截断或畸形。
11. 人物身体主要结构完整，比例不存在严重失调。
12. 整体构图稳定且场景连贯。
13. 线条自然、连续，没有异常大面积涂黑。
14. 没有明显的选择性结构缺失。
15. 即使绘画较简单，其简化方式在整幅画中保持一致。

【支持异常的证据】
1. 房屋、树木、人物中的一个或多个核心对象完全缺失，且无法由裁剪、遮挡或画法解释。
2. 整幅画极度简化，只剩极少线条，大量重要结构同时消失，整体信息量异常低。
3. 房、树、人整体只占巨大画布中极小区域，周围存在大量空白。
4. 三个对象之间距离极端遥远，某个对象明显孤立，或者整个场景严重碎片化。
5. 存在大量非常微弱、间断、犹豫、僵硬或严重潦草的线条。
6. 存在异常大面积涂黑、重度阴影或某个对象被明显过度强调。"
dataset/HTP/01/00/01_00_01_0099.jpg,01,00,01,0.012431653620200803,"【支持正常的证据】
1. 房屋、树木、人物三个核心对象均能够清楚识别，并且基本完整。
2. 三个对象在画面中的大小适中，没有全部挤在极小区域，也没有明显超出或压迫整个画面。
3. 房、树、人之间保持自然、合理的空间距离，没有明显孤立或被大片空白强行分隔。
4. 三个对象能够形成基本连贯的场景，例如共享地面、方向一致、空间位置合理，整体看起来属于同一个环境，而不是三个互不相关的符号。
5. 整体构图稳定，没有明显失衡、极端偏向某个角落或严重碎片化。
6. 线条总体连续、自然、力度相对稳定，没有大量异常断裂、极端微弱或杂乱涂画。
7. 画面具有适量细节。可以简单，但主要对象的基本结构能够表达清楚。
8. 房屋、树木、人物的比例大致协调，没有极端小型化或比例失调。
9. 房屋结构稳定，主要组成部分合理，没有明显倒塌、断裂或严重几何变形。
10. 树木结构自然，没有严重截断或畸形。
11. 人物身体主要结构完整，比例不存在严重失调。
12. 整体构图稳定且场景连贯。
13. 线条自然、连续，没有异常大面积涂黑。
14. 没有明显的选择性结构缺失。
15. 仅存在少数能够由绘画水平、年龄、风格或普通构图解释的轻微异常。

【支持异常的证据】
1. 无。"
dataset/HTP/01/00/01_00_01_0100.jpg,01,00,01,0.13296423160844623,"【支持正常的证据】
1. 房屋、树木、人物三个核心对象均能够清楚识别，并且基本完整。
2. 三个对象在画面中的大小适中，没有全部挤在极小区域，也没有明显超出或压迫整个画面。
3. 房、树、人之间保持自然、合理的空间距离，没有明显孤立或被大片空白强行分隔。
4. 三个对象能够形成基本连贯的场景，例如共享地面、方向一致、空间位置合理，整体看起来属于同一个环境。
5. 整体构图稳定，没有明显失衡、极端偏向某个角落或严重碎片化。
6. 线条总体连续、自然、力度相对稳定，没有大量异常断裂、极端微弱或杂乱涂画。
7. 画面具有适量细节。可以简单，但主要对象的基本结构能够表达清楚。
8. 房屋、树木、人物之间的关系自然，没有极端隔离或不连贯的场景。
9. 没有大面积、无明显绘画目的的异常涂黑、重阴影或局部反复强调。

【支持异常的证据】
1. 房屋结构较完整，但明显选择性缺少门。
2. 树木相对于其他主体和画布极端微小。
3. 人物头部、躯干、手臂和腿等主要身体结构基本完整，但比例有些夸张。
4. 房屋、树木和人物之间存在明显隔离，人物远离房屋和树木。
5. 线条有些犹豫，尤其是人物的手臂和腿部线条。
6. 房屋和树木的细节较多，但人物的细节较少，显得不协调。"
dataset/HTP/01/00/01_00_01_0101.jpg,01,00,01,0.07585817323116976,"【支持正常的证据】
1. 房屋、树木、人物三个核心对象均能够清楚识别，并且基本完整。
2. 三个对象在画面中的大小适中，没有全部挤在极小区域，也没有明显超出或压迫整个画面。
3. 房、树、人之间保持自然、合理的空间距离，没有明显孤立或被大片空白强行分隔。
4. 三个对象能够形成基本连贯的场景，例如共享地面、方向一致、空间位置合理，整体看起来属于同一个环境。
5. 整体构图稳定，没有明显失衡、极端偏向某个角落或严重碎片化。
6. 线条总体连续、自然、力度相对稳定，没有大量异常断裂、极端微弱或杂乱涂画。
7. 画面具有适量细节。可以简单，但主要对象的基本结构能够表达清楚。
8. 房屋、树木、人物的比例大致协调，没有极端小型化或比例失调。
9. 房屋结构稳定，没有明显倒塌、断裂或严重几何变形。
10. 树木结构自然，没有严重截断或畸形。
11. 人物身体主要结构完整，比例不存在严重失调。
12. 整体构图稳定且场景连贯。
13. 线条自然、连续，没有异常大面积涂黑。
14. 没有明显的选择性结构缺失。
15. 仅存在少数能够由绘画水平、年龄、风格或普通构图解释的轻微异常。

【支持异常的证据】
1. 人物明显不完整，缺少手臂。
2. 房屋结构较为详细，但缺少窗户。
3. 树木结构自然，但缺少叶子。
4. 人物身体比例有些失调，尤其是手臂和腿部的比例。
5. 整体构图虽然连贯，但人物与房屋、树木之间的距离略显遥远。"
dataset/HTP/01/00/01_00_01_0102.jpg,01,00,01,0.010986941578116865,"【支持正常的证据】
1. 房屋、树木、人物三个核心对象均能够清楚识别，并且基本完整。
2. 三个对象在画面中的大小适中，没有全部挤在极小区域，也没有明显超出或压迫整个画面。
3. 房、树、人之间保持自然、合理的空间距离，没有明显孤立或被大片空白强行分隔。
4. 三个对象能够形成基本连贯的场景，例如共享地面、方向一致、空间位置合理，整体看起来属于同一个环境，而不是三个互不相关的符号。
5. 整体构图稳定，没有明显失衡、极端偏向某个角落或严重碎片化。
6. 线条总体连续、自然、力度相对稳定，没有大量异常断裂、极端微弱或杂乱涂画。
7. 画面具有适量细节。可以简单，但主要对象的基本结构能够表达清楚。
8. 房屋、树木、人物的比例大致协调，没有极端小型化或比例失调。
9. 房屋结构稳定，主要组成部分合理，没有明显倒塌、断裂或严重几何变形。
10. 树木结构自然，没有严重截断或畸形。
11. 人物身体主要结构完整，比例不存在严重失调。
12. 整体构图稳定且场景连贯。
13. 线条自然、连续，没有异常大面积涂黑。
14. 没有明显的选择性结构缺失。
15. 仅存在少数能够由绘画水平、年龄、风格或普通构图解释的轻微异常。

【支持异常的证据】
1. 无明显异常特征。"
dataset/HTP/01/00/01_00_01_0103.jpg,01,00,01,0.010986941578116865,"【支持正常的证据】
1. 房屋、树木、人物三个核心对象均能够清楚识别，并且基本完整。
2. 三个对象在画面中的大小适中，没有全部挤在极小区域，也没有明显超出或压迫整个画面。
3. 房、树、人之间保持自然、合理的空间距离，没有明显孤立或被大片空白强行分隔。
4. 三个对象能够形成基本连贯的场景，例如共享地面、方向一致、空间位置合理，整体看起来属于同一个环境，而不是三个互不相关的符号。
5. 整体构图稳定，没有明显失衡、极端偏向某个角落或严重碎片化。
6. 线条总体连续、自然、力度相对稳定，没有大量异常断裂、极端微弱或杂乱涂画。
7. 画面具有适量细节。可以简单，但主要对象的基本结构能够表达清楚。
8. 房屋、树木、人物的比例大致协调，没有极端小型化或比例失调。
9. 房屋结构稳定，墙体、屋顶等主要结构完整。
10. 树木结构自然，没有明显截断或畸形。
11. 人物身体主要结构完整，比例不存在严重失调。
12. 整体构图稳定且场景连贯。
13. 线条自然、连续，没有异常大面积涂黑。
14. 没有明显的选择性结构缺失。
15. 仅存在少数能够由绘画水平、年龄、风格或普通构图解释的轻微异常。

【支持异常的证据】
1. 无。"
dataset/HTP/01/00/01_00_01_0104.jpg,01,00,01,0.009708474753363424,"【支持正常的证据】
1. 房屋、树木、人物三个核心对象均能够清楚识别，并且基本完整。
2. 三个对象在画面中的大小适中，没有全部挤在极小区域，也没有明显超出或压迫整个画面。
3. 房、树、人之间保持自然、合理的空间距离，没有明显孤立或被大片空白强行分隔。
4. 三个对象能够形成基本连贯的场景，例如共享地面、方向一致、空间位置合理，整体看起来属于同一个环境。
5. 整体构图稳定，没有明显失衡、极端偏向某个角落或严重碎片化。
6. 线条总体连续、自然、力度相对稳定，没有大量异常断裂、极端微弱或杂乱涂画。
7. 画面具有适量细节。可以简单，但主要对象的基本结构能够表达清楚。
8. 房屋、树木、人物的比例大致协调，没有极端小型化或比例失调。
9. 房屋结构稳定，屋顶、墙壁等主要组成部分合理。
10. 树木结构自然，没有明显截断或畸形。
11. 人物身体主要结构完整，比例不存在严重失调。
12. 整体构图稳定且场景连贯，没有明显异常的大面积涂黑。
13. 人物和房屋、树木之间保持自然距离，没有极端隔离。
14. 画面中存在少量细节，如窗户、门、树枝等，与主体自然结合。

【支持异常的证据】
1. 无。"
dataset/HTP/01/00/01_00_01_0105.jpg,01,00,01,0.012431653620200803,"【支持正常的证据】
1. 房屋、树木、人物三个核心对象均能够清楚识别，并且基本完整。
2. 三个对象在画面中的大小适中，没有全部挤在极小区域，也没有明显超出或压迫整个画面。
3. 房、树、人之间保持自然、合理的空间距离，没有明显孤立或被大片空白强行分隔。
4. 三个对象能够形成基本连贯的场景，例如共享地面、方向一致、空间位置合理，整体看起来属于同一个环境，而不是三个互不相关的符号。
5. 整体构图稳定，没有明显失衡、极端偏向某个角落或严重碎片化。
6. 线条总体连续、自然、力度相对稳定，没有大量异常断裂、极端微弱或杂乱涂画。
7. 画面具有适量细节。可以简单，但主要对象的基本结构能够表达清楚。
8. 房屋、树木、人物的比例大致协调，没有极端小型化或比例失调。
9. 房屋、树木和人物之间的关系自然，没有极端隔离或空间关系异常。
10. 线条自然、连续，没有异常大面积涂黑。

【支持异常的证据】
1. 无。"
dataset/HTP/01/00/01_00_01_0106.jpg,01,00,01,0.009708474753363424,"【支持正常的证据】
1. 房屋、树木、人物三个核心对象均能够清楚识别，并且基本完整。
2. 三个对象在画面中的大小适中，没有全部挤在极小区域，也没有明显超出或压迫整个画面。
3. 房、树、人之间保持自然、合理的空间距离，没有明显孤立或被大片空白强行分隔。
4. 三个对象能够形成基本连贯的场景，例如共享地面、方向一致、空间位置合理，整体看起来属于同一个环境，而不是三个互不相关的符号。
5. 整体构图稳定，没有明显失衡、极端偏向某个角落或严重碎片化。
6. 线条总体连续、自然、力度相对稳定，没有大量异常断裂、极端微弱或杂乱涂画。
7. 画面具有适量细节。可以简单，但主要对象的基本结构能够表达清楚。
8. 房屋、树木、人物的比例大致协调，没有极端小型化或比例失调。
9. 房屋结构稳定，主要组成部分合理，没有明显倒塌、断裂或严重几何变形。
10. 树木结构自然，没有严重截断或畸形。
11. 人物身体主要结构完整，比例不存在严重失调。
12. 整体构图稳定且场景连贯。
13. 线条自然、连续，没有异常大面积涂黑。
14. 没有明显的选择性结构缺失。
15. 仅存在少数能够由绘画水平、年龄、风格或普通构图解释的轻微异常。

【支持异常的证据】
1. 无。"
dataset/HTP/01/00/01_00_01_0107.jpg,01,00,01,0.009708474753363424,"【支持正常的证据】
1. 房屋、树木、人物三个核心对象均能够清楚识别，并且基本完整。
2. 三个对象在画面中的大小适中，没有全部挤在极小区域，也没有明显超出或压迫整个画面。
3. 房、树、人之间保持自然、合理的空间距离，没有明显孤立或被大片空白强行分隔。
4. 三个对象能够形成基本连贯的场景，例如共享地面、方向一致、空间位置合理，整体看起来属于同一个环境，而不是三个互不相关的符号。
5. 整体构图稳定，没有明显失衡、极端偏向某个角落或严重碎片化。
6. 线条总体连续、自然、力度相对稳定，没有大量异常断裂、极端微弱或杂乱涂画。
7. 画面具有适量细节。可以简单，但主要对象的基本结构能够表达清楚。
8. 房屋、树木、人物的比例大致协调，没有极端小型化或比例失调。
9. 房屋结构稳定，没有明显倒塌、断裂或严重几何变形。
10. 树木结构自然，没有严重截断或畸形。
11. 人物身体主要结构完整，比例不存在严重失调。
12. 整体构图稳定且场景连贯。
13. 线条自然、连续，没有异常大面积涂黑。
14. 没有明显的选择性结构缺失。
15. 仅存在少数能够由绘画水平、年龄、风格或普通构图解释的轻微异常。

【支持异常的证据】
1. 无明显异常特征。"
dataset/HTP/01/00/01_00_01_0108.jpg,01,00,01,0.07585817323116976,"【支持正常的证据】
1. 房屋、树木、人物三个核心对象均能够清楚识别，并且基本完整。
2. 三个对象在画面中的大小适中，没有全部挤在极小区域，也没有明显超出或压迫整个画面。
3. 房、树、人之间保持自然、合理的空间距离，没有明显孤立或被大片空白强行分隔。
4. 三个对象能够形成基本连贯的场景，例如共享地面、方向一致、空间位置合理，整体看起来属于同一个环境。
5. 整体构图稳定，没有明显失衡、极端偏向某个角落或严重碎片化。
6. 线条总体连续、自然、力度相对稳定，没有大量异常断裂、极端微弱或杂乱涂画。
7. 画面具有适量细节。可以简单，但主要对象的基本结构能够表达清楚。
8. 房屋、树木、人物的比例大致协调，没有极端小型化或比例失调。
9. 整体场景连贯，没有明显选择性结构缺失。
10. 线条自然、连续，没有异常大面积涂黑。

【支持异常的证据】
1. 房屋、树木、人物中的一个或多个核心对象完全缺失，且无法由裁剪、遮挡或画法解释。
2. 整幅画极度简化，只剩极少线条，大量重要结构同时消失，整体信息量异常低。
3. 房、树、人整体只占巨大画布中极小区域，周围存在大量空白。
4. 三个对象之间距离极端遥远，某个对象明显孤立，或者整个场景严重碎片化。
5. 存在大量非常微弱、间断、犹豫、僵硬或严重潦草的线条。
6. 存在异常大面积涂黑、重度阴影或某个对象被明显过度强调。"
dataset/HTP/01/00/01_00_01_0109.jpg,01,00,01,0.010986941578116865,"【支持正常的证据】
1. 房屋、树木、人物三个核心对象均能够清楚识别，并且基本完整。
2. 三个对象在画面中的大小适中，没有全部挤在极小区域，也没有明显超出或压迫整个画面。
3. 房、树、人之间保持自然、合理的空间距离，没有明显孤立或被大片空白强行分隔。
4. 三个对象能够形成基本连贯的场景，例如共享地面、方向一致、空间位置合理，整体看起来属于同一个环境，而不是三个互不相关的符号。
5. 整体构图稳定，没有明显失衡、极端偏向某个角落或严重碎片化。
6. 线条总体连续、自然、力度相对稳定，没有大量异常断裂、极端微弱或杂乱涂画。
7. 画面具有适量细节。可以简单，但主要对象的基本结构能够表达清楚。
8. 房屋、树木、人物的比例大致协调，没有极端小型化或比例失调。
9. 房屋结构稳定，屋顶、墙壁等主要组成部分合理。
10. 树木结构自然，没有明显截断或畸形。
11. 人物身体主要结构完整，比例不存在严重失调。
12. 整体构图稳定且场景连贯，没有明显异常的大面积涂黑。
13. 线条自然、连续，没有异常大面积涂黑。
14. 没有明显的选择性结构缺失。
15. 仅存在少数能够由绘画水平、年龄、风格或普通构图解释的轻微异常。

【支持异常的证据】
1. 无。"
dataset/HTP/01/00/01_00_01_0110.jpg,01,00,01,0.07585817323116976,"【支持正常的证据】
1. 房屋、树木、人物三个核心对象均能够清楚识别，并且基本完整。
2. 三个对象在画面中的大小适中，没有全部挤在极小区域，也没有明显超出或压迫整个画面。
3. 房、树、人之间保持自然、合理的空间距离，没有明显孤立或被大片空白强行分隔。
4. 三个对象能够形成基本连贯的场景，例如共享地面、方向一致、空间位置合理，整体看起来属于同一个环境，而不是三个互不相关的符号。
5. 整体构图稳定，没有明显失衡、极端偏向某个角落或严重碎片化。
6. 线条总体连续、自然、力度相对稳定，没有大量异常断裂、极端微弱或杂乱涂画。
7. 画面具有适量细节。可以简单，但主要对象的基本结构能够表达清楚。
8. 房屋、树木、人物的比例大致协调，没有极端小型化或比例失调。
9. 房屋、树木和人物之间的关系自然，没有极端隔离或空间关系异常。
10. 线条自然、连续，没有异常大面积涂黑。

【支持异常的证据】
1. 人物头部、躯干、手臂和腿等主要身体结构基本完整，但人物比例显得有些夸张，尤其是头部较大。
2. 房屋结构较为完整，但屋顶似乎没有明显的烟囱或装饰。
3. 树木结构自然，但树冠显得有些夸张，尤其是右侧的树木。
4. 房屋、树木和人物之间的比例略有失调，人物显得过大，而房屋和树木显得较小。
5. 线条在某些地方显得有些犹豫或不自然，尤其是在人物的手臂和腿部线条上。"
dataset/HTP/01/00/01_00_01_0111.jpg,01,00,01,0.014063626423394072,"【支持正常的证据】
1. 房屋、树木、人物三个核心对象均能够清楚识别，并且基本完整。
2. 三个对象在画面中的大小适中，没有全部挤在极小区域，也没有明显超出或压迫整个画面。
3. 房、树、人之间保持自然、合理的空间距离，没有明显孤立或被大片空白强行分隔。
4. 三个对象能够形成基本连贯的场景，例如共享地面、方向一致、空间位置合理，整体看起来属于同一个环境，而不是三个互不相关的符号。
5. 整体构图稳定，没有明显失衡、极端偏向某个角落或严重碎片化。
6. 线条总体连续、自然、力度相对稳定，没有大量异常断裂、极端微弱或杂乱涂画。
7. 画面具有适量细节。可以简单，但主要对象的基本结构能够表达清楚。
8. 房屋、树木、人物的比例大致协调，没有极端小型化或比例失调。
9. 房屋、树木和人物之间的关系自然，没有极端隔离或空间关系异常。
10. 线条自然、连续，没有异常大面积涂黑。

【支持异常的证据】
1. 无明显异常特征。"
dataset/HTP/01/00/01_00_01_0112.jpg,01,00,01,0.010986941578116865,"【支持正常的证据】
1. 房屋、树木、人物三个核心对象均能够清楚识别，并且基本完整。
2. 三个对象在画面中的大小适中，没有全部挤在极小区域，也没有明显超出或压迫整个画面。
3. 房、树、人之间保持自然、合理的空间距离，没有明显孤立或被大片空白强行分隔。
4. 三个对象能够形成基本连贯的场景，例如共享地面、方向一致、空间位置合理，整体看起来属于同一个环境。
5. 整体构图稳定，没有明显失衡、极端偏向某个角落或严重碎片化。
6. 线条总体连续、自然、力度相对稳定，没有大量异常断裂、极端微弱或杂乱涂画。
7. 画面具有适量细节。可以简单，但主要对象的基本结构能够表达清楚。
8. 房屋、树木、人物的比例大致协调，没有极端小型化或比例失调。
9. 房屋结构稳定，主要组成部分合理，没有明显倒塌、断裂或严重几何变形。
10. 树木结构自然，没有严重截断或畸形。
11. 人物身体主要结构完整，比例不存在严重失调。
12. 整体构图稳定且场景连贯，没有明显异常的大面积涂黑、极端小型化或异常隔离。
13. 线条自然、连续，没有异常大面积涂黑。
14. 人物没有明显选择性结构缺失，整体绘画风格统一。
15. 房屋、树木和人物之间的关系自然，没有极端隔离或空间断开。

【支持异常的证据】
1. 无明显异常特征。"
dataset/HTP/01/00/01_00_01_0113.jpg,01,00,01,0.00857748525531428,"【支持正常的证据】
1. 房屋、树木、人物三个核心对象均能够清楚识别，并且基本完整。
2. 三个对象在画面中的大小适中，没有全部挤在极小区域，也没有明显超出或压迫整个画面。
3. 房、树、人之间保持自然、合理的空间距离，没有明显孤立或被大片空白强行分隔。
4. 三个对象能够形成基本连贯的场景，例如共享地面、方向一致、空间位置合理，整体看起来属于同一个环境。
5. 整体构图稳定，没有明显失衡、极端偏向某个角落或严重碎片化。
6. 线条总体连续、自然、力度相对稳定，没有大量异常断裂、极端微弱或杂乱涂画。
7. 画面具有适量细节。可以简单，但主要对象的基本结构能够表达清楚。
8. 房屋、树木、人物的比例大致协调，没有极端小型化或比例失调。
9. 房屋结构稳定，屋顶、墙壁等主要组成部分合理。
10. 树木结构自然，没有明显截断或畸形。
11. 人物身体主要结构完整，比例不存在严重失调。
12. 整体构图稳定且场景连贯，没有明显异常的大面积涂黑。
13. 线条自然、连续，没有异常大面积涂黑。
14. 没有明显的选择性结构缺失。
15. 仅存在少数能够由绘画水平、年龄、风格或普通构图解释的轻微异常。

【支持异常的证据】
1. 无明显异常特征。"
dataset/HTP/01/00/01_00_01_0114.jpg,01,00,01,0.022977372418942873,"【支持正常的证据】
1. 房屋、树木、人物三个核心对象均能够清楚识别，并且基本完整。
2. 三个对象在画面中的大小适中，没有全部挤在极小区域，也没有明显超出或压迫整个画面。
3. 房、树、人之间保持自然、合理的空间距离，没有明显孤立或被大片空白强行分隔。
4. 三个对象能够形成基本连贯的场景，例如共享地面、方向一致、空间位置合理，整体看起来属于同一个环境。
5. 整体构图稳定，没有明显失衡、极端偏向某个角落或严重碎片化。
6. 线条总体连续、自然、力度相对稳定，没有大量异常断裂、极端微弱或杂乱涂画。
7. 画面具有适量细节。可以简单，但主要对象的基本结构能够表达清楚。
8. 房屋、树木、人物的比例大致协调，没有极端小型化或比例失调。
9. 整体场景连贯，没有明显选择性结构缺失。
10. 线条自然、连续，没有异常大面积涂黑。

【支持异常的证据】
1. 人物头部、躯干、手臂和腿等主要身体结构基本完整。
2. 人物各身体部分连接关系自然，没有明显断裂、错位或无法解释的结构缺失。
3. 人物整体比例基本合理。
4. 人物大小与房屋、树木和整个画布基本协调，不存在极端小型化。
5. 人物采用火柴人、单线手臂或单线腿的简单风格时，如果整个人物风格统一并且结构完整，不能因为简单就判断异常。
6. 人物可以正面、侧面或其他姿势，只要身体结构基本合理，都可以属于正常表现。
7. 普通衣服填色、头发填色或身体局部自然阴影不能作为异常证据。
8. 面部表情自然、中性、微笑或其他与场景协调的普通表情，可以支持正常判断。
9. 即使人物没有明显表情，只要画法简单且没有其他异常支持，也不能因为表情中性就判断异常。"
dataset/HTP/01/00/01_00_01_0115.jpg,01,00,01,0.06754668832401889,"【支持正常的证据】
1. 房屋、树木、人物三个核心对象均能够清楚识别，并且基本完整。
2. 三个对象在画面中的大小适中，没有全部挤在极小区域，也没有明显超出或压迫整个画面。
3. 房、树、人之间保持自然、合理的空间距离，没有明显孤立或被大片空白强行分隔。
4. 三个对象能够形成基本连贯的场景，例如共享地面、方向一致、空间位置合理，整体看起来属于同一个环境，而不是三个互不相关的符号。
5. 整体构图稳定，没有明显失衡、极端偏向某个角落或严重碎片化。
6. 线条总体连续、自然、力度相对稳定，没有大量异常断裂、极端微弱或杂乱涂画。
7. 画面具有适量细节。可以简单，但主要对象的基本结构能够表达清楚。
8. 房屋、树木、人物的比例大致协调，没有极端小型化或比例失调。
9. 房屋、树木和人物之间的关系自然，没有极端隔离或空间关系异常。
10. 线条自然、连续，没有异常大面积涂黑。

【支持异常的证据】
1. 房屋、树木、人物中的一个或多个核心对象完全缺失，且无法由裁剪、遮挡或画法解释。
2. 整幅画极度简化，只剩极少线条，大量重要结构同时消失，整体信息量异常低。
3. 房、树、人整体只占巨大画布中极小区域，周围存在大量空白。
4. 三个对象之间距离极端遥远，某个对象明显孤立，或者整个场景严重碎片化。
5. 存在大量非常微弱、间断、犹豫、僵硬或严重潦草的线条。
6. 存在异常大面积涂黑、重度阴影或某个对象被明显过度强调。"
dataset/HTP/01/00/01_00_01_0116.jpg,01,00,01,0.09534946232842245,"【支持正常的证据】
1. 房屋、树木、人物三个核心对象均能够清楚识别，并且基本完整。
2. 三个对象在画面中的大小适中，没有全部挤在极小区域，也没有明显超出或压迫整个画面。
3. 房、树、人之间保持自然、合理的空间距离，没有明显孤立或被大片空白强行分隔。
4. 三个对象能够形成基本连贯的场景，例如共享地面、方向一致、空间位置合理，整体看起来属于同一个环境，而不是三个互不相关的符号。
5. 整体构图稳定，没有明显失衡、极端偏向某个角落或严重碎片化。
6. 线条总体连续、自然、力度相对稳定，没有大量异常断裂、极端微弱或杂乱涂画。
7. 画面具有适量细节。可以简单，但主要对象的基本结构能够表达清楚。
8. 如果存在草地、道路、太阳、云、花、地面等环境元素，并且与主体自然结合，可以作为场景完整和组织良好的积极证据。
9. 没有大面积、无明显绘画目的的异常涂黑、重阴影或局部反复强调。

【支持异常的证据】
1. 房屋、树木、人物中的一个或多个核心对象完全缺失，且无法由裁剪、遮挡或画法解释。
2. 整幅画极度简化，只剩极少线条，大量重要结构同时消失，整体信息量异常低。
3. 房、树、人整体只占巨大画布中极小区域，周围存在大量空白。
4. 三个对象之间距离极端遥远，某个对象明显孤立，或者整个场景严重碎片化。
5. 对象像漂浮在不同区域，彼此几乎没有空间联系，整体场景严重不连贯。
6. 存在大量非常微弱、间断、犹豫、僵硬或严重潦草的线条。
7. 存在异常大面积涂黑、重度阴影或某个对象被明显过度强调。"
dataset/HTP/01/00/01_00_01_0117.jpg,01,00,01,0.07585817323116976,"【支持正常的证据】
1. 房屋、树木、人物三个核心对象均能够清楚识别，并且基本完整。
2. 三个对象在画面中的大小适中，没有全部挤在极小区域，也没有明显超出或压迫整个画面。
3. 房、树、人之间保持自然、合理的空间距离，没有明显孤立或被大片空白强行分隔。
4. 三个对象能够形成基本连贯的场景，例如共享地面、方向一致、空间位置合理，整体看起来属于同一个环境，而不是三个互不相关的符号。
5. 整体构图稳定，没有明显失衡、极端偏向某个角落或严重碎片化。
6. 线条总体连续、自然、力度相对稳定，没有大量异常断裂、极端微弱或杂乱涂画。
7. 画面具有适量细节。可以简单，但主要对象的基本结构能够表达清楚。
8. 房屋、树木、人物的比例大致协调，没有极端小型化或比例失调。
9. 房屋、树木和人物的相对大小基本合理，没有非常极端的尺寸差异。
10. 人物身体主要结构完整，比例不存在严重失调。
11. 整体构图稳定且场景连贯，没有明显异常的大面积涂黑、极端小型化或异常隔离。
12. 仅存在少数能够由绘画水平、年龄、风格或普通构图解释的轻微异常。

【支持异常的证据】
1. 房屋结构较完整，但明显选择性缺少门。
2. 树木相对于其他主体和画布极端微小。
3. 人物身体主要结构完整，但存在轻微比例问题。
4. 房屋、树木和人物之间存在明显隔离，缺乏自然的空间联系。
5. 线条存在一些间断和犹豫，但整体自然。
6. 人物没有明显表情，但整体画法简单且没有其他异常支持。"
dataset/HTP/01/00/01_00_01_0118.jpg,01,00,01,0.10669058897496679,"【支持正常的证据】
1. 房屋、树木、人物三个核心对象均能够清楚识别，并且基本完整。
2. 三个对象在画面中的大小适中，没有全部挤在极小区域，也没有明显超出或压迫整个画面。
3. 房、树、人之间保持自然、合理的空间距离，没有明显孤立或被大片空白强行分隔。
4. 三个对象能够形成基本连贯的场景，例如共享地面、方向一致、空间位置合理，整体看起来属于同一个环境，而不是三个互不相关的符号。
5. 整体构图稳定，没有明显失衡、极端偏向某个角落或严重碎片化。
6. 线条总体连续、自然、力度相对稳定，没有大量异常断裂、极端微弱或杂乱涂画。
7. 画面具有适量细节。可以简单，但主要对象的基本结构能够表达清楚。
8. 房屋、树木、人物之间的关系自然，没有极端隔离或不连贯的场景。

【支持异常的证据】
1. 房屋、树木、人物中的一个或多个核心对象完全缺失，且无法由裁剪、遮挡或画法解释。
2. 整幅画极度简化，只剩极少线条，大量重要结构同时消失，整体信息量异常低。
3. 房、树、人整体只占巨大画布中极小区域，周围存在大量空白。
4. 三个对象之间距离极端遥远，某个对象明显孤立，或者整个场景严重碎片化。
5. 对象像漂浮在不同区域，彼此几乎没有空间联系，整体场景严重不连贯。
6. 存在大量非常微弱、间断、犹豫、僵硬或严重潦草的线条。
7. 存在异常大面积涂黑、重度阴影或某个对象被明显过度强调。"
dataset/HTP/01/00/01_00_01_0119.jpg,01,00,01,0.010986941578116865,"【支持正常的证据】
1. 房屋、树木、人物三个核心对象均能够清楚识别，并且基本完整。
2. 三个对象在画面中的大小适中，没有全部挤在极小区域，也没有明显超出或压迫整个画面。
3. 房、树、人之间保持自然、合理的空间距离，没有明显孤立或被大片空白强行分隔。
4. 三个对象能够形成基本连贯的场景，例如共享地面、方向一致、空间位置合理，整体看起来属于同一个环境，而不是三个互不相关的符号。
5. 整体构图稳定，没有明显失衡、极端偏向某个角落或严重碎片化。
6. 线条总体连续、自然、力度相对稳定，没有大量异常断裂、极端微弱或杂乱涂画。
7. 画面具有适量细节。可以简单，但主要对象的基本结构能够表达清楚。
8. 房屋、树木、人物的比例大致协调，没有极端小型化或比例失调。
9. 房屋结构稳定，主要组成部分合理，没有明显倒塌、断裂或严重几何变形。
10. 树木结构自然，没有严重截断或畸形。
11. 人物身体主要结构完整，比例不存在严重失调。
12. 整体构图稳定且场景连贯。
13. 线条自然、连续，没有异常大面积涂黑。
14. 没有明显的选择性结构缺失。
15. 仅存在少数能够由绘画水平、年龄、风格或普通构图解释的轻微异常。

【支持异常的证据】
1. 无明显异常特征。"
dataset/HTP/01/00/01_00_01_0120.jpg,01,00,01,0.010986941578116865,"【支持正常的证据】
1. 房屋、树木、人物三个核心对象均能够清楚识别，并且基本完整。
2. 三个对象在画面中的大小适中，没有全部挤在极小区域，也没有明显超出或压迫整个画面。
3. 房、树、人之间保持自然、合理的空间距离，没有明显孤立或被大片空白强行分隔。
4. 三个对象能够形成基本连贯的场景，例如共享地面、方向一致、空间位置合理，整体看起来属于同一个环境，而不是三个互不相关的符号。
5. 整体构图稳定，没有明显失衡、极端偏向某个角落或严重碎片化。
6. 线条总体连续、自然、力度相对稳定，没有大量异常断裂、极端微弱或杂乱涂画。
7. 画面具有适量细节。可以简单，但主要对象的基本结构能够表达清楚。
8. 房屋、树木、人物的比例大致协调，没有极端小型化或夸张比例。
9. 房屋结构稳定，屋顶、烟囱、门窗等细节自然、适量并与房屋结构协调。
10. 树木结构自然，没有明显截断或畸形。
11. 人物身体主要结构完整，比例不存在严重失调。
12. 整体构图稳定且场景连贯，没有明显异常的大面积涂黑。
13. 线条自然、连续，没有异常大面积涂黑。
14. 人物没有明显选择性结构缺失。
15. 画面存在多个相互独立的正常积极特征。

【支持异常的证据】
1. 无。"
dataset/HTP/01/00/01_00_01_0121.jpg,01,00,01,0.00857748525531428,"【支持正常的证据】
1. 房屋、树木、人物三个核心对象均能够清楚识别，并且基本完整。
2. 三个对象在画面中的大小适中，没有全部挤在极小区域，也没有明显超出或压迫整个画面。
3. 房、树、人之间保持自然、合理的空间距离，没有明显孤立或被大片空白强行分隔。
4. 三个对象能够形成基本连贯的场景，例如共享地面、方向一致、空间位置合理，整体看起来属于同一个环境，而不是三个互不相关的符号。
5. 整体构图稳定，没有明显失衡、极端偏向某个角落或严重碎片化。
6. 线条总体连续、自然、力度相对稳定，没有大量异常断裂、极端微弱或杂乱涂画。
7. 画面具有适量细节。可以简单，但主要对象的基本结构能够表达清楚。
8. 房屋、树木、人物的比例大致协调，没有极端小型化或比例失调。
9. 房屋结构稳定，屋顶、烟囱、门窗等细节自然、适量并与房屋结构协调。
10. 树木结构自然，没有明显截断或畸形。
11. 人物身体主要结构完整，比例不存在严重失调。
12. 整体构图稳定且场景连贯，没有明显异常的大面积涂黑。
13. 线条自然、连续，没有异常大面积涂黑。
14. 人物没有明显选择性结构缺失。
15. 仅存在少数能够由绘画水平、年龄、风格或普通构图解释的轻微异常。

【支持异常的证据】
1. 无。"
dataset/HTP/01/00/01_00_01_0122.jpg,01,00,01,0.010986941578116865,"【支持正常的证据】
1. 房屋、树木、人物三个核心对象均能够清楚识别，并且基本完整。
2. 三个对象在画面中的大小适中，没有全部挤在极小区域，也没有明显超出或压迫整个画面。
3. 房、树、人之间保持自然、合理的空间距离，没有明显孤立或被大片空白强行分隔。
4. 三个对象能够形成基本连贯的场景，例如共享地面、方向一致、空间位置合理，整体看起来属于同一个环境，而不是三个互不相关的符号。
5. 整体构图稳定，没有明显失衡、极端偏向某个角落或严重碎片化。
6. 线条总体连续、自然、力度相对稳定，没有大量异常断裂、极端微弱或杂乱涂画。
7. 画面具有适量细节。可以简单，但主要对象的基本结构能够表达清楚。
8. 房屋、树木、人物的比例大致协调，没有极端小型化或比例失调。
9. 整体构图稳定且场景连贯，没有明显异常的大面积涂黑、极端小型化或异常隔离。
10. 人物身体主要结构完整，比例不存在严重失调。

【支持异常的证据】
1. 无明显异常特征。"
dataset/HTP/01/00/01_00_01_0123.jpg,01,00,01,0.009708474753363424,"【支持正常的证据】
1. 房屋、树木、人物三个核心对象均能够清楚识别，并且基本完整。
2. 三个对象在画面中的大小适中，没有全部挤在极小区域，也没有明显超出或压迫整个画面。
3. 房、树、人之间保持自然、合理的空间距离，没有明显孤立或被大片空白强行分隔。
4. 三个对象能够形成基本连贯的场景，例如共享地面、方向一致、空间位置合理，整体看起来属于同一个环境。
5. 整体构图稳定，没有明显失衡、极端偏向某个角落或严重碎片化。
6. 线条总体连续、自然、力度相对稳定，没有大量异常断裂、极端微弱或杂乱涂画。
7. 画面具有适量细节。可以简单，但主要对象的基本结构能够表达清楚。
8. 房屋、树木、人物的比例大致协调，没有极端小型化或比例失调。
9. 房屋结构稳定，屋顶、墙壁等主要组成部分合理。
10. 树木结构自然，没有明显截断或畸形。
11. 人物身体主要结构完整，比例不存在严重失调。
12. 整体构图稳定且场景连贯，没有明显异常的大面积涂黑。
13. 线条自然、连续，没有异常大面积涂黑。
14. 人物没有明显选择性结构缺失，如缺少手臂或腿部。
15. 人物大小与房屋、树木和画布基本协调，没有极端微小或被孤立。
16. 房屋、树木和人物之间保持自然距离，没有极端隔离。
17. 人物能够自然地处于房屋和树木形成的环境中，没有完全脱离其他对象。

【支持异常的证据】
1. 无明显异常特征。"
dataset/HTP/01/00/01_00_01_0124.jpg,01,00,01,0.010986941578116865,"【支持正常的证据】
1. 房屋、树木、人物三个核心对象均能够清楚识别，并且基本完整。
2. 三个对象在画面中的大小适中，没有全部挤在极小区域，也没有明显超出或压迫整个画面。
3. 房、树、人之间保持自然、合理的空间距离，没有明显孤立或被大片空白强行分隔。
4. 三个对象能够形成基本连贯的场景，例如共享地面、方向一致、空间位置合理，整体看起来属于同一个环境，而不是三个互不相关的符号。
5. 整体构图稳定，没有明显失衡、极端偏向某个角落或严重碎片化。
6. 线条总体连续、自然、力度相对稳定，没有大量异常断裂、极端微弱或杂乱涂画。
7. 画面具有适量细节。可以简单，但主要对象的基本结构能够表达清楚。
8. 房屋、树木、人物的比例大致协调，没有极端小型化或比例失调。
9. 房屋结构稳定，屋顶、烟囱、门窗等细节自然、适量并与房屋结构协调。
10. 树木结构自然，树干和树冠之间连接自然，比例基本合理。
11. 人物头部、躯干、手臂和腿等主要身体结构基本完整，连接关系自然。
12. 人物大小与房屋、树木和整个画布基本协调，没有极端小型化。
13. 整体构图稳定且场景连贯，没有明显异常的大面积涂黑、极端小型化或异常隔离。
14. 人物身体主要结构完整，比例不存在严重失调。
15. 房屋、树木和人物之间的相对大小基本合理，没有非常极端的尺寸差异。
16. 人物能够自然地处于房屋和树木形成的环境中，而不是完全脱离其他对象。

【支持异常的证据】
1. 无。"
dataset/HTP/01/00/01_00_01_0125.jpg,01,00,01,0.009708474753363424,"【支持正常的证据】
1. 房屋、树木、人物三个核心对象均能够清楚识别，并且基本完整。
2. 三个对象在画面中的大小适中，没有全部挤在极小区域，也没有明显超出或压迫整个画面。
3. 房、树、人之间保持自然、合理的空间距离，没有明显孤立或被大片空白强行分隔。
4. 三个对象能够形成基本连贯的场景，例如共享地面、方向一致、空间位置合理，整体看起来属于同一个环境，而不是三个互不相关的符号。
5. 整体构图稳定，没有明显失衡、极端偏向某个角落或严重碎片化。
6. 线条总体连续、自然、力度相对稳定，没有大量异常断裂、极端微弱或杂乱涂画。
7. 画面具有适量细节。可以简单，但主要对象的基本结构能够表达清楚。
8. 房屋、树木、人物的比例大致协调，没有极端小型化或比例失调。
9. 房屋结构稳定，主要组成部分合理，没有明显倒塌、断裂或严重几何变形。
10. 树木结构自然，没有严重截断或畸形。
11. 人物身体主要结构完整，比例不存在严重失调。
12. 整体构图稳定且场景连贯。
13. 线条自然、连续，没有异常大面积涂黑。
14. 没有明显的选择性结构缺失。
15. 仅存在少数能够由绘画水平、年龄、风格或普通构图解释的轻微异常。

【支持异常的证据】
1. 无明显异常特征。"
dataset/HTP/01/00/01_00_01_0126.jpg,01,00,01,0.22270013882530884,"【支持正常的证据】
1. 房屋、树木、人物三个核心对象均能够清楚识别，并且基本完整。
2. 三个对象在画面中的大小适中，没有全部挤在极小区域，也没有明显超出或压迫整个画面。
3. 房、树、人之间保持自然、合理的空间距离，没有明显孤立或被大片空白强行分隔。
4. 三个对象能够形成基本连贯的场景，例如共享地面、方向一致、空间位置合理，整体看起来属于同一个环境，而不是三个互不相关的符号。
5. 整体构图稳定，没有明显失衡、极端偏向某个角落或严重碎片化。
6. 线条总体连续、自然、力度相对稳定，没有大量异常断裂、极端微弱或杂乱涂画。
7. 画面具有适量细节。可以简单，但主要对象的基本结构能够表达清楚。
8. 没有大面积、无明显绘画目的的异常涂黑、重阴影或局部反复强调。

【支持异常的证据】
1. 树木相对于其他主体和画布极端微小。
2. 树干或树冠出现明显、突然、没有合理原因的截断。
3. 树木明确表现为死亡、严重枯萎、破损或大量枝干折断，而不是单纯没有叶子。
4. 树冠被异常压缩或严重扁平。
5. 树干、树冠、树枝之间存在明显不可能的连接关系、严重扭曲或结构断裂。
6. 出现大量非常尖锐、尖刺状并被明显强调的树枝。"
dataset/HTP/01/00/01_00_01_0127.jpg,01,00,01,0.16451646904109268,"【支持正常的证据】
1. 房屋、树木、人物三个核心对象均能够清楚识别，并且基本完整。
2. 三个对象在画面中的大小适中，没有全部挤在极小区域，也没有明显超出或压迫整个画面。
3. 房、树、人之间保持自然、合理的空间距离，没有明显孤立或被大片空白强行分隔。
4. 三个对象能够形成基本连贯的场景，例如共享地面、方向一致、空间位置合理，整体看起来属于同一个环境，而不是三个互不相关的符号。
5. 整体构图稳定，没有明显失衡、极端偏向某个角落或严重碎片化。
6. 线条总体连续、自然、力度相对稳定，没有大量异常断裂、极端微弱或杂乱涂画。
7. 画面具有适量细节。可以简单，但主要对象的基本结构能够表达清楚。
8. 没有大面积、无明显绘画目的的异常涂黑、重阴影或局部反复强调。

【支持异常的证据】
1. 树木相对于其他主体和画布极端微小。
2. 树木明确表现为死亡、严重枯萎、破损或大量枝干折断，而不是单纯没有叶子。"
dataset/HTP/01/00/01_00_01_0128.jpg,01,00,01,0.010986941578116865,"【支持正常的证据】
1. 房屋、树木、人物三个核心对象均能够清楚识别，并且基本完整。
2. 三个对象在画面中的大小适中，没有全部挤在极小区域，也没有明显超出或压迫整个画面。
3. 房、树、人之间保持自然、合理的空间距离，没有明显孤立或被大片空白强行分隔。
4. 三个对象能够形成基本连贯的场景，例如共享地面、方向一致、空间位置合理，整体看起来属于同一个环境，而不是三个互不相关的符号。
5. 整体构图稳定，没有明显失衡、极端偏向某个角落或严重碎片化。
6. 线条总体连续、自然、力度相对稳定，没有大量异常断裂、极端微弱或杂乱涂画。
7. 画面具有适量细节。可以简单，但主要对象的基本结构能够表达清楚。
8. 房屋、树木、人物的比例大致协调，没有极端小型化或比例失调。
9. 整体场景连贯，没有明显选择性结构缺失。
10. 线条自然、连续，没有异常大面积涂黑。

【支持异常的证据】
1. 无明显异常特征。"
dataset/HTP/01/00/01_00_01_0129.jpg,01,00,01,0.07585817323116976,"【支持正常的证据】
1. 房屋、树木、人物三个核心对象均能够清楚识别，并且基本完整。
2. 三个对象在画面中的大小适中，没有全部挤在极小区域，也没有明显超出或压迫整个画面。
3. 房、树、人之间保持自然、合理的空间距离，没有明显孤立或被大片空白强行分隔。
4. 三个对象能够形成基本连贯的场景，例如共享地面、方向一致、空间位置合理，整体看起来属于同一个环境，而不是三个互不相关的符号。
5. 整体构图稳定，没有明显失衡、极端偏向某个角落或严重碎片化。
6. 线条总体连续、自然、力度相对稳定，没有大量异常断裂、极端微弱或杂乱涂画。
7. 画面具有适量细节。可以简单，但主要对象的基本结构能够表达清楚。
8. 房屋、树木、人物的比例大致协调，没有极端小型化或比例失调。
9. 房屋、树木和人物之间的关系自然，没有极端隔离或不连贯的空间关系。
10. 线条自然、连续，没有异常大面积涂黑。

【支持异常的证据】
1. 人物头部、躯干、手臂和腿等主要身体结构基本完整，但人物的面部表情显得有些夸张，可能是微笑或惊讶。
2. 树木的树冠和树枝有些夸张，尤其是右侧的树枝显得过于弯曲和扭曲。
3. 房屋的屋顶和墙壁结构较为简单，但没有明显的细节描绘，整体显得有些单调。
4. 人物的手臂和腿部线条较为简单，但没有明显的细节描绘，整体显得有些单调。
5. 整体构图虽然稳定，但人物的位置稍微偏右，与房屋和树木之间存在一定的距离，但并不极端。"
dataset/HTP/01/00/01_00_01_0130.jpg,01,00,01,0.02033235323135295,"【支持正常的证据】
1. 房屋、树木、人物三个核心对象均能够清楚识别，并且基本完整。
2. 三个对象在画面中的大小适中，没有全部挤在极小区域，也没有明显超出或压迫整个画面。
3. 房、树、人之间保持自然、合理的空间距离，没有明显孤立或被大片空白强行分隔。
4. 三个对象能够形成基本连贯的场景，例如共享地面、方向一致、空间位置合理，整体看起来属于同一个环境，而不是三个互不相关的符号。
5. 整体构图稳定，没有明显失衡、极端偏向某个角落或严重碎片化。
6. 线条总体连续、自然、力度相对稳定，没有大量异常断裂、极端微弱或杂乱涂画。
7. 画面具有适量细节。可以简单，但主要对象的基本结构能够表达清楚。
8. 房屋、树木、人物的比例大致协调，没有极端小型化或比例失调。
9. 房屋、树木和人物之间的相对大小基本合理，没有非常极端的尺寸差异。
10. 人物身体主要结构完整，比例不存在严重失调。
11. 整体构图稳定且场景连贯，没有明显的选择性结构缺失。
12. 线条自然、连续，没有异常大面积涂黑。
13. 画面存在多个相互独立的正常积极特征。

【支持异常的证据】
1. 无明显异常涂黑、重度阴影或局部反复强调。
2. 无大面积、无明显绘画目的的异常涂黑、重阴影或局部反复强调。
3. 无明显选择性结构缺失。
4. 无极端小型化或比例失调。
5. 无明显异常的大面积涂黑、极端小型化或异常隔离。
6. 无多个对象分别存在明显异常。
7. 无整体构图异常与具体对象异常方向一致。
8. 无无法由整体绘画能力解释的明显选择性异常。"
dataset/HTP/01/00/01_00_01_0131.jpg,01,00,01,0.01798621187025419,"【支持正常的证据】
1. 房屋、树木、人物三个核心对象均能够清楚识别，并且基本完整。
2. 三个对象在画面中的大小适中，没有全部挤在极小区域，也没有明显超出或压迫整个画面。
3. 房、树、人之间保持自然、合理的空间距离，没有明显孤立或被大片空白强行分隔。
4. 三个对象能够形成基本连贯的场景，例如共享地面、方向一致、空间位置合理，整体看起来属于同一个环境，而不是三个互不相关的符号。
5. 整体构图稳定，没有明显失衡、极端偏向某个角落或严重碎片化。
6. 线条总体连续、自然、力度相对稳定，没有大量异常断裂、极端微弱或杂乱涂画。
7. 画面具有适量细节。可以简单，但主要对象的基本结构能够表达清楚。
8. 树木的树干和树冠之间连接自然，比例基本合理。
9. 人物头部、躯干、手臂和腿等主要身体结构基本完整。
10. 人物大小与房屋、树木和整个画布基本协调，不存在极端小型化。
11. 房屋结构稳定，没有明显倒塌、断裂或严重几何变形。
12. 树木大小与房屋、人物和画布基本协调，不存在极端小型化。
13. 房屋、树木和人物的相对大小基本合理，没有非常极端的尺寸差异。
14. 三者之间保持自然距离，没有某个对象被极端隔离。
15. 对象具有基本共同空间，例如共享地面、位置关系能够形成一个完整场景。
16. 人物能够自然地处于房屋和树木形成的环境中，而不是完全脱离其他对象。

【支持异常的证据】
1. 无。"
dataset/HTP/01/00/01_00_01_0132.jpg,01,00,01,0.14804719991116141,"【支持正常的证据】
1. 房屋、树木、人物三个核心对象均能够清楚识别，并且基本完整。
2. 三个对象在画面中的大小适中，没有全部挤在极小区域，也没有明显超出或压迫整个画面。
3. 房、树、人之间保持自然、合理的空间距离，没有明显孤立或被大片空白强行分隔。
4. 三个对象能够形成基本连贯的场景，例如共享地面、方向一致、空间位置合理，整体看起来属于同一个环境，而不是三个互不相关的符号。
5. 整体构图稳定，没有明显失衡、极端偏向某个角落或严重碎片化。
6. 线条总体连续、自然、力度相对稳定，没有大量异常断裂、极端微弱或杂乱涂画。
7. 画面具有适量细节。可以简单，但主要对象的基本结构能够表达清楚。
8. 没有大面积、无明显绘画目的的异常涂黑、重阴影或局部反复强调。

【支持异常的证据】
1. 树木相对于其他主体和画布极端微小。
2. 树干或树冠出现明显、突然、没有合理原因的截断。
3. 树木明确表现为死亡、严重枯萎、破损或大量枝干折断，而不是单纯没有叶子。"
dataset/HTP/01/00/01_00_01_0133.jpg,01,00,01,0.025957357762928745,"【支持正常的证据】
1. 房屋、树木、人物三个核心对象均能够清楚识别，并且基本完整。
2. 三个对象在画面中的大小适中，没有全部挤在极小区域，也没有明显超出或压迫整个画面。
3. 房、树、人之间保持自然、合理的空间距离，没有明显孤立或被大片空白强行分隔。
4. 三个对象能够形成基本连贯的场景，例如共享地面、方向一致、空间位置合理，整体看起来属于同一个环境，而不是三个互不相关的符号。
5. 整体构图稳定，没有明显失衡、极端偏向某个角落或严重碎片化。
6. 线条总体连续、自然、力度相对稳定，没有大量异常断裂、极端微弱或杂乱涂画。
7. 画面具有适量细节。可以简单，但主要对象的基本结构能够表达清楚。
8. 树木的树干、树冠、树枝等主要部分能够正常识别，整体结构基本完整。
9. 树木大小与房屋、人物和画布基本协调，不存在极端小型化。
10. 树干和树冠之间连接自然，比例基本合理。
11. 人物头部、躯干、手臂和腿等主要身体结构基本完整。
12. 人物各身体部分连接关系自然，没有明显断裂、错位或无法解释的结构缺失。
13. 人物整体比例基本合理。
14. 房屋、树木和人物的相对大小基本合理，没有非常极端的尺寸差异。
15. 三者之间保持自然距离，没有某个对象被极端隔离。
16. 对象具有基本共同空间，例如共享地面、位置关系能够形成一个完整场景。
17. 人物能够自然地处于房屋和树木形成的环境中，而不是完全脱离其他对象。

【支持异常的证据】
1. 无明显异常涂黑、重度阴影或局部反复强调。
2. 无大面积、无明显绘画目的的异常涂黑、重阴影或局部反复强调。
3. 无房屋、树木、人物中的一个或多个核心对象完全缺失的情况。
4. 无房屋、树木、人物整体只占巨大画布中极小区域，周围存在大量空白的情况。
5. 无三个对象之间距离极端遥远，某个对象明显孤立，或者整个场景严重碎片化的情况。
6. 无对象像漂浮在不同区域，彼此几乎没有空间联系，整体场景严重不连贯的情况。
7. 无大量非常微弱、间断、犹豫、僵硬或严重潦草的线条。
8. 无异常大面积涂黑、重度阴影或某个对象被明显过度强调的情况。"
dataset/HTP/01/00/01_00_01_0134.jpg,01,00,01,0.07585817323116976,"【支持正常的证据】
1. 房屋、树木、人物三个核心对象均能够清楚识别，并且基本完整。
2. 三个对象在画面中的大小适中，没有全部挤在极小区域，也没有明显超出或压迫整个画面。
3. 房、树、人之间保持自然、合理的空间距离，没有明显孤立或被大片空白强行分隔。
4. 三个对象能够形成基本连贯的场景，例如共享地面、方向一致、空间位置合理，整体看起来属于同一个环境，而不是三个互不相关的符号。
5. 整体构图稳定，没有明显失衡、极端偏向某个角落或严重碎片化。
6. 线条总体连续、自然、力度相对稳定，没有大量异常断裂、极端微弱或杂乱涂画。
7. 画面具有适量细节。可以简单，但主要对象的基本结构能够表达清楚。
8. 房屋、树木、人物的比例大致协调，没有极端小型化或比例失调。
9. 房屋、树木和人物的相对大小基本合理，没有非常极端的尺寸差异。
10. 人物身体主要结构完整，比例不存在严重失调。
11. 整体构图稳定且场景连贯，没有明显异常的大面积涂黑。
12. 线条自然、连续，没有异常大面积涂黑。
13. 没有明显的选择性结构缺失。
14. 仅存在少数能够由绘画水平、年龄、风格或普通构图解释的轻微异常。

【支持异常的证据】
1. 房屋结构较完整，但明显选择性缺少门。
2. 树木相对于其他主体和画布极端微小。
3. 人物身体主要结构完整，但没有画眼睛、鼻子、嘴巴等主要面部特征。"
dataset/HTP/01/00/01_00_01_0135.jpg,01,00,01,0.04208773121980142,"【支持正常的证据】
1. 房屋、树木、人物三个核心对象均能够清楚识别，并且基本完整。
2. 三个对象在画面中的大小适中，没有全部挤在极小区域，也没有明显超出或压迫整个画面。
3. 房、树、人之间保持自然、合理的空间距离，没有明显孤立或被大片空白强行分隔。
4. 三个对象能够形成基本连贯的场景，例如共享地面、方向一致、空间位置合理，整体看起来属于同一个环境，而不是三个互不相关的符号。
5. 整体构图稳定，没有明显失衡、极端偏向某个角落或严重碎片化。
6. 线条总体连续、自然、力度相对稳定，没有大量异常断裂、极端微弱或杂乱涂画。
7. 画面具有适量细节。可以简单，但主要对象的基本结构能够表达清楚。
8. 房屋、树木、人物的比例大致协调，没有极端小型化或比例失调。
9. 房屋、树木和人物之间的关系自然，没有极端隔离或空间关系异常。
10. 线条自然、连续，没有异常大面积涂黑。

【支持异常的证据】
1. 人物缺少脸部和主要肢体，但整体结构仍然存在。
2. 房屋缺少窗户，但整体结构仍然存在。
3. 树木缺少叶子，但整体结构仍然存在。
4. 房屋、树木和人物的比例协调，没有极端小型化或比例失调。
5. 房屋、树木和人物之间的关系自然，没有极端隔离或空间关系异常。
6. 线条自然、连续，没有异常大面积涂黑。"
dataset/HTP/01/00/01_00_01_0136.jpg,01,00,01,0.06754668832401889,"【支持正常的证据】
1. 房屋、树木、人物三个核心对象均能够清楚识别，并且基本完整。
2. 三个对象在画面中的大小适中，没有全部挤在极小区域，也没有明显超出或压迫整个画面。
3. 房、树、人之间保持自然、合理的空间距离，没有明显孤立或被大片空白强行分隔。
4. 三个对象能够形成基本连贯的场景，例如共享地面、方向一致、空间位置合理，整体看起来属于同一个环境，而不是三个互不相关的符号。
5. 整体构图稳定，没有明显失衡、极端偏向某个角落或严重碎片化。
6. 线条总体连续、自然、力度相对稳定，没有大量异常断裂、极端微弱或杂乱涂画。
7. 画面具有适量细节。可以简单，但主要对象的基本结构能够表达清楚。
8. 房屋、树木、人物的比例大致协调，没有极端小型化或过大。
9. 房屋、树木和人物之间的相对大小基本合理，没有非常极端的尺寸差异。
10. 人物身体主要结构完整，比例不存在严重失调。
11. 整体构图稳定且场景连贯，没有明显异常的大面积涂黑。
12. 线条自然、连续，没有异常大面积涂黑。
13. 人物和房屋、树木之间保持自然距离，没有极端隔离。
14. 画面中存在少量细节，如窗户、树枝等，但没有明显选择性结构缺失。

【支持异常的证据】
1. 房屋、树木、人物中的一个或多个核心对象完全缺失，且无法由裁剪、遮挡或画法解释。
2. 整幅画极度简化，只剩极少线条，大量重要结构同时消失，整体信息量异常低。
3. 房、树、人整体只占巨大画布中极小区域，周围存在大量空白。
4. 三个对象之间距离极端遥远，某个对象明显孤立，或者整个场景严重碎片化。
5. 存在大量非常微弱、间断、犹豫、僵硬或严重潦草的线条。
6. 存在异常大面积涂黑、重度阴影或某个对象被明显过度强调。"
dataset/HTP/01/00/01_00_01_0137.jpg,01,00,01,0.012431653620200803,"【支持正常的证据】
1. 房屋、树木、人物三个核心对象均能够清楚识别，并且基本完整。
2. 三个对象在画面中的大小适中，没有全部挤在极小区域，也没有明显超出或压迫整个画面。
3. 房、树、人之间保持自然、合理的空间距离，没有明显孤立或被大片空白强行分隔。
4. 三个对象能够形成基本连贯的场景，例如共享地面、方向一致、空间位置合理，整体看起来属于同一个环境，而不是三个互不相关的符号。
5. 整体构图稳定，没有明显失衡、极端偏向某个角落或严重碎片化。
6. 线条总体连续、自然、力度相对稳定，没有大量异常断裂、极端微弱或杂乱涂画。
7. 画面具有适量细节。可以简单，但主要对象的基本结构能够表达清楚。
8. 房屋、树木、人物的比例大致协调，没有极端比例失调。
9. 房屋结构稳定，主要组成部分合理，没有明显倒塌、断裂或严重几何变形。
10. 树木结构自然，没有严重截断或畸形。
11. 人物身体主要结构完整，比例不存在严重失调。
12. 整体构图稳定且场景连贯。
13. 线条自然、连续，没有异常大面积涂黑。
14. 没有明显的选择性结构缺失。
15. 仅存在少数能够由绘画水平、年龄、风格或普通构图解释的轻微异常。

【支持异常的证据】
1. 无。"
dataset/HTP/01/00/01_00_01_0138.jpg,01,00,01,0.010986941578116865,"【支持正常的证据】
1. 房屋、树木、人物三个核心对象均能够清楚识别，并且基本完整。
2. 三个对象在画面中的大小适中，没有全部挤在极小区域，也没有明显超出或压迫整个画面。
3. 房、树、人之间保持自然、合理的空间距离，没有明显孤立或被大片空白强行分隔。
4. 三个对象能够形成基本连贯的场景，例如共享地面、方向一致、空间位置合理，整体看起来属于同一个环境，而不是三个互不相关的符号。
5. 整体构图稳定，没有明显失衡、极端偏向某个角落或严重碎片化。
6. 线条总体连续、自然、力度相对稳定，没有大量异常断裂、极端微弱或杂乱涂画。
7. 画面具有适量细节。可以简单，但主要对象的基本结构能够表达清楚。
8. 房屋、树木、人物的比例大致协调，没有极端小型化或比例失调。
9. 房屋结构稳定，主要组成部分合理，没有明显倒塌、断裂或严重几何变形。
10. 树木结构自然，没有严重截断或畸形。
11. 人物身体主要结构完整，比例不存在严重失调。
12. 整体构图稳定且场景连贯。
13. 线条自然、连续，没有异常大面积涂黑。
14. 没有明显的选择性结构缺失。
15. 仅存在少数能够由绘画水平、年龄、风格或普通构图解释的轻微异常。

【支持异常的证据】
1. 无明显异常特征。"
dataset/HTP/01/00/01_00_01_0139.jpg,01,00,01,0.010986941578116865,"【支持正常的证据】
1. 房屋、树木、人物三个核心对象均能够清楚识别，并且基本完整。
2. 三个对象在画面中的大小适中，没有全部挤在极小区域，也没有明显超出或压迫整个画面。
3. 房、树、人之间保持自然、合理的空间距离，没有明显孤立或被大片空白强行分隔。
4. 三个对象能够形成基本连贯的场景，例如共享地面、方向一致、空间位置合理，整体看起来属于同一个环境，而不是三个互不相关的符号。
5. 整体构图稳定，没有明显失衡、极端偏向某个角落或严重碎片化。
6. 线条总体连续、自然、力度相对稳定，没有大量异常断裂、极端微弱或杂乱涂画。
7. 画面具有适量细节。可以简单，但主要对象的基本结构能够表达清楚。
8. 房屋、树木、人物的比例大致协调，没有极端小型化或比例失调。
9. 房屋结构稳定，墙体、屋顶等主要结构完整，没有明显倒塌、断裂或严重几何变形。
10. 树木结构自然，树干、树冠、树枝等主要部分能够正常识别，整体结构基本完整。
11. 人物头部、躯干、手臂和腿等主要身体结构基本完整，连接关系自然，没有明显断裂、错位或无法解释的结构缺失。
12. 人物大小与房屋、树木和整个画布基本协调，不存在极端小型化。
13. 房屋、树木和人物的相对大小基本合理，没有非常极端的尺寸差异。
14. 人物能够自然地处于房屋和树木形成的环境中，而不是完全脱离其他对象。
15. 线条自然、连续，没有异常大面积涂黑。

【支持异常的证据】
1. 无。"
dataset/HTP/01/00/01_00_01_0140.jpg,01,00,01,0.00857748525531428,"【支持正常的证据】
1. 房屋、树木、人物三个核心对象均能够清楚识别，并且基本完整。
2. 三个对象在画面中的大小适中，没有全部挤在极小区域，也没有明显超出或压迫整个画面。
3. 房、树、人之间保持自然、合理的空间距离，没有明显孤立或被大片空白强行分隔。
4. 三个对象能够形成基本连贯的场景，例如共享地面、方向一致、空间位置合理，整体看起来属于同一个环境，而不是三个互不相关的符号。
5. 整体构图稳定，没有明显失衡、极端偏向某个角落或严重碎片化。
6. 线条总体连续、自然、力度相对稳定，没有大量异常断裂、极端微弱或杂乱涂画。
7. 画面具有适量细节。可以简单，但主要对象的基本结构能够表达清楚。
8. 房屋、树木、人物的比例大致协调，没有极端小型化或比例失调。
9. 房屋结构稳定，主要组成部分合理，没有明显倒塌、断裂或严重几何变形。
10. 树木结构自然，没有严重截断或畸形。
11. 人物身体主要结构完整，比例不存在严重失调。
12. 整体构图稳定且场景连贯。
13. 线条自然、连续，没有异常大面积涂黑。
14. 没有明显的选择性结构缺失。
15. 仅存在少数能够由绘画水平、年龄、风格或普通构图解释的轻微异常。

【支持异常的证据】
1. 无明显异常特征。"
dataset/HTP/01/00/01_00_01_0141.jpg,01,00,01,0.009708474753363424,"【支持正常的证据】
1. 房屋、树木、人物三个核心对象均能够清楚识别，并且基本完整。
2. 三个对象在画面中的大小适中，没有全部挤在极小区域，也没有明显超出或压迫整个画面。
3. 房、树、人之间保持自然、合理的空间距离，没有明显孤立或被大片空白强行分隔。
4. 三个对象能够形成基本连贯的场景，例如共享地面、方向一致、空间位置合理，整体看起来属于同一个环境。
5. 整体构图稳定，没有明显失衡、极端偏向某个角落或严重碎片化。
6. 线条总体连续、自然、力度相对稳定，没有大量异常断裂、极端微弱或杂乱涂画。
7. 画面具有适量细节。可以简单，但主要对象的基本结构能够表达清楚。
8. 房屋、树木、人物的比例大致协调，没有极端小型化或比例失调。
9. 房屋结构稳定，屋顶、烟囱、门窗等细节自然、适量并与房屋结构协调。
10. 树木结构自然，树干和树冠之间连接自然，比例基本合理。
11. 人物头部、躯干、手臂和腿等主要身体结构基本完整，连接关系自然。
12. 人物大小与房屋、树木和整个画布基本协调，没有极端小型化。
13. 人物整体比例基本合理，没有明显选择性结构缺失。
14. 房屋、树木和人物的相对大小基本合理，没有非常极端的尺寸差异。
15. 人物能够自然地处于房屋和树木形成的环境中，而不是完全脱离其他对象。

【支持异常的证据】
1. 无。"
dataset/HTP/01/00/01_00_01_0142.jpg,01,00,01,0.009708474753363424,"【支持正常的证据】
1. 房屋、树木、人物三个核心对象均能够清楚识别，并且基本完整。
2. 三个对象在画面中的大小适中，没有全部挤在极小区域，也没有明显超出或压迫整个画面。
3. 房、树、人之间保持自然、合理的空间距离，没有明显孤立或被大片空白强行分隔。
4. 三个对象能够形成基本连贯的场景，例如共享地面、方向一致、空间位置合理，整体看起来属于同一个环境。
5. 整体构图稳定，没有明显失衡、极端偏向某个角落或严重碎片化。
6. 线条总体连续、自然、力度相对稳定，没有大量异常断裂、极端微弱或杂乱涂画。
7. 画面具有适量细节。可以简单，但主要对象的基本结构能够表达清楚。
8. 房屋、树木、人物的比例大致协调，没有极端小型化或比例失调。
9. 房屋结构稳定，屋顶、烟囱、门窗等细节自然、适量并与房屋结构协调。
10. 树木结构自然，没有明显截断或畸形。
11. 人物身体主要结构完整，比例不存在严重失调。
12. 整体构图稳定且场景连贯，没有明显异常的大面积涂黑。
13. 线条自然、连续，没有异常大面积涂黑。
14. 人物和房屋、树木之间保持自然距离，没有极端隔离。
15. 人物能够自然地处于房屋和树木形成的环境中，而不是完全脱离其他对象。

【支持异常的证据】
1. 无明显异常特征。"
dataset/HTP/01/00/01_00_01_0143.jpg,01,00,01,0.00857748525531428,"【支持正常的证据】
1. 房屋、树木、人物三个核心对象均能够清楚识别，并且基本完整。
2. 三个对象在画面中的大小适中，没有全部挤在极小区域，也没有明显超出或压迫整个画面。
3. 房、树、人之间保持自然、合理的空间距离，没有明显孤立或被大片空白强行分隔。
4. 三个对象能够形成基本连贯的场景，例如共享地面、方向一致、空间位置合理，整体看起来属于同一个环境，而不是三个互不相关的符号。
5. 整体构图稳定，没有明显失衡、极端偏向某个角落或严重碎片化。
6. 线条总体连续、自然、力度相对稳定，没有大量异常断裂、极端微弱或杂乱涂画。
7. 画面具有适量细节。可以简单，但主要对象的基本结构能够表达清楚。
8. 房屋、树木、人物的比例大致协调，没有极端小型化或比例失调。
9. 房屋结构稳定，主要组成部分合理，没有明显倒塌、断裂或严重几何变形。
10. 树木结构自然，没有严重截断或畸形。
11. 人物身体主要结构完整，比例不存在严重失调。
12. 整体构图稳定且场景连贯。
13. 线条自然、连续，没有异常大面积涂黑。
14. 没有明显的选择性结构缺失。
15. 仅存在少数能够由绘画水平、年龄、风格或普通构图解释的轻微异常。

【支持异常的证据】
1. 无。"
dataset/HTP/01/00/01_00_01_0144.jpg,01,00,01,0.03308597922294221,"【支持正常的证据】
1. 房屋、树木、人物三个核心对象均能够清楚识别，并且基本完整。
2. 三个对象在画面中的大小适中，没有全部挤在极小区域，也没有明显超出或压迫整个画面。
3. 房、树、人之间保持自然、合理的空间距离，没有明显孤立或被大片空白强行分隔。
4. 三个对象能够形成基本连贯的场景，例如共享地面、方向一致、空间位置合理，整体看起来属于同一个环境，而不是三个互不相关的符号。
5. 整体构图稳定，没有明显失衡、极端偏向某个角落或严重碎片化。
6. 线条总体连续、自然、力度相对稳定，没有大量异常断裂、极端微弱或杂乱涂画。
7. 画面具有适量细节。可以简单，但主要对象的基本结构能够表达清楚。
8. 房屋、树木、人物的比例大致协调，没有极端小型化或比例失调。
9. 整体场景连贯，没有明显选择性结构缺失。
10. 线条自然、连续，没有异常大面积涂黑。

【支持异常的证据】
1. 人物缺少脸部和主要肢体，但整体结构仍然存在。
2. 房屋缺少门，但整体结构基本完整。
3. 树木缺少叶子，但整体结构自然。
4. 人物比例有些夸张，但整体结构合理。
5. 房屋、树木和人物之间保持了自然的距离，没有极端隔离。
6. 整体构图稳定，没有明显碎片化。
7. 线条自然、连续，没有极端微弱或杂乱涂画。"
dataset/HTP/01/00/01_00_01_0145.jpg,01,00,01,0.014063626423394072,"【支持正常的证据】
1. 房屋、树木、人物三个核心对象均能够清楚识别，并且基本完整。
2. 三个对象在画面中的大小适中，没有全部挤在极小区域，也没有明显超出或压迫整个画面。
3. 房、树、人之间保持自然、合理的空间距离，没有明显孤立或被大片空白强行分隔。
4. 三个对象能够形成基本连贯的场景，例如共享地面、方向一致、空间位置合理，整体看起来属于同一个环境，而不是三个互不相关的符号。
5. 整体构图稳定，没有明显失衡、极端偏向某个角落或严重碎片化。
6. 线条总体连续、自然、力度相对稳定，没有大量异常断裂、极端微弱或杂乱涂画。
7. 画面具有适量细节。可以简单，但主要对象的基本结构能够表达清楚。
8. 房屋、树木、人物的比例大致协调，没有极端小型化或比例失调。
9. 房屋、树木和人物之间的关系自然，没有极端隔离或空间关系异常。
10. 线条自然、连续，没有异常大面积涂黑。

【支持异常的证据】
1. 无。"
dataset/HTP/01/00/01_00_01_0146.jpg,01,00,01,0.010986941578116865,"【支持正常的证据】
1. 房屋、树木、人物三个核心对象均能够清楚识别，并且基本完整。
2. 三个对象在画面中的大小适中，没有全部挤在极小区域，也没有明显超出或压迫整个画面。
3. 房、树、人之间保持自然、合理的空间距离，没有明显孤立或被大片空白强行分隔。
4. 三个对象能够形成基本连贯的场景，例如共享地面、方向一致、空间位置合理，整体看起来属于同一个环境。
5. 整体构图稳定，没有明显失衡、极端偏向某个角落或严重碎片化。
6. 线条总体连续、自然、力度相对稳定，没有大量异常断裂、极端微弱或杂乱涂画。
7. 画面具有适量细节。可以简单，但主要对象的基本结构能够表达清楚。
8. 房屋、树木、人物的比例大致协调，没有极端小型化或比例失调。
9. 房屋结构稳定，主要组成部分合理，没有明显倒塌、断裂或严重几何变形。
10. 树木结构自然，没有严重截断或畸形。
11. 人物身体主要结构完整，比例不存在严重失调。
12. 整体构图稳定且场景连贯。
13. 线条自然、连续，没有异常大面积涂黑。
14. 没有明显的选择性结构缺失。
15. 即使绘画较简单，其简化方式在整幅画中保持一致。

【支持异常的证据】
1. 无明显异常特征。"
dataset/HTP/01/00/01_00_01_0147.jpg,01,00,01,0.012431653620200803,"【支持正常的证据】
1. 房屋、树木、人物三个核心对象均能够清楚识别，并且基本完整。
2. 三个对象在画面中的大小适中，没有全部挤在极小区域，也没有明显超出或压迫整个画面。
3. 房、树、人之间保持自然、合理的空间距离，没有明显孤立或被大片空白强行分隔。
4. 三个对象能够形成基本连贯的场景，例如共享地面、方向一致、空间位置合理，整体看起来属于同一个环境。
5. 整体构图稳定，没有明显失衡、极端偏向某个角落或严重碎片化。
6. 线条总体连续、自然、力度相对稳定，没有大量异常断裂、极端微弱或杂乱涂画。
7. 画面具有适量细节。可以简单，但主要对象的基本结构能够表达清楚。
8. 房屋、树木、人物的比例大致协调，没有极端小型化或比例失调。
9. 整体场景连贯，没有明显选择性结构缺失。
10. 线条自然、连续，没有异常大面积涂黑。

【支持异常的证据】
1. 无。"
dataset/HTP/01/00/01_00_01_0148.jpg,01,00,01,0.009708474753363424,"【支持正常的证据】
1. 房屋、树木、人物三个核心对象均能够清楚识别，并且基本完整。
2. 三个对象在画面中的大小适中，没有全部挤在极小区域，也没有明显超出或压迫整个画面。
3. 房、树、人之间保持自然、合理的空间距离，没有明显孤立或被大片空白强行分隔。
4. 三个对象能够形成基本连贯的场景，例如共享地面、方向一致、空间位置合理，整体看起来属于同一个环境。
5. 整体构图稳定，没有明显失衡、极端偏向某个角落或严重碎片化。
6. 线条总体连续、自然、力度相对稳定，没有大量异常断裂、极端微弱或杂乱涂画。
7. 画面具有适量细节。可以简单，但主要对象的基本结构能够表达清楚。
8. 房屋、树木、人物的比例大致协调，没有极端小型化或比例失调。
9. 房屋结构稳定，墙体、屋顶等主要结构完整。
10. 树木结构自然，树干、树冠、树枝等主要部分能够正常识别，整体结构基本完整。
11. 人物头部、躯干、手臂和腿等主要身体结构基本完整，连接关系自然。
12. 人物大小与房屋、树木和整个画布基本协调，不存在极端小型化。
13. 人物整体比例基本合理，没有明显选择性结构缺失。
14. 房屋、树木和人物的相对大小基本合理，没有非常极端的尺寸差异。
15. 三者之间保持自然距离，没有某个对象被极端隔离。
16. 整体构图稳定且场景连贯，没有明显异常的大面积涂黑。

【支持异常的证据】
1. 无明显异常特征。"
dataset/HTP/01/00/01_00_01_0149.jpg,01,00,01,0.010986941578116865,"【支持正常的证据】
1. 房屋、树木、人物三个核心对象均能够清楚识别，并且基本完整。
2. 三个对象在画面中的大小适中，没有全部挤在极小区域，也没有明显超出或压迫整个画面。
3. 房、树、人之间保持自然、合理的空间距离，没有明显孤立或被大片空白强行分隔。
4. 三个对象能够形成基本连贯的场景，例如共享地面、方向一致、空间位置合理，整体看起来属于同一个环境，而不是三个互不相关的符号。
5. 整体构图稳定，没有明显失衡、极端偏向某个角落或严重碎片化。
6. 线条总体连续、自然、力度相对稳定，没有大量异常断裂、极端微弱或杂乱涂画。
7. 画面具有适量细节。可以简单，但主要对象的基本结构能够表达清楚。
8. 房屋、树木、人物的比例大致协调，没有极端小型化或比例失调。
9. 房屋、树木和人物之间的关系自然，没有极端隔离或不连贯的空间关系。
10. 线条自然、连续，没有异常大面积涂黑。

【支持异常的证据】
1. 无明显异常特征。"
dataset/HTP/01/00/01_00_01_0150.jpg,01,00,01,0.11920291732853862,"【支持正常的证据】
1. 房屋、树木、人物三个核心对象均能够清楚识别，并且基本完整。
2. 三个对象在画面中的大小适中，没有全部挤在极小区域，也没有明显超出或压迫整个画面。
3. 房、树、人之间保持自然、合理的空间距离，没有明显孤立或被大片空白强行分隔。
4. 三个对象能够形成基本连贯的场景，例如共享地面、方向一致、空间位置合理，整体看起来属于同一个环境，而不是三个互不相关的符号。
5. 整体构图稳定，没有明显失衡、极端偏向某个角落或严重碎片化。
6. 线条总体连续、自然、力度相对稳定，没有大量异常断裂、极端微弱或杂乱涂画。
7. 画面具有适量细节。可以简单，但主要对象的基本结构能够表达清楚。
8. 房屋、树木、人物的比例大致协调，没有极端小型化或比例失调。
9. 房屋、树木和人物之间的关系自然，没有极端隔离或不连贯的空间关系。
10. 线条自然、连续，没有异常大面积涂黑。

【支持异常的证据】
1. 人物的头部、躯干、手臂和腿等主要身体结构基本完整，但存在一些夸张的比例，如头部较大。
2. 树木的树冠被夸张地画得很大，似乎占据了大部分画面空间。
3. 房屋的屋顶和墙壁结构较为简单，但没有明显的细节描绘，显得有些单调。
4. 人物的表情较为夸张，尤其是微笑时嘴巴张得很大。
5. 画面中存在一些不自然的线条，如人物的手臂和腿部线条有些弯曲和不流畅。
6. 人物的大小与房屋、树木相比显得有些不协调，尤其是人物显得较小。
7. 整体构图中存在一些不连贯的地方，如人物的位置与房屋和树木的关系有些不自然。"
dataset/HTP/01/00/01_00_01_0151.jpg,01,00,01,0.22270013882530884,"【支持正常的证据】
1. 房屋、树木、人物三个核心对象均能够清楚识别，并且基本完整。
2. 三个对象在画面中的大小适中，没有全部挤在极小区域，也没有明显超出或压迫整个画面。
3. 房、树、人之间保持自然、合理的空间距离，没有明显孤立或被大片空白强行分隔。
4. 三个对象能够形成基本连贯的场景，例如共享地面、方向一致、空间位置合理，整体看起来属于同一个环境。
5. 整体构图稳定，没有明显失衡、极端偏向某个角落或严重碎片化。
6. 线条总体连续、自然、力度相对稳定，没有大量异常断裂、极端微弱或杂乱涂画。
7. 画面具有适量细节。可以简单，但主要对象的基本结构能够表达清楚。
8. 房屋、树木、人物之间的关系自然，没有极端隔离或不连贯的场景。
9. 没有大面积、无明显绘画目的的异常涂黑、重阴影或局部反复强调。

【支持异常的证据】
1. 房屋结构较完整，但明显选择性缺少门。
2. 树木相对于其他主体和画布极端微小。
3. 人物身体主要结构完整，但缺少手臂。
4. 房屋、树木和人物之间存在明显隔离，人物远离房屋和树木。
5. 线条存在一些犹豫、僵硬或严重潦草的地方。"
dataset/HTP/01/00/01_00_01_0152.jpg,01,00,01,0.012431653620200803,"【支持正常的证据】
1. 房屋、树木、人物三个核心对象均能够清楚识别，并且基本完整。
2. 三个对象在画面中的大小适中，没有全部挤在极小区域，也没有明显超出或压迫整个画面。
3. 房、树、人之间保持自然、合理的空间距离，没有明显孤立或被大片空白强行分隔。
4. 三个对象能够形成基本连贯的场景，例如共享地面、方向一致、空间位置合理，整体看起来属于同一个环境，而不是三个互不相关的符号。
5. 整体构图稳定，没有明显失衡、极端偏向某个角落或严重碎片化。
6. 线条总体连续、自然、力度相对稳定，没有大量异常断裂、极端微弱或杂乱涂画。
7. 画面具有适量细节。可以简单，但主要对象的基本结构能够表达清楚。
8. 房屋、树木、人物的比例大致协调，没有极端小型化或比例失调。
9. 房屋、树木和人物的相对大小基本合理，没有非常极端的尺寸差异。
10. 人物身体主要结构完整，比例不存在严重失调。
11. 整体构图稳定且场景连贯，没有明显异常的大面积涂黑。
12. 人物和房屋、树木之间保持自然距离，没有极端隔离。
13. 线条自然、连续，没有异常大面积涂黑。
14. 画面存在多个相互独立的正常积极特征。

【支持异常的证据】
1. 无。"
dataset/HTP/01/00/01_00_01_0153.jpg,01,00,01,0.022977372418942873,"【支持正常的证据】
1. 房屋、树木、人物三个核心对象均能够清楚识别，并且基本完整。
2. 三个对象在画面中的大小适中，没有全部挤在极小区域，也没有明显超出或压迫整个画面。
3. 房、树、人之间保持自然、合理的空间距离，没有明显孤立或被大片空白强行分隔。
4. 三个对象能够形成基本连贯的场景，例如共享地面、方向一致、空间位置合理，整体看起来属于同一个环境，而不是三个互不相关的符号。
5. 整体构图稳定，没有明显失衡、极端偏向某个角落或严重碎片化。
6. 线条总体连续、自然、力度相对稳定，没有大量异常断裂、极端微弱或杂乱涂画。
7. 画面具有适量细节。可以简单，但主要对象的基本结构能够表达清楚。
8. 房屋、树木、人物的比例大致协调，没有极端小型化或比例失调。
9. 整体场景连贯，没有明显选择性结构缺失。
10. 线条自然、连续，没有异常大面积涂黑。

【支持异常的证据】
1. 人物头部、躯干、手臂和腿等主要身体结构基本完整。
2. 人物各身体部分连接关系自然，没有明显断裂、错位或无法解释的结构缺失。
3. 人物整体比例基本合理。允许存在普通儿童画、简笔画、卡通画中的比例误差，不要求符合严格人体解剖比例。
4. 人物大小与房屋、树木和整个画布基本协调，不存在极端小型化。
5. 如果人物尺寸允许，眼睛、鼻子、嘴等主要面部特征基本存在；如果人物很小，没有绘制完整五官也可以是正常表现。
6. 人物采用火柴人、单线手臂或单线腿的简单风格时，如果整个人物风格统一并且结构完整，不能因为简单就判断异常。
7. 人物可以正面、侧面或其他姿势，只要身体结构基本合理，都可以属于正常表现。
8. 普通衣服填色、头发填色或身体局部自然阴影不能作为异常证据。
9. 面部表情自然、中性、微笑或其他与场景协调的普通表情，可以支持正常判断。
10. 即使人物没有明显表情，只要画法简单且没有其他异常支持，也不能因为表情中性就判断异常。"
dataset/HTP/01/00/01_00_01_0154.jpg,01,00,01,0.009708474753363424,"【支持正常的证据】
1. 房屋、树木、人物三个核心对象均能够清楚识别，并且基本完整。
2. 三个对象在画面中的大小适中，没有全部挤在极小区域，也没有明显超出或压迫整个画面。
3. 房、树、人之间保持自然、合理的空间距离，没有明显孤立或被大片空白强行分隔。
4. 三个对象能够形成基本连贯的场景，例如共享地面、方向一致、空间位置合理，整体看起来属于同一个环境。
5. 整体构图稳定，没有明显失衡、极端偏向某个角落或严重碎片化。
6. 线条总体连续、自然、力度相对稳定，没有大量异常断裂、极端微弱或杂乱涂画。
7. 画面具有适量细节。可以简单，但主要对象的基本结构能够表达清楚。
8. 房屋、树木、人物的比例大致协调，没有极端小型化或比例失调。
9. 房屋、树木和人物之间的相对大小基本合理，没有非常极端的尺寸差异。
10. 人物身体主要结构完整，比例不存在严重失调。
11. 整体构图稳定且场景连贯，没有明显异常的大面积涂黑。
12. 人物没有明显选择性结构缺失，四肢和五官比例协调。
13. 房屋结构稳定，主要组成部分合理。
14. 树木结构自然，没有严重截断或畸形。
15. 画面存在多个相互独立的正常积极特征。

【支持异常的证据】
1. 无。"
dataset/HTP/01/00/01_00_01_0155.jpg,01,00,01,0.009708474753363424,"【支持正常的证据】
1. 房屋、树木、人物三个核心对象均能够清楚识别，并且基本完整。
2. 三个对象在画面中的大小适中，没有全部挤在极小区域，也没有明显超出或压迫整个画面。
3. 房、树、人之间保持自然、合理的空间距离，没有明显孤立或被大片空白强行分隔。
4. 三个对象能够形成基本连贯的场景，例如共享地面、方向一致、空间位置合理，整体看起来属于同一个环境，而不是三个互不相关的符号。
5. 整体构图稳定，没有明显失衡、极端偏向某个角落或严重碎片化。
6. 线条总体连续、自然、力度相对稳定，没有大量异常断裂、极端微弱或杂乱涂画。
7. 画面具有适量细节。可以简单，但主要对象的基本结构能够表达清楚。
8. 房屋、树木、人物的比例大致协调，没有极端小型化或比例失调。
9. 房屋结构稳定，没有明显倒塌、断裂或严重几何变形。
10. 树木结构自然，没有严重截断或畸形。
11. 人物身体主要结构完整，比例不存在严重失调。
12. 整体构图稳定且场景连贯。
13. 线条自然、连续，没有异常大面积涂黑。
14. 没有明显的选择性结构缺失。
15. 仅存在少数能够由绘画水平、年龄、风格或普通构图解释的轻微异常。

【支持异常的证据】
1. 无。"
dataset/HTP/01/00/01_00_01_0156.jpg,01,00,01,0.007577241922677275,"【支持正常的证据】
1. 房屋、树木、人物三个核心对象均能够清楚识别，并且基本完整。
2. 三个对象在画面中的大小适中，没有全部挤在极小区域，也没有明显超出或压迫整个画面。
3. 房、树、人之间保持自然、合理的空间距离，没有明显孤立或被大片空白强行分隔。
4. 三个对象能够形成基本连贯的场景，例如共享地面、方向一致、空间位置合理，整体看起来属于同一个环境，而不是三个互不相关的符号。
5. 整体构图稳定，没有明显失衡、极端偏向某个角落或严重碎片化。
6. 线条总体连续、自然、力度相对稳定，没有大量异常断裂、极端微弱或杂乱涂画。
7. 画面具有适量细节。可以简单，但主要对象的基本结构能够表达清楚。
8. 房屋、树木、人物的比例大致协调，没有极端小型化或比例失调。
9. 房屋结构稳定，屋顶、烟囱、门窗等细节自然、适量并与房屋结构协调。
10. 树木结构自然，树干、树冠、树枝等主要部分能够正常识别，比例基本合理。
11. 人物头部、躯干、手臂和腿等主要身体结构基本完整，连接关系自然，比例基本合理。
12. 房屋、树木和人物的相对大小基本合理，没有非常极端的尺寸差异。
13. 三者之间保持自然距离，没有某个对象被极端隔离。
14. 整体构图稳定且场景连贯，线条自然、连续，没有异常大面积涂黑。

【支持异常的证据】
1. 无。"
dataset/HTP/01/00/01_00_01_0157.jpg,01,00,01,0.012431653620200803,"【支持正常的证据】
1. 房屋、树木、人物三个核心对象均能够清楚识别，并且基本完整。
2. 三个对象在画面中的大小适中，没有全部挤在极小区域，也没有明显超出或压迫整个画面。
3. 房、树、人之间保持自然、合理的空间距离，没有明显孤立或被大片空白强行分隔。
4. 三个对象能够形成基本连贯的场景，例如共享地面、方向一致、空间位置合理，整体看起来属于同一个环境，而不是三个互不相关的符号。
5. 整体构图稳定，没有明显失衡、极端偏向某个角落或严重碎片化。
6. 线条总体连续、自然、力度相对稳定，没有大量异常断裂、极端微弱或杂乱涂画。
7. 画面具有适量细节。可以简单，但主要对象的基本结构能够表达清楚。
8. 房屋、树木、人物的比例大致协调，没有极端小型化或比例失调。
9. 房屋结构稳定，没有明显倒塌、断裂或严重几何变形。
10. 树木结构自然，没有明显截断或畸形。
11. 人物身体主要结构完整，比例不存在严重失调。
12. 整体构图稳定且场景连贯。
13. 线条自然、连续，没有异常大面积涂黑。
14. 没有明显的选择性结构缺失。
15. 仅存在少数能够由绘画水平、年龄、风格或普通构图解释的轻微异常。

【支持异常的证据】
1. 无。"
dataset/HTP/01/00/01_00_01_0158.jpg,01,00,01,0.012431653620200803,"【支持正常的证据】
1. 房屋、树木、人物三个核心对象均能够清楚识别，并且基本完整。
2. 三个对象在画面中的大小适中，没有全部挤在极小区域，也没有明显超出或压迫整个画面。
3. 房、树、人之间保持自然、合理的空间距离，没有明显孤立或被大片空白强行分隔。
4. 三个对象能够形成基本连贯的场景，例如共享地面、方向一致、空间位置合理，整体看起来属于同一个环境，而不是三个互不相关的符号。
5. 整体构图稳定，没有明显失衡、极端偏向某个角落或严重碎片化。
6. 线条总体连续、自然、力度相对稳定，没有大量异常断裂、极端微弱或杂乱涂画。
7. 画面具有适量细节。可以简单，但主要对象的基本结构能够表达清楚。
8. 房屋、树木、人物的比例大致协调，没有极端小型化或比例失调。
9. 房屋结构稳定，屋顶、烟囱、门窗等细节自然、适量并与房屋结构协调。
10. 树木结构自然，没有明显截断或畸形。
11. 人物身体主要结构完整，比例不存在严重失调。
12. 整体构图稳定且场景连贯，没有明显异常的大面积涂黑。
13. 线条自然、连续，没有异常大面积涂黑。
14. 人物表情自然、中性，没有明显悲伤、愤怒、痛苦、恐惧等强烈负面表情。
15. 房屋、树木和人物之间的相对大小基本合理，没有非常极端的尺寸差异。
16. 三者之间保持自然距离，没有某个对象被极端隔离。
17. 人物能够自然地处于房屋和树木形成的环境中，而不是完全脱离其他对象。

【支持异常的证据】
1. 无。"
dataset/HTP/01/00/01_00_01_0159.jpg,01,00,01,0.010986941578116865,"【支持正常的证据】
1. 房屋、树木、人物三个核心对象均能够清楚识别，并且基本完整。
2. 三个对象在画面中的大小适中，没有全部挤在极小区域，也没有明显超出或压迫整个画面。
3. 房、树、人之间保持自然、合理的空间距离，没有明显孤立或被大片空白强行分隔。
4. 三个对象能够形成基本连贯的场景，例如共享地面、方向一致、空间位置合理，整体看起来属于同一个环境，而不是三个互不相关的符号。
5. 整体构图稳定，没有明显失衡、极端偏向某个角落或严重碎片化。
6. 线条总体连续、自然、力度相对稳定，没有大量异常断裂、极端微弱或杂乱涂画。
7. 画面具有适量细节。可以简单，但主要对象的基本结构能够表达清楚。
8. 房屋、树木、人物的比例大致协调，没有极端小型化或比例失调。
9. 房屋结构稳定，主要组成部分合理，没有明显倒塌、断裂或严重几何变形。
10. 树木结构自然，没有严重截断或畸形。
11. 人物身体主要结构完整，比例不存在严重失调。
12. 整体构图稳定且场景连贯。
13. 线条自然、连续，没有异常大面积涂黑。
14. 没有明显的选择性结构缺失。
15. 仅存在少数能够由绘画水平、年龄、风格或普通构图解释的轻微异常。

【支持异常的证据】
1. 无。"
dataset/HTP/01/00/01_00_01_0160.jpg,01,00,01,0.009708474753363424,"【支持正常的证据】
1. 房屋、树木、人物三个核心对象均能够清楚识别，并且基本完整。
2. 三个对象在画面中的大小适中，没有全部挤在极小区域，也没有明显超出或压迫整个画面。
3. 房、树、人之间保持自然、合理的空间距离，没有明显孤立或被大片空白强行分隔。
4. 三个对象能够形成基本连贯的场景，例如共享地面、方向一致、空间位置合理，整体看起来属于同一个环境，而不是三个互不相关的符号。
5. 整体构图稳定，没有明显失衡、极端偏向某个角落或严重碎片化。
6. 线条总体连续、自然、力度相对稳定，没有大量异常断裂、极端微弱或杂乱涂画。
7. 画面具有适量细节。可以简单，但主要对象的基本结构能够表达清楚。
8. 房屋、树木、人物的比例大致协调，没有极端小型化或比例失调。
9. 房屋结构稳定，主要组成部分合理，没有明显倒塌、断裂或严重几何变形。
10. 树木结构自然，没有严重截断或畸形。
11. 人物身体主要结构完整，比例不存在严重失调。
12. 整体构图稳定且场景连贯。
13. 线条自然、连续，没有异常大面积涂黑。
14. 没有明显的选择性结构缺失。
15. 仅存在少数能够由绘画水平、年龄、风格或普通构图解释的轻微异常。

【支持异常的证据】
1. 无。"
dataset/HTP/01/00/01_00_01_0161.jpg,01,00,01,0.010986941578116865,"【支持正常的证据】
1. 房屋、树木、人物三个核心对象均能够清楚识别，并且基本完整。
2. 三个对象在画面中的大小适中，没有全部挤在极小区域，也没有明显超出或压迫整个画面。
3. 房、树、人之间保持自然、合理的空间距离，没有明显孤立或被大片空白强行分隔。
4. 三个对象能够形成基本连贯的场景，例如共享地面、方向一致、空间位置合理，整体看起来属于同一个环境，而不是三个互不相关的符号。
5. 整体构图稳定，没有明显失衡、极端偏向某个角落或严重碎片化。
6. 线条总体连续、自然、力度相对稳定，没有大量异常断裂、极端微弱或杂乱涂画。
7. 画面具有适量细节。可以简单，但主要对象的基本结构能够表达清楚。
8. 房屋、树木、人物的比例大致协调，没有极端小型化或比例失调。
9. 房屋结构稳定，主要组成部分合理，没有明显倒塌、断裂或严重几何变形。
10. 树木结构自然，没有严重截断或畸形。
11. 人物身体主要结构完整，比例不存在严重失调。
12. 整体构图稳定且场景连贯。
13. 线条自然、连续，没有异常大面积涂黑。
14. 没有明显的选择性结构缺失。
15. 仅存在少数能够由绘画水平、年龄、风格或普通构图解释的轻微异常。

【支持异常的证据】
1. 无。"
dataset/HTP/01/00/01_00_01_0162.jpg,01,00,01,0.022977372418942873,"【支持正常的证据】
1. 房屋、树木、人物三个核心对象均能够清楚识别，并且基本完整。
2. 三个对象在画面中的大小适中，没有全部挤在极小区域，也没有明显超出或压迫整个画面。
3. 房、树、人之间保持自然、合理的空间距离，没有明显孤立或被大片空白强行分隔。
4. 三个对象能够形成基本连贯的场景，例如共享地面、方向一致、空间位置合理，整体看起来属于同一个环境，而不是三个互不相关的符号。
5. 整体构图稳定，没有明显失衡、极端偏向某个角落或严重碎片化。
6. 线条总体连续、自然、力度相对稳定，没有大量异常断裂、极端微弱或杂乱涂画。
7. 画面具有适量细节。可以简单，但主要对象的基本结构能够表达清楚。
8. 房屋、树木、人物之间的关系自然，没有极端隔离或不连贯的场景。

【支持异常的证据】
1. 人物头部、躯干、手臂和腿等主要身体结构基本完整。
2. 人物整体比例基本合理。
3. 房屋结构稳定，主要组成部分合理。
4. 树木结构自然，没有严重截断或畸形。
5. 人物大小与房屋、树木和整个画布基本协调，不存在极端小型化。
6. 房屋、树木和人物的相对大小基本合理，没有非常极端的尺寸差异。
7. 三者之间保持自然距离，没有某个对象被极端隔离。
8. 对象具有基本共同空间，例如共享地面、位置关系能够形成一个完整场景。
9. 人物能够自然地处于房屋和树木形成的环境中，而不是完全脱离其他对象。"
dataset/HTP/01/00/01_00_01_0163.jpg,01,00,01,0.015906393344589397,"【支持正常的证据】
1. 房屋、树木、人物三个核心对象均能够清楚识别，并且基本完整。
2. 三个对象在画面中的大小适中，没有全部挤在极小区域，也没有明显超出或压迫整个画面。
3. 房、树、人之间保持自然、合理的空间距离，没有明显孤立或被大片空白强行分隔。
4. 三个对象能够形成基本连贯的场景，例如共享地面、方向一致、空间位置合理，整体看起来属于同一个环境。
5. 整体构图稳定，没有明显失衡、极端偏向某个角落或严重碎片化。
6. 线条总体连续、自然、力度相对稳定，没有大量异常断裂、极端微弱或杂乱涂画。
7. 画面具有适量细节。可以简单，但主要对象的基本结构能够表达清楚。
8. 房屋、树木、人物的比例大致协调，没有极端小型化或比例失调。
9. 房屋结构稳定，没有明显倒塌、断裂或严重几何变形。
10. 树木结构自然，没有明显截断或畸形。
11. 人物身体主要结构完整，比例不存在严重失调。
12. 整体构图稳定且场景连贯，没有明显异常的大面积涂黑、极端小型化或异常隔离。
13. 线条自然、连续，没有异常大面积涂黑。
14. 人物没有明显选择性结构缺失，整体绘画风格统一。

【支持异常的证据】
1. 无。"
dataset/HTP/01/00/01_00_01_0164.jpg,01,00,01,0.010986941578116865,"【支持正常的证据】
1. 房屋、树木、人物三个核心对象均能够清楚识别，并且基本完整。
2. 三个对象在画面中的大小适中，没有全部挤在极小区域，也没有明显超出或压迫整个画面。
3. 房、树、人之间保持自然、合理的空间距离，没有明显孤立或被大片空白强行分隔。
4. 三个对象能够形成基本连贯的场景，例如共享地面、方向一致、空间位置合理，整体看起来属于同一个环境。
5. 整体构图稳定，没有明显失衡、极端偏向某个角落或严重碎片化。
6. 线条总体连续、自然、力度相对稳定，没有大量异常断裂、极端微弱或杂乱涂画。
7. 画面具有适量细节。可以简单，但主要对象的基本结构能够表达清楚。
8. 房屋、树木、人物的比例大致协调，没有极端小型化或比例失调。
9. 房屋结构稳定，墙体、屋顶等主要结构完整。
10. 树木结构自然，没有明显截断或畸形。
11. 人物身体主要结构完整，比例不存在严重失调。
12. 整体构图稳定且场景连贯，没有明显异常的大面积涂黑。
13. 人物和房屋、树木之间保持自然距离，没有极端隔离。
14. 画面存在多个相互独立的正常积极特征，如房屋、树木和人物的合理比例、自然空间关系等。

【支持异常的证据】
1. 无明显异常涂黑、重度阴影或局部反复强调。
2. 无房屋、树木或人物的完全缺失。
3. 无明显选择性结构缺失。
4. 无极端小型化或比例失调。
5. 无严重结构扭曲或断裂。
6. 无大面积异常涂黑或阴影。
7. 无明显异常的大面积涂黑或阴影。
8. 无人物明显不完整或缺少手臂、腿部等主要身体部分。
9. 无房屋或人物结构严重怪异。
10. 无整体画面极端微小或极度简化。
11. 无对象之间极端分离或空间隔离。
12. 无人物被异常重度涂黑。
13. 无多个对象分别存在严重异常。
14. 无整体构图异常与具体对象异常方向一致。
15. 无出现无法由整体绘画能力解释的明显选择性异常。"
dataset/HTP/01/00/01_00_01_0165.jpg,01,00,01,0.03308597922294221,"【支持正常的证据】
1. 房屋、树木、人物三个核心对象均能够清楚识别，并且基本完整。
2. 三个对象在画面中的大小适中，没有全部挤在极小区域，也没有明显超出或压迫整个画面。
3. 房、树、人之间保持自然、合理的空间距离，没有明显孤立或被大片空白强行分隔。
4. 三个对象能够形成基本连贯的场景，例如共享地面、方向一致、空间位置合理，整体看起来属于同一个环境，而不是三个互不相关的符号。
5. 整体构图稳定，没有明显失衡、极端偏向某个角落或严重碎片化。
6. 线条总体连续、自然、力度相对稳定，没有大量异常断裂、极端微弱或杂乱涂画。
7. 画面具有适量细节。可以简单，但主要对象的基本结构能够表达清楚。
8. 房屋、树木、人物的比例大致协调，没有极端小型化或比例失调。
9. 整体场景连贯，没有明显选择性结构缺失。
10. 线条自然、连续，没有异常大面积涂黑。

【支持异常的证据】
1. 房屋结构较完整，但明显缺少窗户。
2. 树木结构自然，没有明显截断或畸形。
3. 人物身体主要结构完整，比例不存在严重失调。
4. 房屋、树木和人物的相对大小基本合理，没有非常极端的尺寸差异。
5. 三者之间保持自然距离，没有某个对象被极端隔离。
6. 对象具有基本共同空间，例如共享地面、位置关系能够形成一个完整场景。
7. 人物能够自然地处于房屋和树木形成的环境中，而不是完全脱离其他对象。
8. 即使对象之间没有互动，整体空间组织清楚、稳定、协调。"
dataset/HTP/01/00/01_00_01_0166.jpg,01,00,01,0.010986941578116865,"【支持正常的证据】
1. 房屋、树木、人物三个核心对象均能够清楚识别，并且基本完整。
2. 三个对象在画面中的大小适中，没有全部挤在极小区域，也没有明显超出或压迫整个画面。
3. 房、树、人之间保持自然、合理的空间距离，没有明显孤立或被大片空白强行分隔。
4. 三个对象能够形成基本连贯的场景，例如共享地面、方向一致、空间位置合理，整体看起来属于同一个环境。
5. 整体构图稳定，没有明显失衡、极端偏向某个角落或严重碎片化。
6. 线条总体连续、自然、力度相对稳定，没有大量异常断裂、极端微弱或杂乱涂画。
7. 画面具有适量细节。可以简单，但主要对象的基本结构能够表达清楚。
8. 房屋、树木、人物的比例大致协调，没有极端小型化或比例失调。
9. 房屋结构稳定，墙体、屋顶等主要结构完整。
10. 树木结构自然，没有明显截断或畸形。
11. 人物身体主要结构完整，比例不存在严重失调。
12. 整体构图稳定且场景连贯，没有明显异常的大面积涂黑。
13. 线条自然、连续，没有异常大面积涂黑。
14. 人物和房屋、树木之间保持自然距离，没有极端隔离。
15. 画面存在多个相互独立的正常积极特征。

【支持异常的证据】
1. 无明显异常特征。"
dataset/HTP/01/00/01_00_01_0167.jpg,01,00,01,0.08509904732734556,"【支持正常的证据】
1. 房屋、树木、人物三个核心对象均能够清楚识别，并且基本完整。
2. 三个对象在画面中的大小适中，没有全部挤在极小区域，也没有明显超出或压迫整个画面。
3. 房、树、人之间保持自然、合理的空间距离，没有明显孤立或被大片空白强行分隔。
4. 三个对象能够形成基本连贯的场景，例如共享地面、方向一致、空间位置合理，整体看起来属于同一个环境，而不是三个互不相关的符号。
5. 整体构图稳定，没有明显失衡、极端偏向某个角落或严重碎片化。
6. 线条总体连续、自然、力度相对稳定，没有大量异常断裂、极端微弱或杂乱涂画。
7. 画面具有适量细节。可以简单，但主要对象的基本结构能够表达清楚。
8. 房屋、树木、人物的比例大致协调，没有极端小型化或比例失调。
9. 房屋、树木和人物之间的关系自然，没有极端隔离或不连贯的空间关系。
10. 线条自然、连续，没有异常大面积涂黑。

【支持异常的证据】
1. 房屋、树木、人物中的一个或多个核心对象完全缺失，且无法由裁剪、遮挡或画法解释。
2. 整幅画极度简化，只剩极少线条，大量重要结构同时消失，整体信息量异常低。
3. 房、树、人整体只占巨大画布中极小区域，周围存在大量空白。
4. 三个对象之间距离极端遥远，某个对象明显孤立，或者整个场景严重碎片化。
5. 存在大量非常微弱、间断、犹豫、僵硬或严重潦草的线条。
6. 存在异常大面积涂黑、重度阴影或某个对象被明显过度强调。"
dataset/HTP/01/00/01_00_01_0168.jpg,01,00,01,0.009708474753363424,"【支持正常的证据】
1. 房屋、树木、人物三个核心对象均能够清楚识别，并且基本完整。
2. 三个对象在画面中的大小适中，没有全部挤在极小区域，也没有明显超出或压迫整个画面。
3. 房、树、人之间保持自然、合理的空间距离，没有明显孤立或被大片空白强行分隔。
4. 三个对象能够形成基本连贯的场景，例如共享地面、方向一致、空间位置合理，整体看起来属于同一个环境，而不是三个互不相关的符号。
5. 整体构图稳定，没有明显失衡、极端偏向某个角落或严重碎片化。
6. 线条总体连续、自然、力度相对稳定，没有大量异常断裂、极端微弱或杂乱涂画。
7. 画面具有适量细节。可以简单，但主要对象的基本结构能够表达清楚。
8. 房屋、树木、人物的比例大致协调，没有极端小型化或比例失调。
9. 房屋结构稳定，墙体、屋顶等主要结构完整。
10. 树木结构自然，树干、树冠、树枝等主要部分能够正常识别，整体结构基本完整。
11. 人物头部、躯干、手臂和腿等主要身体结构基本完整，连接关系自然。
12. 房屋、树木和人物的相对大小基本合理，没有非常极端的尺寸差异。
13. 三者之间保持自然距离，没有某个对象被极端隔离。
14. 整体构图稳定且场景连贯，人物能够自然地处于房屋和树木形成的环境中。

【支持异常的证据】
1. 无。"
dataset/HTP/01/00/01_00_01_0169.jpg,01,00,01,0.03308597922294221,"【支持正常的证据】
1. 房屋、树木、人物三个核心对象均能够清楚识别，并且基本完整。
2. 三个对象在画面中的大小适中，没有全部挤在极小区域，也没有明显超出或压迫整个画面。
3. 房、树、人之间保持自然、合理的空间距离，没有明显孤立或被大片空白强行分隔。
4. 三个对象能够形成基本连贯的场景，例如共享地面、方向一致、空间位置合理，整体看起来属于同一个环境，而不是三个互不相关的符号。
5. 整体构图稳定，没有明显失衡、极端偏向某个角落或严重碎片化。
6. 线条总体连续、自然、力度相对稳定，没有大量异常断裂、极端微弱或杂乱涂画。
7. 画面具有适量细节。可以简单，但主要对象的基本结构能够表达清楚。
8. 房屋、树木、人物的比例大致协调，没有极端小型化或比例失调。
9. 整体场景连贯，没有明显选择性结构缺失。
10. 线条自然、连续，没有异常大面积涂黑。

【支持异常的证据】
1. 人物缺少头部，但整体结构基本完整。
2. 树木的树冠形状有些不规则，但没有明显严重压缩或断裂。
3. 房屋的窗户位置和数量基本合理，但没有画出门。
4. 房屋、树木和人物之间的空间距离较为合理，没有极端隔离。
5. 整体构图稳定，没有明显失衡或碎片化。
6. 线条自然、连续，没有极端微弱或杂乱涂画。
7. 画面具有适量细节，主要对象的基本结构能够表达清楚。"
dataset/HTP/01/00/01_00_01_0170.jpg,01,00,01,0.010986941578116865,"【支持正常的证据】
1. 房屋、树木、人物三个核心对象均能够清楚识别，并且基本完整。
2. 三个对象在画面中的大小适中，没有全部挤在极小区域，也没有明显超出或压迫整个画面。
3. 房、树、人之间保持自然、合理的空间距离，没有明显孤立或被大片空白强行分隔。
4. 三个对象能够形成基本连贯的场景，例如共享地面、方向一致、空间位置合理，整体看起来属于同一个环境。
5. 整体构图稳定，没有明显失衡、极端偏向某个角落或严重碎片化。
6. 线条总体连续、自然、力度相对稳定，没有大量异常断裂、极端微弱或杂乱涂画。
7. 画面具有适量细节。可以简单，但主要对象的基本结构能够表达清楚。
8. 房屋、树木、人物的比例大致协调，没有极端小型化或比例失调。
9. 整体场景连贯，没有明显选择性结构缺失。
10. 线条自然、连续，没有异常大面积涂黑。

【支持异常的证据】
1. 无明显异常特征。"
dataset/HTP/01/00/01_00_01_0171.jpg,01,00,01,0.012431653620200803,"【支持正常的证据】
1. 房屋、树木、人物三个核心对象均能够清楚识别，并且基本完整。
2. 三个对象在画面中的大小适中，没有全部挤在极小区域，也没有明显超出或压迫整个画面。
3. 房、树、人之间保持自然、合理的空间距离，没有明显孤立或被大片空白强行分隔。
4. 三个对象能够形成基本连贯的场景，例如共享地面、方向一致、空间位置合理，整体看起来属于同一个环境，而不是三个互不相关的符号。
5. 整体构图稳定，没有明显失衡、极端偏向某个角落或严重碎片化。
6. 线条总体连续、自然、力度相对稳定，没有大量异常断裂、极端微弱或杂乱涂画。
7. 画面具有适量细节。可以简单，但主要对象的基本结构能够表达清楚。
8. 房屋、树木、人物的比例大致协调，没有极端小型化或比例失调。
9. 房屋、树木和人物之间的关系自然，没有极端隔离或空间关系异常。
10. 线条自然、连续，没有异常大面积涂黑。

【支持异常的证据】
1. 无明显异常特征。"
dataset/HTP/01/00/01_00_01_0172.jpg,01,00,01,0.010986941578116865,"【支持正常的证据】
1. 房屋、树木、人物三个核心对象均能够清楚识别，并且基本完整。
2. 三个对象在画面中的大小适中，没有全部挤在极小区域，也没有明显超出或压迫整个画面。
3. 房、树、人之间保持自然、合理的空间距离，没有明显孤立或被大片空白强行分隔。
4. 三个对象能够形成基本连贯的场景，例如共享地面、方向一致、空间位置合理，整体看起来属于同一个环境。
5. 整体构图稳定，没有明显失衡、极端偏向某个角落或严重碎片化。
6. 线条总体连续、自然、力度相对稳定，没有大量异常断裂、极端微弱或杂乱涂画。
7. 画面具有适量细节。可以简单，但主要对象的基本结构能够表达清楚。
8. 房屋、树木、人物的比例大致协调，没有极端小型化或比例失调。
9. 房屋结构稳定，墙体、屋顶等主要结构完整。
10. 树木结构自然，没有明显截断或畸形。
11. 人物身体主要结构完整，比例不存在严重失调。
12. 整体构图稳定且场景连贯。
13. 线条自然、连续，没有异常大面积涂黑。
14. 没有明显的选择性结构缺失。
15. 仅存在少数能够由绘画水平、年龄、风格或普通构图解释的轻微异常。

【支持异常的证据】
1. 无。"
dataset/HTP/01/00/01_00_01_0173.jpg,01,00,01,0.053403324903538434,"【支持正常的证据】
1. 房屋、树木、人物三个核心对象均能够清楚识别，并且基本完整。
2. 三个对象在画面中的大小适中，没有全部挤在极小区域，也没有明显超出或压迫整个画面。
3. 房、树、人之间保持自然、合理的空间距离，没有明显孤立或被大片空白强行分隔。
4. 三个对象能够形成基本连贯的场景，例如共享地面、方向一致、空间位置合理，整体看起来属于同一个环境，而不是三个互不相关的符号。
5. 整体构图稳定，没有明显失衡、极端偏向某个角落或严重碎片化。
6. 线条总体连续、自然、力度相对稳定，没有大量异常断裂、极端微弱或杂乱涂画。
7. 画面具有适量细节。可以简单，但主要对象的基本结构能够表达清楚。
8. 房屋、树木、人物的比例大致协调，没有极端小型化或比例失调。
9. 房屋结构稳定，主要组成部分合理，没有明显倒塌、断裂或严重几何变形。
10. 树木结构自然，没有严重截断或畸形。
11. 人物身体主要结构完整，比例不存在严重失调。
12. 整体构图稳定且场景连贯。
13. 线条自然、连续，没有异常大面积涂黑。
14. 没有明显的选择性结构缺失。
15. 仅存在少数能够由绘画水平、年龄、风格或普通构图解释的轻微异常。

【支持异常的证据】
1. 房屋、树木、人物中的一个或多个核心对象完全缺失，且无法由裁剪、遮挡或画法解释。
2. 整幅画极度简化，只剩极少线条，大量重要结构同时消失，整体信息量异常低。
3. 房、树、人整体只占巨大画布中极小区域，周围存在大量空白。
4. 三个对象之间距离极端遥远，某个对象明显孤立，或者整个场景严重碎片化。
5. 存在大量非常微弱、间断、犹豫、僵硬或严重潦草的线条。
6. 存在异常大面积涂黑、重度阴影或某个对象被明显过度强调。"
dataset/HTP/01/00/01_00_01_0174.jpg,01,00,01,0.07585817323116976,"【支持正常的证据】
1. 房屋、树木、人物三个核心对象均能够清楚识别，并且基本完整。
2. 三个对象在画面中的大小适中，没有全部挤在极小区域，也没有明显超出或压迫整个画面。
3. 房、树、人之间保持自然、合理的空间距离，没有明显孤立或被大片空白强行分隔。
4. 三个对象能够形成基本连贯的场景，例如共享地面、方向一致、空间位置合理，整体看起来属于同一个环境，而不是三个互不相关的符号。
5. 整体构图稳定，没有明显失衡、极端偏向某个角落或严重碎片化。
6. 线条总体连续、自然、力度相对稳定，没有大量异常断裂、极端微弱或杂乱涂画。
7. 画面具有适量细节。可以简单，但主要对象的基本结构能够表达清楚。
8. 房屋、树木、人物的比例大致协调，没有极端小型化或比例失调。
9. 房屋、树木和人物之间的关系自然，没有极端隔离或不连贯的空间关系。
10. 线条自然、连续，没有异常大面积涂黑。

【支持异常的证据】
1. 房屋、树木、人物中的一个或多个核心对象完全缺失，且无法由裁剪、遮挡或画法解释。
2. 整幅画极度简化，只剩极少线条，大量重要结构同时消失，整体信息量异常低。
3. 房、树、人整体只占巨大画布中极小区域，周围存在大量空白。
4. 三个对象之间距离极端遥远，某个对象明显孤立，或者整个场景严重碎片化。
5. 存在大量非常微弱、间断、犹豫、僵硬或严重潦草的线条。
6. 存在异常大面积涂黑、重度阴影或某个对象被明显过度强调。"
dataset/HTP/01/00/01_00_01_0175.jpg,01,00,01,0.11920291732853862,"【支持正常的证据】
1. 房屋、树木、人物三个核心对象均能够清楚识别，并且基本完整。
2. 三个对象在画面中的大小适中，没有全部挤在极小区域，也没有明显超出或压迫整个画面。
3. 房、树、人之间保持自然、合理的空间距离，没有明显孤立或被大片空白强行分隔。
4. 三个对象能够形成基本连贯的场景，例如共享地面、方向一致、空间位置合理，整体看起来属于同一个环境，而不是三个互不相关的符号。
5. 整体构图稳定，没有明显失衡、极端偏向某个角落或严重碎片化。
6. 线条总体连续、自然、力度相对稳定，没有大量异常断裂、极端微弱或杂乱涂画。
7. 画面具有适量细节。可以简单，但主要对象的基本结构能够表达清楚。
8. 没有大面积、无明显绘画目的的异常涂黑、重阴影或局部反复强调。

【支持异常的证据】
1. 房屋、树木、人物中的一个或多个核心对象完全缺失，且无法由裁剪、遮挡或画法解释。
2. 整幅画极度简化，只剩极少线条，大量重要结构同时消失，整体信息量异常低。
3. 房、树、人整体只占巨大画布中极小区域，周围存在大量空白。
4. 三个对象之间距离极端遥远，某个对象明显孤立，或者整个场景严重碎片化。
5. 对象像漂浮在不同区域，彼此几乎没有空间联系，整体场景严重不连贯。
6. 存在大量非常微弱、间断、犹豫、僵硬或严重潦草的线条。
7. 存在异常大面积涂黑、重度阴影或某个对象被明显过度强调。"
dataset/HTP/01/00/01_00_01_0176.jpg,01,00,01,0.014063626423394072,"【支持正常的证据】
1. 房屋、树木、人物三个核心对象均能够清楚识别，并且基本完整。
2. 三个对象在画面中的大小适中，没有全部挤在极小区域，也没有明显超出或压迫整个画面。
3. 房、树、人之间保持自然、合理的空间距离，没有明显孤立或被大片空白强行分隔。
4. 三个对象能够形成基本连贯的场景，例如共享地面、方向一致、空间位置合理，整体看起来属于同一个环境。
5. 整体构图稳定，没有明显失衡、极端偏向某个角落或严重碎片化。
6. 线条总体连续、自然、力度相对稳定，没有大量异常断裂、极端微弱或杂乱涂画。
7. 画面具有适量细节。可以简单，但主要对象的基本结构能够表达清楚。
8. 房屋、树木、人物的比例大致协调，没有极端小型化或比例失调。
9. 房屋结构稳定，没有明显倒塌、断裂或严重几何变形。
10. 树木结构自然，没有严重截断或畸形。
11. 人物身体主要结构完整，比例不存在严重失调。
12. 整体构图稳定且场景连贯。
13. 线条自然、连续，没有异常大面积涂黑。
14. 没有明显的选择性结构缺失。
15. 仅存在少数能够由绘画水平、年龄、风格或普通构图解释的轻微异常。

【支持异常的证据】
1. 无。"
dataset/HTP/01/00/01_00_01_0177.jpg,01,00,01,0.08509904732734556,"【支持正常的证据】
1. 房屋、树木、人物三个核心对象均能够清楚识别，并且基本完整。
2. 三个对象在画面中的大小适中，没有全部挤在极小区域，也没有明显超出或压迫整个画面。
3. 房、树、人之间保持自然、合理的空间距离，没有明显孤立或被大片空白强行分隔。
4. 三个对象能够形成基本连贯的场景，例如共享地面、方向一致、空间位置合理，整体看起来属于同一个环境，而不是三个互不相关的符号。
5. 整体构图稳定，没有明显失衡、极端偏向某个角落或严重碎片化。
6. 线条总体连续、自然、力度相对稳定，没有大量异常断裂、极端微弱或杂乱涂画。
7. 画面具有适量细节。可以简单，但主要对象的基本结构能够表达清楚。
8. 房屋、树木、人物的比例大致协调，没有极端小型化或比例失调。
9. 房屋、树木和人物之间的关系自然，没有极端隔离或不连贯的空间关系。
10. 线条自然、连续，没有异常大面积涂黑。

【支持异常的证据】
1. 房屋、树木、人物中的一个或多个核心对象完全缺失，且无法由裁剪、遮挡或画法解释。
2. 整幅画极度简化，只剩极少线条，大量重要结构同时消失，整体信息量异常低。
3. 房、树、人整体只占巨大画布中极小区域，周围存在大量空白。
4. 三个对象之间距离极端遥远，某个对象明显孤立，或者整个场景严重碎片化。
5. 存在大量非常微弱、间断、犹豫、僵硬或严重潦草的线条。
6. 存在异常大面积涂黑、重度阴影或某个对象被明显过度强调。"
dataset/HTP/01/00/01_00_01_0178.jpg,01,00,01,0.022977372418942873,"【支持正常的证据】
1. 房屋、树木、人物三个核心对象均能够清楚识别，并且基本完整。
2. 三个对象在画面中的大小适中，没有全部挤在极小区域，也没有明显超出或压迫整个画面。
3. 房、树、人之间保持自然、合理的空间距离，没有明显孤立或被大片空白强行分隔。
4. 三个对象能够形成基本连贯的场景，例如共享地面、方向一致、空间位置合理，整体看起来属于同一个环境，而不是三个互不相关的符号。
5. 整体构图稳定，没有明显失衡、极端偏向某个角落或严重碎片化。
6. 线条总体连续、自然、力度相对稳定，没有大量异常断裂、极端微弱或杂乱涂画。
7. 画面具有适量细节。可以简单，但主要对象的基本结构能够表达清楚。
8. 房屋、树木、人物的比例大致协调，没有明显极端比例失调。
9. 房屋、树木和人物的相对大小基本合理，没有非常极端的尺寸差异。
10. 人物身体主要结构完整，比例不存在严重失调。
11. 整体构图稳定且场景连贯，没有明显异常的大面积涂黑。
12. 人物没有明显选择性结构缺失，例如没有缺失手臂或腿部。
13. 房屋结构稳定，主要组成部分合理。
14. 树木结构自然，没有严重截断或畸形。
15. 画面存在多个相互独立的正常积极特征。

【支持异常的证据】
1. 人物缺少脸部，但这是由于绘画风格导致的，而非选择性缺失。
2. 树木的树冠有些夸张，但整体结构还算自然。
3. 房屋的窗户和门没有详细描绘，但这是绘画风格所致，而非选择性缺失。
4. 人物的头发和衣服简单，但这是绘画风格所致，而非选择性缺失。
5. 整体构图虽然连贯，但人物的位置稍微偏右，可能显得不完全协调。"
dataset/HTP/01/00/01_00_01_0179.jpg,01,00,01,0.02033235323135295,"【支持正常的证据】
1. 房屋、树木、人物三个核心对象均能够清楚识别，并且基本完整。
2. 三个对象在画面中的大小适中，没有全部挤在极小区域，也没有明显超出或压迫整个画面。
3. 房、树、人之间保持自然、合理的空间距离，没有明显孤立或被大片空白强行分隔。
4. 三个对象能够形成基本连贯的场景，例如共享地面、方向一致、空间位置合理，整体看起来属于同一个环境，而不是三个互不相关的符号。
5. 整体构图稳定，没有明显失衡、极端偏向某个角落或严重碎片化。
6. 线条总体连续、自然、力度相对稳定，没有大量异常断裂、极端微弱或杂乱涂画。
7. 画面具有适量细节。可以简单，但主要对象的基本结构能够表达清楚。
8. 房屋、树木、人物的比例大致协调，没有极端小型化或比例失调。
9. 房屋、树木和人物的相对大小基本合理，没有非常极端的尺寸差异。
10. 人物身体主要结构完整，比例不存在严重失调。
11. 整体构图稳定且场景连贯，没有明显异常的大面积涂黑。
12. 人物和房屋、树木之间保持自然距离，没有极端隔离。
13. 画面存在多个相互独立的正常积极特征，如房屋结构稳定、树木结构自然、人物身体完整等。

【支持异常的证据】
1. 无明显异常涂黑、重度阴影或局部反复强调。
2. 无大面积、无明显绘画目的的异常涂黑、重阴影或局部反复强调。
3. 无房屋、树木、人物中的一个或多个核心对象完全缺失的情况。
4. 无房屋、树木、人物整体只占巨大画布中极小区域，周围存在大量空白的情况。
5. 无三个对象之间距离极端遥远，某个对象明显孤立，或者整个场景严重碎片化的情况。
6. 无对象像漂浮在不同区域，彼此几乎没有空间联系，整体场景严重不连贯的情况。
7. 无存在大量非常微弱、间断、犹豫、僵硬或严重潦草的线条。
8. 无烟囱产生大量、明显、被特别强调的烟雾。
9. 无墙壁存在没有明显绘画原因的大面积重度涂黑或阴影。"
dataset/HTP/01/00/01_00_01_0180.jpg,01,00,01,0.015906393344589397,"【支持正常的证据】
1. 房屋、树木、人物三个核心对象均能够清楚识别，并且基本完整。
2. 三个对象在画面中的大小适中，没有全部挤在极小区域，也没有明显超出或压迫整个画面。
3. 房、树、人之间保持自然、合理的空间距离，没有明显孤立或被大片空白强行分隔。
4. 三个对象能够形成基本连贯的场景，例如共享地面、方向一致、空间位置合理，整体看起来属于同一个环境。
5. 整体构图稳定，没有明显失衡、极端偏向某个角落或严重碎片化。
6. 线条总体连续、自然、力度相对稳定，没有大量异常断裂、极端微弱或杂乱涂画。
7. 画面具有适量细节。可以简单，但主要对象的基本结构能够表达清楚。
8. 房屋、树木、人物之间的关系自然，没有极端隔离或不连贯的场景。

【支持异常的证据】
1. 无明显异常特征。"
dataset/HTP/01/00/01_00_01_0181.jpg,01,00,01,0.012431653620200803,"【支持正常的证据】
1. 房屋、树木、人物三个核心对象均能够清楚识别，并且基本完整。
2. 三个对象在画面中的大小适中，没有全部挤在极小区域，也没有明显超出或压迫整个画面。
3. 房、树、人之间保持自然、合理的空间距离，没有明显孤立或被大片空白强行分隔。
4. 三个对象能够形成基本连贯的场景，例如共享地面、方向一致、空间位置合理，整体看起来属于同一个环境，而不是三个互不相关的符号。
5. 整体构图稳定，没有明显失衡、极端偏向某个角落或严重碎片化。
6. 线条总体连续、自然、力度相对稳定，没有大量异常断裂、极端微弱或杂乱涂画。
7. 画面具有适量细节。可以简单，但主要对象的基本结构能够表达清楚。
8. 房屋、树木、人物的比例大致协调，没有极端小型化或比例失调。
9. 房屋、树木和人物之间的关系自然，没有极端隔离或空间关系异常。
10. 线条自然、连续，没有异常大面积涂黑。

【支持异常的证据】
1. 无。"
dataset/HTP/01/00/01_00_01_0182.jpg,01,00,01,0.08509904732734556,"【支持正常的证据】
1. 房屋、树木、人物三个核心对象均能够清楚识别，并且基本完整。
2. 三个对象在画面中的大小适中，没有全部挤在极小区域，也没有明显超出或压迫整个画面。
3. 房、树、人之间保持自然、合理的空间距离，没有明显孤立或被大片空白强行分隔。
4. 三个对象能够形成基本连贯的场景，例如共享地面、方向一致、空间位置合理，整体看起来属于同一个环境，而不是三个互不相关的符号。
5. 整体构图稳定，没有明显失衡、极端偏向某个角落或严重碎片化。
6. 线条总体连续、自然、力度相对稳定，没有大量异常断裂、极端微弱或杂乱涂画。
7. 画面具有适量细节。可以简单，但主要对象的基本结构能够表达清楚。
8. 如果存在草地、道路、太阳、云、花、地面等环境元素，并且与主体自然结合，可以作为场景完整和组织良好的积极证据。
9. 没有大面积、无明显绘画目的的异常涂黑、重阴影或局部反复强调。

【支持异常的证据】
1. 房屋、树木、人物中的一个或多个核心对象完全缺失，且无法由裁剪、遮挡或画法解释。
2. 整幅画极度简化，只剩极少线条，大量重要结构同时消失，整体信息量异常低。
3. 房、树、人整体只占巨大画布中极小区域，周围存在大量空白。
4. 三个对象之间距离极端遥远，某个对象明显孤立，或者整个场景严重碎片化。
5. 对象像漂浮在不同区域，彼此几乎没有空间联系，整体场景严重不连贯。
6. 存在大量非常微弱、间断、犹豫、僵硬或严重潦草的线条。
7. 存在异常大面积涂黑、重度阴影或某个对象被明显过度强调。"
dataset/HTP/01/00/01_00_01_0183.jpg,01,00,01,0.07585817323116976,"【支持正常的证据】
1. 房屋、树木、人物三个核心对象均能够清楚识别，并且基本完整。
2. 三个对象在画面中的大小适中，没有全部挤在极小区域，也没有明显超出或压迫整个画面。
3. 房、树、人之间保持自然、合理的空间距离，没有明显孤立或被大片空白强行分隔。
4. 三个对象能够形成基本连贯的场景，例如共享地面、方向一致、空间位置合理，整体看起来属于同一个环境，而不是三个互不相关的符号。
5. 整体构图稳定，没有明显失衡、极端偏向某个角落或严重碎片化。
6. 线条总体连续、自然、力度相对稳定，没有大量异常断裂、极端微弱或杂乱涂画。
7. 画面具有适量细节。可以简单，但主要对象的基本结构能够表达清楚。
8. 房屋、树木、人物的比例大致协调，没有极端小型化或比例失调。
9. 房屋、树木和人物之间的关系自然，没有极端隔离或不连贯的空间关系。
10. 线条自然、连续，没有异常大面积涂黑。

【支持异常的证据】
1. 房屋、树木、人物中的一个或多个核心对象完全缺失，且无法由裁剪、遮挡或画法解释。
2. 整幅画极度简化，只剩极少线条，大量重要结构同时消失，整体信息量异常低。
3. 房、树、人整体只占巨大画布中极小区域，周围存在大量空白。
4. 三个对象之间距离极端遥远，某个对象明显孤立，或者整个场景严重碎片化。
5. 存在大量非常微弱、间断、犹豫、僵硬或严重潦草的线条。
6. 存在异常大面积涂黑、重度阴影或某个对象被明显过度强调。"
dataset/HTP/01/00/01_00_01_0184.jpg,01,00,01,0.010986941578116865,"【支持正常的证据】
1. 房屋、树木、人物三个核心对象均能够清楚识别，并且基本完整。
2. 三个对象在画面中的大小适中，没有全部挤在极小区域，也没有明显超出或压迫整个画面。
3. 房、树、人之间保持自然、合理的空间距离，没有明显孤立或被大片空白强行分隔。
4. 三个对象能够形成基本连贯的场景，例如共享地面、方向一致、空间位置合理，整体看起来属于同一个环境，而不是三个互不相关的符号。
5. 整体构图稳定，没有明显失衡、极端偏向某个角落或严重碎片化。
6. 线条总体连续、自然、力度相对稳定，没有大量异常断裂、极端微弱或杂乱涂画。
7. 画面具有适量细节。可以简单，但主要对象的基本结构能够表达清楚。
8. 房屋、树木、人物的比例大致协调，没有极端小型化或比例失调。
9. 房屋结构稳定，主要组成部分合理，没有明显倒塌、断裂或严重几何变形。
10. 树木结构自然，没有严重截断或畸形。
11. 人物身体主要结构完整，比例不存在严重失调。
12. 整体构图稳定且场景连贯。
13. 线条自然、连续，没有异常大面积涂黑。
14. 没有明显的选择性结构缺失。
15. 仅存在少数能够由绘画水平、年龄、风格或普通构图解释的轻微异常。

【支持异常的证据】
1. 无。"
dataset/HTP/01/00/01_00_01_0185.jpg,01,00,01,0.009708474753363424,"【支持正常的证据】
1. 房屋、树木、人物三个核心对象均能够清楚识别，并且基本完整。
2. 三个对象在画面中的大小适中，没有全部挤在极小区域，也没有明显超出或压迫整个画面。
3. 房、树、人之间保持自然、合理的空间距离，没有明显孤立或被大片空白强行分隔。
4. 三个对象能够形成基本连贯的场景，例如共享地面、方向一致、空间位置合理，整体看起来属于同一个环境，而不是三个互不相关的符号。
5. 整体构图稳定，没有明显失衡、极端偏向某个角落或严重碎片化。
6. 线条总体连续、自然、力度相对稳定，没有大量异常断裂、极端微弱或杂乱涂画。
7. 画面具有适量细节。可以简单，但主要对象的基本结构能够表达清楚。
8. 房屋、树木、人物的比例大致协调，没有极端小型化或比例失调。
9. 房屋、树木和人物的相对大小基本合理，没有非常极端的尺寸差异。
10. 人物身体主要结构完整，比例不存在严重失调。
11. 整体构图稳定且场景连贯，没有明显异常的大面积涂黑。
12. 人物没有明显选择性结构缺失，如缺少手臂或腿部。
13. 房屋结构稳定，主要组成部分合理。
14. 树木结构自然，没有严重截断或畸形。
15. 房屋、树木和人物之间保持自然距离，没有某个对象被极端隔离。
16. 人物能够自然地处于房屋和树木形成的环境中，而不是完全脱离其他对象。

【支持异常的证据】
1. 无明显异常特征。"
dataset/HTP/01/00/01_00_01_0186.jpg,01,00,01,0.08509904732734556,"【支持正常的证据】
1. 房屋、树木、人物三个核心对象均能够清楚识别，并且基本完整。
2. 三个对象在画面中的大小适中，没有全部挤在极小区域，也没有明显超出或压迫整个画面。
3. 房、树、人之间保持自然、合理的空间距离，没有明显孤立或被大片空白强行分隔。
4. 三个对象能够形成基本连贯的场景，例如共享地面、方向一致、空间位置合理，整体看起来属于同一个环境，而不是三个互不相关的符号。
5. 整体构图稳定，没有明显失衡、极端偏向某个角落或严重碎片化。
6. 线条总体连续、自然、力度相对稳定，没有大量异常断裂、极端微弱或杂乱涂画。
7. 画面具有适量细节。可以简单，但主要对象的基本结构能够表达清楚。
8. 房屋、树木、人物之间存在自然的空间联系，例如人物位于房屋和树木之间，符合场景逻辑。
9. 没有大面积、无明显绘画目的的异常涂黑、重阴影或局部反复强调。

【支持异常的证据】
1. 房屋、树木、人物中的一个或多个核心对象完全缺失，且无法由裁剪、遮挡或画法解释。
2. 整幅画极度简化，只剩极少线条，大量重要结构同时消失，整体信息量异常低。
3. 房、树、人整体只占巨大画布中极小区域，周围存在大量空白。
4. 三个对象之间距离极端遥远，某个对象明显孤立，或者整个场景严重碎片化。
5. 存在大量非常微弱、间断、犹豫、僵硬或严重潦草的线条。
6. 存在异常大面积涂黑、重度阴影或某个对象被明显过度强调。"
dataset/HTP/01/00/01_00_01_0187.jpg,01,00,01,0.2689414213699951,"【支持正常的证据】
1. 房屋、树木、人物三个核心对象均能够清楚识别，并且基本完整。
2. 三个对象在画面中的大小适中，没有全部挤在极小区域，也没有明显超出或压迫整个画面。
3. 房、树、人之间保持自然、合理的空间距离，没有明显孤立或被大片空白强行分隔。
4. 三个对象能够形成基本连贯的场景，例如共享地面、方向一致、空间位置合理，整体看起来属于同一个环境。
5. 整体构图稳定，没有明显失衡、极端偏向某个角落或严重碎片化。
6. 线条总体连续、自然、力度相对稳定，没有大量异常断裂、极端微弱或杂乱涂画。
7. 画面具有适量细节。可以简单，但主要对象的基本结构能够表达清楚。
8. 没有大面积、无明显绘画目的的异常涂黑、重阴影或局部反复强调。

【支持异常的证据】
1. 房屋结构较完整、可见方向正常，但明显选择性缺少门。
2. 房屋其他部分较详细，但明显选择性缺少所有窗户。
3. 房屋相对于画布以及其他对象极端微小或被严重边缘化。
4. 墙体、屋顶整体严重倾斜，表现出明显不稳定或坍塌感，且不能由透视解释。
5. 屋顶与墙体断开、几何结构极端扭曲、建筑组织明显不可能或严重怪异。
6. 房屋被过度简化到主要结构难以辨认。
7. 树木相对于其他主体和画布极端微小。
8. 树干或树冠出现明显、突然、没有合理原因的截断。
9. 树木明确表现为死亡、严重枯萎、破损或大量枝干折断，而不是单纯没有叶子。
10. 树冠被异常压缩或严重扁平。
11. 树干、树冠、树枝之间存在明显不可能的连接关系、严重扭曲或结构断裂。
12. 人物明显没有完成，例如主要身体区域完全缺失、头部缺失、躯干缺失、多个必要身体部分缺失，或者身体不同部分明显断开。"
dataset/HTP/01/00/01_00_01_0188.jpg,01,00,01,0.00857748525531428,"【支持正常的证据】
1. 房屋、树木、人物三个核心对象均能够清楚识别，并且基本完整。
2. 三个对象在画面中的大小适中，没有全部挤在极小区域，也没有明显超出或压迫整个画面。
3. 房、树、人之间保持自然、合理的空间距离，没有明显孤立或被大片空白强行分隔。
4. 三个对象能够形成基本连贯的场景，例如共享地面、方向一致、空间位置合理，整体看起来属于同一个环境，而不是三个互不相关的符号。
5. 整体构图稳定，没有明显失衡、极端偏向某个角落或严重碎片化。
6. 线条总体连续、自然、力度相对稳定，没有大量异常断裂、极端微弱或杂乱涂画。
7. 画面具有适量细节。可以简单，但主要对象的基本结构能够表达清楚。
8. 房屋、树木、人物的比例大致协调，没有极端小型化或比例失调。
9. 房屋、树木和人物之间的相对大小基本合理，没有非常极端的尺寸差异。
10. 人物身体主要结构完整，比例不存在严重失调。
11. 整体构图稳定且场景连贯，没有明显异常的大面积涂黑。
12. 人物没有明显选择性结构缺失，四肢和五官比例协调。
13. 房屋结构稳定，主要组成部分合理。
14. 树木结构自然，没有严重截断或畸形。
15. 画面存在多个相互独立的正常积极特征。

【支持异常的证据】
1. 无。"
dataset/HTP/01/00/01_00_01_0189.jpg,01,00,01,0.010986941578116865,"【支持正常的证据】
1. 房屋、树木、人物三个核心对象均能够清楚识别，并且基本完整。
2. 三个对象在画面中的大小适中，没有全部挤在极小区域，也没有明显超出或压迫整个画面。
3. 房、树、人之间保持自然、合理的空间距离，没有明显孤立或被大片空白强行分隔。
4. 三个对象能够形成基本连贯的场景，例如共享地面、方向一致、空间位置合理，整体看起来属于同一个环境，而不是三个互不相关的符号。
5. 整体构图稳定，没有明显失衡、极端偏向某个角落或严重碎片化。
6. 线条总体连续、自然、力度相对稳定，没有大量异常断裂、极端微弱或杂乱涂画。
7. 画面具有适量细节。可以简单，但主要对象的基本结构能够表达清楚。
8. 房屋、树木、人物的比例大致协调，没有极端小型化或比例失调。
9. 房屋结构稳定，屋顶、烟囱、门窗等细节自然、适量并与房屋结构协调。
10. 树木结构自然，没有明显截断或畸形。
11. 人物身体主要结构完整，比例不存在严重失调。
12. 整体构图稳定且场景连贯，没有明显异常的大面积涂黑。
13. 线条自然、连续，没有异常大面积涂黑。
14. 人物身体各部分连接关系自然，没有明显断裂、错位或无法解释的结构缺失。
15. 房屋、树木和人物之间的相对大小基本合理，没有非常极端的尺寸差异。
16. 人物能够自然地处于房屋和树木形成的环境中，而不是完全脱离其他对象。

【支持异常的证据】
1. 无明显异常特征。"
dataset/HTP/01/00/01_00_01_0190.jpg,01,00,01,0.010986941578116865,"【支持正常的证据】
1. 房屋、树木、人物三个核心对象均能够清楚识别，并且基本完整。
2. 三个对象在画面中的大小适中，没有全部挤在极小区域，也没有明显超出或压迫整个画面。
3. 房、树、人之间保持自然、合理的空间距离，没有明显孤立或被大片空白强行分隔。
4. 三个对象能够形成基本连贯的场景，例如共享地面、方向一致、空间位置合理，整体看起来属于同一个环境，而不是三个互不相关的符号。
5. 整体构图稳定，没有明显失衡、极端偏向某个角落或严重碎片化。
6. 线条总体连续、自然、力度相对稳定，没有大量异常断裂、极端微弱或杂乱涂画。
7. 画面具有适量细节。可以简单，但主要对象的基本结构能够表达清楚。
8. 房屋、树木、人物的比例大致协调，没有极端小型化或比例失调。
9. 房屋结构稳定，主要组成部分合理，没有明显倒塌、断裂或严重几何变形。
10. 树木结构自然，没有严重截断或畸形。
11. 人物身体主要结构完整，比例不存在严重失调。
12. 整体构图稳定且场景连贯。
13. 线条自然、连续，没有异常大面积涂黑。
14. 没有明显的选择性结构缺失。
15. 仅存在少数能够由绘画水平、年龄、风格或普通构图解释的轻微异常。

【支持异常的证据】
1. 无明显异常特征。"
dataset/HTP/01/00/01_00_01_0191.jpg,01,00,01,0.09534946232842245,"【支持正常的证据】
1. 房屋、树木、人物三个核心对象均能够清楚识别，并且基本完整。
2. 三个对象在画面中的大小适中，没有全部挤在极小区域，也没有明显超出或压迫整个画面。
3. 房、树、人之间保持自然、合理的空间距离，没有明显孤立或被大片空白强行分隔。
4. 三个对象能够形成基本连贯的场景，例如共享地面、方向一致、空间位置合理，整体看起来属于同一个环境。
5. 整体构图稳定，没有明显失衡、极端偏向某个角落或严重碎片化。
6. 线条总体连续、自然、力度相对稳定，没有大量异常断裂、极端微弱或杂乱涂画。
7. 画面具有适量细节。可以简单，但主要对象的基本结构能够表达清楚。
8. 房屋、树木、人物之间的关系自然，没有极端隔离或不连贯的场景。
9. 没有大面积、无明显绘画目的的异常涂黑、重阴影或局部反复强调。

【支持异常的证据】
1. 房屋结构较完整，但明显选择性缺少门。
2. 树木相对于其他主体和画布极端微小。
3. 人物头部、躯干、手臂和腿等主要身体结构基本完整，但比例有些夸张。
4. 房屋、树木和人物之间存在明显比例失调，人物显得过于矮小。"
dataset/HTP/01/00/01_00_01_0192.jpg,01,00,01,0.010986941578116865,"【支持正常的证据】
1. 房屋、树木、人物三个核心对象均能够清楚识别，并且基本完整。
2. 三个对象在画面中的大小适中，没有全部挤在极小区域，也没有明显超出或压迫整个画面。
3. 房、树、人之间保持自然、合理的空间距离，没有明显孤立或被大片空白强行分隔。
4. 三个对象能够形成基本连贯的场景，例如共享地面、方向一致、空间位置合理，整体看起来属于同一个环境，而不是三个互不相关的符号。
5. 整体构图稳定，没有明显失衡、极端偏向某个角落或严重碎片化。
6. 线条总体连续、自然、力度相对稳定，没有大量异常断裂、极端微弱或杂乱涂画。
7. 画面具有适量细节。可以简单，但主要对象的基本结构能够表达清楚。
8. 房屋、树木、人物的比例大致协调，没有极端小型化或比例失调。
9. 房屋结构稳定，主要组成部分合理，没有明显倒塌、断裂或严重几何变形。
10. 树木结构自然，没有严重截断或畸形。
11. 人物身体主要结构完整，比例不存在严重失调。
12. 整体构图稳定且场景连贯。
13. 线条自然、连续，没有异常大面积涂黑。
14. 没有明显的选择性结构缺失。
15. 仅存在少数能够由绘画水平、年龄、风格或普通构图解释的轻微异常。

【支持异常的证据】
1. 无。"
dataset/HTP/01/00/01_00_01_0193.jpg,01,00,01,0.053403324903538434,"【支持正常的证据】
1. 房屋、树木、人物三个核心对象均能够清楚识别，并且基本完整。
2. 三个对象在画面中的大小适中，没有全部挤在极小区域，也没有明显超出或压迫整个画面。
3. 房、树、人之间保持自然、合理的空间距离，没有明显孤立或被大片空白强行分隔。
4. 三个对象能够形成基本连贯的场景，例如共享地面、方向一致、空间位置合理，整体看起来属于同一个环境，而不是三个互不相关的符号。
5. 整体构图稳定，没有明显失衡、极端偏向某个角落或严重碎片化。
6. 线条总体连续、自然、力度相对稳定，没有大量异常断裂、极端微弱或杂乱涂画。
7. 画面具有适量细节。可以简单，但主要对象的基本结构能够表达清楚。
8. 如果存在草地、道路、太阳、云、花、地面等环境元素，并且与主体自然结合，可以作为场景完整和组织良好的积极证据。
9. 没有大面积、无明显绘画目的的异常涂黑、重阴影或局部反复强调。

【支持异常的证据】
1. 房屋、树木、人物中的一个或多个核心对象完全缺失，且无法由裁剪、遮挡或画法解释。
2. 整幅画极度简化，只剩极少线条，大量重要结构同时消失，整体信息量异常低。
3. 房、树、人整体只占巨大画布中极小区域，周围存在大量空白。
4. 三个对象之间距离极端遥远，某个对象明显孤立，或者整个场景严重碎片化。
5. 对象像漂浮在不同区域，彼此几乎没有空间联系，整体场景严重不连贯。
6. 存在大量非常微弱、间断、犹豫、僵硬或严重潦草的线条。
7. 存在异常大面积涂黑、重度阴影或某个对象被明显过度强调。"
dataset/HTP/01/00/01_00_01_0194.jpg,01,00,01,0.012431653620200803,"【支持正常的证据】
1. 房屋、树木、人物三个核心对象均能够清楚识别，并且基本完整。
2. 三个对象在画面中的大小适中，没有全部挤在极小区域，也没有明显超出或压迫整个画面。
3. 房、树、人之间保持自然、合理的空间距离，没有明显孤立或被大片空白强行分隔。
4. 三个对象能够形成基本连贯的场景，例如共享地面、方向一致、空间位置合理，整体看起来属于同一个环境，而不是三个互不相关的符号。
5. 整体构图稳定，没有明显失衡、极端偏向某个角落或严重碎片化。
6. 线条总体连续、自然、力度相对稳定，没有大量异常断裂、极端微弱或杂乱涂画。
7. 画面具有适量细节。可以简单，但主要对象的基本结构能够表达清楚。
8. 房屋、树木、人物的比例大致协调，没有极端小型化或比例失调。
9. 整体构图稳定且场景连贯，没有明显异常的大面积涂黑、极端小型化或异常隔离。
10. 人物身体主要结构完整，比例不存在严重失调。

【支持异常的证据】
1. 无。"
dataset/HTP/01/00/01_00_01_0195.jpg,01,00,01,0.060086650384398026,"【支持正常的证据】
1. 房屋、树木、人物三个核心对象均能够清楚识别，并且基本完整。
2. 三个对象在画面中的大小适中，没有全部挤在极小区域，也没有明显超出或压迫整个画面。
3. 房、树、人之间保持自然、合理的空间距离，没有明显孤立或被大片空白强行分隔。
4. 三个对象能够形成基本连贯的场景，例如共享地面、方向一致、空间位置合理，整体看起来属于同一个环境，而不是三个互不相关的符号。
5. 整体构图稳定，没有明显失衡、极端偏向某个角落或严重碎片化。
6. 线条总体连续、自然、力度相对稳定，没有大量异常断裂、极端微弱或杂乱涂画。
7. 画面具有适量细节。可以简单，但主要对象的基本结构能够表达清楚。
8. 房屋、树木、人物的比例大致协调，没有极端小型化或比例失调。
9. 房屋结构稳定，屋顶、墙壁等主要组成部分合理。
10. 树木结构自然，没有明显截断或畸形。
11. 人物身体主要结构完整，比例不存在严重失调。
12. 整体构图稳定且场景连贯，没有明显异常的大面积涂黑。
13. 线条自然、连续，没有异常大面积涂黑。
14. 没有明显的选择性结构缺失。
15. 仅存在少数能够由绘画水平、年龄、风格或普通构图解释的轻微异常。

【支持异常的证据】
1. 房屋、树木、人物中的一个或多个核心对象完全缺失，且无法由裁剪、遮挡或画法解释。
2. 整幅画极度简化，只剩极少线条，大量重要结构同时消失，整体信息量异常低。
3. 房、树、人整体只占巨大画布中极小区域，周围存在大量空白。
4. 三个对象之间距离极端遥远，某个对象明显孤立，或者整个场景严重碎片化。
5. 存在大量非常微弱、间断、犹豫、僵硬或严重潦草的线条。
6. 存在异常大面积涂黑、重度阴影或某个对象被明显过度强调。"
dataset/HTP/01/00/01_00_01_0196.jpg,01,00,01,0.014063626423394072,"【支持正常的证据】
1. 房屋、树木、人物三个核心对象均能够清楚识别，并且基本完整。
2. 三个对象在画面中的大小适中，没有全部挤在极小区域，也没有明显超出或压迫整个画面。
3. 房、树、人之间保持自然、合理的空间距离，没有明显孤立或被大片空白强行分隔。
4. 三个对象能够形成基本连贯的场景，例如共享地面、方向一致、空间位置合理，整体看起来属于同一个环境，而不是三个互不相关的符号。
5. 整体构图稳定，没有明显失衡、极端偏向某个角落或严重碎片化。
6. 线条总体连续、自然、力度相对稳定，没有大量异常断裂、极端微弱或杂乱涂画。
7. 画面具有适量细节。可以简单，但主要对象的基本结构能够表达清楚。
8. 房屋、树木、人物之间的关系自然，没有极端隔离或不连贯的场景。

【支持异常的证据】
1. 无明显异常特征。"
dataset/HTP/01/00/01_00_01_0197.jpg,01,00,01,0.02033235323135295,"【支持正常的证据】
1. 房屋、树木、人物三个核心对象均能够清楚识别，并且基本完整。
2. 三个对象在画面中的大小适中，没有全部挤在极小区域，也没有明显超出或压迫整个画面。
3. 房、树、人之间保持自然、合理的空间距离，没有明显孤立或被大片空白强行分隔。
4. 三个对象能够形成基本连贯的场景，例如共享地面、方向一致、空间位置合理，整体看起来属于同一个环境，而不是三个互不相关的符号。
5. 整体构图稳定，没有明显失衡、极端偏向某个角落或严重碎片化。
6. 线条总体连续、自然、力度相对稳定，没有大量异常断裂、极端微弱或杂乱涂画。
7. 画面具有适量细节。可以简单，但主要对象的基本结构能够表达清楚。
8. 如果存在草地、道路、太阳、云、花、地面等环境元素，并且与主体自然结合，可以作为场景完整和组织良好的积极证据。
9. 没有大面积、无明显绘画目的的异常涂黑、重阴影或局部反复强调。

【支持异常的证据】
1. 树木的树冠上画满了圆圈，可能表示果实，但这种细节在儿童画中较为常见，不能单独作为异常证据。
2. 人物没有画出眼睛、鼻子、嘴巴等面部特征，但这是儿童画的常见表现形式，不能直接判断为异常。
3. 树木的树冠形状有些不规则，但没有明显的压缩或断裂，可以视为正常变化。
4. 房屋的结构较为简单，但没有明显的异常特征，如倾斜或断裂。
5. 人物的身体结构较为简单，但没有明显的异常特征，如缺失或错位的部分。
6. 房屋、树木和人物之间的空间关系自然，没有极端隔离或碎片化现象。
7. 线条总体自然，没有大量异常断裂或极端微弱的线条。
8. 画面中没有大面积的涂黑或阴影，整体构图稳定。"
dataset/HTP/01/00/01_00_01_0198.jpg,01,00,01,0.009708474753363424,"【支持正常的证据】
1. 房屋、树木、人物三个核心对象均能够清楚识别，并且基本完整。
2. 三个对象在画面中的大小适中，没有全部挤在极小区域，也没有明显超出或压迫整个画面。
3. 房、树、人之间保持自然、合理的空间距离，没有明显孤立或被大片空白强行分隔。
4. 三个对象能够形成基本连贯的场景，例如共享地面、方向一致、空间位置合理，整体看起来属于同一个环境，而不是三个互不相关的符号。
5. 整体构图稳定，没有明显失衡、极端偏向某个角落或严重碎片化。
6. 线条总体连续、自然、力度相对稳定，没有大量异常断裂、极端微弱或杂乱涂画。
7. 画面具有适量细节。可以简单，但主要对象的基本结构能够表达清楚。
8. 房屋、树木、人物的比例大致协调，没有极端小型化或比例失调。
9. 房屋结构稳定，屋顶、墙壁等主要组成部分合理。
10. 树木结构自然，没有明显截断或畸形。
11. 人物身体主要结构完整，比例不存在严重失调。
12. 整体构图稳定且场景连贯，没有明显异常的大面积涂黑。
13. 线条自然、连续，没有异常大面积涂黑。
14. 没有明显的选择性结构缺失。
15. 仅存在少数能够由绘画水平、年龄、风格或普通构图解释的轻微异常。

【支持异常的证据】
1. 无明显异常特征。"
dataset/HTP/01/00/01_00_01_0199.jpg,01,00,01,0.10669058897496679,"【支持正常的证据】
1. 房屋、树木、人物三个核心对象均能够清楚识别，并且基本完整。
2. 三个对象在画面中的大小适中，没有全部挤在极小区域，也没有明显超出或压迫整个画面。
3. 房、树、人之间保持自然、合理的空间距离，没有明显孤立或被大片空白强行分隔。
4. 三个对象能够形成基本连贯的场景，例如共享地面、方向一致、空间位置合理，整体看起来属于同一个环境。
5. 整体构图稳定，没有明显失衡、极端偏向某个角落或严重碎片化。
6. 线条总体连续、自然、力度相对稳定，没有大量异常断裂、极端微弱或杂乱涂画。
7. 画面具有适量细节。可以简单，但主要对象的基本结构能够表达清楚。
8. 房屋、树木、人物的比例大致协调，没有极端小型化或比例失调。
9. 房屋结构稳定，没有明显倒塌、断裂或严重几何变形。
10. 树木结构自然，没有严重截断或畸形。
11. 人物身体主要结构完整，比例不存在严重失调。
12. 整体构图稳定且场景连贯。
13. 线条自然、连续，没有异常大面积涂黑。
14. 没有明显的选择性结构缺失。
15. 即使绘画较简单，其简化方式在整幅画中保持一致。

【支持异常的证据】
1. 人物明显不完整，缺少头部和手臂。
2. 房屋结构较为详细，但缺少窗户。
3. 树木结构自然，但缺少叶子。
4. 房屋、树木和人物之间存在一定的空间距离，但没有极端隔离。
5. 整体构图稳定，没有明显失衡或碎片化。"
dataset/HTP/01/00/01_00_01_0200.jpg,01,00,01,0.01798621187025419,"【支持正常的证据】
1. 房屋、树木、人物三个核心对象均能够清楚识别，并且基本完整。
2. 三个对象在画面中的大小适中，没有全部挤在极小区域，也没有明显超出或压迫整个画面。
3. 房、树、人之间保持自然、合理的空间距离，没有明显孤立或被大片空白强行分隔。
4. 三个对象能够形成基本连贯的场景，例如共享地面、方向一致、空间位置合理，整体看起来属于同一个环境，而不是三个互不相关的符号。
5. 整体构图稳定，没有明显失衡、极端偏向某个角落或严重碎片化。
6. 线条总体连续、自然、力度相对稳定，没有大量异常断裂、极端微弱或杂乱涂画。
7. 画面具有适量细节。可以简单，但主要对象的基本结构能够表达清楚。
8. 房屋、树木、人物的比例大致协调，没有极端小型化或比例失调。
9. 房屋、树木和人物之间的关系自然，没有极端隔离或不连贯的空间关系。
10. 线条自然、连续，没有异常大面积涂黑。

【支持异常的证据】
1. 无明显异常特征。"
dataset/HTP/01/00/01_00_01_0201.jpg,01,00,01,0.00857748525531428,"【支持正常的证据】
1. 房屋、树木、人物三个核心对象均能够清楚识别，并且基本完整。
2. 三个对象在画面中的大小适中，没有全部挤在极小区域，也没有明显超出或压迫整个画面。
3. 房、树、人之间保持自然、合理的空间距离，没有明显孤立或被大片空白强行分隔。
4. 三个对象能够形成基本连贯的场景，例如共享地面、方向一致、空间位置合理，整体看起来属于同一个环境，而不是三个互不相关的符号。
5. 整体构图稳定，没有明显失衡、极端偏向某个角落或严重碎片化。
6. 线条总体连续、自然、力度相对稳定，没有大量异常断裂、极端微弱或杂乱涂画。
7. 画面具有适量细节。可以简单，但主要对象的基本结构能够表达清楚。
8. 房屋、树木、人物的比例大致协调，没有极端小型化或比例失调。
9. 房屋结构稳定，屋顶、墙壁等主要组成部分合理。
10. 树木结构自然，没有明显截断或畸形。
11. 人物身体主要结构完整，比例不存在严重失调。
12. 整体构图稳定且场景连贯，没有明显异常的大面积涂黑。
13. 线条自然、连续，没有异常大面积涂黑。
14. 没有明显的选择性结构缺失。
15. 仅存在少数能够由绘画水平、年龄、风格或普通构图解释的轻微异常。

【支持异常的证据】
1. 无明显异常特征。"
dataset/HTP/01/00/01_00_01_0202.jpg,01,00,01,0.060086650384398026,"【支持正常的证据】
1. 房屋、树木、人物三个核心对象均能够清楚识别，并且基本完整。
2. 三个对象在画面中的大小适中，没有全部挤在极小区域，也没有明显超出或压迫整个画面。
3. 房、树、人之间保持自然、合理的空间距离，没有明显孤立或被大片空白强行分隔。
4. 三个对象能够形成基本连贯的场景，例如共享地面、方向一致、空间位置合理，整体看起来属于同一个环境。
5. 整体构图稳定，没有明显失衡、极端偏向某个角落或严重碎片化。
6. 线条总体连续、自然、力度相对稳定，没有大量异常断裂、极端微弱或杂乱涂画。
7. 画面具有适量细节。可以简单，但主要对象的基本结构能够表达清楚。
8. 房屋、树木、人物之间保持自然的距离，没有极端隔离。
9. 整体构图协调，没有大面积异常涂黑或阴影。

【支持异常的证据】
1. 房屋、树木、人物中的一个或多个核心对象完全缺失，且无法由裁剪、遮挡或画法解释。
2. 整幅画极度简化，只剩极少线条，大量重要结构同时消失，整体信息量异常低。
3. 房、树、人整体只占巨大画布中极小区域，周围存在大量空白。
4. 三个对象之间距离极端遥远，某个对象明显孤立，或者整个场景严重碎片化。
5. 存在大量非常微弱、间断、犹豫、僵硬或严重潦草的线条。
6. 存在异常大面积涂黑、重度阴影或某个对象被明显过度强调。"
dataset/HTP/01/00/01_00_01_0203.jpg,01,00,01,0.010986941578116865,"【支持正常的证据】
1. 房屋、树木、人物三个核心对象均能够清楚识别，并且基本完整。
2. 三个对象在画面中的大小适中，没有全部挤在极小区域，也没有明显超出或压迫整个画面。
3. 房、树、人之间保持自然、合理的空间距离，没有明显孤立或被大片空白强行分隔。
4. 三个对象能够形成基本连贯的场景，例如共享地面、方向一致、空间位置合理，整体看起来属于同一个环境，而不是三个互不相关的符号。
5. 整体构图稳定，没有明显失衡、极端偏向某个角落或严重碎片化。
6. 线条总体连续、自然、力度相对稳定，没有大量异常断裂、极端微弱或杂乱涂画。
7. 画面具有适量细节。可以简单，但主要对象的基本结构能够表达清楚。
8. 房屋、树木、人物的比例大致协调，没有极端小型化或比例失调。
9. 房屋、树木和人物之间的关系自然，没有极端隔离或空间关系异常。
10. 线条自然、连续，没有异常大面积涂黑。

【支持异常的证据】
1. 无明显异常特征。"
dataset/HTP/01/00/01_00_01_0204.jpg,01,00,01,0.010986941578116865,"【支持正常的证据】
1. 房屋、树木、人物三个核心对象均能够清楚识别，并且基本完整。
2. 三个对象在画面中的大小适中，没有全部挤在极小区域，也没有明显超出或压迫整个画面。
3. 房、树、人之间保持自然、合理的空间距离，没有明显孤立或被大片空白强行分隔。
4. 三个对象能够形成基本连贯的场景，例如共享地面、方向一致、空间位置合理，整体看起来属于同一个环境，而不是三个互不相关的符号。
5. 整体构图稳定，没有明显失衡、极端偏向某个角落或严重碎片化。
6. 线条总体连续、自然、力度相对稳定，没有大量异常断裂、极端微弱或杂乱涂画。
7. 画面具有适量细节。可以简单，但主要对象的基本结构能够表达清楚。
8. 房屋、树木、人物的比例大致协调，没有极端小型化或比例失调。
9. 房屋结构稳定，主要组成部分合理，没有明显倒塌、断裂或严重几何变形。
10. 树木结构自然，没有严重截断或畸形。
11. 人物身体主要结构完整，比例不存在严重失调。
12. 整体构图稳定且场景连贯。
13. 线条自然、连续，没有异常大面积涂黑。
14. 没有明显的选择性结构缺失。
15. 仅存在少数能够由绘画水平、年龄、风格或普通构图解释的轻微异常。

【支持异常的证据】
1. 无。"
dataset/HTP/01/00/01_00_01_0205.jpg,01,00,01,0.060086650384398026,"【支持正常的证据】
1. 房屋、树木、人物三个核心对象均能够清楚识别，并且基本完整。
2. 三个对象在画面中的大小适中，没有全部挤在极小区域，也没有明显超出或压迫整个画面。
3. 房、树、人之间保持自然、合理的空间距离，没有明显孤立或被大片空白强行分隔。
4. 三个对象能够形成基本连贯的场景，例如共享地面、方向一致、空间位置合理，整体看起来属于同一个环境，而不是三个互不相关的符号。
5. 整体构图稳定，没有明显失衡、极端偏向某个角落或严重碎片化。
6. 线条总体连续、自然、力度相对稳定，没有大量异常断裂、极端微弱或杂乱涂画。
7. 画面具有适量细节。可以简单，但主要对象的基本结构能够表达清楚。
8. 房屋、树木、人物的比例大致协调，没有极端小型化或明显比例失调。
9. 房屋结构稳定，主要组成部分合理，没有明显倒塌、断裂或严重几何变形。
10. 树木结构自然，没有严重截断或畸形。
11. 人物身体主要结构完整，比例不存在严重失调。
12. 整体构图稳定且场景连贯。
13. 线条自然、连续，没有异常大面积涂黑。
14. 没有明显的选择性结构缺失。
15. 仅存在少数能够由绘画水平、年龄、风格或普通构图解释的轻微异常。

【支持异常的证据】
1. 房屋、树木、人物中的一个或多个核心对象完全缺失，且无法由裁剪、遮挡或画法解释。
2. 整幅画极度简化，只剩极少线条，大量重要结构同时消失，整体信息量异常低。
3. 房、树、人整体只占巨大画布中极小区域，周围存在大量空白。
4. 三个对象之间距离极端遥远，某个对象明显孤立，或者整个场景严重碎片化。
5. 存在大量非常微弱、间断、犹豫、僵硬或严重潦草的线条。
6. 存在异常大面积涂黑、重度阴影或某个对象被明显过度强调。"
dataset/HTP/01/00/01_00_01_0206.jpg,01,00,01,0.08509904732734556,"【支持正常的证据】
1. 房屋、树木、人物三个核心对象均能够清楚识别，并且基本完整。
2. 三个对象在画面中的大小适中，没有全部挤在极小区域，也没有明显超出或压迫整个画面。
3. 房、树、人之间保持自然、合理的空间距离，没有明显孤立或被大片空白强行分隔。
4. 三个对象能够形成基本连贯的场景，例如共享地面、方向一致、空间位置合理，整体看起来属于同一个环境，而不是三个互不相关的符号。
5. 整体构图稳定，没有明显失衡、极端偏向某个角落或严重碎片化。
6. 线条总体连续、自然、力度相对稳定，没有大量异常断裂、极端微弱或杂乱涂画。
7. 画面具有适量细节。可以简单，但主要对象的基本结构能够表达清楚。
8. 房屋、树木、人物的比例大致协调，没有极端小型化或比例失调。
9. 房屋、树木和人物之间的相对大小基本合理，没有非常极端的尺寸差异。
10. 房屋结构稳定，主要组成部分合理，没有明显倒塌、断裂或严重几何变形。
11. 树木结构自然，没有严重截断或畸形。
12. 人物身体主要结构完整，比例不存在严重失调。
13. 整体构图稳定且场景连贯。
14. 线条自然、连续，没有异常大面积涂黑。
15. 没有明显的选择性结构缺失。
16. 仅存在少数能够由绘画水平、年龄、风格或普通构图解释的轻微异常。

【支持异常的证据】
1. 人物头部形状不规则，类似于方块，缺乏正常头部的细节。
2. 人物没有明显的五官，仅画了简单的轮廓。
3. 房屋的屋顶线条过于密集，可能表示瓦片，但整体显得有些不自然。
4. 树木的树冠部分线条较为密集，可能表示树叶，但整体显得有些不自然。
5. 房屋、树木和人物之间存在一定的空间距离，但没有极端隔离的感觉。
6. 房屋、树木和人物的比例协调，没有极端的小型化或比例失调。
7. 房屋的屋顶线条过于密集，可能表示瓦片，但整体显得有些不自然。
8. 树木的树冠部分线条较为密集，可能表示树叶，但整体显得有些不自然。
9. 人物没有明显的五官，仅画了简单的轮廓。
10. 房屋、树木和人物之间存在一定的空间距离，但没有极端隔离的感觉。"
dataset/HTP/01/00/01_00_01_0207.jpg,01,00,01,0.07585817323116976,"【支持正常的证据】
1. 房屋、树木、人物三个核心对象均能够清楚识别，并且基本完整。
2. 三个对象在画面中的大小适中，没有全部挤在极小区域，也没有明显超出或压迫整个画面。
3. 房、树、人之间保持自然、合理的空间距离，没有明显孤立或被大片空白强行分隔。
4. 三个对象能够形成基本连贯的场景，例如共享地面、方向一致、空间位置合理，整体看起来属于同一个环境。
5. 整体构图稳定，没有明显失衡、极端偏向某个角落或严重碎片化。
6. 线条总体连续、自然、力度相对稳定，没有大量异常断裂、极端微弱或杂乱涂画。
7. 画面具有适量细节。可以简单，但主要对象的基本结构能够表达清楚。
8. 房屋、树木、人物的比例大致协调，没有极端小型化或比例失调。
9. 房屋、树木和人物之间的关系自然，没有极端隔离或空间断开。
10. 线条自然、连续，没有异常大面积涂黑。

【支持异常的证据】
1. 房屋、树木、人物中的一个或多个核心对象完全缺失，且无法由裁剪、遮挡或画法解释。
2. 整幅画极度简化，只剩极少线条，大量重要结构同时消失，整体信息量异常低。
3. 房、树、人整体只占巨大画布中极小区域，周围存在大量空白。
4. 三个对象之间距离极端遥远，某个对象明显孤立，或者整个场景严重碎片化。
5. 存在大量非常微弱、间断、犹豫、僵硬或严重潦草的线条。
6. 存在异常大面积涂黑、重度阴影或某个对象被明显过度强调。"
dataset/HTP/01/00/01_00_01_0208.jpg,01,00,01,0.06754668832401889,"【支持正常的证据】
1. 房屋、树木、人物三个核心对象均能够清楚识别，并且基本完整。
2. 三个对象在画面中的大小适中，没有全部挤在极小区域，也没有明显超出或压迫整个画面。
3. 房、树、人之间保持自然、合理的空间距离，没有明显孤立或被大片空白强行分隔。
4. 三个对象能够形成基本连贯的场景，例如共享地面、方向一致、空间位置合理，整体看起来属于同一个环境，而不是三个互不相关的符号。
5. 整体构图稳定，没有明显失衡、极端偏向某个角落或严重碎片化。
6. 线条总体连续、自然、力度相对稳定，没有大量异常断裂、极端微弱或杂乱涂画。
7. 画面具有适量细节。可以简单，但主要对象的基本结构能够表达清楚。
8. 房屋、树木、人物的比例大致协调，没有极端小型化或比例失调。
9. 房屋、树木和人物之间的关系自然，没有极端隔离或空间关系异常。
10. 线条自然、连续，没有异常大面积涂黑。

【支持异常的证据】
1. 房屋、树木、人物中的一个或多个核心对象完全缺失，且无法由裁剪、遮挡或画法解释。
2. 整幅画极度简化，只剩极少线条，大量重要结构同时消失，整体信息量异常低。
3. 房、树、人整体只占巨大画布中极小区域，周围存在大量空白。
4. 三个对象之间距离极端遥远，某个对象明显孤立，或者整个场景严重碎片化。
5. 对象像漂浮在不同区域，彼此几乎没有空间联系，整体场景严重不连贯。
6. 存在大量非常微弱、间断、犹豫、僵硬或严重潦草的线条。
7. 存在异常大面积涂黑、重度阴影或某个对象被明显过度强调。"
dataset/HTP/01/00/01_00_01_0209.jpg,01,00,01,0.10669058897496679,"【支持正常的证据】
1. 房屋、树木、人物三个核心对象均能够清楚识别，并且基本完整。
2. 三个对象在画面中的大小适中，没有全部挤在极小区域，也没有明显超出或压迫整个画面。
3. 房、树、人之间保持自然、合理的空间距离，没有明显孤立或被大片空白强行分隔。
4. 三个对象能够形成基本连贯的场景，例如共享地面、方向一致、空间位置合理，整体看起来属于同一个环境，而不是三个互不相关的符号。
5. 整体构图稳定，没有明显失衡、极端偏向某个角落或严重碎片化。
6. 线条总体连续、自然、力度相对稳定，没有大量异常断裂、极端微弱或杂乱涂画。
7. 画面具有适量细节。可以简单，但主要对象的基本结构能够表达清楚。
8. 房屋、树木、人物的比例大致协调，没有极端小型化或比例失调。
9. 房屋、树木和人物之间的关系自然，没有极端隔离或空间关系异常。
10. 线条自然、连续，没有异常大面积涂黑。

【支持异常的证据】
1. 人物缺少头部，且没有明显绘画目的的异常涂黑、重阴影或局部反复强调。"
dataset/HTP/01/00/01_00_01_0210.jpg,01,00,01,0.012431653620200803,"【支持正常的证据】
1. 房屋、树木、人物三个核心对象均能够清楚识别，并且基本完整。
2. 三个对象在画面中的大小适中，没有全部挤在极小区域，也没有明显超出或压迫整个画面。
3. 房、树、人之间保持自然、合理的空间距离，没有明显孤立或被大片空白强行分隔。
4. 三个对象能够形成基本连贯的场景，例如共享地面、方向一致、空间位置合理，整体看起来属于同一个环境，而不是三个互不相关的符号。
5. 整体构图稳定，没有明显失衡、极端偏向某个角落或严重碎片化。
6. 线条总体连续、自然、力度相对稳定，没有大量异常断裂、极端微弱或杂乱涂画。
7. 画面具有适量细节。可以简单，但主要对象的基本结构能够表达清楚。
8. 房屋、树木、人物的比例大致协调，没有极端小型化或比例失调。
9. 房屋、树木和人物的相对大小基本合理，没有非常极端的尺寸差异。
10. 人物身体主要结构完整，比例不存在严重失调。
11. 整体构图稳定且场景连贯，没有明显异常的大面积涂黑。
12. 线条自然、连续，没有异常大面积涂黑。
13. 人物和房屋、树木之间保持自然距离，没有极端隔离。
14. 人物能够自然地处于房屋和树木形成的环境中，而不是完全脱离其他对象。

【支持异常的证据】
1. 无明显异常特征。"
dataset/HTP/01/00/01_00_01_0211.jpg,01,00,01,0.09534946232842245,"【支持正常的证据】
1. 房屋、树木、人物三个核心对象均能够清楚识别，并且基本完整。
2. 三个对象在画面中的大小适中，没有全部挤在极小区域，也没有明显超出或压迫整个画面。
3. 房、树、人之间保持自然、合理的空间距离，没有明显孤立或被大片空白强行分隔。
4. 三个对象能够形成基本连贯的场景，例如共享地面、方向一致、空间位置合理，整体看起来属于同一个环境。
5. 整体构图稳定，没有明显失衡、极端偏向某个角落或严重碎片化。
6. 线条总体连续、自然、力度相对稳定，没有大量异常断裂、极端微弱或杂乱涂画。
7. 画面具有适量细节。可以简单，但主要对象的基本结构能够表达清楚。
8. 房屋、树木、人物的比例大致协调，没有极端小型化或比例失调。
9. 整体场景连贯，没有明显选择性结构缺失。
10. 线条自然、连续，没有异常大面积涂黑。

【支持异常的证据】
1. 房屋结构较完整，但明显选择性缺少门。
2. 树木相对于其他主体和画布极端微小。
3. 人物头部、躯干、手臂和腿等主要身体结构基本完整，但比例存在轻微失调。
4. 房屋、树木和人物之间距离极端遥远，人物明显孤立。
5. 存在大量非常微弱、间断、犹豫、僵硬或严重潦草的线条。"
dataset/HTP/01/00/01_00_01_0212.jpg,01,00,01,0.04742587351415913,"【支持正常的证据】
1. 房屋、树木、人物三个核心对象均能够清楚识别，并且基本完整。
2. 三个对象在画面中的大小适中，没有全部挤在极小区域，也没有明显超出或压迫整个画面。
3. 房、树、人之间保持自然、合理的空间距离，没有明显孤立或被大片空白强行分隔。
4. 三个对象能够形成基本连贯的场景，例如共享地面、方向一致、空间位置合理，整体看起来属于同一个环境，而不是三个互不相关的符号。
5. 整体构图稳定，没有明显失衡、极端偏向某个角落或严重碎片化。
6. 线条总体连续、自然、力度相对稳定，没有大量异常断裂、极端微弱或杂乱涂画。
7. 画面具有适量细节。可以简单，但主要对象的基本结构能够表达清楚。
8. 没有大面积、无明显绘画目的的异常涂黑、重阴影或局部反复强调。

【支持异常的证据】
1. 房屋、树木、人物中的一个或多个核心对象完全缺失，且无法由裁剪、遮挡或画法解释。
2. 整幅画极度简化，只剩极少线条，大量重要结构同时消失，整体信息量异常低。
3. 房、树、人整体只占巨大画布中极小区域，周围存在大量空白。
4. 三个对象之间距离极端遥远，某个对象明显孤立，或者整个场景严重碎片化。
5. 存在大量非常微弱、间断、犹豫、僵硬或严重潦草的线条。
6. 存在异常大面积涂黑、重度阴影或某个对象被明显过度强调。"
dataset/HTP/01/00/01_00_01_0213.jpg,01,00,01,0.015906393344589397,"【支持正常的证据】
1. 房屋、树木、人物三个核心对象均能够清楚识别，并且基本完整。
2. 三个对象在画面中的大小适中，没有全部挤在极小区域，也没有明显超出或压迫整个画面。
3. 房、树、人之间保持自然、合理的空间距离，没有明显孤立或被大片空白强行分隔。
4. 三个对象能够形成基本连贯的场景，例如共享地面、方向一致、空间位置合理，整体看起来属于同一个环境，而不是三个互不相关的符号。
5. 整体构图稳定，没有明显失衡、极端偏向某个角落或严重碎片化。
6. 线条总体连续、自然、力度相对稳定，没有大量异常断裂、极端微弱或杂乱涂画。
7. 画面具有适量细节。可以简单，但主要对象的基本结构能够表达清楚。
8. 房屋、树木、人物的比例大致协调，没有极端小型化或比例失调。
9. 房屋、树木和人物之间的关系自然，没有极端隔离或空间关系异常。
10. 线条自然、连续，没有异常大面积涂黑。

【支持异常的证据】
1. 无。"
dataset/HTP/01/00/01_00_01_0214.jpg,01,00,01,0.022977372418942873,"【支持正常的证据】
1. 房屋、树木、人物三个核心对象均能够清楚识别，并且基本完整。
2. 三个对象在画面中的大小适中，没有全部挤在极小区域，也没有明显超出或压迫整个画面。
3. 房、树、人之间保持自然、合理的空间距离，没有明显孤立或被大片空白强行分隔。
4. 三个对象能够形成基本连贯的场景，例如共享地面、方向一致、空间位置合理，整体看起来属于同一个环境。
5. 整体构图稳定，没有明显失衡、极端偏向某个角落或严重碎片化。
6. 线条总体连续、自然、力度相对稳定，没有大量异常断裂、极端微弱或杂乱涂画。
7. 画面具有适量细节。可以简单，但主要对象的基本结构能够表达清楚。
8. 房屋、树木、人物之间的关系自然，没有极端隔离或不连贯的场景。

【支持异常的证据】
1. 人物的身体结构较为简单，但整体比例和连接关系自然。
2. 树木的树冠较大，但形状较为自然，没有明显压缩或断裂。
3. 房屋的结构较为简单，但屋顶和墙壁的比例和连接关系合理。
4. 画面中没有明显的异常大面积涂黑、重度阴影或局部反复强调。"
dataset/HTP/01/00/01_00_01_0215.jpg,01,00,01,0.11920291732853862,"【支持正常的证据】
1. 房屋、树木、人物三个核心对象均能够清楚识别，并且基本完整。
2. 三个对象在画面中的大小适中，没有全部挤在极小区域，也没有明显超出或压迫整个画面。
3. 房、树、人之间保持自然、合理的空间距离，没有明显孤立或被大片空白强行分隔。
4. 三个对象能够形成基本连贯的场景，例如共享地面、方向一致、空间位置合理，整体看起来属于同一个环境。
5. 整体构图稳定，没有明显失衡、极端偏向某个角落或严重碎片化。
6. 线条总体连续、自然、力度相对稳定，没有大量异常断裂、极端微弱或杂乱涂画。
7. 画面具有适量细节。可以简单，但主要对象的基本结构能够表达清楚。
8. 树木结构自然，没有明显截断或畸形。
9. 人物身体主要结构完整，比例不存在严重失调。
10. 整体构图稳定且场景连贯。
11. 线条自然、连续，没有异常大面积涂黑。
12. 没有明显的选择性结构缺失。
13. 即使绘画较简单，其简化方式在整幅画中保持一致。

【支持异常的证据】
1. 人物明显不完整，缺少头部。
2. 房屋结构较为完整，但明显缺少门。
3. 树木结构自然，但树冠显得有些夸张。
4. 房屋和树木结构自然，但人物选择性缺少头部。"
dataset/HTP/01/00/01_00_01_0216.jpg,01,00,01,0.012431653620200803,"【支持正常的证据】
1. 房屋、树木、人物三个核心对象均能够清楚识别，并且基本完整。
2. 三个对象在画面中的大小适中，没有全部挤在极小区域，也没有明显超出或压迫整个画面。
3. 房、树、人之间保持自然、合理的空间距离，没有明显孤立或被大片空白强行分隔。
4. 三个对象能够形成基本连贯的场景，例如共享地面、方向一致、空间位置合理，整体看起来属于同一个环境，而不是三个互不相关的符号。
5. 整体构图稳定，没有明显失衡、极端偏向某个角落或严重碎片化。
6. 线条总体连续、自然、力度相对稳定，没有大量异常断裂、极端微弱或杂乱涂画。
7. 画面具有适量细节。可以简单，但主要对象的基本结构能够表达清楚。
8. 房屋、树木、人物的比例大致协调，没有极端小型化或比例失调。
9. 房屋结构稳定，墙体、屋顶等主要结构完整，没有明显倒塌、断裂或严重几何变形。
10. 树木结构自然，没有明显截断或畸形，树干和树冠之间连接自然，比例基本合理。
11. 人物头部、躯干、手臂和腿等主要身体结构基本完整，连接关系自然，没有明显断裂、错位或无法解释的结构缺失。
12. 人物大小与房屋、树木和整个画布基本协调，不存在极端小型化。
13. 房屋、树木和人物的相对大小基本合理，没有非常极端的尺寸差异。
14. 人物能够自然地处于房屋和树木形成的环境中，而不是完全脱离其他对象。
15. 线条自然、连续，没有异常大面积涂黑。

【支持异常的证据】
1. 无。"
dataset/HTP/01/00/01_00_01_0217.jpg,01,00,01,0.053403324903538434,"【支持正常的证据】
1. 房屋、树木、人物三个核心对象均能够清楚识别，并且基本完整。
2. 三个对象在画面中的大小适中，没有全部挤在极小区域，也没有明显超出或压迫整个画面。
3. 房、树、人之间保持自然、合理的空间距离，没有明显孤立或被大片空白强行分隔。
4. 三个对象能够形成基本连贯的场景，例如共享地面、方向一致、空间位置合理，整体看起来属于同一个环境，而不是三个互不相关的符号。
5. 整体构图稳定，没有明显失衡、极端偏向某个角落或严重碎片化。
6. 线条总体连续、自然、力度相对稳定，没有大量异常断裂、极端微弱或杂乱涂画。
7. 画面具有适量细节。可以简单，但主要对象的基本结构能够表达清楚。
8. 房屋、树木、人物的比例大致协调，没有极端小型化或比例失调。
9. 房屋、树木和人物之间的关系自然，没有极端隔离或空间关系异常。
10. 线条自然、连续，没有异常大面积涂黑。

【支持异常的证据】
1. 人物缺少手臂，手臂被选择性省略。
2. 房屋缺少窗户，窗户被选择性省略。
3. 树木缺少叶子，可能是由于绘画风格或季节性因素导致。
4. 房屋、树木和人物的比例略有不协调，但并不极端。
5. 房屋、树木和人物之间的空间距离较为合理，没有极端隔离。
6. 线条自然，没有极端微弱或杂乱涂画。"
dataset/HTP/01/00/01_00_01_0218.jpg,01,00,01,0.060086650384398026,"【支持正常的证据】
1. 房屋、树木、人物三个核心对象均能够清楚识别，并且基本完整。
2. 三个对象在画面中的大小适中，没有全部挤在极小区域，也没有明显超出或压迫整个画面。
3. 房、树、人之间保持自然、合理的空间距离，没有明显孤立或被大片空白强行分隔。
4. 三个对象能够形成基本连贯的场景，例如共享地面、方向一致、空间位置合理，整体看起来属于同一个环境，而不是三个互不相关的符号。
5. 整体构图稳定，没有明显失衡、极端偏向某个角落或严重碎片化。
6. 线条总体连续、自然、力度相对稳定，没有大量异常断裂、极端微弱或杂乱涂画。
7. 画面具有适量细节。可以简单，但主要对象的基本结构能够表达清楚。
8. 房屋、树木、人物的比例大致协调，没有极端小型化或比例失调。
9. 房屋、树木和人物之间的关系自然，没有极端隔离或空间关系异常。
10. 整体构图稳定且场景连贯，没有明显异常的大面积涂黑或极端小型化。

【支持异常的证据】
1. 人物缺少脸部和嘴巴，仅画了简单的圆圈表示眼睛。
2. 房屋缺少窗户，仅画了一个方形表示门。
3. 树木缺少叶子，仅画了树干和树冠。
4. 房屋、树木和人物的大小比例有些不协调，人物显得较小。
5. 房屋、树木和人物之间的空间距离有些不自然，人物似乎离房屋和树木较远。
6. 线条有些不连续，尤其是人物的四肢线条较为简单。
7. 整体构图虽然连贯，但缺乏背景装饰，显得有些单调。"
dataset/HTP/01/00/01_00_01_0219.jpg,01,00,01,0.012431653620200803,"【支持正常的证据】
1. 房屋、树木、人物三个核心对象均能够清楚识别，并且基本完整。
2. 三个对象在画面中的大小适中，没有全部挤在极小区域，也没有明显超出或压迫整个画面。
3. 房、树、人之间保持自然、合理的空间距离，没有明显孤立或被大片空白强行分隔。
4. 三个对象能够形成基本连贯的场景，例如共享地面、方向一致、空间位置合理，整体看起来属于同一个环境。
5. 整体构图稳定，没有明显失衡、极端偏向某个角落或严重碎片化。
6. 线条总体连续、自然、力度相对稳定，没有大量异常断裂、极端微弱或杂乱涂画。
7. 画面具有适量细节。可以简单，但主要对象的基本结构能够表达清楚。
8. 房屋、树木、人物的比例大致协调，没有极端小型化或比例失调。
9. 房屋结构稳定，主要组成部分合理，没有明显倒塌、断裂或严重几何变形。
10. 树木结构自然，没有严重截断或畸形。
11. 人物身体主要结构完整，比例不存在严重失调。
12. 整体构图稳定且场景连贯。
13. 线条自然、连续，没有异常大面积涂黑。
14. 没有明显的选择性结构缺失。
15. 仅存在少数能够由绘画水平、年龄、风格或普通构图解释的轻微异常。

【支持异常的证据】
1. 无。"
dataset/HTP/01/00/01_00_01_0220.jpg,01,00,01,0.012431653620200803,"【支持正常的证据】
1. 房屋、树木、人物三个核心对象均能够清楚识别，并且基本完整。
2. 三个对象在画面中的大小适中，没有全部挤在极小区域，也没有明显超出或压迫整个画面。
3. 房、树、人之间保持自然、合理的空间距离，没有明显孤立或被大片空白强行分隔。
4. 三个对象能够形成基本连贯的场景，例如共享地面、方向一致、空间位置合理，整体看起来属于同一个环境，而不是三个互不相关的符号。
5. 整体构图稳定，没有明显失衡、极端偏向某个角落或严重碎片化。
6. 线条总体连续、自然、力度相对稳定，没有大量异常断裂、极端微弱或杂乱涂画。
7. 画面具有适量细节。可以简单，但主要对象的基本结构能够表达清楚。
8. 房屋、树木、人物的比例大致协调，没有极端小型化或比例失调。
9. 房屋结构稳定，屋顶、烟囱、门窗等细节自然、适量并与房屋结构协调。
10. 树木结构自然，没有明显截断或畸形。
11. 人物身体主要结构完整，比例不存在严重失调。
12. 整体构图稳定且场景连贯，没有明显异常的大面积涂黑。
13. 线条自然、连续，没有异常大面积涂黑。
14. 人物没有明显选择性结构缺失。
15. 画面存在多个相互独立的正常积极特征。

【支持异常的证据】
1. 无。"
dataset/HTP/01/00/01_00_01_0221.jpg,01,00,01,0.010986941578116865,"【支持正常的证据】
1. 房屋、树木、人物三个核心对象均能够清楚识别，并且基本完整。
2. 三个对象在画面中的大小适中，没有全部挤在极小区域，也没有明显超出或压迫整个画面。
3. 房、树、人之间保持自然、合理的空间距离，没有明显孤立或被大片空白强行分隔。
4. 三个对象能够形成基本连贯的场景，例如共享地面、方向一致、空间位置合理，整体看起来属于同一个环境，而不是三个互不相关的符号。
5. 整体构图稳定，没有明显失衡、极端偏向某个角落或严重碎片化。
6. 线条总体连续、自然、力度相对稳定，没有大量异常断裂、极端微弱或杂乱涂画。
7. 画面具有适量细节。可以简单，但主要对象的基本结构能够表达清楚。
8. 房屋、树木、人物的比例大致协调，没有极端小型化或比例失调。
9. 房屋结构稳定，主要组成部分合理，没有明显倒塌、断裂或严重几何变形。
10. 树木结构自然，没有严重截断或畸形。
11. 人物身体主要结构完整，比例不存在严重失调。
12. 整体构图稳定且场景连贯，没有明显异常的大面积涂黑。
13. 线条自然、连续，没有异常大面积涂黑。
14. 人物没有明显选择性结构缺失。
15. 画面存在多个相互独立的正常积极特征。

【支持异常的证据】
1. 无明显异常特征。"
dataset/HTP/01/00/01_00_01_0222.jpg,01,00,01,0.014063626423394072,"【支持正常的证据】
1. 房屋、树木、人物三个核心对象均能够清楚识别，并且基本完整。
2. 三个对象在画面中的大小适中，没有全部挤在极小区域，也没有明显超出或压迫整个画面。
3. 房、树、人之间保持自然、合理的空间距离，没有明显孤立或被大片空白强行分隔。
4. 三个对象能够形成基本连贯的场景，例如共享地面、方向一致、空间位置合理，整体看起来属于同一个环境。
5. 整体构图稳定，没有明显失衡、极端偏向某个角落或严重碎片化。
6. 线条总体连续、自然、力度相对稳定，没有大量异常断裂、极端微弱或杂乱涂画。
7. 画面具有适量细节。可以简单，但主要对象的基本结构能够表达清楚。
8. 房屋、树木、人物的比例大致协调，没有极端小型化或比例失调。
9. 房屋、树木和人物之间的相对大小基本合理，没有非常极端的尺寸差异。
10. 房屋结构稳定，主要组成部分合理，没有明显倒塌、断裂或严重几何变形。
11. 树木结构自然，没有严重截断或畸形。
12. 人物身体主要结构完整，比例不存在严重失调。
13. 整体构图稳定且场景连贯，没有明显异常的大面积涂黑。
14. 人物身体各部分连接关系自然，没有明显断裂、错位或无法解释的结构缺失。
15. 人物大小与房屋、树木和整个画布基本协调，不存在极端小型化。
16. 人物采用火柴人、单线手臂或单线腿的简单风格时，如果整个人物风格统一并且结构完整，不能因为简单就判断异常。

【支持异常的证据】
1. 无。"
dataset/HTP/01/00/01_00_01_0223.jpg,01,00,01,0.012431653620200803,"【支持正常的证据】
1. 房屋、树木、人物三个核心对象均能够清楚识别，并且基本完整。
2. 三个对象在画面中的大小适中，没有全部挤在极小区域，也没有明显超出或压迫整个画面。
3. 房、树、人之间保持自然、合理的空间距离，没有明显孤立或被大片空白强行分隔。
4. 三个对象能够形成基本连贯的场景，例如共享地面、方向一致、空间位置合理，整体看起来属于同一个环境。
5. 整体构图稳定，没有明显失衡、极端偏向某个角落或严重碎片化。
6. 线条总体连续、自然、力度相对稳定，没有大量异常断裂、极端微弱或杂乱涂画。
7. 画面具有适量细节。可以简单，但主要对象的基本结构能够表达清楚。
8. 房屋、树木、人物的比例大致协调，没有极端小型化或比例失调。
9. 房屋结构稳定，没有明显倒塌、断裂或严重几何变形。
10. 树木结构自然，没有明显截断或畸形。
11. 人物身体主要结构完整，比例不存在严重失调。
12. 整体构图稳定且场景连贯，没有明显异常的大面积涂黑或极端小型化。
13. 人物位于房屋和树木形成的环境中，没有极端隔离。
14. 线条自然、连续，没有异常大面积涂黑。
15. 画面存在多个相互独立的正常积极特征。

【支持异常的证据】
1. 无明显异常特征。"
dataset/HTP/01/00/01_00_01_0224.jpg,01,00,01,0.010986941578116865,"【支持正常的证据】
1. 房屋、树木、人物三个核心对象均能够清楚识别，并且基本完整。
2. 三个对象在画面中的大小适中，没有全部挤在极小区域，也没有明显超出或压迫整个画面。
3. 房、树、人之间保持自然、合理的空间距离，没有明显孤立或被大片空白强行分隔。
4. 三个对象能够形成基本连贯的场景，例如共享地面、方向一致、空间位置合理，整体看起来属于同一个环境。
5. 整体构图稳定，没有明显失衡、极端偏向某个角落或严重碎片化。
6. 线条总体连续、自然、力度相对稳定，没有大量异常断裂、极端微弱或杂乱涂画。
7. 画面具有适量细节。可以简单，但主要对象的基本结构能够表达清楚。
8. 房屋、树木、人物的比例大致协调，没有极端小型化或比例失调。
9. 房屋结构稳定，屋顶、烟囱、门窗等细节自然、适量并与房屋结构协调。
10. 树木结构自然，没有明显截断或畸形。
11. 人物身体主要结构完整，比例不存在严重失调。
12. 整体构图稳定且场景连贯，没有明显异常的大面积涂黑。
13. 线条自然、连续，没有异常大面积涂黑。
14. 人物没有明显选择性结构缺失。
15. 画面存在多个相互独立的正常积极特征。

【支持异常的证据】
1. 无明显异常特征。"
dataset/HTP/01/00/01_00_01_0225.jpg,01,00,01,0.012431653620200803,"【支持正常的证据】
1. 房屋、树木、人物三个核心对象均能够清楚识别，并且基本完整。
2. 三个对象在画面中的大小适中，没有全部挤在极小区域，也没有明显超出或压迫整个画面。
3. 房、树、人之间保持自然、合理的空间距离，没有明显孤立或被大片空白强行分隔。
4. 三个对象能够形成基本连贯的场景，例如共享地面、方向一致、空间位置合理，整体看起来属于同一个环境。
5. 整体构图稳定，没有明显失衡、极端偏向某个角落或严重碎片化。
6. 线条总体连续、自然、力度相对稳定，没有大量异常断裂、极端微弱或杂乱涂画。
7. 画面具有适量细节。可以简单，但主要对象的基本结构能够表达清楚。
8. 房屋、树木、人物的比例大致协调，没有极端小型化或比例失调。
9. 整体场景连贯，没有明显选择性结构缺失。
10. 线条自然、连续，没有异常大面积涂黑。

【支持异常的证据】
1. 无明显异常特征。"
dataset/HTP/01/00/01_00_01_0226.jpg,01,00,01,0.00857748525531428,"【支持正常的证据】
1. 房屋、树木、人物三个核心对象均能够清楚识别，并且基本完整。
2. 三个对象在画面中的大小适中，没有全部挤在极小区域，也没有明显超出或压迫整个画面。
3. 房、树、人之间保持自然、合理的空间距离，没有明显孤立或被大片空白强行分隔。
4. 三个对象能够形成基本连贯的场景，例如共享地面、方向一致、空间位置合理，整体看起来属于同一个环境，而不是三个互不相关的符号。
5. 整体构图稳定，没有明显失衡、极端偏向某个角落或严重碎片化。
6. 线条总体连续、自然、力度相对稳定，没有大量异常断裂、极端微弱或杂乱涂画。
7. 画面具有适量细节。可以简单，但主要对象的基本结构能够表达清楚。
8. 房屋、树木、人物的比例大致协调，没有极端小型化或比例失调。
9. 房屋、树木和人物的相对大小基本合理，没有非常极端的尺寸差异。
10. 人物身体主要结构完整，比例不存在严重失调。
11. 整体构图稳定且场景连贯，没有明显异常的大面积涂黑。
12. 人物没有明显选择性结构缺失，四肢和五官比例协调。
13. 房屋结构稳定，主要组成部分合理。
14. 树木结构自然，没有严重截断或畸形。
15. 人物和房屋、树木之间保持自然距离，没有极端隔离。

【支持异常的证据】
1. 无。"
dataset/HTP/01/00/01_00_01_0227.jpg,01,00,01,0.025957357762928745,"【支持正常的证据】
1. 房屋、树木、人物三个核心对象均能够清楚识别，并且基本完整。
2. 三个对象在画面中的大小适中，没有全部挤在极小区域，也没有明显超出或压迫整个画面。
3. 房、树、人之间保持自然、合理的空间距离，没有明显孤立或被大片空白强行分隔。
4. 三个对象能够形成基本连贯的场景，例如共享地面、方向一致、空间位置合理，整体看起来属于同一个环境，而不是三个互不相关的符号。
5. 整体构图稳定，没有明显失衡、极端偏向某个角落或严重碎片化。
6. 线条总体连续、自然、力度相对稳定，没有大量异常断裂、极端微弱或杂乱涂画。
7. 画面具有适量细节。可以简单，但主要对象的基本结构能够表达清楚。
8. 房屋、树木、人物的比例大致协调，没有极端小型化或比例失调。
9. 房屋、树木和人物的相对大小基本合理，没有非常极端的尺寸差异。
10. 人物身体主要结构完整，比例不存在严重失调。
11. 整体构图稳定且场景连贯，没有明显异常的大面积涂黑。
12. 人物和房屋、树木之间保持自然距离，没有极端隔离。
13. 画面存在多个相互独立的正常积极特征，如房屋结构稳定、树木结构自然、人物身体完整等。

【支持异常的证据】
1. 无明显异常涂黑、重度阴影或局部反复强调。
2. 无大面积、无明显绘画目的的异常涂黑、重阴影或局部反复强调。
3. 无明显选择性结构缺失。
4. 无极端小型化或比例失调。
5. 无明显异常的大面积涂黑。
6. 无极端结构扭曲或明显不可能的连接关系。
7. 无明显异常的空间隔离。
8. 无明显异常的线条断裂或极端微弱的线条。
9. 无明显异常的结构缺失或选择性缺失。
10. 无明显异常的结构断裂或扭曲。
11. 无明显异常的结构断裂或扭曲。
12. 无明显异常的结构断裂或扭曲。
13. 无明显异常的结构断裂或扭曲。"
dataset/HTP/01/00/01_00_01_0228.jpg,01,00,01,0.009708474753363424,"【支持正常的证据】
1. 房屋、树木、人物三个核心对象均能够清楚识别，并且基本完整。
2. 三个对象在画面中的大小适中，没有全部挤在极小区域，也没有明显超出或压迫整个画面。
3. 房、树、人之间保持自然、合理的空间距离，没有明显孤立或被大片空白强行分隔。
4. 三个对象能够形成基本连贯的场景，例如共享地面、方向一致、空间位置合理，整体看起来属于同一个环境，而不是三个互不相关的符号。
5. 整体构图稳定，没有明显失衡、极端偏向某个角落或严重碎片化。
6. 线条总体连续、自然、力度相对稳定，没有大量异常断裂、极端微弱或杂乱涂画。
7. 画面具有适量细节。可以简单，但主要对象的基本结构能够表达清楚。
8. 房屋、树木、人物的比例大致协调，没有极端小型化或比例失调。
9. 房屋结构稳定，主要组成部分合理，没有明显倒塌、断裂或严重几何变形。
10. 树木结构自然，没有严重截断或畸形。
11. 人物身体主要结构完整，比例不存在严重失调。
12. 整体构图稳定且场景连贯。
13. 线条自然、连续，没有异常大面积涂黑。
14. 没有明显的选择性结构缺失。
15. 即使绘画较简单，其简化方式在整幅画中保持一致。
16. 仅存在少数能够由绘画水平、年龄、风格或普通构图解释的轻微异常。

【支持异常的证据】
1. 无。"
dataset/HTP/01/00/01_00_01_0229.jpg,01,00,01,0.00857748525531428,"【支持正常的证据】
1. 房屋、树木、人物三个核心对象均能够清楚识别，并且基本完整。
2. 三个对象在画面中的大小适中，没有全部挤在极小区域，也没有明显超出或压迫整个画面。
3. 房、树、人之间保持自然、合理的空间距离，没有明显孤立或被大片空白强行分隔。
4. 三个对象能够形成基本连贯的场景，例如共享地面、方向一致、空间位置合理，整体看起来属于同一个环境。
5. 整体构图稳定，没有明显失衡、极端偏向某个角落或严重碎片化。
6. 线条总体连续、自然、力度相对稳定，没有大量异常断裂、极端微弱或杂乱涂画。
7. 画面具有适量细节。可以简单，但主要对象的基本结构能够表达清楚。
8. 房屋、树木、人物的比例大致协调，没有极端小型化或比例失调。
9. 房屋结构稳定，屋顶、墙壁等主要组成部分合理。
10. 树木结构自然，没有明显截断或畸形。
11. 人物身体主要结构完整，比例不存在严重失调。
12. 整体构图稳定且场景连贯，没有明显异常的大面积涂黑。
13. 人物和房屋、树木之间保持自然距离，没有极端隔离。
14. 画面中存在少量细节，如屋顶瓦片、窗户、树干纹理等，但不过度强调。

【支持异常的证据】
1. 无。"
dataset/HTP/01/00/01_00_01_0230.jpg,01,00,01,0.015906393344589397,"【支持正常的证据】
1. 房屋、树木、人物三个核心对象均能够清楚识别，并且基本完整。
2. 三个对象在画面中的大小适中，没有全部挤在极小区域，也没有明显超出或压迫整个画面。
3. 房、树、人之间保持自然、合理的空间距离，没有明显孤立或被大片空白强行分隔。
4. 三个对象能够形成基本连贯的场景，例如共享地面、方向一致、空间位置合理，整体看起来属于同一个环境，而不是三个互不相关的符号。
5. 整体构图稳定，没有明显失衡、极端偏向某个角落或严重碎片化。
6. 线条总体连续、自然、力度相对稳定，没有大量异常断裂、极端微弱或杂乱涂画。
7. 画面具有适量细节。可以简单，但主要对象的基本结构能够表达清楚。
8. 房屋、树木、人物的比例大致协调，没有极端小型化或比例失调。
9. 整体构图稳定且场景连贯，没有明显异常的大面积涂黑、极端小型化或异常隔离。
10. 人物身体主要结构完整，比例不存在严重失调。

【支持异常的证据】
1. 人物缺少眼睛，但这是由于绘画风格导致的，而非选择性缺失。
2. 房屋缺少窗户，但这是由于绘画风格导致的，而非选择性缺失。
3. 树木缺少叶子，但这是由于绘画风格导致的，而非选择性缺失。
4. 房屋、树木和人物之间存在自然的距离，没有极端隔离。
5. 人物身体结构完整，比例协调，没有明显异常。
6. 整体构图稳定，没有明显异常的大面积涂黑、极端小型化或异常隔离。"
dataset/HTP/01/00/01_00_01_0231.jpg,01,00,01,0.015906393344589397,"【支持正常的证据】
1. 房屋、树木、人物三个核心对象均能够清楚识别，并且基本完整。
2. 三个对象在画面中的大小适中，没有全部挤在极小区域，也没有明显超出或压迫整个画面。
3. 房、树、人之间保持自然、合理的空间距离，没有明显孤立或被大片空白强行分隔。
4. 三个对象能够形成基本连贯的场景，例如共享地面、方向一致、空间位置合理，整体看起来属于同一个环境，而不是三个互不相关的符号。
5. 整体构图稳定，没有明显失衡、极端偏向某个角落或严重碎片化。
6. 线条总体连续、自然、力度相对稳定，没有大量异常断裂、极端微弱或杂乱涂画。
7. 画面具有适量细节。可以简单，但主要对象的基本结构能够表达清楚。
8. 房屋、树木、人物的比例大致协调，没有极端小型化或明显比例失调。
9. 房屋、树木和人物之间的关系自然，没有极端隔离或空间关系异常。
10. 线条自然、连续，没有异常大面积涂黑。

【支持异常的证据】
1. 无明显异常特征。"
dataset/HTP/01/00/01_00_01_0232.jpg,01,00,01,0.08509904732734556,"【支持正常的证据】
1. 房屋、树木、人物三个核心对象均能够清楚识别，并且基本完整。
2. 三个对象在画面中的大小适中，没有全部挤在极小区域，也没有明显超出或压迫整个画面。
3. 房、树、人之间保持自然、合理的空间距离，没有明显孤立或被大片空白强行分隔。
4. 三个对象能够形成基本连贯的场景，例如共享地面、方向一致、空间位置合理，整体看起来属于同一个环境，而不是三个互不相关的符号。
5. 整体构图稳定，没有明显失衡、极端偏向某个角落或严重碎片化。
6. 线条总体连续、自然、力度相对稳定，没有大量异常断裂、极端微弱或杂乱涂画。
7. 画面具有适量细节。可以简单，但主要对象的基本结构能够表达清楚。
8. 没有大面积、无明显绘画目的的异常涂黑、重阴影或局部反复强调。

【支持异常的证据】
1. 房屋结构较完整、可见方向正常，但明显选择性缺少门。
2. 树木相对于其他主体和画布极端微小。
3. 人物头部、躯干、手臂和腿等主要身体结构基本完整，但比例有些夸张。
4. 房屋、树木和人物之间距离极端遥远，人物明显孤立。
5. 存在大量非常微弱、间断、犹豫、僵硬或严重潦草的线条。"
dataset/HTP/01/00/01_00_01_0233.jpg,01,00,01,0.009708474753363424,"【支持正常的证据】
1. 房屋、树木、人物三个核心对象均能够清楚识别，并且基本完整。
2. 三个对象在画面中的大小适中，没有全部挤在极小区域，也没有明显超出或压迫整个画面。
3. 房、树、人之间保持自然、合理的空间距离，没有明显孤立或被大片空白强行分隔。
4. 三个对象能够形成基本连贯的场景，例如共享地面、方向一致、空间位置合理，整体看起来属于同一个环境，而不是三个互不相关的符号。
5. 整体构图稳定，没有明显失衡、极端偏向某个角落或严重碎片化。
6. 线条总体连续、自然、力度相对稳定，没有大量异常断裂、极端微弱或杂乱涂画。
7. 画面具有适量细节。可以简单，但主要对象的基本结构能够表达清楚。
8. 房屋、树木、人物的比例大致协调，没有极端小型化或比例失调。
9. 房屋结构稳定，主要组成部分合理，没有明显倒塌、断裂或严重几何变形。
10. 树木结构自然，没有严重截断或畸形。
11. 人物身体主要结构完整，比例不存在严重失调。
12. 整体构图稳定且场景连贯。
13. 线条自然、连续，没有异常大面积涂黑。
14. 没有明显的选择性结构缺失。
15. 仅存在少数能够由绘画水平、年龄、风格或普通构图解释的轻微异常。

【支持异常的证据】
1. 无。"
dataset/HTP/01/00/01_00_01_0234.jpg,01,00,01,0.060086650384398026,"【支持正常的证据】
1. 房屋、树木、人物三个核心对象均能够清楚识别，并且基本完整。
2. 三个对象在画面中的大小适中，没有全部挤在极小区域，也没有明显超出或压迫整个画面。
3. 房、树、人之间保持自然、合理的空间距离，没有明显孤立或被大片空白强行分隔。
4. 三个对象能够形成基本连贯的场景，例如共享地面、方向一致、空间位置合理，整体看起来属于同一个环境，而不是三个互不相关的符号。
5. 整体构图稳定，没有明显失衡、极端偏向某个角落或严重碎片化。
6. 线条总体连续、自然、力度相对稳定，没有大量异常断裂、极端微弱或杂乱涂画。
7. 画面具有适量细节。可以简单，但主要对象的基本结构能够表达清楚。
8. 房屋、树木、人物的比例大致协调，没有极端小型化或比例失调。
9. 房屋、树木和人物之间的关系自然，没有极端隔离或不连贯的空间关系。
10. 线条自然、连续，没有异常大面积涂黑。

【支持异常的证据】
1. 人物缺少手臂，手臂被选择性省略。
2. 人物缺少腿部，腿部被选择性省略。
3. 房屋结构较为简单，但没有明显选择性缺失或结构扭曲。
4. 树木结构自然，没有明显截断或畸形。
5. 房屋、树木和人物的比例大致协调，没有极端小型化或比例失调。
6. 整体构图稳定，没有明显失衡或碎片化。
7. 线条自然、连续，没有异常大面积涂黑。"
dataset/HTP/01/00/01_00_01_0235.jpg,01,00,01,0.025957357762928745,"【支持正常的证据】
1. 房屋、树木、人物三个核心对象均能够清楚识别，并且基本完整。
2. 三个对象在画面中的大小适中，没有全部挤在极小区域，也没有明显超出或压迫整个画面。
3. 房、树、人之间保持自然、合理的空间距离，没有明显孤立或被大片空白强行分隔。
4. 三个对象能够形成基本连贯的场景，例如共享地面、方向一致、空间位置合理，整体看起来属于同一个环境，而不是三个互不相关的符号。
5. 整体构图稳定，没有明显失衡、极端偏向某个角落或严重碎片化。
6. 线条总体连续、自然、力度相对稳定，没有大量异常断裂、极端微弱或杂乱涂画。
7. 画面具有适量细节。可以简单，但主要对象的基本结构能够表达清楚。
8. 房屋、树木、人物之间的关系自然，没有极端隔离或不连贯的场景。
9. 没有大面积、无明显绘画目的的异常涂黑、重阴影或局部反复强调。

【支持异常的证据】
1. 人物头部、躯干、手臂和腿等主要身体结构基本完整。
2. 人物各身体部分连接关系自然，没有明显断裂、错位或无法解释的结构缺失。
3. 人物整体比例基本合理。允许存在普通儿童画、简笔画、卡通画中的比例误差，不要求符合严格人体解剖比例。
4. 人物大小与房屋、树木和整个画布基本协调，不存在极端小型化。
5. 如果人物尺寸允许，眼睛、鼻子、嘴等主要面部特征基本存在；如果人物很小，没有绘制完整五官也可以是正常表现。
6. 人物采用火柴人、单线手臂或单线腿的简单风格时，如果整个人物风格统一并且结构完整，不能因为简单就判断异常。
7. 人物可以正面、侧面或其他姿势，只要身体结构基本合理，都可以属于正常表现。
8. 普通衣服填色、头发填色或身体局部自然阴影不能作为异常证据。
9. 面部表情自然、中性、微笑或其他与场景协调的普通表情，可以支持正常判断。
10. 即使人物没有明显表情，只要画法简单且没有其他异常支持，也不能因为表情中性就判断异常。"
dataset/HTP/01/00/01_00_01_0236.jpg,01,00,01,0.009708474753363424,"【支持正常的证据】
1. 房屋、树木、人物三个核心对象均能够清楚识别，并且基本完整。
2. 三个对象在画面中的大小适中，没有全部挤在极小区域，也没有明显超出或压迫整个画面。
3. 房、树、人之间保持自然、合理的空间距离，没有明显孤立或被大片空白强行分隔。
4. 三个对象能够形成基本连贯的场景，例如共享地面、方向一致、空间位置合理，整体看起来属于同一个环境，而不是三个互不相关的符号。
5. 整体构图稳定，没有明显失衡、极端偏向某个角落或严重碎片化。
6. 线条总体连续、自然、力度相对稳定，没有大量异常断裂、极端微弱或杂乱涂画。
7. 画面具有适量细节。可以简单，但主要对象的基本结构能够表达清楚。
8. 房屋、树木、人物的比例大致协调，没有极端小型化或比例失调。
9. 房屋结构稳定，屋顶、墙壁等主要组成部分合理。
10. 树木结构自然，没有明显截断或畸形。
11. 人物身体主要结构完整，比例不存在严重失调。
12. 整体构图稳定且场景连贯，没有明显异常的大面积涂黑。
13. 线条自然、连续，没有异常大面积涂黑。
14. 人物和房屋、树木之间保持自然距离，没有极端隔离。
15. 画面存在多个相互独立的正常积极特征。

【支持异常的证据】
1. 无明显异常特征。"
dataset/HTP/01/00/01_00_01_0237.jpg,01,00,01,0.012431653620200803,"【支持正常的证据】
1. 房屋、树木、人物三个核心对象均能够清楚识别，并且基本完整。
2. 三个对象在画面中的大小适中，没有全部挤在极小区域，也没有明显超出或压迫整个画面。
3. 房、树、人之间保持自然、合理的空间距离，没有明显孤立或被大片空白强行分隔。
4. 三个对象能够形成基本连贯的场景，例如共享地面、方向一致、空间位置合理，整体看起来属于同一个环境。
5. 整体构图稳定，没有明显失衡、极端偏向某个角落或严重碎片化。
6. 线条总体连续、自然、力度相对稳定，没有大量异常断裂、极端微弱或杂乱涂画。
7. 画面具有适量细节。可以简单，但主要对象的基本结构能够表达清楚。
8. 房屋、树木、人物的比例大致协调，没有极端小型化或比例失调。
9. 房屋结构稳定，主要组成部分合理，没有明显倒塌、断裂或严重几何变形。
10. 树木结构自然，没有严重截断或畸形。
11. 人物身体主要结构完整，比例不存在严重失调。
12. 整体构图稳定且场景连贯。
13. 线条自然、连续，没有异常大面积涂黑。
14. 没有明显的选择性结构缺失。
15. 即使绘画较简单，其简化方式在整幅画中保持一致。

【支持异常的证据】
1. 无。"
dataset/HTP/01/00/01_00_01_0238.jpg,01,00,01,0.012431653620200803,"【支持正常的证据】
1. 房屋、树木、人物三个核心对象均能够清楚识别，并且基本完整。
2. 三个对象在画面中的大小适中，没有全部挤在极小区域，也没有明显超出或压迫整个画面。
3. 房、树、人之间保持自然、合理的空间距离，没有明显孤立或被大片空白强行分隔。
4. 三个对象能够形成基本连贯的场景，例如共享地面、方向一致、空间位置合理，整体看起来属于同一个环境，而不是三个互不相关的符号。
5. 整体构图稳定，没有明显失衡、极端偏向某个角落或严重碎片化。
6. 线条总体连续、自然、力度相对稳定，没有大量异常断裂、极端微弱或杂乱涂画。
7. 画面具有适量细节。可以简单，但主要对象的基本结构能够表达清楚。
8. 人物的身体结构基本完整，比例大致合理。
9. 房屋结构稳定，主要组成部分合理。
10. 树木结构自然，没有严重截断或畸形。
11. 整体构图稳定且场景连贯。
12. 线条自然、连续，没有异常大面积涂黑。
13. 没有明显的选择性结构缺失。

【支持异常的证据】
1. 无明显异常特征。"
dataset/HTP/01/00/01_00_01_0239.jpg,01,00,01,0.009708474753363424,"【支持正常的证据】
1. 房屋、树木、人物三个核心对象均能够清楚识别，并且基本完整。
2. 三个对象在画面中的大小适中，没有全部挤在极小区域，也没有明显超出或压迫整个画面。
3. 房、树、人之间保持自然、合理的空间距离，没有明显孤立或被大片空白强行分隔。
4. 三个对象能够形成基本连贯的场景，例如共享地面、方向一致、空间位置合理，整体看起来属于同一个环境，而不是三个互不相关的符号。
5. 整体构图稳定，没有明显失衡、极端偏向某个角落或严重碎片化。
6. 线条总体连续、自然、力度相对稳定，没有大量异常断裂、极端微弱或杂乱涂画。
7. 画面具有适量细节。可以简单，但主要对象的基本结构能够表达清楚。
8. 房屋、树木、人物的比例大致协调，没有极端小型化或比例失调。
9. 房屋结构稳定，屋顶、墙壁等主要组成部分合理。
10. 树木结构自然，没有明显截断或畸形。
11. 人物身体主要结构完整，比例不存在严重失调。
12. 整体构图稳定且场景连贯，没有明显异常的大面积涂黑。
13. 线条自然、连续，没有异常大面积涂黑。
14. 人物没有明显选择性结构缺失。
15. 画面存在多个相互独立的正常积极特征。

【支持异常的证据】
1. 无明显异常特征。"
dataset/HTP/01/00/01_00_01_0240.jpg,01,00,01,0.022977372418942873,"【支持正常的证据】
1. 房屋、树木、人物三个核心对象均能够清楚识别，并且基本完整。
2. 三个对象在画面中的大小适中，没有全部挤在极小区域，也没有明显超出或压迫整个画面。
3. 房、树、人之间保持自然、合理的空间距离，没有明显孤立或被大片空白强行分隔。
4. 三个对象能够形成基本连贯的场景，例如共享地面、方向一致、空间位置合理，整体看起来属于同一个环境。
5. 整体构图稳定，没有明显失衡、极端偏向某个角落或严重碎片化。
6. 线条总体连续、自然、力度相对稳定，没有大量异常断裂、极端微弱或杂乱涂画。
7. 画面具有适量细节。可以简单，但主要对象的基本结构能够表达清楚。
8. 房屋、树木、人物的比例大致协调，没有极端小型化或比例失调。
9. 房屋、树木和人物之间的关系自然，没有极端隔离或空间断开。
10. 线条自然、连续，没有异常大面积涂黑。

【支持异常的证据】
1. 人物的身体结构较为简单，但整体比例协调，没有明显选择性缺失或结构扭曲。
2. 房屋和树木的结构较为简单，但没有明显选择性缺失或结构扭曲。
3. 人物的四肢较为简单，但整体比例协调，没有明显选择性缺失或结构扭曲。
4. 房屋、树木和人物之间的关系自然，没有极端隔离或空间断开。"
dataset/HTP/01/00/01_00_01_0241.jpg,01,00,01,0.053403324903538434,"【支持正常的证据】
1. 房屋、树木、人物三个核心对象均能够清楚识别，并且基本完整。
2. 三个对象在画面中的大小适中，没有全部挤在极小区域，也没有明显超出或压迫整个画面。
3. 房、树、人之间保持自然、合理的空间距离，没有明显孤立或被大片空白强行分隔。
4. 三个对象能够形成基本连贯的场景，例如共享地面、方向一致、空间位置合理，整体看起来属于同一个环境。
5. 整体构图稳定，没有明显失衡、极端偏向某个角落或严重碎片化。
6. 线条总体连续、自然、力度相对稳定，没有大量异常断裂、极端微弱或杂乱涂画。
7. 画面具有适量细节。可以简单，但主要对象的基本结构能够表达清楚。
8. 房屋、树木、人物的比例大致协调，没有极端小型化或比例失调。
9. 整体场景连贯，没有明显选择性结构缺失。
10. 线条自然、连续，没有异常大面积涂黑。

【支持异常的证据】
1. 人物缺少头部，这是明显的结构缺失。
2. 房屋缺少窗户，虽然这可能是绘画风格选择，但仍然算作选择性缺失。
3. 树木缺少叶子，但这是绘画风格选择，不算作异常。
4. 房屋、树木和人物之间存在一定的空间距离，但并不极端。"
dataset/HTP/01/00/01_00_01_0242.jpg,01,00,01,0.010986941578116865,"【支持正常的证据】
1. 房屋、树木、人物三个核心对象均能够清楚识别，并且基本完整。
2. 三个对象在画面中的大小适中，没有全部挤在极小区域，也没有明显超出或压迫整个画面。
3. 房、树、人之间保持自然、合理的空间距离，没有明显孤立或被大片空白强行分隔。
4. 三个对象能够形成基本连贯的场景，例如共享地面、方向一致、空间位置合理，整体看起来属于同一个环境，而不是三个互不相关的符号。
5. 整体构图稳定，没有明显失衡、极端偏向某个角落或严重碎片化。
6. 线条总体连续、自然、力度相对稳定，没有大量异常断裂、极端微弱或杂乱涂画。
7. 画面具有适量细节。可以简单，但主要对象的基本结构能够表达清楚。
8. 房屋、树木、人物的比例大致协调，没有极端小型化或比例失调。
9. 整体场景连贯，没有明显选择性结构缺失。
10. 线条自然、连续，没有异常大面积涂黑。

【支持异常的证据】
1. 无明显异常特征。"
dataset/HTP/01/00/01_00_01_0243.jpg,01,00,01,0.09534946232842245,"【支持正常的证据】
1. 房屋、树木、人物三个核心对象均能够清楚识别，并且基本完整。
2. 三个对象在画面中的大小适中，没有全部挤在极小区域，也没有明显超出或压迫整个画面。
3. 房、树、人之间保持自然、合理的空间距离，没有明显孤立或被大片空白强行分隔。
4. 三个对象能够形成基本连贯的场景，例如共享地面、方向一致、空间位置合理，整体看起来属于同一个环境。
5. 整体构图稳定，没有明显失衡、极端偏向某个角落或严重碎片化。
6. 线条总体连续、自然、力度相对稳定，没有大量异常断裂、极端微弱或杂乱涂画。
7. 画面具有适量细节。可以简单，但主要对象的基本结构能够表达清楚。
8. 房屋、树木、人物的比例大致协调，没有极端小型化或比例失调。
9. 整体场景连贯，没有明显选择性结构缺失。
10. 线条自然、连续，没有异常大面积涂黑。

【支持异常的证据】
1. 房屋、树木、人物中的一个或多个核心对象完全缺失，且无法由裁剪、遮挡或画法解释。
2. 整幅画极度简化，只剩极少线条，大量重要结构同时消失，整体信息量异常低。
3. 房、树、人整体只占巨大画布中极小区域，周围存在大量空白。
4. 三个对象之间距离极端遥远，某个对象明显孤立，或者整个场景严重碎片化。
5. 存在大量非常微弱、间断、犹豫、僵硬或严重潦草的线条。
6. 存在异常大面积涂黑、重度阴影或某个对象被明显过度强调。"
dataset/HTP/01/00/01_00_01_0244.jpg,01,00,01,0.010986941578116865,"【支持正常的证据】
1. 房屋、树木、人物三个核心对象均能够清楚识别，并且基本完整。
2. 三个对象在画面中的大小适中，没有全部挤在极小区域，也没有明显超出或压迫整个画面。
3. 房、树、人之间保持自然、合理的空间距离，没有明显孤立或被大片空白强行分隔。
4. 三个对象能够形成基本连贯的场景，例如共享地面、方向一致、空间位置合理，整体看起来属于同一个环境。
5. 整体构图稳定，没有明显失衡、极端偏向某个角落或严重碎片化。
6. 线条总体连续、自然、力度相对稳定，没有大量异常断裂、极端微弱或杂乱涂画。
7. 画面具有适量细节。可以简单，但主要对象的基本结构能够表达清楚。
8. 房屋、树木、人物的比例大致协调，没有极端小型化或比例失调。
9. 房屋结构稳定，没有明显倒塌、断裂或严重几何变形。
10. 树木结构自然，没有明显截断或畸形。
11. 人物身体主要结构完整，比例不存在严重失调。
12. 整体构图稳定且场景连贯，没有明显异常的大面积涂黑或极端小型化。
13. 线条自然、连续，没有异常大面积涂黑。
14. 人物没有明显选择性结构缺失，整体绘画风格统一。
15. 房屋、树木和人物之间保持自然距离，没有极端隔离。

【支持异常的证据】
1. 无。"
dataset/HTP/01/00/01_00_01_0245.jpg,01,00,01,0.010986941578116865,"【支持正常的证据】
1. 房屋、树木、人物三个核心对象均能够清楚识别，并且基本完整。
2. 三个对象在画面中的大小适中，没有全部挤在极小区域，也没有明显超出或压迫整个画面。
3. 房、树、人之间保持自然、合理的空间距离，没有明显孤立或被大片空白强行分隔。
4. 三个对象能够形成基本连贯的场景，例如共享地面、方向一致、空间位置合理，整体看起来属于同一个环境，而不是三个互不相关的符号。
5. 整体构图稳定，没有明显失衡、极端偏向某个角落或严重碎片化。
6. 线条总体连续、自然、力度相对稳定，没有大量异常断裂、极端微弱或杂乱涂画。
7. 画面具有适量细节。可以简单，但主要对象的基本结构能够表达清楚。
8. 房屋、树木、人物的比例大致协调，没有极端小型化或比例失调。
9. 房屋、树木和人物之间的关系自然，没有极端隔离或不连贯的空间关系。
10. 线条自然、连续，没有异常大面积涂黑。

【支持异常的证据】
1. 无明显异常特征。"
dataset/HTP/01/00/01_00_01_0246.jpg,01,00,01,0.2689414213699951,"【支持正常的证据】
1. 房屋、树木、人物三个核心对象均能够清楚识别，并且基本完整。
2. 三个对象在画面中的大小适中，没有全部挤在极小区域，也没有明显超出或压迫整个画面。
3. 房、树、人之间保持自然、合理的空间距离，没有明显孤立或被大片空白强行分隔。
4. 三个对象能够形成基本连贯的场景，例如共享地面、方向一致、空间位置合理，整体看起来属于同一个环境。
5. 整体构图稳定，没有明显失衡、极端偏向某个角落或严重碎片化。
6. 线条总体连续、自然、力度相对稳定，没有大量异常断裂、极端微弱或杂乱涂画。
7. 画面具有适量细节。可以简单，但主要对象的基本结构能够表达清楚。
8. 房屋、树木、人物的比例大致协调，没有极端小型化或比例失调。
9. 房屋结构稳定，主要组成部分合理，没有明显倒塌、断裂或严重几何变形。
10. 树木结构自然，没有严重截断或畸形。
11. 人物身体主要结构完整，比例不存在严重失调。
12. 整体构图稳定且场景连贯。
13. 线条自然、连续，没有异常大面积涂黑。
14. 没有明显的选择性结构缺失。
15. 即使绘画较简单，其简化方式在整幅画中保持一致。
16. 仅存在少数能够由绘画水平、年龄、风格或普通构图解释的轻微异常。

【支持异常的证据】
1. 人物头部明显缺失，没有完成。
2. 房屋结构较为完整，但明显选择性缺少门。
3. 房屋相对于画布以及其他对象极端微小或被严重边缘化。
4. 房屋的屋顶与墙体断开，表现出明显不稳定或坍塌感。
5. 房屋被过度简化到主要结构难以辨认。
6. 树木相对于其他主体和画布极端微小。
7. 树干或树冠出现明显、突然、没有合理原因的截断。
8. 树木明确表现为死亡、严重枯萎、破损或大量枝干折断。
9. 树冠被异常压缩或严重扁平。
10. 树干、树冠、树枝之间存在明显不可能的连接关系、严重扭曲或结构断裂。
11. 房屋、树木和人物分别孤立在互不相关的区域。
12. 房屋、树木和人物的尺寸比例严重不协调。
13. 房屋、树木和人物之间在空间上和语义上明显断开，无法组成基本连贯场景。"
dataset/HTP/01/00/01_00_01_0247.jpg,01,00,01,0.025957357762928745,"【支持正常的证据】
1. 房屋、树木、人物三个核心对象均能够清楚识别，并且基本完整。
2. 三个对象在画面中的大小适中，没有全部挤在极小区域，也没有明显超出或压迫整个画面。
3. 房、树、人之间保持自然、合理的空间距离，没有明显孤立或被大片空白强行分隔。
4. 三个对象能够形成基本连贯的场景，例如共享地面、方向一致、空间位置合理，整体看起来属于同一个环境，而不是三个互不相关的符号。
5. 整体构图稳定，没有明显失衡、极端偏向某个角落或严重碎片化。
6. 线条总体连续、自然、力度相对稳定，没有大量异常断裂、极端微弱或杂乱涂画。
7. 画面具有适量细节。可以简单，但主要对象的基本结构能够表达清楚。
8. 房屋、树木、人物的比例大致协调，没有极端小型化或比例失调。
9. 房屋结构稳定，主要组成部分合理，没有明显倒塌、断裂或严重几何变形。
10. 树木结构自然，没有严重截断或畸形。
11. 人物身体主要结构完整，比例不存在严重失调。
12. 整体构图稳定且场景连贯。
13. 线条自然、连续，没有异常大面积涂黑。
14. 没有明显的选择性结构缺失。
15. 仅存在少数能够由绘画水平、年龄、风格或普通构图解释的轻微异常。

【支持异常的证据】
1. 人物头部、躯干、手臂和腿等主要身体结构基本完整。
2. 人物各身体部分连接关系自然，没有明显断裂、错位或无法解释的结构缺失。
3. 人物整体比例基本合理。
4. 人物大小与房屋、树木和整个画布基本协调。
5. 人物采用火柴人、单线手臂或单线腿的简单风格时，如果整个人物风格统一并且结构完整，不能因为简单就判断异常。
6. 人物可以正面、侧面或其他姿势，只要身体结构基本合理，都可以属于正常表现。
7. 普通衣服填色、头发填色或身体局部自然阴影不能作为异常证据。
8. 面部表情自然、中性、微笑或其他与场景协调的普通表情，可以支持正常判断。
9. 即使人物没有明显表情，只要画法简单且没有其他异常支持，也不能因为表情中性就判断异常。"
dataset/HTP/01/00/01_00_01_0248.jpg,01,00,01,0.13296423160844623,"【支持正常的证据】
1. 房屋、树木、人物三个核心对象均能够清楚识别，并且基本完整。
2. 三个对象在画面中的大小适中，没有全部挤在极小区域，也没有明显超出或压迫整个画面。
3. 房、树、人之间保持自然、合理的空间距离，没有明显孤立或被大片空白强行分隔。
4. 三个对象能够形成基本连贯的场景，例如共享地面、方向一致、空间位置合理，整体看起来属于同一个环境，而不是三个互不相关的符号。
5. 整体构图稳定，没有明显失衡、极端偏向某个角落或严重碎片化。
6. 线条总体连续、自然、力度相对稳定，没有大量异常断裂、极端微弱或杂乱涂画。
7. 画面具有适量细节。可以简单，但主要对象的基本结构能够表达清楚。
8. 房屋、树木、人物的比例大致协调，没有极端小型化或比例失调。
9. 整体场景连贯，没有明显选择性结构缺失。
10. 线条自然、连续，没有异常大面积涂黑。

【支持异常的证据】
1. 人物明显没有完成，例如主要身体区域完全缺失、头部缺失、躯干缺失、多个必要身体部分缺失，或者身体不同部分明显断开。
2. 房屋、树木和人物分别孤立在互不相关的区域。
3. 三个对象的尺寸比例严重不协调。
4. 不同对象之间在空间上和语义上明显断开，无法组成基本连贯场景。"
dataset/HTP/01/00/01_00_01_0249.jpg,01,00,01,0.06754668832401889,"【支持正常的证据】
1. 房屋、树木、人物三个核心对象均能够清楚识别，并且基本完整。
2. 三个对象在画面中的大小适中，没有全部挤在极小区域，也没有明显超出或压迫整个画面。
3. 房、树、人之间保持自然、合理的空间距离，没有明显孤立或被大片空白强行分隔。
4. 三个对象能够形成基本连贯的场景，例如共享地面、方向一致、空间位置合理，整体看起来属于同一个环境，而不是三个互不相关的符号。
5. 整体构图稳定，没有明显失衡、极端偏向某个角落或严重碎片化。
6. 线条总体连续、自然、力度相对稳定，没有大量异常断裂、极端微弱或杂乱涂画。
7. 画面具有适量细节。可以简单，但主要对象的基本结构能够表达清楚。
8. 没有大面积、无明显绘画目的的异常涂黑、重阴影或局部反复强调。

【支持异常的证据】
1. 房屋、树木、人物中的一个或多个核心对象完全缺失，且无法由裁剪、遮挡或画法解释。
2. 整幅画极度简化，只剩极少线条，大量重要结构同时消失，整体信息量异常低。
3. 房、树、人整体只占巨大画布中极小区域，周围存在大量空白。
4. 三个对象之间距离极端遥远，某个对象明显孤立，或者整个场景严重碎片化。
5. 对象像漂浮在不同区域，彼此几乎没有空间联系，整体场景严重不连贯。
6. 存在大量非常微弱、间断、犹豫、僵硬或严重潦草的线条。
7. 存在异常大面积涂黑、重度阴影或某个对象被明显过度强调。"
dataset/HTP/01/01/01_01_00_0000.jpg,01,01,01,0.03732688948593843,"【支持正常的证据】
1. 房屋、树木、人物三个核心对象均能够清楚识别，并且基本完整。
2. 三个对象在画面中的大小适中，没有全部挤在极小区域，也没有明显超出或压迫整个画面。
3. 房、树、人之间保持自然、合理的空间距离，没有明显孤立或被大片空白强行分隔。
4. 三个对象能够形成基本连贯的场景，例如共享地面、方向一致、空间位置合理，整体看起来属于同一个环境，而不是三个互不相关的符号。
5. 整体构图稳定，没有明显失衡、极端偏向某个角落或严重碎片化。
6. 线条总体连续、自然、力度相对稳定，没有大量异常断裂、极端微弱或杂乱涂画。
7. 画面具有适量细节。可以简单，但主要对象的基本结构能够表达清楚。
8. 房屋、树木、人物的比例大致协调，没有极端小型化或比例失调。
9. 房屋、树木和人物之间的关系自然，没有极端隔离或不连贯的空间关系。
10. 线条自然、连续，没有异常大面积涂黑。

【支持异常的证据】
1. 人物头部、躯干、手臂和腿等主要身体结构基本完整，但存在一些细节不足。
2. 房屋结构较为完整，但存在一些细节不足，如窗户未完全画出。
3. 树木结构自然，但存在一些细节不足，如树枝未完全画出。
4. 房屋、树木和人物的比例大致协调，但存在一些轻微的比例失调。
5. 房屋、树木和人物之间的关系自然，但存在一些轻微的空间关系不连贯。
6. 线条自然、连续，但存在一些轻微的线条断裂或犹豫。"
dataset/HTP/01/01/01_01_00_0001.png,01,01,01,0.014063626423394072,"【支持正常的证据】
1. 房屋、树木、人物三个核心对象均能够清楚识别，并且基本完整。
2. 三个对象在画面中的大小适中，没有全部挤在极小区域，也没有明显超出或压迫整个画面。
3. 房、树、人之间保持自然、合理的空间距离，没有明显孤立或被大片空白强行分隔。
4. 三个对象能够形成基本连贯的场景，例如共享地面、方向一致、空间位置合理，整体看起来属于同一个环境，而不是三个互不相关的符号。
5. 整体构图稳定，没有明显失衡、极端偏向某个角落或严重碎片化。
6. 线条总体连续、自然、力度相对稳定，没有大量异常断裂、极端微弱或杂乱涂画。
7. 画面具有适量细节。可以简单，但主要对象的基本结构能够表达清楚。
8. 房屋、树木、人物的比例大致协调，没有极端小型化或比例失调。
9. 房屋、树木和人物之间的关系自然，没有极端隔离或不连贯的空间关系。
10. 线条自然、连续，没有异常大面积涂黑。

【支持异常的证据】
1. 无明显异常特征。"
dataset/HTP/01/01/01_01_00_0002.png,01,01,01,0.014063626423394072,"【支持正常的证据】
1. 房屋、树木、人物三个核心对象均能够清楚识别，并且基本完整。
2. 三个对象在画面中的大小适中，没有全部挤在极小区域，也没有明显超出或压迫整个画面。
3. 房、树、人之间保持自然、合理的空间距离，没有明显孤立或被大片空白强行分隔。
4. 三个对象能够形成基本连贯的场景，例如共享地面、方向一致、空间位置合理，整体看起来属于同一个环境。
5. 整体构图稳定，没有明显失衡、极端偏向某个角落或严重碎片化。
6. 线条总体连续、自然、力度相对稳定，没有大量异常断裂、极端微弱或杂乱涂画。
7. 画面具有适量细节。可以简单，但主要对象的基本结构能够表达清楚。
8. 房屋、树木、人物的比例大致协调，没有极端小型化。
9. 房屋、树木和人物的相对大小基本合理，没有非常极端的尺寸差异。
10. 人物身体主要结构完整，比例不存在严重失调。
11. 整体构图稳定且场景连贯，没有明显异常的大面积涂黑。
12. 人物没有明显选择性结构缺失，例如没有缺失手臂或腿部。
13. 房屋结构稳定，主要组成部分合理。
14. 树木结构自然，没有严重截断或畸形。
15. 人物身体各部分连接关系自然，没有明显断裂、错位或无法解释的结构缺失。
16. 人物大小与房屋、树木和整个画布基本协调，不存在极端小型化。
17. 人物采用火柴人、单线手臂或单线腿的简单风格时，如果整个人物风格统一并且结构完整，不能因为简单就判断异常。
18. 人物可以正面、侧面或其他姿势，只要身体结构基本合理，都可以属于正常表现。
19. 人物没有明显选择性缺失，例如没有缺失头部或躯干。
20. 人物没有明显异常的大面积涂黑。
21. 人物没有明显的选择性结构缺失，例如没有缺失手臂或腿部。
22. 房屋、树木和人物之间保持自然距离，没有某个对象被极端隔离。
23. 人物能够自然地处于房屋和树木形成的环境中，而不是完全脱离其他对象。
24. 即使对象之间没有互动，只要整体空间组织清楚、稳定、协调，也属于正常构图。

【支持异常的证据】
1. 无。"
dataset/HTP/01/01/01_01_00_0003.jpg,01,01,01,0.010986941578116865,"【支持正常的证据】
1. 房屋、树木、人物三个核心对象均能够清楚识别，并且基本完整。
2. 三个对象在画面中的大小适中，没有全部挤在极小区域，也没有明显超出或压迫整个画面。
3. 房、树、人之间保持自然、合理的空间距离，没有明显孤立或被大片空白强行分隔。
4. 三个对象能够形成基本连贯的场景，例如共享地面、方向一致、空间位置合理，整体看起来属于同一个环境，而不是三个互不相关的符号。
5. 整体构图稳定，没有明显失衡、极端偏向某个角落或严重碎片化。
6. 线条总体连续、自然、力度相对稳定，没有大量异常断裂、极端微弱或杂乱涂画。
7. 画面具有适量细节。可以简单，但主要对象的基本结构能够表达清楚。
8. 房屋、树木、人物的比例大致协调，没有极端小型化或比例失调。
9. 房屋、树木和人物之间的关系自然，没有极端隔离或空间关系异常。
10. 线条自然、连续，没有异常大面积涂黑。

【支持异常的证据】
1. 无明显异常特征。"
dataset/HTP/01/01/01_01_00_0004.png,01,01,01,0.010986941578116865,"【支持正常的证据】
1. 房屋、树木、人物三个核心对象均能够清楚识别，并且基本完整。
2. 三个对象在画面中的大小适中，没有全部挤在极小区域，也没有明显超出或压迫整个画面。
3. 房、树、人之间保持自然、合理的空间距离，没有明显孤立或被大片空白强行分隔。
4. 三个对象能够形成基本连贯的场景，例如共享地面、方向一致、空间位置合理，整体看起来属于同一个环境，而不是三个互不相关的符号。
5. 整体构图稳定，没有明显失衡、极端偏向某个角落或严重碎片化。
6. 线条总体连续、自然、力度相对稳定，没有大量异常断裂、极端微弱或杂乱涂画。
7. 画面具有适量细节。可以简单，但主要对象的基本结构能够表达清楚。
8. 房屋、树木、人物的比例大致协调，没有极端小型化或比例失调。
9. 整体场景连贯，没有明显选择性结构缺失。
10. 线条自然、连续，没有异常大面积涂黑。

【支持异常的证据】
1. 无。"
dataset/HTP/01/01/01_01_00_0005.jpg,01,01,01,0.010986941578116865,"【支持正常的证据】
1. 房屋、树木、人物三个核心对象均能够清楚识别，并且基本完整。
2. 三个对象在画面中的大小适中，没有全部挤在极小区域，也没有明显超出或压迫整个画面。
3. 房、树、人之间保持自然、合理的空间距离，没有明显孤立或被大片空白强行分隔。
4. 三个对象能够形成基本连贯的场景，例如共享地面、方向一致、空间位置合理，整体看起来属于同一个环境，而不是三个互不相关的符号。
5. 整体构图稳定，没有明显失衡、极端偏向某个角落或严重碎片化。
6. 线条总体连续、自然、力度相对稳定，没有大量异常断裂、极端微弱或杂乱涂画。
7. 画面具有适量细节。可以简单，但主要对象的基本结构能够表达清楚。
8. 房屋、树木、人物的比例大致协调，没有极端小型化或比例失调。
9. 房屋、树木和人物之间的关系自然，没有极端隔离或空间关系异常。
10. 整体构图稳定且场景连贯，没有大面积异常涂黑或阴影。

【支持异常的证据】
1. 无明显异常特征。"
dataset/HTP/01/01/01_01_00_0006.jpg,01,01,01,0.010986941578116865,"【支持正常的证据】
1. 房屋、树木、人物三个核心对象均能够清楚识别，并且基本完整。
2. 三个对象在画面中的大小适中，没有全部挤在极小区域，也没有明显超出或压迫整个画面。
3. 房、树、人之间保持自然、合理的空间距离，没有明显孤立或被大片空白强行分隔。
4. 三个对象能够形成基本连贯的场景，例如共享地面、方向一致、空间位置合理，整体看起来属于同一个环境。
5. 整体构图稳定，没有明显失衡、极端偏向某个角落或严重碎片化。
6. 线条总体连续、自然、力度相对稳定，没有大量异常断裂、极端微弱或杂乱涂画。
7. 画面具有适量细节。可以简单，但主要对象的基本结构能够表达清楚。
8. 树木和人物的位置关系合理，人物能够自然地处于房屋和树木形成的环境中。
9. 线条自然、连续，没有异常大面积涂黑。

【支持异常的证据】
1. 无。"
dataset/HTP/01/01/01_01_00_0007.jpg,01,01,01,0.010986941578116865,"【支持正常的证据】
1. 房屋、树木、人物三个核心对象均能够清楚识别，并且基本完整。
2. 三个对象在画面中的大小适中，没有全部挤在极小区域，也没有明显超出或压迫整个画面。
3. 房、树、人之间保持自然、合理的空间距离，没有明显孤立或被大片空白强行分隔。
4. 三个对象能够形成基本连贯的场景，例如共享地面、方向一致、空间位置合理，整体看起来属于同一个环境，而不是三个互不相关的符号。
5. 整体构图稳定，没有明显失衡、极端偏向某个角落或严重碎片化。
6. 线条总体连续、自然、力度相对稳定，没有大量异常断裂、极端微弱或杂乱涂画。
7. 画面具有适量细节。可以简单，但主要对象的基本结构能够表达清楚。
8. 房屋、树木、人物的比例大致协调，没有极端小型化或比例失调。
9. 房屋、树木和人物之间的关系自然，没有极端隔离或不连贯的空间关系。
10. 线条自然、连续，没有异常大面积涂黑。

【支持异常的证据】
1. 无明显异常特征。"
dataset/HTP/01/01/01_01_00_0008.jpg,01,01,01,0.022977372418942873,"【支持正常的证据】
1. 房屋、树木、人物三个核心对象均能够清楚识别，并且基本完整。
2. 三个对象在画面中的大小适中，没有全部挤在极小区域，也没有明显超出或压迫整个画面。
3. 房、树、人之间保持自然、合理的空间距离，没有明显孤立或被大片空白强行分隔。
4. 三个对象能够形成基本连贯的场景，例如共享地面、方向一致、空间位置合理，整体看起来属于同一个环境，而不是三个互不相关的符号。
5. 整体构图稳定，没有明显失衡、极端偏向某个角落或严重碎片化。
6. 线条总体连续、自然、力度相对稳定，没有大量异常断裂、极端微弱或杂乱涂画。
7. 画面具有适量细节。可以简单，但主要对象的基本结构能够表达清楚。
8. 房屋、树木、人物之间保持自然的距离，没有极端隔离。
9. 整体场景连贯，没有大面积、无明显绘画目的的异常涂黑、重阴影或局部反复强调。

【支持异常的证据】
1. 人物头部、躯干、手臂和腿等主要身体结构基本完整。
2. 人物各身体部分连接关系自然，没有明显断裂、错位或无法解释的结构缺失。
3. 人物整体比例基本合理。
4. 人物大小与房屋、树木和整个画布基本协调，不存在极端小型化。
5. 人物采用火柴人、单线手臂或单线腿的简单风格时，如果整个人物风格统一并且结构完整，不能因为简单就判断异常。
6. 人物可以正面、侧面或其他姿势，只要身体结构基本合理，都可以属于正常表现。
7. 普通衣服填色、头发填色或身体局部自然阴影不能作为异常证据。
8. 面部表情自然、中性、微笑或其他与场景协调的普通表情，可以支持正常判断。
9. 即使人物没有明显表情，只要画法简单且没有其他异常支持，也不能因为表情中性就判断异常。"
dataset/HTP/01/01/01_01_01_0000.jpg,01,01,01,0.07585817323116976,"【支持正常的证据】
1. 房屋、树木、人物三个核心对象均能够清楚识别，并且基本完整。
2. 三个对象在画面中的大小适中，没有全部挤在极小区域，也没有明显超出或压迫整个画面。
3. 房、树、人之间保持自然、合理的空间距离，没有明显孤立或被大片空白强行分隔。
4. 三个对象能够形成基本连贯的场景，例如共享地面、方向一致、空间位置合理，整体看起来属于同一个环境，而不是三个互不相关的符号。
5. 整体构图稳定，没有明显失衡、极端偏向某个角落或严重碎片化。
6. 线条总体连续、自然、力度相对稳定，没有大量异常断裂、极端微弱或杂乱涂画。
7. 画面具有适量细节。可以简单，但主要对象的基本结构能够表达清楚。
8. 没有大面积、无明显绘画目的的异常涂黑、重阴影或局部反复强调。

【支持异常的证据】
1. 房屋、树木、人物中的一个或多个核心对象完全缺失，且无法由裁剪、遮挡或画法解释。
2. 整幅画极度简化，只剩极少线条，大量重要结构同时消失，整体信息量异常低。
3. 房、树、人整体只占巨大画布中极小区域，周围存在大量空白。
4. 三个对象之间距离极端遥远，某个对象明显孤立，或者整个场景严重碎片化。
5. 对象像漂浮在不同区域，彼此几乎没有空间联系，整体场景严重不连贯。
6. 存在大量非常微弱、间断、犹豫、僵硬或严重潦草的线条。
7. 存在异常大面积涂黑、重度阴影或某个对象被明显过度强调。"
dataset/HTP/01/01/01_01_01_0001.jpg,01,01,01,0.06754668832401889,"【支持正常的证据】
1. 房屋、树木、人物三个核心对象均能够清楚识别，并且基本完整。
2. 三个对象在画面中的大小适中，没有全部挤在极小区域，也没有明显超出或压迫整个画面。
3. 房、树、人之间保持自然、合理的空间距离，没有明显孤立或被大片空白强行分隔。
4. 三个对象能够形成基本连贯的场景，例如共享地面、方向一致、空间位置合理，整体看起来属于同一个环境，而不是三个互不相关的符号。
5. 整体构图稳定，没有明显失衡、极端偏向某个角落或严重碎片化。
6. 线条总体连续、自然、力度相对稳定，没有大量异常断裂、极端微弱或杂乱涂画。
7. 画面具有适量细节。可以简单，但主要对象的基本结构能够表达清楚。
8. 没有大面积、无明显绘画目的的异常涂黑、重阴影或局部反复强调。

【支持异常的证据】
1. 房屋、树木、人物中的一个或多个核心对象完全缺失，且无法由裁剪、遮挡或画法解释。
2. 整幅画极度简化，只剩极少线条，大量重要结构同时消失，整体信息量异常低。
3. 房、树、人整体只占巨大画布中极小区域，周围存在大量空白。
4. 三个对象之间距离极端遥远，某个对象明显孤立，或者整个场景严重碎片化。
5. 对象像漂浮在不同区域，彼此几乎没有空间联系，整体场景严重不连贯。
6. 存在大量非常微弱、间断、犹豫、僵硬或严重潦草的线条。
7. 存在异常大面积涂黑、重度阴影或某个对象被明显过度强调。"
dataset/HTP/01/01/01_01_01_0002.jpg,01,01,01,0.10669058897496679,"【支持正常的证据】
1. 房屋、树木、人物三个核心对象均能够清楚识别，并且基本完整。
2. 三个对象在画面中的大小适中，没有全部挤在极小区域，也没有明显超出或压迫整个画面。
3. 房、树、人之间保持自然、合理的空间距离，没有明显孤立或被大片空白强行分隔。
4. 三个对象能够形成基本连贯的场景，例如共享地面、方向一致、空间位置合理，整体看起来属于同一个环境，而不是三个互不相关的符号。
5. 整体构图稳定，没有明显失衡、极端偏向某个角落或严重碎片化。
6. 线条总体连续、自然、力度相对稳定，没有大量异常断裂、极端微弱或杂乱涂画。
7. 画面具有适量细节。可以简单，但主要对象的基本结构能够表达清楚。
8. 没有大面积、无明显绘画目的的异常涂黑、重阴影或局部反复强调。

【支持异常的证据】
1. 房屋、树木、人物中的一个或多个核心对象完全缺失，且无法由裁剪、遮挡或画法解释。
2. 整幅画极度简化，只剩极少线条，大量重要结构同时消失，整体信息量异常低。
3. 房、树、人整体只占巨大画布中极小区域，周围存在大量空白。
4. 三个对象之间距离极端遥远，某个对象明显孤立，或者整个场景严重碎片化。
5. 对象像漂浮在不同区域，彼此几乎没有空间联系，整体场景严重不连贯。
6. 存在大量非常微弱、间断、犹豫、僵硬或严重潦草的线条。
7. 存在异常大面积涂黑、重度阴影或某个对象被明显过度强调。"
dataset/HTP/01/01/01_01_01_0021.jpg,01,01,01,0.06754668832401889,"【支持正常的证据】
1. 房屋、树木、人物三个核心对象均能够清楚识别，并且基本完整。
2. 三个对象在画面中的大小适中，没有全部挤在极小区域，也没有明显超出或压迫整个画面。
3. 房、树、人之间保持自然、合理的空间距离，没有明显孤立或被大片空白强行分隔。
4. 三个对象能够形成基本连贯的场景，例如共享地面、方向一致、空间位置合理，整体看起来属于同一个环境，而不是三个互不相关的符号。
5. 整体构图稳定，没有明显失衡、极端偏向某个角落或严重碎片化。
6. 线条总体连续、自然、力度相对稳定，没有大量异常断裂、极端微弱或杂乱涂画。
7. 画面具有适量细节。可以简单，但主要对象的基本结构能够表达清楚。
8. 没有大面积、无明显绘画目的的异常涂黑、重阴影或局部反复强调。

【支持异常的证据】
1. 房屋、树木、人物中的一个或多个核心对象完全缺失，且无法由裁剪、遮挡或画法解释。
2. 整幅画极度简化，只剩极少线条，大量重要结构同时消失，整体信息量异常低。
3. 房、树、人整体只占巨大画布中极小区域，周围存在大量空白。
4. 三个对象之间距离极端遥远，某个对象明显孤立，或者整个场景严重碎片化。
5. 对象像漂浮在不同区域，彼此几乎没有空间联系，整体场景严重不连贯。
6. 存在大量非常微弱、间断、犹豫、僵硬或严重潦草的线条。
7. 存在异常大面积涂黑、重度阴影或某个对象被明显过度强调。"
dataset/HTP/01/01/01_01_01_0029.jpg,01,01,01,0.10669058897496679,"【支持正常的证据】
1. 房屋、树木、人物三个核心对象均能够清楚识别，并且基本完整。
2. 三个对象在画面中的大小适中，没有全部挤在极小区域，也没有明显超出或压迫整个画面。
3. 房、树、人之间保持自然、合理的空间距离，没有明显孤立或被大片空白强行分隔。
4. 三个对象能够形成基本连贯的场景，例如共享地面、方向一致、空间位置合理，整体看起来属于同一个环境，而不是三个互不相关的符号。
5. 整体构图稳定，没有明显失衡、极端偏向某个角落或严重碎片化。
6. 线条总体连续、自然、力度相对稳定，没有大量异常断裂、极端微弱或杂乱涂画。
7. 画面具有适量细节。可以简单，但主要对象的基本结构能够表达清楚。
8. 房屋、树木、人物的比例大致协调，没有极端小型化或比例失调。
9. 房屋、树木和人物之间的关系自然，没有极端隔离或不连贯的空间关系。
10. 线条自然、连续，没有异常大面积涂黑。

【支持异常的证据】
1. 人物头部、躯干、手臂和腿等主要身体结构基本完整，但人物的眼睛、鼻子、嘴巴等面部特征缺失。
2. 房屋结构较为完整，但缺少窗户。
3. 树木结构自然，但缺少树叶。
4. 房屋、树木和人物的比例协调，但人物相对于房屋和树木显得较小。
5. 房屋、树木和人物之间的空间关系自然，但人物的位置略显偏远。
6. 线条自然、连续，但人物的四肢线条较为简单，可能是单线表示。"
dataset/HTP/01/01/01_01_01_0039.jpg,01,01,01,0.01798621187025419,"【支持正常的证据】
1. 房屋、树木、人物三个核心对象均能够清楚识别，并且基本完整。
2. 三个对象在画面中的大小适中，没有全部挤在极小区域，也没有明显超出或压迫整个画面。
3. 房、树、人之间保持自然、合理的空间距离，没有明显孤立或被大片空白强行分隔。
4. 三个对象能够形成基本连贯的场景，例如共享地面、方向一致、空间位置合理，整体看起来属于同一个环境，而不是三个互不相关的符号。
5. 整体构图稳定，没有明显失衡、极端偏向某个角落或严重碎片化。
6. 线条总体连续、自然、力度相对稳定，没有大量异常断裂、极端微弱或杂乱涂画。
7. 画面具有适量细节。可以简单，但主要对象的基本结构能够表达清楚。
8. 房屋、树木、人物的比例大致协调，没有极端小型化或比例失调。
9. 房屋、树木和人物之间的关系自然，没有极端隔离或不连贯的空间关系。
10. 线条自然、连续，没有异常大面积涂黑。

【支持异常的证据】
1. 无明显异常特征。"
dataset/HTP/01/01/01_01_01_0049.jpg,01,01,01,0.015906393344589397,"【支持正常的证据】
1. 房屋、树木、人物三个核心对象均能够清楚识别，并且基本完整。
2. 三个对象在画面中的大小适中，没有全部挤在极小区域，也没有明显超出或压迫整个画面。
3. 房、树、人之间保持自然、合理的空间距离，没有明显孤立或被大片空白强行分隔。
4. 三个对象能够形成基本连贯的场景，例如共享地面、方向一致、空间位置合理，整体看起来属于同一个环境，而不是三个互不相关的符号。
5. 整体构图稳定，没有明显失衡、极端偏向某个角落或严重碎片化。
6. 线条总体连续、自然、力度相对稳定，没有大量异常断裂、极端微弱或杂乱涂画。
7. 画面具有适量细节。可以简单，但主要对象的基本结构能够表达清楚。
8. 没有大面积、无明显绘画目的的异常涂黑、重阴影或局部反复强调。

【支持异常的证据】
1. 无明显异常特征。"
dataset/HTP/01/01/01_01_01_0058.jpg,01,01,01,0.13296423160844623,"【支持正常的证据】
1. 房屋、树木、人物三个核心对象均能够清楚识别，并且基本完整。
2. 三个对象在画面中的大小适中，没有全部挤在极小区域，也没有明显超出或压迫整个画面。
3. 房、树、人之间保持自然、合理的空间距离，没有明显孤立或被大片空白强行分隔。
4. 三个对象能够形成基本连贯的场景，例如共享地面、方向一致、空间位置合理，整体看起来属于同一个环境，而不是三个互不相关的符号。
5. 整体构图稳定，没有明显失衡、极端偏向某个角落或严重碎片化。
6. 线条总体连续、自然、力度相对稳定，没有大量异常断裂、极端微弱或杂乱涂画。
7. 画面具有适量细节。可以简单，但主要对象的基本结构能够表达清楚。
8. 没有大面积、无明显绘画目的的异常涂黑、重阴影或局部反复强调。

【支持异常的证据】
1. 树木相对于其他主体和画布极端微小。
2. 树木明确表现为死亡、严重枯萎、破损或大量枝干折断，而不是单纯没有叶子。"
dataset/HTP/01/01/01_01_01_0086.jpg,01,01,01,0.012431653620200803,"【支持正常的证据】
1. 房屋、树木、人物三个核心对象均能够清楚识别，并且基本完整。
2. 三个对象在画面中的大小适中，没有全部挤在极小区域，也没有明显超出或压迫整个画面。
3. 房、树、人之间保持自然、合理的空间距离，没有明显孤立或被大片空白强行分隔。
4. 三个对象能够形成基本连贯的场景，例如共享地面、方向一致、空间位置合理，整体看起来属于同一个环境，而不是三个互不相关的符号。
5. 整体构图稳定，没有明显失衡、极端偏向某个角落或严重碎片化。
6. 线条总体连续、自然、力度相对稳定，没有大量异常断裂、极端微弱或杂乱涂画。
7. 画面具有适量细节。可以简单，但主要对象的基本结构能够表达清楚。
8. 房屋、树木、人物的比例大致协调，没有极端小型化或比例失调。
9. 整体构图稳定且场景连贯，没有明显异常的大面积涂黑、极端小型化或异常隔离。
10. 人物身体主要结构完整，比例不存在严重失调。

【支持异常的证据】
1. 无明显异常特征。"
dataset/HTP/01/01/01_01_01_0095.jpg,01,01,01,0.11920291732853862,"【支持正常的证据】
1. 房屋、树木、人物三个核心对象均能够清楚识别，并且基本完整。
2. 三个对象在画面中的大小适中，没有全部挤在极小区域，也没有明显超出或压迫整个画面。
3. 房、树、人之间保持自然、合理的空间距离，没有明显孤立或被大片空白强行分隔。
4. 三个对象能够形成基本连贯的场景，例如共享地面、方向一致、空间位置合理，整体看起来属于同一个环境。
5. 整体构图稳定，没有明显失衡、极端偏向某个角落或严重碎片化。
6. 线条总体连续、自然、力度相对稳定，没有大量异常断裂、极端微弱或杂乱涂画。
7. 画面具有适量细节。可以简单，但主要对象的基本结构能够表达清楚。
8. 房屋、树木、人物的比例大致协调，没有极端小型化或比例失调。
9. 整体场景连贯，没有明显选择性结构缺失。
10. 线条自然、连续，没有异常大面积涂黑。

【支持异常的证据】
1. 房屋、树木、人物中的一个或多个核心对象完全缺失，且无法由裁剪、遮挡或画法解释。
2. 整幅画极度简化，只剩极少线条，大量重要结构同时消失，整体信息量异常低。
3. 房、树、人整体只占巨大画布中极小区域，周围存在大量空白。
4. 三个对象之间距离极端遥远，某个对象明显孤立，或者整个场景严重碎片化。
5. 存在大量非常微弱、间断、犹豫、僵硬或严重潦草的线条。
6. 存在异常大面积涂黑、重度阴影或某个对象被明显过度强调。"
dataset/HTP/01/01/01_01_01_0096.jpg,01,01,01,0.09534946232842245,"【支持正常的证据】
1. 房屋、树木、人物三个核心对象均能够清楚识别，并且基本完整。
2. 三个对象在画面中的大小适中，没有全部挤在极小区域，也没有明显超出或压迫整个画面。
3. 房、树、人之间保持自然、合理的空间距离，没有明显孤立或被大片空白强行分隔。
4. 三个对象能够形成基本连贯的场景，例如共享地面、方向一致、空间位置合理，整体看起来属于同一个环境，而不是三个互不相关的符号。
5. 整体构图稳定，没有明显失衡、极端偏向某个角落或严重碎片化。
6. 线条总体连续、自然、力度相对稳定，没有大量异常断裂、极端微弱或杂乱涂画。
7. 画面具有适量细节。可以简单，但主要对象的基本结构能够表达清楚。
8. 没有大面积、无明显绘画目的的异常涂黑、重阴影或局部反复强调。

【支持异常的证据】
1. 房屋、树木、人物中的一个或多个核心对象完全缺失，且无法由裁剪、遮挡或画法解释。
2. 整幅画极度简化，只剩极少线条，大量重要结构同时消失，整体信息量异常低。
3. 房、树、人整体只占巨大画布中极小区域，周围存在大量空白。
4. 三个对象之间距离极端遥远，某个对象明显孤立，或者整个场景严重碎片化。
5. 对象像漂浮在不同区域，彼此几乎没有空间联系，整体场景严重不连贯。
6. 存在大量非常微弱、间断、犹豫、僵硬或严重潦草的线条。
7. 存在异常大面积涂黑、重度阴影或某个对象被明显过度强调。"
dataset/HTP/01/01/01_01_01_0114.jpg,01,01,01,0.11920291732853862,"【支持正常的证据】
1. 房屋、树木、人物三个核心对象均能够清楚识别，并且基本完整。
2. 三个对象在画面中的大小适中，没有全部挤在极小区域，也没有明显超出或压迫整个画面。
3. 房、树、人之间保持自然、合理的空间距离，没有明显孤立或被大片空白强行分隔。
4. 三个对象能够形成基本连贯的场景，例如共享地面、方向一致、空间位置合理，整体看起来属于同一个环境，而不是三个互不相关的符号。
5. 整体构图稳定，没有明显失衡、极端偏向某个角落或严重碎片化。
6. 线条总体连续、自然、力度相对稳定，没有大量异常断裂、极端微弱或杂乱涂画。
7. 画面具有适量细节。可以简单，但主要对象的基本结构能够表达清楚。
8. 如果存在草地、道路、太阳、云、花、地面等环境元素，并且与主体自然结合，可以作为场景完整和组织良好的积极证据。
9. 没有大面积、无明显绘画目的的异常涂黑、重阴影或局部反复强调。

【支持异常的证据】
1. 房屋、树木、人物中的一个或多个核心对象完全缺失，且无法由裁剪、遮挡或画法解释。
2. 整幅画极度简化，只剩极少线条，大量重要结构同时消失，整体信息量异常低。
3. 房、树、人整体只占巨大画布中极小区域，周围存在大量空白。
4. 三个对象之间距离极端遥远，某个对象明显孤立，或者整个场景严重碎片化。
5. 对象像漂浮在不同区域，彼此几乎没有空间联系，整体场景严重不连贯。
6. 存在大量非常微弱、间断、犹豫、僵硬或严重潦草的线条。
7. 存在异常大面积涂黑、重度阴影或某个对象被明显过度强调。"
dataset/HTP/01/01/01_01_01_0125.jpg,01,01,01,0.014063626423394072,"【支持正常的证据】
1. 房屋、树木、人物三个核心对象均能够清楚识别，并且基本完整。
2. 三个对象在画面中的大小适中，没有全部挤在极小区域，也没有明显超出或压迫整个画面。
3. 房、树、人之间保持自然、合理的空间距离，没有明显孤立或被大片空白强行分隔。
4. 三个对象能够形成基本连贯的场景，例如共享地面、方向一致、空间位置合理，整体看起来属于同一个环境，而不是三个互不相关的符号。
5. 整体构图稳定，没有明显失衡、极端偏向某个角落或严重碎片化。
6. 线条总体连续、自然、力度相对稳定，没有大量异常断裂、极端微弱或杂乱涂画。
7. 画面具有适量细节。可以简单，但主要对象的基本结构能够表达清楚。
8. 房屋、树木、人物的比例大致协调，没有极端小型化或比例失调。
9. 整体构图稳定且场景连贯，没有明显异常的大面积涂黑、极端小型化或异常隔离。
10. 人物身体主要结构完整，比例不存在严重失调。

【支持异常的证据】
1. 无明显异常特征。"
dataset/HTP/01/01/01_01_01_0135.jpg,01,01,01,0.015906393344589397,"【支持正常的证据】
1. 房屋、树木、人物三个核心对象均能够清楚识别，并且基本完整。
2. 三个对象在画面中的大小适中，没有全部挤在极小区域，也没有明显超出或压迫整个画面。
3. 房、树、人之间保持自然、合理的空间距离，没有明显孤立或被大片空白强行分隔。
4. 三个对象能够形成基本连贯的场景，例如共享地面、方向一致、空间位置合理，整体看起来属于同一个环境，而不是三个互不相关的符号。
5. 整体构图稳定，没有明显失衡、极端偏向某个角落或严重碎片化。
6. 线条总体连续、自然、力度相对稳定，没有大量异常断裂、极端微弱或杂乱涂画。
7. 画面具有适量细节。可以简单，但主要对象的基本结构能够表达清楚。
8. 没有大面积、无明显绘画目的的异常涂黑、重阴影或局部反复强调。

【支持异常的证据】
1. 无明显异常特征。"
dataset/HTP/01/01/01_01_01_0146.jpg,01,01,01,0.015906393344589397,"【支持正常的证据】
1. 房屋、树木、人物三个核心对象均能够清楚识别，并且基本完整。
2. 三个对象在画面中的大小适中，没有全部挤在极小区域，也没有明显超出或压迫整个画面。
3. 房、树、人之间保持自然、合理的空间距离，没有明显孤立或被大片空白强行分隔。
4. 三个对象能够形成基本连贯的场景，例如共享地面、方向一致、空间位置合理，整体看起来属于同一个环境，而不是三个互不相关的符号。
5. 整体构图稳定，没有明显失衡、极端偏向某个角落或严重碎片化。
6. 线条总体连续、自然、力度相对稳定，没有大量异常断裂、极端微弱或杂乱涂画。
7. 画面具有适量细节。可以简单，但主要对象的基本结构能够表达清楚。
8. 房屋、树木、人物的比例大致协调，没有极端小型化或比例失调。
9. 房屋、树木和人物之间的关系自然，没有极端隔离或不连贯的空间关系。
10. 线条自然、连续，没有异常大面积涂黑。

【支持异常的证据】
1. 无明显异常特征。"
dataset/HTP/01/01/01_01_01_0157.jpg,01,01,01,0.08509904732734556,"【支持正常的证据】
1. 房屋、树木、人物三个核心对象均能够清楚识别，并且基本完整。
2. 三个对象在画面中的大小适中，没有全部挤在极小区域，也没有明显超出或压迫整个画面。
3. 房、树、人之间保持自然、合理的空间距离，没有明显孤立或被大片空白强行分隔。
4. 三个对象能够形成基本连贯的场景，例如共享地面、方向一致、空间位置合理，整体看起来属于同一个环境。
5. 整体构图稳定，没有明显失衡、极端偏向某个角落或严重碎片化。
6. 线条总体连续、自然、力度相对稳定，没有大量异常断裂、极端微弱或杂乱涂画。
7. 画面具有适量细节。可以简单，但主要对象的基本结构能够表达清楚。
8. 没有大面积、无明显绘画目的的异常涂黑、重阴影或局部反复强调。

【支持异常的证据】
1. 树木相对于其他主体和画布极端微小。
2. 树木明确表现为死亡、严重枯萎、破损或大量枝干折断，而不是单纯没有叶子。"
dataset/HTP/01/01/01_01_01_0166.jpg,01,01,01,0.012431653620200803,"【支持正常的证据】
1. 房屋、树木、人物三个核心对象均能够清楚识别，并且基本完整。
2. 三个对象在画面中的大小适中，没有全部挤在极小区域，也没有明显超出或压迫整个画面。
3. 房、树、人之间保持自然、合理的空间距离，没有明显孤立或被大片空白强行分隔。
4. 三个对象能够形成基本连贯的场景，例如共享地面、方向一致、空间位置合理，整体看起来属于同一个环境，而不是三个互不相关的符号。
5. 整体构图稳定，没有明显失衡、极端偏向某个角落或严重碎片化。
6. 线条总体连续、自然、力度相对稳定，没有大量异常断裂、极端微弱或杂乱涂画。
7. 画面具有适量细节。可以简单，但主要对象的基本结构能够表达清楚。
8. 房屋、树木、人物的比例大致协调，没有极端小型化或比例失调。
9. 整体构图稳定且场景连贯，没有明显异常的大面积涂黑、极端小型化或异常隔离。
10. 人物身体主要结构完整，比例不存在严重失调。

【支持异常的证据】
1. 无明显异常特征。"
dataset/HTP/01/01/01_01_01_0176.jpg,01,01,01,0.14804719991116141,"【支持正常的证据】
1. 房屋、树木、人物三个核心对象均能够清楚识别，并且基本完整。
2. 三个对象在画面中的大小适中，没有全部挤在极小区域，也没有明显超出或压迫整个画面。
3. 房、树、人之间保持自然、合理的空间距离，没有明显孤立或被大片空白强行分隔。
4. 三个对象能够形成基本连贯的场景，例如共享地面、方向一致、空间位置合理，整体看起来属于同一个环境。
5. 整体构图稳定，没有明显失衡、极端偏向某个角落或严重碎片化。
6. 线条总体连续、自然、力度相对稳定，没有大量异常断裂、极端微弱或杂乱涂画。
7. 画面具有适量细节。可以简单，但主要对象的基本结构能够表达清楚。
8. 没有大面积、无明显绘画目的的异常涂黑、重阴影或局部反复强调。

【支持异常的证据】
1. 树木相对于其他主体和画布极端微小。
2. 树干或树冠出现明显、突然、没有合理原因的截断。
3. 树木明确表现为死亡、严重枯萎、破损或大量枝干折断，而不是单纯没有叶子。
4. 树冠被异常压缩或严重扁平。
5. 树干、树冠、树枝之间存在明显不可能的连接关系、严重扭曲或结构断裂。"
dataset/HTP/01/01/01_01_01_0195.jpg,01,01,01,0.0293122327122782,"【支持正常的证据】
1. 房屋、树木、人物三个核心对象均能够清楚识别，并且基本完整。
2. 三个对象在画面中的大小适中，没有全部挤在极小区域，也没有明显超出或压迫整个画面。
3. 房、树、人之间保持自然、合理的空间距离，没有明显孤立或被大片空白强行分隔。
4. 三个对象能够形成基本连贯的场景，例如共享地面、方向一致、空间位置合理，整体看起来属于同一个环境。
5. 整体构图稳定，没有明显失衡、极端偏向某个角落或严重碎片化。
6. 线条总体连续、自然、力度相对稳定，没有大量异常断裂、极端微弱或杂乱涂画。
7. 画面具有适量细节。可以简单，但主要对象的基本结构能够表达清楚。
8. 房屋、树木、人物之间保持自然的距离，没有极端隔离。
9. 整体构图协调，没有大面积异常涂黑或阴影。

【支持异常的证据】
1. 人物头部、躯干、手臂和腿等主要身体结构基本完整。
2. 人物各身体部分连接关系自然，没有明显断裂、错位或无法解释的结构缺失。
3. 人物整体比例基本合理。
4. 人物大小与房屋、树木和整个画布基本协调。
5. 人物采用火柴人、单线手臂或单线腿的简单风格时，如果整个人物风格统一并且结构完整，不能因为简单就判断异常。
6. 人物可以正面、侧面或其他姿势，只要身体结构基本合理，都可以属于正常表现。
7. 普通衣服填色、头发填色或身体局部自然阴影不能作为异常证据。
8. 面部表情自然、中性、微笑或其他与场景协调的普通表情，可以支持正常判断。
9. 即使人物没有明显表情，只要画法简单且没有其他异常支持，也不能因为表情中性就判断异常。"
dataset/HTP/01/01/01_01_01_0196.jpg,01,01,01,0.06754668832401889,"【支持正常的证据】
1. 房屋、树木、人物三个核心对象均能够清楚识别，并且基本完整。
2. 三个对象在画面中的大小适中，没有全部挤在极小区域，也没有明显超出或压迫整个画面。
3. 房、树、人之间保持自然、合理的空间距离，没有明显孤立或被大片空白强行分隔。
4. 三个对象能够形成基本连贯的场景，例如共享地面、方向一致、空间位置合理，整体看起来属于同一个环境，而不是三个互不相关的符号。
5. 整体构图稳定，没有明显失衡、极端偏向某个角落或严重碎片化。
6. 线条总体连续、自然、力度相对稳定，没有大量异常断裂、极端微弱或杂乱涂画。
7. 画面具有适量细节。可以简单，但主要对象的基本结构能够表达清楚。
8. 没有大面积、无明显绘画目的的异常涂黑、重阴影或局部反复强调。

【支持异常的证据】
1. 房屋、树木、人物中的一个或多个核心对象完全缺失，且无法由裁剪、遮挡或画法解释。
2. 整幅画极度简化，只剩极少线条，大量重要结构同时消失，整体信息量异常低。
3. 房、树、人整体只占巨大画布中极小区域，周围存在大量空白。
4. 三个对象之间距离极端遥远，某个对象明显孤立，或者整个场景严重碎片化。
5. 对象像漂浮在不同区域，彼此几乎没有空间联系，整体场景严重不连贯。
6. 存在大量非常微弱、间断、犹豫、僵硬或严重潦草的线条。
7. 存在异常大面积涂黑、重度阴影或某个对象被明显过度强调。"
dataset/HTP/01/01/01_01_01_0205.jpg,01,01,01,0.014063626423394072,"【支持正常的证据】
1. 房屋、树木、人物三个核心对象均能够清楚识别，并且基本完整。
2. 三个对象在画面中的大小适中，没有全部挤在极小区域，也没有明显超出或压迫整个画面。
3. 房、树、人之间保持自然、合理的空间距离，没有明显孤立或被大片空白强行分隔。
4. 三个对象能够形成基本连贯的场景，例如共享地面、方向一致、空间位置合理，整体看起来属于同一个环境，而不是三个互不相关的符号。
5. 整体构图稳定，没有明显失衡、极端偏向某个角落或严重碎片化。
6. 线条总体连续、自然、力度相对稳定，没有大量异常断裂、极端微弱或杂乱涂画。
7. 画面具有适量细节。可以简单，但主要对象的基本结构能够表达清楚。
8. 房屋、树木、人物之间保持自然的距离，没有极端隔离。
9. 整体构图协调，没有明显选择性结构缺失。
10. 线条自然、连续，没有异常大面积涂黑。

【支持异常的证据】
1. 无明显异常特征。"
dataset/HTP/01/01/01_01_01_0216.jpg,01,01,01,0.08509904732734556,"【支持正常的证据】
1. 房屋、树木、人物三个核心对象均能够清楚识别，并且基本完整。
2. 三个对象在画面中的大小适中，没有全部挤在极小区域，也没有明显超出或压迫整个画面。
3. 房、树、人之间保持自然、合理的空间距离，没有明显孤立或被大片空白强行分隔。
4. 三个对象能够形成基本连贯的场景，例如共享地面、方向一致、空间位置合理，整体看起来属于同一个环境，而不是三个互不相关的符号。
5. 整体构图稳定，没有明显失衡、极端偏向某个角落或严重碎片化。
6. 线条总体连续、自然、力度相对稳定，没有大量异常断裂、极端微弱或杂乱涂画。
7. 画面具有适量细节。可以简单，但主要对象的基本结构能够表达清楚。
8. 没有大面积、无明显绘画目的的异常涂黑、重阴影或局部反复强调。

【支持异常的证据】
1. 房屋、树木、人物中的一个或多个核心对象完全缺失，且无法由裁剪、遮挡或画法解释。
2. 整幅画极度简化，只剩极少线条，大量重要结构同时消失，整体信息量异常低。
3. 房、树、人整体只占巨大画布中极小区域，周围存在大量空白。
4. 三个对象之间距离极端遥远，某个对象明显孤立，或者整个场景严重碎片化。
5. 对象像漂浮在不同区域，彼此几乎没有空间联系，整体场景严重不连贯。
6. 存在大量非常微弱、间断、犹豫、僵硬或严重潦草的线条。
7. 存在异常大面积涂黑、重度阴影或某个对象被明显过度强调。"
dataset/HTP/01/01/01_01_01_0225.jpg,01,01,01,0.014063626423394072,"【支持正常的证据】
1. 房屋、树木、人物三个核心对象均能够清楚识别，并且基本完整。
2. 三个对象在画面中的大小适中，没有全部挤在极小区域，也没有明显超出或压迫整个画面。
3. 房、树、人之间保持自然、合理的空间距离，没有明显孤立或被大片空白强行分隔。
4. 三个对象能够形成基本连贯的场景，例如共享地面、方向一致、空间位置合理，整体看起来属于同一个环境，而不是三个互不相关的符号。
5. 整体构图稳定，没有明显失衡、极端偏向某个角落或严重碎片化。
6. 线条总体连续、自然、力度相对稳定，没有大量异常断裂、极端微弱或杂乱涂画。
7. 画面具有适量细节。可以简单，但主要对象的基本结构能够表达清楚。
8. 房屋、树木、人物的比例大致协调，没有极端小型化或比例失调。
9. 整体场景连贯，没有明显选择性结构缺失。
10. 线条自然、连续，没有异常大面积涂黑。

【支持异常的证据】
1. 无明显异常特征。"
dataset/HTP/01/01/01_01_01_0236.jpg,01,01,01,0.012431653620200803,"【支持正常的证据】
1. 房屋、树木、人物三个核心对象均能够清楚识别，并且基本完整。
2. 三个对象在画面中的大小适中，没有全部挤在极小区域，也没有明显超出或压迫整个画面。
3. 房、树、人之间保持自然、合理的空间距离，没有明显孤立或被大片空白强行分隔。
4. 三个对象能够形成基本连贯的场景，例如共享地面、方向一致、空间位置合理，整体看起来属于同一个环境，而不是三个互不相关的符号。
5. 整体构图稳定，没有明显失衡、极端偏向某个角落或严重碎片化。
6. 线条总体连续、自然、力度相对稳定，没有大量异常断裂、极端微弱或杂乱涂画。
7. 画面具有适量细节。可以简单，但主要对象的基本结构能够表达清楚。
8. 房屋、树木、人物的比例大致协调，没有极端小型化或比例失调。
9. 房屋、树木和人物之间的关系自然，没有极端隔离或不连贯的空间关系。
10. 线条自然、连续，没有异常大面积涂黑。

【支持异常的证据】
1. 无明显异常特征。"
dataset/HTP/01/01/01_01_01_0245.jpg,01,01,01,0.01798621187025419,"【支持正常的证据】
1. 房屋、树木、人物三个核心对象均能够清楚识别，并且基本完整。
2. 三个对象在画面中的大小适中，没有全部挤在极小区域，也没有明显超出或压迫整个画面。
3. 房、树、人之间保持自然、合理的空间距离，没有明显孤立或被大片空白强行分隔。
4. 三个对象能够形成基本连贯的场景，例如共享地面、方向一致、空间位置合理，整体看起来属于同一个环境，而不是三个互不相关的符号。
5. 整体构图稳定，没有明显失衡、极端偏向某个角落或严重碎片化。
6. 线条总体连续、自然、力度相对稳定，没有大量异常断裂、极端微弱或杂乱涂画。
7. 画面具有适量细节。可以简单，但主要对象的基本结构能够表达清楚。
8. 没有大面积、无明显绘画目的的异常涂黑、重阴影或局部反复强调。

【支持异常的证据】
1. 无明显异常特征。"
dataset/HTP/01/01/01_01_01_0254.jpg,01,01,01,0.014063626423394072,"【支持正常的证据】
1. 房屋、树木、人物三个核心对象均能够清楚识别，并且基本完整。
2. 三个对象在画面中的大小适中，没有全部挤在极小区域，也没有明显超出或压迫整个画面。
3. 房、树、人之间保持自然、合理的空间距离，没有明显孤立或被大片空白强行分隔。
4. 三个对象能够形成基本连贯的场景，例如共享地面、方向一致、空间位置合理，整体看起来属于同一个环境，而不是三个互不相关的符号。
5. 整体构图稳定，没有明显失衡、极端偏向某个角落或严重碎片化。
6. 线条总体连续、自然、力度相对稳定，没有大量异常断裂、极端微弱或杂乱涂画。
7. 画面具有适量细节。可以简单，但主要对象的基本结构能够表达清楚。
8. 房屋、树木、人物的比例大致协调，没有极端小型化或比例失调。
9. 整体场景连贯，没有明显选择性结构缺失。
10. 线条自然、连续，没有异常大面积涂黑。

【支持异常的证据】
1. 无明显异常特征。"
dataset/HTP/01/01/01_01_01_0263.jpg,01,01,01,0.053403324903538434,"【支持正常的证据】
1. 房屋、树木、人物三个核心对象均能够清楚识别，并且基本完整。
2. 三个对象在画面中的大小适中，没有全部挤在极小区域，也没有明显超出或压迫整个画面。
3. 房、树、人之间保持自然、合理的空间距离，没有明显孤立或被大片空白强行分隔。
4. 三个对象能够形成基本连贯的场景，例如共享地面、方向一致、空间位置合理，整体看起来属于同一个环境。
5. 整体构图稳定，没有明显失衡、极端偏向某个角落或严重碎片化。
6. 线条总体连续、自然、力度相对稳定，没有大量异常断裂、极端微弱或杂乱涂画。
7. 画面具有适量细节。可以简单，但主要对象的基本结构能够表达清楚。
8. 房屋、树木、人物的比例大致协调，没有极端小型化或比例失调。
9. 整体场景连贯，没有明显选择性结构缺失。
10. 线条自然、连续，没有异常大面积涂黑。

【支持异常的证据】
1. 人物头部、躯干、手臂和腿等主要身体结构基本完整，但存在一些线条简单、比例不精确的情况。
2. 树木相对于其他主体和画布极端微小。
3. 房屋结构较为简单，没有明显的细节描绘，但整体比例协调。
4. 人物大小与房屋、树木和整个画布基本协调，但存在一些比例误差。
5. 树木相对于其他主体和画布极端微小。
6. 房屋结构较为简单，没有明显的细节描绘，但整体比例协调。"
dataset/HTP/01/01/01_01_01_0272.jpg,01,01,01,0.07585817323116976,"【支持正常的证据】
1. 房屋、树木、人物三个核心对象均能够清楚识别，并且基本完整。
2. 三个对象在画面中的大小适中，没有全部挤在极小区域，也没有明显超出或压迫整个画面。
3. 房、树、人之间保持自然、合理的空间距离，没有明显孤立或被大片空白强行分隔。
4. 三个对象能够形成基本连贯的场景，例如共享地面、方向一致、空间位置合理，整体看起来属于同一个环境，而不是三个互不相关的符号。
5. 整体构图稳定，没有明显失衡、极端偏向某个角落或严重碎片化。
6. 线条总体连续、自然、力度相对稳定，没有大量异常断裂、极端微弱或杂乱涂画。
7. 画面具有适量细节。可以简单，但主要对象的基本结构能够表达清楚。
8. 房屋、树木、人物的比例大致协调，没有极端小型化或比例失调。
9. 整体场景连贯，没有明显选择性结构缺失。
10. 线条自然、连续，没有异常大面积涂黑。

【支持异常的证据】
1. 房屋、树木、人物中的一个或多个核心对象完全缺失，且无法由裁剪、遮挡或画法解释。
2. 整幅画极度简化，只剩极少线条，大量重要结构同时消失，整体信息量异常低。
3. 房、树、人整体只占巨大画布中极小区域，周围存在大量空白。
4. 三个对象之间距离极端遥远，某个对象明显孤立，或者整个场景严重碎片化。
5. 存在大量非常微弱、间断、犹豫、僵硬或严重潦草的线条。
6. 存在异常大面积涂黑、重度阴影或某个对象被明显过度强调。"
dataset/HTP/01/01/01_01_01_0280.jpg,01,01,01,0.010986941578116865,"【支持正常的证据】
1. 房屋、树木、人物三个核心对象均能够清楚识别，并且基本完整。
2. 三个对象在画面中的大小适中，没有全部挤在极小区域，也没有明显超出或压迫整个画面。
3. 房、树、人之间保持自然、合理的空间距离，没有明显孤立或被大片空白强行分隔。
4. 三个对象能够形成基本连贯的场景，例如共享地面、方向一致、空间位置合理，整体看起来属于同一个环境，而不是三个互不相关的符号。
5. 整体构图稳定，没有明显失衡、极端偏向某个角落或严重碎片化。
6. 线条总体连续、自然、力度相对稳定，没有大量异常断裂、极端微弱或杂乱涂画。
7. 画面具有适量细节。可以简单，但主要对象的基本结构能够表达清楚。
8. 房屋、树木、人物的比例大致协调，没有极端小型化或比例失调。
9. 整体场景连贯，没有明显选择性结构缺失。
10. 线条自然、连续，没有异常大面积涂黑。

【支持异常的证据】
1. 无明显异常特征。"
dataset/HTP/01/01/01_01_01_0287.jpg,01,01,01,0.014063626423394072,"【支持正常的证据】
1. 房屋、树木、人物三个核心对象均能够清楚识别，并且基本完整。
2. 三个对象在画面中的大小适中，没有全部挤在极小区域，也没有明显超出或压迫整个画面。
3. 房、树、人之间保持自然、合理的空间距离，没有明显孤立或被大片空白强行分隔。
4. 三个对象能够形成基本连贯的场景，例如共享地面、方向一致、空间位置合理，整体看起来属于同一个环境，而不是三个互不相关的符号。
5. 整体构图稳定，没有明显失衡、极端偏向某个角落或严重碎片化。
6. 线条总体连续、自然、力度相对稳定，没有大量异常断裂、极端微弱或杂乱涂画。
7. 画面具有适量细节。可以简单，但主要对象的基本结构能够表达清楚。
8. 房屋、树木、人物的比例大致协调，没有极端小型化或比例失调。
9. 房屋、树木和人物之间的关系自然，没有极端隔离或不连贯的空间关系。
10. 线条自然、连续，没有异常大面积涂黑。

【支持异常的证据】
1. 无明显异常特征。"
dataset/HTP/01/01/01_01_01_0288.jpg,01,01,01,0.10669058897496679,"【支持正常的证据】
1. 房屋、树木、人物三个核心对象均能够清楚识别，并且基本完整。
2. 三个对象在画面中的大小适中，没有全部挤在极小区域，也没有明显超出或压迫整个画面。
3. 房、树、人之间保持自然、合理的空间距离，没有明显孤立或被大片空白强行分隔。
4. 三个对象能够形成基本连贯的场景，例如共享地面、方向一致、空间位置合理，整体看起来属于同一个环境，而不是三个互不相关的符号。
5. 整体构图稳定，没有明显失衡、极端偏向某个角落或严重碎片化。
6. 线条总体连续、自然、力度相对稳定，没有大量异常断裂、极端微弱或杂乱涂画。
7. 画面具有适量细节。可以简单，但主要对象的基本结构能够表达清楚。
8. 房屋、树木、人物的比例大致协调，没有极端小型化或比例失调。
9. 房屋、树木和人物之间的关系自然，没有极端隔离或不连贯的空间关系。
10. 线条自然、连续，没有异常大面积涂黑。

【支持异常的证据】
1. 人物头部缺失，没有完成。
2. 房屋结构较为简单，没有明显细节，如窗户、门等。
3. 树木结构简单，没有明显的树冠和树枝细节。
4. 房屋、树木和人物的比例有些不协调，人物显得较小。
5. 房屋、树木和人物之间的空间关系有些不自然，人物似乎没有合理地处于房屋和树木形成的环境中。"
dataset/HTP/01/01/01_01_01_0299.jpg,01,01,01,0.012431653620200803,"【支持正常的证据】
1. 房屋、树木、人物三个核心对象均能够清楚识别，并且基本完整。
2. 三个对象在画面中的大小适中，没有全部挤在极小区域，也没有明显超出或压迫整个画面。
3. 房、树、人之间保持自然、合理的空间距离，没有明显孤立或被大片空白强行分隔。
4. 三个对象能够形成基本连贯的场景，例如共享地面、方向一致、空间位置合理，整体看起来属于同一个环境，而不是三个互不相关的符号。
5. 整体构图稳定，没有明显失衡、极端偏向某个角落或严重碎片化。
6. 线条总体连续、自然、力度相对稳定，没有大量异常断裂、极端微弱或杂乱涂画。
7. 画面具有适量细节。可以简单，但主要对象的基本结构能够表达清楚。
8. 房屋、树木、人物的比例大致协调，没有极端小型化或比例失调。
9. 整体场景连贯，没有明显选择性结构缺失。
10. 线条自然、连续，没有异常大面积涂黑。

【支持异常的证据】
1. 无明显异常特征。"
dataset/HTP/01/01/01_01_01_0308.jpg,01,01,01,0.015906393344589397,"【支持正常的证据】
1. 房屋、树木、人物三个核心对象均能够清楚识别，并且基本完整。
2. 三个对象在画面中的大小适中，没有全部挤在极小区域，也没有明显超出或压迫整个画面。
3. 房、树、人之间保持自然、合理的空间距离，没有明显孤立或被大片空白强行分隔。
4. 三个对象能够形成基本连贯的场景，例如共享地面、方向一致、空间位置合理，整体看起来属于同一个环境，而不是三个互不相关的符号。
5. 整体构图稳定，没有明显失衡、极端偏向某个角落或严重碎片化。
6. 线条总体连续、自然、力度相对稳定，没有大量异常断裂、极端微弱或杂乱涂画。
7. 画面具有适量细节。可以简单，但主要对象的基本结构能够表达清楚。
8. 房屋、树木、人物的比例大致协调，没有极端小型化或比例失调。
9. 房屋、树木和人物之间的关系自然，没有极端隔离或空间关系异常。
10. 线条自然、连续，没有异常大面积涂黑。

【支持异常的证据】
1. 无明显异常特征。"
dataset/HTP/01/01/01_01_01_0319.jpg,01,01,01,0.02033235323135295,"【支持正常的证据】
1. 房屋、树木、人物三个核心对象均能够清楚识别，并且基本完整。
2. 三个对象在画面中的大小适中，没有全部挤在极小区域，也没有明显超出或压迫整个画面。
3. 房、树、人之间保持自然、合理的空间距离，没有明显孤立或被大片空白强行分隔。
4. 三个对象能够形成基本连贯的场景，例如共享地面、方向一致、空间位置合理，整体看起来属于同一个环境，而不是三个互不相关的符号。
5. 整体构图稳定，没有明显失衡、极端偏向某个角落或严重碎片化。
6. 线条总体连续、自然、力度相对稳定，没有大量异常断裂、极端微弱或杂乱涂画。
7. 画面具有适量细节。可以简单，但主要对象的基本结构能够表达清楚。
8. 没有大面积、无明显绘画目的的异常涂黑、重阴影或局部反复强调。

【支持异常的证据】
1. 无明显异常特征。"
dataset/HTP/01/01/01_01_01_0328.jpg,01,01,01,0.012431653620200803,"【支持正常的证据】
1. 房屋、树木、人物三个核心对象均能够清楚识别，并且基本完整。
2. 三个对象在画面中的大小适中，没有全部挤在极小区域，也没有明显超出或压迫整个画面。
3. 房、树、人之间保持自然、合理的空间距离，没有明显孤立或被大片空白强行分隔。
4. 三个对象能够形成基本连贯的场景，例如共享地面、方向一致、空间位置合理，整体看起来属于同一个环境，而不是三个互不相关的符号。
5. 整体构图稳定，没有明显失衡、极端偏向某个角落或严重碎片化。
6. 线条总体连续、自然、力度相对稳定，没有大量异常断裂、极端微弱或杂乱涂画。
7. 画面具有适量细节。可以简单，但主要对象的基本结构能够表达清楚。
8. 房屋、树木、人物的比例大致协调，没有极端小型化或比例失调。
9. 整体构图稳定且场景连贯，没有明显异常的大面积涂黑、极端小型化或异常隔离。
10. 人物身体主要结构完整，比例不存在严重失调。

【支持异常的证据】
1. 无明显异常特征。"
dataset/HTP/01/01/01_01_01_0337.jpg,01,01,01,0.014063626423394072,"【支持正常的证据】
1. 房屋、树木、人物三个核心对象均能够清楚识别，并且基本完整。
2. 三个对象在画面中的大小适中，没有全部挤在极小区域，也没有明显超出或压迫整个画面。
3. 房、树、人之间保持自然、合理的空间距离，没有明显孤立或被大片空白强行分隔。
4. 三个对象能够形成基本连贯的场景，例如共享地面、方向一致、空间位置合理，整体看起来属于同一个环境。
5. 整体构图稳定，没有明显失衡、极端偏向某个角落或严重碎片化。
6. 线条总体连续、自然、力度相对稳定，没有大量异常断裂、极端微弱或杂乱涂画。
7. 画面具有适量细节。可以简单，但主要对象的基本结构能够表达清楚。
8. 房屋、树木、人物的比例大致协调，没有极端小型化或比例失调。
9. 整体场景连贯，没有明显选择性结构缺失。
10. 线条自然、连续，没有异常大面积涂黑。

【支持异常的证据】
1. 无明显异常特征。"
dataset/HTP/01/01/01_01_01_0346.jpg,01,01,01,0.015906393344589397,"【支持正常的证据】
1. 房屋、树木、人物三个核心对象均能够清楚识别，并且基本完整。
2. 三个对象在画面中的大小适中，没有全部挤在极小区域，也没有明显超出或压迫整个画面。
3. 房、树、人之间保持自然、合理的空间距离，没有明显孤立或被大片空白强行分隔。
4. 三个对象能够形成基本连贯的场景，例如共享地面、方向一致、空间位置合理，整体看起来属于同一个环境，而不是三个互不相关的符号。
5. 整体构图稳定，没有明显失衡、极端偏向某个角落或严重碎片化。
6. 线条总体连续、自然、力度相对稳定，没有大量异常断裂、极端微弱或杂乱涂画。
7. 画面具有适量细节。可以简单，但主要对象的基本结构能够表达清楚。
8. 没有大面积、无明显绘画目的的异常涂黑、重阴影或局部反复强调。

【支持异常的证据】
1. 无明显异常特征。"
dataset/HTP/01/01/01_01_01_0353.jpg,01,01,01,0.07585817323116976,"【支持正常的证据】
1. 房屋、树木、人物三个核心对象均能够清楚识别，并且基本完整。
2. 三个对象在画面中的大小适中，没有全部挤在极小区域，也没有明显超出或压迫整个画面。
3. 房、树、人之间保持自然、合理的空间距离，没有明显孤立或被大片空白强行分隔。
4. 三个对象能够形成基本连贯的场景，例如共享地面、方向一致、空间位置合理，整体看起来属于同一个环境，而不是三个互不相关的符号。
5. 整体构图稳定，没有明显失衡、极端偏向某个角落或严重碎片化。
6. 线条总体连续、自然、力度相对稳定，没有大量异常断裂、极端微弱或杂乱涂画。
7. 画面具有适量细节。可以简单，但主要对象的基本结构能够表达清楚。
8. 草地、太阳、云、花、地面等环境元素与主体自然结合，可以作为场景完整和组织良好的积极证据。
9. 没有大面积、无明显绘画目的的异常涂黑、重阴影或局部反复强调。

【支持异常的证据】
1. 树木相对于其他主体和画布极端微小。
2. 树干或树冠出现明显、突然、没有合理原因的截断。
3. 树木明确表现为死亡、严重枯萎、破损或大量枝干折断，而不是单纯没有叶子。"
dataset/HTP/01/01/01_01_01_0363.jpg,01,01,01,0.06754668832401889,"【支持正常的证据】
1. 房屋、树木、人物三个核心对象均能够清楚识别，并且基本完整。
2. 三个对象在画面中的大小适中，没有全部挤在极小区域，也没有明显超出或压迫整个画面。
3. 房、树、人之间保持自然、合理的空间距离，没有明显孤立或被大片空白强行分隔。
4. 三个对象能够形成基本连贯的场景，例如共享地面、方向一致、空间位置合理，整体看起来属于同一个环境，而不是三个互不相关的符号。
5. 整体构图稳定，没有明显失衡、极端偏向某个角落或严重碎片化。
6. 线条总体连续、自然、力度相对稳定，没有大量异常断裂、极端微弱或杂乱涂画。
7. 画面具有适量细节。可以简单，但主要对象的基本结构能够表达清楚。
8. 如果存在草地、道路、太阳、云、花、地面等环境元素，并且与主体自然结合，可以作为场景完整和组织良好的积极证据。
9. 没有大面积、无明显绘画目的的异常涂黑、重阴影或局部反复强调。

【支持异常的证据】
1. 房屋、树木、人物中的一个或多个核心对象完全缺失，且无法由裁剪、遮挡或画法解释。
2. 整幅画极度简化，只剩极少线条，大量重要结构同时消失，整体信息量异常低。
3. 房、树、人整体只占巨大画布中极小区域，周围存在大量空白。
4. 三个对象之间距离极端遥远，某个对象明显孤立，或者整个场景严重碎片化。
5. 对象像漂浮在不同区域，彼此几乎没有空间联系，整体场景严重不连贯。
6. 存在大量非常微弱、间断、犹豫、僵硬或严重潦草的线条。
7. 存在异常大面积涂黑、重度阴影或某个对象被明显过度强调。"
dataset/HTP/01/01/01_01_01_0373.jpg,01,01,01,0.07585817323116976,"【支持正常的证据】
1. 房屋、树木、人物三个核心对象均能够清楚识别，并且基本完整。
2. 三个对象在画面中的大小适中，没有全部挤在极小区域，也没有明显超出或压迫整个画面。
3. 房、树、人之间保持自然、合理的空间距离，没有明显孤立或被大片空白强行分隔。
4. 三个对象能够形成基本连贯的场景，例如共享地面、方向一致、空间位置合理，整体看起来属于同一个环境，而不是三个互不相关的符号。
5. 整体构图稳定，没有明显失衡、极端偏向某个角落或严重碎片化。
6. 线条总体连续、自然、力度相对稳定，没有大量异常断裂、极端微弱或杂乱涂画。
7. 画面具有适量细节。可以简单，但主要对象的基本结构能够表达清楚。
8. 如果存在草地、道路、太阳、云、花、地面等环境元素，并且与主体自然结合，可以作为场景完整和组织良好的积极证据。
9. 没有大面积、无明显绘画目的的异常涂黑、重阴影或局部反复强调。

【支持异常的证据】
1. 房屋、树木、人物中的一个或多个核心对象完全缺失，且无法由裁剪、遮挡或画法解释。
2. 整幅画极度简化，只剩极少线条，大量重要结构同时消失，整体信息量异常低。
3. 房、树、人整体只占巨大画布中极小区域，周围存在大量空白。
4. 三个对象之间距离极端遥远，某个对象明显孤立，或者整个场景严重碎片化。
5. 对象像漂浮在不同区域，彼此几乎没有空间联系，整体场景严重不连贯。
6. 存在大量非常微弱、间断、犹豫、僵硬或严重潦草的线条。
7. 存在异常大面积涂黑、重度阴影或某个对象被明显过度强调。"
dataset/HTP/01/01/01_01_01_0383.jpg,01,01,01,0.04208773121980142,"【支持正常的证据】
1. 房屋、树木、人物三个核心对象均能够清楚识别，并且基本完整。
2. 三个对象在画面中的大小适中，没有全部挤在极小区域，也没有明显超出或压迫整个画面。
3. 房、树、人之间保持自然、合理的空间距离，没有明显孤立或被大片空白强行分隔。
4. 三个对象能够形成基本连贯的场景，例如共享地面、方向一致、空间位置合理，整体看起来属于同一个环境，而不是三个互不相关的符号。
5. 整体构图稳定，没有明显失衡、极端偏向某个角落或严重碎片化。
6. 线条总体连续、自然、力度相对稳定，没有大量异常断裂、极端微弱或杂乱涂画。
7. 画面具有适量细节。可以简单，但主要对象的基本结构能够表达清楚。
8. 房屋、树木、人物的比例大致协调，没有极端小型化或比例失调。
9. 整体构图稳定且场景连贯，没有明显异常的大面积涂黑、极端小型化或异常隔离。
10. 人物身体主要结构完整，比例不存在严重失调。

【支持异常的证据】
1. 人物缺少手臂，手臂被选择性省略。
2. 树木缺少叶子，可能是由于绘画风格或季节性因素导致。
3. 房屋缺少窗户，可能是选择性省略。
4. 房屋和树木的结构较为简单，可能是普通二维画法的表现。
5. 人物缺少表情，但这是简笔画风格的常见表现形式，不能单独判断为异常。"
dataset/HTP/01/01/01_01_01_0391.jpg,01,01,01,0.015906393344589397,"【支持正常的证据】
1. 房屋、树木、人物三个核心对象均能够清楚识别，并且基本完整。
2. 三个对象在画面中的大小适中，没有全部挤在极小区域，也没有明显超出或压迫整个画面。
3. 房、树、人之间保持自然、合理的空间距离，没有明显孤立或被大片空白强行分隔。
4. 三个对象能够形成基本连贯的场景，例如共享地面、方向一致、空间位置合理，整体看起来属于同一个环境。
5. 整体构图稳定，没有明显失衡、极端偏向某个角落或严重碎片化。
6. 线条总体连续、自然、力度相对稳定，没有大量异常断裂、极端微弱或杂乱涂画。
7. 画面具有适量细节。可以简单，但主要对象的基本结构能够表达清楚。
8. 没有大面积、无明显绘画目的的异常涂黑、重阴影或局部反复强调。

【支持异常的证据】
1. 无明显异常特征。"
dataset/HTP/01/01/01_01_01_0400.jpg,01,01,01,0.014063626423394072,"【支持正常的证据】
1. 房屋、树木、人物三个核心对象均能够清楚识别，并且基本完整。
2. 三个对象在画面中的大小适中，没有全部挤在极小区域，也没有明显超出或压迫整个画面。
3. 房、树、人之间保持自然、合理的空间距离，没有明显孤立或被大片空白强行分隔。
4. 三个对象能够形成基本连贯的场景，例如共享地面、方向一致、空间位置合理，整体看起来属于同一个环境，而不是三个互不相关的符号。
5. 整体构图稳定，没有明显失衡、极端偏向某个角落或严重碎片化。
6. 线条总体连续、自然、力度相对稳定，没有大量异常断裂、极端微弱或杂乱涂画。
7. 画面具有适量细节。可以简单，但主要对象的基本结构能够表达清楚。
8. 房屋、树木、人物的比例大致协调，没有极端小型化或比例失调。
9. 整体场景连贯，没有明显选择性结构缺失。
10. 线条自然、连续，没有异常大面积涂黑。

【支持异常的证据】
1. 无明显异常特征。"
dataset/HTP/01/01/01_01_01_0410.jpg,01,01,01,0.14804719991116141,"【支持正常的证据】
1. 房屋、树木、人物三个核心对象均能够清楚识别，并且基本完整。
2. 三个对象在画面中的大小适中，没有全部挤在极小区域，也没有明显超出或压迫整个画面。
3. 房、树、人之间保持自然、合理的空间距离，没有明显孤立或被大片空白强行分隔。
4. 三个对象能够形成基本连贯的场景，例如共享地面、方向一致、空间位置合理，整体看起来属于同一个环境，而不是三个互不相关的符号。
5. 整体构图稳定，没有明显失衡、极端偏向某个角落或严重碎片化。
6. 线条总体连续、自然、力度相对稳定，没有大量异常断裂、极端微弱或杂乱涂画。
7. 画面具有适量细节。可以简单，但主要对象的基本结构能够表达清楚。
8. 没有大面积、无明显绘画目的的异常涂黑、重阴影或局部反复强调。

【支持异常的证据】
1. 树木相对于其他主体和画布极端微小。
2. 树干或树冠出现明显、突然、没有合理原因的截断。
3. 树木明确表现为死亡、严重枯萎、破损或大量枝干折断，而不是单纯没有叶子。"
dataset/HTP/01/01/01_01_01_0430.jpg,01,01,01,0.14804719991116141,"【支持正常的证据】
1. 房屋、树木、人物三个核心对象均能够清楚识别，并且基本完整。
2. 三个对象在画面中的大小适中，没有全部挤在极小区域，也没有明显超出或压迫整个画面。
3. 房、树、人之间保持自然、合理的空间距离，没有明显孤立或被大片空白强行分隔。
4. 三个对象能够形成基本连贯的场景，例如共享地面、方向一致、空间位置合理，整体看起来属于同一个环境，而不是三个互不相关的符号。
5. 整体构图稳定，没有明显失衡、极端偏向某个角落或严重碎片化。
6. 线条总体连续、自然、力度相对稳定，没有大量异常断裂、极端微弱或杂乱涂画。
7. 画面具有适量细节。可以简单，但主要对象的基本结构能够表达清楚。
8. 没有大面积、无明显绘画目的的异常涂黑、重阴影或局部反复强调。

【支持异常的证据】
1. 人物明显没有完成，例如主要身体区域完全缺失、头部缺失、躯干缺失、多个必要身体部分缺失，或者身体不同部分明显断开。"
dataset/HTP/01/01/01_01_01_0441.jpg,01,01,01,0.012431653620200803,"【支持正常的证据】
1. 房屋、树木、人物三个核心对象均能够清楚识别，并且基本完整。
2. 三个对象在画面中的大小适中，没有全部挤在极小区域，也没有明显超出或压迫整个画面。
3. 房、树、人之间保持自然、合理的空间距离，没有明显孤立或被大片空白强行分隔。
4. 三个对象能够形成基本连贯的场景，例如共享地面、方向一致、空间位置合理，整体看起来属于同一个环境，而不是三个互不相关的符号。
5. 整体构图稳定，没有明显失衡、极端偏向某个角落或严重碎片化。
6. 线条总体连续、自然、力度相对稳定，没有大量异常断裂、极端微弱或杂乱涂画。
7. 画面具有适量细节。可以简单，但主要对象的基本结构能够表达清楚。
8. 房屋、树木、人物的比例大致协调，没有极端小型化或比例失调。
9. 整体场景连贯，没有明显选择性结构缺失。
10. 线条自然、连续，没有异常大面积涂黑。

【支持异常的证据】
1. 无明显异常特征。"
dataset/HTP/01/01/01_01_01_0451.jpg,01,01,01,0.08509904732734556,"【支持正常的证据】
1. 房屋、树木、人物三个核心对象均能够清楚识别，并且基本完整。
2. 三个对象在画面中的大小适中，没有全部挤在极小区域，也没有明显超出或压迫整个画面。
3. 房、树、人之间保持自然、合理的空间距离，没有明显孤立或被大片空白强行分隔。
4. 三个对象能够形成基本连贯的场景，例如共享地面、方向一致、空间位置合理，整体看起来属于同一个环境，而不是三个互不相关的符号。
5. 整体构图稳定，没有明显失衡、极端偏向某个角落或严重碎片化。
6. 线条总体连续、自然、力度相对稳定，没有大量异常断裂、极端微弱或杂乱涂画。
7. 画面具有适量细节。可以简单，但主要对象的基本结构能够表达清楚。
8. 房屋、树木、人物的比例大致协调，没有极端小型化或比例失调。
9. 整体场景连贯，没有明显选择性结构缺失。
10. 线条自然、连续，没有异常大面积涂黑。

【支持异常的证据】
1. 房屋、树木、人物中的一个或多个核心对象完全缺失，且无法由裁剪、遮挡或画法解释。
2. 整幅画极度简化，只剩极少线条，大量重要结构同时消失，整体信息量异常低。
3. 房、树、人整体只占巨大画布中极小区域，周围存在大量空白。
4. 三个对象之间距离极端遥远，某个对象明显孤立，或者整个场景严重碎片化。
5. 存在大量非常微弱、间断、犹豫、僵硬或严重潦草的线条。
6. 存在异常大面积涂黑、重度阴影或某个对象被明显过度强调。"
dataset/HTP/01/01/01_01_01_0461.jpg,01,01,01,0.014063626423394072,"【支持正常的证据】
1. 房屋、树木、人物三个核心对象均能够清楚识别，并且基本完整。
2. 三个对象在画面中的大小适中，没有全部挤在极小区域，也没有明显超出或压迫整个画面。
3. 房、树、人之间保持自然、合理的空间距离，没有明显孤立或被大片空白强行分隔。
4. 三个对象能够形成基本连贯的场景，例如共享地面、方向一致、空间位置合理，整体看起来属于同一个环境，而不是三个互不相关的符号。
5. 整体构图稳定，没有明显失衡、极端偏向某个角落或严重碎片化。
6. 线条总体连续、自然、力度相对稳定，没有大量异常断裂、极端微弱或杂乱涂画。
7. 画面具有适量细节。可以简单，但主要对象的基本结构能够表达清楚。
8. 房屋、树木、人物的比例大致协调，没有极端小型化或比例失调。
9. 房屋、树木和人物之间的关系自然，没有极端隔离或不连贯的空间关系。
10. 线条自然、连续，没有异常大面积涂黑。

【支持异常的证据】
1. 无明显异常特征。"
dataset/HTP/01/01/01_01_01_0472.jpg,01,01,01,0.014063626423394072,"【支持正常的证据】
1. 房屋、树木、人物三个核心对象均能够清楚识别，并且基本完整。
2. 三个对象在画面中的大小适中，没有全部挤在极小区域，也没有明显超出或压迫整个画面。
3. 房、树、人之间保持自然、合理的空间距离，没有明显孤立或被大片空白强行分隔。
4. 三个对象能够形成基本连贯的场景，例如共享地面、方向一致、空间位置合理，整体看起来属于同一个环境，而不是三个互不相关的符号。
5. 整体构图稳定，没有明显失衡、极端偏向某个角落或严重碎片化。
6. 线条总体连续、自然、力度相对稳定，没有大量异常断裂、极端微弱或杂乱涂画。
7. 画面具有适量细节。可以简单，但主要对象的基本结构能够表达清楚。
8. 没有大面积、无明显绘画目的的异常涂黑、重阴影或局部反复强调。

【支持异常的证据】
1. 无明显异常特征。"
dataset/HTP/01/01/01_01_01_0482.jpg,01,01,01,0.09534946232842245,"【支持正常的证据】
1. 房屋、树木、人物三个核心对象均能够清楚识别，并且基本完整。
2. 三个对象在画面中的大小适中，没有全部挤在极小区域，也没有明显超出或压迫整个画面。
3. 房、树、人之间保持自然、合理的空间距离，没有明显孤立或被大片空白强行分隔。
4. 三个对象能够形成基本连贯的场景，例如共享地面、方向一致、空间位置合理，整体看起来属于同一个环境，而不是三个互不相关的符号。
5. 整体构图稳定，没有明显失衡、极端偏向某个角落或严重碎片化。
6. 线条总体连续、自然、力度相对稳定，没有大量异常断裂、极端微弱或杂乱涂画。
7. 画面具有适量细节。可以简单，但主要对象的基本结构能够表达清楚。
8. 没有大面积、无明显绘画目的的异常涂黑、重阴影或局部反复强调。

【支持异常的证据】
1. 房屋、树木、人物中的一个或多个核心对象完全缺失，且无法由裁剪、遮挡或画法解释。
2. 整幅画极度简化，只剩极少线条，大量重要结构同时消失，整体信息量异常低。
3. 房、树、人整体只占巨大画布中极小区域，周围存在大量空白。
4. 三个对象之间距离极端遥远，某个对象明显孤立，或者整个场景严重碎片化。
5. 对象像漂浮在不同区域，彼此几乎没有空间联系，整体场景严重不连贯。
6. 存在大量非常微弱、间断、犹豫、僵硬或严重潦草的线条。
7. 存在异常大面积涂黑、重度阴影或某个对象被明显过度强调。"
dataset/HTP/01/01/01_01_01_0493.jpg,01,01,01,0.06754668832401889,"【支持正常的证据】
1. 房屋、树木、人物三个核心对象均能够清楚识别，并且基本完整。
2. 三个对象在画面中的大小适中，没有全部挤在极小区域，也没有明显超出或压迫整个画面。
3. 房、树、人之间保持自然、合理的空间距离，没有明显孤立或被大片空白强行分隔。
4. 三个对象能够形成基本连贯的场景，例如共享地面、方向一致、空间位置合理，整体看起来属于同一个环境，而不是三个互不相关的符号。
5. 整体构图稳定，没有明显失衡、极端偏向某个角落或严重碎片化。
6. 线条总体连续、自然、力度相对稳定，没有大量异常断裂、极端微弱或杂乱涂画。
7. 画面具有适量细节。可以简单，但主要对象的基本结构能够表达清楚。
8. 如果存在草地、道路、太阳、云、花、地面等环境元素，并且与主体自然结合，可以作为场景完整和组织良好的积极证据。
9. 没有大面积、无明显绘画目的的异常涂黑、重阴影或局部反复强调。

【支持异常的证据】
1. 房屋、树木、人物中的一个或多个核心对象完全缺失，且无法由裁剪、遮挡或画法解释。
2. 整幅画极度简化，只剩极少线条，大量重要结构同时消失，整体信息量异常低。
3. 房、树、人整体只占巨大画布中极小区域，周围存在大量空白。
4. 三个对象之间距离极端遥远，某个对象明显孤立，或者整个场景严重碎片化。
5. 对象像漂浮在不同区域，彼此几乎没有空间联系，整体场景严重不连贯。
6. 存在大量非常微弱、间断、犹豫、僵硬或严重潦草的线条。
7. 存在异常大面积涂黑、重度阴影或某个对象被明显过度强调。"
dataset/HTP/01/01/01_01_01_0511.jpg,01,01,01,0.11920291732853862,"【支持正常的证据】
1. 房屋、树木、人物三个核心对象均能够清楚识别，并且基本完整。
2. 三个对象在画面中的大小适中，没有全部挤在极小区域，也没有明显超出或压迫整个画面。
3. 房、树、人之间保持自然、合理的空间距离，没有明显孤立或被大片空白强行分隔。
4. 三个对象能够形成基本连贯的场景，例如共享地面、方向一致、空间位置合理，整体看起来属于同一个环境，而不是三个互不相关的符号。
5. 整体构图稳定，没有明显失衡、极端偏向某个角落或严重碎片化。
6. 线条总体连续、自然、力度相对稳定，没有大量异常断裂、极端微弱或杂乱涂画。
7. 画面具有适量细节。可以简单，但主要对象的基本结构能够表达清楚。
8. 房屋、树木、人物的比例大致协调，没有极端小型化或比例失调。
9. 整体场景连贯，没有明显选择性结构缺失。
10. 线条自然、连续，没有异常大面积涂黑。

【支持异常的证据】
1. 房屋、树木、人物中的一个或多个核心对象完全缺失，且无法由裁剪、遮挡或画法解释。
2. 整幅画极度简化，只剩极少线条，大量重要结构同时消失，整体信息量异常低。
3. 房、树、人整体只占巨大画布中极小区域，周围存在大量空白。
4. 三个对象之间距离极端遥远，某个对象明显孤立，或者整个场景严重碎片化。
5. 存在大量非常微弱、间断、犹豫、僵硬或严重潦草的线条。
6. 存在异常大面积涂黑、重度阴影或某个对象被明显过度强调。"
dataset/HTP/01/01/01_01_01_0521.jpg,01,01,01,0.11920291732853862,"【支持正常的证据】
1. 房屋、树木、人物三个核心对象均能够清楚识别，并且基本完整。
2. 三个对象在画面中的大小适中，没有全部挤在极小区域，也没有明显超出或压迫整个画面。
3. 房、树、人之间保持自然、合理的空间距离，没有明显孤立或被大片空白强行分隔。
4. 三个对象能够形成基本连贯的场景，例如共享地面、方向一致、空间位置合理，整体看起来属于同一个环境，而不是三个互不相关的符号。
5. 整体构图稳定，没有明显失衡、极端偏向某个角落或严重碎片化。
6. 线条总体连续、自然、力度相对稳定，没有大量异常断裂、极端微弱或杂乱涂画。
7. 画面具有适量细节。可以简单，但主要对象的基本结构能够表达清楚。
8. 房屋、树木、人物的比例大致协调，没有极端小型化或比例失调。
9. 整体场景连贯，没有明显选择性结构缺失。
10. 线条自然、连续，没有异常大面积涂黑。

【支持异常的证据】
1. 人物明显没有完成，例如主要身体区域完全缺失、头部缺失、躯干缺失、多个必要身体部分缺失，或者身体不同部分明显断开。
2. 房屋、树木和人物分别孤立在互不相关的区域。
3. 三个对象的尺寸比例严重不协调。
4. 不同对象之间在空间上和语义上明显断开，无法组成基本连贯场景。"
dataset/HTP/01/01/01_01_01_0532.jpg,01,01,01,0.014063626423394072,"【支持正常的证据】
1. 房屋、树木、人物三个核心对象均能够清楚识别，并且基本完整。
2. 三个对象在画面中的大小适中，没有全部挤在极小区域，也没有明显超出或压迫整个画面。
3. 房、树、人之间保持自然、合理的空间距离，没有明显孤立或被大片空白强行分隔。
4. 三个对象能够形成基本连贯的场景，例如共享地面、方向一致、空间位置合理，整体看起来属于同一个环境，而不是三个互不相关的符号。
5. 整体构图稳定，没有明显失衡、极端偏向某个角落或严重碎片化。
6. 线条总体连续、自然、力度相对稳定，没有大量异常断裂、极端微弱或杂乱涂画。
7. 画面具有适量细节。可以简单，但主要对象的基本结构能够表达清楚。
8. 房屋、树木、人物的比例大致协调，没有极端小型化或比例失调。
9. 整体场景连贯，没有明显选择性结构缺失。
10. 线条自然、连续，没有异常大面积涂黑。

【支持异常的证据】
1. 无明显异常特征。"
dataset/HTP/01/01/01_01_01_0551.jpg,01,01,01,0.10669058897496679,"【支持正常的证据】
1. 房屋、树木、人物三个核心对象均能够清楚识别，并且基本完整。
2. 三个对象在画面中的大小适中，没有全部挤在极小区域，也没有明显超出或压迫整个画面。
3. 房、树、人之间保持自然、合理的空间距离，没有明显孤立或被大片空白强行分隔。
4. 三个对象能够形成基本连贯的场景，例如共享地面、方向一致、空间位置合理，整体看起来属于同一个环境，而不是三个互不相关的符号。
5. 整体构图稳定，没有明显失衡、极端偏向某个角落或严重碎片化。
6. 线条总体连续、自然、力度相对稳定，没有大量异常断裂、极端微弱或杂乱涂画。
7. 画面具有适量细节。可以简单，但主要对象的基本结构能够表达清楚。
8. 房屋、树木、人物的比例大致协调，没有极端小型化或比例失调。
9. 整体场景连贯，没有明显选择性结构缺失。
10. 线条自然、连续，没有异常大面积涂黑。

【支持异常的证据】
1. 房屋、树木、人物中的一个或多个核心对象完全缺失，且无法由裁剪、遮挡或画法解释。
2. 整幅画极度简化，只剩极少线条，大量重要结构同时消失，整体信息量异常低。
3. 房、树、人整体只占巨大画布中极小区域，周围存在大量空白。
4. 三个对象之间距离极端遥远，某个对象明显孤立，或者整个场景严重碎片化。
5. 存在大量非常微弱、间断、犹豫、僵硬或严重潦草的线条。
6. 存在异常大面积涂黑、重度阴影或某个对象被明显过度强调。"
dataset/HTP/01/01/01_01_01_0562.jpg,01,01,01,0.014063626423394072,"【支持正常的证据】
1. 房屋、树木、人物三个核心对象均能够清楚识别，并且基本完整。
2. 三个对象在画面中的大小适中，没有全部挤在极小区域，也没有明显超出或压迫整个画面。
3. 房、树、人之间保持自然、合理的空间距离，没有明显孤立或被大片空白强行分隔。
4. 三个对象能够形成基本连贯的场景，例如共享地面、方向一致、空间位置合理，整体看起来属于同一个环境，而不是三个互不相关的符号。
5. 整体构图稳定，没有明显失衡、极端偏向某个角落或严重碎片化。
6. 线条总体连续、自然、力度相对稳定，没有大量异常断裂、极端微弱或杂乱涂画。
7. 画面具有适量细节。可以简单，但主要对象的基本结构能够表达清楚。
8. 没有大面积、无明显绘画目的的异常涂黑、重阴影或局部反复强调。

【支持异常的证据】
1. 无明显异常特征。"
dataset/HTP/01/01/01_01_01_0573.jpg,01,01,01,0.08509904732734556,"【支持正常的证据】
1. 房屋、树木、人物三个核心对象均能够清楚识别，并且基本完整。
2. 三个对象在画面中的大小适中，没有全部挤在极小区域，也没有明显超出或压迫整个画面。
3. 房、树、人之间保持自然、合理的空间距离，没有明显孤立或被大片空白强行分隔。
4. 三个对象能够形成基本连贯的场景，例如共享地面、方向一致、空间位置合理，整体看起来属于同一个环境，而不是三个互不相关的符号。
5. 整体构图稳定，没有明显失衡、极端偏向某个角落或严重碎片化。
6. 线条总体连续、自然、力度相对稳定，没有大量异常断裂、极端微弱或杂乱涂画。
7. 画面具有适量细节。可以简单，但主要对象的基本结构能够表达清楚。
8. 没有大面积、无明显绘画目的的异常涂黑、重阴影或局部反复强调。

【支持异常的证据】
1. 房屋、树木、人物中的一个或多个核心对象完全缺失，且无法由裁剪、遮挡或画法解释。
2. 整幅画极度简化，只剩极少线条，大量重要结构同时消失，整体信息量异常低。
3. 房、树、人整体只占巨大画布中极小区域，周围存在大量空白。
4. 三个对象之间距离极端遥远，某个对象明显孤立，或者整个场景严重碎片化。
5. 对象像漂浮在不同区域，彼此几乎没有空间联系，整体场景严重不连贯。
6. 存在大量非常微弱、间断、犹豫、僵硬或严重潦草的线条。
7. 存在异常大面积涂黑、重度阴影或某个对象被明显过度强调。"
dataset/HTP/01/01/01_01_01_0583.jpg,01,01,01,0.01798621187025419,"【支持正常的证据】
1. 房屋、树木、人物三个核心对象均能够清楚识别，并且基本完整。
2. 三个对象在画面中的大小适中，没有全部挤在极小区域，也没有明显超出或压迫整个画面。
3. 房、树、人之间保持自然、合理的空间距离，没有明显孤立或被大片空白强行分隔。
4. 三个对象能够形成基本连贯的场景，例如共享地面、方向一致、空间位置合理，整体看起来属于同一个环境，而不是三个互不相关的符号。
5. 整体构图稳定，没有明显失衡、极端偏向某个角落或严重碎片化。
6. 线条总体连续、自然、力度相对稳定，没有大量异常断裂、极端微弱或杂乱涂画。
7. 画面具有适量细节。可以简单，但主要对象的基本结构能够表达清楚。
8. 没有大面积、无明显绘画目的的异常涂黑、重阴影或局部反复强调。

【支持异常的证据】
1. 无明显异常特征。"
dataset/HTP/01/01/01_01_01_0593.jpg,01,01,01,0.04742587351415913,"【支持正常的证据】
1. 房屋、树木、人物三个核心对象均能够清楚识别，并且基本完整。
2. 三个对象在画面中的大小适中，没有全部挤在极小区域，也没有明显超出或压迫整个画面。
3. 房、树、人之间保持自然、合理的空间距离，没有明显孤立或被大片空白强行分隔。
4. 三个对象能够形成基本连贯的场景，例如共享地面、方向一致、空间位置合理，整体看起来属于同一个环境。
5. 整体构图稳定，没有明显失衡、极端偏向某个角落或严重碎片化。
6. 线条总体连续、自然、力度相对稳定，没有大量异常断裂、极端微弱或杂乱涂画。
7. 画面具有适量细节。可以简单，但主要对象的基本结构能够表达清楚。
8. 没有大面积、无明显绘画目的的异常涂黑、重阴影或局部反复强调。

【支持异常的证据】
1. 房屋、树木、人物中的一个或多个核心对象完全缺失，且无法由裁剪、遮挡或画法解释。
2. 整幅画极度简化，只剩极少线条，大量重要结构同时消失，整体信息量异常低。
3. 房、树、人整体只占巨大画布中极小区域，周围存在大量空白。
4. 三个对象之间距离极端遥远，某个对象明显孤立，或者整个场景严重碎片化。
5. 存在大量非常微弱、间断、犹豫、僵硬或严重潦草的线条。
6. 存在异常大面积涂黑、重度阴影或某个对象被明显过度强调。"
dataset/HTP/01/01/01_01_01_0604.jpg,01,01,01,0.012431653620200803,"【支持正常的证据】
1. 房屋、树木、人物三个核心对象均能够清楚识别，并且基本完整。
2. 三个对象在画面中的大小适中，没有全部挤在极小区域，也没有明显超出或压迫整个画面。
3. 房、树、人之间保持自然、合理的空间距离，没有明显孤立或被大片空白强行分隔。
4. 三个对象能够形成基本连贯的场景，例如共享地面、方向一致、空间位置合理，整体看起来属于同一个环境，而不是三个互不相关的符号。
5. 整体构图稳定，没有明显失衡、极端偏向某个角落或严重碎片化。
6. 线条总体连续、自然、力度相对稳定，没有大量异常断裂、极端微弱或杂乱涂画。
7. 画面具有适量细节。可以简单，但主要对象的基本结构能够表达清楚。
8. 房屋、树木、人物的比例大致协调，没有极端小型化或比例失调。
9. 整体场景连贯，没有明显选择性结构缺失。
10. 线条自然、连续，没有异常大面积涂黑。

【支持异常的证据】
1. 无明显异常特征。"
dataset/HTP/01/01/01_01_01_0613.jpg,01,01,01,0.03732688948593843,"【支持正常的证据】
1. 房屋、树木、人物三个核心对象均能够清楚识别，并且基本完整。
2. 三个对象在画面中的大小适中，没有全部挤在极小区域，也没有明显超出或压迫整个画面。
3. 房、树、人之间保持自然、合理的空间距离，没有明显孤立或被大片空白强行分隔。
4. 三个对象能够形成基本连贯的场景，例如共享地面、方向一致、空间位置合理，整体看起来属于同一个环境，而不是三个互不相关的符号。
5. 整体构图稳定，没有明显失衡、极端偏向某个角落或严重碎片化。
6. 线条总体连续、自然、力度相对稳定，没有大量异常断裂、极端微弱或杂乱涂画。
7. 画面具有适量细节。可以简单，但主要对象的基本结构能够表达清楚。
8. 房屋、树木、人物的比例大致协调，没有极端小型化或比例失调。
9. 整体场景连贯，没有明显选择性结构缺失。
10. 线条自然、连续，没有异常大面积涂黑。

【支持异常的证据】
1. 人物缺少脸部和主要肢体，但整体结构仍然存在。
2. 树木的树冠和树枝有些许夸张，但没有明显结构畸形。
3. 房屋的窗户和门没有详细描绘，但整体结构稳定。
4. 人物的比例有些不协调，但整体结构仍然存在。
5. 整体构图虽然连贯，但人物与房屋、树木之间的距离略显遥远。"
dataset/HTP/01/01/01_01_01_0623.jpg,01,01,01,0.04208773121980142,"【支持正常的证据】
1. 房屋、树木、人物三个核心对象均能够清楚识别，并且基本完整。
2. 三个对象在画面中的大小适中，没有全部挤在极小区域，也没有明显超出或压迫整个画面。
3. 房、树、人之间保持自然、合理的空间距离，没有明显孤立或被大片空白强行分隔。
4. 三个对象能够形成基本连贯的场景，例如共享地面、方向一致、空间位置合理，整体看起来属于同一个环境。
5. 整体构图稳定，没有明显失衡、极端偏向某个角落或严重碎片化。
6. 线条总体连续、自然、力度相对稳定，没有大量异常断裂、极端微弱或杂乱涂画。
7. 画面具有适量细节。可以简单，但主要对象的基本结构能够表达清楚。
8. 房屋、树木、人物的比例大致协调，没有极端小型化或比例失调。
9. 房屋结构稳定，主要组成部分合理，没有明显倒塌、断裂或严重几何变形。
10. 树木结构自然，没有严重截断或畸形。
11. 人物身体主要结构完整，比例不存在严重失调。
12. 整体构图稳定且场景连贯。
13. 线条自然、连续，没有异常大面积涂黑。
14. 没有明显的选择性结构缺失。
15. 仅存在少数能够由绘画水平、年龄、风格或普通构图解释的轻微异常。

【支持异常的证据】
1. 人物头部上方有问号，可能表示困惑或思考。
2. 人物的手臂和腿部线条较为简单，可能是单线风格。
3. 人物的眼睛较大，可能显得有些夸张。
4. 人物的表情中性，没有明显的情绪表现。
5. 房屋的屋顶和墙壁线条较为简单，可能是二维画法。
6. 树木的树干和树枝线条较为简单，可能是风格化的表现。
7. 整体构图较为简单，没有复杂的背景装饰或细节。"
dataset/HTP/01/01/01_01_01_0634.jpg,01,01,01,0.009708474753363424,"【支持正常的证据】
1. 房屋、树木、人物三个核心对象均能够清楚识别，并且基本完整。
2. 三个对象在画面中的大小适中，没有全部挤在极小区域，也没有明显超出或压迫整个画面。
3. 房、树、人之间保持自然、合理的空间距离，没有明显孤立或被大片空白强行分隔。
4. 三个对象能够形成基本连贯的场景，例如共享地面、方向一致、空间位置合理，整体看起来属于同一个环境，而不是三个互不相关的符号。
5. 整体构图稳定，没有明显失衡、极端偏向某个角落或严重碎片化。
6. 线条总体连续、自然、力度相对稳定，没有大量异常断裂、极端微弱或杂乱涂画。
7. 画面具有适量细节。可以简单，但主要对象的基本结构能够表达清楚。
8. 房屋、树木、人物的比例大致协调，没有极端小型化或比例失调。
9. 房屋、树木和人物的相对大小基本合理，没有非常极端的尺寸差异。
10. 人物身体主要结构完整，比例不存在严重失调。
11. 整体构图稳定且场景连贯，没有明显异常的大面积涂黑。
12. 人物和房屋、树木之间保持自然距离，没有极端隔离。
13. 画面存在多个相互独立的正常积极特征，如房屋结构稳定、树木结构自然、人物身体完整等。

【支持异常的证据】
1. 无明显异常特征。"
dataset/HTP/01/01/01_01_01_0645.jpg,01,01,01,0.007577241922677275,"【支持正常的证据】
1. 房屋、树木、人物三个核心对象均能够清楚识别，并且基本完整。
2. 三个对象在画面中的大小适中，没有全部挤在极小区域，也没有明显超出或压迫整个画面。
3. 房、树、人之间保持自然、合理的空间距离，没有明显孤立或被大片空白强行分隔。
4. 三个对象能够形成基本连贯的场景，例如共享地面、方向一致、空间位置合理，整体看起来属于同一个环境，而不是三个互不相关的符号。
5. 整体构图稳定，没有明显失衡、极端偏向某个角落或严重碎片化。
6. 线条总体连续、自然、力度相对稳定，没有大量异常断裂、极端微弱或杂乱涂画。
7. 画面具有适量细节。可以简单，但主要对象的基本结构能够表达清楚。
8. 房屋、树木、人物的比例大致协调，没有极端小型化或比例失调。
9. 房屋结构稳定，屋顶、烟囱、门窗等细节适量并与房屋结构协调。
10. 树木结构自然，没有明显截断或畸形。
11. 人物身体主要结构完整，比例不存在严重失调。
12. 整体构图稳定且场景连贯，没有明显异常的大面积涂黑。
13. 线条自然、连续，没有异常大面积涂黑。
14. 人物和房屋、树木之间保持自然距离，没有极端隔离。
15. 画面存在多个相互独立的正常积极特征。

【支持异常的证据】
1. 无。"
dataset/HTP/01/01/01_01_01_0656.jpg,01,01,01,0.012431653620200803,"【支持正常的证据】
1. 房屋、树木、人物三个核心对象均能够清楚识别，并且基本完整。
2. 三个对象在画面中的大小适中，没有全部挤在极小区域，也没有明显超出或压迫整个画面。
3. 房、树、人之间保持自然、合理的空间距离，没有明显孤立或被大片空白强行分隔。
4. 三个对象能够形成基本连贯的场景，例如共享地面、方向一致、空间位置合理，整体看起来属于同一个环境，而不是三个互不相关的符号。
5. 整体构图稳定，没有明显失衡、极端偏向某个角落或严重碎片化。
6. 线条总体连续、自然、力度相对稳定，没有大量异常断裂、极端微弱或杂乱涂画。
7. 画面具有适量细节。可以简单，但主要对象的基本结构能够表达清楚。
8. 房屋、树木、人物的比例大致协调，没有极端小型化或比例失调。
9. 房屋、树木和人物之间的关系自然，没有极端隔离或空间关系异常。
10. 线条自然、连续，没有异常大面积涂黑。

【支持异常的证据】
1. 无明显异常特征。"
dataset/HTP/01/01/01_01_01_0666.jpg,01,01,01,0.009708474753363424,"【支持正常的证据】
1. 房屋、树木、人物三个核心对象均能够清楚识别，并且基本完整。
2. 三个对象在画面中的大小适中，没有全部挤在极小区域，也没有明显超出或压迫整个画面。
3. 房、树、人之间保持自然、合理的空间距离，没有明显孤立或被大片空白强行分隔。
4. 三个对象能够形成基本连贯的场景，例如共享地面、方向一致、空间位置合理，整体看起来属于同一个环境。
5. 整体构图稳定，没有明显失衡、极端偏向某个角落或严重碎片化。
6. 线条总体连续、自然、力度相对稳定，没有大量异常断裂、极端微弱或杂乱涂画。
7. 画面具有适量细节。可以简单，但主要对象的基本结构能够表达清楚。
8. 房屋、树木、人物的比例大致协调，没有极端小型化或比例失调。
9. 房屋结构稳定，墙体、屋顶等主要结构完整。
10. 树木结构自然，树干、树冠、树枝等主要部分能够正常识别，整体结构基本完整。
11. 人物头部、躯干、手臂和腿等主要身体结构基本完整，连接关系自然。
12. 房屋、树木和人物的相对大小基本合理，没有非常极端的尺寸差异。
13. 人物能够自然地处于房屋和树木形成的环境中，而不是完全脱离其他对象。
14. 线条自然、连续，没有异常大面积涂黑。

【支持异常的证据】
1. 无。"
dataset/HTP/01/01/01_01_01_0675.jpg,01,01,01,0.01798621187025419,"【支持正常的证据】
1. 房屋、树木、人物三个核心对象均能够清楚识别，并且基本完整。
2. 三个对象在画面中的大小适中，没有全部挤在极小区域，也没有明显超出或压迫整个画面。
3. 房、树、人之间保持自然、合理的空间距离，没有明显孤立或被大片空白强行分隔。
4. 三个对象能够形成基本连贯的场景，例如共享地面、方向一致、空间位置合理，整体看起来属于同一个环境，而不是三个互不相关的符号。
5. 整体构图稳定，没有明显失衡、极端偏向某个角落或严重碎片化。
6. 线条总体连续、自然、力度相对稳定，没有大量异常断裂、极端微弱或杂乱涂画。
7. 画面具有适量细节。可以简单，但主要对象的基本结构能够表达清楚。
8. 房屋、树木、人物的比例大致协调，没有极端小型化或比例失调。
9. 房屋、树木和人物之间的关系自然，没有极端隔离或不连贯的空间关系。
10. 线条自然、连续，没有异常大面积涂黑。

【支持异常的证据】
1. 人物头部、躯干、手臂和腿等主要身体结构基本完整。
2. 人物各身体部分连接关系自然，没有明显断裂、错位或无法解释的结构缺失。
3. 人物整体比例基本合理。允许存在普通儿童画、简笔画、卡通画中的比例误差，不要求符合严格人体解剖比例。
4. 人物大小与房屋、树木和整个画布基本协调，不存在极端小型化。
5. 如果人物尺寸允许，眼睛、鼻子、嘴等主要面部特征基本存在；如果人物很小，没有绘制完整五官也可以是正常表现。
6. 人物采用火柴人、单线手臂或单线腿的简单风格时，如果整个人物风格统一并且结构完整，不能因为简单就判断异常。
7. 人物可以正面、侧面或其他姿势，只要身体结构基本合理，都可以属于正常表现。
8. 普通衣服填色、头发填色或身体局部自然阴影不能作为异常证据。
9. 面部表情自然、中性、微笑或其他与场景协调的普通表情，可以支持正常判断。
10. 即使人物没有明显表情，只要画法简单且没有其他异常支持，也不能因为表情中性就判断异常。"
dataset/HTP/01/01/01_01_01_0686.jpg,01,01,01,0.07585817323116976,"【支持正常的证据】
1. 房屋、树木、人物三个核心对象均能够清楚识别，并且基本完整。
2. 三个对象在画面中的大小适中，没有全部挤在极小区域，也没有明显超出或压迫整个画面。
3. 房、树、人之间保持自然、合理的空间距离，没有明显孤立或被大片空白强行分隔。
4. 三个对象能够形成基本连贯的场景，例如共享地面、方向一致、空间位置合理，整体看起来属于同一个环境，而不是三个互不相关的符号。
5. 整体构图稳定，没有明显失衡、极端偏向某个角落或严重碎片化。
6. 线条总体连续、自然、力度相对稳定，没有大量异常断裂、极端微弱或杂乱涂画。
7. 画面具有适量细节。可以简单，但主要对象的基本结构能够表达清楚。
8. 没有大面积、无明显绘画目的的异常涂黑、重阴影或局部反复强调。

【支持异常的证据】
1. 房屋、树木、人物中的一个或多个核心对象完全缺失，且无法由裁剪、遮挡或画法解释。
2. 整幅画极度简化，只剩极少线条，大量重要结构同时消失，整体信息量异常低。
3. 房、树、人整体只占巨大画布中极小区域，周围存在大量空白。
4. 三个对象之间距离极端遥远，某个对象明显孤立，或者整个场景严重碎片化。
5. 对象像漂浮在不同区域，彼此几乎没有空间联系，整体场景严重不连贯。
6. 存在大量非常微弱、间断、犹豫、僵硬或严重潦草的线条。
7. 存在异常大面积涂黑、重度阴影或某个对象被明显过度强调。"
dataset/HTP/01/01/01_01_01_0687.jpg,01,01,01,0.010986941578116865,"【支持正常的证据】
1. 房屋、树木、人物三个核心对象均能够清楚识别，并且基本完整。
2. 三个对象在画面中的大小适中，没有全部挤在极小区域，也没有明显超出或压迫整个画面。
3. 房、树、人之间保持自然、合理的空间距离，没有明显孤立或被大片空白强行分隔。
4. 三个对象能够形成基本连贯的场景，例如共享地面、方向一致、空间位置合理，整体看起来属于同一个环境。
5. 整体构图稳定，没有明显失衡、极端偏向某个角落或严重碎片化。
6. 线条总体连续、自然、力度相对稳定，没有大量异常断裂、极端微弱或杂乱涂画。
7. 画面具有适量细节。可以简单，但主要对象的基本结构能够表达清楚。
8. 房屋、树木、人物的比例大致协调，没有极端小型化或比例失调。
9. 整体场景连贯，没有明显选择性结构缺失。
10. 线条自然、连续，没有异常大面积涂黑。

【支持异常的证据】
1. 无明显异常特征。"
dataset/HTP/01/01/01_01_01_0695.jpg,01,01,01,0.007577241922677275,"【支持正常的证据】
1. 房屋、树木、人物三个核心对象均能够清楚识别，并且基本完整。
2. 三个对象在画面中的大小适中，没有全部挤在极小区域，也没有明显超出或压迫整个画面。
3. 房、树、人之间保持自然、合理的空间距离，没有明显孤立或被大片空白强行分隔。
4. 三个对象能够形成基本连贯的场景，例如共享地面、方向一致、空间位置合理，整体看起来属于同一个环境，而不是三个互不相关的符号。
5. 整体构图稳定，没有明显失衡、极端偏向某个角落或严重碎片化。
6. 线条总体连续、自然、力度相对稳定，没有大量异常断裂、极端微弱或杂乱涂画。
7. 画面具有适量细节。可以简单，但主要对象的基本结构能够表达清楚。
8. 房屋、树木、人物的比例大致协调，没有极端小型化或比例失调。
9. 房屋、树木和人物的相对大小基本合理，没有非常极端的尺寸差异。
10. 房屋结构稳定，屋顶、烟囱、门窗等细节自然、适量并与房屋结构协调。
11. 树木结构自然，没有明显截断或畸形。
12. 人物身体主要结构完整，比例不存在严重失调。
13. 整体构图稳定且场景连贯，线条自然、连续，没有异常大面积涂黑。
14. 人物和房屋、树木之间保持自然距离，没有极端隔离。
15. 人物能够自然地处于房屋和树木形成的环境中，而不是完全脱离其他对象。

【支持异常的证据】
1. 无。"
dataset/HTP/01/01/01_01_01_0706.jpg,01,01,01,0.04208773121980142,"【支持正常的证据】
1. 房屋、树木、人物三个核心对象均能够清楚识别，并且基本完整。
2. 三个对象在画面中的大小适中，没有全部挤在极小区域，也没有明显超出或压迫整个画面。
3. 房、树、人之间保持自然、合理的空间距离，没有明显孤立或被大片空白强行分隔。
4. 三个对象能够形成基本连贯的场景，例如共享地面、方向一致、空间位置合理，整体看起来属于同一个环境，而不是三个互不相关的符号。
5. 整体构图稳定，没有明显失衡、极端偏向某个角落或严重碎片化。
6. 线条总体连续、自然、力度相对稳定，没有大量异常断裂、极端微弱或杂乱涂画。
7. 画面具有适量细节。可以简单，但主要对象的基本结构能够表达清楚。
8. 房屋、树木、人物的比例大致协调，没有极端小型化或比例失调。
9. 房屋、树木和人物之间的关系自然，没有极端隔离或空间关系异常。
10. 线条自然、连续，没有异常大面积涂黑。

【支持异常的证据】
1. 人物缺少脸部和主要肢体，但整体结构仍然存在。
2. 房屋缺少窗户，但整体结构仍然存在。
3. 树木缺少叶子，但整体结构仍然存在。
4. 房屋、树木和人物的比例协调，没有极端小型化或比例失调。
5. 房屋、树木和人物之间的关系自然，没有极端隔离或空间关系异常。
6. 线条自然、连续，没有异常大面积涂黑。"
dataset/HTP/01/01/01_01_01_0716.jpg,01,01,01,0.07585817323116976,"【支持正常的证据】
1. 房屋、树木、人物三个核心对象均能够清楚识别，并且基本完整。
2. 三个对象在画面中的大小适中，没有全部挤在极小区域，也没有明显超出或压迫整个画面。
3. 房、树、人之间保持自然、合理的空间距离，没有明显孤立或被大片空白强行分隔。
4. 三个对象能够形成基本连贯的场景，例如共享地面、方向一致、空间位置合理，整体看起来属于同一个环境，而不是三个互不相关的符号。
5. 整体构图稳定，没有明显失衡、极端偏向某个角落或严重碎片化。
6. 线条总体连续、自然、力度相对稳定，没有大量异常断裂、极端微弱或杂乱涂画。
7. 画面具有适量细节。可以简单，但主要对象的基本结构能够表达清楚。
8. 房屋、树木、人物的比例大致协调，没有极端小型化或比例失调。
9. 房屋、树木和人物的相对大小基本合理，没有非常极端的尺寸差异。
10. 房屋结构稳定，主要组成部分合理，没有明显倒塌、断裂或严重几何变形。
11. 树木结构自然，没有严重截断或畸形。
12. 人物身体主要结构完整，比例不存在严重失调。
13. 整体构图稳定且场景连贯。
14. 线条自然、连续，没有异常大面积涂黑。
15. 没有明显的选择性结构缺失。
16. 仅存在少数能够由绘画水平、年龄、风格或普通构图解释的轻微异常。

【支持异常的证据】
1. 人物明显不完整，缺少手臂。
2. 房屋结构较为详细，但缺少窗户。
3. 树木结构较为详细，但缺少叶子。
4. 房屋、树木和人物之间存在轻微比例失调。
5. 人物身体比例有些不协调，尤其是腿部长度。
6. 整体构图虽然连贯，但人物与房屋、树木之间的空间距离略显不自然。
7. 线条在某些地方显得略微犹豫或不连续。"
dataset/HTP/01/01/01_01_01_0724.jpg,01,01,01,0.010986941578116865,"【支持正常的证据】
1. 房屋、树木、人物三个核心对象均能够清楚识别，并且基本完整。
2. 三个对象在画面中的大小适中，没有全部挤在极小区域，也没有明显超出或压迫整个画面。
3. 房、树、人之间保持自然、合理的空间距离，没有明显孤立或被大片空白强行分隔。
4. 三个对象能够形成基本连贯的场景，例如共享地面、方向一致、空间位置合理，整体看起来属于同一个环境。
5. 整体构图稳定，没有明显失衡、极端偏向某个角落或严重碎片化。
6. 线条总体连续、自然、力度相对稳定，没有大量异常断裂、极端微弱或杂乱涂画。
7. 画面具有适量细节。可以简单，但主要对象的基本结构能够表达清楚。
8. 房屋、树木、人物的比例大致协调，没有极端小型化或比例失调。
9. 房屋结构稳定，没有明显倒塌、断裂或严重几何变形。
10. 树木结构自然，没有明显截断或畸形。
11. 人物身体主要结构完整，比例不存在严重失调。
12. 整体构图稳定且场景连贯。
13. 线条自然、连续，没有异常大面积涂黑。
14. 没有明显的选择性结构缺失。
15. 仅存在少数能够由绘画水平、年龄、风格或普通构图解释的轻微异常。

【支持异常的证据】
1. 无。"
dataset/HTP/01/01/01_01_01_0733.jpg,01,01,01,0.010986941578116865,"【支持正常的证据】
1. 房屋、树木、人物三个核心对象均能够清楚识别，并且基本完整。
2. 三个对象在画面中的大小适中，没有全部挤在极小区域，也没有明显超出或压迫整个画面。
3. 房、树、人之间保持自然、合理的空间距离，没有明显孤立或被大片空白强行分隔。
4. 三个对象能够形成基本连贯的场景，例如共享地面、方向一致、空间位置合理，整体看起来属于同一个环境。
5. 整体构图稳定，没有明显失衡、极端偏向某个角落或严重碎片化。
6. 线条总体连续、自然、力度相对稳定，没有大量异常断裂、极端微弱或杂乱涂画。
7. 画面具有适量细节。可以简单，但主要对象的基本结构能够表达清楚。
8. 房屋、树木、人物的比例大致协调，没有极端小型化或比例失调。
9. 整体场景连贯，没有明显选择性结构缺失。
10. 线条自然、连续，没有异常大面积涂黑。

【支持异常的证据】
1. 无明显异常特征。"
dataset/HTP/01/01/01_01_01_0742.jpg,01,01,01,0.16451646904109268,"【支持正常的证据】
1. 房屋、树木、人物三个核心对象均能够清楚识别，并且基本完整。
2. 三个对象在画面中的大小适中，没有全部挤在极小区域，也没有明显超出或压迫整个画面。
3. 房、树、人之间保持自然、合理的空间距离，没有明显孤立或被大片空白强行分隔。
4. 三个对象能够形成基本连贯的场景，例如共享地面、方向一致、空间位置合理，整体看起来属于同一个环境，而不是三个互不相关的符号。
5. 整体构图稳定，没有明显失衡、极端偏向某个角落或严重碎片化。
6. 线条总体连续、自然、力度相对稳定，没有大量异常断裂、极端微弱或杂乱涂画。
7. 画面具有适量细节。可以简单，但主要对象的基本结构能够表达清楚。
8. 如果存在草地、道路、太阳、云、花、地面等环境元素，并且与主体自然结合，可以作为场景完整和组织良好的积极证据。
9. 没有大面积、无明显绘画目的的异常涂黑、重阴影或局部反复强调。

【支持异常的证据】
1. 房屋结构较完整、可见方向正常，但明显选择性缺少门。
2. 房屋其他部分较详细，但明显选择性缺少所有窗户。
3. 房屋相对于画布以及其他对象极端微小或被严重边缘化。
4. 墙体、屋顶整体严重倾斜，表现出明显不稳定或坍塌感，且不能由透视解释。
5. 屋顶与墙体断开、几何结构极端扭曲、建筑组织明显不可能或严重怪异。
6. 房屋被过度简化到主要结构难以辨认。
7. 树木相对于其他主体和画布极端微小。
8. 树干或树冠出现明显、突然、没有合理原因的截断。
9. 树木明确表现为死亡、严重枯萎、破损或大量枝干折断，而不是单纯没有叶子。
10. 人物明显没有完成，例如主要身体区域完全缺失、头部缺失、躯干缺失、多个必要身体部分缺失，或者身体不同部分明显断开。"
dataset/HTP/01/01/01_01_01_0752.jpg,01,01,01,0.010986941578116865,"【支持正常的证据】
1. 房屋、树木、人物三个核心对象均能够清楚识别，并且基本完整。
2. 三个对象在画面中的大小适中，没有全部挤在极小区域，也没有明显超出或压迫整个画面。
3. 房、树、人之间保持自然、合理的空间距离，没有明显孤立或被大片空白强行分隔。
4. 三个对象能够形成基本连贯的场景，例如共享地面、方向一致、空间位置合理，整体看起来属于同一个环境，而不是三个互不相关的符号。
5. 整体构图稳定，没有明显失衡、极端偏向某个角落或严重碎片化。
6. 线条总体连续、自然、力度相对稳定，没有大量异常断裂、极端微弱或杂乱涂画。
7. 画面具有适量细节。可以简单，但主要对象的基本结构能够表达清楚。
8. 房屋、树木、人物的比例大致协调，没有极端小型化或比例失调。
9. 房屋、树木和人物之间的关系自然，没有极端隔离或空间关系异常。
10. 线条自然、连续，没有异常大面积涂黑。

【支持异常的证据】
1. 无明显异常特征。"
dataset/HTP/01/01/01_01_01_0762.jpg,01,01,01,0.13296423160844623,"【支持正常的证据】
1. 房屋、树木、人物三个核心对象均能够清楚识别，并且基本完整。
2. 三个对象在画面中的大小适中，没有全部挤在极小区域，也没有明显超出或压迫整个画面。
3. 房、树、人之间保持自然、合理的空间距离，没有明显孤立或被大片空白强行分隔。
4. 三个对象能够形成基本连贯的场景，例如共享地面、方向一致、空间位置合理，整体看起来属于同一个环境，而不是三个互不相关的符号。
5. 整体构图稳定，没有明显失衡、极端偏向某个角落或严重碎片化。
6. 线条总体连续、自然、力度相对稳定，没有大量异常断裂、极端微弱或杂乱涂画。
7. 画面具有适量细节。可以简单，但主要对象的基本结构能够表达清楚。
8. 房屋、树木、人物之间的关系自然，没有极端隔离或不连贯的场景。
9. 没有大面积、无明显绘画目的的异常涂黑、重阴影或局部反复强调。

【支持异常的证据】
1. 人物头部缺失，没有完成。
2. 树木的树干和树冠之间连接不自然，比例不合理。
3. 房屋的屋顶和烟囱被夸张地夸大，显得不协调。
4. 树木的枝干分布不均匀，有些地方过于密集，有些地方过于稀疏。
5. 房屋的窗户和门没有明确表示，显得不完整。
6. 人物的手臂和腿被夸张地夸大，显得不自然。
7. 房屋和树木的比例与人物相比显得过大，与整体构图不协调。"
dataset/HTP/01/01/01_01_01_0770.jpg,01,01,01,0.03732688948593843,"【支持正常的证据】
1. 房屋、树木、人物三个核心对象均能够清楚识别，并且基本完整。
2. 三个对象在画面中的大小适中，没有全部挤在极小区域，也没有明显超出或压迫整个画面。
3. 房、树、人之间保持自然、合理的空间距离，没有明显孤立或被大片空白强行分隔。
4. 三个对象能够形成基本连贯的场景，例如共享地面、方向一致、空间位置合理，整体看起来属于同一个环境，而不是三个互不相关的符号。
5. 整体构图稳定，没有明显失衡、极端偏向某个角落或严重碎片化。
6. 线条总体连续、自然、力度相对稳定，没有大量异常断裂、极端微弱或杂乱涂画。
7. 画面具有适量细节。可以简单，但主要对象的基本结构能够表达清楚。
8. 房屋、树木、人物的比例大致协调，没有极端小型化或比例失调。
9. 房屋结构稳定，屋顶、墙壁等主要组成部分合理。
10. 树木结构自然，没有明显截断或畸形。
11. 人物身体主要结构完整，比例不存在严重失调。
12. 整体构图稳定且场景连贯。
13. 线条自然、连续，没有异常大面积涂黑。
14. 没有明显的选择性结构缺失。
15. 仅存在少数能够由绘画水平、年龄、风格或普通构图解释的轻微异常。

【支持异常的证据】
1. 人物缺少脸部和主要肢体，但整体结构仍然存在。
2. 树木结构较为简单，但没有明显异常截断或畸形。
3. 房屋结构较为简单，但没有明显异常扭曲或断裂。
4. 人物比例有些夸张，但整体结构仍然存在。
5. 整体构图虽然连贯，但人物与房屋、树木之间的距离略显不自然。"
dataset/HTP/01/01/01_01_01_0781.jpg,01,01,01,0.00857748525531428,"【支持正常的证据】
1. 房屋、树木、人物三个核心对象均能够清楚识别，并且基本完整。
2. 三个对象在画面中的大小适中，没有全部挤在极小区域，也没有明显超出或压迫整个画面。
3. 房、树、人之间保持自然、合理的空间距离，没有明显孤立或被大片空白强行分隔。
4. 三个对象能够形成基本连贯的场景，例如共享地面、方向一致、空间位置合理，整体看起来属于同一个环境，而不是三个互不相关的符号。
5. 整体构图稳定，没有明显失衡、极端偏向某个角落或严重碎片化。
6. 线条总体连续、自然、力度相对稳定，没有大量异常断裂、极端微弱或杂乱涂画。
7. 画面具有适量细节。可以简单，但主要对象的基本结构能够表达清楚。
8. 房屋、树木、人物的比例大致协调，没有极端小型化或比例失调。
9. 房屋结构稳定，屋顶、墙壁等主要组成部分合理。
10. 树木结构自然，树干和树冠之间连接自然，比例基本合理。
11. 人物身体主要结构完整，比例不存在严重失调。
12. 整体构图稳定且场景连贯，没有明显异常的大面积涂黑、极端小型化或异常隔离。
13. 线条自然、连续，没有异常大面积涂黑。
14. 人物没有明显选择性结构缺失，整体绘画风格统一。
15. 房屋、树木和人物之间的相对大小基本合理，没有非常极端的尺寸差异。
16. 人物能够自然地处于房屋和树木形成的环境中，而不是完全脱离其他对象。

【支持异常的证据】
1. 无。"
dataset/HTP/01/01/01_01_01_0791.jpg,01,01,01,0.009708474753363424,"【支持正常的证据】
1. 房屋、树木、人物三个核心对象均能够清楚识别，并且基本完整。
2. 三个对象在画面中的大小适中，没有全部挤在极小区域，也没有明显超出或压迫整个画面。
3. 房、树、人之间保持自然、合理的空间距离，没有明显孤立或被大片空白强行分隔。
4. 三个对象能够形成基本连贯的场景，例如共享地面、方向一致、空间位置合理，整体看起来属于同一个环境，而不是三个互不相关的符号。
5. 整体构图稳定，没有明显失衡、极端偏向某个角落或严重碎片化。
6. 线条总体连续、自然、力度相对稳定，没有大量异常断裂、极端微弱或杂乱涂画。
7. 画面具有适量细节。可以简单，但主要对象的基本结构能够表达清楚。
8. 房屋、树木、人物的比例大致协调，没有极端小型化或比例失调。
9. 房屋结构稳定，屋顶、烟囱、门窗等细节自然、适量并与房屋结构协调。
10. 树木结构自然，没有明显截断或畸形。
11. 人物身体主要结构完整，比例不存在严重失调。
12. 整体构图稳定且场景连贯，没有明显异常的大面积涂黑。
13. 线条自然、连续，没有异常大面积涂黑。
14. 人物和房屋、树木之间保持自然距离，没有极端隔离。
15. 画面存在多个相互独立的正常积极特征。

【支持异常的证据】
1. 无明显异常特征。"
dataset/HTP/01/01/01_01_01_0801.jpg,01,01,01,0.00857748525531428,"【支持正常的证据】
1. 房屋、树木、人物三个核心对象均能够清楚识别，并且基本完整。
2. 三个对象在画面中的大小适中，没有全部挤在极小区域，也没有明显超出或压迫整个画面。
3. 房、树、人之间保持自然、合理的空间距离，没有明显孤立或被大片空白强行分隔。
4. 三个对象能够形成基本连贯的场景，例如共享地面、方向一致、空间位置合理，整体看起来属于同一个环境，而不是三个互不相关的符号。
5. 整体构图稳定，没有明显失衡、极端偏向某个角落或严重碎片化。
6. 线条总体连续、自然、力度相对稳定，没有大量异常断裂、极端微弱或杂乱涂画。
7. 画面具有适量细节。可以简单，但主要对象的基本结构能够表达清楚。
8. 房屋、树木、人物的比例大致协调，没有极端小型化或比例失调。
9. 房屋结构稳定，主要组成部分合理，没有明显倒塌、断裂或严重几何变形。
10. 树木结构自然，没有严重截断或畸形。
11. 人物身体主要结构完整，比例不存在严重失调。
12. 整体构图稳定且场景连贯。
13. 线条自然、连续，没有异常大面积涂黑。
14. 没有明显的选择性结构缺失。
15. 仅存在少数能够由绘画水平、年龄、风格或普通构图解释的轻微异常。

【支持异常的证据】
1. 无。"
dataset/HTP/01/01/01_01_01_0810.jpg,01,01,01,0.009708474753363424,"【支持正常的证据】
1. 房屋、树木、人物三个核心对象均能够清楚识别，并且基本完整。
2. 三个对象在画面中的大小适中，没有全部挤在极小区域，也没有明显超出或压迫整个画面。
3. 房、树、人之间保持自然、合理的空间距离，没有明显孤立或被大片空白强行分隔。
4. 三个对象能够形成基本连贯的场景，例如共享地面、方向一致、空间位置合理，整体看起来属于同一个环境，而不是三个互不相关的符号。
5. 整体构图稳定，没有明显失衡、极端偏向某个角落或严重碎片化。
6. 线条总体连续、自然、力度相对稳定，没有大量异常断裂、极端微弱或杂乱涂画。
7. 画面具有适量细节。可以简单，但主要对象的基本结构能够表达清楚。
8. 房屋、树木、人物的比例大致协调，没有极端小型化或比例失调。
9. 房屋结构稳定，主要组成部分合理，没有明显倒塌、断裂或严重几何变形。
10. 树木结构自然，没有严重截断或畸形。
11. 人物身体主要结构完整，比例不存在严重失调。
12. 整体构图稳定且场景连贯。
13. 线条自然、连续，没有异常大面积涂黑。
14. 没有明显的选择性结构缺失。
15. 仅存在少数能够由绘画水平、年龄、风格或普通构图解释的轻微异常。

【支持异常的证据】
1. 无。"
dataset/HTP/01/01/01_01_01_0821.jpg,01,01,01,0.02033235323135295,"【支持正常的证据】
1. 房屋、树木、人物三个核心对象均能够清楚识别，并且基本完整。
2. 三个对象在画面中的大小适中，没有全部挤在极小区域，也没有明显超出或压迫整个画面。
3. 房、树、人之间保持自然、合理的空间距离，没有明显孤立或被大片空白强行分隔。
4. 三个对象能够形成基本连贯的场景，例如共享地面、方向一致、空间位置合理，整体看起来属于同一个环境，而不是三个互不相关的符号。
5. 整体构图稳定，没有明显失衡、极端偏向某个角落或严重碎片化。
6. 线条总体连续、自然、力度相对稳定，没有大量异常断裂、极端微弱或杂乱涂画。
7. 画面具有适量细节。可以简单，但主要对象的基本结构能够表达清楚。
8. 房屋、树木、人物的比例大致协调，没有极端小型化或比例失调。
9. 整体场景连贯，没有明显选择性结构缺失。
10. 线条自然、连续，没有异常大面积涂黑。

【支持异常的证据】
1. 人物缺少脸部和部分肢体，但整体结构仍然存在。
2. 树木的树冠较大，但没有明显的结构扭曲或畸形。
3. 房屋的烟囱产生少量烟雾，但没有明显夸张或异常强调。
4. 房屋、树木和人物之间保持自然距离，没有极端隔离。
5. 整体构图稳定，没有明显碎片化或极端小型化。"
dataset/HTP/01/01/01_01_01_0839.jpg,01,01,01,0.04742587351415913,"【支持正常的证据】
1. 房屋、树木、人物三个核心对象均能够清楚识别，并且基本完整。
2. 三个对象在画面中的大小适中，没有全部挤在极小区域，也没有明显超出或压迫整个画面。
3. 房、树、人之间保持自然、合理的空间距离，没有明显孤立或被大片空白强行分隔。
4. 三个对象能够形成基本连贯的场景，例如共享地面、方向一致、空间位置合理，整体看起来属于同一个环境，而不是三个互不相关的符号。
5. 整体构图稳定，没有明显失衡、极端偏向某个角落或严重碎片化。
6. 线条总体连续、自然、力度相对稳定，没有大量异常断裂、极端微弱或杂乱涂画。
7. 画面具有适量细节。可以简单，但主要对象的基本结构能够表达清楚。
8. 如果存在草地、道路、太阳、云、花、地面等环境元素，并且与主体自然结合，可以作为场景完整和组织良好的积极证据。
9. 没有大面积、无明显绘画目的的异常涂黑、重阴影或局部反复强调。

【支持异常的证据】
1. 房屋结构较完整、可见方向正常，但明显选择性缺少门。
2. 树木相对于其他主体和画布极端微小。
3. 人物头部、躯干、手臂和腿等主要身体结构基本完整。
4. 房屋、树木和人物的相对大小基本合理，没有非常极端的尺寸差异。
5. 三者之间保持自然距离，没有某个对象被极端隔离。
6. 对象具有基本共同空间，例如共享地面、位置关系能够形成一个完整场景。
7. 即使对象之间没有互动，只要整体空间组织清楚、稳定、协调，也属于正常构图。"
dataset/HTP/01/01/01_01_01_0849.jpg,01,01,01,0.010986941578116865,"【支持正常的证据】
1. 房屋、树木、人物三个核心对象均能够清楚识别，并且基本完整。
2. 三个对象在画面中的大小适中，没有全部挤在极小区域，也没有明显超出或压迫整个画面。
3. 房、树、人之间保持自然、合理的空间距离，没有明显孤立或被大片空白强行分隔。
4. 三个对象能够形成基本连贯的场景，例如共享地面、方向一致、空间位置合理，整体看起来属于同一个环境，而不是三个互不相关的符号。
5. 整体构图稳定，没有明显失衡、极端偏向某个角落或严重碎片化。
6. 线条总体连续、自然、力度相对稳定，没有大量异常断裂、极端微弱或杂乱涂画。
7. 画面具有适量细节。可以简单，但主要对象的基本结构能够表达清楚。
8. 房屋、树木、人物的比例大致协调，没有极端小型化或比例失调。
9. 房屋结构稳定，主要组成部分合理，没有明显倒塌、断裂或严重几何变形。
10. 树木结构自然，没有严重截断或畸形。
11. 人物身体主要结构完整，比例不存在严重失调。
12. 整体构图稳定且场景连贯。
13. 线条自然、连续，没有异常大面积涂黑。
14. 没有明显的选择性结构缺失。
15. 即使绘画较简单，其简化方式在整幅画中保持一致。

【支持异常的证据】
1. 无明显异常特征。"
dataset/HTP/01/01/01_01_01_0859.jpg,01,01,01,0.00857748525531428,"【支持正常的证据】
1. 房屋、树木、人物三个核心对象均能够清楚识别，并且基本完整。
2. 三个对象在画面中的大小适中，没有全部挤在极小区域，也没有明显超出或压迫整个画面。
3. 房、树、人之间保持自然、合理的空间距离，没有明显孤立或被大片空白强行分隔。
4. 三个对象能够形成基本连贯的场景，例如共享地面、方向一致、空间位置合理，整体看起来属于同一个环境，而不是三个互不相关的符号。
5. 整体构图稳定，没有明显失衡、极端偏向某个角落或严重碎片化。
6. 线条总体连续、自然、力度相对稳定，没有大量异常断裂、极端微弱或杂乱涂画。
7. 画面具有适量细节。可以简单，但主要对象的基本结构能够表达清楚。
8. 房屋、树木、人物的比例大致协调，没有极端小型化或比例失调。
9. 房屋、树木和人物之间的相对大小基本合理，没有非常极端的尺寸差异。
10. 人物身体主要结构完整，比例不存在严重失调。
11. 整体构图稳定且场景连贯，没有明显异常的大面积涂黑。
12. 人物没有明显选择性结构缺失，四肢和五官比例协调。
13. 房屋结构稳定，主要组成部分合理。
14. 树木结构自然，没有严重截断或畸形。
15. 画面存在多个相互独立的正常积极特征。

【支持异常的证据】
1. 无。"
dataset/HTP/01/01/01_01_01_0869.jpg,01,01,01,0.04742587351415913,"【支持正常的证据】
1. 房屋、树木、人物三个核心对象均能够清楚识别，并且基本完整。
2. 三个对象在画面中的大小适中，没有全部挤在极小区域，也没有明显超出或压迫整个画面。
3. 房、树、人之间保持自然、合理的空间距离，没有明显孤立或被大片空白强行分隔。
4. 三个对象能够形成基本连贯的场景，例如共享地面、方向一致、空间位置合理，整体看起来属于同一个环境。
5. 整体构图稳定，没有明显失衡、极端偏向某个角落或严重碎片化。
6. 线条总体连续、自然、力度相对稳定，没有大量异常断裂、极端微弱或杂乱涂画。
7. 画面具有适量细节。可以简单，但主要对象的基本结构能够表达清楚。
8. 如果存在草地、道路、太阳、云、花、地面等环境元素，并且与主体自然结合，可以作为场景完整和组织良好的积极证据。
9. 没有大面积、无明显绘画目的的异常涂黑、重阴影或局部反复强调。

【支持异常的证据】
1. 房屋、树木、人物中的一个或多个核心对象完全缺失，且无法由裁剪、遮挡或画法解释。
2. 整幅画极度简化，只剩极少线条，大量重要结构同时消失，整体信息量异常低。
3. 房、树、人整体只占巨大画布中极小区域，周围存在大量空白。
4. 三个对象之间距离极端遥远，某个对象明显孤立，或者整个场景严重碎片化。
5. 对象像漂浮在不同区域，彼此几乎没有空间联系，整体场景严重不连贯。
6. 存在大量非常微弱、间断、犹豫、僵硬或严重潦草的线条。
7. 存在异常大面积涂黑、重度阴影或某个对象被明显过度强调。"
dataset/HTP/01/01/01_01_01_0879.jpg,01,01,01,0.012431653620200803,"【支持正常的证据】
1. 房屋、树木、人物三个核心对象均能够清楚识别，并且基本完整。
2. 三个对象在画面中的大小适中，没有全部挤在极小区域，也没有明显超出或压迫整个画面。
3. 房、树、人之间保持自然、合理的空间距离，没有明显孤立或被大片空白强行分隔。
4. 三个对象能够形成基本连贯的场景，例如共享地面、方向一致、空间位置合理，整体看起来属于同一个环境，而不是三个互不相关的符号。
5. 整体构图稳定，没有明显失衡、极端偏向某个角落或严重碎片化。
6. 线条总体连续、自然、力度相对稳定，没有大量异常断裂、极端微弱或杂乱涂画。
7. 画面具有适量细节。可以简单，但主要对象的基本结构能够表达清楚。
8. 房屋、树木、人物的比例大致协调，没有极端小型化或比例失调。
9. 房屋、树木和人物的相对大小基本合理，没有非常极端的尺寸差异。
10. 人物身体主要结构完整，比例不存在严重失调。
11. 整体构图稳定且场景连贯，没有明显异常的大面积涂黑、极端小型化或异常隔离。
12. 线条自然、连续，没有异常大面积涂黑。
13. 人物没有明显选择性结构缺失，如缺少手臂或腿部。
14. 房屋、树木和人物之间保持自然距离，没有某个对象被极端隔离。
15. 人物能够自然地处于房屋和树木形成的环境中，而不是完全脱离其他对象。

【支持异常的证据】
1. 无明显异常特征。"
dataset/HTP/01/01/01_01_01_0880.jpg,01,01,01,0.07585817323116976,"【支持正常的证据】
1. 房屋、树木、人物三个核心对象均能够清楚识别，并且基本完整。
2. 三个对象在画面中的大小适中，没有全部挤在极小区域，也没有明显超出或压迫整个画面。
3. 房、树、人之间保持自然、合理的空间距离，没有明显孤立或被大片空白强行分隔。
4. 三个对象能够形成基本连贯的场景，例如共享地面、方向一致、空间位置合理，整体看起来属于同一个环境，而不是三个互不相关的符号。
5. 整体构图稳定，没有明显失衡、极端偏向某个角落或严重碎片化。
6. 线条总体连续、自然、力度相对稳定，没有大量异常断裂、极端微弱或杂乱涂画。
7. 画面具有适量细节。可以简单，但主要对象的基本结构能够表达清楚。
8. 如果存在草地、道路、太阳、云、花、地面等环境元素，并且与主体自然结合，可以作为场景完整和组织良好的积极证据。
9. 没有大面积、无明显绘画目的的异常涂黑、重阴影或局部反复强调。

【支持异常的证据】
1. 房屋、树木、人物中的一个或多个核心对象完全缺失，且无法由裁剪、遮挡或画法解释。
2. 整幅画极度简化，只剩极少线条，大量重要结构同时消失，整体信息量异常低。
3. 房、树、人整体只占巨大画布中极小区域，周围存在大量空白。
4. 三个对象之间距离极端遥远，某个对象明显孤立，或者整个场景严重碎片化。
5. 对象像漂浮在不同区域，彼此几乎没有空间联系，整体场景严重不连贯。
6. 存在大量非常微弱、间断、犹豫、僵硬或严重潦草的线条。
7. 存在异常大面积涂黑、重度阴影或某个对象被明显过度强调。"
dataset/HTP/01/01/01_01_01_0889.jpg,01,01,01,0.06754668832401889,"【支持正常的证据】
1. 房屋、树木、人物三个核心对象均能够清楚识别，并且基本完整。
2. 三个对象在画面中的大小适中，没有全部挤在极小区域，也没有明显超出或压迫整个画面。
3. 房、树、人之间保持自然、合理的空间距离，没有明显孤立或被大片空白强行分隔。
4. 三个对象能够形成基本连贯的场景，例如共享地面、方向一致、空间位置合理，整体看起来属于同一个环境。
5. 整体构图稳定，没有明显失衡、极端偏向某个角落或严重碎片化。
6. 线条总体连续、自然、力度相对稳定，没有大量异常断裂、极端微弱或杂乱涂画。
7. 画面具有适量细节。可以简单，但主要对象的基本结构能够表达清楚。
8. 房屋、树木、人物的比例大致协调，没有极端小型化或比例失调。
9. 房屋结构稳定，主要组成部分合理，没有明显倒塌、断裂或严重几何变形。
10. 树木结构自然，没有严重截断或畸形。
11. 人物身体主要结构完整，比例不存在严重失调。
12. 整体构图稳定且场景连贯。
13. 线条自然、连续，没有异常大面积涂黑。
14. 没有明显的选择性结构缺失。
15. 仅存在少数能够由绘画水平、年龄、风格或普通构图解释的轻微异常。

【支持异常的证据】
1. 房屋、树木、人物中的一个或多个核心对象完全缺失，且无法由裁剪、遮挡或画法解释。
2. 整幅画极度简化，只剩极少线条，大量重要结构同时消失，整体信息量异常低。
3. 房、树、人整体只占巨大画布中极小区域，周围存在大量空白。
4. 三个对象之间距离极端遥远，某个对象明显孤立，或者整个场景严重碎片化。
5. 存在大量非常微弱、间断、犹豫、僵硬或严重潦草的线条。
6. 存在异常大面积涂黑、重度阴影或某个对象被明显过度强调。"
dataset/HTP/01/01/01_01_01_0916.jpg,01,01,01,0.012431653620200803,"【支持正常的证据】
1. 房屋、树木、人物三个核心对象均能够清楚识别，并且基本完整。
2. 三个对象在画面中的大小适中，没有全部挤在极小区域，也没有明显超出或压迫整个画面。
3. 房、树、人之间保持自然、合理的空间距离，没有明显孤立或被大片空白强行分隔。
4. 三个对象能够形成基本连贯的场景，例如共享地面、方向一致、空间位置合理，整体看起来属于同一个环境。
5. 整体构图稳定，没有明显失衡、极端偏向某个角落或严重碎片化。
6. 线条总体连续、自然、力度相对稳定，没有大量异常断裂、极端微弱或杂乱涂画。
7. 画面具有适量细节。可以简单，但主要对象的基本结构能够表达清楚。
8. 房屋、树木、人物的比例大致协调，没有极端小型化或比例失调。
9. 房屋结构稳定，屋顶、墙壁等主要组成部分合理。
10. 树木结构自然，没有明显截断或畸形。
11. 人物身体主要结构完整，比例不存在严重失调。
12. 整体构图稳定且场景连贯。
13. 线条自然、连续，没有异常大面积涂黑。
14. 没有明显的选择性结构缺失。
15. 仅存在少数能够由绘画水平、年龄、风格或普通构图解释的轻微异常。

【支持异常的证据】
1. 无。"
dataset/HTP/01/01/01_01_01_0926.jpg,01,01,01,0.010986941578116865,"【支持正常的证据】
1. 房屋、树木、人物三个核心对象均能够清楚识别，并且基本完整。
2. 三个对象在画面中的大小适中，没有全部挤在极小区域，也没有明显超出或压迫整个画面。
3. 房、树、人之间保持自然、合理的空间距离，没有明显孤立或被大片空白强行分隔。
4. 三个对象能够形成基本连贯的场景，例如共享地面、方向一致、空间位置合理，整体看起来属于同一个环境，而不是三个互不相关的符号。
5. 整体构图稳定，没有明显失衡、极端偏向某个角落或严重碎片化。
6. 线条总体连续、自然、力度相对稳定，没有大量异常断裂、极端微弱或杂乱涂画。
7. 画面具有适量细节。可以简单，但主要对象的基本结构能够表达清楚。
8. 房屋、树木、人物的比例大致协调，没有极端小型化或比例失调。
9. 房屋结构稳定，主要组成部分合理，没有明显倒塌、断裂或严重几何变形。
10. 树木结构自然，没有严重截断或畸形。
11. 人物身体主要结构完整，比例不存在严重失调。
12. 整体构图稳定且场景连贯。
13. 线条自然、连续，没有异常大面积涂黑。
14. 没有明显的选择性结构缺失。
15. 仅存在少数能够由绘画水平、年龄、风格或普通构图解释的轻微异常。

【支持异常的证据】
1. 无。"
dataset/HTP/01/01/01_01_01_0935.jpg,01,01,01,0.060086650384398026,"【支持正常的证据】
1. 房屋、树木、人物三个核心对象均能够清楚识别，并且基本完整。
2. 三个对象在画面中的大小适中，没有全部挤在极小区域，也没有明显超出或压迫整个画面。
3. 房、树、人之间保持自然、合理的空间距离，没有明显孤立或被大片空白强行分隔。
4. 三个对象能够形成基本连贯的场景，例如共享地面、方向一致、空间位置合理，整体看起来属于同一个环境，而不是三个互不相关的符号。
5. 整体构图稳定，没有明显失衡、极端偏向某个角落或严重碎片化。
6. 线条总体连续、自然、力度相对稳定，没有大量异常断裂、极端微弱或杂乱涂画。
7. 画面具有适量细节。可以简单，但主要对象的基本结构能够表达清楚。
8. 房屋、树木、人物的比例大致协调，没有极端小型化或比例失调。
9. 房屋结构稳定，主要组成部分合理，没有明显倒塌、断裂或严重几何变形。
10. 树木结构自然，没有严重截断或畸形。
11. 人物身体主要结构完整，比例不存在严重失调。
12. 整体构图稳定且场景连贯。
13. 线条自然、连续，没有异常大面积涂黑。
14. 没有明显的选择性结构缺失。
15. 仅存在少数能够由绘画水平、年龄、风格或普通构图解释的轻微异常。

【支持异常的证据】
1. 人物缺少脸部，但整体结构仍然完整。
2. 房屋结构稳定，但缺少窗户。
3. 树木结构自然，但缺少叶子。
4. 人物缺少手臂，但整体结构仍然完整。
5. 房屋和树木结构较为详细，但人物选择性缺少脸部和手臂。
6. 整体构图稳定，但存在轻微比例问题。
7. 线条自然、连续，但存在轻微的线条断裂。
8. 人物缺少部分身体结构，但整体结构仍然完整。"
dataset/HTP/01/01/01_01_01_0946.jpg,01,01,01,0.060086650384398026,"【支持正常的证据】
1. 房屋、树木、人物三个核心对象均能够清楚识别，并且基本完整。
2. 三个对象在画面中的大小适中，没有全部挤在极小区域，也没有明显超出或压迫整个画面。
3. 房、树、人之间保持自然、合理的空间距离，没有明显孤立或被大片空白强行分隔。
4. 三个对象能够形成基本连贯的场景，例如共享地面、方向一致、空间位置合理，整体看起来属于同一个环境。
5. 整体构图稳定，没有明显失衡、极端偏向某个角落或严重碎片化。
6. 线条总体连续、自然、力度相对稳定，没有大量异常断裂、极端微弱或杂乱涂画。
7. 画面具有适量细节。可以简单，但主要对象的基本结构能够表达清楚。
8. 房屋、树木、人物的比例大致协调，没有极端小型化或比例失调。
9. 整体场景连贯，没有明显选择性结构缺失。
10. 线条自然、连续，没有异常大面积涂黑。

【支持异常的证据】
1. 人物缺少头部，这是明显的结构缺失。
2. 房屋缺少窗户，虽然这可能是绘画风格选择，但仍然算作选择性缺失。
3. 树木缺少叶子，但这是绘画风格选择，不算作异常。
4. 房屋和树木的结构较为简单，但没有明显扭曲或怪异。
5. 人物缺少表情，但这是绘画风格选择，不算作异常。"
dataset/HTP/01/01/01_01_01_0956.jpg,01,01,01,0.009708474753363424,"【支持正常的证据】
1. 房屋、树木、人物三个核心对象均能够清楚识别，并且基本完整。
2. 三个对象在画面中的大小适中，没有全部挤在极小区域，也没有明显超出或压迫整个画面。
3. 房、树、人之间保持自然、合理的空间距离，没有明显孤立或被大片空白强行分隔。
4. 三个对象能够形成基本连贯的场景，例如共享地面、方向一致、空间位置合理，整体看起来属于同一个环境，而不是三个互不相关的符号。
5. 整体构图稳定，没有明显失衡、极端偏向某个角落或严重碎片化。
6. 线条总体连续、自然、力度相对稳定，没有大量异常断裂、极端微弱或杂乱涂画。
7. 画面具有适量细节。可以简单，但主要对象的基本结构能够表达清楚。
8. 房屋、树木、人物的比例大致协调，没有极端小型化或比例失调。
9. 房屋结构稳定，主要组成部分合理，没有明显倒塌、断裂或严重几何变形。
10. 树木结构自然，没有严重截断或畸形。
11. 人物身体主要结构完整，比例不存在严重失调。
12. 整体构图稳定且场景连贯，没有明显异常的大面积涂黑、极端小型化或异常隔离。
13. 线条自然、连续，没有异常大面积涂黑。
14. 人物没有明显选择性结构缺失，整体绘画风格统一。
15. 房屋、树木和人物之间的关系自然，没有极端隔离或空间碎片化。

【支持异常的证据】
1. 无。"
dataset/HTP/01/01/01_01_01_0966.jpg,01,01,01,0.060086650384398026,"【支持正常的证据】
1. 房屋、树木、人物三个核心对象均能够清楚识别，并且基本完整。
2. 三个对象在画面中的大小适中，没有全部挤在极小区域，也没有明显超出或压迫整个画面。
3. 房、树、人之间保持自然、合理的空间距离，没有明显孤立或被大片空白强行分隔。
4. 三个对象能够形成基本连贯的场景，例如共享地面、方向一致、空间位置合理，整体看起来属于同一个环境，而不是三个互不相关的符号。
5. 整体构图稳定，没有明显失衡、极端偏向某个角落或严重碎片化。
6. 线条总体连续、自然、力度相对稳定，没有大量异常断裂、极端微弱或杂乱涂画。
7. 画面具有适量细节。可以简单，但主要对象的基本结构能够表达清楚。
8. 如果存在草地、道路、太阳、云、花、地面等环境元素，并且与主体自然结合，可以作为场景完整和组织良好的积极证据。
9. 没有大面积、无明显绘画目的的异常涂黑、重阴影或局部反复强调。

【支持异常的证据】
1. 房屋、树木、人物中的一个或多个核心对象完全缺失，且无法由裁剪、遮挡或画法解释。
2. 整幅画极度简化，只剩极少线条，大量重要结构同时消失，整体信息量异常低。
3. 房、树、人整体只占巨大画布中极小区域，周围存在大量空白。
4. 三个对象之间距离极端遥远，某个对象明显孤立，或者整个场景严重碎片化。
5. 对象像漂浮在不同区域，彼此几乎没有空间联系，整体场景严重不连贯。
6. 存在大量非常微弱、间断、犹豫、僵硬或严重潦草的线条。
7. 存在异常大面积涂黑、重度阴影或某个对象被明显过度强调。"
dataset/HTP/01/01/01_01_01_0976.jpg,01,01,01,0.06754668832401889,"【支持正常的证据】
1. 房屋、树木、人物三个核心对象均能够清楚识别，并且基本完整。
2. 三个对象在画面中的大小适中，没有全部挤在极小区域，也没有明显超出或压迫整个画面。
3. 房、树、人之间保持自然、合理的空间距离，没有明显孤立或被大片空白强行分隔。
4. 三个对象能够形成基本连贯的场景，例如共享地面、方向一致、空间位置合理，整体看起来属于同一个环境，而不是三个互不相关的符号。
5. 整体构图稳定，没有明显失衡、极端偏向某个角落或严重碎片化。
6. 线条总体连续、自然、力度相对稳定，没有大量异常断裂、极端微弱或杂乱涂画。
7. 画面具有适量细节。可以简单，但主要对象的基本结构能够表达清楚。
8. 没有大面积、无明显绘画目的的异常涂黑、重阴影或局部反复强调。

【支持异常的证据】
1. 树木的树冠形状较为不规则，存在一些不自然的弯曲和重叠。
2. 树木的树干和树冠之间连接处显得有些突兀，缺乏自然过渡。
3. 人物的身体结构较为简单，没有明显的四肢和五官，整体比例有些失调。
4. 人物的位置与房屋和树木之间距离较远，显得有些孤立。
5. 线条在某些地方显得有些犹豫和不自然，尤其是人物的部分线条。"
dataset/HTP/01/01/01_01_01_0977.jpg,01,01,01,0.04208773121980142,"【支持正常的证据】
1. 房屋、树木、人物三个核心对象均能够清楚识别，并且基本完整。
2. 三个对象在画面中的大小适中，没有全部挤在极小区域，也没有明显超出或压迫整个画面。
3. 房、树、人之间保持自然、合理的空间距离，没有明显孤立或被大片空白强行分隔。
4. 三个对象能够形成基本连贯的场景，例如共享地面、方向一致、空间位置合理，整体看起来属于同一个环境。
5. 整体构图稳定，没有明显失衡、极端偏向某个角落或严重碎片化。
6. 线条总体连续、自然、力度相对稳定，没有大量异常断裂、极端微弱或杂乱涂画。
7. 画面具有适量细节。可以简单，但主要对象的基本结构能够表达清楚。
8. 如果存在草地、道路、太阳、云、花、地面等环境元素，并且与主体自然结合，可以作为场景完整和组织良好的积极证据。
9. 没有大面积、无明显绘画目的的异常涂黑、重阴影或局部反复强调。

【支持异常的证据】
1. 房屋、树木、人物中的一个或多个核心对象完全缺失，且无法由裁剪、遮挡或画法解释。
2. 整幅画极度简化，只剩极少线条，大量重要结构同时消失，整体信息量异常低。
3. 房、树、人整体只占巨大画布中极小区域，周围存在大量空白。
4. 三个对象之间距离极端遥远，某个对象明显孤立，或者整个场景严重碎片化。
5. 对象像漂浮在不同区域，彼此几乎没有空间联系，整体场景严重不连贯。
6. 存在大量非常微弱、间断、犹豫、僵硬或严重潦草的线条。
7. 存在异常大面积涂黑、重度阴影或某个对象被明显过度强调。"
dataset/HTP/01/01/01_01_01_0986.jpg,01,01,01,0.07585817323116976,"【支持正常的证据】
1. 房屋、树木、人物三个核心对象均能够清楚识别，并且基本完整。
2. 三个对象在画面中的大小适中，没有全部挤在极小区域，也没有明显超出或压迫整个画面。
3. 房、树、人之间保持自然、合理的空间距离，没有明显孤立或被大片空白强行分隔。
4. 三个对象能够形成基本连贯的场景，例如共享地面、方向一致、空间位置合理，整体看起来属于同一个环境，而不是三个互不相关的符号。
5. 整体构图稳定，没有明显失衡、极端偏向某个角落或严重碎片化。
6. 线条总体连续、自然、力度相对稳定，没有大量异常断裂、极端微弱或杂乱涂画。
7. 画面具有适量细节。可以简单，但主要对象的基本结构能够表达清楚。
8. 房屋、树木、人物的比例大致协调，没有极端小型化或比例失调。
9. 房屋、树木和人物之间的相对大小基本合理，没有非常极端的尺寸差异。
10. 整体构图稳定且场景连贯，没有明显的选择性结构缺失。

【支持异常的证据】
1. 房屋、树木、人物中的一个或多个核心对象完全缺失，且无法由裁剪、遮挡或画法解释。
2. 整幅画极度简化，只剩极少线条，大量重要结构同时消失，整体信息量异常低。
3. 房、树、人整体只占巨大画布中极小区域，周围存在大量空白。
4. 三个对象之间距离极端遥远，某个对象明显孤立，或者整个场景严重碎片化。
5. 存在大量非常微弱、间断、犹豫、僵硬或严重潦草的线条。
6. 存在异常大面积涂黑、重度阴影或某个对象被明显过度强调。"
dataset/HTP/01/01/01_01_01_0997.jpg,01,01,01,0.07585817323116976,"【支持正常的证据】
1. 房屋、树木、人物三个核心对象均能够清楚识别，并且基本完整。
2. 三个对象在画面中的大小适中，没有全部挤在极小区域，也没有明显超出或压迫整个画面。
3. 房、树、人之间保持自然、合理的空间距离，没有明显孤立或被大片空白强行分隔。
4. 三个对象能够形成基本连贯的场景，例如共享地面、方向一致、空间位置合理，整体看起来属于同一个环境，而不是三个互不相关的符号。
5. 整体构图稳定，没有明显失衡、极端偏向某个角落或严重碎片化。
6. 线条总体连续、自然、力度相对稳定，没有大量异常断裂、极端微弱或杂乱涂画。
7. 画面具有适量细节。可以简单，但主要对象的基本结构能够表达清楚。
8. 房屋、树木、人物的比例大致协调，没有极端小型化或比例失调。
9. 房屋、树木和人物之间的关系自然，没有极端隔离或不连贯的空间关系。
10. 线条自然、连续，没有异常大面积涂黑。

【支持异常的证据】
1. 人物缺少手臂，手臂被选择性省略。
2. 房屋缺少窗户，窗户被选择性省略。
3. 树木缺少叶子，可能是由于绘画风格或季节性因素导致。
4. 房屋和树木的结构较为简单，可能是普通二维画法的表现。"
dataset/HTP/01/01/01_01_01_1007.jpg,01,01,01,0.07585817323116976,"【支持正常的证据】
1. 房屋、树木、人物三个核心对象均能够清楚识别，并且基本完整。
2. 三个对象在画面中的大小适中，没有全部挤在极小区域，也没有明显超出或压迫整个画面。
3. 房、树、人之间保持自然、合理的空间距离，没有明显孤立或被大片空白强行分隔。
4. 三个对象能够形成基本连贯的场景，例如共享地面、方向一致、空间位置合理，整体看起来属于同一个环境，而不是三个互不相关的符号。
5. 整体构图稳定，没有明显失衡、极端偏向某个角落或严重碎片化。
6. 线条总体连续、自然、力度相对稳定，没有大量异常断裂、极端微弱或杂乱涂画。
7. 画面具有适量细节。可以简单，但主要对象的基本结构能够表达清楚。
8. 房屋、树木、人物的比例大致协调，没有极端小型化或比例失调。
9. 房屋、树木和人物之间的关系自然，没有极端隔离或不连贯的空间关系。
10. 线条自然、连续，没有异常大面积涂黑。

【支持异常的证据】
1. 房屋、树木、人物中的一个或多个核心对象完全缺失，且无法由裁剪、遮挡或画法解释。
2. 整幅画极度简化，只剩极少线条，大量重要结构同时消失，整体信息量异常低。
3. 房、树、人整体只占巨大画布中极小区域，周围存在大量空白。
4. 三个对象之间距离极端遥远，某个对象明显孤立，或者整个场景严重碎片化。
5. 存在大量非常微弱、间断、犹豫、僵硬或严重潦草的线条。
6. 存在异常大面积涂黑、重度阴影或某个对象被明显过度强调。"
dataset/HTP/01/01/01_01_01_1016.jpg,01,01,01,0.010986941578116865,"【支持正常的证据】
1. 房屋、树木、人物三个核心对象均能够清楚识别，并且基本完整。
2. 三个对象在画面中的大小适中，没有全部挤在极小区域，也没有明显超出或压迫整个画面。
3. 房、树、人之间保持自然、合理的空间距离，没有明显孤立或被大片空白强行分隔。
4. 三个对象能够形成基本连贯的场景，例如共享地面、方向一致、空间位置合理，整体看起来属于同一个环境。
5. 整体构图稳定，没有明显失衡、极端偏向某个角落或严重碎片化。
6. 线条总体连续、自然、力度相对稳定，没有大量异常断裂、极端微弱或杂乱涂画。
7. 画面具有适量细节。可以简单，但主要对象的基本结构能够表达清楚。
8. 房屋、树木、人物的比例大致协调，没有极端小型化或比例失调。
9. 房屋结构稳定，主要组成部分合理，没有明显倒塌、断裂或严重几何变形。
10. 树木结构自然，没有严重截断或畸形。
11. 人物身体主要结构完整，比例不存在严重失调。
12. 整体构图稳定且场景连贯。
13. 线条自然、连续，没有异常大面积涂黑。
14. 没有明显的选择性结构缺失。
15. 仅存在少数能够由绘画水平、年龄、风格或普通构图解释的轻微异常。

【支持异常的证据】
1. 无明显异常特征。"
dataset/HTP/01/01/01_01_01_1023.jpg,01,01,01,0.012431653620200803,"【支持正常的证据】
1. 房屋、树木、人物三个核心对象均能够清楚识别，并且基本完整。
2. 三个对象在画面中的大小适中，没有全部挤在极小区域，也没有明显超出或压迫整个画面。
3. 房、树、人之间保持自然、合理的空间距离，没有明显孤立或被大片空白强行分隔。
4. 三个对象能够形成基本连贯的场景，例如共享地面、方向一致、空间位置合理，整体看起来属于同一个环境，而不是三个互不相关的符号。
5. 整体构图稳定，没有明显失衡、极端偏向某个角落或严重碎片化。
6. 线条总体连续、自然、力度相对稳定，没有大量异常断裂、极端微弱或杂乱涂画。
7. 画面具有适量细节。可以简单，但主要对象的基本结构能够表达清楚。
8. 房屋、树木、人物的比例大致协调，没有极端小型化或比例失调。
9. 房屋、树木和人物之间的关系自然，没有极端隔离或不连贯的空间关系。
10. 线条自然、连续，没有异常大面积涂黑。

【支持异常的证据】
1. 无。"
dataset/HTP/01/01/01_01_01_1031.jpg,01,01,01,0.01798621187025419,"【支持正常的证据】
1. 房屋、树木、人物三个核心对象均能够清楚识别，并且基本完整。
2. 三个对象在画面中的大小适中，没有全部挤在极小区域，也没有明显超出或压迫整个画面。
3. 房、树、人之间保持自然、合理的空间距离，没有明显孤立或被大片空白强行分隔。
4. 三个对象能够形成基本连贯的场景，例如共享地面、方向一致、空间位置合理，整体看起来属于同一个环境，而不是三个互不相关的符号。
5. 整体构图稳定，没有明显失衡、极端偏向某个角落或严重碎片化。
6. 线条总体连续、自然、力度相对稳定，没有大量异常断裂、极端微弱或杂乱涂画。
7. 画面具有适量细节。可以简单，但主要对象的基本结构能够表达清楚。
8. 房屋、树木、人物的比例大致协调，没有极端小型化或比例失调。
9. 房屋、树木和人物之间的关系自然，没有极端隔离或空间关系异常。
10. 线条自然、连续，没有异常大面积涂黑。

【支持异常的证据】
1. 人物缺少手臂，但整体结构仍然完整。
2. 房屋缺少窗户，但整体结构仍然稳定。
3. 树木结构自然，没有明显截断或畸形。
4. 房屋、树木和人物的比例大致协调，没有极端小型化或比例失调。
5. 房屋、树木和人物之间的关系自然，没有极端隔离或空间关系异常。
6. 线条自然、连续，没有异常大面积涂黑。"
dataset/HTP/01/01/01_01_01_1041.jpg,01,01,01,0.03732688948593843,"【支持正常的证据】
1. 房屋、树木、人物三个核心对象均能够清楚识别，并且基本完整。
2. 三个对象在画面中的大小适中，没有全部挤在极小区域，也没有明显超出或压迫整个画面。
3. 房、树、人之间保持自然、合理的空间距离，没有明显孤立或被大片空白强行分隔。
4. 三个对象能够形成基本连贯的场景，例如共享地面、方向一致、空间位置合理，整体看起来属于同一个环境，而不是三个互不相关的符号。
5. 整体构图稳定，没有明显失衡、极端偏向某个角落或严重碎片化。
6. 线条总体连续、自然、力度相对稳定，没有大量异常断裂、极端微弱或杂乱涂画。
7. 画面具有适量细节。可以简单，但主要对象的基本结构能够表达清楚。
8. 房屋、树木、人物的比例大致协调，没有极端小型化或比例失调。
9. 房屋、树木和人物之间的关系自然，没有极端隔离或空间关系异常。
10. 线条自然、连续，没有异常大面积涂黑。

【支持异常的证据】
1. 人物缺少脸部和主要肢体，但整体结构仍然存在。
2. 房屋结构较为完整，但缺少窗户。
3. 树木结构自然，没有明显截断或畸形。
4. 房屋、树木和人物的比例大致协调，没有极端小型化或比例失调。
5. 房屋、树木和人物之间的关系自然，没有极端隔离或空间关系异常。"
dataset/HTP/01/01/01_01_01_1067.jpg,01,01,01,0.11920291732853862,"【支持正常的证据】
1. 房屋、树木、人物三个核心对象均能够清楚识别，并且基本完整。
2. 三个对象在画面中的大小适中，没有全部挤在极小区域，也没有明显超出或压迫整个画面。
3. 房、树、人之间保持自然、合理的空间距离，没有明显孤立或被大片空白强行分隔。
4. 三个对象能够形成基本连贯的场景，例如共享地面、方向一致、空间位置合理，整体看起来属于同一个环境，而不是三个互不相关的符号。
5. 整体构图稳定，没有明显失衡、极端偏向某个角落或严重碎片化。
6. 线条总体连续、自然、力度相对稳定，没有大量异常断裂、极端微弱或杂乱涂画。
7. 画面具有适量细节。可以简单，但主要对象的基本结构能够表达清楚。
8. 房屋、树木、人物之间的关系自然，没有极端隔离或不连贯的场景。
9. 没有大面积、无明显绘画目的的异常涂黑、重阴影或局部反复强调。

【支持异常的证据】
1. 人物明显没有完成，例如主要身体区域完全缺失、头部缺失、躯干缺失、多个必要身体部分缺失，或者身体不同部分明显断开。
2. 房屋、树木和人物分别孤立在互不相关的区域。
3. 三个对象的尺寸比例严重不协调。
4. 房屋、树木和人物之间在空间上和语义上明显断开，无法组成基本连贯场景。"
dataset/HTP/01/01/01_01_01_1068.jpg,01,01,01,0.04208773121980142,"【支持正常的证据】
1. 房屋、树木、人物三个核心对象均能够清楚识别，并且基本完整。
2. 三个对象在画面中的大小适中，没有全部挤在极小区域，也没有明显超出或压迫整个画面。
3. 房、树、人之间保持自然、合理的空间距离，没有明显孤立或被大片空白强行分隔。
4. 三个对象能够形成基本连贯的场景，例如共享地面、方向一致、空间位置合理，整体看起来属于同一个环境。
5. 整体构图稳定，没有明显失衡、极端偏向某个角落或严重碎片化。
6. 线条总体连续、自然、力度相对稳定，没有大量异常断裂、极端微弱或杂乱涂画。
7. 画面具有适量细节。可以简单，但主要对象的基本结构能够表达清楚。
8. 房屋、树木、人物的比例大致协调，没有极端小型化或比例失调。
9. 房屋结构稳定，屋顶、墙壁等主要组成部分合理。
10. 树木结构自然，没有明显截断或畸形。
11. 人物身体主要结构完整，比例不存在严重失调。
12. 整体构图稳定且场景连贯，没有明显异常的大面积涂黑。
13. 线条自然、连续，没有异常大面积涂黑。
14. 人物没有明显选择性结构缺失。
15. 画面存在多个相互独立的正常积极特征。

【支持异常的证据】
1. 人物明显不完整，缺少手臂。
2. 房屋结构较为简单，没有明显选择性缺失。
3. 树木结构自然，没有明显截断或畸形。
4. 人物比例存在轻微失调，但不严重。
5. 整体构图稳定，没有明显异常的大面积涂黑。
6. 线条自然、连续，没有异常大面积涂黑。
7. 人物没有明显选择性结构缺失。
8. 画面存在多个相互独立的正常积极特征。"
dataset/HTP/01/01/01_01_01_1078.jpg,01,01,01,0.015906393344589397,"【支持正常的证据】
1. 房屋、树木、人物三个核心对象均能够清楚识别，并且基本完整。
2. 三个对象在画面中的大小适中，没有全部挤在极小区域，也没有明显超出或压迫整个画面。
3. 房、树、人之间保持自然、合理的空间距离，没有明显孤立或被大片空白强行分隔。
4. 三个对象能够形成基本连贯的场景，例如共享地面、方向一致、空间位置合理，整体看起来属于同一个环境，而不是三个互不相关的符号。
5. 整体构图稳定，没有明显失衡、极端偏向某个角落或严重碎片化。
6. 线条总体连续、自然、力度相对稳定，没有大量异常断裂、极端微弱或杂乱涂画。
7. 画面具有适量细节。可以简单，但主要对象的基本结构能够表达清楚。
8. 房屋、树木、人物的比例大致协调，没有极端小型化或比例失调。
9. 整体场景连贯，没有明显选择性结构缺失。
10. 线条自然、连续，没有异常大面积涂黑。

【支持异常的证据】
1. 人物头部、躯干、手臂和腿等主要身体结构基本完整。
2. 房屋、树木、人物的相对大小基本合理，没有非常极端的尺寸差异。
3. 三者之间保持自然距离，没有某个对象被极端隔离。
4. 对象具有基本共同空间，例如共享地面、位置关系能够形成一个完整场景。
5. 人物能够自然地处于房屋和树木形成的环境中，而不是完全脱离其他对象。
6. 即使对象之间没有互动，只要整体空间组织清楚、稳定、协调，也属于正常构图。"
dataset/HTP/01/01/01_01_01_1088.jpg,01,01,01,0.009708474753363424,"【支持正常的证据】
1. 房屋、树木、人物三个核心对象均能够清楚识别，并且基本完整。
2. 三个对象在画面中的大小适中，没有全部挤在极小区域，也没有明显超出或压迫整个画面。
3. 房、树、人之间保持自然、合理的空间距离，没有明显孤立或被大片空白强行分隔。
4. 三个对象能够形成基本连贯的场景，例如共享地面、方向一致、空间位置合理，整体看起来属于同一个环境，而不是三个互不相关的符号。
5. 整体构图稳定，没有明显失衡、极端偏向某个角落或严重碎片化。
6. 线条总体连续、自然、力度相对稳定，没有大量异常断裂、极端微弱或杂乱涂画。
7. 画面具有适量细节。可以简单，但主要对象的基本结构能够表达清楚。
8. 房屋、树木、人物的比例大致协调，没有极端小型化或比例失调。
9. 房屋结构稳定，主要组成部分合理，没有明显倒塌、断裂或严重几何变形。
10. 树木结构自然，没有严重截断或畸形。
11. 人物身体主要结构完整，比例不存在严重失调。
12. 整体构图稳定且场景连贯，没有明显异常的大面积涂黑。
13. 线条自然、连续，没有异常大面积涂黑。
14. 没有明显的选择性结构缺失。
15. 仅存在少数能够由绘画水平、年龄、风格或普通构图解释的轻微异常。

【支持异常的证据】
1. 无。"
dataset/HTP/01/01/01_01_01_1106.jpg,01,01,01,0.012431653620200803,"【支持正常的证据】
1. 房屋、树木、人物三个核心对象均能够清楚识别，并且基本完整。
2. 三个对象在画面中的大小适中，没有全部挤在极小区域，也没有明显超出或压迫整个画面。
3. 房、树、人之间保持自然、合理的空间距离，没有明显孤立或被大片空白强行分隔。
4. 三个对象能够形成基本连贯的场景，例如共享地面、方向一致、空间位置合理，整体看起来属于同一个环境，而不是三个互不相关的符号。
5. 整体构图稳定，没有明显失衡、极端偏向某个角落或严重碎片化。
6. 线条总体连续、自然、力度相对稳定，没有大量异常断裂、极端微弱或杂乱涂画。
7. 画面具有适量细节。可以简单，但主要对象的基本结构能够表达清楚。
8. 房屋、树木、人物的比例大致协调，没有极端小型化或比例失调。
9. 房屋结构稳定，墙体、屋顶等主要结构完整，没有明显倒塌、断裂或严重几何变形。
10. 树木结构自然，树干、树冠、树枝等主要部分能够正常识别，整体结构基本完整。
11. 人物头部、躯干、手臂和腿等主要身体结构基本完整，连接关系自然，没有明显断裂、错位或无法解释的结构缺失。
12. 人物大小与房屋、树木和整个画布基本协调，不存在极端小型化。
13. 房屋、树木和人物之间的相对大小基本合理，没有非常极端的尺寸差异。
14. 人物能够自然地处于房屋和树木形成的环境中，而不是完全脱离其他对象。
15. 线条自然、连续，没有异常大面积涂黑。

【支持异常的证据】
1. 无。"
dataset/HTP/01/01/01_01_01_1130.jpg,01,01,01,0.014063626423394072,"【支持正常的证据】
1. 房屋、树木、人物三个核心对象均能够清楚识别，并且基本完整。
2. 三个对象在画面中的大小适中，没有全部挤在极小区域，也没有明显超出或压迫整个画面。
3. 房、树、人之间保持自然、合理的空间距离，没有明显孤立或被大片空白强行分隔。
4. 三个对象能够形成基本连贯的场景，例如共享地面、方向一致、空间位置合理，整体看起来属于同一个环境，而不是三个互不相关的符号。
5. 整体构图稳定，没有明显失衡、极端偏向某个角落或严重碎片化。
6. 线条总体连续、自然、力度相对稳定，没有大量异常断裂、极端微弱或杂乱涂画。
7. 画面具有适量细节。可以简单，但主要对象的基本结构能够表达清楚。
8. 房屋、树木、人物的比例大致协调，没有极端小型化或比例失调。
9. 房屋、树木和人物之间的关系自然，没有极端隔离或空间关系异常。
10. 线条自然、连续，没有异常大面积涂黑。

【支持异常的证据】
1. 无明显异常特征。"
dataset/HTP/01/01/01_01_01_1140.jpg,01,01,01,0.022977372418942873,"【支持正常的证据】
1. 房屋、树木、人物三个核心对象均能够清楚识别，并且基本完整。
2. 三个对象在画面中的大小适中，没有全部挤在极小区域，也没有明显超出或压迫整个画面。
3. 房、树、人之间保持自然、合理的空间距离，没有明显孤立或被大片空白强行分隔。
4. 三个对象能够形成基本连贯的场景，例如共享地面、方向一致、空间位置合理，整体看起来属于同一个环境，而不是三个互不相关的符号。
5. 整体构图稳定，没有明显失衡、极端偏向某个角落或严重碎片化。
6. 线条总体连续、自然、力度相对稳定，没有大量异常断裂、极端微弱或杂乱涂画。
7. 画面具有适量细节。可以简单，但主要对象的基本结构能够表达清楚。
8. 房屋、树木、人物的比例大致协调，没有极端小型化或比例失调。
9. 房屋、树木和人物之间的关系自然，没有极端隔离或空间关系异常。
10. 线条自然、连续，没有异常大面积涂黑。

【支持异常的证据】
1. 人物缺少头部，但整体结构基本完整。
2. 树木的树干和树冠之间连接自然，比例基本合理。
3. 房屋结构稳定，主要组成部分合理。
4. 人物身体主要结构完整，比例不存在严重失调。
5. 整体构图稳定且场景连贯。
6. 线条自然、连续，没有异常大面积涂黑。
7. 房屋、树木和人物的比例大致协调，没有极端小型化或比例失调。
8. 房屋、树木和人物之间的关系自然，没有极端隔离或空间关系异常。"
dataset/HTP/01/01/01_01_01_1158.jpg,01,01,01,0.20181322466072713,"【支持正常的证据】
1. 房屋、树木、人物三个核心对象均能够清楚识别，并且基本完整。
2. 三个对象在画面中的大小适中，没有全部挤在极小区域，也没有明显超出或压迫整个画面。
3. 房、树、人之间保持自然、合理的空间距离，没有明显孤立或被大片空白强行分隔。
4. 三个对象能够形成基本连贯的场景，例如共享地面、方向一致、空间位置合理，整体看起来属于同一个环境，而不是三个互不相关的符号。
5. 整体构图稳定，没有明显失衡、极端偏向某个角落或严重碎片化。
6. 线条总体连续、自然、力度相对稳定，没有大量异常断裂、极端微弱或杂乱涂画。
7. 画面具有适量细节。可以简单，但主要对象的基本结构能够表达清楚。
8. 房屋、树木、人物的比例大致协调，没有极端小型化或比例失调。
9. 房屋、树木和人物之间的关系自然，没有极端隔离或空间关系异常。
10. 线条自然、连续，没有异常大面积涂黑。

【支持异常的证据】
1. 人物头部缺失，没有完成。
2. 树木的树冠被异常压缩或严重扁平。
3. 房屋的屋顶与墙体断开，表现出明显不稳定或坍塌感。
4. 树木的树干和树冠之间存在明显不可能的连接关系、严重扭曲或结构断裂。
5. 房屋的屋顶存在异常密集、反复、明显失衡的装饰或强调。"
dataset/HTP/01/01/01_01_01_1159.jpg,01,01,01,0.053403324903538434,"【支持正常的证据】
1. 房屋、树木、人物三个核心对象均能够清楚识别，并且基本完整。
2. 三个对象在画面中的大小适中，没有全部挤在极小区域，也没有明显超出或压迫整个画面。
3. 房、树、人之间保持自然、合理的空间距离，没有明显孤立或被大片空白强行分隔。
4. 三个对象能够形成基本连贯的场景，例如共享地面、方向一致、空间位置合理，整体看起来属于同一个环境，而不是三个互不相关的符号。
5. 整体构图稳定，没有明显失衡、极端偏向某个角落或严重碎片化。
6. 线条总体连续、自然、力度相对稳定，没有大量异常断裂、极端微弱或杂乱涂画。
7. 画面具有适量细节。可以简单，但主要对象的基本结构能够表达清楚。
8. 房屋、树木、人物的比例大致协调，没有极端小型化或比例失调。
9. 整体场景连贯，没有明显选择性结构缺失。
10. 线条自然、连续，没有异常大面积涂黑。

【支持异常的证据】
1. 人物缺少脸部和主要肢体，但整体结构仍然存在。
2. 房屋缺少窗户，但整体结构仍然存在。
3. 树木缺少叶子，但整体结构仍然存在。
4. 房、树、人之间距离较为合理，没有极端隔离。
5. 线条自然，没有极端微弱或杂乱涂画。"
dataset/HTP/01/01/01_01_01_1169.jpg,01,01,01,0.04742587351415913,"【支持正常的证据】
1. 房屋、树木、人物三个核心对象均能够清楚识别，并且基本完整。
2. 三个对象在画面中的大小适中，没有全部挤在极小区域，也没有明显超出或压迫整个画面。
3. 房、树、人之间保持自然、合理的空间距离，没有明显孤立或被大片空白强行分隔。
4. 三个对象能够形成基本连贯的场景，例如共享地面、方向一致、空间位置合理，整体看起来属于同一个环境，而不是三个互不相关的符号。
5. 整体构图稳定，没有明显失衡、极端偏向某个角落或严重碎片化。
6. 线条总体连续、自然、力度相对稳定，没有大量异常断裂、极端微弱或杂乱涂画。
7. 画面具有适量细节。可以简单，但主要对象的基本结构能够表达清楚。
8. 房屋、树木、人物之间的关系自然，没有极端隔离或不连贯的场景。
9. 没有大面积、无明显绘画目的的异常涂黑、重阴影或局部反复强调。

【支持异常的证据】
1. 房屋、树木、人物中的一个或多个核心对象完全缺失，且无法由裁剪、遮挡或画法解释。
2. 整幅画极度简化，只剩极少线条，大量重要结构同时消失，整体信息量异常低。
3. 房、树、人整体只占巨大画布中极小区域，周围存在大量空白。
4. 三个对象之间距离极端遥远，某个对象明显孤立，或者整个场景严重碎片化。
5. 对象像漂浮在不同区域，彼此几乎没有空间联系，整体场景严重不连贯。
6. 存在大量非常微弱、间断、犹豫、僵硬或严重潦草的线条。
7. 存在异常大面积涂黑、重度阴影或某个对象被明显过度强调。"
dataset/HTP/01/01/01_01_01_1179.jpg,01,01,01,0.010986941578116865,"【支持正常的证据】
1. 房屋、树木、人物三个核心对象均能够清楚识别，并且基本完整。
2. 三个对象在画面中的大小适中，没有全部挤在极小区域，也没有明显超出或压迫整个画面。
3. 房、树、人之间保持自然、合理的空间距离，没有明显孤立或被大片空白强行分隔。
4. 三个对象能够形成基本连贯的场景，例如共享地面、方向一致、空间位置合理，整体看起来属于同一个环境，而不是三个互不相关的符号。
5. 整体构图稳定，没有明显失衡、极端偏向某个角落或严重碎片化。
6. 线条总体连续、自然、力度相对稳定，没有大量异常断裂、极端微弱或杂乱涂画。
7. 画面具有适量细节。可以简单，但主要对象的基本结构能够表达清楚。
8. 房屋、树木、人物的比例大致协调，没有极端小型化或比例失调。
9. 房屋结构稳定，墙体、屋顶等主要结构完整，没有明显倒塌、断裂或严重几何变形。
10. 树木结构自然，树干、树冠、树枝等主要部分能够正常识别，整体结构基本完整。
11. 人物头部、躯干、手臂和腿等主要身体结构基本完整，连接关系自然，没有明显断裂、错位或无法解释的结构缺失。
12. 人物大小与房屋、树木和整个画布基本协调，不存在极端小型化。
13. 房屋、树木和人物的相对大小基本合理，没有非常极端的尺寸差异。
14. 人物能够自然地处于房屋和树木形成的环境中，而不是完全脱离其他对象。
15. 线条自然、连续，没有异常大面积涂黑。

【支持异常的证据】
1. 无。"
dataset/HTP/01/01/01_01_01_1199.jpg,01,01,01,0.012431653620200803,"【支持正常的证据】
1. 房屋、树木、人物三个核心对象均能够清楚识别，并且基本完整。
2. 三个对象在画面中的大小适中，没有全部挤在极小区域，也没有明显超出或压迫整个画面。
3. 房、树、人之间保持自然、合理的空间距离，没有明显孤立或被大片空白强行分隔。
4. 三个对象能够形成基本连贯的场景，例如共享地面、方向一致、空间位置合理，整体看起来属于同一个环境。
5. 整体构图稳定，没有明显失衡、极端偏向某个角落或严重碎片化。
6. 线条总体连续、自然、力度相对稳定，没有大量异常断裂、极端微弱或杂乱涂画。
7. 画面具有适量细节。可以简单，但主要对象的基本结构能够表达清楚。
8. 房屋、树木、人物的比例大致协调，没有极端小型化或比例失调。
9. 房屋结构稳定，主要组成部分合理，没有明显倒塌、断裂或严重几何变形。
10. 树木结构自然，没有严重截断或畸形。
11. 人物身体主要结构完整，比例不存在严重失调。
12. 整体构图稳定且场景连贯。
13. 线条自然、连续，没有异常大面积涂黑。
14. 没有明显的选择性结构缺失。
15. 仅存在少数能够由绘画水平、年龄、风格或普通构图解释的轻微异常。

【支持异常的证据】
1. 无。"
dataset/HTP/01/01/01_01_01_1208.jpg,01,01,01,0.053403324903538434,"【支持正常的证据】
1. 房屋、树木、人物三个核心对象均能够清楚识别，并且基本完整。
2. 三个对象在画面中的大小适中，没有全部挤在极小区域，也没有明显超出或压迫整个画面。
3. 房、树、人之间保持自然、合理的空间距离，没有明显孤立或被大片空白强行分隔。
4. 三个对象能够形成基本连贯的场景，例如共享地面、方向一致、空间位置合理，整体看起来属于同一个环境，而不是三个互不相关的符号。
5. 整体构图稳定，没有明显失衡、极端偏向某个角落或严重碎片化。
6. 线条总体连续、自然、力度相对稳定，没有大量异常断裂、极端微弱或杂乱涂画。
7. 画面具有适量细节。可以简单，但主要对象的基本结构能够表达清楚。
8. 如果存在草地、道路、太阳、云、花、地面等环境元素，并且与主体自然结合，可以作为场景完整和组织良好的积极证据。
9. 没有大面积、无明显绘画目的的异常涂黑、重阴影或局部反复强调。

【支持异常的证据】
1. 房屋、树木、人物中的一个或多个核心对象完全缺失，且无法由裁剪、遮挡或画法解释。
2. 整幅画极度简化，只剩极少线条，大量重要结构同时消失，整体信息量异常低。
3. 房、树、人整体只占巨大画布中极小区域，周围存在大量空白。
4. 三个对象之间距离极端遥远，某个对象明显孤立，或者整个场景严重碎片化。
5. 对象像漂浮在不同区域，彼此几乎没有空间联系，整体场景严重不连贯。
6. 存在大量非常微弱、间断、犹豫、僵硬或严重潦草的线条。
7. 存在异常大面积涂黑、重度阴影或某个对象被明显过度强调。"
dataset/HTP/01/01/01_01_01_1218.jpg,01,01,01,0.04742587351415913,"【支持正常的证据】
1. 房屋、树木、人物三个核心对象均能够清楚识别，并且基本完整。
2. 三个对象在画面中的大小适中，没有全部挤在极小区域，也没有明显超出或压迫整个画面。
3. 房、树、人之间保持自然、合理的空间距离，没有明显孤立或被大片空白强行分隔。
4. 三个对象能够形成基本连贯的场景，例如共享地面、方向一致、空间位置合理，整体看起来属于同一个环境。
5. 整体构图稳定，没有明显失衡、极端偏向某个角落或严重碎片化。
6. 线条总体连续、自然、力度相对稳定，没有大量异常断裂、极端微弱或杂乱涂画。
7. 画面具有适量细节。可以简单，但主要对象的基本结构能够表达清楚。
8. 房屋、树木、人物的比例大致协调，没有极端小型化或比例失调。
9. 房屋、树木和人物之间的关系自然，没有极端隔离或空间断开。
10. 整体场景连贯，没有大面积异常涂黑或阴影。

【支持异常的证据】
1. 人物头部、躯干、手臂和腿等主要身体结构基本完整，但人物较小，比例有些夸张。
2. 房屋结构较为完整，但屋顶上的人物似乎站在屋顶边缘，没有明显支撑。
3. 树木大小与房屋、人物协调，但树冠形状有些不规则，可能是自然风格化的表现。
4. 房屋、树木和人物之间的比例协调，但人物相对于房屋和树木显得有些小。
5. 线条自然，但人物的姿势有些夸张，可能是因为绘画风格导致的。"
dataset/HTP/01/01/01_01_01_1228.jpg,01,01,01,0.009708474753363424,"【支持正常的证据】
1. 房屋、树木、人物三个核心对象均能够清楚识别，并且基本完整。
2. 三个对象在画面中的大小适中，没有全部挤在极小区域，也没有明显超出或压迫整个画面。
3. 房、树、人之间保持自然、合理的空间距离，没有明显孤立或被大片空白强行分隔。
4. 三个对象能够形成基本连贯的场景，例如共享地面、方向一致、空间位置合理，整体看起来属于同一个环境，而不是三个互不相关的符号。
5. 整体构图稳定，没有明显失衡、极端偏向某个角落或严重碎片化。
6. 线条总体连续、自然、力度相对稳定，没有大量异常断裂、极端微弱或杂乱涂画。
7. 画面具有适量细节。可以简单，但主要对象的基本结构能够表达清楚。
8. 房屋、树木、人物的比例大致协调，没有极端小型化或比例失调。
9. 房屋、树木和人物的相对大小基本合理，没有非常极端的尺寸差异。
10. 房屋结构稳定，主要组成部分合理，没有明显倒塌、断裂或严重几何变形。
11. 树木结构自然，没有严重截断或畸形。
12. 人物身体主要结构完整，比例不存在严重失调。
13. 整体构图稳定且场景连贯。
14. 线条自然、连续，没有异常大面积涂黑。
15. 没有明显的选择性结构缺失。
16. 仅存在少数能够由绘画水平、年龄、风格或普通构图解释的轻微异常。

【支持异常的证据】
1. 无明显异常特征。"
dataset/HTP/01/01/01_01_01_1257.jpg,01,01,01,0.11920291732853862,"【支持正常的证据】
1. 房屋、树木、人物三个核心对象均能够清楚识别，并且基本完整。
2. 三个对象在画面中的大小适中，没有全部挤在极小区域，也没有明显超出或压迫整个画面。
3. 房、树、人之间保持自然、合理的空间距离，没有明显孤立或被大片空白强行分隔。
4. 三个对象能够形成基本连贯的场景，例如共享地面、方向一致、空间位置合理，整体看起来属于同一个环境，而不是三个互不相关的符号。
5. 整体构图稳定，没有明显失衡、极端偏向某个角落或严重碎片化。
6. 线条总体连续、自然、力度相对稳定，没有大量异常断裂、极端微弱或杂乱涂画。
7. 画面具有适量细节。可以简单，但主要对象的基本结构能够表达清楚。
8. 房屋、树木、人物的比例大致协调，没有极端小型化或比例失调。
9. 整体场景连贯，没有明显选择性结构缺失。
10. 线条自然、连续，没有异常大面积涂黑。

【支持异常的证据】
1. 房屋、树木、人物中的一个或多个核心对象完全缺失，且无法由裁剪、遮挡或画法解释。
2. 整幅画极度简化，只剩极少线条，大量重要结构同时消失，整体信息量异常低。
3. 房、树、人整体只占巨大画布中极小区域，周围存在大量空白。
4. 三个对象之间距离极端遥远，某个对象明显孤立，或者整个场景严重碎片化。
5. 存在大量非常微弱、间断、犹豫、僵硬或严重潦草的线条。
6. 存在异常大面积涂黑、重度阴影或某个对象被明显过度强调。"
dataset/HTP/01/01/01_01_01_1258.jpg,01,01,01,0.060086650384398026,"【支持正常的证据】
1. 房屋、树木、人物三个核心对象均能够清楚识别，并且基本完整。
2. 三个对象在画面中的大小适中，没有全部挤在极小区域，也没有明显超出或压迫整个画面。
3. 房、树、人之间保持自然、合理的空间距离，没有明显孤立或被大片空白强行分隔。
4. 三个对象能够形成基本连贯的场景，例如共享地面、方向一致、空间位置合理，整体看起来属于同一个环境，而不是三个互不相关的符号。
5. 整体构图稳定，没有明显失衡、极端偏向某个角落或严重碎片化。
6. 线条总体连续、自然、力度相对稳定，没有大量异常断裂、极端微弱或杂乱涂画。
7. 画面具有适量细节。可以简单，但主要对象的基本结构能够表达清楚。
8. 房屋、树木、人物的比例大致协调，没有极端小型化或比例失调。
9. 房屋结构稳定，主要组成部分合理，没有明显倒塌、断裂或严重几何变形。
10. 树木结构自然，没有严重截断或畸形。
11. 人物身体主要结构完整，比例不存在严重失调。
12. 整体构图稳定且场景连贯。
13. 线条自然、连续，没有异常大面积涂黑。
14. 没有明显的选择性结构缺失。
15. 仅存在少数能够由绘画水平、年龄、风格或普通构图解释的轻微异常。

【支持异常的证据】
1. 人物缺少手臂。
2. 房屋缺少窗户。
3. 树木缺少叶子。
4. 房屋和树木的结构较为简单，没有复杂的细节描绘。
5. 人物的身体比例有些夸张，尤其是腿部显得较长。
6. 整体构图虽然连贯，但人物的位置略显孤立，与房屋和树木的距离较远。"
dataset/HTP/01/01/01_01_01_1267.jpg,01,01,01,0.012431653620200803,"【支持正常的证据】
1. 房屋、树木、人物三个核心对象均能够清楚识别，并且基本完整。
2. 三个对象在画面中的大小适中，没有全部挤在极小区域，也没有明显超出或压迫整个画面。
3. 房、树、人之间保持自然、合理的空间距离，没有明显孤立或被大片空白强行分隔。
4. 三个对象能够形成基本连贯的场景，例如共享地面、方向一致、空间位置合理，整体看起来属于同一个环境，而不是三个互不相关的符号。
5. 整体构图稳定，没有明显失衡、极端偏向某个角落或严重碎片化。
6. 线条总体连续、自然、力度相对稳定，没有大量异常断裂、极端微弱或杂乱涂画。
7. 画面具有适量细节。可以简单，但主要对象的基本结构能够表达清楚。
8. 房屋、树木、人物之间的相对大小基本合理，没有非常极端的尺寸差异。
9. 房屋结构稳定，主要组成部分合理。
10. 树木结构自然，没有严重截断或畸形。
11. 人物身体主要结构完整，比例不存在严重失调。
12. 整体构图稳定且场景连贯。
13. 线条自然、连续，没有异常大面积涂黑。
14. 没有明显的选择性结构缺失。
15. 即使绘画较简单，其简化方式在整幅画中保持一致。

【支持异常的证据】
1. 无。"
dataset/HTP/01/01/01_01_01_1278.jpg,01,01,01,0.16451646904109268,"【支持正常的证据】
1. 房屋、树木、人物三个核心对象均能够清楚识别，并且基本完整。
2. 三个对象在画面中的大小适中，没有全部挤在极小区域，也没有明显超出或压迫整个画面。
3. 房、树、人之间保持自然、合理的空间距离，没有明显孤立或被大片空白强行分隔。
4. 三个对象能够形成基本连贯的场景，例如共享地面、方向一致、空间位置合理，整体看起来属于同一个环境，而不是三个互不相关的符号。
5. 整体构图稳定，没有明显失衡、极端偏向某个角落或严重碎片化。
6. 线条总体连续、自然、力度相对稳定，没有大量异常断裂、极端微弱或杂乱涂画。
7. 画面具有适量细节。可以简单，但主要对象的基本结构能够表达清楚。
8. 房屋、树木、人物的比例大致协调，没有极端小型化或比例失调。
9. 整体场景连贯，没有明显选择性结构缺失。
10. 线条自然、连续，没有异常大面积涂黑。

【支持异常的证据】
1. 房屋结构较完整、可见方向正常，但明显选择性缺少门。
2. 树木相对于其他主体和画布极端微小。
3. 房屋相对于画布以及其他对象极端微小或被严重边缘化。
4. 树木相对于其他主体和画布极端微小。
5. 房屋、树木和人物之间距离极端遥远，某个对象明显孤立。
6. 房屋、树木和人物之间距离极端遥远，某个对象明显孤立。
7. 房屋、树木和人物之间距离极端遥远，某个对象明显孤立。
8. 房屋、树木和人物之间距离极端遥远，某个对象明显孤立。"
dataset/HTP/01/01/01_01_01_1288.jpg,01,01,01,0.014063626423394072,"【支持正常的证据】
1. 房屋、树木、人物三个核心对象均能够清楚识别，并且基本完整。
2. 三个对象在画面中的大小适中，没有全部挤在极小区域，也没有明显超出或压迫整个画面。
3. 房、树、人之间保持自然、合理的空间距离，没有明显孤立或被大片空白强行分隔。
4. 三个对象能够形成基本连贯的场景，例如共享地面、方向一致、空间位置合理，整体看起来属于同一个环境，而不是三个互不相关的符号。
5. 整体构图稳定，没有明显失衡、极端偏向某个角落或严重碎片化。
6. 线条总体连续、自然、力度相对稳定，没有大量异常断裂、极端微弱或杂乱涂画。
7. 画面具有适量细节。可以简单，但主要对象的基本结构能够表达清楚。
8. 房屋、树木、人物的比例大致协调，没有极端小型化或比例失调。
9. 房屋、树木和人物之间的关系自然，没有极端隔离或空间关系异常。
10. 线条自然、连续，没有异常大面积涂黑。

【支持异常的证据】
1. 人物缺少手臂，但整体结构仍然可以辨认。
2. 树木的树冠形状有些不规则，但没有明显严重压缩或断裂。
3. 房屋的屋顶和墙壁结构较为简单，但没有明显倒塌或断裂。
4. 人物的面部表情中性，没有明显悲伤、愤怒等强烈负面表情。
5. 房屋、树木和人物的比例协调，没有极端比例失调。
6. 画面中没有大面积异常涂黑或阴影。
7. 房屋、树木和人物之间的空间关系自然，没有极端隔离或碎片化。"
dataset/HTP/01/01/01_01_01_1309.jpg,01,01,01,0.009708474753363424,"【支持正常的证据】
1. 房屋、树木、人物三个核心对象均能够清楚识别，并且基本完整。
2. 三个对象在画面中的大小适中，没有全部挤在极小区域，也没有明显超出或压迫整个画面。
3. 房、树、人之间保持自然、合理的空间距离，没有明显孤立或被大片空白强行分隔。
4. 三个对象能够形成基本连贯的场景，例如共享地面、方向一致、空间位置合理，整体看起来属于同一个环境，而不是三个互不相关的符号。
5. 整体构图稳定，没有明显失衡、极端偏向某个角落或严重碎片化。
6. 线条总体连续、自然、力度相对稳定，没有大量异常断裂、极端微弱或杂乱涂画。
7. 画面具有适量细节。可以简单，但主要对象的基本结构能够表达清楚。
8. 房屋、树木、人物的比例大致协调，没有极端小型化或比例失调。
9. 房屋结构稳定，主要组成部分合理，没有明显倒塌、断裂或严重几何变形。
10. 树木结构自然，没有严重截断或畸形。
11. 人物身体主要结构完整，比例不存在严重失调。
12. 整体构图稳定且场景连贯。
13. 线条自然、连续，没有异常大面积涂黑。
14. 没有明显的选择性结构缺失。
15. 仅存在少数能够由绘画水平、年龄、风格或普通构图解释的轻微异常。

【支持异常的证据】
1. 无。"
dataset/HTP/01/01/01_01_01_1320.jpg,01,01,01,0.009708474753363424,"【支持正常的证据】
1. 房屋、树木、人物三个核心对象均能够清楚识别，并且基本完整。
2. 三个对象在画面中的大小适中，没有全部挤在极小区域，也没有明显超出或压迫整个画面。
3. 房、树、人之间保持自然、合理的空间距离，没有明显孤立或被大片空白强行分隔。
4. 三个对象能够形成基本连贯的场景，例如共享地面、方向一致、空间位置合理，整体看起来属于同一个环境，而不是三个互不相关的符号。
5. 整体构图稳定，没有明显失衡、极端偏向某个角落或严重碎片化。
6. 线条总体连续、自然、力度相对稳定，没有大量异常断裂、极端微弱或杂乱涂画。
7. 画面具有适量细节。可以简单，但主要对象的基本结构能够表达清楚。
8. 房屋、树木、人物的比例大致协调，没有极端小型化或比例失调。
9. 房屋结构稳定，屋顶、墙壁等主要组成部分合理。
10. 树木结构自然，没有明显截断或畸形。
11. 人物身体主要结构完整，比例不存在严重失调。
12. 整体构图稳定且场景连贯，没有明显异常的大面积涂黑。
13. 线条自然、连续，没有异常大面积涂黑。
14. 人物和房屋、树木之间保持自然距离，没有极端隔离。
15. 画面存在多个相互独立的正常积极特征。

【支持异常的证据】
1. 无。"
dataset/HTP/01/01/01_01_01_1328.jpg,01,01,01,0.009708474753363424,"【支持正常的证据】
1. 房屋、树木、人物三个核心对象均能够清楚识别，并且基本完整。
2. 三个对象在画面中的大小适中，没有全部挤在极小区域，也没有明显超出或压迫整个画面。
3. 房、树、人之间保持自然、合理的空间距离，没有明显孤立或被大片空白强行分隔。
4. 三个对象能够形成基本连贯的场景，例如共享地面、方向一致、空间位置合理，整体看起来属于同一个环境，而不是三个互不相关的符号。
5. 整体构图稳定，没有明显失衡、极端偏向某个角落或严重碎片化。
6. 线条总体连续、自然、力度相对稳定，没有大量异常断裂、极端微弱或杂乱涂画。
7. 画面具有适量细节。可以简单，但主要对象的基本结构能够表达清楚。
8. 房屋、树木、人物的比例大致协调，没有极端小型化或比例失调。
9. 房屋结构稳定，屋顶、烟囱、门窗等细节自然、适量并与房屋结构协调。
10. 树木结构自然，没有明显截断或畸形。
11. 人物头部、躯干、手臂和腿等主要身体结构基本完整，连接关系自然。
12. 人物大小与房屋、树木和整个画布基本协调，没有极端小型化。
13. 人物整体比例基本合理，没有明显失调。
14. 整体构图稳定且场景连贯，没有明显异常的大面积涂黑、极端小型化或异常隔离。
15. 人物没有明显选择性结构缺失，例如没有缺少手臂或腿部。
16. 房屋、树木和人物之间的关系自然，没有极端隔离或空间碎片化。

【支持异常的证据】
1. 无。"
dataset/HTP/01/01/01_01_01_1339.jpg,01,01,01,0.04742587351415913,"【支持正常的证据】
1. 房屋、树木、人物三个核心对象均能够清楚识别，并且基本完整。
2. 三个对象在画面中的大小适中，没有全部挤在极小区域，也没有明显超出或压迫整个画面。
3. 房、树、人之间保持自然、合理的空间距离，没有明显孤立或被大片空白强行分隔。
4. 三个对象能够形成基本连贯的场景，例如共享地面、方向一致、空间位置合理，整体看起来属于同一个环境，而不是三个互不相关的符号。
5. 整体构图稳定，没有明显失衡、极端偏向某个角落或严重碎片化。
6. 线条总体连续、自然、力度相对稳定，没有大量异常断裂、极端微弱或杂乱涂画。
7. 画面具有适量细节。可以简单，但主要对象的基本结构能够表达清楚。
8. 如果存在草地、道路、太阳、云、花、地面等环境元素，并且与主体自然结合，可以作为场景完整和组织良好的积极证据。
9. 没有大面积、无明显绘画目的的异常涂黑、重阴影或局部反复强调。

【支持异常的证据】
1. 房屋、树木、人物中的一个或多个核心对象完全缺失，且无法由裁剪、遮挡或画法解释。
2. 整幅画极度简化，只剩极少线条，大量重要结构同时消失，整体信息量异常低。
3. 房、树、人整体只占巨大画布中极小区域，周围存在大量空白。
4. 三个对象之间距离极端遥远，某个对象明显孤立，或者整个场景严重碎片化。
5. 对象像漂浮在不同区域，彼此几乎没有空间联系，整体场景严重不连贯。
6. 存在大量非常微弱、间断、犹豫、僵硬或严重潦草的线条。
7. 存在异常大面积涂黑、重度阴影或某个对象被明显过度强调。"
dataset/HTP/01/01/01_01_01_1347.jpg,01,01,01,0.010986941578116865,"【支持正常的证据】
1. 房屋、树木、人物三个核心对象均能够清楚识别，并且基本完整。
2. 三个对象在画面中的大小适中，没有全部挤在极小区域，也没有明显超出或压迫整个画面。
3. 房、树、人之间保持自然、合理的空间距离，没有明显孤立或被大片空白强行分隔。
4. 三个对象能够形成基本连贯的场景，例如共享地面、方向一致、空间位置合理，整体看起来属于同一个环境。
5. 整体构图稳定，没有明显失衡、极端偏向某个角落或严重碎片化。
6. 线条总体连续、自然、力度相对稳定，没有大量异常断裂、极端微弱或杂乱涂画。
7. 画面具有适量细节。可以简单，但主要对象的基本结构能够表达清楚。
8. 房屋、树木、人物的比例大致协调，没有极端小型化或比例失调。
9. 房屋结构稳定，主要组成部分合理，没有明显倒塌、断裂或严重几何变形。
10. 树木结构自然，没有严重截断或畸形。
11. 人物身体主要结构完整，比例不存在严重失调。
12. 整体构图稳定且场景连贯。
13. 线条自然、连续，没有异常大面积涂黑。
14. 没有明显的选择性结构缺失。
15. 仅存在少数能够由绘画水平、年龄、风格或普通构图解释的轻微异常。

【支持异常的证据】
1. 无。"
dataset/HTP/01/01/01_01_01_1354.jpg,01,01,01,0.00857748525531428,"【支持正常的证据】
1. 房屋、树木、人物三个核心对象均能够清楚识别，并且基本完整。
2. 三个对象在画面中的大小适中，没有全部挤在极小区域，也没有明显超出或压迫整个画面。
3. 房、树、人之间保持自然、合理的空间距离，没有明显孤立或被大片空白强行分隔。
4. 三个对象能够形成基本连贯的场景，例如共享地面、方向一致、空间位置合理，整体看起来属于同一个环境，而不是三个互不相关的符号。
5. 整体构图稳定，没有明显失衡、极端偏向某个角落或严重碎片化。
6. 线条总体连续、自然、力度相对稳定，没有大量异常断裂、极端微弱或杂乱涂画。
7. 画面具有适量细节。可以简单，但主要对象的基本结构能够表达清楚。
8. 房屋、树木、人物的比例大致协调，没有极端小型化或比例失调。
9. 房屋结构稳定，屋顶、墙壁等主要组成部分合理。
10. 树木结构自然，没有明显截断或畸形。
11. 人物身体主要结构完整，比例不存在严重失调。
12. 整体构图稳定且场景连贯。
13. 线条自然、连续，没有异常大面积涂黑。
14. 没有明显的选择性结构缺失。
15. 即使绘画较简单，其简化方式在整幅画中保持一致。
16. 仅存在少数能够由绘画水平、年龄、风格或普通构图解释的轻微异常。

【支持异常的证据】
1. 无明显异常特征。"
dataset/HTP/01/01/01_01_01_1362.jpg,01,01,01,0.07585817323116976,"【支持正常的证据】
1. 房屋、树木、人物三个核心对象均能够清楚识别，并且基本完整。
2. 三个对象在画面中的大小适中，没有全部挤在极小区域，也没有明显超出或压迫整个画面。
3. 房、树、人之间保持自然、合理的空间距离，没有明显孤立或被大片空白强行分隔。
4. 三个对象能够形成基本连贯的场景，例如共享地面、方向一致、空间位置合理，整体看起来属于同一个环境，而不是三个互不相关的符号。
5. 整体构图稳定，没有明显失衡、极端偏向某个角落或严重碎片化。
6. 线条总体连续、自然、力度相对稳定，没有大量异常断裂、极端微弱或杂乱涂画。
7. 画面具有适量细节。可以简单，但主要对象的基本结构能够表达清楚。
8. 如果存在草地、道路、太阳、云、花、地面等环境元素，并且与主体自然结合，可以作为场景完整和组织良好的积极证据。
9. 没有大面积、无明显绘画目的的异常涂黑、重阴影或局部反复强调。

【支持异常的证据】
1. 房屋结构较完整、可见方向正常，但明显选择性缺少门。
2. 树木相对于其他主体和画布极端微小。
3. 人物头部、躯干、手臂和腿等主要身体结构基本完整，但比例有些夸张。
4. 房屋、树木和人物之间的距离极端遥远，人物明显孤立。
5. 存在大量非常微弱、间断、犹豫、僵硬或严重潦草的线条。"
dataset/HTP/01/01/01_01_01_1372.jpg,01,01,01,0.012431653620200803,"【支持正常的证据】
1. 房屋、树木、人物三个核心对象均能够清楚识别，并且基本完整。
2. 三个对象在画面中的大小适中，没有全部挤在极小区域，也没有明显超出或压迫整个画面。
3. 房、树、人之间保持自然、合理的空间距离，没有明显孤立或被大片空白强行分隔。
4. 三个对象能够形成基本连贯的场景，例如共享地面、方向一致、空间位置合理，整体看起来属于同一个环境，而不是三个互不相关的符号。
5. 整体构图稳定，没有明显失衡、极端偏向某个角落或严重碎片化。
6. 线条总体连续、自然、力度相对稳定，没有大量异常断裂、极端微弱或杂乱涂画。
7. 画面具有适量细节。可以简单，但主要对象的基本结构能够表达清楚。
8. 房屋、树木、人物的比例大致协调，没有极端小型化或比例失调。
9. 房屋、树木和人物之间的关系自然，没有极端隔离或空间关系异常。
10. 线条自然、连续，没有异常大面积涂黑。

【支持异常的证据】
1. 无。"
dataset/HTP/01/01/01_01_01_1383.jpg,01,01,01,0.009708474753363424,"【支持正常的证据】
1. 房屋、树木、人物三个核心对象均能够清楚识别，并且基本完整。
2. 三个对象在画面中的大小适中，没有全部挤在极小区域，也没有明显超出或压迫整个画面。
3. 房、树、人之间保持自然、合理的空间距离，没有明显孤立或被大片空白强行分隔。
4. 三个对象能够形成基本连贯的场景，例如共享地面、方向一致、空间位置合理，整体看起来属于同一个环境，而不是三个互不相关的符号。
5. 整体构图稳定，没有明显失衡、极端偏向某个角落或严重碎片化。
6. 线条总体连续、自然、力度相对稳定，没有大量异常断裂、极端微弱或杂乱涂画。
7. 画面具有适量细节。可以简单，但主要对象的基本结构能够表达清楚。
8. 房屋、树木、人物的比例大致协调，没有极端小型化或比例失调。
9. 房屋结构稳定，墙体、屋顶等主要结构完整，没有明显倒塌、断裂或严重几何变形。
10. 树木结构自然，没有明显截断或畸形，树干和树冠之间连接自然，比例基本合理。
11. 人物头部、躯干、手臂和腿等主要身体结构基本完整，连接关系自然，没有明显断裂、错位或无法解释的结构缺失。
12. 人物大小与房屋、树木和整个画布基本协调，不存在极端小型化。
13. 人物整体比例基本合理，没有明显选择性结构缺失。
14. 房屋、树木和人物的相对大小基本合理，没有非常极端的尺寸差异。
15. 人物能够自然地处于房屋和树木形成的环境中，而不是完全脱离其他对象。
16. 线条自然、连续，没有异常大面积涂黑。

【支持异常的证据】
1. 无。"
dataset/HTP/01/01/01_01_01_1393.jpg,01,01,01,0.010986941578116865,"【支持正常的证据】
1. 房屋、树木、人物三个核心对象均能够清楚识别，并且基本完整。
2. 三个对象在画面中的大小适中，没有全部挤在极小区域，也没有明显超出或压迫整个画面。
3. 房、树、人之间保持自然、合理的空间距离，没有明显孤立或被大片空白强行分隔。
4. 三个对象能够形成基本连贯的场景，例如共享地面、方向一致、空间位置合理，整体看起来属于同一个环境。
5. 整体构图稳定，没有明显失衡、极端偏向某个角落或严重碎片化。
6. 线条总体连续、自然、力度相对稳定，没有大量异常断裂、极端微弱或杂乱涂画。
7. 画面具有适量细节。可以简单，但主要对象的基本结构能够表达清楚。
8. 房屋、树木、人物的比例大致协调，没有极端小型化或比例失调。
9. 房屋结构稳定，屋顶、烟囱、窗户等细节自然、适量并与房屋结构协调。
10. 树木结构自然，树干和树冠之间连接自然，比例基本合理。
11. 人物头部、躯干、手臂和腿等主要身体结构基本完整，连接关系自然。
12. 人物大小与房屋、树木和整个画布基本协调，没有极端小型化。
13. 人物比例基本合理，没有明显选择性结构缺失。
14. 房屋、树木和人物的相对大小基本合理，没有非常极端的尺寸差异。
15. 三者之间保持自然距离，没有某个对象被极端隔离。
16. 人物能够自然地处于房屋和树木形成的环境中，而不是完全脱离其他对象。

【支持异常的证据】
1. 无。"
dataset/HTP/01/01/01_01_01_1404.jpg,01,01,01,0.015906393344589397,"【支持正常的证据】
1. 房屋、树木、人物三个核心对象均能够清楚识别，并且基本完整。
2. 三个对象在画面中的大小适中，没有全部挤在极小区域，也没有明显超出或压迫整个画面。
3. 房、树、人之间保持自然、合理的空间距离，没有明显孤立或被大片空白强行分隔。
4. 三个对象能够形成基本连贯的场景，例如共享地面、方向一致、空间位置合理，整体看起来属于同一个环境，而不是三个互不相关的符号。
5. 整体构图稳定，没有明显失衡、极端偏向某个角落或严重碎片化。
6. 线条总体连续、自然、力度相对稳定，没有大量异常断裂、极端微弱或杂乱涂画。
7. 画面具有适量细节。可以简单，但主要对象的基本结构能够表达清楚。
8. 房屋、树木、人物的比例大致协调，没有极端小型化或比例失调。
9. 房屋、树木和人物之间的关系自然，没有极端隔离或空间关系异常。
10. 整体构图稳定且场景连贯，没有明显异常的大面积涂黑或极端小型化。

【支持异常的证据】
1. 人物的身体结构较为简单，但整体比例协调，没有明显选择性缺失或结构扭曲。
2. 房屋的屋顶和墙壁结构较为简单，但没有明显选择性缺失或结构扭曲。
3. 树木的树冠和树干结构较为简单，但没有明显选择性缺失或结构扭曲。
4. 人物的面部表情中性，没有明显异常的强烈负面表情。
5. 房屋、树木和人物之间的关系自然，没有极端隔离或空间关系异常。"
dataset/HTP/01/01/01_01_01_1431.jpg,01,01,01,0.03732688948593843,"【支持正常的证据】
1. 房屋、树木、人物三个核心对象均能够清楚识别，并且基本完整。
2. 三个对象在画面中的大小适中，没有全部挤在极小区域，也没有明显超出或压迫整个画面。
3. 房、树、人之间保持自然、合理的空间距离，没有明显孤立或被大片空白强行分隔。
4. 三个对象能够形成基本连贯的场景，例如共享地面、方向一致、空间位置合理，整体看起来属于同一个环境。
5. 整体构图稳定，没有明显失衡、极端偏向某个角落或严重碎片化。
6. 线条总体连续、自然、力度相对稳定，没有大量异常断裂、极端微弱或杂乱涂画。
7. 画面具有适量细节。可以简单，但主要对象的基本结构能够表达清楚。
8. 房屋、树木、人物的比例大致协调，没有极端小型化或比例失调。
9. 房屋、树木和人物之间的关系自然，没有极端隔离或空间断开。
10. 线条自然、连续，没有异常大面积涂黑。

【支持异常的证据】
1. 人物头部缺失，没有完成。
2. 房屋结构较为简单，但没有明显选择性缺失。
3. 树木结构自然，没有明显截断或畸形。
4. 房屋、树木和人物的比例大致协调，没有极端小型化或比例失调。
5. 房屋、树木和人物之间的关系自然，没有极端隔离或空间断开。
6. 线条自然、连续，没有异常大面积涂黑。"
dataset/HTP/01/01/01_01_01_1441.jpg,01,01,01,0.060086650384398026,"【支持正常的证据】
1. 房屋、树木、人物三个核心对象均能够清楚识别，并且基本完整。
2. 三个对象在画面中的大小适中，没有全部挤在极小区域，也没有明显超出或压迫整个画面。
3. 房、树、人之间保持自然、合理的空间距离，没有明显孤立或被大片空白强行分隔。
4. 三个对象能够形成基本连贯的场景，例如共享地面、方向一致、空间位置合理，整体看起来属于同一个环境。
5. 整体构图稳定，没有明显失衡、极端偏向某个角落或严重碎片化。
6. 线条总体连续、自然、力度相对稳定，没有大量异常断裂、极端微弱或杂乱涂画。
7. 画面具有适量细节。可以简单，但主要对象的基本结构能够表达清楚。
8. 如果存在草地、道路、太阳、云、花、地面等环境元素，并且与主体自然结合，可以作为场景完整和组织良好的积极证据。
9. 没有大面积、无明显绘画目的的异常涂黑、重阴影或局部反复强调。

【支持异常的证据】
1. 房屋、树木、人物中的一个或多个核心对象完全缺失，且无法由裁剪、遮挡或画法解释。
2. 整幅画极度简化，只剩极少线条，大量重要结构同时消失，整体信息量异常低。
3. 房、树、人整体只占巨大画布中极小区域，周围存在大量空白。
4. 三个对象之间距离极端遥远，某个对象明显孤立，或者整个场景严重碎片化。
5. 对象像漂浮在不同区域，彼此几乎没有空间联系，整体场景严重不连贯。
6. 存在大量非常微弱、间断、犹豫、僵硬或严重潦草的线条。
7. 存在异常大面积涂黑、重度阴影或某个对象被明显过度强调。"
dataset/HTP/01/01/01_01_01_1450.jpg,01,01,01,0.012431653620200803,"【支持正常的证据】
1. 房屋、树木、人物三个核心对象均能够清楚识别，并且基本完整。
2. 三个对象在画面中的大小适中，没有全部挤在极小区域，也没有明显超出或压迫整个画面。
3. 房、树、人之间保持自然、合理的空间距离，没有明显孤立或被大片空白强行分隔。
4. 三个对象能够形成基本连贯的场景，例如共享地面、方向一致、空间位置合理，整体看起来属于同一个环境，而不是三个互不相关的符号。
5. 整体构图稳定，没有明显失衡、极端偏向某个角落或严重碎片化。
6. 线条总体连续、自然、力度相对稳定，没有大量异常断裂、极端微弱或杂乱涂画。
7. 画面具有适量细节。可以简单，但主要对象的基本结构能够表达清楚。
8. 房屋、树木、人物的比例大致协调，没有极端小型化或比例失调。
9. 整体场景连贯，没有明显选择性结构缺失。
10. 线条自然、连续，没有异常大面积涂黑。

【支持异常的证据】
1. 无明显异常特征。"
dataset/HTP/01/01/01_01_01_1451.jpg,01,01,01,0.053403324903538434,"【支持正常的证据】
1. 房屋、树木、人物三个核心对象均能够清楚识别，并且基本完整。
2. 三个对象在画面中的大小适中，没有全部挤在极小区域，也没有明显超出或压迫整个画面。
3. 房、树、人之间保持自然、合理的空间距离，没有明显孤立或被大片空白强行分隔。
4. 三个对象能够形成基本连贯的场景，例如共享地面、方向一致、空间位置合理，整体看起来属于同一个环境，而不是三个互不相关的符号。
5. 整体构图稳定，没有明显失衡、极端偏向某个角落或严重碎片化。
6. 线条总体连续、自然、力度相对稳定，没有大量异常断裂、极端微弱或杂乱涂画。
7. 画面具有适量细节。可以简单，但主要对象的基本结构能够表达清楚。
8. 没有大面积、无明显绘画目的的异常涂黑、重阴影或局部反复强调。

【支持异常的证据】
1. 房屋、树木、人物中的一个或多个核心对象完全缺失，且无法由裁剪、遮挡或画法解释。
2. 整幅画极度简化，只剩极少线条，大量重要结构同时消失，整体信息量异常低。
3. 房、树、人整体只占巨大画布中极小区域，周围存在大量空白。
4. 三个对象之间距离极端遥远，某个对象明显孤立，或者整个场景严重碎片化。
5. 对象像漂浮在不同区域，彼此几乎没有空间联系，整体场景严重不连贯。
6. 存在大量非常微弱、间断、犹豫、僵硬或严重潦草的线条。
7. 存在异常大面积涂黑、重度阴影或某个对象被明显过度强调。"
dataset/HTP/01/01/01_01_01_1462.jpg,01,01,01,0.012431653620200803,"【支持正常的证据】
1. 房屋、树木、人物三个核心对象均能够清楚识别，并且基本完整。
2. 三个对象在画面中的大小适中，没有全部挤在极小区域，也没有明显超出或压迫整个画面。
3. 房、树、人之间保持自然、合理的空间距离，没有明显孤立或被大片空白强行分隔。
4. 三个对象能够形成基本连贯的场景，例如共享地面、方向一致、空间位置合理，整体看起来属于同一个环境。
5. 整体构图稳定，没有明显失衡、极端偏向某个角落或严重碎片化。
6. 线条总体连续、自然、力度相对稳定，没有大量异常断裂、极端微弱或杂乱涂画。
7. 画面具有适量细节。可以简单，但主要对象的基本结构能够表达清楚。
8. 房屋、树木、人物的比例大致协调，没有极端小型化或比例失调。
9. 房屋结构稳定，墙体、屋顶等主要结构完整，没有明显倒塌、断裂或严重几何变形。
10. 树木结构自然，树干、树冠、树枝等主要部分能够正常识别，整体结构基本完整。
11. 人物头部、躯干、手臂和腿等主要身体结构基本完整，连接关系自然，没有明显断裂、错位或无法解释的结构缺失。
12. 人物大小与房屋、树木和整个画布基本协调，不存在极端小型化。
13. 房屋、树木和人物的相对大小基本合理，没有非常极端的尺寸差异。
14. 人物能够自然地处于房屋和树木形成的环境中，而不是完全脱离其他对象。
15. 线条自然、连续，没有异常大面积涂黑。

【支持异常的证据】
1. 无明显异常特征。"
dataset/HTP/01/01/01_01_01_1472.jpg,01,01,01,0.03732688948593843,"【支持正常的证据】
1. 房屋、树木、人物三个核心对象均能够清楚识别，并且基本完整。
2. 三个对象在画面中的大小适中，没有全部挤在极小区域，也没有明显超出或压迫整个画面。
3. 房、树、人之间保持自然、合理的空间距离，没有明显孤立或被大片空白强行分隔。
4. 三个对象能够形成基本连贯的场景，例如共享地面、方向一致、空间位置合理，整体看起来属于同一个环境，而不是三个互不相关的符号。
5. 整体构图稳定，没有明显失衡、极端偏向某个角落或严重碎片化。
6. 线条总体连续、自然、力度相对稳定，没有大量异常断裂、极端微弱或杂乱涂画。
7. 画面具有适量细节。可以简单，但主要对象的基本结构能够表达清楚。
8. 房屋、树木、人物的比例大致协调，没有极端小型化或比例失调。
9. 整体场景连贯，没有明显选择性结构缺失。
10. 线条自然、连续，没有异常大面积涂黑。

【支持异常的证据】
1. 人物缺少脸部和主要肢体，但整体结构仍然存在。
2. 树木的树冠较大，但没有明显的结构畸形或截断。
3. 房屋的窗户和门没有明确表示，但整体结构稳定。
4. 人物的比例有些夸张，但整体结构仍然合理。
5. 房屋、树木和人物之间保持了自然的距离，没有极端隔离。
6. 整体构图稳定，没有明显碎片化或极端小型化。"
dataset/HTP/01/01/01_01_01_1492.jpg,01,01,01,0.010986941578116865,"【支持正常的证据】
1. 房屋、树木、人物三个核心对象均能够清楚识别，并且基本完整。
2. 三个对象在画面中的大小适中，没有全部挤在极小区域，也没有明显超出或压迫整个画面。
3. 房、树、人之间保持自然、合理的空间距离，没有明显孤立或被大片空白强行分隔。
4. 三个对象能够形成基本连贯的场景，例如共享地面、方向一致、空间位置合理，整体看起来属于同一个环境，而不是三个互不相关的符号。
5. 整体构图稳定，没有明显失衡、极端偏向某个角落或严重碎片化。
6. 线条总体连续、自然、力度相对稳定，没有大量异常断裂、极端微弱或杂乱涂画。
7. 画面具有适量细节。可以简单，但主要对象的基本结构能够表达清楚。
8. 房屋、树木、人物的比例大致协调，没有极端小型化或比例失调。
9. 房屋结构稳定，主要组成部分合理，没有明显倒塌、断裂或严重几何变形。
10. 树木结构自然，没有严重截断或畸形。
11. 人物身体主要结构完整，比例不存在严重失调。
12. 整体构图稳定且场景连贯。
13. 线条自然、连续，没有异常大面积涂黑。
14. 没有明显的选择性结构缺失。
15. 仅存在少数能够由绘画水平、年龄、风格或普通构图解释的轻微异常。

【支持异常的证据】
1. 无。"
dataset/HTP/01/01/01_01_01_1502.jpg,01,01,01,0.009708474753363424,"【支持正常的证据】
1. 房屋、树木、人物三个核心对象均能够清楚识别，并且基本完整。
2. 三个对象在画面中的大小适中，没有全部挤在极小区域，也没有明显超出或压迫整个画面。
3. 房、树、人之间保持自然、合理的空间距离，没有明显孤立或被大片空白强行分隔。
4. 三个对象能够形成基本连贯的场景，例如共享地面、方向一致、空间位置合理，整体看起来属于同一个环境。
5. 整体构图稳定，没有明显失衡、极端偏向某个角落或严重碎片化。
6. 线条总体连续、自然、力度相对稳定，没有大量异常断裂、极端微弱或杂乱涂画。
7. 画面具有适量细节。可以简单，但主要对象的基本结构能够表达清楚。
8. 房屋、树木、人物的比例大致协调，没有极端小型化或比例失调。
9. 房屋结构稳定，主要组成部分合理，没有明显倒塌、断裂或严重几何变形。
10. 树木结构自然，没有严重截断或畸形。
11. 人物身体主要结构完整，比例不存在严重失调。
12. 整体构图稳定且场景连贯，没有明显异常的大面积涂黑、极端小型化或异常隔离。
13. 人物采用火柴人风格，整体结构完整，没有明显选择性结构缺失。
14. 房屋、树木和人物之间的相对大小基本合理，没有非常极端的尺寸差异。
15. 人物能够自然地处于房屋和树木形成的环境中，而不是完全脱离其他对象。

【支持异常的证据】
1. 无。"
dataset/HTP/01/01/01_01_01_1512.jpg,01,01,01,0.04742587351415913,"【支持正常的证据】
1. 房屋、树木、人物三个核心对象均能够清楚识别，并且基本完整。
2. 三个对象在画面中的大小适中，没有全部挤在极小区域，也没有明显超出或压迫整个画面。
3. 房、树、人之间保持自然、合理的空间距离，没有明显孤立或被大片空白强行分隔。
4. 三个对象能够形成基本连贯的场景，例如共享地面、方向一致、空间位置合理，整体看起来属于同一个环境，而不是三个互不相关的符号。
5. 整体构图稳定，没有明显失衡、极端偏向某个角落或严重碎片化。
6. 线条总体连续、自然、力度相对稳定，没有大量异常断裂、极端微弱或杂乱涂画。
7. 画面具有适量细节。可以简单，但主要对象的基本结构能够表达清楚。
8. 如果存在草地、道路、太阳、云、花、地面等环境元素，并且与主体自然结合，可以作为场景完整和组织良好的积极证据。
9. 没有大面积、无明显绘画目的的异常涂黑、重阴影或局部反复强调。

【支持异常的证据】
1. 房屋、树木、人物中的一个或多个核心对象完全缺失，且无法由裁剪、遮挡或画法解释。
2. 整幅画极度简化，只剩极少线条，大量重要结构同时消失，整体信息量异常低。
3. 房、树、人整体只占巨大画布中极小区域，周围存在大量空白。
4. 三个对象之间距离极端遥远，某个对象明显孤立，或者整个场景严重碎片化。
5. 对象像漂浮在不同区域，彼此几乎没有空间联系，整体场景严重不连贯。
6. 存在大量非常微弱、间断、犹豫、僵硬或严重潦草的线条。
7. 存在异常大面积涂黑、重度阴影或某个对象被明显过度强调。"
dataset/HTP/01/01/01_01_01_1540.jpg,01,01,01,0.009708474753363424,"【支持正常的证据】
1. 房屋、树木、人物三个核心对象均能够清楚识别，并且基本完整。
2. 三个对象在画面中的大小适中，没有全部挤在极小区域，也没有明显超出或压迫整个画面。
3. 房、树、人之间保持自然、合理的空间距离，没有明显孤立或被大片空白强行分隔。
4. 三个对象能够形成基本连贯的场景，例如共享地面、方向一致、空间位置合理，整体看起来属于同一个环境，而不是三个互不相关的符号。
5. 整体构图稳定，没有明显失衡、极端偏向某个角落或严重碎片化。
6. 线条总体连续、自然、力度相对稳定，没有大量异常断裂、极端微弱或杂乱涂画。
7. 画面具有适量细节。可以简单，但主要对象的基本结构能够表达清楚。
8. 房屋、树木、人物的比例大致协调，没有极端小型化或比例失调。
9. 房屋结构稳定，主要组成部分合理，没有明显倒塌、断裂或严重几何变形。
10. 树木结构自然，没有严重截断或畸形。
11. 人物身体主要结构完整，比例不存在严重失调。
12. 整体构图稳定且场景连贯。
13. 线条自然、连续，没有异常大面积涂黑。
14. 没有明显的选择性结构缺失。
15. 仅存在少数能够由绘画水平、年龄、风格或普通构图解释的轻微异常。

【支持异常的证据】
1. 无。"
dataset/HTP/01/01/01_01_01_1548.jpg,01,01,01,0.06754668832401889,"【支持正常的证据】
1. 房屋、树木、人物三个核心对象均能够清楚识别，并且基本完整。
2. 三个对象在画面中的大小适中，没有全部挤在极小区域，也没有明显超出或压迫整个画面。
3. 房、树、人之间保持自然、合理的空间距离，没有明显孤立或被大片空白强行分隔。
4. 三个对象能够形成基本连贯的场景，例如共享地面、方向一致、空间位置合理，整体看起来属于同一个环境，而不是三个互不相关的符号。
5. 整体构图稳定，没有明显失衡、极端偏向某个角落或严重碎片化。
6. 线条总体连续、自然、力度相对稳定，没有大量异常断裂、极端微弱或杂乱涂画。
7. 画面具有适量细节。可以简单，但主要对象的基本结构能够表达清楚。
8. 房屋、树木、人物的比例大致协调，没有极端小型化或比例失调。
9. 房屋、树木和人物之间的关系自然，没有极端隔离或空间关系异常。
10. 整体构图稳定且场景连贯，没有明显异常的大面积涂黑或极端小型化。

【支持异常的证据】
1. 人物缺少脸部和主要肢体，但整体结构仍然存在。
2. 树木的树冠和树干之间存在一些不自然的连接关系。
3. 房屋的屋顶和烟囱存在一些不自然的细节，但整体结构仍然存在。
4. 人物的比例有些夸张，尤其是腿部显得较长。
5. 整体画面的细节较为简单，缺乏背景装饰和复杂的阴影效果。"
dataset/HTP/01/01/01_01_01_1549.jpg,01,01,01,0.014063626423394072,"【支持正常的证据】
1. 房屋、树木、人物三个核心对象均能够清楚识别，并且基本完整。
2. 三个对象在画面中的大小适中，没有全部挤在极小区域，也没有明显超出或压迫整个画面。
3. 房、树、人之间保持自然、合理的空间距离，没有明显孤立或被大片空白强行分隔。
4. 三个对象能够形成基本连贯的场景，例如共享地面、方向一致、空间位置合理，整体看起来属于同一个环境。
5. 整体构图稳定，没有明显失衡、极端偏向某个角落或严重碎片化。
6. 线条总体连续、自然、力度相对稳定，没有大量异常断裂、极端微弱或杂乱涂画。
7. 画面具有适量细节。可以简单，但主要对象的基本结构能够表达清楚。
8. 房屋、树木、人物的比例大致协调，没有极端小型化或比例失调。
9. 房屋结构稳定，墙体、屋顶等主要结构完整，没有明显倒塌、断裂或严重几何变形。
10. 树木结构自然，树干、树冠、树枝等主要部分能够正常识别，整体结构基本完整。
11. 人物头部、躯干、手臂和腿等主要身体结构基本完整，连接关系自然，没有明显断裂、错位或无法解释的结构缺失。
12. 人物大小与房屋、树木和整个画布基本协调，不存在极端小型化。
13. 房屋、树木和人物的相对大小基本合理，没有非常极端的尺寸差异。
14. 人物能够自然地处于房屋和树木形成的环境中，而不是完全脱离其他对象。
15. 线条自然、连续，没有异常大面积涂黑。

【支持异常的证据】
1. 无。"
dataset/HTP/01/01/01_01_01_1560.jpg,01,01,01,0.012431653620200803,"【支持正常的证据】
1. 房屋、树木、人物三个核心对象均能够清楚识别，并且基本完整。
2. 三个对象在画面中的大小适中，没有全部挤在极小区域，也没有明显超出或压迫整个画面。
3. 房、树、人之间保持自然、合理的空间距离，没有明显孤立或被大片空白强行分隔。
4. 三个对象能够形成基本连贯的场景，例如共享地面、方向一致、空间位置合理，整体看起来属于同一个环境。
5. 整体构图稳定，没有明显失衡、极端偏向某个角落或严重碎片化。
6. 线条总体连续、自然、力度相对稳定，没有大量异常断裂、极端微弱或杂乱涂画。
7. 画面具有适量细节。可以简单，但主要对象的基本结构能够表达清楚。
8. 房屋、树木、人物的比例大致协调，没有极端小型化或比例失调。
9. 整体场景连贯，没有明显选择性结构缺失。
10. 线条自然、连续，没有异常大面积涂黑。

【支持异常的证据】
1. 无明显异常特征。"
dataset/HTP/01/01/01_01_01_1578.jpg,01,01,01,0.0293122327122782,"【支持正常的证据】
1. 房屋、树木、人物三个核心对象均能够清楚识别，并且基本完整。
2. 三个对象在画面中的大小适中，没有全部挤在极小区域，也没有明显超出或压迫整个画面。
3. 房、树、人之间保持自然、合理的空间距离，没有明显孤立或被大片空白强行分隔。
4. 三个对象能够形成基本连贯的场景，例如共享地面、方向一致、空间位置合理，整体看起来属于同一个环境，而不是三个互不相关的符号。
5. 整体构图稳定，没有明显失衡、极端偏向某个角落或严重碎片化。
6. 线条总体连续、自然、力度相对稳定，没有大量异常断裂、极端微弱或杂乱涂画。
7. 画面具有适量细节。可以简单，但主要对象的基本结构能够表达清楚。
8. 如果存在草地、道路、太阳、云、花、地面等环境元素，并且与主体自然结合，可以作为场景完整和组织良好的积极证据。
9. 没有大面积、无明显绘画目的的异常涂黑、重阴影或局部反复强调。

【支持异常的证据】
1. 人物缺少脸部和手臂，但整体结构基本完整。
2. 树木缺少叶子，但整体结构自然。
3. 房屋缺少窗户，但整体结构稳定。
4. 房屋、树木、人物之间空间关系自然，整体场景连贯。
5. 线条自然、连续，没有异常大面积涂黑。
6. 没有明显的选择性结构缺失。
7. 人物身体主要结构完整，比例不存在严重失调。
8. 整体构图稳定且场景连贯。"
dataset/HTP/01/01/01_01_01_1589.jpg,01,01,01,0.060086650384398026,"【支持正常的证据】
1. 房屋、树木、人物三个核心对象均能够清楚识别，并且基本完整。
2. 三个对象在画面中的大小适中，没有全部挤在极小区域，也没有明显超出或压迫整个画面。
3. 房、树、人之间保持自然、合理的空间距离，没有明显孤立或被大片空白强行分隔。
4. 三个对象能够形成基本连贯的场景，例如共享地面、方向一致、空间位置合理，整体看起来属于同一个环境，而不是三个互不相关的符号。
5. 整体构图稳定，没有明显失衡、极端偏向某个角落或严重碎片化。
6. 线条总体连续、自然、力度相对稳定，没有大量异常断裂、极端微弱或杂乱涂画。
7. 画面具有适量细节。可以简单，但主要对象的基本结构能够表达清楚。
8. 如果存在草地、道路、太阳、云、花、地面等环境元素，并且与主体自然结合，可以作为场景完整和组织良好的积极证据。
9. 没有大面积、无明显绘画目的的异常涂黑、重阴影或局部反复强调。

【支持异常的证据】
1. 房屋、树木、人物中的一个或多个核心对象完全缺失，且无法由裁剪、遮挡或画法解释。
2. 整幅画极度简化，只剩极少线条，大量重要结构同时消失，整体信息量异常低。
3. 房、树、人整体只占巨大画布中极小区域，周围存在大量空白。
4. 三个对象之间距离极端遥远，某个对象明显孤立，或者整个场景严重碎片化。
5. 对象像漂浮在不同区域，彼此几乎没有空间联系，整体场景严重不连贯。
6. 存在大量非常微弱、间断、犹豫、僵硬或严重潦草的线条。
7. 存在异常大面积涂黑、重度阴影或某个对象被明显过度强调。"
dataset/HTP/01/01/01_01_01_1600.jpg,01,01,01,0.03732688948593843,"【支持正常的证据】
1. 房屋、树木、人物三个核心对象均能够清楚识别，并且基本完整。
2. 三个对象在画面中的大小适中，没有全部挤在极小区域，也没有明显超出或压迫整个画面。
3. 房、树、人之间保持自然、合理的空间距离，没有明显孤立或被大片空白强行分隔。
4. 三个对象能够形成基本连贯的场景，例如共享地面、方向一致、空间位置合理，整体看起来属于同一个环境，而不是三个互不相关的符号。
5. 整体构图稳定，没有明显失衡、极端偏向某个角落或严重碎片化。
6. 线条总体连续、自然、力度相对稳定，没有大量异常断裂、极端微弱或杂乱涂画。
7. 画面具有适量细节。可以简单，但主要对象的基本结构能够表达清楚。
8. 如果存在草地、道路、太阳、云、花、地面等环境元素，并且与主体自然结合，可以作为场景完整和组织良好的积极证据。
9. 没有大面积、无明显绘画目的的异常涂黑、重阴影或局部反复强调。

【支持异常的证据】
1. 房屋、树木、人物中的一个或多个核心对象完全缺失，且无法由裁剪、遮挡或画法解释。
2. 整幅画极度简化，只剩极少线条，大量重要结构同时消失，整体信息量异常低。
3. 房、树、人整体只占巨大画布中极小区域，周围存在大量空白。
4. 三个对象之间距离极端遥远，某个对象明显孤立，或者整个场景严重碎片化。
5. 对象像漂浮在不同区域，彼此几乎没有空间联系，整体场景严重不连贯。
6. 存在大量非常微弱、间断、犹豫、僵硬或严重潦草的线条。
7. 存在异常大面积涂黑、重度阴影或某个对象被明显过度强调。"
dataset/HTP/01/01/01_01_01_1610.jpg,01,01,01,0.00857748525531428,"【支持正常的证据】
1. 房屋、树木、人物三个核心对象均能够清楚识别，并且基本完整。
2. 三个对象在画面中的大小适中，没有全部挤在极小区域，也没有明显超出或压迫整个画面。
3. 房、树、人之间保持自然、合理的空间距离，没有明显孤立或被大片空白强行分隔。
4. 三个对象能够形成基本连贯的场景，例如共享地面、方向一致、空间位置合理，整体看起来属于同一个环境，而不是三个互不相关的符号。
5. 整体构图稳定，没有明显失衡、极端偏向某个角落或严重碎片化。
6. 线条总体连续、自然、力度相对稳定，没有大量异常断裂、极端微弱或杂乱涂画。
7. 画面具有适量细节。可以简单，但主要对象的基本结构能够表达清楚。
8. 房屋、树木、人物的比例大致协调，没有明显比例失调。
9. 房屋、树木和人物的相对大小基本合理，没有非常极端的尺寸差异。
10. 人物身体主要结构完整，比例不存在严重失调。
11. 整体构图稳定且场景连贯，没有明显异常的大面积涂黑。
12. 人物和房屋、树木之间保持自然距离，没有极端隔离。
13. 画面中存在少量细节，如树木的叶子、人物的衣服褶皱等，但没有夸张或不自然的强调。
14. 人物的表情自然，没有明显悲伤、愤怒、痛苦、恐惧等强烈负面表情。

【支持异常的证据】
1. 无。"
dataset/HTP/01/01/01_01_01_1620.jpg,01,01,01,0.012431653620200803,"【支持正常的证据】
1. 房屋、树木、人物三个核心对象均能够清楚识别，并且基本完整。
2. 三个对象在画面中的大小适中，没有全部挤在极小区域，也没有明显超出或压迫整个画面。
3. 房、树、人之间保持自然、合理的空间距离，没有明显孤立或被大片空白强行分隔。
4. 三个对象能够形成基本连贯的场景，例如共享地面、方向一致、空间位置合理，整体看起来属于同一个环境，而不是三个互不相关的符号。
5. 整体构图稳定，没有明显失衡、极端偏向某个角落或严重碎片化。
6. 线条总体连续、自然、力度相对稳定，没有大量异常断裂、极端微弱或杂乱涂画。
7. 画面具有适量细节。可以简单，但主要对象的基本结构能够表达清楚。
8. 房屋、树木、人物的比例大致协调，没有极端小型化或比例失调。
9. 房屋、树木和人物之间的关系自然，没有极端隔离或空间关系异常。
10. 线条自然、连续，没有异常大面积涂黑。

【支持异常的证据】
1. 无明显异常特征。"
dataset/HTP/01/01/01_01_01_1631.jpg,01,01,01,0.025957357762928745,"【支持正常的证据】
1. 房屋、树木、人物三个核心对象均能够清楚识别，并且基本完整。
2. 三个对象在画面中的大小适中，没有全部挤在极小区域，也没有明显超出或压迫整个画面。
3. 房、树、人之间保持自然、合理的空间距离，没有明显孤立或被大片空白强行分隔。
4. 三个对象能够形成基本连贯的场景，例如共享地面、方向一致、空间位置合理，整体看起来属于同一个环境。
5. 整体构图稳定，没有明显失衡、极端偏向某个角落或严重碎片化。
6. 线条总体连续、自然、力度相对稳定，没有大量异常断裂、极端微弱或杂乱涂画。
7. 画面具有适量细节。可以简单，但主要对象的基本结构能够表达清楚。
8. 房屋、树木、人物的比例大致协调，没有极端小型化或比例失调。
9. 整体场景连贯，没有明显选择性结构缺失。
10. 线条自然、连续，没有异常大面积涂黑。

【支持异常的证据】
1. 人物缺少头部，但整体结构基本完整。
2. 房屋缺少窗户，但整体结构稳定。
3. 树木缺少叶子，但整体结构自然。
4. 房屋、树木和人物之间存在自然距离，没有极端隔离。
5. 人物位于房屋和树木形成的环境中，没有完全脱离其他对象。
6. 整体构图稳定且场景连贯，没有明显碎片化。
7. 线条自然、连续，没有异常大面积涂黑。"
dataset/HTP/01/01/01_01_01_1651.jpg,01,01,01,0.03732688948593843,"【支持正常的证据】
1. 房屋、树木、人物三个核心对象均能够清楚识别，并且基本完整。
2. 三个对象在画面中的大小适中，没有全部挤在极小区域，也没有明显超出或压迫整个画面。
3. 房、树、人之间保持自然、合理的空间距离，没有明显孤立或被大片空白强行分隔。
4. 三个对象能够形成基本连贯的场景，例如共享地面、方向一致、空间位置合理，整体看起来属于同一个环境，而不是三个互不相关的符号。
5. 整体构图稳定，没有明显失衡、极端偏向某个角落或严重碎片化。
6. 线条总体连续、自然、力度相对稳定，没有大量异常断裂、极端微弱或杂乱涂画。
7. 画面具有适量细节。可以简单，但主要对象的基本结构能够表达清楚。
8. 房屋、树木、人物的比例大致协调，没有极端小型化或比例失调。
9. 房屋、树木和人物之间的关系自然，没有极端隔离或空间关系异常。
10. 线条自然、连续，没有异常大面积涂黑。

【支持异常的证据】
1. 人物缺少脸部和主要肢体，但整体结构仍然存在。
2. 树木的树冠较大，但没有明显的结构扭曲或畸形。
3. 房屋的结构较为简单，但没有明显选择性缺失或极端小型化。
4. 画面中没有明显的背景装饰或环境元素，但整体构图较为简单且协调。"
dataset/HTP/01/01/01_01_01_1652.jpg,01,01,01,0.009708474753363424,"【支持正常的证据】
1. 房屋、树木、人物三个核心对象均能够清楚识别，并且基本完整。
2. 三个对象在画面中的大小适中，没有全部挤在极小区域，也没有明显超出或压迫整个画面。
3. 房、树、人之间保持自然、合理的空间距离，没有明显孤立或被大片空白强行分隔。
4. 三个对象能够形成基本连贯的场景，例如共享地面、方向一致、空间位置合理，整体看起来属于同一个环境，而不是三个互不相关的符号。
5. 整体构图稳定，没有明显失衡、极端偏向某个角落或严重碎片化。
6. 线条总体连续、自然、力度相对稳定，没有大量异常断裂、极端微弱或杂乱涂画。
7. 画面具有适量细节。可以简单，但主要对象的基本结构能够表达清楚。
8. 房屋、树木、人物的比例大致协调，没有极端小型化或比例失调。
9. 房屋、树木和人物之间的相对大小基本合理，没有非常极端的尺寸差异。
10. 人物身体主要结构完整，比例不存在严重失调。
11. 整体构图稳定且场景连贯，没有明显异常的大面积涂黑。
12. 人物没有明显选择性结构缺失，四肢和五官比例协调。
13. 房屋结构稳定，主要组成部分合理。
14. 树木结构自然，没有严重截断或畸形。
15. 画面存在多个相互独立的正常积极特征。

【支持异常的证据】
1. 无。"
dataset/HTP/01/01/01_01_01_1661.jpg,01,01,01,0.007577241922677275,"【支持正常的证据】
1. 房屋、树木、人物三个核心对象均能够清楚识别，并且基本完整。
2. 三个对象在画面中的大小适中，没有全部挤在极小区域，也没有明显超出或压迫整个画面。
3. 房、树、人之间保持自然、合理的空间距离，没有明显孤立或被大片空白强行分隔。
4. 三个对象能够形成基本连贯的场景，例如共享地面、方向一致、空间位置合理，整体看起来属于同一个环境。
5. 整体构图稳定，没有明显失衡、极端偏向某个角落或严重碎片化。
6. 线条总体连续、自然、力度相对稳定，没有大量异常断裂、极端微弱或杂乱涂画。
7. 画面具有适量细节。可以简单，但主要对象的基本结构能够表达清楚。
8. 房屋、树木、人物的比例大致协调，没有极端小型化或比例失调。
9. 房屋结构稳定，屋顶、烟囱、门窗等细节自然、适量并与房屋结构协调。
10. 树木结构自然，树干和树冠之间连接自然，比例基本合理。
11. 人物头部、躯干、手臂和腿等主要身体结构基本完整，连接关系自然。
12. 人物大小与房屋、树木和整个画布基本协调，没有极端小型化。
13. 人物整体比例基本合理，没有明显选择性结构缺失。
14. 房屋、树木和人物的相对大小基本合理，没有非常极端的尺寸差异。
15. 人物能够自然地处于房屋和树木形成的环境中，而不是完全脱离其他对象。

【支持异常的证据】
1. 无。"
dataset/HTP/01/01/01_01_01_1672.jpg,01,01,01,0.010986941578116865,"【支持正常的证据】
1. 房屋、树木、人物三个核心对象均能够清楚识别，并且基本完整。
2. 三个对象在画面中的大小适中，没有全部挤在极小区域，也没有明显超出或压迫整个画面。
3. 房、树、人之间保持自然、合理的空间距离，没有明显孤立或被大片空白强行分隔。
4. 三个对象能够形成基本连贯的场景，例如共享地面、方向一致、空间位置合理，整体看起来属于同一个环境，而不是三个互不相关的符号。
5. 整体构图稳定，没有明显失衡、极端偏向某个角落或严重碎片化。
6. 线条总体连续、自然、力度相对稳定，没有大量异常断裂、极端微弱或杂乱涂画。
7. 画面具有适量细节。可以简单，但主要对象的基本结构能够表达清楚。
8. 房屋、树木、人物的比例大致协调，没有极端小型化或比例失调。
9. 房屋结构稳定，主要组成部分合理，没有明显倒塌、断裂或严重几何变形。
10. 树木结构自然，没有严重截断或畸形。
11. 人物身体主要结构完整，比例不存在严重失调。
12. 整体构图稳定且场景连贯。
13. 线条自然、连续，没有异常大面积涂黑。
14. 没有明显的选择性结构缺失。
15. 仅存在少数能够由绘画水平、年龄、风格或普通构图解释的轻微异常。

【支持异常的证据】
1. 无。"
dataset/HTP/01/01/01_01_01_1680.jpg,01,01,01,0.053403324903538434,"【支持正常的证据】
1. 房屋、树木、人物三个核心对象均能够清楚识别，并且基本完整。
2. 三个对象在画面中的大小适中，没有全部挤在极小区域，也没有明显超出或压迫整个画面。
3. 房、树、人之间保持自然、合理的空间距离，没有明显孤立或被大片空白强行分隔。
4. 三个对象能够形成基本连贯的场景，例如共享地面、方向一致、空间位置合理，整体看起来属于同一个环境，而不是三个互不相关的符号。
5. 整体构图稳定，没有明显失衡、极端偏向某个角落或严重碎片化。
6. 线条总体连续、自然、力度相对稳定，没有大量异常断裂、极端微弱或杂乱涂画。
7. 画面具有适量细节。可以简单，但主要对象的基本结构能够表达清楚。
8. 房屋、树木、人物的比例大致协调，没有极端小型化或比例失调。
9. 房屋、树木和人物之间的关系自然，没有极端隔离或空间关系异常。
10. 线条自然、连续，没有异常大面积涂黑。

【支持异常的证据】
1. 房屋、树木、人物中的一个或多个核心对象完全缺失，且无法由裁剪、遮挡或画法解释。
2. 整幅画极度简化，只剩极少线条，大量重要结构同时消失，整体信息量异常低。
3. 房、树、人整体只占巨大画布中极小区域，周围存在大量空白。
4. 三个对象之间距离极端遥远，某个对象明显孤立，或者整个场景严重碎片化。
5. 存在大量非常微弱、间断、犹豫、僵硬或严重潦草的线条。
6. 存在异常大面积涂黑、重度阴影或某个对象被明显过度强调。"
dataset/HTP/01/01/01_01_01_1691.jpg,01,01,01,0.02033235323135295,"【支持正常的证据】
1. 房屋、树木、人物三个核心对象均能够清楚识别，并且基本完整。
2. 三个对象在画面中的大小适中，没有全部挤在极小区域，也没有明显超出或压迫整个画面。
3. 房、树、人之间保持自然、合理的空间距离，没有明显孤立或被大片空白强行分隔。
4. 三个对象能够形成基本连贯的场景，例如共享地面、方向一致、空间位置合理，整体看起来属于同一个环境，而不是三个互不相关的符号。
5. 整体构图稳定，没有明显失衡、极端偏向某个角落或严重碎片化。
6. 线条总体连续、自然、力度相对稳定，没有大量异常断裂、极端微弱或杂乱涂画。
7. 画面具有适量细节。可以简单，但主要对象的基本结构能够表达清楚。
8. 房屋、树木、人物的比例大致协调，没有极端小型化或比例失调。
9. 房屋、树木和人物之间的关系自然，没有极端隔离或不连贯的空间关系。
10. 线条自然、连续，没有异常大面积涂黑。

【支持异常的证据】
1. 人物的身体结构较为简单，但整体比例协调，没有明显选择性缺失或结构扭曲。
2. 房屋结构稳定，主要组成部分合理，没有明显倒塌或断裂。
3. 树木结构自然，没有严重截断或畸形。
4. 房屋、树木和人物之间的空间关系自然，整体场景连贯。
5. 线条自然、连续，没有异常大面积涂黑。"
dataset/HTP/01/01/01_01_01_1702.jpg,01,01,01,0.009708474753363424,"【支持正常的证据】
1. 房屋、树木、人物三个核心对象均能够清楚识别，并且基本完整。
2. 三个对象在画面中的大小适中，没有全部挤在极小区域，也没有明显超出或压迫整个画面。
3. 房、树、人之间保持自然、合理的空间距离，没有明显孤立或被大片空白强行分隔。
4. 三个对象能够形成基本连贯的场景，例如共享地面、方向一致、空间位置合理，整体看起来属于同一个环境，而不是三个互不相关的符号。
5. 整体构图稳定，没有明显失衡、极端偏向某个角落或严重碎片化。
6. 线条总体连续、自然、力度相对稳定，没有大量异常断裂、极端微弱或杂乱涂画。
7. 画面具有适量细节。可以简单，但主要对象的基本结构能够表达清楚。
8. 房屋、树木、人物的比例大致协调，没有极端小型化或比例失调。
9. 整体场景连贯，没有明显选择性结构缺失。
10. 线条自然、连续，没有异常大面积涂黑。

【支持异常的证据】
1. 无明显异常特征。"
dataset/HTP/01/01/01_01_01_1713.jpg,01,01,01,0.16451646904109268,"【支持正常的证据】
1. 房屋、树木、人物三个核心对象均能够清楚识别，并且基本完整。
2. 三个对象在画面中的大小适中，没有全部挤在极小区域，也没有明显超出或压迫整个画面。
3. 房、树、人之间保持自然、合理的空间距离，没有明显孤立或被大片空白强行分隔。
4. 三个对象能够形成基本连贯的场景，例如共享地面、方向一致、空间位置合理，整体看起来属于同一个环境，而不是三个互不相关的符号。
5. 整体构图稳定，没有明显失衡、极端偏向某个角落或严重碎片化。
6. 线条总体连续、自然、力度相对稳定，没有大量异常断裂、极端微弱或杂乱涂画。
7. 画面具有适量细节。可以简单，但主要对象的基本结构能够表达清楚。
8. 房屋、树木、人物的比例大致协调，没有极端小型化或比例失调。
9. 房屋结构稳定，墙体、屋顶等主要结构完整。
10. 树木结构自然，没有明显截断或畸形。
11. 人物身体主要结构完整，比例不存在严重失调。
12. 整体构图稳定且场景连贯。
13. 线条自然、连续，没有异常大面积涂黑。
14. 没有明显的选择性结构缺失。
15. 仅存在少数能够由绘画水平、年龄、风格或普通构图解释的轻微异常。

【支持异常的证据】
1. 人物缺少手臂。
2. 人物缺少头发。
3. 人物缺少嘴巴。
4. 人物缺少鼻子。
5. 人物缺少眼睛。
6. 人物缺少耳朵。
7. 人物缺少双腿。
8. 人物缺少双手。
9. 人物缺少脚。
10. 人物缺少手指。
11. 人物缺少脚趾。
12. 人物缺少牙齿。
13. 人物缺少眉毛。
14. 人物缺少头发。
15. 人物缺少头发。
16. 人物缺少头发。
17. 人物缺少头发。
18. 人物缺少头发。
19. 人物缺少头发。
20. 人物缺少头发。
21. 人物缺少头发。
22. 人物缺少头发。
23. 人物缺少头发。
24. 人物缺少头发。
25. 人物缺少头发。
26. 人物缺少头发。
27. 人物缺少头发。
28. 人物缺少头发。
29. 人物缺少头发。
30. 人物缺少头发。
31. 人物缺少头发。
32. 人物缺少头发。
33. 人物缺少头发。
34. 人物缺少头发。
35"
dataset/HTP/01/01/01_01_01_1722.jpg,01,01,01,0.04208773121980142,"【支持正常的证据】
1. 房屋、树木、人物三个核心对象均能够清楚识别，并且基本完整。
2. 三个对象在画面中的大小适中，没有全部挤在极小区域，也没有明显超出或压迫整个画面。
3. 房、树、人之间保持自然、合理的空间距离，没有明显孤立或被大片空白强行分隔。
4. 三个对象能够形成基本连贯的场景，例如共享地面、方向一致、空间位置合理，整体看起来属于同一个环境，而不是三个互不相关的符号。
5. 整体构图稳定，没有明显失衡、极端偏向某个角落或严重碎片化。
6. 线条总体连续、自然、力度相对稳定，没有大量异常断裂、极端微弱或杂乱涂画。
7. 画面具有适量细节。可以简单，但主要对象的基本结构能够表达清楚。
8. 房屋、树木、人物的比例大致协调，没有极端小型化或比例失调。
9. 房屋结构稳定，屋顶、墙壁等主要组成部分合理。
10. 树木结构自然，没有明显截断或畸形。
11. 人物身体主要结构完整，比例不存在严重失调。
12. 整体构图稳定且场景连贯。
13. 线条自然、连续，没有异常大面积涂黑。
14. 没有明显的选择性结构缺失。
15. 仅存在少数能够由绘画水平、年龄、风格或普通构图解释的轻微异常。

【支持异常的证据】
1. 人物缺少脸部和主要肢体，但整体结构仍然存在。
2. 树木结构较为简单，但没有明显截断或畸形。
3. 房屋结构较为简单，但没有明显倒塌、断裂或严重几何变形。
4. 整体构图稳定，没有明显失衡、极端偏向某个角落或严重碎片化。
5. 线条总体连续、自然、力度相对稳定，没有大量异常断裂、极端微弱或杂乱涂画。
6. 画面具有适量细节。可以简单，但主要对象的基本结构能够表达清楚。"
dataset/HTP/01/01/01_01_01_1733.jpg,01,01,01,0.060086650384398026,"【支持正常的证据】
1. 房屋、树木、人物三个核心对象均能够清楚识别，并且基本完整。
2. 三个对象在画面中的大小适中，没有全部挤在极小区域，也没有明显超出或压迫整个画面。
3. 房、树、人之间保持自然、合理的空间距离，没有明显孤立或被大片空白强行分隔。
4. 三个对象能够形成基本连贯的场景，例如共享地面、方向一致、空间位置合理，整体看起来属于同一个环境，而不是三个互不相关的符号。
5. 整体构图稳定，没有明显失衡、极端偏向某个角落或严重碎片化。
6. 线条总体连续、自然、力度相对稳定，没有大量异常断裂、极端微弱或杂乱涂画。
7. 画面具有适量细节。可以简单，但主要对象的基本结构能够表达清楚。
8. 房屋、树木、人物的比例大致协调，没有极端小型化或比例失调。
9. 房屋、树木和人物之间的关系自然，没有极端隔离或不连贯的空间关系。
10. 线条自然、连续，没有异常大面积涂黑。

【支持异常的证据】
1. 房屋、树木、人物中的一个或多个核心对象完全缺失，且无法由裁剪、遮挡或画法解释。
2. 整幅画极度简化，只剩极少线条，大量重要结构同时消失，整体信息量异常低。
3. 房、树、人整体只占巨大画布中极小区域，周围存在大量空白。
4. 三个对象之间距离极端遥远，某个对象明显孤立，或者整个场景严重碎片化。
5. 存在大量非常微弱、间断、犹豫、僵硬或严重潦草的线条。
6. 存在异常大面积涂黑、重度阴影或某个对象被明显过度强调。"
dataset/HTP/01/01/01_01_01_1744.jpg,01,01,01,0.010986941578116865,"【支持正常的证据】
1. 房屋、树木、人物三个核心对象均能够清楚识别，并且基本完整。
2. 三个对象在画面中的大小适中，没有全部挤在极小区域，也没有明显超出或压迫整个画面。
3. 房、树、人之间保持自然、合理的空间距离，没有明显孤立或被大片空白强行分隔。
4. 三个对象能够形成基本连贯的场景，例如共享地面、方向一致、空间位置合理，整体看起来属于同一个环境，而不是三个互不相关的符号。
5. 整体构图稳定，没有明显失衡、极端偏向某个角落或严重碎片化。
6. 线条总体连续、自然、力度相对稳定，没有大量异常断裂、极端微弱或杂乱涂画。
7. 画面具有适量细节。可以简单，但主要对象的基本结构能够表达清楚。
8. 房屋、树木、人物的比例大致协调，没有极端小型化或比例失调。
9. 房屋、树木和人物的相对大小基本合理，没有非常极端的尺寸差异。
10. 人物身体主要结构完整，比例不存在严重失调。
11. 整体构图稳定且场景连贯，没有明显异常的大面积涂黑。
12. 人物没有明显选择性结构缺失，四肢和五官比例协调。
13. 房屋结构稳定，主要组成部分合理。
14. 树木结构自然，没有严重截断或畸形。
15. 人物和房屋、树木之间保持自然距离，没有极端隔离。

【支持异常的证据】
1. 无。"
dataset/HTP/01/01/01_01_01_1755.jpg,01,01,01,0.014063626423394072,"【支持正常的证据】
1. 房屋、树木、人物三个核心对象均能够清楚识别，并且基本完整。
2. 三个对象在画面中的大小适中，没有全部挤在极小区域，也没有明显超出或压迫整个画面。
3. 房、树、人之间保持自然、合理的空间距离，没有明显孤立或被大片空白强行分隔。
4. 三个对象能够形成基本连贯的场景，例如共享地面、方向一致、空间位置合理，整体看起来属于同一个环境，而不是三个互不相关的符号。
5. 整体构图稳定，没有明显失衡、极端偏向某个角落或严重碎片化。
6. 线条总体连续、自然、力度相对稳定，没有大量异常断裂、极端微弱或杂乱涂画。
7. 画面具有适量细节。可以简单，但主要对象的基本结构能够表达清楚。
8. 房屋、树木、人物的比例大致协调，没有极端小型化或比例失调。
9. 房屋、树木和人物之间的关系自然，没有极端隔离或空间关系异常。
10. 线条自然、连续，没有异常大面积涂黑。

【支持异常的证据】
1. 无明显异常特征。"
dataset/HTP/01/01/01_01_01_1756.jpg,01,01,01,0.012431653620200803,"【支持正常的证据】
1. 房屋、树木、人物三个核心对象均能够清楚识别，并且基本完整。
2. 三个对象在画面中的大小适中，没有全部挤在极小区域，也没有明显超出或压迫整个画面。
3. 房、树、人之间保持自然、合理的空间距离，没有明显孤立或被大片空白强行分隔。
4. 三个对象能够形成基本连贯的场景，例如共享地面、方向一致、空间位置合理，整体看起来属于同一个环境，而不是三个互不相关的符号。
5. 整体构图稳定，没有明显失衡、极端偏向某个角落或严重碎片化。
6. 线条总体连续、自然、力度相对稳定，没有大量异常断裂、极端微弱或杂乱涂画。
7. 画面具有适量细节。可以简单，但主要对象的基本结构能够表达清楚。
8. 房屋、树木、人物的比例大致协调，没有极端小型化或比例失调。
9. 房屋、树木和人物之间的关系自然，没有极端隔离或空间关系异常。
10. 线条自然、连续，没有异常大面积涂黑。

【支持异常的证据】
1. 无明显异常特征。"
dataset/HTP/01/01/01_01_01_1766.jpg,01,01,01,0.010986941578116865,"【支持正常的证据】
1. 房屋、树木、人物三个核心对象均能够清楚识别，并且基本完整。
2. 三个对象在画面中的大小适中，没有全部挤在极小区域，也没有明显超出或压迫整个画面。
3. 房、树、人之间保持自然、合理的空间距离，没有明显孤立或被大片空白强行分隔。
4. 三个对象能够形成基本连贯的场景，例如共享地面、方向一致、空间位置合理，整体看起来属于同一个环境，而不是三个互不相关的符号。
5. 整体构图稳定，没有明显失衡、极端偏向某个角落或严重碎片化。
6. 线条总体连续、自然、力度相对稳定，没有大量异常断裂、极端微弱或杂乱涂画。
7. 画面具有适量细节。可以简单，但主要对象的基本结构能够表达清楚。
8. 房屋、树木、人物的比例大致协调，没有极端小型化或比例失调。
9. 房屋结构稳定，墙体、屋顶等主要结构完整。
10. 树木结构自然，没有明显截断或畸形。
11. 人物身体主要结构完整，比例不存在严重失调。
12. 整体构图稳定且场景连贯。
13. 线条自然、连续，没有异常大面积涂黑。
14. 没有明显的选择性结构缺失。
15. 仅存在少数能够由绘画水平、年龄、风格或普通构图解释的轻微异常。

【支持异常的证据】
1. 无。"
dataset/HTP/01/01/01_01_01_1776.jpg,01,01,01,0.009708474753363424,"【支持正常的证据】
1. 房屋、树木、人物三个核心对象均能够清楚识别，并且基本完整。
2. 三个对象在画面中的大小适中，没有全部挤在极小区域，也没有明显超出或压迫整个画面。
3. 房、树、人之间保持自然、合理的空间距离，没有明显孤立或被大片空白强行分隔。
4. 三个对象能够形成基本连贯的场景，例如共享地面、方向一致、空间位置合理，整体看起来属于同一个环境，而不是三个互不相关的符号。
5. 整体构图稳定，没有明显失衡、极端偏向某个角落或严重碎片化。
6. 线条总体连续、自然、力度相对稳定，没有大量异常断裂、极端微弱或杂乱涂画。
7. 画面具有适量细节。可以简单，但主要对象的基本结构能够表达清楚。
8. 房屋、树木、人物的比例大致协调，没有极端小型化或比例失调。
9. 房屋结构稳定，墙体、屋顶等主要结构完整。
10. 树木结构自然，没有明显截断或畸形。
11. 人物身体主要结构完整，比例不存在严重失调。
12. 整体构图稳定且场景连贯，没有明显异常的大面积涂黑。
13. 人物和房屋、树木之间保持自然距离，没有极端隔离。
14. 画面存在多个相互独立的正常积极特征，如自然的线条、适量的细节等。

【支持异常的证据】
1. 无。"
dataset/HTP/01/01/01_01_01_1785.jpg,01,01,01,0.06754668832401889,"【支持正常的证据】
1. 房屋、树木、人物三个核心对象均能够清楚识别，并且基本完整。
2. 三个对象在画面中的大小适中，没有全部挤在极小区域，也没有明显超出或压迫整个画面。
3. 房、树、人之间保持自然、合理的空间距离，没有明显孤立或被大片空白强行分隔。
4. 三个对象能够形成基本连贯的场景，例如共享地面、方向一致、空间位置合理，整体看起来属于同一个环境。
5. 整体构图稳定，没有明显失衡、极端偏向某个角落或严重碎片化。
6. 线条总体连续、自然、力度相对稳定，没有大量异常断裂、极端微弱或杂乱涂画。
7. 画面具有适量细节。可以简单，但主要对象的基本结构能够表达清楚。
8. 房屋、树木、人物的比例大致协调，没有极端小型化或比例失调。
9. 房屋结构稳定，屋顶、墙壁等主要组成部分合理。
10. 树木结构自然，没有明显截断或畸形。
11. 人物身体主要结构完整，比例不存在严重失调。
12. 整体构图稳定且场景连贯，没有明显异常的大面积涂黑。
13. 线条自然、连续，没有异常大面积涂黑。
14. 没有明显的选择性结构缺失。
15. 仅存在少数能够由绘画水平、年龄、风格或普通构图解释的轻微异常。

【支持异常的证据】
1. 房屋、树木、人物中的一个或多个核心对象完全缺失，且无法由裁剪、遮挡或画法解释。
2. 整幅画极度简化，只剩极少线条，大量重要结构同时消失，整体信息量异常低。
3. 房、树、人整体只占巨大画布中极小区域，周围存在大量空白。
4. 三个对象之间距离极端遥远，某个对象明显孤立，或者整个场景严重碎片化。
5. 存在大量非常微弱、间断、犹豫、僵硬或严重潦草的线条。
6. 存在异常大面积涂黑、重度阴影或某个对象被明显过度强调。"
dataset/HTP/01/01/01_01_01_1795.jpg,01,01,01,0.025957357762928745,"【支持正常的证据】
1. 房屋、树木、人物三个核心对象均能够清楚识别，并且基本完整。
2. 三个对象在画面中的大小适中，没有全部挤在极小区域，也没有明显超出或压迫整个画面。
3. 房、树、人之间保持自然、合理的空间距离，没有明显孤立或被大片空白强行分隔。
4. 三个对象能够形成基本连贯的场景，例如共享地面、方向一致、空间位置合理，整体看起来属于同一个环境，而不是三个互不相关的符号。
5. 整体构图稳定，没有明显失衡、极端偏向某个角落或严重碎片化。
6. 线条总体连续、自然、力度相对稳定，没有大量异常断裂、极端微弱或杂乱涂画。
7. 画面具有适量细节。可以简单，但主要对象的基本结构能够表达清楚。
8. 房屋、树木、人物的比例大致协调，没有极端小型化或比例失调。
9. 房屋、树木和人物之间的关系自然，没有极端隔离或空间关系异常。
10. 线条自然、连续，没有异常大面积涂黑。

【支持异常的证据】
1. 人物缺少脸部和主要肢体，但整体结构仍然存在。
2. 树木的树干和树冠之间连接自然，比例基本合理。
3. 房屋的屋顶和墙体结构稳定，没有明显倒塌或断裂。
4. 房屋、树木和人物之间的空间关系自然，没有极端隔离或碎片化。"
dataset/HTP/01/01/01_01_01_1805.jpg,01,01,01,0.053403324903538434,"【支持正常的证据】
1. 房屋、树木、人物三个核心对象均能够清楚识别，并且基本完整。
2. 三个对象在画面中的大小适中，没有全部挤在极小区域，也没有明显超出或压迫整个画面。
3. 房、树、人之间保持自然、合理的空间距离，没有明显孤立或被大片空白强行分隔。
4. 三个对象能够形成基本连贯的场景，例如共享地面、方向一致、空间位置合理，整体看起来属于同一个环境，而不是三个互不相关的符号。
5. 整体构图稳定，没有明显失衡、极端偏向某个角落或严重碎片化。
6. 线条总体连续、自然、力度相对稳定，没有大量异常断裂、极端微弱或杂乱涂画。
7. 画面具有适量细节。可以简单，但主要对象的基本结构能够表达清楚。
8. 如果存在草地、道路、太阳、云、花、地面等环境元素，并且与主体自然结合，可以作为场景完整和组织良好的积极证据。
9. 没有大面积、无明显绘画目的的异常涂黑、重阴影或局部反复强调。

【支持异常的证据】
1. 房屋、树木、人物中的一个或多个核心对象完全缺失，且无法由裁剪、遮挡或画法解释。
2. 整幅画极度简化，只剩极少线条，大量重要结构同时消失，整体信息量异常低。
3. 房、树、人整体只占巨大画布中极小区域，周围存在大量空白。
4. 三个对象之间距离极端遥远，某个对象明显孤立，或者整个场景严重碎片化。
5. 对象像漂浮在不同区域，彼此几乎没有空间联系，整体场景严重不连贯。
6. 存在大量非常微弱、间断、犹豫、僵硬或严重潦草的线条。
7. 存在异常大面积涂黑、重度阴影或某个对象被明显过度强调。"
dataset/HTP/01/01/01_01_01_1814.jpg,01,01,01,0.053403324903538434,"【支持正常的证据】
1. 房屋、树木、人物三个核心对象均能够清楚识别，并且基本完整。
2. 三个对象在画面中的大小适中，没有全部挤在极小区域，也没有明显超出或压迫整个画面。
3. 房、树、人之间保持自然、合理的空间距离，没有明显孤立或被大片空白强行分隔。
4. 三个对象能够形成基本连贯的场景，例如共享地面、方向一致、空间位置合理，整体看起来属于同一个环境，而不是三个互不相关的符号。
5. 整体构图稳定，没有明显失衡、极端偏向某个角落或严重碎片化。
6. 线条总体连续、自然、力度相对稳定，没有大量异常断裂、极端微弱或杂乱涂画。
7. 画面具有适量细节。可以简单，但主要对象的基本结构能够表达清楚。
8. 如果存在草地、道路、太阳、云、花、地面等环境元素，并且与主体自然结合，可以作为场景完整和组织良好的积极证据。
9. 没有大面积、无明显绘画目的的异常涂黑、重阴影或局部反复强调。

【支持异常的证据】
1. 房屋、树木、人物中的一个或多个核心对象完全缺失，且无法由裁剪、遮挡或画法解释。
2. 整幅画极度简化，只剩极少线条，大量重要结构同时消失，整体信息量异常低。
3. 房、树、人整体只占巨大画布中极小区域，周围存在大量空白。
4. 三个对象之间距离极端遥远，某个对象明显孤立，或者整个场景严重碎片化。
5. 对象像漂浮在不同区域，彼此几乎没有空间联系，整体场景严重不连贯。
6. 存在大量非常微弱、间断、犹豫、僵硬或严重潦草的线条。
7. 存在异常大面积涂黑、重度阴影或某个对象被明显过度强调。"
dataset/HTP/01/01/01_01_01_1825.jpg,01,01,01,0.012431653620200803,"【支持正常的证据】
1. 房屋、树木、人物三个核心对象均能够清楚识别，并且基本完整。
2. 三个对象在画面中的大小适中，没有全部挤在极小区域，也没有明显超出或压迫整个画面。
3. 房、树、人之间保持自然、合理的空间距离，没有明显孤立或被大片空白强行分隔。
4. 三个对象能够形成基本连贯的场景，例如共享地面、方向一致、空间位置合理，整体看起来属于同一个环境，而不是三个互不相关的符号。
5. 整体构图稳定，没有明显失衡、极端偏向某个角落或严重碎片化。
6. 线条总体连续、自然、力度相对稳定，没有大量异常断裂、极端微弱或杂乱涂画。
7. 画面具有适量细节。可以简单，但主要对象的基本结构能够表达清楚。
8. 房屋、树木、人物的比例大致协调，没有极端小型化或比例失调。
9. 房屋、树木和人物之间的关系自然，没有极端隔离或空间关系异常。
10. 线条自然、连续，没有异常大面积涂黑。

【支持异常的证据】
1. 无明显异常特征。"
dataset/HTP/01/01/01_01_01_1836.jpg,01,01,01,0.0293122327122782,"【支持正常的证据】
1. 房屋、树木、人物三个核心对象均能够清楚识别，并且基本完整。
2. 三个对象在画面中的大小适中，没有全部挤在极小区域，也没有明显超出或压迫整个画面。
3. 房、树、人之间保持自然、合理的空间距离，没有明显孤立或被大片空白强行分隔。
4. 三个对象能够形成基本连贯的场景，例如共享地面、方向一致、空间位置合理，整体看起来属于同一个环境。
5. 整体构图稳定，没有明显失衡、极端偏向某个角落或严重碎片化。
6. 线条总体连续、自然、力度相对稳定，没有大量异常断裂、极端微弱或杂乱涂画。
7. 画面具有适量细节。可以简单，但主要对象的基本结构能够表达清楚。
8. 房屋、树木、人物的比例大致协调，没有极端小型化或比例失调。
9. 房屋、树木和人物之间的关系自然，没有极端隔离或空间关系异常。
10. 整体场景连贯，没有大面积异常涂黑或阴影。

【支持异常的证据】
1. 人物缺少脸部和主要肢体，但整体结构仍然存在。
2. 树木的树冠和树枝有些许夸张，但整体结构自然。
3. 房屋的门和窗户较为简单，但整体结构稳定。
4. 人物的比例有些许不协调，但整体结构仍然存在。"
dataset/HTP/01/01/01_01_01_1844.jpg,01,01,01,0.053403324903538434,"【支持正常的证据】
1. 房屋、树木、人物三个核心对象均能够清楚识别，并且基本完整。
2. 三个对象在画面中的大小适中，没有全部挤在极小区域，也没有明显超出或压迫整个画面。
3. 房、树、人之间保持自然、合理的空间距离，没有明显孤立或被大片空白强行分隔。
4. 三个对象能够形成基本连贯的场景，例如共享地面、方向一致、空间位置合理，整体看起来属于同一个环境，而不是三个互不相关的符号。
5. 整体构图稳定，没有明显失衡、极端偏向某个角落或严重碎片化。
6. 线条总体连续、自然、力度相对稳定，没有大量异常断裂、极端微弱或杂乱涂画。
7. 画面具有适量细节。可以简单，但主要对象的基本结构能够表达清楚。
8. 房屋、树木、人物的比例大致协调，没有极端小型化或比例失调。
9. 房屋结构稳定，主要组成部分合理，没有明显倒塌、断裂或严重几何变形。
10. 树木结构自然，没有严重截断或畸形。
11. 人物身体主要结构完整，比例不存在严重失调。
12. 整体构图稳定且场景连贯。
13. 线条自然、连续，没有异常大面积涂黑。
14. 没有明显的选择性结构缺失。
15. 仅存在少数能够由绘画水平、年龄、风格或普通构图解释的轻微异常。

【支持异常的证据】
1. 人物缺少脸部和主要肢体，但整体结构仍然存在。
2. 房屋结构较为详细，但缺少窗户。
3. 树木结构自然，但缺少叶子。
4. 整体构图虽然连贯，但人物过于简单，缺乏细节。"
dataset/HTP/01/01/01_01_01_1853.jpg,01,01,01,0.060086650384398026,"【支持正常的证据】
1. 房屋、树木、人物三个核心对象均能够清楚识别，并且基本完整。
2. 三个对象在画面中的大小适中，没有全部挤在极小区域，也没有明显超出或压迫整个画面。
3. 房、树、人之间保持自然、合理的空间距离，没有明显孤立或被大片空白强行分隔。
4. 三个对象能够形成基本连贯的场景，例如共享地面、方向一致、空间位置合理，整体看起来属于同一个环境，而不是三个互不相关的符号。
5. 整体构图稳定，没有明显失衡、极端偏向某个角落或严重碎片化。
6. 线条总体连续、自然、力度相对稳定，没有大量异常断裂、极端微弱或杂乱涂画。
7. 画面具有适量细节。可以简单，但主要对象的基本结构能够表达清楚。
8. 没有大面积、无明显绘画目的的异常涂黑、重阴影或局部反复强调。

【支持异常的证据】
1. 房屋、树木、人物中的一个或多个核心对象完全缺失，且无法由裁剪、遮挡或画法解释。
2. 整幅画极度简化，只剩极少线条，大量重要结构同时消失，整体信息量异常低。
3. 房、树、人整体只占巨大画布中极小区域，周围存在大量空白。
4. 三个对象之间距离极端遥远，某个对象明显孤立，或者整个场景严重碎片化。
5. 对象像漂浮在不同区域，彼此几乎没有空间联系，整体场景严重不连贯。
6. 存在大量非常微弱、间断、犹豫、僵硬或严重潦草的线条。
7. 存在异常大面积涂黑、重度阴影或某个对象被明显过度强调。"
dataset/HTP/01/01/01_01_01_1863.jpg,01,01,01,0.04742587351415913,"【支持正常的证据】
1. 房屋、树木、人物三个核心对象均能够清楚识别，并且基本完整。
2. 三个对象在画面中的大小适中，没有全部挤在极小区域，也没有明显超出或压迫整个画面。
3. 房、树、人之间保持自然、合理的空间距离，没有明显孤立或被大片空白强行分隔。
4. 三个对象能够形成基本连贯的场景，例如共享地面、方向一致、空间位置合理，整体看起来属于同一个环境，而不是三个互不相关的符号。
5. 整体构图稳定，没有明显失衡、极端偏向某个角落或严重碎片化。
6. 线条总体连续、自然、力度相对稳定，没有大量异常断裂、极端微弱或杂乱涂画。
7. 画面具有适量细节。可以简单，但主要对象的基本结构能够表达清楚。
8. 如果存在草地、道路、太阳、云、花、地面等环境元素，并且与主体自然结合，可以作为场景完整和组织良好的积极证据。
9. 没有大面积、无明显绘画目的的异常涂黑、重阴影或局部反复强调。

【支持异常的证据】
1. 房屋结构较完整、可见方向正常，但明显选择性缺少门。
2. 树木相对于其他主体和画布极端微小。
3. 人物头部、躯干、手臂和腿等主要身体结构基本完整。
4. 房屋、树木和人物的相对大小基本合理，没有非常极端的尺寸差异。"
dataset/HTP/01/01/01_01_01_1874.jpg,01,01,01,0.012431653620200803,"【支持正常的证据】
1. 房屋、树木、人物三个核心对象均能够清楚识别，并且基本完整。
2. 三个对象在画面中的大小适中，没有全部挤在极小区域，也没有明显超出或压迫整个画面。
3. 房、树、人之间保持自然、合理的空间距离，没有明显孤立或被大片空白强行分隔。
4. 三个对象能够形成基本连贯的场景，例如共享地面、方向一致、空间位置合理，整体看起来属于同一个环境。
5. 整体构图稳定，没有明显失衡、极端偏向某个角落或严重碎片化。
6. 线条总体连续、自然、力度相对稳定，没有大量异常断裂、极端微弱或杂乱涂画。
7. 画面具有适量细节。可以简单，但主要对象的基本结构能够表达清楚。
8. 房屋、树木、人物的比例大致协调，没有极端小型化或比例失调。
9. 房屋结构稳定，没有明显倒塌、断裂或严重几何变形。
10. 树木结构自然，没有明显截断或畸形。
11. 人物身体主要结构完整，比例不存在严重失调。
12. 整体构图稳定且场景连贯。
13. 线条自然、连续，没有异常大面积涂黑。
14. 没有明显的选择性结构缺失。
15. 仅存在少数能够由绘画水平、年龄、风格或普通构图解释的轻微异常。

【支持异常的证据】
1. 无。"
dataset/HTP/01/01/01_01_01_1885.jpg,01,01,01,0.14804719991116141,"【支持正常的证据】
1. 房屋、树木、人物三个核心对象均能够清楚识别，并且基本完整。
2. 三个对象在画面中的大小适中，没有全部挤在极小区域，也没有明显超出或压迫整个画面。
3. 房、树、人之间保持自然、合理的空间距离，没有明显孤立或被大片空白强行分隔。
4. 三个对象能够形成基本连贯的场景，例如共享地面、方向一致、空间位置合理，整体看起来属于同一个环境，而不是三个互不相关的符号。
5. 整体构图稳定，没有明显失衡、极端偏向某个角落或严重碎片化。
6. 线条总体连续、自然、力度相对稳定，没有大量异常断裂、极端微弱或杂乱涂画。
7. 画面具有适量细节。可以简单，但主要对象的基本结构能够表达清楚。
8. 房屋、树木、人物的比例大致协调，没有极端小型化或比例失调。
9. 房屋结构稳定，主要组成部分合理，没有明显倒塌、断裂或严重几何变形。
10. 树木结构自然，没有严重截断或畸形。
11. 人物身体主要结构完整，比例不存在严重失调。
12. 整体构图稳定且场景连贯。
13. 线条自然、连续，没有异常大面积涂黑。
14. 没有明显的选择性结构缺失。
15. 仅存在少数能够由绘画水平、年龄、风格或普通构图解释的轻微异常。

【支持异常的证据】
1. 人物明显不完整，缺少头部和部分身体结构。
2. 房屋结构较为简单，但没有明显选择性缺失。
3. 树木结构自然，但没有明显选择性缺失。
4. 整体构图虽然连贯，但人物明显被孤立在画面下方，与房屋和树木的距离较远。
5. 线条自然，但人物的单线四肢显得有些僵硬。"
dataset/HTP/01/01/01_01_01_1895.jpg,01,01,01,0.010986941578116865,"【支持正常的证据】
1. 房屋、树木、人物三个核心对象均能够清楚识别，并且基本完整。
2. 三个对象在画面中的大小适中，没有全部挤在极小区域，也没有明显超出或压迫整个画面。
3. 房、树、人之间保持自然、合理的空间距离，没有明显孤立或被大片空白强行分隔。
4. 三个对象能够形成基本连贯的场景，例如共享地面、方向一致、空间位置合理，整体看起来属于同一个环境。
5. 整体构图稳定，没有明显失衡、极端偏向某个角落或严重碎片化。
6. 线条总体连续、自然、力度相对稳定，没有大量异常断裂、极端微弱或杂乱涂画。
7. 画面具有适量细节。可以简单，但主要对象的基本结构能够表达清楚。
8. 房屋、树木、人物的比例大致协调，没有极端小型化或比例失调。
9. 房屋、树木和人物之间的关系自然，没有极端隔离或空间断开。
10. 整体构图稳定且场景连贯，没有大面积异常涂黑或阴影。

【支持异常的证据】
1. 无。"
dataset/HTP/01/01/01_01_01_1905.jpg,01,01,01,0.0293122327122782,"【支持正常的证据】
1. 房屋、树木、人物三个核心对象均能够清楚识别，并且基本完整。
2. 三个对象在画面中的大小适中，没有全部挤在极小区域，也没有明显超出或压迫整个画面。
3. 房、树、人之间保持自然、合理的空间距离，没有明显孤立或被大片空白强行分隔。
4. 三个对象能够形成基本连贯的场景，例如共享地面、方向一致、空间位置合理，整体看起来属于同一个环境，而不是三个互不相关的符号。
5. 整体构图稳定，没有明显失衡、极端偏向某个角落或严重碎片化。
6. 线条总体连续、自然、力度相对稳定，没有大量异常断裂、极端微弱或杂乱涂画。
7. 画面具有适量细节。可以简单，但主要对象的基本结构能够表达清楚。
8. 房屋、树木、人物的比例大致协调，没有极端小型化或比例失调。
9. 房屋、树木和人物之间的关系自然，没有极端隔离或不连贯的空间关系。
10. 线条自然、连续，没有异常大面积涂黑。

【支持异常的证据】
1. 人物缺少脸部和主要肢体，但整体结构仍然存在。
2. 房屋缺少门，但整体结构稳定。
3. 树木缺少叶子，但结构自然。
4. 人物比例有些夸张，但整体结构合理。
5. 房屋、树木和人物之间的比例略有不协调，但整体构图稳定。"
dataset/HTP/01/01/01_01_01_1914.jpg,01,01,01,0.13296423160844623,"【支持正常的证据】
1. 房屋、树木、人物三个核心对象均能够清楚识别，并且基本完整。
2. 三个对象在画面中的大小适中，没有全部挤在极小区域，也没有明显超出或压迫整个画面。
3. 房、树、人之间保持自然、合理的空间距离，没有明显孤立或被大片空白强行分隔。
4. 三个对象能够形成基本连贯的场景，例如共享地面、方向一致、空间位置合理，整体看起来属于同一个环境。
5. 整体构图稳定，没有明显失衡、极端偏向某个角落或严重碎片化。
6. 线条总体连续、自然、力度相对稳定，没有大量异常断裂、极端微弱或杂乱涂画。
7. 画面具有适量细节。可以简单，但主要对象的基本结构能够表达清楚。
8. 房屋、树木、人物的比例大致协调，没有极端小型化或比例失调。
9. 房屋结构稳定，主要组成部分合理，没有明显倒塌、断裂或严重几何变形。
10. 树木结构自然，没有严重截断或畸形。
11. 人物身体主要结构完整，比例不存在严重失调。
12. 整体构图稳定且场景连贯。
13. 线条自然、连续，没有异常大面积涂黑。
14. 没有明显的选择性结构缺失。
15. 即使绘画较简单，其简化方式在整幅画中保持一致。

【支持异常的证据】
1. 人物头部、躯干、手臂和腿等主要身体结构基本完整，但人物的面部特征未画出。
2. 房屋结构较为完整，但明显缺少窗户。
3. 树木结构自然，但树冠被异常压缩或严重扁平。
4. 房屋、树木和人物之间存在明显空间距离，人物似乎被孤立在远处。
5. 房屋、树木和人物的比例有些不协调，人物显得较小。
6. 线条在某些地方显得有些犹豫或僵硬，尤其是人物的手臂和腿部线条。
7. 人物的面部表情中性，但没有画出眼睛、鼻子和嘴巴等主要面部特征。"
dataset/HTP/01/01/01_01_01_1924.jpg,01,01,01,0.04742587351415913,"【支持正常的证据】
1. 房屋、树木、人物三个核心对象均能够清楚识别，并且基本完整。
2. 三个对象在画面中的大小适中，没有全部挤在极小区域，也没有明显超出或压迫整个画面。
3. 房、树、人之间保持自然、合理的空间距离，没有明显孤立或被大片空白强行分隔。
4. 三个对象能够形成基本连贯的场景，例如共享地面、方向一致、空间位置合理，整体看起来属于同一个环境，而不是三个互不相关的符号。
5. 整体构图稳定，没有明显失衡、极端偏向某个角落或严重碎片化。
6. 线条总体连续、自然、力度相对稳定，没有大量异常断裂、极端微弱或杂乱涂画。
7. 画面具有适量细节。可以简单，但主要对象的基本结构能够表达清楚。
8. 如果存在草地、道路、太阳、云、花、地面等环境元素，并且与主体自然结合，可以作为场景完整和组织良好的积极证据。
9. 没有大面积、无明显绘画目的的异常涂黑、重阴影或局部反复强调。

【支持异常的证据】
1. 房屋、树木、人物中的一个或多个核心对象完全缺失，且无法由裁剪、遮挡或画法解释。
2. 整幅画极度简化，只剩极少线条，大量重要结构同时消失，整体信息量异常低。
3. 房、树、人整体只占巨大画布中极小区域，周围存在大量空白。
4. 三个对象之间距离极端遥远，某个对象明显孤立，或者整个场景严重碎片化。
5. 对象像漂浮在不同区域，彼此几乎没有空间联系，整体场景严重不连贯。
6. 存在大量非常微弱、间断、犹豫、僵硬或严重潦草的线条。
7. 存在异常大面积涂黑、重度阴影或某个对象被明显过度强调。"
dataset/HTP/01/01/01_01_01_1935.jpg,01,01,01,0.009708474753363424,"【支持正常的证据】
1. 房屋、树木、人物三个核心对象均能够清楚识别，并且基本完整。
2. 三个对象在画面中的大小适中，没有全部挤在极小区域，也没有明显超出或压迫整个画面。
3. 房、树、人之间保持自然、合理的空间距离，没有明显孤立或被大片空白强行分隔。
4. 三个对象能够形成基本连贯的场景，例如共享地面、方向一致、空间位置合理，整体看起来属于同一个环境，而不是三个互不相关的符号。
5. 整体构图稳定，没有明显失衡、极端偏向某个角落或严重碎片化。
6. 线条总体连续、自然、力度相对稳定，没有大量异常断裂、极端微弱或杂乱涂画。
7. 画面具有适量细节。可以简单，但主要对象的基本结构能够表达清楚。
8. 房屋、树木、人物的比例大致协调，没有极端小型化或比例失调。
9. 房屋结构稳定，屋顶、烟囱、门窗等细节自然、适量并与房屋结构协调。
10. 树木结构自然，没有明显截断或畸形。
11. 人物身体主要结构完整，比例不存在严重失调。
12. 整体构图稳定且场景连贯，没有明显异常的大面积涂黑。
13. 线条自然、连续，没有异常大面积涂黑。
14. 人物没有明显选择性结构缺失。
15. 画面存在多个相互独立的正常积极特征。

【支持异常的证据】
1. 无。"
dataset/HTP/01/01/01_01_01_1945.jpg,01,01,01,0.010986941578116865,"【支持正常的证据】
1. 房屋、树木、人物三个核心对象均能够清楚识别，并且基本完整。
2. 三个对象在画面中的大小适中，没有全部挤在极小区域，也没有明显超出或压迫整个画面。
3. 房、树、人之间保持自然、合理的空间距离，没有明显孤立或被大片空白强行分隔。
4. 三个对象能够形成基本连贯的场景，例如共享地面、方向一致、空间位置合理，整体看起来属于同一个环境，而不是三个互不相关的符号。
5. 整体构图稳定，没有明显失衡、极端偏向某个角落或严重碎片化。
6. 线条总体连续、自然、力度相对稳定，没有大量异常断裂、极端微弱或杂乱涂画。
7. 画面具有适量细节。可以简单，但主要对象的基本结构能够表达清楚。
8. 房屋、树木、人物的比例大致协调，没有极端小型化或比例失调。
9. 房屋结构稳定，屋顶、烟囱、门窗等细节自然、适量并与房屋结构协调。
10. 树木结构自然，没有明显截断或畸形。
11. 人物身体主要结构完整，比例不存在严重失调。
12. 整体构图稳定且场景连贯，没有明显异常的大面积涂黑。
13. 线条自然、连续，没有异常大面积涂黑。
14. 人物没有明显选择性结构缺失。
15. 仅存在少数能够由绘画水平、年龄、风格或普通构图解释的轻微异常。

【支持异常的证据】
1. 无明显异常特征。"
dataset/HTP/01/01/01_01_01_1956.jpg,01,01,01,0.10669058897496679,"【支持正常的证据】
1. 房屋、树木、人物三个核心对象均能够清楚识别，并且基本完整。
2. 三个对象在画面中的大小适中，没有全部挤在极小区域，也没有明显超出或压迫整个画面。
3. 房、树、人之间保持自然、合理的空间距离，没有明显孤立或被大片空白强行分隔。
4. 三个对象能够形成基本连贯的场景，例如共享地面、方向一致、空间位置合理，整体看起来属于同一个环境，而不是三个互不相关的符号。
5. 整体构图稳定，没有明显失衡、极端偏向某个角落或严重碎片化。
6. 线条总体连续、自然、力度相对稳定，没有大量异常断裂、极端微弱或杂乱涂画。
7. 画面具有适量细节。可以简单，但主要对象的基本结构能够表达清楚。
8. 没有大面积、无明显绘画目的的异常涂黑、重阴影或局部反复强调。

【支持异常的证据】
1. 房屋、树木、人物中的一个或多个核心对象完全缺失，且无法由裁剪、遮挡或画法解释。
2. 整幅画极度简化，只剩极少线条，大量重要结构同时消失，整体信息量异常低。
3. 房、树、人整体只占巨大画布中极小区域，周围存在大量空白。
4. 三个对象之间距离极端遥远，某个对象明显孤立，或者整个场景严重碎片化。
5. 对象像漂浮在不同区域，彼此几乎没有空间联系，整体场景严重不连贯。
6. 存在大量非常微弱、间断、犹豫、僵硬或严重潦草的线条。
7. 存在异常大面积涂黑、重度阴影或某个对象被明显过度强调。"
dataset/HTP/01/01/01_01_01_1957.jpg,01,01,01,0.022977372418942873,"【支持正常的证据】
1. 房屋、树木、人物三个核心对象均能够清楚识别，并且基本完整。
2. 三个对象在画面中的大小适中，没有全部挤在极小区域，也没有明显超出或压迫整个画面。
3. 房、树、人之间保持自然、合理的空间距离，没有明显孤立或被大片空白强行分隔。
4. 三个对象能够形成基本连贯的场景，例如共享地面、方向一致、空间位置合理，整体看起来属于同一个环境，而不是三个互不相关的符号。
5. 整体构图稳定，没有明显失衡、极端偏向某个角落或严重碎片化。
6. 线条总体连续、自然、力度相对稳定，没有大量异常断裂、极端微弱或杂乱涂画。
7. 画面具有适量细节。可以简单，但主要对象的基本结构能够表达清楚。
8. 房屋、树木、人物的比例大致协调，没有极端小型化或比例失调。
9. 房屋、树木和人物之间的关系自然，没有极端隔离或不连贯的空间关系。
10. 整体构图稳定，没有明显异常的大面积涂黑、极端小型化或异常隔离。

【支持异常的证据】
1. 人物的身体结构较为简单，但整体比例协调，没有明显选择性缺失或结构扭曲。
2. 房屋结构稳定，主要组成部分合理，没有明显倒塌、断裂或严重几何变形。
3. 树木结构自然，没有严重截断或畸形。
4. 人物身体主要结构完整，比例不存在严重失调。
5. 整体构图稳定且场景连贯，没有明显异常的大面积涂黑。
6. 房屋、树木和人物之间的关系自然，没有极端隔离或不连贯的空间关系。
7. 线条总体连续、自然、力度相对稳定，没有大量异常断裂、极端微弱或杂乱涂画。
8. 画面存在多个相互独立的正常积极特征。"
dataset/HTP/01/01/01_01_01_2047.jpg,01,01,01,0.01798621187025419,"【支持正常的证据】
1. 房屋、树木、人物三个核心对象均能够清楚识别，并且基本完整。
2. 三个对象在画面中的大小适中，没有全部挤在极小区域，也没有明显超出或压迫整个画面。
3. 房、树、人之间保持自然、合理的空间距离，没有明显孤立或被大片空白强行分隔。
4. 三个对象能够形成基本连贯的场景，例如共享地面、方向一致、空间位置合理，整体看起来属于同一个环境，而不是三个互不相关的符号。
5. 整体构图稳定，没有明显失衡、极端偏向某个角落或严重碎片化。
6. 线条总体连续、自然、力度相对稳定，没有大量异常断裂、极端微弱或杂乱涂画。
7. 画面具有适量细节。可以简单，但主要对象的基本结构能够表达清楚。
8. 如果存在草地、道路、太阳、云、花、地面等环境元素，并且与主体自然结合，可以作为场景完整和组织良好的积极证据。
9. 没有大面积、无明显绘画目的的异常涂黑、重阴影或局部反复强调。

【支持异常的证据】
1. 无明显异常特征。"
dataset/HTP/01/01/01_01_01_2056.jpg,01,01,01,0.009708474753363424,"【支持正常的证据】
1. 房屋、树木、人物三个核心对象均能够清楚识别，并且基本完整。
2. 三个对象在画面中的大小适中，没有全部挤在极小区域，也没有明显超出或压迫整个画面。
3. 房、树、人之间保持自然、合理的空间距离，没有明显孤立或被大片空白强行分隔。
4. 三个对象能够形成基本连贯的场景，例如共享地面、方向一致、空间位置合理，整体看起来属于同一个环境，而不是三个互不相关的符号。
5. 整体构图稳定，没有明显失衡、极端偏向某个角落或严重碎片化。
6. 线条总体连续、自然、力度相对稳定，没有大量异常断裂、极端微弱或杂乱涂画。
7. 画面具有适量细节。可以简单，但主要对象的基本结构能够表达清楚。
8. 房屋、树木、人物的比例大致协调，没有极端小型化或比例失调。
9. 房屋结构稳定，主要组成部分合理，没有明显倒塌、断裂或严重几何变形。
10. 树木结构自然，没有严重截断或畸形。
11. 人物身体主要结构完整，比例不存在严重失调。
12. 整体构图稳定且场景连贯。
13. 线条自然、连续，没有异常大面积涂黑。
14. 没有明显的选择性结构缺失。
15. 仅存在少数能够由绘画水平、年龄、风格或普通构图解释的轻微异常。

【支持异常的证据】
1. 无明显异常特征。"
dataset/HTP/01/01/01_01_01_2146.jpg,01,01,01,0.010986941578116865,"【支持正常的证据】
1. 房屋、树木、人物三个核心对象均能够清楚识别，并且基本完整。
2. 三个对象在画面中的大小适中，没有全部挤在极小区域，也没有明显超出或压迫整个画面。
3. 房、树、人之间保持自然、合理的空间距离，没有明显孤立或被大片空白强行分隔。
4. 三个对象能够形成基本连贯的场景，例如共享地面、方向一致、空间位置合理，整体看起来属于同一个环境，而不是三个互不相关的符号。
5. 整体构图稳定，没有明显失衡、极端偏向某个角落或严重碎片化。
6. 线条总体连续、自然、力度相对稳定，没有大量异常断裂、极端微弱或杂乱涂画。
7. 画面具有适量细节。可以简单，但主要对象的基本结构能够表达清楚。
8. 房屋、树木、人物的比例大致协调，没有极端小型化或比例失调。
9. 整体场景连贯，没有明显选择性结构缺失。
10. 线条自然、连续，没有异常大面积涂黑。

【支持异常的证据】
1. 无明显异常特征。"
dataset/HTP/01/01/01_01_01_2250.jpg,01,01,01,0.060086650384398026,"【支持正常的证据】
1. 房屋、树木、人物三个核心对象均能够清楚识别，并且基本完整。
2. 三个对象在画面中的大小适中，没有全部挤在极小区域，也没有明显超出或压迫整个画面。
3. 房、树、人之间保持自然、合理的空间距离，没有明显孤立或被大片空白强行分隔。
4. 三个对象能够形成基本连贯的场景，例如共享地面、方向一致、空间位置合理，整体看起来属于同一个环境。
5. 整体构图稳定，没有明显失衡、极端偏向某个角落或严重碎片化。
6. 线条总体连续、自然、力度相对稳定，没有大量异常断裂、极端微弱或杂乱涂画。
7. 画面具有适量细节。可以简单，但主要对象的基本结构能够表达清楚。
8. 没有大面积、无明显绘画目的的异常涂黑、重阴影或局部反复强调。

【支持异常的证据】
1. 房屋、树木、人物中的一个或多个核心对象完全缺失，且无法由裁剪、遮挡或画法解释。
2. 整幅画极度简化，只剩极少线条，大量重要结构同时消失，整体信息量异常低。
3. 房、树、人整体只占巨大画布中极小区域，周围存在大量空白。
4. 三个对象之间距离极端遥远，某个对象明显孤立，或者整个场景严重碎片化。
5. 存在大量非常微弱、间断、犹豫、僵硬或严重潦草的线条。
6. 存在异常大面积涂黑、重度阴影或某个对象被明显过度强调。"
dataset/HTP/01/01/01_01_01_2261.jpg,01,01,01,0.0293122327122782,"【支持正常的证据】
1. 树木、房屋和人物三个核心对象均能够清楚识别，并且基本完整。
2. 三个对象在画面中的大小适中，没有全部挤在极小区域，也没有明显超出或压迫整个画面。
3. 房、树、人之间保持自然、合理的空间距离，没有明显孤立或被大片空白强行分隔。
4. 三个对象能够形成基本连贯的场景，例如共享地面、方向一致、空间位置合理，整体看起来属于同一个环境。
5. 整体构图稳定，没有明显失衡、极端偏向某个角落或严重碎片化。
6. 线条总体连续、自然、力度相对稳定，没有大量异常断裂、极端微弱或杂乱涂画。
7. 画面具有适量细节。可以简单，但主要对象的基本结构能够表达清楚。
8. 没有大面积、无明显绘画目的的异常涂黑、重阴影或局部反复强调。

【支持异常的证据】
1. 房屋、树木、人物中的一个或多个核心对象完全缺失，且无法由裁剪、遮挡或画法解释。
2. 整幅画极度简化，只剩极少线条，大量重要结构同时消失，整体信息量异常低。
3. 房、树、人整体只占巨大画布中极小区域，周围存在大量空白。
4. 三个对象之间距离极端遥远，某个对象明显孤立，或者整个场景严重碎片化。
5. 存在大量非常微弱、间断、犹豫、僵硬或严重潦草的线条。
6. 存在异常大面积涂黑、重度阴影或某个对象被明显过度强调。"
dataset/HTP/01/01/01_01_01_2270.jpg,01,01,01,0.09534946232842245,"【支持正常的证据】
1. 房屋、树木、人物三个核心对象均能够清楚识别，并且基本完整。
2. 三个对象在画面中的大小适中，没有全部挤在极小区域，也没有明显超出或压迫整个画面。
3. 房、树、人之间保持自然、合理的空间距离，没有明显孤立或被大片空白强行分隔。
4. 三个对象能够形成基本连贯的场景，例如共享地面、方向一致、空间位置合理，整体看起来属于同一个环境，而不是三个互不相关的符号。
5. 整体构图稳定，没有明显失衡、极端偏向某个角落或严重碎片化。
6. 线条总体连续、自然、力度相对稳定，没有大量异常断裂、极端微弱或杂乱涂画。
7. 画面具有适量细节。可以简单，但主要对象的基本结构能够表达清楚。
8. 房屋、树木、人物的比例大致协调，没有极端小型化或比例失调。
9. 整体场景连贯，没有明显选择性结构缺失。
10. 线条自然、连续，没有异常大面积涂黑。

【支持异常的证据】
1. 房屋、树木、人物中的一个或多个核心对象完全缺失，且无法由裁剪、遮挡或画法解释。
2. 整幅画极度简化，只剩极少线条，大量重要结构同时消失，整体信息量异常低。
3. 房、树、人整体只占巨大画布中极小区域，周围存在大量空白。
4. 三个对象之间距离极端遥远，某个对象明显孤立，或者整个场景严重碎片化。
5. 存在大量非常微弱、间断、犹豫、僵硬或严重潦草的线条。
6. 存在异常大面积涂黑、重度阴影或某个对象被明显过度强调。"
dataset/HTP/01/01/01_01_01_2288.jpg,01,01,01,0.10669058897496679,"【支持正常的证据】
1. 房屋、树木、人物三个核心对象均能够清楚识别，并且基本完整。
2. 三个对象在画面中的大小适中，没有全部挤在极小区域，也没有明显超出或压迫整个画面。
3. 房、树、人之间保持自然、合理的空间距离，没有明显孤立或被大片空白强行分隔。
4. 三个对象能够形成基本连贯的场景，例如共享地面、方向一致、空间位置合理，整体看起来属于同一个环境。
5. 整体构图稳定，没有明显失衡、极端偏向某个角落或严重碎片化。
6. 线条总体连续、自然、力度相对稳定，没有大量异常断裂、极端微弱或杂乱涂画。
7. 画面具有适量细节。可以简单，但主要对象的基本结构能够表达清楚。
8. 房屋、树木、人物的比例大致协调，没有极端小型化或比例失调。
9. 房屋、树木和人物之间的关系自然，没有极端隔离或空间关系异常。
10. 整体场景连贯，没有大面积异常涂黑或阴影。

【支持异常的证据】
1. 房屋、树木、人物中的一个或多个核心对象完全缺失，且无法由裁剪、遮挡或画法解释。
2. 整幅画极度简化，只剩极少线条，大量重要结构同时消失，整体信息量异常低。
3. 房、树、人整体只占巨大画布中极小区域，周围存在大量空白。
4. 三个对象之间距离极端遥远，某个对象明显孤立，或者整个场景严重碎片化。
5. 存在大量非常微弱、间断、犹豫、僵硬或严重潦草的线条。
6. 存在异常大面积涂黑、重度阴影或某个对象被明显过度强调。"
dataset/HTP/01/01/01_01_01_2312.jpg,01,01,01,0.009708474753363424,"【支持正常的证据】
1. 房屋、树木、人物三个核心对象均能够清楚识别，并且基本完整。
2. 三个对象在画面中的大小适中，没有全部挤在极小区域，也没有明显超出或压迫整个画面。
3. 房、树、人之间保持自然、合理的空间距离，没有明显孤立或被大片空白强行分隔。
4. 三个对象能够形成基本连贯的场景，例如共享地面、方向一致、空间位置合理，整体看起来属于同一个环境。
5. 整体构图稳定，没有明显失衡、极端偏向某个角落或严重碎片化。
6. 线条总体连续、自然、力度相对稳定，没有大量异常断裂、极端微弱或杂乱涂画。
7. 画面具有适量细节。可以简单，但主要对象的基本结构能够表达清楚。
8. 房屋、树木、人物的比例大致协调，没有极端小型化或比例失调。
9. 房屋结构稳定，主要组成部分合理，没有明显倒塌、断裂或严重几何变形。
10. 树木结构自然，没有严重截断或畸形。
11. 人物身体主要结构完整，比例不存在严重失调。
12. 整体构图稳定且场景连贯。
13. 线条自然、连续，没有异常大面积涂黑。
14. 没有明显的选择性结构缺失。
15. 即使绘画较简单，其简化方式在整幅画中保持一致。
16. 仅存在少数能够由绘画水平、年龄、风格或普通构图解释的轻微异常。

【支持异常的证据】
1. 无明显异常特征。"
dataset/HTP/01/01/01_01_01_2313.jpg,01,01,01,0.16451646904109268,"【支持正常的证据】
1. 房屋、树木、人物三个核心对象均能够清楚识别，并且基本完整。
2. 三个对象在画面中的大小适中，没有全部挤在极小区域，也没有明显超出或压迫整个画面。
3. 房、树、人之间保持自然、合理的空间距离，没有明显孤立或被大片空白强行分隔。
4. 三个对象能够形成基本连贯的场景，例如共享地面、方向一致、空间位置合理，整体看起来属于同一个环境，而不是三个互不相关的符号。
5. 整体构图稳定，没有明显失衡、极端偏向某个角落或严重碎片化。
6. 线条总体连续、自然、力度相对稳定，没有大量异常断裂、极端微弱或杂乱涂画。
7. 画面具有适量细节。可以简单，但主要对象的基本结构能够表达清楚。
8. 房屋、树木、人物之间保持自然的距离，没有极端隔离。
9. 整体构图协调，没有明显选择性结构缺失。
10. 线条自然、连续，没有异常大面积涂黑。

【支持异常的证据】
1. 人物头部缺失，没有完成。
2. 树木相对于其他主体和画布极端微小。
3. 房屋结构较完整，但明显选择性缺少门。
4. 房屋相对于画布以及其他对象极端微小或被严重边缘化。
5. 树木相对于其他主体和画布极端微小。
6. 房屋结构较完整，但明显选择性缺少门。
7. 房屋结构较完整，但明显选择性缺少门。
8. 房屋结构较完整，但明显选择性缺少门。
9. 房屋结构较完整，但明显选择性缺少门。
10. 房屋结构较完整，但明显选择性缺少门。"
dataset/HTP/01/01/01_01_01_2323.jpg,01,01,01,0.04742587351415913,"【支持正常的证据】
1. 房屋、树木、人物三个核心对象均能够清楚识别，并且基本完整。
2. 三个对象在画面中的大小适中，没有全部挤在极小区域，也没有明显超出或压迫整个画面。
3. 房、树、人之间保持自然、合理的空间距离，没有明显孤立或被大片空白强行分隔。
4. 三个对象能够形成基本连贯的场景，例如共享地面、方向一致、空间位置合理，整体看起来属于同一个环境。
5. 整体构图稳定，没有明显失衡、极端偏向某个角落或严重碎片化。
6. 线条总体连续、自然、力度相对稳定，没有大量异常断裂、极端微弱或杂乱涂画。
7. 画面具有适量细节。可以简单，但主要对象的基本结构能够表达清楚。
8. 房屋、树木、人物之间保持自然的距离，没有极端隔离。
9. 整体场景连贯，没有大面积、无明显绘画目的的异常涂黑、重阴影或局部反复强调。

【支持异常的证据】
1. 人物缺少手臂，手臂被选择性省略。
2. 房屋缺少窗户，窗户被选择性省略。
3. 树木缺少叶子，可能是季节性或绘画风格导致。
4. 房屋和树木的结构较为简单，但没有明显的夸张或怪异变形。
5. 人物缺少表情，但整体表现较为中性，符合儿童画风格。"
dataset/HTP/01/01/01_01_01_2342.jpg,01,01,01,0.07585817323116976,"【支持正常的证据】
1. 房屋、树木、人物三个核心对象均能够清楚识别，并且基本完整。
2. 三个对象在画面中的大小适中，没有全部挤在极小区域，也没有明显超出或压迫整个画面。
3. 房、树、人之间保持自然、合理的空间距离，没有明显孤立或被大片空白强行分隔。
4. 三个对象能够形成基本连贯的场景，例如共享地面、方向一致、空间位置合理，整体看起来属于同一个环境，而不是三个互不相关的符号。
5. 整体构图稳定，没有明显失衡、极端偏向某个角落或严重碎片化。
6. 线条总体连续、自然、力度相对稳定，没有大量异常断裂、极端微弱或杂乱涂画。
7. 画面具有适量细节。可以简单，但主要对象的基本结构能够表达清楚。
8. 房屋、树木、人物的比例大致协调，没有极端小型化或比例失调。
9. 房屋、树木和人物之间的关系自然，没有极端隔离或不连贯的空间关系。
10. 线条自然、连续，没有异常大面积涂黑。

【支持异常的证据】
1. 房屋、树木、人物中的一个或多个核心对象完全缺失，且无法由裁剪、遮挡或画法解释。
2. 整幅画极度简化，只剩极少线条，大量重要结构同时消失，整体信息量异常低。
3. 房、树、人整体只占巨大画布中极小区域，周围存在大量空白。
4. 三个对象之间距离极端遥远，某个对象明显孤立，或者整个场景严重碎片化。
5. 存在大量非常微弱、间断、犹豫、僵硬或严重潦草的线条。
6. 存在异常大面积涂黑、重度阴影或某个对象被明显过度强调。"
dataset/HTP/01/01/01_01_01_2352.jpg,01,01,01,0.07585817323116976,"【支持正常的证据】
1. 房屋、树木、人物三个核心对象均能够清楚识别，并且基本完整。
2. 三个对象在画面中的大小适中，没有全部挤在极小区域，也没有明显超出或压迫整个画面。
3. 房、树、人之间保持自然、合理的空间距离，没有明显孤立或被大片空白强行分隔。
4. 三个对象能够形成基本连贯的场景，例如共享地面、方向一致、空间位置合理，整体看起来属于同一个环境，而不是三个互不相关的符号。
5. 整体构图稳定，没有明显失衡、极端偏向某个角落或严重碎片化。
6. 线条总体连续、自然、力度相对稳定，没有大量异常断裂、极端微弱或杂乱涂画。
7. 画面具有适量细节。可以简单，但主要对象的基本结构能够表达清楚。
8. 没有大面积、无明显绘画目的的异常涂黑、重阴影或局部反复强调。

【支持异常的证据】
1. 房屋、树木、人物中的一个或多个核心对象完全缺失，且无法由裁剪、遮挡或画法解释。
2. 整幅画极度简化，只剩极少线条，大量重要结构同时消失，整体信息量异常低。
3. 房、树、人整体只占巨大画布中极小区域，周围存在大量空白。
4. 三个对象之间距离极端遥远，某个对象明显孤立，或者整个场景严重碎片化。
5. 对象像漂浮在不同区域，彼此几乎没有空间联系，整体场景严重不连贯。
6. 存在大量非常微弱、间断、犹豫、僵硬或严重潦草的线条。
7. 存在异常大面积涂黑、重度阴影或某个对象被明显过度强调。"
dataset/HTP/01/01/01_01_01_2372.jpg,01,01,01,0.015906393344589397,"【支持正常的证据】
1. 房屋、树木、人物三个核心对象均能够清楚识别，并且基本完整。
2. 三个对象在画面中的大小适中，没有全部挤在极小区域，也没有明显超出或压迫整个画面。
3. 房、树、人之间保持自然、合理的空间距离，没有明显孤立或被大片空白强行分隔。
4. 三个对象能够形成基本连贯的场景，例如共享地面、方向一致、空间位置合理，整体看起来属于同一个环境。
5. 整体构图稳定，没有明显失衡、极端偏向某个角落或严重碎片化。
6. 线条总体连续、自然、力度相对稳定，没有大量异常断裂、极端微弱或杂乱涂画。
7. 画面具有适量细节。可以简单，但主要对象的基本结构能够表达清楚。
8. 房屋、树木、人物的比例大致协调，没有极端小型化或比例失调。
9. 房屋、树木和人物之间的关系自然，没有极端隔离或空间关系异常。
10. 线条自然、连续，没有异常大面积涂黑。

【支持异常的证据】
1. 无明显异常特征。"
dataset/HTP/01/01/01_01_01_2383.jpg,01,01,01,0.08509904732734556,"【支持正常的证据】
1. 房屋、树木、人物三个核心对象均能够清楚识别，并且基本完整。
2. 三个对象在画面中的大小适中，没有全部挤在极小区域，也没有明显超出或压迫整个画面。
3. 房、树、人之间保持自然、合理的空间距离，没有明显孤立或被大片空白强行分隔。
4. 三个对象能够形成基本连贯的场景，例如共享地面、方向一致、空间位置合理，整体看起来属于同一个环境，而不是三个互不相关的符号。
5. 整体构图稳定，没有明显失衡、极端偏向某个角落或严重碎片化。
6. 线条总体连续、自然、力度相对稳定，没有大量异常断裂、极端微弱或杂乱涂画。
7. 画面具有适量细节。可以简单，但主要对象的基本结构能够表达清楚。
8. 如果存在草地、道路、太阳、云、花、地面等环境元素，并且与主体自然结合，可以作为场景完整和组织良好的积极证据。
9. 没有大面积、无明显绘画目的的异常涂黑、重阴影或局部反复强调。

【支持异常的证据】
1. 房屋、树木、人物中的一个或多个核心对象完全缺失，且无法由裁剪、遮挡或画法解释。
2. 整幅画极度简化，只剩极少线条，大量重要结构同时消失，整体信息量异常低。
3. 房、树、人整体只占巨大画布中极小区域，周围存在大量空白。
4. 三个对象之间距离极端遥远，某个对象明显孤立，或者整个场景严重碎片化。
5. 对象像漂浮在不同区域，彼此几乎没有空间联系，整体场景严重不连贯。
6. 存在大量非常微弱、间断、犹豫、僵硬或严重潦草的线条。
7. 存在异常大面积涂黑、重度阴影或某个对象被明显过度强调。"
dataset/HTP/01/01/01_01_01_2394.jpg,01,01,01,0.010986941578116865,"【支持正常的证据】
1. 房屋、树木、人物三个核心对象均能够清楚识别，并且基本完整。
2. 三个对象在画面中的大小适中，没有全部挤在极小区域，也没有明显超出或压迫整个画面。
3. 房、树、人之间保持自然、合理的空间距离，没有明显孤立或被大片空白强行分隔。
4. 三个对象能够形成基本连贯的场景，例如共享地面、方向一致、空间位置合理，整体看起来属于同一个环境。
5. 整体构图稳定，没有明显失衡、极端偏向某个角落或严重碎片化。
6. 线条总体连续、自然、力度相对稳定，没有大量异常断裂、极端微弱或杂乱涂画。
7. 画面具有适量细节。可以简单，但主要对象的基本结构能够表达清楚。
8. 房屋、树木、人物的比例大致协调，没有极端小型化或比例失调。
9. 房屋结构稳定，屋顶、烟囱、门窗等细节自然、适量并与房屋结构协调。
10. 树木结构自然，没有明显截断或畸形。
11. 人物身体主要结构完整，比例不存在严重失调。
12. 整体构图稳定且场景连贯，没有明显异常的大面积涂黑。
13. 人物位于房屋和树木形成的环境中，没有极端隔离。
14. 线条自然、连续，没有异常大面积涂黑。
15. 画面存在多个相互独立的正常积极特征。

【支持异常的证据】
1. 无。"
dataset/HTP/01/01/01_01_01_2404.jpg,01,01,01,0.10669058897496679,"【支持正常的证据】
1. 房屋、树木、人物三个核心对象均能够清楚识别，并且基本完整。
2. 三个对象在画面中的大小适中，没有全部挤在极小区域，也没有明显超出或压迫整个画面。
3. 房、树、人之间保持自然、合理的空间距离，没有明显孤立或被大片空白强行分隔。
4. 三个对象能够形成基本连贯的场景，例如共享地面、方向一致、空间位置合理，整体看起来属于同一个环境，而不是三个互不相关的符号。
5. 整体构图稳定，没有明显失衡、极端偏向某个角落或严重碎片化。
6. 线条总体连续、自然、力度相对稳定，没有大量异常断裂、极端微弱或杂乱涂画。
7. 画面具有适量细节。可以简单，但主要对象的基本结构能够表达清楚。
8. 房屋、树木、人物之间保持自然的距离，没有极端隔离。
9. 整体构图协调，没有明显选择性结构缺失。
10. 人物身体主要结构完整，比例大致合理。

【支持异常的证据】
1. 人物缺少脸部，仅画了头发和身体轮廓。
2. 树木的树冠部分有明显的夸张和不自然的弯曲。
3. 房屋结构较为简单，但没有画出窗户。
4. 人物和树木的比例有些不协调，人物显得较小。
5. 整体画面的细节较少，缺乏背景装饰和环境元素。"
dataset/HTP/01/01/01_01_01_2414.jpg,01,01,01,0.13296423160844623,"【支持正常的证据】
1. 房屋、树木、人物三个核心对象均能够清楚识别，并且基本完整。
2. 三个对象在画面中的大小适中，没有全部挤在极小区域，也没有明显超出或压迫整个画面。
3. 房、树、人之间保持自然、合理的空间距离，没有明显孤立或被大片空白强行分隔。
4. 三个对象能够形成基本连贯的场景，例如共享地面、方向一致、空间位置合理，整体看起来属于同一个环境，而不是三个互不相关的符号。
5. 整体构图稳定，没有明显失衡、极端偏向某个角落或严重碎片化。
6. 线条总体连续、自然、力度相对稳定，没有大量异常断裂、极端微弱或杂乱涂画。
7. 画面具有适量细节。可以简单，但主要对象的基本结构能够表达清楚。
8. 房屋、树木、人物的比例大致协调，没有极端小型化或比例失调。
9. 整体场景连贯，没有明显选择性结构缺失。
10. 线条自然、连续，没有异常大面积涂黑。

【支持异常的证据】
1. 人物明显没有完成，例如主要身体区域完全缺失、头部缺失、躯干缺失、多个必要身体部分缺失，或者身体不同部分明显断开。
2. 房屋、树木和人物分别孤立在互不相关的区域。
3. 三个对象的尺寸比例严重不协调。
4. 不同对象之间在空间上和语义上明显断开，无法组成基本连贯场景。"
dataset/HTP/01/01/01_01_01_2415.jpg,01,01,01,0.012431653620200803,"【支持正常的证据】
1. 房屋、树木、人物三个核心对象均能够清楚识别，并且基本完整。
2. 三个对象在画面中的大小适中，没有全部挤在极小区域，也没有明显超出或压迫整个画面。
3. 房、树、人之间保持自然、合理的空间距离，没有明显孤立或被大片空白强行分隔。
4. 三个对象能够形成基本连贯的场景，例如共享地面、方向一致、空间位置合理，整体看起来属于同一个环境，而不是三个互不相关的符号。
5. 整体构图稳定，没有明显失衡、极端偏向某个角落或严重碎片化。
6. 线条总体连续、自然、力度相对稳定，没有大量异常断裂、极端微弱或杂乱涂画。
7. 画面具有适量细节。可以简单，但主要对象的基本结构能够表达清楚。
8. 房屋、树木、人物之间保持自然的距离，没有极端隔离。
9. 整体构图协调，没有明显选择性结构缺失。
10. 线条自然、连续，没有异常大面积涂黑。

【支持异常的证据】
1. 无明显异常特征。"
dataset/HTP/01/01/01_01_01_2425.jpg,01,01,01,0.14804719991116141,"【支持正常的证据】
1. 房屋、树木、人物三个核心对象均能够清楚识别，并且基本完整。
2. 三个对象在画面中的大小适中，没有全部挤在极小区域，也没有明显超出或压迫整个画面。
3. 房、树、人之间保持自然、合理的空间距离，没有明显孤立或被大片空白强行分隔。
4. 三个对象能够形成基本连贯的场景，例如共享地面、方向一致、空间位置合理，整体看起来属于同一个环境，而不是三个互不相关的符号。
5. 整体构图稳定，没有明显失衡、极端偏向某个角落或严重碎片化。
6. 线条总体连续、自然、力度相对稳定，没有大量异常断裂、极端微弱或杂乱涂画。
7. 画面具有适量细节。可以简单，但主要对象的基本结构能够表达清楚。
8. 房屋、树木、人物的比例大致协调，没有极端小型化或比例失调。
9. 整体构图稳定且场景连贯，没有明显选择性结构缺失。
10. 线条自然、连续，没有异常大面积涂黑。

【支持异常的证据】
1. 人物明显没有完成，例如主要身体区域完全缺失、头部缺失、躯干缺失、多个必要身体部分缺失，或者身体不同部分明显断开。
2. 房屋、树木和人物分别孤立在互不相关的区域。
3. 三个对象的尺寸比例严重不协调。
4. 不同对象之间在空间上和语义上明显断开，无法组成基本连贯场景。"
dataset/HTP/01/01/01_01_01_2434.jpg,01,01,01,0.20181322466072713,"【支持正常的证据】
1. 房屋、树木、人物三个核心对象均能够清楚识别，并且基本完整。
2. 三个对象在画面中的大小适中，没有全部挤在极小区域，也没有明显超出或压迫整个画面。
3. 房、树、人之间保持自然、合理的空间距离，没有明显孤立或被大片空白强行分隔。
4. 三个对象能够形成基本连贯的场景，例如共享地面、方向一致、空间位置合理，整体看起来属于同一个环境，而不是三个互不相关的符号。
5. 整体构图稳定，没有明显失衡、极端偏向某个角落或严重碎片化。
6. 线条总体连续、自然、力度相对稳定，没有大量异常断裂、极端微弱或杂乱涂画。
7. 画面具有适量细节。可以简单，但主要对象的基本结构能够表达清楚。
8. 房屋、树木、人物的比例大致协调，没有极端小型化或比例失调。
9. 房屋、树木和人物之间的关系自然，没有极端隔离或空间关系异常。
10. 线条自然、连续，没有异常大面积涂黑。

【支持异常的证据】
1. 人物缺少手臂，手臂被选择性省略。
2. 树木的树冠被异常压缩或严重扁平。
3. 房屋的屋顶与墙体之间存在明显不可能的连接关系，似乎没有合理解释。
4. 房屋的屋顶与墙体之间存在明显扭曲，表现出不稳定感。
5. 房屋的屋顶与墙体之间存在明显断裂，表现出结构畸形。
6. 房屋的屋顶与墙体之间存在明显不可能的连接关系，表现出结构怪异。
7. 房屋的屋顶与墙体之间存在明显扭曲，表现出不稳定感。
8. 房屋的屋顶与墙体之间存在明显断裂，表现出结构畸形。
9. 房屋的屋顶与墙体之间存在明显不可能的连接关系，表现出结构怪异。"
dataset/HTP/01/01/01_01_01_2444.jpg,01,01,01,0.012431653620200803,"【支持正常的证据】
1. 房屋、树木、人物三个核心对象均能够清楚识别，并且基本完整。
2. 三个对象在画面中的大小适中，没有全部挤在极小区域，也没有明显超出或压迫整个画面。
3. 房、树、人之间保持自然、合理的空间距离，没有明显孤立或被大片空白强行分隔。
4. 三个对象能够形成基本连贯的场景，例如共享地面、方向一致、空间位置合理，整体看起来属于同一个环境，而不是三个互不相关的符号。
5. 整体构图稳定，没有明显失衡、极端偏向某个角落或严重碎片化。
6. 线条总体连续、自然、力度相对稳定，没有大量异常断裂、极端微弱或杂乱涂画。
7. 画面具有适量细节。可以简单，但主要对象的基本结构能够表达清楚。
8. 房屋、树木、人物的比例大致协调，没有极端小型化或比例失调。
9. 房屋、树木和人物之间的关系自然，没有极端隔离或空间关系异常。
10. 线条自然、连续，没有异常大面积涂黑。

【支持异常的证据】
1. 无。"
dataset/HTP/01/01/01_01_01_2461.jpg,01,01,01,0.07585817323116976,"【支持正常的证据】
1. 房屋、树木、人物三个核心对象均能够清楚识别，并且基本完整。
2. 三个对象在画面中的大小适中，没有全部挤在极小区域，也没有明显超出或压迫整个画面。
3. 房、树、人之间保持自然、合理的空间距离，没有明显孤立或被大片空白强行分隔。
4. 三个对象能够形成基本连贯的场景，例如共享地面、方向一致、空间位置合理，整体看起来属于同一个环境，而不是三个互不相关的符号。
5. 整体构图稳定，没有明显失衡、极端偏向某个角落或严重碎片化。
6. 线条总体连续、自然、力度相对稳定，没有大量异常断裂、极端微弱或杂乱涂画。
7. 画面具有适量细节。可以简单，但主要对象的基本结构能够表达清楚。
8. 没有大面积、无明显绘画目的的异常涂黑、重阴影或局部反复强调。

【支持异常的证据】
1. 房屋、树木、人物中的一个或多个核心对象完全缺失，且无法由裁剪、遮挡或画法解释。
2. 整幅画极度简化，只剩极少线条，大量重要结构同时消失，整体信息量异常低。
3. 房、树、人整体只占巨大画布中极小区域，周围存在大量空白。
4. 三个对象之间距离极端遥远，某个对象明显孤立，或者整个场景严重碎片化。
5. 对象像漂浮在不同区域，彼此几乎没有空间联系，整体场景严重不连贯。
6. 存在大量非常微弱、间断、犹豫、僵硬或严重潦草的线条。
7. 存在异常大面积涂黑、重度阴影或某个对象被明显过度强调。"
dataset/HTP/01/01/01_01_01_2472.jpg,01,01,01,0.09534946232842245,"【支持正常的证据】
1. 房屋、树木、人物三个核心对象均能够清楚识别，并且基本完整。
2. 三个对象在画面中的大小适中，没有全部挤在极小区域，也没有明显超出或压迫整个画面。
3. 房、树、人之间保持自然、合理的空间距离，没有明显孤立或被大片空白强行分隔。
4. 三个对象能够形成基本连贯的场景，例如共享地面、方向一致、空间位置合理，整体看起来属于同一个环境，而不是三个互不相关的符号。
5. 整体构图稳定，没有明显失衡、极端偏向某个角落或严重碎片化。
6. 线条总体连续、自然、力度相对稳定，没有大量异常断裂、极端微弱或杂乱涂画。
7. 画面具有适量细节。可以简单，但主要对象的基本结构能够表达清楚。
8. 房屋、树木、人物之间保持自然的距离，没有极端隔离。
9. 整体构图协调，没有大面积异常涂黑或阴影。

【支持异常的证据】
1. 人物没有明显完成，例如主要身体区域完全缺失、头部缺失、躯干缺失、多个必要身体部分缺失，或者身体不同部分明显断开。
2. 房屋、树木和其他对象的比例和大小协调，没有极端小型化或不协调的情况。
3. 人物的身体结构存在明显缺失，如缺少手臂或腿部。
4. 房屋、树木和人物之间没有极端隔离，但人物的位置显得有些孤立。
5. 线条在某些地方显得有些犹豫或不自然，但整体上没有极端潦草或间断的现象。"
dataset/HTP/01/01/01_01_01_2491.jpg,01,01,01,0.18242551491653522,"【支持正常的证据】
1. 房屋、树木、人物三个核心对象均能够清楚识别，并且基本完整。
2. 三个对象在画面中的大小适中，没有全部挤在极小区域，也没有明显超出或压迫整个画面。
3. 房、树、人之间保持自然、合理的空间距离，没有明显孤立或被大片空白强行分隔。
4. 三个对象能够形成基本连贯的场景，例如共享地面、方向一致、空间位置合理，整体看起来属于同一个环境，而不是三个互不相关的符号。
5. 整体构图稳定，没有明显失衡、极端偏向某个角落或严重碎片化。
6. 线条总体连续、自然、力度相对稳定，没有大量异常断裂、极端微弱或杂乱涂画。
7. 画面具有适量细节。可以简单，但主要对象的基本结构能够表达清楚。
8. 房屋、树木、人物的比例大致协调，没有极端小型化或比例失调。
9. 整体场景连贯，没有明显选择性结构缺失。
10. 线条自然、连续，没有异常大面积涂黑。

【支持异常的证据】
1. 树木的树冠被异常压缩或严重扁平。
2. 人物的身体结构存在轻微比例失调，尤其是腿部显得较短。
3. 房屋的屋顶与墙体之间存在明显不自然的连接关系，似乎有断裂感。
4. 树木的树干和树冠之间连接不自然，比例不合理。
5. 房屋的屋顶形状不规则，缺乏典型的屋顶结构。
6. 人物的头部和眼睛位置偏高，比例失调。
7. 整体构图中存在一些不自然的空间隔离感，特别是人物与房屋、树木之间的距离感较远。"
dataset/HTP/01/01/01_01_01_2499.jpg,01,01,01,0.014063626423394072,"【支持正常的证据】
1. 房屋、树木、人物三个核心对象均能够清楚识别，并且基本完整。
2. 三个对象在画面中的大小适中，没有全部挤在极小区域，也没有明显超出或压迫整个画面。
3. 房、树、人之间保持自然、合理的空间距离，没有明显孤立或被大片空白强行分隔。
4. 三个对象能够形成基本连贯的场景，例如共享地面、方向一致、空间位置合理，整体看起来属于同一个环境，而不是三个互不相关的符号。
5. 整体构图稳定，没有明显失衡、极端偏向某个角落或严重碎片化。
6. 线条总体连续、自然、力度相对稳定，没有大量异常断裂、极端微弱或杂乱涂画。
7. 画面具有适量细节。可以简单，但主要对象的基本结构能够表达清楚。
8. 房屋、树木、人物的比例大致协调，没有极端小型化或比例失调。
9. 房屋、树木和人物之间的关系自然，没有极端隔离或空间关系异常。
10. 线条自然、连续，没有异常大面积涂黑。

【支持异常的证据】
1. 无。"
dataset/HTP/01/01/01_01_01_2508.jpg,01,01,01,0.13296423160844623,"【支持正常的证据】
1. 房屋、树木、人物三个核心对象均能够清楚识别，并且基本完整。
2. 三个对象在画面中的大小适中，没有全部挤在极小区域，也没有明显超出或压迫整个画面。
3. 房、树、人之间保持自然、合理的空间距离，没有明显孤立或被大片空白强行分隔。
4. 三个对象能够形成基本连贯的场景，例如共享地面、方向一致、空间位置合理，整体看起来属于同一个环境，而不是三个互不相关的符号。
5. 整体构图稳定，没有明显失衡、极端偏向某个角落或严重碎片化。
6. 线条总体连续、自然、力度相对稳定，没有大量异常断裂、极端微弱或杂乱涂画。
7. 画面具有适量细节。可以简单，但主要对象的基本结构能够表达清楚。
8. 没有大面积、无明显绘画目的的异常涂黑、重阴影或局部反复强调。

【支持异常的证据】
1. 树木相对于其他主体和画布极端微小。
2. 树木相对于其他主体和画布极端微小。
3. 树木相对于其他主体和画布极端微小。"
dataset/HTP/01/01/01_01_01_2509.jpg,01,01,01,0.014063626423394072,"【支持正常的证据】
1. 房屋、树木、人物三个核心对象均能够清楚识别，并且基本完整。
2. 三个对象在画面中的大小适中，没有全部挤在极小区域，也没有明显超出或压迫整个画面。
3. 房、树、人之间保持自然、合理的空间距离，没有明显孤立或被大片空白强行分隔。
4. 三个对象能够形成基本连贯的场景，例如共享地面、方向一致、空间位置合理，整体看起来属于同一个环境。
5. 整体构图稳定，没有明显失衡、极端偏向某个角落或严重碎片化。
6. 线条总体连续、自然、力度相对稳定，没有大量异常断裂、极端微弱或杂乱涂画。
7. 画面具有适量细节。可以简单，但主要对象的基本结构能够表达清楚。
8. 草地、道路、太阳、云、花、地面等环境元素与主体自然结合，可以作为场景完整和组织良好的积极证据。
9. 没有大面积、无明显绘画目的的异常涂黑、重阴影或局部反复强调。

【支持异常的证据】
1. 无明显异常特征。"
dataset/HTP/01/01/01_01_01_2517.jpg,01,01,01,0.009708474753363424,"【支持正常的证据】
1. 房屋、树木、人物三个核心对象均能够清楚识别，并且基本完整。
2. 三个对象在画面中的大小适中，没有全部挤在极小区域，也没有明显超出或压迫整个画面。
3. 房、树、人之间保持自然、合理的空间距离，没有明显孤立或被大片空白强行分隔。
4. 三个对象能够形成基本连贯的场景，例如共享地面、方向一致、空间位置合理，整体看起来属于同一个环境，而不是三个互不相关的符号。
5. 整体构图稳定，没有明显失衡、极端偏向某个角落或严重碎片化。
6. 线条总体连续、自然、力度相对稳定，没有大量异常断裂、极端微弱或杂乱涂画。
7. 画面具有适量细节。可以简单，但主要对象的基本结构能够表达清楚。
8. 房屋、树木、人物的比例大致协调，没有极端小型化或比例失调。
9. 房屋结构稳定，屋顶、烟囱、门窗等细节自然、适量并与房屋结构协调。
10. 树木结构自然，没有明显截断或畸形。
11. 人物身体主要结构完整，比例不存在严重失调。
12. 整体构图稳定且场景连贯，没有明显异常的大面积涂黑。
13. 线条自然、连续，没有异常大面积涂黑。
14. 人物没有明显选择性结构缺失。
15. 画面存在多个相互独立的正常积极特征。

【支持异常的证据】
1. 无明显异常特征。"
dataset/HTP/01/01/01_01_01_2524.jpg,01,01,01,0.01798621187025419,"【支持正常的证据】
1. 房屋、树木、人物三个核心对象均能够清楚识别，并且基本完整。
2. 三个对象在画面中的大小适中，没有全部挤在极小区域，也没有明显超出或压迫整个画面。
3. 房、树、人之间保持自然、合理的空间距离，没有明显孤立或被大片空白强行分隔。
4. 三个对象能够形成基本连贯的场景，例如共享地面、方向一致、空间位置合理，整体看起来属于同一个环境，而不是三个互不相关的符号。
5. 整体构图稳定，没有明显失衡、极端偏向某个角落或严重碎片化。
6. 线条总体连续、自然、力度相对稳定，没有大量异常断裂、极端微弱或杂乱涂画。
7. 画面具有适量细节。可以简单，但主要对象的基本结构能够表达清楚。
8. 房屋、树木、人物的比例大致协调，没有极端小型化或比例失调。
9. 房屋、树木和人物之间的关系自然，没有极端隔离或不连贯的空间关系。
10. 整体构图稳定，没有明显异常的大面积涂黑、极端小型化或异常隔离。

【支持异常的证据】
1. 人物的身体结构较为简单，但整体比例协调，没有明显选择性缺失或结构扭曲。
2. 房屋结构稳定，主要组成部分合理，没有明显倒塌、断裂或严重几何变形。
3. 树木结构自然，没有严重截断或畸形。
4. 人物的面部表情自然，没有明显悲伤、愤怒、痛苦、恐惧等强烈负面表情。
5. 房屋、树木和人物之间的关系自然，没有极端隔离或不连贯的空间关系。"
dataset/HTP/01/01/01_01_01_2541.jpg,01,01,01,0.012431653620200803,"【支持正常的证据】
1. 房屋、树木、人物三个核心对象均能够清楚识别，并且基本完整。
2. 三个对象在画面中的大小适中，没有全部挤在极小区域，也没有明显超出或压迫整个画面。
3. 房、树、人之间保持自然、合理的空间距离，没有明显孤立或被大片空白强行分隔。
4. 三个对象能够形成基本连贯的场景，例如共享地面、方向一致、空间位置合理，整体看起来属于同一个环境。
5. 整体构图稳定，没有明显失衡、极端偏向某个角落或严重碎片化。
6. 线条总体连续、自然、力度相对稳定，没有大量异常断裂、极端微弱或杂乱涂画。
7. 画面具有适量细节。可以简单，但主要对象的基本结构能够表达清楚。
8. 房屋、树木、人物的比例大致协调，没有极端小型化或比例失调。
9. 房屋、树木和人物之间的关系自然，没有极端隔离或空间关系异常。
10. 线条自然、连续，没有异常大面积涂黑。

【支持异常的证据】
1. 无。"
dataset/HTP/01/01/01_01_01_2550.jpg,01,01,01,0.010986941578116865,"【支持正常的证据】
1. 房屋、树木、人物三个核心对象均能够清楚识别，并且基本完整。
2. 三个对象在画面中的大小适中，没有全部挤在极小区域，也没有明显超出或压迫整个画面。
3. 房、树、人之间保持自然、合理的空间距离，没有明显孤立或被大片空白强行分隔。
4. 三个对象能够形成基本连贯的场景，例如共享地面、方向一致、空间位置合理，整体看起来属于同一个环境，而不是三个互不相关的符号。
5. 整体构图稳定，没有明显失衡、极端偏向某个角落或严重碎片化。
6. 线条总体连续、自然、力度相对稳定，没有大量异常断裂、极端微弱或杂乱涂画。
7. 画面具有适量细节。可以简单，但主要对象的基本结构能够表达清楚。
8. 房屋、树木、人物的比例大致协调，没有极端小型化或比例失调。
9. 房屋结构稳定，屋顶、烟囱、门窗等细节适量并与房屋结构协调。
10. 树木结构自然，没有明显截断或畸形。
11. 人物身体主要结构完整，比例不存在严重失调。
12. 整体构图稳定且场景连贯，没有明显异常的大面积涂黑。
13. 线条自然、连续，没有异常大面积涂黑。
14. 人物和房屋、树木之间保持自然距离，没有极端隔离。
15. 人物能够自然地处于房屋和树木形成的环境中，而不是完全脱离其他对象。

【支持异常的证据】
1. 无明显异常特征。"
dataset/HTP/01/01/01_01_01_2560.jpg,01,01,01,0.060086650384398026,"【支持正常的证据】
1. 房屋、树木、人物三个核心对象均能够清楚识别，并且基本完整。
2. 三个对象在画面中的大小适中，没有全部挤在极小区域，也没有明显超出或压迫整个画面。
3. 房、树、人之间保持自然、合理的空间距离，没有明显孤立或被大片空白强行分隔。
4. 三个对象能够形成基本连贯的场景，例如共享地面、方向一致、空间位置合理，整体看起来属于同一个环境。
5. 整体构图稳定，没有明显失衡、极端偏向某个角落或严重碎片化。
6. 线条总体连续、自然、力度相对稳定，没有大量异常断裂、极端微弱或杂乱涂画。
7. 画面具有适量细节。可以简单，但主要对象的基本结构能够表达清楚。
8. 房屋、树木、人物的比例大致协调，没有极端小型化或比例失调。
9. 整体场景连贯，没有明显选择性结构缺失。
10. 线条自然、连续，没有异常大面积涂黑。

【支持异常的证据】
1. 房屋、树木、人物中的一个或多个核心对象完全缺失，且无法由裁剪、遮挡或画法解释。
2. 整幅画极度简化，只剩极少线条，大量重要结构同时消失，整体信息量异常低。
3. 房、树、人整体只占巨大画布中极小区域，周围存在大量空白。
4. 三个对象之间距离极端遥远，某个对象明显孤立，或者整个场景严重碎片化。
5. 存在大量非常微弱、间断、犹豫、僵硬或严重潦草的线条。
6. 存在异常大面积涂黑、重度阴影或某个对象被明显过度强调。"
dataset/HTP/01/01/01_01_01_2570.jpg,01,01,01,0.053403324903538434,"【支持正常的证据】
1. 房屋、树木、人物三个核心对象均能够清楚识别，并且基本完整。
2. 三个对象在画面中的大小适中，没有全部挤在极小区域，也没有明显超出或压迫整个画面。
3. 房、树、人之间保持自然、合理的空间距离，没有明显孤立或被大片空白强行分隔。
4. 三个对象能够形成基本连贯的场景，例如共享地面、方向一致、空间位置合理，整体看起来属于同一个环境。
5. 整体构图稳定，没有明显失衡、极端偏向某个角落或严重碎片化。
6. 线条总体连续、自然、力度相对稳定，没有大量异常断裂、极端微弱或杂乱涂画。
7. 画面具有适量细节。可以简单，但主要对象的基本结构能够表达清楚。
8. 房屋、树木、人物的比例大致协调，没有极端小型化或比例失调。
9. 整体场景连贯，没有明显选择性结构缺失。
10. 线条自然、连续，没有异常大面积涂黑。

【支持异常的证据】
1. 人物缺少手臂，手臂被选择性省略。
2. 房屋缺少窗户，窗户被选择性省略。
3. 树木缺少叶子，可能是由于绘画风格或季节性因素导致。
4. 房屋和树木的结构较为简单，但没有明显的夸张或怪异变形。
5. 人物的身体结构较为简单，但没有明显的异常扭曲或断裂。
6. 整体构图虽然连贯，但人物与房屋、树木之间的距离略显遥远，可能显得有些孤立。"
dataset/HTP/01/01/01_01_01_2580.jpg,01,01,01,0.03732688948593843,"【支持正常的证据】
1. 房屋、树木、人物三个核心对象均能够清楚识别，并且基本完整。
2. 三个对象在画面中的大小适中，没有全部挤在极小区域，也没有明显超出或压迫整个画面。
3. 房、树、人之间保持自然、合理的空间距离，没有明显孤立或被大片空白强行分隔。
4. 三个对象能够形成基本连贯的场景，例如共享地面、方向一致、空间位置合理，整体看起来属于同一个环境，而不是三个互不相关的符号。
5. 整体构图稳定，没有明显失衡、极端偏向某个角落或严重碎片化。
6. 线条总体连续、自然、力度相对稳定，没有大量异常断裂、极端微弱或杂乱涂画。
7. 画面具有适量细节。可以简单，但主要对象的基本结构能够表达清楚。
8. 没有大面积、无明显绘画目的的异常涂黑、重阴影或局部反复强调。

【支持异常的证据】
1. 人物缺少手臂，但整体结构仍然清晰。
2. 树木缺少叶子，但整体结构仍然清晰。
3. 房屋缺少窗户，但整体结构仍然清晰。"
dataset/HTP/01/01/01_01_01_2591.jpg,01,01,01,0.009708474753363424,"【支持正常的证据】
1. 房屋、树木、人物三个核心对象均能够清楚识别，并且基本完整。
2. 三个对象在画面中的大小适中，没有全部挤在极小区域，也没有明显超出或压迫整个画面。
3. 房、树、人之间保持自然、合理的空间距离，没有明显孤立或被大片空白强行分隔。
4. 三个对象能够形成基本连贯的场景，例如共享地面、方向一致、空间位置合理，整体看起来属于同一个环境，而不是三个互不相关的符号。
5. 整体构图稳定，没有明显失衡、极端偏向某个角落或严重碎片化。
6. 线条总体连续、自然、力度相对稳定，没有大量异常断裂、极端微弱或杂乱涂画。
7. 画面具有适量细节。可以简单，但主要对象的基本结构能够表达清楚。
8. 房屋、树木、人物的比例大致协调，没有极端小型化或比例失调。
9. 房屋、树木和人物之间的相对大小基本合理，没有非常极端的尺寸差异。
10. 人物身体主要结构完整，比例不存在严重失调。
11. 整体构图稳定且场景连贯，没有明显异常的大面积涂黑。
12. 人物没有明显选择性结构缺失，四肢和头部等主要部位存在。
13. 房屋结构稳定，主要组成部分合理，没有明显倒塌、断裂或严重几何变形。
14. 树木结构自然，没有严重截断或畸形。
15. 画面存在多个相互独立的正常积极特征。

【支持异常的证据】
1. 无。"
dataset/HTP/01/01/01_01_01_2599.jpg,01,01,01,0.06754668832401889,"【支持正常的证据】
1. 房屋、树木、人物三个核心对象均能够清楚识别，并且基本完整。
2. 三个对象在画面中的大小适中，没有全部挤在极小区域，也没有明显超出或压迫整个画面。
3. 房、树、人之间保持自然、合理的空间距离，没有明显孤立或被大片空白强行分隔。
4. 三个对象能够形成基本连贯的场景，例如共享地面、方向一致、空间位置合理，整体看起来属于同一个环境，而不是三个互不相关的符号。
5. 整体构图稳定，没有明显失衡、极端偏向某个角落或严重碎片化。
6. 线条总体连续、自然、力度相对稳定，没有大量异常断裂、极端微弱或杂乱涂画。
7. 画面具有适量细节。可以简单，但主要对象的基本结构能够表达清楚。
8. 如果存在草地、道路、太阳、云、花、地面等环境元素，并且与主体自然结合，可以作为场景完整和组织良好的积极证据。
9. 没有大面积、无明显绘画目的的异常涂黑、重阴影或局部反复强调。

【支持异常的证据】
1. 房屋、树木、人物中的一个或多个核心对象完全缺失，且无法由裁剪、遮挡或画法解释。
2. 整幅画极度简化，只剩极少线条，大量重要结构同时消失，整体信息量异常低。
3. 房、树、人整体只占巨大画布中极小区域，周围存在大量空白。
4. 三个对象之间距离极端遥远，某个对象明显孤立，或者整个场景严重碎片化。
5. 对象像漂浮在不同区域，彼此几乎没有空间联系，整体场景严重不连贯。
6. 存在大量非常微弱、间断、犹豫、僵硬或严重潦草的线条。
7. 存在异常大面积涂黑、重度阴影或某个对象被明显过度强调。"
dataset/HTP/01/01/01_01_01_2607.jpg,01,01,01,0.09534946232842245,"【支持正常的证据】
1. 房屋、树木、人物三个核心对象均能够清楚识别，并且基本完整。
2. 三个对象在画面中的大小适中，没有全部挤在极小区域，也没有明显超出或压迫整个画面。
3. 房、树、人之间保持自然、合理的空间距离，没有明显孤立或被大片空白强行分隔。
4. 三个对象能够形成基本连贯的场景，例如共享地面、方向一致、空间位置合理，整体看起来属于同一个环境，而不是三个互不相关的符号。
5. 整体构图稳定，没有明显失衡、极端偏向某个角落或严重碎片化。
6. 线条总体连续、自然、力度相对稳定，没有大量异常断裂、极端微弱或杂乱涂画。
7. 画面具有适量细节。可以简单，但主要对象的基本结构能够表达清楚。
8. 没有大面积、无明显绘画目的的异常涂黑、重阴影或局部反复强调。

【支持异常的证据】
1. 房屋、树木、人物中的一个或多个核心对象完全缺失，且无法由裁剪、遮挡或画法解释。
2. 整幅画极度简化，只剩极少线条，大量重要结构同时消失，整体信息量异常低。
3. 房、树、人整体只占巨大画布中极小区域，周围存在大量空白。
4. 三个对象之间距离极端遥远，某个对象明显孤立，或者整个场景严重碎片化。
5. 对象像漂浮在不同区域，彼此几乎没有空间联系，整体场景严重不连贯。
6. 存在大量非常微弱、间断、犹豫、僵硬或严重潦草的线条。
7. 存在异常大面积涂黑、重度阴影或某个对象被明显过度强调。"
dataset/HTP/01/01/01_01_01_2616.jpg,01,01,01,0.01798621187025419,"【支持正常的证据】
1. 房屋、树木、人物三个核心对象均能够清楚识别，并且基本完整。
2. 三个对象在画面中的大小适中，没有全部挤在极小区域，也没有明显超出或压迫整个画面。
3. 房、树、人之间保持自然、合理的空间距离，没有明显孤立或被大片空白强行分隔。
4. 三个对象能够形成基本连贯的场景，例如共享地面、方向一致、空间位置合理，整体看起来属于同一个环境。
5. 整体构图稳定，没有明显失衡、极端偏向某个角落或严重碎片化。
6. 线条总体连续、自然、力度相对稳定，没有大量异常断裂、极端微弱或杂乱涂画。
7. 画面具有适量细节。可以简单，但主要对象的基本结构能够表达清楚。
8. 房屋、树木、人物之间保持自然的距离，没有极端隔离。
9. 整体构图协调，没有明显选择性结构缺失。
10. 线条自然、连续，没有异常大面积涂黑。

【支持异常的证据】
1. 无明显异常特征。"
dataset/HTP/01/01/01_01_01_2632.jpg,01,01,01,0.04742587351415913,"【支持正常的证据】
1. 房屋、树木、人物三个核心对象均能够清楚识别，并且基本完整。
2. 三个对象在画面中的大小适中，没有全部挤在极小区域，也没有明显超出或压迫整个画面。
3. 房、树、人之间保持自然、合理的空间距离，没有明显孤立或被大片空白强行分隔。
4. 三个对象能够形成基本连贯的场景，例如共享地面、方向一致、空间位置合理，整体看起来属于同一个环境。
5. 整体构图稳定，没有明显失衡、极端偏向某个角落或严重碎片化。
6. 线条总体连续、自然、力度相对稳定，没有大量异常断裂、极端微弱或杂乱涂画。
7. 画面具有适量细节。可以简单，但主要对象的基本结构能够表达清楚。
8. 房屋、树木、人物的比例大致协调，没有极端小型化或比例失调。
9. 整体场景连贯，没有明显选择性结构缺失。
10. 线条自然、连续，没有异常大面积涂黑。

【支持异常的证据】
1. 人物头部、躯干、手臂和腿等主要身体结构基本完整，但存在一些细节不足，如眼睛、鼻子、嘴巴等面部特征未完全描绘。
2. 树木相对于其他主体和画布极端微小，但整体结构基本完整。
3. 房屋结构较为简单，但没有明显选择性缺失，整体比例协调。
4. 人物大小与房屋、树木和整个画布基本协调，没有极端小型化。
5. 房屋、树木和人物之间保持自然距离，没有极端隔离。
6. 整体构图稳定且场景连贯，没有明显选择性结构缺失。
7. 线条自然、连续，没有异常大面积涂黑。"
dataset/HTP/01/01/01_01_01_2642.jpg,01,01,01,0.053403324903538434,"【支持正常的证据】
1. 房屋、树木、人物三个核心对象均能够清楚识别，并且基本完整。
2. 三个对象在画面中的大小适中，没有全部挤在极小区域，也没有明显超出或压迫整个画面。
3. 房、树、人之间保持自然、合理的空间距离，没有明显孤立或被大片空白强行分隔。
4. 三个对象能够形成基本连贯的场景，例如共享地面、方向一致、空间位置合理，整体看起来属于同一个环境。
5. 整体构图稳定，没有明显失衡、极端偏向某个角落或严重碎片化。
6. 线条总体连续、自然、力度相对稳定，没有大量异常断裂、极端微弱或杂乱涂画。
7. 画面具有适量细节。可以简单，但主要对象的基本结构能够表达清楚。
8. 房屋、树木、人物的比例大致协调，没有极端小型化或比例失调。
9. 房屋、树木和人物之间的关系自然，没有极端隔离或空间关系异常。
10. 线条自然、连续，没有异常大面积涂黑。

【支持异常的证据】
1. 人物头部、躯干、手臂和腿等主要身体结构基本完整，但人物较小，比例显得有些不协调。
2. 树木相对于其他主体和画布极端微小，但整体结构基本完整。
3. 房屋结构较为详细，但比例显得有些不协调，与人物相比显得过大。
4. 房屋、树木和人物之间存在一些空间距离，但整体构图稳定，没有极端隔离或碎片化现象。
5. 线条自然、连续，但人物比例显得有些不协调，可能是由于绘画水平或年龄因素导致的。"
dataset/HTP/01/01/01_01_01_2652.jpg,01,01,01,0.022977372418942873,"【支持正常的证据】
1. 房屋、树木、人物三个核心对象均能够清楚识别，并且基本完整。
2. 三个对象在画面中的大小适中，没有全部挤在极小区域，也没有明显超出或压迫整个画面。
3. 房、树、人之间保持自然、合理的空间距离，没有明显孤立或被大片空白强行分隔。
4. 三个对象能够形成基本连贯的场景，例如共享地面、方向一致、空间位置合理，整体看起来属于同一个环境。
5. 整体构图稳定，没有明显失衡、极端偏向某个角落或严重碎片化。
6. 线条总体连续、自然、力度相对稳定，没有大量异常断裂、极端微弱或杂乱涂画。
7. 画面具有适量细节。可以简单，但主要对象的基本结构能够表达清楚。
8. 房屋、树木、人物的比例大致协调，没有极端小型化或比例失调。
9. 整体场景连贯，没有明显选择性结构缺失。
10. 线条自然、连续，没有异常大面积涂黑。

【支持异常的证据】
1. 树木的树干和树冠之间连接自然，比例基本合理。
2. 人物的身体主要结构完整，比例不存在严重失调。
3. 整体构图稳定且场景连贯，没有明显选择性结构缺失。
4. 线条自然、连续，没有异常大面积涂黑。"
dataset/HTP/01/01/01_01_01_2673.jpg,01,01,01,0.012431653620200803,"【支持正常的证据】
1. 房屋、树木、人物三个核心对象均能够清楚识别，并且基本完整。
2. 三个对象在画面中的大小适中，没有全部挤在极小区域，也没有明显超出或压迫整个画面。
3. 房、树、人之间保持自然、合理的空间距离，没有明显孤立或被大片空白强行分隔。
4. 三个对象能够形成基本连贯的场景，例如共享地面、方向一致、空间位置合理，整体看起来属于同一个环境，而不是三个互不相关的符号。
5. 整体构图稳定，没有明显失衡、极端偏向某个角落或严重碎片化。
6. 线条总体连续、自然、力度相对稳定，没有大量异常断裂、极端微弱或杂乱涂画。
7. 画面具有适量细节。可以简单，但主要对象的基本结构能够表达清楚。
8. 房屋、树木、人物的比例大致协调，没有极端小型化或比例失调。
9. 房屋、树木和人物之间的关系自然，没有极端隔离或不连贯的空间关系。
10. 线条自然、连续，没有异常大面积涂黑。

【支持异常的证据】
1. 无明显异常特征。"
dataset/HTP/01/01/01_01_01_2683.jpg,01,01,01,0.07585817323116976,"【支持正常的证据】
1. 房屋、树木、人物三个核心对象均能够清楚识别，并且基本完整。
2. 三个对象在画面中的大小适中，没有全部挤在极小区域，也没有明显超出或压迫整个画面。
3. 房、树、人之间保持自然、合理的空间距离，没有明显孤立或被大片空白强行分隔。
4. 三个对象能够形成基本连贯的场景，例如共享地面、方向一致、空间位置合理，整体看起来属于同一个环境，而不是三个互不相关的符号。
5. 整体构图稳定，没有明显失衡、极端偏向某个角落或严重碎片化。
6. 线条总体连续、自然、力度相对稳定，没有大量异常断裂、极端微弱或杂乱涂画。
7. 画面具有适量细节。可以简单，但主要对象的基本结构能够表达清楚。
8. 没有大面积、无明显绘画目的的异常涂黑、重阴影或局部反复强调。

【支持异常的证据】
1. 房屋、树木、人物中的一个或多个核心对象完全缺失，且无法由裁剪、遮挡或画法解释。
2. 整幅画极度简化，只剩极少线条，大量重要结构同时消失，整体信息量异常低。
3. 房、树、人整体只占巨大画布中极小区域，周围存在大量空白。
4. 三个对象之间距离极端遥远，某个对象明显孤立，或者整个场景严重碎片化。
5. 对象像漂浮在不同区域，彼此几乎没有空间联系，整体场景严重不连贯。
6. 存在大量非常微弱、间断、犹豫、僵硬或严重潦草的线条。
7. 存在异常大面积涂黑、重度阴影或某个对象被明显过度强调。"
dataset/HTP/01/01/01_01_01_2693.jpg,01,01,01,0.10669058897496679,"【支持正常的证据】
1. 房屋、树木、人物三个核心对象均能够清楚识别，并且基本完整。
2. 三个对象在画面中的大小适中，没有全部挤在极小区域，也没有明显超出或压迫整个画面。
3. 房、树、人之间保持自然、合理的空间距离，没有明显孤立或被大片空白强行分隔。
4. 三个对象能够形成基本连贯的场景，例如共享地面、方向一致、空间位置合理，整体看起来属于同一个环境，而不是三个互不相关的符号。
5. 整体构图稳定，没有明显失衡、极端偏向某个角落或严重碎片化。
6. 线条总体连续、自然、力度相对稳定，没有大量异常断裂、极端微弱或杂乱涂画。
7. 画面具有适量细节。可以简单，但主要对象的基本结构能够表达清楚。
8. 没有大面积、无明显绘画目的的异常涂黑、重阴影或局部反复强调。

【支持异常的证据】
1. 房屋、树木、人物中的一个或多个核心对象完全缺失，且无法由裁剪、遮挡或画法解释。
2. 整幅画极度简化，只剩极少线条，大量重要结构同时消失，整体信息量异常低。
3. 房、树、人整体只占巨大画布中极小区域，周围存在大量空白。
4. 三个对象之间距离极端遥远，某个对象明显孤立，或者整个场景严重碎片化。
5. 对象像漂浮在不同区域，彼此几乎没有空间联系，整体场景严重不连贯。
6. 存在大量非常微弱、间断、犹豫、僵硬或严重潦草的线条。
7. 存在异常大面积涂黑、重度阴影或某个对象被明显过度强调。"
dataset/HTP/01/01/01_01_01_2694.jpg,01,01,01,0.06754668832401889,"【支持正常的证据】
1. 房屋、树木、人物三个核心对象均能够清楚识别，并且基本完整。
2. 三个对象在画面中的大小适中，没有全部挤在极小区域，也没有明显超出或压迫整个画面。
3. 房、树、人之间保持自然、合理的空间距离，没有明显孤立或被大片空白强行分隔。
4. 三个对象能够形成基本连贯的场景，例如共享地面、方向一致、空间位置合理，整体看起来属于同一个环境，而不是三个互不相关的符号。
5. 整体构图稳定，没有明显失衡、极端偏向某个角落或严重碎片化。
6. 线条总体连续、自然、力度相对稳定，没有大量异常断裂、极端微弱或杂乱涂画。
7. 画面具有适量细节。可以简单，但主要对象的基本结构能够表达清楚。
8. 如果存在草地、道路、太阳、云、花、地面等环境元素，并且与主体自然结合，可以作为场景完整和组织良好的积极证据。
9. 没有大面积、无明显绘画目的的异常涂黑、重阴影或局部反复强调。

【支持异常的证据】
1. 房屋、树木、人物中的一个或多个核心对象完全缺失，且无法由裁剪、遮挡或画法解释。
2. 整幅画极度简化，只剩极少线条，大量重要结构同时消失，整体信息量异常低。
3. 房、树、人整体只占巨大画布中极小区域，周围存在大量空白。
4. 三个对象之间距离极端遥远，某个对象明显孤立，或者整个场景严重碎片化。
5. 对象像漂浮在不同区域，彼此几乎没有空间联系，整体场景严重不连贯。
6. 存在大量非常微弱、间断、犹豫、僵硬或严重潦草的线条。
7. 存在异常大面积涂黑、重度阴影或某个对象被明显过度强调。"
dataset/HTP/01/01/01_01_01_2704.jpg,01,01,01,0.04208773121980142,"【支持正常的证据】
1. 房屋、树木、人物三个核心对象均能够清楚识别，并且基本完整。
2. 三个对象在画面中的大小适中，没有全部挤在极小区域，也没有明显超出或压迫整个画面。
3. 房、树、人之间保持自然、合理的空间距离，没有明显孤立或被大片空白强行分隔。
4. 三个对象能够形成基本连贯的场景，例如共享地面、方向一致、空间位置合理，整体看起来属于同一个环境。
5. 整体构图稳定，没有明显失衡、极端偏向某个角落或严重碎片化。
6. 线条总体连续、自然、力度相对稳定，没有大量异常断裂、极端微弱或杂乱涂画。
7. 画面具有适量细节。可以简单，但主要对象的基本结构能够表达清楚。
8. 房屋、树木、人物的比例大致协调，没有极端小型化或比例失调。
9. 房屋、树木和人物之间的关系自然，没有极端隔离或空间关系异常。
10. 线条自然、连续，没有异常大面积涂黑。

【支持异常的证据】
1. 人物缺少脸部和主要肢体，但整体结构仍然存在。
2. 树木的树冠和树干之间连接自然，比例基本合理。
3. 房屋的结构稳定，主要组成部分合理。
4. 画面中存在少量细节，如苹果和花朵，但整体构图协调。
5. 人物的身体主要结构完整，比例不存在严重失调。
6. 整体场景连贯，没有明显的选择性结构缺失。
7. 线条自然、连续，没有异常大面积涂黑。"
dataset/HTP/01/01/01_01_01_2711.jpg,01,01,01,0.015906393344589397,"【支持正常的证据】
1. 房屋、树木、人物三个核心对象均能够清楚识别，并且基本完整。
2. 三个对象在画面中的大小适中，没有全部挤在极小区域，也没有明显超出或压迫整个画面。
3. 房、树、人之间保持自然、合理的空间距离，没有明显孤立或被大片空白强行分隔。
4. 三个对象能够形成基本连贯的场景，例如共享地面、方向一致、空间位置合理，整体看起来属于同一个环境，而不是三个互不相关的符号。
5. 整体构图稳定，没有明显失衡、极端偏向某个角落或严重碎片化。
6. 线条总体连续、自然、力度相对稳定，没有大量异常断裂、极端微弱或杂乱涂画。
7. 画面具有适量细节。可以简单，但主要对象的基本结构能够表达清楚。
8. 房屋、树木、人物的比例大致协调，没有极端小型化或比例失调。
9. 房屋、树木和人物之间的关系自然，没有极端隔离或不连贯的空间关系。
10. 线条自然、连续，没有异常大面积涂黑。

【支持异常的证据】
1. 无明显异常特征。"
dataset/HTP/01/01/01_01_01_2720.jpg,01,01,01,0.014063626423394072,"【支持正常的证据】
1. 房屋、树木、人物三个核心对象均能够清楚识别，并且基本完整。
2. 三个对象在画面中的大小适中，没有全部挤在极小区域，也没有明显超出或压迫整个画面。
3. 房、树、人之间保持自然、合理的空间距离，没有明显孤立或被大片空白强行分隔。
4. 三个对象能够形成基本连贯的场景，例如共享地面、方向一致、空间位置合理，整体看起来属于同一个环境，而不是三个互不相关的符号。
5. 整体构图稳定，没有明显失衡、极端偏向某个角落或严重碎片化。
6. 线条总体连续、自然、力度相对稳定，没有大量异常断裂、极端微弱或杂乱涂画。
7. 画面具有适量细节。可以简单，但主要对象的基本结构能够表达清楚。
8. 房屋、树木、人物的比例大致协调，没有极端小型化或比例失调。
9. 整体场景连贯，没有明显选择性结构缺失。
10. 线条自然、连续，没有异常大面积涂黑。

【支持异常的证据】
1. 无明显异常特征。"
dataset/HTP/01/01/01_01_01_2735.jpg,01,01,01,0.01798621187025419,"【支持正常的证据】
1. 房屋、树木、人物三个核心对象均能够清楚识别，并且基本完整。
2. 三个对象在画面中的大小适中，没有全部挤在极小区域，也没有明显超出或压迫整个画面。
3. 房、树、人之间保持自然、合理的空间距离，没有明显孤立或被大片空白强行分隔。
4. 三个对象能够形成基本连贯的场景，例如共享地面、方向一致、空间位置合理，整体看起来属于同一个环境，而不是三个互不相关的符号。
5. 整体构图稳定，没有明显失衡、极端偏向某个角落或严重碎片化。
6. 线条总体连续、自然、力度相对稳定，没有大量异常断裂、极端微弱或杂乱涂画。
7. 画面具有适量细节。可以简单，但主要对象的基本结构能够表达清楚。
8. 房屋、树木、人物的比例大致协调，没有极端小型化或比例失调。
9. 房屋、树木和人物之间的关系自然，没有极端隔离或不连贯的空间关系。
10. 整体构图稳定且场景连贯，没有大面积异常涂黑或阴影。

【支持异常的证据】
1. 人物的身体结构较为简单，但整体比例协调，没有明显选择性缺失或结构扭曲。
2. 房屋和树木的结构自然，没有明显选择性缺失或极端扭曲。
3. 画面中存在一些细节，如小鸟、鱼、书本等，但这些细节与主要对象的关系自然，没有造成整体构图的严重碎片化。
4. 人物的表情中性，没有明显的情绪表现，符合普通儿童画的特点。
5. 画面中没有大面积涂黑或阴影，整体色调均匀。"
dataset/HTP/01/01/01_01_01_2751.jpg,01,01,01,0.13296423160844623,"【支持正常的证据】
1. 房屋、树木、人物三个核心对象均能够清楚识别，并且基本完整。
2. 三个对象在画面中的大小适中，没有全部挤在极小区域，也没有明显超出或压迫整个画面。
3. 房、树、人之间保持自然、合理的空间距离，没有明显孤立或被大片空白强行分隔。
4. 三个对象能够形成基本连贯的场景，例如共享地面、方向一致、空间位置合理，整体看起来属于同一个环境，而不是三个互不相关的符号。
5. 整体构图稳定，没有明显失衡、极端偏向某个角落或严重碎片化。
6. 线条总体连续、自然、力度相对稳定，没有大量异常断裂、极端微弱或杂乱涂画。
7. 画面具有适量细节。可以简单，但主要对象的基本结构能够表达清楚。
8. 如果存在草地、道路、太阳、云、花、地面等环境元素，并且与主体自然结合，可以作为场景完整和组织良好的积极证据。
9. 没有大面积、无明显绘画目的的异常涂黑、重阴影或局部反复强调。

【支持异常的证据】
1. 树木的树冠被异常压缩或严重扁平。
2. 人物的身体结构存在轻微比例失调。
3. 树木的树干和树冠之间存在明显不可能的连接关系、严重扭曲或结构断裂。"
dataset/HTP/01/01/01_01_01_2759.jpg,01,01,01,0.08509904732734556,"【支持正常的证据】
1. 房屋、树木、人物三个核心对象均能够清楚识别，并且基本完整。
2. 三个对象在画面中的大小适中，没有全部挤在极小区域，也没有明显超出或压迫整个画面。
3. 房、树、人之间保持自然、合理的空间距离，没有明显孤立或被大片空白强行分隔。
4. 三个对象能够形成基本连贯的场景，例如共享地面、方向一致、空间位置合理，整体看起来属于同一个环境，而不是三个互不相关的符号。
5. 整体构图稳定，没有明显失衡、极端偏向某个角落或严重碎片化。
6. 线条总体连续、自然、力度相对稳定，没有大量异常断裂、极端微弱或杂乱涂画。
7. 画面具有适量细节。可以简单，但主要对象的基本结构能够表达清楚。
8. 房屋、树木、人物之间保持自然的距离，没有极端隔离。
9. 整体构图协调，没有大面积异常涂黑或阴影。

【支持异常的证据】
1. 房屋、树木、人物中的一个或多个核心对象完全缺失，且无法由裁剪、遮挡或画法解释。
2. 整幅画极度简化，只剩极少线条，大量重要结构同时消失，整体信息量异常低。
3. 房、树、人整体只占巨大画布中极小区域，周围存在大量空白。
4. 三个对象之间距离极端遥远，某个对象明显孤立，或者整个场景严重碎片化。
5. 存在大量非常微弱、间断、犹豫、僵硬或严重潦草的线条。
6. 存在异常大面积涂黑、重度阴影或某个对象被明显过度强调。"
dataset/HTP/01/01/01_01_01_2768.jpg,01,01,01,0.02033235323135295,"【支持正常的证据】
1. 房屋、树木、人物三个核心对象均能够清楚识别，并且基本完整。
2. 三个对象在画面中的大小适中，没有全部挤在极小区域，也没有明显超出或压迫整个画面。
3. 房、树、人之间保持自然、合理的空间距离，没有明显孤立或被大片空白强行分隔。
4. 三个对象能够形成基本连贯的场景，例如共享地面、方向一致、空间位置合理，整体看起来属于同一个环境，而不是三个互不相关的符号。
5. 整体构图稳定，没有明显失衡、极端偏向某个角落或严重碎片化。
6. 线条总体连续、自然、力度相对稳定，没有大量异常断裂、极端微弱或杂乱涂画。
7. 画面具有适量细节。可以简单，但主要对象的基本结构能够表达清楚。
8. 房屋、树木、人物的比例大致协调，没有极端小型化或比例失调。
9. 整体场景连贯，没有明显选择性结构缺失。
10. 线条自然、连续，没有异常大面积涂黑。

【支持异常的证据】
1. 树木的树干和树冠之间连接自然，比例基本合理。
2. 人物的身体主要结构完整，比例不存在严重失调。
3. 房屋的墙体和屋顶结构稳定，没有明显倒塌、断裂或严重几何变形。
4. 人物的四肢较为简单，但整体结构完整。
5. 房屋、树木和人物之间保持自然距离，没有极端隔离。
6. 整体构图稳定且场景连贯，没有明显选择性结构缺失。
7. 线条自然、连续，没有异常大面积涂黑。"
dataset/HTP/01/01/01_01_01_2777.jpg,01,01,01,0.09534946232842245,"【支持正常的证据】
1. 房屋、树木、人物三个核心对象均能够清楚识别，并且基本完整。
2. 三个对象在画面中的大小适中，没有全部挤在极小区域，也没有明显超出或压迫整个画面。
3. 房、树、人之间保持自然、合理的空间距离，没有明显孤立或被大片空白强行分隔。
4. 三个对象能够形成基本连贯的场景，例如共享地面、方向一致、空间位置合理，整体看起来属于同一个环境。
5. 整体构图稳定，没有明显失衡、极端偏向某个角落或严重碎片化。
6. 线条总体连续、自然、力度相对稳定，没有大量异常断裂、极端微弱或杂乱涂画。
7. 画面具有适量细节。可以简单，但主要对象的基本结构能够表达清楚。
8. 房屋、树木、人物的比例大致协调，没有极端小型化或比例失调。
9. 整体场景连贯，没有明显选择性结构缺失。
10. 线条自然、连续，没有异常大面积涂黑。

【支持异常的证据】
1. 房屋、树木、人物中的一个或多个核心对象完全缺失，且无法由裁剪、遮挡或画法解释。
2. 整幅画极度简化，只剩极少线条，大量重要结构同时消失，整体信息量异常低。
3. 房、树、人整体只占巨大画布中极小区域，周围存在大量空白。
4. 三个对象之间距离极端遥远，某个对象明显孤立，或者整个场景严重碎片化。
5. 存在大量非常微弱、间断、犹豫、僵硬或严重潦草的线条。
6. 存在异常大面积涂黑、重度阴影或某个对象被明显过度强调。"
dataset/HTP/01/01/01_01_01_2778.jpg,01,01,01,0.08509904732734556,"【支持正常的证据】
1. 房屋、树木、人物三个核心对象均能够清楚识别，并且基本完整。
2. 三个对象在画面中的大小适中，没有全部挤在极小区域，也没有明显超出或压迫整个画面。
3. 房、树、人之间保持自然、合理的空间距离，没有明显孤立或被大片空白强行分隔。
4. 三个对象能够形成基本连贯的场景，例如共享地面、方向一致、空间位置合理，整体看起来属于同一个环境，而不是三个互不相关的符号。
5. 整体构图稳定，没有明显失衡、极端偏向某个角落或严重碎片化。
6. 线条总体连续、自然、力度相对稳定，没有大量异常断裂、极端微弱或杂乱涂画。
7. 画面具有适量细节。可以简单，但主要对象的基本结构能够表达清楚。
8. 如果存在草地、道路、太阳、云、花、地面等环境元素，并且与主体自然结合，可以作为场景完整和组织良好的积极证据。
9. 没有大面积、无明显绘画目的的异常涂黑、重阴影或局部反复强调。

【支持异常的证据】
1. 房屋、树木、人物中的一个或多个核心对象完全缺失，且无法由裁剪、遮挡或画法解释。
2. 整幅画极度简化，只剩极少线条，大量重要结构同时消失，整体信息量异常低。
3. 房、树、人整体只占巨大画布中极小区域，周围存在大量空白。
4. 三个对象之间距离极端遥远，某个对象明显孤立，或者整个场景严重碎片化。
5. 对象像漂浮在不同区域，彼此几乎没有空间联系，整体场景严重不连贯。
6. 存在大量非常微弱、间断、犹豫、僵硬或严重潦草的线条。
7. 存在异常大面积涂黑、重度阴影或某个对象被明显过度强调。"
dataset/HTP/01/01/01_01_01_2789.jpg,01,01,01,0.01798621187025419,"【支持正常的证据】
1. 房屋、树木、人物三个核心对象均能够清楚识别，并且基本完整。
2. 三个对象在画面中的大小适中，没有全部挤在极小区域，也没有明显超出或压迫整个画面。
3. 房、树、人之间保持自然、合理的空间距离，没有明显孤立或被大片空白强行分隔。
4. 三个对象能够形成基本连贯的场景，例如共享地面、方向一致、空间位置合理，整体看起来属于同一个环境，而不是三个互不相关的符号。
5. 整体构图稳定，没有明显失衡、极端偏向某个角落或严重碎片化。
6. 线条总体连续、自然、力度相对稳定，没有大量异常断裂、极端微弱或杂乱涂画。
7. 画面具有适量细节。可以简单，但主要对象的基本结构能够表达清楚。
8. 房屋、树木、人物的比例大致协调，没有极端小型化或比例失调。
9. 房屋、树木和人物之间的关系自然，没有极端隔离或不连贯的空间关系。
10. 线条自然、连续，没有异常大面积涂黑。

【支持异常的证据】
1. 无明显异常特征。"
dataset/HTP/01/01/01_01_01_2790.jpg,01,01,01,0.11920291732853862,"【支持正常的证据】
1. 房屋、树木、人物三个核心对象均能够清楚识别，并且基本完整。
2. 三个对象在画面中的大小适中，没有全部挤在极小区域，也没有明显超出或压迫整个画面。
3. 房、树、人之间保持自然、合理的空间距离，没有明显孤立或被大片空白强行分隔。
4. 三个对象能够形成基本连贯的场景，例如共享地面、方向一致、空间位置合理，整体看起来属于同一个环境，而不是三个互不相关的符号。
5. 整体构图稳定，没有明显失衡、极端偏向某个角落或严重碎片化。
6. 线条总体连续、自然、力度相对稳定，没有大量异常断裂、极端微弱或杂乱涂画。
7. 画面具有适量细节。可以简单，但主要对象的基本结构能够表达清楚。
8. 没有大面积、无明显绘画目的的异常涂黑、重阴影或局部反复强调。

【支持异常的证据】
1. 树木的树冠被异常压缩或严重扁平。
2. 人物的身体结构存在轻微比例失调。
3. 房屋的屋顶与墙体之间存在明显不可能的连接关系，似乎有断裂感。"
dataset/HTP/01/01/01_01_01_2791.jpg,01,01,01,0.014063626423394072,"【支持正常的证据】
1. 房屋、树木、人物三个核心对象均能够清楚识别，并且基本完整。
2. 三个对象在画面中的大小适中，没有全部挤在极小区域，也没有明显超出或压迫整个画面。
3. 房、树、人之间保持自然、合理的空间距离，没有明显孤立或被大片空白强行分隔。
4. 三个对象能够形成基本连贯的场景，例如共享地面、方向一致、空间位置合理，整体看起来属于同一个环境，而不是三个互不相关的符号。
5. 整体构图稳定，没有明显失衡、极端偏向某个角落或严重碎片化。
6. 线条总体连续、自然、力度相对稳定，没有大量异常断裂、极端微弱或杂乱涂画。
7. 画面具有适量细节。可以简单，但主要对象的基本结构能够表达清楚。
8. 房屋、树木、人物之间保持自然的距离，没有极端隔离。
9. 整体构图协调，没有明显异常的大面积涂黑、极端小型化或异常隔离。
10. 人物身体主要结构完整，比例不存在严重失调。

【支持异常的证据】
1. 无明显异常特征。"
dataset/HTP/01/01/01_01_01_2792.jpg,01,01,01,0.09534946232842245,"【支持正常的证据】
1. 房屋、树木、人物三个核心对象均能够清楚识别，并且基本完整。
2. 三个对象在画面中的大小适中，没有全部挤在极小区域，也没有明显超出或压迫整个画面。
3. 房、树、人之间保持自然、合理的空间距离，没有明显孤立或被大片空白强行分隔。
4. 三个对象能够形成基本连贯的场景，例如共享地面、方向一致、空间位置合理，整体看起来属于同一个环境，而不是三个互不相关的符号。
5. 整体构图稳定，没有明显失衡、极端偏向某个角落或严重碎片化。
6. 线条总体连续、自然、力度相对稳定，没有大量异常断裂、极端微弱或杂乱涂画。
7. 画面具有适量细节。可以简单，但主要对象的基本结构能够表达清楚。
8. 没有大面积、无明显绘画目的的异常涂黑、重阴影或局部反复强调。

【支持异常的证据】
1. 房屋、树木、人物中的一个或多个核心对象完全缺失，且无法由裁剪、遮挡或画法解释。
2. 整幅画极度简化，只剩极少线条，大量重要结构同时消失，整体信息量异常低。
3. 房、树、人整体只占巨大画布中极小区域，周围存在大量空白。
4. 三个对象之间距离极端遥远，某个对象明显孤立，或者整个场景严重碎片化。
5. 对象像漂浮在不同区域，彼此几乎没有空间联系，整体场景严重不连贯。
6. 存在大量非常微弱、间断、犹豫、僵硬或严重潦草的线条。
7. 存在异常大面积涂黑、重度阴影或某个对象被明显过度强调。"
dataset/HTP/01/01/01_01_01_2793.jpg,01,01,01,0.11920291732853862,"【支持正常的证据】
1. 房屋、树木、人物三个核心对象均能够清楚识别，并且基本完整。
2. 三个对象在画面中的大小适中，没有全部挤在极小区域，也没有明显超出或压迫整个画面。
3. 房、树、人之间保持自然、合理的空间距离，没有明显孤立或被大片空白强行分隔。
4. 三个对象能够形成基本连贯的场景，例如共享地面、方向一致、空间位置合理，整体看起来属于同一个环境，而不是三个互不相关的符号。
5. 整体构图稳定，没有明显失衡、极端偏向某个角落或严重碎片化。
6. 线条总体连续、自然、力度相对稳定，没有大量异常断裂、极端微弱或杂乱涂画。
7. 画面具有适量细节。可以简单，但主要对象的基本结构能够表达清楚。
8. 房屋、树木、人物之间的关系自然，没有极端隔离或不连贯的场景。

【支持异常的证据】
1. 房屋、树木、人物中的一个或多个核心对象完全缺失，且无法由裁剪、遮挡或画法解释。
2. 整幅画极度简化，只剩极少线条，大量重要结构同时消失，整体信息量异常低。
3. 房、树、人整体只占巨大画布中极小区域，周围存在大量空白。
4. 三个对象之间距离极端遥远，某个对象明显孤立，或者整个场景严重碎片化。
5. 对象像漂浮在不同区域，彼此几乎没有空间联系，整体场景严重不连贯。
6. 存在大量非常微弱、间断、犹豫、僵硬或严重潦草的线条。
7. 存在异常大面积涂黑、重度阴影或某个对象被明显过度强调。"
dataset/HTP/01/01/01_01_01_2794.jpg,01,01,01,0.18242551491653522,"【支持正常的证据】
1. 房屋、树木、人物三个核心对象均能够清楚识别，并且基本完整。
2. 三个对象在画面中的大小适中，没有全部挤在极小区域，也没有明显超出或压迫整个画面。
3. 房、树、人之间保持自然、合理的空间距离，没有明显孤立或被大片空白强行分隔。
4. 三个对象能够形成基本连贯的场景，例如共享地面、方向一致、空间位置合理，整体看起来属于同一个环境。
5. 整体构图稳定，没有明显失衡、极端偏向某个角落或严重碎片化。
6. 线条总体连续、自然、力度相对稳定，没有大量异常断裂、极端微弱或杂乱涂画。
7. 画面具有适量细节。可以简单，但主要对象的基本结构能够表达清楚。
8. 房屋、树木、人物之间保持自然的距离，没有极端隔离。
9. 整体场景连贯，没有大面积、无明显绘画目的的异常涂黑、重阴影或局部反复强调。

【支持异常的证据】
1. 人物明显没有完成，例如主要身体区域完全缺失、头部缺失、躯干缺失、多个必要身体部分缺失，或者身体不同部分明显断开。"
dataset/HTP/01/01/01_01_01_2795.jpg,01,01,01,0.14804719991116141,"【支持正常的证据】
1. 房屋、树木、人物三个核心对象均能够清楚识别，并且基本完整。
2. 三个对象在画面中的大小适中，没有全部挤在极小区域，也没有明显超出或压迫整个画面。
3. 房、树、人之间保持自然、合理的空间距离，没有明显孤立或被大片空白强行分隔。
4. 三个对象能够形成基本连贯的场景，例如共享地面、方向一致、空间位置合理，整体看起来属于同一个环境，而不是三个互不相关的符号。
5. 整体构图稳定，没有明显失衡、极端偏向某个角落或严重碎片化。
6. 线条总体连续、自然、力度相对稳定，没有大量异常断裂、极端微弱或杂乱涂画。
7. 画面具有适量细节。可以简单，但主要对象的基本结构能够表达清楚。
8. 房屋、树木、人物的比例大致协调，没有极端小型化或比例失调。
9. 整体场景连贯，没有明显选择性结构缺失。
10. 线条自然、连续，没有异常大面积涂黑。

【支持异常的证据】
1. 人物明显没有完成，例如主要身体区域完全缺失、头部缺失、躯干缺失、多个必要身体部分缺失，或者身体不同部分明显断开。
2. 房屋、树木和人物分别孤立在互不相关的区域。
3. 三个对象的尺寸比例严重不协调。
4. 不同对象之间在空间上和语义上明显断开，无法组成基本连贯场景。"
dataset/HTP/02/00/02_00_00_0000.jpg,02,00,01,0.053403324903538434,"【支持正常的证据】
1. 房屋、树木、人物三个核心对象均能够清楚识别，并且基本完整。
2. 三个对象在画面中的大小适中，没有全部挤在极小区域，也没有明显超出或压迫整个画面。
3. 房、树、人之间保持自然、合理的空间距离，没有明显孤立或被大片空白强行分隔。
4. 三个对象能够形成基本连贯的场景，例如共享地面、方向一致、空间位置合理，整体看起来属于同一个环境，而不是三个互不相关的符号。
5. 整体构图稳定，没有明显失衡、极端偏向某个角落或严重碎片化。
6. 线条总体连续、自然、力度相对稳定，没有大量异常断裂、极端微弱或杂乱涂画。
7. 画面具有适量细节。可以简单，但主要对象的基本结构能够表达清楚。
8. 没有大面积、无明显绘画目的的异常涂黑、重阴影或局部反复强调。

【支持异常的证据】
1. 房屋、树木、人物中的一个或多个核心对象完全缺失，且无法由裁剪、遮挡或画法解释。
2. 整幅画极度简化，只剩极少线条，大量重要结构同时消失，整体信息量异常低。
3. 房、树、人整体只占巨大画布中极小区域，周围存在大量空白。
4. 三个对象之间距离极端遥远，某个对象明显孤立，或者整个场景严重碎片化。
5. 对象像漂浮在不同区域，彼此几乎没有空间联系，整体场景严重不连贯。
6. 存在大量非常微弱、间断、犹豫、僵硬或严重潦草的线条。
7. 存在异常大面积涂黑、重度阴影或某个对象被明显过度强调。"
dataset/HTP/02/00/02_00_00_0001.jpg,02,00,01,0.07585817323116976,"【支持正常的证据】
1. 房屋、树木、人物三个核心对象均能够清楚识别，并且基本完整。
2. 三个对象在画面中的大小适中，没有全部挤在极小区域，也没有明显超出或压迫整个画面。
3. 房、树、人之间保持自然、合理的空间距离，没有明显孤立或被大片空白强行分隔。
4. 三个对象能够形成基本连贯的场景，例如共享地面、方向一致、空间位置合理，整体看起来属于同一个环境，而不是三个互不相关的符号。
5. 整体构图稳定，没有明显失衡、极端偏向某个角落或严重碎片化。
6. 线条总体连续、自然、力度相对稳定，没有大量异常断裂、极端微弱或杂乱涂画。
7. 画面具有适量细节。可以简单，但主要对象的基本结构能够表达清楚。
8. 没有大面积、无明显绘画目的的异常涂黑、重阴影或局部反复强调。

【支持异常的证据】
1. 房屋、树木、人物中的一个或多个核心对象完全缺失，且无法由裁剪、遮挡或画法解释。
2. 整幅画极度简化，只剩极少线条，大量重要结构同时消失，整体信息量异常低。
3. 房、树、人整体只占巨大画布中极小区域，周围存在大量空白。
4. 三个对象之间距离极端遥远，某个对象明显孤立，或者整个场景严重碎片化。
5. 对象像漂浮在不同区域，彼此几乎没有空间联系，整体场景严重不连贯。
6. 存在大量非常微弱、间断、犹豫、僵硬或严重潦草的线条。
7. 存在异常大面积涂黑、重度阴影或某个对象被明显过度强调。"
dataset/HTP/02/00/02_00_00_0002.jpg,02,00,01,0.053403324903538434,"【支持正常的证据】
1. 房屋、树木、人物三个核心对象均能够清楚识别，并且基本完整。
2. 三个对象在画面中的大小适中，没有全部挤在极小区域，也没有明显超出或压迫整个画面。
3. 房、树、人之间保持自然、合理的空间距离，没有明显孤立或被大片空白强行分隔。
4. 三个对象能够形成基本连贯的场景，例如共享地面、方向一致、空间位置合理，整体看起来属于同一个环境，而不是三个互不相关的符号。
5. 整体构图稳定，没有明显失衡、极端偏向某个角落或严重碎片化。
6. 线条总体连续、自然、力度相对稳定，没有大量异常断裂、极端微弱或杂乱涂画。
7. 画面具有适量细节。可以简单，但主要对象的基本结构能够表达清楚。
8. 如果存在草地、道路、太阳、云、花、地面等环境元素，并且与主体自然结合，可以作为场景完整和组织良好的积极证据。
9. 没有大面积、无明显绘画目的的异常涂黑、重阴影或局部反复强调。

【支持异常的证据】
1. 房屋、树木、人物中的一个或多个核心对象完全缺失，且无法由裁剪、遮挡或画法解释。
2. 整幅画极度简化，只剩极少线条，大量重要结构同时消失，整体信息量异常低。
3. 房、树、人整体只占巨大画布中极小区域，周围存在大量空白。
4. 三个对象之间距离极端遥远，某个对象明显孤立，或者整个场景严重碎片化。
5. 对象像漂浮在不同区域，彼此几乎没有空间联系，整体场景严重不连贯。
6. 存在大量非常微弱、间断、犹豫、僵硬或严重潦草的线条。
7. 存在异常大面积涂黑、重度阴影或某个对象被明显过度强调。"
dataset/HTP/02/00/02_00_00_0003.jpg,02,00,01,0.009708474753363424,"【支持正常的证据】
1. 房屋、树木、人物三个核心对象均能够清楚识别，并且基本完整。
2. 三个对象在画面中的大小适中，没有全部挤在极小区域，也没有明显超出或压迫整个画面。
3. 房、树、人之间保持自然、合理的空间距离，没有明显孤立或被大片空白强行分隔。
4. 三个对象能够形成基本连贯的场景，例如共享地面、方向一致、空间位置合理，整体看起来属于同一个环境，而不是三个互不相关的符号。
5. 整体构图稳定，没有明显失衡、极端偏向某个角落或严重碎片化。
6. 线条总体连续、自然、力度相对稳定，没有大量异常断裂、极端微弱或杂乱涂画。
7. 画面具有适量细节。可以简单，但主要对象的基本结构能够表达清楚。
8. 房屋、树木、人物的比例大致协调，没有极端小型化或比例失调。
9. 房屋结构稳定，墙体、屋顶等主要结构完整。
10. 树木结构自然，没有明显截断或畸形。
11. 人物身体主要结构完整，比例不存在严重失调。
12. 整体构图稳定且场景连贯。
13. 线条自然、连续，没有异常大面积涂黑。
14. 没有明显的选择性结构缺失。
15. 仅存在少数能够由绘画水平、年龄、风格或普通构图解释的轻微异常。

【支持异常的证据】
1. 无。"
dataset/HTP/02/00/02_00_00_0004.jpg,02,00,01,0.012431653620200803,"【支持正常的证据】
1. 房屋、树木、人物三个核心对象均能够清楚识别，并且基本完整。
2. 三个对象在画面中的大小适中，没有全部挤在极小区域，也没有明显超出或压迫整个画面。
3. 房、树、人之间保持自然、合理的空间距离，没有明显孤立或被大片空白强行分隔。
4. 三个对象能够形成基本连贯的场景，例如共享地面、方向一致、空间位置合理，整体看起来属于同一个环境。
5. 整体构图稳定，没有明显失衡、极端偏向某个角落或严重碎片化。
6. 线条总体连续、自然、力度相对稳定，没有大量异常断裂、极端微弱或杂乱涂画。
7. 画面具有适量细节。可以简单，但主要对象的基本结构能够表达清楚。
8. 房屋、树木、人物的比例大致协调，没有极端小型化或比例失调。
9. 房屋结构稳定，没有明显倒塌、断裂或严重几何变形。
10. 树木结构自然，没有明显截断或畸形。
11. 人物身体主要结构完整，比例不存在严重失调。
12. 整体构图稳定且场景连贯，没有明显异常的大面积涂黑、极端小型化或异常隔离。
13. 线条自然、连续，没有异常大面积涂黑。
14. 人物没有明显选择性结构缺失，整体绘画风格统一。

【支持异常的证据】
1. 无。"
dataset/HTP/02/00/02_00_00_0005.jpg,02,00,01,0.012431653620200803,"【支持正常的证据】
1. 房屋、树木、人物三个核心对象均能够清楚识别，并且基本完整。
2. 三个对象在画面中的大小适中，没有全部挤在极小区域，也没有明显超出或压迫整个画面。
3. 房、树、人之间保持自然、合理的空间距离，没有明显孤立或被大片空白强行分隔。
4. 三个对象能够形成基本连贯的场景，例如共享地面、方向一致、空间位置合理，整体看起来属于同一个环境。
5. 整体构图稳定，没有明显失衡、极端偏向某个角落或严重碎片化。
6. 线条总体连续、自然、力度相对稳定，没有大量异常断裂、极端微弱或杂乱涂画。
7. 画面具有适量细节。可以简单，但主要对象的基本结构能够表达清楚。
8. 房屋、树木、人物的比例大致协调，没有极端小型化或比例失调。
9. 房屋、树木和人物之间的关系自然，没有极端隔离或空间关系异常。
10. 线条自然、连续，没有异常大面积涂黑。

【支持异常的证据】
1. 无。"
dataset/HTP/02/00/02_00_00_0006.jpg,02,00,01,0.16451646904109268,"【支持正常的证据】
1. 房屋、树木、人物三个核心对象均能够清楚识别，并且基本完整。
2. 三个对象在画面中的大小适中，没有全部挤在极小区域，也没有明显超出或压迫整个画面。
3. 房、树、人之间保持自然、合理的空间距离，没有明显孤立或被大片空白强行分隔。
4. 三个对象能够形成基本连贯的场景，例如共享地面、方向一致、空间位置合理，整体看起来属于同一个环境，而不是三个互不相关的符号。
5. 整体构图稳定，没有明显失衡、极端偏向某个角落或严重碎片化。
6. 线条总体连续、自然、力度相对稳定，没有大量异常断裂、极端微弱或杂乱涂画。
7. 画面具有适量细节。可以简单，但主要对象的基本结构能够表达清楚。
8. 如果存在草地、道路、太阳、云、花、地面等环境元素，并且与主体自然结合，可以作为场景完整和组织良好的积极证据。
9. 没有大面积、无明显绘画目的的异常涂黑、重阴影或局部反复强调。

【支持异常的证据】
1. 房屋结构较完整、可见方向正常，但明显选择性缺少门。
2. 树木相对于其他主体和画布极端微小。
3. 人物头部、躯干、手臂和腿等主要身体结构基本完整，但比例有些夸张，尤其是腿部显得特别长。
4. 人物大小与房屋、树木和整个画布基本协调，但人物相对于房屋显得较小。
5. 房屋、树木和人物的相对大小基本合理，但人物相对于房屋和树木显得过于微小。
6. 房屋、树木和人物之间存在明显隔离感，人物似乎漂浮在空中，没有合理的关系。"
dataset/HTP/02/00/02_00_00_0007.jpg,02,00,01,0.012431653620200803,"【支持正常的证据】
1. 房屋、树木、人物三个核心对象均能够清楚识别，并且基本完整。
2. 三个对象在画面中的大小适中，没有全部挤在极小区域，也没有明显超出或压迫整个画面。
3. 房、树、人之间保持自然、合理的空间距离，没有明显孤立或被大片空白强行分隔。
4. 三个对象能够形成基本连贯的场景，例如共享地面、方向一致、空间位置合理，整体看起来属于同一个环境，而不是三个互不相关的符号。
5. 整体构图稳定，没有明显失衡、极端偏向某个角落或严重碎片化。
6. 线条总体连续、自然、力度相对稳定，没有大量异常断裂、极端微弱或杂乱涂画。
7. 画面具有适量细节。可以简单，但主要对象的基本结构能够表达清楚。
8. 房屋、树木、人物的比例大致协调，没有极端小型化或比例失调。
9. 房屋结构稳定，屋顶、烟囱、门窗等细节自然、适量并与房屋结构协调。
10. 树木结构自然，没有明显截断或畸形。
11. 人物身体主要结构完整，比例不存在严重失调。
12. 整体构图稳定且场景连贯，没有明显异常的大面积涂黑。
13. 线条自然、连续，没有异常大面积涂黑。
14. 人物身体各部分连接关系自然，没有明显断裂、错位或无法解释的结构缺失。
15. 房屋、树木和人物之间的相对大小基本合理，没有非常极端的尺寸差异。
16. 人物能够自然地处于房屋和树木形成的环境中，而不是完全脱离其他对象。

【支持异常的证据】
1. 无。"
dataset/HTP/02/00/02_00_00_0008.jpg,02,00,01,0.010986941578116865,"【支持正常的证据】
1. 房屋、树木、人物三个核心对象均能够清楚识别，并且基本完整。
2. 三个对象在画面中的大小适中，没有全部挤在极小区域，也没有明显超出或压迫整个画面。
3. 房、树、人之间保持自然、合理的空间距离，没有明显孤立或被大片空白强行分隔。
4. 三个对象能够形成基本连贯的场景，例如共享地面、方向一致、空间位置合理，整体看起来属于同一个环境。
5. 整体构图稳定，没有明显失衡、极端偏向某个角落或严重碎片化。
6. 线条总体连续、自然、力度相对稳定，没有大量异常断裂、极端微弱或杂乱涂画。
7. 画面具有适量细节。可以简单，但主要对象的基本结构能够表达清楚。
8. 房屋、树木、人物的比例大致协调，没有极端小型化或夸张比例。
9. 房屋结构稳定，没有明显倒塌、断裂或严重几何变形。
10. 树木结构自然，没有明显截断或畸形。
11. 人物身体主要结构完整，比例不存在严重失调。
12. 整体构图稳定且场景连贯，没有明显异常的大面积涂黑。
13. 人物没有明显选择性结构缺失，四肢和五官比例协调。
14. 房屋、树木和人物之间的关系自然，没有极端隔离或碎片化。

【支持异常的证据】
1. 无明显异常特征。"
dataset/HTP/02/00/02_00_00_0009.jpg,02,00,01,0.009708474753363424,"【支持正常的证据】
1. 房屋、树木、人物三个核心对象均能够清楚识别，并且基本完整。
2. 三个对象在画面中的大小适中，没有全部挤在极小区域，也没有明显超出或压迫整个画面。
3. 房、树、人之间保持自然、合理的空间距离，没有明显孤立或被大片空白强行分隔。
4. 三个对象能够形成基本连贯的场景，例如共享地面、方向一致、空间位置合理，整体看起来属于同一个环境。
5. 整体构图稳定，没有明显失衡、极端偏向某个角落或严重碎片化。
6. 线条总体连续、自然、力度相对稳定，没有大量异常断裂、极端微弱或杂乱涂画。
7. 画面具有适量细节。可以简单，但主要对象的基本结构能够表达清楚。
8. 房屋、树木、人物的比例大致协调，没有极端小型化或比例失调。
9. 整体场景连贯，没有明显选择性结构缺失。
10. 线条自然、连续，没有异常大面积涂黑。

【支持异常的证据】
1. 无明显异常特征。"
dataset/HTP/02/00/02_00_00_0010.jpg,02,00,01,0.010986941578116865,"【支持正常的证据】
1. 房屋、树木、人物三个核心对象均能够清楚识别，并且基本完整。
2. 三个对象在画面中的大小适中，没有全部挤在极小区域，也没有明显超出或压迫整个画面。
3. 房、树、人之间保持自然、合理的空间距离，没有明显孤立或被大片空白强行分隔。
4. 三个对象能够形成基本连贯的场景，例如共享地面、方向一致、空间位置合理，整体看起来属于同一个环境，而不是三个互不相关的符号。
5. 整体构图稳定，没有明显失衡、极端偏向某个角落或严重碎片化。
6. 线条总体连续、自然、力度相对稳定，没有大量异常断裂、极端微弱或杂乱涂画。
7. 画面具有适量细节。可以简单，但主要对象的基本结构能够表达清楚。
8. 房屋、树木、人物的比例大致协调，没有极端小型化或比例失调。
9. 房屋、树木和人物之间的关系自然，没有极端隔离或不连贯的空间关系。
10. 线条自然、连续，没有异常大面积涂黑。

【支持异常的证据】
1. 无明显异常特征。"
dataset/HTP/02/00/02_00_00_0011.jpg,02,00,01,0.18242551491653522,"【支持正常的证据】
1. 房屋、树木、人物三个核心对象均能够清楚识别，并且基本完整。
2. 三个对象在画面中的大小适中，没有全部挤在极小区域，也没有明显超出或压迫整个画面。
3. 房、树、人之间保持自然、合理的空间距离，没有明显孤立或被大片空白强行分隔。
4. 三个对象能够形成基本连贯的场景，例如共享地面、方向一致、空间位置合理，整体看起来属于同一个环境，而不是三个互不相关的符号。
5. 整体构图稳定，没有明显失衡、极端偏向某个角落或严重碎片化。
6. 线条总体连续、自然、力度相对稳定，没有大量异常断裂、极端微弱或杂乱涂画。
7. 画面具有适量细节。可以简单，但主要对象的基本结构能够表达清楚。
8. 房屋、树木、人物的比例大致协调，没有极端小型化或比例失调。
9. 房屋结构稳定，主要组成部分合理，没有明显倒塌、断裂或严重几何变形。
10. 树木结构自然，没有严重截断或畸形。
11. 人物身体主要结构完整，比例不存在严重失调。
12. 整体构图稳定且场景连贯。
13. 线条自然、连续，没有异常大面积涂黑。
14. 没有明显的选择性结构缺失。
15. 仅存在少数能够由绘画水平、年龄、风格或普通构图解释的轻微异常。

【支持异常的证据】
1. 人物明显不完整，缺少头部和手臂。
2. 房屋结构较为详细，但缺少窗户。
3. 树木结构较为详细，但缺少树叶。
4. 房屋、树木和人物之间存在明显隔离，人物距离房屋和树木较远。
5. 房屋、树木和人物的比例不协调，人物显得过于微小。
6. 房屋、树木和人物的线条有些犹豫和不自然，尤其是人物的手臂和腿部线条。
7. 整体画面的细节较少，缺乏背景装饰和自然结合的环境元素。"
dataset/HTP/02/00/02_00_00_0012.jpg,02,00,01,0.06754668832401889,"【支持正常的证据】
1. 房屋、树木、人物三个核心对象均能够清楚识别，并且基本完整。
2. 三个对象在画面中的大小适中，没有全部挤在极小区域，也没有明显超出或压迫整个画面。
3. 房、树、人之间保持自然、合理的空间距离，没有明显孤立或被大片空白强行分隔。
4. 三个对象能够形成基本连贯的场景，例如共享地面、方向一致、空间位置合理，整体看起来属于同一个环境，而不是三个互不相关的符号。
5. 整体构图稳定，没有明显失衡、极端偏向某个角落或严重碎片化。
6. 线条总体连续、自然、力度相对稳定，没有大量异常断裂、极端微弱或杂乱涂画。
7. 画面具有适量细节。可以简单，但主要对象的基本结构能够表达清楚。
8. 房屋、树木、人物的比例大致协调，没有极端小型化或比例失调。
9. 整体场景连贯，没有明显选择性结构缺失。
10. 线条自然、连续，没有异常大面积涂黑。

【支持异常的证据】
1. 房屋、树木、人物中的一个或多个核心对象完全缺失，且无法由裁剪、遮挡或画法解释。
2. 整幅画极度简化，只剩极少线条，大量重要结构同时消失，整体信息量异常低。
3. 房、树、人整体只占巨大画布中极小区域，周围存在大量空白。
4. 三个对象之间距离极端遥远，某个对象明显孤立，或者整个场景严重碎片化。
5. 存在大量非常微弱、间断、犹豫、僵硬或严重潦草的线条。
6. 存在异常大面积涂黑、重度阴影或某个对象被明显过度强调。"
dataset/HTP/02/00/02_00_00_0013.jpg,02,00,01,0.009708474753363424,"【支持正常的证据】
1. 房屋、树木、人物三个核心对象均能够清楚识别，并且基本完整。
2. 三个对象在画面中的大小适中，没有全部挤在极小区域，也没有明显超出或压迫整个画面。
3. 房、树、人之间保持自然、合理的空间距离，没有明显孤立或被大片空白强行分隔。
4. 三个对象能够形成基本连贯的场景，例如共享地面、方向一致、空间位置合理，整体看起来属于同一个环境，而不是三个互不相关的符号。
5. 整体构图稳定，没有明显失衡、极端偏向某个角落或严重碎片化。
6. 线条总体连续、自然、力度相对稳定，没有大量异常断裂、极端微弱或杂乱涂画。
7. 画面具有适量细节。可以简单，但主要对象的基本结构能够表达清楚。
8. 房屋、树木、人物的比例大致协调，没有极端小型化或比例失调。
9. 房屋结构稳定，没有明显倒塌、断裂或严重几何变形。
10. 树木结构自然，没有明显截断或畸形。
11. 人物身体主要结构完整，比例不存在严重失调。
12. 整体构图稳定且场景连贯，没有明显异常的大面积涂黑、极端小型化或异常隔离。
13. 线条自然、连续，没有异常大面积涂黑。
14. 人物没有明显选择性结构缺失，如缺少手臂或腿部。
15. 房屋、树木和人物之间的关系自然，没有极端隔离或空间碎片化。

【支持异常的证据】
1. 无明显异常特征。"
dataset/HTP/02/00/02_00_00_0014.jpg,02,00,01,0.022977372418942873,"【支持正常的证据】
1. 房屋、树木、人物三个核心对象均能够清楚识别，并且基本完整。
2. 三个对象在画面中的大小适中，没有全部挤在极小区域，也没有明显超出或压迫整个画面。
3. 房、树、人之间保持自然、合理的空间距离，没有明显孤立或被大片空白强行分隔。
4. 三个对象能够形成基本连贯的场景，例如共享地面、方向一致、空间位置合理，整体看起来属于同一个环境，而不是三个互不相关的符号。
5. 整体构图稳定，没有明显失衡、极端偏向某个角落或严重碎片化。
6. 线条总体连续、自然、力度相对稳定，没有大量异常断裂、极端微弱或杂乱涂画。
7. 画面具有适量细节。可以简单，但主要对象的基本结构能够表达清楚。
8. 房屋、树木、人物的比例大致协调，没有极端小型化或比例失调。
9. 整体场景连贯，没有明显选择性结构缺失。
10. 线条自然、连续，没有异常大面积涂黑。

【支持异常的证据】
1. 人物头部、躯干、手臂和腿等主要身体结构基本完整。
2. 人物各身体部分连接关系自然，没有明显断裂、错位或无法解释的结构缺失。
3. 人物整体比例基本合理。允许存在普通儿童画、简笔画、卡通画中的比例误差，不要求符合严格人体解剖比例。
4. 人物大小与房屋、树木和整个画布基本协调，不存在极端小型化。
5. 如果人物尺寸允许，眼睛、鼻子、嘴等主要面部特征基本存在；如果人物很小，没有绘制完整五官也可以是正常表现。
6. 人物采用火柴人、单线手臂或单线腿的简单风格时，如果整个人物风格统一并且结构完整，不能因为简单就判断异常。
7. 人物可以正面、侧面或其他姿势，只要身体结构基本合理，都可以属于正常表现。
8. 普通衣服填色、头发填色或身体局部自然阴影不能作为异常证据。
9. 面部表情自然、中性、微笑或其他与场景协调的普通表情，可以支持正常判断。
10. 即使人物没有明显表情，只要画法简单且没有其他异常支持，也不能因为表情中性就判断异常。"
dataset/HTP/02/00/02_00_00_0015.jpg,02,00,01,0.09534946232842245,"【支持正常的证据】
1. 房屋、树木、人物三个核心对象均能够清楚识别，并且基本完整。
2. 三个对象在画面中的大小适中，没有全部挤在极小区域，也没有明显超出或压迫整个画面。
3. 房、树、人之间保持自然、合理的空间距离，没有明显孤立或被大片空白强行分隔。
4. 三个对象能够形成基本连贯的场景，例如共享地面、方向一致、空间位置合理，整体看起来属于同一个环境，而不是三个互不相关的符号。
5. 整体构图稳定，没有明显失衡、极端偏向某个角落或严重碎片化。
6. 线条总体连续、自然、力度相对稳定，没有大量异常断裂、极端微弱或杂乱涂画。
7. 画面具有适量细节。可以简单，但主要对象的基本结构能够表达清楚。
8. 人物头部、躯干、手臂和腿等主要身体结构基本完整。
9. 房屋结构稳定，主要组成部分合理。
10. 树木结构自然，没有严重截断或畸形。
11. 整体构图稳定且场景连贯。
12. 线条自然、连续，没有异常大面积涂黑。
13. 没有明显的选择性结构缺失。

【支持异常的证据】
1. 人物明显没有完成，例如主要身体区域完全缺失、头部缺失、躯干缺失、多个必要身体部分缺失，或者身体不同部分明显断开。
2. 房屋、树木和人物分别孤立在互不相关的区域。
3. 三个对象的尺寸比例严重不协调。
4. 不同对象之间在空间上和语义上明显断开，无法组成基本连贯场景。"
dataset/HTP/02/00/02_00_00_0016.jpg,02,00,01,0.010986941578116865,"【支持正常的证据】
1. 房屋、树木、人物三个核心对象均能够清楚识别，并且基本完整。
2. 三个对象在画面中的大小适中，没有全部挤在极小区域，也没有明显超出或压迫整个画面。
3. 房、树、人之间保持自然、合理的空间距离，没有明显孤立或被大片空白强行分隔。
4. 三个对象能够形成基本连贯的场景，例如共享地面、方向一致、空间位置合理，整体看起来属于同一个环境，而不是三个互不相关的符号。
5. 整体构图稳定，没有明显失衡、极端偏向某个角落或严重碎片化。
6. 线条总体连续、自然、力度相对稳定，没有大量异常断裂、极端微弱或杂乱涂画。
7. 画面具有适量细节。可以简单，但主要对象的基本结构能够表达清楚。
8. 房屋、树木、人物的比例大致协调，没有极端小型化或比例失调。
9. 整体构图自然，没有明显异常的大面积涂黑、极端小型化或异常隔离。
10. 人物身体主要结构完整，比例不存在严重失调。

【支持异常的证据】
1. 无明显异常特征。"
dataset/HTP/02/00/02_00_00_0017.jpg,02,00,01,0.00857748525531428,"【支持正常的证据】
1. 房屋、树木、人物三个核心对象均能够清楚识别，并且基本完整。
2. 三个对象在画面中的大小适中，没有全部挤在极小区域，也没有明显超出或压迫整个画面。
3. 房、树、人之间保持自然、合理的空间距离，没有明显孤立或被大片空白强行分隔。
4. 三个对象能够形成基本连贯的场景，例如共享地面、方向一致、空间位置合理，整体看起来属于同一个环境，而不是三个互不相关的符号。
5. 整体构图稳定，没有明显失衡、极端偏向某个角落或严重碎片化。
6. 线条总体连续、自然、力度相对稳定，没有大量异常断裂、极端微弱或杂乱涂画。
7. 画面具有适量细节。可以简单，但主要对象的基本结构能够表达清楚。
8. 房屋、树木、人物的比例大致协调，没有极端小型化或明显比例失调。
9. 房屋结构稳定，屋顶、墙壁等主要组成部分合理。
10. 树木结构自然，没有明显截断或畸形。
11. 人物身体主要结构完整，比例不存在严重失调。
12. 整体构图稳定且场景连贯，没有明显异常的大面积涂黑。
13. 线条自然、连续，没有异常大面积涂黑。
14. 没有明显的选择性结构缺失。
15. 仅存在少数能够由绘画水平、年龄、风格或普通构图解释的轻微异常。

【支持异常的证据】
1. 无明显异常特征。"
dataset/HTP/02/00/02_00_00_0018.jpg,02,00,01,0.010986941578116865,"【支持正常的证据】
1. 房屋、树木、人物三个核心对象均能够清楚识别，并且基本完整。
2. 三个对象在画面中的大小适中，没有全部挤在极小区域，也没有明显超出或压迫整个画面。
3. 房、树、人之间保持自然、合理的空间距离，没有明显孤立或被大片空白强行分隔。
4. 三个对象能够形成基本连贯的场景，例如共享地面、方向一致、空间位置合理，整体看起来属于同一个环境，而不是三个互不相关的符号。
5. 整体构图稳定，没有明显失衡、极端偏向某个角落或严重碎片化。
6. 线条总体连续、自然、力度相对稳定，没有大量异常断裂、极端微弱或杂乱涂画。
7. 画面具有适量细节。可以简单，但主要对象的基本结构能够表达清楚。
8. 房屋、树木、人物的比例大致协调，没有极端小型化或比例失调。
9. 房屋、树木和人物的相对大小基本合理，没有非常极端的尺寸差异。
10. 人物身体主要结构完整，比例不存在严重失调。
11. 整体构图稳定且场景连贯，没有明显异常的大面积涂黑。
12. 线条自然、连续，没有异常大面积涂黑。
13. 没有明显的选择性结构缺失。
14. 即使绘画较简单，其简化方式在整幅画中保持一致。
15. 仅存在少数能够由绘画水平、年龄、风格或普通构图解释的轻微异常。

【支持异常的证据】
1. 无明显异常特征。"
dataset/HTP/02/00/02_00_00_0019.jpg,02,00,01,0.03308597922294221,"【支持正常的证据】
1. 房屋、树木、人物三个核心对象均能够清楚识别，并且基本完整。
2. 三个对象在画面中的大小适中，没有全部挤在极小区域，也没有明显超出或压迫整个画面。
3. 房、树、人之间保持自然、合理的空间距离，没有明显孤立或被大片空白强行分隔。
4. 三个对象能够形成基本连贯的场景，例如共享地面、方向一致、空间位置合理，整体看起来属于同一个环境，而不是三个互不相关的符号。
5. 整体构图稳定，没有明显失衡、极端偏向某个角落或严重碎片化。
6. 线条总体连续、自然、力度相对稳定，没有大量异常断裂、极端微弱或杂乱涂画。
7. 画面具有适量细节。可以简单，但主要对象的基本结构能够表达清楚。
8. 房屋、树木、人物的比例大致协调，没有极端小型化或比例失调。
9. 房屋、树木和人物之间的关系自然，没有极端隔离或空间关系异常。
10. 线条自然、连续，没有异常大面积涂黑。

【支持异常的证据】
1. 人物缺少头部，但整体结构基本完整。
2. 树木缺少叶子，但整体结构自然。
3. 房屋缺少烟囱，但整体结构稳定。
4. 房屋、树木、人物之间没有互动，但整体场景连贯。"
dataset/HTP/02/00/02_00_00_0020.jpg,02,00,01,0.009708474753363424,"【支持正常的证据】
1. 房屋、树木、人物三个核心对象均能够清楚识别，并且基本完整。
2. 三个对象在画面中的大小适中，没有全部挤在极小区域，也没有明显超出或压迫整个画面。
3. 房、树、人之间保持自然、合理的空间距离，没有明显孤立或被大片空白强行分隔。
4. 三个对象能够形成基本连贯的场景，例如共享地面、方向一致、空间位置合理，整体看起来属于同一个环境，而不是三个互不相关的符号。
5. 整体构图稳定，没有明显失衡、极端偏向某个角落或严重碎片化。
6. 线条总体连续、自然、力度相对稳定，没有大量异常断裂、极端微弱或杂乱涂画。
7. 画面具有适量细节。可以简单，但主要对象的基本结构能够表达清楚。
8. 房屋、树木、人物的比例大致协调，没有极端小型化或比例失调。
9. 房屋、树木和人物的相对大小基本合理，没有非常极端的尺寸差异。
10. 人物身体主要结构完整，比例不存在严重失调。
11. 整体构图稳定且场景连贯，没有明显异常的大面积涂黑。
12. 人物和房屋、树木之间保持自然距离，没有极端隔离。
13. 画面中存在少量细节，如树木的树冠和人物的四肢，但没有明显选择性结构缺失。
14. 人物和房屋、树木之间没有明显空间关系异常，整体场景具有连贯性。

【支持异常的证据】
1. 无明显异常特征。"
dataset/HTP/02/00/02_00_00_0021.jpg,02,00,01,0.010986941578116865,"【支持正常的证据】
1. 房屋、树木、人物三个核心对象均能够清楚识别，并且基本完整。
2. 三个对象在画面中的大小适中，没有全部挤在极小区域，也没有明显超出或压迫整个画面。
3. 房、树、人之间保持自然、合理的空间距离，没有明显孤立或被大片空白强行分隔。
4. 三个对象能够形成基本连贯的场景，例如共享地面、方向一致、空间位置合理，整体看起来属于同一个环境。
5. 整体构图稳定，没有明显失衡、极端偏向某个角落或严重碎片化。
6. 线条总体连续、自然、力度相对稳定，没有大量异常断裂、极端微弱或杂乱涂画。
7. 画面具有适量细节。可以简单，但主要对象的基本结构能够表达清楚。
8. 房屋、树木、人物的比例大致协调，没有极端小型化或比例失调。
9. 房屋结构稳定，墙体和屋顶没有明显倒塌、断裂或严重几何变形。
10. 树木结构自然，没有明显截断或畸形。
11. 人物身体主要结构完整，比例不存在严重失调。
12. 整体构图稳定且场景连贯，没有明显异常的大面积涂黑或极端小型化。
13. 人物和房屋、树木之间保持自然距离，没有极端隔离。
14. 线条自然、连续，没有异常大面积涂黑。

【支持异常的证据】
1. 无。"
dataset/HTP/02/00/02_00_00_0022.jpg,02,00,01,0.07585817323116976,"【支持正常的证据】
1. 房屋、树木、人物三个核心对象均能够清楚识别，并且基本完整。
2. 三个对象在画面中的大小适中，没有全部挤在极小区域，也没有明显超出或压迫整个画面。
3. 房、树、人之间保持自然、合理的空间距离，没有明显孤立或被大片空白强行分隔。
4. 三个对象能够形成基本连贯的场景，例如共享地面、方向一致、空间位置合理，整体看起来属于同一个环境，而不是三个互不相关的符号。
5. 整体构图稳定，没有明显失衡、极端偏向某个角落或严重碎片化。
6. 线条总体连续、自然、力度相对稳定，没有大量异常断裂、极端微弱或杂乱涂画。
7. 画面具有适量细节。可以简单，但主要对象的基本结构能够表达清楚。
8. 如果存在草地、道路、太阳、云、花、地面等环境元素，并且与主体自然结合，可以作为场景完整和组织良好的积极证据。
9. 没有大面积、无明显绘画目的的异常涂黑、重阴影或局部反复强调。

【支持异常的证据】
1. 房屋、树木、人物中的一个或多个核心对象完全缺失，且无法由裁剪、遮挡或画法解释。
2. 整幅画极度简化，只剩极少线条，大量重要结构同时消失，整体信息量异常低。
3. 房、树、人整体只占巨大画布中极小区域，周围存在大量空白。
4. 三个对象之间距离极端遥远，某个对象明显孤立，或者整个场景严重碎片化。
5. 对象像漂浮在不同区域，彼此几乎没有空间联系，整体场景严重不连贯。
6. 存在大量非常微弱、间断、犹豫、僵硬或严重潦草的线条。
7. 存在异常大面积涂黑、重度阴影或某个对象被明显过度强调。"
dataset/HTP/02/00/02_00_00_0023.jpg,02,00,01,0.010986941578116865,"【支持正常的证据】
1. 房屋、树木、人物三个核心对象均能够清楚识别，并且基本完整。
2. 三个对象在画面中的大小适中，没有全部挤在极小区域，也没有明显超出或压迫整个画面。
3. 房、树、人之间保持自然、合理的空间距离，没有明显孤立或被大片空白强行分隔。
4. 三个对象能够形成基本连贯的场景，例如共享地面、方向一致、空间位置合理，整体看起来属于同一个环境，而不是三个互不相关的符号。
5. 整体构图稳定，没有明显失衡、极端偏向某个角落或严重碎片化。
6. 线条总体连续、自然、力度相对稳定，没有大量异常断裂、极端微弱或杂乱涂画。
7. 画面具有适量细节。可以简单，但主要对象的基本结构能够表达清楚。
8. 房屋、树木、人物的比例大致协调，没有极端小型化或比例失调。
9. 房屋、树木和人物之间的关系自然，没有极端隔离或不连贯的空间关系。
10. 线条自然、连续，没有异常大面积涂黑。

【支持异常的证据】
1. 无。"
dataset/HTP/02/00/02_00_00_0024.jpg,02,00,01,0.053403324903538434,"【支持正常的证据】
1. 房屋、树木、人物三个核心对象均能够清楚识别，并且基本完整。
2. 三个对象在画面中的大小适中，没有全部挤在极小区域，也没有明显超出或压迫整个画面。
3. 房、树、人之间保持自然、合理的空间距离，没有明显孤立或被大片空白强行分隔。
4. 三个对象能够形成基本连贯的场景，例如共享地面、方向一致、空间位置合理，整体看起来属于同一个环境，而不是三个互不相关的符号。
5. 整体构图稳定，没有明显失衡、极端偏向某个角落或严重碎片化。
6. 线条总体连续、自然、力度相对稳定，没有大量异常断裂、极端微弱或杂乱涂画。
7. 画面具有适量细节。可以简单，但主要对象的基本结构能够表达清楚。
8. 如果存在草地、道路、太阳、云、花、地面等环境元素，并且与主体自然结合，可以作为场景完整和组织良好的积极证据。
9. 没有大面积、无明显绘画目的的异常涂黑、重阴影或局部反复强调。

【支持异常的证据】
1. 房屋、树木、人物中的一个或多个核心对象完全缺失，且无法由裁剪、遮挡或画法解释。
2. 整幅画极度简化，只剩极少线条，大量重要结构同时消失，整体信息量异常低。
3. 房、树、人整体只占巨大画布中极小区域，周围存在大量空白。
4. 三个对象之间距离极端遥远，某个对象明显孤立，或者整个场景严重碎片化。
5. 对象像漂浮在不同区域，彼此几乎没有空间联系，整体场景严重不连贯。
6. 存在大量非常微弱、间断、犹豫、僵硬或严重潦草的线条。
7. 存在异常大面积涂黑、重度阴影或某个对象被明显过度强调。"
dataset/HTP/02/00/02_00_00_0025.jpg,02,00,01,0.010986941578116865,"【支持正常的证据】
1. 房屋、树木、人物三个核心对象均能够清楚识别，并且基本完整。
2. 三个对象在画面中的大小适中，没有全部挤在极小区域，也没有明显超出或压迫整个画面。
3. 房、树、人之间保持自然、合理的空间距离，没有明显孤立或被大片空白强行分隔。
4. 三个对象能够形成基本连贯的场景，例如共享地面、方向一致、空间位置合理，整体看起来属于同一个环境，而不是三个互不相关的符号。
5. 整体构图稳定，没有明显失衡、极端偏向某个角落或严重碎片化。
6. 线条总体连续、自然、力度相对稳定，没有大量异常断裂、极端微弱或杂乱涂画。
7. 画面具有适量细节。可以简单，但主要对象的基本结构能够表达清楚。
8. 房屋、树木、人物的比例大致协调，没有极端小型化或比例失调。
9. 整体构图自然，没有明显选择性结构缺失。
10. 人物身体主要结构完整，比例不存在严重失调。
11. 整体场景连贯，没有明显异常的大面积涂黑、极端小型化或异常隔离。
12. 线条自然、连续，没有异常大面积涂黑。
13. 人物和房屋、树木之间保持自然距离，没有极端隔离。
14. 画面存在多个相互独立的正常积极特征。

【支持异常的证据】
1. 无明显异常特征。"
dataset/HTP/02/00/02_00_00_0026.jpg,02,00,01,0.04742587351415913,"【支持正常的证据】
1. 房屋、树木、人物三个核心对象均能够清楚识别，并且基本完整。
2. 三个对象在画面中的大小适中，没有全部挤在极小区域，也没有明显超出或压迫整个画面。
3. 房、树、人之间保持自然、合理的空间距离，没有明显孤立或被大片空白强行分隔。
4. 三个对象能够形成基本连贯的场景，例如共享地面、方向一致、空间位置合理，整体看起来属于同一个环境。
5. 整体构图稳定，没有明显失衡、极端偏向某个角落或严重碎片化。
6. 线条总体连续、自然、力度相对稳定，没有大量异常断裂、极端微弱或杂乱涂画。
7. 画面具有适量细节。可以简单，但主要对象的基本结构能够表达清楚。
8. 房屋、树木、人物之间保持自然的距离，没有极端隔离。
9. 整体场景连贯，没有大面积、无明显绘画目的的异常涂黑、重阴影或局部反复强调。

【支持异常的证据】
1. 人物缺少头部，且没有明显绘画原因。
2. 树木缺少叶子，但这是绘画风格和季节性因素导致的，不属于异常。
3. 房屋缺少窗户，但这是绘画风格和简约画法导致的，不属于异常。"
dataset/HTP/02/00/02_00_00_0027.jpg,02,00,01,0.06754668832401889,"【支持正常的证据】
1. 房屋、树木、人物三个核心对象均能够清楚识别，并且基本完整。
2. 三个对象在画面中的大小适中，没有全部挤在极小区域，也没有明显超出或压迫整个画面。
3. 房、树、人之间保持自然、合理的空间距离，没有明显孤立或被大片空白强行分隔。
4. 三个对象能够形成基本连贯的场景，例如共享地面、方向一致、空间位置合理，整体看起来属于同一个环境，而不是三个互不相关的符号。
5. 整体构图稳定，没有明显失衡、极端偏向某个角落或严重碎片化。
6. 线条总体连续、自然、力度相对稳定，没有大量异常断裂、极端微弱或杂乱涂画。
7. 画面具有适量细节。可以简单，但主要对象的基本结构能够表达清楚。
8. 房屋、树木、人物的比例大致协调，没有极端小型化或比例失调。
9. 整体场景连贯，没有明显选择性结构缺失。
10. 线条自然、连续，没有异常大面积涂黑。

【支持异常的证据】
1. 房屋、树木、人物中的一个或多个核心对象完全缺失，且无法由裁剪、遮挡或画法解释。
2. 整幅画极度简化，只剩极少线条，大量重要结构同时消失，整体信息量异常低。
3. 房、树、人整体只占巨大画布中极小区域，周围存在大量空白。
4. 三个对象之间距离极端遥远，某个对象明显孤立，或者整个场景严重碎片化。
5. 存在大量非常微弱、间断、犹豫、僵硬或严重潦草的线条。
6. 存在异常大面积涂黑、重度阴影或某个对象被明显过度强调。"
dataset/HTP/02/00/02_00_00_0028.jpg,02,00,01,0.007577241922677275,"【支持正常的证据】
1. 房屋、树木、人物三个核心对象均能够清楚识别，并且基本完整。
2. 三个对象在画面中的大小适中，没有全部挤在极小区域，也没有明显超出或压迫整个画面。
3. 房、树、人之间保持自然、合理的空间距离，没有明显孤立或被大片空白强行分隔。
4. 三个对象能够形成基本连贯的场景，例如共享地面、方向一致、空间位置合理，整体看起来属于同一个环境。
5. 整体构图稳定，没有明显失衡、极端偏向某个角落或严重碎片化。
6. 线条总体连续、自然、力度相对稳定，没有大量异常断裂、极端微弱或杂乱涂画。
7. 画面具有适量细节。可以简单，但主要对象的基本结构能够表达清楚。
8. 房屋、树木、人物的比例大致协调，没有极端小型化或比例失调。
9. 房屋结构稳定，主要组成部分合理，没有明显倒塌、断裂或严重几何变形。
10. 树木结构自然，没有严重截断或畸形。
11. 人物身体主要结构完整，比例不存在严重失调。
12. 整体构图稳定且场景连贯，没有明显异常的大面积涂黑、极端小型化或异常隔离。
13. 线条自然、连续，没有异常大面积涂黑。
14. 人物没有明显选择性结构缺失，整体绘画风格统一。
15. 房屋、树木和人物之间的关系自然，没有极端隔离或空间碎片化。

【支持异常的证据】
1. 无。"
dataset/HTP/02/00/02_00_00_0029.jpg,02,00,01,0.06754668832401889,"【支持正常的证据】
1. 房屋、树木、人物三个核心对象均能够清楚识别，并且基本完整。
2. 三个对象在画面中的大小适中，没有全部挤在极小区域，也没有明显超出或压迫整个画面。
3. 房、树、人之间保持自然、合理的空间距离，没有明显孤立或被大片空白强行分隔。
4. 三个对象能够形成基本连贯的场景，例如共享地面、方向一致、空间位置合理，整体看起来属于同一个环境，而不是三个互不相关的符号。
5. 整体构图稳定，没有明显失衡、极端偏向某个角落或严重碎片化。
6. 线条总体连续、自然、力度相对稳定，没有大量异常断裂、极端微弱或杂乱涂画。
7. 画面具有适量细节。可以简单，但主要对象的基本结构能够表达清楚。
8. 房屋、树木、人物的比例大致协调，没有极端小型化或比例失调。
9. 房屋结构稳定，主要组成部分合理，没有明显倒塌、断裂或严重几何变形。
10. 树木结构自然，没有严重截断或畸形。
11. 人物身体主要结构完整，比例不存在严重失调。
12. 整体构图稳定且场景连贯。
13. 线条自然、连续，没有异常大面积涂黑。
14. 没有明显的选择性结构缺失。
15. 仅存在少数能够由绘画水平、年龄、风格或普通构图解释的轻微异常。

【支持异常的证据】
1. 人物明显不完整，缺少头部和手臂。
2. 房屋结构较为简单，但没有明显选择性缺失。
3. 树木结构自然，但没有明显选择性缺失。
4. 整体画面没有极端小型化或极度简化。
5. 房屋、树木和人物之间保持自然距离，没有极端隔离。
6. 人物身体比例存在轻微失调，但不严重。
7. 线条自然、连续，没有极端微弱或杂乱涂画。
8. 没有明显的选择性结构缺失。
9. 仅存在少数能够由绘画水平、年龄、风格或普通构图解释的轻微异常。"
dataset/HTP/02/00/02_00_00_0030.jpg,02,00,01,0.014063626423394072,"【支持正常的证据】
1. 房屋、树木、人物三个核心对象均能够清楚识别，并且基本完整。
2. 三个对象在画面中的大小适中，没有全部挤在极小区域，也没有明显超出或压迫整个画面。
3. 房、树、人之间保持自然、合理的空间距离，没有明显孤立或被大片空白强行分隔。
4. 三个对象能够形成基本连贯的场景，例如共享地面、方向一致、空间位置合理，整体看起来属于同一个环境。
5. 整体构图稳定，没有明显失衡、极端偏向某个角落或严重碎片化。
6. 线条总体连续、自然、力度相对稳定，没有大量异常断裂、极端微弱或杂乱涂画。
7. 画面具有适量细节。可以简单，但主要对象的基本结构能够表达清楚。
8. 房屋、树木、人物的比例大致协调，没有极端小型化或比例失调。
9. 房屋结构稳定，墙体、屋顶等主要结构完整，没有明显倒塌、断裂或严重几何变形。
10. 树木结构自然，树干、树冠、树枝等主要部分能够正常识别，整体结构基本完整。
11. 人物头部、躯干、手臂和腿等主要身体结构基本完整，连接关系自然，没有明显断裂、错位或无法解释的结构缺失。
12. 人物大小与房屋、树木和整个画布基本协调，不存在极端小型化。
13. 房屋、树木和人物的相对大小基本合理，没有非常极端的尺寸差异。
14. 人物能够自然地处于房屋和树木形成的环境中，而不是完全脱离其他对象。
15. 线条自然、连续，没有异常大面积涂黑。

【支持异常的证据】
1. 无。"
dataset/HTP/02/00/02_00_00_0031.jpg,02,00,01,0.014063626423394072,"【支持正常的证据】
1. 房屋、树木、人物三个核心对象均能够清楚识别，并且基本完整。
2. 三个对象在画面中的大小适中，没有全部挤在极小区域，也没有明显超出或压迫整个画面。
3. 房、树、人之间保持自然、合理的空间距离，没有明显孤立或被大片空白强行分隔。
4. 三个对象能够形成基本连贯的场景，例如共享地面、方向一致、空间位置合理，整体看起来属于同一个环境，而不是三个互不相关的符号。
5. 整体构图稳定，没有明显失衡、极端偏向某个角落或严重碎片化。
6. 线条总体连续、自然、力度相对稳定，没有大量异常断裂、极端微弱或杂乱涂画。
7. 画面具有适量细节。可以简单，但主要对象的基本结构能够表达清楚。
8. 房屋、树木、人物的比例大致协调，没有明显比例失调。
9. 房屋结构稳定，主要组成部分合理，没有明显倒塌、断裂或严重几何变形。
10. 树木结构自然，没有严重截断或畸形。
11. 人物身体主要结构完整，比例不存在严重失调。
12. 整体构图稳定且场景连贯。
13. 线条自然、连续，没有异常大面积涂黑。
14. 没有明显的选择性结构缺失。
15. 仅存在少数能够由绘画水平、年龄、风格或普通构图解释的轻微异常。

【支持异常的证据】
1. 无。"
dataset/HTP/02/00/02_00_00_0032.jpg,02,00,01,0.012431653620200803,"【支持正常的证据】
1. 房屋、树木、人物三个核心对象均能够清楚识别，并且基本完整。
2. 三个对象在画面中的大小适中，没有全部挤在极小区域，也没有明显超出或压迫整个画面。
3. 房、树、人之间保持自然、合理的空间距离，没有明显孤立或被大片空白强行分隔。
4. 三个对象能够形成基本连贯的场景，例如共享地面、方向一致、空间位置合理，整体看起来属于同一个环境。
5. 整体构图稳定，没有明显失衡、极端偏向某个角落或严重碎片化。
6. 线条总体连续、自然、力度相对稳定，没有大量异常断裂、极端微弱或杂乱涂画。
7. 画面具有适量细节。可以简单，但主要对象的基本结构能够表达清楚。
8. 树木结构自然，没有明显截断或畸形。
9. 人物身体主要结构完整，比例不存在严重失调。
10. 整体构图稳定且场景连贯。
11. 线条自然、连续，没有异常大面积涂黑。
12. 没有明显的选择性结构缺失。
13. 即使绘画较简单，其简化方式在整幅画中保持一致。

【支持异常的证据】
1. 无明显异常特征。"
dataset/HTP/02/00/02_00_00_0033.png,02,00,01,0.012431653620200803,"【支持正常的证据】
1. 房屋、树木、人物三个核心对象均能够清楚识别，并且基本完整。
2. 三个对象在画面中的大小适中，没有全部挤在极小区域，也没有明显超出或压迫整个画面。
3. 房、树、人之间保持自然、合理的空间距离，没有明显孤立或被大片空白强行分隔。
4. 三个对象能够形成基本连贯的场景，例如共享地面、方向一致、空间位置合理，整体看起来属于同一个环境，而不是三个互不相关的符号。
5. 整体构图稳定，没有明显失衡、极端偏向某个角落或严重碎片化。
6. 线条总体连续、自然、力度相对稳定，没有大量异常断裂、极端微弱或杂乱涂画。
7. 画面具有适量细节。可以简单，但主要对象的基本结构能够表达清楚。
8. 房屋、树木、人物的比例大致协调，没有极端小型化或比例失调。
9. 整体构图稳定且场景连贯，没有明显异常的大面积涂黑、极端小型化或异常隔离。
10. 人物身体主要结构完整，比例不存在严重失调。

【支持异常的证据】
1. 无明显异常特征。"
dataset/HTP/02/00/02_00_00_0034.png,02,00,01,0.010986941578116865,"【支持正常的证据】
1. 房屋、树木、人物三个核心对象均能够清楚识别，并且基本完整。
2. 三个对象在画面中的大小适中，没有全部挤在极小区域，也没有明显超出或压迫整个画面。
3. 房、树、人之间保持自然、合理的空间距离，没有明显孤立或被大片空白强行分隔。
4. 三个对象能够形成基本连贯的场景，例如共享地面、方向一致、空间位置合理，整体看起来属于同一个环境，而不是三个互不相关的符号。
5. 整体构图稳定，没有明显失衡、极端偏向某个角落或严重碎片化。
6. 线条总体连续、自然、力度相对稳定，没有大量异常断裂、极端微弱或杂乱涂画。
7. 画面具有适量细节。可以简单，但主要对象的基本结构能够表达清楚。
8. 房屋、树木、人物的比例大致协调，没有极端小型化或比例失调。
9. 整体构图自然，没有明显选择性结构缺失。
10. 人物身体主要结构完整，比例不存在严重失调。
11. 整体场景连贯，没有明显异常的大面积涂黑、极端小型化或异常隔离。
12. 仅存在少数能够由绘画水平、年龄、风格或普通构图解释的轻微异常。

【支持异常的证据】
1. 无明显异常特征。"
dataset/HTP/02/00/02_00_00_0035.png,02,00,01,0.012431653620200803,"【支持正常的证据】
1. 房屋、树木、人物三个核心对象均能够清楚识别，并且基本完整。
2. 三个对象在画面中的大小适中，没有全部挤在极小区域，也没有明显超出或压迫整个画面。
3. 房、树、人之间保持自然、合理的空间距离，没有明显孤立或被大片空白强行分隔。
4. 三个对象能够形成基本连贯的场景，例如共享地面、方向一致、空间位置合理，整体看起来属于同一个环境，而不是三个互不相关的符号。
5. 整体构图稳定，没有明显失衡、极端偏向某个角落或严重碎片化。
6. 线条总体连续、自然、力度相对稳定，没有大量异常断裂、极端微弱或杂乱涂画。
7. 画面具有适量细节。可以简单，但主要对象的基本结构能够表达清楚。
8. 房屋、树木、人物的比例大致协调，没有极端小型化或比例失调。
9. 整体场景连贯，没有明显选择性结构缺失。
10. 线条自然、连续，没有异常大面积涂黑。

【支持异常的证据】
1. 无。"
dataset/HTP/02/00/02_00_00_0036.png,02,00,01,0.015906393344589397,"【支持正常的证据】
1. 房屋、树木、人物三个核心对象均能够清楚识别，并且基本完整。
2. 三个对象在画面中的大小适中，没有全部挤在极小区域，也没有明显超出或压迫整个画面。
3. 房、树、人之间保持自然、合理的空间距离，没有明显孤立或被大片空白强行分隔。
4. 三个对象能够形成基本连贯的场景，例如共享地面、方向一致、空间位置合理，整体看起来属于同一个环境。
5. 整体构图稳定，没有明显失衡、极端偏向某个角落或严重碎片化。
6. 线条总体连续、自然、力度相对稳定，没有大量异常断裂、极端微弱或杂乱涂画。
7. 画面具有适量细节。可以简单，但主要对象的基本结构能够表达清楚。
8. 房屋、树木、人物的比例大致协调，没有极端小型化。
9. 房屋、树木和人物的相对大小基本合理，没有非常极端的尺寸差异。
10. 人物身体主要结构完整，比例不存在严重失调。
11. 整体构图稳定且场景连贯，没有明显异常的大面积涂黑。
12. 人物没有明显选择性结构缺失，四肢和五官比例协调。
13. 房屋结构稳定，主要组成部分合理。
14. 树木结构自然，没有严重截断或畸形。
15. 房屋、树木和人物之间保持自然距离，没有某个对象被极端隔离。
16. 人物能够自然地处于房屋和树木形成的环境中，而不是完全脱离其他对象。

【支持异常的证据】
1. 无。"
dataset/HTP/02/00/02_00_00_0037.png,02,00,01,0.010986941578116865,"【支持正常的证据】
1. 房屋、树木、人物三个核心对象均能够清楚识别，并且基本完整。
2. 三个对象在画面中的大小适中，没有全部挤在极小区域，也没有明显超出或压迫整个画面。
3. 房、树、人之间保持自然、合理的空间距离，没有明显孤立或被大片空白强行分隔。
4. 三个对象能够形成基本连贯的场景，例如共享地面、方向一致、空间位置合理，整体看起来属于同一个环境。
5. 整体构图稳定，没有明显失衡、极端偏向某个角落或严重碎片化。
6. 线条总体连续、自然、力度相对稳定，没有大量异常断裂、极端微弱或杂乱涂画。
7. 画面具有适量细节。可以简单，但主要对象的基本结构能够表达清楚。
8. 房屋、树木、人物的比例大致协调，没有极端小型化。
9. 房屋、树木和人物之间的相对大小基本合理，没有非常极端的尺寸差异。
10. 人物身体主要结构完整，比例不存在严重失调。
11. 整体构图稳定且场景连贯，没有明显异常的大面积涂黑。
12. 人物没有明显的选择性结构缺失。
13. 画面中存在少量细节，如树木上的花朵和人物的衣服，这些细节适量且自然。
14. 人物的姿势和表情自然，没有明显异常。

【支持异常的证据】
1. 无。"
dataset/HTP/02/00/02_00_00_0038.png,02,00,01,0.16451646904109268,"【支持正常的证据】
1. 房屋、树木、人物三个核心对象均能够清楚识别，并且基本完整。
2. 三个对象在画面中的大小适中，没有全部挤在极小区域，也没有明显超出或压迫整个画面。
3. 房、树、人之间保持自然、合理的空间距离，没有明显孤立或被大片空白强行分隔。
4. 三个对象能够形成基本连贯的场景，例如共享地面、方向一致、空间位置合理，整体看起来属于同一个环境，而不是三个互不相关的符号。
5. 整体构图稳定，没有明显失衡、极端偏向某个角落或严重碎片化。
6. 线条总体连续、自然、力度相对稳定，没有大量异常断裂、极端微弱或杂乱涂画。
7. 画面具有适量细节。可以简单，但主要对象的基本结构能够表达清楚。
8. 房屋、树木、人物的比例大致协调，没有极端小型化或比例失调。
9. 整体场景连贯，没有明显选择性结构缺失。
10. 线条自然、连续，没有异常大面积涂黑。

【支持异常的证据】
1. 房屋结构较完整、可见方向正常，但明显选择性缺少门。
2. 树木相对于其他主体和画布极端微小。
3. 人物明显没有完成，例如主要身体区域完全缺失、头部缺失、躯干缺失、多个必要身体部分缺失，或者身体不同部分明显断开。
4. 房屋、树木和人物分别孤立在互不相关的区域。
5. 房屋、树木和人物的尺寸比例严重不协调。
6. 房屋、树木和人物之间在空间上和语义上明显断开，无法组成基本连贯场景。"
dataset/HTP/02/00/02_00_00_0039.png,02,00,01,0.0293122327122782,"【支持正常的证据】
1. 房屋、树木、人物三个核心对象均能够清楚识别，并且基本完整。
2. 三个对象在画面中的大小适中，没有全部挤在极小区域，也没有明显超出或压迫整个画面。
3. 房、树、人之间保持自然、合理的空间距离，没有明显孤立或被大片空白强行分隔。
4. 三个对象能够形成基本连贯的场景，例如共享地面、方向一致、空间位置合理，整体看起来属于同一个环境，而不是三个互不相关的符号。
5. 整体构图稳定，没有明显失衡、极端偏向某个角落或严重碎片化。
6. 线条总体连续、自然、力度相对稳定，没有大量异常断裂、极端微弱或杂乱涂画。
7. 画面具有适量细节。可以简单，但主要对象的基本结构能够表达清楚。
8. 房屋、树木、人物的比例大致协调，没有极端小型化或比例失调。
9. 整体场景连贯，没有明显选择性结构缺失。
10. 线条自然、连续，没有异常大面积涂黑。

【支持异常的证据】
1. 人物头部、躯干、手臂和腿等主要身体结构基本完整。
2. 人物各身体部分连接关系自然，没有明显断裂、错位或无法解释的结构缺失。
3. 人物整体比例基本合理。允许存在普通儿童画、简笔画、卡通画中的比例误差，不要求符合严格人体解剖比例。
4. 人物大小与房屋、树木和整个画布基本协调，不存在极端小型化。
5. 如果人物尺寸允许，眼睛、鼻子、嘴等主要面部特征基本存在；如果人物很小，没有绘制完整五官也可以是正常表现。
6. 人物采用火柴人、单线手臂或单线腿的简单风格时，如果整个人物风格统一并且结构完整，不能因为简单就判断异常。
7. 人物可以正面、侧面或其他姿势，只要身体结构基本合理，都可以属于正常表现。
8. 普通衣服填色、头发填色或身体局部自然阴影不能作为异常证据。
9. 面部表情自然、中性、微笑或其他与场景协调的普通表情，可以支持正常判断。
10. 即使人物没有明显表情，只要画法简单且没有其他异常支持，也不能因为表情中性就判断异常。"
dataset/HTP/02/00/02_00_00_0040.png,02,00,01,0.015906393344589397,"【支持正常的证据】
1. 房屋、树木、人物三个核心对象均能够清楚识别，并且基本完整。
2. 三个对象在画面中的大小适中，没有全部挤在极小区域，也没有明显超出或压迫整个画面。
3. 房、树、人之间保持自然、合理的空间距离，没有明显孤立或被大片空白强行分隔。
4. 三个对象能够形成基本连贯的场景，例如共享地面、方向一致、空间位置合理，整体看起来属于同一个环境，而不是三个互不相关的符号。
5. 整体构图稳定，没有明显失衡、极端偏向某个角落或严重碎片化。
6. 线条总体连续、自然、力度相对稳定，没有大量异常断裂、极端微弱或杂乱涂画。
7. 画面具有适量细节。可以简单，但主要对象的基本结构能够表达清楚。
8. 房屋、树木、人物的比例大致协调，没有极端小型化或比例失调。
9. 整体构图稳定且场景连贯，没有明显异常的大面积涂黑、极端小型化或异常隔离。
10. 人物身体主要结构完整，比例不存在严重失调。

【支持异常的证据】
1. 无明显异常特征。"
dataset/HTP/02/00/02_00_00_0041.png,02,00,01,0.012431653620200803,"【支持正常的证据】
1. 房屋、树木、人物三个核心对象均能够清楚识别，并且基本完整。
2. 三个对象在画面中的大小适中，没有全部挤在极小区域，也没有明显超出或压迫整个画面。
3. 房、树、人之间保持自然、合理的空间距离，没有明显孤立或被大片空白强行分隔。
4. 三个对象能够形成基本连贯的场景，例如共享地面、方向一致、空间位置合理，整体看起来属于同一个环境，而不是三个互不相关的符号。
5. 整体构图稳定，没有明显失衡、极端偏向某个角落或严重碎片化。
6. 线条总体连续、自然、力度相对稳定，没有大量异常断裂、极端微弱或杂乱涂画。
7. 画面具有适量细节。可以简单，但主要对象的基本结构能够表达清楚。
8. 房屋、树木、人物的比例大致协调，没有极端小型化或比例失调。
9. 整体构图稳定且场景连贯，没有明显异常的大面积涂黑、极端小型化或异常隔离。
10. 人物身体主要结构完整，比例不存在严重失调。

【支持异常的证据】
1. 无明显异常特征。"
dataset/HTP/02/00/02_00_00_0042.png,02,00,01,0.012431653620200803,"【支持正常的证据】
1. 房屋、树木、人物三个核心对象均能够清楚识别，并且基本完整。
2. 三个对象在画面中的大小适中，没有全部挤在极小区域，也没有明显超出或压迫整个画面。
3. 房、树、人之间保持自然、合理的空间距离，没有明显孤立或被大片空白强行分隔。
4. 三个对象能够形成基本连贯的场景，例如共享地面、方向一致、空间位置合理，整体看起来属于同一个环境，而不是三个互不相关的符号。
5. 整体构图稳定，没有明显失衡、极端偏向某个角落或严重碎片化。
6. 线条总体连续、自然、力度相对稳定，没有大量异常断裂、极端微弱或杂乱涂画。
7. 画面具有适量细节。可以简单，但主要对象的基本结构能够表达清楚。
8. 房屋、树木、人物的比例大致协调，没有极端小型化或比例失调。
9. 房屋、树木和人物的相对大小基本合理，没有非常极端的尺寸差异。
10. 人物身体主要结构完整，比例不存在严重失调。
11. 整体构图稳定且场景连贯，没有明显异常的大面积涂黑。
12. 人物和房屋、树木之间保持自然距离，没有极端隔离。
13. 画面中存在少量细节，如树木的枝干和房屋的轮廓，这些细节与整体构图协调。
14. 人物和房屋、树木之间没有明显的选择性结构缺失。

【支持异常的证据】
1. 无明显异常特征。"
dataset/HTP/02/00/02_00_00_0043.png,02,00,01,0.012431653620200803,"【支持正常的证据】
1. 房屋、树木、人物三个核心对象均能够清楚识别，并且基本完整。
2. 三个对象在画面中的大小适中，没有全部挤在极小区域，也没有明显超出或压迫整个画面。
3. 房、树、人之间保持自然、合理的空间距离，没有明显孤立或被大片空白强行分隔。
4. 三个对象能够形成基本连贯的场景，例如共享地面、方向一致、空间位置合理，整体看起来属于同一个环境，而不是三个互不相关的符号。
5. 整体构图稳定，没有明显失衡、极端偏向某个角落或严重碎片化。
6. 线条总体连续、自然、力度相对稳定，没有大量异常断裂、极端微弱或杂乱涂画。
7. 画面具有适量细节。可以简单，但主要对象的基本结构能够表达清楚。
8. 房屋、树木、人物的比例大致协调，没有极端小型化或比例失调。
9. 整体场景连贯，没有明显选择性结构缺失。
10. 线条自然、连续，没有异常大面积涂黑。

【支持异常的证据】
1. 无明显异常特征。"
dataset/HTP/02/00/02_00_00_0044.png,02,00,01,0.010986941578116865,"【支持正常的证据】
1. 房屋、树木、人物三个核心对象均能够清楚识别，并且基本完整。
2. 三个对象在画面中的大小适中，没有全部挤在极小区域，也没有明显超出或压迫整个画面。
3. 房、树、人之间保持自然、合理的空间距离，没有明显孤立或被大片空白强行分隔。
4. 三个对象能够形成基本连贯的场景，例如共享地面、方向一致、空间位置合理，整体看起来属于同一个环境，而不是三个互不相关的符号。
5. 整体构图稳定，没有明显失衡、极端偏向某个角落或严重碎片化。
6. 线条总体连续、自然、力度相对稳定，没有大量异常断裂、极端微弱或杂乱涂画。
7. 画面具有适量细节。可以简单，但主要对象的基本结构能够表达清楚。
8. 房屋、树木、人物的比例大致协调，没有极端小型化或比例失调。
9. 整体构图稳定且场景连贯，没有明显异常的大面积涂黑、极端小型化或异常隔离。
10. 人物身体主要结构完整，比例不存在严重失调。

【支持异常的证据】
1. 无明显异常特征。"
dataset/HTP/02/00/02_00_00_0045.png,02,00,01,0.014063626423394072,"【支持正常的证据】
1. 房屋、树木、人物三个核心对象均能够清楚识别，并且基本完整。
2. 三个对象在画面中的大小适中，没有全部挤在极小区域，也没有明显超出或压迫整个画面。
3. 房、树、人之间保持自然、合理的空间距离，没有明显孤立或被大片空白强行分隔。
4. 三个对象能够形成基本连贯的场景，例如共享地面、方向一致、空间位置合理，整体看起来属于同一个环境，而不是三个互不相关的符号。
5. 整体构图稳定，没有明显失衡、极端偏向某个角落或严重碎片化。
6. 线条总体连续、自然、力度相对稳定，没有大量异常断裂、极端微弱或杂乱涂画。
7. 画面具有适量细节。可以简单，但主要对象的基本结构能够表达清楚。
8. 房屋、树木、人物的比例大致协调，没有极端小型化或比例失调。
9. 整体构图稳定且场景连贯，没有明显异常的大面积涂黑、极端小型化或异常隔离。
10. 人物身体主要结构完整，比例不存在严重失调。

【支持异常的证据】
1. 无明显异常特征。"
dataset/HTP/02/00/02_00_00_0046.png,02,00,01,0.015906393344589397,"【支持正常的证据】
1. 房屋、树木、人物三个核心对象均能够清楚识别，并且基本完整。
2. 三个对象在画面中的大小适中，没有全部挤在极小区域，也没有明显超出或压迫整个画面。
3. 房、树、人之间保持自然、合理的空间距离，没有明显孤立或被大片空白强行分隔。
4. 三个对象能够形成基本连贯的场景，例如共享地面、方向一致、空间位置合理，整体看起来属于同一个环境，而不是三个互不相关的符号。
5. 整体构图稳定，没有明显失衡、极端偏向某个角落或严重碎片化。
6. 线条总体连续、自然、力度相对稳定，没有大量异常断裂、极端微弱或杂乱涂画。
7. 画面具有适量细节。可以简单，但主要对象的基本结构能够表达清楚。
8. 房屋、树木、人物的比例大致协调，没有极端小型化或比例失调。
9. 房屋、树木和人物的相对大小基本合理，没有非常极端的尺寸差异。
10. 人物身体主要结构完整，比例不存在严重失调。
11. 整体构图稳定且场景连贯，没有明显异常的大面积涂黑。
12. 人物没有明显选择性结构缺失，四肢和五官比例协调。
13. 房屋结构稳定，主要组成部分合理，没有明显倒塌、断裂或严重几何变形。
14. 树木结构自然，没有严重截断或畸形。
15. 房屋、树木和人物之间保持自然距离，没有某个对象被极端隔离。
16. 人物能够自然地处于房屋和树木形成的环境中，而不是完全脱离其他对象。

【支持异常的证据】
1. 无。"
dataset/HTP/02/00/02_00_00_0047.png,02,00,01,0.015906393344589397,"【支持正常的证据】
1. 房屋、树木、人物三个核心对象均能够清楚识别，并且基本完整。
2. 三个对象在画面中的大小适中，没有全部挤在极小区域，也没有明显超出或压迫整个画面。
3. 房、树、人之间保持自然、合理的空间距离，没有明显孤立或被大片空白强行分隔。
4. 三个对象能够形成基本连贯的场景，例如共享地面、方向一致、空间位置合理，整体看起来属于同一个环境，而不是三个互不相关的符号。
5. 整体构图稳定，没有明显失衡、极端偏向某个角落或严重碎片化。
6. 线条总体连续、自然、力度相对稳定，没有大量异常断裂、极端微弱或杂乱涂画。
7. 画面具有适量细节。可以简单，但主要对象的基本结构能够表达清楚。
8. 房屋、树木、人物的比例大致协调，没有极端小型化或比例失调。
9. 整体构图稳定，没有明显异常的大面积涂黑、极端小型化或异常隔离。
10. 人物身体主要结构完整，比例不存在严重失调。

【支持异常的证据】
1. 无明显异常特征。"
dataset/HTP/02/00/02_00_00_0048.png,02,00,01,0.2689414213699951,"【支持正常的证据】
1. 房屋、树木、人物三个核心对象均能够清楚识别，并且基本完整。
2. 三个对象在画面中的大小适中，没有全部挤在极小区域，也没有明显超出或压迫整个画面。
3. 房、树、人之间保持自然、合理的空间距离，没有明显孤立或被大片空白强行分隔。
4. 三个对象能够形成基本连贯的场景，例如共享地面、方向一致、空间位置合理，整体看起来属于同一个环境，而不是三个互不相关的符号。
5. 整体构图稳定，没有明显失衡、极端偏向某个角落或严重碎片化。
6. 线条总体连续、自然、力度相对稳定，没有大量异常断裂、极端微弱或杂乱涂画。
7. 画面具有适量细节。可以简单，但主要对象的基本结构能够表达清楚。
8. 房屋、树木、人物的比例大致协调，没有极端小型化或比例失调。
9. 整体场景连贯，没有明显选择性结构缺失。
10. 线条自然、连续，没有异常大面积涂黑。

【支持异常的证据】
1. 人物头部缺失，没有画出眼睛、鼻子、嘴巴等主要面部特征。
2. 树木的树冠被异常压缩或严重扁平。
3. 房屋的屋顶与墙体断开，表现出明显不稳定或坍塌感。
4. 房屋的烟囱产生大量、明显、被特别强调的烟雾。
5. 人物的身体结构存在明显断裂，手臂和腿没有画出。
6. 房屋、树木和人物之间存在明显隔离，无法组成基本连贯场景。"
dataset/HTP/02/00/02_00_00_0049.png,02,00,01,0.09534946232842245,"【支持正常的证据】
1. 房屋、树木、人物三个核心对象均能够清楚识别，并且基本完整。
2. 三个对象在画面中的大小适中，没有全部挤在极小区域，也没有明显超出或压迫整个画面。
3. 房、树、人之间保持自然、合理的空间距离，没有明显孤立或被大片空白强行分隔。
4. 三个对象能够形成基本连贯的场景，例如共享地面、方向一致、空间位置合理，整体看起来属于同一个环境，而不是三个互不相关的符号。
5. 整体构图稳定，没有明显失衡、极端偏向某个角落或严重碎片化。
6. 线条总体连续、自然、力度相对稳定，没有大量异常断裂、极端微弱或杂乱涂画。
7. 画面具有适量细节。可以简单，但主要对象的基本结构能够表达清楚。
8. 房屋、树木、人物的比例大致协调，没有极端小型化或比例失调。
9. 整体构图稳定且场景连贯，没有明显异常的大面积涂黑、极端小型化或异常隔离。
10. 人物身体主要结构完整，比例不存在严重失调。

【支持异常的证据】
1. 人物缺少脸部和头部，这是明显的结构缺失。
2. 房屋缺少门，这是选择性缺失的一个例子。
3. 树木缺少叶子，虽然这可能是绘画风格或季节性因素，但仍然算作一种缺失。
4. 房屋、树木和人物之间存在一定的空间距离，但并不极端，整体构图还算连贯。"
dataset/HTP/02/00/02_00_00_0050.png,02,00,01,0.014063626423394072,"【支持正常的证据】
1. 房屋、树木、人物三个核心对象均能够清楚识别，并且基本完整。
2. 三个对象在画面中的大小适中，没有全部挤在极小区域，也没有明显超出或压迫整个画面。
3. 房、树、人之间保持自然、合理的空间距离，没有明显孤立或被大片空白强行分隔。
4. 三个对象能够形成基本连贯的场景，例如共享地面、方向一致、空间位置合理，整体看起来属于同一个环境，而不是三个互不相关的符号。
5. 整体构图稳定，没有明显失衡、极端偏向某个角落或严重碎片化。
6. 线条总体连续、自然、力度相对稳定，没有大量异常断裂、极端微弱或杂乱涂画。
7. 画面具有适量细节。可以简单，但主要对象的基本结构能够表达清楚。
8. 房屋、树木、人物的比例大致协调，没有极端小型化或比例失调。
9. 整体场景连贯，没有明显选择性结构缺失。
10. 线条自然、连续，没有异常大面积涂黑。

【支持异常的证据】
1. 无明显异常特征。"
dataset/HTP/02/00/02_00_00_0051.png,02,00,01,0.03308597922294221,"【支持正常的证据】
1. 房屋、树木、人物三个核心对象均能够清楚识别，并且基本完整。
2. 三个对象在画面中的大小适中，没有全部挤在极小区域，也没有明显超出或压迫整个画面。
3. 房、树、人之间保持自然、合理的空间距离，没有明显孤立或被大片空白强行分隔。
4. 三个对象能够形成基本连贯的场景，例如共享地面、方向一致、空间位置合理，整体看起来属于同一个环境，而不是三个互不相关的符号。
5. 整体构图稳定，没有明显失衡、极端偏向某个角落或严重碎片化。
6. 线条总体连续、自然、力度相对稳定，没有大量异常断裂、极端微弱或杂乱涂画。
7. 画面具有适量细节。可以简单，但主要对象的基本结构能够表达清楚。
8. 房屋、树木、人物的比例大致协调，没有极端小型化或比例失调。
9. 整体构图稳定且场景连贯，没有明显异常的大面积涂黑、极端小型化或异常隔离。
10. 人物身体主要结构完整，比例不存在严重失调。

【支持异常的证据】
1. 人物缺少脸部，但整体结构仍然清晰。
2. 树木的树冠形状较为简单，但没有明显的异常截断或畸形。
3. 房屋的屋顶和墙壁结构较为简单，但没有明显的异常扭曲或断裂。
4. 人物缺少手臂，但整体结构仍然清晰。
5. 房屋、树木和人物之间保持自然距离，没有极端隔离。
6. 画面中没有明显的选择性结构缺失。
7. 整体构图稳定，没有明显异常的大面积涂黑或极端小型化。
8. 人物的表情中性，没有明显负面情绪的表现。"
dataset/HTP/02/00/02_00_00_0052.png,02,00,01,0.012431653620200803,"【支持正常的证据】
1. 房屋、树木、人物三个核心对象均能够清楚识别，并且基本完整。
2. 三个对象在画面中的大小适中，没有全部挤在极小区域，也没有明显超出或压迫整个画面。
3. 房、树、人之间保持自然、合理的空间距离，没有明显孤立或被大片空白强行分隔。
4. 三个对象能够形成基本连贯的场景，例如共享地面、方向一致、空间位置合理，整体看起来属于同一个环境，而不是三个互不相关的符号。
5. 整体构图稳定，没有明显失衡、极端偏向某个角落或严重碎片化。
6. 线条总体连续、自然、力度相对稳定，没有大量异常断裂、极端微弱或杂乱涂画。
7. 画面具有适量细节。可以简单，但主要对象的基本结构能够表达清楚。
8. 房屋、树木、人物的比例大致协调，没有极端小型化或比例失调。
9. 整体构图稳定且场景连贯，没有明显异常的大面积涂黑、极端小型化或异常隔离。
10. 人物身体主要结构完整，比例不存在严重失调。

【支持异常的证据】
1. 无明显异常特征。"
dataset/HTP/02/00/02_00_00_0053.png,02,00,01,0.0293122327122782,"【支持正常的证据】
1. 房屋、树木、人物三个核心对象均能够清楚识别，并且基本完整。
2. 三个对象在画面中的大小适中，没有全部挤在极小区域，也没有明显超出或压迫整个画面。
3. 房、树、人之间保持自然、合理的空间距离，没有明显孤立或被大片空白强行分隔。
4. 三个对象能够形成基本连贯的场景，例如共享地面、方向一致、空间位置合理，整体看起来属于同一个环境，而不是三个互不相关的符号。
5. 整体构图稳定，没有明显失衡、极端偏向某个角落或严重碎片化。
6. 线条总体连续、自然、力度相对稳定，没有大量异常断裂、极端微弱或杂乱涂画。
7. 画面具有适量细节。可以简单，但主要对象的基本结构能够表达清楚。
8. 房屋、树木、人物的比例大致协调，没有极端小型化或比例失调。
9. 整体构图稳定，没有明显异常的大面积涂黑、极端小型化或异常隔离。
10. 人物身体主要结构完整，比例不存在严重失调。

【支持异常的证据】
1. 人物缺少脸部和主要肢体，但这种缺失可能是由于绘画风格导致的，而非选择性缺失。
2. 房屋缺少窗户，但这种缺失可能是由于绘画风格导致的，而非选择性缺失。
3. 树木缺少叶子，但这种缺失可能是由于绘画风格导致的，而非选择性缺失。"
dataset/HTP/02/00/02_00_00_0054.png,02,00,01,0.0293122327122782,"【支持正常的证据】
1. 房屋、树木、人物三个核心对象均能够清楚识别，并且基本完整。
2. 三个对象在画面中的大小适中，没有全部挤在极小区域，也没有明显超出或压迫整个画面。
3. 房、树、人之间保持自然、合理的空间距离，没有明显孤立或被大片空白强行分隔。
4. 三个对象能够形成基本连贯的场景，例如共享地面、方向一致、空间位置合理，整体看起来属于同一个环境，而不是三个互不相关的符号。
5. 整体构图稳定，没有明显失衡、极端偏向某个角落或严重碎片化。
6. 线条总体连续、自然、力度相对稳定，没有大量异常断裂、极端微弱或杂乱涂画。
7. 画面具有适量细节。可以简单，但主要对象的基本结构能够表达清楚。
8. 房屋、树木、人物的比例大致协调，没有极端小型化或比例失调。
9. 整体场景连贯，没有明显选择性结构缺失。
10. 线条自然、连续，没有异常大面积涂黑。

【支持异常的证据】
1. 人物缺少头部，但整体结构基本完整。
2. 树木的树冠被夸张地画成圆形，但没有明显结构畸形。
3. 房屋的屋顶和烟囱被夸张地画成圆形，但没有明显结构畸形。
4. 房屋、树木和人物之间的空间距离较为合理，没有极端隔离。
5. 整体构图稳定，没有明显失衡或碎片化。
6. 线条自然、连续，没有极端微弱或杂乱涂画。
7. 画面具有适量细节，可以简单，但主要对象的基本结构能够表达清楚。"
dataset/HTP/02/00/02_00_00_0055.png,02,00,01,0.014063626423394072,"【支持正常的证据】
1. 房屋、树木、人物三个核心对象均能够清楚识别，并且基本完整。
2. 三个对象在画面中的大小适中，没有全部挤在极小区域，也没有明显超出或压迫整个画面。
3. 房、树、人之间保持自然、合理的空间距离，没有明显孤立或被大片空白强行分隔。
4. 三个对象能够形成基本连贯的场景，例如共享地面、方向一致、空间位置合理，整体看起来属于同一个环境。
5. 整体构图稳定，没有明显失衡、极端偏向某个角落或严重碎片化。
6. 线条总体连续、自然、力度相对稳定，没有大量异常断裂、极端微弱或杂乱涂画。
7. 画面具有适量细节。可以简单，但主要对象的基本结构能够表达清楚。
8. 房屋、树木、人物的比例大致协调，没有极端小型化。
9. 房屋、树木和人物之间的相对大小基本合理，没有非常极端的尺寸差异。
10. 人物身体主要结构完整，比例不存在严重失调。
11. 整体构图稳定且场景连贯，没有明显异常的大面积涂黑。
12. 人物没有明显的选择性结构缺失。
13. 画面中存在少量细节，如树木的枝叶和人物的衣着，但这些细节与整体构图协调。
14. 人物的姿势自然，没有明显异常的手势或表情。

【支持异常的证据】
1. 无明显异常特征。"
dataset/HTP/02/00/02_00_00_0056.png,02,00,01,0.01798621187025419,"【支持正常的证据】
1. 房屋、树木、人物三个核心对象均能够清楚识别，并且基本完整。
2. 三个对象在画面中的大小适中，没有全部挤在极小区域，也没有明显超出或压迫整个画面。
3. 房、树、人之间保持自然、合理的空间距离，没有明显孤立或被大片空白强行分隔。
4. 三个对象能够形成基本连贯的场景，例如共享地面、方向一致、空间位置合理，整体看起来属于同一个环境，而不是三个互不相关的符号。
5. 整体构图稳定，没有明显失衡、极端偏向某个角落或严重碎片化。
6. 线条总体连续、自然、力度相对稳定，没有大量异常断裂、极端微弱或杂乱涂画。
7. 画面具有适量细节。可以简单，但主要对象的基本结构能够表达清楚。
8. 房屋、树木、人物的比例大致协调，没有极端小型化或比例失调。
9. 整体构图稳定且场景连贯，没有明显异常的大面积涂黑、极端小型化或异常隔离。
10. 人物身体主要结构完整，比例不存在严重失调。

【支持异常的证据】
1. 无明显异常特征。"
dataset/HTP/02/00/02_00_00_0057.jpg,02,00,01,0.015906393344589397,"【支持正常的证据】
1. 房屋、树木、人物三个核心对象均能够清楚识别，并且基本完整。
2. 三个对象在画面中的大小适中，没有全部挤在极小区域，也没有明显超出或压迫整个画面。
3. 房、树、人之间保持自然、合理的空间距离，没有明显孤立或被大片空白强行分隔。
4. 三个对象能够形成基本连贯的场景，例如共享地面、方向一致、空间位置合理，整体看起来属于同一个环境，而不是三个互不相关的符号。
5. 整体构图稳定，没有明显失衡、极端偏向某个角落或严重碎片化。
6. 线条总体连续、自然、力度相对稳定，没有大量异常断裂、极端微弱或杂乱涂画。
7. 画面具有适量细节。可以简单，但主要对象的基本结构能够表达清楚。
8. 树木的树干、树冠、树枝等主要部分能够正常识别，整体结构基本完整。
9. 人物头部、躯干、手臂和腿等主要身体结构基本完整，连接关系自然。
10. 房屋、树木和人物的相对大小基本合理，没有非常极端的尺寸差异。
11. 人物能够自然地处于房屋和树木形成的环境中，而不是完全脱离其他对象。

【支持异常的证据】
1. 无。"
dataset/HTP/02/00/02_00_00_0058.png,02,00,01,0.012431653620200803,"【支持正常的证据】
1. 房屋、树木、人物三个核心对象均能够清楚识别，并且基本完整。
2. 三个对象在画面中的大小适中，没有全部挤在极小区域，也没有明显超出或压迫整个画面。
3. 房、树、人之间保持自然、合理的空间距离，没有明显孤立或被大片空白强行分隔。
4. 三个对象能够形成基本连贯的场景，例如共享地面、方向一致、空间位置合理，整体看起来属于同一个环境，而不是三个互不相关的符号。
5. 整体构图稳定，没有明显失衡、极端偏向某个角落或严重碎片化。
6. 线条总体连续、自然、力度相对稳定，没有大量异常断裂、极端微弱或杂乱涂画。
7. 画面具有适量细节。可以简单，但主要对象的基本结构能够表达清楚。
8. 房屋、树木、人物的比例大致协调，没有极端小型化或比例失调。
9. 整体构图稳定且场景连贯，没有明显异常的大面积涂黑、极端小型化或异常隔离。
10. 人物身体主要结构完整，比例不存在严重失调。

【支持异常的证据】
1. 无明显异常特征。"
dataset/HTP/02/00/02_00_00_0059.png,02,00,01,0.012431653620200803,"【支持正常的证据】
1. 房屋、树木、人物三个核心对象均能够清楚识别，并且基本完整。
2. 三个对象在画面中的大小适中，没有全部挤在极小区域，也没有明显超出或压迫整个画面。
3. 房、树、人之间保持自然、合理的空间距离，没有明显孤立或被大片空白强行分隔。
4. 三个对象能够形成基本连贯的场景，例如共享地面、方向一致、空间位置合理，整体看起来属于同一个环境，而不是三个互不相关的符号。
5. 整体构图稳定，没有明显失衡、极端偏向某个角落或严重碎片化。
6. 线条总体连续、自然、力度相对稳定，没有大量异常断裂、极端微弱或杂乱涂画。
7. 画面具有适量细节。可以简单，但主要对象的基本结构能够表达清楚。
8. 房屋、树木、人物的比例大致协调，没有极端小型化或比例失调。
9. 房屋结构稳定，墙体和屋顶没有明显倒塌、断裂或严重几何变形。
10. 树木结构自然，树干和树冠之间连接自然，比例基本合理。
11. 人物头部、躯干、手臂和腿等主要身体结构基本完整，连接关系自然。
12. 人物大小与房屋、树木和整个画布基本协调，不存在极端小型化。
13. 人物整体比例基本合理，没有明显选择性结构缺失。
14. 房屋、树木和人物的相对大小基本合理，没有非常极端的尺寸差异。
15. 三者之间保持自然距离，没有某个对象被极端隔离。
16. 整体构图稳定且场景连贯，人物能够自然地处于房屋和树木形成的环境中。

【支持异常的证据】
1. 无。"
dataset/HTP/02/00/02_00_00_0060.png,02,00,01,0.015906393344589397,"【支持正常的证据】
1. 房屋、树木、人物三个核心对象均能够清楚识别，并且基本完整。
2. 三个对象在画面中的大小适中，没有全部挤在极小区域，也没有明显超出或压迫整个画面。
3. 房、树、人之间保持自然、合理的空间距离，没有明显孤立或被大片空白强行分隔。
4. 三个对象能够形成基本连贯的场景，例如共享地面、方向一致、空间位置合理，整体看起来属于同一个环境，而不是三个互不相关的符号。
5. 整体构图稳定，没有明显失衡、极端偏向某个角落或严重碎片化。
6. 线条总体连续、自然、力度相对稳定，没有大量异常断裂、极端微弱或杂乱涂画。
7. 画面具有适量细节。可以简单，但主要对象的基本结构能够表达清楚。
8. 房屋、树木、人物的比例大致协调，没有极端小型化或比例失调。
9. 整体构图稳定且场景连贯，没有明显异常的大面积涂黑、极端小型化或异常隔离。
10. 人物身体主要结构完整，比例不存在严重失调。

【支持异常的证据】
1. 无明显异常特征。"
dataset/HTP/02/00/02_00_00_0061.png,02,00,01,0.09534946232842245,"【支持正常的证据】
1. 房屋、树木、人物三个核心对象均能够清楚识别，并且基本完整。
2. 三个对象在画面中的大小适中，没有全部挤在极小区域，也没有明显超出或压迫整个画面。
3. 房、树、人之间保持自然、合理的空间距离，没有明显孤立或被大片空白强行分隔。
4. 三个对象能够形成基本连贯的场景，例如共享地面、方向一致、空间位置合理，整体看起来属于同一个环境，而不是三个互不相关的符号。
5. 整体构图稳定，没有明显失衡、极端偏向某个角落或严重碎片化。
6. 线条总体连续、自然、力度相对稳定，没有大量异常断裂、极端微弱或杂乱涂画。
7. 画面具有适量细节。可以简单，但主要对象的基本结构能够表达清楚。
8. 没有大面积、无明显绘画目的的异常涂黑、重阴影或局部反复强调。

【支持异常的证据】
1. 房屋、树木、人物中的一个或多个核心对象完全缺失，且无法由裁剪、遮挡或画法解释。
2. 整幅画极度简化，只剩极少线条，大量重要结构同时消失，整体信息量异常低。
3. 房、树、人整体只占巨大画布中极小区域，周围存在大量空白。
4. 三个对象之间距离极端遥远，某个对象明显孤立，或者整个场景严重碎片化。
5. 对象像漂浮在不同区域，彼此几乎没有空间联系，整体场景严重不连贯。
6. 存在大量非常微弱、间断、犹豫、僵硬或严重潦草的线条。
7. 存在异常大面积涂黑、重度阴影或某个对象被明显过度强调。"
dataset/HTP/02/00/02_00_00_0062.png,02,00,01,0.012431653620200803,"【支持正常的证据】
1. 房屋、树木、人物三个核心对象均能够清楚识别，并且基本完整。
2. 三个对象在画面中的大小适中，没有全部挤在极小区域，也没有明显超出或压迫整个画面。
3. 房、树、人之间保持自然、合理的空间距离，没有明显孤立或被大片空白强行分隔。
4. 三个对象能够形成基本连贯的场景，例如共享地面、方向一致、空间位置合理，整体看起来属于同一个环境。
5. 整体构图稳定，没有明显失衡、极端偏向某个角落或严重碎片化。
6. 线条总体连续、自然、力度相对稳定，没有大量异常断裂、极端微弱或杂乱涂画。
7. 画面具有适量细节。可以简单，但主要对象的基本结构能够表达清楚。
8. 房屋、树木、人物的比例大致协调，没有极端小型化或比例失调。
9. 房屋结构稳定，主要组成部分合理，没有明显倒塌、断裂或严重几何变形。
10. 树木结构自然，没有严重截断或畸形。
11. 人物身体主要结构完整，比例不存在严重失调。
12. 整体构图稳定且场景连贯。
13. 线条自然、连续，没有异常大面积涂黑。
14. 没有明显的选择性结构缺失。
15. 仅存在少数能够由绘画水平、年龄、风格或普通构图解释的轻微异常。

【支持异常的证据】
1. 无。"
dataset/HTP/02/00/02_00_00_0063.png,02,00,01,0.010986941578116865,"【支持正常的证据】
1. 房屋、树木、人物三个核心对象均能够清楚识别，并且基本完整。
2. 三个对象在画面中的大小适中，没有全部挤在极小区域，也没有明显超出或压迫整个画面。
3. 房、树、人之间保持自然、合理的空间距离，没有明显孤立或被大片空白强行分隔。
4. 三个对象能够形成基本连贯的场景，例如共享地面、方向一致、空间位置合理，整体看起来属于同一个环境，而不是三个互不相关的符号。
5. 整体构图稳定，没有明显失衡、极端偏向某个角落或严重碎片化。
6. 线条总体连续、自然、力度相对稳定，没有大量异常断裂、极端微弱或杂乱涂画。
7. 画面具有适量细节。可以简单，但主要对象的基本结构能够表达清楚。
8. 房屋、树木、人物的比例大致协调，没有极端小型化或比例失调。
9. 房屋、树木和人物的相对大小基本合理，没有非常极端的尺寸差异。
10. 人物身体主要结构完整，比例不存在严重失调。
11. 整体构图稳定且场景连贯，没有明显异常的大面积涂黑。
12. 人物和房屋、树木之间保持自然距离，没有极端隔离。
13. 画面中存在少量细节，如房屋的窗户、树木的树枝等，但没有明显选择性结构缺失。
14. 人物的四肢虽然简单，但整体结构完整，没有明显断裂或错位。

【支持异常的证据】
1. 无。"
dataset/HTP/02/00/02_00_00_0064.png,02,00,01,0.025957357762928745,"【支持正常的证据】
1. 房屋、树木、人物三个核心对象均能够清楚识别，并且基本完整。
2. 三个对象在画面中的大小适中，没有全部挤在极小区域，也没有明显超出或压迫整个画面。
3. 房、树、人之间保持自然、合理的空间距离，没有明显孤立或被大片空白强行分隔。
4. 三个对象能够形成基本连贯的场景，例如共享地面、方向一致、空间位置合理，整体看起来属于同一个环境，而不是三个互不相关的符号。
5. 整体构图稳定，没有明显失衡、极端偏向某个角落或严重碎片化。
6. 线条总体连续、自然、力度相对稳定，没有大量异常断裂、极端微弱或杂乱涂画。
7. 画面具有适量细节。可以简单，但主要对象的基本结构能够表达清楚。
8. 房屋、树木、人物的比例大致协调，没有极端小型化或比例失调。
9. 整体场景连贯，没有明显选择性结构缺失。
10. 线条自然、连续，没有异常大面积涂黑。

【支持异常的证据】
1. 人物头部、躯干、手臂和腿等主要身体结构基本完整。
2. 人物各身体部分连接关系自然，没有明显断裂、错位或无法解释的结构缺失。
3. 人物整体比例基本合理。允许存在普通儿童画、简笔画、卡通画中的比例误差，不要求符合严格人体解剖比例。
4. 人物大小与房屋、树木和整个画布基本协调，不存在极端小型化。
5. 如果人物尺寸允许，眼睛、鼻子、嘴等主要面部特征基本存在；如果人物很小，没有绘制完整五官也可以是正常表现。
6. 人物采用火柴人、单线手臂或单线腿的简单风格时，如果整个人物风格统一并且结构完整，不能因为简单就判断异常。
7. 人物可以正面、侧面或其他姿势，只要身体结构基本合理，都可以属于正常表现。
8. 普通衣服填色、头发填色或身体局部自然阴影不能作为异常证据。
9. 面部表情自然、中性、微笑或其他与场景协调的普通表情，可以支持正常判断。
10. 即使人物没有明显表情，只要画法简单且没有其他异常支持，也不能因为表情中性就判断异常。"
dataset/HTP/02/00/02_00_00_0065.png,02,00,01,0.014063626423394072,"【支持正常的证据】
1. 房屋、树木、人物三个核心对象均能够清楚识别，并且基本完整。
2. 三个对象在画面中的大小适中，没有全部挤在极小区域，也没有明显超出或压迫整个画面。
3. 房、树、人之间保持自然、合理的空间距离，没有明显孤立或被大片空白强行分隔。
4. 三个对象能够形成基本连贯的场景，例如共享地面、方向一致、空间位置合理，整体看起来属于同一个环境，而不是三个互不相关的符号。
5. 整体构图稳定，没有明显失衡、极端偏向某个角落或严重碎片化。
6. 线条总体连续、自然、力度相对稳定，没有大量异常断裂、极端微弱或杂乱涂画。
7. 画面具有适量细节。可以简单，但主要对象的基本结构能够表达清楚。
8. 房屋、树木、人物的比例大致协调，没有极端小型化或比例失调。
9. 整体构图稳定且场景连贯，没有明显异常的大面积涂黑、极端小型化或异常隔离。
10. 人物身体主要结构完整，比例不存在严重失调。

【支持异常的证据】
1. 无。"
dataset/HTP/02/00/02_00_00_0066.png,02,00,01,0.010986941578116865,"【支持正常的证据】
1. 房屋、树木、人物三个核心对象均能够清楚识别，并且基本完整。
2. 三个对象在画面中的大小适中，没有全部挤在极小区域，也没有明显超出或压迫整个画面。
3. 房、树、人之间保持自然、合理的空间距离，没有明显孤立或被大片空白强行分隔。
4. 三个对象能够形成基本连贯的场景，例如共享地面、方向一致、空间位置合理，整体看起来属于同一个环境，而不是三个互不相关的符号。
5. 整体构图稳定，没有明显失衡、极端偏向某个角落或严重碎片化。
6. 线条总体连续、自然、力度相对稳定，没有大量异常断裂、极端微弱或杂乱涂画。
7. 画面具有适量细节。可以简单，但主要对象的基本结构能够表达清楚。
8. 房屋、树木、人物的比例大致协调，没有极端小型化或比例失调。
9. 整体构图稳定且场景连贯，没有明显异常的大面积涂黑、极端小型化或异常隔离。
10. 人物身体主要结构完整，比例不存在严重失调。

【支持异常的证据】
1. 无明显异常特征。"
dataset/HTP/02/00/02_00_00_0067.png,02,00,01,0.014063626423394072,"【支持正常的证据】
1. 房屋、树木、人物三个核心对象均能够清楚识别，并且基本完整。
2. 三个对象在画面中的大小适中，没有全部挤在极小区域，也没有明显超出或压迫整个画面。
3. 房、树、人之间保持自然、合理的空间距离，没有明显孤立或被大片空白强行分隔。
4. 三个对象能够形成基本连贯的场景，例如共享地面、方向一致、空间位置合理，整体看起来属于同一个环境，而不是三个互不相关的符号。
5. 整体构图稳定，没有明显失衡、极端偏向某个角落或严重碎片化。
6. 线条总体连续、自然、力度相对稳定，没有大量异常断裂、极端微弱或杂乱涂画。
7. 画面具有适量细节。可以简单，但主要对象的基本结构能够表达清楚。
8. 房屋、树木、人物的比例大致协调，没有极端小型化或比例失调。
9. 房屋、树木和人物之间的关系自然，没有极端隔离或不连贯的空间关系。
10. 线条自然、连续，没有异常大面积涂黑。

【支持异常的证据】
1. 无明显异常特征。"
dataset/HTP/02/00/02_00_00_0068.png,02,00,01,0.11920291732853862,"【支持正常的证据】
1. 房屋、树木、人物三个核心对象均能够清楚识别，并且基本完整。
2. 三个对象在画面中的大小适中，没有全部挤在极小区域，也没有明显超出或压迫整个画面。
3. 房、树、人之间保持自然、合理的空间距离，没有明显孤立或被大片空白强行分隔。
4. 三个对象能够形成基本连贯的场景，例如共享地面、方向一致、空间位置合理，整体看起来属于同一个环境，而不是三个互不相关的符号。
5. 整体构图稳定，没有明显失衡、极端偏向某个角落或严重碎片化。
6. 线条总体连续、自然、力度相对稳定，没有大量异常断裂、极端微弱或杂乱涂画。
7. 画面具有适量细节。可以简单，但主要对象的基本结构能够表达清楚。
8. 房屋、树木、人物的比例大致协调，没有极端小型化或比例失调。
9. 整体场景连贯，没有明显选择性结构缺失。
10. 线条自然、连续，没有异常大面积涂黑。

【支持异常的证据】
1. 房屋结构较完整，但明显选择性缺少门。
2. 树木相对于其他主体和画布极端微小。
3. 人物头部、躯干、手臂和腿等主要身体结构基本完整，但比例有些夸张。
4. 房屋、树木和人物之间距离极端遥远，人物明显孤立。
5. 存在大量非常微弱、间断、犹豫、僵硬或严重潦草的线条。"
dataset/HTP/02/00/02_00_00_0069.png,02,00,01,0.014063626423394072,"【支持正常的证据】
1. 房屋、树木、人物三个核心对象均能够清楚识别，并且基本完整。
2. 三个对象在画面中的大小适中，没有全部挤在极小区域，也没有明显超出或压迫整个画面。
3. 房、树、人之间保持自然、合理的空间距离，没有明显孤立或被大片空白强行分隔。
4. 三个对象能够形成基本连贯的场景，例如共享地面、方向一致、空间位置合理，整体看起来属于同一个环境，而不是三个互不相关的符号。
5. 整体构图稳定，没有明显失衡、极端偏向某个角落或严重碎片化。
6. 线条总体连续、自然、力度相对稳定，没有大量异常断裂、极端微弱或杂乱涂画。
7. 画面具有适量细节。可以简单，但主要对象的基本结构能够表达清楚。
8. 房屋、树木、人物的比例大致协调，没有极端小型化或比例失调。
9. 房屋、树木和人物之间的相对大小基本合理，没有非常极端的尺寸差异。
10. 人物身体主要结构完整，比例不存在严重失调。
11. 整体构图稳定且场景连贯，没有明显异常的大面积涂黑。
12. 人物没有明显选择性结构缺失，如缺少手臂或腿部。
13. 人物身体各部分连接关系自然，没有明显断裂、错位或无法解释的结构缺失。
14. 人物大小与房屋、树木和整个画布基本协调，不存在极端小型化。
15. 人物采用火柴人、单线手臂或单线腿的简单风格时，如果整个人物风格统一并且结构完整，不能因为简单就判断异常。
16. 人物可以正面、侧面或其他姿势，只要身体结构基本合理，都可以属于正常表现。
17. 人物没有明显异常的大面积涂黑。
18. 人物没有明显的选择性结构缺失，如缺少脸部或主要肢体。
19. 人物的表情自然、中性，可以支持正常判断。
20. 房屋、树木和人物之间保持自然距离，没有某个对象被极端隔离。
21. 人物能够自然地处于房屋和树木形成的环境中，而不是完全脱离其他对象。

【支持异常的证据】
1. 无明显异常特征。"
dataset/HTP/02/00/02_00_00_0070.png,02,00,01,0.012431653620200803,"【支持正常的证据】
1. 房屋、树木、人物三个核心对象均能够清楚识别，并且基本完整。
2. 三个对象在画面中的大小适中，没有全部挤在极小区域，也没有明显超出或压迫整个画面。
3. 房、树、人之间保持自然、合理的空间距离，没有明显孤立或被大片空白强行分隔。
4. 三个对象能够形成基本连贯的场景，例如共享地面、方向一致、空间位置合理，整体看起来属于同一个环境，而不是三个互不相关的符号。
5. 整体构图稳定，没有明显失衡、极端偏向某个角落或严重碎片化。
6. 线条总体连续、自然、力度相对稳定，没有大量异常断裂、极端微弱或杂乱涂画。
7. 画面具有适量细节。可以简单，但主要对象的基本结构能够表达清楚。
8. 房屋、树木、人物的比例大致协调，没有极端小型化或比例失调。
9. 整体构图稳定且场景连贯，没有明显异常的大面积涂黑、极端小型化或异常隔离。
10. 人物身体主要结构完整，比例不存在严重失调。

【支持异常的证据】
1. 无明显异常特征。"
dataset/HTP/02/00/02_00_00_0071.png,02,00,01,0.012431653620200803,"【支持正常的证据】
1. 房屋、树木、人物三个核心对象均能够清楚识别，并且基本完整。
2. 三个对象在画面中的大小适中，没有全部挤在极小区域，也没有明显超出或压迫整个画面。
3. 房、树、人之间保持自然、合理的空间距离，没有明显孤立或被大片空白强行分隔。
4. 三个对象能够形成基本连贯的场景，例如共享地面、方向一致、空间位置合理，整体看起来属于同一个环境，而不是三个互不相关的符号。
5. 整体构图稳定，没有明显失衡、极端偏向某个角落或严重碎片化。
6. 线条总体连续、自然、力度相对稳定，没有大量异常断裂、极端微弱或杂乱涂画。
7. 画面具有适量细节。可以简单，但主要对象的基本结构能够表达清楚。
8. 房屋、树木、人物的比例大致协调，没有极端小型化或比例失调。
9. 房屋结构稳定，主要组成部分合理，没有明显倒塌、断裂或严重几何变形。
10. 树木结构自然，没有严重截断或畸形。
11. 人物身体主要结构完整，比例不存在严重失调。
12. 整体构图稳定且场景连贯。
13. 线条自然、连续，没有异常大面积涂黑。
14. 没有明显的选择性结构缺失。
15. 仅存在少数能够由绘画水平、年龄、风格或普通构图解释的轻微异常。

【支持异常的证据】
1. 无。"
dataset/HTP/02/00/02_00_00_0072.png,02,00,01,0.014063626423394072,"【支持正常的证据】
1. 房屋、树木、人物三个核心对象均能够清楚识别，并且基本完整。
2. 三个对象在画面中的大小适中，没有全部挤在极小区域，也没有明显超出或压迫整个画面。
3. 房、树、人之间保持自然、合理的空间距离，没有明显孤立或被大片空白强行分隔。
4. 三个对象能够形成基本连贯的场景，例如共享地面、方向一致、空间位置合理，整体看起来属于同一个环境，而不是三个互不相关的符号。
5. 整体构图稳定，没有明显失衡、极端偏向某个角落或严重碎片化。
6. 线条总体连续、自然、力度相对稳定，没有大量异常断裂、极端微弱或杂乱涂画。
7. 画面具有适量细节。可以简单，但主要对象的基本结构能够表达清楚。
8. 房屋、树木、人物的比例大致协调，没有极端小型化或比例失调。
9. 整体构图稳定且场景连贯，没有明显异常的大面积涂黑、极端小型化或异常隔离。
10. 人物身体主要结构完整，比例不存在严重失调。

【支持异常的证据】
1. 无明显异常特征。"
dataset/HTP/02/00/02_00_00_0073.png,02,00,01,0.012431653620200803,"【支持正常的证据】
1. 房屋、树木、人物三个核心对象均能够清楚识别，并且基本完整。
2. 三个对象在画面中的大小适中，没有全部挤在极小区域，也没有明显超出或压迫整个画面。
3. 房、树、人之间保持自然、合理的空间距离，没有明显孤立或被大片空白强行分隔。
4. 三个对象能够形成基本连贯的场景，例如共享地面、方向一致、空间位置合理，整体看起来属于同一个环境，而不是三个互不相关的符号。
5. 整体构图稳定，没有明显失衡、极端偏向某个角落或严重碎片化。
6. 线条总体连续、自然、力度相对稳定，没有大量异常断裂、极端微弱或杂乱涂画。
7. 画面具有适量细节。可以简单，但主要对象的基本结构能够表达清楚。
8. 房屋、树木、人物的比例大致协调，没有极端小型化或比例失调。
9. 整体场景连贯，没有明显选择性结构缺失。
10. 线条自然、连续，没有异常大面积涂黑。

【支持异常的证据】
1. 无明显异常特征。"
dataset/HTP/02/00/02_00_00_0074.png,02,00,,,
dataset/HTP/02/00/02_00_00_0075.png,02,00,,,
dataset/HTP/02/00/02_00_00_0076.png,02,00,,,
dataset/HTP/02/00/02_00_00_0077.png,02,00,,,
dataset/HTP/02/00/02_00_00_0078.png,02,00,,,
dataset/HTP/02/00/02_00_00_0079.png,02,00,,,
dataset/HTP/02/00/02_00_00_0080.png,02,00,,,
dataset/HTP/02/00/02_00_00_0081.png,02,00,,,
dataset/HTP/02/00/02_00_00_0082.png,02,00,01,0.014063626423394072,"【支持正常的证据】
1. 房屋、树木、人物三个核心对象均能够清楚识别，并且基本完整。
2. 三个对象在画面中的大小适中，没有全部挤在极小区域，也没有明显超出或压迫整个画面。
3. 房、树、人之间保持自然、合理的空间距离，没有明显孤立或被大片空白强行分隔。
4. 三个对象能够形成基本连贯的场景，例如共享地面、方向一致、空间位置合理，整体看起来属于同一个环境，而不是三个互不相关的符号。
5. 整体构图稳定，没有明显失衡、极端偏向某个角落或严重碎片化。
6. 线条总体连续、自然、力度相对稳定，没有大量异常断裂、极端微弱或杂乱涂画。
7. 画面具有适量细节。可以简单，但主要对象的基本结构能够表达清楚。
8. 房屋、树木、人物的比例大致协调，没有极端小型化或比例失调。
9. 整体场景连贯，没有明显选择性结构缺失。
10. 线条自然、连续，没有异常大面积涂黑。

【支持异常的证据】
1. 无明显异常特征。"
dataset/HTP/02/00/02_00_00_0083.png,02,00,01,0.014063626423394072,"【支持正常的证据】
1. 房屋、树木、人物三个核心对象均能够清楚识别，并且基本完整。
2. 三个对象在画面中的大小适中，没有全部挤在极小区域，也没有明显超出或压迫整个画面。
3. 房、树、人之间保持自然、合理的空间距离，没有明显孤立或被大片空白强行分隔。
4. 三个对象能够形成基本连贯的场景，例如共享地面、方向一致、空间位置合理，整体看起来属于同一个环境，而不是三个互不相关的符号。
5. 整体构图稳定，没有明显失衡、极端偏向某个角落或严重碎片化。
6. 线条总体连续、自然、力度相对稳定，没有大量异常断裂、极端微弱或杂乱涂画。
7. 画面具有适量细节。可以简单，但主要对象的基本结构能够表达清楚。
8. 房屋、树木、人物的比例大致协调，没有极端小型化或比例失调。
9. 房屋结构稳定，墙体、屋顶等主要结构完整，没有明显倒塌、断裂或严重几何变形。
10. 树木结构自然，树干、树冠、树枝等主要部分能够正常识别，整体结构基本完整。
11. 人物头部、躯干、手臂和腿等主要身体结构基本完整，连接关系自然，没有明显断裂、错位或无法解释的结构缺失。
12. 人物大小与房屋、树木和整个画布基本协调，不存在极端小型化。
13. 房屋、树木和人物的相对大小基本合理，没有非常极端的尺寸差异。
14. 人物能够自然地处于房屋和树木形成的环境中，而不是完全脱离其他对象。
15. 线条自然、连续，没有异常大面积涂黑。

【支持异常的证据】
1. 无。"
dataset/HTP/02/00/02_00_00_0084.png,02,00,01,0.03308597922294221,"【支持正常的证据】
1. 房屋、树木、人物三个核心对象均能够清楚识别，并且基本完整。
2. 三个对象在画面中的大小适中，没有全部挤在极小区域，也没有明显超出或压迫整个画面。
3. 房、树、人之间保持自然、合理的空间距离，没有明显孤立或被大片空白强行分隔。
4. 三个对象能够形成基本连贯的场景，例如共享地面、方向一致、空间位置合理，整体看起来属于同一个环境。
5. 整体构图稳定，没有明显失衡、极端偏向某个角落或严重碎片化。
6. 线条总体连续、自然、力度相对稳定，没有大量异常断裂、极端微弱或杂乱涂画。
7. 画面具有适量细节。可以简单，但主要对象的基本结构能够表达清楚。
8. 房屋、树木、人物的比例大致协调，没有极端小型化。
9. 房屋、树木和人物的相对大小基本合理，没有非常极端的尺寸差异。
10. 人物身体主要结构完整，比例不存在严重失调。
11. 整体构图稳定且场景连贯，没有明显异常的大面积涂黑。
12. 人物没有明显选择性结构缺失，整体绘画风格统一。
13. 房屋结构稳定，主要组成部分合理。
14. 树木结构自然，没有严重截断或畸形。
15. 人物身体各部分连接关系自然，没有明显断裂、错位或无法解释的结构缺失。
16. 人物大小与房屋、树木和整个画布基本协调，不存在极端小型化。
17. 人物采用火柴人、单线手臂或单线腿的简单风格时，如果整个人物风格统一并且结构完整，不能因为简单就判断异常。
18. 人物可以正面、侧面或其他姿势，只要身体结构基本合理，都可以属于正常表现。
19. 人物没有明显选择性结构缺失，整体绘画风格统一。
20. 人物没有明显异常的大面积涂黑。
21. 人物没有明显选择性结构缺失，整体绘画风格统一。
22. 人物没有明显异常的大面积涂黑。
23. 人物没有明显选择性结构缺失，整体绘画风格统一。
24. 人物没有明显异常的大面积涂黑。
25. 人物没有明显选择性结构缺失，整体绘画风格统一。
26. 人物没有明显异常的大面积涂黑。
27. 人物没有明显选择性结构缺失，整体绘画风格统一。
28. 人物没有明显异常的大面积涂黑。
29. 人物没有明显选择性结构缺失，整体绘画风格统一。
30. 人物没有明显异常的大面积涂黑。
31. 人物"
dataset/HTP/02/00/02_00_00_0085.png,02,00,01,0.10669058897496679,"【支持正常的证据】
1. 房屋、树木、人物三个核心对象均能够清楚识别，并且基本完整。
2. 三个对象在画面中的大小适中，没有全部挤在极小区域，也没有明显超出或压迫整个画面。
3. 房、树、人之间保持自然、合理的空间距离，没有明显孤立或被大片空白强行分隔。
4. 三个对象能够形成基本连贯的场景，例如共享地面、方向一致、空间位置合理，整体看起来属于同一个环境，而不是三个互不相关的符号。
5. 整体构图稳定，没有明显失衡、极端偏向某个角落或严重碎片化。
6. 线条总体连续、自然、力度相对稳定，没有大量异常断裂、极端微弱或杂乱涂画。
7. 画面具有适量细节。可以简单，但主要对象的基本结构能够表达清楚。
8. 房屋、树木、人物的比例大致协调，没有极端小型化或比例失调。
9. 整体场景连贯，没有明显选择性结构缺失。
10. 线条自然、连续，没有异常大面积涂黑。

【支持异常的证据】
1. 房屋结构较完整，但明显选择性缺少门。
2. 树木相对于其他主体和画布极端微小。
3. 房屋、树木和人物之间距离极端遥远，某个对象明显孤立。
4. 树木的树干和树冠之间连接不自然，比例不合理。
5. 人物头部、躯干、手臂和腿等主要身体结构基本完整，但比例存在轻微失调。
6. 整体构图显得有些碎片化，缺乏连贯性。"
dataset/HTP/02/00/02_00_00_0086.png,02,00,01,0.012431653620200803,"【支持正常的证据】
1. 房屋、树木、人物三个核心对象均能够清楚识别，并且基本完整。
2. 三个对象在画面中的大小适中，没有全部挤在极小区域，也没有明显超出或压迫整个画面。
3. 房、树、人之间保持自然、合理的空间距离，没有明显孤立或被大片空白强行分隔。
4. 三个对象能够形成基本连贯的场景，例如共享地面、方向一致、空间位置合理，整体看起来属于同一个环境，而不是三个互不相关的符号。
5. 整体构图稳定，没有明显失衡、极端偏向某个角落或严重碎片化。
6. 线条总体连续、自然、力度相对稳定，没有大量异常断裂、极端微弱或杂乱涂画。
7. 画面具有适量细节。可以简单，但主要对象的基本结构能够表达清楚。
8. 房屋、树木、人物的比例大致协调，没有极端小型化或比例失调。
9. 整体场景连贯，没有明显选择性结构缺失。
10. 线条自然、连续，没有异常大面积涂黑。

【支持异常的证据】
1. 无。"
dataset/HTP/02/00/02_00_00_0087.png,02,00,01,0.012431653620200803,"【支持正常的证据】
1. 房屋、树木、人物三个核心对象均能够清楚识别，并且基本完整。
2. 三个对象在画面中的大小适中，没有全部挤在极小区域，也没有明显超出或压迫整个画面。
3. 房、树、人之间保持自然、合理的空间距离，没有明显孤立或被大片空白强行分隔。
4. 三个对象能够形成基本连贯的场景，例如共享地面、方向一致、空间位置合理，整体看起来属于同一个环境。
5. 整体构图稳定，没有明显失衡、极端偏向某个角落或严重碎片化。
6. 线条总体连续、自然、力度相对稳定，没有大量异常断裂、极端微弱或杂乱涂画。
7. 画面具有适量细节。可以简单，但主要对象的基本结构能够表达清楚。
8. 房屋、树木、人物的比例大致协调，没有极端小型化或比例失调。
9. 房屋结构稳定，主要组成部分合理，没有明显倒塌、断裂或严重几何变形。
10. 树木结构自然，没有严重截断或畸形。
11. 人物身体主要结构完整，比例不存在严重失调。
12. 整体构图稳定且场景连贯。
13. 线条自然、连续，没有异常大面积涂黑。
14. 没有明显的选择性结构缺失。
15. 仅存在少数能够由绘画水平、年龄、风格或普通构图解释的轻微异常。

【支持异常的证据】
1. 无明显异常特征。"
dataset/HTP/02/00/02_00_00_0088.png,02,00,01,0.015906393344589397,"【支持正常的证据】
1. 房屋、树木、人物三个核心对象均能够清楚识别，并且基本完整。
2. 三个对象在画面中的大小适中，没有全部挤在极小区域，也没有明显超出或压迫整个画面。
3. 房、树、人之间保持自然、合理的空间距离，没有明显孤立或被大片空白强行分隔。
4. 三个对象能够形成基本连贯的场景，例如共享地面、方向一致、空间位置合理，整体看起来属于同一个环境，而不是三个互不相关的符号。
5. 整体构图稳定，没有明显失衡、极端偏向某个角落或严重碎片化。
6. 线条总体连续、自然、力度相对稳定，没有大量异常断裂、极端微弱或杂乱涂画。
7. 画面具有适量细节。可以简单，但主要对象的基本结构能够表达清楚。
8. 如果存在草地、道路、太阳、云、花、地面等环境元素，并且与主体自然结合，可以作为场景完整和组织良好的积极证据。
9. 没有大面积、无明显绘画目的的异常涂黑、重阴影或局部反复强调。

【支持异常的证据】
1. 无明显异常特征。"
dataset/HTP/02/00/02_00_00_0089.png,02,00,01,0.010986941578116865,"【支持正常的证据】
1. 房屋、树木、人物三个核心对象均能够清楚识别，并且基本完整。
2. 三个对象在画面中的大小适中，没有全部挤在极小区域，也没有明显超出或压迫整个画面。
3. 房、树、人之间保持自然、合理的空间距离，没有明显孤立或被大片空白强行分隔。
4. 三个对象能够形成基本连贯的场景，例如共享地面、方向一致、空间位置合理，整体看起来属于同一个环境，而不是三个互不相关的符号。
5. 整体构图稳定，没有明显失衡、极端偏向某个角落或严重碎片化。
6. 线条总体连续、自然、力度相对稳定，没有大量异常断裂、极端微弱或杂乱涂画。
7. 画面具有适量细节。可以简单，但主要对象的基本结构能够表达清楚。
8. 房屋、树木、人物的比例大致协调，没有极端小型化或比例失调。
9. 房屋、树木和人物之间的相对大小基本合理，没有非常极端的尺寸差异。
10. 人物身体主要结构完整，比例不存在严重失调。
11. 整体构图稳定且场景连贯，没有明显异常的大面积涂黑。
12. 人物没有明显选择性结构缺失，如缺少手臂或腿部。
13. 房屋结构稳定，主要组成部分合理，没有明显倒塌、断裂或严重几何变形。
14. 树木结构自然，没有严重截断或畸形。
15. 人物采用火柴人风格，整体结构完整，没有明显异常。

【支持异常的证据】
1. 无。"
dataset/HTP/02/00/02_00_00_0090.png,02,00,01,0.014063626423394072,"【支持正常的证据】
1. 房屋、树木、人物三个核心对象均能够清楚识别，并且基本完整。
2. 三个对象在画面中的大小适中，没有全部挤在极小区域，也没有明显超出或压迫整个画面。
3. 房、树、人之间保持自然、合理的空间距离，没有明显孤立或被大片空白强行分隔。
4. 三个对象能够形成基本连贯的场景，例如共享地面、方向一致、空间位置合理，整体看起来属于同一个环境，而不是三个互不相关的符号。
5. 整体构图稳定，没有明显失衡、极端偏向某个角落或严重碎片化。
6. 线条总体连续、自然、力度相对稳定，没有大量异常断裂、极端微弱或杂乱涂画。
7. 画面具有适量细节。可以简单，但主要对象的基本结构能够表达清楚。
8. 房屋、树木、人物的比例大致协调，没有极端小型化或比例失调。
9. 房屋结构稳定，屋顶、墙壁等主要组成部分合理。
10. 树木结构自然，没有明显截断或畸形。
11. 人物身体主要结构完整，比例不存在严重失调。
12. 整体构图稳定且场景连贯。
13. 线条自然、连续，没有异常大面积涂黑。
14. 没有明显的选择性结构缺失。
15. 即使绘画较简单，其简化方式在整幅画中保持一致。

【支持异常的证据】
1. 无明显异常特征。"
dataset/HTP/02/00/02_00_00_0091.png,02,00,01,0.010986941578116865,"【支持正常的证据】
1. 房屋、树木、人物三个核心对象均能够清楚识别，并且基本完整。
2. 三个对象在画面中的大小适中，没有全部挤在极小区域，也没有明显超出或压迫整个画面。
3. 房、树、人之间保持自然、合理的空间距离，没有明显孤立或被大片空白强行分隔。
4. 三个对象能够形成基本连贯的场景，例如共享地面、方向一致、空间位置合理，整体看起来属于同一个环境，而不是三个互不相关的符号。
5. 整体构图稳定，没有明显失衡、极端偏向某个角落或严重碎片化。
6. 线条总体连续、自然、力度相对稳定，没有大量异常断裂、极端微弱或杂乱涂画。
7. 画面具有适量细节。可以简单，但主要对象的基本结构能够表达清楚。
8. 房屋、树木、人物的比例大致协调，没有极端小型化或比例失调。
9. 房屋结构稳定，墙体、屋顶等主要结构完整，没有明显倒塌、断裂或严重几何变形。
10. 树木结构自然，树干、树冠、树枝等主要部分能够正常识别，整体结构基本完整。
11. 人物头部、躯干、手臂和腿等主要身体结构基本完整，连接关系自然，没有明显断裂、错位或无法解释的结构缺失。
12. 人物大小与房屋、树木和整个画布基本协调，不存在极端小型化。
13. 房屋、树木和人物的相对大小基本合理，没有非常极端的尺寸差异。
14. 人物能够自然地处于房屋和树木形成的环境中，而不是完全脱离其他对象。
15. 线条自然、连续，没有异常大面积涂黑。

【支持异常的证据】
1. 无。"
dataset/HTP/02/00/02_00_00_0092.png,02,00,01,0.012431653620200803,"【支持正常的证据】
1. 房屋、树木、人物三个核心对象均能够清楚识别，并且基本完整。
2. 三个对象在画面中的大小适中，没有全部挤在极小区域，也没有明显超出或压迫整个画面。
3. 房、树、人之间保持自然、合理的空间距离，没有明显孤立或被大片空白强行分隔。
4. 三个对象能够形成基本连贯的场景，例如共享地面、方向一致、空间位置合理，整体看起来属于同一个环境。
5. 整体构图稳定，没有明显失衡、极端偏向某个角落或严重碎片化。
6. 线条总体连续、自然、力度相对稳定，没有大量异常断裂、极端微弱或杂乱涂画。
7. 画面具有适量细节。可以简单，但主要对象的基本结构能够表达清楚。
8. 房屋、树木、人物的比例大致协调，没有极端小型化或比例失调。
9. 房屋结构稳定，屋顶、烟囱、门窗等细节自然、适量并与房屋结构协调。
10. 树木结构自然，树干、树冠、树枝等主要部分能够正常识别，比例基本合理。
11. 人物头部、躯干、手臂和腿等主要身体结构基本完整，连接关系自然。
12. 人物大小与房屋、树木和整个画布基本协调，没有极端小型化。
13. 人物整体比例基本合理，没有明显选择性结构缺失。
14. 房屋、树木和人物的相对大小基本合理，没有非常极端的尺寸差异。
15. 三者之间保持自然距离，没有某个对象被极端隔离。
16. 整体构图稳定且场景连贯，线条自然、连续，没有异常大面积涂黑。

【支持异常的证据】
1. 无。"
dataset/HTP/02/00/02_00_00_0093.png,02,00,01,0.010986941578116865,"【支持正常的证据】
1. 房屋、树木、人物三个核心对象均能够清楚识别，并且基本完整。
2. 三个对象在画面中的大小适中，没有全部挤在极小区域，也没有明显超出或压迫整个画面。
3. 房、树、人之间保持自然、合理的空间距离，没有明显孤立或被大片空白强行分隔。
4. 三个对象能够形成基本连贯的场景，例如共享地面、方向一致、空间位置合理，整体看起来属于同一个环境。
5. 整体构图稳定，没有明显失衡、极端偏向某个角落或严重碎片化。
6. 线条总体连续、自然、力度相对稳定，没有大量异常断裂、极端微弱或杂乱涂画。
7. 画面具有适量细节。可以简单，但主要对象的基本结构能够表达清楚。
8. 房屋、树木、人物的比例大致协调，没有极端小型化或比例失调。
9. 房屋结构稳定，主要组成部分合理，没有明显倒塌、断裂或严重几何变形。
10. 树木结构自然，没有严重截断或畸形。
11. 人物身体主要结构完整，比例不存在严重失调。
12. 整体构图稳定且场景连贯。
13. 线条自然、连续，没有异常大面积涂黑。
14. 没有明显的选择性结构缺失。
15. 即使绘画较简单，其简化方式在整幅画中保持一致。

【支持异常的证据】
1. 无明显异常特征。"
dataset/HTP/02/00/02_00_00_0094.png,02,00,01,0.010986941578116865,"【支持正常的证据】
1. 房屋、树木、人物三个核心对象均能够清楚识别，并且基本完整。
2. 三个对象在画面中的大小适中，没有全部挤在极小区域，也没有明显超出或压迫整个画面。
3. 房、树、人之间保持自然、合理的空间距离，没有明显孤立或被大片空白强行分隔。
4. 三个对象能够形成基本连贯的场景，例如共享地面、方向一致、空间位置合理，整体看起来属于同一个环境。
5. 整体构图稳定，没有明显失衡、极端偏向某个角落或严重碎片化。
6. 线条总体连续、自然、力度相对稳定，没有大量异常断裂、极端微弱或杂乱涂画。
7. 画面具有适量细节。可以简单，但主要对象的基本结构能够表达清楚。
8. 房屋、树木、人物的比例大致协调，没有极端小型化或比例失调。
9. 房屋结构稳定，没有明显倒塌、断裂或严重几何变形。
10. 树木结构自然，没有明显截断或畸形。
11. 人物身体主要结构完整，比例不存在严重失调。
12. 整体构图稳定且场景连贯。
13. 线条自然、连续，没有异常大面积涂黑。
14. 没有明显的选择性结构缺失。
15. 仅存在少数能够由绘画水平、年龄、风格或普通构图解释的轻微异常。

【支持异常的证据】
1. 无。"
dataset/HTP/02/00/02_00_00_0095.jpg,02,00,01,0.060086650384398026,"【支持正常的证据】
1. 房屋、树木、人物三个核心对象均能够清楚识别，并且基本完整。
2. 三个对象在画面中的大小适中，没有全部挤在极小区域，也没有明显超出或压迫整个画面。
3. 房、树、人之间保持自然、合理的空间距离，没有明显孤立或被大片空白强行分隔。
4. 三个对象能够形成基本连贯的场景，例如共享地面、方向一致、空间位置合理，整体看起来属于同一个环境，而不是三个互不相关的符号。
5. 整体构图稳定，没有明显失衡、极端偏向某个角落或严重碎片化。
6. 线条总体连续、自然、力度相对稳定，没有大量异常断裂、极端微弱或杂乱涂画。
7. 画面具有适量细节。可以简单，但主要对象的基本结构能够表达清楚。
8. 如果存在草地、道路、太阳、云、花、地面等环境元素，并且与主体自然结合，可以作为场景完整和组织良好的积极证据。
9. 没有大面积、无明显绘画目的的异常涂黑、重阴影或局部反复强调。

【支持异常的证据】
1. 房屋、树木、人物中的一个或多个核心对象完全缺失，且无法由裁剪、遮挡或画法解释。
2. 整幅画极度简化，只剩极少线条，大量重要结构同时消失，整体信息量异常低。
3. 房、树、人整体只占巨大画布中极小区域，周围存在大量空白。
4. 三个对象之间距离极端遥远，某个对象明显孤立，或者整个场景严重碎片化。
5. 对象像漂浮在不同区域，彼此几乎没有空间联系，整体场景严重不连贯。
6. 存在大量非常微弱、间断、犹豫、僵硬或严重潦草的线条。
7. 存在异常大面积涂黑、重度阴影或某个对象被明显过度强调。"
dataset/HTP/02/00/02_00_00_0096.jpg,02,00,01,0.18242551491653522,"【支持正常的证据】
1. 房屋、树木、人物三个核心对象均能够清楚识别，并且基本完整。
2. 三个对象在画面中的大小适中，没有全部挤在极小区域，也没有明显超出或压迫整个画面。
3. 房、树、人之间保持自然、合理的空间距离，没有明显孤立或被大片空白强行分隔。
4. 三个对象能够形成基本连贯的场景，例如共享地面、方向一致、空间位置合理，整体看起来属于同一个环境，而不是三个互不相关的符号。
5. 整体构图稳定，没有明显失衡、极端偏向某个角落或严重碎片化。
6. 线条总体连续、自然、力度相对稳定，没有大量异常断裂、极端微弱或杂乱涂画。
7. 画面具有适量细节。可以简单，但主要对象的基本结构能够表达清楚。
8. 房屋、树木、人物的比例大致协调，没有极端小型化或比例失调。
9. 整体构图稳定且场景连贯，没有明显异常的大面积涂黑、极端小型化或异常隔离。
10. 人物身体主要结构完整，比例不存在严重失调。

【支持异常的证据】
1. 人物缺少手臂，手臂被选择性省略。
2. 树木的树干和树冠之间存在明显不自然的连接关系，树冠被异常压缩或严重扁平。
3. 房屋的屋顶与墙体断开，表现出明显不稳定或坍塌感。
4. 房屋的窗户位置和数量不合理，窗户被选择性省略。
5. 房屋的屋顶存在异常密集、反复、明显失衡的装饰或强调。"
dataset/HTP/02/00/02_00_00_0097.jpg,02,00,01,0.010986941578116865,"【支持正常的证据】
1. 房屋、树木、人物三个核心对象均能够清楚识别，并且基本完整。
2. 三个对象在画面中的大小适中，没有全部挤在极小区域，也没有明显超出或压迫整个画面。
3. 房、树、人之间保持自然、合理的空间距离，没有明显孤立或被大片空白强行分隔。
4. 三个对象能够形成基本连贯的场景，例如共享地面、方向一致、空间位置合理，整体看起来属于同一个环境。
5. 整体构图稳定，没有明显失衡、极端偏向某个角落或严重碎片化。
6. 线条总体连续、自然、力度相对稳定，没有大量异常断裂、极端微弱或杂乱涂画。
7. 画面具有适量细节。可以简单，但主要对象的基本结构能够表达清楚。
8. 房屋、树木、人物的比例大致协调，没有极端小型化或比例失调。
9. 房屋结构稳定，墙体、屋顶等主要结构完整。
10. 树木结构自然，没有明显截断或畸形。
11. 人物身体主要结构完整，比例不存在严重失调。
12. 整体构图稳定且场景连贯。
13. 线条自然、连续，没有异常大面积涂黑。
14. 没有明显的选择性结构缺失。
15. 仅存在少数能够由绘画水平、年龄、风格或普通构图解释的轻微异常。

【支持异常的证据】
1. 无。"
dataset/HTP/02/00/02_00_00_0098.jpg,02,00,01,0.012431653620200803,"【支持正常的证据】
1. 房屋、树木、人物三个核心对象均能够清楚识别，并且基本完整。
2. 三个对象在画面中的大小适中，没有全部挤在极小区域，也没有明显超出或压迫整个画面。
3. 房、树、人之间保持自然、合理的空间距离，没有明显孤立或被大片空白强行分隔。
4. 三个对象能够形成基本连贯的场景，例如共享地面、方向一致、空间位置合理，整体看起来属于同一个环境，而不是三个互不相关的符号。
5. 整体构图稳定，没有明显失衡、极端偏向某个角落或严重碎片化。
6. 线条总体连续、自然、力度相对稳定，没有大量异常断裂、极端微弱或杂乱涂画。
7. 画面具有适量细节。可以简单，但主要对象的基本结构能够表达清楚。
8. 房屋、树木、人物的比例大致协调，没有极端小型化或比例失调。
9. 房屋、树木和人物的相对大小基本合理，没有非常极端的尺寸差异。
10. 人物身体主要结构完整，比例不存在严重失调。
11. 整体构图稳定且场景连贯，没有明显异常的大面积涂黑。
12. 人物没有明显选择性结构缺失，四肢和五官比例协调。
13. 房屋结构稳定，主要组成部分合理。
14. 树木结构自然，没有严重截断或畸形。
15. 房屋、树木和人物之间保持自然距离，没有某个对象被极端隔离。
16. 人物能够自然地处于房屋和树木形成的环境中，而不是完全脱离其他对象。

【支持异常的证据】
1. 无明显异常特征。"
dataset/HTP/02/00/02_00_00_0099.jpg,02,00,01,0.009708474753363424,"【支持正常的证据】
1. 房屋、树木、人物三个核心对象均能够清楚识别，并且基本完整。
2. 三个对象在画面中的大小适中，没有全部挤在极小区域，也没有明显超出或压迫整个画面。
3. 房、树、人之间保持自然、合理的空间距离，没有明显孤立或被大片空白强行分隔。
4. 三个对象能够形成基本连贯的场景，例如共享地面、方向一致、空间位置合理，整体看起来属于同一个环境。
5. 整体构图稳定，没有明显失衡、极端偏向某个角落或严重碎片化。
6. 线条总体连续、自然、力度相对稳定，没有大量异常断裂、极端微弱或杂乱涂画。
7. 画面具有适量细节。可以简单，但主要对象的基本结构能够表达清楚。
8. 房屋、树木、人物的比例大致协调，没有极端小型化或比例失调。
9. 整体场景连贯，没有明显选择性结构缺失。
10. 线条自然、连续，没有异常大面积涂黑。

【支持异常的证据】
1. 无明显异常特征。"
dataset/HTP/02/00/02_00_00_0100.jpg,02,00,01,0.025957357762928745,"【支持正常的证据】
1. 房屋、树木、人物三个核心对象均能够清楚识别，并且基本完整。
2. 三个对象在画面中的大小适中，没有全部挤在极小区域，也没有明显超出或压迫整个画面。
3. 房、树、人之间保持自然、合理的空间距离，没有明显孤立或被大片空白强行分隔。
4. 三个对象能够形成基本连贯的场景，例如共享地面、方向一致、空间位置合理，整体看起来属于同一个环境。
5. 整体构图稳定，没有明显失衡、极端偏向某个角落或严重碎片化。
6. 线条总体连续、自然、力度相对稳定，没有大量异常断裂、极端微弱或杂乱涂画。
7. 画面具有适量细节。可以简单，但主要对象的基本结构能够表达清楚。
8. 没有大面积、无明显绘画目的的异常涂黑、重阴影或局部反复强调。

【支持异常的证据】
1. 房屋、树木、人物中的一个或多个核心对象完全缺失，且无法由裁剪、遮挡或画法解释。
2. 整幅画极度简化，只剩极少线条，大量重要结构同时消失，整体信息量异常低。
3. 房、树、人整体只占巨大画布中极小区域，周围存在大量空白。
4. 三个对象之间距离极端遥远，某个对象明显孤立，或者整个场景严重碎片化。
5. 存在大量非常微弱、间断、犹豫、僵硬或严重潦草的线条。
6. 存在异常大面积涂黑、重度阴影或某个对象被明显过度强调。"
dataset/HTP/02/00/02_00_00_0101.jpg,02,00,01,0.03308597922294221,"【支持正常的证据】
1. 房屋、树木、人物三个核心对象均能够清楚识别，并且基本完整。
2. 三个对象在画面中的大小适中，没有全部挤在极小区域，也没有明显超出或压迫整个画面。
3. 房、树、人之间保持自然、合理的空间距离，没有明显孤立或被大片空白强行分隔。
4. 三个对象能够形成基本连贯的场景，例如共享地面、方向一致、空间位置合理，整体看起来属于同一个环境，而不是三个互不相关的符号。
5. 整体构图稳定，没有明显失衡、极端偏向某个角落或严重碎片化。
6. 线条总体连续、自然、力度相对稳定，没有大量异常断裂、极端微弱或杂乱涂画。
7. 画面具有适量细节。可以简单，但主要对象的基本结构能够表达清楚。
8. 如果存在草地、道路、太阳、云、花、地面等环境元素，并且与主体自然结合，可以作为场景完整和组织良好的积极证据。
9. 没有大面积、无明显绘画目的的异常涂黑、重阴影或局部反复强调。

【支持异常的证据】
1. 房屋、树木、人物中的一个或多个核心对象完全缺失，且无法由裁剪、遮挡或画法解释。
2. 整幅画极度简化，只剩极少线条，大量重要结构同时消失，整体信息量异常低。
3. 房、树、人整体只占巨大画布中极小区域，周围存在大量空白。
4. 三个对象之间距离极端遥远，某个对象明显孤立，或者整个场景严重碎片化。
5. 对象像漂浮在不同区域，彼此几乎没有空间联系，整体场景严重不连贯。
6. 存在大量非常微弱、间断、犹豫、僵硬或严重潦草的线条。
7. 存在异常大面积涂黑、重度阴影或某个对象被明显过度强调。"
dataset/HTP/02/00/02_00_00_0102.jpg,02,00,01,0.053403324903538434,"【支持正常的证据】
1. 房屋、树木、人物三个核心对象均能够清楚识别，并且基本完整。
2. 三个对象在画面中的大小适中，没有全部挤在极小区域，也没有明显超出或压迫整个画面。
3. 房、树、人之间保持自然、合理的空间距离，没有明显孤立或被大片空白强行分隔。
4. 三个对象能够形成基本连贯的场景，例如共享地面、方向一致、空间位置合理，整体看起来属于同一个环境，而不是三个互不相关的符号。
5. 整体构图稳定，没有明显失衡、极端偏向某个角落或严重碎片化。
6. 线条总体连续、自然、力度相对稳定，没有大量异常断裂、极端微弱或杂乱涂画。
7. 画面具有适量细节。可以简单，但主要对象的基本结构能够表达清楚。
8. 房屋、树木、人物的比例大致协调，没有极端小型化或比例失调。
9. 整体场景连贯，没有明显选择性结构缺失。
10. 线条自然、连续，没有异常大面积涂黑。

【支持异常的证据】
1. 房屋、树木、人物中的一个或多个核心对象完全缺失，且无法由裁剪、遮挡或画法解释。
2. 整幅画极度简化，只剩极少线条，大量重要结构同时消失，整体信息量异常低。
3. 房、树、人整体只占巨大画布中极小区域，周围存在大量空白。
4. 三个对象之间距离极端遥远，某个对象明显孤立，或者整个场景严重碎片化。
5. 存在大量非常微弱、间断、犹豫、僵硬或严重潦草的线条。
6. 存在异常大面积涂黑、重度阴影或某个对象被明显过度强调。"
dataset/HTP/02/00/02_00_00_0103.jpg,02,00,01,0.009708474753363424,"【支持正常的证据】
1. 房屋、树木、人物三个核心对象均能够清楚识别，并且基本完整。
2. 三个对象在画面中的大小适中，没有全部挤在极小区域，也没有明显超出或压迫整个画面。
3. 房、树、人之间保持自然、合理的空间距离，没有明显孤立或被大片空白强行分隔。
4. 三个对象能够形成基本连贯的场景，例如共享地面、方向一致、空间位置合理，整体看起来属于同一个环境，而不是三个互不相关的符号。
5. 整体构图稳定，没有明显失衡、极端偏向某个角落或严重碎片化。
6. 线条总体连续、自然、力度相对稳定，没有大量异常断裂、极端微弱或杂乱涂画。
7. 画面具有适量细节。可以简单，但主要对象的基本结构能够表达清楚。
8. 房屋、树木、人物的比例大致协调，没有极端小型化或比例失调。
9. 房屋、树木和人物的相对大小基本合理，没有非常极端的尺寸差异。
10. 人物身体主要结构完整，比例不存在严重失调。
11. 整体构图稳定且场景连贯，没有明显异常的大面积涂黑。
12. 线条自然、连续，没有异常大面积涂黑。
13. 人物和房屋、树木之间保持自然距离，没有极端隔离。
14. 人物能够自然地处于房屋和树木形成的环境中，而不是完全脱离其他对象。

【支持异常的证据】
1. 无明显异常特征。"
dataset/HTP/02/00/02_00_00_0104.jpg,02,00,01,0.022977372418942873,"【支持正常的证据】
1. 房屋、树木、人物三个核心对象均能够清楚识别，并且基本完整。
2. 三个对象在画面中的大小适中，没有全部挤在极小区域，也没有明显超出或压迫整个画面。
3. 房、树、人之间保持自然、合理的空间距离，没有明显孤立或被大片空白强行分隔。
4. 三个对象能够形成基本连贯的场景，例如共享地面、方向一致、空间位置合理，整体看起来属于同一个环境。
5. 整体构图稳定，没有明显失衡、极端偏向某个角落或严重碎片化。
6. 线条总体连续、自然、力度相对稳定，没有大量异常断裂、极端微弱或杂乱涂画。
7. 画面具有适量细节。可以简单，但主要对象的基本结构能够表达清楚。
8. 房屋、树木、人物之间保持自然的距离，没有极端隔离。
9. 整体构图协调，没有大面积异常涂黑或阴影。

【支持异常的证据】
1. 人物缺少手臂，但整体结构仍然保持完整。
2. 树木的树冠部分有少量重复的线条，但整体结构仍然自然。
3. 房屋的屋顶和烟囱部分有少量重复的线条，但整体结构仍然稳定。"
dataset/HTP/02/00/02_00_00_0105.jpg,02,00,01,0.00857748525531428,"【支持正常的证据】
1. 房屋、树木、人物三个核心对象均能够清楚识别，并且基本完整。
2. 三个对象在画面中的大小适中，没有全部挤在极小区域，也没有明显超出或压迫整个画面。
3. 房、树、人之间保持自然、合理的空间距离，没有明显孤立或被大片空白强行分隔。
4. 三个对象能够形成基本连贯的场景，例如共享地面、方向一致、空间位置合理，整体看起来属于同一个环境，而不是三个互不相关的符号。
5. 整体构图稳定，没有明显失衡、极端偏向某个角落或严重碎片化。
6. 线条总体连续、自然、力度相对稳定，没有大量异常断裂、极端微弱或杂乱涂画。
7. 画面具有适量细节。可以简单，但主要对象的基本结构能够表达清楚。
8. 房屋、树木、人物的比例大致协调，没有极端小型化或比例失调。
9. 房屋结构稳定，主要组成部分合理，没有明显倒塌、断裂或严重几何变形。
10. 树木结构自然，没有严重截断或畸形。
11. 人物身体主要结构完整，比例不存在严重失调。
12. 整体构图稳定且场景连贯。
13. 线条自然、连续，没有异常大面积涂黑。
14. 没有明显的选择性结构缺失。
15. 即使绘画较简单，其简化方式在整幅画中保持一致。
16. 仅存在少数能够由绘画水平、年龄、风格或普通构图解释的轻微异常。

【支持异常的证据】
1. 无明显异常特征。"
dataset/HTP/02/00/02_00_00_0106.jpg,02,00,01,0.010986941578116865,"【支持正常的证据】
1. 房屋、树木、人物三个核心对象均能够清楚识别，并且基本完整。
2. 三个对象在画面中的大小适中，没有全部挤在极小区域，也没有明显超出或压迫整个画面。
3. 房、树、人之间保持自然、合理的空间距离，没有明显孤立或被大片空白强行分隔。
4. 三个对象能够形成基本连贯的场景，例如共享地面、方向一致、空间位置合理，整体看起来属于同一个环境，而不是三个互不相关的符号。
5. 整体构图稳定，没有明显失衡、极端偏向某个角落或严重碎片化。
6. 线条总体连续、自然、力度相对稳定，没有大量异常断裂、极端微弱或杂乱涂画。
7. 画面具有适量细节。可以简单，但主要对象的基本结构能够表达清楚。
8. 房屋、树木、人物的比例大致协调，没有极端小型化或比例失调。
9. 房屋、树木和人物的相对大小基本合理，没有非常极端的尺寸差异。
10. 人物身体主要结构完整，比例不存在严重失调。
11. 整体构图稳定且场景连贯，没有明显异常的大面积涂黑。
12. 人物没有明显选择性结构缺失，例如没有缺少手臂或腿部。
13. 房屋结构稳定，主要组成部分合理。
14. 树木结构自然，没有严重截断或畸形。
15. 人物身体各部分连接关系自然，没有明显断裂、错位或无法解释的结构缺失。
16. 人物大小与房屋、树木和整个画布基本协调，不存在极端小型化。
17. 人物采用火柴人、单线手臂或单线腿的简单风格时，如果整个人物风格统一并且结构完整，不能因为简单就判断异常。
18. 人物可以正面、侧面或其他姿势，只要身体结构基本合理，都可以属于正常表现。
19. 人物没有明显异常的大面积涂黑。
20. 人物没有明显选择性结构缺失，例如没有缺少脸部或主要肢体。

【支持异常的证据】
1. 无。"
dataset/HTP/02/00/02_00_00_0107.jpg,02,00,01,0.06754668832401889,"【支持正常的证据】
1. 房屋、树木、人物三个核心对象均能够清楚识别，并且基本完整。
2. 三个对象在画面中的大小适中，没有全部挤在极小区域，也没有明显超出或压迫整个画面。
3. 房、树、人之间保持自然、合理的空间距离，没有明显孤立或被大片空白强行分隔。
4. 三个对象能够形成基本连贯的场景，例如共享地面、方向一致、空间位置合理，整体看起来属于同一个环境，而不是三个互不相关的符号。
5. 整体构图稳定，没有明显失衡、极端偏向某个角落或严重碎片化。
6. 线条总体连续、自然、力度相对稳定，没有大量异常断裂、极端微弱或杂乱涂画。
7. 画面具有适量细节。可以简单，但主要对象的基本结构能够表达清楚。
8. 如果存在草地、道路、太阳、云、花、地面等环境元素，并且与主体自然结合，可以作为场景完整和组织良好的积极证据。
9. 没有大面积、无明显绘画目的的异常涂黑、重阴影或局部反复强调。

【支持异常的证据】
1. 房屋、树木、人物中的一个或多个核心对象完全缺失，且无法由裁剪、遮挡或画法解释。
2. 整幅画极度简化，只剩极少线条，大量重要结构同时消失，整体信息量异常低。
3. 房、树、人整体只占巨大画布中极小区域，周围存在大量空白。
4. 三个对象之间距离极端遥远，某个对象明显孤立，或者整个场景严重碎片化。
5. 对象像漂浮在不同区域，彼此几乎没有空间联系，整体场景严重不连贯。
6. 存在大量非常微弱、间断、犹豫、僵硬或严重潦草的线条。
7. 存在异常大面积涂黑、重度阴影或某个对象被明显过度强调。"
dataset/HTP/02/00/02_00_00_0108.jpg,02,00,01,0.010986941578116865,"【支持正常的证据】
1. 房屋、树木、人物三个核心对象均能够清楚识别，并且基本完整。
2. 三个对象在画面中的大小适中，没有全部挤在极小区域，也没有明显超出或压迫整个画面。
3. 房、树、人之间保持自然、合理的空间距离，没有明显孤立或被大片空白强行分隔。
4. 三个对象能够形成基本连贯的场景，例如共享地面、方向一致、空间位置合理，整体看起来属于同一个环境。
5. 整体构图稳定，没有明显失衡、极端偏向某个角落或严重碎片化。
6. 线条总体连续、自然、力度相对稳定，没有大量异常断裂、极端微弱或杂乱涂画。
7. 画面具有适量细节。可以简单，但主要对象的基本结构能够表达清楚。
8. 房屋、树木、人物的比例大致协调，没有极端小型化。
9. 房屋、树木和人物之间的关系自然，没有极端隔离。
10. 整体场景连贯，没有明显选择性结构缺失。

【支持异常的证据】
1. 无。"
dataset/HTP/02/00/02_00_00_0109.jpg,02,00,01,0.014063626423394072,"【支持正常的证据】
1. 房屋、树木、人物三个核心对象均能够清楚识别，并且基本完整。
2. 三个对象在画面中的大小适中，没有全部挤在极小区域，也没有明显超出或压迫整个画面。
3. 房、树、人之间保持自然、合理的空间距离，没有明显孤立或被大片空白强行分隔。
4. 三个对象能够形成基本连贯的场景，例如共享地面、方向一致、空间位置合理，整体看起来属于同一个环境，而不是三个互不相关的符号。
5. 整体构图稳定，没有明显失衡、极端偏向某个角落或严重碎片化。
6. 线条总体连续、自然、力度相对稳定，没有大量异常断裂、极端微弱或杂乱涂画。
7. 画面具有适量细节。可以简单，但主要对象的基本结构能够表达清楚。
8. 如果存在草地、道路、太阳、云、花、地面等环境元素，并且与主体自然结合，可以作为场景完整和组织良好的积极证据。
9. 没有大面积、无明显绘画目的的异常涂黑、重阴影或局部反复强调。

【支持异常的证据】
1. 无明显异常特征。"
dataset/HTP/02/00/02_00_00_0110.jpg,02,00,01,0.04742587351415913,"【支持正常的证据】
1. 房屋、树木、人物三个核心对象均能够清楚识别，并且基本完整。
2. 三个对象在画面中的大小适中，没有全部挤在极小区域，也没有明显超出或压迫整个画面。
3. 房、树、人之间保持自然、合理的空间距离，没有明显孤立或被大片空白强行分隔。
4. 三个对象能够形成基本连贯的场景，例如共享地面、方向一致、空间位置合理，整体看起来属于同一个环境，而不是三个互不相关的符号。
5. 整体构图稳定，没有明显失衡、极端偏向某个角落或严重碎片化。
6. 线条总体连续、自然、力度相对稳定，没有大量异常断裂、极端微弱或杂乱涂画。
7. 画面具有适量细节。可以简单，但主要对象的基本结构能够表达清楚。
8. 如果存在草地、道路、太阳、云、花、地面等环境元素，并且与主体自然结合，可以作为场景完整和组织良好的积极证据。
9. 没有大面积、无明显绘画目的的异常涂黑、重阴影或局部反复强调。

【支持异常的证据】
1. 房屋结构较完整、可见方向正常，但明显选择性缺少门。
2. 树木相对于其他主体和画布极端微小。
3. 人物头部、躯干、手臂和腿等主要身体结构基本完整。
4. 房屋、树木和人物的相对大小基本合理，没有非常极端的尺寸差异。
5. 三者之间保持自然距离，没有某个对象被极端隔离。
6. 对象具有基本共同空间，例如共享地面、位置关系能够形成一个完整场景。
7. 人物能够自然地处于房屋和树木形成的环境中，而不是完全脱离其他对象。"
dataset/HTP/02/00/02_00_00_0111.jpg,02,00,01,0.07585817323116976,"【支持正常的证据】
1. 房屋、树木、人物三个核心对象均能够清楚识别，并且基本完整。
2. 三个对象在画面中的大小适中，没有全部挤在极小区域，也没有明显超出或压迫整个画面。
3. 房、树、人之间保持自然、合理的空间距离，没有明显孤立或被大片空白强行分隔。
4. 三个对象能够形成基本连贯的场景，例如共享地面、方向一致、空间位置合理，整体看起来属于同一个环境，而不是三个互不相关的符号。
5. 整体构图稳定，没有明显失衡、极端偏向某个角落或严重碎片化。
6. 线条总体连续、自然、力度相对稳定，没有大量异常断裂、极端微弱或杂乱涂画。
7. 画面具有适量细节。可以简单，但主要对象的基本结构能够表达清楚。
8. 如果存在草地、道路、太阳、云、花、地面等环境元素，并且与主体自然结合，可以作为场景完整和组织良好的积极证据。
9. 没有大面积、无明显绘画目的的异常涂黑、重阴影或局部反复强调。

【支持异常的证据】
1. 房屋、树木、人物中的一个或多个核心对象完全缺失，且无法由裁剪、遮挡或画法解释。
2. 整幅画极度简化，只剩极少线条，大量重要结构同时消失，整体信息量异常低。
3. 房、树、人整体只占巨大画布中极小区域，周围存在大量空白。
4. 三个对象之间距离极端遥远，某个对象明显孤立，或者整个场景严重碎片化。
5. 对象像漂浮在不同区域，彼此几乎没有空间联系，整体场景严重不连贯。
6. 存在大量非常微弱、间断、犹豫、僵硬或严重潦草的线条。
7. 存在异常大面积涂黑、重度阴影或某个对象被明显过度强调。"
dataset/HTP/02/00/02_00_00_0112.jpg,02,00,01,0.010986941578116865,"【支持正常的证据】
1. 房屋、树木、人物三个核心对象均能够清楚识别，并且基本完整。
2. 三个对象在画面中的大小适中，没有全部挤在极小区域，也没有明显超出或压迫整个画面。
3. 房、树、人之间保持自然、合理的空间距离，没有明显孤立或被大片空白强行分隔。
4. 三个对象能够形成基本连贯的场景，例如共享地面、方向一致、空间位置合理，整体看起来属于同一个环境。
5. 整体构图稳定，没有明显失衡、极端偏向某个角落或严重碎片化。
6. 线条总体连续、自然、力度相对稳定，没有大量异常断裂、极端微弱或杂乱涂画。
7. 画面具有适量细节。可以简单，但主要对象的基本结构能够表达清楚。
8. 房屋、树木、人物的比例大致协调，没有极端小型化或夸张比例。
9. 房屋结构稳定，没有明显倒塌、断裂或严重几何变形。
10. 树木结构自然，没有明显截断或畸形。
11. 人物身体主要结构完整，比例不存在严重失调。
12. 整体构图稳定且场景连贯，没有明显异常的大面积涂黑、极端小型化或异常隔离。
13. 线条自然、连续，没有异常大面积涂黑。
14. 人物没有明显选择性结构缺失。
15. 画面存在多个相互独立的正常积极特征。

【支持异常的证据】
1. 无。"
dataset/HTP/02/00/02_00_00_0113.jpg,02,00,01,0.07585817323116976,"【支持正常的证据】
1. 房屋、树木、人物三个核心对象均能够清楚识别，并且基本完整。
2. 三个对象在画面中的大小适中，没有全部挤在极小区域，也没有明显超出或压迫整个画面。
3. 房、树、人之间保持自然、合理的空间距离，没有明显孤立或被大片空白强行分隔。
4. 三个对象能够形成基本连贯的场景，例如共享地面、方向一致、空间位置合理，整体看起来属于同一个环境，而不是三个互不相关的符号。
5. 整体构图稳定，没有明显失衡、极端偏向某个角落或严重碎片化。
6. 线条总体连续、自然、力度相对稳定，没有大量异常断裂、极端微弱或杂乱涂画。
7. 画面具有适量细节。可以简单，但主要对象的基本结构能够表达清楚。
8. 房屋、树木、人物的比例大致协调，没有极端小型化或比例失调。
9. 房屋、树木和人物之间的相对大小基本合理，没有非常极端的尺寸差异。
10. 整体构图稳定且场景连贯，没有明显的选择性结构缺失。

【支持异常的证据】
1. 人物头部、躯干、手臂和腿等主要身体结构基本完整，但人物的眼睛、鼻子、嘴巴等面部特征缺失。
2. 房屋结构较为完整，但缺少窗户。
3. 树木结构自然，但缺少叶子。
4. 房屋、树木和人物之间存在一定的空间距离，但没有极端隔离。
5. 人物相对于房屋和树木的位置合理，没有极端微小或被孤立的情况。
6. 线条自然、连续，没有异常大面积涂黑或极端小型化。
7. 房屋、树木和人物的比例大致协调，没有明显的选择性结构缺失。"
dataset/HTP/02/00/02_00_00_0114.jpg,02,00,01,0.009708474753363424,"【支持正常的证据】
1. 房屋、树木、人物三个核心对象均能够清楚识别，并且基本完整。
2. 三个对象在画面中的大小适中，没有全部挤在极小区域，也没有明显超出或压迫整个画面。
3. 房、树、人之间保持自然、合理的空间距离，没有明显孤立或被大片空白强行分隔。
4. 三个对象能够形成基本连贯的场景，例如共享地面、方向一致、空间位置合理，整体看起来属于同一个环境，而不是三个互不相关的符号。
5. 整体构图稳定，没有明显失衡、极端偏向某个角落或严重碎片化。
6. 线条总体连续、自然、力度相对稳定，没有大量异常断裂、极端微弱或杂乱涂画。
7. 画面具有适量细节。可以简单，但主要对象的基本结构能够表达清楚。
8. 房屋、树木、人物的比例大致协调，没有极端小型化或比例失调。
9. 房屋结构稳定，主要组成部分合理，没有明显倒塌、断裂或严重几何变形。
10. 树木结构自然，没有严重截断或畸形。
11. 人物身体主要结构完整，比例不存在严重失调。
12. 整体构图稳定且场景连贯。
13. 线条自然、连续，没有异常大面积涂黑。
14. 没有明显的选择性结构缺失。
15. 仅存在少数能够由绘画水平、年龄、风格或普通构图解释的轻微异常。

【支持异常的证据】
1. 无。"
dataset/HTP/02/00/02_00_00_0115.jpg,02,00,01,0.014063626423394072,"【支持正常的证据】
1. 房屋、树木、人物三个核心对象均能够清楚识别，并且基本完整。
2. 三个对象在画面中的大小适中，没有全部挤在极小区域，也没有明显超出或压迫整个画面。
3. 房、树、人之间保持自然、合理的空间距离，没有明显孤立或被大片空白强行分隔。
4. 三个对象能够形成基本连贯的场景，例如共享地面、方向一致、空间位置合理，整体看起来属于同一个环境，而不是三个互不相关的符号。
5. 整体构图稳定，没有明显失衡、极端偏向某个角落或严重碎片化。
6. 线条总体连续、自然、力度相对稳定，没有大量异常断裂、极端微弱或杂乱涂画。
7. 画面具有适量细节。可以简单，但主要对象的基本结构能够表达清楚。
8. 房屋、树木、人物的比例大致协调，没有极端小型化或比例失调。
9. 房屋、树木和人物之间的关系自然，没有极端隔离或不连贯的空间关系。
10. 线条自然、连续，没有异常大面积涂黑。

【支持异常的证据】
1. 无明显异常特征。"
dataset/HTP/02/00/02_00_00_0116.jpg,02,00,01,0.04208773121980142,"【支持正常的证据】
1. 房屋、树木、人物三个核心对象均能够清楚识别，并且基本完整。
2. 三个对象在画面中的大小适中，没有全部挤在极小区域，也没有明显超出或压迫整个画面。
3. 房、树、人之间保持自然、合理的空间距离，没有明显孤立或被大片空白强行分隔。
4. 三个对象能够形成基本连贯的场景，例如共享地面、方向一致、空间位置合理，整体看起来属于同一个环境，而不是三个互不相关的符号。
5. 整体构图稳定，没有明显失衡、极端偏向某个角落或严重碎片化。
6. 线条总体连续、自然、力度相对稳定，没有大量异常断裂、极端微弱或杂乱涂画。
7. 画面具有适量细节。可以简单，但主要对象的基本结构能够表达清楚。
8. 如果存在草地、道路、太阳、云、花、地面等环境元素，并且与主体自然结合，可以作为场景完整和组织良好的积极证据。
9. 没有大面积、无明显绘画目的的异常涂黑、重阴影或局部反复强调。

【支持异常的证据】
1. 房屋、树木、人物中的一个或多个核心对象完全缺失，且无法由裁剪、遮挡或画法解释。
2. 整幅画极度简化，只剩极少线条，大量重要结构同时消失，整体信息量异常低。
3. 房、树、人整体只占巨大画布中极小区域，周围存在大量空白。
4. 三个对象之间距离极端遥远，某个对象明显孤立，或者整个场景严重碎片化。
5. 对象像漂浮在不同区域，彼此几乎没有空间联系，整体场景严重不连贯。
6. 存在大量非常微弱、间断、犹豫、僵硬或严重潦草的线条。
7. 存在异常大面积涂黑、重度阴影或某个对象被明显过度强调。"
dataset/HTP/02/00/02_00_00_0117.jpg,02,00,01,0.010986941578116865,"【支持正常的证据】
1. 房屋、树木、人物三个核心对象均能够清楚识别，并且基本完整。
2. 三个对象在画面中的大小适中，没有全部挤在极小区域，也没有明显超出或压迫整个画面。
3. 房、树、人之间保持自然、合理的空间距离，没有明显孤立或被大片空白强行分隔。
4. 三个对象能够形成基本连贯的场景，例如共享地面、方向一致、空间位置合理，整体看起来属于同一个环境，而不是三个互不相关的符号。
5. 整体构图稳定，没有明显失衡、极端偏向某个角落或严重碎片化。
6. 线条总体连续、自然、力度相对稳定，没有大量异常断裂、极端微弱或杂乱涂画。
7. 画面具有适量细节。可以简单，但主要对象的基本结构能够表达清楚。
8. 房屋、树木、人物的比例大致协调，没有极端小型化或比例失调。
9. 房屋结构稳定，主要组成部分合理，没有明显倒塌、断裂或严重几何变形。
10. 树木结构自然，没有严重截断或畸形。
11. 人物身体主要结构完整，比例不存在严重失调。
12. 整体构图稳定且场景连贯。
13. 线条自然、连续，没有异常大面积涂黑。
14. 没有明显的选择性结构缺失。
15. 仅存在少数能够由绘画水平、年龄、风格或普通构图解释的轻微异常。

【支持异常的证据】
1. 无。"
dataset/HTP/02/00/02_00_00_0118.jpg,02,00,01,0.010986941578116865,"【支持正常的证据】
1. 房屋、树木、人物三个核心对象均能够清楚识别，并且基本完整。
2. 三个对象在画面中的大小适中，没有全部挤在极小区域，也没有明显超出或压迫整个画面。
3. 房、树、人之间保持自然、合理的空间距离，没有明显孤立或被大片空白强行分隔。
4. 三个对象能够形成基本连贯的场景，例如共享地面、方向一致、空间位置合理，整体看起来属于同一个环境，而不是三个互不相关的符号。
5. 整体构图稳定，没有明显失衡、极端偏向某个角落或严重碎片化。
6. 线条总体连续、自然、力度相对稳定，没有大量异常断裂、极端微弱或杂乱涂画。
7. 画面具有适量细节。可以简单，但主要对象的基本结构能够表达清楚。
8. 房屋、树木、人物的比例大致协调，没有极端小型化或过大。
9. 房屋、树木和人物之间的相对大小基本合理，没有非常极端的尺寸差异。
10. 人物身体主要结构完整，比例不存在严重失调。
11. 整体构图稳定且场景连贯，没有明显异常的大面积涂黑。
12. 人物和房屋、树木之间保持自然距离，没有极端隔离。
13. 线条自然、连续，没有异常大面积涂黑。
14. 画面存在多个相互独立的正常积极特征。

【支持异常的证据】
1. 无明显异常特征。"
dataset/HTP/02/00/02_00_00_0119.jpg,02,00,01,0.009708474753363424,"【支持正常的证据】
1. 房屋、树木、人物三个核心对象均能够清楚识别，并且基本完整。
2. 三个对象在画面中的大小适中，没有全部挤在极小区域，也没有明显超出或压迫整个画面。
3. 房、树、人之间保持自然、合理的空间距离，没有明显孤立或被大片空白强行分隔。
4. 三个对象能够形成基本连贯的场景，例如共享地面、方向一致、空间位置合理，整体看起来属于同一个环境，而不是三个互不相关的符号。
5. 整体构图稳定，没有明显失衡、极端偏向某个角落或严重碎片化。
6. 线条总体连续、自然、力度相对稳定，没有大量异常断裂、极端微弱或杂乱涂画。
7. 画面具有适量细节。可以简单，但主要对象的基本结构能够表达清楚。
8. 房屋、树木、人物的比例大致协调，没有极端小型化或比例失调。
9. 房屋、树木和人物之间的关系自然，没有极端隔离或空间关系异常。
10. 整体构图稳定且场景连贯，没有大面积异常涂黑或阴影。

【支持异常的证据】
1. 无。"
dataset/HTP/02/00/02_00_00_0120.jpg,02,00,01,0.06754668832401889,"【支持正常的证据】
1. 房屋、树木、人物三个核心对象均能够清楚识别，并且基本完整。
2. 三个对象在画面中的大小适中，没有全部挤在极小区域，也没有明显超出或压迫整个画面。
3. 房、树、人之间保持自然、合理的空间距离，没有明显孤立或被大片空白强行分隔。
4. 三个对象能够形成基本连贯的场景，例如共享地面、方向一致、空间位置合理，整体看起来属于同一个环境。
5. 整体构图稳定，没有明显失衡、极端偏向某个角落或严重碎片化。
6. 线条总体连续、自然、力度相对稳定，没有大量异常断裂、极端微弱或杂乱涂画。
7. 画面具有适量细节。可以简单，但主要对象的基本结构能够表达清楚。
8. 房屋、树木、人物的比例大致协调，没有极端小型化或比例失调。
9. 房屋、树木和人物之间的关系自然，没有极端隔离或空间断开。
10. 整体构图连贯，没有大面积异常涂黑或阴影。

【支持异常的证据】
1. 人物的头部、躯干、手臂和腿等主要身体结构基本完整，但人物的比例显得有些夸张，尤其是腿部较长。
2. 房屋的屋顶和墙壁结构较为简单，但没有明显的细节如门或窗户。
3. 树木的树冠较大，但树干和树枝的连接显得有些不自然。
4. 人物的比例显得有些不协调，尤其是腿部长度与上半身的比例。
5. 整体构图虽然连贯，但人物的位置显得有些孤立，与房屋和树木的距离较远。"
dataset/HTP/02/00/02_00_00_0121.jpg,02,00,01,0.009708474753363424,"【支持正常的证据】
1. 房屋、树木、人物三个核心对象均能够清楚识别，并且基本完整。
2. 三个对象在画面中的大小适中，没有全部挤在极小区域，也没有明显超出或压迫整个画面。
3. 房、树、人之间保持自然、合理的空间距离，没有明显孤立或被大片空白强行分隔。
4. 三个对象能够形成基本连贯的场景，例如共享地面、方向一致、空间位置合理，整体看起来属于同一个环境，而不是三个互不相关的符号。
5. 整体构图稳定，没有明显失衡、极端偏向某个角落或严重碎片化。
6. 线条总体连续、自然、力度相对稳定，没有大量异常断裂、极端微弱或杂乱涂画。
7. 画面具有适量细节。可以简单，但主要对象的基本结构能够表达清楚。
8. 房屋、树木、人物的比例大致协调，没有极端小型化或比例失调。
9. 房屋结构稳定，屋顶、墙壁等主要组成部分合理。
10. 树木结构自然，没有明显截断或畸形。
11. 人物身体主要结构完整，比例不存在严重失调。
12. 整体构图稳定且场景连贯，没有明显异常的大面积涂黑。
13. 线条自然、连续，没有异常大面积涂黑。
14. 没有明显的选择性结构缺失。
15. 仅存在少数能够由绘画水平、年龄、风格或普通构图解释的轻微异常。

【支持异常的证据】
1. 无明显异常特征。"
dataset/HTP/02/00/02_00_00_0122.jpg,02,00,01,0.010986941578116865,"【支持正常的证据】
1. 房屋、树木、人物三个核心对象均能够清楚识别，并且基本完整。
2. 三个对象在画面中的大小适中，没有全部挤在极小区域，也没有明显超出或压迫整个画面。
3. 房、树、人之间保持自然、合理的空间距离，没有明显孤立或被大片空白强行分隔。
4. 三个对象能够形成基本连贯的场景，例如共享地面、方向一致、空间位置合理，整体看起来属于同一个环境。
5. 整体构图稳定，没有明显失衡、极端偏向某个角落或严重碎片化。
6. 线条总体连续、自然、力度相对稳定，没有大量异常断裂、极端微弱或杂乱涂画。
7. 画面具有适量细节。可以简单，但主要对象的基本结构能够表达清楚。
8. 房屋、树木、人物的比例大致协调，没有极端小型化或比例失调。
9. 房屋结构稳定，屋顶、墙壁等主要组成部分合理。
10. 树木结构自然，没有明显截断或畸形。
11. 人物身体主要结构完整，比例不存在严重失调。
12. 整体构图稳定且场景连贯，没有明显异常的大面积涂黑。
13. 线条自然、连续，没有异常大面积涂黑。
14. 没有明显的选择性结构缺失。
15. 仅存在少数能够由绘画水平、年龄、风格或普通构图解释的轻微异常。

【支持异常的证据】
1. 无明显异常特征。"
dataset/HTP/02/00/02_00_00_0123.jpg,02,00,01,0.053403324903538434,"【支持正常的证据】
1. 房屋、树木、人物三个核心对象均能够清楚识别，并且基本完整。
2. 三个对象在画面中的大小适中，没有全部挤在极小区域，也没有明显超出或压迫整个画面。
3. 房、树、人之间保持自然、合理的空间距离，没有明显孤立或被大片空白强行分隔。
4. 三个对象能够形成基本连贯的场景，例如共享地面、方向一致、空间位置合理，整体看起来属于同一个环境，而不是三个互不相关的符号。
5. 整体构图稳定，没有明显失衡、极端偏向某个角落或严重碎片化。
6. 线条总体连续、自然、力度相对稳定，没有大量异常断裂、极端微弱或杂乱涂画。
7. 画面具有适量细节。可以简单，但主要对象的基本结构能够表达清楚。
8. 如果存在草地、道路、太阳、云、花、地面等环境元素，并且与主体自然结合，可以作为场景完整和组织良好的积极证据。
9. 没有大面积、无明显绘画目的的异常涂黑、重阴影或局部反复强调。

【支持异常的证据】
1. 房屋、树木、人物中的一个或多个核心对象完全缺失，且无法由裁剪、遮挡或画法解释。
2. 整幅画极度简化，只剩极少线条，大量重要结构同时消失，整体信息量异常低。
3. 房、树、人整体只占巨大画布中极小区域，周围存在大量空白。
4. 三个对象之间距离极端遥远，某个对象明显孤立，或者整个场景严重碎片化。
5. 对象像漂浮在不同区域，彼此几乎没有空间联系，整体场景严重不连贯。
6. 存在大量非常微弱、间断、犹豫、僵硬或严重潦草的线条。
7. 存在异常大面积涂黑、重度阴影或某个对象被明显过度强调。"
dataset/HTP/02/00/02_00_00_0124.jpg,02,00,01,0.010986941578116865,"【支持正常的证据】
1. 房屋、树木、人物三个核心对象均能够清楚识别，并且基本完整。
2. 三个对象在画面中的大小适中，没有全部挤在极小区域，也没有明显超出或压迫整个画面。
3. 房、树、人之间保持自然、合理的空间距离，没有明显孤立或被大片空白强行分隔。
4. 三个对象能够形成基本连贯的场景，例如共享地面、方向一致、空间位置合理，整体看起来属于同一个环境，而不是三个互不相关的符号。
5. 整体构图稳定，没有明显失衡、极端偏向某个角落或严重碎片化。
6. 线条总体连续、自然、力度相对稳定，没有大量异常断裂、极端微弱或杂乱涂画。
7. 画面具有适量细节。可以简单，但主要对象的基本结构能够表达清楚。
8. 房屋、树木、人物的比例大致协调，没有极端小型化或比例失调。
9. 房屋结构稳定，屋顶、墙壁等主要组成部分合理。
10. 树木结构自然，没有明显截断或畸形。
11. 人物身体主要结构完整，比例不存在严重失调。
12. 整体构图稳定且场景连贯，没有明显异常的大面积涂黑。
13. 线条自然、连续，没有异常大面积涂黑。
14. 人物和房屋、树木之间保持自然距离，没有极端隔离。
15. 画面存在多个相互独立的正常积极特征。

【支持异常的证据】
1. 无。"
dataset/HTP/02/00/02_00_00_0125.jpg,02,00,01,0.009708474753363424,"【支持正常的证据】
1. 房屋、树木、人物三个核心对象均能够清楚识别，并且基本完整。
2. 三个对象在画面中的大小适中，没有全部挤在极小区域，也没有明显超出或压迫整个画面。
3. 房、树、人之间保持自然、合理的空间距离，没有明显孤立或被大片空白强行分隔。
4. 三个对象能够形成基本连贯的场景，例如共享地面、方向一致、空间位置合理，整体看起来属于同一个环境，而不是三个互不相关的符号。
5. 整体构图稳定，没有明显失衡、极端偏向某个角落或严重碎片化。
6. 线条总体连续、自然、力度相对稳定，没有大量异常断裂、极端微弱或杂乱涂画。
7. 画面具有适量细节。可以简单，但主要对象的基本结构能够表达清楚。
8. 房屋、树木、人物的比例大致协调，没有极端小型化或比例失调。
9. 房屋、树木和人物的相对大小基本合理，没有非常极端的尺寸差异。
10. 人物身体主要结构完整，比例不存在严重失调。
11. 整体构图稳定且场景连贯，没有明显异常的大面积涂黑。
12. 人物和房屋、树木之间保持自然距离，没有极端隔离。
13. 画面存在多个相互独立的正常积极特征，如房屋结构稳定、树木结构自然、人物身体完整等。

【支持异常的证据】
1. 无明显异常特征。"
dataset/HTP/02/00/02_00_00_0126.jpg,02,00,01,0.010986941578116865,"【支持正常的证据】
1. 房屋、树木、人物三个核心对象均能够清楚识别，并且基本完整。
2. 三个对象在画面中的大小适中，没有全部挤在极小区域，也没有明显超出或压迫整个画面。
3. 房、树、人之间保持自然、合理的空间距离，没有明显孤立或被大片空白强行分隔。
4. 三个对象能够形成基本连贯的场景，例如共享地面、方向一致、空间位置合理，整体看起来属于同一个环境。
5. 整体构图稳定，没有明显失衡、极端偏向某个角落或严重碎片化。
6. 线条总体连续、自然、力度相对稳定，没有大量异常断裂、极端微弱或杂乱涂画。
7. 画面具有适量细节。可以简单，但主要对象的基本结构能够表达清楚。
8. 房屋、树木、人物的比例大致协调，没有极端小型化或比例失调。
9. 房屋结构稳定，屋顶、烟囱、门窗等细节自然、适量并与房屋结构协调。
10. 树木结构自然，树干和树冠之间连接自然，比例基本合理。
11. 人物头部、躯干、手臂和腿等主要身体结构基本完整，连接关系自然。
12. 人物大小与房屋、树木和整个画布基本协调，没有极端小型化。
13. 人物整体比例基本合理，没有明显选择性结构缺失。
14. 房屋、树木和人物的相对大小基本合理，没有非常极端的尺寸差异。
15. 人物能够自然地处于房屋和树木形成的环境中，而不是完全脱离其他对象。
16. 线条自然、连续，没有异常大面积涂黑。

【支持异常的证据】
1. 无。"
dataset/HTP/02/00/02_00_00_0127.jpg,02,00,01,0.010986941578116865,"【支持正常的证据】
1. 房屋、树木、人物三个核心对象均能够清楚识别，并且基本完整。
2. 三个对象在画面中的大小适中，没有全部挤在极小区域，也没有明显超出或压迫整个画面。
3. 房、树、人之间保持自然、合理的空间距离，没有明显孤立或被大片空白强行分隔。
4. 三个对象能够形成基本连贯的场景，例如共享地面、方向一致、空间位置合理，整体看起来属于同一个环境。
5. 整体构图稳定，没有明显失衡、极端偏向某个角落或严重碎片化。
6. 线条总体连续、自然、力度相对稳定，没有大量异常断裂、极端微弱或杂乱涂画。
7. 画面具有适量细节。可以简单，但主要对象的基本结构能够表达清楚。
8. 房屋、树木、人物的比例大致协调，没有极端小型化或比例失调。
9. 房屋结构稳定，屋顶、墙壁等主要组成部分合理。
10. 树木结构自然，没有明显截断或畸形。
11. 人物身体主要结构完整，比例不存在严重失调。
12. 整体构图稳定且场景连贯，没有明显异常的大面积涂黑。
13. 线条自然、连续，没有异常大面积涂黑。
14. 没有明显的选择性结构缺失。
15. 仅存在少数能够由绘画水平、年龄、风格或普通构图解释的轻微异常。

【支持异常的证据】
1. 无。"
dataset/HTP/02/00/02_00_00_0128.jpg,02,00,01,0.014063626423394072,"【支持正常的证据】
1. 房屋、树木、人物三个核心对象均能够清楚识别，并且基本完整。
2. 三个对象在画面中的大小适中，没有全部挤在极小区域，也没有明显超出或压迫整个画面。
3. 房、树、人之间保持自然、合理的空间距离，没有明显孤立或被大片空白强行分隔。
4. 三个对象能够形成基本连贯的场景，例如共享地面、方向一致、空间位置合理，整体看起来属于同一个环境，而不是三个互不相关的符号。
5. 整体构图稳定，没有明显失衡、极端偏向某个角落或严重碎片化。
6. 线条总体连续、自然、力度相对稳定，没有大量异常断裂、极端微弱或杂乱涂画。
7. 画面具有适量细节。可以简单，但主要对象的基本结构能够表达清楚。
8. 如果存在草地、道路、太阳、云、花、地面等环境元素，并且与主体自然结合，可以作为场景完整和组织良好的积极证据。
9. 没有大面积、无明显绘画目的的异常涂黑、重阴影或局部反复强调。

【支持异常的证据】
1. 无明显异常特征。"
dataset/HTP/02/00/02_00_00_0129.jpg,02,00,01,0.00857748525531428,"【支持正常的证据】
1. 房屋、树木、人物三个核心对象均能够清楚识别，并且基本完整。
2. 三个对象在画面中的大小适中，没有全部挤在极小区域，也没有明显超出或压迫整个画面。
3. 房、树、人之间保持自然、合理的空间距离，没有明显孤立或被大片空白强行分隔。
4. 三个对象能够形成基本连贯的场景，例如共享地面、方向一致、空间位置合理，整体看起来属于同一个环境，而不是三个互不相关的符号。
5. 整体构图稳定，没有明显失衡、极端偏向某个角落或严重碎片化。
6. 线条总体连续、自然、力度相对稳定，没有大量异常断裂、极端微弱或杂乱涂画。
7. 画面具有适量细节。可以简单，但主要对象的基本结构能够表达清楚。
8. 房屋、树木、人物的比例大致协调，没有极端小型化或比例失调。
9. 房屋结构稳定，墙体、屋顶等主要结构完整。
10. 树木结构自然，没有明显截断或畸形。
11. 人物身体主要结构完整，比例不存在严重失调。
12. 整体构图稳定且场景连贯。
13. 线条自然、连续，没有异常大面积涂黑。
14. 没有明显的选择性结构缺失。
15. 仅存在少数能够由绘画水平、年龄、风格或普通构图解释的轻微异常。

【支持异常的证据】
1. 无明显异常特征。"
dataset/HTP/02/00/02_00_00_0130.jpg,02,00,01,0.07585817323116976,"【支持正常的证据】
1. 房屋、树木、人物三个核心对象均能够清楚识别，并且基本完整。
2. 三个对象在画面中的大小适中，没有全部挤在极小区域，也没有明显超出或压迫整个画面。
3. 房、树、人之间保持自然、合理的空间距离，没有明显孤立或被大片空白强行分隔。
4. 三个对象能够形成基本连贯的场景，例如共享地面、方向一致、空间位置合理，整体看起来属于同一个环境，而不是三个互不相关的符号。
5. 整体构图稳定，没有明显失衡、极端偏向某个角落或严重碎片化。
6. 线条总体连续、自然、力度相对稳定，没有大量异常断裂、极端微弱或杂乱涂画。
7. 画面具有适量细节。可以简单，但主要对象的基本结构能够表达清楚。
8. 没有大面积、无明显绘画目的的异常涂黑、重阴影或局部反复强调。

【支持异常的证据】
1. 房屋、树木、人物中的一个或多个核心对象完全缺失，且无法由裁剪、遮挡或画法解释。
2. 整幅画极度简化，只剩极少线条，大量重要结构同时消失，整体信息量异常低。
3. 房、树、人整体只占巨大画布中极小区域，周围存在大量空白。
4. 三个对象之间距离极端遥远，某个对象明显孤立，或者整个场景严重碎片化。
5. 对象像漂浮在不同区域，彼此几乎没有空间联系，整体场景严重不连贯。
6. 存在大量非常微弱、间断、犹豫、僵硬或严重潦草的线条。
7. 存在异常大面积涂黑、重度阴影或某个对象被明显过度强调。"
dataset/HTP/02/00/02_00_00_0131.jpg,02,00,01,0.053403324903538434,"【支持正常的证据】
1. 房屋、树木、人物三个核心对象均能够清楚识别，并且基本完整。
2. 三个对象在画面中的大小适中，没有全部挤在极小区域，也没有明显超出或压迫整个画面。
3. 房、树、人之间保持自然、合理的空间距离，没有明显孤立或被大片空白强行分隔。
4. 三个对象能够形成基本连贯的场景，例如共享地面、方向一致、空间位置合理，整体看起来属于同一个环境。
5. 整体构图稳定，没有明显失衡、极端偏向某个角落或严重碎片化。
6. 线条总体连续、自然、力度相对稳定，没有大量异常断裂、极端微弱或杂乱涂画。
7. 画面具有适量细节。可以简单，但主要对象的基本结构能够表达清楚。
8. 房屋、树木、人物的比例大致协调，没有极端小型化或比例失调。
9. 整体场景连贯，没有明显选择性结构缺失。
10. 线条自然、连续，没有异常大面积涂黑。

【支持异常的证据】
1. 人物缺少脸部和主要肢体，但整体结构基本完整。
2. 房屋和树木相对较大，人物较小，比例有些失调。
3. 房屋和树木的结构较为简单，但没有明显选择性缺失。
4. 人物缺少手臂和腿部，但整体结构没有明显断裂或错位。
5. 房屋和树木的线条较为简单，但没有明显选择性缺失。
6. 人物缺少脸部和主要肢体，但整体结构没有明显断裂或错位。"
dataset/HTP/02/00/02_00_00_0132.jpg,02,00,01,0.012431653620200803,"【支持正常的证据】
1. 房屋、树木、人物三个核心对象均能够清楚识别，并且基本完整。
2. 三个对象在画面中的大小适中，没有全部挤在极小区域，也没有明显超出或压迫整个画面。
3. 房、树、人之间保持自然、合理的空间距离，没有明显孤立或被大片空白强行分隔。
4. 三个对象能够形成基本连贯的场景，例如共享地面、方向一致、空间位置合理，整体看起来属于同一个环境，而不是三个互不相关的符号。
5. 整体构图稳定，没有明显失衡、极端偏向某个角落或严重碎片化。
6. 线条总体连续、自然、力度相对稳定，没有大量异常断裂、极端微弱或杂乱涂画。
7. 画面具有适量细节。可以简单，但主要对象的基本结构能够表达清楚。
8. 房屋、树木、人物的比例大致协调，没有极端小型化或比例失调。
9. 房屋、树木和人物之间的相对大小基本合理，没有非常极端的尺寸差异。
10. 人物身体主要结构完整，比例不存在严重失调。
11. 整体构图稳定且场景连贯，没有明显异常的大面积涂黑。
12. 线条自然、连续，没有异常大面积涂黑。
13. 没有明显的选择性结构缺失。
14. 仅存在少数能够由绘画水平、年龄、风格或普通构图解释的轻微异常。

【支持异常的证据】
1. 无。"
dataset/HTP/02/00/02_00_00_0133.jpg,02,00,01,0.060086650384398026,"【支持正常的证据】
1. 房屋、树木、人物三个核心对象均能够清楚识别，并且基本完整。
2. 三个对象在画面中的大小适中，没有全部挤在极小区域，也没有明显超出或压迫整个画面。
3. 房、树、人之间保持自然、合理的空间距离，没有明显孤立或被大片空白强行分隔。
4. 三个对象能够形成基本连贯的场景，例如共享地面、方向一致、空间位置合理，整体看起来属于同一个环境，而不是三个互不相关的符号。
5. 整体构图稳定，没有明显失衡、极端偏向某个角落或严重碎片化。
6. 线条总体连续、自然、力度相对稳定，没有大量异常断裂、极端微弱或杂乱涂画。
7. 画面具有适量细节。可以简单，但主要对象的基本结构能够表达清楚。
8. 没有大面积、无明显绘画目的的异常涂黑、重阴影或局部反复强调。

【支持异常的证据】
1. 房屋、树木、人物中的一个或多个核心对象完全缺失，且无法由裁剪、遮挡或画法解释。
2. 整幅画极度简化，只剩极少线条，大量重要结构同时消失，整体信息量异常低。
3. 房、树、人整体只占巨大画布中极小区域，周围存在大量空白。
4. 三个对象之间距离极端遥远，某个对象明显孤立，或者整个场景严重碎片化。
5. 对象像漂浮在不同区域，彼此几乎没有空间联系，整体场景严重不连贯。
6. 存在大量非常微弱、间断、犹豫、僵硬或严重潦草的线条。
7. 存在异常大面积涂黑、重度阴影或某个对象被明显过度强调。"
dataset/HTP/02/00/02_00_00_0134.jpg,02,00,01,0.009708474753363424,"【支持正常的证据】
1. 房屋、树木、人物三个核心对象均能够清楚识别，并且基本完整。
2. 三个对象在画面中的大小适中，没有全部挤在极小区域，也没有明显超出或压迫整个画面。
3. 房、树、人之间保持自然、合理的空间距离，没有明显孤立或被大片空白强行分隔。
4. 三个对象能够形成基本连贯的场景，例如共享地面、方向一致、空间位置合理，整体看起来属于同一个环境。
5. 整体构图稳定，没有明显失衡、极端偏向某个角落或严重碎片化。
6. 线条总体连续、自然、力度相对稳定，没有大量异常断裂、极端微弱或杂乱涂画。
7. 画面具有适量细节。可以简单，但主要对象的基本结构能够表达清楚。
8. 房屋、树木、人物的比例大致协调，没有极端小型化或比例失调。
9. 房屋、树木和人物之间的关系自然，没有极端隔离或空间关系异常。
10. 整体场景连贯，没有大面积异常涂黑或阴影。

【支持异常的证据】
1. 无明显异常特征。"
dataset/HTP/02/00/02_00_00_0135.jpg,02,00,01,0.00857748525531428,"【支持正常的证据】
1. 房屋、树木、人物三个核心对象均能够清楚识别，并且基本完整。
2. 三个对象在画面中的大小适中，没有全部挤在极小区域，也没有明显超出或压迫整个画面。
3. 房、树、人之间保持自然、合理的空间距离，没有明显孤立或被大片空白强行分隔。
4. 三个对象能够形成基本连贯的场景，例如共享地面、方向一致、空间位置合理，整体看起来属于同一个环境，而不是三个互不相关的符号。
5. 整体构图稳定，没有明显失衡、极端偏向某个角落或严重碎片化。
6. 线条总体连续、自然、力度相对稳定，没有大量异常断裂、极端微弱或杂乱涂画。
7. 画面具有适量细节。可以简单，但主要对象的基本结构能够表达清楚。
8. 房屋、树木、人物的比例大致协调，没有极端小型化或比例失调。
9. 房屋结构稳定，墙体、屋顶等主要结构完整，没有明显倒塌、断裂或严重几何变形。
10. 树木结构自然，没有明显截断或畸形。
11. 人物身体主要结构完整，比例不存在严重失调。
12. 整体构图稳定且场景连贯，没有明显异常的大面积涂黑、极端小型化或异常隔离。
13. 人物和房屋、树木之间保持自然距离，没有极端隔离。
14. 画面存在多个相互独立的正常积极特征，如适量细节、自然连接关系等。

【支持异常的证据】
1. 无明显异常特征。"
dataset/HTP/02/00/02_00_00_0136.jpg,02,00,01,0.009708474753363424,"【支持正常的证据】
1. 房屋、树木、人物三个核心对象均能够清楚识别，并且基本完整。
2. 三个对象在画面中的大小适中，没有全部挤在极小区域，也没有明显超出或压迫整个画面。
3. 房、树、人之间保持自然、合理的空间距离，没有明显孤立或被大片空白强行分隔。
4. 三个对象能够形成基本连贯的场景，例如共享地面、方向一致、空间位置合理，整体看起来属于同一个环境，而不是三个互不相关的符号。
5. 整体构图稳定，没有明显失衡、极端偏向某个角落或严重碎片化。
6. 线条总体连续、自然、力度相对稳定，没有大量异常断裂、极端微弱或杂乱涂画。
7. 画面具有适量细节。可以简单，但主要对象的基本结构能够表达清楚。
8. 房屋、树木、人物的比例大致协调，没有极端小型化或比例失调。
9. 房屋结构稳定，墙体、屋顶等主要结构完整，没有明显倒塌、断裂或严重几何变形。
10. 树木结构自然，树干、树冠、树枝等主要部分能够正常识别，整体结构基本完整。
11. 人物头部、躯干、手臂和腿等主要身体结构基本完整，连接关系自然，没有明显断裂、错位或无法解释的结构缺失。
12. 人物大小与房屋、树木和整个画布基本协调，不存在极端小型化。
13. 人物整体比例基本合理，没有明显选择性结构缺失。
14. 房屋、树木和人物的相对大小基本合理，没有非常极端的尺寸差异。
15. 三者之间保持自然距离，没有某个对象被极端隔离。
16. 整体构图稳定且场景连贯，人物能够自然地处于房屋和树木形成的环境中。

【支持异常的证据】
1. 无。"
dataset/HTP/02/00/02_00_00_0137.jpg,02,00,01,0.00857748525531428,"【支持正常的证据】
1. 房屋、树木、人物三个核心对象均能够清楚识别，并且基本完整。
2. 三个对象在画面中的大小适中，没有全部挤在极小区域，也没有明显超出或压迫整个画面。
3. 房、树、人之间保持自然、合理的空间距离，没有明显孤立或被大片空白强行分隔。
4. 三个对象能够形成基本连贯的场景，例如共享地面、方向一致、空间位置合理，整体看起来属于同一个环境，而不是三个互不相关的符号。
5. 整体构图稳定，没有明显失衡、极端偏向某个角落或严重碎片化。
6. 线条总体连续、自然、力度相对稳定，没有大量异常断裂、极端微弱或杂乱涂画。
7. 画面具有适量细节。可以简单，但主要对象的基本结构能够表达清楚。
8. 房屋、树木、人物的比例大致协调，没有极端小型化或比例失调。
9. 房屋结构稳定，屋顶、烟囱、门窗等细节自然、适量并与房屋结构协调。
10. 树木结构自然，没有明显截断或畸形。
11. 人物头部、躯干、手臂和腿等主要身体结构基本完整，连接关系自然。
12. 人物大小与房屋、树木和整个画布基本协调，没有极端小型化。
13. 人物整体比例基本合理，没有明显失调。
14. 整体构图稳定且场景连贯，没有明显异常的大面积涂黑、极端小型化或异常隔离。
15. 人物没有明显选择性结构缺失，例如没有缺少手臂或腿部。
16. 房屋、树木和人物之间的关系自然，没有极端隔离或空间碎片化。

【支持异常的证据】
1. 无明显异常特征。"
dataset/HTP/02/00/02_00_00_0138.jpg,02,00,01,0.015906393344589397,"【支持正常的证据】
1. 房屋、树木、人物三个核心对象均能够清楚识别，并且基本完整。
2. 三个对象在画面中的大小适中，没有全部挤在极小区域，也没有明显超出或压迫整个画面。
3. 房、树、人之间保持自然、合理的空间距离，没有明显孤立或被大片空白强行分隔。
4. 三个对象能够形成基本连贯的场景，例如共享地面、方向一致、空间位置合理，整体看起来属于同一个环境，而不是三个互不相关的符号。
5. 整体构图稳定，没有明显失衡、极端偏向某个角落或严重碎片化。
6. 线条总体连续、自然、力度相对稳定，没有大量异常断裂、极端微弱或杂乱涂画。
7. 画面具有适量细节。可以简单，但主要对象的基本结构能够表达清楚。
8. 房屋、树木、人物的比例大致协调，没有极端小型化或比例失调。
9. 房屋、树木和人物之间的关系自然，没有极端隔离或不连贯的空间关系。
10. 线条自然、连续，没有异常大面积涂黑。

【支持异常的证据】
1. 无。"
dataset/HTP/02/00/02_00_00_0139.jpg,02,00,01,0.010986941578116865,"【支持正常的证据】
1. 房屋、树木、人物三个核心对象均能够清楚识别，并且基本完整。
2. 三个对象在画面中的大小适中，没有全部挤在极小区域，也没有明显超出或压迫整个画面。
3. 房、树、人之间保持自然、合理的空间距离，没有明显孤立或被大片空白强行分隔。
4. 三个对象能够形成基本连贯的场景，例如共享地面、方向一致、空间位置合理，整体看起来属于同一个环境，而不是三个互不相关的符号。
5. 整体构图稳定，没有明显失衡、极端偏向某个角落或严重碎片化。
6. 线条总体连续、自然、力度相对稳定，没有大量异常断裂、极端微弱或杂乱涂画。
7. 画面具有适量细节。可以简单，但主要对象的基本结构能够表达清楚。
8. 树木结构自然，没有明显截断或畸形。
9. 人物身体主要结构完整，比例不存在严重失调。
10. 整体构图稳定且场景连贯。
11. 线条自然、连续，没有异常大面积涂黑。
12. 没有明显的选择性结构缺失。
13. 即使绘画较简单，其简化方式在整幅画中保持一致。

【支持异常的证据】
1. 无明显异常特征。"
dataset/HTP/02/00/02_00_00_0140.jpg,02,00,01,0.009708474753363424,"【支持正常的证据】
1. 房屋、树木、人物三个核心对象均能够清楚识别，并且基本完整。
2. 三个对象在画面中的大小适中，没有全部挤在极小区域，也没有明显超出或压迫整个画面。
3. 房、树、人之间保持自然、合理的空间距离，没有明显孤立或被大片空白强行分隔。
4. 三个对象能够形成基本连贯的场景，例如共享地面、方向一致、空间位置合理，整体看起来属于同一个环境，而不是三个互不相关的符号。
5. 整体构图稳定，没有明显失衡、极端偏向某个角落或严重碎片化。
6. 线条总体连续、自然、力度相对稳定，没有大量异常断裂、极端微弱或杂乱涂画。
7. 画面具有适量细节。可以简单，但主要对象的基本结构能够表达清楚。
8. 房屋、树木、人物的比例大致协调，没有极端小型化或比例失调。
9. 房屋、树木和人物之间的关系自然，没有极端隔离或不连贯的空间关系。
10. 线条自然、连续，没有异常大面积涂黑。

【支持异常的证据】
1. 无明显异常特征。"
dataset/HTP/02/00/02_00_00_0141.jpg,02,00,01,0.04742587351415913,"【支持正常的证据】
1. 房屋、树木、人物三个核心对象均能够清楚识别，并且基本完整。
2. 三个对象在画面中的大小适中，没有全部挤在极小区域，也没有明显超出或压迫整个画面。
3. 房、树、人之间保持自然、合理的空间距离，没有明显孤立或被大片空白强行分隔。
4. 三个对象能够形成基本连贯的场景，例如共享地面、方向一致、空间位置合理，整体看起来属于同一个环境，而不是三个互不相关的符号。
5. 整体构图稳定，没有明显失衡、极端偏向某个角落或严重碎片化。
6. 线条总体连续、自然、力度相对稳定，没有大量异常断裂、极端微弱或杂乱涂画。
7. 画面具有适量细节。可以简单，但主要对象的基本结构能够表达清楚。
8. 如果存在草地、道路、太阳、云、花、地面等环境元素，并且与主体自然结合，可以作为场景完整和组织良好的积极证据。
9. 没有大面积、无明显绘画目的的异常涂黑、重阴影或局部反复强调。

【支持异常的证据】
1. 房屋、树木、人物中的一个或多个核心对象完全缺失，且无法由裁剪、遮挡或画法解释。
2. 整幅画极度简化，只剩极少线条，大量重要结构同时消失，整体信息量异常低。
3. 房、树、人整体只占巨大画布中极小区域，周围存在大量空白。
4. 三个对象之间距离极端遥远，某个对象明显孤立，或者整个场景严重碎片化。
5. 对象像漂浮在不同区域，彼此几乎没有空间联系，整体场景严重不连贯。
6. 存在大量非常微弱、间断、犹豫、僵硬或严重潦草的线条。
7. 存在异常大面积涂黑、重度阴影或某个对象被明显过度强调。"
dataset/HTP/02/00/02_00_00_0142.jpg,02,00,01,0.010986941578116865,"【支持正常的证据】
1. 房屋、树木、人物三个核心对象均能够清楚识别，并且基本完整。
2. 三个对象在画面中的大小适中，没有全部挤在极小区域，也没有明显超出或压迫整个画面。
3. 房、树、人之间保持自然、合理的空间距离，没有明显孤立或被大片空白强行分隔。
4. 三个对象能够形成基本连贯的场景，例如共享地面、方向一致、空间位置合理，整体看起来属于同一个环境。
5. 整体构图稳定，没有明显失衡、极端偏向某个角落或严重碎片化。
6. 线条总体连续、自然、力度相对稳定，没有大量异常断裂、极端微弱或杂乱涂画。
7. 画面具有适量细节。可以简单，但主要对象的基本结构能够表达清楚。
8. 房屋、树木、人物的比例大致协调，没有极端小型化或比例失调。
9. 房屋结构稳定，屋顶、墙壁等主要组成部分合理。
10. 树木结构自然，没有明显截断或畸形。
11. 人物身体主要结构完整，比例不存在严重失调。
12. 整体构图稳定且场景连贯，没有明显异常的大面积涂黑。
13. 线条自然、连续，没有异常大面积涂黑。
14. 人物没有明显选择性结构缺失。
15. 画面存在多个相互独立的正常积极特征。

【支持异常的证据】
1. 无明显异常特征。"
dataset/HTP/02/00/02_00_00_0143.jpg,02,00,01,0.06754668832401889,"【支持正常的证据】
1. 房屋、树木、人物三个核心对象均能够清楚识别，并且基本完整。
2. 三个对象在画面中的大小适中，没有全部挤在极小区域，也没有明显超出或压迫整个画面。
3. 房、树、人之间保持自然、合理的空间距离，没有明显孤立或被大片空白强行分隔。
4. 三个对象能够形成基本连贯的场景，例如共享地面、方向一致、空间位置合理，整体看起来属于同一个环境，而不是三个互不相关的符号。
5. 整体构图稳定，没有明显失衡、极端偏向某个角落或严重碎片化。
6. 线条总体连续、自然、力度相对稳定，没有大量异常断裂、极端微弱或杂乱涂画。
7. 画面具有适量细节。可以简单，但主要对象的基本结构能够表达清楚。
8. 没有大面积、无明显绘画目的的异常涂黑、重阴影或局部反复强调。

【支持异常的证据】
1. 房屋、树木、人物中的一个或多个核心对象完全缺失，且无法由裁剪、遮挡或画法解释。
2. 整幅画极度简化，只剩极少线条，大量重要结构同时消失，整体信息量异常低。
3. 房、树、人整体只占巨大画布中极小区域，周围存在大量空白。
4. 三个对象之间距离极端遥远，某个对象明显孤立，或者整个场景严重碎片化。
5. 对象像漂浮在不同区域，彼此几乎没有空间联系，整体场景严重不连贯。
6. 存在大量非常微弱、间断、犹豫、僵硬或严重潦草的线条。
7. 存在异常大面积涂黑、重度阴影或某个对象被明显过度强调。"
dataset/HTP/02/00/02_00_00_0144.jpg,02,00,01,0.10669058897496679,"【支持正常的证据】
1. 房屋、树木、人物三个核心对象均能够清楚识别，并且基本完整。
2. 三个对象在画面中的大小适中，没有全部挤在极小区域，也没有明显超出或压迫整个画面。
3. 房、树、人之间保持自然、合理的空间距离，没有明显孤立或被大片空白强行分隔。
4. 三个对象能够形成基本连贯的场景，例如共享地面、方向一致、空间位置合理，整体看起来属于同一个环境，而不是三个互不相关的符号。
5. 整体构图稳定，没有明显失衡、极端偏向某个角落或严重碎片化。
6. 线条总体连续、自然、力度相对稳定，没有大量异常断裂、极端微弱或杂乱涂画。
7. 画面具有适量细节。可以简单，但主要对象的基本结构能够表达清楚。
8. 房屋、树木、人物的比例大致协调，没有极端小型化或比例失调。
9. 房屋、树木和人物之间的关系自然，没有极端隔离或不连贯的空间关系。
10. 线条自然、连续，没有异常大面积涂黑。

【支持异常的证据】
1. 人物头部缺失，没有完成。
2. 房屋结构较为简单，没有明显细节如门、窗户等。
3. 树木结构简单，没有明显的树冠和树枝细节。
4. 房屋、树木和人物的比例有些不协调，人物显得较小。
5. 房屋和树木的线条有些犹豫，缺乏稳定性。
6. 人物的身体结构有些简单，没有明显的面部特征。"
dataset/HTP/02/00/02_00_00_0145.jpg,02,00,01,0.012431653620200803,"【支持正常的证据】
1. 房屋、树木、人物三个核心对象均能够清楚识别，并且基本完整。
2. 三个对象在画面中的大小适中，没有全部挤在极小区域，也没有明显超出或压迫整个画面。
3. 房、树、人之间保持自然、合理的空间距离，没有明显孤立或被大片空白强行分隔。
4. 三个对象能够形成基本连贯的场景，例如共享地面、方向一致、空间位置合理，整体看起来属于同一个环境，而不是三个互不相关的符号。
5. 整体构图稳定，没有明显失衡、极端偏向某个角落或严重碎片化。
6. 线条总体连续、自然、力度相对稳定，没有大量异常断裂、极端微弱或杂乱涂画。
7. 画面具有适量细节。可以简单，但主要对象的基本结构能够表达清楚。
8. 房屋、树木、人物的比例大致协调，没有极端小型化或比例失调。
9. 房屋、树木和人物之间的相对大小基本合理，没有非常极端的尺寸差异。
10. 人物身体主要结构完整，比例不存在严重失调。
11. 整体构图稳定且场景连贯，没有明显异常的大面积涂黑。
12. 人物和房屋、树木之间保持自然距离，没有极端隔离。
13. 画面中存在少量细节，如伞、车等，与主体自然结合。
14. 人物采用火柴人风格，整体结构完整，没有明显选择性结构缺失。

【支持异常的证据】
1. 无。"
dataset/HTP/02/00/02_00_00_0146.jpg,02,00,01,0.060086650384398026,"【支持正常的证据】
1. 房屋、树木、人物三个核心对象均能够清楚识别，并且基本完整。
2. 三个对象在画面中的大小适中，没有全部挤在极小区域，也没有明显超出或压迫整个画面。
3. 房、树、人之间保持自然、合理的空间距离，没有明显孤立或被大片空白强行分隔。
4. 三个对象能够形成基本连贯的场景，例如共享地面、方向一致、空间位置合理，整体看起来属于同一个环境，而不是三个互不相关的符号。
5. 整体构图稳定，没有明显失衡、极端偏向某个角落或严重碎片化。
6. 线条总体连续、自然、力度相对稳定，没有大量异常断裂、极端微弱或杂乱涂画。
7. 画面具有适量细节。可以简单，但主要对象的基本结构能够表达清楚。
8. 没有大面积、无明显绘画目的的异常涂黑、重阴影或局部反复强调。

【支持异常的证据】
1. 房屋、树木、人物中的一个或多个核心对象完全缺失，且无法由裁剪、遮挡或画法解释。
2. 整幅画极度简化，只剩极少线条，大量重要结构同时消失，整体信息量异常低。
3. 房、树、人整体只占巨大画布中极小区域，周围存在大量空白。
4. 三个对象之间距离极端遥远，某个对象明显孤立，或者整个场景严重碎片化。
5. 对象像漂浮在不同区域，彼此几乎没有空间联系，整体场景严重不连贯。
6. 存在大量非常微弱、间断、犹豫、僵硬或严重潦草的线条。
7. 存在异常大面积涂黑、重度阴影或某个对象被明显过度强调。"
dataset/HTP/02/00/02_00_00_0147.jpg,02,00,01,0.00857748525531428,"【支持正常的证据】
1. 房屋、树木、人物三个核心对象均能够清楚识别，并且基本完整。
2. 三个对象在画面中的大小适中，没有全部挤在极小区域，也没有明显超出或压迫整个画面。
3. 房、树、人之间保持自然、合理的空间距离，没有明显孤立或被大片空白强行分隔。
4. 三个对象能够形成基本连贯的场景，例如共享地面、方向一致、空间位置合理，整体看起来属于同一个环境，而不是三个互不相关的符号。
5. 整体构图稳定，没有明显失衡、极端偏向某个角落或严重碎片化。
6. 线条总体连续、自然、力度相对稳定，没有大量异常断裂、极端微弱或杂乱涂画。
7. 画面具有适量细节。可以简单，但主要对象的基本结构能够表达清楚。
8. 房屋、树木、人物的比例大致协调，没有极端小型化或比例失调。
9. 房屋结构稳定，主要组成部分合理，没有明显倒塌、断裂或严重几何变形。
10. 树木结构自然，没有严重截断或畸形。
11. 人物身体主要结构完整，比例不存在严重失调。
12. 整体构图稳定且场景连贯。
13. 线条自然、连续，没有异常大面积涂黑。
14. 没有明显的选择性结构缺失。
15. 仅存在少数能够由绘画水平、年龄、风格或普通构图解释的轻微异常。

【支持异常的证据】
1. 无。"
dataset/HTP/02/00/02_00_00_0148.jpg,02,00,01,0.012431653620200803,"【支持正常的证据】
1. 房屋、树木、人物三个核心对象均能够清楚识别，并且基本完整。
2. 三个对象在画面中的大小适中，没有全部挤在极小区域，也没有明显超出或压迫整个画面。
3. 房、树、人之间保持自然、合理的空间距离，没有明显孤立或被大片空白强行分隔。
4. 三个对象能够形成基本连贯的场景，例如共享地面、方向一致、空间位置合理，整体看起来属于同一个环境，而不是三个互不相关的符号。
5. 整体构图稳定，没有明显失衡、极端偏向某个角落或严重碎片化。
6. 线条总体连续、自然、力度相对稳定，没有大量异常断裂、极端微弱或杂乱涂画。
7. 画面具有适量细节。可以简单，但主要对象的基本结构能够表达清楚。
8. 房屋、树木、人物的比例大致协调，没有极端小型化或比例失调。
9. 房屋、树木和人物之间的关系自然，没有极端隔离或空间关系异常。
10. 线条自然、连续，没有异常大面积涂黑。

【支持异常的证据】
1. 无明显异常特征。"
dataset/HTP/02/00/02_00_00_0149.jpg,02,00,01,0.009708474753363424,"【支持正常的证据】
1. 房屋、树木、人物三个核心对象均能够清楚识别，并且基本完整。
2. 三个对象在画面中的大小适中，没有全部挤在极小区域，也没有明显超出或压迫整个画面。
3. 房、树、人之间保持自然、合理的空间距离，没有明显孤立或被大片空白强行分隔。
4. 三个对象能够形成基本连贯的场景，例如共享地面、方向一致、空间位置合理，整体看起来属于同一个环境，而不是三个互不相关的符号。
5. 整体构图稳定，没有明显失衡、极端偏向某个角落或严重碎片化。
6. 线条总体连续、自然、力度相对稳定，没有大量异常断裂、极端微弱或杂乱涂画。
7. 画面具有适量细节。可以简单，但主要对象的基本结构能够表达清楚。
8. 房屋、树木、人物的比例大致协调，没有极端小型化或比例失调。
9. 房屋结构稳定，主要组成部分合理，没有明显倒塌、断裂或严重几何变形。
10. 树木结构自然，没有严重截断或畸形。
11. 人物身体主要结构完整，比例不存在严重失调。
12. 整体构图稳定且场景连贯。
13. 线条自然、连续，没有异常大面积涂黑。
14. 没有明显的选择性结构缺失。
15. 仅存在少数能够由绘画水平、年龄、风格或普通构图解释的轻微异常。

【支持异常的证据】
1. 无。"
dataset/HTP/02/00/02_00_00_0150.jpg,02,00,01,0.010986941578116865,"【支持正常的证据】
1. 房屋、树木、人物三个核心对象均能够清楚识别，并且基本完整。
2. 三个对象在画面中的大小适中，没有全部挤在极小区域，也没有明显超出或压迫整个画面。
3. 房、树、人之间保持自然、合理的空间距离，没有明显孤立或被大片空白强行分隔。
4. 三个对象能够形成基本连贯的场景，例如共享地面、方向一致、空间位置合理，整体看起来属于同一个环境，而不是三个互不相关的符号。
5. 整体构图稳定，没有明显失衡、极端偏向某个角落或严重碎片化。
6. 线条总体连续、自然、力度相对稳定，没有大量异常断裂、极端微弱或杂乱涂画。
7. 画面具有适量细节。可以简单，但主要对象的基本结构能够表达清楚。
8. 房屋、树木、人物的比例大致协调，没有极端小型化或比例失调。
9. 房屋、树木和人物之间的关系自然，没有极端隔离或空间关系异常。
10. 线条自然、连续，没有异常大面积涂黑。

【支持异常的证据】
1. 无明显异常特征。"
dataset/HTP/02/00/02_00_00_0151.jpg,02,00,01,0.03308597922294221,"【支持正常的证据】
1. 房屋、树木、人物三个核心对象均能够清楚识别，并且基本完整。
2. 三个对象在画面中的大小适中，没有全部挤在极小区域，也没有明显超出或压迫整个画面。
3. 房、树、人之间保持自然、合理的空间距离，没有明显孤立或被大片空白强行分隔。
4. 三个对象能够形成基本连贯的场景，例如共享地面、方向一致、空间位置合理，整体看起来属于同一个环境。
5. 整体构图稳定，没有明显失衡、极端偏向某个角落或严重碎片化。
6. 线条总体连续、自然、力度相对稳定，没有大量异常断裂、极端微弱或杂乱涂画。
7. 画面具有适量细节。可以简单，但主要对象的基本结构能够表达清楚。
8. 没有大面积、无明显绘画目的的异常涂黑、重阴影或局部反复强调。

【支持异常的证据】
1. 房屋结构较完整、可见方向正常，但明显选择性缺少门。
2. 树木相对于其他主体和画布极端微小。
3. 人物头部、躯干、手臂和腿等主要身体结构基本完整。
4. 房屋、树木和人物的相对大小基本合理，没有非常极端的尺寸差异。
5. 三者之间保持自然距离，没有某个对象被极端隔离。
6. 对象具有基本共同空间，例如共享地面、位置关系能够形成一个完整场景。
7. 即使对象之间没有互动，只要整体空间组织清楚、稳定、协调，也属于正常构图。"
dataset/HTP/02/00/02_00_00_0152.jpg,02,00,01,0.015906393344589397,"【支持正常的证据】
1. 房屋、树木、人物三个核心对象均能够清楚识别，并且基本完整。
2. 三个对象在画面中的大小适中，没有全部挤在极小区域，也没有明显超出或压迫整个画面。
3. 房、树、人之间保持自然、合理的空间距离，没有明显孤立或被大片空白强行分隔。
4. 三个对象能够形成基本连贯的场景，例如共享地面、方向一致、空间位置合理，整体看起来属于同一个环境，而不是三个互不相关的符号。
5. 整体构图稳定，没有明显失衡、极端偏向某个角落或严重碎片化。
6. 线条总体连续、自然、力度相对稳定，没有大量异常断裂、极端微弱或杂乱涂画。
7. 画面具有适量细节。可以简单，但主要对象的基本结构能够表达清楚。
8. 房屋、树木、人物的比例大致协调，没有极端小型化或比例失调。
9. 房屋结构稳定，屋顶、墙壁等主要组成部分合理。
10. 树木结构自然，没有明显截断或畸形。
11. 人物身体主要结构完整，比例不存在严重失调。
12. 整体构图稳定且场景连贯，没有明显异常的大面积涂黑。
13. 线条自然、连续，没有异常大面积涂黑。
14. 人物没有明显选择性结构缺失。
15. 画面存在多个相互独立的正常积极特征。

【支持异常的证据】
1. 无。"
dataset/HTP/02/00/02_00_00_0153.jpg,02,00,01,0.053403324903538434,"【支持正常的证据】
1. 房屋、树木、人物三个核心对象均能够清楚识别，并且基本完整。
2. 三个对象在画面中的大小适中，没有全部挤在极小区域，也没有明显超出或压迫整个画面。
3. 房、树、人之间保持自然、合理的空间距离，没有明显孤立或被大片空白强行分隔。
4. 三个对象能够形成基本连贯的场景，例如共享地面、方向一致、空间位置合理，整体看起来属于同一个环境，而不是三个互不相关的符号。
5. 整体构图稳定，没有明显失衡、极端偏向某个角落或严重碎片化。
6. 线条总体连续、自然、力度相对稳定，没有大量异常断裂、极端微弱或杂乱涂画。
7. 画面具有适量细节。可以简单，但主要对象的基本结构能够表达清楚。
8. 房屋、树木、人物的比例大致协调，没有极端小型化或比例失调。
9. 房屋、树木和人物之间的关系自然，没有极端隔离或空间关系异常。
10. 线条自然、连续，没有异常大面积涂黑。

【支持异常的证据】
1. 房屋、树木、人物中的一个或多个核心对象完全缺失，且无法由裁剪、遮挡或画法解释。
2. 整幅画极度简化，只剩极少线条，大量重要结构同时消失，整体信息量异常低。
3. 房、树、人整体只占巨大画布中极小区域，周围存在大量空白。
4. 三个对象之间距离极端遥远，某个对象明显孤立，或者整个场景严重碎片化。
5. 存在大量非常微弱、间断、犹豫、僵硬或严重潦草的线条。
6. 存在异常大面积涂黑、重度阴影或某个对象被明显过度强调。"
dataset/HTP/02/00/02_00_00_0154.jpg,02,00,01,0.012431653620200803,"【支持正常的证据】
1. 房屋、树木、人物三个核心对象均能够清楚识别，并且基本完整。
2. 三个对象在画面中的大小适中，没有全部挤在极小区域，也没有明显超出或压迫整个画面。
3. 房、树、人之间保持自然、合理的空间距离，没有明显孤立或被大片空白强行分隔。
4. 三个对象能够形成基本连贯的场景，例如共享地面、方向一致、空间位置合理，整体看起来属于同一个环境。
5. 整体构图稳定，没有明显失衡、极端偏向某个角落或严重碎片化。
6. 线条总体连续、自然、力度相对稳定，没有大量异常断裂、极端微弱或杂乱涂画。
7. 画面具有适量细节。可以简单，但主要对象的基本结构能够表达清楚。
8. 房屋、树木、人物的比例大致协调，没有极端小型化或比例失调。
9. 房屋、树木和人物之间的关系自然，没有极端隔离或空间关系异常。
10. 线条自然、连续，没有异常大面积涂黑。

【支持异常的证据】
1. 无明显异常特征。"
dataset/HTP/02/00/02_00_00_0155.jpg,02,00,01,0.014063626423394072,"【支持正常的证据】
1. 房屋、树木、人物三个核心对象均能够清楚识别，并且基本完整。
2. 三个对象在画面中的大小适中，没有全部挤在极小区域，也没有明显超出或压迫整个画面。
3. 房、树、人之间保持自然、合理的空间距离，没有明显孤立或被大片空白强行分隔。
4. 三个对象能够形成基本连贯的场景，例如共享地面、方向一致、空间位置合理，整体看起来属于同一个环境。
5. 整体构图稳定，没有明显失衡、极端偏向某个角落或严重碎片化。
6. 线条总体连续、自然、力度相对稳定，没有大量异常断裂、极端微弱或杂乱涂画。
7. 画面具有适量细节。可以简单，但主要对象的基本结构能够表达清楚。
8. 房屋、树木、人物的比例大致协调，没有极端小型化或比例失调。
9. 房屋结构稳定，没有明显倒塌、断裂或严重几何变形。
10. 树木结构自然，没有明显截断或畸形。
11. 人物身体主要结构完整，比例不存在严重失调。
12. 整体构图稳定且场景连贯。
13. 线条自然、连续，没有异常大面积涂黑。
14. 没有明显的选择性结构缺失。
15. 仅存在少数能够由绘画水平、年龄、风格或普通构图解释的轻微异常。

【支持异常的证据】
1. 无。"
dataset/HTP/02/00/02_00_00_0156.jpg,02,00,01,0.060086650384398026,"【支持正常的证据】
1. 房屋、树木、人物三个核心对象均能够清楚识别，并且基本完整。
2. 三个对象在画面中的大小适中，没有全部挤在极小区域，也没有明显超出或压迫整个画面。
3. 房、树、人之间保持自然、合理的空间距离，没有明显孤立或被大片空白强行分隔。
4. 三个对象能够形成基本连贯的场景，例如共享地面、方向一致、空间位置合理，整体看起来属于同一个环境，而不是三个互不相关的符号。
5. 整体构图稳定，没有明显失衡、极端偏向某个角落或严重碎片化。
6. 线条总体连续、自然、力度相对稳定，没有大量异常断裂、极端微弱或杂乱涂画。
7. 画面具有适量细节。可以简单，但主要对象的基本结构能够表达清楚。
8. 没有大面积、无明显绘画目的的异常涂黑、重阴影或局部反复强调。

【支持异常的证据】
1. 房屋、树木、人物中的一个或多个核心对象完全缺失，且无法由裁剪、遮挡或画法解释。
2. 整幅画极度简化，只剩极少线条，大量重要结构同时消失，整体信息量异常低。
3. 房、树、人整体只占巨大画布中极小区域，周围存在大量空白。
4. 三个对象之间距离极端遥远，某个对象明显孤立，或者整个场景严重碎片化。
5. 对象像漂浮在不同区域，彼此几乎没有空间联系，整体场景严重不连贯。
6. 存在大量非常微弱、间断、犹豫、僵硬或严重潦草的线条。
7. 存在异常大面积涂黑、重度阴影或某个对象被明显过度强调。"
dataset/HTP/02/01/02_01_00_0000.jpg,02,01,01,0.02033235323135295,"【支持正常的证据】
1. 房屋、树木、人物三个核心对象均能够清楚识别，并且基本完整。
2. 三个对象在画面中的大小适中，没有全部挤在极小区域，也没有明显超出或压迫整个画面。
3. 房、树、人之间保持自然、合理的空间距离，没有明显孤立或被大片空白强行分隔。
4. 三个对象能够形成基本连贯的场景，例如共享地面、方向一致、空间位置合理，整体看起来属于同一个环境。
5. 整体构图稳定，没有明显失衡、极端偏向某个角落或严重碎片化。
6. 线条总体连续、自然、力度相对稳定，没有大量异常断裂、极端微弱或杂乱涂画。
7. 画面具有适量细节。可以简单，但主要对象的基本结构能够表达清楚。
8. 房屋、树木、人物的比例大致协调，没有极端小型化或比例失调。
9. 房屋、树木和人物之间的相对大小基本合理，没有非常极端的尺寸差异。
10. 人物身体主要结构完整，比例不存在严重失调。
11. 整体构图稳定且场景连贯，没有明显异常的大面积涂黑。
12. 人物没有明显选择性结构缺失，整体绘画风格统一。
13. 房屋结构稳定，主要组成部分合理。
14. 树木结构自然，没有严重截断或畸形。
15. 人物身体各部分连接关系自然，没有明显断裂、错位或无法解释的结构缺失。
16. 人物大小与房屋、树木和整个画布基本协调，不存在极端小型化。
17. 人物采用火柴人、单线手臂或单线腿的简单风格时，如果整个人物风格统一并且结构完整，不能因为简单就判断异常。
18. 人物可以正面、侧面或其他姿势，只要身体结构基本合理，都可以属于正常表现。
19. 人物没有明显异常的大面积涂黑。
20. 人物没有明显选择性结构缺失。
21. 人物没有明显异常的大面积涂黑。
22. 人物没有明显异常的大面积涂黑。
23. 人物没有明显异常的大面积涂黑。
24. 人物没有明显异常的大面积涂黑。
25. 人物没有明显异常的大面积涂黑。
26. 人物没有明显异常的大面积涂黑。
27. 人物没有明显异常的大面积涂黑。
28. 人物没有明显异常的大面积涂黑。
29. 人物没有明显异常的大面积涂黑。
30. 人物没有明显异常的大面积涂黑。
31. 人物没有明显异常的大面积涂黑。
32. 人物没有明显异常的大面积涂黑。
3"
dataset/HTP/02/01/02_01_00_0001.jpg,02,01,01,0.010986941578116865,"【支持正常的证据】
1. 房屋、树木、人物三个核心对象均能够清楚识别，并且基本完整。
2. 三个对象在画面中的大小适中，没有全部挤在极小区域，也没有明显超出或压迫整个画面。
3. 房、树、人之间保持自然、合理的空间距离，没有明显孤立或被大片空白强行分隔。
4. 三个对象能够形成基本连贯的场景，例如共享地面、方向一致、空间位置合理，整体看起来属于同一个环境，而不是三个互不相关的符号。
5. 整体构图稳定，没有明显失衡、极端偏向某个角落或严重碎片化。
6. 线条总体连续、自然、力度相对稳定，没有大量异常断裂、极端微弱或杂乱涂画。
7. 画面具有适量细节。可以简单，但主要对象的基本结构能够表达清楚。
8. 房屋、树木、人物的比例大致协调，没有极端小型化或比例失调。
9. 房屋、树木和人物之间的关系自然，没有极端隔离或不连贯的空间关系。
10. 线条自然、连续，没有异常大面积涂黑。

【支持异常的证据】
1. 无明显异常特征。"
dataset/HTP/02/01/02_01_00_0002.jpg,02,01,01,0.06754668832401889,"【支持正常的证据】
1. 房屋、树木、人物三个核心对象均能够清楚识别，并且基本完整。
2. 三个对象在画面中的大小适中，没有全部挤在极小区域，也没有明显超出或压迫整个画面。
3. 房、树、人之间保持自然、合理的空间距离，没有明显孤立或被大片空白强行分隔。
4. 三个对象能够形成基本连贯的场景，例如共享地面、方向一致、空间位置合理，整体看起来属于同一个环境，而不是三个互不相关的符号。
5. 整体构图稳定，没有明显失衡、极端偏向某个角落或严重碎片化。
6. 线条总体连续、自然、力度相对稳定，没有大量异常断裂、极端微弱或杂乱涂画。
7. 画面具有适量细节。可以简单，但主要对象的基本结构能够表达清楚。
8. 如果存在草地、道路、太阳、云、花、地面等环境元素，并且与主体自然结合，可以作为场景完整和组织良好的积极证据。
9. 没有大面积、无明显绘画目的的异常涂黑、重阴影或局部反复强调。

【支持异常的证据】
1. 房屋、树木、人物中的一个或多个核心对象完全缺失，且无法由裁剪、遮挡或画法解释。
2. 整幅画极度简化，只剩极少线条，大量重要结构同时消失，整体信息量异常低。
3. 房、树、人整体只占巨大画布中极小区域，周围存在大量空白。
4. 三个对象之间距离极端遥远，某个对象明显孤立，或者整个场景严重碎片化。
5. 对象像漂浮在不同区域，彼此几乎没有空间联系，整体场景严重不连贯。
6. 存在大量非常微弱、间断、犹豫、僵硬或严重潦草的线条。
7. 存在异常大面积涂黑、重度阴影或某个对象被明显过度强调。"
dataset/HTP/02/01/02_01_00_0003.jpg,02,01,01,0.06754668832401889,"【支持正常的证据】
1. 房屋、树木、人物三个核心对象均能够清楚识别，并且基本完整。
2. 三个对象在画面中的大小适中，没有全部挤在极小区域，也没有明显超出或压迫整个画面。
3. 房、树、人之间保持自然、合理的空间距离，没有明显孤立或被大片空白强行分隔。
4. 三个对象能够形成基本连贯的场景，例如共享地面、方向一致、空间位置合理，整体看起来属于同一个环境，而不是三个互不相关的符号。
5. 整体构图稳定，没有明显失衡、极端偏向某个角落或严重碎片化。
6. 线条总体连续、自然、力度相对稳定，没有大量异常断裂、极端微弱或杂乱涂画。
7. 画面具有适量细节。可以简单，但主要对象的基本结构能够表达清楚。
8. 如果存在草地、道路、太阳、云、花、地面等环境元素，并且与主体自然结合，可以作为场景完整和组织良好的积极证据。
9. 没有大面积、无明显绘画目的的异常涂黑、重阴影或局部反复强调。

【支持异常的证据】
1. 房屋、树木、人物中的一个或多个核心对象完全缺失，且无法由裁剪、遮挡或画法解释。
2. 整幅画极度简化，只剩极少线条，大量重要结构同时消失，整体信息量异常低。
3. 房、树、人整体只占巨大画布中极小区域，周围存在大量空白。
4. 三个对象之间距离极端遥远，某个对象明显孤立，或者整个场景严重碎片化。
5. 对象像漂浮在不同区域，彼此几乎没有空间联系，整体场景严重不连贯。
6. 存在大量非常微弱、间断、犹豫、僵硬或严重潦草的线条。
7. 存在异常大面积涂黑、重度阴影或某个对象被明显过度强调。"
dataset/HTP/02/01/02_01_00_0004.jpg,02,01,01,0.03308597922294221,"【支持正常的证据】
1. 房屋、树木、人物三个核心对象均能够清楚识别，并且基本完整。
2. 三个对象在画面中的大小适中，没有全部挤在极小区域，也没有明显超出或压迫整个画面。
3. 房、树、人之间保持自然、合理的空间距离，没有明显孤立或被大片空白强行分隔。
4. 三个对象能够形成基本连贯的场景，例如共享地面、方向一致、空间位置合理，整体看起来属于同一个环境，而不是三个互不相关的符号。
5. 整体构图稳定，没有明显失衡、极端偏向某个角落或严重碎片化。
6. 线条总体连续、自然、力度相对稳定，没有大量异常断裂、极端微弱或杂乱涂画。
7. 画面具有适量细节。可以简单，但主要对象的基本结构能够表达清楚。
8. 房屋、树木、人物的比例大致协调，没有极端小型化或比例失调。
9. 房屋、树木和人物之间的关系自然，没有极端隔离或不连贯的空间关系。
10. 线条自然、连续，没有异常大面积涂黑。

【支持异常的证据】
1. 人物缺少脸部和主要肢体，但整体结构仍然存在。
2. 树木缺少叶子，但整体结构仍然存在。
3. 房屋缺少窗户，但整体结构仍然存在。
4. 房屋、树木和人物的比例协调，没有极端小型化或比例失调。
5. 房屋、树木和人物之间的关系自然，没有极端隔离或不连贯的空间关系。"
dataset/HTP/02/01/02_01_00_0005.jpg,02,01,01,0.11920291732853862,"【支持正常的证据】
1. 房屋、树木、人物三个核心对象均能够清楚识别，并且基本完整。
2. 三个对象在画面中的大小适中，没有全部挤在极小区域，也没有明显超出或压迫整个画面。
3. 房、树、人之间保持自然、合理的空间距离，没有明显孤立或被大片空白强行分隔。
4. 三个对象能够形成基本连贯的场景，例如共享地面、方向一致、空间位置合理，整体看起来属于同一个环境，而不是三个互不相关的符号。
5. 整体构图稳定，没有明显失衡、极端偏向某个角落或严重碎片化。
6. 线条总体连续、自然、力度相对稳定，没有大量异常断裂、极端微弱或杂乱涂画。
7. 画面具有适量细节。可以简单，但主要对象的基本结构能够表达清楚。
8. 房屋、树木、人物的比例大致协调，没有极端小型化或比例失调。
9. 房屋、树木和人物之间的相对大小基本合理，没有非常极端的尺寸差异。
10. 整体构图稳定且场景连贯，没有明显异常的大面积涂黑、极端小型化或异常隔离。

【支持异常的证据】
1. 人物明显没有完成，例如主要身体区域完全缺失、头部缺失、躯干缺失、多个必要身体部分缺失，或者身体不同部分明显断开。
2. 人物其他部分较详细且尺寸足够大，但眼睛、鼻子、嘴等主要面部结构被选择性大量省略。
3. 人物相对于房屋、树木和画布极端微小或明显被孤立。
4. 房屋、树木和人物分别孤立在互不相关的区域。
5. 房屋、树木和人物的尺寸比例严重不协调。
6. 房屋、树木和人物之间在空间上和语义上明显断开，无法组成基本连贯场景。"
dataset/HTP/02/01/02_01_00_0006.jpg,02,01,01,0.009708474753363424,"【支持正常的证据】
1. 房屋、树木、人物三个核心对象均能够清楚识别，并且基本完整。
2. 三个对象在画面中的大小适中，没有全部挤在极小区域，也没有明显超出或压迫整个画面。
3. 房、树、人之间保持自然、合理的空间距离，没有明显孤立或被大片空白强行分隔。
4. 三个对象能够形成基本连贯的场景，例如共享地面、方向一致、空间位置合理，整体看起来属于同一个环境。
5. 整体构图稳定，没有明显失衡、极端偏向某个角落或严重碎片化。
6. 线条总体连续、自然、力度相对稳定，没有大量异常断裂、极端微弱或杂乱涂画。
7. 画面具有适量细节。可以简单，但主要对象的基本结构能够表达清楚。
8. 房屋、树木、人物的比例大致协调，没有极端小型化或比例失调。
9. 房屋结构稳定，没有明显倒塌、断裂或严重几何变形。
10. 树木结构自然，没有明显截断或畸形。
11. 人物身体主要结构完整，比例不存在严重失调。
12. 整体构图稳定且场景连贯。
13. 线条自然、连续，没有异常大面积涂黑。
14. 没有明显的选择性结构缺失。
15. 仅存在少数能够由绘画水平、年龄、风格或普通构图解释的轻微异常。

【支持异常的证据】
1. 无。"
dataset/HTP/02/01/02_01_00_0007.jpg,02,01,01,0.00857748525531428,"【支持正常的证据】
1. 房屋、树木、人物三个核心对象均能够清楚识别，并且基本完整。
2. 三个对象在画面中的大小适中，没有全部挤在极小区域，也没有明显超出或压迫整个画面。
3. 房、树、人之间保持自然、合理的空间距离，没有明显孤立或被大片空白强行分隔。
4. 三个对象能够形成基本连贯的场景，例如共享地面、方向一致、空间位置合理，整体看起来属于同一个环境，而不是三个互不相关的符号。
5. 整体构图稳定，没有明显失衡、极端偏向某个角落或严重碎片化。
6. 线条总体连续、自然、力度相对稳定，没有大量异常断裂、极端微弱或杂乱涂画。
7. 画面具有适量细节。可以简单，但主要对象的基本结构能够表达清楚。
8. 房屋、树木、人物的比例大致协调，没有极端小型化或比例失调。
9. 房屋结构稳定，主要组成部分合理，没有明显倒塌、断裂或严重几何变形。
10. 树木结构自然，没有严重截断或畸形。
11. 人物身体主要结构完整，比例不存在严重失调。
12. 整体构图稳定且场景连贯，没有明显异常的大面积涂黑。
13. 线条自然、连续，没有异常大面积涂黑。
14. 没有明显的选择性结构缺失。
15. 仅存在少数能够由绘画水平、年龄、风格或普通构图解释的轻微异常。

【支持异常的证据】
1. 无。"
dataset/HTP/02/01/02_01_00_0008.jpg,02,01,01,0.010986941578116865,"【支持正常的证据】
1. 房屋、树木、人物三个核心对象均能够清楚识别，并且基本完整。
2. 三个对象在画面中的大小适中，没有全部挤在极小区域，也没有明显超出或压迫整个画面。
3. 房、树、人之间保持自然、合理的空间距离，没有明显孤立或被大片空白强行分隔。
4. 三个对象能够形成基本连贯的场景，例如共享地面、方向一致、空间位置合理，整体看起来属于同一个环境，而不是三个互不相关的符号。
5. 整体构图稳定，没有明显失衡、极端偏向某个角落或严重碎片化。
6. 线条总体连续、自然、力度相对稳定，没有大量异常断裂、极端微弱或杂乱涂画。
7. 画面具有适量细节。可以简单，但主要对象的基本结构能够表达清楚。
8. 房屋、树木、人物的比例大致协调，没有极端小型化或比例失调。
9. 房屋、树木和人物之间的关系自然，没有极端隔离或不连贯的空间关系。
10. 整体构图稳定，没有明显异常的大面积涂黑、极端小型化或异常隔离。

【支持异常的证据】
1. 无。"
dataset/HTP/02/01/02_01_00_0009.jpg,02,01,01,0.07585817323116976,"【支持正常的证据】
1. 房屋、树木、人物三个核心对象均能够清楚识别，并且基本完整。
2. 三个对象在画面中的大小适中，没有全部挤在极小区域，也没有明显超出或压迫整个画面。
3. 房、树、人之间保持自然、合理的空间距离，没有明显孤立或被大片空白强行分隔。
4. 三个对象能够形成基本连贯的场景，例如共享地面、方向一致、空间位置合理，整体看起来属于同一个环境。
5. 整体构图稳定，没有明显失衡、极端偏向某个角落或严重碎片化。
6. 线条总体连续、自然、力度相对稳定，没有大量异常断裂、极端微弱或杂乱涂画。
7. 画面具有适量细节。可以简单，但主要对象的基本结构能够表达清楚。
8. 房屋、树木、人物的比例大致协调，没有极端小型化或比例失调。
9. 整体场景连贯，没有明显选择性结构缺失。
10. 线条自然、连续，没有异常大面积涂黑。

【支持异常的证据】
1. 人物缺少手臂，手臂被选择性省略。
2. 树木的树干和树冠之间连接自然，但树干显得有些细长，比例稍显失调。
3. 房屋的屋顶结构较为简单，但没有明显选择性缺失或结构扭曲。
4. 人物的脚部被简单描绘，但没有明显选择性缺失或结构扭曲。
5. 整体构图虽然连贯，但人物与房屋、树木之间的距离略显遥远，人物似乎有些孤立。"
dataset/HTP/02/01/02_01_00_0010.jpg,02,01,01,0.012431653620200803,"【支持正常的证据】
1. 房屋、树木、人物三个核心对象均能够清楚识别，并且基本完整。
2. 三个对象在画面中的大小适中，没有全部挤在极小区域，也没有明显超出或压迫整个画面。
3. 房、树、人之间保持自然、合理的空间距离，没有明显孤立或被大片空白强行分隔。
4. 三个对象能够形成基本连贯的场景，例如共享地面、方向一致、空间位置合理，整体看起来属于同一个环境。
5. 整体构图稳定，没有明显失衡、极端偏向某个角落或严重碎片化。
6. 线条总体连续、自然、力度相对稳定，没有大量异常断裂、极端微弱或杂乱涂画。
7. 画面具有适量细节。可以简单，但主要对象的基本结构能够表达清楚。
8. 草地、道路、太阳、云、花、地面等环境元素与主体自然结合，可以作为场景完整和组织良好的积极证据。
9. 没有大面积、无明显绘画目的的异常涂黑、重阴影或局部反复强调。

【支持异常的证据】
1. 无明显异常特征。"
dataset/HTP/02/01/02_01_00_0011.jpg,02,01,01,0.00857748525531428,"【支持正常的证据】
1. 房屋、树木、人物三个核心对象均能够清楚识别，并且基本完整。
2. 三个对象在画面中的大小适中，没有全部挤在极小区域，也没有明显超出或压迫整个画面。
3. 房、树、人之间保持自然、合理的空间距离，没有明显孤立或被大片空白强行分隔。
4. 三个对象能够形成基本连贯的场景，例如共享地面、方向一致、空间位置合理，整体看起来属于同一个环境，而不是三个互不相关的符号。
5. 整体构图稳定，没有明显失衡、极端偏向某个角落或严重碎片化。
6. 线条总体连续、自然、力度相对稳定，没有大量异常断裂、极端微弱或杂乱涂画。
7. 画面具有适量细节。可以简单，但主要对象的基本结构能够表达清楚。
8. 房屋、树木、人物的比例大致协调，没有极端小型化或比例失调。
9. 房屋结构稳定，主要组成部分合理，没有明显倒塌、断裂或严重几何变形。
10. 树木结构自然，没有严重截断或畸形。
11. 人物身体主要结构完整，比例不存在严重失调。
12. 整体构图稳定且场景连贯。
13. 线条自然、连续，没有异常大面积涂黑。
14. 没有明显的选择性结构缺失。
15. 仅存在少数能够由绘画水平、年龄、风格或普通构图解释的轻微异常。

【支持异常的证据】
1. 无。"
dataset/HTP/02/01/02_01_00_0012.jpg,02,01,01,0.010986941578116865,"【支持正常的证据】
1. 房屋、树木、人物三个核心对象均能够清楚识别，并且基本完整。
2. 三个对象在画面中的大小适中，没有全部挤在极小区域，也没有明显超出或压迫整个画面。
3. 房、树、人之间保持自然、合理的空间距离，没有明显孤立或被大片空白强行分隔。
4. 三个对象能够形成基本连贯的场景，例如共享地面、方向一致、空间位置合理，整体看起来属于同一个环境。
5. 整体构图稳定，没有明显失衡、极端偏向某个角落或严重碎片化。
6. 线条总体连续、自然、力度相对稳定，没有大量异常断裂、极端微弱或杂乱涂画。
7. 画面具有适量细节。可以简单，但主要对象的基本结构能够表达清楚。
8. 房屋、树木、人物的比例大致协调，没有极端小型化或比例失调。
9. 房屋结构稳定，主要组成部分合理，没有明显倒塌、断裂或严重几何变形。
10. 树木结构自然，没有严重截断或畸形。
11. 人物身体主要结构完整，比例不存在严重失调。
12. 整体构图稳定且场景连贯。
13. 线条自然、连续，没有异常大面积涂黑。
14. 没有明显的选择性结构缺失。
15. 仅存在少数能够由绘画水平、年龄、风格或普通构图解释的轻微异常。

【支持异常的证据】
1. 无。"
dataset/HTP/02/01/02_01_00_0013.jpg,02,01,01,0.00857748525531428,"【支持正常的证据】
1. 房屋、树木、人物三个核心对象均能够清楚识别，并且基本完整。
2. 三个对象在画面中的大小适中，没有全部挤在极小区域，也没有明显超出或压迫整个画面。
3. 房、树、人之间保持自然、合理的空间距离，没有明显孤立或被大片空白强行分隔。
4. 三个对象能够形成基本连贯的场景，例如共享地面、方向一致、空间位置合理，整体看起来属于同一个环境。
5. 整体构图稳定，没有明显失衡、极端偏向某个角落或严重碎片化。
6. 线条总体连续、自然、力度相对稳定，没有大量异常断裂、极端微弱或杂乱涂画。
7. 画面具有适量细节。可以简单，但主要对象的基本结构能够表达清楚。
8. 房屋、树木、人物的比例大致协调，没有极端小型化或比例失调。
9. 房屋、树木和人物的相对大小基本合理，没有非常极端的尺寸差异。
10. 人物身体主要结构完整，比例不存在严重失调。
11. 整体构图稳定且场景连贯，没有明显异常的大面积涂黑。
12. 人物和房屋、树木之间保持自然距离，没有极端隔离。
13. 画面存在多个相互独立的正常积极特征，如房屋结构稳定、树木结构自然、人物身体完整等。

【支持异常的证据】
1. 无明显异常特征。"
dataset/HTP/02/01/02_01_00_0014.jpg,02,01,01,0.014063626423394072,"【支持正常的证据】
1. 房屋、树木、人物三个核心对象均能够清楚识别，并且基本完整。
2. 三个对象在画面中的大小适中，没有全部挤在极小区域，也没有明显超出或压迫整个画面。
3. 房、树、人之间保持自然、合理的空间距离，没有明显孤立或被大片空白强行分隔。
4. 三个对象能够形成基本连贯的场景，例如共享地面、方向一致、空间位置合理，整体看起来属于同一个环境，而不是三个互不相关的符号。
5. 整体构图稳定，没有明显失衡、极端偏向某个角落或严重碎片化。
6. 线条总体连续、自然、力度相对稳定，没有大量异常断裂、极端微弱或杂乱涂画。
7. 画面具有适量细节。可以简单，但主要对象的基本结构能够表达清楚。
8. 房屋、树木、人物的比例大致协调，没有极端小型化或比例失调。
9. 房屋结构稳定，屋顶、烟囱、窗户等细节自然、适量并与房屋结构协调。
10. 树木结构自然，没有明显截断或畸形。
11. 人物身体主要结构完整，比例不存在严重失调。
12. 整体构图稳定且场景连贯，没有明显异常的大面积涂黑。
13. 线条自然、连续，没有异常大面积涂黑。
14. 人物和房屋、树木之间保持自然距离，没有极端隔离。
15. 画面存在多个相互独立的正常积极特征。

【支持异常的证据】
1. 无。"
dataset/HTP/02/01/02_01_00_0015.jpg,02,01,01,0.009708474753363424,"【支持正常的证据】
1. 房屋、树木、人物三个核心对象均能够清楚识别，并且基本完整。
2. 三个对象在画面中的大小适中，没有全部挤在极小区域，也没有明显超出或压迫整个画面。
3. 房、树、人之间保持自然、合理的空间距离，没有明显孤立或被大片空白强行分隔。
4. 三个对象能够形成基本连贯的场景，例如共享地面、方向一致、空间位置合理，整体看起来属于同一个环境，而不是三个互不相关的符号。
5. 整体构图稳定，没有明显失衡、极端偏向某个角落或严重碎片化。
6. 线条总体连续、自然、力度相对稳定，没有大量异常断裂、极端微弱或杂乱涂画。
7. 画面具有适量细节。可以简单，但主要对象的基本结构能够表达清楚。
8. 房屋、树木、人物的比例大致协调，没有极端小型化或比例失调。
9. 房屋、树木和人物的相对大小基本合理，没有非常极端的尺寸差异。
10. 人物身体主要结构完整，比例不存在严重失调。
11. 整体构图稳定且场景连贯，没有明显异常的大面积涂黑。
12. 人物和房屋、树木之间保持自然距离，没有极端隔离。
13. 画面存在多个相互独立的正常积极特征，如房屋结构稳定、树木结构自然、人物身体完整等。

【支持异常的证据】
1. 无。"
dataset/HTP/02/01/02_01_00_0016.jpg,02,01,01,0.012431653620200803,"【支持正常的证据】
1. 房屋、树木、人物三个核心对象均能够清楚识别，并且基本完整。
2. 三个对象在画面中的大小适中，没有全部挤在极小区域，也没有明显超出或压迫整个画面。
3. 房、树、人之间保持自然、合理的空间距离，没有明显孤立或被大片空白强行分隔。
4. 三个对象能够形成基本连贯的场景，例如共享地面、方向一致、空间位置合理，整体看起来属于同一个环境。
5. 整体构图稳定，没有明显失衡、极端偏向某个角落或严重碎片化。
6. 线条总体连续、自然、力度相对稳定，没有大量异常断裂、极端微弱或杂乱涂画。
7. 画面具有适量细节。可以简单，但主要对象的基本结构能够表达清楚。
8. 房屋、树木、人物的比例大致协调，没有极端小型化或比例失调。
9. 房屋结构稳定，墙体、屋顶等主要结构完整。
10. 树木结构自然，没有明显截断或畸形。
11. 人物身体主要结构完整，比例不存在严重失调。
12. 整体构图稳定且场景连贯。
13. 线条自然、连续，没有异常大面积涂黑。
14. 没有明显的选择性结构缺失。
15. 仅存在少数能够由绘画水平、年龄、风格或普通构图解释的轻微异常。

【支持异常的证据】
1. 无。"
dataset/HTP/02/01/02_01_00_0017.jpg,02,01,01,0.04208773121980142,"【支持正常的证据】
1. 房屋、树木、人物三个核心对象均能够清楚识别，并且基本完整。
2. 三个对象在画面中的大小适中，没有全部挤在极小区域，也没有明显超出或压迫整个画面。
3. 房、树、人之间保持自然、合理的空间距离，没有明显孤立或被大片空白强行分隔。
4. 三个对象能够形成基本连贯的场景，例如共享地面、方向一致、空间位置合理，整体看起来属于同一个环境。
5. 整体构图稳定，没有明显失衡、极端偏向某个角落或严重碎片化。
6. 线条总体连续、自然、力度相对稳定，没有大量异常断裂、极端微弱或杂乱涂画。
7. 画面具有适量细节。可以简单，但主要对象的基本结构能够表达清楚。
8. 没有大面积、无明显绘画目的的异常涂黑、重阴影或局部反复强调。

【支持异常的证据】
1. 房屋、树木、人物中的一个或多个核心对象完全缺失，且无法由裁剪、遮挡或画法解释。
2. 整幅画极度简化，只剩极少线条，大量重要结构同时消失，整体信息量异常低。
3. 房、树、人整体只占巨大画布中极小区域，周围存在大量空白。
4. 三个对象之间距离极端遥远，某个对象明显孤立，或者整个场景严重碎片化。
5. 存在大量非常微弱、间断、犹豫、僵硬或严重潦草的线条。
6. 存在异常大面积涂黑、重度阴影或某个对象被明显过度强调。"
dataset/HTP/02/01/02_01_00_0018.jpg,02,01,01,0.06754668832401889,"【支持正常的证据】
1. 房屋、树木、人物三个核心对象均能够清楚识别，并且基本完整。
2. 三个对象在画面中的大小适中，没有全部挤在极小区域，也没有明显超出或压迫整个画面。
3. 房、树、人之间保持自然、合理的空间距离，没有明显孤立或被大片空白强行分隔。
4. 三个对象能够形成基本连贯的场景，例如共享地面、方向一致、空间位置合理，整体看起来属于同一个环境，而不是三个互不相关的符号。
5. 整体构图稳定，没有明显失衡、极端偏向某个角落或严重碎片化。
6. 线条总体连续、自然、力度相对稳定，没有大量异常断裂、极端微弱或杂乱涂画。
7. 画面具有适量细节。可以简单，但主要对象的基本结构能够表达清楚。
8. 房屋、树木、人物的比例大致协调，没有极端小型化或比例失调。
9. 整体场景连贯，没有明显选择性结构缺失。
10. 线条自然、连续，没有异常大面积涂黑。

【支持异常的证据】
1. 房屋、树木、人物中的一个或多个核心对象完全缺失，且无法由裁剪、遮挡或画法解释。
2. 整幅画极度简化，只剩极少线条，大量重要结构同时消失，整体信息量异常低。
3. 房、树、人整体只占巨大画布中极小区域，周围存在大量空白。
4. 三个对象之间距离极端遥远，某个对象明显孤立，或者整个场景严重碎片化。
5. 存在大量非常微弱、间断、犹豫、僵硬或严重潦草的线条。
6. 存在异常大面积涂黑、重度阴影或某个对象被明显过度强调。"
dataset/HTP/02/01/02_01_00_0019.jpg,02,01,01,0.010986941578116865,"【支持正常的证据】
1. 房屋、树木、人物三个核心对象均能够清楚识别，并且基本完整。
2. 三个对象在画面中的大小适中，没有全部挤在极小区域，也没有明显超出或压迫整个画面。
3. 房、树、人之间保持自然、合理的空间距离，没有明显孤立或被大片空白强行分隔。
4. 三个对象能够形成基本连贯的场景，例如共享地面、方向一致、空间位置合理，整体看起来属于同一个环境。
5. 整体构图稳定，没有明显失衡、极端偏向某个角落或严重碎片化。
6. 线条总体连续、自然、力度相对稳定，没有大量异常断裂、极端微弱或杂乱涂画。
7. 画面具有适量细节。可以简单，但主要对象的基本结构能够表达清楚。
8. 房屋、树木、人物的比例大致协调，没有极端小型化。
9. 房屋、树木和人物的相对大小基本合理，没有非常极端的尺寸差异。
10. 人物身体主要结构完整，比例不存在严重失调。
11. 整体构图稳定且场景连贯，没有明显异常的大面积涂黑。
12. 人物没有明显的选择性结构缺失。
13. 画面中存在少量细节，如屋顶上的瓦片、窗户、树枝等，这些细节与整体结构协调。
14. 人物的表情自然，没有明显异常的负面表情。

【支持异常的证据】
1. 无。"
dataset/HTP/02/01/02_01_00_0020.jpg,02,01,01,0.014063626423394072,"【支持正常的证据】
1. 房屋、树木、人物三个核心对象均能够清楚识别，并且基本完整。
2. 三个对象在画面中的大小适中，没有全部挤在极小区域，也没有明显超出或压迫整个画面。
3. 房、树、人之间保持自然、合理的空间距离，没有明显孤立或被大片空白强行分隔。
4. 三个对象能够形成基本连贯的场景，例如共享地面、方向一致、空间位置合理，整体看起来属于同一个环境，而不是三个互不相关的符号。
5. 整体构图稳定，没有明显失衡、极端偏向某个角落或严重碎片化。
6. 线条总体连续、自然、力度相对稳定，没有大量异常断裂、极端微弱或杂乱涂画。
7. 画面具有适量细节。可以简单，但主要对象的基本结构能够表达清楚。
8. 如果存在草地、道路、太阳、云、花、地面等环境元素，并且与主体自然结合，可以作为场景完整和组织良好的积极证据。
9. 没有大面积、无明显绘画目的的异常涂黑、重阴影或局部反复强调。

【支持异常的证据】
1. 无明显异常特征。"
dataset/HTP/02/01/02_01_00_0021.jpg,02,01,01,0.03732688948593843,"【支持正常的证据】
1. 房屋、树木、人物三个核心对象均能够清楚识别，并且基本完整。
2. 三个对象在画面中的大小适中，没有全部挤在极小区域，也没有明显超出或压迫整个画面。
3. 房、树、人之间保持自然、合理的空间距离，没有明显孤立或被大片空白强行分隔。
4. 三个对象能够形成基本连贯的场景，例如共享地面、方向一致、空间位置合理，整体看起来属于同一个环境，而不是三个互不相关的符号。
5. 整体构图稳定，没有明显失衡、极端偏向某个角落或严重碎片化。
6. 线条总体连续、自然、力度相对稳定，没有大量异常断裂、极端微弱或杂乱涂画。
7. 画面具有适量细节。可以简单，但主要对象的基本结构能够表达清楚。
8. 没有大面积、无明显绘画目的的异常涂黑、重阴影或局部反复强调。

【支持异常的证据】
1. 房屋、树木、人物中的一个或多个核心对象完全缺失，且无法由裁剪、遮挡或画法解释。
2. 整幅画极度简化，只剩极少线条，大量重要结构同时消失，整体信息量异常低。
3. 房、树、人整体只占巨大画布中极小区域，周围存在大量空白。
4. 三个对象之间距离极端遥远，某个对象明显孤立，或者整个场景严重碎片化。
5. 存在大量非常微弱、间断、犹豫、僵硬或严重潦草的线条。
6. 存在异常大面积涂黑、重度阴影或某个对象被明显过度强调。"
dataset/HTP/02/01/02_01_00_0022.jpg,02,01,01,0.015906393344589397,"【支持正常的证据】
1. 房屋、树木、人物三个核心对象均能够清楚识别，并且基本完整。
2. 三个对象在画面中的大小适中，没有全部挤在极小区域，也没有明显超出或压迫整个画面。
3. 房、树、人之间保持自然、合理的空间距离，没有明显孤立或被大片空白强行分隔。
4. 三个对象能够形成基本连贯的场景，例如共享地面、方向一致、空间位置合理，整体看起来属于同一个环境，而不是三个互不相关的符号。
5. 整体构图稳定，没有明显失衡、极端偏向某个角落或严重碎片化。
6. 线条总体连续、自然、力度相对稳定，没有大量异常断裂、极端微弱或杂乱涂画。
7. 画面具有适量细节。可以简单，但主要对象的基本结构能够表达清楚。
8. 如果存在草地、道路、太阳、云、花、地面等环境元素，并且与主体自然结合，可以作为场景完整和组织良好的积极证据。
9. 没有大面积、无明显绘画目的的异常涂黑、重阴影或局部反复强调。

【支持异常的证据】
1. 无明显异常特征。"
dataset/HTP/02/01/02_01_00_0023.jpg,02,01,01,0.015906393344589397,"【支持正常的证据】
1. 房屋、树木、人物三个核心对象均能够清楚识别，并且基本完整。
2. 三个对象在画面中的大小适中，没有全部挤在极小区域，也没有明显超出或压迫整个画面。
3. 房、树、人之间保持自然、合理的空间距离，没有明显孤立或被大片空白强行分隔。
4. 三个对象能够形成基本连贯的场景，例如共享地面、方向一致、空间位置合理，整体看起来属于同一个环境。
5. 整体构图稳定，没有明显失衡、极端偏向某个角落或严重碎片化。
6. 线条总体连续、自然、力度相对稳定，没有大量异常断裂、极端微弱或杂乱涂画。
7. 画面具有适量细节。可以简单，但主要对象的基本结构能够表达清楚。
8. 房屋、树木、人物的比例大致协调，没有极端小型化或比例失调。
9. 房屋、树木和人物之间的关系自然，没有极端隔离或空间关系异常。
10. 线条自然、连续，没有异常大面积涂黑。

【支持异常的证据】
1. 人物的身体结构较为简单，但整体比例协调，没有明显选择性缺失。
2. 房屋和树木的结构自然，没有明显选择性缺失或极端扭曲。
3. 画面中没有大面积异常涂黑或阴影。
4. 人物和房屋、树木之间的空间关系自然，没有极端隔离或碎片化。"
dataset/HTP/02/01/02_01_00_0024.jpg,02,01,01,0.009708474753363424,"【支持正常的证据】
1. 房屋、树木、人物三个核心对象均能够清楚识别，并且基本完整。
2. 三个对象在画面中的大小适中，没有全部挤在极小区域，也没有明显超出或压迫整个画面。
3. 房、树、人之间保持自然、合理的空间距离，没有明显孤立或被大片空白强行分隔。
4. 三个对象能够形成基本连贯的场景，例如共享地面、方向一致、空间位置合理，整体看起来属于同一个环境，而不是三个互不相关的符号。
5. 整体构图稳定，没有明显失衡、极端偏向某个角落或严重碎片化。
6. 线条总体连续、自然、力度相对稳定，没有大量异常断裂、极端微弱或杂乱涂画。
7. 画面具有适量细节。可以简单，但主要对象的基本结构能够表达清楚。
8. 房屋、树木、人物的比例大致协调，没有极端小型化或比例失调。
9. 房屋结构稳定，主要组成部分合理，没有明显倒塌、断裂或严重几何变形。
10. 树木结构自然，没有严重截断或畸形。
11. 人物身体主要结构完整，比例不存在严重失调。
12. 整体构图稳定且场景连贯。
13. 线条自然、连续，没有异常大面积涂黑。
14. 没有明显的选择性结构缺失。
15. 仅存在少数能够由绘画水平、年龄、风格或普通构图解释的轻微异常。

【支持异常的证据】
1. 无。"
dataset/HTP/02/01/02_01_00_0025.jpg,02,01,01,0.010986941578116865,"【支持正常的证据】
1. 房屋、树木、人物三个核心对象均能够清楚识别，并且基本完整。
2. 三个对象在画面中的大小适中，没有全部挤在极小区域，也没有明显超出或压迫整个画面。
3. 房、树、人之间保持自然、合理的空间距离，没有明显孤立或被大片空白强行分隔。
4. 三个对象能够形成基本连贯的场景，例如共享地面、方向一致、空间位置合理，整体看起来属于同一个环境，而不是三个互不相关的符号。
5. 整体构图稳定，没有明显失衡、极端偏向某个角落或严重碎片化。
6. 线条总体连续、自然、力度相对稳定，没有大量异常断裂、极端微弱或杂乱涂画。
7. 画面具有适量细节。可以简单，但主要对象的基本结构能够表达清楚。
8. 房屋、树木、人物的比例大致协调，没有极端小型化或比例失调。
9. 房屋结构稳定，屋顶、烟囱、门窗等细节自然、适量并与房屋结构协调。
10. 树木结构自然，没有明显截断或畸形。
11. 人物身体主要结构完整，比例不存在严重失调。
12. 整体构图稳定且场景连贯，没有明显异常的大面积涂黑。
13. 人物和房屋、树木之间保持自然距离，没有极端隔离。
14. 人物和房屋、树木之间没有明显选择性结构缺失。

【支持异常的证据】
1. 无。"
dataset/HTP/02/01/02_01_00_0026.jpg,02,01,01,0.06754668832401889,"【支持正常的证据】
1. 房屋、树木、人物三个核心对象均能够清楚识别，并且基本完整。
2. 三个对象在画面中的大小适中，没有全部挤在极小区域，也没有明显超出或压迫整个画面。
3. 房、树、人之间保持自然、合理的空间距离，没有明显孤立或被大片空白强行分隔。
4. 三个对象能够形成基本连贯的场景，例如共享地面、方向一致、空间位置合理，整体看起来属于同一个环境，而不是三个互不相关的符号。
5. 整体构图稳定，没有明显失衡、极端偏向某个角落或严重碎片化。
6. 线条总体连续、自然、力度相对稳定，没有大量异常断裂、极端微弱或杂乱涂画。
7. 画面具有适量细节。可以简单，但主要对象的基本结构能够表达清楚。
8. 如果存在草地、道路、太阳、云、花、地面等环境元素，并且与主体自然结合，可以作为场景完整和组织良好的积极证据。
9. 没有大面积、无明显绘画目的的异常涂黑、重阴影或局部反复强调。

【支持异常的证据】
1. 房屋、树木、人物中的一个或多个核心对象完全缺失，且无法由裁剪、遮挡或画法解释。
2. 整幅画极度简化，只剩极少线条，大量重要结构同时消失，整体信息量异常低。
3. 房、树、人整体只占巨大画布中极小区域，周围存在大量空白。
4. 三个对象之间距离极端遥远，某个对象明显孤立，或者整个场景严重碎片化。
5. 对象像漂浮在不同区域，彼此几乎没有空间联系，整体场景严重不连贯。
6. 存在大量非常微弱、间断、犹豫、僵硬或严重潦草的线条。
7. 存在异常大面积涂黑、重度阴影或某个对象被明显过度强调。"
dataset/HTP/02/01/02_01_00_0027.jpg,02,01,01,0.009708474753363424,"【支持正常的证据】
1. 房屋、树木、人物三个核心对象均能够清楚识别，并且基本完整。
2. 三个对象在画面中的大小适中，没有全部挤在极小区域，也没有明显超出或压迫整个画面。
3. 房、树、人之间保持自然、合理的空间距离，没有明显孤立或被大片空白强行分隔。
4. 三个对象能够形成基本连贯的场景，例如共享地面、方向一致、空间位置合理，整体看起来属于同一个环境，而不是三个互不相关的符号。
5. 整体构图稳定，没有明显失衡、极端偏向某个角落或严重碎片化。
6. 线条总体连续、自然、力度相对稳定，没有大量异常断裂、极端微弱或杂乱涂画。
7. 画面具有适量细节。可以简单，但主要对象的基本结构能够表达清楚。
8. 房屋、树木、人物的比例大致协调，没有极端小型化或比例失调。
9. 房屋、树木和人物之间的关系自然，没有极端隔离或空间关系异常。
10. 线条自然、连续，没有异常大面积涂黑。

【支持异常的证据】
1. 无。"
dataset/HTP/02/01/02_01_00_0028.jpg,02,01,01,0.009708474753363424,"【支持正常的证据】
1. 房屋、树木、人物三个核心对象均能够清楚识别，并且基本完整。
2. 三个对象在画面中的大小适中，没有全部挤在极小区域，也没有明显超出或压迫整个画面。
3. 房、树、人之间保持自然、合理的空间距离，没有明显孤立或被大片空白强行分隔。
4. 三个对象能够形成基本连贯的场景，例如共享地面、方向一致、空间位置合理，整体看起来属于同一个环境，而不是三个互不相关的符号。
5. 整体构图稳定，没有明显失衡、极端偏向某个角落或严重碎片化。
6. 线条总体连续、自然、力度相对稳定，没有大量异常断裂、极端微弱或杂乱涂画。
7. 画面具有适量细节。可以简单，但主要对象的基本结构能够表达清楚。
8. 房屋、树木、人物的比例大致协调，没有极端小型化或比例失调。
9. 房屋结构稳定，没有明显倒塌、断裂或严重几何变形。
10. 树木结构自然，没有明显截断或畸形。
11. 人物身体主要结构完整，比例不存在严重失调。
12. 整体构图稳定且场景连贯，没有明显异常的大面积涂黑、极端小型化或异常隔离。
13. 线条自然、连续，没有异常大面积涂黑。
14. 人物没有明显选择性结构缺失，整体绘画风格统一。
15. 房屋、树木和人物之间的关系自然，没有极端隔离或空间碎片化。

【支持异常的证据】
1. 无。"
dataset/HTP/02/01/02_01_00_0029.jpg,02,01,01,0.009708474753363424,"【支持正常的证据】
1. 房屋、树木、人物三个核心对象均能够清楚识别，并且基本完整。
2. 三个对象在画面中的大小适中，没有全部挤在极小区域，也没有明显超出或压迫整个画面。
3. 房、树、人之间保持自然、合理的空间距离，没有明显孤立或被大片空白强行分隔。
4. 三个对象能够形成基本连贯的场景，例如共享地面、方向一致、空间位置合理，整体看起来属于同一个环境。
5. 整体构图稳定，没有明显失衡、极端偏向某个角落或严重碎片化。
6. 线条总体连续、自然、力度相对稳定，没有大量异常断裂、极端微弱或杂乱涂画。
7. 画面具有适量细节。可以简单，但主要对象的基本结构能够表达清楚。
8. 房屋、树木、人物的比例大致协调，没有极端小型化或比例失调。
9. 房屋结构稳定，主要组成部分合理，没有明显倒塌、断裂或严重几何变形。
10. 树木结构自然，没有严重截断或畸形。
11. 人物身体主要结构完整，比例不存在严重失调。
12. 整体构图稳定且场景连贯。
13. 线条自然、连续，没有异常大面积涂黑。
14. 没有明显的选择性结构缺失。
15. 仅存在少数能够由绘画水平、年龄、风格或普通构图解释的轻微异常。

【支持异常的证据】
1. 无。"
dataset/HTP/02/01/02_01_00_0030.jpg,02,01,01,0.06754668832401889,"【支持正常的证据】
1. 房屋、树木、人物三个核心对象均能够清楚识别，并且基本完整。
2. 三个对象在画面中的大小适中，没有全部挤在极小区域，也没有明显超出或压迫整个画面。
3. 房、树、人之间保持自然、合理的空间距离，没有明显孤立或被大片空白强行分隔。
4. 三个对象能够形成基本连贯的场景，例如共享地面、方向一致、空间位置合理，整体看起来属于同一个环境，而不是三个互不相关的符号。
5. 整体构图稳定，没有明显失衡、极端偏向某个角落或严重碎片化。
6. 线条总体连续、自然、力度相对稳定，没有大量异常断裂、极端微弱或杂乱涂画。
7. 画面具有适量细节。可以简单，但主要对象的基本结构能够表达清楚。
8. 房屋、树木、人物的比例大致协调，没有极端小型化或比例失调。
9. 房屋、树木和人物之间的关系自然，没有极端隔离或不连贯的空间关系。
10. 线条自然、连续，没有异常大面积涂黑。

【支持异常的证据】
1. 人物的头部、躯干、手臂和腿等主要身体结构基本完整，但人物的比例显得有些夸张，尤其是腿部较长。
2. 房屋的屋顶和墙壁结构较为简单，但没有明显的细节如窗户或门。
3. 树木的树冠较大，但树干和树枝的连接显得有些不自然，树冠似乎被夸张地放大了。
4. 人物的比例显得有些不协调，尤其是腿部长度与上半身的比例。"
dataset/HTP/02/01/02_01_00_0031.jpg,02,01,01,0.009708474753363424,"【支持正常的证据】
1. 房屋、树木、人物三个核心对象均能够清楚识别，并且基本完整。
2. 三个对象在画面中的大小适中，没有全部挤在极小区域，也没有明显超出或压迫整个画面。
3. 房、树、人之间保持自然、合理的空间距离，没有明显孤立或被大片空白强行分隔。
4. 三个对象能够形成基本连贯的场景，例如共享地面、方向一致、空间位置合理，整体看起来属于同一个环境，而不是三个互不相关的符号。
5. 整体构图稳定，没有明显失衡、极端偏向某个角落或严重碎片化。
6. 线条总体连续、自然、力度相对稳定，没有大量异常断裂、极端微弱或杂乱涂画。
7. 画面具有适量细节。可以简单，但主要对象的基本结构能够表达清楚。
8. 房屋、树木、人物的比例大致协调，没有极端小型化或比例失调。
9. 房屋结构稳定，墙体、屋顶等主要结构完整，没有明显倒塌、断裂或严重几何变形。
10. 树木结构自然，树干、树冠、树枝等主要部分能够正常识别，整体结构基本完整。
11. 人物头部、躯干、手臂和腿等主要身体结构基本完整，连接关系自然，没有明显断裂、错位或无法解释的结构缺失。
12. 人物大小与房屋、树木和整个画布基本协调，不存在极端小型化。
13. 人物整体比例基本合理，没有明显失调。
14. 房屋、树木和人物的相对大小基本合理，没有非常极端的尺寸差异。
15. 三者之间保持自然距离，没有某个对象被极端隔离。
16. 整体构图稳定且场景连贯，线条自然、连续，没有异常大面积涂黑。

【支持异常的证据】
1. 无。"
dataset/HTP/02/01/02_01_00_0032.jpg,02,01,01,0.009708474753363424,"【支持正常的证据】
1. 房屋、树木、人物三个核心对象均能够清楚识别，并且基本完整。
2. 三个对象在画面中的大小适中，没有全部挤在极小区域，也没有明显超出或压迫整个画面。
3. 房、树、人之间保持自然、合理的空间距离，没有明显孤立或被大片空白强行分隔。
4. 三个对象能够形成基本连贯的场景，例如共享地面、方向一致、空间位置合理，整体看起来属于同一个环境，而不是三个互不相关的符号。
5. 整体构图稳定，没有明显失衡、极端偏向某个角落或严重碎片化。
6. 线条总体连续、自然、力度相对稳定，没有大量异常断裂、极端微弱或杂乱涂画。
7. 画面具有适量细节。可以简单，但主要对象的基本结构能够表达清楚。
8. 房屋、树木、人物的比例大致协调，没有极端小型化或比例失调。
9. 房屋结构稳定，主要组成部分合理，没有明显倒塌、断裂或严重几何变形。
10. 树木结构自然，没有严重截断或畸形。
11. 人物身体主要结构完整，比例不存在严重失调。
12. 整体构图稳定且场景连贯。
13. 线条自然、连续，没有异常大面积涂黑。
14. 没有明显的选择性结构缺失。
15. 仅存在少数能够由绘画水平、年龄、风格或普通构图解释的轻微异常。

【支持异常的证据】
1. 无。"
dataset/HTP/02/01/02_01_00_0033.jpg,02,01,01,0.012431653620200803,"【支持正常的证据】
1. 房屋、树木、人物三个核心对象均能够清楚识别，并且基本完整。
2. 三个对象在画面中的大小适中，没有全部挤在极小区域，也没有明显超出或压迫整个画面。
3. 房、树、人之间保持自然、合理的空间距离，没有明显孤立或被大片空白强行分隔。
4. 三个对象能够形成基本连贯的场景，例如共享地面、方向一致、空间位置合理，整体看起来属于同一个环境。
5. 整体构图稳定，没有明显失衡、极端偏向某个角落或严重碎片化。
6. 线条总体连续、自然、力度相对稳定，没有大量异常断裂、极端微弱或杂乱涂画。
7. 画面具有适量细节。可以简单，但主要对象的基本结构能够表达清楚。
8. 房屋、树木、人物的比例大致协调，没有极端小型化或比例失调。
9. 房屋结构稳定，墙体、屋顶等主要结构完整，没有明显倒塌、断裂或严重几何变形。
10. 树木结构自然，树干、树冠、树枝等主要部分能够正常识别，整体结构基本完整。
11. 人物头部、躯干、手臂和腿等主要身体结构基本完整，连接关系自然，没有明显断裂、错位或无法解释的结构缺失。
12. 人物大小与房屋、树木和整个画布基本协调，不存在极端小型化。
13. 房屋、树木和人物的相对大小基本合理，没有非常极端的尺寸差异。
14. 人物能够自然地处于房屋和树木形成的环境中，而不是完全脱离其他对象。
15. 线条自然、连续，没有异常大面积涂黑。

【支持异常的证据】
1. 无。"
dataset/HTP/02/01/02_01_00_0034.jpg,02,01,01,0.009708474753363424,"【支持正常的证据】
1. 房屋、树木、人物三个核心对象均能够清楚识别，并且基本完整。
2. 三个对象在画面中的大小适中，没有全部挤在极小区域，也没有明显超出或压迫整个画面。
3. 房、树、人之间保持自然、合理的空间距离，没有明显孤立或被大片空白强行分隔。
4. 三个对象能够形成基本连贯的场景，例如共享地面、方向一致、空间位置合理，整体看起来属于同一个环境。
5. 整体构图稳定，没有明显失衡、极端偏向某个角落或严重碎片化。
6. 线条总体连续、自然、力度相对稳定，没有大量异常断裂、极端微弱或杂乱涂画。
7. 画面具有适量细节。可以简单，但主要对象的基本结构能够表达清楚。
8. 房屋、树木、人物的比例大致协调，没有极端小型化或比例失调。
9. 房屋结构稳定，屋顶、墙壁等主要组成部分合理。
10. 树木结构自然，没有明显截断或畸形。
11. 人物身体主要结构完整，比例不存在严重失调。
12. 整体构图稳定且场景连贯，没有明显异常的大面积涂黑。
13. 线条自然、连续，没有异常大面积涂黑。
14. 人物和房屋、树木之间保持自然距离，没有极端隔离。
15. 画面存在多个相互独立的正常积极特征。

【支持异常的证据】
1. 无明显异常特征。"
dataset/HTP/02/01/02_01_00_0035.jpg,02,01,01,0.012431653620200803,"【支持正常的证据】
1. 房屋、树木、人物三个核心对象均能够清楚识别，并且基本完整。
2. 三个对象在画面中的大小适中，没有全部挤在极小区域，也没有明显超出或压迫整个画面。
3. 房、树、人之间保持自然、合理的空间距离，没有明显孤立或被大片空白强行分隔。
4. 三个对象能够形成基本连贯的场景，例如共享地面、方向一致、空间位置合理，整体看起来属于同一个环境，而不是三个互不相关的符号。
5. 整体构图稳定，没有明显失衡、极端偏向某个角落或严重碎片化。
6. 线条总体连续、自然、力度相对稳定，没有大量异常断裂、极端微弱或杂乱涂画。
7. 画面具有适量细节。可以简单，但主要对象的基本结构能够表达清楚。
8. 房屋、树木、人物的比例大致协调，没有极端小型化或比例失调。
9. 房屋、树木和人物之间的关系自然，没有极端隔离或不连贯的空间关系。
10. 线条自然、连续，没有异常大面积涂黑。

【支持异常的证据】
1. 无。"
dataset/HTP/02/01/02_01_00_0036.jpg,02,01,01,0.04742587351415913,"【支持正常的证据】
1. 房屋、树木、人物三个核心对象均能够清楚识别，并且基本完整。
2. 三个对象在画面中的大小适中，没有全部挤在极小区域，也没有明显超出或压迫整个画面。
3. 房、树、人之间保持自然、合理的空间距离，没有明显孤立或被大片空白强行分隔。
4. 三个对象能够形成基本连贯的场景，例如共享地面、方向一致、空间位置合理，整体看起来属于同一个环境，而不是三个互不相关的符号。
5. 整体构图稳定，没有明显失衡、极端偏向某个角落或严重碎片化。
6. 线条总体连续、自然、力度相对稳定，没有大量异常断裂、极端微弱或杂乱涂画。
7. 画面具有适量细节。可以简单，但主要对象的基本结构能够表达清楚。
8. 如果存在草地、道路、太阳、云、花、地面等环境元素，并且与主体自然结合，可以作为场景完整和组织良好的积极证据。
9. 没有大面积、无明显绘画目的的异常涂黑、重阴影或局部反复强调。

【支持异常的证据】
1. 房屋、树木、人物中的一个或多个核心对象完全缺失，且无法由裁剪、遮挡或画法解释。
2. 整幅画极度简化，只剩极少线条，大量重要结构同时消失，整体信息量异常低。
3. 房、树、人整体只占巨大画布中极小区域，周围存在大量空白。
4. 三个对象之间距离极端遥远，某个对象明显孤立，或者整个场景严重碎片化。
5. 对象像漂浮在不同区域，彼此几乎没有空间联系，整体场景严重不连贯。
6. 存在大量非常微弱、间断、犹豫、僵硬或严重潦草的线条。
7. 存在异常大面积涂黑、重度阴影或某个对象被明显过度强调。"
dataset/HTP/02/01/02_01_00_0037.jpg,02,01,01,0.010986941578116865,"【支持正常的证据】
1. 房屋、树木、人物三个核心对象均能够清楚识别，并且基本完整。
2. 三个对象在画面中的大小适中，没有全部挤在极小区域，也没有明显超出或压迫整个画面。
3. 房、树、人之间保持自然、合理的空间距离，没有明显孤立或被大片空白强行分隔。
4. 三个对象能够形成基本连贯的场景，例如共享地面、方向一致、空间位置合理，整体看起来属于同一个环境，而不是三个互不相关的符号。
5. 整体构图稳定，没有明显失衡、极端偏向某个角落或严重碎片化。
6. 线条总体连续、自然、力度相对稳定，没有大量异常断裂、极端微弱或杂乱涂画。
7. 画面具有适量细节。可以简单，但主要对象的基本结构能够表达清楚。
8. 房屋、树木、人物的比例大致协调，没有极端小型化或比例失调。
9. 房屋、树木和人物之间的关系自然，没有极端隔离或空间关系异常。
10. 线条自然、连续，没有异常大面积涂黑。

【支持异常的证据】
1. 无。"
dataset/HTP/02/01/02_01_00_0038.jpg,02,01,01,0.014063626423394072,"【支持正常的证据】
1. 房屋、树木、人物三个核心对象均能够清楚识别，并且基本完整。
2. 三个对象在画面中的大小适中，没有全部挤在极小区域，也没有明显超出或压迫整个画面。
3. 房、树、人之间保持自然、合理的空间距离，没有明显孤立或被大片空白强行分隔。
4. 三个对象能够形成基本连贯的场景，例如共享地面、方向一致、空间位置合理，整体看起来属于同一个环境，而不是三个互不相关的符号。
5. 整体构图稳定，没有明显失衡、极端偏向某个角落或严重碎片化。
6. 线条总体连续、自然、力度相对稳定，没有大量异常断裂、极端微弱或杂乱涂画。
7. 画面具有适量细节。可以简单，但主要对象的基本结构能够表达清楚。
8. 如果存在草地、道路、太阳、云、花、地面等环境元素，并且与主体自然结合，可以作为场景完整和组织良好的积极证据。
9. 没有大面积、无明显绘画目的的异常涂黑、重阴影或局部反复强调。

【支持异常的证据】
1. 无明显异常特征。"
dataset/HTP/02/01/02_01_00_0039.jpg,02,01,01,0.009708474753363424,"【支持正常的证据】
1. 房屋、树木、人物三个核心对象均能够清楚识别，并且基本完整。
2. 三个对象在画面中的大小适中，没有全部挤在极小区域，也没有明显超出或压迫整个画面。
3. 房、树、人之间保持自然、合理的空间距离，没有明显孤立或被大片空白强行分隔。
4. 三个对象能够形成基本连贯的场景，例如共享地面、方向一致、空间位置合理，整体看起来属于同一个环境，而不是三个互不相关的符号。
5. 整体构图稳定，没有明显失衡、极端偏向某个角落或严重碎片化。
6. 线条总体连续、自然、力度相对稳定，没有大量异常断裂、极端微弱或杂乱涂画。
7. 画面具有适量细节。可以简单，但主要对象的基本结构能够表达清楚。
8. 房屋、树木、人物的比例大致协调，没有极端小型化或比例失调。
9. 房屋结构稳定，屋顶、墙壁等主要组成部分合理。
10. 树木结构自然，没有明显截断或畸形。
11. 人物身体主要结构完整，比例不存在严重失调。
12. 整体构图稳定且场景连贯，没有明显异常的大面积涂黑。
13. 人物和房屋、树木之间保持自然距离，没有极端隔离。
14. 人物和房屋、树木之间没有明显选择性结构缺失。

【支持异常的证据】
1. 无。"
dataset/HTP/02/01/02_01_00_0040.jpg,02,01,01,0.014063626423394072,"【支持正常的证据】
1. 房屋、树木、人物三个核心对象均能够清楚识别，并且基本完整。
2. 三个对象在画面中的大小适中，没有全部挤在极小区域，也没有明显超出或压迫整个画面。
3. 房、树、人之间保持自然、合理的空间距离，没有明显孤立或被大片空白强行分隔。
4. 三个对象能够形成基本连贯的场景，例如共享地面、方向一致、空间位置合理，整体看起来属于同一个环境，而不是三个互不相关的符号。
5. 整体构图稳定，没有明显失衡、极端偏向某个角落或严重碎片化。
6. 线条总体连续、自然、力度相对稳定，没有大量异常断裂、极端微弱或杂乱涂画。
7. 画面具有适量细节。可以简单，但主要对象的基本结构能够表达清楚。
8. 房屋、树木、人物的比例大致协调，没有极端小型化或比例失调。
9. 房屋、树木和人物之间的关系自然，没有极端隔离或不连贯的空间关系。
10. 线条自然、连续，没有异常大面积涂黑。

【支持异常的证据】
1. 无。"
dataset/HTP/02/01/02_01_00_0041.jpg,02,01,01,0.009708474753363424,"【支持正常的证据】
1. 房屋、树木、人物三个核心对象均能够清楚识别，并且基本完整。
2. 三个对象在画面中的大小适中，没有全部挤在极小区域，也没有明显超出或压迫整个画面。
3. 房、树、人之间保持自然、合理的空间距离，没有明显孤立或被大片空白强行分隔。
4. 三个对象能够形成基本连贯的场景，例如共享地面、方向一致、空间位置合理，整体看起来属于同一个环境。
5. 整体构图稳定，没有明显失衡、极端偏向某个角落或严重碎片化。
6. 线条总体连续、自然、力度相对稳定，没有大量异常断裂、极端微弱或杂乱涂画。
7. 画面具有适量细节。可以简单，但主要对象的基本结构能够表达清楚。
8. 房屋、树木、人物的比例大致协调，没有极端小型化或比例失调。
9. 房屋结构稳定，主要组成部分合理，没有明显倒塌、断裂或严重几何变形。
10. 树木结构自然，没有严重截断或畸形。
11. 人物身体主要结构完整，比例不存在严重失调。
12. 整体构图稳定且场景连贯。
13. 线条自然、连续，没有异常大面积涂黑。
14. 没有明显的选择性结构缺失。
15. 仅存在少数能够由绘画水平、年龄、风格或普通构图解释的轻微异常。

【支持异常的证据】
1. 无。"
dataset/HTP/02/01/02_01_00_0042.jpg,02,01,01,0.010986941578116865,"【支持正常的证据】
1. 房屋、树木、人物三个核心对象均能够清楚识别，并且基本完整。
2. 三个对象在画面中的大小适中，没有全部挤在极小区域，也没有明显超出或压迫整个画面。
3. 房、树、人之间保持自然、合理的空间距离，没有明显孤立或被大片空白强行分隔。
4. 三个对象能够形成基本连贯的场景，例如共享地面、方向一致、空间位置合理，整体看起来属于同一个环境。
5. 整体构图稳定，没有明显失衡、极端偏向某个角落或严重碎片化。
6. 线条总体连续、自然、力度相对稳定，没有大量异常断裂、极端微弱或杂乱涂画。
7. 画面具有适量细节。可以简单，但主要对象的基本结构能够表达清楚。
8. 房屋、树木、人物的比例大致协调，没有极端小型化或比例失调。
9. 房屋结构稳定，屋顶、窗户等主要组成部分合理。
10. 树木结构自然，没有明显截断或畸形。
11. 人物身体主要结构完整，比例不存在严重失调。
12. 整体构图稳定且场景连贯。
13. 线条自然、连续，没有异常大面积涂黑。
14. 没有明显的选择性结构缺失。
15. 仅存在少数能够由绘画水平、年龄、风格或普通构图解释的轻微异常。

【支持异常的证据】
1. 无明显异常特征。"
dataset/HTP/02/01/02_01_00_0043.png,02,01,01,0.012431653620200803,"【支持正常的证据】
1. 房屋、树木、人物三个核心对象均能够清楚识别，并且基本完整。
2. 三个对象在画面中的大小适中，没有全部挤在极小区域，也没有明显超出或压迫整个画面。
3. 房、树、人之间保持自然、合理的空间距离，没有明显孤立或被大片空白强行分隔。
4. 三个对象能够形成基本连贯的场景，例如共享地面、方向一致、空间位置合理，整体看起来属于同一个环境，而不是三个互不相关的符号。
5. 整体构图稳定，没有明显失衡、极端偏向某个角落或严重碎片化。
6. 线条总体连续、自然、力度相对稳定，没有大量异常断裂、极端微弱或杂乱涂画。
7. 画面具有适量细节。可以简单，但主要对象的基本结构能够表达清楚。
8. 房屋、树木、人物的比例大致协调，没有极端小型化或比例失调。
9. 房屋、树木和人物之间的相对大小基本合理，没有非常极端的尺寸差异。
10. 人物身体主要结构完整，比例不存在严重失调。
11. 整体构图稳定且场景连贯，没有明显异常的大面积涂黑。
12. 人物没有明显选择性结构缺失，如缺少手臂或腿部。
13. 房屋结构稳定，主要组成部分合理。
14. 树木结构自然，没有严重截断或畸形。
15. 画面存在多个相互独立的正常积极特征。

【支持异常的证据】
1. 无明显异常特征。"
dataset/HTP/02/01/02_01_00_0044.jpg,02,01,01,0.04742587351415913,"【支持正常的证据】
1. 房屋、树木、人物三个核心对象均能够清楚识别，并且基本完整。
2. 三个对象在画面中的大小适中，没有全部挤在极小区域，也没有明显超出或压迫整个画面。
3. 房、树、人之间保持自然、合理的空间距离，没有明显孤立或被大片空白强行分隔。
4. 三个对象能够形成基本连贯的场景，例如共享地面、方向一致、空间位置合理，整体看起来属于同一个环境。
5. 整体构图稳定，没有明显失衡、极端偏向某个角落或严重碎片化。
6. 线条总体连续、自然、力度相对稳定，没有大量异常断裂、极端微弱或杂乱涂画。
7. 画面具有适量细节。可以简单，但主要对象的基本结构能够表达清楚。
8. 没有大面积、无明显绘画目的的异常涂黑、重阴影或局部反复强调。

【支持异常的证据】
1. 房屋、树木、人物中的一个或多个核心对象完全缺失，且无法由裁剪、遮挡或画法解释。
2. 整幅画极度简化，只剩极少线条，大量重要结构同时消失，整体信息量异常低。
3. 房、树、人整体只占巨大画布中极小区域，周围存在大量空白。
4. 三个对象之间距离极端遥远，某个对象明显孤立，或者整个场景严重碎片化。
5. 存在大量非常微弱、间断、犹豫、僵硬或严重潦草的线条。
6. 存在异常大面积涂黑、重度阴影或某个对象被明显过度强调。"
dataset/HTP/02/01/02_01_00_0045.jpg,02,01,01,0.012431653620200803,"【支持正常的证据】
1. 房屋、树木、人物三个核心对象均能够清楚识别，并且基本完整。
2. 三个对象在画面中的大小适中，没有全部挤在极小区域，也没有明显超出或压迫整个画面。
3. 房、树、人之间保持自然、合理的空间距离，没有明显孤立或被大片空白强行分隔。
4. 三个对象能够形成基本连贯的场景，例如共享地面、方向一致、空间位置合理，整体看起来属于同一个环境，而不是三个互不相关的符号。
5. 整体构图稳定，没有明显失衡、极端偏向某个角落或严重碎片化。
6. 线条总体连续、自然、力度相对稳定，没有大量异常断裂、极端微弱或杂乱涂画。
7. 画面具有适量细节。可以简单，但主要对象的基本结构能够表达清楚。
8. 房屋、树木、人物的比例大致协调，没有极端小型化或比例失调。
9. 房屋结构稳定，没有明显倒塌、断裂或严重几何变形。
10. 树木结构自然，没有明显截断或畸形。
11. 人物身体主要结构完整，比例不存在严重失调。
12. 整体构图稳定且场景连贯。
13. 线条自然、连续，没有异常大面积涂黑。
14. 没有明显的选择性结构缺失。
15. 仅存在少数能够由绘画水平、年龄、风格或普通构图解释的轻微异常。

【支持异常的证据】
1. 无。"
dataset/HTP/02/01/02_01_00_0046.png,02,01,01,0.010986941578116865,"【支持正常的证据】
1. 房屋、树木、人物三个核心对象均能够清楚识别，并且基本完整。
2. 三个对象在画面中的大小适中，没有全部挤在极小区域，也没有明显超出或压迫整个画面。
3. 房、树、人之间保持自然、合理的空间距离，没有明显孤立或被大片空白强行分隔。
4. 三个对象能够形成基本连贯的场景，例如共享地面、方向一致、空间位置合理，整体看起来属于同一个环境，而不是三个互不相关的符号。
5. 整体构图稳定，没有明显失衡、极端偏向某个角落或严重碎片化。
6. 线条总体连续、自然、力度相对稳定，没有大量异常断裂、极端微弱或杂乱涂画。
7. 画面具有适量细节。可以简单，但主要对象的基本结构能够表达清楚。
8. 房屋、树木、人物的比例大致协调，没有极端小型化或比例失调。
9. 整体构图自然，没有明显选择性结构缺失。
10. 人物身体主要结构完整，比例不存在严重失调。
11. 线条自然、连续，没有异常大面积涂黑。
12. 人物和房屋、树木之间保持自然距离，没有极端隔离。
13. 整体场景连贯，没有明显空间断开。

【支持异常的证据】
1. 无。"
dataset/HTP/02/01/02_01_00_0047.png,02,01,01,0.014063626423394072,"【支持正常的证据】
1. 房屋、树木、人物三个核心对象均能够清楚识别，并且基本完整。
2. 三个对象在画面中的大小适中，没有全部挤在极小区域，也没有明显超出或压迫整个画面。
3. 房、树、人之间保持自然、合理的空间距离，没有明显孤立或被大片空白强行分隔。
4. 三个对象能够形成基本连贯的场景，例如共享地面、方向一致、空间位置合理，整体看起来属于同一个环境，而不是三个互不相关的符号。
5. 整体构图稳定，没有明显失衡、极端偏向某个角落或严重碎片化。
6. 线条总体连续、自然、力度相对稳定，没有大量异常断裂、极端微弱或杂乱涂画。
7. 画面具有适量细节。可以简单，但主要对象的基本结构能够表达清楚。
8. 房屋、树木、人物的比例大致协调，没有极端小型化或比例失调。
9. 房屋结构稳定，墙体和屋顶没有明显倒塌、断裂或严重几何变形。
10. 树木结构自然，树干和树冠之间连接自然，比例基本合理。
11. 人物头部、躯干、手臂和腿等主要身体结构基本完整，连接关系自然。
12. 人物大小与房屋、树木和整个画布基本协调，不存在极端小型化。
13. 人物整体比例基本合理，没有明显选择性结构缺失。
14. 房屋、树木和人物的相对大小基本合理，没有非常极端的尺寸差异。
15. 人物能够自然地处于房屋和树木形成的环境中，而不是完全脱离其他对象。

【支持异常的证据】
1. 无。"
dataset/HTP/02/01/02_01_00_0048.png,02,01,01,0.060086650384398026,"【支持正常的证据】
1. 房屋、树木、人物三个核心对象均能够清楚识别，并且基本完整。
2. 三个对象在画面中的大小适中，没有全部挤在极小区域，也没有明显超出或压迫整个画面。
3. 房、树、人之间保持自然、合理的空间距离，没有明显孤立或被大片空白强行分隔。
4. 三个对象能够形成基本连贯的场景，例如共享地面、方向一致、空间位置合理，整体看起来属于同一个环境，而不是三个互不相关的符号。
5. 整体构图稳定，没有明显失衡、极端偏向某个角落或严重碎片化。
6. 线条总体连续、自然、力度相对稳定，没有大量异常断裂、极端微弱或杂乱涂画。
7. 画面具有适量细节。可以简单，但主要对象的基本结构能够表达清楚。
8. 房屋、树木、人物的比例大致协调，没有极端小型化或比例失调。
9. 房屋结构稳定，主要组成部分合理，没有明显倒塌、断裂或严重几何变形。
10. 树木结构自然，没有严重截断或畸形。
11. 人物身体主要结构完整，比例不存在严重失调。
12. 整体构图稳定且场景连贯。
13. 线条自然、连续，没有异常大面积涂黑。
14. 没有明显的选择性结构缺失。
15. 仅存在少数能够由绘画水平、年龄、风格或普通构图解释的轻微异常。

【支持异常的证据】
1. 人物缺少脸部和主要肢体，如手臂和腿。
2. 房屋结构较为简单，但没有明显选择性缺少门或窗户。
3. 树木结构较为简单，但没有明显选择性缺少叶子。
4. 房屋、树木和人物之间存在一定的空间距离，但没有极端隔离。
5. 整体构图稳定，没有明显失衡或碎片化。
6. 线条自然、连续，没有极端微弱或杂乱涂画。
7. 人物比例存在轻微误差，但整体结构完整。
8. 房屋和树木结构较为简单，但没有明显选择性缺失主要结构。
9. 人物缺少脸部和主要肢体，但整体结构没有明显断裂或错位。
10. 房屋、树木和人物的比例大致协调，没有极端小型化或比例失调。
11. 整体构图稳定且场景连贯。
12. 线条自然、连续，没有异常大面积涂黑。
13. 没有明显的选择性结构缺失。
14. 仅存在少数能够由绘画水平、年龄、风格或普通构图解释的轻微异常。"
dataset/HTP/02/01/02_01_00_0049.jpg,02,01,01,0.010986941578116865,"【支持正常的证据】
1. 房屋、树木、人物三个核心对象均能够清楚识别，并且基本完整。
2. 三个对象在画面中的大小适中，没有全部挤在极小区域，也没有明显超出或压迫整个画面。
3. 房、树、人之间保持自然、合理的空间距离，没有明显孤立或被大片空白强行分隔。
4. 三个对象能够形成基本连贯的场景，例如共享地面、方向一致、空间位置合理，整体看起来属于同一个环境，而不是三个互不相关的符号。
5. 整体构图稳定，没有明显失衡、极端偏向某个角落或严重碎片化。
6. 线条总体连续、自然、力度相对稳定，没有大量异常断裂、极端微弱或杂乱涂画。
7. 画面具有适量细节。可以简单，但主要对象的基本结构能够表达清楚。
8. 房屋、树木、人物的比例大致协调，没有极端小型化或比例失调。
9. 房屋结构稳定，墙体、屋顶等主要结构完整，没有明显倒塌、断裂或严重几何变形。
10. 树木结构自然，没有明显截断或畸形。
11. 人物身体主要结构完整，比例不存在严重失调。
12. 整体构图稳定且场景连贯，没有明显异常的大面积涂黑、极端小型化或异常隔离。
13. 线条自然、连续，没有异常大面积涂黑。
14. 人物身体各部分连接关系自然，没有明显断裂、错位或无法解释的结构缺失。
15. 人物大小与房屋、树木和整个画布基本协调，不存在极端小型化。
16. 人物采用火柴人、单线手臂或单线腿的简单风格时，如果整个人物风格统一并且结构完整，不能因为简单就判断异常。
17. 人物可以正面、侧面或其他姿势，只要身体结构基本合理，都可以属于正常表现。
18. 整体绘画风格简单，没有大面积异常涂黑、重度阴影或某个对象被明显过度强调。

【支持异常的证据】
1. 无。"
dataset/HTP/02/01/02_01_00_0050.png,02,01,01,0.010986941578116865,"【支持正常的证据】
1. 房屋、树木、人物三个核心对象均能够清楚识别，并且基本完整。
2. 三个对象在画面中的大小适中，没有全部挤在极小区域，也没有明显超出或压迫整个画面。
3. 房、树、人之间保持自然、合理的空间距离，没有明显孤立或被大片空白强行分隔。
4. 三个对象能够形成基本连贯的场景，例如共享地面、方向一致、空间位置合理，整体看起来属于同一个环境。
5. 整体构图稳定，没有明显失衡、极端偏向某个角落或严重碎片化。
6. 线条总体连续、自然、力度相对稳定，没有大量异常断裂、极端微弱或杂乱涂画。
7. 画面具有适量细节。可以简单，但主要对象的基本结构能够表达清楚。
8. 房屋、树木、人物的比例大致协调，没有极端小型化或比例失调。
9. 房屋结构稳定，没有明显倒塌、断裂或严重几何变形。
10. 树木结构自然，没有明显截断或畸形。
11. 人物身体主要结构完整，比例不存在严重失调。
12. 整体构图稳定且场景连贯。
13. 线条自然、连续，没有异常大面积涂黑。
14. 没有明显的选择性结构缺失。
15. 仅存在少数能够由绘画水平、年龄、风格或普通构图解释的轻微异常。

【支持异常的证据】
1. 无明显异常特征。"
dataset/HTP/02/01/02_01_00_0051.png,02,01,01,0.014063626423394072,"【支持正常的证据】
1. 房屋、树木、人物三个核心对象均能够清楚识别，并且基本完整。
2. 三个对象在画面中的大小适中，没有全部挤在极小区域，也没有明显超出或压迫整个画面。
3. 房、树、人之间保持自然、合理的空间距离，没有明显孤立或被大片空白强行分隔。
4. 三个对象能够形成基本连贯的场景，例如共享地面、方向一致、空间位置合理，整体看起来属于同一个环境，而不是三个互不相关的符号。
5. 整体构图稳定，没有明显失衡、极端偏向某个角落或严重碎片化。
6. 线条总体连续、自然、力度相对稳定，没有大量异常断裂、极端微弱或杂乱涂画。
7. 画面具有适量细节。可以简单，但主要对象的基本结构能够表达清楚。
8. 房屋、树木、人物的比例大致协调，没有极端小型化或比例失调。
9. 整体构图稳定且场景连贯，没有明显异常的大面积涂黑、极端小型化或异常隔离。
10. 人物身体主要结构完整，比例不存在严重失调。

【支持异常的证据】
1. 无明显异常特征。"
dataset/HTP/02/01/02_01_00_0052.jpg,02,01,01,0.14804719991116141,"【支持正常的证据】
1. 房屋、树木、人物三个核心对象均能够清楚识别，并且基本完整。
2. 三个对象在画面中的大小适中，没有全部挤在极小区域，也没有明显超出或压迫整个画面。
3. 房、树、人之间保持自然、合理的空间距离，没有明显孤立或被大片空白强行分隔。
4. 三个对象能够形成基本连贯的场景，例如共享地面、方向一致、空间位置合理，整体看起来属于同一个环境，而不是三个互不相关的符号。
5. 整体构图稳定，没有明显失衡、极端偏向某个角落或严重碎片化。
6. 线条总体连续、自然、力度相对稳定，没有大量异常断裂、极端微弱或杂乱涂画。
7. 画面具有适量细节。可以简单，但主要对象的基本结构能够表达清楚。
8. 房屋、树木、人物的比例大致协调，没有极端小型化或比例失调。
9. 整体构图稳定且场景连贯，没有明显异常的大面积涂黑、极端小型化或异常隔离。
10. 人物身体主要结构完整，比例不存在严重失调。

【支持异常的证据】
1. 人物缺少手臂，手臂被选择性省略。
2. 人物缺少腿部，腿部被选择性省略。
3. 房屋缺少窗户，窗户被选择性省略。
4. 树木缺少树叶，树冠被选择性省略。
5. 房屋和树木的结构较为简单，但没有明显选择性结构缺失。
6. 人物缺少面部特征，如眼睛、鼻子、嘴巴等。
7. 房屋缺少烟囱，烟囱被选择性省略。
8. 人物缺少头发，头发被选择性省略。
9. 房屋缺少屋顶装饰，屋顶装饰被选择性省略。
10. 人物缺少衣服填充，衣服填充被选择性省略。"
dataset/HTP/02/01/02_01_00_0053.png,02,01,01,0.012431653620200803,"【支持正常的证据】
1. 房屋、树木、人物三个核心对象均能够清楚识别，并且基本完整。
2. 三个对象在画面中的大小适中，没有全部挤在极小区域，也没有明显超出或压迫整个画面。
3. 房、树、人之间保持自然、合理的空间距离，没有明显孤立或被大片空白强行分隔。
4. 三个对象能够形成基本连贯的场景，例如共享地面、方向一致、空间位置合理，整体看起来属于同一个环境，而不是三个互不相关的符号。
5. 整体构图稳定，没有明显失衡、极端偏向某个角落或严重碎片化。
6. 线条总体连续、自然、力度相对稳定，没有大量异常断裂、极端微弱或杂乱涂画。
7. 画面具有适量细节。可以简单，但主要对象的基本结构能够表达清楚。
8. 房屋、树木、人物的比例大致协调，没有极端小型化或比例失调。
9. 房屋结构稳定，主要组成部分合理，没有明显倒塌、断裂或严重几何变形。
10. 树木结构自然，没有严重截断或畸形。
11. 人物身体主要结构完整，比例不存在严重失调。
12. 整体构图稳定且场景连贯。
13. 线条自然、连续，没有异常大面积涂黑。
14. 没有明显的选择性结构缺失。
15. 仅存在少数能够由绘画水平、年龄、风格或普通构图解释的轻微异常。

【支持异常的证据】
1. 无。"
dataset/HTP/02/01/02_01_00_0054.jpg,02,01,01,0.012431653620200803,"【支持正常的证据】
1. 房屋、树木、人物三个核心对象均能够清楚识别，并且基本完整。
2. 三个对象在画面中的大小适中，没有全部挤在极小区域，也没有明显超出或压迫整个画面。
3. 房、树、人之间保持自然、合理的空间距离，没有明显孤立或被大片空白强行分隔。
4. 三个对象能够形成基本连贯的场景，例如共享地面、方向一致、空间位置合理，整体看起来属于同一个环境。
5. 整体构图稳定，没有明显失衡、极端偏向某个角落或严重碎片化。
6. 线条总体连续、自然、力度相对稳定，没有大量异常断裂、极端微弱或杂乱涂画。
7. 画面具有适量细节。可以简单，但主要对象的基本结构能够表达清楚。
8. 房屋、树木、人物的比例大致协调，没有极端小型化或比例失调。
9. 房屋结构稳定，屋顶、窗户等主要组成部分合理。
10. 树木结构自然，没有明显截断或畸形。
11. 人物身体主要结构完整，比例不存在严重失调。
12. 整体构图稳定且场景连贯，没有明显异常的大面积涂黑。
13. 线条自然、连续，没有异常大面积涂黑。
14. 人物没有明显选择性结构缺失。
15. 画面存在多个相互独立的正常积极特征。

【支持异常的证据】
1. 无明显异常特征。"
dataset/HTP/02/01/02_01_00_0055.png,02,01,01,0.010986941578116865,"【支持正常的证据】
1. 房屋、树木、人物三个核心对象均能够清楚识别，并且基本完整。
2. 三个对象在画面中的大小适中，没有全部挤在极小区域，也没有明显超出或压迫整个画面。
3. 房、树、人之间保持自然、合理的空间距离，没有明显孤立或被大片空白强行分隔。
4. 三个对象能够形成基本连贯的场景，例如共享地面、方向一致、空间位置合理，整体看起来属于同一个环境，而不是三个互不相关的符号。
5. 整体构图稳定，没有明显失衡、极端偏向某个角落或严重碎片化。
6. 线条总体连续、自然、力度相对稳定，没有大量异常断裂、极端微弱或杂乱涂画。
7. 画面具有适量细节。可以简单，但主要对象的基本结构能够表达清楚。
8. 房屋、树木、人物的比例大致协调，没有极端小型化或比例失调。
9. 整体构图自然，没有明显选择性结构缺失。
10. 人物身体主要结构完整，比例不存在严重失调。
11. 线条自然、连续，没有异常大面积涂黑。
12. 画面存在多个相互独立的正常积极特征。

【支持异常的证据】
1. 无明显异常特征。"
dataset/HTP/02/01/02_01_00_0056.png,02,01,01,0.14804719991116141,"【支持正常的证据】
1. 房屋、树木、人物三个核心对象均能够清楚识别，并且基本完整。
2. 三个对象在画面中的大小适中，没有全部挤在极小区域，也没有明显超出或压迫整个画面。
3. 房、树、人之间保持自然、合理的空间距离，没有明显孤立或被大片空白强行分隔。
4. 三个对象能够形成基本连贯的场景，例如共享地面、方向一致、空间位置合理，整体看起来属于同一个环境。
5. 整体构图稳定，没有明显失衡、极端偏向某个角落或严重碎片化。
6. 线条总体连续、自然、力度相对稳定，没有大量异常断裂、极端微弱或杂乱涂画。
7. 画面具有适量细节。可以简单，但主要对象的基本结构能够表达清楚。
8. 房屋、树木、人物的比例大致协调，没有极端小型化或比例失调。
9. 房屋、树木和人物之间的关系自然，没有极端隔离或空间关系异常。
10. 线条自然、连续，没有异常大面积涂黑。

【支持异常的证据】
1. 人物缺少手臂，手臂被选择性省略。
2. 房屋缺少窗户，窗户被选择性省略。
3. 树木缺少树叶，树冠被选择性省略。"
dataset/HTP/02/01/02_01_00_0057.png,02,01,01,0.015906393344589397,"【支持正常的证据】
1. 房屋、树木、人物三个核心对象均能够清楚识别，并且基本完整。
2. 三个对象在画面中的大小适中，没有全部挤在极小区域，也没有明显超出或压迫整个画面。
3. 房、树、人之间保持自然、合理的空间距离，没有明显孤立或被大片空白强行分隔。
4. 三个对象能够形成基本连贯的场景，例如共享地面、方向一致、空间位置合理，整体看起来属于同一个环境，而不是三个互不相关的符号。
5. 整体构图稳定，没有明显失衡、极端偏向某个角落或严重碎片化。
6. 线条总体连续、自然、力度相对稳定，没有大量异常断裂、极端微弱或杂乱涂画。
7. 画面具有适量细节。可以简单，但主要对象的基本结构能够表达清楚。
8. 如果存在草地、道路、太阳、云、花、地面等环境元素，并且与主体自然结合，可以作为场景完整和组织良好的积极证据。
9. 没有大面积、无明显绘画目的的异常涂黑、重阴影或局部反复强调。

【支持异常的证据】
1. 无明显异常特征。"
dataset/HTP/02/01/02_01_00_0058.png,02,01,01,0.010986941578116865,"【支持正常的证据】
1. 房屋、树木、人物三个核心对象均能够清楚识别，并且基本完整。
2. 三个对象在画面中的大小适中，没有全部挤在极小区域，也没有明显超出或压迫整个画面。
3. 房、树、人之间保持自然、合理的空间距离，没有明显孤立或被大片空白强行分隔。
4. 三个对象能够形成基本连贯的场景，例如共享地面、方向一致、空间位置合理，整体看起来属于同一个环境。
5. 整体构图稳定，没有明显失衡、极端偏向某个角落或严重碎片化。
6. 线条总体连续、自然、力度相对稳定，没有大量异常断裂、极端微弱或杂乱涂画。
7. 画面具有适量细节。可以简单，但主要对象的基本结构能够表达清楚。
8. 房屋、树木、人物的比例大致协调，没有极端小型化或比例失调。
9. 房屋结构稳定，屋顶、墙壁等主要组成部分合理。
10. 树木结构自然，没有明显截断或畸形。
11. 人物身体主要结构完整，比例不存在严重失调。
12. 整体构图稳定且场景连贯，没有明显异常的大面积涂黑。
13. 人物和房屋、树木之间保持自然距离，没有极端隔离。
14. 画面中存在少量细节，如窗户、门、树枝等，与主体自然结合。

【支持异常的证据】
1. 无。"
dataset/HTP/02/01/02_01_00_0059.png,02,01,01,0.007577241922677275,"【支持正常的证据】
1. 房屋、树木、人物三个核心对象均能够清楚识别，并且基本完整。
2. 三个对象在画面中的大小适中，没有全部挤在极小区域，也没有明显超出或压迫整个画面。
3. 房、树、人之间保持自然、合理的空间距离，没有明显孤立或被大片空白强行分隔。
4. 三个对象能够形成基本连贯的场景，例如共享地面、方向一致、空间位置合理，整体看起来属于同一个环境，而不是三个互不相关的符号。
5. 整体构图稳定，没有明显失衡、极端偏向某个角落或严重碎片化。
6. 线条总体连续、自然、力度相对稳定，没有大量异常断裂、极端微弱或杂乱涂画。
7. 画面具有适量细节。可以简单，但主要对象的基本结构能够表达清楚。
8. 房屋、树木、人物的比例大致协调，没有极端小型化或比例失调。
9. 房屋、树木和人物之间的相对大小基本合理，没有非常极端的尺寸差异。
10. 人物身体主要结构完整，比例不存在严重失调。
11. 整体构图稳定且场景连贯，没有明显异常的大面积涂黑。
12. 人物没有明显选择性结构缺失，四肢和五官比例协调。
13. 房屋结构稳定，主要组成部分合理，没有明显倒塌、断裂或严重几何变形。
14. 树木结构自然，没有严重截断或畸形。
15. 画面存在多个相互独立的正常积极特征，如房屋、树木和人物的合理比例、空间关系和整体连贯性。

【支持异常的证据】
1. 无明显异常特征。"
dataset/HTP/02/01/02_01_00_0060.png,02,01,01,0.014063626423394072,"【支持正常的证据】
1. 房屋、树木、人物三个核心对象均能够清楚识别，并且基本完整。
2. 三个对象在画面中的大小适中，没有全部挤在极小区域，也没有明显超出或压迫整个画面。
3. 房、树、人之间保持自然、合理的空间距离，没有明显孤立或被大片空白强行分隔。
4. 三个对象能够形成基本连贯的场景，例如共享地面、方向一致、空间位置合理，整体看起来属于同一个环境，而不是三个互不相关的符号。
5. 整体构图稳定，没有明显失衡、极端偏向某个角落或严重碎片化。
6. 线条总体连续、自然、力度相对稳定，没有大量异常断裂、极端微弱或杂乱涂画。
7. 画面具有适量细节。可以简单，但主要对象的基本结构能够表达清楚。
8. 房屋、树木、人物的比例大致协调，没有极端小型化或比例失调。
9. 房屋、树木和人物之间的关系自然，没有极端隔离或空间关系异常。
10. 线条自然、连续，没有异常大面积涂黑。

【支持异常的证据】
1. 无。"
dataset/HTP/02/01/02_01_00_0061.png,02,01,01,0.010986941578116865,"【支持正常的证据】
1. 房屋、树木、人物三个核心对象均能够清楚识别，并且基本完整。
2. 三个对象在画面中的大小适中，没有全部挤在极小区域，也没有明显超出或压迫整个画面。
3. 房、树、人之间保持自然、合理的空间距离，没有明显孤立或被大片空白强行分隔。
4. 三个对象能够形成基本连贯的场景，例如共享地面、方向一致、空间位置合理，整体看起来属于同一个环境，而不是三个互不相关的符号。
5. 整体构图稳定，没有明显失衡、极端偏向某个角落或严重碎片化。
6. 线条总体连续、自然、力度相对稳定，没有大量异常断裂、极端微弱或杂乱涂画。
7. 画面具有适量细节。可以简单，但主要对象的基本结构能够表达清楚。
8. 房屋、树木、人物的比例大致协调，没有极端小型化或比例失调。
9. 房屋、树木和人物之间的相对大小基本合理，没有非常极端的尺寸差异。
10. 人物身体主要结构完整，比例不存在严重失调。
11. 整体构图稳定且场景连贯，没有明显异常的大面积涂黑。
12. 人物没有明显选择性结构缺失，四肢和头部等主要部位都存在。
13. 房屋结构稳定，主要组成部分合理，没有明显倒塌、断裂或严重几何变形。
14. 树木结构自然，没有严重截断或畸形。
15. 画面存在多个相互独立的正常积极特征，如房屋、树木和人物的合理比例、空间关系和整体连贯性。

【支持异常的证据】
1. 无。"
dataset/HTP/02/01/02_01_00_0062.png,02,01,01,0.11920291732853862,"【支持正常的证据】
1. 房屋、树木、人物三个核心对象均能够清楚识别，并且基本完整。
2. 三个对象在画面中的大小适中，没有全部挤在极小区域，也没有明显超出或压迫整个画面。
3. 房、树、人之间保持自然、合理的空间距离，没有明显孤立或被大片空白强行分隔。
4. 三个对象能够形成基本连贯的场景，例如共享地面、方向一致、空间位置合理，整体看起来属于同一个环境。
5. 整体构图稳定，没有明显失衡、极端偏向某个角落或严重碎片化。
6. 线条总体连续、自然、力度相对稳定，没有大量异常断裂、极端微弱或杂乱涂画。
7. 画面具有适量细节。可以简单，但主要对象的基本结构能够表达清楚。
8. 房屋、树木、人物的比例大致协调，没有极端小型化或比例失调。
9. 整体场景连贯，没有明显选择性结构缺失。
10. 线条自然、连续，没有异常大面积涂黑。

【支持异常的证据】
1. 人物明显没有完成，例如主要身体区域完全缺失、头部缺失、躯干缺失、多个必要身体部分缺失，或者身体不同部分明显断开。
2. 房屋、树木和人物分别孤立在互不相关的区域。
3. 三个对象的尺寸比例严重不协调。
4. 房屋、树木和人物之间在空间上和语义上明显断开，无法组成基本连贯场景。"
dataset/HTP/02/01/02_01_00_0063.png,02,01,01,0.009708474753363424,"【支持正常的证据】
1. 房屋、树木、人物三个核心对象均能够清楚识别，并且基本完整。
2. 三个对象在画面中的大小适中，没有全部挤在极小区域，也没有明显超出或压迫整个画面。
3. 房、树、人之间保持自然、合理的空间距离，没有明显孤立或被大片空白强行分隔。
4. 三个对象能够形成基本连贯的场景，例如共享地面、方向一致、空间位置合理，整体看起来属于同一个环境，而不是三个互不相关的符号。
5. 整体构图稳定，没有明显失衡、极端偏向某个角落或严重碎片化。
6. 线条总体连续、自然、力度相对稳定，没有大量异常断裂、极端微弱或杂乱涂画。
7. 画面具有适量细节。可以简单，但主要对象的基本结构能够表达清楚。
8. 房屋、树木、人物的比例大致协调，没有极端小型化或比例失调。
9. 房屋、树木和人物的相对大小基本合理，没有非常极端的尺寸差异。
10. 人物身体主要结构完整，比例不存在严重失调。
11. 整体构图稳定且场景连贯，没有明显异常的大面积涂黑。
12. 人物和房屋、树木之间保持自然距离，没有极端隔离。
13. 画面中存在少量细节，如烟囱、窗户、树枝等，与主体自然结合。
14. 人物采用火柴人风格，整体结构完整，没有明显选择性结构缺失。

【支持异常的证据】
1. 无。"
dataset/HTP/02/01/02_01_00_0064.png,02,01,01,0.015906393344589397,"【支持正常的证据】
1. 房屋、树木、人物三个核心对象均能够清楚识别，并且基本完整。
2. 三个对象在画面中的大小适中，没有全部挤在极小区域，也没有明显超出或压迫整个画面。
3. 房、树、人之间保持自然、合理的空间距离，没有明显孤立或被大片空白强行分隔。
4. 三个对象能够形成基本连贯的场景，例如共享地面、方向一致、空间位置合理，整体看起来属于同一个环境，而不是三个互不相关的符号。
5. 整体构图稳定，没有明显失衡、极端偏向某个角落或严重碎片化。
6. 线条总体连续、自然、力度相对稳定，没有大量异常断裂、极端微弱或杂乱涂画。
7. 画面具有适量细节。可以简单，但主要对象的基本结构能够表达清楚。
8. 房屋、树木、人物的比例大致协调，没有极端小型化或比例失调。
9. 房屋、树木和人物之间的关系自然，没有极端隔离或空间关系异常。
10. 线条自然、连续，没有异常大面积涂黑。

【支持异常的证据】
1. 无。"
dataset/HTP/02/01/02_01_00_0065.png,02,01,01,0.012431653620200803,"【支持正常的证据】
1. 房屋、树木、人物三个核心对象均能够清楚识别，并且基本完整。
2. 三个对象在画面中的大小适中，没有全部挤在极小区域，也没有明显超出或压迫整个画面。
3. 房、树、人之间保持自然、合理的空间距离，没有明显孤立或被大片空白强行分隔。
4. 三个对象能够形成基本连贯的场景，例如共享地面、方向一致、空间位置合理，整体看起来属于同一个环境，而不是三个互不相关的符号。
5. 整体构图稳定，没有明显失衡、极端偏向某个角落或严重碎片化。
6. 线条总体连续、自然、力度相对稳定，没有大量异常断裂、极端微弱或杂乱涂画。
7. 画面具有适量细节。可以简单，但主要对象的基本结构能够表达清楚。
8. 房屋、树木、人物的比例大致协调，没有极端小型化或比例失调。
9. 房屋、树木和人物之间的关系自然，没有极端隔离或不连贯的空间关系。
10. 线条自然、连续，没有异常大面积涂黑。

【支持异常的证据】
1. 无。"
dataset/HTP/02/01/02_01_00_0066.png,02,01,01,0.012431653620200803,"【支持正常的证据】
1. 房屋、树木、人物三个核心对象均能够清楚识别，并且基本完整。
2. 三个对象在画面中的大小适中，没有全部挤在极小区域，也没有明显超出或压迫整个画面。
3. 房、树、人之间保持自然、合理的空间距离，没有明显孤立或被大片空白强行分隔。
4. 三个对象能够形成基本连贯的场景，例如共享地面、方向一致、空间位置合理，整体看起来属于同一个环境，而不是三个互不相关的符号。
5. 整体构图稳定，没有明显失衡、极端偏向某个角落或严重碎片化。
6. 线条总体连续、自然、力度相对稳定，没有大量异常断裂、极端微弱或杂乱涂画。
7. 画面具有适量细节。可以简单，但主要对象的基本结构能够表达清楚。
8. 房屋、树木、人物的比例大致协调，没有极端小型化或比例失调。
9. 整体场景连贯，没有明显选择性结构缺失。
10. 线条自然、连续，没有异常大面积涂黑。

【支持异常的证据】
1. 无明显异常特征。"
dataset/HTP/02/01/02_01_00_0067.png,02,01,01,0.18242551491653522,"【支持正常的证据】
1. 房屋、树木、人物三个核心对象均能够清楚识别，并且基本完整。
2. 三个对象在画面中的大小适中，没有全部挤在极小区域，也没有明显超出或压迫整个画面。
3. 房、树、人之间保持自然、合理的空间距离，没有明显孤立或被大片空白强行分隔。
4. 三个对象能够形成基本连贯的场景，例如共享地面、方向一致、空间位置合理，整体看起来属于同一个环境，而不是三个互不相关的符号。
5. 整体构图稳定，没有明显失衡、极端偏向某个角落或严重碎片化。
6. 线条总体连续、自然、力度相对稳定，没有大量异常断裂、极端微弱或杂乱涂画。
7. 画面具有适量细节。可以简单，但主要对象的基本结构能够表达清楚。
8. 如果存在草地、道路、太阳、云、花、地面等环境元素，并且与主体自然结合，可以作为场景完整和组织良好的积极证据。
9. 没有大面积、无明显绘画目的的异常涂黑、重阴影或局部反复强调。

【支持异常的证据】
1. 房屋结构较完整、可见方向正常，但明显选择性缺少门。
2. 房屋其他部分较详细，但明显选择性缺少所有窗户。
3. 房屋相对于画布以及其他对象极端微小或被严重边缘化。
4. 墙体、屋顶整体严重倾斜，表现出明显不稳定或坍塌感，且不能由透视解释。
5. 屋顶与墙体断开、几何结构极端扭曲、建筑组织明显不可能或严重怪异。
6. 房屋被过度简化到主要结构难以辨认。
7. 树木相对于其他主体和画布极端微小。
8. 树干或树冠出现明显、突然、没有合理原因的截断。
9. 树木明确表现为死亡、严重枯萎、破损或大量枝干折断，而不是单纯没有叶子。
10. 人物明显没有完成，例如主要身体区域完全缺失、头部缺失、躯干缺失、多个必要身体部分缺失，或者身体不同部分明显断开。"
dataset/HTP/02/01/02_01_00_0068.png,02,01,01,0.015906393344589397,"【支持正常的证据】
1. 房屋、树木、人物三个核心对象均能够清楚识别，并且基本完整。
2. 三个对象在画面中的大小适中，没有全部挤在极小区域，也没有明显超出或压迫整个画面。
3. 房、树、人之间保持自然、合理的空间距离，没有明显孤立或被大片空白强行分隔。
4. 三个对象能够形成基本连贯的场景，例如共享地面、方向一致、空间位置合理，整体看起来属于同一个环境，而不是三个互不相关的符号。
5. 整体构图稳定，没有明显失衡、极端偏向某个角落或严重碎片化。
6. 线条总体连续、自然、力度相对稳定，没有大量异常断裂、极端微弱或杂乱涂画。
7. 画面具有适量细节。可以简单，但主要对象的基本结构能够表达清楚。
8. 房屋、树木、人物的比例大致协调，没有极端小型化或比例失调。
9. 房屋、树木和人物之间的相对大小基本合理，没有非常极端的尺寸差异。
10. 人物身体主要结构完整，比例不存在严重失调。
11. 整体构图稳定且场景连贯，没有明显异常的大面积涂黑。
12. 人物没有明显选择性结构缺失，例如没有缺少手臂或腿部。
13. 人物身体各部分连接关系自然，没有明显断裂、错位或无法解释的结构缺失。
14. 人物大小与房屋、树木和整个画布基本协调，不存在极端小型化。
15. 人物采用火柴人、单线手臂或单线腿的简单风格时，如果整个人物风格统一并且结构完整，不能因为简单就判断异常。
16. 人物可以正面、侧面或其他姿势，只要身体结构基本合理，都可以属于正常表现。
17. 人物没有明显表情，但画法简单且没有其他异常支持，不能因为表情中性就判断异常。

【支持异常的证据】
1. 无。"
dataset/HTP/02/01/02_01_00_0069.png,02,01,01,0.012431653620200803,"【支持正常的证据】
1. 房屋、树木、人物三个核心对象均能够清楚识别，并且基本完整。
2. 三个对象在画面中的大小适中，没有全部挤在极小区域，也没有明显超出或压迫整个画面。
3. 房、树、人之间保持自然、合理的空间距离，没有明显孤立或被大片空白强行分隔。
4. 三个对象能够形成基本连贯的场景，例如共享地面、方向一致、空间位置合理，整体看起来属于同一个环境，而不是三个互不相关的符号。
5. 整体构图稳定，没有明显失衡、极端偏向某个角落或严重碎片化。
6. 线条总体连续、自然、力度相对稳定，没有大量异常断裂、极端微弱或杂乱涂画。
7. 画面具有适量细节。可以简单，但主要对象的基本结构能够表达清楚。
8. 房屋、树木、人物的比例大致协调，没有极端小型化或比例失调。
9. 整体场景连贯，没有明显选择性结构缺失。
10. 线条自然、连续，没有异常大面积涂黑。

【支持异常的证据】
1. 无明显异常特征。"
dataset/HTP/02/01/02_01_00_0070.png,02,01,01,0.014063626423394072,"【支持正常的证据】
1. 房屋、树木、人物三个核心对象均能够清楚识别，并且基本完整。
2. 三个对象在画面中的大小适中，没有全部挤在极小区域，也没有明显超出或压迫整个画面。
3. 房、树、人之间保持自然、合理的空间距离，没有明显孤立或被大片空白强行分隔。
4. 三个对象能够形成基本连贯的场景，例如共享地面、方向一致、空间位置合理，整体看起来属于同一个环境。
5. 整体构图稳定，没有明显失衡、极端偏向某个角落或严重碎片化。
6. 线条总体连续、自然、力度相对稳定，没有大量异常断裂、极端微弱或杂乱涂画。
7. 画面具有适量细节。可以简单，但主要对象的基本结构能够表达清楚。
8. 没有大面积、无明显绘画目的的异常涂黑、重阴影或局部反复强调。

【支持异常的证据】
1. 无明显异常特征。"
dataset/HTP/02/01/02_01_00_0071.jpg,02,01,01,0.007577241922677275,"【支持正常的证据】
1. 房屋、树木、人物三个核心对象均能够清楚识别，并且基本完整。
2. 三个对象在画面中的大小适中，没有全部挤在极小区域，也没有明显超出或压迫整个画面。
3. 房、树、人之间保持自然、合理的空间距离，没有明显孤立或被大片空白强行分隔。
4. 三个对象能够形成基本连贯的场景，例如共享地面、方向一致、空间位置合理，整体看起来属于同一个环境，而不是三个互不相关的符号。
5. 整体构图稳定，没有明显失衡、极端偏向某个角落或严重碎片化。
6. 线条总体连续、自然、力度相对稳定，没有大量异常断裂、极端微弱或杂乱涂画。
7. 画面具有适量细节。可以简单，但主要对象的基本结构能够表达清楚。
8. 房屋、树木、人物的比例大致协调，没有极端小型化或比例失调。
9. 房屋结构稳定，墙体、屋顶等主要结构完整。
10. 树木结构自然，没有明显截断或畸形。
11. 人物身体主要结构完整，比例不存在严重失调。
12. 整体构图稳定且场景连贯，没有明显异常的大面积涂黑。
13. 人物和房屋、树木之间保持自然距离，没有极端隔离。
14. 人物和房屋、树木之间没有明显选择性结构缺失。

【支持异常的证据】
1. 无。"
dataset/HTP/02/01/02_01_00_0072.jpg,02,01,01,0.01798621187025419,"【支持正常的证据】
1. 房屋、树木、人物三个核心对象均能够清楚识别，并且基本完整。
2. 三个对象在画面中的大小适中，没有全部挤在极小区域，也没有明显超出或压迫整个画面。
3. 房、树、人之间保持自然、合理的空间距离，没有明显孤立或被大片空白强行分隔。
4. 三个对象能够形成基本连贯的场景，例如共享地面、方向一致、空间位置合理，整体看起来属于同一个环境。
5. 整体构图稳定，没有明显失衡、极端偏向某个角落或严重碎片化。
6. 线条总体连续、自然、力度相对稳定，没有大量异常断裂、极端微弱或杂乱涂画。
7. 画面具有适量细节。可以简单，但主要对象的基本结构能够表达清楚。
8. 房屋、树木、人物的比例大致协调，没有极端小型化或比例失调。
9. 整体场景连贯，没有明显选择性结构缺失。
10. 线条自然、连续，没有异常大面积涂黑。

【支持异常的证据】
1. 人物缺少手臂，但这是常见简笔画风格的表现。
2. 树木的树冠形状有些夸张，但没有明显结构畸形。
3. 房屋的窗户和门的位置和数量较为简单，但没有明显选择性缺失。
4. 人物的头发有些凌乱，但没有明显异常。
5. 房屋、树木和人物之间的空间关系自然，没有极端隔离或碎片化。"
dataset/HTP/02/01/02_01_00_0073.png,02,01,01,0.012431653620200803,"【支持正常的证据】
1. 房屋、树木、人物三个核心对象均能够清楚识别，并且基本完整。
2. 三个对象在画面中的大小适中，没有全部挤在极小区域，也没有明显超出或压迫整个画面。
3. 房、树、人之间保持自然、合理的空间距离，没有明显孤立或被大片空白强行分隔。
4. 三个对象能够形成基本连贯的场景，例如共享地面、方向一致、空间位置合理，整体看起来属于同一个环境。
5. 整体构图稳定，没有明显失衡、极端偏向某个角落或严重碎片化。
6. 线条总体连续、自然、力度相对稳定，没有大量异常断裂、极端微弱或杂乱涂画。
7. 画面具有适量细节。可以简单，但主要对象的基本结构能够表达清楚。
8. 房屋、树木、人物的比例大致协调，没有极端小型化。
9. 房屋、树木和人物的相对大小基本合理，没有非常极端的尺寸差异。
10. 人物身体主要结构完整，比例不存在严重失调。
11. 整体构图稳定且场景连贯，没有明显异常的大面积涂黑。
12. 人物和房屋、树木之间保持自然距离，没有极端隔离。
13. 画面中存在少量细节，如烟囱、窗户等，与房屋结构协调。
14. 人物采用火柴人风格，整体结构完整，没有明显选择性缺失。

【支持异常的证据】
1. 无明显异常特征。"
dataset/HTP/02/01/02_01_00_0074.png,02,01,01,0.10669058897496679,"【支持正常的证据】
1. 房屋、树木、人物三个核心对象均能够清楚识别，并且基本完整。
2. 三个对象在画面中的大小适中，没有全部挤在极小区域，也没有明显超出或压迫整个画面。
3. 房、树、人之间保持自然、合理的空间距离，没有明显孤立或被大片空白强行分隔。
4. 三个对象能够形成基本连贯的场景，例如共享地面、方向一致、空间位置合理，整体看起来属于同一个环境，而不是三个互不相关的符号。
5. 整体构图稳定，没有明显失衡、极端偏向某个角落或严重碎片化。
6. 线条总体连续、自然、力度相对稳定，没有大量异常断裂、极端微弱或杂乱涂画。
7. 画面具有适量细节。可以简单，但主要对象的基本结构能够表达清楚。
8. 没有大面积、无明显绘画目的的异常涂黑、重阴影或局部反复强调。

【支持异常的证据】
1. 房屋结构较完整、可见方向正常，但明显选择性缺少门。
2. 房屋相对于画布以及其他对象极端微小或被严重边缘化。
3. 树木相对于其他主体和画布极端微小。
4. 人物头部、躯干、手臂和腿等主要身体结构基本完整，但比例有些夸张，尤其是腿部显得特别长。
5. 人物大小与房屋、树木和整个画布基本协调，但人物相对于房屋显得有些矮小。
6. 房屋、树木和人物之间存在明显隔离感，人物似乎被放置在远处，与房屋和树木之间有较大距离。"
dataset/HTP/02/01/02_01_00_0075.jpg,02,01,01,0.012431653620200803,"【支持正常的证据】
1. 房屋、树木、人物三个核心对象均能够清楚识别，并且基本完整。
2. 三个对象在画面中的大小适中，没有全部挤在极小区域，也没有明显超出或压迫整个画面。
3. 房、树、人之间保持自然、合理的空间距离，没有明显孤立或被大片空白强行分隔。
4. 三个对象能够形成基本连贯的场景，例如共享地面、方向一致、空间位置合理，整体看起来属于同一个环境。
5. 整体构图稳定，没有明显失衡、极端偏向某个角落或严重碎片化。
6. 线条总体连续、自然、力度相对稳定，没有大量异常断裂、极端微弱或杂乱涂画。
7. 画面具有适量细节。可以简单，但主要对象的基本结构能够表达清楚。
8. 房屋、树木、人物的比例大致协调，没有极端小型化或比例失调。
9. 房屋结构稳定，没有明显倒塌、断裂或严重几何变形。
10. 树木结构自然，没有明显截断或畸形。
11. 人物身体主要结构完整，比例不存在严重失调。
12. 整体构图稳定且场景连贯。
13. 线条自然、连续，没有异常大面积涂黑。
14. 没有明显的选择性结构缺失。
15. 仅存在少数能够由绘画水平、年龄、风格或普通构图解释的轻微异常。

【支持异常的证据】
1. 无。"
dataset/HTP/02/01/02_01_00_0076.png,02,01,01,0.010986941578116865,"【支持正常的证据】
1. 房屋、树木、人物三个核心对象均能够清楚识别，并且基本完整。
2. 三个对象在画面中的大小适中，没有全部挤在极小区域，也没有明显超出或压迫整个画面。
3. 房、树、人之间保持自然、合理的空间距离，没有明显孤立或被大片空白强行分隔。
4. 三个对象能够形成基本连贯的场景，例如共享地面、方向一致、空间位置合理，整体看起来属于同一个环境，而不是三个互不相关的符号。
5. 整体构图稳定，没有明显失衡、极端偏向某个角落或严重碎片化。
6. 线条总体连续、自然、力度相对稳定，没有大量异常断裂、极端微弱或杂乱涂画。
7. 画面具有适量细节。可以简单，但主要对象的基本结构能够表达清楚。
8. 房屋、树木、人物的比例大致协调，没有极端小型化或比例失调。
9. 房屋、树木和人物的相对大小基本合理，没有非常极端的尺寸差异。
10. 房屋结构稳定，主要组成部分合理，没有明显倒塌、断裂或严重几何变形。
11. 树木结构自然，没有严重截断或畸形。
12. 人物身体主要结构完整，比例不存在严重失调。
13. 整体构图稳定且场景连贯，没有明显异常的大面积涂黑。
14. 人物位于房屋和树木形成的环境中，没有极端隔离。
15. 线条自然、连续，没有异常大面积涂黑。
16. 没有明显的选择性结构缺失。
17. 仅存在少数能够由绘画水平、年龄、风格或普通构图解释的轻微异常。

【支持异常的证据】
1. 无明显异常特征。"
dataset/HTP/02/01/02_01_00_0077.jpg,02,01,01,0.009708474753363424,"【支持正常的证据】
1. 房屋、树木、人物三个核心对象均能够清楚识别，并且基本完整。
2. 三个对象在画面中的大小适中，没有全部挤在极小区域，也没有明显超出或压迫整个画面。
3. 房、树、人之间保持自然、合理的空间距离，没有明显孤立或被大片空白强行分隔。
4. 三个对象能够形成基本连贯的场景，例如共享地面、方向一致、空间位置合理，整体看起来属于同一个环境，而不是三个互不相关的符号。
5. 整体构图稳定，没有明显失衡、极端偏向某个角落或严重碎片化。
6. 线条总体连续、自然、力度相对稳定，没有大量异常断裂、极端微弱或杂乱涂画。
7. 画面具有适量细节。可以简单，但主要对象的基本结构能够表达清楚。
8. 房屋、树木、人物的比例大致协调，没有极端小型化或比例失调。
9. 房屋结构稳定，主要组成部分合理，没有明显倒塌、断裂或严重几何变形。
10. 树木结构自然，没有严重截断或畸形。
11. 人物身体主要结构完整，比例不存在严重失调。
12. 整体构图稳定且场景连贯。
13. 线条自然、连续，没有异常大面积涂黑。
14. 没有明显的选择性结构缺失。
15. 仅存在少数能够由绘画水平、年龄、风格或普通构图解释的轻微异常。

【支持异常的证据】
1. 无。"
dataset/HTP/02/01/02_01_00_0078.jpg,02,01,01,0.014063626423394072,"【支持正常的证据】
1. 房屋、树木、人物三个核心对象均能够清楚识别，并且基本完整。
2. 三个对象在画面中的大小适中，没有全部挤在极小区域，也没有明显超出或压迫整个画面。
3. 房、树、人之间保持自然、合理的空间距离，没有明显孤立或被大片空白强行分隔。
4. 三个对象能够形成基本连贯的场景，例如共享地面、方向一致、空间位置合理，整体看起来属于同一个环境，而不是三个互不相关的符号。
5. 整体构图稳定，没有明显失衡、极端偏向某个角落或严重碎片化。
6. 线条总体连续、自然、力度相对稳定，没有大量异常断裂、极端微弱或杂乱涂画。
7. 画面具有适量细节。可以简单，但主要对象的基本结构能够表达清楚。
8. 房屋、树木、人物的比例大致协调，没有极端比例失调。
9. 房屋结构稳定，墙体、屋顶等主要结构完整，没有明显倒塌、断裂或严重几何变形。
10. 树木结构自然，树干、树冠、树枝等主要部分能够正常识别，整体结构基本完整。
11. 人物头部、躯干、手臂和腿等主要身体结构基本完整，各身体部分连接关系自然，没有明显断裂、错位或无法解释的结构缺失。
12. 人物大小与房屋、树木和整个画布基本协调，不存在极端小型化。
13. 房屋、树木和人物的相对大小基本合理，没有非常极端的尺寸差异。
14. 三者之间保持自然距离，没有某个对象被极端隔离。
15. 整体构图稳定且场景连贯，人物能够自然地处于房屋和树木形成的环境中。

【支持异常的证据】
1. 无。"
dataset/HTP/02/01/02_01_00_0079.jpg,02,01,01,0.009708474753363424,"【支持正常的证据】
1. 房屋、树木、人物三个核心对象均能够清楚识别，并且基本完整。
2. 三个对象在画面中的大小适中，没有全部挤在极小区域，也没有明显超出或压迫整个画面。
3. 房、树、人之间保持自然、合理的空间距离，没有明显孤立或被大片空白强行分隔。
4. 三个对象能够形成基本连贯的场景，例如共享地面、方向一致、空间位置合理，整体看起来属于同一个环境。
5. 整体构图稳定，没有明显失衡、极端偏向某个角落或严重碎片化。
6. 线条总体连续、自然、力度相对稳定，没有大量异常断裂、极端微弱或杂乱涂画。
7. 画面具有适量细节。可以简单，但主要对象的基本结构能够表达清楚。
8. 房屋、树木、人物的比例大致协调，没有极端小型化或比例失调。
9. 房屋、树木和人物之间的关系自然，没有极端隔离或空间断开。
10. 线条自然、连续，没有异常大面积涂黑。

【支持异常的证据】
1. 无明显异常特征。"
dataset/HTP/02/01/02_01_00_0080.jpg,02,01,01,0.009708474753363424,"【支持正常的证据】
1. 房屋、树木、人物三个核心对象均能够清楚识别，并且基本完整。
2. 三个对象在画面中的大小适中，没有全部挤在极小区域，也没有明显超出或压迫整个画面。
3. 房、树、人之间保持自然、合理的空间距离，没有明显孤立或被大片空白强行分隔。
4. 三个对象能够形成基本连贯的场景，例如共享地面、方向一致、空间位置合理，整体看起来属于同一个环境，而不是三个互不相关的符号。
5. 整体构图稳定，没有明显失衡、极端偏向某个角落或严重碎片化。
6. 线条总体连续、自然、力度相对稳定，没有大量异常断裂、极端微弱或杂乱涂画。
7. 画面具有适量细节。可以简单，但主要对象的基本结构能够表达清楚。
8. 房屋、树木、人物的比例大致协调，没有极端小型化或比例失调。
9. 房屋结构稳定，墙体、屋顶等主要结构完整，没有明显倒塌、断裂或严重几何变形。
10. 树木结构自然，树干、树冠、树枝等主要部分能够正常识别，整体结构基本完整。
11. 人物头部、躯干、手臂和腿等主要身体结构基本完整，连接关系自然，没有明显断裂、错位或无法解释的结构缺失。
12. 人物大小与房屋、树木和整个画布基本协调，不存在极端小型化。
13. 人物整体比例基本合理，没有明显选择性结构缺失。
14. 房屋、树木和人物的相对大小基本合理，没有非常极端的尺寸差异。
15. 三者之间保持自然距离，没有某个对象被极端隔离。
16. 整体构图稳定且场景连贯，线条自然、连续，没有异常大面积涂黑。

【支持异常的证据】
1. 无。"
dataset/HTP/02/01/02_01_00_0081.jpg,02,01,01,0.010986941578116865,"【支持正常的证据】
1. 房屋、树木、人物三个核心对象均能够清楚识别，并且基本完整。
2. 三个对象在画面中的大小适中，没有全部挤在极小区域，也没有明显超出或压迫整个画面。
3. 房、树、人之间保持自然、合理的空间距离，没有明显孤立或被大片空白强行分隔。
4. 三个对象能够形成基本连贯的场景，例如共享地面、方向一致、空间位置合理，整体看起来属于同一个环境，而不是三个互不相关的符号。
5. 整体构图稳定，没有明显失衡、极端偏向某个角落或严重碎片化。
6. 线条总体连续、自然、力度相对稳定，没有大量异常断裂、极端微弱或杂乱涂画。
7. 画面具有适量细节。可以简单，但主要对象的基本结构能够表达清楚。
8. 房屋、树木、人物的比例大致协调，没有极端小型化或比例失调。
9. 房屋、树木和人物之间的关系自然，没有极端隔离或不连贯的空间关系。
10. 线条自然、连续，没有异常大面积涂黑。

【支持异常的证据】
1. 无明显异常特征。"
dataset/HTP/02/01/02_01_00_0082.jpg,02,01,01,0.009708474753363424,"【支持正常的证据】
1. 房屋、树木、人物三个核心对象均能够清楚识别，并且基本完整。
2. 三个对象在画面中的大小适中，没有全部挤在极小区域，也没有明显超出或压迫整个画面。
3. 房、树、人之间保持自然、合理的空间距离，没有明显孤立或被大片空白强行分隔。
4. 三个对象能够形成基本连贯的场景，例如共享地面、方向一致、空间位置合理，整体看起来属于同一个环境，而不是三个互不相关的符号。
5. 整体构图稳定，没有明显失衡、极端偏向某个角落或严重碎片化。
6. 线条总体连续、自然、力度相对稳定，没有大量异常断裂、极端微弱或杂乱涂画。
7. 画面具有适量细节。可以简单，但主要对象的基本结构能够表达清楚。
8. 房屋、树木、人物的比例大致协调，没有极端小型化或比例失调。
9. 房屋结构稳定，主要组成部分合理，没有明显倒塌、断裂或严重几何变形。
10. 树木结构自然，没有严重截断或畸形。
11. 人物身体主要结构完整，比例不存在严重失调。
12. 整体构图稳定且场景连贯。
13. 线条自然、连续，没有异常大面积涂黑。
14. 没有明显的选择性结构缺失。
15. 仅存在少数能够由绘画水平、年龄、风格或普通构图解释的轻微异常。

【支持异常的证据】
1. 无。"
dataset/HTP/02/01/02_01_00_0083.jpg,02,01,01,0.01798621187025419,"【支持正常的证据】
1. 房屋、树木、人物三个核心对象均能够清楚识别，并且基本完整。
2. 三个对象在画面中的大小适中，没有全部挤在极小区域，也没有明显超出或压迫整个画面。
3. 房、树、人之间保持自然、合理的空间距离，没有明显孤立或被大片空白强行分隔。
4. 三个对象能够形成基本连贯的场景，例如共享地面、方向一致、空间位置合理，整体看起来属于同一个环境，而不是三个互不相关的符号。
5. 整体构图稳定，没有明显失衡、极端偏向某个角落或严重碎片化。
6. 线条总体连续、自然、力度相对稳定，没有大量异常断裂、极端微弱或杂乱涂画。
7. 画面具有适量细节。可以简单，但主要对象的基本结构能够表达清楚。
8. 房屋、树木、人物的比例大致协调，没有极端小型化或比例失调。
9. 房屋结构稳定，墙体、屋顶等主要结构完整，没有明显倒塌、断裂或严重几何变形。
10. 树木结构自然，树干、树冠、树枝等主要部分能够正常识别，整体结构基本完整。
11. 人物头部、躯干、手臂和腿等主要身体结构基本完整，连接关系自然，没有明显断裂、错位或无法解释的结构缺失。
12. 人物大小与房屋、树木和整个画布基本协调，不存在极端小型化。
13. 房屋、树木和人物的相对大小基本合理，没有非常极端的尺寸差异。
14. 三者之间保持自然距离，没有某个对象被极端隔离。
15. 整体构图稳定且场景连贯，人物能够自然地处于房屋和树木形成的环境中。

【支持异常的证据】
1. 无明显异常涂黑、重度阴影或局部反复强调。
2. 无大面积、无明显绘画目的的异常涂黑、重阴影或局部反复强调。
3. 无房屋、树木、人物中的一个或多个核心对象完全缺失的情况。
4. 无房屋、树木、人物整体只占巨大画布中极小区域，周围存在大量空白的情况。
5. 无三个对象之间距离极端遥远，某个对象明显孤立，或者整个场景严重碎片化的情况。
6. 无对象像漂浮在不同区域，彼此几乎没有空间联系，整体场景严重不连贯的情况。
7. 无大量非常微弱、间断、犹豫、僵硬或严重潦草的线条。
8. 无异常大面积涂黑、重度阴影或某个对象被明显过度强调的情况。"
dataset/HTP/02/01/02_01_00_0084.jpg,02,01,01,0.009708474753363424,"【支持正常的证据】
1. 房屋、树木、人物三个核心对象均能够清楚识别，并且基本完整。
2. 三个对象在画面中的大小适中，没有全部挤在极小区域，也没有明显超出或压迫整个画面。
3. 房、树、人之间保持自然、合理的空间距离，没有明显孤立或被大片空白强行分隔。
4. 三个对象能够形成基本连贯的场景，例如共享地面、方向一致、空间位置合理，整体看起来属于同一个环境，而不是三个互不相关的符号。
5. 整体构图稳定，没有明显失衡、极端偏向某个角落或严重碎片化。
6. 线条总体连续、自然、力度相对稳定，没有大量异常断裂、极端微弱或杂乱涂画。
7. 画面具有适量细节。可以简单，但主要对象的基本结构能够表达清楚。
8. 草地、道路、太阳、云、花、地面等环境元素与主体自然结合，可以作为场景完整和组织良好的积极证据。
9. 没有大面积、无明显绘画目的的异常涂黑、重阴影或局部反复强调。

【支持异常的证据】
1. 无明显异常特征。"
dataset/HTP/02/01/02_01_00_0085.jpg,02,01,01,0.14804719991116141,"【支持正常的证据】
1. 房屋、树木、人物三个核心对象均能够清楚识别，并且基本完整。
2. 三个对象在画面中的大小适中，没有全部挤在极小区域，也没有明显超出或压迫整个画面。
3. 房、树、人之间保持自然、合理的空间距离，没有明显孤立或被大片空白强行分隔。
4. 三个对象能够形成基本连贯的场景，例如共享地面、方向一致、空间位置合理，整体看起来属于同一个环境，而不是三个互不相关的符号。
5. 整体构图稳定，没有明显失衡、极端偏向某个角落或严重碎片化。
6. 线条总体连续、自然、力度相对稳定，没有大量异常断裂、极端微弱或杂乱涂画。
7. 画面具有适量细节。可以简单，但主要对象的基本结构能够表达清楚。
8. 房屋、树木、人物的比例大致协调，没有极端小型化或比例失调。
9. 房屋、树木和人物之间的关系自然，没有极端隔离或不连贯的空间关系。
10. 线条自然、连续，没有异常大面积涂黑。

【支持异常的证据】
1. 人物缺少手臂，手臂被选择性省略。
2. 房屋缺少窗户，窗户被选择性省略。
3. 树木缺少树叶，树冠被选择性省略。"
dataset/HTP/02/01/02_01_00_0086.jpg,02,01,01,0.00857748525531428,"【支持正常的证据】
1. 房屋、树木、人物三个核心对象均能够清楚识别，并且基本完整。
2. 三个对象在画面中的大小适中，没有全部挤在极小区域，也没有明显超出或压迫整个画面。
3. 房、树、人之间保持自然、合理的空间距离，没有明显孤立或被大片空白强行分隔。
4. 三个对象能够形成基本连贯的场景，例如共享地面、方向一致、空间位置合理，整体看起来属于同一个环境，而不是三个互不相关的符号。
5. 整体构图稳定，没有明显失衡、极端偏向某个角落或严重碎片化。
6. 线条总体连续、自然、力度相对稳定，没有大量异常断裂、极端微弱或杂乱涂画。
7. 画面具有适量细节。可以简单，但主要对象的基本结构能够表达清楚。
8. 房屋、树木、人物的比例大致协调，没有极端小型化或比例失调。
9. 房屋结构稳定，屋顶、墙壁等主要组成部分合理。
10. 树木结构自然，没有明显截断或畸形。
11. 人物身体主要结构完整，比例不存在严重失调。
12. 整体构图稳定且场景连贯，没有明显异常的大面积涂黑。
13. 线条自然、连续，没有异常大面积涂黑。
14. 人物和房屋、树木之间保持自然距离，没有极端隔离。
15. 人物能够自然地处于房屋和树木形成的环境中，而不是完全脱离其他对象。

【支持异常的证据】
1. 无。"
dataset/HTP/02/01/02_01_00_0087.jpg,02,01,01,0.03732688948593843,"【支持正常的证据】
1. 房屋、树木、人物三个核心对象均能够清楚识别，并且基本完整。
2. 三个对象在画面中的大小适中，没有全部挤在极小区域，也没有明显超出或压迫整个画面。
3. 房、树、人之间保持自然、合理的空间距离，没有明显孤立或被大片空白强行分隔。
4. 三个对象能够形成基本连贯的场景，例如共享地面、方向一致、空间位置合理，整体看起来属于同一个环境，而不是三个互不相关的符号。
5. 整体构图稳定，没有明显失衡、极端偏向某个角落或严重碎片化。
6. 线条总体连续、自然、力度相对稳定，没有大量异常断裂、极端微弱或杂乱涂画。
7. 画面具有适量细节。可以简单，但主要对象的基本结构能够表达清楚。
8. 如果存在草地、道路、太阳、云、花、地面等环境元素，并且与主体自然结合，可以作为场景完整和组织良好的积极证据。
9. 没有大面积、无明显绘画目的的异常涂黑、重阴影或局部反复强调。

【支持异常的证据】
1. 房屋结构较完整、可见方向正常，但明显选择性缺少门。
2. 树木相对于其他主体和画布极端微小。
3. 人物大小与房屋、树木和整个画布基本协调，不存在极端小型化。
4. 房屋、树木和人物的相对大小基本合理，没有非常极端的尺寸差异。
5. 人物身体主要结构完整，比例不存在严重失调。
6. 整体构图稳定且场景连贯。"
dataset/HTP/02/01/02_01_00_0088.jpg,02,01,01,0.07585817323116976,"【支持正常的证据】
1. 房屋、树木、人物三个核心对象均能够清楚识别，并且基本完整。
2. 三个对象在画面中的大小适中，没有全部挤在极小区域，也没有明显超出或压迫整个画面。
3. 房、树、人之间保持自然、合理的空间距离，没有明显孤立或被大片空白强行分隔。
4. 三个对象能够形成基本连贯的场景，例如共享地面、方向一致、空间位置合理，整体看起来属于同一个环境，而不是三个互不相关的符号。
5. 整体构图稳定，没有明显失衡、极端偏向某个角落或严重碎片化。
6. 线条总体连续、自然、力度相对稳定，没有大量异常断裂、极端微弱或杂乱涂画。
7. 画面具有适量细节。可以简单，但主要对象的基本结构能够表达清楚。
8. 房屋、树木、人物的比例大致协调，没有极端小型化或比例失调。
9. 房屋结构稳定，屋顶、墙壁等主要组成部分合理。
10. 树木结构自然，没有明显截断或畸形。
11. 人物身体主要结构完整，比例不存在严重失调。
12. 整体构图稳定且场景连贯。
13. 线条自然、连续，没有异常大面积涂黑。
14. 没有明显的选择性结构缺失。
15. 仅存在少数能够由绘画水平、年龄、风格或普通构图解释的轻微异常。

【支持异常的证据】
1. 人物缺少手臂，手臂被选择性省略。
2. 人物缺少腿部，腿部被选择性省略。
3. 房屋结构较为简单，但没有明显选择性缺失。
4. 树木结构较为简单，但没有明显选择性缺失。
5. 房屋、树木和人物之间存在一定的空间距离，但没有极端隔离。
6. 整体构图稳定，没有明显碎片化。"
dataset/HTP/02/01/02_01_00_0089.jpg,02,01,01,0.00857748525531428,"【支持正常的证据】
1. 房屋、树木、人物三个核心对象均能够清楚识别，并且基本完整。
2. 三个对象在画面中的大小适中，没有全部挤在极小区域，也没有明显超出或压迫整个画面。
3. 房、树、人之间保持自然、合理的空间距离，没有明显孤立或被大片空白强行分隔。
4. 三个对象能够形成基本连贯的场景，例如共享地面、方向一致、空间位置合理，整体看起来属于同一个环境，而不是三个互不相关的符号。
5. 整体构图稳定，没有明显失衡、极端偏向某个角落或严重碎片化。
6. 线条总体连续、自然、力度相对稳定，没有大量异常断裂、极端微弱或杂乱涂画。
7. 画面具有适量细节。可以简单，但主要对象的基本结构能够表达清楚。
8. 房屋、树木、人物的比例大致协调，没有极端小型化或比例失调。
9. 房屋结构稳定，主要组成部分合理，没有明显倒塌、断裂或严重几何变形。
10. 树木结构自然，没有严重截断或畸形。
11. 人物身体主要结构完整，比例不存在严重失调。
12. 整体构图稳定且场景连贯。
13. 线条自然、连续，没有异常大面积涂黑。
14. 没有明显的选择性结构缺失。
15. 即使绘画较简单，其简化方式在整幅画中保持一致。

【支持异常的证据】
1. 无。"
dataset/HTP/02/01/02_01_00_0090.jpg,02,01,01,0.012431653620200803,"【支持正常的证据】
1. 房屋、树木、人物三个核心对象均能够清楚识别，并且基本完整。
2. 三个对象在画面中的大小适中，没有全部挤在极小区域，也没有明显超出或压迫整个画面。
3. 房、树、人之间保持自然、合理的空间距离，没有明显孤立或被大片空白强行分隔。
4. 三个对象能够形成基本连贯的场景，例如共享地面、方向一致、空间位置合理，整体看起来属于同一个环境，而不是三个互不相关的符号。
5. 整体构图稳定，没有明显失衡、极端偏向某个角落或严重碎片化。
6. 线条总体连续、自然、力度相对稳定，没有大量异常断裂、极端微弱或杂乱涂画。
7. 画面具有适量细节。可以简单，但主要对象的基本结构能够表达清楚。
8. 如果存在草地、道路、太阳、云、花、地面等环境元素，并且与主体自然结合，可以作为场景完整和组织良好的积极证据。
9. 没有大面积、无明显绘画目的的异常涂黑、重阴影或局部反复强调。

【支持异常的证据】
1. 无明显异常特征。"
dataset/HTP/02/01/02_01_00_0091.jpg,02,01,01,0.012431653620200803,"【支持正常的证据】
1. 房屋、树木、人物三个核心对象均能够清楚识别，并且基本完整。
2. 三个对象在画面中的大小适中，没有全部挤在极小区域，也没有明显超出或压迫整个画面。
3. 房、树、人之间保持自然、合理的空间距离，没有明显孤立或被大片空白强行分隔。
4. 三个对象能够形成基本连贯的场景，例如共享地面、方向一致、空间位置合理，整体看起来属于同一个环境。
5. 整体构图稳定，没有明显失衡、极端偏向某个角落或严重碎片化。
6. 线条总体连续、自然、力度相对稳定，没有大量异常断裂、极端微弱或杂乱涂画。
7. 画面具有适量细节。可以简单，但主要对象的基本结构能够表达清楚。
8. 房屋、树木、人物的比例大致协调，没有极端小型化或比例失调。
9. 房屋、树木和人物之间的关系自然，没有极端隔离或空间关系异常。
10. 线条自然、连续，没有异常大面积涂黑。

【支持异常的证据】
1. 无明显异常特征。"
dataset/HTP/02/01/02_01_00_0092.jpg,02,01,01,0.014063626423394072,"【支持正常的证据】
1. 房屋、树木、人物三个核心对象均能够清楚识别，并且基本完整。
2. 三个对象在画面中的大小适中，没有全部挤在极小区域，也没有明显超出或压迫整个画面。
3. 房、树、人之间保持自然、合理的空间距离，没有明显孤立或被大片空白强行分隔。
4. 三个对象能够形成基本连贯的场景，例如共享地面、方向一致、空间位置合理，整体看起来属于同一个环境，而不是三个互不相关的符号。
5. 整体构图稳定，没有明显失衡、极端偏向某个角落或严重碎片化。
6. 线条总体连续、自然、力度相对稳定，没有大量异常断裂、极端微弱或杂乱涂画。
7. 画面具有适量细节。可以简单，但主要对象的基本结构能够表达清楚。
8. 如果存在草地、道路、太阳、云、花、地面等环境元素，并且与主体自然结合，可以作为场景完整和组织良好的积极证据。
9. 没有大面积、无明显绘画目的的异常涂黑、重阴影或局部反复强调。

【支持异常的证据】
1. 无明显异常特征。"
dataset/HTP/02/01/02_01_00_0093.jpg,02,01,01,0.006692851264816554,"【支持正常的证据】
1. 房屋、树木、人物三个核心对象均能够清楚识别，并且基本完整。
2. 三个对象在画面中的大小适中，没有全部挤在极小区域，也没有明显超出或压迫整个画面。
3. 房、树、人之间保持自然、合理的空间距离，没有明显孤立或被大片空白强行分隔。
4. 三个对象能够形成基本连贯的场景，例如共享地面、方向一致、空间位置合理，整体看起来属于同一个环境，而不是三个互不相关的符号。
5. 整体构图稳定，没有明显失衡、极端偏向某个角落或严重碎片化。
6. 线条总体连续、自然、力度相对稳定，没有大量异常断裂、极端微弱或杂乱涂画。
7. 画面具有适量细节。可以简单，但主要对象的基本结构能够表达清楚。
8. 房屋、树木、人物的比例大致协调，没有极端小型化或比例失调。
9. 房屋、树木和人物的相对大小基本合理，没有非常极端的尺寸差异。
10. 房屋结构稳定，主要组成部分合理，没有明显倒塌、断裂或严重几何变形。
11. 树木结构自然，没有严重截断或畸形。
12. 人物身体主要结构完整，比例不存在严重失调。
13. 整体构图稳定且场景连贯。
14. 线条自然、连续，没有异常大面积涂黑。
15. 没有明显的选择性结构缺失。
16. 仅存在少数能够由绘画水平、年龄、风格或普通构图解释的轻微异常。

【支持异常的证据】
1. 无。"
dataset/HTP/02/01/02_01_00_0094.jpg,02,01,01,0.04208773121980142,"【支持正常的证据】
1. 房屋、树木、人物三个核心对象均能够清楚识别，并且基本完整。
2. 三个对象在画面中的大小适中，没有全部挤在极小区域，也没有明显超出或压迫整个画面。
3. 房、树、人之间保持自然、合理的空间距离，没有明显孤立或被大片空白强行分隔。
4. 三个对象能够形成基本连贯的场景，例如共享地面、方向一致、空间位置合理，整体看起来属于同一个环境。
5. 整体构图稳定，没有明显失衡、极端偏向某个角落或严重碎片化。
6. 线条总体连续、自然、力度相对稳定，没有大量异常断裂、极端微弱或杂乱涂画。
7. 画面具有适量细节。可以简单，但主要对象的基本结构能够表达清楚。
8. 没有大面积、无明显绘画目的的异常涂黑、重阴影或局部反复强调。

【支持异常的证据】
1. 房屋、树木、人物中的一个或多个核心对象完全缺失，且无法由裁剪、遮挡或画法解释。
2. 整幅画极度简化，只剩极少线条，大量重要结构同时消失，整体信息量异常低。
3. 房、树、人整体只占巨大画布中极小区域，周围存在大量空白。
4. 三个对象之间距离极端遥远，某个对象明显孤立，或者整个场景严重碎片化。
5. 存在大量非常微弱、间断、犹豫、僵硬或严重潦草的线条。
6. 存在异常大面积涂黑、重度阴影或某个对象被明显过度强调。"
dataset/HTP/02/01/02_01_00_0095.jpg,02,01,01,0.009708474753363424,"【支持正常的证据】
1. 房屋、树木、人物三个核心对象均能够清楚识别，并且基本完整。
2. 三个对象在画面中的大小适中，没有全部挤在极小区域，也没有明显超出或压迫整个画面。
3. 房、树、人之间保持自然、合理的空间距离，没有明显孤立或被大片空白强行分隔。
4. 三个对象能够形成基本连贯的场景，例如共享地面、方向一致、空间位置合理，整体看起来属于同一个环境，而不是三个互不相关的符号。
5. 整体构图稳定，没有明显失衡、极端偏向某个角落或严重碎片化。
6. 线条总体连续、自然、力度相对稳定，没有大量异常断裂、极端微弱或杂乱涂画。
7. 画面具有适量细节。可以简单，但主要对象的基本结构能够表达清楚。
8. 房屋、树木、人物的比例大致协调，没有极端小型化或比例失调。
9. 房屋、树木和人物的相对大小基本合理，没有非常极端的尺寸差异。
10. 房屋结构稳定，主要组成部分合理，没有明显倒塌、断裂或严重几何变形。
11. 树木结构自然，没有严重截断或畸形。
12. 人物身体主要结构完整，比例不存在严重失调。
13. 整体构图稳定且场景连贯。
14. 线条自然、连续，没有异常大面积涂黑。
15. 没有明显的选择性结构缺失。
16. 仅存在少数能够由绘画水平、年龄、风格或普通构图解释的轻微异常。

【支持异常的证据】
1. 无。"
dataset/HTP/02/01/02_01_00_0096.jpg,02,01,01,0.010986941578116865,"【支持正常的证据】
1. 房屋、树木、人物三个核心对象均能够清楚识别，并且基本完整。
2. 三个对象在画面中的大小适中，没有全部挤在极小区域，也没有明显超出或压迫整个画面。
3. 房、树、人之间保持自然、合理的空间距离，没有明显孤立或被大片空白强行分隔。
4. 三个对象能够形成基本连贯的场景，例如共享地面、方向一致、空间位置合理，整体看起来属于同一个环境。
5. 整体构图稳定，没有明显失衡、极端偏向某个角落或严重碎片化。
6. 线条总体连续、自然、力度相对稳定，没有大量异常断裂、极端微弱或杂乱涂画。
7. 画面具有适量细节。可以简单，但主要对象的基本结构能够表达清楚。
8. 房屋、树木、人物的比例大致协调，没有极端小型化或比例失调。
9. 房屋、树木和人物之间的关系自然，没有极端隔离或空间断开。
10. 线条自然、连续，没有异常大面积涂黑。

【支持异常的证据】
1. 无。"
dataset/HTP/02/01/02_01_00_0097.jpg,02,01,01,0.009708474753363424,"【支持正常的证据】
1. 房屋、树木、人物三个核心对象均能够清楚识别，并且基本完整。
2. 三个对象在画面中的大小适中，没有全部挤在极小区域，也没有明显超出或压迫整个画面。
3. 房、树、人之间保持自然、合理的空间距离，没有明显孤立或被大片空白强行分隔。
4. 三个对象能够形成基本连贯的场景，例如共享地面、方向一致、空间位置合理，整体看起来属于同一个环境。
5. 整体构图稳定，没有明显失衡、极端偏向某个角落或严重碎片化。
6. 线条总体连续、自然、力度相对稳定，没有大量异常断裂、极端微弱或杂乱涂画。
7. 画面具有适量细节。可以简单，但主要对象的基本结构能够表达清楚。
8. 房屋、树木、人物的比例大致协调，没有极端小型化或比例失调。
9. 房屋结构稳定，主要组成部分合理，没有明显倒塌、断裂或严重几何变形。
10. 树木结构自然，没有严重截断或畸形。
11. 人物身体主要结构完整，比例不存在严重失调。
12. 整体构图稳定且场景连贯。
13. 线条自然、连续，没有异常大面积涂黑。
14. 没有明显的选择性结构缺失。
15. 仅存在少数能够由绘画水平、年龄、风格或普通构图解释的轻微异常。

【支持异常的证据】
1. 无明显异常特征。"
dataset/HTP/02/01/02_01_00_0098.jpg,02,01,01,0.010986941578116865,"【支持正常的证据】
1. 房屋、树木、人物三个核心对象均能够清楚识别，并且基本完整。
2. 三个对象在画面中的大小适中，没有全部挤在极小区域，也没有明显超出或压迫整个画面。
3. 房、树、人之间保持自然、合理的空间距离，没有明显孤立或被大片空白强行分隔。
4. 三个对象能够形成基本连贯的场景，例如共享地面、方向一致、空间位置合理，整体看起来属于同一个环境，而不是三个互不相关的符号。
5. 整体构图稳定，没有明显失衡、极端偏向某个角落或严重碎片化。
6. 线条总体连续、自然、力度相对稳定，没有大量异常断裂、极端微弱或杂乱涂画。
7. 画面具有适量细节。可以简单，但主要对象的基本结构能够表达清楚。
8. 如果存在草地、道路、太阳、云、花、地面等环境元素，并且与主体自然结合，可以作为场景完整和组织良好的积极证据。
9. 没有大面积、无明显绘画目的的异常涂黑、重阴影或局部反复强调。

【支持异常的证据】
1. 无明显异常特征。"
dataset/HTP/02/01/02_01_00_0099.jpg,02,01,01,0.009708474753363424,"【支持正常的证据】
1. 房屋、树木、人物三个核心对象均能够清楚识别，并且基本完整。
2. 三个对象在画面中的大小适中，没有全部挤在极小区域，也没有明显超出或压迫整个画面。
3. 房、树、人之间保持自然、合理的空间距离，没有明显孤立或被大片空白强行分隔。
4. 三个对象能够形成基本连贯的场景，例如共享地面、方向一致、空间位置合理，整体看起来属于同一个环境，而不是三个互不相关的符号。
5. 整体构图稳定，没有明显失衡、极端偏向某个角落或严重碎片化。
6. 线条总体连续、自然、力度相对稳定，没有大量异常断裂、极端微弱或杂乱涂画。
7. 画面具有适量细节。可以简单，但主要对象的基本结构能够表达清楚。
8. 房屋、树木、人物的比例大致协调，没有极端小型化或比例失调。
9. 房屋结构稳定，主要组成部分合理，没有明显倒塌、断裂或严重几何变形。
10. 树木结构自然，没有严重截断或畸形。
11. 人物身体主要结构完整，比例不存在严重失调。
12. 整体构图稳定且场景连贯。
13. 线条自然、连续，没有异常大面积涂黑。
14. 没有明显的选择性结构缺失。
15. 仅存在少数能够由绘画水平、年龄、风格或普通构图解释的轻微异常。

【支持异常的证据】
1. 无。"
dataset/HTP/02/01/02_01_00_0100.jpg,02,01,01,0.009708474753363424,"【支持正常的证据】
1. 房屋、树木、人物三个核心对象均能够清楚识别，并且基本完整。
2. 三个对象在画面中的大小适中，没有全部挤在极小区域，也没有明显超出或压迫整个画面。
3. 房、树、人之间保持自然、合理的空间距离，没有明显孤立或被大片空白强行分隔。
4. 三个对象能够形成基本连贯的场景，例如共享地面、方向一致、空间位置合理，整体看起来属于同一个环境。
5. 整体构图稳定，没有明显失衡、极端偏向某个角落或严重碎片化。
6. 线条总体连续、自然、力度相对稳定，没有大量异常断裂、极端微弱或杂乱涂画。
7. 画面具有适量细节。可以简单，但主要对象的基本结构能够表达清楚。
8. 房屋、树木、人物的比例大致协调，没有极端小型化或比例失调。
9. 房屋结构稳定，墙体、屋顶等主要结构完整。
10. 树木结构自然，没有明显截断或畸形。
11. 人物身体主要结构完整，比例不存在严重失调。
12. 整体构图稳定且场景连贯。
13. 线条自然、连续，没有异常大面积涂黑。
14. 没有明显的选择性结构缺失。
15. 仅存在少数能够由绘画水平、年龄、风格或普通构图解释的轻微异常。

【支持异常的证据】
1. 无明显异常特征。"
dataset/HTP/02/01/02_01_00_0101.jpg,02,01,01,0.01798621187025419,"【支持正常的证据】
1. 房屋、树木、人物三个核心对象均能够清楚识别，并且基本完整。
2. 三个对象在画面中的大小适中，没有全部挤在极小区域，也没有明显超出或压迫整个画面。
3. 房、树、人之间保持自然、合理的空间距离，没有明显孤立或被大片空白强行分隔。
4. 三个对象能够形成基本连贯的场景，例如共享地面、方向一致、空间位置合理，整体看起来属于同一个环境。
5. 整体构图稳定，没有明显失衡、极端偏向某个角落或严重碎片化。
6. 线条总体连续、自然、力度相对稳定，没有大量异常断裂、极端微弱或杂乱涂画。
7. 画面具有适量细节。可以简单，但主要对象的基本结构能够表达清楚。
8. 房屋、树木、人物之间存在自然的空间联系，例如人物站在房屋前，树木覆盖了房屋的一部分。
9. 整体构图协调，没有大面积、无明显绘画目的的异常涂黑、重阴影或局部反复强调。

【支持异常的证据】
1. 人物的头部、躯干、手臂和腿等主要身体结构基本完整。
2. 人物各身体部分连接关系自然，没有明显断裂、错位或无法解释的结构缺失。
3. 人物整体比例基本合理。
4. 人物大小与房屋、树木和整个画布基本协调。
5. 人物采用火柴人、单线手臂或单线腿的简单风格时，如果整个人物风格统一并且结构完整，不能因为简单就判断异常。
6. 人物可以正面、侧面或其他姿势，只要身体结构基本合理，都可以属于正常表现。
7. 人物没有明显表情，但整体绘画风格统一，没有明显异常涂黑或阴影。
8. 房屋、树木和人物之间的相对大小基本合理，没有非常极端的尺寸差异。
9. 三者之间保持自然距离，没有某个对象被极端隔离。
10. 对象具有基本共同空间，例如共享地面、位置关系能够形成一个完整场景。"
dataset/HTP/02/01/02_01_00_0102.jpg,02,01,01,0.053403324903538434,"【支持正常的证据】
1. 房屋、树木、人物三个核心对象均能够清楚识别，并且基本完整。
2. 三个对象在画面中的大小适中，没有全部挤在极小区域，也没有明显超出或压迫整个画面。
3. 房、树、人之间保持自然、合理的空间距离，没有明显孤立或被大片空白强行分隔。
4. 三个对象能够形成基本连贯的场景，例如共享地面、方向一致、空间位置合理，整体看起来属于同一个环境，而不是三个互不相关的符号。
5. 整体构图稳定，没有明显失衡、极端偏向某个角落或严重碎片化。
6. 线条总体连续、自然、力度相对稳定，没有大量异常断裂、极端微弱或杂乱涂画。
7. 画面具有适量细节。可以简单，但主要对象的基本结构能够表达清楚。
8. 如果存在草地、道路、太阳、云、花、地面等环境元素，并且与主体自然结合，可以作为场景完整和组织良好的积极证据。
9. 没有大面积、无明显绘画目的的异常涂黑、重阴影或局部反复强调。

【支持异常的证据】
1. 房屋、树木、人物中的一个或多个核心对象完全缺失，且无法由裁剪、遮挡或画法解释。
2. 整幅画极度简化，只剩极少线条，大量重要结构同时消失，整体信息量异常低。
3. 房、树、人整体只占巨大画布中极小区域，周围存在大量空白。
4. 三个对象之间距离极端遥远，某个对象明显孤立，或者整个场景严重碎片化。
5. 对象像漂浮在不同区域，彼此几乎没有空间联系，整体场景严重不连贯。
6. 存在大量非常微弱、间断、犹豫、僵硬或严重潦草的线条。
7. 存在异常大面积涂黑、重度阴影或某个对象被明显过度强调。"
dataset/HTP/02/01/02_01_00_0103.jpg,02,01,01,0.00857748525531428,"【支持正常的证据】
1. 房屋、树木、人物三个核心对象均能够清楚识别，并且基本完整。
2. 三个对象在画面中的大小适中，没有全部挤在极小区域，也没有明显超出或压迫整个画面。
3. 房、树、人之间保持自然、合理的空间距离，没有明显孤立或被大片空白强行分隔。
4. 三个对象能够形成基本连贯的场景，例如共享地面、方向一致、空间位置合理，整体看起来属于同一个环境，而不是三个互不相关的符号。
5. 整体构图稳定，没有明显失衡、极端偏向某个角落或严重碎片化。
6. 线条总体连续、自然、力度相对稳定，没有大量异常断裂、极端微弱或杂乱涂画。
7. 画面具有适量细节。可以简单，但主要对象的基本结构能够表达清楚。
8. 房屋、树木、人物的比例大致协调，没有极端小型化或比例失调。
9. 房屋结构稳定，主要组成部分合理，没有明显倒塌、断裂或严重几何变形。
10. 树木结构自然，没有严重截断或畸形。
11. 人物身体主要结构完整，比例不存在严重失调。
12. 整体构图稳定且场景连贯。
13. 线条自然、连续，没有异常大面积涂黑。
14. 没有明显的选择性结构缺失。
15. 即使绘画较简单，其简化方式在整幅画中保持一致。
16. 仅存在少数能够由绘画水平、年龄、风格或普通构图解释的轻微异常。

【支持异常的证据】
1. 无。"
dataset/HTP/02/01/02_01_00_0104.jpg,02,01,01,0.012431653620200803,"【支持正常的证据】
1. 房屋、树木、人物三个核心对象均能够清楚识别，并且基本完整。
2. 三个对象在画面中的大小适中，没有全部挤在极小区域，也没有明显超出或压迫整个画面。
3. 房、树、人之间保持自然、合理的空间距离，没有明显孤立或被大片空白强行分隔。
4. 三个对象能够形成基本连贯的场景，例如共享地面、方向一致、空间位置合理，整体看起来属于同一个环境。
5. 整体构图稳定，没有明显失衡、极端偏向某个角落或严重碎片化。
6. 线条总体连续、自然、力度相对稳定，没有大量异常断裂、极端微弱或杂乱涂画。
7. 画面具有适量细节。可以简单，但主要对象的基本结构能够表达清楚。
8. 房屋、树木、人物的比例大致协调，没有极端小型化或比例失调。
9. 房屋结构稳定，屋顶、墙壁等主要组成部分合理。
10. 树木结构自然，没有明显截断或畸形。
11. 人物身体主要结构完整，比例不存在严重失调。
12. 整体构图稳定且场景连贯，没有明显异常的大面积涂黑。
13. 线条自然、连续，没有异常大面积涂黑。
14. 人物身体各部分连接关系自然，没有明显断裂、错位或无法解释的结构缺失。
15. 房屋、树木和人物之间的相对大小基本合理，没有非常极端的尺寸差异。
16. 人物能够自然地处于房屋和树木形成的环境中，而不是完全脱离其他对象。

【支持异常的证据】
1. 无明显异常特征。"
dataset/HTP/02/01/02_01_00_0105.jpg,02,01,01,0.010986941578116865,"【支持正常的证据】
1. 房屋、树木、人物三个核心对象均能够清楚识别，并且基本完整。
2. 三个对象在画面中的大小适中，没有全部挤在极小区域，也没有明显超出或压迫整个画面。
3. 房、树、人之间保持自然、合理的空间距离，没有明显孤立或被大片空白强行分隔。
4. 三个对象能够形成基本连贯的场景，例如共享地面、方向一致、空间位置合理，整体看起来属于同一个环境，而不是三个互不相关的符号。
5. 整体构图稳定，没有明显失衡、极端偏向某个角落或严重碎片化。
6. 线条总体连续、自然、力度相对稳定，没有大量异常断裂、极端微弱或杂乱涂画。
7. 画面具有适量细节。可以简单，但主要对象的基本结构能够表达清楚。
8. 房屋、树木、人物的比例大致协调，没有极端小型化或比例失调。
9. 房屋、树木和人物之间的相对大小基本合理，没有非常极端的尺寸差异。
10. 人物身体主要结构完整，比例不存在严重失调。
11. 整体构图稳定且场景连贯，没有明显异常的大面积涂黑。
12. 人物和房屋、树木之间保持自然距离，没有极端隔离。
13. 画面存在多个相互独立的正常积极特征，如房屋结构稳定、树木结构自然、人物身体完整等。

【支持异常的证据】
1. 无明显异常特征。"
dataset/HTP/02/01/02_01_00_0106.jpg,02,01,01,0.014063626423394072,"【支持正常的证据】
1. 房屋、树木、人物三个核心对象均能够清楚识别，并且基本完整。
2. 三个对象在画面中的大小适中，没有全部挤在极小区域，也没有明显超出或压迫整个画面。
3. 房、树、人之间保持自然、合理的空间距离，没有明显孤立或被大片空白强行分隔。
4. 三个对象能够形成基本连贯的场景，例如共享地面、方向一致、空间位置合理，整体看起来属于同一个环境。
5. 整体构图稳定，没有明显失衡、极端偏向某个角落或严重碎片化。
6. 线条总体连续、自然、力度相对稳定，没有大量异常断裂、极端微弱或杂乱涂画。
7. 画面具有适量细节。可以简单，但主要对象的基本结构能够表达清楚。
8. 房屋、树木、人物的比例大致协调，没有极端小型化或比例失调。
9. 房屋、树木和人物之间的关系自然，没有极端隔离或空间断开。
10. 整体场景连贯，没有大面积异常涂黑或阴影。

【支持异常的证据】
1. 无明显异常特征。"
dataset/HTP/02/01/02_01_00_0107.jpg,02,01,01,0.07585817323116976,"【支持正常的证据】
1. 房屋、树木、人物三个核心对象均能够清楚识别，并且基本完整。
2. 三个对象在画面中的大小适中，没有全部挤在极小区域，也没有明显超出或压迫整个画面。
3. 房、树、人之间保持自然、合理的空间距离，没有明显孤立或被大片空白强行分隔。
4. 三个对象能够形成基本连贯的场景，例如共享地面、方向一致、空间位置合理，整体看起来属于同一个环境，而不是三个互不相关的符号。
5. 整体构图稳定，没有明显失衡、极端偏向某个角落或严重碎片化。
6. 线条总体连续、自然、力度相对稳定，没有大量异常断裂、极端微弱或杂乱涂画。
7. 画面具有适量细节。可以简单，但主要对象的基本结构能够表达清楚。
8. 没有大面积、无明显绘画目的的异常涂黑、重阴影或局部反复强调。

【支持异常的证据】
1. 房屋、树木、人物中的一个或多个核心对象完全缺失，且无法由裁剪、遮挡或画法解释。
2. 整幅画极度简化，只剩极少线条，大量重要结构同时消失，整体信息量异常低。
3. 房、树、人整体只占巨大画布中极小区域，周围存在大量空白。
4. 三个对象之间距离极端遥远，某个对象明显孤立，或者整个场景严重碎片化。
5. 对象像漂浮在不同区域，彼此几乎没有空间联系，整体场景严重不连贯。
6. 存在大量非常微弱、间断、犹豫、僵硬或严重潦草的线条。
7. 存在异常大面积涂黑、重度阴影或某个对象被明显过度强调。"
dataset/HTP/02/01/02_01_00_0108.jpg,02,01,01,0.04742587351415913,"【支持正常的证据】
1. 房屋、树木、人物三个核心对象均能够清楚识别，并且基本完整。
2. 三个对象在画面中的大小适中，没有全部挤在极小区域，也没有明显超出或压迫整个画面。
3. 房、树、人之间保持自然、合理的空间距离，没有明显孤立或被大片空白强行分隔。
4. 三个对象能够形成基本连贯的场景，例如共享地面、方向一致、空间位置合理，整体看起来属于同一个环境，而不是三个互不相关的符号。
5. 整体构图稳定，没有明显失衡、极端偏向某个角落或严重碎片化。
6. 线条总体连续、自然、力度相对稳定，没有大量异常断裂、极端微弱或杂乱涂画。
7. 画面具有适量细节。可以简单，但主要对象的基本结构能够表达清楚。
8. 如果存在草地、道路、太阳、云、花、地面等环境元素，并且与主体自然结合，可以作为场景完整和组织良好的积极证据。
9. 没有大面积、无明显绘画目的的异常涂黑、重阴影或局部反复强调。

【支持异常的证据】
1. 房屋结构较完整、可见方向正常，但明显选择性缺少门。
2. 房屋相对于画布以及其他对象极端微小或被严重边缘化。
3. 树木相对于其他主体和画布极端微小。
4. 人物头部、躯干、手臂和腿等主要身体结构基本完整，但存在轻微比例失调。
5. 房屋、树木和人物之间距离极端遥远，某个对象明显孤立，或者整个场景严重碎片化。"
dataset/HTP/02/01/02_01_00_0109.jpg,02,01,01,0.009708474753363424,"【支持正常的证据】
1. 房屋、树木、人物三个核心对象均能够清楚识别，并且基本完整。
2. 三个对象在画面中的大小适中，没有全部挤在极小区域，也没有明显超出或压迫整个画面。
3. 房、树、人之间保持自然、合理的空间距离，没有明显孤立或被大片空白强行分隔。
4. 三个对象能够形成基本连贯的场景，例如共享地面、方向一致、空间位置合理，整体看起来属于同一个环境，而不是三个互不相关的符号。
5. 整体构图稳定，没有明显失衡、极端偏向某个角落或严重碎片化。
6. 线条总体连续、自然、力度相对稳定，没有大量异常断裂、极端微弱或杂乱涂画。
7. 画面具有适量细节。可以简单，但主要对象的基本结构能够表达清楚。
8. 房屋、树木、人物的比例大致协调，没有极端小型化或比例失调。
9. 房屋、树木和人物之间的关系自然，没有极端隔离或空间关系异常。
10. 整体构图稳定且场景连贯，没有大面积异常涂黑或极端小型化。

【支持异常的证据】
1. 无明显异常特征。"
dataset/HTP/02/01/02_01_00_0110.jpg,02,01,01,0.00857748525531428,"【支持正常的证据】
1. 房屋、树木、人物三个核心对象均能够清楚识别，并且基本完整。
2. 三个对象在画面中的大小适中，没有全部挤在极小区域，也没有明显超出或压迫整个画面。
3. 房、树、人之间保持自然、合理的空间距离，没有明显孤立或被大片空白强行分隔。
4. 三个对象能够形成基本连贯的场景，例如共享地面、方向一致、空间位置合理，整体看起来属于同一个环境，而不是三个互不相关的符号。
5. 整体构图稳定，没有明显失衡、极端偏向某个角落或严重碎片化。
6. 线条总体连续、自然、力度相对稳定，没有大量异常断裂、极端微弱或杂乱涂画。
7. 画面具有适量细节。可以简单，但主要对象的基本结构能够表达清楚。
8. 房屋、树木、人物的比例大致协调，没有极端小型化或比例失调。
9. 房屋结构稳定，主要组成部分合理，没有明显倒塌、断裂或严重几何变形。
10. 树木结构自然，没有严重截断或畸形。
11. 人物身体主要结构完整，比例不存在严重失调。
12. 整体构图稳定且场景连贯。
13. 线条自然、连续，没有异常大面积涂黑。
14. 没有明显的选择性结构缺失。
15. 仅存在少数能够由绘画水平、年龄、风格或普通构图解释的轻微异常。

【支持异常的证据】
1. 无明显异常特征。"
dataset/HTP/02/01/02_01_00_0111.jpg,02,01,01,0.010986941578116865,"【支持正常的证据】
1. 房屋、树木、人物三个核心对象均能够清楚识别，并且基本完整。
2. 三个对象在画面中的大小适中，没有全部挤在极小区域，也没有明显超出或压迫整个画面。
3. 房、树、人之间保持自然、合理的空间距离，没有明显孤立或被大片空白强行分隔。
4. 三个对象能够形成基本连贯的场景，例如共享地面、方向一致、空间位置合理，整体看起来属于同一个环境，而不是三个互不相关的符号。
5. 整体构图稳定，没有明显失衡、极端偏向某个角落或严重碎片化。
6. 线条总体连续、自然、力度相对稳定，没有大量异常断裂、极端微弱或杂乱涂画。
7. 画面具有适量细节。可以简单，但主要对象的基本结构能够表达清楚。
8. 房屋、树木、人物的比例大致协调，没有极端小型化或比例失调。
9. 房屋结构稳定，屋顶、烟囱、窗户等细节自然、适量并与房屋结构协调。
10. 树木结构自然，树干和树冠之间连接自然，比例基本合理。
11. 人物头部、躯干、手臂和腿等主要身体结构基本完整，连接关系自然。
12. 人物大小与房屋、树木和整个画布基本协调，不存在极端小型化。
13. 整体构图稳定且场景连贯，没有明显异常的大面积涂黑、极端小型化或异常隔离。
14. 人物身体主要结构完整，比例不存在严重失调。
15. 房屋、树木和人物之间的相对大小基本合理，没有非常极端的尺寸差异。
16. 人物能够自然地处于房屋和树木形成的环境中，而不是完全脱离其他对象。

【支持异常的证据】
1. 无。"
dataset/HTP/02/01/02_01_00_0112.jpg,02,01,01,0.03732688948593843,"【支持正常的证据】
1. 房屋、树木、人物三个核心对象均能够清楚识别，并且基本完整。
2. 三个对象在画面中的大小适中，没有全部挤在极小区域，也没有明显超出或压迫整个画面。
3. 房、树、人之间保持自然、合理的空间距离，没有明显孤立或被大片空白强行分隔。
4. 三个对象能够形成基本连贯的场景，例如共享地面、方向一致、空间位置合理，整体看起来属于同一个环境。
5. 整体构图稳定，没有明显失衡、极端偏向某个角落或严重碎片化。
6. 线条总体连续、自然、力度相对稳定，没有大量异常断裂、极端微弱或杂乱涂画。
7. 画面具有适量细节。可以简单，但主要对象的基本结构能够表达清楚。
8. 房屋、树木、人物的比例大致协调，没有极端小型化或比例失调。
9. 房屋结构稳定，屋顶、墙壁等主要组成部分合理。
10. 树木结构自然，没有明显截断或畸形。
11. 人物身体主要结构完整，比例不存在严重失调。
12. 整体构图稳定且场景连贯，没有明显异常的大面积涂黑。
13. 线条自然、连续，没有异常大面积涂黑。
14. 没有明显的选择性结构缺失。
15. 仅存在少数能够由绘画水平、年龄、风格或普通构图解释的轻微异常。

【支持异常的证据】
1. 人物头部、躯干、手臂和腿等主要身体结构基本完整，但存在一些细节不足。
2. 房屋结构较为完整，但存在一些细节不足，如窗户未完全描绘。
3. 树木结构自然，但存在一些细节不足，如树枝未完全描绘。
4. 人物比例存在轻微失调，但整体结构合理。
5. 房屋、树木和人物之间的空间关系自然，但存在一些细节不足。
6. 线条自然、连续，但存在一些细节不足。"
dataset/HTP/02/01/02_01_00_0113.jpg,02,01,01,0.012431653620200803,"【支持正常的证据】
1. 房屋、树木、人物三个核心对象均能够清楚识别，并且基本完整。
2. 三个对象在画面中的大小适中，没有全部挤在极小区域，也没有明显超出或压迫整个画面。
3. 房、树、人之间保持自然、合理的空间距离，没有明显孤立或被大片空白强行分隔。
4. 三个对象能够形成基本连贯的场景，例如共享地面、方向一致、空间位置合理，整体看起来属于同一个环境。
5. 整体构图稳定，没有明显失衡、极端偏向某个角落或严重碎片化。
6. 线条总体连续、自然、力度相对稳定，没有大量异常断裂、极端微弱或杂乱涂画。
7. 画面具有适量细节。可以简单，但主要对象的基本结构能够表达清楚。
8. 房屋、树木、人物的比例大致协调，没有极端小型化或比例失调。
9. 房屋结构稳定，没有明显倒塌、断裂或严重几何变形。
10. 树木结构自然，没有明显截断或畸形。
11. 人物身体主要结构完整，比例不存在严重失调。
12. 整体构图稳定且场景连贯。
13. 线条自然、连续，没有异常大面积涂黑。
14. 没有明显的选择性结构缺失。
15. 仅存在少数能够由绘画水平、年龄、风格或普通构图解释的轻微异常。

【支持异常的证据】
1. 无。"
dataset/HTP/02/01/02_01_00_0114.jpg,02,01,01,0.010986941578116865,"【支持正常的证据】
1. 房屋、树木、人物三个核心对象均能够清楚识别，并且基本完整。
2. 三个对象在画面中的大小适中，没有全部挤在极小区域，也没有明显超出或压迫整个画面。
3. 房、树、人之间保持自然、合理的空间距离，没有明显孤立或被大片空白强行分隔。
4. 三个对象能够形成基本连贯的场景，例如共享地面、方向一致、空间位置合理，整体看起来属于同一个环境。
5. 整体构图稳定，没有明显失衡、极端偏向某个角落或严重碎片化。
6. 线条总体连续、自然、力度相对稳定，没有大量异常断裂、极端微弱或杂乱涂画。
7. 画面具有适量细节。可以简单，但主要对象的基本结构能够表达清楚。
8. 房屋、树木、人物的比例大致协调，没有极端小型化或比例失调。
9. 房屋、树木和人物的相对大小基本合理，没有非常极端的尺寸差异。
10. 人物身体主要结构完整，比例不存在严重失调。
11. 整体构图稳定且场景连贯，没有明显异常的大面积涂黑。
12. 人物和房屋、树木之间保持自然距离，没有极端隔离。
13. 画面中存在少量细节，如窗户、烟囱、树枝等，与主体自然结合。

【支持异常的证据】
1. 无。"
dataset/HTP/02/01/02_01_00_0115.jpg,02,01,01,0.010986941578116865,"【支持正常的证据】
1. 房屋、树木、人物三个核心对象均能够清楚识别，并且基本完整。
2. 三个对象在画面中的大小适中，没有全部挤在极小区域，也没有明显超出或压迫整个画面。
3. 房、树、人之间保持自然、合理的空间距离，没有明显孤立或被大片空白强行分隔。
4. 三个对象能够形成基本连贯的场景，例如共享地面、方向一致、空间位置合理，整体看起来属于同一个环境，而不是三个互不相关的符号。
5. 整体构图稳定，没有明显失衡、极端偏向某个角落或严重碎片化。
6. 线条总体连续、自然、力度相对稳定，没有大量异常断裂、极端微弱或杂乱涂画。
7. 画面具有适量细节。可以简单，但主要对象的基本结构能够表达清楚。
8. 房屋、树木、人物的比例大致协调，没有极端小型化或比例失调。
9. 整体场景连贯，没有明显选择性结构缺失。
10. 线条自然、连续，没有异常大面积涂黑。

【支持异常的证据】
1. 无明显异常特征。"
dataset/HTP/02/01/02_01_00_0116.jpg,02,01,01,0.010986941578116865,"【支持正常的证据】
1. 房屋、树木、人物三个核心对象均能够清楚识别，并且基本完整。
2. 三个对象在画面中的大小适中，没有全部挤在极小区域，也没有明显超出或压迫整个画面。
3. 房、树、人之间保持自然、合理的空间距离，没有明显孤立或被大片空白强行分隔。
4. 三个对象能够形成基本连贯的场景，例如共享地面、方向一致、空间位置合理，整体看起来属于同一个环境。
5. 整体构图稳定，没有明显失衡、极端偏向某个角落或严重碎片化。
6. 线条总体连续、自然、力度相对稳定，没有大量异常断裂、极端微弱或杂乱涂画。
7. 画面具有适量细节。可以简单，但主要对象的基本结构能够表达清楚。
8. 房屋、树木、人物的比例大致协调，没有极端小型化或比例失调。
9. 房屋结构稳定，主要组成部分合理，没有明显倒塌、断裂或严重几何变形。
10. 树木结构自然，没有严重截断或畸形。
11. 人物身体主要结构完整，比例不存在严重失调。
12. 整体构图稳定且场景连贯。
13. 线条自然、连续，没有异常大面积涂黑。
14. 没有明显的选择性结构缺失。
15. 仅存在少数能够由绘画水平、年龄、风格或普通构图解释的轻微异常。

【支持异常的证据】
1. 无。"
