Algorithm: Arith
Physical GPU: 2
Seeds: [0, 1, 2, 3, 4]
Dataset: /home/s21_yhr/lzh/new/DomainBed-new/dataset/PACS

================================================================================
Starting Arith, seed=0, physical GPU=2
/home/s21_yhr/miniconda3/envs/GGA/bin/python /home/s21_yhr/lzh/new/DomainBed-new/train_all.py PACS_Arith_seed0 --dataset PACS --data_dir /home/s21_yhr/lzh/new/DomainBed-new/dataset --algorithm Arith --steps 5000 --checkpoint_freq 200 --batch_size 32 --optimizer adam --lr 5e-5 --weight_decay 0 --resnet_dropout 0 --resnet18 False --pretrained True --freeze_bn True --swad False --seed 0 --trial_seed 0 --deterministic --cache disk --prebuild_loader --image_size 224 --arith_meta_lr 0.01
================================================================================
[36mINFO[0m 08/06 19:13:24 | Command :: /home/s21_yhr/lzh/new/DomainBed-new/train_all.py PACS_Arith_seed0 --dataset PACS --data_dir /home/s21_yhr/lzh/new/DomainBed-new/dataset --algorithm Arith --steps 5000 --checkpoint_freq 200 --batch_size 32 --optimizer adam --lr 5e-5 --weight_decay 0 --resnet_dropout 0 --resnet18 False --pretrained True --freeze_bn True --swad False --seed 0 --trial_seed 0 --deterministic --cache disk --prebuild_loader --image_size 224 --arith_meta_lr 0.01
Environment:
	Python: 3.11.15
	PyTorch: 2.11.0+cu128
	Torchvision: 0.26.0+cu128
	CUDA: 12.8
	CUDNN: 91900
	NumPy: 1.26.4
	PIL: 12.2.0
Args:
	algorithm: Arith
	batch_size: 32
	cache: disk
	cache_root: cache
	cache_size: None
	checkpoint_freq: 200
	configs: []
	data_dir: /home/s21_yhr/lzh/new/DomainBed-new/dataset
	dataset: PACS
	debug: False
	deterministic: True
	end_step: 200
	evalmode: fast
	extra_search: n
	extra_search_end: None
	extra_search_start: None
	gga_l_gamma: 0.001
	grad_fn: sum
	holdout_fraction: 0.2
	model_save: None
	name: PACS_Arith_seed0
	neighborhoodSize: 1e-06
	out_dir: train_output/PACS/260806_19-13-24_PACS_Arith_seed0
	out_root: train_output/PACS
	prebuild_loader: True
	q_steps: 2000
	quant: 0
	resize_mode: stretch
	saliency: False
	saliency_cmap: jet
	saliency_every: 0
	saliency_noise: 0.15
	saliency_num: 16
	saliency_samples: 25
	saliency_split: test_in
	seed: 0
	show: False
	start_step: 100
	steps: 5000
	tb_freq: 10
	test_envs: None
	train_output: train_output
	trial_seed: 0
	unique_name: 260806_19-13-24_PACS_Arith_seed0
	work_dir: .
HParams:
	data_augmentation: True
	val_augment: False
	[36mresnet18: False
	[0m[36mresnet_dropout: 0
	[0mclass_balanced: False
	[36moptimizer: adam
	[0m[36mfreeze_bn: True
	[0m[36mpretrained: True
	[0m[36mimage_size: 224
	[0m[36mlr: 5e-05
	[0mbatch_size: 32
	[36mweight_decay: 0
	[0m[36marith_meta_lr: 0.01
	[0m[36mswad: False
	[0mswad_kwargs: 
	  n_converge: 3
	  n_tolerance: 6
	  tolerance_ratio: 0.3
	test_batchsize: 128
	indomain_test: False
	grad_fn: sum
	extra_search: n
	logdir: train_output/PACS/260806_19-13-24_PACS_Arith_seed0
	neighborhoodSize: 1e-06
	start_step: 100
	end_step: 200
	extra_search_start: None
	extra_search_end: None
	gga_l_gamma: 0.001
Dataset:
	[PACS] #envs=4, #classes=7
	env0: art_painting (#2048)
	env1: cartoon (#2344)
	env2: photo (#1670)
	env3: sketch (#3929)

[36mINFO[0m 08/06 19:13:24 | n_steps = 5000
[36mINFO[0m 08/06 19:13:24 | checkpoint_freq = 200
[36mINFO[0m 08/06 19:13:24 | n_steps is updated to 5000 => 5001 for checkpointing
[36mINFO[0m 08/06 19:13:24 | Target test envs = [[0], [1], [2], [3]]
[36mINFO[0m 08/06 19:13:24 | 
[36mINFO[0m 08/06 19:13:25 | Testenv name escaping te_art_painting -> te_art_painting
[36mINFO[0m 08/06 19:13:25 | Test envs = [0], name = te_art_painting
[36mINFO[0m 08/06 19:13:25 | Batch sizes for each domain: [0, 32, 32, 32] (total=96)
[36mINFO[0m 08/06 19:13:25 | steps-per-epoch for each domain: 58.62, 41.75, 98.25 -> min = 41.75
/home/s21_yhr/miniconda3/envs/GGA/lib/python3.11/site-packages/torchvision/models/_utils.py:208: UserWarning: The parameter 'pretrained' is deprecated since 0.13 and may be removed in the future, please use 'weights' instead.
  warnings.warn(
/home/s21_yhr/miniconda3/envs/GGA/lib/python3.11/site-packages/torchvision/models/_utils.py:223: UserWarning: Arguments other than a weight enum or `None` for 'weights' are deprecated since 0.13 and may be removed in the future. The current behavior is equivalent to passing `weights=ResNet50_Weights.IMAGENET1K_V1`. You can also use `weights=ResNet50_Weights.DEFAULT` to get the most up-to-date weights.
  warnings.warn(msg)
[36mINFO[0m 08/06 19:13:30 | # of params = 23522375
[36mINFO[0m 08/06 19:13:35 | test_in     test_out    train_in    train_out   test_in_au  test_out_a  train_out_  tr_outloss  env0_in     env0_in_au  env0_out    env0_out_a  env1_out    env1_out_a  env2_out    env2_out_a  env3_out    env3_out_a  step        epoch       loss        step_time   eval_time   mem_gb     
[36mINFO[0m 08/06 19:13:35 | 0.323978    0.327628    0.000000    0.338025    nan         nan         nan         1.817046    0.323978    nan         0.327628    nan         0.269231    nan         0.535928    nan         0.208917    nan         0           0.000000    1.958965    1.012322    4.711877    3.019576   
[36mINFO[0m 08/06 19:14:38 | 0.854179    0.858191    0.000000    0.952681    nan         nan         nan         0.141636    0.854179    nan         0.858191    nan         0.946581    nan         0.970060    nan         0.941401    nan         200         4.790419    0.413144    0.291884    4.568245    3.290771   
[36mINFO[0m 08/06 19:15:40 | 0.810860    0.831296    0.000000    0.968040    nan         nan         nan         0.092164    0.810860    nan         0.831296    nan         0.963675    nan         0.985030    nan         0.955414    nan         400         9.580838    0.102770    0.286305    4.543573    3.290771   
[36mINFO[0m 08/06 19:16:41 | 0.829164    0.836186    0.000000    0.959800    nan         nan         nan         0.122602    0.829164    nan         0.836186    nan         0.959402    nan         0.976048    nan         0.943949    nan         600         14.371257   0.121458    0.281551    4.711600    3.290771   
[36mINFO[0m 08/06 19:17:40 | 0.847468    0.845966    0.000000    0.966055    nan         nan         nan         0.101775    0.847468    nan         0.845966    nan         0.965812    nan         0.982036    nan         0.950318    nan         800         19.161677   0.054097    0.268949    5.334164    3.290771   
[36mINFO[0m 08/06 19:18:42 | 0.863941    0.863081    0.000000    0.965218    nan         nan         nan         0.125395    0.863941    nan         0.863081    nan         0.967949    nan         0.985030    nan         0.942675    nan         1000        23.952096   0.037372    0.282503    4.683077    3.290771   
[36mINFO[0m 08/06 19:19:43 | 0.857230    0.833741    0.000000    0.960224    nan         nan         nan         0.128698    0.857230    nan         0.833741    nan         0.959402    nan         0.976048    nan         0.945223    nan         1200        28.742515   0.036563    0.283839    4.692322    3.290771   
[36mINFO[0m 08/06 19:20:45 | 0.829774    0.841076    0.000000    0.961073    nan         nan         nan         0.108504    0.829774    nan         0.841076    nan         0.959402    nan         0.976048    nan         0.947771    nan         1400        33.532934   0.041219    0.286322    4.671150    3.290771   
[36mINFO[0m 08/06 19:21:47 | 0.776693    0.799511    0.000000    0.964042    nan         nan         nan         0.161973    0.776693    nan         0.799511    nan         0.950855    nan         0.982036    nan         0.959236    nan         1600        38.323353   0.021315    0.284987    4.696636    3.290771   
[36mINFO[0m 08/06 19:22:48 | 0.820012    0.831296    0.000000    0.969593    nan         nan         nan         0.108117    0.820012    nan         0.831296    nan         0.972222    nan         0.976048    nan         0.960510    nan         1800        43.113772   0.028868    0.283245    4.658485    3.290771   
[36mINFO[0m 08/06 19:23:49 | 0.840757    0.845966    0.000000    0.963895    nan         nan         nan         0.115301    0.840757    nan         0.845966    nan         0.955128    nan         0.976048    nan         0.960510    nan         2000        47.904192   0.018153    0.282706    4.754014    3.290771   
[36mINFO[0m 08/06 19:24:52 | 0.820012    0.816626    0.000000    0.964733    nan         nan         nan         0.113803    0.820012    nan         0.816626    nan         0.952991    nan         0.973054    nan         0.968153    nan         2200        52.694611   0.019882    0.285604    5.211492    3.290771   
[36mINFO[0m 08/06 19:25:51 | 0.822453    0.833741    0.000000    0.968904    nan         nan         nan         0.126063    0.822453    nan         0.833741    nan         0.974359    nan         0.982036    nan         0.950318    nan         2400        57.485030   0.017934    0.272555    4.671016    3.290771   
[36mINFO[0m 08/06 19:26:53 | 0.799268    0.806846    0.000000    0.959488    nan         nan         nan         0.140068    0.799268    nan         0.806846    nan         0.952991    nan         0.970060    nan         0.955414    nan         2600        62.275449   0.017419    0.287314    4.937762    3.290771   
[36mINFO[0m 08/06 19:27:55 | 0.801098    0.833741    0.000000    0.968443    nan         nan         nan         0.115603    0.801098    nan         0.833741    nan         0.963675    nan         0.976048    nan         0.965605    nan         2800        67.065868   0.018308    0.281971    4.792299    3.290771   
[36mINFO[0m 08/06 19:28:56 | 0.760830    0.811736    0.000000    0.959790    nan         nan         nan         0.129620    0.760830    nan         0.811736    nan         0.961538    nan         0.970060    nan         0.947771    nan         3000        71.856287   0.030226    0.280831    4.802883    3.290771   
[36mINFO[0m 08/06 19:29:57 | 0.738865    0.748166    0.000000    0.968865    nan         nan         nan         0.147105    0.738865    nan         0.748166    nan         0.959402    nan         0.979042    nan         0.968153    nan         3200        76.646707   0.012937    0.281095    4.966644    3.290771   
[36mINFO[0m 08/06 19:30:57 | 0.793167    0.823961    0.000000    0.971145    nan         nan         nan         0.096152    0.793167    nan         0.823961    nan         0.976496    nan         0.970060    nan         0.966879    nan         3400        81.437126   0.014165    0.277028    4.751405    3.290771   
[36mINFO[0m 08/06 19:31:57 | 0.794387    0.806846    0.000000    0.958367    nan         nan         nan         0.181564    0.794387    nan         0.806846    nan         0.961538    nan         0.967066    nan         0.946497    nan         3600        86.227545   0.012670    0.276345    4.819939    3.290771   
[36mINFO[0m 08/06 19:32:58 | 0.804759    0.811736    0.000000    0.954982    nan         nan         nan         0.184909    0.804759    nan         0.811736    nan         0.963675    nan         0.970060    nan         0.931210    nan         3800        91.017964   0.018592    0.281006    4.648079    3.290771   
[36mINFO[0m 08/06 19:34:01 | 0.814521    0.826406    0.000000    0.967456    nan         nan         nan         0.138746    0.814521    nan         0.826406    nan         0.965812    nan         0.976048    nan         0.960510    nan         4000        95.808383   0.011815    0.287671    5.543148    3.290771   
[36mINFO[0m 08/06 19:35:02 | 0.738255    0.753056    0.000000    0.958803    nan         nan         nan         0.161335    0.738255    nan         0.753056    nan         0.963675    nan         0.970060    nan         0.942675    nan         4200        100.598802  0.013782    0.279368    4.662699    3.290771   
[36mINFO[0m 08/06 19:36:02 | 0.805979    0.819071    0.000000    0.960649    nan         nan         nan         0.157096    0.805979    nan         0.819071    nan         0.959402    nan         0.976048    nan         0.946497    nan         4400        105.389222  0.013625    0.280912    4.652538    3.290771   
[36mINFO[0m 08/06 19:37:03 | 0.815741    0.823961    0.000000    0.966191    nan         nan         nan         0.159975    0.815741    nan         0.823961    nan         0.959402    nan         0.985030    nan         0.954140    nan         4600        110.179641  0.013784    0.281728    4.676724    3.290771   
[36mINFO[0m 08/06 19:38:03 | 0.816351    0.828851    0.000000    0.959487    nan         nan         nan         0.200969    0.816351    nan         0.828851    nan         0.948718    nan         0.973054    nan         0.956688    nan         4800        114.970060  0.011707    0.276596    4.696595    3.290771   
[36mINFO[0m 08/06 19:39:05 | 0.794387    0.816626    0.000000    0.960338    nan         nan         nan         0.170400    0.794387    nan         0.816626    nan         0.952991    nan         0.970060    nan         0.957962    nan         5000        119.760479  0.014641    0.278288    5.530239    3.290771   
[36mINFO[0m 08/06 19:39:05 | ---
[36mINFO[0m 08/06 19:39:05 | oracle = 86.394%
[36mINFO[0m 08/06 19:39:05 | iid = 79.317%
[36mINFO[0m 08/06 19:39:05 | last = 79.439%
[36mINFO[0m 08/06 19:39:05 | last (inD) = 96.034%
[36mINFO[0m 08/06 19:39:05 | iid (inD) = 97.114%
[36mINFO[0m 08/06 19:39:06 | 
[36mINFO[0m 08/06 19:39:06 | Testenv name escaping te_cartoon -> te_cartoon
[36mINFO[0m 08/06 19:39:06 | Test envs = [1], name = te_cartoon
[36mINFO[0m 08/06 19:39:06 | Batch sizes for each domain: [32, 0, 32, 32] (total=96)
[36mINFO[0m 08/06 19:39:06 | steps-per-epoch for each domain: 51.22, 41.75, 98.25 -> min = 41.75
[36mINFO[0m 08/06 19:39:12 | # of params = 23522375
[36mINFO[0m 08/06 19:39:17 | test_in     test_out    train_in    train_out   test_in_au  train_out_  tr_outloss  test_out_a  env0_out    env0_out_a  env1_in     env1_in_au  env1_out    env1_out_a  env2_out    env2_out_a  env3_out    env3_out_a  step        epoch       loss        step_time   eval_time   mem_gb     
[36mINFO[0m 08/06 19:39:17 | 0.250000    0.282051    0.000000    0.264505    nan         nan         1.874262    nan         0.237164    nan         0.250000    nan         0.282051    nan         0.365269    nan         0.191083    nan         0           0.000000    2.032982    0.347189    4.894257    3.019454   
[36mINFO[0m 08/06 19:40:19 | 0.784648    0.811966    0.000000    0.954036    nan         nan         0.125237    nan         0.943765    nan         0.784648    nan         0.811966    nan         0.982036    nan         0.936306    nan         200         4.790419    0.416136    0.280731    5.939009    3.288574   
[36mINFO[0m 08/06 19:41:22 | 0.730810    0.769231    0.000000    0.952133    nan         nan         0.150063    nan         0.946210    nan         0.730810    nan         0.769231    nan         0.970060    nan         0.940127    nan         400         9.580838    0.191308    0.289403    4.958799    3.288574   
[36mINFO[0m 08/06 19:42:22 | 0.731876    0.756410    0.000000    0.960439    nan         nan         0.136291    nan         0.941320    nan         0.731876    nan         0.756410    nan         0.982036    nan         0.957962    nan         600         14.371257   0.097561    0.274968    4.882344    3.288574   
[36mINFO[0m 08/06 19:43:19 | 0.816631    0.844017    0.000000    0.956642    nan         nan         0.146835    nan         0.948655    nan         0.816631    nan         0.844017    nan         0.976048    nan         0.945223    nan         800         19.161677   0.049195    0.262434    4.881704    3.288574   
[36mINFO[0m 08/06 19:44:20 | 0.755864    0.792735    0.000000    0.964639    nan         nan         0.118837    nan         0.946210    nan         0.755864    nan         0.792735    nan         0.991018    nan         0.956688    nan         1000        23.952096   0.039108    0.280205    4.858002    3.288574   
[36mINFO[0m 08/06 19:45:22 | 0.778785    0.811966    0.000000    0.950698    nan         nan         0.166044    nan         0.936430    nan         0.778785    nan         0.811966    nan         0.964072    nan         0.951592    nan         1200        28.742515   0.083870    0.283268    4.948426    3.288574   
[36mINFO[0m 08/06 19:46:25 | 0.807036    0.814103    0.000000    0.963057    nan         nan         0.136934    nan         0.955990    nan         0.807036    nan         0.814103    nan         0.979042    nan         0.954140    nan         1400        33.532934   0.031218    0.288207    5.777053    3.288574   
[36mINFO[0m 08/06 19:47:26 | 0.758529    0.782051    0.000000    0.951918    nan         nan         0.148485    nan         0.958435    nan         0.758529    nan         0.782051    nan         0.952096    nan         0.945223    nan         1600        38.323353   0.031110    0.278333    4.962594    3.288574   
[36mINFO[0m 08/06 19:48:26 | 0.726546    0.754274    0.000000    0.951501    nan         nan         0.173539    nan         0.941320    nan         0.726546    nan         0.754274    nan         0.973054    nan         0.940127    nan         1800        43.113772   0.022936    0.279166    4.986233    3.288574   
[36mINFO[0m 08/06 19:49:28 | 0.788380    0.794872    0.000000    0.941174    nan         nan         0.228125    nan         0.926650    nan         0.788380    nan         0.794872    nan         0.949102    nan         0.947771    nan         2000        47.904192   0.050751    0.280449    5.182964    3.288574   
[36mINFO[0m 08/06 19:50:29 | 0.705757    0.726496    0.000000    0.942630    nan         nan         0.233381    nan         0.936430    nan         0.705757    nan         0.726496    nan         0.964072    nan         0.927389    nan         2200        52.694611   0.028253    0.282447    5.030646    3.288574   
[36mINFO[0m 08/06 19:51:31 | 0.816631    0.824786    0.000000    0.963113    nan         nan         0.144246    nan         0.953545    nan         0.816631    nan         0.824786    nan         0.988024    nan         0.947771    nan         2400        57.485030   0.021268    0.283817    5.005404    3.288574   
[36mINFO[0m 08/06 19:52:34 | 0.811301    0.833333    0.000000    0.956632    nan         nan         0.169375    nan         0.958435    nan         0.811301    nan         0.833333    nan         0.970060    nan         0.941401    nan         2600        62.275449   0.017431    0.283518    5.741492    3.288574   
[36mINFO[0m 08/06 19:53:35 | 0.809701    0.816239    0.000000    0.962977    nan         nan         0.154976    nan         0.951100    nan         0.809701    nan         0.816239    nan         0.976048    nan         0.961783    nan         2800        67.065868   0.030373    0.281900    4.964642    3.288574   
[36mINFO[0m 08/06 19:54:36 | 0.723881    0.743590    0.000000    0.947370    nan         nan         0.211634    nan         0.931540    nan         0.723881    nan         0.743590    nan         0.964072    nan         0.946497    nan         3000        71.856287   0.072873    0.279962    5.261157    3.288574   
[36mINFO[0m 08/06 19:55:37 | 0.751066    0.777778    0.000000    0.954175    nan         nan         0.175387    nan         0.941320    nan         0.751066    nan         0.777778    nan         0.967066    nan         0.954140    nan         3200        76.646707   0.027629    0.277730    5.273878    3.288574   
[36mINFO[0m 08/06 19:56:37 | 0.786247    0.816239    0.000000    0.969048    nan         nan         0.108617    nan         0.963325    nan         0.786247    nan         0.816239    nan         0.982036    nan         0.961783    nan         3400        81.437126   0.015325    0.275364    4.982378    3.288574   
[36mINFO[0m 08/06 19:57:39 | 0.791578    0.792735    0.000000    0.953419    nan         nan         0.194911    nan         0.943765    nan         0.791578    nan         0.792735    nan         0.961078    nan         0.955414    nan         3600        86.227545   0.012580    0.285400    4.918385    3.288574   
[36mINFO[0m 08/06 19:58:40 | 0.793710    0.822650    0.000000    0.952557    nan         nan         0.162866    nan         0.946210    nan         0.793710    nan         0.822650    nan         0.970060    nan         0.941401    nan         3800        91.017964   0.015749    0.280932    4.909052    3.288574   
[36mINFO[0m 08/06 19:59:41 | 0.770789    0.799145    0.000000    0.948873    nan         nan         0.183093    nan         0.936430    nan         0.770789    nan         0.799145    nan         0.970060    nan         0.940127    nan         4000        95.808383   0.024809    0.279658    4.983953    3.288574   
[36mINFO[0m 08/06 20:00:43 | 0.778252    0.794872    0.000000    0.961049    nan         nan         0.173147    nan         0.958435    nan         0.778252    nan         0.794872    nan         0.982036    nan         0.942675    nan         4200        100.598802  0.020545    0.285695    4.872849    3.288574   
[36mINFO[0m 08/06 20:01:44 | 0.825160    0.844017    0.000000    0.965561    nan         nan         0.154481    nan         0.968215    nan         0.825160    nan         0.844017    nan         0.973054    nan         0.955414    nan         4400        105.389222  0.014164    0.281536    4.525084    3.288574   
[36mINFO[0m 08/06 20:02:45 | 0.826759    0.839744    0.000000    0.953568    nan         nan         0.205699    nan         0.943765    nan         0.826759    nan         0.839744    nan         0.964072    nan         0.952866    nan         4600        110.179641  0.012316    0.281183    4.585274    3.288574   
[36mINFO[0m 08/06 20:03:47 | 0.785181    0.799145    0.000000    0.948231    nan         nan         0.206713    nan         0.941320    nan         0.785181    nan         0.799145    nan         0.967066    nan         0.936306    nan         4800        114.970060  0.009055    0.285408    4.573674    3.288574   
[36mINFO[0m 08/06 20:04:48 | 0.779318    0.799145    0.000000    0.946645    nan         nan         0.230701    nan         0.924205    nan         0.779318    nan         0.799145    nan         0.973054    nan         0.942675    nan         5000        119.760479  0.014626    0.281655    4.881476    3.288574   
[36mINFO[0m 08/06 20:04:48 | ---
[36mINFO[0m 08/06 20:04:48 | oracle = 81.663%
[36mINFO[0m 08/06 20:04:48 | iid = 78.625%
[36mINFO[0m 08/06 20:04:48 | last = 77.932%
[36mINFO[0m 08/06 20:04:48 | last (inD) = 94.664%
[36mINFO[0m 08/06 20:04:48 | iid (inD) = 96.905%
[36mINFO[0m 08/06 20:04:49 | 
[36mINFO[0m 08/06 20:04:49 | Testenv name escaping te_photo -> te_photo
[36mINFO[0m 08/06 20:04:49 | Test envs = [2], name = te_photo
[36mINFO[0m 08/06 20:04:49 | Batch sizes for each domain: [32, 32, 0, 32] (total=96)
[36mINFO[0m 08/06 20:04:49 | steps-per-epoch for each domain: 51.22, 58.62, 98.25 -> min = 51.22
[36mINFO[0m 08/06 20:04:55 | # of params = 23522375
[36mINFO[0m 08/06 20:05:00 | test_in     test_out    train_in    train_out   test_in_au  train_out_  tr_outloss  test_out_a  env0_out    env0_out_a  env1_out    env1_out_a  env2_in     env2_in_au  env2_out    env2_out_a  env3_out    env3_out_a  step        epoch       loss        step_time   eval_time   mem_gb     
[36mINFO[0m 08/06 20:05:00 | 0.324850    0.263473    0.000000    0.236089    nan         nan         1.894152    nan         0.195599    nan         0.222222    nan         0.324850    nan         0.263473    nan         0.290446    nan         0           0.000000    2.033656    0.330106    4.392705    3.019454   
[36mINFO[0m 08/06 20:06:00 | 0.966317    0.952096    0.000000    0.939546    nan         nan         0.163921    nan         0.933985    nan         0.957265    nan         0.966317    nan         0.952096    nan         0.927389    nan         200         3.904820    0.575760    0.282608    4.263844    3.288574   
[36mINFO[0m 08/06 20:07:01 | 0.959581    0.946108    0.000000    0.950922    nan         nan         0.152778    nan         0.941320    nan         0.963675    nan         0.959581    nan         0.946108    nan         0.947771    nan         400         7.809640    0.164429    0.282549    4.065470    3.288574   
[36mINFO[0m 08/06 20:08:01 | 0.937126    0.913174    0.000000    0.881894    nan         nan         0.337589    nan         0.845966    nan         0.888889    nan         0.937126    nan         0.913174    nan         0.910828    nan         600         11.714460   0.204549    0.280744    4.297963    3.288574   
[36mINFO[0m 08/06 20:09:03 | 0.972305    0.964072    0.000000    0.957743    nan         nan         0.142766    nan         0.951100    nan         0.974359    nan         0.972305    nan         0.964072    nan         0.947771    nan         800         15.619280   0.101227    0.288703    3.580743    3.288574   
[36mINFO[0m 08/06 20:09:54 | 0.977545    0.964072    0.000000    0.951299    nan         nan         0.180649    nan         0.933985    nan         0.959402    nan         0.977545    nan         0.964072    nan         0.960510    nan         1000        19.524100   0.046001    0.231604    4.581794    3.288574   
[36mINFO[0m 08/06 20:10:55 | 0.970808    0.952096    0.000000    0.955422    nan         nan         0.168819    nan         0.943765    nan         0.965812    nan         0.970808    nan         0.952096    nan         0.956688    nan         1200        23.428920   0.058479    0.284979    4.346813    3.288574   
[36mINFO[0m 08/06 20:11:57 | 0.957335    0.937126    0.000000    0.956401    nan         nan         0.160076    nan         0.946210    nan         0.976496    nan         0.957335    nan         0.937126    nan         0.946497    nan         1400        27.333740   0.038519    0.287503    4.356172    3.288574   
[36mINFO[0m 08/06 20:12:57 | 0.962575    0.946108    0.000000    0.957997    nan         nan         0.182621    nan         0.953545    nan         0.976496    nan         0.962575    nan         0.946108    nan         0.943949    nan         1600        31.238560   0.031480    0.276153    4.462955    3.288574   
[36mINFO[0m 08/06 20:13:57 | 0.940868    0.901198    0.000000    0.952093    nan         nan         0.203005    nan         0.938875    nan         0.965812    nan         0.940868    nan         0.901198    nan         0.951592    nan         1800        35.143380   0.028503    0.279674    4.365968    3.288574   
[36mINFO[0m 08/06 20:14:57 | 0.953593    0.955090    0.000000    0.957524    nan         nan         0.145438    nan         0.946210    nan         0.972222    nan         0.953593    nan         0.955090    nan         0.954140    nan         2000        39.048200   0.023991    0.278415    4.241721    3.288574   
[36mINFO[0m 08/06 20:15:58 | 0.958832    0.934132    0.000000    0.958052    nan         nan         0.187842    nan         0.948655    nan         0.970085    nan         0.958832    nan         0.934132    nan         0.955414    nan         2200        42.953020   0.032591    0.282693    4.735946    3.288574   
[36mINFO[0m 08/06 20:16:59 | 0.922156    0.916168    0.000000    0.944320    nan         nan         0.178608    nan         0.916870    nan         0.959402    nan         0.922156    nan         0.916168    nan         0.956688    nan         2400        46.857840   0.027790    0.284740    4.248317    3.288574   
[36mINFO[0m 08/06 20:17:59 | 0.954341    0.931138    0.000000    0.960873    nan         nan         0.141567    nan         0.958435    nan         0.963675    nan         0.954341    nan         0.931138    nan         0.960510    nan         2600        50.762660   0.022033    0.276765    4.299685    3.288574   
[36mINFO[0m 08/06 20:19:00 | 0.958084    0.961078    0.000000    0.950039    nan         nan         0.154450    nan         0.943765    nan         0.963675    nan         0.958084    nan         0.961078    nan         0.942675    nan         2800        54.667480   0.029145    0.278941    4.614139    3.288574   
[36mINFO[0m 08/06 20:20:00 | 0.950599    0.922156    0.000000    0.951737    nan         nan         0.187310    nan         0.924205    nan         0.967949    nan         0.950599    nan         0.922156    nan         0.963057    nan         3000        58.572300   0.024871    0.280567    4.326671    3.288574   
[36mINFO[0m 08/06 20:21:00 | 0.957335    0.943114    0.000000    0.961093    nan         nan         0.158305    nan         0.943765    nan         0.970085    nan         0.957335    nan         0.943114    nan         0.969427    nan         3200        62.477120   0.019036    0.279112    4.249360    3.288574   
[36mINFO[0m 08/06 20:22:01 | 0.960329    0.928144    0.000000    0.959223    nan         nan         0.169371    nan         0.946210    nan         0.972222    nan         0.960329    nan         0.928144    nan         0.959236    nan         3400        66.381940   0.022173    0.282393    4.652614    3.288574   
[36mINFO[0m 08/06 20:23:02 | 0.938623    0.940120    0.000000    0.964311    nan         nan         0.141704    nan         0.948655    nan         0.985043    nan         0.938623    nan         0.940120    nan         0.959236    nan         3600        70.286760   0.030942    0.282739    4.332851    3.288574   
[36mINFO[0m 08/06 20:24:03 | 0.937874    0.922156    0.000000    0.954757    nan         nan         0.186783    nan         0.941320    nan         0.970085    nan         0.937874    nan         0.922156    nan         0.952866    nan         3800        74.191580   0.016559    0.283884    4.218800    3.288574   
[36mINFO[0m 08/06 20:25:04 | 0.963323    0.952096    0.000000    0.951874    nan         nan         0.204448    nan         0.933985    nan         0.963675    nan         0.963323    nan         0.952096    nan         0.957962    nan         4000        78.096400   0.023656    0.280167    4.340631    3.288574   
[36mINFO[0m 08/06 20:26:04 | 0.952096    0.934132    0.000000    0.940553    nan         nan         0.222076    nan         0.911980    nan         0.952991    nan         0.952096    nan         0.934132    nan         0.956688    nan         4200        82.001220   0.016334    0.281496    4.151382    3.288574   
[36mINFO[0m 08/06 20:27:04 | 0.943862    0.919162    0.000000    0.953148    nan         nan         0.192337    nan         0.943765    nan         0.961538    nan         0.943862    nan         0.919162    nan         0.954140    nan         4400        85.906040   0.017587    0.280270    3.867086    3.288574   
[36mINFO[0m 08/06 20:28:06 | 0.953593    0.937126    0.000000    0.945019    nan         nan         0.226873    nan         0.907090    nan         0.957265    nan         0.953593    nan         0.937126    nan         0.970701    nan         4600        89.810860   0.017212    0.285834    4.651361    3.288574   
[36mINFO[0m 08/06 20:29:07 | 0.949850    0.946108    0.000000    0.958627    nan         nan         0.176772    nan         0.938875    nan         0.976496    nan         0.949850    nan         0.946108    nan         0.960510    nan         4800        93.715680   0.019324    0.283983    4.201717    3.288574   
[36mINFO[0m 08/06 20:30:08 | 0.943862    0.919162    0.000000    0.951655    nan         nan         0.217494    nan         0.938875    nan         0.959402    nan         0.943862    nan         0.919162    nan         0.956688    nan         5000        97.620500   0.027158    0.283723    4.064632    3.288574   
[36mINFO[0m 08/06 20:30:08 | ---
[36mINFO[0m 08/06 20:30:08 | oracle = 97.231%
[36mINFO[0m 08/06 20:30:08 | iid = 93.862%
[36mINFO[0m 08/06 20:30:08 | last = 94.386%
[36mINFO[0m 08/06 20:30:08 | last (inD) = 95.165%
[36mINFO[0m 08/06 20:30:08 | iid (inD) = 96.431%
[36mINFO[0m 08/06 20:30:08 | 
[36mINFO[0m 08/06 20:30:09 | Testenv name escaping te_sketch -> te_sketch
[36mINFO[0m 08/06 20:30:09 | Test envs = [3], name = te_sketch
[36mINFO[0m 08/06 20:30:09 | Batch sizes for each domain: [32, 32, 32, 0] (total=96)
[36mINFO[0m 08/06 20:30:09 | steps-per-epoch for each domain: 51.22, 58.62, 41.75 -> min = 41.75
[36mINFO[0m 08/06 20:30:14 | # of params = 23522375
[36mINFO[0m 08/06 20:30:21 | test_in     test_out    train_in    train_out   test_in_au  train_out_  tr_outloss  test_out_a  env0_out    env0_out_a  env1_out    env1_out_a  env2_out    env2_out_a  env3_in     env3_in_au  env3_out    env3_out_a  step        epoch       loss        step_time   eval_time   mem_gb     
[36mINFO[0m 08/06 20:30:21 | 0.119593    0.129936    0.000000    0.316669    nan         nan         1.867730    nan         0.315403    nan         0.149573    nan         0.485030    nan         0.119593    nan         0.129936    nan         0           0.000000    1.950599    0.305363    6.840786    3.019454   
[36mINFO[0m 08/06 20:31:29 | 0.756043    0.773248    0.000000    0.966990    nan         nan         0.100095    nan         0.953545    nan         0.959402    nan         0.988024    nan         0.756043    nan         0.773248    nan         200         4.790419    0.409587    0.302052    6.760639    3.288574   
[36mINFO[0m 08/06 20:32:31 | 0.730916    0.731210    0.000000    0.962587    nan         nan         0.102570    nan         0.943765    nan         0.967949    nan         0.976048    nan         0.730916    nan         0.731210    nan         400         9.580838    0.137905    0.280738    6.675006    3.288574   
[36mINFO[0m 08/06 20:33:34 | 0.762087    0.763057    0.000000    0.961875    nan         nan         0.132032    nan         0.943765    nan         0.965812    nan         0.976048    nan         0.762087    nan         0.763057    nan         600         14.371257   0.073965    0.280189    6.560839    3.288574   
[36mINFO[0m 08/06 20:34:37 | 0.777990    0.773248    0.000000    0.969782    nan         nan         0.093274    nan         0.965770    nan         0.961538    nan         0.982036    nan         0.777990    nan         0.773248    nan         800         19.161677   0.058136    0.279485    6.576957    3.288574   
[36mINFO[0m 08/06 20:35:38 | 0.769084    0.770701    0.000000    0.972814    nan         nan         0.085020    nan         0.963325    nan         0.970085    nan         0.985030    nan         0.769084    nan         0.770701    nan         1000        23.952096   0.041103    0.271344    6.700253    3.288574   
[36mINFO[0m 08/06 20:36:40 | 0.739186    0.754140    0.000000    0.967477    nan         nan         0.131513    nan         0.958435    nan         0.967949    nan         0.976048    nan         0.739186    nan         0.754140    nan         1200        28.742515   0.037421    0.279757    6.732053    3.288574   
[36mINFO[0m 08/06 20:37:43 | 0.770992    0.761783    0.000000    0.960245    nan         nan         0.125109    nan         0.938875    nan         0.965812    nan         0.976048    nan         0.770992    nan         0.761783    nan         1400        33.532934   0.038409    0.281915    6.480934    3.288574   
[36mINFO[0m 08/06 20:38:46 | 0.782443    0.775796    0.000000    0.957191    nan         nan         0.183256    nan         0.933985    nan         0.961538    nan         0.976048    nan         0.782443    nan         0.775796    nan         1600        38.323353   0.018624    0.279342    6.528708    3.288574   
[36mINFO[0m 08/06 20:39:49 | 0.720102    0.714650    0.000000    0.953344    nan         nan         0.180590    nan         0.933985    nan         0.952991    nan         0.973054    nan         0.720102    nan         0.714650    nan         1800        43.113772   0.022498    0.283946    6.574838    3.288574   
[36mINFO[0m 08/06 20:40:53 | 0.692748    0.701911    0.000000    0.951222    nan         nan         0.165511    nan         0.924205    nan         0.959402    nan         0.970060    nan         0.692748    nan         0.701911    nan         2000        47.904192   0.027464    0.284609    6.675361    3.288574   
[36mINFO[0m 08/06 20:41:57 | 0.790394    0.807643    0.000000    0.951287    nan         nan         0.148819    nan         0.929095    nan         0.948718    nan         0.976048    nan         0.790394    nan         0.807643    nan         2200        52.694611   0.030106    0.287400    6.573169    3.288574   
[36mINFO[0m 08/06 20:43:00 | 0.809160    0.815287    0.000000    0.964099    nan         nan         0.118883    nan         0.955990    nan         0.957265    nan         0.979042    nan         0.809160    nan         0.815287    nan         2400        57.485030   0.027585    0.283482    6.635294    3.288574   
[36mINFO[0m 08/06 20:44:03 | 0.769402    0.780892    0.000000    0.961449    nan         nan         0.195923    nan         0.943765    nan         0.961538    nan         0.979042    nan         0.769402    nan         0.780892    nan         2600        62.275449   0.019144    0.280441    6.599172    3.288574   
[36mINFO[0m 08/06 20:45:06 | 0.797392    0.789809    0.000000    0.962183    nan         nan         0.156187    nan         0.951100    nan         0.959402    nan         0.976048    nan         0.797392    nan         0.789809    nan         2800        67.065868   0.024638    0.283451    7.086598    3.288574   
[36mINFO[0m 08/06 20:46:12 | 0.799936    0.785987    0.000000    0.953446    nan         nan         0.213622    nan         0.936430    nan         0.950855    nan         0.973054    nan         0.799936    nan         0.785987    nan         3000        71.856287   0.024623    0.294031    6.699888    3.288574   
[36mINFO[0m 08/06 20:47:14 | 0.765267    0.773248    0.000000    0.967066    nan         nan         0.106926    nan         0.948655    nan         0.976496    nan         0.976048    nan         0.765267    nan         0.773248    nan         3200        76.646707   0.014044    0.278239    6.767819    3.288574   
[36mINFO[0m 08/06 20:48:19 | 0.774491    0.787261    0.000000    0.966765    nan         nan         0.133710    nan         0.958435    nan         0.965812    nan         0.976048    nan         0.774491    nan         0.787261    nan         3400        81.437126   0.017327    0.286791    6.726526    3.288574   
[36mINFO[0m 08/06 20:49:23 | 0.789440    0.779618    0.000000    0.953362    nan         nan         0.157258    nan         0.941320    nan         0.963675    nan         0.955090    nan         0.789440    nan         0.779618    nan         3600        86.227545   0.018079    0.289916    6.709581    3.288574   
[36mINFO[0m 08/06 20:50:30 | 0.792939    0.780892    0.000000    0.957209    nan         nan         0.186427    nan         0.941320    nan         0.972222    nan         0.958084    nan         0.792939    nan         0.780892    nan         3800        91.017964   0.018646    0.301779    6.645512    3.288574   
[36mINFO[0m 08/06 20:51:34 | 0.778626    0.784713    0.000000    0.946708    nan         nan         0.206197    nan         0.938875    nan         0.940171    nan         0.961078    nan         0.778626    nan         0.784713    nan         4000        95.808383   0.015862    0.284208    6.727525    3.288574   
[36mINFO[0m 08/06 20:52:37 | 0.816794    0.807643    0.000000    0.967801    nan         nan         0.133651    nan         0.955990    nan         0.974359    nan         0.973054    nan         0.816794    nan         0.807643    nan         4200        100.598802  0.016035    0.282398    6.762557    3.288574   
[36mINFO[0m 08/06 20:53:40 | 0.825700    0.824204    0.000000    0.957682    nan         nan         0.194643    nan         0.938875    nan         0.955128    nan         0.979042    nan         0.825700    nan         0.824204    nan         4400        105.389222  0.015422    0.280093    6.716793    3.288574   
[36mINFO[0m 08/06 20:54:43 | 0.840649    0.839490    0.000000    0.961406    nan         nan         0.158359    nan         0.946210    nan         0.967949    nan         0.970060    nan         0.840649    nan         0.839490    nan         4600        110.179641  0.013444    0.283091    6.597892    3.288574   
[36mINFO[0m 08/06 20:55:47 | 0.814885    0.796178    0.000000    0.958923    nan         nan         0.181370    nan         0.941320    nan         0.959402    nan         0.976048    nan         0.814885    nan         0.796178    nan         4800        114.970060  0.008912    0.285473    6.599151    3.288574   
[36mINFO[0m 08/06 20:56:49 | 0.786896    0.791083    0.000000    0.951122    nan         nan         0.206004    nan         0.938875    nan         0.959402    nan         0.955090    nan         0.786896    nan         0.791083    nan         5000        119.760479  0.017802    0.279168    6.601415    3.288574   
[36mINFO[0m 08/06 20:56:49 | ---
[36mINFO[0m 08/06 20:56:49 | oracle = 84.065%
[36mINFO[0m 08/06 20:56:49 | iid = 76.908%
[36mINFO[0m 08/06 20:56:49 | last = 78.690%
[36mINFO[0m 08/06 20:56:49 | last (inD) = 95.112%
[36mINFO[0m 08/06 20:56:49 | iid (inD) = 97.281%
[36mINFO[0m 08/06 20:56:50 | === Summary ===
[36mINFO[0m 08/06 20:56:50 | Command: /home/s21_yhr/lzh/new/DomainBed-new/train_all.py PACS_Arith_seed0 --dataset PACS --data_dir /home/s21_yhr/lzh/new/DomainBed-new/dataset --algorithm Arith --steps 5000 --checkpoint_freq 200 --batch_size 32 --optimizer adam --lr 5e-5 --weight_decay 0 --resnet_dropout 0 --resnet18 False --pretrained True --freeze_bn True --swad False --seed 0 --trial_seed 0 --deterministic --cache disk --prebuild_loader --image_size 224 --arith_meta_lr 0.01
[36mINFO[0m 08/06 20:56:50 | Unique name: 260806_19-13-24_PACS_Arith_seed0
[36mINFO[0m 08/06 20:56:50 | Out path: train_output/PACS/260806_19-13-24_PACS_Arith_seed0
[36mINFO[0m 08/06 20:56:50 | Algorithm: Arith
[36mINFO[0m 08/06 20:56:50 | Dataset: PACS
+------------+--------------+---------+---------+---------+---------+
| Selection  | art_painting | cartoon |  photo  |  sketch |   Avg.  |
+------------+--------------+---------+---------+---------+---------+
|   oracle   |   86.394%    | 81.663% | 97.231% | 84.065% | 87.338% |
|    iid     |   79.317%    | 78.625% | 93.862% | 76.908% | 82.178% |
|    last    |   79.439%    | 77.932% | 94.386% | 78.690% | 82.612% |
| last (inD) |   96.034%    | 94.664% | 95.165% | 95.112% | 95.244% |
| iid (inD)  |   97.114%    | 96.905% | 96.431% | 97.281% | 96.933% |
+------------+--------------+---------+---------+---------+---------+
================================================================================
Starting Arith, seed=1, physical GPU=2
/home/s21_yhr/miniconda3/envs/GGA/bin/python /home/s21_yhr/lzh/new/DomainBed-new/train_all.py PACS_Arith_seed1 --dataset PACS --data_dir /home/s21_yhr/lzh/new/DomainBed-new/dataset --algorithm Arith --steps 5000 --checkpoint_freq 200 --batch_size 32 --optimizer adam --lr 5e-5 --weight_decay 0 --resnet_dropout 0 --resnet18 False --pretrained True --freeze_bn True --swad False --seed 1 --trial_seed 1 --deterministic --cache disk --prebuild_loader --image_size 224 --arith_meta_lr 0.01
================================================================================
[36mINFO[0m 08/06 20:56:57 | Command :: /home/s21_yhr/lzh/new/DomainBed-new/train_all.py PACS_Arith_seed1 --dataset PACS --data_dir /home/s21_yhr/lzh/new/DomainBed-new/dataset --algorithm Arith --steps 5000 --checkpoint_freq 200 --batch_size 32 --optimizer adam --lr 5e-5 --weight_decay 0 --resnet_dropout 0 --resnet18 False --pretrained True --freeze_bn True --swad False --seed 1 --trial_seed 1 --deterministic --cache disk --prebuild_loader --image_size 224 --arith_meta_lr 0.01
Environment:
	Python: 3.11.15
	PyTorch: 2.11.0+cu128
	Torchvision: 0.26.0+cu128
	CUDA: 12.8
	CUDNN: 91900
	NumPy: 1.26.4
	PIL: 12.2.0
Args:
	algorithm: Arith
	batch_size: 32
	cache: disk
	cache_root: cache
	cache_size: None
	checkpoint_freq: 200
	configs: []
	data_dir: /home/s21_yhr/lzh/new/DomainBed-new/dataset
	dataset: PACS
	debug: False
	deterministic: True
	end_step: 200
	evalmode: fast
	extra_search: n
	extra_search_end: None
	extra_search_start: None
	gga_l_gamma: 0.001
	grad_fn: sum
	holdout_fraction: 0.2
	model_save: None
	name: PACS_Arith_seed1
	neighborhoodSize: 1e-06
	out_dir: train_output/PACS/260806_20-56-57_PACS_Arith_seed1
	out_root: train_output/PACS
	prebuild_loader: True
	q_steps: 2000
	quant: 0
	resize_mode: stretch
	saliency: False
	saliency_cmap: jet
	saliency_every: 0
	saliency_noise: 0.15
	saliency_num: 16
	saliency_samples: 25
	saliency_split: test_in
	seed: 1
	show: False
	start_step: 100
	steps: 5000
	tb_freq: 10
	test_envs: None
	train_output: train_output
	trial_seed: 1
	unique_name: 260806_20-56-57_PACS_Arith_seed1
	work_dir: .
HParams:
	data_augmentation: True
	val_augment: False
	[36mresnet18: False
	[0m[36mresnet_dropout: 0
	[0mclass_balanced: False
	[36moptimizer: adam
	[0m[36mfreeze_bn: True
	[0m[36mpretrained: True
	[0m[36mimage_size: 224
	[0m[36mlr: 5e-05
	[0mbatch_size: 32
	[36mweight_decay: 0
	[0m[36marith_meta_lr: 0.01
	[0m[36mswad: False
	[0mswad_kwargs: 
	  n_converge: 3
	  n_tolerance: 6
	  tolerance_ratio: 0.3
	test_batchsize: 128
	indomain_test: False
	grad_fn: sum
	extra_search: n
	logdir: train_output/PACS/260806_20-56-57_PACS_Arith_seed1
	neighborhoodSize: 1e-06
	start_step: 100
	end_step: 200
	extra_search_start: None
	extra_search_end: None
	gga_l_gamma: 0.001
Dataset:
	[PACS] #envs=4, #classes=7
	env0: art_painting (#2048)
	env1: cartoon (#2344)
	env2: photo (#1670)
	env3: sketch (#3929)

[36mINFO[0m 08/06 20:56:57 | n_steps = 5000
[36mINFO[0m 08/06 20:56:57 | checkpoint_freq = 200
[36mINFO[0m 08/06 20:56:57 | n_steps is updated to 5000 => 5001 for checkpointing
[36mINFO[0m 08/06 20:56:57 | Target test envs = [[0], [1], [2], [3]]
[36mINFO[0m 08/06 20:56:57 | 
[36mINFO[0m 08/06 20:56:57 | Testenv name escaping te_art_painting -> te_art_painting
[36mINFO[0m 08/06 20:56:57 | Test envs = [0], name = te_art_painting
[36mINFO[0m 08/06 20:56:57 | Batch sizes for each domain: [0, 32, 32, 32] (total=96)
[36mINFO[0m 08/06 20:56:57 | steps-per-epoch for each domain: 58.62, 41.75, 98.25 -> min = 41.75
/home/s21_yhr/miniconda3/envs/GGA/lib/python3.11/site-packages/torchvision/models/_utils.py:208: UserWarning: The parameter 'pretrained' is deprecated since 0.13 and may be removed in the future, please use 'weights' instead.
  warnings.warn(
/home/s21_yhr/miniconda3/envs/GGA/lib/python3.11/site-packages/torchvision/models/_utils.py:223: UserWarning: Arguments other than a weight enum or `None` for 'weights' are deprecated since 0.13 and may be removed in the future. The current behavior is equivalent to passing `weights=ResNet50_Weights.IMAGENET1K_V1`. You can also use `weights=ResNet50_Weights.DEFAULT` to get the most up-to-date weights.
  warnings.warn(msg)
[36mINFO[0m 08/06 20:57:02 | # of params = 23522375
[36mINFO[0m 08/06 20:57:08 | test_in     test_out    train_in    train_out   test_in_au  test_out_a  train_out_  tr_outloss  env0_in     env0_in_au  env0_out    env0_out_a  env1_out    env1_out_a  env2_out    env2_out_a  env3_out    env3_out_a  step        epoch       loss        step_time   eval_time   mem_gb     
[36mINFO[0m 08/06 20:57:08 | 0.135448    0.151589    0.000000    0.238598    nan         nan         nan         1.852599    0.135448    nan         0.151589    nan         0.275641    nan         0.209581    nan         0.230573    nan         0           0.000000    1.956998    0.983679    5.227585    3.019576   
[36mINFO[0m 08/06 20:58:10 | 0.785845    0.755501    0.000000    0.930374    nan         nan         nan         0.211704    0.785845    nan         0.755501    nan         0.893162    nan         0.982036    nan         0.915924    nan         200         4.790419    0.434265    0.286731    4.693662    3.290771   
[36mINFO[0m 08/06 20:59:11 | 0.866992    0.838631    0.000000    0.966629    nan         nan         nan         0.091868    0.866992    nan         0.838631    nan         0.965812    nan         0.985030    nan         0.949045    nan         400         9.580838    0.104723    0.281024    4.546334    3.290771   
[36mINFO[0m 08/06 21:00:13 | 0.841977    0.826406    0.000000    0.965915    nan         nan         nan         0.103689    0.841977    nan         0.826406    nan         0.959402    nan         0.988024    nan         0.950318    nan         600         14.371257   0.089982    0.284624    4.839646    3.290771   
[36mINFO[0m 08/06 21:01:15 | 0.872483    0.863081    0.000000    0.971597    nan         nan         nan         0.094093    0.872483    nan         0.863081    nan         0.965812    nan         0.991018    nan         0.957962    nan         800         19.161677   0.058054    0.291214    3.425714    3.290771   
[36mINFO[0m 08/06 21:02:15 | 0.849908    0.855746    0.000000    0.970740    nan         nan         nan         0.088785    0.849908    nan         0.855746    nan         0.972222    nan         0.982036    nan         0.957962    nan         1000        23.952096   0.033676    0.279227    4.707638    3.290771   
[36mINFO[0m 08/06 21:03:18 | 0.779134    0.753056    0.000000    0.973284    nan         nan         nan         0.087714    0.779134    nan         0.753056    nan         0.963675    nan         0.988024    nan         0.968153    nan         1200        28.742515   0.037120    0.292721    4.652876    3.290771   
[36mINFO[0m 08/06 21:04:21 | 0.849298    0.870416    0.000000    0.973435    nan         nan         nan         0.088028    0.849298    nan         0.870416    nan         0.967949    nan         0.988024    nan         0.964331    nan         1400        33.532934   0.037448    0.287612    4.669776    3.290771   
[36mINFO[0m 08/06 21:05:21 | 0.822453    0.819071    0.000000    0.959406    nan         nan         nan         0.154617    0.822453    nan         0.819071    nan         0.957265    nan         0.991018    nan         0.929936    nan         1600        38.323353   0.024940    0.280649    4.744510    3.290771   
[36mINFO[0m 08/06 21:06:24 | 0.870653    0.863081    0.000000    0.961355    nan         nan         nan         0.123676    0.870653    nan         0.863081    nan         0.948718    nan         0.985030    nan         0.950318    nan         1800        43.113772   0.023082    0.286301    4.787824    3.290771   
[36mINFO[0m 08/06 21:07:25 | 0.816962    0.811736    0.000000    0.958819    nan         nan         nan         0.132739    0.816962    nan         0.811736    nan         0.950855    nan         0.988024    nan         0.937580    nan         2000        47.904192   0.023592    0.284940    4.754653    3.290771   
[36mINFO[0m 08/06 21:08:26 | 0.805369    0.833741    0.000000    0.948008    nan         nan         nan         0.158031    0.805369    nan         0.833741    nan         0.942308    nan         0.973054    nan         0.928662    nan         2200        52.694611   0.026581    0.279441    5.002734    3.290771   
[36mINFO[0m 08/06 21:09:29 | 0.831605    0.828851    0.000000    0.971731    nan         nan         nan         0.110269    0.831605    nan         0.828851    nan         0.955128    nan         0.997006    nan         0.963057    nan         2400        57.485030   0.024160    0.286666    4.976238    3.290771   
[36mINFO[0m 08/06 21:10:29 | 0.853569    0.870416    0.000000    0.974996    nan         nan         nan         0.085937    0.853569    nan         0.870416    nan         0.970085    nan         0.988024    nan         0.966879    nan         2600        62.275449   0.016993    0.279727    4.782876    3.290771   
[36mINFO[0m 08/06 21:11:35 | 0.807200    0.784841    0.000000    0.966040    nan         nan         nan         0.129474    0.807200    nan         0.784841    nan         0.955128    nan         0.985030    nan         0.957962    nan         2800        67.065868   0.027232    0.305093    4.586253    3.290771   
[36mINFO[0m 08/06 21:12:37 | 0.883466    0.875306    0.000000    0.970586    nan         nan         nan         0.119120    0.883466    nan         0.875306    nan         0.959402    nan         0.988024    nan         0.964331    nan         3000        71.856287   0.018904    0.286619    4.543704    3.290771   
[36mINFO[0m 08/06 21:13:38 | 0.771202    0.762836    0.000000    0.966199    nan         nan         nan         0.110901    0.771202    nan         0.762836    nan         0.952991    nan         0.994012    nan         0.951592    nan         3200        76.646707   0.015219    0.281870    4.639123    3.290771   
[36mINFO[0m 08/06 21:14:40 | 0.856620    0.855746    0.000000    0.969468    nan         nan         nan         0.120956    0.856620    nan         0.855746    nan         0.976496    nan         0.979042    nan         0.952866    nan         3400        81.437126   0.016666    0.283013    5.379815    3.290771   
[36mINFO[0m 08/06 21:15:40 | 0.763880    0.765281    0.000000    0.967740    nan         nan         nan         0.136619    0.763880    nan         0.765281    nan         0.959402    nan         0.982036    nan         0.961783    nan         3600        86.227545   0.009968    0.277802    4.568164    3.290771   
[36mINFO[0m 08/06 21:16:41 | 0.816351    0.816626    0.000000    0.966625    nan         nan         nan         0.141149    0.816351    nan         0.816626    nan         0.957265    nan         0.991018    nan         0.951592    nan         3800        91.017964   0.016340    0.281492    4.311783    3.290771   
[36mINFO[0m 08/06 21:17:43 | 0.817572    0.816626    0.000000    0.972020    nan         nan         nan         0.116453    0.817572    nan         0.816626    nan         0.961538    nan         0.994012    nan         0.960510    nan         4000        95.808383   0.014935    0.290834    4.493959    3.290771   
[36mINFO[0m 08/06 21:18:44 | 0.781574    0.770171    0.000000    0.960645    nan         nan         nan         0.155922    0.781574    nan         0.770171    nan         0.950855    nan         0.982036    nan         0.949045    nan         4200        100.598802  0.020830    0.283128    4.475475    3.290771   
[36mINFO[0m 08/06 21:19:47 | 0.810860    0.811736    0.000000    0.975847    nan         nan         nan         0.122113    0.810860    nan         0.811736    nan         0.974359    nan         0.985030    nan         0.968153    nan         4400        105.389222  0.007076    0.288720    4.843123    3.290771   
[36mINFO[0m 08/06 21:20:49 | 0.820622    0.828851    0.000000    0.968875    nan         nan         nan         0.151693    0.820622    nan         0.828851    nan         0.957265    nan         0.985030    nan         0.964331    nan         4600        110.179641  0.009541    0.287030    4.601949    3.290771   
[36mINFO[0m 08/06 21:21:54 | 0.816962    0.833741    0.000000    0.958510    nan         nan         nan         0.137029    0.816962    nan         0.833741    nan         0.948718    nan         0.979042    nan         0.947771    nan         4800        114.970060  0.017049    0.301179    4.501753    3.290771   
[36mINFO[0m 08/06 21:22:56 | 0.802929    0.794621    0.000000    0.956632    nan         nan         nan         0.177894    0.802929    nan         0.794621    nan         0.927350    nan         0.982036    nan         0.960510    nan         5000        119.760479  0.008616    0.288132    4.297461    3.290771   
[36mINFO[0m 08/06 21:22:56 | ---
[36mINFO[0m 08/06 21:22:56 | oracle = 88.347%
[36mINFO[0m 08/06 21:22:56 | iid = 81.086%
[36mINFO[0m 08/06 21:22:56 | last = 80.293%
[36mINFO[0m 08/06 21:22:56 | last (inD) = 95.663%
[36mINFO[0m 08/06 21:22:56 | iid (inD) = 97.585%
[36mINFO[0m 08/06 21:22:57 | 
[36mINFO[0m 08/06 21:22:57 | Testenv name escaping te_cartoon -> te_cartoon
[36mINFO[0m 08/06 21:22:57 | Test envs = [1], name = te_cartoon
[36mINFO[0m 08/06 21:22:57 | Batch sizes for each domain: [32, 0, 32, 32] (total=96)
[36mINFO[0m 08/06 21:22:57 | steps-per-epoch for each domain: 51.22, 41.75, 98.25 -> min = 41.75
[36mINFO[0m 08/06 21:23:02 | # of params = 23522375
[36mINFO[0m 08/06 21:23:07 | test_in     test_out    train_in    train_out   test_in_au  train_out_  tr_outloss  test_out_a  env0_out    env0_out_a  env1_in     env1_in_au  env1_out    env1_out_a  env2_out    env2_out_a  env3_out    env3_out_a  step        epoch       loss        step_time   eval_time   mem_gb     
[36mINFO[0m 08/06 21:23:07 | 0.250000    0.292735    0.000000    0.236469    nan         nan         1.933360    nan         0.154034    nan         0.250000    nan         0.292735    nan         0.170659    nan         0.384713    nan         0           0.000000    2.053218    0.303608    5.159024    3.019454   
[36mINFO[0m 08/06 21:24:11 | 0.751599    0.750000    0.000000    0.960278    nan         nan         0.119116    nan         0.943765    nan         0.751599    nan         0.750000    nan         0.988024    nan         0.949045    nan         200         4.790419    0.421611    0.291167    5.103495    3.288574   
[36mINFO[0m 08/06 21:25:13 | 0.745736    0.735043    0.000000    0.962584    nan         nan         0.108868    nan         0.941320    nan         0.745736    nan         0.735043    nan         0.991018    nan         0.955414    nan         400         9.580838    0.125828    0.281901    5.653470    3.288574   
[36mINFO[0m 08/06 21:26:13 | 0.800640    0.799145    0.000000    0.957462    nan         nan         0.122297    nan         0.914425    nan         0.800640    nan         0.799145    nan         1.000000    nan         0.957962    nan         600         14.371257   0.094432    0.276894    5.022203    3.288574   
[36mINFO[0m 08/06 21:27:12 | 0.843284    0.829060    0.000000    0.950810    nan         nan         0.152241    nan         0.931540    nan         0.843284    nan         0.829060    nan         0.982036    nan         0.938854    nan         800         19.161677   0.086929    0.269850    4.928606    3.288574   
[36mINFO[0m 08/06 21:28:18 | 0.758529    0.743590    0.000000    0.963789    nan         nan         0.108290    nan         0.946210    nan         0.758529    nan         0.743590    nan         0.991018    nan         0.954140    nan         1000        23.952096   0.041470    0.302395    5.105862    3.288574   
[36mINFO[0m 08/06 21:29:20 | 0.811834    0.792735    0.000000    0.966313    nan         nan         0.118942    nan         0.938875    nan         0.811834    nan         0.792735    nan         0.997006    nan         0.963057    nan         1200        28.742515   0.043530    0.284905    5.123830    3.288574   
[36mINFO[0m 08/06 21:30:22 | 0.791045    0.771368    0.000000    0.965408    nan         nan         0.112357    nan         0.941320    nan         0.791045    nan         0.771368    nan         0.988024    nan         0.966879    nan         1400        33.532934   0.035511    0.287418    4.865316    3.288574   
[36mINFO[0m 08/06 21:31:23 | 0.792111    0.764957    0.000000    0.962863    nan         nan         0.148947    nan         0.948655    nan         0.792111    nan         0.764957    nan         0.973054    nan         0.966879    nan         1600        38.323353   0.022226    0.283218    4.542340    3.288574   
[36mINFO[0m 08/06 21:32:26 | 0.794776    0.747863    0.000000    0.953277    nan         nan         0.210039    nan         0.926650    nan         0.794776    nan         0.747863    nan         0.979042    nan         0.954140    nan         1800        43.113772   0.033570    0.286954    5.339583    3.288574   
[36mINFO[0m 08/06 21:33:28 | 0.821962    0.807692    0.000000    0.970308    nan         nan         0.095868    nan         0.946210    nan         0.821962    nan         0.807692    nan         0.994012    nan         0.970701    nan         2000        47.904192   0.023957    0.286796    4.701829    3.288574   
[36mINFO[0m 08/06 21:34:31 | 0.808102    0.799145    0.000000    0.967003    nan         nan         0.113523    nan         0.948655    nan         0.808102    nan         0.799145    nan         0.988024    nan         0.964331    nan         2200        52.694611   0.024085    0.290317    4.708135    3.288574   
[36mINFO[0m 08/06 21:35:33 | 0.817164    0.786325    0.000000    0.966718    nan         nan         0.131611    nan         0.958435    nan         0.817164    nan         0.786325    nan         0.985030    nan         0.956688    nan         2400        57.485030   0.016877    0.282363    5.061934    3.288574   
[36mINFO[0m 08/06 21:36:35 | 0.798507    0.779915    0.000000    0.964227    nan         nan         0.124932    nan         0.943765    nan         0.798507    nan         0.779915    nan         0.982036    nan         0.966879    nan         2600        62.275449   0.018063    0.287777    4.921870    3.288574   
[36mINFO[0m 08/06 21:37:37 | 0.780384    0.779915    0.000000    0.968253    nan         nan         0.115333    nan         0.941320    nan         0.780384    nan         0.779915    nan         0.994012    nan         0.969427    nan         2800        67.065868   0.044675    0.281962    5.145454    3.288574   
[36mINFO[0m 08/06 21:38:38 | 0.796908    0.777778    0.000000    0.968404    nan         nan         0.091858    nan         0.948655    nan         0.796908    nan         0.777778    nan         0.982036    nan         0.974522    nan         3000        71.856287   0.035327    0.282210    5.113725    3.288574   
[36mINFO[0m 08/06 21:39:40 | 0.752132    0.717949    0.000000    0.964546    nan         nan         0.141756    nan         0.943765    nan         0.752132    nan         0.717949    nan         0.997006    nan         0.952866    nan         3200        76.646707   0.014729    0.281601    5.422042    3.288574   
[36mINFO[0m 08/06 21:40:41 | 0.738273    0.698718    0.000000    0.961874    nan         nan         0.156637    nan         0.951100    nan         0.738273    nan         0.698718    nan         0.988024    nan         0.946497    nan         3400        81.437126   0.028519    0.279469    5.201469    3.288574   
[36mINFO[0m 08/06 21:41:46 | 0.824094    0.807692    0.000000    0.965857    nan         nan         0.104280    nan         0.948655    nan         0.824094    nan         0.807692    nan         0.982036    nan         0.966879    nan         3600        86.227545   0.015337    0.299713    5.066973    3.288574   
[36mINFO[0m 08/06 21:42:47 | 0.831557    0.794872    0.000000    0.958050    nan         nan         0.188246    nan         0.931540    nan         0.831557    nan         0.794872    nan         0.991018    nan         0.951592    nan         3800        91.017964   0.012448    0.280240    5.042770    3.288574   
[36mINFO[0m 08/06 21:43:48 | 0.812900    0.818376    0.000000    0.955871    nan         nan         0.145783    nan         0.933985    nan         0.812900    nan         0.818376    nan         0.982036    nan         0.951592    nan         4000        95.808383   0.059812    0.280098    5.049848    3.288574   
[36mINFO[0m 08/06 21:44:49 | 0.798507    0.792735    0.000000    0.966579    nan         nan         0.128180    nan         0.948655    nan         0.798507    nan         0.792735    nan         0.988024    nan         0.963057    nan         4200        100.598802  0.013415    0.276297    5.411245    3.288574   
[36mINFO[0m 08/06 21:45:50 | 0.827825    0.797009    0.000000    0.967521    nan         nan         0.109457    nan         0.951100    nan         0.827825    nan         0.797009    nan         0.982036    nan         0.969427    nan         4400        105.389222  0.017612    0.281736    5.039620    3.288574   
[36mINFO[0m 08/06 21:46:52 | 0.845416    0.814103    0.000000    0.969700    nan         nan         0.139826    nan         0.948655    nan         0.845416    nan         0.814103    nan         0.991018    nan         0.969427    nan         4600        110.179641  0.012459    0.285007    4.898118    3.288574   
[36mINFO[0m 08/06 21:47:58 | 0.771855    0.764957    0.000000    0.961103    nan         nan         0.151159    nan         0.936430    nan         0.771855    nan         0.764957    nan         0.994012    nan         0.952866    nan         4800        114.970060  0.016888    0.302234    5.036112    3.288574   
[36mINFO[0m 08/06 21:49:00 | 0.808102    0.803419    0.000000    0.963551    nan         nan         0.131668    nan         0.951100    nan         0.808102    nan         0.803419    nan         0.979042    nan         0.960510    nan         5000        119.760479  0.014860    0.286739    4.984436    3.288574   
[36mINFO[0m 08/06 21:49:00 | ---
[36mINFO[0m 08/06 21:49:00 | oracle = 84.328%
[36mINFO[0m 08/06 21:49:00 | iid = 82.196%
[36mINFO[0m 08/06 21:49:00 | last = 80.810%
[36mINFO[0m 08/06 21:49:00 | last (inD) = 96.355%
[36mINFO[0m 08/06 21:49:00 | iid (inD) = 97.031%
[36mINFO[0m 08/06 21:49:01 | 
[36mINFO[0m 08/06 21:49:01 | Testenv name escaping te_photo -> te_photo
[36mINFO[0m 08/06 21:49:01 | Test envs = [2], name = te_photo
[36mINFO[0m 08/06 21:49:01 | Batch sizes for each domain: [32, 32, 0, 32] (total=96)
[36mINFO[0m 08/06 21:49:01 | steps-per-epoch for each domain: 51.22, 58.62, 98.25 -> min = 51.22
[36mINFO[0m 08/06 21:49:07 | # of params = 23522375
[36mINFO[0m 08/06 21:49:11 | test_in     test_out    train_in    train_out   test_in_au  train_out_  tr_outloss  test_out_a  env0_out    env0_out_a  env1_out    env1_out_a  env2_in     env2_in_au  env2_out    env2_out_a  env3_out    env3_out_a  step        epoch       loss        step_time   eval_time   mem_gb     
[36mINFO[0m 08/06 21:49:11 | 0.150449    0.164671    0.000000    0.182491    nan         nan         1.907353    nan         0.107579    nan         0.196581    nan         0.150449    nan         0.164671    nan         0.243312    nan         0           0.000000    2.012849    0.294792    4.429801    3.019454   
[36mINFO[0m 08/06 21:50:12 | 0.961078    0.967066    0.000000    0.937417    nan         nan         0.192738    nan         0.931540    nan         0.938034    nan         0.961078    nan         0.967066    nan         0.942675    nan         200         3.904820    0.580863    0.284282    4.319923    3.288574   
[36mINFO[0m 08/06 21:51:13 | 0.966317    0.967066    0.000000    0.939896    nan         nan         0.176105    nan         0.946210    nan         0.935897    nan         0.966317    nan         0.967066    nan         0.937580    nan         400         7.809640    0.154032    0.279263    4.499943    3.288574   
[36mINFO[0m 08/06 21:52:15 | 0.956587    0.958084    0.000000    0.943491    nan         nan         0.184369    nan         0.953545    nan         0.944444    nan         0.956587    nan         0.958084    nan         0.932484    nan         600         11.714460   0.088948    0.287222    4.472116    3.288574   
[36mINFO[0m 08/06 21:53:17 | 0.955838    0.970060    0.000000    0.951895    nan         nan         0.161037    nan         0.960880    nan         0.950855    nan         0.955838    nan         0.970060    nan         0.943949    nan         800         15.619280   0.064872    0.287113    4.333122    3.288574   
[36mINFO[0m 08/06 21:54:09 | 0.962575    0.961078    0.000000    0.956579    nan         nan         0.149171    nan         0.951100    nan         0.959402    nan         0.962575    nan         0.961078    nan         0.959236    nan         1000        19.524100   0.079549    0.241677    4.284632    3.288574   
[36mINFO[0m 08/06 21:55:09 | 0.940868    0.955090    0.000000    0.956257    nan         nan         0.154531    nan         0.953545    nan         0.957265    nan         0.940868    nan         0.955090    nan         0.957962    nan         1200        23.428920   0.049709    0.277415    4.268888    3.288574   
[36mINFO[0m 08/06 21:56:10 | 0.953593    0.952096    0.000000    0.948867    nan         nan         0.193419    nan         0.936430    nan         0.963675    nan         0.953593    nan         0.952096    nan         0.946497    nan         1400        27.333740   0.061265    0.282678    4.321858    3.288574   
[36mINFO[0m 08/06 21:57:10 | 0.958084    0.964072    0.000000    0.963126    nan         nan         0.148125    nan         0.951100    nan         0.976496    nan         0.958084    nan         0.964072    nan         0.961783    nan         1600        31.238560   0.031483    0.282041    4.196317    3.288574   
[36mINFO[0m 08/06 21:58:11 | 0.962575    0.958084    0.000000    0.963263    nan         nan         0.156333    nan         0.951100    nan         0.974359    nan         0.962575    nan         0.958084    nan         0.964331    nan         1800        35.143380   0.034923    0.281054    4.387519    3.288574   
[36mINFO[0m 08/06 21:59:12 | 0.952096    0.952096    0.000000    0.964846    nan         nan         0.137449    nan         0.948655    nan         0.970085    nan         0.952096    nan         0.952096    nan         0.975796    nan         2000        39.048200   0.029404    0.280368    4.348679    3.288574   
[36mINFO[0m 08/06 22:00:12 | 0.958832    0.973054    0.000000    0.955490    nan         nan         0.152265    nan         0.938875    nan         0.965812    nan         0.958832    nan         0.973054    nan         0.961783    nan         2200        42.953020   0.027765    0.281113    4.401087    3.288574   
[36mINFO[0m 08/06 22:01:12 | 0.956587    0.973054    0.000000    0.963353    nan         nan         0.154268    nan         0.953545    nan         0.965812    nan         0.956587    nan         0.973054    nan         0.970701    nan         2400        46.857840   0.031761    0.280484    4.151673    3.288574   
[36mINFO[0m 08/06 22:02:14 | 0.949850    0.964072    0.000000    0.962620    nan         nan         0.143015    nan         0.955990    nan         0.970085    nan         0.949850    nan         0.964072    nan         0.961783    nan         2600        50.762660   0.026403    0.283828    4.861295    3.288574   
[36mINFO[0m 08/06 22:03:15 | 0.949850    0.955090    0.000000    0.952765    nan         nan         0.158789    nan         0.938875    nan         0.948718    nan         0.949850    nan         0.955090    nan         0.970701    nan         2800        54.667480   0.043116    0.280789    4.284620    3.288574   
[36mINFO[0m 08/06 22:04:16 | 0.940868    0.964072    0.000000    0.963353    nan         nan         0.118589    nan         0.953545    nan         0.965812    nan         0.940868    nan         0.964072    nan         0.970701    nan         3000        58.572300   0.023904    0.283700    4.277318    3.288574   
[36mINFO[0m 08/06 22:05:17 | 0.949850    0.973054    0.000000    0.949361    nan         nan         0.171723    nan         0.931540    nan         0.963675    nan         0.949850    nan         0.973054    nan         0.952866    nan         3200        62.477120   0.024233    0.287494    4.294391    3.288574   
[36mINFO[0m 08/06 22:06:20 | 0.947605    0.964072    0.000000    0.958647    nan         nan         0.165035    nan         0.946210    nan         0.967949    nan         0.947605    nan         0.964072    nan         0.961783    nan         3400        66.381940   0.022751    0.283131    5.978663    3.288574   
[36mINFO[0m 08/06 22:07:21 | 0.949102    0.970060    0.000000    0.963250    nan         nan         0.159758    nan         0.951100    nan         0.967949    nan         0.949102    nan         0.970060    nan         0.970701    nan         3600        70.286760   0.012160    0.284350    4.345227    3.288574   
[36mINFO[0m 08/06 22:08:22 | 0.952844    0.979042    0.000000    0.953963    nan         nan         0.156172    nan         0.926650    nan         0.965812    nan         0.952844    nan         0.979042    nan         0.969427    nan         3800        74.191580   0.020971    0.280986    4.142366    3.288574   
[36mINFO[0m 08/06 22:09:22 | 0.949102    0.943114    0.000000    0.955442    nan         nan         0.152023    nan         0.941320    nan         0.959402    nan         0.949102    nan         0.943114    nan         0.965605    nan         4000        78.096400   0.022189    0.282714    3.734684    3.288574   
[36mINFO[0m 08/06 22:10:22 | 0.951347    0.970060    0.000000    0.951244    nan         nan         0.193282    nan         0.919315    nan         0.970085    nan         0.951347    nan         0.970060    nan         0.964331    nan         4200        82.001220   0.021332    0.280124    4.253131    3.288574   
[36mINFO[0m 08/06 22:11:25 | 0.942365    0.961078    0.000000    0.964674    nan         nan         0.153492    nan         0.951100    nan         0.972222    nan         0.942365    nan         0.961078    nan         0.970701    nan         4400        85.906040   0.011682    0.291826    3.985589    3.288574   
[36mINFO[0m 08/06 22:12:26 | 0.944611    0.958084    0.000000    0.948210    nan         nan         0.179895    nan         0.931540    nan         0.955128    nan         0.944611    nan         0.958084    nan         0.957962    nan         4600        89.810860   0.018499    0.289815    3.975206    3.288574   
[36mINFO[0m 08/06 22:13:26 | 0.943114    0.952096    0.000000    0.954833    nan         nan         0.212093    nan         0.933985    nan         0.957265    nan         0.943114    nan         0.952096    nan         0.973248    nan         4800        93.715680   0.019610    0.278086    4.009765    3.288574   
[36mINFO[0m 08/06 22:14:28 | 0.952844    0.961078    0.000000    0.950950    nan         nan         0.205373    nan         0.936430    nan         0.944444    nan         0.952844    nan         0.961078    nan         0.971975    nan         5000        97.620500   0.012378    0.287392    4.202555    3.288574   
[36mINFO[0m 08/06 22:14:28 | ---
[36mINFO[0m 08/06 22:14:28 | oracle = 95.284%
[36mINFO[0m 08/06 22:14:28 | iid = 95.210%
[36mINFO[0m 08/06 22:14:28 | last = 95.284%
[36mINFO[0m 08/06 22:14:28 | last (inD) = 95.095%
[36mINFO[0m 08/06 22:14:28 | iid (inD) = 96.485%
[36mINFO[0m 08/06 22:14:29 | 
[36mINFO[0m 08/06 22:14:29 | Testenv name escaping te_sketch -> te_sketch
[36mINFO[0m 08/06 22:14:29 | Test envs = [3], name = te_sketch
[36mINFO[0m 08/06 22:14:29 | Batch sizes for each domain: [32, 32, 32, 0] (total=96)
[36mINFO[0m 08/06 22:14:29 | steps-per-epoch for each domain: 51.22, 58.62, 41.75 -> min = 41.75
[36mINFO[0m 08/06 22:14:34 | # of params = 23522375
[36mINFO[0m 08/06 22:14:41 | test_in     test_out    train_in    train_out   test_in_au  train_out_  tr_outloss  test_out_a  env0_out    env0_out_a  env1_out    env1_out_a  env2_out    env2_out_a  env3_in     env3_in_au  env3_out    env3_out_a  step        epoch       loss        step_time   eval_time   mem_gb     
[36mINFO[0m 08/06 22:14:41 | 0.154580    0.152866    0.000000    0.332870    nan         nan         1.841510    nan         0.386308    nan         0.220085    nan         0.392216    nan         0.154580    nan         0.152866    nan         0           0.000000    1.950320    0.303432    6.600907    3.019454   
[36mINFO[0m 08/06 22:15:43 | 0.771947    0.759236    0.000000    0.967196    nan         nan         0.093526    nan         0.958435    nan         0.955128    nan         0.988024    nan         0.771947    nan         0.759236    nan         200         4.790419    0.407835    0.275424    6.558523    3.288574   
[36mINFO[0m 08/06 22:16:46 | 0.758588    0.774522    0.000000    0.961872    nan         nan         0.135487    nan         0.926650    nan         0.967949    nan         0.991018    nan         0.758588    nan         0.774522    nan         400         9.580838    0.100882    0.282033    6.698899    3.288574   
[36mINFO[0m 08/06 22:17:48 | 0.745865    0.740127    0.000000    0.962020    nan         nan         0.107665    nan         0.943765    nan         0.957265    nan         0.985030    nan         0.745865    nan         0.740127    nan         600         14.371257   0.137922    0.275645    6.541381    3.288574   
[36mINFO[0m 08/06 22:18:51 | 0.772265    0.763057    0.000000    0.968350    nan         nan         0.095368    nan         0.948655    nan         0.974359    nan         0.982036    nan         0.772265    nan         0.763057    nan         800         19.161677   0.083447    0.283227    6.903432    3.288574   
[36mINFO[0m 08/06 22:19:51 | 0.745547    0.738854    0.000000    0.963445    nan         nan         0.111661    nan         0.943765    nan         0.961538    nan         0.985030    nan         0.745547    nan         0.738854    nan         1000        23.952096   0.038250    0.266852    6.896196    3.288574   
[36mINFO[0m 08/06 22:20:54 | 0.736005    0.722293    0.000000    0.955927    nan         nan         0.146023    nan         0.924205    nan         0.961538    nan         0.982036    nan         0.736005    nan         0.722293    nan         1200        28.742515   0.254316    0.280158    6.696441    3.288574   
[36mINFO[0m 08/06 22:21:57 | 0.734733    0.708280    0.000000    0.968069    nan         nan         0.123268    nan         0.948655    nan         0.961538    nan         0.994012    nan         0.734733    nan         0.708280    nan         1400        33.532934   0.044196    0.283917    6.545305    3.288574   
[36mINFO[0m 08/06 22:23:00 | 0.860687    0.873885    0.000000    0.976433    nan         nan         0.110937    nan         0.951100    nan         0.987179    nan         0.991018    nan         0.860687    nan         0.873885    nan         1600        38.323353   0.021840    0.279268    6.755693    3.288574   
[36mINFO[0m 08/06 22:24:06 | 0.817748    0.815287    0.000000    0.975149    nan         nan         0.093217    nan         0.951100    nan         0.989316    nan         0.985030    nan         0.817748    nan         0.815287    nan         1800        43.113772   0.031420    0.289617    7.571927    3.288574   
[36mINFO[0m 08/06 22:25:10 | 0.803435    0.771975    0.000000    0.954989    nan         nan         0.180844    nan         0.929095    nan         0.965812    nan         0.970060    nan         0.803435    nan         0.771975    nan         2000        47.904192   0.017457    0.287397    6.833892    3.288574   
[36mINFO[0m 08/06 22:26:16 | 0.836514    0.847134    0.000000    0.971748    nan         nan         0.112064    nan         0.941320    nan         0.982906    nan         0.991018    nan         0.836514    nan         0.847134    nan         2200        52.694611   0.016941    0.294551    6.619760    3.288574   
[36mINFO[0m 08/06 22:27:19 | 0.761132    0.724841    0.000000    0.965802    nan         nan         0.144873    nan         0.938875    nan         0.976496    nan         0.982036    nan         0.761132    nan         0.724841    nan         2400        57.485030   0.010432    0.286889    6.581120    3.288574   
[36mINFO[0m 08/06 22:28:23 | 0.773219    0.774522    0.000000    0.961080    nan         nan         0.173745    nan         0.931540    nan         0.963675    nan         0.988024    nan         0.773219    nan         0.774522    nan         2600        62.275449   0.021721    0.284813    6.517379    3.288574   
[36mINFO[0m 08/06 22:29:25 | 0.732824    0.717197    0.000000    0.947399    nan         nan         0.196423    nan         0.914425    nan         0.933761    nan         0.994012    nan         0.732824    nan         0.717197    nan         2800        67.065868   0.034691    0.278699    6.758199    3.288574   
[36mINFO[0m 08/06 22:30:29 | 0.777990    0.743949    0.000000    0.967314    nan         nan         0.155456    nan         0.951100    nan         0.965812    nan         0.985030    nan         0.777990    nan         0.743949    nan         3000        71.856287   0.019955    0.285162    6.531501    3.288574   
[36mINFO[0m 08/06 22:31:33 | 0.763995    0.757962    0.000000    0.966050    nan         nan         0.122982    nan         0.941320    nan         0.965812    nan         0.991018    nan         0.763995    nan         0.757962    nan         3200        76.646707   0.011050    0.287866    6.585658    3.288574   
[36mINFO[0m 08/06 22:32:37 | 0.763995    0.755414    0.000000    0.964382    nan         nan         0.162107    nan         0.938875    nan         0.957265    nan         0.997006    nan         0.763995    nan         0.755414    nan         3400        81.437126   0.011221    0.283269    6.627310    3.288574   
[36mINFO[0m 08/06 22:33:39 | 0.790394    0.782166    0.000000    0.968290    nan         nan         0.117080    nan         0.943765    nan         0.970085    nan         0.991018    nan         0.790394    nan         0.782166    nan         3600        86.227545   0.019333    0.279877    6.625311    3.288574   
[36mINFO[0m 08/06 22:34:43 | 0.777990    0.785987    0.000000    0.956704    nan         nan         0.145918    nan         0.929095    nan         0.952991    nan         0.988024    nan         0.777990    nan         0.785987    nan         3800        91.017964   0.024656    0.285731    6.529217    3.288574   
[36mINFO[0m 08/06 22:35:47 | 0.816158    0.814013    0.000000    0.964016    nan         nan         0.122983    nan         0.943765    nan         0.957265    nan         0.991018    nan         0.816158    nan         0.814013    nan         4000        95.808383   0.012520    0.282158    7.366873    3.288574   
[36mINFO[0m 08/06 22:36:50 | 0.765585    0.746497    0.000000    0.967111    nan         nan         0.129733    nan         0.963325    nan         0.967949    nan         0.970060    nan         0.765585    nan         0.746497    nan         4200        100.598802  0.022472    0.281420    7.200765    3.288574   
[36mINFO[0m 08/06 22:37:54 | 0.813295    0.814013    0.000000    0.975705    nan         nan         0.107986    nan         0.960880    nan         0.972222    nan         0.994012    nan         0.813295    nan         0.814013    nan         4400        105.389222  0.016325    0.287131    6.564401    3.288574   
[36mINFO[0m 08/06 22:38:57 | 0.737277    0.719745    0.000000    0.962366    nan         nan         0.155237    nan         0.948655    nan         0.959402    nan         0.979042    nan         0.737277    nan         0.719745    nan         4600        110.179641  0.011300    0.283391    6.430939    3.288574   
[36mINFO[0m 08/06 22:40:01 | 0.695611    0.676433    0.000000    0.962366    nan         nan         0.147162    nan         0.948655    nan         0.959402    nan         0.979042    nan         0.695611    nan         0.676433    nan         4800        114.970060  0.028845    0.287818    6.514526    3.288574   
[36mINFO[0m 08/06 22:41:05 | 0.771310    0.752866    0.000000    0.957291    nan         nan         0.187840    nan         0.919315    nan         0.961538    nan         0.991018    nan         0.771310    nan         0.752866    nan         5000        119.760479  0.007424    0.282728    6.695334    3.288574   
[36mINFO[0m 08/06 22:41:05 | ---
[36mINFO[0m 08/06 22:41:05 | oracle = 86.069%
[36mINFO[0m 08/06 22:41:05 | iid = 86.069%
[36mINFO[0m 08/06 22:41:05 | last = 77.131%
[36mINFO[0m 08/06 22:41:05 | last (inD) = 95.729%
[36mINFO[0m 08/06 22:41:05 | iid (inD) = 97.643%
[36mINFO[0m 08/06 22:41:05 | === Summary ===
[36mINFO[0m 08/06 22:41:05 | Command: /home/s21_yhr/lzh/new/DomainBed-new/train_all.py PACS_Arith_seed1 --dataset PACS --data_dir /home/s21_yhr/lzh/new/DomainBed-new/dataset --algorithm Arith --steps 5000 --checkpoint_freq 200 --batch_size 32 --optimizer adam --lr 5e-5 --weight_decay 0 --resnet_dropout 0 --resnet18 False --pretrained True --freeze_bn True --swad False --seed 1 --trial_seed 1 --deterministic --cache disk --prebuild_loader --image_size 224 --arith_meta_lr 0.01
[36mINFO[0m 08/06 22:41:05 | Unique name: 260806_20-56-57_PACS_Arith_seed1
[36mINFO[0m 08/06 22:41:05 | Out path: train_output/PACS/260806_20-56-57_PACS_Arith_seed1
[36mINFO[0m 08/06 22:41:05 | Algorithm: Arith
[36mINFO[0m 08/06 22:41:05 | Dataset: PACS
+------------+--------------+---------+---------+---------+---------+
| Selection  | art_painting | cartoon |  photo  |  sketch |   Avg.  |
+------------+--------------+---------+---------+---------+---------+
|   oracle   |   88.347%    | 84.328% | 95.284% | 86.069% | 88.507% |
|    iid     |   81.086%    | 82.196% | 95.210% | 86.069% | 86.140% |
|    last    |   80.293%    | 80.810% | 95.284% | 77.131% | 83.380% |
| last (inD) |   95.663%    | 96.355% | 95.095% | 95.729% | 95.711% |
| iid (inD)  |   97.585%    | 97.031% | 96.485% | 97.643% | 97.186% |
+------------+--------------+---------+---------+---------+---------+
================================================================================
Starting Arith, seed=2, physical GPU=2
/home/s21_yhr/miniconda3/envs/GGA/bin/python /home/s21_yhr/lzh/new/DomainBed-new/train_all.py PACS_Arith_seed2 --dataset PACS --data_dir /home/s21_yhr/lzh/new/DomainBed-new/dataset --algorithm Arith --steps 5000 --checkpoint_freq 200 --batch_size 32 --optimizer adam --lr 5e-5 --weight_decay 0 --resnet_dropout 0 --resnet18 False --pretrained True --freeze_bn True --swad False --seed 2 --trial_seed 2 --deterministic --cache disk --prebuild_loader --image_size 224 --arith_meta_lr 0.01
================================================================================
[36mINFO[0m 08/06 22:41:13 | Command :: /home/s21_yhr/lzh/new/DomainBed-new/train_all.py PACS_Arith_seed2 --dataset PACS --data_dir /home/s21_yhr/lzh/new/DomainBed-new/dataset --algorithm Arith --steps 5000 --checkpoint_freq 200 --batch_size 32 --optimizer adam --lr 5e-5 --weight_decay 0 --resnet_dropout 0 --resnet18 False --pretrained True --freeze_bn True --swad False --seed 2 --trial_seed 2 --deterministic --cache disk --prebuild_loader --image_size 224 --arith_meta_lr 0.01
Environment:
	Python: 3.11.15
	PyTorch: 2.11.0+cu128
	Torchvision: 0.26.0+cu128
	CUDA: 12.8
	CUDNN: 91900
	NumPy: 1.26.4
	PIL: 12.2.0
Args:
	algorithm: Arith
	batch_size: 32
	cache: disk
	cache_root: cache
	cache_size: None
	checkpoint_freq: 200
	configs: []
	data_dir: /home/s21_yhr/lzh/new/DomainBed-new/dataset
	dataset: PACS
	debug: False
	deterministic: True
	end_step: 200
	evalmode: fast
	extra_search: n
	extra_search_end: None
	extra_search_start: None
	gga_l_gamma: 0.001
	grad_fn: sum
	holdout_fraction: 0.2
	model_save: None
	name: PACS_Arith_seed2
	neighborhoodSize: 1e-06
	out_dir: train_output/PACS/260806_22-41-13_PACS_Arith_seed2
	out_root: train_output/PACS
	prebuild_loader: True
	q_steps: 2000
	quant: 0
	resize_mode: stretch
	saliency: False
	saliency_cmap: jet
	saliency_every: 0
	saliency_noise: 0.15
	saliency_num: 16
	saliency_samples: 25
	saliency_split: test_in
	seed: 2
	show: False
	start_step: 100
	steps: 5000
	tb_freq: 10
	test_envs: None
	train_output: train_output
	trial_seed: 2
	unique_name: 260806_22-41-13_PACS_Arith_seed2
	work_dir: .
HParams:
	data_augmentation: True
	val_augment: False
	[36mresnet18: False
	[0m[36mresnet_dropout: 0
	[0mclass_balanced: False
	[36moptimizer: adam
	[0m[36mfreeze_bn: True
	[0m[36mpretrained: True
	[0m[36mimage_size: 224
	[0m[36mlr: 5e-05
	[0mbatch_size: 32
	[36mweight_decay: 0
	[0m[36marith_meta_lr: 0.01
	[0m[36mswad: False
	[0mswad_kwargs: 
	  n_converge: 3
	  n_tolerance: 6
	  tolerance_ratio: 0.3
	test_batchsize: 128
	indomain_test: False
	grad_fn: sum
	extra_search: n
	logdir: train_output/PACS/260806_22-41-13_PACS_Arith_seed2
	neighborhoodSize: 1e-06
	start_step: 100
	end_step: 200
	extra_search_start: None
	extra_search_end: None
	gga_l_gamma: 0.001
Dataset:
	[PACS] #envs=4, #classes=7
	env0: art_painting (#2048)
	env1: cartoon (#2344)
	env2: photo (#1670)
	env3: sketch (#3929)

[36mINFO[0m 08/06 22:41:13 | n_steps = 5000
[36mINFO[0m 08/06 22:41:13 | checkpoint_freq = 200
[36mINFO[0m 08/06 22:41:13 | n_steps is updated to 5000 => 5001 for checkpointing
[36mINFO[0m 08/06 22:41:13 | Target test envs = [[0], [1], [2], [3]]
[36mINFO[0m 08/06 22:41:13 | 
[36mINFO[0m 08/06 22:41:13 | Testenv name escaping te_art_painting -> te_art_painting
[36mINFO[0m 08/06 22:41:13 | Test envs = [0], name = te_art_painting
[36mINFO[0m 08/06 22:41:13 | Batch sizes for each domain: [0, 32, 32, 32] (total=96)
[36mINFO[0m 08/06 22:41:13 | steps-per-epoch for each domain: 58.62, 41.75, 98.25 -> min = 41.75
/home/s21_yhr/miniconda3/envs/GGA/lib/python3.11/site-packages/torchvision/models/_utils.py:208: UserWarning: The parameter 'pretrained' is deprecated since 0.13 and may be removed in the future, please use 'weights' instead.
  warnings.warn(
/home/s21_yhr/miniconda3/envs/GGA/lib/python3.11/site-packages/torchvision/models/_utils.py:223: UserWarning: Arguments other than a weight enum or `None` for 'weights' are deprecated since 0.13 and may be removed in the future. The current behavior is equivalent to passing `weights=ResNet50_Weights.IMAGENET1K_V1`. You can also use `weights=ResNet50_Weights.DEFAULT` to get the most up-to-date weights.
  warnings.warn(msg)
[36mINFO[0m 08/06 22:41:19 | # of params = 23522375
[36mINFO[0m 08/06 22:41:25 | test_in     test_out    train_in    train_out   test_in_au  test_out_a  train_out_  tr_outloss  env0_in     env0_in_au  env0_out    env0_out_a  env1_out    env1_out_a  env2_out    env2_out_a  env3_out    env3_out_a  step        epoch       loss        step_time   eval_time   mem_gb     
[36mINFO[0m 08/06 22:41:25 | 0.297132    0.278729    0.000000    0.282565    nan         nan         nan         1.851537    0.297132    nan         0.278729    nan         0.226496    nan         0.407186    nan         0.214013    nan         0           0.000000    1.975718    1.196026    4.975012    3.019576   
[36mINFO[0m 08/06 22:42:30 | 0.804149    0.804401    0.000000    0.945494    nan         nan         nan         0.155466    0.804149    nan         0.804401    nan         0.944444    nan         0.985030    nan         0.907006    nan         200         4.790419    0.401678    0.300035    4.845556    3.290771   
[36mINFO[0m 08/06 22:43:31 | 0.812081    0.804401    0.000000    0.954727    nan         nan         nan         0.138552    0.812081    nan         0.804401    nan         0.963675    nan         0.982036    nan         0.918471    nan         400         9.580838    0.107195    0.280386    4.645792    3.290771   
[36mINFO[0m 08/06 22:44:35 | 0.836486    0.831296    0.000000    0.968484    nan         nan         nan         0.112861    0.836486    nan         0.831296    nan         0.959402    nan         0.997006    nan         0.949045    nan         600         14.371257   0.072371    0.296201    4.709847    3.290771   
[36mINFO[0m 08/06 22:45:34 | 0.793167    0.779951    0.000000    0.945883    nan         nan         nan         0.173614    0.793167    nan         0.779951    nan         0.938034    nan         0.976048    nan         0.923567    nan         800         19.161677   0.065197    0.272352    4.215421    3.290771   
[36mINFO[0m 08/06 22:46:34 | 0.837096    0.853301    0.000000    0.964645    nan         nan         nan         0.111106    0.837096    nan         0.853301    nan         0.967949    nan         0.982036    nan         0.943949    nan         1000        23.952096   0.073103    0.281012    4.486045    3.290771   
[36mINFO[0m 08/06 22:47:36 | 0.832215    0.823961    0.000000    0.959718    nan         nan         nan         0.147028    0.832215    nan         0.823961    nan         0.963675    nan         0.997006    nan         0.918471    nan         1200        28.742515   0.034930    0.284521    4.459214    3.290771   
[36mINFO[0m 08/06 22:48:37 | 0.866382    0.875306    0.000000    0.957708    nan         nan         nan         0.142439    0.866382    nan         0.875306    nan         0.957265    nan         0.991018    nan         0.924841    nan         1400        33.532934   0.021590    0.283547    4.336159    3.290771   
[36mINFO[0m 08/06 22:49:39 | 0.734594    0.740831    0.000000    0.956222    nan         nan         nan         0.157275    0.734594    nan         0.740831    nan         0.961538    nan         0.958084    nan         0.949045    nan         1600        38.323353   0.024700    0.287301    4.676542    3.290771   
[36mINFO[0m 08/06 22:50:40 | 0.837706    0.809291    0.000000    0.952567    nan         nan         nan         0.195069    0.837706    nan         0.809291    nan         0.952991    nan         0.976048    nan         0.928662    nan         1800        43.113772   0.022561    0.282761    4.220278    3.290771   
[36mINFO[0m 08/06 22:51:41 | 0.826724    0.828851    0.000000    0.967202    nan         nan         nan         0.120773    0.826724    nan         0.828851    nan         0.965812    nan         0.988024    nan         0.947771    nan         2000        47.904192   0.025875    0.284286    4.380851    3.290771   
[36mINFO[0m 08/06 22:52:42 | 0.754728    0.760391    0.000000    0.949849    nan         nan         nan         0.140694    0.754728    nan         0.760391    nan         0.952991    nan         0.964072    nan         0.932484    nan         2200        52.694611   0.016936    0.280599    4.527923    3.290771   
[36mINFO[0m 08/06 22:53:43 | 0.832825    0.853301    0.000000    0.967343    nan         nan         nan         0.119256    0.832825    nan         0.853301    nan         0.972222    nan         0.982036    nan         0.947771    nan         2400        57.485030   0.018627    0.284688    4.467923    3.290771   
[36mINFO[0m 08/06 22:54:45 | 0.818792    0.799511    0.000000    0.958827    nan         nan         nan         0.131963    0.818792    nan         0.799511    nan         0.967949    nan         0.976048    nan         0.932484    nan         2600        62.275449   0.033647    0.283597    4.894509    3.290771   
[36mINFO[0m 08/06 22:55:45 | 0.826724    0.821516    0.000000    0.958825    nan         nan         nan         0.132694    0.826724    nan         0.821516    nan         0.963675    nan         0.979042    nan         0.933758    nan         2800        67.065868   0.021300    0.280572    4.412962    3.290771   
[36mINFO[0m 08/06 22:56:46 | 0.807810    0.782396    0.000000    0.955115    nan         nan         nan         0.143831    0.807810    nan         0.782396    nan         0.952991    nan         0.976048    nan         0.936306    nan         3000        71.856287   0.015380    0.283385    4.242983    3.290771   
[36mINFO[0m 08/06 22:57:47 | 0.820622    0.804401    0.000000    0.969329    nan         nan         nan         0.096282    0.820622    nan         0.804401    nan         0.974359    nan         0.982036    nan         0.951592    nan         3200        76.646707   0.021000    0.282852    4.496575    3.290771   
[36mINFO[0m 08/06 22:58:49 | 0.809640    0.821516    0.000000    0.965065    nan         nan         nan         0.117333    0.809640    nan         0.821516    nan         0.959402    nan         0.988024    nan         0.947771    nan         3400        81.437126   0.013894    0.285196    4.497147    3.290771   
[36mINFO[0m 08/06 22:59:50 | 0.794387    0.814181    0.000000    0.957240    nan         nan         nan         0.145529    0.794387    nan         0.814181    nan         0.957265    nan         0.973054    nan         0.941401    nan         3600        86.227545   0.015697    0.283113    4.422530    3.290771   
[36mINFO[0m 08/06 23:00:52 | 0.823063    0.833741    0.000000    0.957389    nan         nan         nan         0.151128    0.823063    nan         0.833741    nan         0.957265    nan         0.976048    nan         0.938854    nan         3800        91.017964   0.011242    0.285952    4.316267    3.290771   
[36mINFO[0m 08/06 23:01:52 | 0.800488    0.804401    0.000000    0.952019    nan         nan         nan         0.211624    0.800488    nan         0.804401    nan         0.961538    nan         0.976048    nan         0.918471    nan         4000        95.808383   0.016082    0.283322    4.214587    3.290771   
[36mINFO[0m 08/06 23:02:53 | 0.821843    0.831296    0.000000    0.967903    nan         nan         nan         0.120344    0.821843    nan         0.831296    nan         0.965812    nan         0.985030    nan         0.952866    nan         4200        100.598802  0.012225    0.282308    4.582663    3.290771   
[36mINFO[0m 08/06 23:03:55 | 0.855400    0.843521    0.000000    0.965369    nan         nan         nan         0.123726    0.855400    nan         0.843521    nan         0.972222    nan         0.985030    nan         0.938854    nan         4400        105.389222  0.016047    0.285635    4.493851    3.290771   
[36mINFO[0m 08/06 23:04:56 | 0.821843    0.836186    0.000000    0.958686    nan         nan         nan         0.160390    0.821843    nan         0.836186    nan         0.961538    nan         0.982036    nan         0.932484    nan         4600        110.179641  0.017829    0.281484    4.421175    3.290771   
[36mINFO[0m 08/06 23:05:56 | 0.829774    0.828851    0.000000    0.961938    nan         nan         nan         0.165009    0.829774    nan         0.828851    nan         0.970085    nan         0.973054    nan         0.942675    nan         4800        114.970060  0.007642    0.277351    4.436542    3.290771   
[36mINFO[0m 08/06 23:06:57 | 0.812691    0.816626    0.000000    0.958668    nan         nan         nan         0.160152    0.812691    nan         0.816626    nan         0.970085    nan         0.967066    nan         0.938854    nan         5000        119.760479  0.011164    0.284795    4.363986    3.290771   
[36mINFO[0m 08/06 23:06:57 | ---
[36mINFO[0m 08/06 23:06:57 | oracle = 86.638%
[36mINFO[0m 08/06 23:06:57 | iid = 82.062%
[36mINFO[0m 08/06 23:06:57 | last = 81.269%
[36mINFO[0m 08/06 23:06:57 | last (inD) = 95.867%
[36mINFO[0m 08/06 23:06:57 | iid (inD) = 96.933%
[36mINFO[0m 08/06 23:06:58 | 
[36mINFO[0m 08/06 23:06:58 | Testenv name escaping te_cartoon -> te_cartoon
[36mINFO[0m 08/06 23:06:58 | Test envs = [1], name = te_cartoon
[36mINFO[0m 08/06 23:06:58 | Batch sizes for each domain: [32, 0, 32, 32] (total=96)
[36mINFO[0m 08/06 23:06:58 | steps-per-epoch for each domain: 51.22, 41.75, 98.25 -> min = 41.75
[36mINFO[0m 08/06 23:07:04 | # of params = 23522375
[36mINFO[0m 08/06 23:07:09 | test_in     test_out    train_in    train_out   test_in_au  train_out_  tr_outloss  test_out_a  env0_out    env0_out_a  env1_in     env1_in_au  env1_out    env1_out_a  env2_out    env2_out_a  env3_out    env3_out_a  step        epoch       loss        step_time   eval_time   mem_gb     
[36mINFO[0m 08/06 23:07:09 | 0.216951    0.207265    0.000000    0.289629    nan         nan         1.877837    nan         0.295844    nan         0.216951    nan         0.207265    nan         0.383234    nan         0.189809    nan         0           0.000000    2.042800    0.306825    4.944922    3.019454   
[36mINFO[0m 08/06 23:08:10 | 0.785181    0.792735    0.000000    0.949282    nan         nan         0.133308    nan         0.931540    nan         0.785181    nan         0.792735    nan         0.994012    nan         0.922293    nan         200         4.790419    0.406414    0.280030    4.916644    3.288574   
[36mINFO[0m 08/06 23:09:11 | 0.779318    0.818376    0.000000    0.950521    nan         nan         0.146190    nan         0.933985    nan         0.779318    nan         0.818376    nan         0.994012    nan         0.923567    nan         400         9.580838    0.108643    0.279432    5.011980    3.288574   
[36mINFO[0m 08/06 23:10:14 | 0.763326    0.782051    0.000000    0.956180    nan         nan         0.139052    nan         0.943765    nan         0.763326    nan         0.782051    nan         0.991018    nan         0.933758    nan         600         14.371257   0.088564    0.289515    4.961219    3.288574   
[36mINFO[0m 08/06 23:11:14 | 0.814499    0.833333    0.000000    0.947400    nan         nan         0.189911    nan         0.933985    nan         0.814499    nan         0.833333    nan         0.991018    nan         0.917197    nan         800         19.161677   0.045834    0.274345    5.012430    3.288574   
[36mINFO[0m 08/06 23:12:17 | 0.760128    0.782051    0.000000    0.950304    nan         nan         0.188321    nan         0.938875    nan         0.760128    nan         0.782051    nan         0.991018    nan         0.921019    nan         1000        23.952096   0.056040    0.285290    6.050519    3.288574   
[36mINFO[0m 08/06 23:13:22 | 0.775053    0.811966    0.000000    0.965007    nan         nan         0.118506    nan         0.960880    nan         0.775053    nan         0.811966    nan         0.994012    nan         0.940127    nan         1200        28.742515   0.034578    0.299627    4.721561    3.288574   
[36mINFO[0m 08/06 23:14:25 | 0.811301    0.824786    0.000000    0.953735    nan         nan         0.162591    nan         0.936430    nan         0.811301    nan         0.824786    nan         0.991018    nan         0.933758    nan         1400        33.532934   0.033554    0.293140    4.838251    3.288574   
[36mINFO[0m 08/06 23:15:29 | 0.757463    0.775641    0.000000    0.955790    nan         nan         0.148488    nan         0.941320    nan         0.757463    nan         0.775641    nan         0.991018    nan         0.935032    nan         1600        38.323353   0.033004    0.292712    4.783543    3.288574   
[36mINFO[0m 08/06 23:16:30 | 0.834222    0.844017    0.000000    0.952554    nan         nan         0.171850    nan         0.938875    nan         0.834222    nan         0.844017    nan         0.985030    nan         0.933758    nan         1800        43.113772   0.026883    0.283409    4.630552    3.288574   
[36mINFO[0m 08/06 23:17:32 | 0.780384    0.811966    0.000000    0.941974    nan         nan         0.181763    nan         0.924205    nan         0.780384    nan         0.811966    nan         0.973054    nan         0.928662    nan         2000        47.904192   0.030111    0.283649    4.936082    3.288574   
[36mINFO[0m 08/06 23:18:32 | 0.772388    0.790598    0.000000    0.959119    nan         nan         0.173329    nan         0.946210    nan         0.772388    nan         0.790598    nan         0.991018    nan         0.940127    nan         2200        52.694611   0.029428    0.276820    4.770745    3.288574   
[36mINFO[0m 08/06 23:19:33 | 0.796375    0.816239    0.000000    0.950510    nan         nan         0.238469    nan         0.924205    nan         0.796375    nan         0.816239    nan         0.991018    nan         0.936306    nan         2400        57.485030   0.020949    0.283957    4.917291    3.288574   
[36mINFO[0m 08/06 23:20:35 | 0.807569    0.829060    0.000000    0.954839    nan         nan         0.178807    nan         0.936430    nan         0.807569    nan         0.829060    nan         0.979042    nan         0.949045    nan         2600        62.275449   0.019194    0.284127    4.999439    3.288574   
[36mINFO[0m 08/06 23:21:38 | 0.772921    0.790598    0.000000    0.952809    nan         nan         0.181878    nan         0.938875    nan         0.772921    nan         0.790598    nan         0.973054    nan         0.946497    nan         2800        67.065868   0.056790    0.283758    5.794271    3.288574   
[36mINFO[0m 08/06 23:22:41 | 0.817697    0.839744    0.000000    0.943006    nan         nan         0.230996    nan         0.921760    nan         0.817697    nan         0.839744    nan         0.976048    nan         0.931210    nan         3000        71.856287   0.018576    0.290329    5.087111    3.288574   
[36mINFO[0m 08/06 23:23:43 | 0.817697    0.841880    0.000000    0.962596    nan         nan         0.158312    nan         0.951100    nan         0.817697    nan         0.841880    nan         0.994012    nan         0.942675    nan         3200        76.646707   0.022305    0.282394    4.996473    3.288574   
[36mINFO[0m 08/06 23:24:44 | 0.796908    0.822650    0.000000    0.944587    nan         nan         0.215095    nan         0.911980    nan         0.796908    nan         0.822650    nan         0.988024    nan         0.933758    nan         3400        81.437126   0.024881    0.280458    4.979873    3.288574   
[36mINFO[0m 08/06 23:25:44 | 0.785714    0.799145    0.000000    0.951811    nan         nan         0.172066    nan         0.938875    nan         0.785714    nan         0.799145    nan         0.970060    nan         0.946497    nan         3600        86.227545   0.018665    0.279483    4.906869    3.288574   
[36mINFO[0m 08/06 23:26:47 | 0.786247    0.803419    0.000000    0.940771    nan         nan         0.205263    nan         0.926650    nan         0.786247    nan         0.803419    nan         0.958084    nan         0.937580    nan         3800        91.017964   0.055125    0.285957    5.305487    3.288574   
[36mINFO[0m 08/06 23:27:49 | 0.780384    0.794872    0.000000    0.953348    nan         nan         0.180585    nan         0.941320    nan         0.780384    nan         0.794872    nan         0.976048    nan         0.942675    nan         4000        95.808383   0.021589    0.284113    5.014910    3.288574   
[36mINFO[0m 08/06 23:28:52 | 0.781983    0.822650    0.000000    0.952684    nan         nan         0.172011    nan         0.946210    nan         0.781983    nan         0.822650    nan         0.964072    nan         0.947771    nan         4200        100.598802  0.018881    0.289059    5.040314    3.288574   
[36mINFO[0m 08/06 23:29:52 | 0.780384    0.811966    0.000000    0.948931    nan         nan         0.171405    nan         0.941320    nan         0.780384    nan         0.811966    nan         0.964072    nan         0.941401    nan         4400        105.389222  0.015432    0.278014    4.950896    3.288574   
[36mINFO[0m 08/06 23:30:53 | 0.778785    0.790598    0.000000    0.954070    nan         nan         0.194117    nan         0.941320    nan         0.778785    nan         0.790598    nan         0.982036    nan         0.938854    nan         4600        110.179641  0.011975    0.280333    4.976752    3.288574   
[36mINFO[0m 08/06 23:31:55 | 0.766525    0.786325    0.000000    0.961486    nan         nan         0.160983    nan         0.955990    nan         0.766525    nan         0.786325    nan         0.973054    nan         0.955414    nan         4800        114.970060  0.019207    0.283688    4.997353    3.288574   
[36mINFO[0m 08/06 23:32:56 | 0.808635    0.822650    0.000000    0.954404    nan         nan         0.190255    nan         0.946210    nan         0.808635    nan         0.822650    nan         0.973054    nan         0.943949    nan         5000        119.760479  0.009788    0.281837    4.975981    3.288574   
[36mINFO[0m 08/06 23:32:56 | ---
[36mINFO[0m 08/06 23:32:56 | oracle = 83.422%
[36mINFO[0m 08/06 23:32:56 | iid = 77.505%
[36mINFO[0m 08/06 23:32:56 | last = 80.864%
[36mINFO[0m 08/06 23:32:56 | last (inD) = 95.440%
[36mINFO[0m 08/06 23:32:56 | iid (inD) = 96.501%
[36mINFO[0m 08/06 23:32:57 | 
[36mINFO[0m 08/06 23:32:57 | Testenv name escaping te_photo -> te_photo
[36mINFO[0m 08/06 23:32:57 | Test envs = [2], name = te_photo
[36mINFO[0m 08/06 23:32:57 | Batch sizes for each domain: [32, 32, 0, 32] (total=96)
[36mINFO[0m 08/06 23:32:57 | steps-per-epoch for each domain: 51.22, 58.62, 98.25 -> min = 51.22
[36mINFO[0m 08/06 23:33:03 | # of params = 23522375
[36mINFO[0m 08/06 23:33:08 | test_in     test_out    train_in    train_out   test_in_au  train_out_  tr_outloss  test_out_a  env0_out    env0_out_a  env1_out    env1_out_a  env2_in     env2_in_au  env2_out    env2_out_a  env3_out    env3_out_a  step        epoch       loss        step_time   eval_time   mem_gb     
[36mINFO[0m 08/06 23:33:08 | 0.323353    0.320359    0.000000    0.249191    nan         nan         1.891217    nan         0.227384    nan         0.202991    nan         0.323353    nan         0.320359    nan         0.317197    nan         0           0.000000    2.053431    0.296366    4.558875    3.019454   
[36mINFO[0m 08/06 23:34:08 | 0.958084    0.973054    0.000000    0.927321    nan         nan         0.205926    nan         0.926650    nan         0.950855    nan         0.958084    nan         0.973054    nan         0.904459    nan         200         3.904820    0.540153    0.280630    4.331416    3.288574   
[36mINFO[0m 08/06 23:35:09 | 0.964072    0.961078    0.000000    0.934882    nan         nan         0.185591    nan         0.941320    nan         0.942308    nan         0.964072    nan         0.961078    nan         0.921019    nan         400         7.809640    0.151769    0.278574    5.077023    3.288574   
[36mINFO[0m 08/06 23:36:10 | 0.955090    0.964072    0.000000    0.950477    nan         nan         0.149799    nan         0.953545    nan         0.967949    nan         0.955090    nan         0.964072    nan         0.929936    nan         600         11.714460   0.097339    0.280991    4.335884    3.288574   
[36mINFO[0m 08/06 23:37:10 | 0.949850    0.949102    0.000000    0.937471    nan         nan         0.218576    nan         0.921760    nan         0.965812    nan         0.949850    nan         0.949102    nan         0.924841    nan         800         15.619280   0.081973    0.281129    4.370411    3.288574   
[36mINFO[0m 08/06 23:37:56 | 0.964820    0.967066    0.000000    0.948477    nan         nan         0.176847    nan         0.943765    nan         0.961538    nan         0.964820    nan         0.967066    nan         0.940127    nan         1000        19.524100   0.045650    0.213576    2.486222    3.288574   
[36mINFO[0m 08/06 23:38:29 | 0.956587    0.979042    0.000000    0.938690    nan         nan         0.209900    nan         0.941320    nan         0.935897    nan         0.956587    nan         0.979042    nan         0.938854    nan         1200        23.428920   0.044809    0.156130    2.454089    3.288574   
[36mINFO[0m 08/06 23:39:04 | 0.950599    0.952096    0.000000    0.946169    nan         nan         0.264945    nan         0.946210    nan         0.957265    nan         0.950599    nan         0.952096    nan         0.935032    nan         1400        27.333740   0.030149    0.158520    2.747567    3.288574   
[36mINFO[0m 08/06 23:39:37 | 0.952096    0.946108    0.000000    0.957216    nan         nan         0.197129    nan         0.938875    nan         0.978632    nan         0.952096    nan         0.946108    nan         0.954140    nan         1600        31.238560   0.046697    0.152822    2.437970    3.288574   
[36mINFO[0m 08/06 23:40:11 | 0.958084    0.970060    0.000000    0.940991    nan         nan         0.171944    nan         0.931540    nan         0.955128    nan         0.958084    nan         0.970060    nan         0.936306    nan         1800        35.143380   0.042627    0.159081    2.464756    3.288574   
[36mINFO[0m 08/06 23:40:47 | 0.954341    0.955090    0.000000    0.951141    nan         nan         0.179307    nan         0.955990    nan         0.963675    nan         0.954341    nan         0.955090    nan         0.933758    nan         2000        39.048200   0.021612    0.162997    2.891318    3.288574   
[36mINFO[0m 08/06 23:41:21 | 0.940868    0.931138    0.000000    0.940019    nan         nan         0.220254    nan         0.931540    nan         0.963675    nan         0.940868    nan         0.931138    nan         0.924841    nan         2200        42.953020   0.040910    0.160597    2.469428    3.288574   
[36mINFO[0m 08/06 23:41:54 | 0.954341    0.952096    0.000000    0.956915    nan         nan         0.184677    nan         0.958435    nan         0.965812    nan         0.954341    nan         0.952096    nan         0.946497    nan         2400        46.857840   0.029266    0.152926    2.530564    3.288574   
[36mINFO[0m 08/06 23:42:33 | 0.940868    0.907186    0.000000    0.943717    nan         nan         0.215133    nan         0.931540    nan         0.972222    nan         0.940868    nan         0.907186    nan         0.927389    nan         2600        50.762660   0.028096    0.173873    3.581117    3.288574   
[36mINFO[0m 08/06 23:43:08 | 0.951347    0.958084    0.000000    0.952347    nan         nan         0.179217    nan         0.941320    nan         0.967949    nan         0.951347    nan         0.958084    nan         0.947771    nan         2800        54.667480   0.023471    0.165392    2.475494    3.288574   
[36mINFO[0m 08/06 23:43:42 | 0.935629    0.955090    0.000000    0.948409    nan         nan         0.199539    nan         0.938875    nan         0.963675    nan         0.935629    nan         0.955090    nan         0.942675    nan         3000        58.572300   0.024081    0.154954    2.772173    3.288574   
[36mINFO[0m 08/06 23:44:16 | 0.943862    0.937126    0.000000    0.946011    nan         nan         0.237169    nan         0.938875    nan         0.967949    nan         0.943862    nan         0.937126    nan         0.931210    nan         3200        62.477120   0.019374    0.155749    2.476198    3.288574   
[36mINFO[0m 08/06 23:44:49 | 0.949102    0.943114    0.000000    0.944539    nan         nan         0.207052    nan         0.941320    nan         0.957265    nan         0.949102    nan         0.943114    nan         0.935032    nan         3400        66.381940   0.027982    0.153474    2.459069    3.288574   
[36mINFO[0m 08/06 23:45:22 | 0.935629    0.922156    0.000000    0.955011    nan         nan         0.183632    nan         0.943765    nan         0.972222    nan         0.935629    nan         0.922156    nan         0.949045    nan         3600        70.286760   0.017049    0.154589    2.484616    3.288574   
[36mINFO[0m 08/06 23:45:56 | 0.949102    0.949102    0.000000    0.948683    nan         nan         0.165052    nan         0.938875    nan         0.959402    nan         0.949102    nan         0.949102    nan         0.947771    nan         3800        74.191580   0.019124    0.155986    2.457914    3.288574   
[36mINFO[0m 08/06 23:46:31 | 0.946108    0.943114    0.000000    0.946066    nan         nan         0.195009    nan         0.933985    nan         0.961538    nan         0.946108    nan         0.943114    nan         0.942675    nan         4000        78.096400   0.057584    0.161193    2.460466    3.288574   
[36mINFO[0m 08/06 23:47:04 | 0.933383    0.934132    0.000000    0.944642    nan         nan         0.217423    nan         0.933985    nan         0.957265    nan         0.933383    nan         0.934132    nan         0.942675    nan         4200        82.001220   0.025431    0.153055    2.500943    3.288574   
[36mINFO[0m 08/06 23:47:38 | 0.943862    0.934132    0.000000    0.951463    nan         nan         0.184980    nan         0.943765    nan         0.967949    nan         0.943862    nan         0.934132    nan         0.942675    nan         4400        85.906040   0.014381    0.156775    2.469483    3.288574   
[36mINFO[0m 08/06 23:48:11 | 0.951347    0.937126    0.000000    0.958524    nan         nan         0.176475    nan         0.955990    nan         0.974359    nan         0.951347    nan         0.937126    nan         0.945223    nan         4600        89.810860   0.021758    0.155467    2.460224    3.288574   
[36mINFO[0m 08/06 23:48:45 | 0.943862    0.937126    0.000000    0.949340    nan         nan         0.209298    nan         0.943765    nan         0.967949    nan         0.943862    nan         0.937126    nan         0.936306    nan         4800        93.715680   0.015672    0.155572    2.464228    3.288574   
[36mINFO[0m 08/06 23:49:19 | 0.934132    0.919162    0.000000    0.945368    nan         nan         0.234590    nan         0.914425    nan         0.970085    nan         0.934132    nan         0.919162    nan         0.951592    nan         5000        97.620500   0.012866    0.154749    2.887096    3.288574   
[36mINFO[0m 08/06 23:49:19 | ---
[36mINFO[0m 08/06 23:49:19 | oracle = 95.659%
[36mINFO[0m 08/06 23:49:19 | iid = 95.135%
[36mINFO[0m 08/06 23:49:19 | last = 93.413%
[36mINFO[0m 08/06 23:49:19 | last (inD) = 94.537%
[36mINFO[0m 08/06 23:49:19 | iid (inD) = 95.852%
[36mINFO[0m 08/06 23:49:20 | 
[36mINFO[0m 08/06 23:49:20 | Testenv name escaping te_sketch -> te_sketch
[36mINFO[0m 08/06 23:49:20 | Test envs = [3], name = te_sketch
[36mINFO[0m 08/06 23:49:20 | Batch sizes for each domain: [32, 32, 32, 0] (total=96)
[36mINFO[0m 08/06 23:49:20 | steps-per-epoch for each domain: 51.22, 58.62, 41.75 -> min = 41.75
[36mINFO[0m 08/06 23:49:24 | # of params = 23522375
[36mINFO[0m 08/06 23:49:28 | test_in     test_out    train_in    train_out   test_in_au  train_out_  tr_outloss  test_out_a  env0_out    env0_out_a  env1_out    env1_out_a  env2_out    env2_out_a  env3_in     env3_in_au  env3_out    env3_out_a  step        epoch       loss        step_time   eval_time   mem_gb     
[36mINFO[0m 08/06 23:49:28 | 0.084288    0.086624    0.000000    0.282146    nan         nan         1.884944    nan         0.195599    nan         0.168803    nan         0.482036    nan         0.084288    nan         0.086624    nan         0           0.000000    1.956706    0.182920    3.920838    3.019454   
[36mINFO[0m 08/06 23:50:04 | 0.729644    0.721019    0.000000    0.967908    nan         nan         0.100139    nan         0.958435    nan         0.957265    nan         0.988024    nan         0.729644    nan         0.721019    nan         200         4.790419    0.417403    0.162483    4.133703    3.288574   
[36mINFO[0m 08/06 23:50:39 | 0.691158    0.692994    0.000000    0.965418    nan         nan         0.115788    nan         0.936430    nan         0.965812    nan         0.994012    nan         0.691158    nan         0.692994    nan         400         9.580838    0.099441    0.153199    3.873835    3.288574   
[36mINFO[0m 08/06 23:51:16 | 0.760814    0.749045    0.000000    0.964713    nan         nan         0.110275    nan         0.953545    nan         0.946581    nan         0.994012    nan         0.760814    nan         0.749045    nan         600         14.371257   0.138477    0.163976    3.881196    3.288574   
[36mINFO[0m 08/06 23:51:51 | 0.765903    0.754140    0.000000    0.957907    nan         nan         0.164817    nan         0.933985    nan         0.948718    nan         0.991018    nan         0.765903    nan         0.754140    nan         800         19.161677   0.042516    0.157111    3.865075    3.288574   
[36mINFO[0m 08/06 23:52:27 | 0.701018    0.690446    0.000000    0.964237    nan         nan         0.108878    nan         0.938875    nan         0.965812    nan         0.988024    nan         0.701018    nan         0.690446    nan         1000        23.952096   0.025438    0.160736    3.827665    3.288574   
[36mINFO[0m 08/06 23:53:02 | 0.727735    0.738854    0.000000    0.961366    nan         nan         0.121777    nan         0.931540    nan         0.961538    nan         0.991018    nan         0.727735    nan         0.738854    nan         1200        28.742515   0.210732    0.154532    3.936174    3.288574   
[36mINFO[0m 08/06 23:53:38 | 0.795483    0.788535    0.000000    0.963402    nan         nan         0.137546    nan         0.946210    nan         0.967949    nan         0.976048    nan         0.795483    nan         0.788535    nan         1400        33.532934   0.028049    0.159967    4.140843    3.288574   
[36mINFO[0m 08/06 23:54:12 | 0.753499    0.754140    0.000000    0.961895    nan         nan         0.129760    nan         0.933985    nan         0.963675    nan         0.988024    nan         0.753499    nan         0.754140    nan         1600        38.323353   0.028261    0.152507    3.839934    3.288574   
[36mINFO[0m 08/06 23:54:49 | 0.757316    0.741401    0.000000    0.964766    nan         nan         0.118335    nan         0.941320    nan         0.967949    nan         0.985030    nan         0.757316    nan         0.741401    nan         1800        43.113772   0.022153    0.162292    3.940792    3.288574   
[36mINFO[0m 08/06 23:55:24 | 0.711514    0.735032    0.000000    0.961406    nan         nan         0.138713    nan         0.946210    nan         0.967949    nan         0.970060    nan         0.711514    nan         0.735032    nan         2000        47.904192   0.021096    0.156250    3.773346    3.288574   
[36mINFO[0m 08/06 23:56:00 | 0.840331    0.836943    0.000000    0.964869    nan         nan         0.160139    nan         0.943765    nan         0.965812    nan         0.985030    nan         0.840331    nan         0.836943    nan         2200        52.694611   0.016906    0.161961    3.974248    3.288574   
[36mINFO[0m 08/06 23:56:35 | 0.806298    0.802548    0.000000    0.941228    nan         nan         0.204306    nan         0.916870    nan         0.933761    nan         0.973054    nan         0.806298    nan         0.802548    nan         2400        57.485030   0.057638    0.156412    3.880193    3.288574   
[36mINFO[0m 08/06 23:57:11 | 0.813295    0.810191    0.000000    0.968392    nan         nan         0.098040    nan         0.946210    nan         0.967949    nan         0.991018    nan         0.813295    nan         0.810191    nan         2600        62.275449   0.039414    0.158374    4.260975    3.288574   
[36mINFO[0m 08/06 23:57:46 | 0.832379    0.836943    0.000000    0.960960    nan         nan         0.183988    nan         0.955990    nan         0.965812    nan         0.961078    nan         0.832379    nan         0.836943    nan         2800        67.065868   0.012358    0.152852    3.882799    3.288574   
[36mINFO[0m 08/06 23:58:23 | 0.796438    0.806369    0.000000    0.955766    nan         nan         0.145920    nan         0.933985    nan         0.957265    nan         0.976048    nan         0.796438    nan         0.806369    nan         3000        71.856287   0.035308    0.169747    3.826645    3.288574   
[36mINFO[0m 08/06 23:59:03 | 0.788168    0.775796    0.000000    0.967718    nan         nan         0.118652    nan         0.943765    nan         0.974359    nan         0.985030    nan         0.788168    nan         0.775796    nan         3200        76.646707   0.016935    0.175064    4.257591    3.288574   
[36mINFO[0m 08/06 23:59:39 | 0.810115    0.794904    0.000000    0.968312    nan         nan         0.112184    nan         0.951100    nan         0.965812    nan         0.988024    nan         0.810115    nan         0.794904    nan         3400        81.437126   0.047236    0.163463    3.777528    3.288574   
[36mINFO[0m 08/07 00:00:14 | 0.818066    0.815287    0.000000    0.958146    nan         nan         0.126484    nan         0.936430    nan         0.967949    nan         0.970060    nan         0.818066    nan         0.815287    nan         3600        86.227545   0.018092    0.155020    3.865527    3.288574   
[36mINFO[0m 08/07 00:00:50 | 0.750636    0.749045    0.000000    0.961346    nan         nan         0.133217    nan         0.941320    nan         0.963675    nan         0.979042    nan         0.750636    nan         0.749045    nan         3800        91.017964   0.009936    0.161278    3.856702    3.288574   
[36mINFO[0m 08/07 00:01:25 | 0.760178    0.749045    0.000000    0.966191    nan         nan         0.118517    nan         0.941320    nan         0.972222    nan         0.985030    nan         0.760178    nan         0.749045    nan         4000        95.808383   0.009965    0.154971    4.092952    3.288574   
[36mINFO[0m 08/07 00:02:02 | 0.738550    0.722293    0.000000    0.957168    nan         nan         0.135582    nan         0.926650    nan         0.965812    nan         0.979042    nan         0.738550    nan         0.722293    nan         4200        100.598802  0.016962    0.163538    3.791904    3.288574   
[36mINFO[0m 08/07 00:02:37 | 0.704517    0.704459    0.000000    0.956992    nan         nan         0.150871    nan         0.946210    nan         0.948718    nan         0.976048    nan         0.704517    nan         0.704459    nan         4400        105.389222  0.012412    0.154262    4.359094    3.288574   
[36mINFO[0m 08/07 00:03:13 | 0.816476    0.807643    0.000000    0.962221    nan         nan         0.136629    nan         0.948655    nan         0.967949    nan         0.970060    nan         0.816476    nan         0.807643    nan         4600        110.179641  0.012308    0.157813    3.797503    3.288574   
[36mINFO[0m 08/07 00:03:48 | 0.778626    0.755414    0.000000    0.954974    nan         nan         0.155300    nan         0.938875    nan         0.952991    nan         0.973054    nan         0.778626    nan         0.755414    nan         4800        114.970060  0.017684    0.155627    4.269580    3.288574   
[36mINFO[0m 08/07 00:04:24 | 0.732506    0.733758    0.000000    0.971771    nan         nan         0.105621    nan         0.948655    nan         0.978632    nan         0.988024    nan         0.732506    nan         0.733758    nan         5000        119.760479  0.011320    0.160890    3.859704    3.288574   
[36mINFO[0m 08/07 00:04:24 | ---
[36mINFO[0m 08/07 00:04:24 | oracle = 84.033%
[36mINFO[0m 08/07 00:04:24 | iid = 73.251%
[36mINFO[0m 08/07 00:04:24 | last = 73.251%
[36mINFO[0m 08/07 00:04:24 | last (inD) = 97.177%
[36mINFO[0m 08/07 00:04:24 | iid (inD) = 97.177%
[36mINFO[0m 08/07 00:04:25 | === Summary ===
[36mINFO[0m 08/07 00:04:25 | Command: /home/s21_yhr/lzh/new/DomainBed-new/train_all.py PACS_Arith_seed2 --dataset PACS --data_dir /home/s21_yhr/lzh/new/DomainBed-new/dataset --algorithm Arith --steps 5000 --checkpoint_freq 200 --batch_size 32 --optimizer adam --lr 5e-5 --weight_decay 0 --resnet_dropout 0 --resnet18 False --pretrained True --freeze_bn True --swad False --seed 2 --trial_seed 2 --deterministic --cache disk --prebuild_loader --image_size 224 --arith_meta_lr 0.01
[36mINFO[0m 08/07 00:04:25 | Unique name: 260806_22-41-13_PACS_Arith_seed2
[36mINFO[0m 08/07 00:04:25 | Out path: train_output/PACS/260806_22-41-13_PACS_Arith_seed2
[36mINFO[0m 08/07 00:04:25 | Algorithm: Arith
[36mINFO[0m 08/07 00:04:25 | Dataset: PACS
+------------+--------------+---------+---------+---------+---------+
| Selection  | art_painting | cartoon |  photo  |  sketch |   Avg.  |
+------------+--------------+---------+---------+---------+---------+
|   oracle   |   86.638%    | 83.422% | 95.659% | 84.033% | 87.438% |
|    iid     |   82.062%    | 77.505% | 95.135% | 73.251% | 81.988% |
|    last    |   81.269%    | 80.864% | 93.413% | 73.251% | 82.199% |
| last (inD) |   95.867%    | 95.440% | 94.537% | 97.177% | 95.755% |
| iid (inD)  |   96.933%    | 96.501% | 95.852% | 97.177% | 96.616% |
+------------+--------------+---------+---------+---------+---------+
================================================================================
Starting Arith, seed=3, physical GPU=2
/home/s21_yhr/miniconda3/envs/GGA/bin/python /home/s21_yhr/lzh/new/DomainBed-new/train_all.py PACS_Arith_seed3 --dataset PACS --data_dir /home/s21_yhr/lzh/new/DomainBed-new/dataset --algorithm Arith --steps 5000 --checkpoint_freq 200 --batch_size 32 --optimizer adam --lr 5e-5 --weight_decay 0 --resnet_dropout 0 --resnet18 False --pretrained True --freeze_bn True --swad False --seed 3 --trial_seed 3 --deterministic --cache disk --prebuild_loader --image_size 224 --arith_meta_lr 0.01
================================================================================
[36mINFO[0m 08/07 00:04:31 | Command :: /home/s21_yhr/lzh/new/DomainBed-new/train_all.py PACS_Arith_seed3 --dataset PACS --data_dir /home/s21_yhr/lzh/new/DomainBed-new/dataset --algorithm Arith --steps 5000 --checkpoint_freq 200 --batch_size 32 --optimizer adam --lr 5e-5 --weight_decay 0 --resnet_dropout 0 --resnet18 False --pretrained True --freeze_bn True --swad False --seed 3 --trial_seed 3 --deterministic --cache disk --prebuild_loader --image_size 224 --arith_meta_lr 0.01
Environment:
	Python: 3.11.15
	PyTorch: 2.11.0+cu128
	Torchvision: 0.26.0+cu128
	CUDA: 12.8
	CUDNN: 91900
	NumPy: 1.26.4
	PIL: 12.2.0
Args:
	algorithm: Arith
	batch_size: 32
	cache: disk
	cache_root: cache
	cache_size: None
	checkpoint_freq: 200
	configs: []
	data_dir: /home/s21_yhr/lzh/new/DomainBed-new/dataset
	dataset: PACS
	debug: False
	deterministic: True
	end_step: 200
	evalmode: fast
	extra_search: n
	extra_search_end: None
	extra_search_start: None
	gga_l_gamma: 0.001
	grad_fn: sum
	holdout_fraction: 0.2
	model_save: None
	name: PACS_Arith_seed3
	neighborhoodSize: 1e-06
	out_dir: train_output/PACS/260807_00-04-31_PACS_Arith_seed3
	out_root: train_output/PACS
	prebuild_loader: True
	q_steps: 2000
	quant: 0
	resize_mode: stretch
	saliency: False
	saliency_cmap: jet
	saliency_every: 0
	saliency_noise: 0.15
	saliency_num: 16
	saliency_samples: 25
	saliency_split: test_in
	seed: 3
	show: False
	start_step: 100
	steps: 5000
	tb_freq: 10
	test_envs: None
	train_output: train_output
	trial_seed: 3
	unique_name: 260807_00-04-31_PACS_Arith_seed3
	work_dir: .
HParams:
	data_augmentation: True
	val_augment: False
	[36mresnet18: False
	[0m[36mresnet_dropout: 0
	[0mclass_balanced: False
	[36moptimizer: adam
	[0m[36mfreeze_bn: True
	[0m[36mpretrained: True
	[0m[36mimage_size: 224
	[0m[36mlr: 5e-05
	[0mbatch_size: 32
	[36mweight_decay: 0
	[0m[36marith_meta_lr: 0.01
	[0m[36mswad: False
	[0mswad_kwargs: 
	  n_converge: 3
	  n_tolerance: 6
	  tolerance_ratio: 0.3
	test_batchsize: 128
	indomain_test: False
	grad_fn: sum
	extra_search: n
	logdir: train_output/PACS/260807_00-04-31_PACS_Arith_seed3
	neighborhoodSize: 1e-06
	start_step: 100
	end_step: 200
	extra_search_start: None
	extra_search_end: None
	gga_l_gamma: 0.001
Dataset:
	[PACS] #envs=4, #classes=7
	env0: art_painting (#2048)
	env1: cartoon (#2344)
	env2: photo (#1670)
	env3: sketch (#3929)

[36mINFO[0m 08/07 00:04:31 | n_steps = 5000
[36mINFO[0m 08/07 00:04:31 | checkpoint_freq = 200
[36mINFO[0m 08/07 00:04:31 | n_steps is updated to 5000 => 5001 for checkpointing
[36mINFO[0m 08/07 00:04:31 | Target test envs = [[0], [1], [2], [3]]
[36mINFO[0m 08/07 00:04:31 | 
[36mINFO[0m 08/07 00:04:32 | Testenv name escaping te_art_painting -> te_art_painting
[36mINFO[0m 08/07 00:04:32 | Test envs = [0], name = te_art_painting
[36mINFO[0m 08/07 00:04:32 | Batch sizes for each domain: [0, 32, 32, 32] (total=96)
[36mINFO[0m 08/07 00:04:32 | steps-per-epoch for each domain: 58.62, 41.75, 98.25 -> min = 41.75
/home/s21_yhr/miniconda3/envs/GGA/lib/python3.11/site-packages/torchvision/models/_utils.py:208: UserWarning: The parameter 'pretrained' is deprecated since 0.13 and may be removed in the future, please use 'weights' instead.
  warnings.warn(
/home/s21_yhr/miniconda3/envs/GGA/lib/python3.11/site-packages/torchvision/models/_utils.py:223: UserWarning: Arguments other than a weight enum or `None` for 'weights' are deprecated since 0.13 and may be removed in the future. The current behavior is equivalent to passing `weights=ResNet50_Weights.IMAGENET1K_V1`. You can also use `weights=ResNet50_Weights.DEFAULT` to get the most up-to-date weights.
  warnings.warn(msg)
[36mINFO[0m 08/07 00:04:35 | # of params = 23522375
[36mINFO[0m 08/07 00:04:39 | test_in     test_out    train_in    train_out   test_in_au  test_out_a  train_out_  tr_outloss  env0_in     env0_in_au  env0_out    env0_out_a  env1_out    env1_out_a  env2_out    env2_out_a  env3_out    env3_out_a  step        epoch       loss        step_time   eval_time   mem_gb     
[36mINFO[0m 08/07 00:04:39 | 0.209274    0.220049    0.000000    0.255622    nan         nan         nan         1.883542    0.209274    nan         0.220049    nan         0.215812    nan         0.278443    nan         0.272611    nan         0           0.000000    2.020910    0.842503    2.900075    3.019576   
[36mINFO[0m 08/07 00:05:14 | 0.795607    0.777506    0.000000    0.936489    nan         nan         nan         0.189124    0.795607    nan         0.777506    nan         0.916667    nan         0.973054    nan         0.919745    nan         200         4.790419    0.445483    0.162105    2.711344    3.290771   
[36mINFO[0m 08/07 00:05:48 | 0.809030    0.792176    0.000000    0.950757    nan         nan         nan         0.173697    0.809030    nan         0.792176    nan         0.963675    nan         0.979042    nan         0.909554    nan         400         9.580838    0.109295    0.157452    2.715016    3.290771   
[36mINFO[0m 08/07 00:06:23 | 0.813911    0.792176    0.000000    0.946345    nan         nan         nan         0.191634    0.813911    nan         0.792176    nan         0.948718    nan         0.982036    nan         0.908280    nan         600         14.371257   0.085119    0.158539    2.788829    3.290771   
[36mINFO[0m 08/07 00:06:57 | 0.860891    0.848411    0.000000    0.967202    nan         nan         nan         0.110565    0.860891    nan         0.848411    nan         0.965812    nan         0.988024    nan         0.947771    nan         800         19.161677   0.063294    0.155417    2.802415    3.290771   
[36mINFO[0m 08/07 00:07:32 | 0.862111    0.838631    0.000000    0.963533    nan         nan         nan         0.129719    0.862111    nan         0.838631    nan         0.974359    nan         0.985030    nan         0.931210    nan         1000        23.952096   0.046480    0.163205    2.715775    3.290771   
[36mINFO[0m 08/07 00:08:06 | 0.789506    0.792176    0.000000    0.948397    nan         nan         nan         0.180373    0.789506    nan         0.792176    nan         0.959402    nan         0.943114    nan         0.942675    nan         1200        28.742515   0.028491    0.155773    2.695887    3.290771   
[36mINFO[0m 08/07 00:08:41 | 0.812691    0.804401    0.000000    0.964774    nan         nan         nan         0.124879    0.812691    nan         0.804401    nan         0.972222    nan         0.973054    nan         0.949045    nan         1400        33.532934   0.084545    0.162806    2.728485    3.290771   
[36mINFO[0m 08/07 00:09:15 | 0.810250    0.831296    0.000000    0.950845    nan         nan         nan         0.173545    0.810250    nan         0.831296    nan         0.948718    nan         0.970060    nan         0.933758    nan         1600        38.323353   0.022160    0.153899    2.733417    3.290771   
[36mINFO[0m 08/07 00:09:50 | 0.834655    0.814181    0.000000    0.971317    nan         nan         nan         0.107957    0.834655    nan         0.814181    nan         0.980769    nan         0.979042    nan         0.954140    nan         1800        43.113772   0.029096    0.161480    2.695090    3.290771   
[36mINFO[0m 08/07 00:10:24 | 0.856620    0.845966    0.000000    0.969619    nan         nan         nan         0.119320    0.856620    nan         0.845966    nan         0.980769    nan         0.979042    nan         0.949045    nan         2000        47.904192   0.016735    0.157155    2.682715    3.290771   
[36mINFO[0m 08/07 00:10:59 | 0.840146    0.804401    0.000000    0.969891    nan         nan         nan         0.100183    0.840146    nan         0.804401    nan         0.972222    nan         0.982036    nan         0.955414    nan         2200        52.694611   0.018699    0.160334    2.702906    3.290771   
[36mINFO[0m 08/07 00:11:32 | 0.822453    0.801956    0.000000    0.969754    nan         nan         nan         0.113876    0.822453    nan         0.801956    nan         0.974359    nan         0.982036    nan         0.952866    nan         2400        57.485030   0.013857    0.154294    2.723220    3.290771   
[36mINFO[0m 08/07 00:12:12 | 0.802929    0.770171    0.000000    0.971039    nan         nan         nan         0.114724    0.802929    nan         0.770171    nan         0.976496    nan         0.985030    nan         0.951592    nan         2600        62.275449   0.021845    0.182122    2.810745    3.290771   
[36mINFO[0m 08/07 00:12:48 | 0.776693    0.755501    0.000000    0.965048    nan         nan         nan         0.151175    0.776693    nan         0.755501    nan         0.967949    nan         0.973054    nan         0.954140    nan         2800        67.065868   0.018242    0.167781    2.670473    3.290771   
[36mINFO[0m 08/07 00:13:22 | 0.721171    0.694377    0.000000    0.965629    nan         nan         nan         0.113172    0.721171    nan         0.694377    nan         0.961538    nan         0.985030    nan         0.950318    nan         3000        71.856287   0.018427    0.158276    2.713595    3.290771   
[36mINFO[0m 08/07 00:13:57 | 0.849298    0.823961    0.000000    0.965069    nan         nan         nan         0.146435    0.849298    nan         0.823961    nan         0.967949    nan         0.982036    nan         0.945223    nan         3200        76.646707   0.014391    0.158526    2.744243    3.290771   
[36mINFO[0m 08/07 00:14:30 | 0.832825    0.799511    0.000000    0.955565    nan         nan         nan         0.187648    0.832825    nan         0.799511    nan         0.961538    nan         0.979042    nan         0.926115    nan         3400        81.437126   0.009592    0.154274    2.728482    3.290771   
[36mINFO[0m 08/07 00:15:05 | 0.854790    0.853301    0.000000    0.959976    nan         nan         nan         0.193325    0.854790    nan         0.853301    nan         0.972222    nan         0.979042    nan         0.928662    nan         3600        86.227545   0.012972    0.158650    2.753409    3.290771   
[36mINFO[0m 08/07 00:15:39 | 0.824893    0.821516    0.000000    0.969331    nan         nan         nan         0.147523    0.824893    nan         0.821516    nan         0.978632    nan         0.979042    nan         0.950318    nan         3800        91.017964   0.016254    0.157542    2.723606    3.290771   
[36mINFO[0m 08/07 00:16:13 | 0.863941    0.855746    0.000000    0.967333    nan         nan         nan         0.121577    0.863941    nan         0.855746    nan         0.974359    nan         0.976048    nan         0.951592    nan         4000        95.808383   0.015706    0.156915    2.697791    3.290771   
[36mINFO[0m 08/07 00:16:47 | 0.829164    0.797066    0.000000    0.962067    nan         nan         nan         0.178295    0.829164    nan         0.797066    nan         0.974359    nan         0.964072    nan         0.947771    nan         4200        100.598802  0.011114    0.154686    2.718683    3.290771   
[36mINFO[0m 08/07 00:17:23 | 0.805979    0.821516    0.000000    0.969754    nan         nan         nan         0.117752    0.805979    nan         0.821516    nan         0.974359    nan         0.982036    nan         0.952866    nan         4400        105.389222  0.011654    0.167493    2.697456    3.290771   
[36mINFO[0m 08/07 00:18:00 | 0.827334    0.819071    0.000000    0.960079    nan         nan         nan         0.180671    0.827334    nan         0.819071    nan         0.967949    nan         0.967066    nan         0.945223    nan         4600        110.179641  0.010002    0.167672    3.670101    3.290771   
[36mINFO[0m 08/07 00:18:34 | 0.768151    0.760391    0.000000    0.949992    nan         nan         nan         0.201428    0.768151    nan         0.760391    nan         0.963675    nan         0.955090    nan         0.931210    nan         4800        114.970060  0.012681    0.156709    2.719489    3.290771   
[36mINFO[0m 08/07 00:19:08 | 0.767541    0.745721    0.000000    0.960529    nan         nan         nan         0.153153    0.767541    nan         0.745721    nan         0.976496    nan         0.970060    nan         0.935032    nan         5000        119.760479  0.018649    0.155094    2.741823    3.290771   
[36mINFO[0m 08/07 00:19:08 | ---
[36mINFO[0m 08/07 00:19:08 | oracle = 86.394%
[36mINFO[0m 08/07 00:19:08 | iid = 83.466%
[36mINFO[0m 08/07 00:19:08 | last = 76.754%
[36mINFO[0m 08/07 00:19:08 | last (inD) = 96.053%
[36mINFO[0m 08/07 00:19:08 | iid (inD) = 97.132%
[36mINFO[0m 08/07 00:19:09 | 
[36mINFO[0m 08/07 00:19:09 | Testenv name escaping te_cartoon -> te_cartoon
[36mINFO[0m 08/07 00:19:09 | Test envs = [1], name = te_cartoon
[36mINFO[0m 08/07 00:19:09 | Batch sizes for each domain: [32, 0, 32, 32] (total=96)
[36mINFO[0m 08/07 00:19:09 | steps-per-epoch for each domain: 51.22, 41.75, 98.25 -> min = 41.75
[36mINFO[0m 08/07 00:19:13 | # of params = 23522375
[36mINFO[0m 08/07 00:19:17 | test_in     test_out    train_in    train_out   test_in_au  train_out_  tr_outloss  test_out_a  env0_out    env0_out_a  env1_in     env1_in_au  env1_out    env1_out_a  env2_out    env2_out_a  env3_out    env3_out_a  step        epoch       loss        step_time   eval_time   mem_gb     
[36mINFO[0m 08/07 00:19:17 | 0.261194    0.288462    0.000000    0.320519    nan         nan         1.828094    nan         0.283619    nan         0.261194    nan         0.288462    nan         0.326347    nan         0.351592    nan         0           0.000000    2.023280    0.215769    3.028343    3.019454   
[36mINFO[0m 08/07 00:19:51 | 0.685501    0.694444    0.000000    0.945636    nan         nan         0.170180    nan         0.946210    nan         0.685501    nan         0.694444    nan         0.976048    nan         0.914650    nan         200         4.790419    0.382367    0.155852    2.950453    3.288574   
[36mINFO[0m 08/07 00:20:25 | 0.757463    0.777778    0.000000    0.956466    nan         nan         0.142210    nan         0.933985    nan         0.757463    nan         0.777778    nan         0.994012    nan         0.941401    nan         400         9.580838    0.118847    0.155344    2.991102    3.288574   
[36mINFO[0m 08/07 00:21:00 | 0.807036    0.841880    0.000000    0.955756    nan         nan         0.140268    nan         0.943765    nan         0.807036    nan         0.841880    nan         0.991018    nan         0.932484    nan         600         14.371257   0.076760    0.160679    2.950131    3.288574   
[36mINFO[0m 08/07 00:21:34 | 0.820896    0.846154    0.000000    0.936301    nan         nan         0.207208    nan         0.885086    nan         0.820896    nan         0.846154    nan         0.976048    nan         0.947771    nan         800         19.161677   0.066633    0.155602    3.127911    3.288574   
[36mINFO[0m 08/07 00:22:09 | 0.774520    0.805556    0.000000    0.956847    nan         nan         0.128175    nan         0.946210    nan         0.774520    nan         0.805556    nan         0.988024    nan         0.936306    nan         1000        23.952096   0.059911    0.161386    2.966434    3.288574   
[36mINFO[0m 08/07 00:22:43 | 0.793710    0.807692    0.000000    0.953680    nan         nan         0.178366    nan         0.938875    nan         0.793710    nan         0.807692    nan         0.982036    nan         0.940127    nan         1200        28.742515   0.040254    0.154611    2.982364    3.288574   
[36mINFO[0m 08/07 00:23:19 | 0.809701    0.826923    0.000000    0.963182    nan         nan         0.152030    nan         0.948655    nan         0.809701    nan         0.826923    nan         0.988024    nan         0.952866    nan         1400        33.532934   0.023321    0.161890    2.862689    3.288574   
[36mINFO[0m 08/07 00:23:53 | 0.817164    0.820513    0.000000    0.959348    nan         nan         0.177770    nan         0.938875    nan         0.817164    nan         0.820513    nan         0.985030    nan         0.954140    nan         1600        38.323353   0.031217    0.154861    2.951013    3.288574   
[36mINFO[0m 08/07 00:24:27 | 0.770256    0.805556    0.000000    0.942145    nan         nan         0.185078    nan         0.911980    nan         0.770256    nan         0.805556    nan         0.973054    nan         0.941401    nan         1800        43.113772   0.023658    0.158361    2.900537    3.288574   
[36mINFO[0m 08/07 00:25:01 | 0.722814    0.756410    0.000000    0.955388    nan         nan         0.202159    nan         0.929095    nan         0.722814    nan         0.756410    nan         0.988024    nan         0.949045    nan         2000        47.904192   0.015721    0.153765    3.110939    3.288574   
[36mINFO[0m 08/07 00:25:36 | 0.776652    0.786325    0.000000    0.945142    nan         nan         0.257676    nan         0.919315    nan         0.776652    nan         0.786325    nan         0.967066    nan         0.949045    nan         2200        52.694611   0.025269    0.159891    2.955238    3.288574   
[36mINFO[0m 08/07 00:26:10 | 0.764392    0.782051    0.000000    0.946034    nan         nan         0.196091    nan         0.919315    nan         0.764392    nan         0.782051    nan         0.985030    nan         0.933758    nan         2400        57.485030   0.029577    0.155681    2.913818    3.288574   
[36mINFO[0m 08/07 00:26:45 | 0.787846    0.831197    0.000000    0.955378    nan         nan         0.161995    nan         0.938875    nan         0.787846    nan         0.831197    nan         0.982036    nan         0.945223    nan         2600        62.275449   0.024124    0.161449    2.912180    3.288574   
[36mINFO[0m 08/07 00:27:20 | 0.814499    0.826923    0.000000    0.949111    nan         nan         0.228416    nan         0.931540    nan         0.814499    nan         0.826923    nan         0.982036    nan         0.933758    nan         2800        67.065868   0.019170    0.156939    2.936027    3.288574   
[36mINFO[0m 08/07 00:27:55 | 0.767591    0.784188    0.000000    0.948067    nan         nan         0.189335    nan         0.924205    nan         0.767591    nan         0.784188    nan         0.976048    nan         0.943949    nan         3000        71.856287   0.024228    0.159667    3.069223    3.288574   
[36mINFO[0m 08/07 00:28:28 | 0.796375    0.811966    0.000000    0.945278    nan         nan         0.189451    nan         0.921760    nan         0.796375    nan         0.811966    nan         0.979042    nan         0.935032    nan         3200        76.646707   0.019991    0.154435    2.890331    3.288574   
[36mINFO[0m 08/07 00:29:04 | 0.778785    0.811966    0.000000    0.951649    nan         nan         0.225517    nan         0.941320    nan         0.778785    nan         0.811966    nan         0.976048    nan         0.937580    nan         3400        81.437126   0.012773    0.161222    2.888388    3.288574   
[36mINFO[0m 08/07 00:29:38 | 0.784115    0.807692    0.000000    0.958948    nan         nan         0.158845    nan         0.946210    nan         0.784115    nan         0.807692    nan         0.979042    nan         0.951592    nan         3600        86.227545   0.016111    0.155474    2.903631    3.288574   
[36mINFO[0m 08/07 00:30:14 | 0.779851    0.803419    0.000000    0.924793    nan         nan         0.313585    nan         0.885086    nan         0.779851    nan         0.803419    nan         0.958084    nan         0.931210    nan         3800        91.017964   0.026336    0.164871    3.818605    3.288574   
[36mINFO[0m 08/07 00:30:48 | 0.777719    0.809829    0.000000    0.951017    nan         nan         0.202036    nan         0.936430    nan         0.777719    nan         0.809829    nan         0.979042    nan         0.937580    nan         4000        95.808383   0.021550    0.153786    2.907999    3.288574   
[36mINFO[0m 08/07 00:31:23 | 0.739872    0.777778    0.000000    0.931920    nan         nan         0.328760    nan         0.914425    nan         0.739872    nan         0.777778    nan         0.973054    nan         0.908280    nan         4200        100.598802  0.012195    0.161888    2.882342    3.288574   
[36mINFO[0m 08/07 00:31:58 | 0.816631    0.829060    0.000000    0.948492    nan         nan         0.207427    nan         0.924205    nan         0.816631    nan         0.829060    nan         0.976048    nan         0.945223    nan         4400        105.389222  0.018243    0.156535    2.878495    3.288574   
[36mINFO[0m 08/07 00:32:33 | 0.796908    0.818376    0.000000    0.954414    nan         nan         0.240319    nan         0.936430    nan         0.796908    nan         0.818376    nan         0.979042    nan         0.947771    nan         4600        110.179641  0.008884    0.161093    2.883209    3.288574   
[36mINFO[0m 08/07 00:33:07 | 0.769190    0.805556    0.000000    0.949524    nan         nan         0.193691    nan         0.921760    nan         0.769190    nan         0.805556    nan         0.979042    nan         0.947771    nan         4800        114.970060  0.023437    0.156307    2.906506    3.288574   
[36mINFO[0m 08/07 00:33:42 | 0.823561    0.858974    0.000000    0.944783    nan         nan         0.217234    nan         0.907090    nan         0.823561    nan         0.858974    nan         0.982036    nan         0.945223    nan         5000        119.760479  0.015555    0.160151    2.982619    3.288574   
[36mINFO[0m 08/07 00:33:42 | ---
[36mINFO[0m 08/07 00:33:42 | oracle = 82.356%
[36mINFO[0m 08/07 00:33:42 | iid = 80.970%
[36mINFO[0m 08/07 00:33:42 | last = 82.356%
[36mINFO[0m 08/07 00:33:42 | last (inD) = 94.478%
[36mINFO[0m 08/07 00:33:42 | iid (inD) = 96.318%
[36mINFO[0m 08/07 00:33:43 | 
[36mINFO[0m 08/07 00:33:43 | Testenv name escaping te_photo -> te_photo
[36mINFO[0m 08/07 00:33:43 | Test envs = [2], name = te_photo
[36mINFO[0m 08/07 00:33:43 | Batch sizes for each domain: [32, 32, 0, 32] (total=96)
[36mINFO[0m 08/07 00:33:43 | steps-per-epoch for each domain: 51.22, 58.62, 98.25 -> min = 51.22
[36mINFO[0m 08/07 00:33:47 | # of params = 23522375
[36mINFO[0m 08/07 00:33:50 | test_in     test_out    train_in    train_out   test_in_au  train_out_  tr_outloss  test_out_a  env0_out    env0_out_a  env1_out    env1_out_a  env2_in     env2_in_au  env2_out    env2_out_a  env3_out    env3_out_a  step        epoch       loss        step_time   eval_time   mem_gb     
[36mINFO[0m 08/07 00:33:50 | 0.345060    0.320359    0.000000    0.262695    nan         nan         1.890201    nan         0.198044    nan         0.369658    nan         0.345060    nan         0.320359    nan         0.220382    nan         0           0.000000    1.967974    0.176771    2.543335    3.019454   
[36mINFO[0m 08/07 00:34:23 | 0.962575    0.979042    0.000000    0.939156    nan         nan         0.198075    nan         0.921760    nan         0.959402    nan         0.962575    nan         0.979042    nan         0.936306    nan         200         3.904820    0.554152    0.153173    2.535275    3.288574   
[36mINFO[0m 08/07 00:34:58 | 0.955838    0.970060    0.000000    0.937690    nan         nan         0.195330    nan         0.926650    nan         0.967949    nan         0.955838    nan         0.970060    nan         0.918471    nan         400         7.809640    0.164814    0.160221    2.487949    3.288574   
[36mINFO[0m 08/07 00:35:32 | 0.960329    0.961078    0.000000    0.927472    nan         nan         0.204596    nan         0.916870    nan         0.957265    nan         0.960329    nan         0.961078    nan         0.908280    nan         600         11.714460   0.097726    0.156831    2.477684    3.288574   
[36mINFO[0m 08/07 00:36:08 | 0.957335    0.961078    0.000000    0.944977    nan         nan         0.166682    nan         0.941320    nan         0.963675    nan         0.957335    nan         0.961078    nan         0.929936    nan         800         15.619280   0.087836    0.167525    2.471805    3.288574   
[36mINFO[0m 08/07 00:36:42 | 0.890719    0.889222    0.000000    0.899488    nan         nan         0.377804    nan         0.907090    nan         0.912393    nan         0.890719    nan         0.889222    nan         0.878981    nan         1000        19.524100   0.058547    0.160530    2.512958    3.288574   
[36mINFO[0m 08/07 00:37:18 | 0.955090    0.949102    0.000000    0.949477    nan         nan         0.180695    nan         0.924205    nan         0.970085    nan         0.955090    nan         0.949102    nan         0.954140    nan         1200        23.428920   0.081411    0.163276    2.598525    3.288574   
[36mINFO[0m 08/07 00:37:51 | 0.960329    0.973054    0.000000    0.950901    nan         nan         0.184160    nan         0.933985    nan         0.972222    nan         0.960329    nan         0.973054    nan         0.946497    nan         1400        27.333740   0.042241    0.156426    2.540811    3.288574   
[36mINFO[0m 08/07 00:38:26 | 0.957335    0.967066    0.000000    0.946046    nan         nan         0.185014    nan         0.926650    nan         0.970085    nan         0.957335    nan         0.967066    nan         0.941401    nan         1600        31.238560   0.034555    0.158983    2.542927    3.288574   
[36mINFO[0m 08/07 00:38:59 | 0.951347    0.955090    0.000000    0.947607    nan         nan         0.171945    nan         0.926650    nan         0.972222    nan         0.951347    nan         0.955090    nan         0.943949    nan         1800        35.143380   0.029146    0.153654    2.540154    3.288574   
[36mINFO[0m 08/07 00:39:34 | 0.946856    0.958084    0.000000    0.954367    nan         nan         0.163475    nan         0.948655    nan         0.967949    nan         0.946856    nan         0.958084    nan         0.946497    nan         2000        39.048200   0.028035    0.163777    2.499729    3.288574   
[36mINFO[0m 08/07 00:40:08 | 0.955090    0.967066    0.000000    0.952312    nan         nan         0.165660    nan         0.943765    nan         0.967949    nan         0.955090    nan         0.967066    nan         0.945223    nan         2200        42.953020   0.019370    0.154648    2.528538    3.288574   
[36mINFO[0m 08/07 00:40:42 | 0.943862    0.955090    0.000000    0.952956    nan         nan         0.171096    nan         0.938875    nan         0.972222    nan         0.943862    nan         0.955090    nan         0.947771    nan         2400        46.857840   0.029305    0.158585    2.512661    3.288574   
[36mINFO[0m 08/07 00:41:15 | 0.934880    0.940120    0.000000    0.950799    nan         nan         0.202574    nan         0.941320    nan         0.972222    nan         0.934880    nan         0.940120    nan         0.938854    nan         2600        50.762660   0.026801    0.153372    2.531545    3.288574   
[36mINFO[0m 08/07 00:41:51 | 0.927395    0.940120    0.000000    0.945642    nan         nan         0.199345    nan         0.924205    nan         0.963675    nan         0.927395    nan         0.940120    nan         0.949045    nan         2800        54.667480   0.027215    0.162803    3.018588    3.288574   
[36mINFO[0m 08/07 00:42:26 | 0.957335    0.949102    0.000000    0.957469    nan         nan         0.210157    nan         0.941320    nan         0.980769    nan         0.957335    nan         0.949102    nan         0.950318    nan         3000        58.572300   0.026688    0.160599    2.521908    3.288574   
[36mINFO[0m 08/07 00:42:59 | 0.952844    0.958084    0.000000    0.949847    nan         nan         0.182413    nan         0.929095    nan         0.976496    nan         0.952844    nan         0.958084    nan         0.943949    nan         3200        62.477120   0.016000    0.156314    2.535519    3.288574   
[36mINFO[0m 08/07 00:43:34 | 0.925898    0.928144    0.000000    0.954175    nan         nan         0.204486    nan         0.933985    nan         0.980769    nan         0.925898    nan         0.928144    nan         0.947771    nan         3400        66.381940   0.017387    0.159097    2.544238    3.288574   
[36mINFO[0m 08/07 00:44:07 | 0.954341    0.952096    0.000000    0.950867    nan         nan         0.213991    nan         0.916870    nan         0.976496    nan         0.954341    nan         0.952096    nan         0.959236    nan         3600        70.286760   0.018753    0.154332    2.537862    3.288574   
[36mINFO[0m 08/07 00:44:41 | 0.935629    0.943114    0.000000    0.946032    nan         nan         0.245712    nan         0.916870    nan         0.965812    nan         0.935629    nan         0.943114    nan         0.955414    nan         3800        74.191580   0.018400    0.153984    2.516680    3.288574   
[36mINFO[0m 08/07 00:45:14 | 0.937126    0.940120    0.000000    0.932499    nan         nan         0.245522    nan         0.911980    nan         0.959402    nan         0.937126    nan         0.940120    nan         0.926115    nan         4000        78.096400   0.022196    0.152843    2.523533    3.288574   
[36mINFO[0m 08/07 00:45:47 | 0.946108    0.934132    0.000000    0.938745    nan         nan         0.241892    nan         0.911980    nan         0.967949    nan         0.946108    nan         0.934132    nan         0.936306    nan         4200        82.001220   0.020176    0.154032    2.564263    3.288574   
[36mINFO[0m 08/07 00:46:21 | 0.934880    0.943114    0.000000    0.953634    nan         nan         0.167033    nan         0.931540    nan         0.976496    nan         0.934880    nan         0.943114    nan         0.952866    nan         4400        85.906040   0.015360    0.156570    2.516650    3.288574   
[36mINFO[0m 08/07 00:46:54 | 0.952844    0.964072    0.000000    0.954839    nan         nan         0.218473    nan         0.936430    nan         0.976496    nan         0.952844    nan         0.964072    nan         0.951592    nan         4600        89.810860   0.023473    0.154366    2.525875    3.288574   
[36mINFO[0m 08/07 00:47:28 | 0.945359    0.958084    0.000000    0.951004    nan         nan         0.211695    nan         0.946210    nan         0.967949    nan         0.945359    nan         0.958084    nan         0.938854    nan         4800        93.715680   0.031421    0.153274    2.659517    3.288574   
[36mINFO[0m 08/07 00:48:01 | 0.931138    0.949102    0.000000    0.948203    nan         nan         0.172407    nan         0.933985    nan         0.967949    nan         0.931138    nan         0.949102    nan         0.942675    nan         5000        97.620500   0.016545    0.153588    2.517190    3.288574   
[36mINFO[0m 08/07 00:48:01 | ---
[36mINFO[0m 08/07 00:48:01 | oracle = 96.257%
[36mINFO[0m 08/07 00:48:01 | iid = 95.734%
[36mINFO[0m 08/07 00:48:01 | last = 93.114%
[36mINFO[0m 08/07 00:48:01 | last (inD) = 94.820%
[36mINFO[0m 08/07 00:48:01 | iid (inD) = 95.747%
[36mINFO[0m 08/07 00:48:02 | 
[36mINFO[0m 08/07 00:48:02 | Testenv name escaping te_sketch -> te_sketch
[36mINFO[0m 08/07 00:48:02 | Test envs = [3], name = te_sketch
[36mINFO[0m 08/07 00:48:02 | Batch sizes for each domain: [32, 32, 32, 0] (total=96)
[36mINFO[0m 08/07 00:48:02 | steps-per-epoch for each domain: 51.22, 58.62, 41.75 -> min = 41.75
[36mINFO[0m 08/07 00:48:06 | # of params = 23522375
[36mINFO[0m 08/07 00:48:10 | test_in     test_out    train_in    train_out   test_in_au  train_out_  tr_outloss  test_out_a  env0_out    env0_out_a  env1_out    env1_out_a  env2_out    env2_out_a  env3_in     env3_in_au  env3_out    env3_out_a  step        epoch       loss        step_time   eval_time   mem_gb     
[36mINFO[0m 08/07 00:48:10 | 0.161578    0.174522    0.000000    0.263880    nan         nan         1.873365    nan         0.202934    nan         0.301282    nan         0.287425    nan         0.161578    nan         0.174522    nan         0           0.000000    2.001778    0.162938    4.030594    3.019454   
[36mINFO[0m 08/07 00:48:44 | 0.768448    0.769427    0.000000    0.954551    nan         nan         0.150516    nan         0.938875    nan         0.933761    nan         0.991018    nan         0.768448    nan         0.769427    nan         200         4.790419    0.390950    0.152276    3.745106    3.288574   
[36mINFO[0m 08/07 00:49:19 | 0.753181    0.756688    0.000000    0.951039    nan         nan         0.154311    nan         0.926650    nan         0.959402    nan         0.967066    nan         0.753181    nan         0.756688    nan         400         9.580838    0.097261    0.154302    3.742826    3.288574   
[36mINFO[0m 08/07 00:49:53 | 0.789758    0.785987    0.000000    0.969245    nan         nan         0.114327    nan         0.946210    nan         0.976496    nan         0.985030    nan         0.789758    nan         0.785987    nan         600         14.371257   0.079486    0.151841    3.787273    3.288574   
[36mINFO[0m 08/07 00:50:27 | 0.795483    0.808917    0.000000    0.963666    nan         nan         0.115324    nan         0.938875    nan         0.970085    nan         0.982036    nan         0.795483    nan         0.808917    nan         800         19.161677   0.055328    0.150756    3.859979    3.288574   
[36mINFO[0m 08/07 00:51:01 | 0.787850    0.798726    0.000000    0.971550    nan         nan         0.116406    nan         0.953545    nan         0.970085    nan         0.991018    nan         0.787850    nan         0.798726    nan         1000        23.952096   0.026837    0.149368    3.875767    3.288574   
[36mINFO[0m 08/07 00:51:35 | 0.716921    0.713376    0.000000    0.946660    nan         nan         0.170627    nan         0.907090    nan         0.950855    nan         0.982036    nan         0.716921    nan         0.713376    nan         1200        28.742515   0.066573    0.150739    3.753049    3.288574   
[36mINFO[0m 08/07 00:52:09 | 0.798346    0.774522    0.000000    0.962547    nan         nan         0.151480    nan         0.929095    nan         0.961538    nan         0.997006    nan         0.798346    nan         0.774522    nan         1400        33.532934   0.033256    0.153346    3.766676    3.288574   
[36mINFO[0m 08/07 00:52:44 | 0.786896    0.769427    0.000000    0.959244    nan         nan         0.135033    nan         0.921760    nan         0.967949    nan         0.988024    nan         0.786896    nan         0.769427    nan         1600        38.323353   0.032277    0.152290    4.247893    3.288574   
[36mINFO[0m 08/07 00:53:18 | 0.793893    0.806369    0.000000    0.962725    nan         nan         0.145854    nan         0.926650    nan         0.976496    nan         0.985030    nan         0.793893    nan         0.806369    nan         1800        43.113772   0.024216    0.152147    3.761095    3.288574   
[36mINFO[0m 08/07 00:53:52 | 0.748092    0.755414    0.000000    0.960147    nan         nan         0.119061    nan         0.936430    nan         0.952991    nan         0.991018    nan         0.748092    nan         0.755414    nan         2000        47.904192   0.050021    0.149567    3.963561    3.288574   
[36mINFO[0m 08/07 00:54:29 | 0.817430    0.794904    0.000000    0.962504    nan         nan         0.158849    nan         0.931540    nan         0.967949    nan         0.988024    nan         0.817430    nan         0.794904    nan         2200        52.694611   0.032422    0.165644    3.790818    3.288574   
[36mINFO[0m 08/07 00:55:03 | 0.762087    0.759236    0.000000    0.959941    nan         nan         0.133463    nan         0.931540    nan         0.957265    nan         0.991018    nan         0.762087    nan         0.759236    nan         2400        57.485030   0.062916    0.150969    3.719490    3.288574   
[36mINFO[0m 08/07 00:55:37 | 0.822201    0.802548    0.000000    0.968678    nan         nan         0.105570    nan         0.946210    nan         0.965812    nan         0.994012    nan         0.822201    nan         0.802548    nan         2600        62.275449   0.016855    0.151215    3.832732    3.288574   
[36mINFO[0m 08/07 00:56:10 | 0.782125    0.789809    0.000000    0.970125    nan         nan         0.115547    nan         0.953545    nan         0.965812    nan         0.991018    nan         0.782125    nan         0.789809    nan         2800        67.065868   0.020302    0.149088    3.734221    3.288574   
[36mINFO[0m 08/07 00:56:44 | 0.830153    0.814013    0.000000    0.963768    nan         nan         0.155997    nan         0.941320    nan         0.967949    nan         0.982036    nan         0.830153    nan         0.814013    nan         3000        71.856287   0.014407    0.150678    3.705286    3.288574   
[36mINFO[0m 08/07 00:57:18 | 0.799300    0.784713    0.000000    0.970308    nan         nan         0.115055    nan         0.951100    nan         0.965812    nan         0.994012    nan         0.799300    nan         0.784713    nan         3200        76.646707   0.015284    0.150605    3.726078    3.288574   
[36mINFO[0m 08/07 00:57:52 | 0.799618    0.802548    0.000000    0.964766    nan         nan         0.122671    nan         0.941320    nan         0.967949    nan         0.985030    nan         0.799618    nan         0.802548    nan         3400        81.437126   0.029669    0.149928    3.661053    3.288574   
[36mINFO[0m 08/07 00:58:26 | 0.675573    0.687898    0.000000    0.949628    nan         nan         0.238576    nan         0.899756    nan         0.970085    nan         0.979042    nan         0.675573    nan         0.687898    nan         3600        86.227545   0.010896    0.151105    3.656386    3.288574   
[36mINFO[0m 08/07 00:58:59 | 0.819338    0.805096    0.000000    0.963034    nan         nan         0.172782    nan         0.933985    nan         0.970085    nan         0.985030    nan         0.819338    nan         0.805096    nan         3800        91.017964   0.012947    0.149873    3.708273    3.288574   
[36mINFO[0m 08/07 00:59:33 | 0.791667    0.782166    0.000000    0.953584    nan         nan         0.200985    nan         0.919315    nan         0.959402    nan         0.982036    nan         0.791667    nan         0.782166    nan         4000        95.808383   0.019676    0.150489    3.700738    3.288574   
[36mINFO[0m 08/07 01:00:07 | 0.788486    0.792357    0.000000    0.960874    nan         nan         0.140266    nan         0.926650    nan         0.967949    nan         0.988024    nan         0.788486    nan         0.792357    nan         4200        100.598802  0.021298    0.149568    3.737148    3.288574   
[36mINFO[0m 08/07 01:00:40 | 0.819338    0.829299    0.000000    0.963059    nan         nan         0.142979    nan         0.958435    nan         0.963675    nan         0.967066    nan         0.819338    nan         0.829299    nan         4400        105.389222  0.016532    0.149331    3.654894    3.288574   
[36mINFO[0m 08/07 01:01:14 | 0.789122    0.775796    0.000000    0.958959    nan         nan         0.185529    nan         0.921760    nan         0.970085    nan         0.985030    nan         0.789122    nan         0.775796    nan         4600        110.179641  0.011998    0.150773    3.712111    3.288574   
[36mINFO[0m 08/07 01:01:48 | 0.799618    0.802548    0.000000    0.969451    nan         nan         0.110812    nan         0.951100    nan         0.972222    nan         0.985030    nan         0.799618    nan         0.802548    nan         4800        114.970060  0.005988    0.148670    3.776482    3.288574   
[36mINFO[0m 08/07 01:02:22 | 0.770992    0.774522    0.000000    0.963666    nan         nan         0.133277    nan         0.938875    nan         0.970085    nan         0.982036    nan         0.770992    nan         0.774522    nan         5000        119.760479  0.016349    0.151831    3.619137    3.288574   
[36mINFO[0m 08/07 01:02:22 | ---
[36mINFO[0m 08/07 01:02:22 | oracle = 81.934%
[36mINFO[0m 08/07 01:02:22 | iid = 78.785%
[36mINFO[0m 08/07 01:02:22 | last = 77.099%
[36mINFO[0m 08/07 01:02:22 | last (inD) = 96.367%
[36mINFO[0m 08/07 01:02:22 | iid (inD) = 97.155%
[36mINFO[0m 08/07 01:02:23 | === Summary ===
[36mINFO[0m 08/07 01:02:23 | Command: /home/s21_yhr/lzh/new/DomainBed-new/train_all.py PACS_Arith_seed3 --dataset PACS --data_dir /home/s21_yhr/lzh/new/DomainBed-new/dataset --algorithm Arith --steps 5000 --checkpoint_freq 200 --batch_size 32 --optimizer adam --lr 5e-5 --weight_decay 0 --resnet_dropout 0 --resnet18 False --pretrained True --freeze_bn True --swad False --seed 3 --trial_seed 3 --deterministic --cache disk --prebuild_loader --image_size 224 --arith_meta_lr 0.01
[36mINFO[0m 08/07 01:02:23 | Unique name: 260807_00-04-31_PACS_Arith_seed3
[36mINFO[0m 08/07 01:02:23 | Out path: train_output/PACS/260807_00-04-31_PACS_Arith_seed3
[36mINFO[0m 08/07 01:02:23 | Algorithm: Arith
[36mINFO[0m 08/07 01:02:23 | Dataset: PACS
+------------+--------------+---------+---------+---------+---------+
| Selection  | art_painting | cartoon |  photo  |  sketch |   Avg.  |
+------------+--------------+---------+---------+---------+---------+
|   oracle   |   86.394%    | 82.356% | 96.257% | 81.934% | 86.735% |
|    iid     |   83.466%    | 80.970% | 95.734% | 78.785% | 84.739% |
|    last    |   76.754%    | 82.356% | 93.114% | 77.099% | 82.331% |
| last (inD) |   96.053%    | 94.478% | 94.820% | 96.367% | 95.430% |
| iid (inD)  |   97.132%    | 96.318% | 95.747% | 97.155% | 96.588% |
+------------+--------------+---------+---------+---------+---------+
================================================================================
Starting Arith, seed=4, physical GPU=2
/home/s21_yhr/miniconda3/envs/GGA/bin/python /home/s21_yhr/lzh/new/DomainBed-new/train_all.py PACS_Arith_seed4 --dataset PACS --data_dir /home/s21_yhr/lzh/new/DomainBed-new/dataset --algorithm Arith --steps 5000 --checkpoint_freq 200 --batch_size 32 --optimizer adam --lr 5e-5 --weight_decay 0 --resnet_dropout 0 --resnet18 False --pretrained True --freeze_bn True --swad False --seed 4 --trial_seed 4 --deterministic --cache disk --prebuild_loader --image_size 224 --arith_meta_lr 0.01
================================================================================
[36mINFO[0m 08/07 01:02:29 | Command :: /home/s21_yhr/lzh/new/DomainBed-new/train_all.py PACS_Arith_seed4 --dataset PACS --data_dir /home/s21_yhr/lzh/new/DomainBed-new/dataset --algorithm Arith --steps 5000 --checkpoint_freq 200 --batch_size 32 --optimizer adam --lr 5e-5 --weight_decay 0 --resnet_dropout 0 --resnet18 False --pretrained True --freeze_bn True --swad False --seed 4 --trial_seed 4 --deterministic --cache disk --prebuild_loader --image_size 224 --arith_meta_lr 0.01
Environment:
	Python: 3.11.15
	PyTorch: 2.11.0+cu128
	Torchvision: 0.26.0+cu128
	CUDA: 12.8
	CUDNN: 91900
	NumPy: 1.26.4
	PIL: 12.2.0
Args:
	algorithm: Arith
	batch_size: 32
	cache: disk
	cache_root: cache
	cache_size: None
	checkpoint_freq: 200
	configs: []
	data_dir: /home/s21_yhr/lzh/new/DomainBed-new/dataset
	dataset: PACS
	debug: False
	deterministic: True
	end_step: 200
	evalmode: fast
	extra_search: n
	extra_search_end: None
	extra_search_start: None
	gga_l_gamma: 0.001
	grad_fn: sum
	holdout_fraction: 0.2
	model_save: None
	name: PACS_Arith_seed4
	neighborhoodSize: 1e-06
	out_dir: train_output/PACS/260807_01-02-29_PACS_Arith_seed4
	out_root: train_output/PACS
	prebuild_loader: True
	q_steps: 2000
	quant: 0
	resize_mode: stretch
	saliency: False
	saliency_cmap: jet
	saliency_every: 0
	saliency_noise: 0.15
	saliency_num: 16
	saliency_samples: 25
	saliency_split: test_in
	seed: 4
	show: False
	start_step: 100
	steps: 5000
	tb_freq: 10
	test_envs: None
	train_output: train_output
	trial_seed: 4
	unique_name: 260807_01-02-29_PACS_Arith_seed4
	work_dir: .
HParams:
	data_augmentation: True
	val_augment: False
	[36mresnet18: False
	[0m[36mresnet_dropout: 0
	[0mclass_balanced: False
	[36moptimizer: adam
	[0m[36mfreeze_bn: True
	[0m[36mpretrained: True
	[0m[36mimage_size: 224
	[0m[36mlr: 5e-05
	[0mbatch_size: 32
	[36mweight_decay: 0
	[0m[36marith_meta_lr: 0.01
	[0m[36mswad: False
	[0mswad_kwargs: 
	  n_converge: 3
	  n_tolerance: 6
	  tolerance_ratio: 0.3
	test_batchsize: 128
	indomain_test: False
	grad_fn: sum
	extra_search: n
	logdir: train_output/PACS/260807_01-02-29_PACS_Arith_seed4
	neighborhoodSize: 1e-06
	start_step: 100
	end_step: 200
	extra_search_start: None
	extra_search_end: None
	gga_l_gamma: 0.001
Dataset:
	[PACS] #envs=4, #classes=7
	env0: art_painting (#2048)
	env1: cartoon (#2344)
	env2: photo (#1670)
	env3: sketch (#3929)

[36mINFO[0m 08/07 01:02:29 | n_steps = 5000
[36mINFO[0m 08/07 01:02:29 | checkpoint_freq = 200
[36mINFO[0m 08/07 01:02:29 | n_steps is updated to 5000 => 5001 for checkpointing
[36mINFO[0m 08/07 01:02:29 | Target test envs = [[0], [1], [2], [3]]
[36mINFO[0m 08/07 01:02:29 | 
[36mINFO[0m 08/07 01:02:30 | Testenv name escaping te_art_painting -> te_art_painting
[36mINFO[0m 08/07 01:02:30 | Test envs = [0], name = te_art_painting
[36mINFO[0m 08/07 01:02:30 | Batch sizes for each domain: [0, 32, 32, 32] (total=96)
[36mINFO[0m 08/07 01:02:30 | steps-per-epoch for each domain: 58.62, 41.75, 98.25 -> min = 41.75
/home/s21_yhr/miniconda3/envs/GGA/lib/python3.11/site-packages/torchvision/models/_utils.py:208: UserWarning: The parameter 'pretrained' is deprecated since 0.13 and may be removed in the future, please use 'weights' instead.
  warnings.warn(
/home/s21_yhr/miniconda3/envs/GGA/lib/python3.11/site-packages/torchvision/models/_utils.py:223: UserWarning: Arguments other than a weight enum or `None` for 'weights' are deprecated since 0.13 and may be removed in the future. The current behavior is equivalent to passing `weights=ResNet50_Weights.IMAGENET1K_V1`. You can also use `weights=ResNet50_Weights.DEFAULT` to get the most up-to-date weights.
  warnings.warn(msg)
[36mINFO[0m 08/07 01:02:33 | # of params = 23522375
[36mINFO[0m 08/07 01:02:37 | test_in     test_out    train_in    train_out   test_in_au  test_out_a  train_out_  tr_outloss  env0_in     env0_in_au  env0_out    env0_out_a  env1_out    env1_out_a  env2_out    env2_out_a  env3_out    env3_out_a  step        epoch       loss        step_time   eval_time   mem_gb     
[36mINFO[0m 08/07 01:02:37 | 0.216595    0.207824    0.000000    0.261890    nan         nan         nan         1.855366    0.216595    nan         0.207824    nan         0.224359    nan         0.287425    nan         0.273885    nan         0           0.000000    1.979284    0.845116    3.024465    3.019576   
[36mINFO[0m 08/07 01:03:11 | 0.788286    0.831296    0.000000    0.927818    nan         nan         nan         0.207093    0.788286    nan         0.831296    nan         0.923077    nan         0.952096    nan         0.908280    nan         200         4.790419    0.420435    0.154030    2.770125    3.290771   
[36mINFO[0m 08/07 01:03:44 | 0.849908    0.882641    0.000000    0.947423    nan         nan         nan         0.168242    0.849908    nan         0.882641    nan         0.940171    nan         0.967066    nan         0.935032    nan         400         9.580838    0.145130    0.154670    2.694297    3.290771   
[36mINFO[0m 08/07 01:04:18 | 0.823673    0.863081    0.000000    0.956099    nan         nan         nan         0.148743    0.823673    nan         0.863081    nan         0.946581    nan         0.979042    nan         0.942675    nan         600         14.371257   0.065692    0.155094    2.799810    3.290771   
[36mINFO[0m 08/07 01:04:52 | 0.796217    0.833741    0.000000    0.953939    nan         nan         nan         0.160433    0.796217    nan         0.833741    nan         0.935897    nan         0.973054    nan         0.952866    nan         800         19.161677   0.045956    0.154589    2.768582    3.290771   
[36mINFO[0m 08/07 01:05:26 | 0.841367    0.863081    0.000000    0.956356    nan         nan         nan         0.142785    0.841367    nan         0.863081    nan         0.950855    nan         0.964072    nan         0.954140    nan         1000        23.952096   0.049117    0.156758    2.763667    3.290771   
[36mINFO[0m 08/07 01:06:00 | 0.819402    0.853301    0.000000    0.954780    nan         nan         nan         0.154584    0.819402    nan         0.853301    nan         0.942308    nan         0.964072    nan         0.957962    nan         1200        28.742515   0.285502    0.153714    2.773903    3.290771   
[36mINFO[0m 08/07 01:06:33 | 0.854790    0.882641    0.000000    0.958084    nan         nan         nan         0.137067    0.854790    nan         0.882641    nan         0.944444    nan         0.982036    nan         0.947771    nan         1400        33.532934   0.029613    0.155013    2.744012    3.290771   
[36mINFO[0m 08/07 01:07:07 | 0.744966    0.787286    0.000000    0.951951    nan         nan         nan         0.211201    0.744966    nan         0.787286    nan         0.929487    nan         0.976048    nan         0.950318    nan         1600        38.323353   0.021392    0.155299    2.720217    3.290771   
[36mINFO[0m 08/07 01:07:41 | 0.845027    0.855746    0.000000    0.957925    nan         nan         nan         0.167935    0.845027    nan         0.855746    nan         0.946581    nan         0.973054    nan         0.954140    nan         1800        43.113772   0.044616    0.154457    2.751908    3.290771   
[36mINFO[0m 08/07 01:08:15 | 0.825503    0.848411    0.000000    0.959052    nan         nan         nan         0.194867    0.825503    nan         0.848411    nan         0.950855    nan         0.967066    nan         0.959236    nan         2000        47.904192   0.014453    0.155410    2.755330    3.290771   
[36mINFO[0m 08/07 01:08:48 | 0.827334    0.850856    0.000000    0.963611    nan         nan         nan         0.162039    0.827334    nan         0.850856    nan         0.961538    nan         0.970060    nan         0.959236    nan         2200        52.694611   0.017279    0.154286    2.736144    3.290771   
[36mINFO[0m 08/07 01:09:22 | 0.808420    0.850856    0.000000    0.959925    nan         nan         nan         0.189938    0.808420    nan         0.850856    nan         0.955128    nan         0.973054    nan         0.951592    nan         2400        57.485030   0.010576    0.155270    2.723999    3.290771   
[36mINFO[0m 08/07 01:09:56 | 0.845638    0.850856    0.000000    0.960066    nan         nan         nan         0.142693    0.845638    nan         0.850856    nan         0.961538    nan         0.967066    nan         0.951592    nan         2600        62.275449   0.020767    0.154428    2.735171    3.290771   
[36mINFO[0m 08/07 01:10:30 | 0.862111    0.872861    0.000000    0.951106    nan         nan         nan         0.236786    0.862111    nan         0.872861    nan         0.938034    nan         0.970060    nan         0.945223    nan         2800        67.065868   0.013146    0.159382    2.763643    3.290771   
[36mINFO[0m 08/07 01:11:04 | 0.808420    0.841076    0.000000    0.950818    nan         nan         nan         0.153995    0.808420    nan         0.841076    nan         0.935897    nan         0.970060    nan         0.946497    nan         3000        71.856287   0.026847    0.153938    2.702167    3.290771   
[36mINFO[0m 08/07 01:11:37 | 0.846858    0.863081    0.000000    0.961645    nan         nan         nan         0.152049    0.846858    nan         0.863081    nan         0.955128    nan         0.982036    nan         0.947771    nan         3200        76.646707   0.018301    0.153361    2.745858    3.290771   
[36mINFO[0m 08/07 01:12:12 | 0.793167    0.833741    0.000000    0.962739    nan         nan         nan         0.143385    0.793167    nan         0.833741    nan         0.957265    nan         0.964072    nan         0.966879    nan         3400        81.437126   0.013988    0.158012    2.717759    3.290771   
[36mINFO[0m 08/07 01:12:45 | 0.822453    0.821516    0.000000    0.957788    nan         nan         nan         0.173825    0.822453    nan         0.821516    nan         0.948718    nan         0.973054    nan         0.951592    nan         3600        86.227545   0.019114    0.152787    2.827538    3.290771   
[36mINFO[0m 08/07 01:13:18 | 0.788896    0.799511    0.000000    0.963048    nan         nan         nan         0.146943    0.788896    nan         0.799511    nan         0.959402    nan         0.973054    nan         0.956688    nan         3800        91.017964   0.012031    0.152270    2.750681    3.290771   
[36mINFO[0m 08/07 01:13:52 | 0.845027    0.855746    0.000000    0.962482    nan         nan         nan         0.142352    0.845027    nan         0.855746    nan         0.952991    nan         0.979042    nan         0.955414    nan         4000        95.808383   0.011381    0.152995    2.739212    3.290771   
[36mINFO[0m 08/07 01:14:25 | 0.829164    0.860636    0.000000    0.963619    nan         nan         nan         0.169144    0.829164    nan         0.860636    nan         0.955128    nan         0.979042    nan         0.956688    nan         4200        100.598802  0.010421    0.152759    2.746274    3.290771   
[36mINFO[0m 08/07 01:14:58 | 0.791336    0.804401    0.000000    0.959800    nan         nan         nan         0.180898    0.791336    nan         0.804401    nan         0.959402    nan         0.976048    nan         0.943949    nan         4400        105.389222  0.016445    0.153585    2.732175    3.290771   
[36mINFO[0m 08/07 01:15:32 | 0.779134    0.792176    0.000000    0.949722    nan         nan         nan         0.273578    0.779134    nan         0.792176    nan         0.952991    nan         0.970060    nan         0.926115    nan         4600        110.179641  0.020005    0.152946    2.701298    3.290771   
[36mINFO[0m 08/07 01:16:05 | 0.799268    0.833741    0.000000    0.968730    nan         nan         nan         0.145354    0.799268    nan         0.833741    nan         0.965812    nan         0.976048    nan         0.964331    nan         4800        114.970060  0.011619    0.152052    2.736392    3.290771   
[36mINFO[0m 08/07 01:16:38 | 0.787675    0.801956    0.000000    0.941024    nan         nan         nan         0.245174    0.787675    nan         0.801956    nan         0.946581    nan         0.949102    nan         0.927389    nan         5000        119.760479  0.017571    0.152597    2.720063    3.290771   
[36mINFO[0m 08/07 01:16:38 | ---
[36mINFO[0m 08/07 01:16:38 | oracle = 84.991%
[36mINFO[0m 08/07 01:16:38 | iid = 79.927%
[36mINFO[0m 08/07 01:16:38 | last = 78.768%
[36mINFO[0m 08/07 01:16:38 | last (inD) = 94.102%
[36mINFO[0m 08/07 01:16:38 | iid (inD) = 96.873%
[36mINFO[0m 08/07 01:16:39 | 
[36mINFO[0m 08/07 01:16:39 | Testenv name escaping te_cartoon -> te_cartoon
[36mINFO[0m 08/07 01:16:39 | Test envs = [1], name = te_cartoon
[36mINFO[0m 08/07 01:16:39 | Batch sizes for each domain: [32, 0, 32, 32] (total=96)
[36mINFO[0m 08/07 01:16:39 | steps-per-epoch for each domain: 51.22, 41.75, 98.25 -> min = 41.75
[36mINFO[0m 08/07 01:16:43 | # of params = 23522375
[36mINFO[0m 08/07 01:16:46 | test_in     test_out    train_in    train_out   test_in_au  train_out_  tr_outloss  test_out_a  env0_out    env0_out_a  env1_in     env1_in_au  env1_out    env1_out_a  env2_out    env2_out_a  env3_out    env3_out_a  step        epoch       loss        step_time   eval_time   mem_gb     
[36mINFO[0m 08/07 01:16:46 | 0.172708    0.183761    0.000000    0.366406    nan         nan         1.804716    nan         0.283619    nan         0.172708    nan         0.183761    nan         0.455090    nan         0.360510    nan         0           0.000000    1.995443    0.199959    2.916278    3.019454   
[36mINFO[0m 08/07 01:17:20 | 0.757996    0.735043    0.000000    0.950041    nan         nan         0.138157    nan         0.936430    nan         0.757996    nan         0.735043    nan         0.985030    nan         0.928662    nan         200         4.790419    0.354738    0.154772    2.899379    3.288574   
[36mINFO[0m 08/07 01:17:53 | 0.735608    0.741453    0.000000    0.959716    nan         nan         0.124225    nan         0.953545    nan         0.735608    nan         0.741453    nan         0.988024    nan         0.937580    nan         400         9.580838    0.154925    0.154397    2.878805    3.288574   
[36mINFO[0m 08/07 01:18:27 | 0.760128    0.756410    0.000000    0.972606    nan         nan         0.098943    nan         0.973105    nan         0.760128    nan         0.756410    nan         0.988024    nan         0.956688    nan         600         14.371257   0.076519    0.153238    2.924231    3.288574   
[36mINFO[0m 08/07 01:19:00 | 0.825160    0.803419    0.000000    0.956722    nan         nan         0.123314    nan         0.953545    nan         0.825160    nan         0.803419    nan         0.979042    nan         0.937580    nan         800         19.161677   0.085494    0.152422    3.032466    3.288574   
[36mINFO[0m 08/07 01:19:34 | 0.799574    0.779915    0.000000    0.952377    nan         nan         0.141645    nan         0.955990    nan         0.799574    nan         0.779915    nan         0.952096    nan         0.949045    nan         1000        23.952096   0.085789    0.152833    2.908278    3.288574   
[36mINFO[0m 08/07 01:20:08 | 0.803305    0.805556    0.000000    0.959546    nan         nan         0.139534    nan         0.953545    nan         0.803305    nan         0.805556    nan         0.976048    nan         0.949045    nan         1200        28.742515   0.046774    0.153932    2.865208    3.288574   
[36mINFO[0m 08/07 01:20:41 | 0.808102    0.799145    0.000000    0.957020    nan         nan         0.126429    nan         0.953545    nan         0.808102    nan         0.799145    nan         0.985030    nan         0.932484    nan         1400        33.532934   0.033898    0.154298    2.934081    3.288574   
[36mINFO[0m 08/07 01:21:15 | 0.732942    0.741453    0.000000    0.968209    nan         nan         0.111835    nan         0.953545    nan         0.732942    nan         0.741453    nan         0.988024    nan         0.963057    nan         1600        38.323353   0.020125    0.154333    2.899076    3.288574   
[36mINFO[0m 08/07 01:21:49 | 0.752665    0.730769    0.000000    0.972364    nan         nan         0.092648    nan         0.970660    nan         0.752665    nan         0.730769    nan         0.991018    nan         0.955414    nan         1800        43.113772   0.031252    0.152407    2.956937    3.288574   
[36mINFO[0m 08/07 01:22:22 | 0.816631    0.790598    0.000000    0.959714    nan         nan         0.128172    nan         0.933985    nan         0.816631    nan         0.790598    nan         0.991018    nan         0.954140    nan         2000        47.904192   0.032206    0.153929    2.900966    3.288574   
[36mINFO[0m 08/07 01:22:56 | 0.809701    0.784188    0.000000    0.954829    nan         nan         0.142782    nan         0.946210    nan         0.809701    nan         0.784188    nan         0.973054    nan         0.945223    nan         2200        52.694611   0.032358    0.152785    2.914921    3.288574   
[36mINFO[0m 08/07 01:23:29 | 0.812900    0.811966    0.000000    0.964756    nan         nan         0.126629    nan         0.955990    nan         0.812900    nan         0.811966    nan         0.979042    nan         0.959236    nan         2400        57.485030   0.015423    0.153142    2.930578    3.288574   
[36mINFO[0m 08/07 01:24:03 | 0.781450    0.771368    0.000000    0.957872    nan         nan         0.162815    nan         0.960880    nan         0.781450    nan         0.771368    nan         0.970060    nan         0.942675    nan         2600        62.275449   0.020979    0.153076    3.100855    3.288574   
[36mINFO[0m 08/07 01:24:37 | 0.749467    0.724359    0.000000    0.959639    nan         nan         0.125702    nan         0.955990    nan         0.749467    nan         0.724359    nan         0.970060    nan         0.952866    nan         2800        67.065868   0.018829    0.153065    2.903387    3.288574   
[36mINFO[0m 08/07 01:25:10 | 0.802772    0.797009    0.000000    0.947130    nan         nan         0.226045    nan         0.948655    nan         0.802772    nan         0.797009    nan         0.964072    nan         0.928662    nan         3000        71.856287   0.023038    0.154279    2.923456    3.288574   
[36mINFO[0m 08/07 01:25:44 | 0.809168    0.803419    0.000000    0.955517    nan         nan         0.192133    nan         0.948655    nan         0.809168    nan         0.803419    nan         0.979042    nan         0.938854    nan         3200        76.646707   0.016024    0.155348    2.971400    3.288574   
[36mINFO[0m 08/07 01:26:18 | 0.659915    0.641026    0.000000    0.952418    nan         nan         0.177919    nan         0.936430    nan         0.659915    nan         0.641026    nan         0.973054    nan         0.947771    nan         3400        81.437126   0.021234    0.153644    2.902342    3.288574   
[36mINFO[0m 08/07 01:26:52 | 0.757996    0.717949    0.000000    0.963057    nan         nan         0.132638    nan         0.955990    nan         0.757996    nan         0.717949    nan         0.979042    nan         0.954140    nan         3600        86.227545   0.013077    0.152840    3.035816    3.288574   
[36mINFO[0m 08/07 01:27:25 | 0.772921    0.747863    0.000000    0.960637    nan         nan         0.133693    nan         0.955990    nan         0.772921    nan         0.747863    nan         0.973054    nan         0.952866    nan         3800        91.017964   0.019487    0.153411    2.925420    3.288574   
[36mINFO[0m 08/07 01:28:00 | 0.750533    0.717949    0.000000    0.943113    nan         nan         0.208799    nan         0.941320    nan         0.750533    nan         0.717949    nan         0.958084    nan         0.929936    nan         4000        95.808383   0.047172    0.157560    2.916624    3.288574   
[36mINFO[0m 08/07 01:28:34 | 0.815565    0.788462    0.000000    0.963780    nan         nan         0.152043    nan         0.955990    nan         0.815565    nan         0.788462    nan         0.985030    nan         0.950318    nan         4200        100.598802  0.022825    0.154703    2.931783    3.288574   
[36mINFO[0m 08/07 01:29:07 | 0.811301    0.797009    0.000000    0.959880    nan         nan         0.124813    nan         0.958435    nan         0.811301    nan         0.797009    nan         0.967066    nan         0.954140    nan         4400        105.389222  0.016262    0.153842    2.891516    3.288574   
[36mINFO[0m 08/07 01:29:41 | 0.829957    0.822650    0.000000    0.962667    nan         nan         0.125762    nan         0.953545    nan         0.829957    nan         0.822650    nan         0.979042    nan         0.955414    nan         4600        110.179641  0.011962    0.151788    2.983764    3.288574   
[36mINFO[0m 08/07 01:30:17 | 0.813966    0.779915    0.000000    0.961064    nan         nan         0.167789    nan         0.963325    nan         0.813966    nan         0.779915    nan         0.958084    nan         0.961783    nan         4800        114.970060  0.018318    0.164648    2.841865    3.288574   
[36mINFO[0m 08/07 01:30:52 | 0.814499    0.792735    0.000000    0.961979    nan         nan         0.163317    nan         0.951100    nan         0.814499    nan         0.792735    nan         0.973054    nan         0.961783    nan         5000        119.760479  0.015568    0.162948    2.869563    3.288574   
[36mINFO[0m 08/07 01:30:52 | ---
[36mINFO[0m 08/07 01:30:52 | oracle = 82.996%
[36mINFO[0m 08/07 01:30:52 | iid = 76.013%
[36mINFO[0m 08/07 01:30:52 | last = 81.450%
[36mINFO[0m 08/07 01:30:52 | last (inD) = 96.198%
[36mINFO[0m 08/07 01:30:52 | iid (inD) = 97.261%
[36mINFO[0m 08/07 01:30:53 | 
[36mINFO[0m 08/07 01:30:53 | Testenv name escaping te_photo -> te_photo
[36mINFO[0m 08/07 01:30:53 | Test envs = [2], name = te_photo
[36mINFO[0m 08/07 01:30:53 | Batch sizes for each domain: [32, 32, 0, 32] (total=96)
[36mINFO[0m 08/07 01:30:53 | steps-per-epoch for each domain: 51.22, 58.62, 98.25 -> min = 51.22
[36mINFO[0m 08/07 01:30:56 | # of params = 23522375
[36mINFO[0m 08/07 01:30:59 | test_in     test_out    train_in    train_out   test_in_au  train_out_  tr_outloss  test_out_a  env0_out    env0_out_a  env1_out    env1_out_a  env2_in     env2_in_au  env2_out    env2_out_a  env3_out    env3_out_a  step        epoch       loss        step_time   eval_time   mem_gb     
[36mINFO[0m 08/07 01:30:59 | 0.074102    0.062874    0.000000    0.210783    nan         nan         1.891364    nan         0.163814    nan         0.226496    nan         0.074102    nan         0.062874    nan         0.242038    nan         0           0.000000    2.039258    0.183863    2.506327    3.019454   
[36mINFO[0m 08/07 01:31:34 | 0.972305    0.973054    0.000000    0.920761    nan         nan         0.211581    nan         0.951100    nan         0.888889    nan         0.972305    nan         0.973054    nan         0.922293    nan         200         3.904820    0.633950    0.162903    2.487474    3.288574   
[36mINFO[0m 08/07 01:32:08 | 0.966317    0.955090    0.000000    0.948381    nan         nan         0.158717    nan         0.948655    nan         0.948718    nan         0.966317    nan         0.955090    nan         0.947771    nan         400         7.809640    0.169332    0.160214    2.435956    3.288574   
[36mINFO[0m 08/07 01:32:43 | 0.957335    0.934132    0.000000    0.954669    nan         nan         0.137831    nan         0.963325    nan         0.940171    nan         0.957335    nan         0.934132    nan         0.960510    nan         600         11.714460   0.105650    0.163863    2.424997    3.288574   
[36mINFO[0m 08/07 01:33:18 | 0.960329    0.949102    0.000000    0.955970    nan         nan         0.137926    nan         0.973105    nan         0.950855    nan         0.960329    nan         0.949102    nan         0.943949    nan         800         15.619280   0.071366    0.158379    2.454095    3.288574   
[36mINFO[0m 08/07 01:33:52 | 0.958832    0.946108    0.000000    0.955764    nan         nan         0.169275    nan         0.958435    nan         0.957265    nan         0.958832    nan         0.946108    nan         0.951592    nan         1000        19.524100   0.048143    0.161727    2.471864    3.288574   
[36mINFO[0m 08/07 01:34:27 | 0.962575    0.967066    0.000000    0.948169    nan         nan         0.177237    nan         0.960880    nan         0.929487    nan         0.962575    nan         0.967066    nan         0.954140    nan         1200        23.428920   0.055533    0.160015    2.449557    3.288574   
[36mINFO[0m 08/07 01:35:02 | 0.970060    0.961078    0.000000    0.965222    nan         nan         0.123542    nan         0.980440    nan         0.957265    nan         0.970060    nan         0.961078    nan         0.957962    nan         1400        27.333740   0.040489    0.164108    2.434402    3.288574   
[36mINFO[0m 08/07 01:35:36 | 0.964072    0.958084    0.000000    0.952525    nan         nan         0.166722    nan         0.955990    nan         0.948718    nan         0.964072    nan         0.958084    nan         0.952866    nan         1600        31.238560   0.035253    0.159720    2.448744    3.288574   
[36mINFO[0m 08/07 01:36:11 | 0.977545    0.967066    0.000000    0.955627    nan         nan         0.148841    nan         0.958435    nan         0.959402    nan         0.977545    nan         0.967066    nan         0.949045    nan         1800        35.143380   0.027251    0.159639    2.421992    3.288574   
[36mINFO[0m 08/07 01:36:46 | 0.959581    0.949102    0.000000    0.959531    nan         nan         0.144473    nan         0.953545    nan         0.965812    nan         0.959581    nan         0.949102    nan         0.959236    nan         2000        39.048200   0.027050    0.161457    2.436677    3.288574   
[36mINFO[0m 08/07 01:37:21 | 0.964072    0.964072    0.000000    0.955360    nan         nan         0.153088    nan         0.955990    nan         0.950855    nan         0.964072    nan         0.964072    nan         0.959236    nan         2200        42.953020   0.026868    0.162682    2.463720    3.288574   
[36mINFO[0m 08/07 01:37:55 | 0.961078    0.949102    0.000000    0.952162    nan         nan         0.187349    nan         0.963325    nan         0.959402    nan         0.961078    nan         0.949102    nan         0.933758    nan         2400        46.857840   0.027641    0.158220    2.441919    3.288574   
[36mINFO[0m 08/07 01:38:30 | 0.956587    0.946108    0.000000    0.952251    nan         nan         0.173306    nan         0.946210    nan         0.955128    nan         0.956587    nan         0.946108    nan         0.955414    nan         2600        50.762660   0.033794    0.165048    2.451014    3.288574   
[36mINFO[0m 08/07 01:39:05 | 0.961078    0.940120    0.000000    0.962777    nan         nan         0.152795    nan         0.963325    nan         0.959402    nan         0.961078    nan         0.940120    nan         0.965605    nan         2800        54.667480   0.022158    0.161636    2.465517    3.288574   
[36mINFO[0m 08/07 01:39:39 | 0.952844    0.946108    0.000000    0.952614    nan         nan         0.194605    nan         0.958435    nan         0.940171    nan         0.952844    nan         0.946108    nan         0.959236    nan         3000        58.572300   0.020167    0.158603    2.405782    3.288574   
[36mINFO[0m 08/07 01:40:14 | 0.955838    0.940120    0.000000    0.955360    nan         nan         0.195146    nan         0.955990    nan         0.950855    nan         0.955838    nan         0.940120    nan         0.959236    nan         3200        62.477120   0.022562    0.159653    2.455731    3.288574   
[36mINFO[0m 08/07 01:40:49 | 0.947605    0.919162    0.000000    0.930527    nan         nan         0.250340    nan         0.916870    nan         0.929487    nan         0.947605    nan         0.919162    nan         0.945223    nan         3400        66.381940   0.047723    0.164829    2.448995    3.288574   
[36mINFO[0m 08/07 01:41:23 | 0.955838    0.937126    0.000000    0.942053    nan         nan         0.242161    nan         0.933985    nan         0.938034    nan         0.955838    nan         0.937126    nan         0.954140    nan         3600        70.286760   0.023485    0.158452    2.473685    3.288574   
[36mINFO[0m 08/07 01:41:58 | 0.951347    0.937126    0.000000    0.962661    nan         nan         0.189708    nan         0.970660    nan         0.952991    nan         0.951347    nan         0.937126    nan         0.964331    nan         3800        74.191580   0.016413    0.161786    2.412793    3.288574   
[36mINFO[0m 08/07 01:42:32 | 0.955838    0.952096    0.000000    0.956394    nan         nan         0.178851    nan         0.953545    nan         0.955128    nan         0.955838    nan         0.952096    nan         0.960510    nan         4000        78.096400   0.021889    0.160515    2.404302    3.288574   
[36mINFO[0m 08/07 01:43:07 | 0.959581    0.949102    0.000000    0.957175    nan         nan         0.167280    nan         0.948655    nan         0.957265    nan         0.959581    nan         0.949102    nan         0.965605    nan         4200        82.001220   0.014711    0.162998    2.439618    3.288574   
[36mINFO[0m 08/07 01:43:42 | 0.946856    0.940120    0.000000    0.954388    nan         nan         0.158899    nan         0.946210    nan         0.961538    nan         0.946856    nan         0.940120    nan         0.955414    nan         4400        85.906040   0.011123    0.160340    2.403839    3.288574   
[36mINFO[0m 08/07 01:44:17 | 0.934132    0.910180    0.000000    0.959723    nan         nan         0.148771    nan         0.958435    nan         0.955128    nan         0.934132    nan         0.910180    nan         0.965605    nan         4600        89.810860   0.017222    0.161178    2.417558    3.288574   
[36mINFO[0m 08/07 01:44:51 | 0.953593    0.931138    0.000000    0.959093    nan         nan         0.188724    nan         0.953545    nan         0.959402    nan         0.953593    nan         0.931138    nan         0.964331    nan         4800        93.715680   0.015155    0.160006    2.427330    3.288574   
[36mINFO[0m 08/07 01:45:26 | 0.939371    0.910180    0.000000    0.963113    nan         nan         0.161188    nan         0.951100    nan         0.970085    nan         0.939371    nan         0.910180    nan         0.968153    nan         5000        97.620500   0.016961    0.160871    2.437945    3.288574   
[36mINFO[0m 08/07 01:45:26 | ---
[36mINFO[0m 08/07 01:45:26 | oracle = 97.231%
[36mINFO[0m 08/07 01:45:26 | iid = 97.006%
[36mINFO[0m 08/07 01:45:26 | last = 93.937%
[36mINFO[0m 08/07 01:45:26 | last (inD) = 96.311%
[36mINFO[0m 08/07 01:45:26 | iid (inD) = 96.522%
[36mINFO[0m 08/07 01:45:27 | 
[36mINFO[0m 08/07 01:45:27 | Testenv name escaping te_sketch -> te_sketch
[36mINFO[0m 08/07 01:45:27 | Test envs = [3], name = te_sketch
[36mINFO[0m 08/07 01:45:27 | Batch sizes for each domain: [32, 32, 32, 0] (total=96)
[36mINFO[0m 08/07 01:45:27 | steps-per-epoch for each domain: 51.22, 58.62, 41.75 -> min = 41.75
[36mINFO[0m 08/07 01:45:30 | # of params = 23522375
[36mINFO[0m 08/07 01:45:34 | test_in     test_out    train_in    train_out   test_in_au  train_out_  tr_outloss  test_out_a  env0_out    env0_out_a  env1_out    env1_out_a  env2_out    env2_out_a  env3_in     env3_in_au  env3_out    env3_out_a  step        epoch       loss        step_time   eval_time   mem_gb     
[36mINFO[0m 08/07 01:45:34 | 0.138041    0.117197    0.000000    0.356015    nan         nan         1.822820    nan         0.383863    nan         0.190171    nan         0.494012    nan         0.138041    nan         0.117197    nan         0           0.000000    2.006392    0.155200    3.840120    3.019454   
[36mINFO[0m 08/07 01:46:09 | 0.741094    0.738854    0.000000    0.960317    nan         nan         0.128630    nan         0.960880    nan         0.938034    nan         0.982036    nan         0.741094    nan         0.738854    nan         200         4.790419    0.375254    0.158907    3.768573    3.288574   
[36mINFO[0m 08/07 01:46:46 | 0.756361    0.736306    0.000000    0.958747    nan         nan         0.120664    nan         0.960880    nan         0.942308    nan         0.973054    nan         0.756361    nan         0.736306    nan         400         9.580838    0.112233    0.163338    3.771477    3.288574   
[36mINFO[0m 08/07 01:47:22 | 0.656170    0.626752    0.000000    0.963063    nan         nan         0.136579    nan         0.958435    nan         0.948718    nan         0.982036    nan         0.656170    nan         0.626752    nan         600         14.371257   0.061295    0.162747    3.753109    3.288574   
[36mINFO[0m 08/07 01:47:58 | 0.756361    0.733758    0.000000    0.964267    nan         nan         0.147404    nan         0.963325    nan         0.944444    nan         0.985030    nan         0.756361    nan         0.733758    nan         800         19.161677   0.043978    0.161384    3.755030    3.288574   
[36mINFO[0m 08/07 01:48:34 | 0.727099    0.703185    0.000000    0.939764    nan         nan         0.188851    nan         0.936430    nan         0.933761    nan         0.949102    nan         0.727099    nan         0.703185    nan         1000        23.952096   0.088089    0.162444    3.721855    3.288574   
[36mINFO[0m 08/07 01:49:09 | 0.761768    0.745223    0.000000    0.952067    nan         nan         0.139747    nan         0.951100    nan         0.938034    nan         0.967066    nan         0.761768    nan         0.745223    nan         1200        28.742515   0.053139    0.157545    3.730760    3.288574   
[36mINFO[0m 08/07 01:49:45 | 0.780852    0.749045    0.000000    0.962594    nan         nan         0.139170    nan         0.960880    nan         0.950855    nan         0.976048    nan         0.780852    nan         0.749045    nan         1400        33.532934   0.023592    0.159530    3.713353    3.288574   
[36mINFO[0m 08/07 01:50:21 | 0.805025    0.782166    0.000000    0.952814    nan         nan         0.149332    nan         0.931540    nan         0.950855    nan         0.976048    nan         0.805025    nan         0.782166    nan         1600        38.323353   0.043504    0.160718    3.765070    3.288574   
[36mINFO[0m 08/07 01:50:57 | 0.693066    0.667516    0.000000    0.957544    nan         nan         0.169174    nan         0.955990    nan         0.946581    nan         0.970060    nan         0.693066    nan         0.667516    nan         1800        43.113772   0.026378    0.161708    3.734153    3.288574   
[36mINFO[0m 08/07 01:51:33 | 0.740776    0.719745    0.000000    0.956485    nan         nan         0.189643    nan         0.951100    nan         0.942308    nan         0.976048    nan         0.740776    nan         0.719745    nan         2000        47.904192   0.019518    0.161137    3.748916    3.288574   
[36mINFO[0m 08/07 01:52:09 | 0.675254    0.634395    0.000000    0.947829    nan         nan         0.165078    nan         0.931540    nan         0.935897    nan         0.976048    nan         0.675254    nan         0.634395    nan         2200        52.694611   0.018826    0.159419    3.737124    3.288574   
[36mINFO[0m 08/07 01:52:44 | 0.793257    0.771975    0.000000    0.956036    nan         nan         0.175687    nan         0.943765    nan         0.942308    nan         0.982036    nan         0.793257    nan         0.771975    nan         2400        57.485030   0.023363    0.159204    3.739879    3.288574   
[36mINFO[0m 08/07 01:53:20 | 0.684160    0.670064    0.000000    0.957602    nan         nan         0.170219    nan         0.943765    nan         0.952991    nan         0.976048    nan         0.684160    nan         0.670064    nan         2600        62.275449   0.025079    0.158882    3.726992    3.288574   
[36mINFO[0m 08/07 01:53:56 | 0.754453    0.719745    0.000000    0.962652    nan         nan         0.154445    nan         0.948655    nan         0.957265    nan         0.982036    nan         0.754453    nan         0.719745    nan         2800        67.065868   0.019625    0.161577    3.719724    3.288574   
[36mINFO[0m 08/07 01:54:31 | 0.755407    0.736306    0.000000    0.952676    nan         nan         0.177706    nan         0.948655    nan         0.942308    nan         0.967066    nan         0.755407    nan         0.736306    nan         3000        71.856287   0.017764    0.159089    3.747988    3.288574   
[36mINFO[0m 08/07 01:55:07 | 0.737277    0.736306    0.000000    0.951431    nan         nan         0.170944    nan         0.946210    nan         0.952991    nan         0.955090    nan         0.737277    nan         0.736306    nan         3200        76.646707   0.014639    0.159692    3.743776    3.288574   
[36mINFO[0m 08/07 01:55:43 | 0.772901    0.752866    0.000000    0.958374    nan         nan         0.145292    nan         0.948655    nan         0.959402    nan         0.967066    nan         0.772901    nan         0.752866    nan         3400        81.437126   0.020734    0.158809    3.720935    3.288574   
[36mINFO[0m 08/07 01:56:18 | 0.757634    0.736306    0.000000    0.947892    nan         nan         0.220220    nan         0.953545    nan         0.938034    nan         0.952096    nan         0.757634    nan         0.736306    nan         3600        86.227545   0.019227    0.160818    3.756500    3.288574   
[36mINFO[0m 08/07 01:56:55 | 0.760178    0.724841    0.000000    0.956588    nan         nan         0.172004    nan         0.953545    nan         0.940171    nan         0.976048    nan         0.760178    nan         0.724841    nan         3800        91.017964   0.012926    0.164955    3.735972    3.288574   
[36mINFO[0m 08/07 01:57:32 | 0.795483    0.769427    0.000000    0.956443    nan         nan         0.181256    nan         0.953545    nan         0.948718    nan         0.967066    nan         0.795483    nan         0.769427    nan         4000        95.808383   0.012696    0.163038    3.728411    3.288574   
[36mINFO[0m 08/07 01:58:07 | 0.837468    0.838217    0.000000    0.955347    nan         nan         0.184560    nan         0.951100    nan         0.935897    nan         0.979042    nan         0.837468    nan         0.838217    nan         4200        100.598802  0.034007    0.160230    3.748800    3.288574   
[36mINFO[0m 08/07 01:58:43 | 0.710878    0.691720    0.000000    0.950316    nan         nan         0.213815    nan         0.936430    nan         0.929487    nan         0.985030    nan         0.710878    nan         0.691720    nan         4400        105.389222  0.015203    0.158585    3.747925    3.288574   
[36mINFO[0m 08/07 01:59:19 | 0.694656    0.691720    0.000000    0.967721    nan         nan         0.133496    nan         0.960880    nan         0.972222    nan         0.970060    nan         0.694656    nan         0.691720    nan         4600        110.179641  0.038548    0.160351    3.724684    3.288574   
[36mINFO[0m 08/07 01:59:54 | 0.765585    0.738854    0.000000    0.957010    nan         nan         0.169252    nan         0.953545    nan         0.959402    nan         0.958084    nan         0.765585    nan         0.738854    nan         4800        114.970060  0.009841    0.159472    3.745223    3.288574   
[36mINFO[0m 08/07 02:00:30 | 0.763359    0.736306    0.000000    0.965443    nan         nan         0.148675    nan         0.960880    nan         0.959402    nan         0.976048    nan         0.763359    nan         0.736306    nan         5000        119.760479  0.009288    0.161557    3.732952    3.288574   
[36mINFO[0m 08/07 02:00:30 | ---
[36mINFO[0m 08/07 02:00:30 | oracle = 83.747%
[36mINFO[0m 08/07 02:00:30 | iid = 69.466%
[36mINFO[0m 08/07 02:00:30 | last = 76.336%
[36mINFO[0m 08/07 02:00:30 | last (inD) = 96.544%
[36mINFO[0m 08/07 02:00:30 | iid (inD) = 96.772%
[36mINFO[0m 08/07 02:00:31 | === Summary ===
[36mINFO[0m 08/07 02:00:31 | Command: /home/s21_yhr/lzh/new/DomainBed-new/train_all.py PACS_Arith_seed4 --dataset PACS --data_dir /home/s21_yhr/lzh/new/DomainBed-new/dataset --algorithm Arith --steps 5000 --checkpoint_freq 200 --batch_size 32 --optimizer adam --lr 5e-5 --weight_decay 0 --resnet_dropout 0 --resnet18 False --pretrained True --freeze_bn True --swad False --seed 4 --trial_seed 4 --deterministic --cache disk --prebuild_loader --image_size 224 --arith_meta_lr 0.01
[36mINFO[0m 08/07 02:00:31 | Unique name: 260807_01-02-29_PACS_Arith_seed4
[36mINFO[0m 08/07 02:00:31 | Out path: train_output/PACS/260807_01-02-29_PACS_Arith_seed4
[36mINFO[0m 08/07 02:00:31 | Algorithm: Arith
[36mINFO[0m 08/07 02:00:31 | Dataset: PACS
+------------+--------------+---------+---------+---------+---------+
| Selection  | art_painting | cartoon |  photo  |  sketch |   Avg.  |
+------------+--------------+---------+---------+---------+---------+
|   oracle   |   84.991%    | 82.996% | 97.231% | 83.747% | 87.241% |
|    iid     |   79.927%    | 76.013% | 97.006% | 69.466% | 80.603% |
|    last    |   78.768%    | 81.450% | 93.937% | 76.336% | 82.623% |
| last (inD) |   94.102%    | 96.198% | 96.311% | 96.544% | 95.789% |
| iid (inD)  |   96.873%    | 97.261% | 96.522% | 96.772% | 96.857% |
+------------+--------------+---------+---------+---------+---------+
