Algorithm: iDAG
Physical GPU: 3
Seeds: [0, 1, 2, 3, 4]
Dataset: /home/s21_yhr/lzh/new/DomainBed-new/dataset/PACS

================================================================================
Starting iDAG, seed=0, physical GPU=3
/home/s21_yhr/miniconda3/envs/GGA/bin/python /home/s21_yhr/lzh/new/DomainBed-new/train_all.py PACS_iDAG_seed0 --dataset PACS --data_dir /home/s21_yhr/lzh/new/DomainBed-new/dataset --algorithm iDAG --steps 5000 --checkpoint_freq 200 --batch_size 32 --optimizer adam --lr 5e-5 --weight_decay 0 --resnet_dropout 0 --resnet18 False --pretrained True --freeze_bn True --swad False --seed 0 --trial_seed 0 --deterministic --cache disk --prebuild_loader --image_size 224 --out_dim 512 --hidden_size 512 --num_hidden_layers 0 --dag_anneal_steps 200 --temperature 0.07 --ema_ratio 0.99 --lambda1 0.01 --lambda2 0.01 --rho 1.0 --alpha 1.0 --rho_max 100.0 --weight_mu 1.0 --weight_nu 1.0
================================================================================
[36mINFO[0m 08/06 19:13:49 | Command :: /home/s21_yhr/lzh/new/DomainBed-new/train_all.py PACS_iDAG_seed0 --dataset PACS --data_dir /home/s21_yhr/lzh/new/DomainBed-new/dataset --algorithm iDAG --steps 5000 --checkpoint_freq 200 --batch_size 32 --optimizer adam --lr 5e-5 --weight_decay 0 --resnet_dropout 0 --resnet18 False --pretrained True --freeze_bn True --swad False --seed 0 --trial_seed 0 --deterministic --cache disk --prebuild_loader --image_size 224 --out_dim 512 --hidden_size 512 --num_hidden_layers 0 --dag_anneal_steps 200 --temperature 0.07 --ema_ratio 0.99 --lambda1 0.01 --lambda2 0.01 --rho 1.0 --alpha 1.0 --rho_max 100.0 --weight_mu 1.0 --weight_nu 1.0
Environment:
	Python: 3.11.15
	PyTorch: 2.11.0+cu128
	Torchvision: 0.26.0+cu128
	CUDA: 12.8
	CUDNN: 91900
	NumPy: 1.26.4
	PIL: 12.2.0
Args:
	algorithm: iDAG
	batch_size: 32
	cache: disk
	cache_root: cache
	cache_size: None
	checkpoint_freq: 200
	configs: []
	data_dir: /home/s21_yhr/lzh/new/DomainBed-new/dataset
	dataset: PACS
	debug: False
	deterministic: True
	end_step: 200
	evalmode: fast
	extra_search: n
	extra_search_end: None
	extra_search_start: None
	gga_l_gamma: 0.001
	grad_fn: sum
	holdout_fraction: 0.2
	model_save: None
	name: PACS_iDAG_seed0
	neighborhoodSize: 1e-06
	out_dir: train_output/PACS/260806_19-13-49_PACS_iDAG_seed0
	out_root: train_output/PACS
	prebuild_loader: True
	q_steps: 2000
	quant: 0
	resize_mode: stretch
	saliency: False
	saliency_cmap: jet
	saliency_every: 0
	saliency_noise: 0.15
	saliency_num: 16
	saliency_samples: 25
	saliency_split: test_in
	seed: 0
	show: False
	start_step: 100
	steps: 5000
	tb_freq: 10
	test_envs: None
	train_output: train_output
	trial_seed: 0
	unique_name: 260806_19-13-49_PACS_iDAG_seed0
	work_dir: .
HParams:
	data_augmentation: True
	val_augment: False
	[36mresnet18: False
	[0m[36mresnet_dropout: 0
	[0mclass_balanced: False
	[36moptimizer: adam
	[0m[36mfreeze_bn: True
	[0m[36mpretrained: True
	[0m[36mimage_size: 224
	[0m[36mlr: 5e-05
	[0mbatch_size: 32
	[36mweight_decay: 0
	[0m[36mhidden_size: 512
	[0m[36mout_dim: 512
	[0m[36mnum_hidden_layers: 0
	[0m[36mdag_anneal_steps: 200
	[0m[36mtemperature: 0.07
	[0m[36mema_ratio: 0.99
	[0m[36mlambda1: 0.01
	[0m[36mlambda2: 0.01
	[0m[36mrho_max: 100.0
	[0m[36mrho: 1.0
	[0m[36malpha: 1.0
	[0m[36mweight_nu: 1.0
	[0m[36mweight_mu: 1.0
	[0m[36mswad: False
	[0mswad_kwargs: 
	  n_converge: 3
	  n_tolerance: 6
	  tolerance_ratio: 0.3
	test_batchsize: 128
	indomain_test: False
	grad_fn: sum
	extra_search: n
	logdir: train_output/PACS/260806_19-13-49_PACS_iDAG_seed0
	neighborhoodSize: 1e-06
	start_step: 100
	end_step: 200
	extra_search_start: None
	extra_search_end: None
	gga_l_gamma: 0.001
Dataset:
	[PACS] #envs=4, #classes=7
	env0: art_painting (#2048)
	env1: cartoon (#2344)
	env2: photo (#1670)
	env3: sketch (#3929)

[36mINFO[0m 08/06 19:13:50 | n_steps = 5000
[36mINFO[0m 08/06 19:13:50 | checkpoint_freq = 200
[36mINFO[0m 08/06 19:13:50 | n_steps is updated to 5000 => 5001 for checkpointing
[36mINFO[0m 08/06 19:13:50 | Target test envs = [[0], [1], [2], [3]]
[36mINFO[0m 08/06 19:13:50 | 
[36mINFO[0m 08/06 19:13:50 | Testenv name escaping te_art_painting -> te_art_painting
[36mINFO[0m 08/06 19:13:50 | Test envs = [0], name = te_art_painting
[36mINFO[0m 08/06 19:13:50 | Batch sizes for each domain: [0, 32, 32, 32] (total=96)
[36mINFO[0m 08/06 19:13:50 | steps-per-epoch for each domain: 58.62, 41.75, 98.25 -> min = 41.75
/home/s21_yhr/miniconda3/envs/GGA/lib/python3.11/site-packages/torchvision/models/_utils.py:208: UserWarning: The parameter 'pretrained' is deprecated since 0.13 and may be removed in the future, please use 'weights' instead.
  warnings.warn(
/home/s21_yhr/miniconda3/envs/GGA/lib/python3.11/site-packages/torchvision/models/_utils.py:223: UserWarning: Arguments other than a weight enum or `None` for 'weights' are deprecated since 0.13 and may be removed in the future. The current behavior is equivalent to passing `weights=ResNet50_Weights.IMAGENET1K_V1`. You can also use `weights=ResNet50_Weights.DEFAULT` to get the most up-to-date weights.
  warnings.warn(msg)
[36mINFO[0m 08/06 19:13:55 | # of params = 25354320
/home/s21_yhr/lzh/new/DomainBed-new/domainbed/algorithms/algorithms.py:161: UserWarning: The use of `x.T` on tensors of dimension other than 2 to reverse their shape is deprecated and it will throw an error in a future release. Consider `x.mT` to transpose batches of matrices or `x.permute(*torch.arange(x.ndim - 1, -1, -1))` to reverse the dimensions of a tensor. (Triggered internally at /pytorch/aten/src/ATen/native/TensorShape.cpp:4480.)
  mask_neg = torch.not_equal(labels, labels.T)
[36mINFO[0m 08/06 19:14:02 | test_in     test_out    train_in    train_out   test_in_au  test_out_a  train_out_  tr_outloss  env0_in     env0_in_au  env0_out    env0_out_a  env1_out    env1_out_a  env2_out    env2_out_a  env3_out    env3_out_a  step        epoch       loss        inv_ce      l2          penalty     l1          cl          step_time   eval_time   mem_gb     
[36mINFO[0m 08/06 19:14:02 | 0.139109    0.154034    0.000000    0.144510    nan         nan         nan         1.937272    0.139109    nan         0.154034    nan         0.145299    nan         0.104790    nan         0.183439    nan         0           0.000000    2.238102    1.957156    0.029485    0.000000    0.000019    0.964005    1.499580    4.679648    7.954926   
[36mINFO[0m 08/06 19:15:12 | 0.842587    0.841076    0.000000    0.935322    nan         nan         nan         0.216373    0.842587    nan         0.841076    nan         0.963675    nan         0.976048    nan         0.866242    nan         200         4.790419    0.862973    0.556509    0.029508    0.000000    0.000019    0.583279    0.320637    5.769799    8.177091   
[36mINFO[0m 08/06 19:16:28 | 0.751068    0.740831    0.000000    0.948014    nan         nan         nan         0.162435    0.751068    nan         0.740831    nan         0.955128    nan         0.964072    nan         0.924841    nan         400         9.580838    0.333462    0.118202    0.020965    0.000000    0.000022    0.194272    0.359938    4.669290    8.182537   
[36mINFO[0m 08/06 19:17:45 | 0.785845    0.811736    0.000000    0.961371    nan         nan         nan         0.115348    0.785845    nan         0.811736    nan         0.959402    nan         0.982036    nan         0.942675    nan         600         14.371257   0.221761    0.070964    0.020891    0.000000    0.000023    0.129883    0.357905    4.854925    8.182537   
[36mINFO[0m 08/06 19:19:00 | 0.801098    0.809291    0.000000    0.951808    nan         nan         nan         0.137245    0.801098    nan         0.809291    nan         0.965812    nan         0.943114    nan         0.946497    nan         800         19.161677   0.167672    0.050135    0.020754    0.000000    0.000023    0.096761    0.351675    4.642794    8.182537   
[36mINFO[0m 08/06 19:20:13 | 0.727273    0.753056    0.000000    0.953685    nan         nan         nan         0.148579    0.727273    nan         0.753056    nan         0.935897    nan         0.985030    nan         0.940127    nan         1000        23.952096   0.123807    0.036038    0.020537    0.000000    0.000023    0.067209    0.341680    4.752307    8.182537   
[36mINFO[0m 08/06 19:21:27 | 0.762050    0.787286    0.000000    0.960793    nan         nan         nan         0.120051    0.762050    nan         0.787286    nan         0.974359    nan         0.964072    nan         0.943949    nan         1200        28.742515   0.115464    0.031930    0.020296    0.000000    0.000023    0.063214    0.349748    4.610732    8.182537   
[36mINFO[0m 08/06 19:22:41 | 0.807200    0.809291    0.000000    0.954399    nan         nan         nan         0.132939    0.807200    nan         0.809291    nan         0.965812    nan         0.961078    nan         0.936306    nan         1400        33.532934   0.107216    0.029041    0.020082    0.000000    0.000023    0.058070    0.342332    4.654592    8.182537   
[36mINFO[0m 08/06 19:23:58 | 0.796827    0.843521    0.000000    0.963924    nan         nan         nan         0.113826    0.796827    nan         0.843521    nan         0.972222    nan         0.973054    nan         0.946497    nan         1600        38.323353   0.092267    0.024126    0.019891    0.000000    0.000023    0.048227    0.362708    4.636008    8.182537   
[36mINFO[0m 08/06 19:25:13 | 0.827334    0.853301    0.000000    0.963934    nan         nan         nan         0.135298    0.827334    nan         0.853301    nan         0.970085    nan         0.979042    nan         0.942675    nan         1800        43.113772   0.071898    0.017553    0.019737    0.000000    0.000023    0.034584    0.353012    4.595724    8.182537   
[36mINFO[0m 08/06 19:26:27 | 0.827944    0.845966    0.000000    0.959942    nan         nan         nan         0.145709    0.827944    nan         0.845966    nan         0.970085    nan         0.967066    nan         0.942675    nan         2000        47.904192   0.080683    0.020208    0.019598    0.000000    0.000024    0.040853    0.346031    4.955373    8.182537   
[36mINFO[0m 08/06 19:27:42 | 0.755949    0.792176    0.000000    0.967453    nan         nan         nan         0.108221    0.755949    nan         0.792176    nan         0.957265    nan         0.982036    nan         0.963057    nan         2200        52.694611   0.086251    0.022442    0.019476    0.000000    0.000024    0.044309    0.348196    4.918954    8.182537   
[36mINFO[0m 08/06 19:28:55 | 0.848688    0.843521    0.000000    0.973724    nan         nan         nan         0.097320    0.848688    nan         0.843521    nan         0.974359    nan         0.985030    nan         0.961783    nan         2400        57.485030   0.068654    0.016113    0.019378    0.000000    0.000024    0.033139    0.344314    4.649987    8.182537   
[36mINFO[0m 08/06 19:30:09 | 0.823063    0.853301    0.000000    0.963650    nan         nan         nan         0.148127    0.823063    nan         0.853301    nan         0.976496    nan         0.973054    nan         0.941401    nan         2600        62.275449   0.079241    0.019630    0.019304    0.000000    0.000024    0.040284    0.344741    4.492131    8.182537   
[36mINFO[0m 08/06 19:31:24 | 0.828554    0.823961    0.000000    0.958925    nan         nan         nan         0.164805    0.828554    nan         0.823961    nan         0.950855    nan         0.973054    nan         0.952866    nan         2800        67.065868   0.056685    0.012408    0.019221    0.000000    0.000024    0.025032    0.353122    5.133171    8.182537   
[36mINFO[0m 08/06 19:32:38 | 0.794387    0.806846    0.000000    0.966329    nan         nan         nan         0.124421    0.794387    nan         0.806846    nan         0.961538    nan         0.982036    nan         0.955414    nan         3000        71.856287   0.061740    0.013867    0.019154    0.000000    0.000024    0.028695    0.342383    4.627452    8.182537   
[36mINFO[0m 08/06 19:33:56 | 0.762660    0.775061    0.000000    0.963359    nan         nan         nan         0.151676    0.762660    nan         0.775061    nan         0.965812    nan         0.979042    nan         0.945223    nan         3200        76.646707   0.066571    0.014644    0.019099    0.000000    0.000024    0.032804    0.364464    4.977529    8.182537   
[36mINFO[0m 08/06 19:35:12 | 0.811470    0.841076    0.000000    0.967736    nan         nan         nan         0.128773    0.811470    nan         0.841076    nan         0.974359    nan         0.967066    nan         0.961783    nan         3400        81.437126   0.069851    0.016358    0.019039    0.000000    0.000024    0.034431    0.357040    4.648981    8.182537   
[36mINFO[0m 08/06 19:36:28 | 0.787065    0.821516    0.000000    0.955078    nan         nan         nan         0.165405    0.787065    nan         0.821516    nan         0.942308    nan         0.970060    nan         0.952866    nan         3600        86.227545   0.072806    0.017284    0.018996    0.000000    0.000024    0.036502    0.357621    4.959059    8.182537   
[36mINFO[0m 08/06 19:37:45 | 0.707138    0.718826    0.000000    0.958611    nan         nan         nan         0.157401    0.707138    nan         0.718826    nan         0.963675    nan         0.949102    nan         0.963057    nan         3800        91.017964   0.067351    0.015241    0.018949    0.000000    0.000025    0.033136    0.363134    4.704813    8.182537   
[36mINFO[0m 08/06 19:39:02 | 0.813301    0.792176    0.000000    0.968605    nan         nan         nan         0.127959    0.813301    nan         0.792176    nan         0.970085    nan         0.979042    nan         0.956688    nan         4000        95.808383   0.036369    0.005452    0.018891    0.000000    0.000025    0.012001    0.359805    4.504519    8.182537   
[36mINFO[0m 08/06 19:40:19 | 0.822453    0.841076    0.000000    0.958563    nan         nan         nan         0.170606    0.822453    nan         0.841076    nan         0.970085    nan         0.982036    nan         0.923567    nan         4200        100.598802  0.062468    0.014466    0.018849    0.000000    0.000025    0.029128    0.364025    4.090459    8.182537   
[36mINFO[0m 08/06 19:41:32 | 0.823063    0.828851    0.000000    0.961909    nan         nan         nan         0.163185    0.823063    nan         0.828851    nan         0.952991    nan         0.976048    nan         0.956688    nan         4400        105.389222  0.061912    0.013500    0.018818    0.000000    0.000025    0.029569    0.344803    4.464500    8.182537   
[36mINFO[0m 08/06 19:42:52 | 0.830995    0.804401    0.000000    0.945693    nan         nan         nan         0.208888    0.830995    nan         0.804401    nan         0.942308    nan         0.952096    nan         0.942675    nan         4600        110.179641  0.085966    0.020920    0.018784    0.000000    0.000025    0.046236    0.377653    4.587484    8.182537   
[36mINFO[0m 08/06 19:44:11 | 0.802318    0.801956    0.000000    0.966915    nan         nan         nan         0.126325    0.802318    nan         0.801956    nan         0.963675    nan         0.988024    nan         0.949045    nan         4800        114.970060  0.046876    0.008635    0.018738    0.000000    0.000025    0.019477    0.366642    5.369614    8.182537   
[36mINFO[0m 08/06 19:45:30 | 0.743136    0.767726    0.000000    0.962607    nan         nan         nan         0.135626    0.743136    nan         0.767726    nan         0.972222    nan         0.955090    nan         0.960510    nan         5000        119.760479  0.052912    0.010777    0.018699    0.000000    0.000025    0.023411    0.371181    4.482326    8.182537   
[36mINFO[0m 08/06 19:45:30 | ---
[36mINFO[0m 08/06 19:45:30 | oracle = 82.733%
[36mINFO[0m 08/06 19:45:30 | iid = 84.869%
[36mINFO[0m 08/06 19:45:30 | last = 74.314%
[36mINFO[0m 08/06 19:45:30 | last (inD) = 96.261%
[36mINFO[0m 08/06 19:45:30 | iid (inD) = 97.372%
[36mINFO[0m 08/06 19:45:31 | 
[36mINFO[0m 08/06 19:45:31 | Testenv name escaping te_cartoon -> te_cartoon
[36mINFO[0m 08/06 19:45:31 | Test envs = [1], name = te_cartoon
[36mINFO[0m 08/06 19:45:31 | Batch sizes for each domain: [32, 0, 32, 32] (total=96)
[36mINFO[0m 08/06 19:45:31 | steps-per-epoch for each domain: 51.22, 41.75, 98.25 -> min = 41.75
[36mINFO[0m 08/06 19:45:37 | # of params = 25354320
[36mINFO[0m 08/06 19:45:42 | test_in     test_out    train_in    train_out   test_in_au  train_out_  tr_outloss  test_out_a  env0_out    env0_out_a  env1_in     env1_in_au  env1_out    env1_out_a  env2_out    env2_out_a  env3_out    env3_out_a  step        epoch       loss        inv_ce      l2          penalty     l1          cl          step_time   eval_time   mem_gb     
[36mINFO[0m 08/06 19:45:42 | 0.147122    0.123932    0.000000    0.199119    nan         nan         1.937993    nan         0.134474    nan         0.147122    nan         0.123932    nan         0.122754    nan         0.340127    nan         0           0.000000    2.211722    1.967668    0.029479    0.000000    0.000019    0.887169    0.328055    5.100816    7.955597   
[36mINFO[0m 08/06 19:46:54 | 0.752665    0.786325    0.000000    0.934902    nan         nan         0.252982    nan         0.904645    nan         0.752665    nan         0.786325    nan         0.979042    nan         0.921019    nan         200         4.790419    0.863331    0.539123    0.029572    0.000000    0.000019    0.577270    0.331468    5.021678    8.176481   
[36mINFO[0m 08/06 19:48:12 | 0.751599    0.790598    0.000000    0.960817    nan         nan         0.122119    nan         0.946210    nan         0.751599    nan         0.790598    nan         0.991018    nan         0.945223    nan         400         9.580838    0.364439    0.124365    0.020847    0.000000    0.000022    0.219205    0.365826    4.899867    8.183697   
[36mINFO[0m 08/06 19:49:29 | 0.752665    0.792735    0.000000    0.953416    nan         nan         0.150326    nan         0.936430    nan         0.752665    nan         0.792735    nan         0.976048    nan         0.947771    nan         600         14.371257   0.247734    0.077606    0.020749    0.000000    0.000023    0.149356    0.361927    5.251884    8.183697   
[36mINFO[0m 08/06 19:50:45 | 0.828358    0.848291    0.000000    0.958570    nan         nan         0.147897    nan         0.953545    nan         0.828358    nan         0.848291    nan         0.982036    nan         0.940127    nan         800         19.161677   0.168254    0.048503    0.020595    0.000000    0.000023    0.099134    0.355630    4.811960    8.183697   
[36mINFO[0m 08/06 19:52:01 | 0.748401    0.771368    0.000000    0.958030    nan         nan         0.127680    nan         0.951100    nan         0.748401    nan         0.771368    nan         0.979042    nan         0.943949    nan         1000        23.952096   0.150362    0.041289    0.020417    0.000000    0.000023    0.088633    0.353460    4.894764    8.183697   
[36mINFO[0m 08/06 19:53:20 | 0.738806    0.754274    0.000000    0.948662    nan         nan         0.181238    nan         0.924205    nan         0.738806    nan         0.754274    nan         0.988024    nan         0.933758    nan         1200        28.742515   0.141800    0.039894    0.020215    0.000000    0.000023    0.081668    0.367098    5.016365    8.183697   
[36mINFO[0m 08/06 19:54:34 | 0.778785    0.807692    0.000000    0.949341    nan         nan         0.164060    nan         0.924205    nan         0.778785    nan         0.807692    nan         0.976048    nan         0.947771    nan         1400        33.532934   0.118528    0.031300    0.020020    0.000000    0.000023    0.067186    0.347073    4.971996    8.183697   
[36mINFO[0m 08/06 19:55:53 | 0.808102    0.826923    0.000000    0.960314    nan         nan         0.136540    nan         0.960880    nan         0.808102    nan         0.826923    nan         0.985030    nan         0.935032    nan         1600        38.323353   0.115515    0.030142    0.019858    0.000000    0.000023    0.065492    0.373347    4.756294    8.183697   
[36mINFO[0m 08/06 19:57:10 | 0.794776    0.811966    0.000000    0.952211    nan         nan         0.145390    nan         0.931540    nan         0.794776    nan         0.811966    nan         0.976048    nan         0.949045    nan         1800        43.113772   0.062349    0.014025    0.019711    0.000000    0.000023    0.028589    0.356888    5.311034    8.183697   
[36mINFO[0m 08/06 19:58:25 | 0.756397    0.773504    0.000000    0.941676    nan         nan         0.200503    nan         0.924205    nan         0.756397    nan         0.773504    nan         0.967066    nan         0.933758    nan         2000        47.904192   0.073186    0.017269    0.019589    0.000000    0.000024    0.036305    0.352118    4.871508    8.183697   
[36mINFO[0m 08/06 19:59:41 | 0.744136    0.752137    0.000000    0.950144    nan         nan         0.168980    nan         0.929095    nan         0.744136    nan         0.752137    nan         0.985030    nan         0.936306    nan         2200        52.694611   0.110141    0.026923    0.019469    0.000000    0.000024    0.063726    0.354453    4.964640    8.183697   
[36mINFO[0m 08/06 20:00:56 | 0.783582    0.818376    0.000000    0.954470    nan         nan         0.172837    nan         0.933985    nan         0.783582    nan         0.818376    nan         0.988024    nan         0.941401    nan         2400        57.485030   0.067358    0.015109    0.019366    0.000000    0.000024    0.032859    0.349869    4.812886    8.183697   
[36mINFO[0m 08/06 20:02:12 | 0.780384    0.792735    0.000000    0.955468    nan         nan         0.160229    nan         0.933985    nan         0.780384    nan         0.792735    nan         0.991018    nan         0.941401    nan         2600        62.275449   0.105256    0.025832    0.019282    0.000000    0.000024    0.060118    0.351161    5.389293    8.183697   
[36mINFO[0m 08/06 20:03:27 | 0.742537    0.752137    0.000000    0.952738    nan         nan         0.170240    nan         0.924205    nan         0.742537    nan         0.752137    nan         0.976048    nan         0.957962    nan         2800        67.065868   0.086951    0.020676    0.019211    0.000000    0.000024    0.047040    0.354002    4.939315    8.183697   
[36mINFO[0m 08/06 20:04:44 | 0.830490    0.865385    0.000000    0.970446    nan         nan         0.112630    nan         0.955990    nan         0.830490    nan         0.865385    nan         0.991018    nan         0.964331    nan         3000        71.856287   0.070903    0.015112    0.019152    0.000000    0.000024    0.036615    0.359003    5.012214    8.183697   
[36mINFO[0m 08/06 20:06:02 | 0.811301    0.816239    0.000000    0.948687    nan         nan         0.182201    nan         0.931540    nan         0.811301    nan         0.816239    nan         0.982036    nan         0.932484    nan         3200        76.646707   0.061409    0.013521    0.019089    0.000000    0.000024    0.028775    0.362378    4.891622    8.183697   
[36mINFO[0m 08/06 20:07:18 | 0.792644    0.811966    0.000000    0.964722    nan         nan         0.126965    nan         0.958435    nan         0.792644    nan         0.811966    nan         0.979042    nan         0.956688    nan         3400        81.437126   0.070819    0.015520    0.019037    0.000000    0.000024    0.036238    0.354197    4.984952    8.183697   
[36mINFO[0m 08/06 20:08:33 | 0.794243    0.807692    0.000000    0.966144    nan         nan         0.116857    nan         0.958435    nan         0.794243    nan         0.807692    nan         0.982036    nan         0.957962    nan         3600        86.227545   0.052758    0.009419    0.018976    0.000000    0.000025    0.024338    0.351675    4.876183    8.183697   
[36mINFO[0m 08/06 20:09:51 | 0.814499    0.839744    0.000000    0.966776    nan         nan         0.111306    nan         0.963325    nan         0.814499    nan         0.839744    nan         0.979042    nan         0.957962    nan         3800        91.017964   0.057151    0.011503    0.018928    0.000000    0.000025    0.026695    0.371133    4.366578    8.183697   
[36mINFO[0m 08/06 20:11:03 | 0.795842    0.807692    0.000000    0.946737    nan         nan         0.222657    nan         0.938875    nan         0.795842    nan         0.807692    nan         0.979042    nan         0.922293    nan         4000        95.808383   0.084948    0.018786    0.018892    0.000000    0.000025    0.047245    0.332607    4.971850    8.183697   
[36mINFO[0m 08/06 20:12:20 | 0.813966    0.822650    0.000000    0.944800    nan         nan         0.197937    nan         0.931540    nan         0.813966    nan         0.822650    nan         0.955090    nan         0.947771    nan         4200        100.598802  0.080581    0.018663    0.018857    0.000000    0.000025    0.043036    0.362510    4.840974    8.183697   
[36mINFO[0m 08/06 20:13:40 | 0.753731    0.754274    0.000000    0.949666    nan         nan         0.202368    nan         0.938875    nan         0.753731    nan         0.754274    nan         0.961078    nan         0.949045    nan         4400        105.389222  0.073250    0.016910    0.018819    0.000000    0.000025    0.037495    0.371049    5.009704    8.183697   
[36mINFO[0m 08/06 20:14:58 | 0.791578    0.818376    0.000000    0.959441    nan         nan         0.171015    nan         0.941320    nan         0.791578    nan         0.818376    nan         0.979042    nan         0.957962    nan         4600        110.179641  0.076170    0.017612    0.018799    0.000000    0.000025    0.039734    0.365506    4.924259    8.183697   
[36mINFO[0m 08/06 20:16:15 | 0.752132    0.756410    0.000000    0.950501    nan         nan         0.214408    nan         0.921760    nan         0.752132    nan         0.756410    nan         0.973054    nan         0.956688    nan         4800        114.970060  0.043920    0.007686    0.018750    0.000000    0.000025    0.017458    0.361876    4.972756    8.183697   
[36mINFO[0m 08/06 20:17:33 | 0.815565    0.850427    0.000000    0.951832    nan         nan         0.190889    nan         0.938875    nan         0.815565    nan         0.850427    nan         0.979042    nan         0.937580    nan         5000        119.760479  0.071716    0.016632    0.018723    0.000000    0.000025    0.036336    0.363974    4.891230    8.183697   
[36mINFO[0m 08/06 20:17:33 | ---
[36mINFO[0m 08/06 20:17:33 | oracle = 83.049%
[36mINFO[0m 08/06 20:17:33 | iid = 83.049%
[36mINFO[0m 08/06 20:17:33 | last = 81.557%
[36mINFO[0m 08/06 20:17:33 | last (inD) = 95.183%
[36mINFO[0m 08/06 20:17:33 | iid (inD) = 97.045%
[36mINFO[0m 08/06 20:17:34 | 
[36mINFO[0m 08/06 20:17:34 | Testenv name escaping te_photo -> te_photo
[36mINFO[0m 08/06 20:17:34 | Test envs = [2], name = te_photo
[36mINFO[0m 08/06 20:17:34 | Batch sizes for each domain: [32, 32, 0, 32] (total=96)
[36mINFO[0m 08/06 20:17:34 | steps-per-epoch for each domain: 51.22, 58.62, 98.25 -> min = 51.22
[36mINFO[0m 08/06 20:17:41 | # of params = 25354320
[36mINFO[0m 08/06 20:17:45 | test_in     test_out    train_in    train_out   test_in_au  train_out_  tr_outloss  test_out_a  env0_out    env0_out_a  env1_out    env1_out_a  env2_in     env2_in_au  env2_out    env2_out_a  env3_out    env3_out_a  step        epoch       loss        inv_ce      l2          penalty     l1          cl          step_time   eval_time   mem_gb     
[36mINFO[0m 08/06 20:17:45 | 0.174401    0.161677    0.000000    0.230795    nan         nan         1.943716    nan         0.290954    nan         0.158120    nan         0.174401    nan         0.161677    nan         0.243312    nan         0           0.000000    2.275309    1.965776    0.029492    0.000000    0.000019    1.053582    0.386885    4.467564    7.955597   
[36mINFO[0m 08/06 20:18:56 | 0.964072    0.943114    0.000000    0.875956    nan         nan         0.403503    nan         0.892421    nan         0.865385    nan         0.964072    nan         0.943114    nan         0.870064    nan         200         3.904820    1.052732    0.665892    0.029496    0.000000    0.000019    0.745925    0.332744    4.150967    8.176481   
[36mINFO[0m 08/06 20:20:12 | 0.976796    0.964072    0.000000    0.934197    nan         nan         0.192160    nan         0.931540    nan         0.955128    nan         0.976796    nan         0.964072    nan         0.915924    nan         400         7.809640    0.444019    0.160732    0.020811    0.000000    0.000022    0.262453    0.359885    4.214113    8.183697   
[36mINFO[0m 08/06 20:21:28 | 0.970060    0.964072    0.000000    0.926562    nan         nan         0.242152    nan         0.924205    nan         0.910256    nan         0.970060    nan         0.964072    nan         0.945223    nan         600         11.714460   0.264210    0.089846    0.020693    0.000000    0.000023    0.153648    0.356184    4.187800    8.183697   
[36mINFO[0m 08/06 20:22:43 | 0.931138    0.904192    0.000000    0.911905    nan         nan         0.278763    nan         0.909535    nan         0.910256    nan         0.931138    nan         0.904192    nan         0.915924    nan         800         15.619280   0.188190    0.059751    0.020526    0.000000    0.000023    0.107890    0.353730    4.448137    8.183697   
[36mINFO[0m 08/06 20:24:00 | 0.967814    0.970060    0.000000    0.957271    nan         nan         0.147934    nan         0.963325    nan         0.965812    nan         0.967814    nan         0.970060    nan         0.942675    nan         1000        19.524100   0.155136    0.047088    0.020321    0.000000    0.000023    0.087704    0.361230    4.200003    8.183697   
[36mINFO[0m 08/06 20:25:17 | 0.954341    0.934132    0.000000    0.948032    nan         nan         0.154082    nan         0.926650    nan         0.972222    nan         0.954341    nan         0.934132    nan         0.945223    nan         1200        23.428920   0.126903    0.035721    0.020120    0.000000    0.000023    0.071039    0.368294    4.274112    8.183697   
[36mINFO[0m 08/06 20:26:33 | 0.962575    0.946108    0.000000    0.950086    nan         nan         0.162068    nan         0.931540    nan         0.972222    nan         0.962575    nan         0.946108    nan         0.946497    nan         1400        27.333740   0.126358    0.036173    0.019927    0.000000    0.000023    0.070234    0.357691    4.273388    8.183697   
[36mINFO[0m 08/06 20:27:51 | 0.958832    0.928144    0.000000    0.955148    nan         nan         0.134288    nan         0.943765    nan         0.970085    nan         0.958832    nan         0.928144    nan         0.951592    nan         1600        31.238560   0.109329    0.029940    0.019751    0.000000    0.000023    0.059616    0.367726    4.310233    8.183697   
[36mINFO[0m 08/06 20:29:05 | 0.970060    0.952096    0.000000    0.956230    nan         nan         0.154161    nan         0.938875    nan         0.980769    nan         0.970060    nan         0.952096    nan         0.949045    nan         1800        35.143380   0.117460    0.031992    0.019598    0.000000    0.000023    0.065847    0.347269    4.242568    8.183697   
[36mINFO[0m 08/06 20:30:23 | 0.958832    0.937126    0.000000    0.957175    nan         nan         0.140975    nan         0.958435    nan         0.955128    nan         0.958832    nan         0.937126    nan         0.957962    nan         2000        39.048200   0.090622    0.023733    0.019481    0.000000    0.000024    0.047384    0.366229    4.396507    8.183697   
[36mINFO[0m 08/06 20:31:39 | 0.955838    0.931138    0.000000    0.952819    nan         nan         0.145361    nan         0.948655    nan         0.972222    nan         0.955838    nan         0.931138    nan         0.937580    nan         2200        42.953020   0.113305    0.029457    0.019365    0.000000    0.000024    0.064460    0.359714    4.230620    8.183697   
[36mINFO[0m 08/06 20:32:53 | 0.954341    0.931138    0.000000    0.958949    nan         nan         0.129082    nan         0.946210    nan         0.976496    nan         0.954341    nan         0.931138    nan         0.954140    nan         2400        46.857840   0.066673    0.015899    0.019267    0.000000    0.000024    0.031483    0.351590    4.232202    8.183697   
[36mINFO[0m 08/06 20:34:07 | 0.956587    0.937126    0.000000    0.953737    nan         nan         0.173409    nan         0.953545    nan         0.970085    nan         0.956587    nan         0.937126    nan         0.937580    nan         2600        50.762660   0.090308    0.023054    0.019178    0.000000    0.000024    0.048052    0.348400    4.245598    8.183697   
[36mINFO[0m 08/06 20:35:22 | 0.951347    0.925150    0.000000    0.956353    nan         nan         0.161239    nan         0.958435    nan         0.967949    nan         0.951347    nan         0.925150    nan         0.942675    nan         2800        54.667480   0.081796    0.020022    0.019104    0.000000    0.000024    0.042646    0.350407    4.696838    8.183697   
[36mINFO[0m 08/06 20:36:37 | 0.961078    0.931138    0.000000    0.953504    nan         nan         0.165736    nan         0.938875    nan         0.963675    nan         0.961078    nan         0.931138    nan         0.957962    nan         3000        58.572300   0.079543    0.019857    0.019034    0.000000    0.000024    0.040628    0.352749    4.123678    8.183697   
[36mINFO[0m 08/06 20:37:52 | 0.955090    0.934132    0.000000    0.944779    nan         nan         0.204160    nan         0.933985    nan         0.955128    nan         0.955090    nan         0.934132    nan         0.945223    nan         3200        62.477120   0.098248    0.025781    0.018978    0.000000    0.000024    0.053465    0.353272    4.272295    8.183697   
[36mINFO[0m 08/06 20:39:04 | 0.962575    0.952096    0.000000    0.954846    nan         nan         0.172686    nan         0.953545    nan         0.959402    nan         0.962575    nan         0.952096    nan         0.951592    nan         3400        66.381940   0.086200    0.021746    0.018918    0.000000    0.000024    0.045512    0.340920    4.218998    8.183697   
[36mINFO[0m 08/06 20:40:19 | 0.940868    0.928144    0.000000    0.949114    nan         nan         0.201466    nan         0.955990    nan         0.942308    nan         0.940868    nan         0.928144    nan         0.949045    nan         3600        70.286760   0.075890    0.018085    0.018875    0.000000    0.000025    0.038905    0.353921    4.249913    8.183697   
[36mINFO[0m 08/06 20:41:20 | 0.965569    0.940120    0.000000    0.961120    nan         nan         0.150858    nan         0.963325    nan         0.978632    nan         0.965569    nan         0.940120    nan         0.941401    nan         3800        74.191580   0.050415    0.010196    0.018826    0.000000    0.000025    0.021368    0.280924    4.479240    8.183697   
[36mINFO[0m 08/06 20:42:35 | 0.913922    0.901198    0.000000    0.916419    nan         nan         0.322908    nan         0.882641    nan         0.925214    nan         0.913922    nan         0.901198    nan         0.941401    nan         4000        78.096400   0.085993    0.021295    0.018792    0.000000    0.000025    0.045881    0.355515    4.086508    8.183697   
[36mINFO[0m 08/06 20:43:51 | 0.940868    0.919162    0.000000    0.954620    nan         nan         0.154847    nan         0.941320    nan         0.972222    nan         0.940868    nan         0.919162    nan         0.950318    nan         4200        82.001220   0.071763    0.016939    0.018746    0.000000    0.000025    0.036053    0.359390    4.211015    8.183697   
[36mINFO[0m 08/06 20:45:08 | 0.946856    0.928144    0.000000    0.965250    nan         nan         0.132522    nan         0.960880    nan         0.974359    nan         0.946856    nan         0.928144    nan         0.960510    nan         4400        85.906040   0.057090    0.012369    0.018710    0.000000    0.000025    0.025986    0.362476    4.110705    8.183697   
[36mINFO[0m 08/06 20:46:24 | 0.931886    0.904192    0.000000    0.954894    nan         nan         0.163206    nan         0.941320    nan         0.967949    nan         0.931886    nan         0.904192    nan         0.955414    nan         4600        89.810860   0.079578    0.019205    0.018676    0.000000    0.000025    0.041672    0.361114    4.287747    8.183697   
[36mINFO[0m 08/06 20:47:42 | 0.944611    0.940120    0.000000    0.953586    nan         nan         0.173090    nan         0.933985    nan         0.970085    nan         0.944611    nan         0.940120    nan         0.956688    nan         4800        93.715680   0.053357    0.010938    0.018640    0.000000    0.000025    0.023754    0.368507    4.064355    8.183697   
[36mINFO[0m 08/06 20:49:02 | 0.952096    0.925150    0.000000    0.954182    nan         nan         0.172191    nan         0.941320    nan         0.965812    nan         0.952096    nan         0.925150    nan         0.955414    nan         5000        97.620500   0.063725    0.013918    0.018612    0.000000    0.000025    0.031170    0.378795    4.221970    8.183697   
[36mINFO[0m 08/06 20:49:02 | ---
[36mINFO[0m 08/06 20:49:02 | oracle = 96.781%
[36mINFO[0m 08/06 20:49:02 | iid = 94.686%
[36mINFO[0m 08/06 20:49:02 | last = 95.210%
[36mINFO[0m 08/06 20:49:02 | last (inD) = 95.418%
[36mINFO[0m 08/06 20:49:02 | iid (inD) = 96.525%
[36mINFO[0m 08/06 20:49:03 | 
[36mINFO[0m 08/06 20:49:03 | Testenv name escaping te_sketch -> te_sketch
[36mINFO[0m 08/06 20:49:03 | Test envs = [3], name = te_sketch
[36mINFO[0m 08/06 20:49:03 | Batch sizes for each domain: [32, 32, 32, 0] (total=96)
[36mINFO[0m 08/06 20:49:03 | steps-per-epoch for each domain: 51.22, 58.62, 41.75 -> min = 41.75
[36mINFO[0m 08/06 20:49:10 | # of params = 25354320
[36mINFO[0m 08/06 20:49:17 | test_in     test_out    train_in    train_out   test_in_au  train_out_  tr_outloss  test_out_a  env0_out    env0_out_a  env1_out    env1_out_a  env2_out    env2_out_a  env3_in     env3_in_au  env3_out    env3_out_a  step        epoch       loss        inv_ce      l2          penalty     l1          cl          step_time   eval_time   mem_gb     
[36mINFO[0m 08/06 20:49:17 | 0.121501    0.126115    0.000000    0.249357    nan         nan         1.943363    nan         0.246944    nan         0.183761    nan         0.317365    nan         0.121501    nan         0.126115    nan         0           0.000000    2.191746    1.951820    0.029514    0.000000    0.000019    0.775029    0.435826    6.426762    7.955597   
[36mINFO[0m 08/06 20:50:31 | 0.622137    0.625478    0.000000    0.902014    nan         nan         0.305742    nan         0.875306    nan         0.869658    nan         0.961078    nan         0.622137    nan         0.625478    nan         200         4.790419    0.902552    0.549050    0.029512    0.000000    0.000019    0.580862    0.337106    6.291679    8.176481   
[36mINFO[0m 08/06 20:51:46 | 0.645674    0.630573    0.000000    0.949809    nan         nan         0.178207    nan         0.941320    nan         0.923077    nan         0.985030    nan         0.645674    nan         0.630573    nan         400         9.580838    0.348774    0.114247    0.020684    0.000000    0.000022    0.213820    0.342228    6.354114    8.183697   
[36mINFO[0m 08/06 20:53:02 | 0.794529    0.784713    0.000000    0.969759    nan         nan         0.111780    nan         0.958435    nan         0.965812    nan         0.985030    nan         0.794529    nan         0.784713    nan         600         14.371257   0.199593    0.058682    0.020613    0.000000    0.000023    0.120276    0.351943    6.417670    8.183697   
[36mINFO[0m 08/06 20:54:19 | 0.746819    0.719745    0.000000    0.956764    nan         nan         0.126861    nan         0.933985    nan         0.957265    nan         0.979042    nan         0.746819    nan         0.719745    nan         800         19.161677   0.157966    0.043184    0.020452    0.000000    0.000023    0.094307    0.351482    6.565941    8.183697   
[36mINFO[0m 08/06 20:55:35 | 0.629771    0.608917    0.000000    0.963139    nan         nan         0.138654    nan         0.953545    nan         0.965812    nan         0.970060    nan         0.629771    nan         0.608917    nan         1000        23.952096   0.140806    0.036846    0.020277    0.000000    0.000023    0.083660    0.347544    6.430274    8.183697   
[36mINFO[0m 08/06 20:56:52 | 0.770674    0.756688    0.000000    0.955378    nan         nan         0.158035    nan         0.931540    nan         0.961538    nan         0.973054    nan         0.770674    nan         0.756688    nan         1200        28.742515   0.114148    0.028938    0.020110    0.000000    0.000023    0.065076    0.351965    6.305573    8.183697   
[36mINFO[0m 08/06 20:58:09 | 0.666349    0.649682    0.000000    0.947558    nan         nan         0.176477    nan         0.921760    nan         0.950855    nan         0.970060    nan         0.666349    nan         0.649682    nan         1400        33.532934   0.105779    0.026031    0.019934    0.000000    0.000023    0.059791    0.353273    6.338598    8.183697   
[36mINFO[0m 08/06 20:59:25 | 0.742684    0.721019    0.000000    0.963871    nan         nan         0.124980    nan         0.943765    nan         0.965812    nan         0.982036    nan         0.742684    nan         0.721019    nan         1600        38.323353   0.082043    0.018202    0.019773    0.000000    0.000023    0.044045    0.345820    6.872849    8.183697   
[36mINFO[0m 08/06 21:00:41 | 0.731552    0.732484    0.000000    0.952265    nan         nan         0.156946    nan         0.938875    nan         0.950855    nan         0.967066    nan         0.731552    nan         0.732484    nan         1800        43.113772   0.077114    0.017349    0.019637    0.000000    0.000023    0.040104    0.345383    6.454028    8.183697   
[36mINFO[0m 08/06 21:01:58 | 0.728690    0.721019    0.000000    0.952810    nan         nan         0.142075    nan         0.931540    nan         0.965812    nan         0.961078    nan         0.728690    nan         0.721019    nan         2000        47.904192   0.092629    0.021709    0.019524    0.000000    0.000024    0.051373    0.358000    6.326194    8.183697   
[36mINFO[0m 08/06 21:03:15 | 0.763995    0.770701    0.000000    0.964811    nan         nan         0.125636    nan         0.955990    nan         0.959402    nan         0.979042    nan         0.763995    nan         0.770701    nan         2200        52.694611   0.078749    0.016811    0.019423    0.000000    0.000024    0.042492    0.349378    6.879200    8.183697   
[36mINFO[0m 08/06 21:04:33 | 0.743321    0.746497    0.000000    0.965379    nan         nan         0.114962    nan         0.955990    nan         0.970085    nan         0.970060    nan         0.743321    nan         0.746497    nan         2400        57.485030   0.117156    0.028133    0.019333    0.000000    0.000024    0.069667    0.354474    6.443351    8.183697   
[36mINFO[0m 08/06 21:05:47 | 0.790712    0.761783    0.000000    0.968228    nan         nan         0.100573    nan         0.955990    nan         0.978632    nan         0.970060    nan         0.790712    nan         0.761783    nan         2600        62.275449   0.043907    0.007077    0.019254    0.000000    0.000024    0.017552    0.340018    6.389456    8.183697   
[36mINFO[0m 08/06 21:07:03 | 0.729326    0.715924    0.000000    0.967558    nan         nan         0.115199    nan         0.953545    nan         0.970085    nan         0.979042    nan         0.729326    nan         0.715924    nan         2800        67.065868   0.058722    0.011707    0.019179    0.000000    0.000024    0.027812    0.350676    5.348143    8.183697   
[36mINFO[0m 08/06 21:08:19 | 0.761450    0.740127    0.000000    0.959940    nan         nan         0.122393    nan         0.948655    nan         0.970085    nan         0.961078    nan         0.761450    nan         0.740127    nan         3000        71.856287   0.050780    0.009572    0.019113    0.000000    0.000024    0.022071    0.354216    6.046280    8.183697   
[36mINFO[0m 08/06 21:09:40 | 0.583969    0.563057    0.000000    0.955686    nan         nan         0.161727    nan         0.938875    nan         0.955128    nan         0.973054    nan         0.583969    nan         0.563057    nan         3200        76.646707   0.073463    0.014717    0.019058    0.000000    0.000024    0.039664    0.368467    6.487973    8.183697   
[36mINFO[0m 08/06 21:10:50 | 0.760496    0.754140    0.000000    0.954822    nan         nan         0.149808    nan         0.921760    nan         0.978632    nan         0.964072    nan         0.760496    nan         0.754140    nan         3400        81.437126   0.062351    0.011981    0.019005    0.000000    0.000024    0.031340    0.322047    5.543466    8.183697   
[36mINFO[0m 08/06 21:12:02 | 0.743957    0.745223    0.000000    0.951835    nan         nan         0.225499    nan         0.938875    nan         0.961538    nan         0.955090    nan         0.743957    nan         0.745223    nan         3600        86.227545   0.079438    0.017308    0.018954    0.000000    0.000024    0.043152    0.328194    6.412784    8.183697   
[36mINFO[0m 08/06 21:13:18 | 0.775127    0.773248    0.000000    0.963608    nan         nan         0.118459    nan         0.951100    nan         0.963675    nan         0.976048    nan         0.775127    nan         0.773248    nan         3800        91.017964   0.080647    0.016729    0.018908    0.000000    0.000025    0.044986    0.348145    6.379701    8.183697   
[36mINFO[0m 08/06 21:14:36 | 0.698155    0.696815    0.000000    0.946621    nan         nan         0.225143    nan         0.926650    nan         0.955128    nan         0.958084    nan         0.698155    nan         0.696815    nan         4000        95.808383   0.072332    0.015152    0.018871    0.000000    0.000025    0.038285    0.357817    6.403591    8.183697   
[36mINFO[0m 08/06 21:15:54 | 0.750000    0.747771    0.000000    0.952669    nan         nan         0.194932    nan         0.931540    nan         0.959402    nan         0.967066    nan         0.750000    nan         0.747771    nan         4200        100.598802  0.057566    0.010095    0.018820    0.000000    0.000025    0.028627    0.357610    6.307081    8.183697   
[36mINFO[0m 08/06 21:17:12 | 0.758906    0.754140    0.000000    0.943642    nan         nan         0.266241    nan         0.916870    nan         0.967949    nan         0.946108    nan         0.758906    nan         0.754140    nan         4400        105.389222  0.060298    0.011408    0.018790    0.000000    0.000025    0.030076    0.357312    6.425615    8.183697   
[36mINFO[0m 08/06 21:18:29 | 0.822201    0.802548    0.000000    0.963257    nan         nan         0.124777    nan         0.946210    nan         0.976496    nan         0.967066    nan         0.822201    nan         0.802548    nan         4600        110.179641  0.055290    0.010206    0.018749    0.000000    0.000025    0.026310    0.355594    6.419307    8.183697   
[36mINFO[0m 08/06 21:19:46 | 0.784987    0.766879    0.000000    0.970387    nan         nan         0.094763    nan         0.963325    nan         0.980769    nan         0.967066    nan         0.784987    nan         0.766879    nan         4800        114.970060  0.047761    0.007790    0.018713    0.000000    0.000025    0.021232    0.349782    6.462719    8.183697   
[36mINFO[0m 08/06 21:21:02 | 0.782443    0.785987    0.000000    0.968109    nan         nan         0.133525    nan         0.963325    nan         0.967949    nan         0.973054    nan         0.782443    nan         0.785987    nan         5000        119.760479  0.052268    0.009506    0.018680    0.000000    0.000025    0.024057    0.352668    6.396496    8.183697   
[36mINFO[0m 08/06 21:21:02 | ---
[36mINFO[0m 08/06 21:21:02 | oracle = 82.220%
[36mINFO[0m 08/06 21:21:02 | iid = 78.499%
[36mINFO[0m 08/06 21:21:02 | last = 78.244%
[36mINFO[0m 08/06 21:21:02 | last (inD) = 96.811%
[36mINFO[0m 08/06 21:21:02 | iid (inD) = 97.039%
[36mINFO[0m 08/06 21:21:03 | === Summary ===
[36mINFO[0m 08/06 21:21:03 | Command: /home/s21_yhr/lzh/new/DomainBed-new/train_all.py PACS_iDAG_seed0 --dataset PACS --data_dir /home/s21_yhr/lzh/new/DomainBed-new/dataset --algorithm iDAG --steps 5000 --checkpoint_freq 200 --batch_size 32 --optimizer adam --lr 5e-5 --weight_decay 0 --resnet_dropout 0 --resnet18 False --pretrained True --freeze_bn True --swad False --seed 0 --trial_seed 0 --deterministic --cache disk --prebuild_loader --image_size 224 --out_dim 512 --hidden_size 512 --num_hidden_layers 0 --dag_anneal_steps 200 --temperature 0.07 --ema_ratio 0.99 --lambda1 0.01 --lambda2 0.01 --rho 1.0 --alpha 1.0 --rho_max 100.0 --weight_mu 1.0 --weight_nu 1.0
[36mINFO[0m 08/06 21:21:03 | Unique name: 260806_19-13-49_PACS_iDAG_seed0
[36mINFO[0m 08/06 21:21:03 | Out path: train_output/PACS/260806_19-13-49_PACS_iDAG_seed0
[36mINFO[0m 08/06 21:21:03 | Algorithm: iDAG
[36mINFO[0m 08/06 21:21:03 | Dataset: PACS
+------------+--------------+---------+---------+---------+---------+
| Selection  | art_painting | cartoon |  photo  |  sketch |   Avg.  |
+------------+--------------+---------+---------+---------+---------+
|   oracle   |   82.733%    | 83.049% | 96.781% | 82.220% | 86.196% |
|    iid     |   84.869%    | 83.049% | 94.686% | 78.499% | 85.276% |
|    last    |   74.314%    | 81.557% | 95.210% | 78.244% | 82.331% |
| last (inD) |   96.261%    | 95.183% | 95.418% | 96.811% | 95.918% |
| iid (inD)  |   97.372%    | 97.045% | 96.525% | 97.039% | 96.995% |
+------------+--------------+---------+---------+---------+---------+
================================================================================
Starting iDAG, seed=1, physical GPU=3
/home/s21_yhr/miniconda3/envs/GGA/bin/python /home/s21_yhr/lzh/new/DomainBed-new/train_all.py PACS_iDAG_seed1 --dataset PACS --data_dir /home/s21_yhr/lzh/new/DomainBed-new/dataset --algorithm iDAG --steps 5000 --checkpoint_freq 200 --batch_size 32 --optimizer adam --lr 5e-5 --weight_decay 0 --resnet_dropout 0 --resnet18 False --pretrained True --freeze_bn True --swad False --seed 1 --trial_seed 1 --deterministic --cache disk --prebuild_loader --image_size 224 --out_dim 512 --hidden_size 512 --num_hidden_layers 0 --dag_anneal_steps 200 --temperature 0.07 --ema_ratio 0.99 --lambda1 0.01 --lambda2 0.01 --rho 1.0 --alpha 1.0 --rho_max 100.0 --weight_mu 1.0 --weight_nu 1.0
================================================================================
[36mINFO[0m 08/06 21:21:10 | Command :: /home/s21_yhr/lzh/new/DomainBed-new/train_all.py PACS_iDAG_seed1 --dataset PACS --data_dir /home/s21_yhr/lzh/new/DomainBed-new/dataset --algorithm iDAG --steps 5000 --checkpoint_freq 200 --batch_size 32 --optimizer adam --lr 5e-5 --weight_decay 0 --resnet_dropout 0 --resnet18 False --pretrained True --freeze_bn True --swad False --seed 1 --trial_seed 1 --deterministic --cache disk --prebuild_loader --image_size 224 --out_dim 512 --hidden_size 512 --num_hidden_layers 0 --dag_anneal_steps 200 --temperature 0.07 --ema_ratio 0.99 --lambda1 0.01 --lambda2 0.01 --rho 1.0 --alpha 1.0 --rho_max 100.0 --weight_mu 1.0 --weight_nu 1.0
Environment:
	Python: 3.11.15
	PyTorch: 2.11.0+cu128
	Torchvision: 0.26.0+cu128
	CUDA: 12.8
	CUDNN: 91900
	NumPy: 1.26.4
	PIL: 12.2.0
Args:
	algorithm: iDAG
	batch_size: 32
	cache: disk
	cache_root: cache
	cache_size: None
	checkpoint_freq: 200
	configs: []
	data_dir: /home/s21_yhr/lzh/new/DomainBed-new/dataset
	dataset: PACS
	debug: False
	deterministic: True
	end_step: 200
	evalmode: fast
	extra_search: n
	extra_search_end: None
	extra_search_start: None
	gga_l_gamma: 0.001
	grad_fn: sum
	holdout_fraction: 0.2
	model_save: None
	name: PACS_iDAG_seed1
	neighborhoodSize: 1e-06
	out_dir: train_output/PACS/260806_21-21-10_PACS_iDAG_seed1
	out_root: train_output/PACS
	prebuild_loader: True
	q_steps: 2000
	quant: 0
	resize_mode: stretch
	saliency: False
	saliency_cmap: jet
	saliency_every: 0
	saliency_noise: 0.15
	saliency_num: 16
	saliency_samples: 25
	saliency_split: test_in
	seed: 1
	show: False
	start_step: 100
	steps: 5000
	tb_freq: 10
	test_envs: None
	train_output: train_output
	trial_seed: 1
	unique_name: 260806_21-21-10_PACS_iDAG_seed1
	work_dir: .
HParams:
	data_augmentation: True
	val_augment: False
	[36mresnet18: False
	[0m[36mresnet_dropout: 0
	[0mclass_balanced: False
	[36moptimizer: adam
	[0m[36mfreeze_bn: True
	[0m[36mpretrained: True
	[0m[36mimage_size: 224
	[0m[36mlr: 5e-05
	[0mbatch_size: 32
	[36mweight_decay: 0
	[0m[36mhidden_size: 512
	[0m[36mout_dim: 512
	[0m[36mnum_hidden_layers: 0
	[0m[36mdag_anneal_steps: 200
	[0m[36mtemperature: 0.07
	[0m[36mema_ratio: 0.99
	[0m[36mlambda1: 0.01
	[0m[36mlambda2: 0.01
	[0m[36mrho_max: 100.0
	[0m[36mrho: 1.0
	[0m[36malpha: 1.0
	[0m[36mweight_nu: 1.0
	[0m[36mweight_mu: 1.0
	[0m[36mswad: False
	[0mswad_kwargs: 
	  n_converge: 3
	  n_tolerance: 6
	  tolerance_ratio: 0.3
	test_batchsize: 128
	indomain_test: False
	grad_fn: sum
	extra_search: n
	logdir: train_output/PACS/260806_21-21-10_PACS_iDAG_seed1
	neighborhoodSize: 1e-06
	start_step: 100
	end_step: 200
	extra_search_start: None
	extra_search_end: None
	gga_l_gamma: 0.001
Dataset:
	[PACS] #envs=4, #classes=7
	env0: art_painting (#2048)
	env1: cartoon (#2344)
	env2: photo (#1670)
	env3: sketch (#3929)

[36mINFO[0m 08/06 21:21:10 | n_steps = 5000
[36mINFO[0m 08/06 21:21:10 | checkpoint_freq = 200
[36mINFO[0m 08/06 21:21:10 | n_steps is updated to 5000 => 5001 for checkpointing
[36mINFO[0m 08/06 21:21:10 | Target test envs = [[0], [1], [2], [3]]
[36mINFO[0m 08/06 21:21:10 | 
[36mINFO[0m 08/06 21:21:11 | Testenv name escaping te_art_painting -> te_art_painting
[36mINFO[0m 08/06 21:21:11 | Test envs = [0], name = te_art_painting
[36mINFO[0m 08/06 21:21:11 | Batch sizes for each domain: [0, 32, 32, 32] (total=96)
[36mINFO[0m 08/06 21:21:11 | steps-per-epoch for each domain: 58.62, 41.75, 98.25 -> min = 41.75
/home/s21_yhr/miniconda3/envs/GGA/lib/python3.11/site-packages/torchvision/models/_utils.py:208: UserWarning: The parameter 'pretrained' is deprecated since 0.13 and may be removed in the future, please use 'weights' instead.
  warnings.warn(
/home/s21_yhr/miniconda3/envs/GGA/lib/python3.11/site-packages/torchvision/models/_utils.py:223: UserWarning: Arguments other than a weight enum or `None` for 'weights' are deprecated since 0.13 and may be removed in the future. The current behavior is equivalent to passing `weights=ResNet50_Weights.IMAGENET1K_V1`. You can also use `weights=ResNet50_Weights.DEFAULT` to get the most up-to-date weights.
  warnings.warn(msg)
[36mINFO[0m 08/06 21:21:16 | # of params = 25354320
/home/s21_yhr/lzh/new/DomainBed-new/domainbed/algorithms/algorithms.py:161: UserWarning: The use of `x.T` on tensors of dimension other than 2 to reverse their shape is deprecated and it will throw an error in a future release. Consider `x.mT` to transpose batches of matrices or `x.permute(*torch.arange(x.ndim - 1, -1, -1))` to reverse the dimensions of a tensor. (Triggered internally at /pytorch/aten/src/ATen/native/TensorShape.cpp:4480.)
  mask_neg = torch.not_equal(labels, labels.T)
[36mINFO[0m 08/06 21:21:22 | test_in     test_out    train_in    train_out   test_in_au  test_out_a  train_out_  tr_outloss  env0_in     env0_in_au  env0_out    env0_out_a  env1_out    env1_out_a  env2_out    env2_out_a  env3_out    env3_out_a  step        epoch       loss        inv_ce      l2          penalty     l1          cl          step_time   eval_time   mem_gb     
[36mINFO[0m 08/06 21:21:22 | 0.205613    0.200489    0.000000    0.198045    nan         nan         nan         1.936360    0.205613    nan         0.200489    nan         0.181624    nan         0.203593    nan         0.208917    nan         0           0.000000    2.188231    1.945591    0.029489    0.000000    0.000019    0.834822    1.562209    4.800026    7.954926   
[36mINFO[0m 08/06 21:22:32 | 0.808420    0.789731    0.000000    0.928540    nan         nan         nan         0.227768    0.808420    nan         0.789731    nan         0.899573    nan         0.979042    nan         0.907006    nan         200         4.790419    0.880285    0.569987    0.029376    0.000000    0.000019    0.590098    0.323448    4.606538    8.177091   
[36mINFO[0m 08/06 21:23:45 | 0.830995    0.828851    0.000000    0.965050    nan         nan         nan         0.114331    0.830995    nan         0.828851    nan         0.948718    nan         0.991018    nan         0.955414    nan         400         9.580838    0.332311    0.117927    0.020678    0.000000    0.000022    0.193684    0.342927    4.634652    8.182537   
[36mINFO[0m 08/06 21:24:59 | 0.817572    0.784841    0.000000    0.943472    nan         nan         nan         0.169300    0.817572    nan         0.784841    nan         0.935897    nan         0.976048    nan         0.918471    nan         600         14.371257   0.214869    0.068909    0.020585    0.000000    0.000023    0.125352    0.346573    4.606172    8.182537   
[36mINFO[0m 08/06 21:26:13 | 0.840146    0.850856    0.000000    0.963485    nan         nan         nan         0.114164    0.840146    nan         0.850856    nan         0.938034    nan         0.997006    nan         0.955414    nan         800         19.161677   0.178120    0.055792    0.020422    0.000000    0.000023    0.101883    0.346658    4.554608    8.182537   
[36mINFO[0m 08/06 21:27:28 | 0.821232    0.828851    0.000000    0.959123    nan         nan         nan         0.135318    0.821232    nan         0.828851    nan         0.963675    nan         0.985030    nan         0.928662    nan         1000        23.952096   0.119724    0.033676    0.020206    0.000000    0.000023    0.065819    0.353597    4.822748    8.182537   
[36mINFO[0m 08/06 21:28:41 | 0.824893    0.801956    0.000000    0.964351    nan         nan         nan         0.094228    0.824893    nan         0.801956    nan         0.952991    nan         0.991018    nan         0.949045    nan         1200        28.742515   0.115475    0.032584    0.020001    0.000000    0.000023    0.062868    0.341040    4.565723    8.182537   
[36mINFO[0m 08/06 21:29:55 | 0.805979    0.806846    0.000000    0.960641    nan         nan         nan         0.115182    0.805979    nan         0.806846    nan         0.942308    nan         0.988024    nan         0.951592    nan         1400        33.532934   0.102482    0.027557    0.019801    0.000000    0.000023    0.055102    0.344883    4.646953    8.182537   
[36mINFO[0m 08/06 21:31:08 | 0.788896    0.765281    0.000000    0.958097    nan         nan         nan         0.116145    0.788896    nan         0.765281    nan         0.950855    nan         0.982036    nan         0.941401    nan         1600        38.323353   0.087714    0.022425    0.019630    0.000000    0.000023    0.045636    0.342493    4.570621    8.182537   
[36mINFO[0m 08/06 21:32:23 | 0.796827    0.792176    0.000000    0.969734    nan         nan         nan         0.091394    0.796827    nan         0.792176    nan         0.955128    nan         0.991018    nan         0.963057    nan         1800        43.113772   0.062585    0.014544    0.019472    0.000000    0.000024    0.028546    0.356255    3.819814    8.182537   
[36mINFO[0m 08/06 21:33:37 | 0.841367    0.831296    0.000000    0.969459    nan         nan         nan         0.107781    0.841367    nan         0.831296    nan         0.955128    nan         0.994012    nan         0.959236    nan         2000        47.904192   0.128063    0.034574    0.019333    0.000000    0.000024    0.074133    0.351873    3.930475    8.182537   
[36mINFO[0m 08/06 21:34:53 | 0.832215    0.831296    0.000000    0.972998    nan         nan         nan         0.097731    0.832215    nan         0.831296    nan         0.965812    nan         0.985030    nan         0.968153    nan         2200        52.694611   0.091353    0.022895    0.019217    0.000000    0.000024    0.049217    0.354591    4.706495    8.182537   
[36mINFO[0m 08/06 21:36:07 | 0.824893    0.814181    0.000000    0.975407    nan         nan         nan         0.102214    0.824893    nan         0.814181    nan         0.963675    nan         0.988024    nan         0.974522    nan         2400        57.485030   0.056796    0.012421    0.019113    0.000000    0.000024    0.025238    0.347003    4.737128    8.182537   
[36mINFO[0m 08/06 21:37:23 | 0.732764    0.723716    0.000000    0.971855    nan         nan         nan         0.098077    0.732764    nan         0.723716    nan         0.974359    nan         0.973054    nan         0.968153    nan         2600        62.275449   0.069029    0.016222    0.019030    0.000000    0.000024    0.033754    0.356327    4.782841    8.182537   
[36mINFO[0m 08/06 21:38:38 | 0.851739    0.877751    0.000000    0.967637    nan         nan         nan         0.107111    0.851739    nan         0.877751    nan         0.963675    nan         0.994012    nan         0.945223    nan         2800        67.065868   0.088588    0.022325    0.018958    0.000000    0.000024    0.047281    0.351887    4.508503    8.182537   
[36mINFO[0m 08/06 21:39:50 | 0.829164    0.826406    0.000000    0.970139    nan         nan         nan         0.090586    0.829164    nan         0.826406    nan         0.959402    nan         0.979042    nan         0.971975    nan         3000        71.856287   0.062226    0.014073    0.018883    0.000000    0.000024    0.029245    0.336711    4.459600    8.182537   
[36mINFO[0m 08/06 21:41:01 | 0.791946    0.782396    0.000000    0.970863    nan         nan         nan         0.089783    0.791946    nan         0.782396    nan         0.963675    nan         0.982036    nan         0.966879    nan         3200        76.646707   0.053421    0.010817    0.018832    0.000000    0.000024    0.023747    0.332724    4.261459    8.182537   
[36mINFO[0m 08/06 21:42:11 | 0.812691    0.809291    0.000000    0.961805    nan         nan         nan         0.133321    0.812691    nan         0.809291    nan         0.957265    nan         0.988024    nan         0.940127    nan         3400        81.437126   0.067548    0.015432    0.018788    0.000000    0.000025    0.033304    0.326186    4.672113    8.182537   
[36mINFO[0m 08/06 21:43:27 | 0.737645    0.733496    0.000000    0.976845    nan         nan         nan         0.075868    0.737645    nan         0.733496    nan         0.974359    nan         0.988024    nan         0.968153    nan         3600        86.227545   0.077779    0.018561    0.018740    0.000000    0.000025    0.040453    0.356537    4.567931    8.182537   
[36mINFO[0m 08/06 21:44:42 | 0.810860    0.809291    0.000000    0.965637    nan         nan         nan         0.139302    0.810860    nan         0.809291    nan         0.955128    nan         0.994012    nan         0.947771    nan         3800        91.017964   0.051583    0.010739    0.018700    0.000000    0.000025    0.022119    0.352557    4.986244    8.182537   
[36mINFO[0m 08/06 21:45:58 | 0.875534    0.885086    0.000000    0.979129    nan         nan         nan         0.075124    0.875534    nan         0.885086    nan         0.976496    nan         0.994012    nan         0.966879    nan         4000        95.808383   0.037105    0.005650    0.018636    0.000000    0.000025    0.012794    0.355640    4.564322    8.182537   
[36mINFO[0m 08/06 21:47:14 | 0.761440    0.767726    0.000000    0.962745    nan         nan         nan         0.137001    0.761440    nan         0.767726    nan         0.946581    nan         0.976048    nan         0.965605    nan         4200        100.598802  0.068151    0.015673    0.018608    0.000000    0.000025    0.033844    0.357028    4.446642    8.182537   
[36mINFO[0m 08/06 21:48:28 | 0.721782    0.721271    0.000000    0.971435    nan         nan         nan         0.104124    0.721782    nan         0.721271    nan         0.959402    nan         0.988024    nan         0.966879    nan         4400        105.389222  0.074615    0.017202    0.018556    0.000000    0.000025    0.038833    0.347714    4.468801    8.182537   
[36mINFO[0m 08/06 21:49:44 | 0.767541    0.750611    0.000000    0.967721    nan         nan         nan         0.114154    0.767541    nan         0.750611    nan         0.940171    nan         0.991018    nan         0.971975    nan         4600        110.179641  0.052019    0.010651    0.018523    0.000000    0.000025    0.022820    0.359784    4.560447    8.182537   
[36mINFO[0m 08/06 21:50:58 | 0.690665    0.674817    0.000000    0.942126    nan         nan         nan         0.233164    0.690665    nan         0.674817    nan         0.918803    nan         0.961078    nan         0.946497    nan         4800        114.970060  0.045485    0.008608    0.018478    0.000000    0.000025    0.018374    0.345216    4.579973    8.182537   
[36mINFO[0m 08/06 21:52:13 | 0.779744    0.772616    0.000000    0.967866    nan         nan         nan         0.106910    0.779744    nan         0.772616    nan         0.955128    nan         0.979042    nan         0.969427    nan         5000        119.760479  0.070752    0.016494    0.018438    0.000000    0.000026    0.035794    0.349596    4.626786    8.182537   
[36mINFO[0m 08/06 21:52:13 | ---
[36mINFO[0m 08/06 21:52:13 | oracle = 87.553%
[36mINFO[0m 08/06 21:52:13 | iid = 87.553%
[36mINFO[0m 08/06 21:52:13 | last = 77.974%
[36mINFO[0m 08/06 21:52:13 | last (inD) = 96.787%
[36mINFO[0m 08/06 21:52:13 | iid (inD) = 97.913%
[36mINFO[0m 08/06 21:52:13 | 
[36mINFO[0m 08/06 21:52:13 | Testenv name escaping te_cartoon -> te_cartoon
[36mINFO[0m 08/06 21:52:13 | Test envs = [1], name = te_cartoon
[36mINFO[0m 08/06 21:52:13 | Batch sizes for each domain: [32, 0, 32, 32] (total=96)
[36mINFO[0m 08/06 21:52:13 | steps-per-epoch for each domain: 51.22, 41.75, 98.25 -> min = 41.75
[36mINFO[0m 08/06 21:52:20 | # of params = 25354320
[36mINFO[0m 08/06 21:52:25 | test_in     test_out    train_in    train_out   test_in_au  train_out_  tr_outloss  test_out_a  env0_out    env0_out_a  env1_in     env1_in_au  env1_out    env1_out_a  env2_out    env2_out_a  env3_out    env3_out_a  step        epoch       loss        inv_ce      l2          penalty     l1          cl          step_time   eval_time   mem_gb     
[36mINFO[0m 08/06 21:52:25 | 0.181770    0.188034    0.000000    0.204953    nan         nan         1.938447    nan         0.195599    nan         0.181770    nan         0.188034    nan         0.197605    nan         0.221656    nan         0           0.000000    2.228827    1.952341    0.029503    0.000000    0.000019    0.864803    0.413027    4.875617    7.955597   
[36mINFO[0m 08/06 21:53:36 | 0.732409    0.726496    0.000000    0.955331    nan         nan         0.179601    nan         0.943765    nan         0.732409    nan         0.726496    nan         0.991018    nan         0.931210    nan         200         4.790419    0.884927    0.548654    0.029460    0.000000    0.000019    0.596471    0.328989    4.917152    8.176481   
[36mINFO[0m 08/06 21:54:51 | 0.744136    0.711538    0.000000    0.949055    nan         nan         0.153587    nan         0.946210    nan         0.744136    nan         0.711538    nan         0.985030    nan         0.915924    nan         400         9.580838    0.375436    0.126715    0.020784    0.000000    0.000022    0.227914    0.350436    5.136947    8.183697   
[36mINFO[0m 08/06 21:56:04 | 0.745736    0.722222    0.000000    0.960025    nan         nan         0.133512    nan         0.931540    nan         0.745736    nan         0.722222    nan         0.988024    nan         0.960510    nan         600         14.371257   0.221640    0.067623    0.020690    0.000000    0.000023    0.133305    0.340722    4.868427    8.183697   
[36mINFO[0m 08/06 21:57:18 | 0.780384    0.758547    0.000000    0.961976    nan         nan         0.115662    nan         0.943765    nan         0.780384    nan         0.758547    nan         0.988024    nan         0.954140    nan         800         19.161677   0.179852    0.052594    0.020541    0.000000    0.000023    0.106695    0.345898    4.911443    8.183697   
[36mINFO[0m 08/06 21:58:32 | 0.729744    0.720085    0.000000    0.954287    nan         nan         0.149964    nan         0.936430    nan         0.729744    nan         0.720085    nan         0.985030    nan         0.941401    nan         1000        23.952096   0.126475    0.034758    0.020350    0.000000    0.000023    0.071344    0.341525    5.393252    8.183697   
[36mINFO[0m 08/06 21:59:45 | 0.809168    0.807692    0.000000    0.958741    nan         nan         0.127057    nan         0.941320    nan         0.809168    nan         0.807692    nan         0.982036    nan         0.952866    nan         1200        28.742515   0.133934    0.036877    0.020160    0.000000    0.000023    0.076873    0.339282    4.920683    8.183697   
[36mINFO[0m 08/06 22:00:58 | 0.779851    0.752137    0.000000    0.949500    nan         nan         0.165703    nan         0.914425    nan         0.779851    nan         0.752137    nan         0.985030    nan         0.949045    nan         1400        33.532934   0.111687    0.030288    0.019951    0.000000    0.000023    0.061425    0.342940    4.815128    8.183697   
[36mINFO[0m 08/06 22:02:11 | 0.785714    0.771368    0.000000    0.965235    nan         nan         0.102322    nan         0.933985    nan         0.785714    nan         0.771368    nan         0.991018    nan         0.970701    nan         1600        38.323353   0.118073    0.030497    0.019763    0.000000    0.000023    0.067789    0.336837    4.922226    8.183697   
[36mINFO[0m 08/06 22:03:24 | 0.829424    0.794872    0.000000    0.963365    nan         nan         0.114318    nan         0.946210    nan         0.829424    nan         0.794872    nan         0.991018    nan         0.952866    nan         1800        43.113772   0.080326    0.019076    0.019609    0.000000    0.000023    0.041618    0.341417    4.889728    8.183697   
[36mINFO[0m 08/06 22:04:37 | 0.761727    0.756410    0.000000    0.963192    nan         nan         0.133679    nan         0.938875    nan         0.761727    nan         0.756410    nan         0.994012    nan         0.956688    nan         2000        47.904192   0.094375    0.024135    0.019478    0.000000    0.000024    0.050738    0.343554    4.898171    8.183697   
[36mINFO[0m 08/06 22:05:51 | 0.813433    0.794872    0.000000    0.962287    nan         nan         0.139068    nan         0.941320    nan         0.813433    nan         0.794872    nan         0.985030    nan         0.960510    nan         2200        52.694611   0.097737    0.024565    0.019363    0.000000    0.000024    0.053785    0.343184    4.806680    8.183697   
[36mINFO[0m 08/06 22:07:05 | 0.722814    0.722222    0.000000    0.955237    nan         nan         0.169464    nan         0.909535    nan         0.722814    nan         0.722222    nan         0.988024    nan         0.968153    nan         2400        57.485030   0.061080    0.013186    0.019250    0.000000    0.000024    0.028620    0.347317    4.878513    8.183697   
[36mINFO[0m 08/06 22:08:19 | 0.825693    0.831197    0.000000    0.968965    nan         nan         0.121285    nan         0.951100    nan         0.825693    nan         0.831197    nan         0.994012    nan         0.961783    nan         2600        62.275449   0.079880    0.018228    0.019158    0.000000    0.000024    0.042469    0.343675    4.791750    8.183697   
[36mINFO[0m 08/06 22:09:30 | 0.807036    0.807692    0.000000    0.969448    nan         nan         0.097834    nan         0.955990    nan         0.807036    nan         0.807692    nan         0.988024    nan         0.964331    nan         2800        67.065868   0.075409    0.017160    0.019069    0.000000    0.000024    0.039156    0.331344    4.767849    8.183697   
[36mINFO[0m 08/06 22:10:42 | 0.787846    0.762821    0.000000    0.958509    nan         nan         0.172885    nan         0.929095    nan         0.787846    nan         0.762821    nan         0.991018    nan         0.955414    nan         3000        71.856287   0.067621    0.014467    0.018996    0.000000    0.000024    0.034133    0.335966    4.886147    8.183697   
[36mINFO[0m 08/06 22:11:46 | 0.731343    0.707265    0.000000    0.958533    nan         nan         0.131140    nan         0.936430    nan         0.731343    nan         0.707265    nan         0.985030    nan         0.954140    nan         3200        76.646707   0.091545    0.021837    0.018949    0.000000    0.000024    0.050735    0.297466    4.860957    8.183697   
[36mINFO[0m 08/06 22:13:01 | 0.814499    0.809829    0.000000    0.971686    nan         nan         0.103445    nan         0.958435    nan         0.814499    nan         0.809829    nan         0.991018    nan         0.965605    nan         3400        81.437126   0.061787    0.013586    0.018889    0.000000    0.000024    0.029287    0.347047    4.896926    8.183697   
[36mINFO[0m 08/06 22:14:17 | 0.795309    0.782051    0.000000    0.959314    nan         nan         0.164202    nan         0.941320    nan         0.795309    nan         0.782051    nan         0.985030    nan         0.951592    nan         3600        86.227545   0.055696    0.011388    0.018835    0.000000    0.000025    0.025448    0.356484    5.027212    8.183697   
[36mINFO[0m 08/06 22:15:35 | 0.808102    0.792735    0.000000    0.965891    nan         nan         0.124675    nan         0.946210    nan         0.808102    nan         0.792735    nan         0.982036    nan         0.969427    nan         3800        91.017964   0.080551    0.017761    0.018792    0.000000    0.000025    0.043974    0.364019    4.920917    8.183697   
[36mINFO[0m 08/06 22:16:53 | 0.813966    0.786325    0.000000    0.977069    nan         nan         0.101647    nan         0.968215    nan         0.813966    nan         0.786325    nan         0.991018    nan         0.971975    nan         4000        95.808383   0.071049    0.015927    0.018751    0.000000    0.000025    0.036346    0.365148    5.035705    8.183697   
[36mINFO[0m 08/06 22:18:10 | 0.764925    0.730769    0.000000    0.969700    nan         nan         0.097702    nan         0.948655    nan         0.764925    nan         0.730769    nan         0.991018    nan         0.969427    nan         4200        100.598802  0.071434    0.016036    0.018704    0.000000    0.000025    0.036668    0.360773    4.728639    8.183697   
[36mINFO[0m 08/06 22:19:26 | 0.810768    0.805556    0.000000    0.966257    nan         nan         0.146257    nan         0.941320    nan         0.810768    nan         0.805556    nan         0.988024    nan         0.969427    nan         4400        105.389222  0.052637    0.010087    0.018666    0.000000    0.000025    0.023859    0.357063    4.952404    8.183697   
[36mINFO[0m 08/06 22:20:46 | 0.766525    0.762821    0.000000    0.956316    nan         nan         0.188303    nan         0.914425    nan         0.766525    nan         0.762821    nan         0.994012    nan         0.960510    nan         4600        110.179641  0.081726    0.018102    0.018637    0.000000    0.000025    0.044962    0.373977    5.234426    8.183697   
[36mINFO[0m 08/06 22:22:02 | 0.810235    0.764957    0.000000    0.970986    nan         nan         0.110230    nan         0.958435    nan         0.810235    nan         0.764957    nan         0.994012    nan         0.960510    nan         4800        114.970060  0.051977    0.009637    0.018601    0.000000    0.000025    0.023714    0.353687    4.847069    8.183697   
[36mINFO[0m 08/06 22:23:19 | 0.798507    0.792735    0.000000    0.964007    nan         nan         0.136359    nan         0.941320    nan         0.798507    nan         0.792735    nan         0.994012    nan         0.956688    nan         5000        119.760479  0.078966    0.019260    0.018554    0.000000    0.000025    0.041127    0.363359    4.386472    8.183697   
[36mINFO[0m 08/06 22:23:19 | ---
[36mINFO[0m 08/06 22:23:19 | oracle = 82.569%
[36mINFO[0m 08/06 22:23:19 | iid = 81.397%
[36mINFO[0m 08/06 22:23:19 | last = 79.851%
[36mINFO[0m 08/06 22:23:19 | last (inD) = 96.401%
[36mINFO[0m 08/06 22:23:19 | iid (inD) = 97.707%
[36mINFO[0m 08/06 22:23:20 | 
[36mINFO[0m 08/06 22:23:20 | Testenv name escaping te_photo -> te_photo
[36mINFO[0m 08/06 22:23:20 | Test envs = [2], name = te_photo
[36mINFO[0m 08/06 22:23:20 | Batch sizes for each domain: [32, 32, 0, 32] (total=96)
[36mINFO[0m 08/06 22:23:20 | steps-per-epoch for each domain: 51.22, 58.62, 98.25 -> min = 51.22
[36mINFO[0m 08/06 22:23:27 | # of params = 25354320
[36mINFO[0m 08/06 22:23:31 | test_in     test_out    train_in    train_out   test_in_au  train_out_  tr_outloss  test_out_a  env0_out    env0_out_a  env1_out    env1_out_a  env2_in     env2_in_au  env2_out    env2_out_a  env3_out    env3_out_a  step        epoch       loss        inv_ce      l2          penalty     l1          cl          step_time   eval_time   mem_gb     
[36mINFO[0m 08/06 22:23:31 | 0.095060    0.086826    0.000000    0.116573    nan         nan         1.943019    nan         0.085575    nan         0.070513    nan         0.095060    nan         0.086826    nan         0.193631    nan         0           0.000000    2.303422    1.963264    0.029498    0.000000    0.000019    1.068548    0.312092    4.261621    7.955597   
[36mINFO[0m 08/06 22:24:40 | 0.967066    0.967066    0.000000    0.930150    nan         nan         0.248438    nan         0.933985    nan         0.931624    nan         0.967066    nan         0.967066    nan         0.924841    nan         200         3.904820    1.037571    0.661156    0.029513    0.000000    0.000019    0.741135    0.323110    4.279925    8.176481   
[36mINFO[0m 08/06 22:25:55 | 0.945359    0.958084    0.000000    0.924486    nan         nan         0.217489    nan         0.941320    nan         0.912393    nan         0.945359    nan         0.958084    nan         0.919745    nan         400         7.809640    0.414819    0.150272    0.020851    0.000000    0.000022    0.243673    0.350081    4.344912    8.183697   
[36mINFO[0m 08/06 22:27:07 | 0.951347    0.967066    0.000000    0.943964    nan         nan         0.175019    nan         0.951100    nan         0.950855    nan         0.951347    nan         0.967066    nan         0.929936    nan         600         11.714460   0.258069    0.085008    0.020681    0.000000    0.000023    0.152356    0.339693    4.274152    8.183697   
[36mINFO[0m 08/06 22:28:21 | 0.967066    0.964072    0.000000    0.948436    nan         nan         0.150439    nan         0.943765    nan         0.942308    nan         0.967066    nan         0.964072    nan         0.959236    nan         800         15.619280   0.182924    0.056990    0.020488    0.000000    0.000023    0.105423    0.347129    4.272424    8.183697   
[36mINFO[0m 08/06 22:29:33 | 0.946108    0.958084    0.000000    0.939320    nan         nan         0.207922    nan         0.911980    nan         0.972222    nan         0.946108    nan         0.958084    nan         0.933758    nan         1000        19.524100   0.162498    0.048166    0.020255    0.000000    0.000023    0.094054    0.341315    4.312820    8.183697   
[36mINFO[0m 08/06 22:30:46 | 0.968563    0.967066    0.000000    0.960332    nan         nan         0.123795    nan         0.965770    nan         0.957265    nan         0.968563    nan         0.967066    nan         0.957962    nan         1200        23.428920   0.139778    0.040473    0.020026    0.000000    0.000023    0.079256    0.343017    3.568544    8.183697   
[36mINFO[0m 08/06 22:32:00 | 0.946856    0.943114    0.000000    0.944443    nan         nan         0.177563    nan         0.936430    nan         0.946581    nan         0.946856    nan         0.943114    nan         0.950318    nan         1400        27.333740   0.123909    0.034923    0.019827    0.000000    0.000023    0.069136    0.352585    3.700378    8.183697   
[36mINFO[0m 08/06 22:33:14 | 0.949850    0.967066    0.000000    0.932609    nan         nan         0.200832    nan         0.892421    nan         0.948718    nan         0.949850    nan         0.967066    nan         0.956688    nan         1600        31.238560   0.105680    0.028904    0.019657    0.000000    0.000023    0.057095    0.351387    3.564854    8.183697   
[36mINFO[0m 08/06 22:34:27 | 0.948353    0.943114    0.000000    0.951758    nan         nan         0.161290    nan         0.931540    nan         0.959402    nan         0.948353    nan         0.943114    nan         0.964331    nan         1800        35.143380   0.126945    0.035069    0.019500    0.000000    0.000024    0.072353    0.348485    3.409075    8.183697   
[36mINFO[0m 08/06 22:35:41 | 0.960329    0.961078    0.000000    0.942998    nan         nan         0.192991    nan         0.919315    nan         0.952991    nan         0.960329    nan         0.961078    nan         0.956688    nan         2000        39.048200   0.110851    0.030267    0.019374    0.000000    0.000024    0.061186    0.352582    3.599898    8.183697   
[36mINFO[0m 08/06 22:36:54 | 0.951347    0.952096    0.000000    0.952956    nan         nan         0.161846    nan         0.938875    nan         0.972222    nan         0.951347    nan         0.952096    nan         0.947771    nan         2200        42.953020   0.074862    0.018193    0.019264    0.000000    0.000024    0.037381    0.345447    4.325932    8.183697   
[36mINFO[0m 08/06 22:38:07 | 0.947605    0.973054    0.000000    0.953545    nan         nan         0.157314    nan         0.943765    nan         0.948718    nan         0.947605    nan         0.973054    nan         0.968153    nan         2400        46.857840   0.090977    0.022519    0.019170    0.000000    0.000024    0.049264    0.342182    4.381981    8.183697   
[36mINFO[0m 08/06 22:39:21 | 0.943862    0.949102    0.000000    0.960277    nan         nan         0.132868    nan         0.951100    nan         0.967949    nan         0.943862    nan         0.949102    nan         0.961783    nan         2600        50.762660   0.066656    0.015068    0.019085    0.000000    0.000024    0.032479    0.346356    4.419718    8.183697   
[36mINFO[0m 08/06 22:40:33 | 0.952844    0.955090    0.000000    0.971105    nan         nan         0.112181    nan         0.968215    nan         0.980769    nan         0.952844    nan         0.955090    nan         0.964331    nan         2800        54.667480   0.083380    0.020914    0.019008    0.000000    0.000024    0.043433    0.339781    4.377072    8.183697   
[36mINFO[0m 08/06 22:41:52 | 0.954341    0.955090    0.000000    0.949621    nan         nan         0.179967    nan         0.951100    nan         0.948718    nan         0.954341    nan         0.955090    nan         0.949045    nan         3000        58.572300   0.087604    0.022663    0.018936    0.000000    0.000024    0.045981    0.374473    3.842871    8.183697   
[36mINFO[0m 08/06 22:42:58 | 0.952844    0.961078    0.000000    0.957853    nan         nan         0.162036    nan         0.951100    nan         0.959402    nan         0.952844    nan         0.961078    nan         0.963057    nan         3200        62.477120   0.096453    0.025685    0.018878    0.000000    0.000024    0.051866    0.307546    4.370403    8.183697   
[36mINFO[0m 08/06 22:44:19 | 0.956587    0.967066    0.000000    0.952977    nan         nan         0.155807    nan         0.955990    nan         0.961538    nan         0.956587    nan         0.967066    nan         0.941401    nan         3400        66.381940   0.061983    0.013899    0.018844    0.000000    0.000025    0.029215    0.380467    4.458494    8.183697   
[36mINFO[0m 08/06 22:45:40 | 0.949850    0.940120    0.000000    0.949402    nan         nan         0.164013    nan         0.936430    nan         0.948718    nan         0.949850    nan         0.940120    nan         0.963057    nan         3600        70.286760   0.062947    0.014253    0.018798    0.000000    0.000025    0.029871    0.385358    4.345662    8.183697   
[36mINFO[0m 08/06 22:46:59 | 0.938623    0.961078    0.000000    0.941587    nan         nan         0.194847    nan         0.899756    nan         0.959402    nan         0.938623    nan         0.961078    nan         0.965605    nan         3800        74.191580   0.079461    0.019022    0.018733    0.000000    0.000025    0.041682    0.373456    4.375260    8.183697   
[36mINFO[0m 08/06 22:48:18 | 0.950599    0.958084    0.000000    0.968236    nan         nan         0.145165    nan         0.960880    nan         0.980769    nan         0.950599    nan         0.958084    nan         0.963057    nan         4000        78.096400   0.058658    0.012456    0.018700    0.000000    0.000025    0.027478    0.371544    4.506325    8.183697   
[36mINFO[0m 08/06 22:49:36 | 0.903443    0.943114    0.000000    0.933273    nan         nan         0.305309    nan         0.894866    nan         0.944444    nan         0.903443    nan         0.943114    nan         0.960510    nan         4200        82.001220   0.084858    0.021141    0.018662    0.000000    0.000025    0.045030    0.368065    4.282197    8.183697   
[36mINFO[0m 08/06 22:50:52 | 0.952844    0.964072    0.000000    0.955593    nan         nan         0.164238    nan         0.931540    nan         0.965812    nan         0.952844    nan         0.964072    nan         0.969427    nan         4400        85.906040   0.073752    0.017275    0.018625    0.000000    0.000025    0.037827    0.356981    4.373525    8.183697   
[36mINFO[0m 08/06 22:52:07 | 0.944611    0.961078    0.000000    0.943847    nan         nan         0.230752    nan         0.929095    nan         0.950855    nan         0.944611    nan         0.961078    nan         0.951592    nan         4600        89.810860   0.075961    0.018286    0.018588    0.000000    0.000025    0.039062    0.356531    4.401491    8.183697   
[36mINFO[0m 08/06 22:53:22 | 0.951347    0.958084    0.000000    0.955271    nan         nan         0.176182    nan         0.953545    nan         0.959402    nan         0.951347    nan         0.958084    nan         0.952866    nan         4800        93.715680   0.067677    0.015111    0.018559    0.000000    0.000025    0.033982    0.352592    4.295717    8.183697   
[36mINFO[0m 08/06 22:54:39 | 0.919910    0.958084    0.000000    0.929397    nan         nan         0.287605    nan         0.919315    nan         0.946581    nan         0.919910    nan         0.958084    nan         0.922293    nan         5000        97.620500   0.052023    0.010456    0.018523    0.000000    0.000025    0.023019    0.364095    4.397341    8.183697   
[36mINFO[0m 08/06 22:54:39 | ---
[36mINFO[0m 08/06 22:54:39 | oracle = 94.760%
[36mINFO[0m 08/06 22:54:39 | iid = 95.284%
[36mINFO[0m 08/06 22:54:39 | last = 91.991%
[36mINFO[0m 08/06 22:54:39 | last (inD) = 92.940%
[36mINFO[0m 08/06 22:54:39 | iid (inD) = 97.111%
[36mINFO[0m 08/06 22:54:40 | 
[36mINFO[0m 08/06 22:54:40 | Testenv name escaping te_sketch -> te_sketch
[36mINFO[0m 08/06 22:54:40 | Test envs = [3], name = te_sketch
[36mINFO[0m 08/06 22:54:40 | Batch sizes for each domain: [32, 32, 32, 0] (total=96)
[36mINFO[0m 08/06 22:54:40 | steps-per-epoch for each domain: 51.22, 58.62, 41.75 -> min = 41.75
[36mINFO[0m 08/06 22:54:47 | # of params = 25354320
[36mINFO[0m 08/06 22:54:54 | test_in     test_out    train_in    train_out   test_in_au  train_out_  tr_outloss  test_out_a  env0_out    env0_out_a  env1_out    env1_out_a  env2_out    env2_out_a  env3_in     env3_in_au  env3_out    env3_out_a  step        epoch       loss        inv_ce      l2          penalty     l1          cl          step_time   eval_time   mem_gb     
[36mINFO[0m 08/06 22:54:54 | 0.153944    0.157962    0.000000    0.086251    nan         nan         1.941932    nan         0.085575    nan         0.053419    nan         0.119760    nan         0.153944    nan         0.157962    nan         0           0.000000    2.276657    1.969194    0.029418    0.000000    0.000019    0.866421    0.464711    6.389457    7.955597   
[36mINFO[0m 08/06 22:56:07 | 0.650445    0.650955    0.000000    0.933561    nan         nan         0.242976    nan         0.924205    nan         0.897436    nan         0.979042    nan         0.650445    nan         0.650955    nan         200         4.790419    0.939837    0.578595    0.029466    0.000000    0.000019    0.597158    0.330365    6.442573    8.176481   
[36mINFO[0m 08/06 22:57:24 | 0.687659    0.677707    0.000000    0.937877    nan         nan         0.194143    nan         0.921760    nan         0.903846    nan         0.988024    nan         0.687659    nan         0.677707    nan         400         9.580838    0.346750    0.116678    0.020747    0.000000    0.000022    0.209302    0.353474    6.666779    8.183697   
[36mINFO[0m 08/06 22:58:39 | 0.700700    0.691720    0.000000    0.968884    nan         nan         0.115987    nan         0.951100    nan         0.961538    nan         0.994012    nan         0.700700    nan         0.691720    nan         600         14.371257   0.215279    0.064064    0.020656    0.000000    0.000023    0.130536    0.340018    6.465355    8.183697   
[36mINFO[0m 08/06 22:59:54 | 0.752545    0.754140    0.000000    0.962534    nan         nan         0.126900    nan         0.955990    nan         0.946581    nan         0.985030    nan         0.752545    nan         0.754140    nan         800         19.161677   0.161680    0.045558    0.020485    0.000000    0.000023    0.095615    0.346572    6.483352    8.183697   
[36mINFO[0m 08/06 23:01:11 | 0.681298    0.690446    0.000000    0.969272    nan         nan         0.106609    nan         0.953545    nan         0.957265    nan         0.997006    nan         0.681298    nan         0.690446    nan         1000        23.952096   0.107740    0.028768    0.020287    0.000000    0.000023    0.058663    0.346205    6.998441    8.183697   
[36mINFO[0m 08/06 23:02:28 | 0.666985    0.648408    0.000000    0.966541    nan         nan         0.120527    nan         0.946210    nan         0.959402    nan         0.994012    nan         0.666985    nan         0.648408    nan         1200        28.742515   0.120542    0.031067    0.020087    0.000000    0.000023    0.069365    0.351686    6.641412    8.183697   
[36mINFO[0m 08/06 23:03:48 | 0.782443    0.785987    0.000000    0.971329    nan         nan         0.094510    nan         0.958435    nan         0.961538    nan         0.994012    nan         0.782443    nan         0.785987    nan         1400        33.532934   0.107090    0.025443    0.019910    0.000000    0.000023    0.061713    0.366860    6.558035    8.183697   
[36mINFO[0m 08/06 23:05:04 | 0.739822    0.736306    0.000000    0.971748    nan         nan         0.101640    nan         0.941320    nan         0.982906    nan         0.991018    nan         0.739822    nan         0.736306    nan         1600        38.323353   0.075593    0.017245    0.019757    0.000000    0.000023    0.038568    0.350544    6.266895    8.183697   
[36mINFO[0m 08/06 23:06:18 | 0.761450    0.750318    0.000000    0.949005    nan         nan         0.168664    nan         0.929095    nan         0.950855    nan         0.967066    nan         0.761450    nan         0.750318    nan         1800        43.113772   0.096684    0.023016    0.019625    0.000000    0.000023    0.054019    0.337077    6.348908    8.183697   
[36mINFO[0m 08/06 23:07:33 | 0.720102    0.728662    0.000000    0.962656    nan         nan         0.143904    nan         0.948655    nan         0.942308    nan         0.997006    nan         0.720102    nan         0.728662    nan         2000        47.904192   0.063126    0.013202    0.019514    0.000000    0.000024    0.030385    0.343526    6.286940    8.183697   
[36mINFO[0m 08/06 23:08:49 | 0.745229    0.743949    0.000000    0.963547    nan         nan         0.137281    nan         0.946210    nan         0.959402    nan         0.985030    nan         0.745229    nan         0.743949    nan         2200        52.694611   0.100831    0.022791    0.019420    0.000000    0.000024    0.058596    0.348351    6.338913    8.183697   
[36mINFO[0m 08/06 23:10:04 | 0.760496    0.731210    0.000000    0.952944    nan         nan         0.149672    nan         0.941320    nan         0.929487    nan         0.988024    nan         0.760496    nan         0.731210    nan         2400        57.485030   0.075464    0.017174    0.019337    0.000000    0.000024    0.038930    0.345292    6.130704    8.183697   
[36mINFO[0m 08/06 23:11:20 | 0.706107    0.694268    0.000000    0.945689    nan         nan         0.176516    nan         0.914425    nan         0.931624    nan         0.991018    nan         0.706107    nan         0.694268    nan         2600        62.275449   0.072461    0.015876    0.019256    0.000000    0.000024    0.037305    0.345371    6.410910    8.183697   
[36mINFO[0m 08/06 23:12:29 | 0.820929    0.834395    0.000000    0.960598    nan         nan         0.164765    nan         0.960880    nan         0.950855    nan         0.970060    nan         0.820929    nan         0.834395    nan         2800        67.065868   0.072708    0.014496    0.019178    0.000000    0.000024    0.039009    0.318155    5.848103    8.183697   
[36mINFO[0m 08/06 23:13:43 | 0.797710    0.806369    0.000000    0.973606    nan         nan         0.103826    nan         0.958435    nan         0.974359    nan         0.988024    nan         0.797710    nan         0.806369    nan         3000        71.856287   0.082510    0.018345    0.019122    0.000000    0.000024    0.045020    0.338331    6.176996    8.183697   
[36mINFO[0m 08/06 23:14:59 | 0.782125    0.791083    0.000000    0.967189    nan         nan         0.113258    nan         0.941320    nan         0.972222    nan         0.988024    nan         0.782125    nan         0.791083    nan         3200        76.646707   0.054850    0.010568    0.019067    0.000000    0.000024    0.025190    0.346763    6.442415    8.183697   
[36mINFO[0m 08/06 23:16:14 | 0.784033    0.779618    0.000000    0.966439    nan         nan         0.144085    nan         0.943765    nan         0.961538    nan         0.994012    nan         0.784033    nan         0.779618    nan         3400        81.437126   0.041934    0.006196    0.019015    0.000000    0.000024    0.016699    0.346640    6.274756    8.183697   
[36mINFO[0m 08/06 23:17:31 | 0.767494    0.757962    0.000000    0.943001    nan         nan         0.206545    nan         0.904645    nan         0.927350    nan         0.997006    nan         0.767494    nan         0.757962    nan         3600        86.227545   0.046726    0.008010    0.018966    0.000000    0.000024    0.019726    0.351884    6.143306    8.183697   
[36mINFO[0m 08/06 23:18:48 | 0.704517    0.696815    0.000000    0.955157    nan         nan         0.180867    nan         0.936430    nan         0.952991    nan         0.976048    nan         0.704517    nan         0.696815    nan         3800        91.017964   0.101416    0.022837    0.018930    0.000000    0.000025    0.059624    0.351886    6.219666    8.183697   
[36mINFO[0m 08/06 23:20:05 | 0.749682    0.735032    0.000000    0.961998    nan         nan         0.147062    nan         0.936430    nan         0.961538    nan         0.988024    nan         0.749682    nan         0.735032    nan         4000        95.808383   0.059978    0.011376    0.018890    0.000000    0.000025    0.029688    0.355401    6.246454    8.183697   
[36mINFO[0m 08/06 23:21:25 | 0.714059    0.699363    0.000000    0.964648    nan         nan         0.152320    nan         0.948655    nan         0.957265    nan         0.988024    nan         0.714059    nan         0.699363    nan         4200        100.598802  0.048963    0.007702    0.018844    0.000000    0.000025    0.022393    0.367747    6.271205    8.183697   
[36mINFO[0m 08/06 23:22:47 | 0.795165    0.803822    0.000000    0.956270    nan         nan         0.185002    nan         0.911980    nan         0.965812    nan         0.991018    nan         0.795165    nan         0.803822    nan         4400        105.389222  0.073955    0.015667    0.018800    0.000000    0.000025    0.039463    0.376291    6.621930    8.183697   
[36mINFO[0m 08/06 23:24:05 | 0.756361    0.735032    0.000000    0.950735    nan         nan         0.181674    nan         0.919315    nan         0.950855    nan         0.982036    nan         0.756361    nan         0.735032    nan         4600        110.179641  0.068192    0.013944    0.018769    0.000000    0.000025    0.035453    0.358557    6.197257    8.183697   
[36mINFO[0m 08/06 23:25:21 | 0.790076    0.792357    0.000000    0.973423    nan         nan         0.110075    nan         0.960880    nan         0.974359    nan         0.985030    nan         0.790076    nan         0.792357    nan         4800        114.970060  0.073260    0.015194    0.018745    0.000000    0.000025    0.039296    0.352670    6.202780    8.183697   
[36mINFO[0m 08/06 23:26:40 | 0.774173    0.740127    0.000000    0.976337    nan         nan         0.096234    nan         0.965770    nan         0.972222    nan         0.991018    nan         0.774173    nan         0.740127    nan         5000        119.760479  0.037310    0.004914    0.018699    0.000000    0.000025    0.013672    0.361726    6.305675    8.183697   
[36mINFO[0m 08/06 23:26:40 | ---
[36mINFO[0m 08/06 23:26:40 | oracle = 82.093%
[36mINFO[0m 08/06 23:26:40 | iid = 77.417%
[36mINFO[0m 08/06 23:26:40 | last = 77.417%
[36mINFO[0m 08/06 23:26:40 | last (inD) = 97.634%
[36mINFO[0m 08/06 23:26:40 | iid (inD) = 97.634%
[36mINFO[0m 08/06 23:26:41 | === Summary ===
[36mINFO[0m 08/06 23:26:41 | Command: /home/s21_yhr/lzh/new/DomainBed-new/train_all.py PACS_iDAG_seed1 --dataset PACS --data_dir /home/s21_yhr/lzh/new/DomainBed-new/dataset --algorithm iDAG --steps 5000 --checkpoint_freq 200 --batch_size 32 --optimizer adam --lr 5e-5 --weight_decay 0 --resnet_dropout 0 --resnet18 False --pretrained True --freeze_bn True --swad False --seed 1 --trial_seed 1 --deterministic --cache disk --prebuild_loader --image_size 224 --out_dim 512 --hidden_size 512 --num_hidden_layers 0 --dag_anneal_steps 200 --temperature 0.07 --ema_ratio 0.99 --lambda1 0.01 --lambda2 0.01 --rho 1.0 --alpha 1.0 --rho_max 100.0 --weight_mu 1.0 --weight_nu 1.0
[36mINFO[0m 08/06 23:26:41 | Unique name: 260806_21-21-10_PACS_iDAG_seed1
[36mINFO[0m 08/06 23:26:41 | Out path: train_output/PACS/260806_21-21-10_PACS_iDAG_seed1
[36mINFO[0m 08/06 23:26:41 | Algorithm: iDAG
[36mINFO[0m 08/06 23:26:41 | Dataset: PACS
+------------+--------------+---------+---------+---------+---------+
| Selection  | art_painting | cartoon |  photo  |  sketch |   Avg.  |
+------------+--------------+---------+---------+---------+---------+
|   oracle   |   87.553%    | 82.569% | 94.760% | 82.093% | 86.744% |
|    iid     |   87.553%    | 81.397% | 95.284% | 77.417% | 85.413% |
|    last    |   77.974%    | 79.851% | 91.991% | 77.417% | 81.808% |
| last (inD) |   96.787%    | 96.401% | 92.940% | 97.634% | 95.940% |
| iid (inD)  |   97.913%    | 97.707% | 97.111% | 97.634% | 97.591% |
+------------+--------------+---------+---------+---------+---------+
================================================================================
Starting iDAG, seed=2, physical GPU=3
/home/s21_yhr/miniconda3/envs/GGA/bin/python /home/s21_yhr/lzh/new/DomainBed-new/train_all.py PACS_iDAG_seed2 --dataset PACS --data_dir /home/s21_yhr/lzh/new/DomainBed-new/dataset --algorithm iDAG --steps 5000 --checkpoint_freq 200 --batch_size 32 --optimizer adam --lr 5e-5 --weight_decay 0 --resnet_dropout 0 --resnet18 False --pretrained True --freeze_bn True --swad False --seed 2 --trial_seed 2 --deterministic --cache disk --prebuild_loader --image_size 224 --out_dim 512 --hidden_size 512 --num_hidden_layers 0 --dag_anneal_steps 200 --temperature 0.07 --ema_ratio 0.99 --lambda1 0.01 --lambda2 0.01 --rho 1.0 --alpha 1.0 --rho_max 100.0 --weight_mu 1.0 --weight_nu 1.0
================================================================================
[36mINFO[0m 08/06 23:26:50 | Command :: /home/s21_yhr/lzh/new/DomainBed-new/train_all.py PACS_iDAG_seed2 --dataset PACS --data_dir /home/s21_yhr/lzh/new/DomainBed-new/dataset --algorithm iDAG --steps 5000 --checkpoint_freq 200 --batch_size 32 --optimizer adam --lr 5e-5 --weight_decay 0 --resnet_dropout 0 --resnet18 False --pretrained True --freeze_bn True --swad False --seed 2 --trial_seed 2 --deterministic --cache disk --prebuild_loader --image_size 224 --out_dim 512 --hidden_size 512 --num_hidden_layers 0 --dag_anneal_steps 200 --temperature 0.07 --ema_ratio 0.99 --lambda1 0.01 --lambda2 0.01 --rho 1.0 --alpha 1.0 --rho_max 100.0 --weight_mu 1.0 --weight_nu 1.0
Environment:
	Python: 3.11.15
	PyTorch: 2.11.0+cu128
	Torchvision: 0.26.0+cu128
	CUDA: 12.8
	CUDNN: 91900
	NumPy: 1.26.4
	PIL: 12.2.0
Args:
	algorithm: iDAG
	batch_size: 32
	cache: disk
	cache_root: cache
	cache_size: None
	checkpoint_freq: 200
	configs: []
	data_dir: /home/s21_yhr/lzh/new/DomainBed-new/dataset
	dataset: PACS
	debug: False
	deterministic: True
	end_step: 200
	evalmode: fast
	extra_search: n
	extra_search_end: None
	extra_search_start: None
	gga_l_gamma: 0.001
	grad_fn: sum
	holdout_fraction: 0.2
	model_save: None
	name: PACS_iDAG_seed2
	neighborhoodSize: 1e-06
	out_dir: train_output/PACS/260806_23-26-50_PACS_iDAG_seed2
	out_root: train_output/PACS
	prebuild_loader: True
	q_steps: 2000
	quant: 0
	resize_mode: stretch
	saliency: False
	saliency_cmap: jet
	saliency_every: 0
	saliency_noise: 0.15
	saliency_num: 16
	saliency_samples: 25
	saliency_split: test_in
	seed: 2
	show: False
	start_step: 100
	steps: 5000
	tb_freq: 10
	test_envs: None
	train_output: train_output
	trial_seed: 2
	unique_name: 260806_23-26-50_PACS_iDAG_seed2
	work_dir: .
HParams:
	data_augmentation: True
	val_augment: False
	[36mresnet18: False
	[0m[36mresnet_dropout: 0
	[0mclass_balanced: False
	[36moptimizer: adam
	[0m[36mfreeze_bn: True
	[0m[36mpretrained: True
	[0m[36mimage_size: 224
	[0m[36mlr: 5e-05
	[0mbatch_size: 32
	[36mweight_decay: 0
	[0m[36mhidden_size: 512
	[0m[36mout_dim: 512
	[0m[36mnum_hidden_layers: 0
	[0m[36mdag_anneal_steps: 200
	[0m[36mtemperature: 0.07
	[0m[36mema_ratio: 0.99
	[0m[36mlambda1: 0.01
	[0m[36mlambda2: 0.01
	[0m[36mrho_max: 100.0
	[0m[36mrho: 1.0
	[0m[36malpha: 1.0
	[0m[36mweight_nu: 1.0
	[0m[36mweight_mu: 1.0
	[0m[36mswad: False
	[0mswad_kwargs: 
	  n_converge: 3
	  n_tolerance: 6
	  tolerance_ratio: 0.3
	test_batchsize: 128
	indomain_test: False
	grad_fn: sum
	extra_search: n
	logdir: train_output/PACS/260806_23-26-50_PACS_iDAG_seed2
	neighborhoodSize: 1e-06
	start_step: 100
	end_step: 200
	extra_search_start: None
	extra_search_end: None
	gga_l_gamma: 0.001
Dataset:
	[PACS] #envs=4, #classes=7
	env0: art_painting (#2048)
	env1: cartoon (#2344)
	env2: photo (#1670)
	env3: sketch (#3929)

[36mINFO[0m 08/06 23:26:50 | n_steps = 5000
[36mINFO[0m 08/06 23:26:50 | checkpoint_freq = 200
[36mINFO[0m 08/06 23:26:50 | n_steps is updated to 5000 => 5001 for checkpointing
[36mINFO[0m 08/06 23:26:50 | Target test envs = [[0], [1], [2], [3]]
[36mINFO[0m 08/06 23:26:50 | 
[36mINFO[0m 08/06 23:26:50 | Testenv name escaping te_art_painting -> te_art_painting
[36mINFO[0m 08/06 23:26:50 | Test envs = [0], name = te_art_painting
[36mINFO[0m 08/06 23:26:50 | Batch sizes for each domain: [0, 32, 32, 32] (total=96)
[36mINFO[0m 08/06 23:26:50 | steps-per-epoch for each domain: 58.62, 41.75, 98.25 -> min = 41.75
/home/s21_yhr/miniconda3/envs/GGA/lib/python3.11/site-packages/torchvision/models/_utils.py:208: UserWarning: The parameter 'pretrained' is deprecated since 0.13 and may be removed in the future, please use 'weights' instead.
  warnings.warn(
/home/s21_yhr/miniconda3/envs/GGA/lib/python3.11/site-packages/torchvision/models/_utils.py:223: UserWarning: Arguments other than a weight enum or `None` for 'weights' are deprecated since 0.13 and may be removed in the future. The current behavior is equivalent to passing `weights=ResNet50_Weights.IMAGENET1K_V1`. You can also use `weights=ResNet50_Weights.DEFAULT` to get the most up-to-date weights.
  warnings.warn(msg)
[36mINFO[0m 08/06 23:26:55 | # of params = 25354320
/home/s21_yhr/lzh/new/DomainBed-new/domainbed/algorithms/algorithms.py:161: UserWarning: The use of `x.T` on tensors of dimension other than 2 to reverse their shape is deprecated and it will throw an error in a future release. Consider `x.mT` to transpose batches of matrices or `x.permute(*torch.arange(x.ndim - 1, -1, -1))` to reverse the dimensions of a tensor. (Triggered internally at /pytorch/aten/src/ATen/native/TensorShape.cpp:4480.)
  mask_neg = torch.not_equal(labels, labels.T)
[36mINFO[0m 08/06 23:27:02 | test_in     test_out    train_in    train_out   test_in_au  test_out_a  train_out_  tr_outloss  env0_in     env0_in_au  env0_out    env0_out_a  env1_out    env1_out_a  env2_out    env2_out_a  env3_out    env3_out_a  step        epoch       loss        inv_ce      l2          penalty     l1          cl          step_time   eval_time   mem_gb     
[36mINFO[0m 08/06 23:27:02 | 0.186089    0.178484    0.000000    0.186190    nan         nan         nan         1.939885    0.186089    nan         0.178484    nan         0.168803    nan         0.170659    nan         0.219108    nan         0           0.000000    2.187110    1.929003    0.029487    0.000000    0.000019    0.954097    1.614228    4.819307    7.954926   
[36mINFO[0m 08/06 23:28:12 | 0.706528    0.740831    0.000000    0.911669    nan         nan         nan         0.267114    0.706528    nan         0.740831    nan         0.893162    nan         0.973054    nan         0.868790    nan         200         4.790419    0.867289    0.558491    0.029520    0.000000    0.000019    0.591007    0.326813    4.511075    8.177091   
[36mINFO[0m 08/06 23:29:28 | 0.809640    0.799511    0.000000    0.957559    nan         nan         nan         0.142346    0.809640    nan         0.799511    nan         0.957265    nan         0.988024    nan         0.927389    nan         400         9.580838    0.330711    0.116336    0.020932    0.000000    0.000022    0.193421    0.359195    4.632286    8.182537   
[36mINFO[0m 08/06 23:30:44 | 0.804149    0.828851    0.000000    0.949777    nan         nan         nan         0.158692    0.804149    nan         0.828851    nan         0.955128    nan         0.991018    nan         0.903185    nan         600         14.371257   0.203790    0.065546    0.020865    0.000000    0.000023    0.117356    0.357443    4.627440    8.182537   
[36mINFO[0m 08/06 23:32:00 | 0.802318    0.787286    0.000000    0.951151    nan         nan         nan         0.133133    0.802318    nan         0.787286    nan         0.942308    nan         0.985030    nan         0.926115    nan         800         19.161677   0.151696    0.046378    0.020710    0.000000    0.000023    0.084585    0.355287    4.524327    8.182537   
[36mINFO[0m 08/06 23:33:17 | 0.820622    0.821516    0.000000    0.960696    nan         nan         nan         0.117058    0.820622    nan         0.821516    nan         0.967949    nan         0.988024    nan         0.926115    nan         1000        23.952096   0.147859    0.042419    0.020530    0.000000    0.000023    0.084886    0.360089    4.602290    8.182537   
[36mINFO[0m 08/06 23:34:31 | 0.781574    0.772616    0.000000    0.961383    nan         nan         nan         0.108475    0.781574    nan         0.772616    nan         0.961538    nan         0.985030    nan         0.937580    nan         1200        28.742515   0.105680    0.028568    0.020290    0.000000    0.000023    0.056798    0.349637    4.629365    8.182537   
[36mINFO[0m 08/06 23:35:47 | 0.679073    0.706601    0.000000    0.945302    nan         nan         nan         0.195637    0.679073    nan         0.706601    nan         0.944444    nan         0.964072    nan         0.927389    nan         1400        33.532934   0.096383    0.025925    0.020075    0.000000    0.000023    0.050360    0.356647    4.646894    8.182537   
[36mINFO[0m 08/06 23:37:03 | 0.809030    0.821516    0.000000    0.957694    nan         nan         nan         0.140168    0.809030    nan         0.821516    nan         0.950855    nan         0.991018    nan         0.931210    nan         1600        38.323353   0.108479    0.028865    0.019880    0.000000    0.000023    0.059710    0.356352    4.588913    8.182537   
[36mINFO[0m 08/06 23:38:17 | 0.703478    0.709046    0.000000    0.954004    nan         nan         nan         0.175528    0.703478    nan         0.709046    nan         0.959402    nan         0.979042    nan         0.923567    nan         1800        43.113772   0.081480    0.020551    0.019710    0.000000    0.000024    0.041195    0.344005    4.668047    8.182537   
[36mINFO[0m 08/06 23:39:29 | 0.789506    0.787286    0.000000    0.963242    nan         nan         nan         0.128544    0.789506    nan         0.787286    nan         0.963675    nan         0.991018    nan         0.935032    nan         2000        47.904192   0.093340    0.023454    0.019569    0.000000    0.000024    0.050295    0.340688    4.646755    8.182537   
[36mINFO[0m 08/06 23:40:44 | 0.799878    0.819071    0.000000    0.959679    nan         nan         nan         0.127348    0.799878    nan         0.819071    nan         0.948718    nan         0.994012    nan         0.936306    nan         2200        52.694611   0.069227    0.016487    0.019440    0.000000    0.000024    0.033276    0.351885    4.678967    8.182537   
[36mINFO[0m 08/06 23:41:57 | 0.820012    0.819071    0.000000    0.969799    nan         nan         nan         0.101274    0.820012    nan         0.819071    nan         0.978632    nan         0.997006    nan         0.933758    nan         2400        57.485030   0.081154    0.020117    0.019338    0.000000    0.000024    0.041675    0.339534    4.538714    8.182537   
[36mINFO[0m 08/06 23:42:58 | 0.837706    0.843521    0.000000    0.963684    nan         nan         nan         0.129718    0.837706    nan         0.843521    nan         0.978632    nan         0.985030    nan         0.927389    nan         2600        62.275449   0.068895    0.015959    0.019236    0.000000    0.000024    0.033676    0.279832    4.740430    8.182537   
[36mINFO[0m 08/06 23:44:12 | 0.804759    0.801956    0.000000    0.969329    nan         nan         nan         0.108071    0.804759    nan         0.801956    nan         0.974359    nan         0.982036    nan         0.951592    nan         2800        67.065868   0.067528    0.015594    0.019152    0.000000    0.000024    0.032759    0.348984    4.644314    8.182537   
[36mINFO[0m 08/06 23:45:25 | 0.820012    0.809291    0.000000    0.962518    nan         nan         nan         0.122850    0.820012    nan         0.809291    nan         0.959402    nan         0.988024    nan         0.940127    nan         3000        71.856287   0.072014    0.016876    0.019074    0.000000    0.000024    0.036039    0.340756    4.582608    8.182537   
[36mINFO[0m 08/06 23:46:37 | 0.816962    0.819071    0.000000    0.965196    nan         nan         nan         0.102770    0.816962    nan         0.819071    nan         0.967949    nan         0.976048    nan         0.951592    nan         3200        76.646707   0.054587    0.011764    0.019011    0.000000    0.000024    0.023788    0.337862    4.620554    8.182537   
[36mINFO[0m 08/06 23:47:51 | 0.818792    0.809291    0.000000    0.968067    nan         nan         nan         0.110506    0.818792    nan         0.809291    nan         0.976496    nan         0.985030    nan         0.942675    nan         3400        81.437126   0.042052    0.007296    0.018948    0.000000    0.000025    0.015784    0.347366    4.643669    8.182537   
[36mINFO[0m 08/06 23:49:08 | 0.791336    0.782396    0.000000    0.955569    nan         nan         nan         0.151503    0.791336    nan         0.782396    nan         0.970085    nan         0.973054    nan         0.923567    nan         3600        86.227545   0.049260    0.010103    0.018902    0.000000    0.000025    0.020230    0.360315    4.662214    8.182537   
[36mINFO[0m 08/06 23:50:25 | 0.813911    0.799511    0.000000    0.961662    nan         nan         nan         0.123480    0.813911    nan         0.799511    nan         0.970085    nan         0.976048    nan         0.938854    nan         3800        91.017964   0.092145    0.022560    0.018842    0.000000    0.000025    0.050717    0.363914    4.583807    8.182537   
[36mINFO[0m 08/06 23:51:42 | 0.745577    0.740831    0.000000    0.958958    nan         nan         nan         0.132584    0.745577    nan         0.740831    nan         0.952991    nan         0.985030    nan         0.938854    nan         4000        95.808383   0.056560    0.011895    0.018804    0.000000    0.000025    0.025835    0.359074    4.661781    8.182537   
[36mINFO[0m 08/06 23:53:00 | 0.809640    0.823961    0.000000    0.968950    nan         nan         nan         0.132231    0.809640    nan         0.823961    nan         0.978632    nan         0.997006    nan         0.931210    nan         4200        100.598802  0.066537    0.015345    0.018759    0.000000    0.000025    0.032408    0.364942    4.651800    8.182537   
[36mINFO[0m 08/06 23:54:15 | 0.796827    0.855746    0.000000    0.948430    nan         nan         nan         0.188749    0.796827    nan         0.855746    nan         0.961538    nan         0.955090    nan         0.928662    nan         4400        105.389222  0.050560    0.010243    0.018728    0.000000    0.000025    0.021563    0.354804    4.672798    8.182537   
[36mINFO[0m 08/06 23:55:29 | 0.773642    0.777506    0.000000    0.969208    nan         nan         nan         0.118306    0.773642    nan         0.777506    nan         0.963675    nan         1.000000    nan         0.943949    nan         4600        110.179641  0.069594    0.016131    0.018696    0.000000    0.000025    0.034743    0.345868    4.611262    8.182537   
[36mINFO[0m 08/06 23:56:45 | 0.816351    0.831296    0.000000    0.961655    nan         nan         nan         0.119418    0.816351    nan         0.831296    nan         0.952991    nan         0.988024    nan         0.943949    nan         4800        114.970060  0.054281    0.011436    0.018652    0.000000    0.000025    0.024167    0.357756    4.407018    8.182537   
[36mINFO[0m 08/06 23:58:01 | 0.809640    0.801956    0.000000    0.969204    nan         nan         nan         0.101588    0.809640    nan         0.801956    nan         0.978632    nan         0.985030    nan         0.943949    nan         5000        119.760479  0.052174    0.010742    0.018626    0.000000    0.000025    0.022780    0.356243    4.403173    8.182537   
[36mINFO[0m 08/06 23:58:01 | ---
[36mINFO[0m 08/06 23:58:01 | oracle = 79.683%
[36mINFO[0m 08/06 23:58:01 | iid = 82.001%
[36mINFO[0m 08/06 23:58:01 | last = 80.964%
[36mINFO[0m 08/06 23:58:01 | last (inD) = 96.920%
[36mINFO[0m 08/06 23:58:01 | iid (inD) = 96.980%
[36mINFO[0m 08/06 23:58:01 | 
[36mINFO[0m 08/06 23:58:02 | Testenv name escaping te_cartoon -> te_cartoon
[36mINFO[0m 08/06 23:58:02 | Test envs = [1], name = te_cartoon
[36mINFO[0m 08/06 23:58:02 | Batch sizes for each domain: [32, 0, 32, 32] (total=96)
[36mINFO[0m 08/06 23:58:02 | steps-per-epoch for each domain: 51.22, 41.75, 98.25 -> min = 41.75
[36mINFO[0m 08/06 23:58:07 | # of params = 25354320
[36mINFO[0m 08/06 23:58:12 | test_in     test_out    train_in    train_out   test_in_au  train_out_  tr_outloss  test_out_a  env0_out    env0_out_a  env1_in     env1_in_au  env1_out    env1_out_a  env2_out    env2_out_a  env3_out    env3_out_a  step        epoch       loss        inv_ce      l2          penalty     l1          cl          step_time   eval_time   mem_gb     
[36mINFO[0m 08/06 23:58:12 | 0.227079    0.213675    0.000000    0.230569    nan         nan         1.941324    nan         0.261614    nan         0.227079    nan         0.213675    nan         0.227545    nan         0.202548    nan         0           0.000000    2.273879    1.955496    0.029514    0.000000    0.000019    1.012877    0.405157    4.973969    7.955597   
[36mINFO[0m 08/06 23:59:25 | 0.719083    0.752137    0.000000    0.932962    nan         nan         0.250842    nan         0.902200    nan         0.719083    nan         0.752137    nan         0.982036    nan         0.914650    nan         200         4.790419    0.860014    0.533240    0.029512    0.000000    0.000019    0.577163    0.337062    4.959543    8.176481   
[36mINFO[0m 08/07 00:00:38 | 0.792111    0.811966    0.000000    0.941339    nan         nan         0.190812    nan         0.911980    nan         0.792111    nan         0.811966    nan         0.991018    nan         0.921019    nan         400         9.580838    0.349617    0.119369    0.020805    0.000000    0.000022    0.209421    0.341828    4.785595    8.183697   
[36mINFO[0m 08/07 00:01:54 | 0.794243    0.814103    0.000000    0.945265    nan         nan         0.161601    nan         0.924205    nan         0.794243    nan         0.814103    nan         0.988024    nan         0.923567    nan         600         14.371257   0.203507    0.063441    0.020707    0.000000    0.000023    0.119336    0.357701    5.078990    8.183697   
[36mINFO[0m 08/07 00:03:09 | 0.731876    0.758547    0.000000    0.953909    nan         nan         0.128445    nan         0.943765    nan         0.731876    nan         0.758547    nan         0.988024    nan         0.929936    nan         800         19.161677   0.180671    0.052819    0.020542    0.000000    0.000023    0.107286    0.349401    4.831156    8.183697   
[36mINFO[0m 08/07 00:04:24 | 0.790512    0.801282    0.000000    0.958704    nan         nan         0.147014    nan         0.936430    nan         0.790512    nan         0.801282    nan         0.997006    nan         0.942675    nan         1000        23.952096   0.142056    0.040067    0.020333    0.000000    0.000023    0.081632    0.352332    4.789756    8.183697   
[36mINFO[0m 08/07 00:05:41 | 0.772388    0.788462    0.000000    0.949477    nan         nan         0.156680    nan         0.926650    nan         0.772388    nan         0.788462    nan         0.988024    nan         0.933758    nan         1200        28.742515   0.139739    0.038216    0.020126    0.000000    0.000023    0.081374    0.356781    5.186272    8.183697   
[36mINFO[0m 08/07 00:06:57 | 0.779851    0.807692    0.000000    0.961874    nan         nan         0.132918    nan         0.951100    nan         0.779851    nan         0.807692    nan         0.988024    nan         0.946497    nan         1400        33.532934   0.095308    0.023679    0.019928    0.000000    0.000023    0.051678    0.355288    4.852228    8.183697   
[36mINFO[0m 08/07 00:08:14 | 0.793177    0.816239    0.000000    0.943155    nan         nan         0.196440    nan         0.921760    nan         0.793177    nan         0.816239    nan         0.979042    nan         0.928662    nan         1600        38.323353   0.118168    0.029188    0.019745    0.000000    0.000023    0.069211    0.359572    4.989263    8.183697   
[36mINFO[0m 08/07 00:09:30 | 0.748401    0.758547    0.000000    0.952416    nan         nan         0.157122    nan         0.929095    nan         0.748401    nan         0.758547    nan         0.988024    nan         0.940127    nan         1800        43.113772   0.080422    0.019041    0.019590    0.000000    0.000023    0.041767    0.357758    4.972693    8.183697   
[36mINFO[0m 08/07 00:10:46 | 0.763326    0.788462    0.000000    0.951818    nan         nan         0.167108    nan         0.921760    nan         0.763326    nan         0.788462    nan         0.991018    nan         0.942675    nan         2000        47.904192   0.082512    0.020380    0.019465    0.000000    0.000024    0.042643    0.358482    4.262466    8.183697   
[36mINFO[0m 08/07 00:12:01 | 0.781450    0.803419    0.000000    0.964353    nan         nan         0.115282    nan         0.955990    nan         0.781450    nan         0.803419    nan         0.988024    nan         0.949045    nan         2200        52.694611   0.082025    0.019754    0.019370    0.000000    0.000024    0.042877    0.351810    4.052111    8.183697   
[36mINFO[0m 08/07 00:13:12 | 0.715352    0.752137    0.000000    0.941146    nan         nan         0.225042    nan         0.924205    nan         0.715352    nan         0.752137    nan         0.982036    nan         0.917197    nan         2400        57.485030   0.087792    0.020410    0.019263    0.000000    0.000024    0.048095    0.329222    5.028193    8.183697   
[36mINFO[0m 08/07 00:14:32 | 0.735608    0.752137    0.000000    0.943455    nan         nan         0.188192    nan         0.929095    nan         0.735608    nan         0.752137    nan         0.970060    nan         0.931210    nan         2600        62.275449   0.066662    0.014255    0.019179    0.000000    0.000024    0.033204    0.374975    5.037185    8.183697   
[36mINFO[0m 08/07 00:15:51 | 0.714819    0.737179    0.000000    0.944682    nan         nan         0.198699    nan         0.933985    nan         0.714819    nan         0.737179    nan         0.979042    nan         0.921019    nan         2800        67.065868   0.069814    0.015545    0.019110    0.000000    0.000024    0.035135    0.369235    4.876156    8.183697   
[36mINFO[0m 08/07 00:17:06 | 0.754264    0.784188    0.000000    0.956422    nan         nan         0.149761    nan         0.946210    nan         0.754264    nan         0.784188    nan         0.988024    nan         0.935032    nan         3000        71.856287   0.066569    0.015070    0.019038    0.000000    0.000024    0.032437    0.350958    4.912753    8.183697   
[36mINFO[0m 08/07 00:18:26 | 0.710021    0.728632    0.000000    0.938185    nan         nan         0.216852    nan         0.902200    nan         0.710021    nan         0.728632    nan         0.976048    nan         0.936306    nan         3200        76.646707   0.084141    0.018818    0.018977    0.000000    0.000024    0.046321    0.375194    4.840907    8.183697   
[36mINFO[0m 08/07 00:19:42 | 0.712154    0.737179    0.000000    0.947699    nan         nan         0.190221    nan         0.921760    nan         0.712154    nan         0.737179    nan         0.985030    nan         0.936306    nan         3400        81.437126   0.089475    0.020750    0.018929    0.000000    0.000024    0.049771    0.356678    5.058264    8.183697   
[36mINFO[0m 08/07 00:21:00 | 0.812367    0.814103    0.000000    0.963079    nan         nan         0.148391    nan         0.955990    nan         0.812367    nan         0.814103    nan         0.988024    nan         0.945223    nan         3600        86.227545   0.072241    0.016763    0.018879    0.000000    0.000025    0.036574    0.367502    4.963561    8.183697   
[36mINFO[0m 08/07 00:22:19 | 0.809168    0.829060    0.000000    0.957374    nan         nan         0.158568    nan         0.938875    nan         0.809168    nan         0.829060    nan         0.988024    nan         0.945223    nan         3800        91.017964   0.058115    0.011755    0.018841    0.000000    0.000025    0.027495    0.365798    5.036752    8.183697   
[36mINFO[0m 08/07 00:23:36 | 0.783582    0.818376    0.000000    0.957650    nan         nan         0.169400    nan         0.938875    nan         0.783582    nan         0.818376    nan         0.985030    nan         0.949045    nan         4000        95.808383   0.070357    0.014517    0.018797    0.000000    0.000025    0.037017    0.363050    4.884385    8.183697   
[36mINFO[0m 08/07 00:24:54 | 0.792644    0.792735    0.000000    0.966234    nan         nan         0.149362    nan         0.953545    nan         0.792644    nan         0.792735    nan         0.991018    nan         0.954140    nan         4200        100.598802  0.092160    0.022068    0.018768    0.000000    0.000025    0.051299    0.363677    5.005058    8.183697   
[36mINFO[0m 08/07 00:26:14 | 0.816631    0.818376    0.000000    0.931679    nan         nan         0.270085    nan         0.899756    nan         0.816631    nan         0.818376    nan         0.964072    nan         0.931210    nan         4400        105.389222  0.055016    0.010853    0.018718    0.000000    0.000025    0.025421    0.374692    5.014909    8.183697   
[36mINFO[0m 08/07 00:27:32 | 0.738806    0.747863    0.000000    0.956766    nan         nan         0.180117    nan         0.941320    nan         0.738806    nan         0.747863    nan         0.985030    nan         0.943949    nan         4600        110.179641  0.051986    0.010273    0.018681    0.000000    0.000025    0.023007    0.365827    5.039215    8.183697   
[36mINFO[0m 08/07 00:28:50 | 0.783582    0.794872    0.000000    0.945347    nan         nan         0.207783    nan         0.916870    nan         0.783582    nan         0.794872    nan         0.979042    nan         0.940127    nan         4800        114.970060  0.061300    0.012811    0.018649    0.000000    0.000025    0.029816    0.364788    5.017654    8.183697   
[36mINFO[0m 08/07 00:30:08 | 0.782516    0.794872    0.000000    0.946070    nan         nan         0.222547    nan         0.936430    nan         0.782516    nan         0.794872    nan         0.982036    nan         0.919745    nan         5000        119.760479  0.064844    0.013393    0.018600    0.000000    0.000025    0.032826    0.363389    4.903744    8.183697   
[36mINFO[0m 08/07 00:30:08 | ---
[36mINFO[0m 08/07 00:30:08 | oracle = 80.917%
[36mINFO[0m 08/07 00:30:08 | iid = 79.264%
[36mINFO[0m 08/07 00:30:08 | last = 78.252%
[36mINFO[0m 08/07 00:30:08 | last (inD) = 94.607%
[36mINFO[0m 08/07 00:30:08 | iid (inD) = 96.623%
[36mINFO[0m 08/07 00:30:09 | 
[36mINFO[0m 08/07 00:30:09 | Testenv name escaping te_photo -> te_photo
[36mINFO[0m 08/07 00:30:09 | Test envs = [2], name = te_photo
[36mINFO[0m 08/07 00:30:09 | Batch sizes for each domain: [32, 32, 0, 32] (total=96)
[36mINFO[0m 08/07 00:30:09 | steps-per-epoch for each domain: 51.22, 58.62, 98.25 -> min = 51.22
[36mINFO[0m 08/07 00:30:14 | # of params = 25354320
[36mINFO[0m 08/07 00:30:19 | test_in     test_out    train_in    train_out   test_in_au  train_out_  tr_outloss  test_out_a  env0_out    env0_out_a  env1_out    env1_out_a  env2_in     env2_in_au  env2_out    env2_out_a  env3_out    env3_out_a  step        epoch       loss        inv_ce      l2          penalty     l1          cl          step_time   eval_time   mem_gb     
[36mINFO[0m 08/07 00:30:19 | 0.114521    0.107784    0.000000    0.182717    nan         nan         1.936231    nan         0.178484    nan         0.170940    nan         0.114521    nan         0.107784    nan         0.198726    nan         0           0.000000    2.330775    1.943956    0.029485    0.000000    0.000019    1.215982    0.412560    4.323920    7.955597   
[36mINFO[0m 08/07 00:31:29 | 0.950599    0.934132    0.000000    0.895440    nan         nan         0.339678    nan         0.933985    nan         0.916667    nan         0.950599    nan         0.934132    nan         0.835669    nan         200         3.904820    1.039506    0.658289    0.029482    0.000000    0.000019    0.739648    0.327847    4.326447    8.176481   
[36mINFO[0m 08/07 00:32:43 | 0.968563    0.961078    0.000000    0.925719    nan         nan         0.221268    nan         0.926650    nan         0.929487    nan         0.968563    nan         0.961078    nan         0.921019    nan         400         7.809640    0.448994    0.161694    0.020700    0.000000    0.000022    0.266577    0.348710    4.430109    8.183697   
[36mINFO[0m 08/07 00:33:59 | 0.976796    0.979042    0.000000    0.943861    nan         nan         0.156994    nan         0.948655    nan         0.952991    nan         0.976796    nan         0.979042    nan         0.929936    nan         600         11.714460   0.264479    0.088344    0.020591    0.000000    0.000023    0.155521    0.358200    4.330911    8.183697   
[36mINFO[0m 08/07 00:35:14 | 0.970808    0.988024    0.000000    0.947470    nan         nan         0.161618    nan         0.936430    nan         0.972222    nan         0.970808    nan         0.988024    nan         0.933758    nan         800         15.619280   0.204873    0.064610    0.020400    0.000000    0.000023    0.119841    0.352828    4.383716    8.183697   
[36mINFO[0m 08/07 00:36:31 | 0.967066    0.961078    0.000000    0.945491    nan         nan         0.161324    nan         0.953545    nan         0.952991    nan         0.967066    nan         0.961078    nan         0.929936    nan         1000        19.524100   0.158823    0.046895    0.020210    0.000000    0.000023    0.091695    0.365396    4.134350    8.183697   
[36mINFO[0m 08/07 00:37:46 | 0.955090    0.949102    0.000000    0.936471    nan         nan         0.181203    nan         0.921760    nan         0.961538    nan         0.955090    nan         0.949102    nan         0.926115    nan         1200        23.428920   0.128596    0.037855    0.020016    0.000000    0.000023    0.070703    0.354007    4.260015    8.183697   
[36mINFO[0m 08/07 00:39:02 | 0.967814    0.964072    0.000000    0.951648    nan         nan         0.154723    nan         0.951100    nan         0.970085    nan         0.967814    nan         0.964072    nan         0.933758    nan         1400        27.333740   0.115614    0.033287    0.019832    0.000000    0.000023    0.062472    0.354393    4.410753    8.183697   
[36mINFO[0m 08/07 00:40:17 | 0.952844    0.958084    0.000000    0.947320    nan         nan         0.181432    nan         0.926650    nan         0.970085    nan         0.952844    nan         0.958084    nan         0.945223    nan         1600        31.238560   0.101924    0.026991    0.019662    0.000000    0.000023    0.055249    0.354002    4.166069    8.183697   
[36mINFO[0m 08/07 00:41:33 | 0.962575    0.949102    0.000000    0.933102    nan         nan         0.221030    nan         0.916870    nan         0.942308    nan         0.962575    nan         0.949102    nan         0.940127    nan         1800        35.143380   0.101262    0.026909    0.019512    0.000000    0.000023    0.054818    0.360457    4.248877    8.183697   
[36mINFO[0m 08/07 00:42:23 | 0.956587    0.949102    0.000000    0.951251    nan         nan         0.173817    nan         0.955990    nan         0.948718    nan         0.956587    nan         0.949102    nan         0.949045    nan         2000        39.048200   0.103642    0.027766    0.019388    0.000000    0.000024    0.056464    0.234849    2.624796    8.183697   
[36mINFO[0m 08/07 00:43:03 | 0.940120    0.925150    0.000000    0.943861    nan         nan         0.183788    nan         0.938875    nan         0.955128    nan         0.940120    nan         0.925150    nan         0.937580    nan         2200        42.953020   0.087428    0.022709    0.019270    0.000000    0.000024    0.045426    0.189117    2.586950    8.183697   
[36mINFO[0m 08/07 00:43:44 | 0.951347    0.949102    0.000000    0.941430    nan         nan         0.196209    nan         0.931540    nan         0.961538    nan         0.951347    nan         0.949102    nan         0.931210    nan         2400        46.857840   0.105766    0.027773    0.019182    0.000000    0.000024    0.058788    0.192162    2.581647    8.183697   
[36mINFO[0m 08/07 00:44:25 | 0.943862    0.931138    0.000000    0.953874    nan         nan         0.173213    nan         0.953545    nan         0.967949    nan         0.943862    nan         0.931138    nan         0.940127    nan         2600        50.762660   0.086929    0.022272    0.019097    0.000000    0.000024    0.045535    0.189091    2.583149    8.183697   
[36mINFO[0m 08/07 00:45:05 | 0.946856    0.925150    0.000000    0.952655    nan         nan         0.160453    nan         0.948655    nan         0.961538    nan         0.946856    nan         0.925150    nan         0.947771    nan         2800        54.667480   0.083398    0.021142    0.019018    0.000000    0.000024    0.043214    0.189839    2.582269    8.183697   
[36mINFO[0m 08/07 00:45:46 | 0.927395    0.925150    0.000000    0.947265    nan         nan         0.181540    nan         0.931540    nan         0.976496    nan         0.927395    nan         0.925150    nan         0.933758    nan         3000        58.572300   0.097347    0.023784    0.018952    0.000000    0.000024    0.054587    0.190275    2.563935    8.183697   
[36mINFO[0m 08/07 00:46:26 | 0.959581    0.949102    0.000000    0.945744    nan         nan         0.196605    nan         0.946210    nan         0.957265    nan         0.959581    nan         0.949102    nan         0.933758    nan         3200        62.477120   0.077130    0.018692    0.018896    0.000000    0.000024    0.039517    0.190209    2.574063    8.183697   
[36mINFO[0m 08/07 00:47:07 | 0.954341    0.973054    0.000000    0.961017    nan         nan         0.133926    nan         0.951100    nan         0.982906    nan         0.954341    nan         0.973054    nan         0.949045    nan         3400        66.381940   0.056763    0.012417    0.018834    0.000000    0.000024    0.025488    0.190722    2.604662    8.183697   
[36mINFO[0m 08/07 00:47:48 | 0.940868    0.937126    0.000000    0.954655    nan         nan         0.145643    nan         0.948655    nan         0.970085    nan         0.940868    nan         0.937126    nan         0.945223    nan         3600        70.286760   0.074561    0.017850    0.018790    0.000000    0.000025    0.037897    0.191219    2.612454    8.183697   
[36mINFO[0m 08/07 00:48:30 | 0.963323    0.952096    0.000000    0.950799    nan         nan         0.173368    nan         0.931540    nan         0.974359    nan         0.963323    nan         0.952096    nan         0.946497    nan         3800        74.191580   0.087236    0.021134    0.018755    0.000000    0.000025    0.047323    0.194913    2.669054    8.183697   
[36mINFO[0m 08/07 00:49:12 | 0.955090    0.952096    0.000000    0.959812    nan         nan         0.151921    nan         0.946210    nan         0.982906    nan         0.955090    nan         0.952096    nan         0.950318    nan         4000        78.096400   0.059101    0.013211    0.018712    0.000000    0.000025    0.027153    0.199336    2.651500    8.183697   
[36mINFO[0m 08/07 00:49:54 | 0.957335    0.943114    0.000000    0.941519    nan         nan         0.208990    nan         0.924205    nan         0.955128    nan         0.957335    nan         0.943114    nan         0.945223    nan         4200        82.001220   0.076409    0.018486    0.018666    0.000000    0.000025    0.039232    0.191869    2.832179    8.183697   
[36mINFO[0m 08/07 00:50:35 | 0.943114    0.940120    0.000000    0.950443    nan         nan         0.159104    nan         0.936430    nan         0.972222    nan         0.943114    nan         0.940120    nan         0.942675    nan         4400        85.906040   0.057661    0.012554    0.018628    0.000000    0.000025    0.026454    0.191036    2.737606    8.183697   
[36mINFO[0m 08/07 00:51:15 | 0.952844    0.952096    0.000000    0.955552    nan         nan         0.169527    nan         0.946210    nan         0.976496    nan         0.952844    nan         0.952096    nan         0.943949    nan         4600        89.810860   0.041181    0.006555    0.018582    0.000000    0.000025    0.016019    0.190341    2.708945    8.183697   
[36mINFO[0m 08/07 00:51:56 | 0.932635    0.937126    0.000000    0.945114    nan         nan         0.241845    nan         0.931540    nan         0.963675    nan         0.932635    nan         0.937126    nan         0.940127    nan         4800        93.715680   0.044857    0.008280    0.018535    0.000000    0.000025    0.018017    0.190511    2.618864    8.183697   
[36mINFO[0m 08/07 00:52:37 | 0.945359    0.925150    0.000000    0.929828    nan         nan         0.266146    nan         0.921760    nan         0.965812    nan         0.945359    nan         0.925150    nan         0.901911    nan         5000        97.620500   0.074921    0.017876    0.018509    0.000000    0.000025    0.038511    0.192062    2.647713    8.183697   
[36mINFO[0m 08/07 00:52:37 | ---
[36mINFO[0m 08/07 00:52:37 | oracle = 97.081%
[36mINFO[0m 08/07 00:52:37 | iid = 95.434%
[36mINFO[0m 08/07 00:52:37 | last = 94.536%
[36mINFO[0m 08/07 00:52:37 | last (inD) = 92.983%
[36mINFO[0m 08/07 00:52:37 | iid (inD) = 96.102%
[36mINFO[0m 08/07 00:52:38 | 
[36mINFO[0m 08/07 00:52:38 | Testenv name escaping te_sketch -> te_sketch
[36mINFO[0m 08/07 00:52:38 | Test envs = [3], name = te_sketch
[36mINFO[0m 08/07 00:52:38 | Batch sizes for each domain: [32, 32, 32, 0] (total=96)
[36mINFO[0m 08/07 00:52:38 | steps-per-epoch for each domain: 51.22, 58.62, 41.75 -> min = 41.75
[36mINFO[0m 08/07 00:52:42 | # of params = 25354320
[36mINFO[0m 08/07 00:52:47 | test_in     test_out    train_in    train_out   test_in_au  train_out_  tr_outloss  test_out_a  env0_out    env0_out_a  env1_out    env1_out_a  env2_out    env2_out_a  env3_in     env3_in_au  env3_out    env3_out_a  step        epoch       loss        inv_ce      l2          penalty     l1          cl          step_time   eval_time   mem_gb     
[36mINFO[0m 08/07 00:52:47 | 0.164440    0.155414    0.000000    0.179013    nan         nan         1.938263    nan         0.156479    nan         0.126068    nan         0.254491    nan         0.164440    nan         0.155414    nan         0           0.000000    2.207398    1.957832    0.029453    0.000000    0.000019    0.825941    0.199996    4.099867    7.955597   
[36mINFO[0m 08/07 00:53:28 | 0.596056    0.596178    0.000000    0.946321    nan         nan         0.223134    nan         0.919315    nan         0.931624    nan         0.988024    nan         0.596056    nan         0.596178    nan         200         4.790419    0.926739    0.558504    0.029491    0.000000    0.000019    0.600017    0.185712    3.934272    8.176481   
[36mINFO[0m 08/07 00:54:11 | 0.742366    0.735032    0.000000    0.958497    nan         nan         0.143333    nan         0.941320    nan         0.955128    nan         0.979042    nan         0.742366    nan         0.735032    nan         400         9.580838    0.349527    0.114052    0.020728    0.000000    0.000022    0.214724    0.192254    4.340018    8.183697   
[36mINFO[0m 08/07 00:54:53 | 0.764631    0.768153    0.000000    0.964626    nan         nan         0.124352    nan         0.941320    nan         0.961538    nan         0.991018    nan         0.764631    nan         0.768153    nan         600         14.371257   0.200455    0.058610    0.020617    0.000000    0.000023    0.121205    0.189814    3.995868    8.183697   
[36mINFO[0m 08/07 00:55:34 | 0.723601    0.754140    0.000000    0.969105    nan         nan         0.117452    nan         0.946210    nan         0.970085    nan         0.991018    nan         0.723601    nan         0.754140    nan         800         19.161677   0.173633    0.047525    0.020468    0.000000    0.000023    0.105617    0.187911    3.965545    8.183697   
[36mINFO[0m 08/07 00:56:16 | 0.739186    0.754140    0.000000    0.964914    nan         nan         0.120357    nan         0.958435    nan         0.957265    nan         0.979042    nan         0.739186    nan         0.754140    nan         1000        23.952096   0.117401    0.029479    0.020274    0.000000    0.000023    0.067624    0.188389    3.913041    8.183697   
[36mINFO[0m 08/07 00:56:58 | 0.716921    0.731210    0.000000    0.965807    nan         nan         0.120621    nan         0.938875    nan         0.961538    nan         0.997006    nan         0.716921    nan         0.731210    nan         1200        28.742515   0.078135    0.018810    0.020081    0.000000    0.000023    0.039221    0.189078    4.017707    8.183697   
[36mINFO[0m 08/07 00:57:39 | 0.806298    0.801274    0.000000    0.968678    nan         nan         0.095190    nan         0.946210    nan         0.965812    nan         0.994012    nan         0.806298    nan         0.801274    nan         1400        33.532934   0.129019    0.031863    0.019917    0.000000    0.000023    0.077216    0.188740    3.964507    8.183697   
[36mINFO[0m 08/07 00:58:22 | 0.743003    0.738854    0.000000    0.965463    nan         nan         0.123567    nan         0.951100    nan         0.957265    nan         0.988024    nan         0.743003    nan         0.738854    nan         1600        38.323353   0.076485    0.016858    0.019753    0.000000    0.000023    0.039850    0.189228    4.679404    8.183697   
[36mINFO[0m 08/07 00:59:04 | 0.716285    0.717197    0.000000    0.966682    nan         nan         0.126546    nan         0.946210    nan         0.965812    nan         0.988024    nan         0.716285    nan         0.717197    nan         1800        43.113772   0.080988    0.018332    0.019606    0.000000    0.000023    0.043026    0.189451    4.037291    8.183697   
[36mINFO[0m 08/07 00:59:45 | 0.592557    0.608917    0.000000    0.966644    nan         nan         0.110768    nan         0.948655    nan         0.957265    nan         0.994012    nan         0.592557    nan         0.608917    nan         2000        47.904192   0.100099    0.023858    0.019492    0.000000    0.000024    0.056726    0.187895    3.938799    8.183697   
[36mINFO[0m 08/07 01:00:27 | 0.737277    0.746497    0.000000    0.973180    nan         nan         0.099971    nan         0.958435    nan         0.970085    nan         0.991018    nan         0.737277    nan         0.746497    nan         2200        52.694611   0.082386    0.017314    0.019391    0.000000    0.000024    0.045657    0.188516    4.258607    8.183697   
[36mINFO[0m 08/07 01:01:10 | 0.724873    0.733758    0.000000    0.948965    nan         nan         0.198918    nan         0.914425    nan         0.944444    nan         0.988024    nan         0.724873    nan         0.733758    nan         2400        57.485030   0.081497    0.018496    0.019297    0.000000    0.000024    0.043680    0.189463    4.205027    8.183697   
[36mINFO[0m 08/07 01:01:52 | 0.713422    0.733758    0.000000    0.945354    nan         nan         0.198056    nan         0.899756    nan         0.957265    nan         0.979042    nan         0.713422    nan         0.733758    nan         2600        62.275449   0.076058    0.016205    0.019219    0.000000    0.000024    0.040611    0.188456    4.372818    8.183697   
[36mINFO[0m 08/07 01:02:35 | 0.805025    0.801274    0.000000    0.970000    nan         nan         0.109204    nan         0.943765    nan         0.972222    nan         0.994012    nan         0.805025    nan         0.801274    nan         2800        67.065868   0.079746    0.017809    0.019138    0.000000    0.000024    0.042774    0.189310    5.437004    8.183697   
[36mINFO[0m 08/07 01:03:17 | 0.710560    0.722293    0.000000    0.960425    nan         nan         0.172423    nan         0.919315    nan         0.967949    nan         0.994012    nan         0.710560    nan         0.722293    nan         3000        71.856287   0.080340    0.017464    0.019075    0.000000    0.000024    0.043777    0.189819    4.096452    8.183697   
[36mINFO[0m 08/07 01:03:59 | 0.772265    0.780892    0.000000    0.960082    nan         nan         0.156525    nan         0.931540    nan         0.963675    nan         0.985030    nan         0.772265    nan         0.780892    nan         3200        76.646707   0.065655    0.013293    0.019026    0.000000    0.000024    0.033311    0.187934    4.233739    8.183697   
[36mINFO[0m 08/07 01:04:41 | 0.803753    0.787261    0.000000    0.949143    nan         nan         0.191020    nan         0.911980    nan         0.959402    nan         0.976048    nan         0.803753    nan         0.787261    nan         3400        81.437126   0.068131    0.013803    0.018963    0.000000    0.000024    0.035341    0.188522    4.248715    8.183697   
[36mINFO[0m 08/07 01:05:23 | 0.795165    0.774522    0.000000    0.968716    nan         nan         0.118335    nan         0.943765    nan         0.974359    nan         0.988024    nan         0.795165    nan         0.774522    nan         3600        86.227545   0.065343    0.013118    0.018907    0.000000    0.000025    0.033293    0.187786    4.093747    8.183697   
[36mINFO[0m 08/07 01:06:05 | 0.789440    0.754140    0.000000    0.950004    nan         nan         0.165584    nan         0.963325    nan         0.961538    nan         0.925150    nan         0.789440    nan         0.754140    nan         3800        91.017964   0.047718    0.007457    0.018854    0.000000    0.000025    0.021382    0.189686    4.245017    8.183697   
[36mINFO[0m 08/07 01:06:47 | 0.782761    0.765605    0.000000    0.955623    nan         nan         0.163509    nan         0.916870    nan         0.952991    nan         0.997006    nan         0.782761    nan         0.765605    nan         4000        95.808383   0.079771    0.017109    0.018806    0.000000    0.000025    0.043831    0.189509    4.146004    8.183697   
[36mINFO[0m 08/07 01:07:29 | 0.768766    0.771975    0.000000    0.963650    nan         nan         0.129738    nan         0.948655    nan         0.957265    nan         0.985030    nan         0.768766    nan         0.771975    nan         4200        100.598802  0.064435    0.012629    0.018769    0.000000    0.000025    0.033013    0.190039    4.057747    8.183697   
[36mINFO[0m 08/07 01:08:11 | 0.783397    0.779618    0.000000    0.970125    nan         nan         0.102673    nan         0.953545    nan         0.965812    nan         0.991018    nan         0.783397    nan         0.779618    nan         4400        105.389222  0.033486    0.003739    0.018739    0.000000    0.000025    0.010984    0.189569    4.127776    8.183697   
[36mINFO[0m 08/07 01:08:53 | 0.608779    0.607643    0.000000    0.970205    nan         nan         0.093399    nan         0.948655    nan         0.967949    nan         0.994012    nan         0.608779    nan         0.607643    nan         4600        110.179641  0.047885    0.008341    0.018706    0.000000    0.000025    0.020814    0.190079    4.019455    8.183697   
[36mINFO[0m 08/07 01:09:35 | 0.700700    0.696815    0.000000    0.959979    nan         nan         0.149341    nan         0.929095    nan         0.965812    nan         0.985030    nan         0.700700    nan         0.696815    nan         4800        114.970060  0.070553    0.013932    0.018673    0.000000    0.000025    0.037923    0.189417    4.210994    8.183697   
[36mINFO[0m 08/07 01:10:17 | 0.721056    0.740127    0.000000    0.967497    nan         nan         0.126921    nan         0.948655    nan         0.965812    nan         0.988024    nan         0.721056    nan         0.740127    nan         5000        119.760479  0.062788    0.012363    0.018633    0.000000    0.000025    0.031768    0.189740    4.236163    8.183697   
[36mINFO[0m 08/07 01:10:17 | ---
[36mINFO[0m 08/07 01:10:17 | oracle = 80.630%
[36mINFO[0m 08/07 01:10:17 | iid = 73.728%
[36mINFO[0m 08/07 01:10:17 | last = 72.106%
[36mINFO[0m 08/07 01:10:17 | last (inD) = 96.750%
[36mINFO[0m 08/07 01:10:17 | iid (inD) = 97.318%
[36mINFO[0m 08/07 01:10:18 | === Summary ===
[36mINFO[0m 08/07 01:10:18 | Command: /home/s21_yhr/lzh/new/DomainBed-new/train_all.py PACS_iDAG_seed2 --dataset PACS --data_dir /home/s21_yhr/lzh/new/DomainBed-new/dataset --algorithm iDAG --steps 5000 --checkpoint_freq 200 --batch_size 32 --optimizer adam --lr 5e-5 --weight_decay 0 --resnet_dropout 0 --resnet18 False --pretrained True --freeze_bn True --swad False --seed 2 --trial_seed 2 --deterministic --cache disk --prebuild_loader --image_size 224 --out_dim 512 --hidden_size 512 --num_hidden_layers 0 --dag_anneal_steps 200 --temperature 0.07 --ema_ratio 0.99 --lambda1 0.01 --lambda2 0.01 --rho 1.0 --alpha 1.0 --rho_max 100.0 --weight_mu 1.0 --weight_nu 1.0
[36mINFO[0m 08/07 01:10:18 | Unique name: 260806_23-26-50_PACS_iDAG_seed2
[36mINFO[0m 08/07 01:10:18 | Out path: train_output/PACS/260806_23-26-50_PACS_iDAG_seed2
[36mINFO[0m 08/07 01:10:18 | Algorithm: iDAG
[36mINFO[0m 08/07 01:10:18 | Dataset: PACS
+------------+--------------+---------+---------+---------+---------+
| Selection  | art_painting | cartoon |  photo  |  sketch |   Avg.  |
+------------+--------------+---------+---------+---------+---------+
|   oracle   |   79.683%    | 80.917% | 97.081% | 80.630% | 84.578% |
|    iid     |   82.001%    | 79.264% | 95.434% | 73.728% | 82.607% |
|    last    |   80.964%    | 78.252% | 94.536% | 72.106% | 81.464% |
| last (inD) |   96.920%    | 94.607% | 92.983% | 96.750% | 95.315% |
| iid (inD)  |   96.980%    | 96.623% | 96.102% | 97.318% | 96.756% |
+------------+--------------+---------+---------+---------+---------+
================================================================================
Starting iDAG, seed=3, physical GPU=3
/home/s21_yhr/miniconda3/envs/GGA/bin/python /home/s21_yhr/lzh/new/DomainBed-new/train_all.py PACS_iDAG_seed3 --dataset PACS --data_dir /home/s21_yhr/lzh/new/DomainBed-new/dataset --algorithm iDAG --steps 5000 --checkpoint_freq 200 --batch_size 32 --optimizer adam --lr 5e-5 --weight_decay 0 --resnet_dropout 0 --resnet18 False --pretrained True --freeze_bn True --swad False --seed 3 --trial_seed 3 --deterministic --cache disk --prebuild_loader --image_size 224 --out_dim 512 --hidden_size 512 --num_hidden_layers 0 --dag_anneal_steps 200 --temperature 0.07 --ema_ratio 0.99 --lambda1 0.01 --lambda2 0.01 --rho 1.0 --alpha 1.0 --rho_max 100.0 --weight_mu 1.0 --weight_nu 1.0
================================================================================
[36mINFO[0m 08/07 01:10:25 | Command :: /home/s21_yhr/lzh/new/DomainBed-new/train_all.py PACS_iDAG_seed3 --dataset PACS --data_dir /home/s21_yhr/lzh/new/DomainBed-new/dataset --algorithm iDAG --steps 5000 --checkpoint_freq 200 --batch_size 32 --optimizer adam --lr 5e-5 --weight_decay 0 --resnet_dropout 0 --resnet18 False --pretrained True --freeze_bn True --swad False --seed 3 --trial_seed 3 --deterministic --cache disk --prebuild_loader --image_size 224 --out_dim 512 --hidden_size 512 --num_hidden_layers 0 --dag_anneal_steps 200 --temperature 0.07 --ema_ratio 0.99 --lambda1 0.01 --lambda2 0.01 --rho 1.0 --alpha 1.0 --rho_max 100.0 --weight_mu 1.0 --weight_nu 1.0
Environment:
	Python: 3.11.15
	PyTorch: 2.11.0+cu128
	Torchvision: 0.26.0+cu128
	CUDA: 12.8
	CUDNN: 91900
	NumPy: 1.26.4
	PIL: 12.2.0
Args:
	algorithm: iDAG
	batch_size: 32
	cache: disk
	cache_root: cache
	cache_size: None
	checkpoint_freq: 200
	configs: []
	data_dir: /home/s21_yhr/lzh/new/DomainBed-new/dataset
	dataset: PACS
	debug: False
	deterministic: True
	end_step: 200
	evalmode: fast
	extra_search: n
	extra_search_end: None
	extra_search_start: None
	gga_l_gamma: 0.001
	grad_fn: sum
	holdout_fraction: 0.2
	model_save: None
	name: PACS_iDAG_seed3
	neighborhoodSize: 1e-06
	out_dir: train_output/PACS/260807_01-10-25_PACS_iDAG_seed3
	out_root: train_output/PACS
	prebuild_loader: True
	q_steps: 2000
	quant: 0
	resize_mode: stretch
	saliency: False
	saliency_cmap: jet
	saliency_every: 0
	saliency_noise: 0.15
	saliency_num: 16
	saliency_samples: 25
	saliency_split: test_in
	seed: 3
	show: False
	start_step: 100
	steps: 5000
	tb_freq: 10
	test_envs: None
	train_output: train_output
	trial_seed: 3
	unique_name: 260807_01-10-25_PACS_iDAG_seed3
	work_dir: .
HParams:
	data_augmentation: True
	val_augment: False
	[36mresnet18: False
	[0m[36mresnet_dropout: 0
	[0mclass_balanced: False
	[36moptimizer: adam
	[0m[36mfreeze_bn: True
	[0m[36mpretrained: True
	[0m[36mimage_size: 224
	[0m[36mlr: 5e-05
	[0mbatch_size: 32
	[36mweight_decay: 0
	[0m[36mhidden_size: 512
	[0m[36mout_dim: 512
	[0m[36mnum_hidden_layers: 0
	[0m[36mdag_anneal_steps: 200
	[0m[36mtemperature: 0.07
	[0m[36mema_ratio: 0.99
	[0m[36mlambda1: 0.01
	[0m[36mlambda2: 0.01
	[0m[36mrho_max: 100.0
	[0m[36mrho: 1.0
	[0m[36malpha: 1.0
	[0m[36mweight_nu: 1.0
	[0m[36mweight_mu: 1.0
	[0m[36mswad: False
	[0mswad_kwargs: 
	  n_converge: 3
	  n_tolerance: 6
	  tolerance_ratio: 0.3
	test_batchsize: 128
	indomain_test: False
	grad_fn: sum
	extra_search: n
	logdir: train_output/PACS/260807_01-10-25_PACS_iDAG_seed3
	neighborhoodSize: 1e-06
	start_step: 100
	end_step: 200
	extra_search_start: None
	extra_search_end: None
	gga_l_gamma: 0.001
Dataset:
	[PACS] #envs=4, #classes=7
	env0: art_painting (#2048)
	env1: cartoon (#2344)
	env2: photo (#1670)
	env3: sketch (#3929)

[36mINFO[0m 08/07 01:10:25 | n_steps = 5000
[36mINFO[0m 08/07 01:10:25 | checkpoint_freq = 200
[36mINFO[0m 08/07 01:10:25 | n_steps is updated to 5000 => 5001 for checkpointing
[36mINFO[0m 08/07 01:10:25 | Target test envs = [[0], [1], [2], [3]]
[36mINFO[0m 08/07 01:10:25 | 
[36mINFO[0m 08/07 01:10:25 | Testenv name escaping te_art_painting -> te_art_painting
[36mINFO[0m 08/07 01:10:25 | Test envs = [0], name = te_art_painting
[36mINFO[0m 08/07 01:10:25 | Batch sizes for each domain: [0, 32, 32, 32] (total=96)
[36mINFO[0m 08/07 01:10:25 | steps-per-epoch for each domain: 58.62, 41.75, 98.25 -> min = 41.75
/home/s21_yhr/miniconda3/envs/GGA/lib/python3.11/site-packages/torchvision/models/_utils.py:208: UserWarning: The parameter 'pretrained' is deprecated since 0.13 and may be removed in the future, please use 'weights' instead.
  warnings.warn(
/home/s21_yhr/miniconda3/envs/GGA/lib/python3.11/site-packages/torchvision/models/_utils.py:223: UserWarning: Arguments other than a weight enum or `None` for 'weights' are deprecated since 0.13 and may be removed in the future. The current behavior is equivalent to passing `weights=ResNet50_Weights.IMAGENET1K_V1`. You can also use `weights=ResNet50_Weights.DEFAULT` to get the most up-to-date weights.
  warnings.warn(msg)
[36mINFO[0m 08/07 01:10:28 | # of params = 25354320
/home/s21_yhr/lzh/new/DomainBed-new/domainbed/algorithms/algorithms.py:161: UserWarning: The use of `x.T` on tensors of dimension other than 2 to reverse their shape is deprecated and it will throw an error in a future release. Consider `x.mT` to transpose batches of matrices or `x.permute(*torch.arange(x.ndim - 1, -1, -1))` to reverse the dimensions of a tensor. (Triggered internally at /pytorch/aten/src/ATen/native/TensorShape.cpp:4480.)
  mask_neg = torch.not_equal(labels, labels.T)
[36mINFO[0m 08/07 01:10:32 | test_in     test_out    train_in    train_out   test_in_au  test_out_a  train_out_  tr_outloss  env0_in     env0_in_au  env0_out    env0_out_a  env1_out    env1_out_a  env2_out    env2_out_a  env3_out    env3_out_a  step        epoch       loss        inv_ce      l2          penalty     l1          cl          step_time   eval_time   mem_gb     
[36mINFO[0m 08/07 01:10:32 | 0.100061    0.100244    0.000000    0.149909    nan         nan         nan         1.936177    0.100061    nan         0.100244    nan         0.111111    nan         0.143713    nan         0.194904    nan         0           0.000000    2.210894    1.936731    0.029525    0.000000    0.000019    0.905933    1.127328    3.015565    7.954926   
[36mINFO[0m 08/07 01:11:12 | 0.849908    0.816626    0.000000    0.923425    nan         nan         nan         0.254723    0.849908    nan         0.816626    nan         0.946581    nan         0.988024    nan         0.835669    nan         200         4.790419    0.882445    0.564141    0.029468    0.000000    0.000019    0.607584    0.185187    2.791921    8.177091   
[36mINFO[0m 08/07 01:11:54 | 0.779134    0.779951    0.000000    0.952430    nan         nan         nan         0.155188    0.779134    nan         0.779951    nan         0.955128    nan         0.976048    nan         0.926115    nan         400         9.580838    0.344945    0.122446    0.020852    0.000000    0.000022    0.201625    0.193486    2.839358    8.182537   
[36mINFO[0m 08/07 01:12:35 | 0.866992    0.855746    0.000000    0.958418    nan         nan         nan         0.123500    0.866992    nan         0.855746    nan         0.955128    nan         0.994012    nan         0.926115    nan         600         14.371257   0.207387    0.067148    0.020768    0.000000    0.000023    0.119449    0.190894    2.748769    8.182537   
[36mINFO[0m 08/07 01:13:16 | 0.802929    0.809291    0.000000    0.952454    nan         nan         nan         0.141679    0.802929    nan         0.809291    nan         0.959402    nan         0.982036    nan         0.915924    nan         800         19.161677   0.142165    0.042365    0.020586    0.000000    0.000023    0.079191    0.190213    2.792437    8.182537   
[36mINFO[0m 08/07 01:13:56 | 0.825503    0.804401    0.000000    0.955735    nan         nan         nan         0.128880    0.825503    nan         0.804401    nan         0.961538    nan         0.991018    nan         0.914650    nan         1000        23.952096   0.135245    0.038883    0.020374    0.000000    0.000023    0.075965    0.188890    2.764825    8.182537   
[36mINFO[0m 08/07 01:14:37 | 0.845027    0.836186    0.000000    0.966764    nan         nan         nan         0.098022    0.845027    nan         0.836186    nan         0.959402    nan         0.988024    nan         0.952866    nan         1200        28.742515   0.124644    0.035560    0.020154    0.000000    0.000023    0.068907    0.191245    2.770164    8.182537   
[36mINFO[0m 08/07 01:15:18 | 0.791946    0.760391    0.000000    0.964903    nan         nan         nan         0.104511    0.791946    nan         0.760391    nan         0.952991    nan         0.985030    nan         0.956688    nan         1400        33.532934   0.083591    0.022271    0.019958    0.000000    0.000023    0.041338    0.189415    2.776716    8.182537   
[36mINFO[0m 08/07 01:15:59 | 0.841367    0.811736    0.000000    0.972166    nan         nan         nan         0.085608    0.841367    nan         0.811736    nan         0.980769    nan         0.979042    nan         0.956688    nan         1600        38.323353   0.091967    0.023945    0.019764    0.000000    0.000023    0.048235    0.189174    2.764488    8.182537   
[36mINFO[0m 08/07 01:16:39 | 0.847468    0.811736    0.000000    0.965789    nan         nan         nan         0.113714    0.847468    nan         0.811736    nan         0.963675    nan         0.991018    nan         0.942675    nan         1800        43.113772   0.084033    0.021613    0.019582    0.000000    0.000024    0.042815    0.189576    2.795111    8.182537   
[36mINFO[0m 08/07 01:17:21 | 0.809640    0.814181    0.000000    0.959261    nan         nan         nan         0.127641    0.809640    nan         0.814181    nan         0.965812    nan         0.982036    nan         0.929936    nan         2000        47.904192   0.102039    0.026464    0.019452    0.000000    0.000024    0.056099    0.195844    2.775436    8.182537   
[36mINFO[0m 08/07 01:18:02 | 0.804149    0.804401    0.000000    0.968466    nan         nan         nan         0.094188    0.804149    nan         0.804401    nan         0.967949    nan         0.982036    nan         0.955414    nan         2200        52.694611   0.079074    0.018975    0.019344    0.000000    0.000024    0.040731    0.189065    2.757983    8.182537   
[36mINFO[0m 08/07 01:18:42 | 0.792556    0.777506    0.000000    0.961786    nan         nan         nan         0.130014    0.792556    nan         0.777506    nan         0.961538    nan         0.976048    nan         0.947771    nan         2400        57.485030   0.060571    0.013193    0.019234    0.000000    0.000024    0.028119    0.189052    2.759785    8.182537   
[36mINFO[0m 08/07 01:19:24 | 0.756559    0.775061    0.000000    0.964195    nan         nan         nan         0.120194    0.756559    nan         0.775061    nan         0.959402    nan         0.979042    nan         0.954140    nan         2600        62.275449   0.057180    0.012107    0.019135    0.000000    0.000024    0.025915    0.191497    2.796474    8.182537   
[36mINFO[0m 08/07 01:20:04 | 0.790116    0.760391    0.000000    0.967779    nan         nan         nan         0.098795    0.790116    nan         0.760391    nan         0.974359    nan         0.985030    nan         0.943949    nan         2800        67.065868   0.077280    0.019106    0.019048    0.000000    0.000024    0.039101    0.189549    2.782211    8.182537   
[36mINFO[0m 08/07 01:20:45 | 0.732154    0.682152    0.000000    0.972750    nan         nan         nan         0.101479    0.732154    nan         0.682152    nan         0.978632    nan         0.988024    nan         0.951592    nan         3000        71.856287   0.061139    0.013412    0.018984    0.000000    0.000024    0.028719    0.192029    2.748998    8.182537   
[36mINFO[0m 08/07 01:21:26 | 0.821843    0.784841    0.000000    0.970210    nan         nan         nan         0.125916    0.821843    nan         0.784841    nan         0.972222    nan         0.997006    nan         0.941401    nan         3200        76.646707   0.075145    0.018309    0.018931    0.000000    0.000024    0.037881    0.190114    2.778399    8.182537   
[36mINFO[0m 08/07 01:22:07 | 0.767541    0.750611    0.000000    0.964355    nan         nan         nan         0.135098    0.767541    nan         0.750611    nan         0.961538    nan         0.985030    nan         0.946497    nan         3400        81.437126   0.076180    0.018124    0.018870    0.000000    0.000025    0.039160    0.189087    2.747328    8.182537   
[36mINFO[0m 08/07 01:22:48 | 0.777913    0.779951    0.000000    0.964780    nan         nan         nan         0.117880    0.777913    nan         0.779951    nan         0.961538    nan         0.985030    nan         0.947771    nan         3600        86.227545   0.067837    0.014874    0.018818    0.000000    0.000025    0.034120    0.189414    2.745602    8.182537   
[36mINFO[0m 08/07 01:23:29 | 0.838316    0.819071    0.000000    0.974319    nan         nan         nan         0.105860    0.838316    nan         0.819071    nan         0.974359    nan         0.997006    nan         0.951592    nan         3800        91.017964   0.042302    0.007006    0.018782    0.000000    0.000025    0.016488    0.191503    2.740238    8.182537   
[36mINFO[0m 08/07 01:24:10 | 0.795607    0.767726    0.000000    0.957287    nan         nan         nan         0.147591    0.795607    nan         0.767726    nan         0.965812    nan         0.985030    nan         0.921019    nan         4000        95.808383   0.070744    0.015930    0.018732    0.000000    0.000025    0.036057    0.191336    2.785636    8.182537   
[36mINFO[0m 08/07 01:24:51 | 0.788286    0.726161    0.000000    0.968611    nan         nan         nan         0.115726    0.788286    nan         0.726161    nan         0.959402    nan         0.991018    nan         0.955414    nan         4200        100.598802  0.058493    0.013086    0.018669    0.000000    0.000025    0.026713    0.191681    2.776217    8.182537   
[36mINFO[0m 08/07 01:25:32 | 0.857230    0.814181    0.000000    0.967615    nan         nan         nan         0.115145    0.857230    nan         0.814181    nan         0.963675    nan         0.985030    nan         0.954140    nan         4400        105.389222  0.060933    0.013579    0.018632    0.000000    0.000025    0.028696    0.190621    2.776580    8.182537   
[36mINFO[0m 08/07 01:26:13 | 0.812081    0.777506    0.000000    0.970202    nan         nan         nan         0.120624    0.812081    nan         0.777506    nan         0.978632    nan         0.988024    nan         0.943949    nan         4600        110.179641  0.035012    0.004711    0.018602    0.000000    0.000025    0.011673    0.191078    2.883894    8.182537   
[36mINFO[0m 08/07 01:26:54 | 0.781574    0.731051    0.000000    0.968345    nan         nan         nan         0.120169    0.781574    nan         0.731051    nan         0.980769    nan         0.979042    nan         0.945223    nan         4800        114.970060  0.068019    0.015384    0.018583    0.000000    0.000025    0.034026    0.190219    3.153788    8.182537   
[36mINFO[0m 08/07 01:27:35 | 0.831605    0.801956    0.000000    0.963652    nan         nan         nan         0.136711    0.831605    nan         0.801956    nan         0.980769    nan         0.970060    nan         0.940127    nan         5000        119.760479  0.075961    0.018614    0.018538    0.000000    0.000025    0.038784    0.189457    2.946649    8.182537   
[36mINFO[0m 08/07 01:27:35 | ---
[36mINFO[0m 08/07 01:27:35 | oracle = 86.699%
[36mINFO[0m 08/07 01:27:35 | iid = 83.832%
[36mINFO[0m 08/07 01:27:35 | last = 83.160%
[36mINFO[0m 08/07 01:27:35 | last (inD) = 96.365%
[36mINFO[0m 08/07 01:27:35 | iid (inD) = 97.432%
[36mINFO[0m 08/07 01:27:36 | 
[36mINFO[0m 08/07 01:27:36 | Testenv name escaping te_cartoon -> te_cartoon
[36mINFO[0m 08/07 01:27:36 | Test envs = [1], name = te_cartoon
[36mINFO[0m 08/07 01:27:36 | Batch sizes for each domain: [32, 0, 32, 32] (total=96)
[36mINFO[0m 08/07 01:27:36 | steps-per-epoch for each domain: 51.22, 41.75, 98.25 -> min = 41.75
[36mINFO[0m 08/07 01:27:40 | # of params = 25354320
[36mINFO[0m 08/07 01:27:43 | test_in     test_out    train_in    train_out   test_in_au  train_out_  tr_outloss  test_out_a  env0_out    env0_out_a  env1_in     env1_in_au  env1_out    env1_out_a  env2_out    env2_out_a  env3_out    env3_out_a  step        epoch       loss        inv_ce      l2          penalty     l1          cl          step_time   eval_time   mem_gb     
[36mINFO[0m 08/07 01:27:43 | 0.243070    0.228632    0.000000    0.226995    nan         nan         1.938147    nan         0.207824    nan         0.243070    nan         0.228632    nan         0.311377    nan         0.161783    nan         0           0.000000    2.244164    1.956148    0.029469    0.000000    0.000019    0.909109    0.182752    2.972183    7.955597   
[36mINFO[0m 08/07 01:28:23 | 0.711087    0.758547    0.000000    0.911907    nan         nan         0.283858    nan         0.904645    nan         0.711087    nan         0.758547    nan         0.952096    nan         0.878981    nan         200         4.790419    0.865018    0.538420    0.029464    0.000000    0.000019    0.581940    0.185151    2.983644    8.176481   
[36mINFO[0m 08/07 01:29:04 | 0.710021    0.690171    0.000000    0.944372    nan         nan         0.177581    nan         0.936430    nan         0.710021    nan         0.690171    nan         0.982036    nan         0.914650    nan         400         9.580838    0.347990    0.116663    0.020740    0.000000    0.000022    0.210566    0.187790    3.184346    8.183697   
[36mINFO[0m 08/07 01:29:45 | 0.751066    0.775641    0.000000    0.946551    nan         nan         0.159766    nan         0.933985    nan         0.751066    nan         0.775641    nan         0.991018    nan         0.914650    nan         600         14.371257   0.227621    0.069567    0.020631    0.000000    0.000023    0.137400    0.188067    3.183846    8.183697   
[36mINFO[0m 08/07 01:30:27 | 0.765991    0.777778    0.000000    0.956649    nan         nan         0.137588    nan         0.931540    nan         0.765991    nan         0.777778    nan         0.997006    nan         0.941401    nan         800         19.161677   0.148948    0.043257    0.020460    0.000000    0.000023    0.085208    0.195906    2.926507    8.183697   
[36mINFO[0m 08/07 01:31:08 | 0.795842    0.809829    0.000000    0.949028    nan         nan         0.168203    nan         0.919315    nan         0.795842    nan         0.809829    nan         0.994012    nan         0.933758    nan         1000        23.952096   0.157719    0.044181    0.020271    0.000000    0.000023    0.093244    0.190038    2.908367    8.183697   
[36mINFO[0m 08/07 01:31:49 | 0.779318    0.779915    0.000000    0.946173    nan         nan         0.183798    nan         0.929095    nan         0.779318    nan         0.779915    nan         0.982036    nan         0.927389    nan         1200        28.742515   0.134474    0.036555    0.020078    0.000000    0.000023    0.077818    0.190359    2.901040    8.183697   
[36mINFO[0m 08/07 01:32:30 | 0.815565    0.837607    0.000000    0.944553    nan         nan         0.192173    nan         0.914425    nan         0.815565    nan         0.837607    nan         0.988024    nan         0.931210    nan         1400        33.532934   0.107792    0.028564    0.019906    0.000000    0.000023    0.059299    0.189155    2.944042    8.183697   
[36mINFO[0m 08/07 01:33:11 | 0.791045    0.803419    0.000000    0.919978    nan         nan         0.271210    nan         0.911980    nan         0.791045    nan         0.803419    nan         0.937126    nan         0.910828    nan         1600        38.323353   0.095667    0.024063    0.019740    0.000000    0.000023    0.051840    0.190134    2.938191    8.183697   
[36mINFO[0m 08/07 01:33:52 | 0.750533    0.773504    0.000000    0.951452    nan         nan         0.165348    nan         0.926650    nan         0.750533    nan         0.773504    nan         0.985030    nan         0.942675    nan         1800        43.113772   0.085845    0.020209    0.019588    0.000000    0.000023    0.046025    0.194909    2.954715    8.183697   
[36mINFO[0m 08/07 01:34:34 | 0.765991    0.758547    0.000000    0.947584    nan         nan         0.180096    nan         0.919315    nan         0.765991    nan         0.758547    nan         0.982036    nan         0.941401    nan         2000        47.904192   0.104436    0.025846    0.019467    0.000000    0.000024    0.059099    0.192286    2.931999    8.183697   
[36mINFO[0m 08/07 01:35:15 | 0.751066    0.775641    0.000000    0.947032    nan         nan         0.171876    nan         0.919315    nan         0.751066    nan         0.775641    nan         0.988024    nan         0.933758    nan         2200        52.694611   0.083182    0.019714    0.019373    0.000000    0.000024    0.044071    0.189663    2.889916    8.183697   
[36mINFO[0m 08/07 01:35:56 | 0.772921    0.807692    0.000000    0.941845    nan         nan         0.208159    nan         0.904645    nan         0.772921    nan         0.807692    nan         0.982036    nan         0.938854    nan         2400        57.485030   0.080253    0.019885    0.019276    0.000000    0.000024    0.041068    0.189562    2.901673    8.183697   
[36mINFO[0m 08/07 01:36:37 | 0.736674    0.788462    0.000000    0.948548    nan         nan         0.177162    nan         0.921760    nan         0.736674    nan         0.788462    nan         0.985030    nan         0.938854    nan         2600        62.275449   0.085715    0.020308    0.019199    0.000000    0.000024    0.046185    0.191476    2.931627    8.183697   
[36mINFO[0m 08/07 01:37:17 | 0.787846    0.811966    0.000000    0.958579    nan         nan         0.146037    nan         0.943765    nan         0.787846    nan         0.811966    nan         0.988024    nan         0.943949    nan         2800        67.065868   0.056321    0.011818    0.019124    0.000000    0.000024    0.025355    0.189036    2.871780    8.183697   
[36mINFO[0m 08/07 01:37:58 | 0.743070    0.782051    0.000000    0.946171    nan         nan         0.203907    nan         0.909535    nan         0.743070    nan         0.782051    nan         0.985030    nan         0.943949    nan         3000        71.856287   0.070528    0.015235    0.019066    0.000000    0.000024    0.036203    0.190386    2.904862    8.183697   
[36mINFO[0m 08/07 01:38:39 | 0.811301    0.846154    0.000000    0.955078    nan         nan         0.136782    nan         0.931540    nan         0.811301    nan         0.846154    nan         0.991018    nan         0.942675    nan         3200        76.646707   0.095821    0.023403    0.019005    0.000000    0.000024    0.053389    0.188868    2.910208    8.183697   
[36mINFO[0m 08/07 01:39:20 | 0.708422    0.750000    0.000000    0.945806    nan         nan         0.217984    nan         0.946210    nan         0.708422    nan         0.750000    nan         0.988024    nan         0.903185    nan         3400        81.437126   0.071387    0.015744    0.018951    0.000000    0.000024    0.036668    0.189643    2.851387    8.183697   
[36mINFO[0m 08/07 01:40:02 | 0.792644    0.822650    0.000000    0.951762    nan         nan         0.170003    nan         0.924205    nan         0.792644    nan         0.822650    nan         0.982036    nan         0.949045    nan         3600        86.227545   0.050286    0.009393    0.018901    0.000000    0.000025    0.021968    0.194427    2.930639    8.183697   
[36mINFO[0m 08/07 01:40:43 | 0.766525    0.773504    0.000000    0.933305    nan         nan         0.260330    nan         0.877751    nan         0.766525    nan         0.773504    nan         0.982036    nan         0.940127    nan         3800        91.017964   0.066213    0.014530    0.018865    0.000000    0.000025    0.032793    0.191102    2.867280    8.183697   
[36mINFO[0m 08/07 01:41:24 | 0.737207    0.756410    0.000000    0.944932    nan         nan         0.185600    nan         0.907090    nan         0.737207    nan         0.756410    nan         0.985030    nan         0.942675    nan         4000        95.808383   0.094240    0.023394    0.018830    0.000000    0.000025    0.051991    0.191700    2.881763    8.183697   
[36mINFO[0m 08/07 01:42:05 | 0.801173    0.833333    0.000000    0.959073    nan         nan         0.132968    nan         0.938875    nan         0.801173    nan         0.833333    nan         0.988024    nan         0.950318    nan         4200        100.598802  0.053330    0.010828    0.018783    0.000000    0.000025    0.023695    0.190732    2.869069    8.183697   
[36mINFO[0m 08/07 01:42:46 | 0.763859    0.777778    0.000000    0.948218    nan         nan         0.184816    nan         0.943765    nan         0.763859    nan         0.777778    nan         0.976048    nan         0.924841    nan         4400        105.389222  0.036363    0.005738    0.018753    0.000000    0.000025    0.011846    0.191454    2.882718    8.183697   
[36mINFO[0m 08/07 01:43:28 | 0.813433    0.837607    0.000000    0.958807    nan         nan         0.153168    nan         0.929095    nan         0.813433    nan         0.837607    nan         0.997006    nan         0.950318    nan         4600        110.179641  0.043189    0.007582    0.018715    0.000000    0.000025    0.016867    0.193788    2.859092    8.183697   
[36mINFO[0m 08/07 01:44:09 | 0.743070    0.779915    0.000000    0.947284    nan         nan         0.194739    nan         0.911980    nan         0.743070    nan         0.779915    nan         0.991018    nan         0.938854    nan         4800        114.970060  0.098419    0.023717    0.018684    0.000000    0.000025    0.055992    0.191249    2.890440    8.183697   
[36mINFO[0m 08/07 01:44:50 | 0.753731    0.779915    0.000000    0.944461    nan         nan         0.226915    nan         0.899756    nan         0.753731    nan         0.779915    nan         0.982036    nan         0.951592    nan         5000        119.760479  0.060094    0.012729    0.018655    0.000000    0.000025    0.028685    0.190544    2.884095    8.183697   
[36mINFO[0m 08/07 01:44:50 | ---
[36mINFO[0m 08/07 01:44:50 | oracle = 81.130%
[36mINFO[0m 08/07 01:44:50 | iid = 80.117%
[36mINFO[0m 08/07 01:44:50 | last = 75.373%
[36mINFO[0m 08/07 01:44:50 | last (inD) = 94.446%
[36mINFO[0m 08/07 01:44:50 | iid (inD) = 95.907%
[36mINFO[0m 08/07 01:44:51 | 
[36mINFO[0m 08/07 01:44:51 | Testenv name escaping te_photo -> te_photo
[36mINFO[0m 08/07 01:44:51 | Test envs = [2], name = te_photo
[36mINFO[0m 08/07 01:44:51 | Batch sizes for each domain: [32, 32, 0, 32] (total=96)
[36mINFO[0m 08/07 01:44:51 | steps-per-epoch for each domain: 51.22, 58.62, 98.25 -> min = 51.22
[36mINFO[0m 08/07 01:44:55 | # of params = 25354320
[36mINFO[0m 08/07 01:44:57 | test_in     test_out    train_in    train_out   test_in_au  train_out_  tr_outloss  test_out_a  env0_out    env0_out_a  env1_out    env1_out_a  env2_in     env2_in_au  env2_out    env2_out_a  env3_out    env3_out_a  step        epoch       loss        inv_ce      l2          penalty     l1          cl          step_time   eval_time   mem_gb     
[36mINFO[0m 08/07 01:44:57 | 0.241766    0.236527    0.000000    0.173558    nan         nan         1.949347    nan         0.190709    nan         0.271368    nan         0.241766    nan         0.236527    nan         0.058599    nan         0           0.000000    2.277184    1.968653    0.029448    0.000000    0.000019    1.023667    0.187252    2.520661    7.955597   
[36mINFO[0m 08/07 01:45:36 | 0.969311    0.973054    0.000000    0.933759    nan         nan         0.240505    nan         0.941320    nan         0.946581    nan         0.969311    nan         0.973054    nan         0.913376    nan         200         3.904820    1.062344    0.682137    0.029459    0.000000    0.000019    0.751359    0.183594    2.482424    8.176481   
[36mINFO[0m 08/07 01:46:17 | 0.960329    0.958084    0.000000    0.933061    nan         nan         0.191216    nan         0.911980    nan         0.957265    nan         0.960329    nan         0.958084    nan         0.929936    nan         400         7.809640    0.414265    0.150432    0.020917    0.000000    0.000022    0.242893    0.191447    2.495226    8.183697   
[36mINFO[0m 08/07 01:46:58 | 0.952844    0.943114    0.000000    0.922253    nan         nan         0.239873    nan         0.911980    nan         0.933761    nan         0.952844    nan         0.943114    nan         0.921019    nan         600         11.714460   0.258456    0.086388    0.020787    0.000000    0.000023    0.151258    0.190671    2.494879    8.183697   
[36mINFO[0m 08/07 01:47:38 | 0.952096    0.946108    0.000000    0.932889    nan         nan         0.207944    nan         0.904645    nan         0.961538    nan         0.952096    nan         0.946108    nan         0.932484    nan         800         15.619280   0.184178    0.057515    0.020600    0.000000    0.000023    0.106041    0.189866    2.518294    8.183697   
[36mINFO[0m 08/07 01:48:19 | 0.961826    0.964072    0.000000    0.934875    nan         nan         0.217185    nan         0.914425    nan         0.961538    nan         0.961826    nan         0.964072    nan         0.928662    nan         1000        19.524100   0.169432    0.051533    0.020359    0.000000    0.000023    0.097516    0.189722    2.501090    8.183697   
[36mINFO[0m 08/07 01:48:59 | 0.952844    0.961078    0.000000    0.944758    nan         nan         0.184997    nan         0.926650    nan         0.963675    nan         0.952844    nan         0.961078    nan         0.943949    nan         1200        23.428920   0.136877    0.040658    0.020140    0.000000    0.000023    0.076056    0.190241    2.471380    8.183697   
[36mINFO[0m 08/07 01:49:40 | 0.943114    0.949102    0.000000    0.948285    nan         nan         0.174182    nan         0.929095    nan         0.974359    nan         0.943114    nan         0.949102    nan         0.941401    nan         1400        27.333740   0.124847    0.035699    0.019921    0.000000    0.000023    0.069204    0.189476    2.468540    8.183697   
[36mINFO[0m 08/07 01:50:20 | 0.949850    0.952096    0.000000    0.945916    nan         nan         0.182670    nan         0.924205    nan         0.959402    nan         0.949850    nan         0.952096    nan         0.954140    nan         1600        31.238560   0.088505    0.023699    0.019740    0.000000    0.000023    0.045043    0.189551    2.470450    8.183697   
[36mINFO[0m 08/07 01:51:01 | 0.933383    0.919162    0.000000    0.925445    nan         nan         0.240968    nan         0.916870    nan         0.935897    nan         0.933383    nan         0.919162    nan         0.923567    nan         1800        35.143380   0.078516    0.020141    0.019569    0.000000    0.000023    0.038781    0.189046    2.469854    8.183697   
[36mINFO[0m 08/07 01:51:41 | 0.957335    0.973054    0.000000    0.932718    nan         nan         0.218574    nan         0.916870    nan         0.961538    nan         0.957335    nan         0.973054    nan         0.919745    nan         2000        39.048200   0.137896    0.037746    0.019429    0.000000    0.000024    0.080698    0.190664    2.468777    8.183697   
[36mINFO[0m 08/07 01:52:22 | 0.914671    0.904192    0.000000    0.940361    nan         nan         0.221082    nan         0.897311    nan         0.965812    nan         0.914671    nan         0.904192    nan         0.957962    nan         2200        42.953020   0.086745    0.022075    0.019319    0.000000    0.000024    0.045327    0.189868    2.468136    8.183697   
[36mINFO[0m 08/07 01:53:02 | 0.947605    0.955090    0.000000    0.939526    nan         nan         0.239964    nan         0.916870    nan         0.967949    nan         0.947605    nan         0.955090    nan         0.933758    nan         2400        46.857840   0.075934    0.018695    0.019228    0.000000    0.000024    0.037988    0.191791    2.468402    8.183697   
[36mINFO[0m 08/07 01:53:43 | 0.937874    0.925150    0.000000    0.937149    nan         nan         0.233392    nan         0.894866    nan         0.970085    nan         0.937874    nan         0.925150    nan         0.946497    nan         2600        50.762660   0.089119    0.023136    0.019130    0.000000    0.000024    0.046829    0.189809    2.452959    8.183697   
[36mINFO[0m 08/07 01:54:24 | 0.940120    0.955090    0.000000    0.958777    nan         nan         0.142047    nan         0.938875    nan         0.980769    nan         0.940120    nan         0.955090    nan         0.956688    nan         2800        54.667480   0.091294    0.022843    0.019062    0.000000    0.000024    0.049365    0.191971    2.450884    8.183697   
[36mINFO[0m 08/07 01:55:04 | 0.951347    0.958084    0.000000    0.949902    nan         nan         0.179724    nan         0.933985    nan         0.967949    nan         0.951347    nan         0.958084    nan         0.947771    nan         3000        58.572300   0.078910    0.019784    0.019005    0.000000    0.000024    0.040098    0.191139    2.442952    8.183697   
[36mINFO[0m 08/07 01:55:45 | 0.952096    0.937126    0.000000    0.928013    nan         nan         0.258954    nan         0.914425    nan         0.929487    nan         0.952096    nan         0.937126    nan         0.940127    nan         3200        62.477120   0.071553    0.016919    0.018936    0.000000    0.000024    0.035674    0.189253    2.475128    8.183697   
[36mINFO[0m 08/07 01:56:25 | 0.960329    0.937126    0.000000    0.944697    nan         nan         0.194161    nan         0.929095    nan         0.950855    nan         0.960329    nan         0.937126    nan         0.954140    nan         3400        66.381940   0.079005    0.018951    0.018881    0.000000    0.000024    0.041149    0.189590    2.456639    8.183697   
[36mINFO[0m 08/07 01:57:06 | 0.927395    0.943114    0.000000    0.935964    nan         nan         0.229413    nan         0.907090    nan         0.959402    nan         0.927395    nan         0.943114    nan         0.941401    nan         3600        70.286760   0.071583    0.017102    0.018823    0.000000    0.000025    0.035633    0.190131    2.475488    8.183697   
[36mINFO[0m 08/07 01:57:46 | 0.937874    0.937126    0.000000    0.951210    nan         nan         0.196425    nan         0.931540    nan         0.967949    nan         0.937874    nan         0.937126    nan         0.954140    nan         3800        74.191580   0.084357    0.020915    0.018788    0.000000    0.000025    0.044629    0.190668    2.461653    8.183697   
[36mINFO[0m 08/07 01:58:27 | 0.933383    0.946108    0.000000    0.943519    nan         nan         0.198254    nan         0.914425    nan         0.965812    nan         0.933383    nan         0.946108    nan         0.950318    nan         4000        78.096400   0.062179    0.013568    0.018740    0.000000    0.000025    0.029846    0.191861    2.481104    8.183697   
[36mINFO[0m 08/07 01:59:08 | 0.932635    0.940120    0.000000    0.951970    nan         nan         0.191660    nan         0.929095    nan         0.976496    nan         0.932635    nan         0.940120    nan         0.950318    nan         4200        82.001220   0.047505    0.009236    0.018695    0.000000    0.000025    0.019550    0.189298    2.455683    8.183697   
[36mINFO[0m 08/07 01:59:48 | 0.952844    0.958084    0.000000    0.947744    nan         nan         0.205376    nan         0.916870    nan         0.972222    nan         0.952844    nan         0.958084    nan         0.954140    nan         4400        85.906040   0.085010    0.021254    0.018655    0.000000    0.000025    0.045076    0.189743    2.472415    8.183697   
[36mINFO[0m 08/07 02:00:28 | 0.940868    0.949102    0.000000    0.946984    nan         nan         0.208201    nan         0.919315    nan         0.963675    nan         0.940868    nan         0.949102    nan         0.957962    nan         4600        89.810860   0.052696    0.010620    0.018613    0.000000    0.000025    0.023438    0.189867    2.453145    8.183697   
[36mINFO[0m 08/07 02:01:09 | 0.949850    0.958084    0.000000    0.952107    nan         nan         0.188024    nan         0.929095    nan         0.974359    nan         0.949850    nan         0.958084    nan         0.952866    nan         4800        93.715680   0.054880    0.011305    0.018575    0.000000    0.000025    0.024975    0.191635    2.540149    8.183697   
[36mINFO[0m 08/07 02:01:50 | 0.922156    0.922156    0.000000    0.943991    nan         nan         0.217207    nan         0.911980    nan         0.972222    nan         0.922156    nan         0.922156    nan         0.947771    nan         5000        97.620500   0.081150    0.020552    0.018541    0.000000    0.000025    0.042032    0.191370    2.469581    8.183697   
[36mINFO[0m 08/07 02:01:50 | ---
[36mINFO[0m 08/07 02:01:50 | oracle = 96.931%
[36mINFO[0m 08/07 02:01:50 | iid = 94.012%
[36mINFO[0m 08/07 02:01:50 | last = 92.216%
[36mINFO[0m 08/07 02:01:50 | last (inD) = 94.399%
[36mINFO[0m 08/07 02:01:50 | iid (inD) = 95.878%
[36mINFO[0m 08/07 02:01:51 | 
[36mINFO[0m 08/07 02:01:51 | Testenv name escaping te_sketch -> te_sketch
[36mINFO[0m 08/07 02:01:51 | Test envs = [3], name = te_sketch
[36mINFO[0m 08/07 02:01:51 | Batch sizes for each domain: [32, 32, 32, 0] (total=96)
[36mINFO[0m 08/07 02:01:51 | steps-per-epoch for each domain: 51.22, 58.62, 41.75 -> min = 41.75
[36mINFO[0m 08/07 02:01:55 | # of params = 25354320
[36mINFO[0m 08/07 02:01:58 | test_in     test_out    train_in    train_out   test_in_au  train_out_  tr_outloss  test_out_a  env0_out    env0_out_a  env1_out    env1_out_a  env2_out    env2_out_a  env3_in     env3_in_au  env3_out    env3_out_a  step        epoch       loss        inv_ce      l2          penalty     l1          cl          step_time   eval_time   mem_gb     
[36mINFO[0m 08/07 02:01:58 | 0.170483    0.168153    0.000000    0.171037    nan         nan         1.933801    nan         0.180929    nan         0.179487    nan         0.152695    nan         0.170483    nan         0.168153    nan         0           0.000000    2.232655    1.950917    0.029493    0.000000    0.000019    0.847583    0.182611    3.712474    7.955597   
[36mINFO[0m 08/07 02:02:38 | 0.729008    0.731210    0.000000    0.948929    nan         nan         0.238123    nan         0.933985    nan         0.933761    nan         0.979042    nan         0.729008    nan         0.731210    nan         200         4.790419    0.940242    0.578771    0.029373    0.000000    0.000019    0.600293    0.181311    3.731615    8.176481   
[36mINFO[0m 08/07 02:03:20 | 0.707061    0.721019    0.000000    0.956300    nan         nan         0.142130    nan         0.936430    nan         0.944444    nan         0.988024    nan         0.707061    nan         0.721019    nan         400         9.580838    0.346970    0.117683    0.020650    0.000000    0.000022    0.208615    0.189884    3.737715    8.183697   
[36mINFO[0m 08/07 02:04:02 | 0.762723    0.754140    0.000000    0.951771    nan         nan         0.150041    nan         0.916870    nan         0.959402    nan         0.979042    nan         0.762723    nan         0.754140    nan         600         14.371257   0.200694    0.059630    0.020523    0.000000    0.000023    0.120519    0.189591    3.705647    8.183697   
[36mINFO[0m 08/07 02:04:44 | 0.731870    0.714650    0.000000    0.963804    nan         nan         0.124844    nan         0.921760    nan         0.978632    nan         0.991018    nan         0.731870    nan         0.714650    nan         800         19.161677   0.152719    0.041324    0.020353    0.000000    0.000023    0.091019    0.190117    3.702237    8.183697   
[36mINFO[0m 08/07 02:05:25 | 0.634860    0.657325    0.000000    0.927492    nan         nan         0.240756    nan         0.867971    nan         0.944444    nan         0.970060    nan         0.634860    nan         0.657325    nan         1000        23.952096   0.128744    0.034041    0.020142    0.000000    0.000023    0.074538    0.189453    3.649153    8.183697   
[36mINFO[0m 08/07 02:06:07 | 0.718193    0.723567    0.000000    0.961506    nan         nan         0.114959    nan         0.931540    nan         0.967949    nan         0.985030    nan         0.718193    nan         0.723567    nan         1200        28.742515   0.116007    0.029743    0.019937    0.000000    0.000023    0.066303    0.188669    3.680052    8.183697   
[36mINFO[0m 08/07 02:06:48 | 0.684796    0.689172    0.000000    0.949121    nan         nan         0.153291    nan         0.904645    nan         0.963675    nan         0.979042    nan         0.684796    nan         0.689172    nan         1400        33.532934   0.111912    0.027918    0.019745    0.000000    0.000023    0.064226    0.189283    3.741601    8.183697   
[36mINFO[0m 08/07 02:07:30 | 0.785305    0.779618    0.000000    0.949287    nan         nan         0.204467    nan         0.929095    nan         0.963675    nan         0.955090    nan         0.785305    nan         0.779618    nan         1600        38.323353   0.090718    0.021488    0.019573    0.000000    0.000023    0.049633    0.189527    3.726846    8.183697   
[36mINFO[0m 08/07 02:08:11 | 0.673664    0.663694    0.000000    0.967760    nan         nan         0.133945    nan         0.941320    nan         0.967949    nan         0.994012    nan         0.673664    nan         0.663694    nan         1800        43.113772   0.096827    0.023658    0.019438    0.000000    0.000024    0.053707    0.189382    3.712552    8.183697   
[36mINFO[0m 08/07 02:08:53 | 0.708969    0.721019    0.000000    0.962299    nan         nan         0.123414    nan         0.926650    nan         0.972222    nan         0.988024    nan         0.708969    nan         0.721019    nan         2000        47.904192   0.073246    0.016314    0.019303    0.000000    0.000024    0.037606    0.189587    3.677963    8.183697   
[36mINFO[0m 08/07 02:09:35 | 0.701336    0.682803    0.000000    0.968922    nan         nan         0.103208    nan         0.948655    nan         0.970085    nan         0.988024    nan         0.701336    nan         0.682803    nan         2200        52.694611   0.052458    0.009840    0.019190    0.000000    0.000024    0.023404    0.189527    3.697615    8.183697   
[36mINFO[0m 08/07 02:10:16 | 0.703880    0.701911    0.000000    0.921611    nan         nan         0.286496    nan         0.870416    nan         0.927350    nan         0.967066    nan         0.703880    nan         0.701911    nan         2400        57.485030   0.112130    0.026852    0.019087    0.000000    0.000024    0.066167    0.189812    3.758719    8.183697   
[36mINFO[0m 08/07 02:10:58 | 0.715649    0.731210    0.000000    0.952865    nan         nan         0.170665    nan         0.902200    nan         0.974359    nan         0.982036    nan         0.715649    nan         0.731210    nan         2600        62.275449   0.079245    0.017500    0.019004    0.000000    0.000024    0.042717    0.188996    3.737606    8.183697   
[36mINFO[0m 08/07 02:11:40 | 0.802481    0.806369    0.000000    0.970998    nan         nan         0.104438    nan         0.943765    nan         0.972222    nan         0.997006    nan         0.802481    nan         0.806369    nan         2800        67.065868   0.044688    0.007461    0.018942    0.000000    0.000024    0.018261    0.189576    3.723191    8.183697   
[36mINFO[0m 08/07 02:12:21 | 0.620547    0.620382    0.000000    0.958619    nan         nan         0.145747    nan         0.933985    nan         0.950855    nan         0.991018    nan         0.620547    nan         0.620382    nan         3000        71.856287   0.050207    0.009348    0.018871    0.000000    0.000024    0.021964    0.189438    3.799989    8.183697   
[36mINFO[0m 08/07 02:13:03 | 0.811387    0.808917    0.000000    0.959957    nan         nan         0.138903    nan         0.921760    nan         0.970085    nan         0.988024    nan         0.811387    nan         0.808917    nan         3200        76.646707   0.078247    0.017173    0.018816    0.000000    0.000024    0.042233    0.187672    3.809884    8.183697   
[36mINFO[0m 08/07 02:13:44 | 0.752226    0.757962    0.000000    0.958600    nan         nan         0.146933    nan         0.943765    nan         0.952991    nan         0.979042    nan         0.752226    nan         0.757962    nan         3400        81.437126   0.077464    0.017137    0.018758    0.000000    0.000025    0.041545    0.189232    3.749348    8.183697   
[36mINFO[0m 08/07 02:14:26 | 0.782443    0.796178    0.000000    0.959144    nan         nan         0.144741    nan         0.936430    nan         0.967949    nan         0.973054    nan         0.782443    nan         0.796178    nan         3600        86.227545   0.053185    0.009167    0.018703    0.000000    0.000025    0.025291    0.188834    3.677040    8.183697   
[36mINFO[0m 08/07 02:15:08 | 0.767494    0.760510    0.000000    0.952484    nan         nan         0.162470    nan         0.916870    nan         0.961538    nan         0.979042    nan         0.767494    nan         0.760510    nan         3800        91.017964   0.057665    0.011391    0.018659    0.000000    0.000025    0.027590    0.192512    3.699921    8.183697   
[36mINFO[0m 08/07 02:15:50 | 0.811069    0.822930    0.000000    0.965764    nan         nan         0.129579    nan         0.941320    nan         0.967949    nan         0.988024    nan         0.811069    nan         0.822930    nan         4000        95.808383   0.058515    0.011425    0.018603    0.000000    0.000025    0.028462    0.190713    3.750901    8.183697   
[36mINFO[0m 08/07 02:16:32 | 0.763041    0.770701    0.000000    0.973054    nan         nan         0.091956    nan         0.948655    nan         0.976496    nan         0.994012    nan         0.763041    nan         0.770701    nan         4200        100.598802  0.053299    0.009107    0.018552    0.000000    0.000025    0.025615    0.190639    3.686961    8.183697   
[36mINFO[0m 08/07 02:17:14 | 0.741094    0.729936    0.000000    0.954049    nan         nan         0.174305    nan         0.916870    nan         0.972222    nan         0.973054    nan         0.741094    nan         0.729936    nan         4400        105.389222  0.074781    0.015884    0.018517    0.000000    0.000025    0.040355    0.190935    3.654900    8.183697   
[36mINFO[0m 08/07 02:17:56 | 0.766539    0.779618    0.000000    0.938053    nan         nan         0.246400    nan         0.875306    nan         0.980769    nan         0.958084    nan         0.766539    nan         0.779618    nan         4600        110.179641  0.078287    0.016665    0.018487    0.000000    0.000025    0.043111    0.191423    3.711394    8.183697   
[36mINFO[0m 08/07 02:18:38 | 0.757316    0.779618    0.000000    0.965536    nan         nan         0.122456    nan         0.929095    nan         0.976496    nan         0.991018    nan         0.757316    nan         0.779618    nan         4800        114.970060  0.055707    0.010642    0.018448    0.000000    0.000025    0.026591    0.193103    3.778824    8.183697   
[36mINFO[0m 08/07 02:19:21 | 0.750954    0.746497    0.000000    0.953218    nan         nan         0.163459    nan         0.924205    nan         0.959402    nan         0.976048    nan         0.750954    nan         0.746497    nan         5000        119.760479  0.047926    0.007337    0.018406    0.000000    0.000026    0.022158    0.193231    3.758539    8.183697   
[36mINFO[0m 08/07 02:19:21 | ---
[36mINFO[0m 08/07 02:19:21 | oracle = 81.107%
[36mINFO[0m 08/07 02:19:21 | iid = 76.304%
[36mINFO[0m 08/07 02:19:21 | last = 75.095%
[36mINFO[0m 08/07 02:19:21 | last (inD) = 95.322%
[36mINFO[0m 08/07 02:19:21 | iid (inD) = 97.305%
[36mINFO[0m 08/07 02:19:22 | === Summary ===
[36mINFO[0m 08/07 02:19:22 | Command: /home/s21_yhr/lzh/new/DomainBed-new/train_all.py PACS_iDAG_seed3 --dataset PACS --data_dir /home/s21_yhr/lzh/new/DomainBed-new/dataset --algorithm iDAG --steps 5000 --checkpoint_freq 200 --batch_size 32 --optimizer adam --lr 5e-5 --weight_decay 0 --resnet_dropout 0 --resnet18 False --pretrained True --freeze_bn True --swad False --seed 3 --trial_seed 3 --deterministic --cache disk --prebuild_loader --image_size 224 --out_dim 512 --hidden_size 512 --num_hidden_layers 0 --dag_anneal_steps 200 --temperature 0.07 --ema_ratio 0.99 --lambda1 0.01 --lambda2 0.01 --rho 1.0 --alpha 1.0 --rho_max 100.0 --weight_mu 1.0 --weight_nu 1.0
[36mINFO[0m 08/07 02:19:22 | Unique name: 260807_01-10-25_PACS_iDAG_seed3
[36mINFO[0m 08/07 02:19:22 | Out path: train_output/PACS/260807_01-10-25_PACS_iDAG_seed3
[36mINFO[0m 08/07 02:19:22 | Algorithm: iDAG
[36mINFO[0m 08/07 02:19:22 | Dataset: PACS
+------------+--------------+---------+---------+---------+---------+
| Selection  | art_painting | cartoon |  photo  |  sketch |   Avg.  |
+------------+--------------+---------+---------+---------+---------+
|   oracle   |   86.699%    | 81.130% | 96.931% | 81.107% | 86.467% |
|    iid     |   83.832%    | 80.117% | 94.012% | 76.304% | 83.566% |
|    last    |   83.160%    | 75.373% | 92.216% | 75.095% | 81.461% |
| last (inD) |   96.365%    | 94.446% | 94.399% | 95.322% | 95.133% |
| iid (inD)  |   97.432%    | 95.907% | 95.878% | 97.305% | 96.631% |
+------------+--------------+---------+---------+---------+---------+
================================================================================
Starting iDAG, seed=4, physical GPU=3
/home/s21_yhr/miniconda3/envs/GGA/bin/python /home/s21_yhr/lzh/new/DomainBed-new/train_all.py PACS_iDAG_seed4 --dataset PACS --data_dir /home/s21_yhr/lzh/new/DomainBed-new/dataset --algorithm iDAG --steps 5000 --checkpoint_freq 200 --batch_size 32 --optimizer adam --lr 5e-5 --weight_decay 0 --resnet_dropout 0 --resnet18 False --pretrained True --freeze_bn True --swad False --seed 4 --trial_seed 4 --deterministic --cache disk --prebuild_loader --image_size 224 --out_dim 512 --hidden_size 512 --num_hidden_layers 0 --dag_anneal_steps 200 --temperature 0.07 --ema_ratio 0.99 --lambda1 0.01 --lambda2 0.01 --rho 1.0 --alpha 1.0 --rho_max 100.0 --weight_mu 1.0 --weight_nu 1.0
================================================================================
[36mINFO[0m 08/07 02:19:27 | Command :: /home/s21_yhr/lzh/new/DomainBed-new/train_all.py PACS_iDAG_seed4 --dataset PACS --data_dir /home/s21_yhr/lzh/new/DomainBed-new/dataset --algorithm iDAG --steps 5000 --checkpoint_freq 200 --batch_size 32 --optimizer adam --lr 5e-5 --weight_decay 0 --resnet_dropout 0 --resnet18 False --pretrained True --freeze_bn True --swad False --seed 4 --trial_seed 4 --deterministic --cache disk --prebuild_loader --image_size 224 --out_dim 512 --hidden_size 512 --num_hidden_layers 0 --dag_anneal_steps 200 --temperature 0.07 --ema_ratio 0.99 --lambda1 0.01 --lambda2 0.01 --rho 1.0 --alpha 1.0 --rho_max 100.0 --weight_mu 1.0 --weight_nu 1.0
Environment:
	Python: 3.11.15
	PyTorch: 2.11.0+cu128
	Torchvision: 0.26.0+cu128
	CUDA: 12.8
	CUDNN: 91900
	NumPy: 1.26.4
	PIL: 12.2.0
Args:
	algorithm: iDAG
	batch_size: 32
	cache: disk
	cache_root: cache
	cache_size: None
	checkpoint_freq: 200
	configs: []
	data_dir: /home/s21_yhr/lzh/new/DomainBed-new/dataset
	dataset: PACS
	debug: False
	deterministic: True
	end_step: 200
	evalmode: fast
	extra_search: n
	extra_search_end: None
	extra_search_start: None
	gga_l_gamma: 0.001
	grad_fn: sum
	holdout_fraction: 0.2
	model_save: None
	name: PACS_iDAG_seed4
	neighborhoodSize: 1e-06
	out_dir: train_output/PACS/260807_02-19-27_PACS_iDAG_seed4
	out_root: train_output/PACS
	prebuild_loader: True
	q_steps: 2000
	quant: 0
	resize_mode: stretch
	saliency: False
	saliency_cmap: jet
	saliency_every: 0
	saliency_noise: 0.15
	saliency_num: 16
	saliency_samples: 25
	saliency_split: test_in
	seed: 4
	show: False
	start_step: 100
	steps: 5000
	tb_freq: 10
	test_envs: None
	train_output: train_output
	trial_seed: 4
	unique_name: 260807_02-19-27_PACS_iDAG_seed4
	work_dir: .
HParams:
	data_augmentation: True
	val_augment: False
	[36mresnet18: False
	[0m[36mresnet_dropout: 0
	[0mclass_balanced: False
	[36moptimizer: adam
	[0m[36mfreeze_bn: True
	[0m[36mpretrained: True
	[0m[36mimage_size: 224
	[0m[36mlr: 5e-05
	[0mbatch_size: 32
	[36mweight_decay: 0
	[0m[36mhidden_size: 512
	[0m[36mout_dim: 512
	[0m[36mnum_hidden_layers: 0
	[0m[36mdag_anneal_steps: 200
	[0m[36mtemperature: 0.07
	[0m[36mema_ratio: 0.99
	[0m[36mlambda1: 0.01
	[0m[36mlambda2: 0.01
	[0m[36mrho_max: 100.0
	[0m[36mrho: 1.0
	[0m[36malpha: 1.0
	[0m[36mweight_nu: 1.0
	[0m[36mweight_mu: 1.0
	[0m[36mswad: False
	[0mswad_kwargs: 
	  n_converge: 3
	  n_tolerance: 6
	  tolerance_ratio: 0.3
	test_batchsize: 128
	indomain_test: False
	grad_fn: sum
	extra_search: n
	logdir: train_output/PACS/260807_02-19-27_PACS_iDAG_seed4
	neighborhoodSize: 1e-06
	start_step: 100
	end_step: 200
	extra_search_start: None
	extra_search_end: None
	gga_l_gamma: 0.001
Dataset:
	[PACS] #envs=4, #classes=7
	env0: art_painting (#2048)
	env1: cartoon (#2344)
	env2: photo (#1670)
	env3: sketch (#3929)

[36mINFO[0m 08/07 02:19:28 | n_steps = 5000
[36mINFO[0m 08/07 02:19:28 | checkpoint_freq = 200
[36mINFO[0m 08/07 02:19:28 | n_steps is updated to 5000 => 5001 for checkpointing
[36mINFO[0m 08/07 02:19:28 | Target test envs = [[0], [1], [2], [3]]
[36mINFO[0m 08/07 02:19:28 | 
[36mINFO[0m 08/07 02:19:28 | Testenv name escaping te_art_painting -> te_art_painting
[36mINFO[0m 08/07 02:19:28 | Test envs = [0], name = te_art_painting
[36mINFO[0m 08/07 02:19:28 | Batch sizes for each domain: [0, 32, 32, 32] (total=96)
[36mINFO[0m 08/07 02:19:28 | steps-per-epoch for each domain: 58.62, 41.75, 98.25 -> min = 41.75
/home/s21_yhr/miniconda3/envs/GGA/lib/python3.11/site-packages/torchvision/models/_utils.py:208: UserWarning: The parameter 'pretrained' is deprecated since 0.13 and may be removed in the future, please use 'weights' instead.
  warnings.warn(
/home/s21_yhr/miniconda3/envs/GGA/lib/python3.11/site-packages/torchvision/models/_utils.py:223: UserWarning: Arguments other than a weight enum or `None` for 'weights' are deprecated since 0.13 and may be removed in the future. The current behavior is equivalent to passing `weights=ResNet50_Weights.IMAGENET1K_V1`. You can also use `weights=ResNet50_Weights.DEFAULT` to get the most up-to-date weights.
  warnings.warn(msg)
[36mINFO[0m 08/07 02:19:30 | # of params = 25354320
/home/s21_yhr/lzh/new/DomainBed-new/domainbed/algorithms/algorithms.py:161: UserWarning: The use of `x.T` on tensors of dimension other than 2 to reverse their shape is deprecated and it will throw an error in a future release. Consider `x.mT` to transpose batches of matrices or `x.permute(*torch.arange(x.ndim - 1, -1, -1))` to reverse the dimensions of a tensor. (Triggered internally at /pytorch/aten/src/ATen/native/TensorShape.cpp:4480.)
  mask_neg = torch.not_equal(labels, labels.T)
[36mINFO[0m 08/07 02:19:34 | test_in     test_out    train_in    train_out   test_in_au  test_out_a  train_out_  tr_outloss  env0_in     env0_in_au  env0_out    env0_out_a  env1_out    env1_out_a  env2_out    env2_out_a  env3_out    env3_out_a  step        epoch       loss        inv_ce      l2          penalty     l1          cl          step_time   eval_time   mem_gb     
[36mINFO[0m 08/07 02:19:34 | 0.162294    0.158924    0.000000    0.143185    nan         nan         nan         1.940884    0.162294    nan         0.158924    nan         0.134615    nan         0.269461    nan         0.025478    nan         0           0.000000    2.191848    1.975690    0.029456    0.000000    0.000019    0.844572    1.055821    2.793153    7.954926   
[36mINFO[0m 08/07 02:20:14 | 0.804759    0.850856    0.000000    0.935409    nan         nan         nan         0.207790    0.804759    nan         0.850856    nan         0.920940    nan         0.991018    nan         0.894268    nan         200         4.790419    0.857303    0.558564    0.029491    0.000000    0.000019    0.565085    0.184263    2.772951    8.177091   
[36mINFO[0m 08/07 02:20:55 | 0.797437    0.836186    0.000000    0.960667    nan         nan         nan         0.139812    0.797437    nan         0.836186    nan         0.950855    nan         0.991018    nan         0.940127    nan         400         9.580838    0.331932    0.116596    0.020845    0.000000    0.000022    0.194469    0.190639    2.723340    8.182537   
[36mINFO[0m 08/07 02:21:35 | 0.752898    0.814181    0.000000    0.946701    nan         nan         nan         0.161696    0.752898    nan         0.814181    nan         0.940171    nan         0.961078    nan         0.938854    nan         600         14.371257   0.206255    0.065957    0.020728    0.000000    0.000023    0.119547    0.190692    2.731651    8.182537   
[36mINFO[0m 08/07 02:22:16 | 0.796217    0.841076    0.000000    0.961508    nan         nan         nan         0.119093    0.796217    nan         0.841076    nan         0.957265    nan         0.982036    nan         0.945223    nan         800         19.161677   0.167522    0.050701    0.020586    0.000000    0.000023    0.096212    0.190979    2.726511    8.182537   
[36mINFO[0m 08/07 02:22:57 | 0.880415    0.897311    0.000000    0.966750    nan         nan         nan         0.109403    0.880415    nan         0.897311    nan         0.952991    nan         0.988024    nan         0.959236    nan         1000        23.952096   0.113587    0.031964    0.020367    0.000000    0.000023    0.061233    0.190494    2.708987    8.182537   
[36mINFO[0m 08/07 02:23:38 | 0.805369    0.838631    0.000000    0.950121    nan         nan         nan         0.154422    0.805369    nan         0.838631    nan         0.944444    nan         0.967066    nan         0.938854    nan         1200        28.742515   0.126223    0.035386    0.020154    0.000000    0.000023    0.070659    0.191092    2.718551    8.182537   
[36mINFO[0m 08/07 02:24:19 | 0.817572    0.848411    0.000000    0.963633    nan         nan         nan         0.114355    0.817572    nan         0.848411    nan         0.961538    nan         0.979042    nan         0.950318    nan         1400        33.532934   0.104337    0.028640    0.019953    0.000000    0.000023    0.055721    0.190688    2.719982    8.182537   
[36mINFO[0m 08/07 02:25:00 | 0.846858    0.880196    0.000000    0.968603    nan         nan         nan         0.102703    0.846858    nan         0.880196    nan         0.965812    nan         0.982036    nan         0.957962    nan         1600        38.323353   0.060298    0.014403    0.019767    0.000000    0.000023    0.026105    0.190733    2.686639    8.182537   
[36mINFO[0m 08/07 02:25:41 | 0.805369    0.816626    0.000000    0.932151    nan         nan         nan         0.278230    0.805369    nan         0.816626    nan         0.880342    nan         0.967066    nan         0.949045    nan         1800        43.113772   0.088589    0.023245    0.019603    0.000000    0.000024    0.045717    0.191940    2.718120    8.182537   
[36mINFO[0m 08/07 02:26:22 | 0.741916    0.772616    0.000000    0.945313    nan         nan         nan         0.175182    0.741916    nan         0.772616    nan         0.946581    nan         0.967066    nan         0.922293    nan         2000        47.904192   0.086982    0.021808    0.019461    0.000000    0.000024    0.045689    0.190221    2.695474    8.182537   
[36mINFO[0m 08/07 02:27:03 | 0.820012    0.855746    0.000000    0.952403    nan         nan         nan         0.159451    0.820012    nan         0.855746    nan         0.942308    nan         0.976048    nan         0.938854    nan         2200        52.694611   0.082598    0.020976    0.019344    0.000000    0.000024    0.042255    0.192512    2.692168    8.182537   
[36mINFO[0m 08/07 02:27:44 | 0.849298    0.877751    0.000000    0.961369    nan         nan         nan         0.133363    0.849298    nan         0.877751    nan         0.955128    nan         0.985030    nan         0.943949    nan         2400        57.485030   0.059197    0.013126    0.019243    0.000000    0.000024    0.026805    0.193183    2.686885    8.182537   
[36mINFO[0m 08/07 02:28:25 | 0.696156    0.733496    0.000000    0.948417    nan         nan         nan         0.184113    0.696156    nan         0.733496    nan         0.931624    nan         0.976048    nan         0.937580    nan         2600        62.275449   0.090368    0.023108    0.019152    0.000000    0.000024    0.048084    0.191233    2.644830    8.182537   
[36mINFO[0m 08/07 02:29:06 | 0.848688    0.887531    0.000000    0.964766    nan         nan         nan         0.110272    0.848688    nan         0.887531    nan         0.955128    nan         0.985030    nan         0.954140    nan         2800        67.065868   0.064269    0.014761    0.019074    0.000000    0.000024    0.030410    0.190242    2.727739    8.182537   
[36mINFO[0m 08/07 02:29:47 | 0.762660    0.821516    0.000000    0.959256    nan         nan         nan         0.147784    0.762660    nan         0.821516    nan         0.952991    nan         0.991018    nan         0.933758    nan         3000        71.856287   0.063828    0.015145    0.019005    0.000000    0.000024    0.029654    0.189699    2.683119    8.182537   
[36mINFO[0m 08/07 02:30:27 | 0.814521    0.855746    0.000000    0.970175    nan         nan         nan         0.099360    0.814521    nan         0.855746    nan         0.965812    nan         0.988024    nan         0.956688    nan         3200        76.646707   0.065653    0.015386    0.018942    0.000000    0.000024    0.031300    0.189210    2.652908    8.182537   
[36mINFO[0m 08/07 02:31:08 | 0.824283    0.867971    0.000000    0.955238    nan         nan         nan         0.168861    0.824283    nan         0.867971    nan         0.944444    nan         0.976048    nan         0.945223    nan         3400        81.437126   0.086824    0.022446    0.018888    0.000000    0.000025    0.045466    0.190147    2.740998    8.182537   
[36mINFO[0m 08/07 02:31:49 | 0.766321    0.801956    0.000000    0.964614    nan         nan         nan         0.117497    0.766321    nan         0.801956    nan         0.946581    nan         0.988024    nan         0.959236    nan         3600        86.227545   0.068516    0.015701    0.018836    0.000000    0.000025    0.033955    0.190293    2.667344    8.182537   
[36mINFO[0m 08/07 02:32:30 | 0.776083    0.816626    0.000000    0.958199    nan         nan         nan         0.149616    0.776083    nan         0.816626    nan         0.942308    nan         0.973054    nan         0.959236    nan         3800        91.017964   0.046291    0.008723    0.018803    0.000000    0.000025    0.018739    0.190733    2.686321    8.182537   
[36mINFO[0m 08/07 02:33:10 | 0.710189    0.740831    0.000000    0.956483    nan         nan         nan         0.148551    0.710189    nan         0.740831    nan         0.927350    nan         0.979042    nan         0.963057    nan         4000        95.808383   0.067137    0.015233    0.018753    0.000000    0.000025    0.033126    0.190177    2.659030    8.182537   
[36mINFO[0m 08/07 02:33:51 | 0.788896    0.826406    0.000000    0.953225    nan         nan         nan         0.182564    0.788896    nan         0.826406    nan         0.952991    nan         0.955090    nan         0.951592    nan         4200        100.598802  0.052369    0.010238    0.018711    0.000000    0.000025    0.023394    0.189786    2.727444    8.182537   
[36mINFO[0m 08/07 02:34:32 | 0.719341    0.738386    0.000000    0.954229    nan         nan         nan         0.222041    0.719341    nan         0.738386    nan         0.942308    nan         0.970060    nan         0.950318    nan         4400        105.389222  0.075026    0.017732    0.018668    0.000000    0.000025    0.038601    0.189850    2.686623    8.182537   
[36mINFO[0m 08/07 02:35:13 | 0.796827    0.836186    0.000000    0.952380    nan         nan         nan         0.159055    0.796827    nan         0.836186    nan         0.938034    nan         0.970060    nan         0.949045    nan         4600        110.179641  0.077174    0.017823    0.018637    0.000000    0.000025    0.040689    0.190929    2.611158    8.182537   
[36mINFO[0m 08/07 02:35:53 | 0.785235    0.821516    0.000000    0.965766    nan         nan         nan         0.123275    0.785235    nan         0.821516    nan         0.959402    nan         0.985030    nan         0.952866    nan         4800        114.970060  0.051553    0.010187    0.018589    0.000000    0.000025    0.022751    0.189880    2.632167    8.182537   
[36mINFO[0m 08/07 02:36:35 | 0.798658    0.801956    0.000000    0.961494    nan         nan         nan         0.142612    0.798658    nan         0.801956    nan         0.950855    nan         0.982036    nan         0.951592    nan         5000        119.760479  0.033855    0.004830    0.018548    0.000000    0.000025    0.010452    0.192772    2.727577    8.182537   
[36mINFO[0m 08/07 02:36:35 | ---
[36mINFO[0m 08/07 02:36:35 | oracle = 88.041%
[36mINFO[0m 08/07 02:36:35 | iid = 81.452%
[36mINFO[0m 08/07 02:36:35 | last = 79.866%
[36mINFO[0m 08/07 02:36:35 | last (inD) = 96.149%
[36mINFO[0m 08/07 02:36:35 | iid (inD) = 97.017%
[36mINFO[0m 08/07 02:36:35 | 
[36mINFO[0m 08/07 02:36:36 | Testenv name escaping te_cartoon -> te_cartoon
[36mINFO[0m 08/07 02:36:36 | Test envs = [1], name = te_cartoon
[36mINFO[0m 08/07 02:36:36 | Batch sizes for each domain: [32, 0, 32, 32] (total=96)
[36mINFO[0m 08/07 02:36:36 | steps-per-epoch for each domain: 51.22, 41.75, 98.25 -> min = 41.75
[36mINFO[0m 08/07 02:36:39 | # of params = 25354320
[36mINFO[0m 08/07 02:36:42 | test_in     test_out    train_in    train_out   test_in_au  train_out_  tr_outloss  test_out_a  env0_out    env0_out_a  env1_in     env1_in_au  env1_out    env1_out_a  env2_out    env2_out_a  env3_out    env3_out_a  step        epoch       loss        inv_ce      l2          penalty     l1          cl          step_time   eval_time   mem_gb     
[36mINFO[0m 08/07 02:36:42 | 0.198294    0.190171    0.000000    0.283237    nan         nan         1.938697    nan         0.288509    nan         0.198294    nan         0.190171    nan         0.449102    nan         0.112102    nan         0           0.000000    2.214755    1.933893    0.029467    0.000000    0.000019    0.968461    0.192592    2.844341    7.955597   
[36mINFO[0m 08/07 02:37:21 | 0.716951    0.713675    0.000000    0.938550    nan         nan         0.226757    nan         0.909535    nan         0.716951    nan         0.713675    nan         0.994012    nan         0.912102    nan         200         4.790419    0.878295    0.548090    0.029563    0.000000    0.000019    0.594384    0.179823    2.938419    8.176481   
[36mINFO[0m 08/07 02:38:01 | 0.742537    0.717949    0.000000    0.941403    nan         nan         0.172078    nan         0.931540    nan         0.742537    nan         0.717949    nan         0.955090    nan         0.937580    nan         400         9.580838    0.368435    0.125485    0.020891    0.000000    0.000022    0.222036    0.187510    2.934093    8.183697   
[36mINFO[0m 08/07 02:38:42 | 0.761727    0.758547    0.000000    0.956549    nan         nan         0.135805    nan         0.946210    nan         0.761727    nan         0.758547    nan         0.982036    nan         0.941401    nan         600         14.371257   0.223027    0.069353    0.020786    0.000000    0.000023    0.132866    0.188350    2.907865    8.183697   
[36mINFO[0m 08/07 02:39:22 | 0.741471    0.702991    0.000000    0.954999    nan         nan         0.122702    nan         0.946210    nan         0.741471    nan         0.702991    nan         0.985030    nan         0.933758    nan         800         19.161677   0.185533    0.054250    0.020620    0.000000    0.000023    0.110640    0.189088    2.897641    8.183697   
[36mINFO[0m 08/07 02:40:03 | 0.768657    0.771368    0.000000    0.959007    nan         nan         0.108882    nan         0.951100    nan         0.768657    nan         0.771368    nan         0.973054    nan         0.952866    nan         1000        23.952096   0.169621    0.048147    0.020429    0.000000    0.000023    0.101023    0.188745    2.824343    8.183697   
[36mINFO[0m 08/07 02:40:44 | 0.818230    0.807692    0.000000    0.958994    nan         nan         0.128028    nan         0.953545    nan         0.818230    nan         0.807692    nan         0.982036    nan         0.941401    nan         1200        28.742515   0.111084    0.029538    0.020212    0.000000    0.000023    0.061311    0.188831    2.858760    8.183697   
[36mINFO[0m 08/07 02:41:24 | 0.808635    0.816239    0.000000    0.968404    nan         nan         0.105476    nan         0.960880    nan         0.808635    nan         0.816239    nan         0.994012    nan         0.950318    nan         1400        33.532934   0.107741    0.028726    0.020021    0.000000    0.000023    0.058971    0.188088    2.839037    8.183697   
[36mINFO[0m 08/07 02:42:05 | 0.766525    0.758547    0.000000    0.959373    nan         nan         0.137817    nan         0.946210    nan         0.766525    nan         0.758547    nan         0.979042    nan         0.952866    nan         1600        38.323353   0.107592    0.027088    0.019852    0.000000    0.000023    0.060628    0.188367    2.877711    8.183697   
[36mINFO[0m 08/07 02:42:45 | 0.759062    0.743590    0.000000    0.953681    nan         nan         0.156406    nan         0.958435    nan         0.759062    nan         0.743590    nan         0.979042    nan         0.923567    nan         1800        43.113772   0.087759    0.021592    0.019705    0.000000    0.000023    0.046439    0.188668    2.842528    8.183697   
[36mINFO[0m 08/07 02:43:26 | 0.738806    0.726496    0.000000    0.971974    nan         nan         0.089559    nan         0.968215    nan         0.738806    nan         0.726496    nan         0.991018    nan         0.956688    nan         2000        47.904192   0.098941    0.025208    0.019573    0.000000    0.000024    0.054136    0.190294    2.865745    8.183697   
[36mINFO[0m 08/07 02:44:07 | 0.803838    0.784188    0.000000    0.959131    nan         nan         0.130166    nan         0.943765    nan         0.803838    nan         0.784188    nan         0.982036    nan         0.951592    nan         2200        52.694611   0.094571    0.022894    0.019461    0.000000    0.000024    0.052193    0.189140    2.870213    8.183697   
[36mINFO[0m 08/07 02:44:48 | 0.802772    0.790598    0.000000    0.966535    nan         nan         0.108327    nan         0.960880    nan         0.802772    nan         0.790598    nan         0.982036    nan         0.956688    nan         2400        57.485030   0.070889    0.016414    0.019354    0.000000    0.000024    0.035098    0.189046    2.840149    8.183697   
[36mINFO[0m 08/07 02:45:29 | 0.780384    0.794872    0.000000    0.968348    nan         nan         0.095683    nan         0.963325    nan         0.780384    nan         0.794872    nan         0.985030    nan         0.956688    nan         2600        62.275449   0.076501    0.017930    0.019270    0.000000    0.000024    0.039277    0.191288    2.861103    8.183697   
[36mINFO[0m 08/07 02:46:10 | 0.777719    0.745726    0.000000    0.956655    nan         nan         0.140907    nan         0.946210    nan         0.777719    nan         0.745726    nan         0.967066    nan         0.956688    nan         2800        67.065868   0.057314    0.011460    0.019197    0.000000    0.000024    0.026632    0.192046    2.900996    8.183697   
[36mINFO[0m 08/07 02:46:51 | 0.789446    0.771368    0.000000    0.970356    nan         nan         0.093969    nan         0.960880    nan         0.789446    nan         0.771368    nan         0.982036    nan         0.968153    nan         3000        71.856287   0.086848    0.020281    0.019131    0.000000    0.000024    0.047413    0.191245    2.922892    8.183697   
[36mINFO[0m 08/07 02:47:32 | 0.802239    0.820513    0.000000    0.959670    nan         nan         0.155160    nan         0.946210    nan         0.802239    nan         0.820513    nan         0.985030    nan         0.947771    nan         3200        76.646707   0.087237    0.021242    0.019071    0.000000    0.000024    0.046900    0.189939    2.898746    8.183697   
[36mINFO[0m 08/07 02:48:13 | 0.783582    0.779915    0.000000    0.970056    nan         nan         0.085859    nan         0.953545    nan         0.783582    nan         0.779915    nan         0.991018    nan         0.965605    nan         3400        81.437126   0.063076    0.013634    0.019023    0.000000    0.000024    0.030394    0.191492    2.831420    8.183697   
[36mINFO[0m 08/07 02:48:55 | 0.802772    0.790598    0.000000    0.968853    nan         nan         0.106101    nan         0.968215    nan         0.802772    nan         0.790598    nan         0.988024    nan         0.950318    nan         3600        86.227545   0.070986    0.015683    0.018975    0.000000    0.000024    0.036304    0.191984    2.931983    8.183697   
[36mINFO[0m 08/07 02:49:36 | 0.788380    0.797009    0.000000    0.961852    nan         nan         0.135648    nan         0.951100    nan         0.788380    nan         0.797009    nan         0.979042    nan         0.955414    nan         3800        91.017964   0.069252    0.015623    0.018924    0.000000    0.000025    0.034681    0.192399    2.916098    8.183697   
[36mINFO[0m 08/07 02:50:17 | 0.804904    0.799145    0.000000    0.954358    nan         nan         0.157235    nan         0.938875    nan         0.804904    nan         0.799145    nan         0.970060    nan         0.954140    nan         4000        95.808383   0.087688    0.020553    0.018885    0.000000    0.000025    0.048225    0.191558    2.950272    8.183697   
[36mINFO[0m 08/07 02:50:59 | 0.785714    0.801282    0.000000    0.940344    nan         nan         0.185934    nan         0.919315    nan         0.785714    nan         0.801282    nan         0.973054    nan         0.928662    nan         4200        100.598802  0.055776    0.010864    0.018844    0.000000    0.000025    0.026042    0.190974    2.942633    8.183697   
[36mINFO[0m 08/07 02:51:41 | 0.770789    0.782051    0.000000    0.958030    nan         nan         0.161171    nan         0.951100    nan         0.770789    nan         0.782051    nan         0.979042    nan         0.943949    nan         4400        105.389222  0.069364    0.015748    0.018810    0.000000    0.000025    0.034782    0.195779    2.931696    8.183697   
[36mINFO[0m 08/07 02:52:23 | 0.703092    0.698718    0.000000    0.951362    nan         nan         0.179709    nan         0.931540    nan         0.703092    nan         0.698718    nan         0.976048    nan         0.946497    nan         4600        110.179641  0.070544    0.015833    0.018767    0.000000    0.000025    0.035920    0.194204    2.929568    8.183697   
[36mINFO[0m 08/07 02:53:04 | 0.809168    0.818376    0.000000    0.964124    nan         nan         0.150980    nan         0.951100    nan         0.809168    nan         0.818376    nan         0.982036    nan         0.959236    nan         4800        114.970060  0.075904    0.017727    0.018736    0.000000    0.000025    0.039416    0.193299    2.975205    8.183697   
[36mINFO[0m 08/07 02:53:46 | 0.800107    0.779915    0.000000    0.967384    nan         nan         0.113478    nan         0.960880    nan         0.800107    nan         0.779915    nan         0.982036    nan         0.959236    nan         5000        119.760479  0.041137    0.006528    0.018708    0.000000    0.000025    0.015876    0.193401    2.933215    8.183697   
[36mINFO[0m 08/07 02:53:46 | ---
[36mINFO[0m 08/07 02:53:46 | oracle = 80.224%
[36mINFO[0m 08/07 02:53:46 | iid = 73.881%
[36mINFO[0m 08/07 02:53:46 | last = 80.011%
[36mINFO[0m 08/07 02:53:46 | last (inD) = 96.738%
[36mINFO[0m 08/07 02:53:46 | iid (inD) = 97.197%
[36mINFO[0m 08/07 02:53:47 | 
[36mINFO[0m 08/07 02:53:47 | Testenv name escaping te_photo -> te_photo
[36mINFO[0m 08/07 02:53:47 | Test envs = [2], name = te_photo
[36mINFO[0m 08/07 02:53:47 | Batch sizes for each domain: [32, 32, 0, 32] (total=96)
[36mINFO[0m 08/07 02:53:47 | steps-per-epoch for each domain: 51.22, 58.62, 98.25 -> min = 51.22
[36mINFO[0m 08/07 02:53:50 | # of params = 25354320
[36mINFO[0m 08/07 02:53:53 | test_in     test_out    train_in    train_out   test_in_au  train_out_  tr_outloss  test_out_a  env0_out    env0_out_a  env1_out    env1_out_a  env2_in     env2_in_au  env2_out    env2_out_a  env3_out    env3_out_a  step        epoch       loss        inv_ce      l2          penalty     l1          cl          step_time   eval_time   mem_gb     
[36mINFO[0m 08/07 02:53:53 | 0.101048    0.125749    0.000000    0.073535    nan         nan         1.948337    nan         0.095355    nan         0.064103    nan         0.101048    nan         0.125749    nan         0.061146    nan         0           0.000000    2.286682    1.961487    0.029460    0.000000    0.000019    1.057444    0.186608    2.505643    7.955597   
[36mINFO[0m 08/07 02:54:32 | 0.967814    0.937126    0.000000    0.929376    nan         nan         0.250686    nan         0.946210    nan         0.914530    nan         0.967814    nan         0.937126    nan         0.927389    nan         200         3.904820    1.050520    0.660875    0.029431    0.000000    0.000019    0.759584    0.181388    2.522999    8.176481   
[36mINFO[0m 08/07 02:55:12 | 0.973054    0.973054    0.000000    0.941759    nan         nan         0.172224    nan         0.936430    nan         0.948718    nan         0.973054    nan         0.973054    nan         0.940127    nan         400         7.809640    0.445435    0.160256    0.020764    0.000000    0.000022    0.264392    0.191216    2.532788    8.183697   
[36mINFO[0m 08/07 02:55:53 | 0.969311    0.973054    0.000000    0.941848    nan         nan         0.179055    nan         0.948655    nan         0.938034    nan         0.969311    nan         0.973054    nan         0.938854    nan         600         11.714460   0.260510    0.086689    0.020641    0.000000    0.000023    0.153157    0.192519    2.525747    8.183697   
[36mINFO[0m 08/07 02:56:34 | 0.956587    0.967066    0.000000    0.941286    nan         nan         0.184338    nan         0.948655    nan         0.940171    nan         0.956587    nan         0.967066    nan         0.935032    nan         800         15.619280   0.190956    0.059923    0.020460    0.000000    0.000023    0.110549    0.191148    2.501948    8.183697   
[36mINFO[0m 08/07 02:57:15 | 0.960329    0.946108    0.000000    0.950333    nan         nan         0.152438    nan         0.941320    nan         0.952991    nan         0.960329    nan         0.946108    nan         0.956688    nan         1000        19.524100   0.175817    0.053673    0.020244    0.000000    0.000023    0.101877    0.192220    2.501912    8.183697   
[36mINFO[0m 08/07 02:57:56 | 0.957335    0.958084    0.000000    0.955031    nan         nan         0.165108    nan         0.960880    nan         0.961538    nan         0.957335    nan         0.958084    nan         0.942675    nan         1200        23.428920   0.144682    0.042714    0.020035    0.000000    0.000023    0.081909    0.193367    2.501863    8.183697   
[36mINFO[0m 08/07 02:58:38 | 0.969311    0.958084    0.000000    0.961990    nan         nan         0.121070    nan         0.960880    nan         0.972222    nan         0.969311    nan         0.958084    nan         0.952866    nan         1400        27.333740   0.146278    0.042581    0.019844    0.000000    0.000023    0.083831    0.193573    2.501651    8.183697   
[36mINFO[0m 08/07 02:59:19 | 0.970808    0.961078    0.000000    0.965832    nan         nan         0.108070    nan         0.968215    nan         0.963675    nan         0.970808    nan         0.961078    nan         0.965605    nan         1600        31.238560   0.112532    0.031347    0.019668    0.000000    0.000023    0.061494    0.192921    2.551690    8.183697   
[36mINFO[0m 08/07 03:00:00 | 0.971557    0.973054    0.000000    0.964270    nan         nan         0.126906    nan         0.968215    nan         0.961538    nan         0.971557    nan         0.973054    nan         0.963057    nan         1800        35.143380   0.098986    0.026773    0.019517    0.000000    0.000024    0.052672    0.191898    2.499720    8.183697   
[36mINFO[0m 08/07 03:00:41 | 0.946108    0.952096    0.000000    0.952607    nan         nan         0.151413    nan         0.941320    nan         0.957265    nan         0.946108    nan         0.952096    nan         0.959236    nan         2000        39.048200   0.107410    0.028500    0.019390    0.000000    0.000024    0.059497    0.192124    2.490315    8.183697   
[36mINFO[0m 08/07 03:01:21 | 0.945359    0.919162    0.000000    0.942608    nan         nan         0.211440    nan         0.936430    nan         0.948718    nan         0.945359    nan         0.919162    nan         0.942675    nan         2200        42.953020   0.091547    0.023411    0.019266    0.000000    0.000024    0.048846    0.191001    2.518985    8.183697   
[36mINFO[0m 08/07 03:02:02 | 0.938623    0.937126    0.000000    0.949347    nan         nan         0.164313    nan         0.941320    nan         0.955128    nan         0.938623    nan         0.937126    nan         0.951592    nan         2400        46.857840   0.097006    0.025253    0.019169    0.000000    0.000024    0.052560    0.191628    2.509807    8.183697   
[36mINFO[0m 08/07 03:02:43 | 0.955838    0.928144    0.000000    0.959716    nan         nan         0.144473    nan         0.960880    nan         0.967949    nan         0.955838    nan         0.928144    nan         0.950318    nan         2600        50.762660   0.067033    0.016174    0.019089    0.000000    0.000024    0.031747    0.191582    2.463193    8.183697   
[36mINFO[0m 08/07 03:03:24 | 0.960329    0.949102    0.000000    0.953812    nan         nan         0.171091    nan         0.955990    nan         0.955128    nan         0.960329    nan         0.949102    nan         0.950318    nan         2800        54.667480   0.088958    0.023163    0.019016    0.000000    0.000024    0.046755    0.193599    2.509912    8.183697   
[36mINFO[0m 08/07 03:04:05 | 0.962575    0.958084    0.000000    0.953984    nan         nan         0.149215    nan         0.943765    nan         0.955128    nan         0.962575    nan         0.958084    nan         0.963057    nan         3000        58.572300   0.076861    0.018556    0.018955    0.000000    0.000024    0.039326    0.191500    2.521737    8.183697   
[36mINFO[0m 08/07 03:04:46 | 0.954341    0.940120    0.000000    0.947183    nan         nan         0.206636    nan         0.941320    nan         0.935897    nan         0.954341    nan         0.940120    nan         0.964331    nan         3200        62.477120   0.077020    0.018748    0.018891    0.000000    0.000024    0.039357    0.190733    2.499522    8.183697   
[36mINFO[0m 08/07 03:05:27 | 0.944611    0.922156    0.000000    0.947751    nan         nan         0.200061    nan         0.943765    nan         0.952991    nan         0.944611    nan         0.922156    nan         0.946497    nan         3400        66.381940   0.093922    0.023493    0.018839    0.000000    0.000024    0.051566    0.192036    2.487421    8.183697   
[36mINFO[0m 08/07 03:06:08 | 0.955090    0.928144    0.000000    0.951491    nan         nan         0.195589    nan         0.948655    nan         0.946581    nan         0.955090    nan         0.928144    nan         0.959236    nan         3600        70.286760   0.074057    0.017917    0.018796    0.000000    0.000025    0.037319    0.191748    2.480050    8.183697   
[36mINFO[0m 08/07 03:06:49 | 0.949102    0.904192    0.000000    0.946292    nan         nan         0.188401    nan         0.936430    nan         0.950855    nan         0.949102    nan         0.904192    nan         0.951592    nan         3800        74.191580   0.070032    0.016650    0.018754    0.000000    0.000025    0.034603    0.192383    2.527855    8.183697   
[36mINFO[0m 08/07 03:07:30 | 0.940120    0.910180    0.000000    0.955853    nan         nan         0.147098    nan         0.941320    nan         0.952991    nan         0.940120    nan         0.910180    nan         0.973248    nan         4000        78.096400   0.061085    0.013490    0.018707    0.000000    0.000025    0.028864    0.194628    2.525822    8.183697   
[36mINFO[0m 08/07 03:08:11 | 0.958084    0.928144    0.000000    0.960332    nan         nan         0.150750    nan         0.955990    nan         0.959402    nan         0.958084    nan         0.928144    nan         0.965605    nan         4200        82.001220   0.068142    0.015709    0.018667    0.000000    0.000025    0.033741    0.192676    2.509458    8.183697   
[36mINFO[0m 08/07 03:08:52 | 0.948353    0.949102    0.000000    0.957326    nan         nan         0.169886    nan         0.958435    nan         0.959402    nan         0.948353    nan         0.949102    nan         0.954140    nan         4400        85.906040   0.053793    0.011130    0.018620    0.000000    0.000025    0.024018    0.193031    2.513156    8.183697   
[36mINFO[0m 08/07 03:09:33 | 0.967814    0.931138    0.000000    0.962928    nan         nan         0.147974    nan         0.963325    nan         0.963675    nan         0.967814    nan         0.931138    nan         0.961783    nan         4600        89.810860   0.082292    0.020523    0.018595    0.000000    0.000025    0.043149    0.191464    2.498794    8.183697   
[36mINFO[0m 08/07 03:10:14 | 0.937126    0.925150    0.000000    0.959415    nan         nan         0.150859    nan         0.960880    nan         0.959402    nan         0.937126    nan         0.925150    nan         0.957962    nan         4800        93.715680   0.080264    0.018899    0.018553    0.000000    0.000025    0.042787    0.191499    2.507491    8.183697   
[36mINFO[0m 08/07 03:10:55 | 0.940120    0.937126    0.000000    0.959736    nan         nan         0.169863    nan         0.958435    nan         0.961538    nan         0.940120    nan         0.937126    nan         0.959236    nan         5000        97.620500   0.051198    0.010235    0.018520    0.000000    0.000025    0.022417    0.192252    2.525024    8.183697   
[36mINFO[0m 08/07 03:10:55 | ---
[36mINFO[0m 08/07 03:10:55 | oracle = 97.305%
[36mINFO[0m 08/07 03:10:55 | iid = 97.081%
[36mINFO[0m 08/07 03:10:55 | last = 94.012%
[36mINFO[0m 08/07 03:10:55 | last (inD) = 95.974%
[36mINFO[0m 08/07 03:10:55 | iid (inD) = 96.583%
[36mINFO[0m 08/07 03:10:56 | 
[36mINFO[0m 08/07 03:10:56 | Testenv name escaping te_sketch -> te_sketch
[36mINFO[0m 08/07 03:10:56 | Test envs = [3], name = te_sketch
[36mINFO[0m 08/07 03:10:56 | Batch sizes for each domain: [32, 32, 32, 0] (total=96)
[36mINFO[0m 08/07 03:10:56 | steps-per-epoch for each domain: 51.22, 58.62, 41.75 -> min = 41.75
[36mINFO[0m 08/07 03:10:59 | # of params = 25354320
[36mINFO[0m 08/07 03:11:03 | test_in     test_out    train_in    train_out   test_in_au  train_out_  tr_outloss  test_out_a  env0_out    env0_out_a  env1_out    env1_out_a  env2_out    env2_out_a  env3_in     env3_in_au  env3_out    env3_out_a  step        epoch       loss        inv_ce      l2          penalty     l1          cl          step_time   eval_time   mem_gb     
[36mINFO[0m 08/07 03:11:03 | 0.195611    0.202548    0.000000    0.215368    nan         nan         1.935594    nan         0.215159    nan         0.224359    nan         0.206587    nan         0.195611    nan         0.202548    nan         0           0.000000    2.195705    1.943503    0.029439    0.000000    0.000019    0.822748    0.186602    3.784194    7.955597   
[36mINFO[0m 08/07 03:11:44 | 0.510178    0.510828    0.000000    0.909224    nan         nan         0.297781    nan         0.887531    nan         0.876068    nan         0.964072    nan         0.510178    nan         0.510828    nan         200         4.790419    0.910485    0.553707    0.029512    0.000000    0.000019    0.578074    0.183915    3.750095    8.176481   
[36mINFO[0m 08/07 03:12:26 | 0.708333    0.686624    0.000000    0.965021    nan         nan         0.127184    nan         0.960880    nan         0.940171    nan         0.994012    nan         0.708333    nan         0.686624    nan         400         9.580838    0.349968    0.118089    0.020731    0.000000    0.000022    0.211126    0.193373    3.813017    8.183697   
[36mINFO[0m 08/07 03:13:08 | 0.769402    0.754140    0.000000    0.961277    nan         nan         0.135381    nan         0.963325    nan         0.929487    nan         0.991018    nan         0.769402    nan         0.754140    nan         600         14.371257   0.191757    0.056298    0.020613    0.000000    0.000023    0.114823    0.191307    3.859801    8.183697   
[36mINFO[0m 08/07 03:13:51 | 0.731552    0.723567    0.000000    0.964450    nan         nan         0.116151    nan         0.960880    nan         0.944444    nan         0.988024    nan         0.731552    nan         0.723567    nan         800         19.161677   0.180343    0.049417    0.020454    0.000000    0.000023    0.110450    0.192287    3.805298    8.183697   
[36mINFO[0m 08/07 03:14:33 | 0.748728    0.755414    0.000000    0.955324    nan         nan         0.133393    nan         0.943765    nan         0.940171    nan         0.982036    nan         0.748728    nan         0.755414    nan         1000        23.952096   0.115602    0.029978    0.020273    0.000000    0.000023    0.065327    0.190249    3.796032    8.183697   
[36mINFO[0m 08/07 03:15:15 | 0.644402    0.620382    0.000000    0.950845    nan         nan         0.155040    nan         0.938875    nan         0.931624    nan         0.982036    nan         0.644402    nan         0.620382    nan         1200        28.742515   0.120627    0.031545    0.020065    0.000000    0.000023    0.068994    0.190760    3.779799    8.183697   
[36mINFO[0m 08/07 03:15:57 | 0.675573    0.671338    0.000000    0.958995    nan         nan         0.135143    nan         0.963325    nan         0.931624    nan         0.982036    nan         0.675573    nan         0.671338    nan         1400        33.532934   0.105312    0.025725    0.019892    0.000000    0.000023    0.059672    0.191521    3.759470    8.183697   
[36mINFO[0m 08/07 03:16:39 | 0.793893    0.777070    0.000000    0.949045    nan         nan         0.204647    nan         0.909535    nan         0.946581    nan         0.991018    nan         0.793893    nan         0.777070    nan         1600        38.323353   0.072066    0.015388    0.019735    0.000000    0.000023    0.036919    0.192565    3.841077    8.183697   
[36mINFO[0m 08/07 03:17:21 | 0.811069    0.793631    0.000000    0.958519    nan         nan         0.125621    nan         0.948655    nan         0.950855    nan         0.976048    nan         0.811069    nan         0.793631    nan         1800        43.113772   0.082560    0.018639    0.019591    0.000000    0.000023    0.044307    0.191017    3.811615    8.183697   
[36mINFO[0m 08/07 03:18:03 | 0.793893    0.792357    0.000000    0.965075    nan         nan         0.128501    nan         0.948655    nan         0.961538    nan         0.985030    nan         0.793893    nan         0.792357    nan         2000        47.904192   0.088138    0.020427    0.019479    0.000000    0.000024    0.048209    0.192563    3.793434    8.183697   
[36mINFO[0m 08/07 03:18:45 | 0.737913    0.737580    0.000000    0.969150    nan         nan         0.105461    nan         0.960880    nan         0.961538    nan         0.985030    nan         0.737913    nan         0.737580    nan         2200        52.694611   0.076030    0.015896    0.019381    0.000000    0.000024    0.040729    0.189910    3.755802    8.183697   
[36mINFO[0m 08/07 03:19:27 | 0.703880    0.715924    0.000000    0.955728    nan         nan         0.148574    nan         0.936430    nan         0.948718    nan         0.982036    nan         0.703880    nan         0.715924    nan         2400        57.485030   0.079934    0.017645    0.019288    0.000000    0.000024    0.042978    0.190666    3.794286    8.183697   
[36mINFO[0m 08/07 03:20:09 | 0.724873    0.691720    0.000000    0.958481    nan         nan         0.140823    nan         0.951100    nan         0.942308    nan         0.982036    nan         0.724873    nan         0.691720    nan         2600        62.275449   0.089487    0.020458    0.019210    0.000000    0.000024    0.049795    0.190664    3.744245    8.183697   
[36mINFO[0m 08/07 03:20:51 | 0.826654    0.824204    0.000000    0.973084    nan         nan         0.103225    nan         0.973105    nan         0.955128    nan         0.991018    nan         0.826654    nan         0.824204    nan         2800        67.065868   0.052369    0.009955    0.019134    0.000000    0.000024    0.023256    0.190938    3.740810    8.183697   
[36mINFO[0m 08/07 03:21:33 | 0.789758    0.782166    0.000000    0.965588    nan         nan         0.124925    nan         0.960880    nan         0.950855    nan         0.985030    nan         0.789758    nan         0.782166    nan         3000        71.856287   0.045156    0.007937    0.019065    0.000000    0.000024    0.018130    0.191099    3.788665    8.183697   
[36mINFO[0m 08/07 03:22:15 | 0.754135    0.728662    0.000000    0.949519    nan         nan         0.200055    nan         0.941320    nan         0.940171    nan         0.967066    nan         0.754135    nan         0.728662    nan         3200        76.646707   0.054590    0.010506    0.019004    0.000000    0.000024    0.025055    0.190377    3.723219    8.183697   
[36mINFO[0m 08/07 03:22:56 | 0.745229    0.717197    0.000000    0.956806    nan         nan         0.164601    nan         0.931540    nan         0.950855    nan         0.988024    nan         0.745229    nan         0.717197    nan         3400        81.437126   0.110160    0.025862    0.018950    0.000000    0.000024    0.065324    0.188742    3.729904    8.183697   
[36mINFO[0m 08/07 03:23:38 | 0.797074    0.775796    0.000000    0.965017    nan         nan         0.128748    nan         0.960880    nan         0.955128    nan         0.979042    nan         0.797074    nan         0.775796    nan         3600        86.227545   0.079554    0.016781    0.018902    0.000000    0.000025    0.043847    0.189237    3.728212    8.183697   
[36mINFO[0m 08/07 03:24:21 | 0.767812    0.783439    0.000000    0.949333    nan         nan         0.187928    nan         0.926650    nan         0.942308    nan         0.979042    nan         0.767812    nan         0.783439    nan         3800        91.017964   0.063991    0.012672    0.018862    0.000000    0.000025    0.032434    0.194060    3.789436    8.183697   
[36mINFO[0m 08/07 03:25:03 | 0.767812    0.769427    0.000000    0.965017    nan         nan         0.115965    nan         0.960880    nan         0.955128    nan         0.979042    nan         0.767812    nan         0.769427    nan         4000        95.808383   0.048672    0.008174    0.018817    0.000000    0.000025    0.021656    0.191317    3.749355    8.183697   
[36mINFO[0m 08/07 03:25:45 | 0.762087    0.783439    0.000000    0.966971    nan         nan         0.129247    nan         0.963325    nan         0.961538    nan         0.976048    nan         0.762087    nan         0.783439    nan         4200        100.598802  0.039578    0.005821    0.018777    0.000000    0.000025    0.014956    0.190811    3.771318    8.183697   
[36mINFO[0m 08/07 03:26:26 | 0.778626    0.782166    0.000000    0.964956    nan         nan         0.121472    nan         0.955990    nan         0.950855    nan         0.988024    nan         0.778626    nan         0.782166    nan         4400        105.389222  0.035367    0.003936    0.018738    0.000000    0.000025    0.012668    0.189848    3.828347    8.183697   
[36mINFO[0m 08/07 03:27:08 | 0.783397    0.775796    0.000000    0.951716    nan         nan         0.181571    nan         0.946210    nan         0.950855    nan         0.958084    nan         0.783397    nan         0.775796    nan         4600        110.179641  0.073232    0.016479    0.018701    0.000000    0.000025    0.038028    0.190463    3.674486    8.183697   
[36mINFO[0m 08/07 03:27:50 | 0.741730    0.743949    0.000000    0.952555    nan         nan         0.183748    nan         0.938875    nan         0.933761    nan         0.985030    nan         0.741730    nan         0.743949    nan         4800        114.970060  0.054933    0.009532    0.018668    0.000000    0.000025    0.026708    0.189278    3.732625    8.183697   
[36mINFO[0m 08/07 03:28:32 | 0.811387    0.794904    0.000000    0.954059    nan         nan         0.157320    nan         0.951100    nan         0.952991    nan         0.958084    nan         0.811387    nan         0.794904    nan         5000        119.760479  0.102195    0.023925    0.018633    0.000000    0.000025    0.059612    0.190134    3.716986    8.183697   
[36mINFO[0m 08/07 03:28:32 | ---
[36mINFO[0m 08/07 03:28:32 | oracle = 82.665%
[36mINFO[0m 08/07 03:28:32 | iid = 82.665%
[36mINFO[0m 08/07 03:28:32 | last = 81.139%
[36mINFO[0m 08/07 03:28:32 | last (inD) = 95.406%
[36mINFO[0m 08/07 03:28:32 | iid (inD) = 97.308%
[36mINFO[0m 08/07 03:28:33 | === Summary ===
[36mINFO[0m 08/07 03:28:33 | Command: /home/s21_yhr/lzh/new/DomainBed-new/train_all.py PACS_iDAG_seed4 --dataset PACS --data_dir /home/s21_yhr/lzh/new/DomainBed-new/dataset --algorithm iDAG --steps 5000 --checkpoint_freq 200 --batch_size 32 --optimizer adam --lr 5e-5 --weight_decay 0 --resnet_dropout 0 --resnet18 False --pretrained True --freeze_bn True --swad False --seed 4 --trial_seed 4 --deterministic --cache disk --prebuild_loader --image_size 224 --out_dim 512 --hidden_size 512 --num_hidden_layers 0 --dag_anneal_steps 200 --temperature 0.07 --ema_ratio 0.99 --lambda1 0.01 --lambda2 0.01 --rho 1.0 --alpha 1.0 --rho_max 100.0 --weight_mu 1.0 --weight_nu 1.0
[36mINFO[0m 08/07 03:28:33 | Unique name: 260807_02-19-27_PACS_iDAG_seed4
[36mINFO[0m 08/07 03:28:33 | Out path: train_output/PACS/260807_02-19-27_PACS_iDAG_seed4
[36mINFO[0m 08/07 03:28:33 | Algorithm: iDAG
[36mINFO[0m 08/07 03:28:33 | Dataset: PACS
+------------+--------------+---------+---------+---------+---------+
| Selection  | art_painting | cartoon |  photo  |  sketch |   Avg.  |
+------------+--------------+---------+---------+---------+---------+
|   oracle   |   88.041%    | 80.224% | 97.305% | 82.665% | 87.059% |
|    iid     |   81.452%    | 73.881% | 97.081% | 82.665% | 83.770% |
|    last    |   79.866%    | 80.011% | 94.012% | 81.139% | 83.757% |
| last (inD) |   96.149%    | 96.738% | 95.974% | 95.406% | 96.067% |
| iid (inD)  |   97.017%    | 97.197% | 96.583% | 97.308% | 97.027% |
+------------+--------------+---------+---------+---------+---------+
