dataset,scope,arch,image_size,seed,env,epoch,acc,auc,loss
HTP,pooled_split,vit_b_16,224,0,overall,1,0.5819,0.59636,0.71977
HTP,pooled_split,vit_b_16,224,0,00,1,0.57534,0.58525,0.71977
HTP,pooled_split,vit_b_16,224,0,01,1,0.54286,0.56604,0.71977
HTP,pooled_split,vit_b_16,224,0,02,1,0.66667,0.63114,0.71977
HTP,pooled_split,vit_b_16,224,0,overall,2,0.5431,0.58479,0.69203
HTP,pooled_split,vit_b_16,224,0,00,2,0.57534,0.58487,0.69203
HTP,pooled_split,vit_b_16,224,0,01,2,0.50476,0.60885,0.69203
HTP,pooled_split,vit_b_16,224,0,02,2,0.57407,0.53015,0.69203
HTP,pooled_split,vit_b_16,224,0,overall,3,0.48707,0.5566,0.68014
HTP,pooled_split,vit_b_16,224,0,00,3,0.46575,0.63249,0.68014
HTP,pooled_split,vit_b_16,224,0,01,3,0.50476,0.42417,0.68014
HTP,pooled_split,vit_b_16,224,0,02,3,0.48148,0.60309,0.68014
HTP,pooled_split,vit_b_16,224,0,overall,4,0.45259,0.54706,0.68704
HTP,pooled_split,vit_b_16,224,0,00,4,0.42466,0.52496,0.68704
HTP,pooled_split,vit_b_16,224,0,01,4,0.49524,0.64568,0.68704
HTP,pooled_split,vit_b_16,224,0,02,4,0.40741,0.5,0.68704
HTP,pooled_split,vit_b_16,224,0,overall,5,0.5431,0.59614,0.68878
HTP,pooled_split,vit_b_16,224,0,00,5,0.57534,0.58717,0.68878
HTP,pooled_split,vit_b_16,224,0,01,5,0.50476,0.61557,0.68878
HTP,pooled_split,vit_b_16,224,0,02,5,0.57407,0.57784,0.68878
HTP,pooled_split,vit_b_16,224,0,overall,6,0.49138,0.55825,0.67034
HTP,pooled_split,vit_b_16,224,0,00,6,0.47945,0.57104,0.67034
HTP,pooled_split,vit_b_16,224,0,01,6,0.51429,0.48585,0.67034
HTP,pooled_split,vit_b_16,224,0,02,6,0.46296,0.58065,0.67034
HTP,pooled_split,vit_b_16,224,0,overall,7,0.51293,0.59093,0.68218
HTP,pooled_split,vit_b_16,224,0,00,7,0.49315,0.60753,0.68218
HTP,pooled_split,vit_b_16,224,0,01,7,0.52381,0.56096,0.68218
HTP,pooled_split,vit_b_16,224,0,02,7,0.51852,0.58065,0.68218
HTP,pooled_split,vit_b_16,224,0,overall,8,0.5431,0.60332,0.68319
HTP,pooled_split,vit_b_16,224,0,00,8,0.57534,0.60138,0.68319
HTP,pooled_split,vit_b_16,224,0,01,8,0.50476,0.61956,0.68319
HTP,pooled_split,vit_b_16,224,0,02,8,0.57407,0.54418,0.68319
HTP,pooled_split,vit_b_16,224,0,overall,9,0.5431,0.58277,0.66994
HTP,pooled_split,vit_b_16,224,0,00,9,0.57534,0.56029,0.66994
HTP,pooled_split,vit_b_16,224,0,01,9,0.50476,0.59434,0.66994
HTP,pooled_split,vit_b_16,224,0,02,9,0.57407,0.54698,0.66994
HTP,pooled_split,vit_b_16,224,0,overall,10,0.5431,0.608,0.66808
HTP,pooled_split,vit_b_16,224,0,00,10,0.57534,0.58641,0.66808
HTP,pooled_split,vit_b_16,224,0,01,10,0.50476,0.61702,0.66808
HTP,pooled_split,vit_b_16,224,0,02,10,0.57407,0.60309,0.66808
HTP,pooled_split,vit_b_16,224,0,overall,11,0.53448,0.57454,0.66471
HTP,pooled_split,vit_b_16,224,0,00,11,0.50685,0.56951,0.66471
HTP,pooled_split,vit_b_16,224,0,01,11,0.54286,0.57039,0.66471
HTP,pooled_split,vit_b_16,224,0,02,11,0.55556,0.56311,0.66471
HTP,pooled_split,vit_b_16,224,0,overall,12,0.56034,0.59614,0.65706
HTP,pooled_split,vit_b_16,224,0,00,12,0.53425,0.59293,0.65706
HTP,pooled_split,vit_b_16,224,0,01,12,0.58095,0.59996,0.65706
HTP,pooled_split,vit_b_16,224,0,02,12,0.55556,0.56241,0.65706
HTP,pooled_split,vit_b_16,224,0,overall,13,0.5431,0.61171,0.66159
HTP,pooled_split,vit_b_16,224,0,00,13,0.57534,0.57143,0.66159
HTP,pooled_split,vit_b_16,224,0,01,13,0.50476,0.62845,0.66159
HTP,pooled_split,vit_b_16,224,0,02,13,0.57407,0.62412,0.66159
HTP,pooled_split,vit_b_16,224,0,overall,14,0.56034,0.59471,0.67113
HTP,pooled_split,vit_b_16,224,0,00,14,0.53425,0.58717,0.67113
HTP,pooled_split,vit_b_16,224,0,01,14,0.5619,0.61611,0.67113
HTP,pooled_split,vit_b_16,224,0,02,14,0.59259,0.53436,0.67113
HTP,pooled_split,vit_b_16,224,0,overall,15,0.54741,0.60928,0.66687
HTP,pooled_split,vit_b_16,224,0,00,15,0.56164,0.60637,0.66687
HTP,pooled_split,vit_b_16,224,0,01,15,0.52381,0.62319,0.66687
HTP,pooled_split,vit_b_16,224,0,02,15,0.57407,0.54979,0.66687
HTP,pooled_split,vit_b_16,224,0,overall,16,0.57759,0.57289,0.65571
HTP,pooled_split,vit_b_16,224,0,00,16,0.52055,0.54724,0.65571
HTP,pooled_split,vit_b_16,224,0,01,16,0.6,0.60269,0.65571
HTP,pooled_split,vit_b_16,224,0,02,16,0.61111,0.5554,0.65571
HTP,pooled_split,vit_b_16,224,0,overall,17,0.57328,0.61324,0.65095
HTP,pooled_split,vit_b_16,224,0,00,17,0.52055,0.54378,0.65095
HTP,pooled_split,vit_b_16,224,0,01,17,0.62857,0.67017,0.65095
HTP,pooled_split,vit_b_16,224,0,02,17,0.53704,0.59607,0.65095
HTP,pooled_split,vit_b_16,224,0,overall,18,0.57759,0.59247,0.6582
HTP,pooled_split,vit_b_16,224,0,00,18,0.56164,0.57834,0.6582
HTP,pooled_split,vit_b_16,224,0,01,18,0.58095,0.59053,0.6582
HTP,pooled_split,vit_b_16,224,0,02,18,0.59259,0.53997,0.6582
HTP,pooled_split,vit_b_16,224,0,overall,19,0.5431,0.61186,0.64897
HTP,pooled_split,vit_b_16,224,0,00,19,0.57534,0.62097,0.64897
HTP,pooled_split,vit_b_16,224,0,01,19,0.50476,0.62954,0.64897
HTP,pooled_split,vit_b_16,224,0,02,19,0.57407,0.5554,0.64897
HTP,pooled_split,vit_b_16,224,0,overall,20,0.5431,0.61208,0.65031
HTP,pooled_split,vit_b_16,224,0,00,20,0.57534,0.61214,0.65031
HTP,pooled_split,vit_b_16,224,0,01,20,0.50476,0.64042,0.65031
HTP,pooled_split,vit_b_16,224,0,02,20,0.57407,0.57223,0.65031
HTP,pooled_split,vit_b_16,224,0,overall,21,0.55603,0.61938,0.63662
HTP,pooled_split,vit_b_16,224,0,00,21,0.54795,0.59332,0.63662
HTP,pooled_split,vit_b_16,224,0,01,21,0.5619,0.66909,0.63662
HTP,pooled_split,vit_b_16,224,0,02,21,0.55556,0.53857,0.63662
HTP,pooled_split,vit_b_16,224,0,overall,22,0.57759,0.60437,0.66698
HTP,pooled_split,vit_b_16,224,0,00,22,0.58904,0.62903,0.66698
HTP,pooled_split,vit_b_16,224,0,01,22,0.55238,0.60559,0.66698
HTP,pooled_split,vit_b_16,224,0,02,22,0.61111,0.57223,0.66698
HTP,pooled_split,vit_b_16,224,0,overall,23,0.54741,0.62069,0.6505
HTP,pooled_split,vit_b_16,224,0,00,23,0.50685,0.64708,0.6505
HTP,pooled_split,vit_b_16,224,0,01,23,0.5619,0.58527,0.6505
HTP,pooled_split,vit_b_16,224,0,02,23,0.57407,0.62833,0.6505
HTP,pooled_split,vit_b_16,224,0,overall,24,0.59914,0.63451,0.64461
HTP,pooled_split,vit_b_16,224,0,00,24,0.54795,0.58372,0.64461
HTP,pooled_split,vit_b_16,224,0,01,24,0.6381,0.66636,0.64461
HTP,pooled_split,vit_b_16,224,0,02,24,0.59259,0.64095,0.64461
HTP,pooled_split,vit_b_16,224,0,overall,25,0.52155,0.58262,0.66499
HTP,pooled_split,vit_b_16,224,0,00,25,0.47945,0.53303,0.66499
HTP,pooled_split,vit_b_16,224,0,01,25,0.55238,0.59888,0.66499
HTP,pooled_split,vit_b_16,224,0,02,25,0.51852,0.56662,0.66499
HTP,pooled_split,vit_b_16,224,0,overall,26,0.51724,0.52718,0.63453
HTP,pooled_split,vit_b_16,224,0,00,26,0.47945,0.47811,0.63453
HTP,pooled_split,vit_b_16,224,0,01,26,0.54286,0.53719,0.63453
HTP,pooled_split,vit_b_16,224,0,02,26,0.51852,0.57504,0.63453
HTP,pooled_split,vit_b_16,224,0,overall,27,0.5431,0.587,0.64606
HTP,pooled_split,vit_b_16,224,0,00,27,0.57534,0.56106,0.64606
HTP,pooled_split,vit_b_16,224,0,01,27,0.50476,0.5635,0.64606
HTP,pooled_split,vit_b_16,224,0,02,27,0.57407,0.59748,0.64606
HTP,pooled_split,vit_b_16,224,0,overall,28,0.5431,0.60804,0.65816
HTP,pooled_split,vit_b_16,224,0,00,28,0.57534,0.58218,0.65816
HTP,pooled_split,vit_b_16,224,0,01,28,0.50476,0.5996,0.65816
HTP,pooled_split,vit_b_16,224,0,02,28,0.57407,0.62202,0.65816
HTP,pooled_split,vit_b_16,224,0,overall,29,0.64224,0.68396,0.63024
HTP,pooled_split,vit_b_16,224,0,00,29,0.54795,0.65899,0.63024
HTP,pooled_split,vit_b_16,224,0,01,29,0.69524,0.72859,0.63024
HTP,pooled_split,vit_b_16,224,0,02,29,0.66667,0.62973,0.63024
HTP,pooled_split,vit_b_16,224,0,overall,30,0.58621,0.66277,0.63549
HTP,pooled_split,vit_b_16,224,0,00,30,0.54795,0.62135,0.63549
HTP,pooled_split,vit_b_16,224,0,01,30,0.59048,0.709,0.63549
HTP,pooled_split,vit_b_16,224,0,02,30,0.62963,0.61431,0.63549
HTP,pooled_split,vit_b_16,224,0,overall,31,0.5431,0.62141,0.63758
HTP,pooled_split,vit_b_16,224,0,00,31,0.60274,0.65899,0.63758
HTP,pooled_split,vit_b_16,224,0,01,31,0.50476,0.64242,0.63758
HTP,pooled_split,vit_b_16,224,0,02,31,0.53704,0.53296,0.63758
HTP,pooled_split,vit_b_16,224,0,overall,32,0.63793,0.73428,0.63447
HTP,pooled_split,vit_b_16,224,0,00,32,0.57534,0.66283,0.63447
HTP,pooled_split,vit_b_16,224,0,01,32,0.66667,0.82837,0.63447
HTP,pooled_split,vit_b_16,224,0,02,32,0.66667,0.61851,0.63447
HTP,pooled_split,vit_b_16,224,0,overall,33,0.5819,0.67453,0.61613
HTP,pooled_split,vit_b_16,224,0,00,33,0.56164,0.57757,0.61613
HTP,pooled_split,vit_b_16,224,0,01,33,0.59048,0.74692,0.61613
HTP,pooled_split,vit_b_16,224,0,02,33,0.59259,0.65919,0.61613
HTP,pooled_split,vit_b_16,224,0,overall,34,0.67241,0.71178,0.61695
HTP,pooled_split,vit_b_16,224,0,00,34,0.52055,0.64286,0.61695
HTP,pooled_split,vit_b_16,224,0,01,34,0.78095,0.80044,0.61695
HTP,pooled_split,vit_b_16,224,0,02,34,0.66667,0.66059,0.61695
HTP,pooled_split,vit_b_16,224,0,overall,35,0.5431,0.66311,0.62813
HTP,pooled_split,vit_b_16,224,0,00,35,0.57534,0.63978,0.62813
HTP,pooled_split,vit_b_16,224,0,01,35,0.50476,0.70501,0.62813
HTP,pooled_split,vit_b_16,224,0,02,35,0.57407,0.65217,0.62813
HTP,pooled_split,vit_b_16,224,0,overall,36,0.59483,0.62635,0.60952
HTP,pooled_split,vit_b_16,224,0,00,36,0.54795,0.64862,0.60952
HTP,pooled_split,vit_b_16,224,0,01,36,0.58095,0.62373,0.60952
HTP,pooled_split,vit_b_16,224,0,02,36,0.68519,0.57644,0.60952
HTP,pooled_split,vit_b_16,224,0,overall,37,0.63793,0.71953,0.60575
HTP,pooled_split,vit_b_16,224,0,00,37,0.57534,0.62519,0.60575
HTP,pooled_split,vit_b_16,224,0,01,37,0.68571,0.82402,0.60575
HTP,pooled_split,vit_b_16,224,0,02,37,0.62963,0.61711,0.60575
HTP,pooled_split,vit_b_16,224,0,overall,38,0.61638,0.65847,0.60805
HTP,pooled_split,vit_b_16,224,0,00,38,0.68493,0.69508,0.60805
HTP,pooled_split,vit_b_16,224,0,01,38,0.57143,0.67616,0.60805
HTP,pooled_split,vit_b_16,224,0,02,38,0.61111,0.64937,0.60805
HTP,pooled_split,vit_b_16,224,0,overall,39,0.60776,0.71915,0.61179
HTP,pooled_split,vit_b_16,224,0,00,39,0.57534,0.61674,0.61179
HTP,pooled_split,vit_b_16,224,0,01,39,0.64762,0.8106,0.61179
HTP,pooled_split,vit_b_16,224,0,02,39,0.57407,0.65778,0.61179
HTP,pooled_split,vit_b_16,224,0,overall,40,0.59052,0.61845,0.61046
HTP,pooled_split,vit_b_16,224,0,00,40,0.52055,0.56951,0.61046
HTP,pooled_split,vit_b_16,224,0,01,40,0.60952,0.63425,0.61046
HTP,pooled_split,vit_b_16,224,0,02,40,0.64815,0.66059,0.61046
HTP,pooled_split,vit_b_16,224,0,overall,41,0.6681,0.70815,0.59153
HTP,pooled_split,vit_b_16,224,0,00,41,0.56164,0.62826,0.59153
HTP,pooled_split,vit_b_16,224,0,01,41,0.74286,0.7979,0.59153
HTP,pooled_split,vit_b_16,224,0,02,41,0.66667,0.63534,0.59153
HTP,pooled_split,vit_b_16,224,0,overall,42,0.62069,0.65169,0.58898
HTP,pooled_split,vit_b_16,224,0,00,42,0.63014,0.61521,0.58898
HTP,pooled_split,vit_b_16,224,0,01,42,0.60952,0.68179,0.58898
HTP,pooled_split,vit_b_16,224,0,02,42,0.62963,0.62132,0.58898
HTP,pooled_split,vit_b_16,224,0,overall,43,0.65517,0.70597,0.62146
HTP,pooled_split,vit_b_16,224,0,00,43,0.60274,0.64055,0.62146
HTP,pooled_split,vit_b_16,224,0,01,43,0.71429,0.80842,0.62146
HTP,pooled_split,vit_b_16,224,0,02,43,0.61111,0.59187,0.62146
HTP,pooled_split,vit_b_16,224,0,overall,44,0.68966,0.74442,0.58562
HTP,pooled_split,vit_b_16,224,0,00,44,0.69863,0.67204,0.58562
HTP,pooled_split,vit_b_16,224,0,01,44,0.73333,0.86284,0.58562
HTP,pooled_split,vit_b_16,224,0,02,44,0.59259,0.60729,0.58562
HTP,pooled_split,vit_b_16,224,0,overall,45,0.56897,0.62114,0.54754
HTP,pooled_split,vit_b_16,224,0,00,45,0.52055,0.5768,0.54754
HTP,pooled_split,vit_b_16,224,0,01,45,0.59048,0.66546,0.54754
HTP,pooled_split,vit_b_16,224,0,02,45,0.59259,0.61992,0.54754
HTP,pooled_split,vit_b_16,224,0,overall,46,0.7069,0.75562,0.62002
HTP,pooled_split,vit_b_16,224,0,00,46,0.63014,0.66513,0.62002
HTP,pooled_split,vit_b_16,224,0,01,46,0.78095,0.84253,0.62002
HTP,pooled_split,vit_b_16,224,0,02,46,0.66667,0.69846,0.62002
HTP,pooled_split,vit_b_16,224,0,overall,47,0.67241,0.70216,0.54917
HTP,pooled_split,vit_b_16,224,0,00,47,0.72603,0.67358,0.54917
HTP,pooled_split,vit_b_16,224,0,01,47,0.66667,0.75617,0.54917
HTP,pooled_split,vit_b_16,224,0,02,47,0.61111,0.6648,0.54917
HTP,pooled_split,vit_b_16,224,0,overall,48,0.6681,0.73042,0.57027
HTP,pooled_split,vit_b_16,224,0,00,48,0.63014,0.64286,0.57027
HTP,pooled_split,vit_b_16,224,0,01,48,0.72381,0.81821,0.57027
HTP,pooled_split,vit_b_16,224,0,02,48,0.61111,0.64656,0.57027
HTP,pooled_split,vit_b_16,224,0,overall,49,0.65517,0.72477,0.55149
HTP,pooled_split,vit_b_16,224,0,00,49,0.63014,0.67435,0.55149
HTP,pooled_split,vit_b_16,224,0,01,49,0.70476,0.82983,0.55149
HTP,pooled_split,vit_b_16,224,0,02,49,0.59259,0.59046,0.55149
HTP,pooled_split,vit_b_16,224,0,overall,50,0.62069,0.73959,0.55913
HTP,pooled_split,vit_b_16,224,0,00,50,0.60274,0.649,0.55913
HTP,pooled_split,vit_b_16,224,0,01,50,0.68571,0.85269,0.55913
HTP,pooled_split,vit_b_16,224,0,02,50,0.51852,0.63254,0.55913
HTP,pooled_split,vit_b_16,640,0,overall,1,0.68966,0.74775,0.69346
HTP,pooled_split,vit_b_16,640,0,00,1,0.60274,0.56682,0.69346
HTP,pooled_split,vit_b_16,640,0,01,1,0.77143,0.88062,0.69346
HTP,pooled_split,vit_b_16,640,0,02,1,0.64815,0.69004,0.69346
HTP,pooled_split,vit_b_16,640,0,overall,2,0.65086,0.7506,0.63453
HTP,pooled_split,vit_b_16,640,0,00,2,0.53425,0.5722,0.63453
HTP,pooled_split,vit_b_16,640,0,01,2,0.75238,0.89078,0.63453
HTP,pooled_split,vit_b_16,640,0,02,2,0.61111,0.68724,0.63453
HTP,pooled_split,vit_b_16,640,0,overall,3,0.6681,0.72892,0.6325
HTP,pooled_split,vit_b_16,640,0,00,3,0.52055,0.54455,0.6325
HTP,pooled_split,vit_b_16,640,0,01,3,0.78095,0.87319,0.6325
HTP,pooled_split,vit_b_16,640,0,02,3,0.64815,0.6676,0.6325
HTP,pooled_split,vit_b_16,640,0,overall,4,0.65086,0.76419,0.58412
HTP,pooled_split,vit_b_16,640,0,00,4,0.56164,0.61482,0.58412
HTP,pooled_split,vit_b_16,640,0,01,4,0.73333,0.86865,0.58412
HTP,pooled_split,vit_b_16,640,0,02,4,0.61111,0.71809,0.58412
HTP,pooled_split,vit_b_16,640,0,overall,5,0.5431,0.66472,0.56655
HTP,pooled_split,vit_b_16,640,0,00,5,0.57534,0.65515,0.56655
HTP,pooled_split,vit_b_16,640,0,01,5,0.50476,0.63988,0.56655
HTP,pooled_split,vit_b_16,640,0,02,5,0.57407,0.67041,0.56655
HTP,pooled_split,vit_b_16,640,0,overall,6,0.66379,0.75621,0.68318
HTP,pooled_split,vit_b_16,640,0,00,6,0.57534,0.61521,0.68318
HTP,pooled_split,vit_b_16,640,0,01,6,0.73333,0.87591,0.68318
HTP,pooled_split,vit_b_16,640,0,02,6,0.64815,0.67041,0.68318
HTP,pooled_split,vit_b_16,640,0,overall,7,0.57759,0.72937,0.56933
HTP,pooled_split,vit_b_16,640,0,00,7,0.56164,0.649,0.56933
HTP,pooled_split,vit_b_16,640,0,01,7,0.59048,0.8242,0.56933
HTP,pooled_split,vit_b_16,640,0,02,7,0.57407,0.62623,0.56933
HTP,pooled_split,vit_b_16,640,0,overall,8,0.67241,0.7661,0.53117
HTP,pooled_split,vit_b_16,640,0,00,8,0.58904,0.61444,0.53117
HTP,pooled_split,vit_b_16,640,0,01,8,0.7619,0.8984,0.53117
HTP,pooled_split,vit_b_16,640,0,02,8,0.61111,0.65778,0.53117
HTP,pooled_split,vit_b_16,640,0,overall,9,0.62931,0.73278,0.51063
HTP,pooled_split,vit_b_16,640,0,00,9,0.56164,0.62673,0.51063
HTP,pooled_split,vit_b_16,640,0,01,9,0.70476,0.85341,0.51063
HTP,pooled_split,vit_b_16,640,0,02,9,0.57407,0.58345,0.51063
HTP,pooled_split,vit_b_16,640,0,overall,10,0.65517,0.74618,0.49765
HTP,pooled_split,vit_b_16,640,0,00,10,0.53425,0.61444,0.49765
HTP,pooled_split,vit_b_16,640,0,01,10,0.7619,0.87228,0.49765
HTP,pooled_split,vit_b_16,640,0,02,10,0.61111,0.6101,0.49765
HTP,pooled_split,vit_b_16,640,0,overall,11,0.65517,0.74753,0.4595
HTP,pooled_split,vit_b_16,640,0,00,11,0.58904,0.64363,0.4595
HTP,pooled_split,vit_b_16,640,0,01,11,0.75238,0.85377,0.4595
HTP,pooled_split,vit_b_16,640,0,02,11,0.55556,0.61851,0.4595
HTP,pooled_split,vit_b_16,640,0,overall,12,0.68966,0.7844,0.46174
HTP,pooled_split,vit_b_16,640,0,00,12,0.56164,0.62673,0.46174
HTP,pooled_split,vit_b_16,640,0,01,12,0.80952,0.9111,0.46174
HTP,pooled_split,vit_b_16,640,0,02,12,0.62963,0.6648,0.46174
HTP,pooled_split,vit_b_16,640,0,overall,13,0.68103,0.7676,0.40469
HTP,pooled_split,vit_b_16,640,0,00,13,0.67123,0.71045,0.40469
HTP,pooled_split,vit_b_16,640,0,01,13,0.75238,0.87482,0.40469
HTP,pooled_split,vit_b_16,640,0,02,13,0.55556,0.58906,0.40469
HTP,pooled_split,vit_b_16,640,0,overall,14,0.64655,0.73076,0.40491
HTP,pooled_split,vit_b_16,640,0,00,14,0.57534,0.59985,0.40491
HTP,pooled_split,vit_b_16,640,0,01,14,0.77143,0.86829,0.40491
HTP,pooled_split,vit_b_16,640,0,02,14,0.5,0.52735,0.40491
HTP,pooled_split,vit_b_16,640,0,overall,15,0.59052,0.71211,0.38578
HTP,pooled_split,vit_b_16,640,0,00,15,0.57534,0.63287,0.38578
HTP,pooled_split,vit_b_16,640,0,01,15,0.61905,0.84144,0.38578
HTP,pooled_split,vit_b_16,640,0,02,15,0.55556,0.63114,0.38578
HTP,pooled_split,vit_b_16,640,0,overall,16,0.68103,0.74727,0.37263
HTP,pooled_split,vit_b_16,640,0,00,16,0.65753,0.67473,0.37263
HTP,pooled_split,vit_b_16,640,0,01,16,0.74286,0.85922,0.37263
HTP,pooled_split,vit_b_16,640,0,02,16,0.59259,0.61571,0.37263
HTP,pooled_split,vit_b_16,640,0,overall,17,0.7069,0.8044,0.37744
HTP,pooled_split,vit_b_16,640,0,00,17,0.64384,0.72849,0.37744
HTP,pooled_split,vit_b_16,640,0,01,17,0.82857,0.91727,0.37744
HTP,pooled_split,vit_b_16,640,0,02,17,0.55556,0.57784,0.37744
HTP,pooled_split,vit_b_16,640,0,overall,18,0.62069,0.72615,0.32061
HTP,pooled_split,vit_b_16,640,0,00,18,0.61644,0.70968,0.32061
HTP,pooled_split,vit_b_16,640,0,01,18,0.65714,0.79826,0.32061
HTP,pooled_split,vit_b_16,640,0,02,18,0.55556,0.59046,0.32061
HTP,pooled_split,vit_b_16,640,0,overall,19,0.69828,0.78549,0.29034
HTP,pooled_split,vit_b_16,640,0,00,19,0.64384,0.71121,0.29034
HTP,pooled_split,vit_b_16,640,0,01,19,0.8,0.88861,0.29034
HTP,pooled_split,vit_b_16,640,0,02,19,0.57407,0.61431,0.29034
HTP,pooled_split,vit_b_16,640,0,overall,20,0.66379,0.74517,0.26279
HTP,pooled_split,vit_b_16,640,0,00,20,0.64384,0.65361,0.26279
HTP,pooled_split,vit_b_16,640,0,01,20,0.71429,0.87681,0.26279
HTP,pooled_split,vit_b_16,640,0,02,20,0.59259,0.56942,0.26279
HTP,pooled_split,vit_b_16,640,0,overall,21,0.61638,0.71799,0.25987
HTP,pooled_split,vit_b_16,640,0,00,21,0.65753,0.69585,0.25987
HTP,pooled_split,vit_b_16,640,0,01,21,0.66667,0.83491,0.25987
HTP,pooled_split,vit_b_16,640,0,02,21,0.46296,0.51332,0.25987
HTP,pooled_split,vit_b_16,640,0,overall,22,0.65948,0.74446,0.27339
HTP,pooled_split,vit_b_16,640,0,00,22,0.63014,0.68971,0.27339
HTP,pooled_split,vit_b_16,640,0,01,22,0.70476,0.84615,0.27339
HTP,pooled_split,vit_b_16,640,0,02,22,0.61111,0.60589,0.27339
HTP,pooled_split,vit_b_16,640,0,overall,23,0.64655,0.76239,0.24744
HTP,pooled_split,vit_b_16,640,0,00,23,0.57534,0.6659,0.24744
HTP,pooled_split,vit_b_16,640,0,01,23,0.74286,0.89151,0.24744
HTP,pooled_split,vit_b_16,640,0,02,23,0.55556,0.53576,0.24744
HTP,pooled_split,vit_b_16,640,0,overall,24,0.7069,0.77388,0.23971
HTP,pooled_split,vit_b_16,640,0,00,24,0.64384,0.68049,0.23971
HTP,pooled_split,vit_b_16,640,0,01,24,0.8,0.88099,0.23971
HTP,pooled_split,vit_b_16,640,0,02,24,0.61111,0.60729,0.23971
HTP,pooled_split,vit_b_16,640,0,overall,25,0.70259,0.78175,0.21952
HTP,pooled_split,vit_b_16,640,0,00,25,0.68493,0.75269,0.21952
HTP,pooled_split,vit_b_16,640,0,01,25,0.7619,0.86611,0.21952
HTP,pooled_split,vit_b_16,640,0,02,25,0.61111,0.55961,0.21952
HTP,pooled_split,vit_b_16,640,0,overall,26,0.65517,0.75307,0.22566
HTP,pooled_split,vit_b_16,640,0,00,26,0.63014,0.67972,0.22566
HTP,pooled_split,vit_b_16,640,0,01,26,0.70476,0.86357,0.22566
HTP,pooled_split,vit_b_16,640,0,02,26,0.59259,0.60028,0.22566
HTP,pooled_split,vit_b_16,640,0,overall,27,0.63793,0.73357,0.23036
HTP,pooled_split,vit_b_16,640,0,00,27,0.64384,0.72965,0.23036
HTP,pooled_split,vit_b_16,640,0,01,27,0.73333,0.82565,0.23036
HTP,pooled_split,vit_b_16,640,0,02,27,0.44444,0.49229,0.23036
HTP,pooled_split,vit_b_16,640,0,overall,28,0.70259,0.75101,0.1668
HTP,pooled_split,vit_b_16,640,0,00,28,0.65753,0.68126,0.1668
HTP,pooled_split,vit_b_16,640,0,01,28,0.77143,0.84579,0.1668
HTP,pooled_split,vit_b_16,640,0,02,28,0.62963,0.6129,0.1668
HTP,pooled_split,vit_b_16,640,0,overall,29,0.64224,0.70425,0.19075
HTP,pooled_split,vit_b_16,640,0,00,29,0.63014,0.65284,0.19075
HTP,pooled_split,vit_b_16,640,0,01,29,0.72381,0.832,0.19075
HTP,pooled_split,vit_b_16,640,0,02,29,0.5,0.47546,0.19075
HTP,pooled_split,vit_b_16,640,0,overall,30,0.68966,0.76322,0.21288
HTP,pooled_split,vit_b_16,640,0,00,30,0.69863,0.69969,0.21288
HTP,pooled_split,vit_b_16,640,0,01,30,0.78095,0.87228,0.21288
HTP,pooled_split,vit_b_16,640,0,02,30,0.5,0.5582,0.21288
HTP,pooled_split,vit_b_16,640,0,overall,31,0.68103,0.75591,0.16102
HTP,pooled_split,vit_b_16,640,0,00,31,0.63014,0.67742,0.16102
HTP,pooled_split,vit_b_16,640,0,01,31,0.8,0.86792,0.16102
HTP,pooled_split,vit_b_16,640,0,02,31,0.51852,0.54137,0.16102
HTP,pooled_split,vit_b_16,640,0,overall,32,0.68966,0.77081,0.16806
HTP,pooled_split,vit_b_16,640,0,00,32,0.58904,0.70123,0.16806
HTP,pooled_split,vit_b_16,640,0,01,32,0.79048,0.87337,0.16806
HTP,pooled_split,vit_b_16,640,0,02,32,0.62963,0.62272,0.16806
HTP,pooled_split,vit_b_16,640,0,overall,33,0.65086,0.75262,0.1376
HTP,pooled_split,vit_b_16,640,0,00,33,0.58904,0.66129,0.1376
HTP,pooled_split,vit_b_16,640,0,01,33,0.75238,0.873,0.1376
HTP,pooled_split,vit_b_16,640,0,02,33,0.53704,0.58485,0.1376
HTP,pooled_split,vit_b_16,640,0,overall,34,0.65517,0.7293,0.14703
HTP,pooled_split,vit_b_16,640,0,00,34,0.67123,0.67972,0.14703
HTP,pooled_split,vit_b_16,640,0,01,34,0.72381,0.82148,0.14703
HTP,pooled_split,vit_b_16,640,0,02,34,0.5,0.59187,0.14703
HTP,pooled_split,vit_b_16,640,0,overall,35,0.63362,0.73656,0.14355
HTP,pooled_split,vit_b_16,640,0,00,35,0.63014,0.69969,0.14355
HTP,pooled_split,vit_b_16,640,0,01,35,0.71429,0.84579,0.14355
HTP,pooled_split,vit_b_16,640,0,02,35,0.48148,0.5568,0.14355
HTP,pooled_split,vit_b_16,640,0,overall,36,0.64655,0.72713,0.12621
HTP,pooled_split,vit_b_16,640,0,00,36,0.56164,0.649,0.12621
HTP,pooled_split,vit_b_16,640,0,01,36,0.73333,0.85015,0.12621
HTP,pooled_split,vit_b_16,640,0,02,36,0.59259,0.56592,0.12621
HTP,pooled_split,vit_b_16,640,0,overall,37,0.63793,0.72563,0.14739
HTP,pooled_split,vit_b_16,640,0,00,37,0.64384,0.702,0.14739
HTP,pooled_split,vit_b_16,640,0,01,37,0.71429,0.83672,0.14739
HTP,pooled_split,vit_b_16,640,0,02,37,0.48148,0.45582,0.14739
HTP,pooled_split,vit_b_16,640,0,overall,38,0.67241,0.74292,0.14053
HTP,pooled_split,vit_b_16,640,0,00,38,0.64384,0.67281,0.14053
HTP,pooled_split,vit_b_16,640,0,01,38,0.7619,0.87917,0.14053
HTP,pooled_split,vit_b_16,640,0,02,38,0.53704,0.5021,0.14053
HTP,pooled_split,vit_b_16,640,0,overall,39,0.625,0.72312,0.13075
HTP,pooled_split,vit_b_16,640,0,00,39,0.61644,0.68894,0.13075
HTP,pooled_split,vit_b_16,640,0,01,39,0.69524,0.83853,0.13075
HTP,pooled_split,vit_b_16,640,0,02,39,0.5,0.53436,0.13075
HTP,pooled_split,vit_b_16,640,0,overall,40,0.67672,0.74978,0.11914
HTP,pooled_split,vit_b_16,640,0,00,40,0.65753,0.71352,0.11914
HTP,pooled_split,vit_b_16,640,0,01,40,0.73333,0.84942,0.11914
HTP,pooled_split,vit_b_16,640,0,02,40,0.59259,0.54979,0.11914
HTP,pooled_split,vit_b_16,640,0,overall,41,0.63362,0.71848,0.11868
HTP,pooled_split,vit_b_16,640,0,00,41,0.63014,0.67512,0.11868
HTP,pooled_split,vit_b_16,640,0,01,41,0.71429,0.82964,0.11868
HTP,pooled_split,vit_b_16,640,0,02,41,0.48148,0.4993,0.11868
HTP,pooled_split,vit_b_16,640,0,overall,42,0.66379,0.75292,0.10514
HTP,pooled_split,vit_b_16,640,0,00,42,0.67123,0.71121,0.10514
HTP,pooled_split,vit_b_16,640,0,01,42,0.74286,0.85123,0.10514
HTP,pooled_split,vit_b_16,640,0,02,42,0.5,0.54979,0.10514
HTP,pooled_split,vit_b_16,640,0,overall,43,0.65086,0.71518,0.12002
HTP,pooled_split,vit_b_16,640,0,00,43,0.65753,0.67281,0.12002
HTP,pooled_split,vit_b_16,640,0,01,43,0.68571,0.8057,0.12002
HTP,pooled_split,vit_b_16,640,0,02,43,0.57407,0.56942,0.12002
HTP,pooled_split,vit_b_16,640,0,overall,44,0.63362,0.71762,0.1114
HTP,pooled_split,vit_b_16,640,0,00,44,0.61644,0.62903,0.1114
HTP,pooled_split,vit_b_16,640,0,01,44,0.70476,0.82946,0.1114
HTP,pooled_split,vit_b_16,640,0,02,44,0.51852,0.58906,0.1114
HTP,pooled_split,vit_b_16,640,0,overall,45,0.62931,0.72267,0.10839
HTP,pooled_split,vit_b_16,640,0,00,45,0.63014,0.67896,0.10839
HTP,pooled_split,vit_b_16,640,0,01,45,0.71429,0.8193,0.10839
HTP,pooled_split,vit_b_16,640,0,02,45,0.46296,0.52314,0.10839
HTP,pooled_split,vit_b_16,640,0,overall,46,0.64655,0.72832,0.09091
HTP,pooled_split,vit_b_16,640,0,00,46,0.60274,0.61329,0.09091
HTP,pooled_split,vit_b_16,640,0,01,46,0.74286,0.85595,0.09091
HTP,pooled_split,vit_b_16,640,0,02,46,0.51852,0.57924,0.09091
HTP,pooled_split,vit_b_16,640,0,overall,47,0.65517,0.73892,0.09777
HTP,pooled_split,vit_b_16,640,0,00,47,0.67123,0.6874,0.09777
HTP,pooled_split,vit_b_16,640,0,01,47,0.73333,0.86103,0.09777
HTP,pooled_split,vit_b_16,640,0,02,47,0.48148,0.52595,0.09777
HTP,pooled_split,vit_b_16,640,0,overall,48,0.65086,0.73147,0.08451
HTP,pooled_split,vit_b_16,640,0,00,48,0.63014,0.69662,0.08451
HTP,pooled_split,vit_b_16,640,0,01,48,0.73333,0.81948,0.08451
HTP,pooled_split,vit_b_16,640,0,02,48,0.51852,0.54698,0.08451
HTP,pooled_split,vit_b_16,640,0,overall,49,0.68534,0.72439,0.08988
HTP,pooled_split,vit_b_16,640,0,00,49,0.68493,0.65822,0.08988
HTP,pooled_split,vit_b_16,640,0,01,49,0.74286,0.83237,0.08988
HTP,pooled_split,vit_b_16,640,0,02,49,0.57407,0.55961,0.08988
HTP,pooled_split,vit_b_16,640,0,overall,50,0.68103,0.74888,0.10604
HTP,pooled_split,vit_b_16,640,0,00,50,0.65753,0.69355,0.10604
HTP,pooled_split,vit_b_16,640,0,01,50,0.75238,0.84253,0.10604
HTP,pooled_split,vit_b_16,640,0,02,50,0.57407,0.60028,0.10604
HTP,pooled_split,vit_b_16,224,1,overall,1,0.53017,0.68217,0.73488
HTP,pooled_split,vit_b_16,224,1,00,1,0.47945,0.47312,0.73488
HTP,pooled_split,vit_b_16,224,1,01,1,0.58095,0.87155,0.73488
HTP,pooled_split,vit_b_16,224,1,02,1,0.5,0.60449,0.73488
HTP,pooled_split,vit_b_16,224,1,overall,2,0.5431,0.66105,0.64389
HTP,pooled_split,vit_b_16,224,1,00,2,0.57534,0.43932,0.64389
HTP,pooled_split,vit_b_16,224,1,01,2,0.50476,0.85341,0.64389
HTP,pooled_split,vit_b_16,224,1,02,2,0.57407,0.58485,0.64389
HTP,pooled_split,vit_b_16,224,1,overall,3,0.62931,0.69504,0.59692
HTP,pooled_split,vit_b_16,224,1,00,3,0.54795,0.54992,0.59692
HTP,pooled_split,vit_b_16,224,1,01,3,0.73333,0.86103,0.59692
HTP,pooled_split,vit_b_16,224,1,02,3,0.53704,0.62132,0.59692
HTP,pooled_split,vit_b_16,224,1,overall,4,0.57328,0.64368,0.57391
HTP,pooled_split,vit_b_16,224,1,00,4,0.52055,0.50614,0.57391
HTP,pooled_split,vit_b_16,224,1,01,4,0.65714,0.89078,0.57391
HTP,pooled_split,vit_b_16,224,1,02,4,0.48148,0.53015,0.57391
HTP,pooled_split,vit_b_16,224,1,overall,5,0.59914,0.66906,0.56582
HTP,pooled_split,vit_b_16,224,1,00,5,0.49315,0.49078,0.56582
HTP,pooled_split,vit_b_16,224,1,01,5,0.72381,0.85486,0.56582
HTP,pooled_split,vit_b_16,224,1,02,5,0.5,0.554,0.56582
HTP,pooled_split,vit_b_16,224,1,overall,6,0.60776,0.70006,0.52611
HTP,pooled_split,vit_b_16,224,1,00,6,0.50685,0.55876,0.52611
HTP,pooled_split,vit_b_16,224,1,01,6,0.66667,0.85631,0.52611
HTP,pooled_split,vit_b_16,224,1,02,6,0.62963,0.61571,0.52611
HTP,pooled_split,vit_b_16,224,1,overall,7,0.69828,0.72469,0.50858
HTP,pooled_split,vit_b_16,224,1,00,7,0.53425,0.52919,0.50858
HTP,pooled_split,vit_b_16,224,1,01,7,0.87619,0.94557,0.50858
HTP,pooled_split,vit_b_16,224,1,02,7,0.57407,0.6115,0.50858
HTP,pooled_split,vit_b_16,224,1,overall,8,0.57759,0.70852,0.49785
HTP,pooled_split,vit_b_16,224,1,00,8,0.49315,0.52995,0.49785
HTP,pooled_split,vit_b_16,224,1,01,8,0.66667,0.91001,0.49785
HTP,pooled_split,vit_b_16,224,1,02,8,0.51852,0.58135,0.49785
HTP,pooled_split,vit_b_16,224,1,overall,9,0.67241,0.7351,0.48445
HTP,pooled_split,vit_b_16,224,1,00,9,0.50685,0.49923,0.48445
HTP,pooled_split,vit_b_16,224,1,01,9,0.85714,0.94376,0.48445
HTP,pooled_split,vit_b_16,224,1,02,9,0.53704,0.57644,0.48445
HTP,pooled_split,vit_b_16,224,1,overall,10,0.67241,0.72978,0.3942
HTP,pooled_split,vit_b_16,224,1,00,10,0.53425,0.56452,0.3942
HTP,pooled_split,vit_b_16,224,1,01,10,0.80952,0.88389,0.3942
HTP,pooled_split,vit_b_16,224,1,02,10,0.59259,0.65919,0.3942
HTP,pooled_split,vit_b_16,224,1,overall,11,0.68534,0.75153,0.36901
HTP,pooled_split,vit_b_16,224,1,00,11,0.54795,0.54455,0.36901
HTP,pooled_split,vit_b_16,224,1,01,11,0.82857,0.92054,0.36901
HTP,pooled_split,vit_b_16,224,1,02,11,0.59259,0.65778,0.36901
HTP,pooled_split,vit_b_16,224,1,overall,12,0.68534,0.75359,0.36142
HTP,pooled_split,vit_b_16,224,1,00,12,0.54795,0.5361,0.36142
HTP,pooled_split,vit_b_16,224,1,01,12,0.86667,0.95864,0.36142
HTP,pooled_split,vit_b_16,224,1,02,12,0.51852,0.59467,0.36142
HTP,pooled_split,vit_b_16,224,1,overall,13,0.66379,0.74371,0.36427
HTP,pooled_split,vit_b_16,224,1,00,13,0.58904,0.56375,0.36427
HTP,pooled_split,vit_b_16,224,1,01,13,0.8,0.95356,0.36427
HTP,pooled_split,vit_b_16,224,1,02,13,0.5,0.59467,0.36427
HTP,pooled_split,vit_b_16,224,1,overall,14,0.69397,0.76628,0.34892
HTP,pooled_split,vit_b_16,224,1,00,14,0.56164,0.62174,0.34892
HTP,pooled_split,vit_b_16,224,1,01,14,0.8381,0.94303,0.34892
HTP,pooled_split,vit_b_16,224,1,02,14,0.59259,0.61711,0.34892
HTP,pooled_split,vit_b_16,224,1,overall,15,0.69397,0.74102,0.33754
HTP,pooled_split,vit_b_16,224,1,00,15,0.60274,0.59908,0.33754
HTP,pooled_split,vit_b_16,224,1,01,15,0.80952,0.87482,0.33754
HTP,pooled_split,vit_b_16,224,1,02,15,0.59259,0.63254,0.33754
HTP,pooled_split,vit_b_16,224,1,overall,16,0.63362,0.72578,0.31552
HTP,pooled_split,vit_b_16,224,1,00,16,0.52055,0.5384,0.31552
HTP,pooled_split,vit_b_16,224,1,01,16,0.77143,0.916,0.31552
HTP,pooled_split,vit_b_16,224,1,02,16,0.51852,0.55961,0.31552
HTP,pooled_split,vit_b_16,224,1,overall,17,0.6681,0.71945,0.29601
HTP,pooled_split,vit_b_16,224,1,00,17,0.63014,0.63902,0.29601
HTP,pooled_split,vit_b_16,224,1,01,17,0.73333,0.84579,0.29601
HTP,pooled_split,vit_b_16,224,1,02,17,0.59259,0.59046,0.29601
HTP,pooled_split,vit_b_16,224,1,overall,18,0.625,0.74693,0.29474
HTP,pooled_split,vit_b_16,224,1,00,18,0.50685,0.55223,0.29474
HTP,pooled_split,vit_b_16,224,1,01,18,0.77143,0.94884,0.29474
HTP,pooled_split,vit_b_16,224,1,02,18,0.5,0.5568,0.29474
HTP,pooled_split,vit_b_16,224,1,overall,19,0.66379,0.7567,0.29403
HTP,pooled_split,vit_b_16,224,1,00,19,0.58904,0.57565,0.29403
HTP,pooled_split,vit_b_16,224,1,01,19,0.79048,0.93251,0.29403
HTP,pooled_split,vit_b_16,224,1,02,19,0.51852,0.57924,0.29403
HTP,pooled_split,vit_b_16,224,1,overall,20,0.65517,0.73379,0.25427
HTP,pooled_split,vit_b_16,224,1,00,20,0.54795,0.53149,0.25427
HTP,pooled_split,vit_b_16,224,1,01,20,0.79048,0.9307,0.25427
HTP,pooled_split,vit_b_16,224,1,02,20,0.53704,0.56241,0.25427
HTP,pooled_split,vit_b_16,224,1,overall,21,0.63793,0.71672,0.2401
HTP,pooled_split,vit_b_16,224,1,00,21,0.58904,0.5937,0.2401
HTP,pooled_split,vit_b_16,224,1,01,21,0.71429,0.89586,0.2401
HTP,pooled_split,vit_b_16,224,1,02,21,0.55556,0.59888,0.2401
HTP,pooled_split,vit_b_16,224,1,overall,22,0.69397,0.77119,0.24224
HTP,pooled_split,vit_b_16,224,1,00,22,0.61644,0.65668,0.24224
HTP,pooled_split,vit_b_16,224,1,01,22,0.80952,0.91219,0.24224
HTP,pooled_split,vit_b_16,224,1,02,22,0.57407,0.59748,0.24224
HTP,pooled_split,vit_b_16,224,1,overall,23,0.63362,0.70811,0.25598
HTP,pooled_split,vit_b_16,224,1,00,23,0.50685,0.553,0.25598
HTP,pooled_split,vit_b_16,224,1,01,23,0.80952,0.88607,0.25598
HTP,pooled_split,vit_b_16,224,1,02,23,0.46296,0.4993,0.25598
HTP,pooled_split,vit_b_16,224,1,overall,24,0.68534,0.75232,0.23121
HTP,pooled_split,vit_b_16,224,1,00,24,0.63014,0.68356,0.23121
HTP,pooled_split,vit_b_16,224,1,01,24,0.78095,0.88679,0.23121
HTP,pooled_split,vit_b_16,224,1,02,24,0.57407,0.59327,0.23121
HTP,pooled_split,vit_b_16,224,1,overall,25,0.68534,0.7582,0.2351
HTP,pooled_split,vit_b_16,224,1,00,25,0.54795,0.62058,0.2351
HTP,pooled_split,vit_b_16,224,1,01,25,0.84762,0.9336,0.2351
HTP,pooled_split,vit_b_16,224,1,02,25,0.55556,0.58065,0.2351
HTP,pooled_split,vit_b_16,224,1,overall,26,0.68534,0.76033,0.20018
HTP,pooled_split,vit_b_16,224,1,00,26,0.58904,0.5937,0.20018
HTP,pooled_split,vit_b_16,224,1,01,26,0.82857,0.94303,0.20018
HTP,pooled_split,vit_b_16,224,1,02,26,0.53704,0.57223,0.20018
HTP,pooled_split,vit_b_16,224,1,overall,27,0.7069,0.75225,0.19028
HTP,pooled_split,vit_b_16,224,1,00,27,0.65753,0.6129,0.19028
HTP,pooled_split,vit_b_16,224,1,01,27,0.81905,0.92525,0.19028
HTP,pooled_split,vit_b_16,224,1,02,27,0.55556,0.58766,0.19028
HTP,pooled_split,vit_b_16,224,1,overall,28,0.67241,0.75034,0.2295
HTP,pooled_split,vit_b_16,224,1,00,28,0.49315,0.601,0.2295
HTP,pooled_split,vit_b_16,224,1,01,28,0.87619,0.92235,0.2295
HTP,pooled_split,vit_b_16,224,1,02,28,0.51852,0.56522,0.2295
HTP,pooled_split,vit_b_16,224,1,overall,29,0.6681,0.74693,0.18536
HTP,pooled_split,vit_b_16,224,1,00,29,0.64384,0.64823,0.18536
HTP,pooled_split,vit_b_16,224,1,01,29,0.75238,0.92344,0.18536
HTP,pooled_split,vit_b_16,224,1,02,29,0.53704,0.54558,0.18536
HTP,pooled_split,vit_b_16,224,1,overall,30,0.71121,0.76636,0.20653
HTP,pooled_split,vit_b_16,224,1,00,30,0.64384,0.63172,0.20653
HTP,pooled_split,vit_b_16,224,1,01,30,0.8381,0.93578,0.20653
HTP,pooled_split,vit_b_16,224,1,02,30,0.55556,0.58626,0.20653
HTP,pooled_split,vit_b_16,224,1,overall,31,0.6681,0.68748,0.29464
HTP,pooled_split,vit_b_16,224,1,00,31,0.61644,0.65515,0.29464
HTP,pooled_split,vit_b_16,224,1,01,31,0.7619,0.80443,0.29464
HTP,pooled_split,vit_b_16,224,1,02,31,0.55556,0.58205,0.29464
HTP,pooled_split,vit_b_16,224,1,overall,32,0.69397,0.74423,0.19056
HTP,pooled_split,vit_b_16,224,1,00,32,0.63014,0.63671,0.19056
HTP,pooled_split,vit_b_16,224,1,01,32,0.80952,0.89913,0.19056
HTP,pooled_split,vit_b_16,224,1,02,32,0.55556,0.59607,0.19056
HTP,pooled_split,vit_b_16,224,1,overall,33,0.68534,0.72997,0.19859
HTP,pooled_split,vit_b_16,224,1,00,33,0.58904,0.61559,0.19859
HTP,pooled_split,vit_b_16,224,1,01,33,0.84762,0.89731,0.19859
HTP,pooled_split,vit_b_16,224,1,02,33,0.5,0.5561,0.19859
HTP,pooled_split,vit_b_16,224,1,overall,34,0.64655,0.70216,0.20734
HTP,pooled_split,vit_b_16,224,1,00,34,0.57534,0.62212,0.20734
HTP,pooled_split,vit_b_16,224,1,01,34,0.74286,0.86357,0.20734
HTP,pooled_split,vit_b_16,224,1,02,34,0.55556,0.53436,0.20734
HTP,pooled_split,vit_b_16,224,1,overall,35,0.69828,0.74693,0.184
HTP,pooled_split,vit_b_16,224,1,00,35,0.58904,0.62596,0.184
HTP,pooled_split,vit_b_16,224,1,01,35,0.85714,0.92017,0.184
HTP,pooled_split,vit_b_16,224,1,02,35,0.53704,0.53717,0.184
HTP,pooled_split,vit_b_16,224,1,overall,36,0.64224,0.71956,0.17268
HTP,pooled_split,vit_b_16,224,1,00,36,0.56164,0.5745,0.17268
HTP,pooled_split,vit_b_16,224,1,01,36,0.7619,0.89514,0.17268
HTP,pooled_split,vit_b_16,224,1,02,36,0.51852,0.54137,0.17268
HTP,pooled_split,vit_b_16,224,1,overall,37,0.66379,0.75172,0.16261
HTP,pooled_split,vit_b_16,224,1,00,37,0.61644,0.67358,0.16261
HTP,pooled_split,vit_b_16,224,1,01,37,0.74286,0.89296,0.16261
HTP,pooled_split,vit_b_16,224,1,02,37,0.57407,0.57363,0.16261
HTP,pooled_split,vit_b_16,224,1,overall,38,0.68103,0.75547,0.20022
HTP,pooled_split,vit_b_16,224,1,00,38,0.60274,0.61674,0.20022
HTP,pooled_split,vit_b_16,224,1,01,38,0.8381,0.93904,0.20022
HTP,pooled_split,vit_b_16,224,1,02,38,0.48148,0.55259,0.20022
HTP,pooled_split,vit_b_16,224,1,overall,39,0.69828,0.73911,0.16201
HTP,pooled_split,vit_b_16,224,1,00,39,0.57534,0.61444,0.16201
HTP,pooled_split,vit_b_16,224,1,01,39,0.86667,0.92598,0.16201
HTP,pooled_split,vit_b_16,224,1,02,39,0.53704,0.52595,0.16201
HTP,pooled_split,vit_b_16,224,1,overall,40,0.67672,0.73634,0.21651
HTP,pooled_split,vit_b_16,224,1,00,40,0.64384,0.63518,0.21651
HTP,pooled_split,vit_b_16,224,1,01,40,0.78095,0.89695,0.21651
HTP,pooled_split,vit_b_16,224,1,02,40,0.51852,0.554,0.21651
HTP,pooled_split,vit_b_16,224,1,overall,41,0.68966,0.76194,0.19725
HTP,pooled_split,vit_b_16,224,1,00,41,0.63014,0.68203,0.19725
HTP,pooled_split,vit_b_16,224,1,01,41,0.82857,0.91618,0.19725
HTP,pooled_split,vit_b_16,224,1,02,41,0.5,0.54278,0.19725
HTP,pooled_split,vit_b_16,224,1,overall,42,0.68103,0.71425,0.15961
HTP,pooled_split,vit_b_16,224,1,00,42,0.57534,0.60983,0.15961
HTP,pooled_split,vit_b_16,224,1,01,42,0.8381,0.88425,0.15961
HTP,pooled_split,vit_b_16,224,1,02,42,0.51852,0.5021,0.15961
HTP,pooled_split,vit_b_16,224,1,overall,43,0.67672,0.75307,0.1721
HTP,pooled_split,vit_b_16,224,1,00,43,0.60274,0.64516,0.1721
HTP,pooled_split,vit_b_16,224,1,01,43,0.81905,0.9209,0.1721
HTP,pooled_split,vit_b_16,224,1,02,43,0.5,0.54418,0.1721
HTP,pooled_split,vit_b_16,224,1,overall,44,0.68103,0.73551,0.15946
HTP,pooled_split,vit_b_16,224,1,00,44,0.64384,0.6321,0.15946
HTP,pooled_split,vit_b_16,224,1,01,44,0.8,0.9053,0.15946
HTP,pooled_split,vit_b_16,224,1,02,44,0.5,0.53296,0.15946
HTP,pooled_split,vit_b_16,224,1,overall,45,0.69397,0.76265,0.15532
HTP,pooled_split,vit_b_16,224,1,00,45,0.61644,0.65054,0.15532
HTP,pooled_split,vit_b_16,224,1,01,45,0.8381,0.92997,0.15532
HTP,pooled_split,vit_b_16,224,1,02,45,0.51852,0.58626,0.15532
HTP,pooled_split,vit_b_16,224,1,overall,46,0.69397,0.75007,0.15481
HTP,pooled_split,vit_b_16,224,1,00,46,0.60274,0.65207,0.15481
HTP,pooled_split,vit_b_16,224,1,01,46,0.84762,0.91509,0.15481
HTP,pooled_split,vit_b_16,224,1,02,46,0.51852,0.53156,0.15481
HTP,pooled_split,vit_b_16,224,1,overall,47,0.6681,0.74558,0.18094
HTP,pooled_split,vit_b_16,224,1,00,47,0.57534,0.6106,0.18094
HTP,pooled_split,vit_b_16,224,1,01,47,0.78095,0.91364,0.18094
HTP,pooled_split,vit_b_16,224,1,02,47,0.57407,0.58626,0.18094
HTP,pooled_split,vit_b_16,224,1,overall,48,0.67241,0.7564,0.10983
HTP,pooled_split,vit_b_16,224,1,00,48,0.61644,0.6682,0.10983
HTP,pooled_split,vit_b_16,224,1,01,48,0.8,0.91564,0.10983
HTP,pooled_split,vit_b_16,224,1,02,48,0.5,0.5554,0.10983
HTP,pooled_split,vit_b_16,224,1,overall,49,0.63793,0.691,0.14281
HTP,pooled_split,vit_b_16,224,1,00,49,0.52055,0.61751,0.14281
HTP,pooled_split,vit_b_16,224,1,01,49,0.79048,0.86321,0.14281
HTP,pooled_split,vit_b_16,224,1,02,49,0.5,0.51192,0.14281
HTP,pooled_split,vit_b_16,224,1,overall,50,0.65086,0.72005,0.14635
HTP,pooled_split,vit_b_16,224,1,00,50,0.54795,0.5745,0.14635
HTP,pooled_split,vit_b_16,224,1,01,50,0.80952,0.89623,0.14635
HTP,pooled_split,vit_b_16,224,1,02,50,0.48148,0.54278,0.14635
HTP,pooled_split,vit_b_16,640,1,overall,1,0.61638,0.68276,0.69228
HTP,pooled_split,vit_b_16,640,1,00,1,0.46575,0.49078,0.69228
HTP,pooled_split,vit_b_16,640,1,01,1,0.77143,0.84543,0.69228
HTP,pooled_split,vit_b_16,640,1,02,1,0.51852,0.58345,0.69228
HTP,pooled_split,vit_b_16,640,1,overall,2,0.54741,0.68333,0.65856
HTP,pooled_split,vit_b_16,640,1,00,2,0.54795,0.49654,0.65856
HTP,pooled_split,vit_b_16,640,1,01,2,0.54286,0.87663,0.65856
HTP,pooled_split,vit_b_16,640,1,02,2,0.55556,0.59187,0.65856
HTP,pooled_split,vit_b_16,640,1,overall,3,0.65086,0.7226,0.60078
HTP,pooled_split,vit_b_16,640,1,00,3,0.57534,0.55069,0.60078
HTP,pooled_split,vit_b_16,640,1,01,3,0.73333,0.87736,0.60078
HTP,pooled_split,vit_b_16,640,1,02,3,0.59259,0.57784,0.60078
HTP,pooled_split,vit_b_16,640,1,overall,4,0.66379,0.74936,0.60503
HTP,pooled_split,vit_b_16,640,1,00,4,0.57534,0.60061,0.60503
HTP,pooled_split,vit_b_16,640,1,01,4,0.8,0.89459,0.60503
HTP,pooled_split,vit_b_16,640,1,02,4,0.51852,0.59187,0.60503
HTP,pooled_split,vit_b_16,640,1,overall,5,0.69828,0.76849,0.55744
HTP,pooled_split,vit_b_16,640,1,00,5,0.52055,0.54916,0.55744
HTP,pooled_split,vit_b_16,640,1,01,5,0.88571,0.94303,0.55744
HTP,pooled_split,vit_b_16,640,1,02,5,0.57407,0.57644,0.55744
HTP,pooled_split,vit_b_16,640,1,overall,6,0.63362,0.72773,0.56472
HTP,pooled_split,vit_b_16,640,1,00,6,0.47945,0.51344,0.56472
HTP,pooled_split,vit_b_16,640,1,01,6,0.79048,0.87881,0.56472
HTP,pooled_split,vit_b_16,640,1,02,6,0.53704,0.60028,0.56472
HTP,pooled_split,vit_b_16,640,1,overall,7,0.65086,0.72013,0.57594
HTP,pooled_split,vit_b_16,640,1,00,7,0.53425,0.52381,0.57594
HTP,pooled_split,vit_b_16,640,1,01,7,0.77143,0.88498,0.57594
HTP,pooled_split,vit_b_16,640,1,02,7,0.57407,0.56101,0.57594
HTP,pooled_split,vit_b_16,640,1,overall,8,0.68966,0.78923,0.50385
HTP,pooled_split,vit_b_16,640,1,00,8,0.57534,0.6298,0.50385
HTP,pooled_split,vit_b_16,640,1,01,8,0.85714,0.93541,0.50385
HTP,pooled_split,vit_b_16,640,1,02,8,0.51852,0.58065,0.50385
HTP,pooled_split,vit_b_16,640,1,overall,9,0.68966,0.78706,0.51132
HTP,pooled_split,vit_b_16,640,1,00,9,0.58904,0.63134,0.51132
HTP,pooled_split,vit_b_16,640,1,01,9,0.82857,0.95356,0.51132
HTP,pooled_split,vit_b_16,640,1,02,9,0.55556,0.57223,0.51132
HTP,pooled_split,vit_b_16,640,1,overall,10,0.69397,0.76232,0.51611
HTP,pooled_split,vit_b_16,640,1,00,10,0.57534,0.61598,0.51611
HTP,pooled_split,vit_b_16,640,1,01,10,0.8381,0.90566,0.51611
HTP,pooled_split,vit_b_16,640,1,02,10,0.57407,0.62342,0.51611
HTP,pooled_split,vit_b_16,640,1,overall,11,0.70259,0.79125,0.46356
HTP,pooled_split,vit_b_16,640,1,00,11,0.60274,0.63825,0.46356
HTP,pooled_split,vit_b_16,640,1,01,11,0.85714,0.94086,0.46356
HTP,pooled_split,vit_b_16,640,1,02,11,0.53704,0.554,0.46356
HTP,pooled_split,vit_b_16,640,1,overall,12,0.69828,0.7959,0.46884
HTP,pooled_split,vit_b_16,640,1,00,12,0.60274,0.62519,0.46884
HTP,pooled_split,vit_b_16,640,1,01,12,0.86667,0.93396,0.46884
HTP,pooled_split,vit_b_16,640,1,02,12,0.5,0.61851,0.46884
HTP,pooled_split,vit_b_16,640,1,overall,13,0.70259,0.78377,0.43684
HTP,pooled_split,vit_b_16,640,1,00,13,0.52055,0.57373,0.43684
HTP,pooled_split,vit_b_16,640,1,01,13,0.89524,0.95192,0.43684
HTP,pooled_split,vit_b_16,640,1,02,13,0.57407,0.62553,0.43684
HTP,pooled_split,vit_b_16,640,1,overall,14,0.63793,0.70893,0.38166
HTP,pooled_split,vit_b_16,640,1,00,14,0.60274,0.60292,0.38166
HTP,pooled_split,vit_b_16,640,1,01,14,0.70476,0.8545,0.38166
HTP,pooled_split,vit_b_16,640,1,02,14,0.55556,0.554,0.38166
HTP,pooled_split,vit_b_16,640,1,overall,15,0.69828,0.78669,0.4024
HTP,pooled_split,vit_b_16,640,1,00,15,0.58904,0.68817,0.4024
HTP,pooled_split,vit_b_16,640,1,01,15,0.8381,0.90385,0.4024
HTP,pooled_split,vit_b_16,640,1,02,15,0.57407,0.6115,0.4024
HTP,pooled_split,vit_b_16,640,1,overall,16,0.69397,0.75513,0.34067
HTP,pooled_split,vit_b_16,640,1,00,16,0.56164,0.61598,0.34067
HTP,pooled_split,vit_b_16,640,1,01,16,0.8381,0.89332,0.34067
HTP,pooled_split,vit_b_16,640,1,02,16,0.59259,0.58345,0.34067
HTP,pooled_split,vit_b_16,640,1,overall,17,0.65517,0.75468,0.40141
HTP,pooled_split,vit_b_16,640,1,00,17,0.57534,0.64747,0.40141
HTP,pooled_split,vit_b_16,640,1,01,17,0.7619,0.8574,0.40141
HTP,pooled_split,vit_b_16,640,1,02,17,0.55556,0.62553,0.40141
HTP,pooled_split,vit_b_16,640,1,overall,18,0.68966,0.78871,0.35276
HTP,pooled_split,vit_b_16,640,1,00,18,0.63014,0.67358,0.35276
HTP,pooled_split,vit_b_16,640,1,01,18,0.77143,0.92344,0.35276
HTP,pooled_split,vit_b_16,640,1,02,18,0.61111,0.57924,0.35276
HTP,pooled_split,vit_b_16,640,1,overall,19,0.71121,0.81383,0.30717
HTP,pooled_split,vit_b_16,640,1,00,19,0.58904,0.6659,0.30717
HTP,pooled_split,vit_b_16,640,1,01,19,0.86667,0.95392,0.30717
HTP,pooled_split,vit_b_16,640,1,02,19,0.57407,0.61851,0.30717
HTP,pooled_split,vit_b_16,640,1,overall,20,0.7069,0.82023,0.30571
HTP,pooled_split,vit_b_16,640,1,00,20,0.63014,0.7043,0.30571
HTP,pooled_split,vit_b_16,640,1,01,20,0.85714,0.9521,0.30571
HTP,pooled_split,vit_b_16,640,1,02,20,0.51852,0.63254,0.30571
HTP,pooled_split,vit_b_16,640,1,overall,21,0.67672,0.75625,0.28474
HTP,pooled_split,vit_b_16,640,1,00,21,0.56164,0.63441,0.28474
HTP,pooled_split,vit_b_16,640,1,01,21,0.80952,0.91001,0.28474
HTP,pooled_split,vit_b_16,640,1,02,21,0.57407,0.57574,0.28474
HTP,pooled_split,vit_b_16,640,1,overall,22,0.7069,0.79852,0.27666
HTP,pooled_split,vit_b_16,640,1,00,22,0.57534,0.66206,0.27666
HTP,pooled_split,vit_b_16,640,1,01,22,0.87619,0.93868,0.27666
HTP,pooled_split,vit_b_16,640,1,02,22,0.55556,0.62272,0.27666
HTP,pooled_split,vit_b_16,640,1,overall,23,0.69828,0.78489,0.32288
HTP,pooled_split,vit_b_16,640,1,00,23,0.57534,0.62826,0.32288
HTP,pooled_split,vit_b_16,640,1,01,23,0.85714,0.95174,0.32288
HTP,pooled_split,vit_b_16,640,1,02,23,0.55556,0.57644,0.32288
HTP,pooled_split,vit_b_16,640,1,overall,24,0.67241,0.78231,0.28562
HTP,pooled_split,vit_b_16,640,1,00,24,0.63014,0.66206,0.28562
HTP,pooled_split,vit_b_16,640,1,01,24,0.82857,0.93541,0.28562
HTP,pooled_split,vit_b_16,640,1,02,24,0.42593,0.54698,0.28562
HTP,pooled_split,vit_b_16,640,1,overall,25,0.7069,0.80967,0.24838
HTP,pooled_split,vit_b_16,640,1,00,25,0.56164,0.6828,0.24838
HTP,pooled_split,vit_b_16,640,1,01,25,0.86667,0.95283,0.24838
HTP,pooled_split,vit_b_16,640,1,02,25,0.59259,0.6101,0.24838
HTP,pooled_split,vit_b_16,640,1,overall,26,0.70259,0.76621,0.21743
HTP,pooled_split,vit_b_16,640,1,00,26,0.60274,0.65015,0.21743
HTP,pooled_split,vit_b_16,640,1,01,26,0.82857,0.90131,0.21743
HTP,pooled_split,vit_b_16,640,1,02,26,0.59259,0.57363,0.21743
HTP,pooled_split,vit_b_16,640,1,overall,27,0.71121,0.79163,0.2
HTP,pooled_split,vit_b_16,640,1,00,27,0.67123,0.70084,0.2
HTP,pooled_split,vit_b_16,640,1,01,27,0.80952,0.92598,0.2
HTP,pooled_split,vit_b_16,640,1,02,27,0.57407,0.58906,0.2
HTP,pooled_split,vit_b_16,640,1,overall,28,0.66379,0.77033,0.18703
HTP,pooled_split,vit_b_16,640,1,00,28,0.52055,0.58564,0.18703
HTP,pooled_split,vit_b_16,640,1,01,28,0.85714,0.95791,0.18703
HTP,pooled_split,vit_b_16,640,1,02,28,0.48148,0.51052,0.18703
HTP,pooled_split,vit_b_16,640,1,overall,29,0.68966,0.78422,0.23814
HTP,pooled_split,vit_b_16,640,1,00,29,0.58904,0.63978,0.23814
HTP,pooled_split,vit_b_16,640,1,01,29,0.86667,0.94666,0.23814
HTP,pooled_split,vit_b_16,640,1,02,29,0.48148,0.56381,0.23814
HTP,pooled_split,vit_b_16,640,1,overall,30,0.67672,0.78081,0.17361
HTP,pooled_split,vit_b_16,640,1,00,30,0.57534,0.60906,0.17361
HTP,pooled_split,vit_b_16,640,1,01,30,0.84762,0.94231,0.17361
HTP,pooled_split,vit_b_16,640,1,02,30,0.48148,0.52454,0.17361
HTP,pooled_split,vit_b_16,640,1,overall,31,0.7069,0.79283,0.17497
HTP,pooled_split,vit_b_16,640,1,00,31,0.63014,0.67358,0.17497
HTP,pooled_split,vit_b_16,640,1,01,31,0.85714,0.92671,0.17497
HTP,pooled_split,vit_b_16,640,1,02,31,0.51852,0.58205,0.17497
HTP,pooled_split,vit_b_16,640,1,overall,32,0.68103,0.77523,0.1661
HTP,pooled_split,vit_b_16,640,1,00,32,0.56164,0.63441,0.1661
HTP,pooled_split,vit_b_16,640,1,01,32,0.85714,0.92054,0.1661
HTP,pooled_split,vit_b_16,640,1,02,32,0.5,0.52595,0.1661
HTP,pooled_split,vit_b_16,640,1,overall,33,0.68966,0.76977,0.17149
HTP,pooled_split,vit_b_16,640,1,00,33,0.60274,0.63978,0.17149
HTP,pooled_split,vit_b_16,640,1,01,33,0.81905,0.90711,0.17149
HTP,pooled_split,vit_b_16,640,1,02,33,0.55556,0.60309,0.17149
HTP,pooled_split,vit_b_16,640,1,overall,34,0.67672,0.78085,0.16595
HTP,pooled_split,vit_b_16,640,1,00,34,0.64384,0.71121,0.16595
HTP,pooled_split,vit_b_16,640,1,01,34,0.80952,0.90675,0.16595
HTP,pooled_split,vit_b_16,640,1,02,34,0.46296,0.55119,0.16595
HTP,pooled_split,vit_b_16,640,1,overall,35,0.67241,0.77725,0.12686
HTP,pooled_split,vit_b_16,640,1,00,35,0.58904,0.63287,0.12686
HTP,pooled_split,vit_b_16,640,1,01,35,0.81905,0.94448,0.12686
HTP,pooled_split,vit_b_16,640,1,02,35,0.5,0.52875,0.12686
HTP,pooled_split,vit_b_16,640,1,overall,36,0.69828,0.79792,0.16093
HTP,pooled_split,vit_b_16,640,1,00,36,0.64384,0.65361,0.16093
HTP,pooled_split,vit_b_16,640,1,01,36,0.80952,0.92417,0.16093
HTP,pooled_split,vit_b_16,640,1,02,36,0.55556,0.64656,0.16093
HTP,pooled_split,vit_b_16,640,1,overall,37,0.71552,0.79852,0.14033
HTP,pooled_split,vit_b_16,640,1,00,37,0.63014,0.69585,0.14033
HTP,pooled_split,vit_b_16,640,1,01,37,0.85714,0.93904,0.14033
HTP,pooled_split,vit_b_16,640,1,02,37,0.55556,0.56101,0.14033
HTP,pooled_split,vit_b_16,640,1,overall,38,0.67241,0.79455,0.17843
HTP,pooled_split,vit_b_16,640,1,00,38,0.61644,0.69048,0.17843
HTP,pooled_split,vit_b_16,640,1,01,38,0.82857,0.94485,0.17843
HTP,pooled_split,vit_b_16,640,1,02,38,0.44444,0.54839,0.17843
HTP,pooled_split,vit_b_16,640,1,overall,39,0.70259,0.80773,0.13392
HTP,pooled_split,vit_b_16,640,1,00,39,0.64384,0.6874,0.13392
HTP,pooled_split,vit_b_16,640,1,01,39,0.87619,0.95682,0.13392
HTP,pooled_split,vit_b_16,640,1,02,39,0.44444,0.5582,0.13392
HTP,pooled_split,vit_b_16,640,1,overall,40,0.68103,0.78579,0.13302
HTP,pooled_split,vit_b_16,640,1,00,40,0.65753,0.69508,0.13302
HTP,pooled_split,vit_b_16,640,1,01,40,0.82857,0.95501,0.13302
HTP,pooled_split,vit_b_16,640,1,02,40,0.42593,0.48527,0.13302
HTP,pooled_split,vit_b_16,640,1,overall,41,0.7069,0.79597,0.11132
HTP,pooled_split,vit_b_16,640,1,00,41,0.69863,0.72811,0.11132
HTP,pooled_split,vit_b_16,640,1,01,41,0.82857,0.9209,0.11132
HTP,pooled_split,vit_b_16,640,1,02,41,0.48148,0.57083,0.11132
HTP,pooled_split,vit_b_16,640,1,overall,42,0.71552,0.79841,0.15004
HTP,pooled_split,vit_b_16,640,1,00,42,0.61644,0.68126,0.15004
HTP,pooled_split,vit_b_16,640,1,01,42,0.89524,0.93723,0.15004
HTP,pooled_split,vit_b_16,640,1,02,42,0.5,0.54488,0.15004
HTP,pooled_split,vit_b_16,640,1,overall,43,0.71552,0.79657,0.09639
HTP,pooled_split,vit_b_16,640,1,00,43,0.65753,0.702,0.09639
HTP,pooled_split,vit_b_16,640,1,01,43,0.80952,0.92163,0.09639
HTP,pooled_split,vit_b_16,640,1,02,43,0.61111,0.56101,0.09639
HTP,pooled_split,vit_b_16,640,1,overall,44,0.69397,0.80765,0.10393
HTP,pooled_split,vit_b_16,640,1,00,44,0.61644,0.67127,0.10393
HTP,pooled_split,vit_b_16,640,1,01,44,0.84762,0.95537,0.10393
HTP,pooled_split,vit_b_16,640,1,02,44,0.5,0.5568,0.10393
HTP,pooled_split,vit_b_16,640,1,overall,45,0.71983,0.78126,0.09792
HTP,pooled_split,vit_b_16,640,1,00,45,0.68493,0.68817,0.09792
HTP,pooled_split,vit_b_16,640,1,01,45,0.86667,0.94049,0.09792
HTP,pooled_split,vit_b_16,640,1,02,45,0.48148,0.52034,0.09792
HTP,pooled_split,vit_b_16,640,1,overall,46,0.71121,0.79167,0.13487
HTP,pooled_split,vit_b_16,640,1,00,46,0.67123,0.697,0.13487
HTP,pooled_split,vit_b_16,640,1,01,46,0.84762,0.92707,0.13487
HTP,pooled_split,vit_b_16,640,1,02,46,0.5,0.53997,0.13487
HTP,pooled_split,vit_b_16,640,1,overall,47,0.71121,0.80571,0.12491
HTP,pooled_split,vit_b_16,640,1,00,47,0.61644,0.64055,0.12491
HTP,pooled_split,vit_b_16,640,1,01,47,0.88571,0.96081,0.12491
HTP,pooled_split,vit_b_16,640,1,02,47,0.5,0.5554,0.12491
HTP,pooled_split,vit_b_16,640,1,overall,48,0.7069,0.78616,0.15265
HTP,pooled_split,vit_b_16,640,1,00,48,0.61644,0.65438,0.15265
HTP,pooled_split,vit_b_16,640,1,01,48,0.85714,0.92725,0.15265
HTP,pooled_split,vit_b_16,640,1,02,48,0.53704,0.6115,0.15265
HTP,pooled_split,vit_b_16,640,1,overall,49,0.65517,0.76685,0.10302
HTP,pooled_split,vit_b_16,640,1,00,49,0.56164,0.65361,0.10302
HTP,pooled_split,vit_b_16,640,1,01,49,0.78095,0.90856,0.10302
HTP,pooled_split,vit_b_16,640,1,02,49,0.53704,0.59467,0.10302
HTP,pooled_split,vit_b_16,640,1,overall,50,0.6681,0.77022,0.09801
HTP,pooled_split,vit_b_16,640,1,00,50,0.61644,0.64593,0.09801
HTP,pooled_split,vit_b_16,640,1,01,50,0.77143,0.91546,0.09801
HTP,pooled_split,vit_b_16,640,1,02,50,0.53704,0.6115,0.09801
HTP,pooled_split,vit_b_16,224,2,overall,1,0.5431,0.61257,0.70525
HTP,pooled_split,vit_b_16,224,2,00,1,0.57534,0.44393,0.70525
HTP,pooled_split,vit_b_16,224,2,01,1,0.50476,0.7598,0.70525
HTP,pooled_split,vit_b_16,224,2,02,1,0.57407,0.51192,0.70525
HTP,pooled_split,vit_b_16,224,2,overall,2,0.5431,0.56454,0.69238
HTP,pooled_split,vit_b_16,224,2,00,2,0.57534,0.43971,0.69238
HTP,pooled_split,vit_b_16,224,2,01,2,0.50476,0.64351,0.69238
HTP,pooled_split,vit_b_16,224,2,02,2,0.57407,0.45302,0.69238
HTP,pooled_split,vit_b_16,224,2,overall,3,0.55603,0.63129,0.69043
HTP,pooled_split,vit_b_16,224,2,00,3,0.42466,0.45469,0.69043
HTP,pooled_split,vit_b_16,224,2,01,3,0.66667,0.74819,0.69043
HTP,pooled_split,vit_b_16,224,2,02,3,0.51852,0.6136,0.69043
HTP,pooled_split,vit_b_16,224,2,overall,4,0.5431,0.59438,0.68704
HTP,pooled_split,vit_b_16,224,2,00,4,0.57534,0.46467,0.68704
HTP,pooled_split,vit_b_16,224,2,01,4,0.50476,0.66963,0.68704
HTP,pooled_split,vit_b_16,224,2,02,4,0.57407,0.5021,0.68704
HTP,pooled_split,vit_b_16,224,2,overall,5,0.55603,0.60022,0.6805
HTP,pooled_split,vit_b_16,224,2,00,5,0.47945,0.59946,0.6805
HTP,pooled_split,vit_b_16,224,2,01,5,0.62857,0.66927,0.6805
HTP,pooled_split,vit_b_16,224,2,02,5,0.51852,0.52034,0.6805
HTP,pooled_split,vit_b_16,224,2,overall,6,0.51724,0.58704,0.68874
HTP,pooled_split,vit_b_16,224,2,00,6,0.46575,0.49462,0.68874
HTP,pooled_split,vit_b_16,224,2,01,6,0.58095,0.66092,0.68874
HTP,pooled_split,vit_b_16,224,2,02,6,0.46296,0.46985,0.68874
HTP,pooled_split,vit_b_16,224,2,overall,7,0.5,0.559,0.67672
HTP,pooled_split,vit_b_16,224,2,00,7,0.45205,0.50845,0.67672
HTP,pooled_split,vit_b_16,224,2,01,7,0.57143,0.5107,0.67672
HTP,pooled_split,vit_b_16,224,2,02,7,0.42593,0.46985,0.67672
HTP,pooled_split,vit_b_16,224,2,overall,8,0.57759,0.66712,0.68313
HTP,pooled_split,vit_b_16,224,2,00,8,0.54795,0.55069,0.68313
HTP,pooled_split,vit_b_16,224,2,01,8,0.6,0.79681,0.68313
HTP,pooled_split,vit_b_16,224,2,02,8,0.57407,0.52735,0.68313
HTP,pooled_split,vit_b_16,224,2,overall,9,0.53448,0.56076,0.67813
HTP,pooled_split,vit_b_16,224,2,00,9,0.47945,0.50845,0.67813
HTP,pooled_split,vit_b_16,224,2,01,9,0.59048,0.48784,0.67813
HTP,pooled_split,vit_b_16,224,2,02,9,0.5,0.50561,0.67813
HTP,pooled_split,vit_b_16,224,2,overall,10,0.5431,0.64046,0.67739
HTP,pooled_split,vit_b_16,224,2,00,10,0.57534,0.45929,0.67739
HTP,pooled_split,vit_b_16,224,2,01,10,0.50476,0.79173,0.67739
HTP,pooled_split,vit_b_16,224,2,02,10,0.57407,0.51192,0.67739
HTP,pooled_split,vit_b_16,224,2,overall,11,0.53017,0.6296,0.66439
HTP,pooled_split,vit_b_16,224,2,00,11,0.45205,0.55914,0.66439
HTP,pooled_split,vit_b_16,224,2,01,11,0.60952,0.67798,0.66439
HTP,pooled_split,vit_b_16,224,2,02,11,0.48148,0.62693,0.66439
HTP,pooled_split,vit_b_16,224,2,overall,12,0.5431,0.59292,0.67494
HTP,pooled_split,vit_b_16,224,2,00,12,0.57534,0.50154,0.67494
HTP,pooled_split,vit_b_16,224,2,01,12,0.50476,0.61956,0.67494
HTP,pooled_split,vit_b_16,224,2,02,12,0.57407,0.48387,0.67494
HTP,pooled_split,vit_b_16,224,2,overall,13,0.55172,0.67341,0.66894
HTP,pooled_split,vit_b_16,224,2,00,13,0.47945,0.57143,0.66894
HTP,pooled_split,vit_b_16,224,2,01,13,0.61905,0.81277,0.66894
HTP,pooled_split,vit_b_16,224,2,02,13,0.51852,0.61431,0.66894
HTP,pooled_split,vit_b_16,224,2,overall,14,0.5431,0.48244,0.68116
HTP,pooled_split,vit_b_16,224,2,00,14,0.57534,0.54724,0.68116
HTP,pooled_split,vit_b_16,224,2,01,14,0.50476,0.30207,0.68116
HTP,pooled_split,vit_b_16,224,2,02,14,0.57407,0.60309,0.68116
HTP,pooled_split,vit_b_16,224,2,overall,15,0.5431,0.58771,0.68974
HTP,pooled_split,vit_b_16,224,2,00,15,0.49315,0.44547,0.68974
HTP,pooled_split,vit_b_16,224,2,01,15,0.59048,0.69811,0.68974
HTP,pooled_split,vit_b_16,224,2,02,15,0.51852,0.48948,0.68974
HTP,pooled_split,vit_b_16,224,2,overall,16,0.55172,0.60988,0.68114
HTP,pooled_split,vit_b_16,224,2,00,16,0.45205,0.45507,0.68114
HTP,pooled_split,vit_b_16,224,2,01,16,0.6381,0.74075,0.68114
HTP,pooled_split,vit_b_16,224,2,02,16,0.51852,0.54137,0.68114
HTP,pooled_split,vit_b_16,224,2,overall,17,0.55603,0.63211,0.67485
HTP,pooled_split,vit_b_16,224,2,00,17,0.47945,0.4735,0.67485
HTP,pooled_split,vit_b_16,224,2,01,17,0.64762,0.72097,0.67485
HTP,pooled_split,vit_b_16,224,2,02,17,0.48148,0.52384,0.67485
HTP,pooled_split,vit_b_16,224,2,overall,18,0.46121,0.56986,0.66386
HTP,pooled_split,vit_b_16,224,2,00,18,0.38356,0.54071,0.66386
HTP,pooled_split,vit_b_16,224,2,01,18,0.49524,0.58672,0.66386
HTP,pooled_split,vit_b_16,224,2,02,18,0.5,0.67111,0.66386
HTP,pooled_split,vit_b_16,224,2,overall,19,0.5431,0.6411,0.67277
HTP,pooled_split,vit_b_16,224,2,00,19,0.57534,0.45584,0.67277
HTP,pooled_split,vit_b_16,224,2,01,19,0.50476,0.80044,0.67277
HTP,pooled_split,vit_b_16,224,2,02,19,0.57407,0.54698,0.67277
HTP,pooled_split,vit_b_16,224,2,overall,20,0.5431,0.63533,0.67157
HTP,pooled_split,vit_b_16,224,2,00,20,0.57534,0.4831,0.67157
HTP,pooled_split,vit_b_16,224,2,01,20,0.50476,0.77213,0.67157
HTP,pooled_split,vit_b_16,224,2,02,20,0.57407,0.54488,0.67157
HTP,pooled_split,vit_b_16,224,2,overall,21,0.50431,0.49787,0.64873
HTP,pooled_split,vit_b_16,224,2,00,21,0.43836,0.55684,0.64873
HTP,pooled_split,vit_b_16,224,2,01,21,0.58095,0.47079,0.64873
HTP,pooled_split,vit_b_16,224,2,02,21,0.44444,0.48527,0.64873
HTP,pooled_split,vit_b_16,224,2,overall,22,0.5431,0.49135,0.67661
HTP,pooled_split,vit_b_16,224,2,00,22,0.57534,0.548,0.67661
HTP,pooled_split,vit_b_16,224,2,01,22,0.50476,0.34634,0.67661
HTP,pooled_split,vit_b_16,224,2,02,22,0.57407,0.58696,0.67661
HTP,pooled_split,vit_b_16,224,2,overall,23,0.54741,0.55687,0.66044
HTP,pooled_split,vit_b_16,224,2,00,23,0.47945,0.59025,0.66044
HTP,pooled_split,vit_b_16,224,2,01,23,0.61905,0.54735,0.66044
HTP,pooled_split,vit_b_16,224,2,02,23,0.5,0.52525,0.66044
HTP,pooled_split,vit_b_16,224,2,overall,24,0.5431,0.52227,0.67097
HTP,pooled_split,vit_b_16,224,2,00,24,0.46575,0.57488,0.67097
HTP,pooled_split,vit_b_16,224,2,01,24,0.6,0.51542,0.67097
HTP,pooled_split,vit_b_16,224,2,02,24,0.53704,0.54418,0.67097
HTP,pooled_split,vit_b_16,224,2,overall,25,0.53879,0.61602,0.66773
HTP,pooled_split,vit_b_16,224,2,00,25,0.57534,0.45084,0.66773
HTP,pooled_split,vit_b_16,224,2,01,25,0.50476,0.76978,0.66773
HTP,pooled_split,vit_b_16,224,2,02,25,0.55556,0.46143,0.66773
HTP,pooled_split,vit_b_16,224,2,overall,26,0.55172,0.63234,0.65522
HTP,pooled_split,vit_b_16,224,2,00,26,0.45205,0.61521,0.65522
HTP,pooled_split,vit_b_16,224,2,01,26,0.6381,0.73258,0.65522
HTP,pooled_split,vit_b_16,224,2,02,26,0.51852,0.58976,0.65522
HTP,pooled_split,vit_b_16,224,2,overall,27,0.5431,0.46893,0.67232
HTP,pooled_split,vit_b_16,224,2,00,27,0.57534,0.55952,0.67232
HTP,pooled_split,vit_b_16,224,2,01,27,0.50476,0.29699,0.67232
HTP,pooled_split,vit_b_16,224,2,02,27,0.57407,0.67812,0.67232
HTP,pooled_split,vit_b_16,224,2,overall,28,0.50862,0.51071,0.67911
HTP,pooled_split,vit_b_16,224,2,00,28,0.45205,0.57181,0.67911
HTP,pooled_split,vit_b_16,224,2,01,28,0.5619,0.41818,0.67911
HTP,pooled_split,vit_b_16,224,2,02,28,0.48148,0.56452,0.67911
HTP,pooled_split,vit_b_16,224,2,overall,29,0.56034,0.62736,0.65535
HTP,pooled_split,vit_b_16,224,2,00,29,0.52055,0.54531,0.65535
HTP,pooled_split,vit_b_16,224,2,01,29,0.65714,0.76343,0.65535
HTP,pooled_split,vit_b_16,224,2,02,29,0.42593,0.47335,0.65535
HTP,pooled_split,vit_b_16,224,2,overall,30,0.61207,0.64683,0.64711
HTP,pooled_split,vit_b_16,224,2,00,30,0.54795,0.56068,0.64711
HTP,pooled_split,vit_b_16,224,2,01,30,0.72381,0.78374,0.64711
HTP,pooled_split,vit_b_16,224,2,02,30,0.48148,0.45302,0.64711
HTP,pooled_split,vit_b_16,224,2,overall,31,0.53879,0.63578,0.65319
HTP,pooled_split,vit_b_16,224,2,00,31,0.57534,0.55108,0.65319
HTP,pooled_split,vit_b_16,224,2,01,31,0.52381,0.76851,0.65319
HTP,pooled_split,vit_b_16,224,2,02,31,0.51852,0.43338,0.65319
HTP,pooled_split,vit_b_16,224,2,overall,32,0.61638,0.64207,0.65011
HTP,pooled_split,vit_b_16,224,2,00,32,0.56164,0.60215,0.65011
HTP,pooled_split,vit_b_16,224,2,01,32,0.75238,0.78266,0.65011
HTP,pooled_split,vit_b_16,224,2,02,32,0.42593,0.51893,0.65011
HTP,pooled_split,vit_b_16,224,2,overall,33,0.57328,0.65349,0.63879
HTP,pooled_split,vit_b_16,224,2,00,33,0.53425,0.51075,0.63879
HTP,pooled_split,vit_b_16,224,2,01,33,0.61905,0.79862,0.63879
HTP,pooled_split,vit_b_16,224,2,02,33,0.53704,0.51052,0.63879
HTP,pooled_split,vit_b_16,224,2,overall,34,0.62931,0.65895,0.62672
HTP,pooled_split,vit_b_16,224,2,00,34,0.61644,0.65207,0.62672
HTP,pooled_split,vit_b_16,224,2,01,34,0.73333,0.79681,0.62672
HTP,pooled_split,vit_b_16,224,2,02,34,0.44444,0.51052,0.62672
HTP,pooled_split,vit_b_16,224,2,overall,35,0.53879,0.50322,0.65745
HTP,pooled_split,vit_b_16,224,2,00,35,0.57534,0.59255,0.65745
HTP,pooled_split,vit_b_16,224,2,01,35,0.50476,0.41328,0.65745
HTP,pooled_split,vit_b_16,224,2,02,35,0.55556,0.53927,0.65745
HTP,pooled_split,vit_b_16,224,2,overall,36,0.5431,0.67449,0.6378
HTP,pooled_split,vit_b_16,224,2,00,36,0.56164,0.55069,0.6378
HTP,pooled_split,vit_b_16,224,2,01,36,0.50476,0.82202,0.6378
HTP,pooled_split,vit_b_16,224,2,02,36,0.59259,0.57784,0.6378
HTP,pooled_split,vit_b_16,224,2,overall,37,0.61638,0.67797,0.6392
HTP,pooled_split,vit_b_16,224,2,00,37,0.53425,0.55146,0.6392
HTP,pooled_split,vit_b_16,224,2,01,37,0.70476,0.85196,0.6392
HTP,pooled_split,vit_b_16,224,2,02,37,0.55556,0.60168,0.6392
HTP,pooled_split,vit_b_16,224,2,overall,38,0.53879,0.61718,0.64609
HTP,pooled_split,vit_b_16,224,2,00,38,0.56164,0.49117,0.64609
HTP,pooled_split,vit_b_16,224,2,01,38,0.50476,0.77014,0.64609
HTP,pooled_split,vit_b_16,224,2,02,38,0.57407,0.47195,0.64609
HTP,pooled_split,vit_b_16,224,2,overall,39,0.65948,0.70571,0.62505
HTP,pooled_split,vit_b_16,224,2,00,39,0.54795,0.59217,0.62505
HTP,pooled_split,vit_b_16,224,2,01,39,0.82857,0.87373,0.62505
HTP,pooled_split,vit_b_16,224,2,02,39,0.48148,0.50351,0.62505
HTP,pooled_split,vit_b_16,224,2,overall,40,0.58621,0.62354,0.6217
HTP,pooled_split,vit_b_16,224,2,00,40,0.49315,0.46429,0.6217
HTP,pooled_split,vit_b_16,224,2,01,40,0.67619,0.76669,0.6217
HTP,pooled_split,vit_b_16,224,2,02,40,0.53704,0.47616,0.6217
HTP,pooled_split,vit_b_16,224,2,overall,41,0.65517,0.71983,0.64211
HTP,pooled_split,vit_b_16,224,2,00,41,0.53425,0.57143,0.64211
HTP,pooled_split,vit_b_16,224,2,01,41,0.79048,0.87954,0.64211
HTP,pooled_split,vit_b_16,224,2,02,41,0.55556,0.56592,0.64211
HTP,pooled_split,vit_b_16,224,2,overall,42,0.68534,0.71249,0.62752
HTP,pooled_split,vit_b_16,224,2,00,42,0.53425,0.5023,0.62752
HTP,pooled_split,vit_b_16,224,2,01,42,0.8381,0.88824,0.62752
HTP,pooled_split,vit_b_16,224,2,02,42,0.59259,0.5554,0.62752
HTP,pooled_split,vit_b_16,224,2,overall,43,0.5431,0.56327,0.62469
HTP,pooled_split,vit_b_16,224,2,00,43,0.46575,0.56221,0.62469
HTP,pooled_split,vit_b_16,224,2,01,43,0.64762,0.67398,0.62469
HTP,pooled_split,vit_b_16,224,2,02,43,0.44444,0.45021,0.62469
HTP,pooled_split,vit_b_16,224,2,overall,44,0.5819,0.62133,0.62654
HTP,pooled_split,vit_b_16,224,2,00,44,0.53425,0.64439,0.62654
HTP,pooled_split,vit_b_16,224,2,01,44,0.66667,0.70864,0.62654
HTP,pooled_split,vit_b_16,224,2,02,44,0.48148,0.56662,0.62654
HTP,pooled_split,vit_b_16,224,2,overall,45,0.65948,0.71219,0.60977
HTP,pooled_split,vit_b_16,224,2,00,45,0.58904,0.56682,0.60977
HTP,pooled_split,vit_b_16,224,2,01,45,0.79048,0.91691,0.60977
HTP,pooled_split,vit_b_16,224,2,02,45,0.5,0.48948,0.60977
HTP,pooled_split,vit_b_16,224,2,overall,46,0.57759,0.69078,0.61375
HTP,pooled_split,vit_b_16,224,2,00,46,0.49315,0.56375,0.61375
HTP,pooled_split,vit_b_16,224,2,01,46,0.66667,0.84035,0.61375
HTP,pooled_split,vit_b_16,224,2,02,46,0.51852,0.5554,0.61375
HTP,pooled_split,vit_b_16,224,2,overall,47,0.59914,0.6417,0.59865
HTP,pooled_split,vit_b_16,224,2,00,47,0.50685,0.52458,0.59865
HTP,pooled_split,vit_b_16,224,2,01,47,0.71429,0.77522,0.59865
HTP,pooled_split,vit_b_16,224,2,02,47,0.5,0.47265,0.59865
HTP,pooled_split,vit_b_16,224,2,overall,48,0.65517,0.70283,0.60532
HTP,pooled_split,vit_b_16,224,2,00,48,0.60274,0.5768,0.60532
HTP,pooled_split,vit_b_16,224,2,01,48,0.75238,0.88861,0.60532
HTP,pooled_split,vit_b_16,224,2,02,48,0.53704,0.55961,0.60532
HTP,pooled_split,vit_b_16,224,2,overall,49,0.68966,0.71754,0.57948
HTP,pooled_split,vit_b_16,224,2,00,49,0.60274,0.60292,0.57948
HTP,pooled_split,vit_b_16,224,2,01,49,0.8381,0.88316,0.57948
HTP,pooled_split,vit_b_16,224,2,02,49,0.51852,0.59748,0.57948
HTP,pooled_split,vit_b_16,224,2,overall,50,0.65948,0.71185,0.60176
HTP,pooled_split,vit_b_16,224,2,00,50,0.53425,0.54071,0.60176
HTP,pooled_split,vit_b_16,224,2,01,50,0.8,0.91001,0.60176
HTP,pooled_split,vit_b_16,224,2,02,50,0.55556,0.53997,0.60176
HTP,pooled_split,vit_b_16,640,2,overall,1,0.5431,0.55069,0.75988
HTP,pooled_split,vit_b_16,640,2,00,1,0.57534,0.41782,0.75988
HTP,pooled_split,vit_b_16,640,2,01,1,0.50476,0.66872,0.75988
HTP,pooled_split,vit_b_16,640,2,02,1,0.57407,0.42777,0.75988
HTP,pooled_split,vit_b_16,640,2,overall,2,0.5431,0.58236,0.68683
HTP,pooled_split,vit_b_16,640,2,00,2,0.57534,0.43817,0.68683
HTP,pooled_split,vit_b_16,640,2,01,2,0.50476,0.7168,0.68683
HTP,pooled_split,vit_b_16,640,2,02,2,0.57407,0.46424,0.68683
HTP,pooled_split,vit_b_16,640,2,overall,3,0.68966,0.7254,0.67339
HTP,pooled_split,vit_b_16,640,2,00,3,0.54795,0.51613,0.67339
HTP,pooled_split,vit_b_16,640,2,01,3,0.81905,0.90312,0.67339
HTP,pooled_split,vit_b_16,640,2,02,3,0.62963,0.6087,0.67339
HTP,pooled_split,vit_b_16,640,2,overall,4,0.57759,0.72424,0.66201
HTP,pooled_split,vit_b_16,640,2,00,4,0.58904,0.53917,0.66201
HTP,pooled_split,vit_b_16,640,2,01,4,0.5619,0.90457,0.66201
HTP,pooled_split,vit_b_16,640,2,02,4,0.59259,0.62833,0.66201
HTP,pooled_split,vit_b_16,640,2,overall,5,0.56466,0.62837,0.64038
HTP,pooled_split,vit_b_16,640,2,00,5,0.45205,0.62596,0.64038
HTP,pooled_split,vit_b_16,640,2,01,5,0.66667,0.7148,0.64038
HTP,pooled_split,vit_b_16,640,2,02,5,0.51852,0.62132,0.64038
HTP,pooled_split,vit_b_16,640,2,overall,6,0.7069,0.77452,0.6323
HTP,pooled_split,vit_b_16,640,2,00,6,0.57534,0.59063,0.6323
HTP,pooled_split,vit_b_16,640,2,01,6,0.8381,0.9336,0.6323
HTP,pooled_split,vit_b_16,640,2,02,6,0.62963,0.60309,0.6323
HTP,pooled_split,vit_b_16,640,2,overall,7,0.70259,0.78414,0.61895
HTP,pooled_split,vit_b_16,640,2,00,7,0.58904,0.64209,0.61895
HTP,pooled_split,vit_b_16,640,2,01,7,0.81905,0.91219,0.61895
HTP,pooled_split,vit_b_16,640,2,02,7,0.62963,0.64656,0.61895
HTP,pooled_split,vit_b_16,640,2,overall,8,0.60345,0.68112,0.59681
HTP,pooled_split,vit_b_16,640,2,00,8,0.60274,0.58717,0.59681
HTP,pooled_split,vit_b_16,640,2,01,8,0.6,0.77975,0.59681
HTP,pooled_split,vit_b_16,640,2,02,8,0.61111,0.62973,0.59681
HTP,pooled_split,vit_b_16,640,2,overall,9,0.71121,0.81619,0.57077
HTP,pooled_split,vit_b_16,640,2,00,9,0.65753,0.71198,0.57077
HTP,pooled_split,vit_b_16,640,2,01,9,0.85714,0.94086,0.57077
HTP,pooled_split,vit_b_16,640,2,02,9,0.5,0.53717,0.57077
HTP,pooled_split,vit_b_16,640,2,overall,10,0.62931,0.76101,0.53267
HTP,pooled_split,vit_b_16,640,2,00,10,0.56164,0.61367,0.53267
HTP,pooled_split,vit_b_16,640,2,01,10,0.70476,0.89478,0.53267
HTP,pooled_split,vit_b_16,640,2,02,10,0.57407,0.60168,0.53267
HTP,pooled_split,vit_b_16,640,2,overall,11,0.64224,0.7789,0.52759
HTP,pooled_split,vit_b_16,640,2,00,11,0.60274,0.64055,0.52759
HTP,pooled_split,vit_b_16,640,2,01,11,0.71429,0.95065,0.52759
HTP,pooled_split,vit_b_16,640,2,02,11,0.55556,0.57363,0.52759
HTP,pooled_split,vit_b_16,640,2,overall,12,0.72414,0.78287,0.49159
HTP,pooled_split,vit_b_16,640,2,00,12,0.64384,0.66667,0.49159
HTP,pooled_split,vit_b_16,640,2,01,12,0.81905,0.89478,0.49159
HTP,pooled_split,vit_b_16,640,2,02,12,0.64815,0.64236,0.49159
HTP,pooled_split,vit_b_16,640,2,overall,13,0.71983,0.78601,0.51849
HTP,pooled_split,vit_b_16,640,2,00,13,0.64384,0.67051,0.51849
HTP,pooled_split,vit_b_16,640,2,01,13,0.8381,0.88679,0.51849
HTP,pooled_split,vit_b_16,640,2,02,13,0.59259,0.65919,0.51849
HTP,pooled_split,vit_b_16,640,2,overall,14,0.68534,0.80833,0.46587
HTP,pooled_split,vit_b_16,640,2,00,14,0.61644,0.66052,0.46587
HTP,pooled_split,vit_b_16,640,2,01,14,0.79048,0.91872,0.46587
HTP,pooled_split,vit_b_16,640,2,02,14,0.57407,0.71529,0.46587
HTP,pooled_split,vit_b_16,640,2,overall,15,0.74569,0.80578,0.44845
HTP,pooled_split,vit_b_16,640,2,00,15,0.65753,0.69201,0.44845
HTP,pooled_split,vit_b_16,640,2,01,15,0.87619,0.92525,0.44845
HTP,pooled_split,vit_b_16,640,2,02,15,0.61111,0.62833,0.44845
HTP,pooled_split,vit_b_16,640,2,overall,16,0.72414,0.81596,0.39754
HTP,pooled_split,vit_b_16,640,2,00,16,0.63014,0.70046,0.39754
HTP,pooled_split,vit_b_16,640,2,01,16,0.88571,0.91401,0.39754
HTP,pooled_split,vit_b_16,640,2,02,16,0.53704,0.63675,0.39754
HTP,pooled_split,vit_b_16,640,2,overall,17,0.69828,0.78968,0.3876
HTP,pooled_split,vit_b_16,640,2,00,17,0.63014,0.68817,0.3876
HTP,pooled_split,vit_b_16,640,2,01,17,0.84762,0.93687,0.3876
HTP,pooled_split,vit_b_16,640,2,02,17,0.5,0.5568,0.3876
HTP,pooled_split,vit_b_16,640,2,overall,18,0.71983,0.81184,0.38606
HTP,pooled_split,vit_b_16,640,2,00,18,0.67123,0.74885,0.38606
HTP,pooled_split,vit_b_16,640,2,01,18,0.84762,0.9238,0.38606
HTP,pooled_split,vit_b_16,640,2,02,18,0.53704,0.59607,0.38606
HTP,pooled_split,vit_b_16,640,2,overall,19,0.67241,0.73308,0.3678
HTP,pooled_split,vit_b_16,640,2,00,19,0.69863,0.70737,0.3678
HTP,pooled_split,vit_b_16,640,2,01,19,0.73333,0.78701,0.3678
HTP,pooled_split,vit_b_16,640,2,02,19,0.51852,0.54137,0.3678
HTP,pooled_split,vit_b_16,640,2,overall,20,0.63793,0.70234,0.36608
HTP,pooled_split,vit_b_16,640,2,00,20,0.64384,0.63518,0.36608
HTP,pooled_split,vit_b_16,640,2,01,20,0.67619,0.8701,0.36608
HTP,pooled_split,vit_b_16,640,2,02,20,0.55556,0.53015,0.36608
HTP,pooled_split,vit_b_16,640,2,overall,21,0.72845,0.80061,0.32594
HTP,pooled_split,vit_b_16,640,2,00,21,0.69863,0.7404,0.32594
HTP,pooled_split,vit_b_16,640,2,01,21,0.80952,0.9082,0.32594
HTP,pooled_split,vit_b_16,640,2,02,21,0.61111,0.61431,0.32594
HTP,pooled_split,vit_b_16,640,2,overall,22,0.74138,0.79912,0.29159
HTP,pooled_split,vit_b_16,640,2,00,22,0.73973,0.7427,0.29159
HTP,pooled_split,vit_b_16,640,2,01,22,0.8381,0.90276,0.29159
HTP,pooled_split,vit_b_16,640,2,02,22,0.55556,0.56241,0.29159
HTP,pooled_split,vit_b_16,640,2,overall,23,0.73276,0.81353,0.30822
HTP,pooled_split,vit_b_16,640,2,00,23,0.73973,0.76267,0.30822
HTP,pooled_split,vit_b_16,640,2,01,23,0.84762,0.91292,0.30822
HTP,pooled_split,vit_b_16,640,2,02,23,0.5,0.58626,0.30822
HTP,pooled_split,vit_b_16,640,2,overall,24,0.73707,0.81873,0.29802
HTP,pooled_split,vit_b_16,640,2,00,24,0.61644,0.67742,0.29802
HTP,pooled_split,vit_b_16,640,2,01,24,0.88571,0.95464,0.29802
HTP,pooled_split,vit_b_16,640,2,02,24,0.61111,0.61571,0.29802
HTP,pooled_split,vit_b_16,640,2,overall,25,0.70259,0.78175,0.26199
HTP,pooled_split,vit_b_16,640,2,00,25,0.71233,0.72965,0.26199
HTP,pooled_split,vit_b_16,640,2,01,25,0.79048,0.91147,0.26199
HTP,pooled_split,vit_b_16,640,2,02,25,0.51852,0.56381,0.26199
HTP,pooled_split,vit_b_16,640,2,overall,26,0.69397,0.78055,0.30919
HTP,pooled_split,vit_b_16,640,2,00,26,0.73973,0.73502,0.30919
HTP,pooled_split,vit_b_16,640,2,01,26,0.71429,0.90965,0.30919
HTP,pooled_split,vit_b_16,640,2,02,26,0.59259,0.56241,0.30919
HTP,pooled_split,vit_b_16,640,2,overall,27,0.68966,0.78399,0.24998
HTP,pooled_split,vit_b_16,640,2,00,27,0.65753,0.72811,0.24998
HTP,pooled_split,vit_b_16,640,2,01,27,0.78095,0.89405,0.24998
HTP,pooled_split,vit_b_16,640,2,02,27,0.55556,0.51613,0.24998
HTP,pooled_split,vit_b_16,640,2,overall,28,0.72845,0.78568,0.28512
HTP,pooled_split,vit_b_16,640,2,00,28,0.72603,0.70891,0.28512
HTP,pooled_split,vit_b_16,640,2,01,28,0.80952,0.91001,0.28512
HTP,pooled_split,vit_b_16,640,2,02,28,0.57407,0.55119,0.28512
HTP,pooled_split,vit_b_16,640,2,overall,29,0.7069,0.78882,0.22494
HTP,pooled_split,vit_b_16,640,2,00,29,0.69863,0.74347,0.22494
HTP,pooled_split,vit_b_16,640,2,01,29,0.80952,0.89967,0.22494
HTP,pooled_split,vit_b_16,640,2,02,29,0.51852,0.53296,0.22494
HTP,pooled_split,vit_b_16,640,2,overall,30,0.75431,0.82615,0.22577
HTP,pooled_split,vit_b_16,640,2,00,30,0.72603,0.77189,0.22577
HTP,pooled_split,vit_b_16,640,2,01,30,0.85714,0.93977,0.22577
HTP,pooled_split,vit_b_16,640,2,02,30,0.59259,0.58205,0.22577
HTP,pooled_split,vit_b_16,640,2,overall,31,0.75431,0.82645,0.1981
HTP,pooled_split,vit_b_16,640,2,00,31,0.76712,0.79724,0.1981
HTP,pooled_split,vit_b_16,640,2,01,31,0.82857,0.8984,0.1981
HTP,pooled_split,vit_b_16,640,2,02,31,0.59259,0.64516,0.1981
HTP,pooled_split,vit_b_16,640,2,overall,32,0.74569,0.81914,0.19764
HTP,pooled_split,vit_b_16,640,2,00,32,0.73973,0.81375,0.19764
HTP,pooled_split,vit_b_16,640,2,01,32,0.84762,0.90276,0.19764
HTP,pooled_split,vit_b_16,640,2,02,32,0.55556,0.53717,0.19764
HTP,pooled_split,vit_b_16,640,2,overall,33,0.72414,0.79762,0.19624
HTP,pooled_split,vit_b_16,640,2,00,33,0.68493,0.69969,0.19624
HTP,pooled_split,vit_b_16,640,2,01,33,0.8381,0.918,0.19624
HTP,pooled_split,vit_b_16,640,2,02,33,0.55556,0.56662,0.19624
HTP,pooled_split,vit_b_16,640,2,overall,34,0.67672,0.80084,0.1959
HTP,pooled_split,vit_b_16,640,2,00,34,0.75342,0.76114,0.1959
HTP,pooled_split,vit_b_16,640,2,01,34,0.70476,0.94811,0.1959
HTP,pooled_split,vit_b_16,640,2,02,34,0.51852,0.55259,0.1959
HTP,pooled_split,vit_b_16,640,2,overall,35,0.71983,0.79987,0.1759
HTP,pooled_split,vit_b_16,640,2,00,35,0.71233,0.75269,0.1759
HTP,pooled_split,vit_b_16,640,2,01,35,0.8381,0.91473,0.1759
HTP,pooled_split,vit_b_16,640,2,02,35,0.5,0.56381,0.1759
HTP,pooled_split,vit_b_16,640,2,overall,36,0.73276,0.81001,0.19071
HTP,pooled_split,vit_b_16,640,2,00,36,0.71233,0.77266,0.19071
HTP,pooled_split,vit_b_16,640,2,01,36,0.8381,0.93723,0.19071
HTP,pooled_split,vit_b_16,640,2,02,36,0.55556,0.52104,0.19071
HTP,pooled_split,vit_b_16,640,2,overall,37,0.72845,0.79335,0.15542
HTP,pooled_split,vit_b_16,640,2,00,37,0.71233,0.76959,0.15542
HTP,pooled_split,vit_b_16,640,2,01,37,0.81905,0.9082,0.15542
HTP,pooled_split,vit_b_16,640,2,02,37,0.57407,0.52174,0.15542
HTP,pooled_split,vit_b_16,640,2,overall,38,0.68534,0.7454,0.1692
HTP,pooled_split,vit_b_16,640,2,00,38,0.67123,0.69508,0.1692
HTP,pooled_split,vit_b_16,640,2,01,38,0.7619,0.85994,0.1692
HTP,pooled_split,vit_b_16,640,2,02,38,0.55556,0.55119,0.1692
HTP,pooled_split,vit_b_16,640,2,overall,39,0.75431,0.82031,0.15561
HTP,pooled_split,vit_b_16,640,2,00,39,0.75342,0.77189,0.15561
HTP,pooled_split,vit_b_16,640,2,01,39,0.80952,0.91691,0.15561
HTP,pooled_split,vit_b_16,640,2,02,39,0.64815,0.6115,0.15561
HTP,pooled_split,vit_b_16,640,2,overall,40,0.75431,0.81162,0.15326
HTP,pooled_split,vit_b_16,640,2,00,40,0.73973,0.74194,0.15326
HTP,pooled_split,vit_b_16,640,2,01,40,0.87619,0.94049,0.15326
HTP,pooled_split,vit_b_16,640,2,02,40,0.53704,0.54418,0.15326
HTP,pooled_split,vit_b_16,640,2,overall,41,0.73276,0.80271,0.15362
HTP,pooled_split,vit_b_16,640,2,00,41,0.71233,0.7788,0.15362
HTP,pooled_split,vit_b_16,640,2,01,41,0.8381,0.91655,0.15362
HTP,pooled_split,vit_b_16,640,2,02,41,0.55556,0.53576,0.15362
HTP,pooled_split,vit_b_16,640,2,overall,42,0.75862,0.82686,0.17318
HTP,pooled_split,vit_b_16,640,2,00,42,0.72603,0.76344,0.17318
HTP,pooled_split,vit_b_16,640,2,01,42,0.88571,0.94739,0.17318
HTP,pooled_split,vit_b_16,640,2,02,42,0.55556,0.57644,0.17318
HTP,pooled_split,vit_b_16,640,2,overall,43,0.75431,0.8096,0.12128
HTP,pooled_split,vit_b_16,640,2,00,43,0.75342,0.7788,0.12128
HTP,pooled_split,vit_b_16,640,2,01,43,0.85714,0.92126,0.12128
HTP,pooled_split,vit_b_16,640,2,02,43,0.55556,0.58205,0.12128
HTP,pooled_split,vit_b_16,640,2,overall,44,0.77586,0.82577,0.125
HTP,pooled_split,vit_b_16,640,2,00,44,0.76712,0.79416,0.125
HTP,pooled_split,vit_b_16,640,2,01,44,0.84762,0.92707,0.125
HTP,pooled_split,vit_b_16,640,2,02,44,0.64815,0.57924,0.125
HTP,pooled_split,vit_b_16,640,2,overall,45,0.75,0.81566,0.1109
HTP,pooled_split,vit_b_16,640,2,00,45,0.75342,0.82949,0.1109
HTP,pooled_split,vit_b_16,640,2,01,45,0.82857,0.94521,0.1109
HTP,pooled_split,vit_b_16,640,2,02,45,0.59259,0.53436,0.1109
HTP,pooled_split,vit_b_16,640,2,overall,46,0.73276,0.80211,0.1516
HTP,pooled_split,vit_b_16,640,2,00,46,0.71233,0.7573,0.1516
HTP,pooled_split,vit_b_16,640,2,01,46,0.82857,0.92017,0.1516
HTP,pooled_split,vit_b_16,640,2,02,46,0.57407,0.53857,0.1516
HTP,pooled_split,vit_b_16,640,2,overall,47,0.7069,0.78392,0.11907
HTP,pooled_split,vit_b_16,640,2,00,47,0.67123,0.70276,0.11907
HTP,pooled_split,vit_b_16,640,2,01,47,0.81905,0.9131,0.11907
HTP,pooled_split,vit_b_16,640,2,02,47,0.53704,0.54067,0.11907
HTP,pooled_split,vit_b_16,640,2,overall,48,0.74138,0.80507,0.10798
HTP,pooled_split,vit_b_16,640,2,00,48,0.82192,0.82335,0.10798
HTP,pooled_split,vit_b_16,640,2,01,48,0.79048,0.89822,0.10798
HTP,pooled_split,vit_b_16,640,2,02,48,0.53704,0.58205,0.10798
HTP,pooled_split,vit_b_16,640,2,overall,49,0.75431,0.80956,0.10121
HTP,pooled_split,vit_b_16,640,2,00,49,0.68493,0.74501,0.10121
HTP,pooled_split,vit_b_16,640,2,01,49,0.87619,0.93306,0.10121
HTP,pooled_split,vit_b_16,640,2,02,49,0.61111,0.54558,0.10121
HTP,pooled_split,vit_b_16,640,2,overall,50,0.75431,0.81813,0.10693
HTP,pooled_split,vit_b_16,640,2,00,50,0.71233,0.7381,0.10693
HTP,pooled_split,vit_b_16,640,2,01,50,0.87619,0.93687,0.10693
HTP,pooled_split,vit_b_16,640,2,02,50,0.57407,0.56381,0.10693
HTP,pooled_split,vit_b_16,224,3,overall,1,0.47414,0.56357,0.71691
HTP,pooled_split,vit_b_16,224,3,00,1,0.45205,0.60906,0.71691
HTP,pooled_split,vit_b_16,224,3,01,1,0.50476,0.48657,0.71691
HTP,pooled_split,vit_b_16,224,3,02,1,0.44444,0.56802,0.71691
HTP,pooled_split,vit_b_16,224,3,overall,2,0.5431,0.6527,0.686
HTP,pooled_split,vit_b_16,224,3,00,2,0.57534,0.60983,0.686
HTP,pooled_split,vit_b_16,224,3,01,2,0.50476,0.70864,0.686
HTP,pooled_split,vit_b_16,224,3,02,2,0.57407,0.60168,0.686
HTP,pooled_split,vit_b_16,224,3,overall,3,0.59914,0.65768,0.66379
HTP,pooled_split,vit_b_16,224,3,00,3,0.52055,0.64977,0.66379
HTP,pooled_split,vit_b_16,224,3,01,3,0.67619,0.72732,0.66379
HTP,pooled_split,vit_b_16,224,3,02,3,0.55556,0.52875,0.66379
HTP,pooled_split,vit_b_16,224,3,overall,4,0.62069,0.75333,0.65247
HTP,pooled_split,vit_b_16,224,3,00,4,0.56164,0.57604,0.65247
HTP,pooled_split,vit_b_16,224,3,01,4,0.66667,0.88026,0.65247
HTP,pooled_split,vit_b_16,224,3,02,4,0.61111,0.67602,0.65247
HTP,pooled_split,vit_b_16,224,3,overall,5,0.61207,0.74644,0.65738
HTP,pooled_split,vit_b_16,224,3,00,5,0.60274,0.67281,0.65738
HTP,pooled_split,vit_b_16,224,3,01,5,0.60952,0.86538,0.65738
HTP,pooled_split,vit_b_16,224,3,02,5,0.62963,0.57924,0.65738
HTP,pooled_split,vit_b_16,224,3,overall,6,0.60345,0.64825,0.6432
HTP,pooled_split,vit_b_16,224,3,00,6,0.56164,0.6129,0.6432
HTP,pooled_split,vit_b_16,224,3,01,6,0.61905,0.67598,0.6432
HTP,pooled_split,vit_b_16,224,3,02,6,0.62963,0.60168,0.6432
HTP,pooled_split,vit_b_16,224,3,overall,7,0.5819,0.65315,0.61695
HTP,pooled_split,vit_b_16,224,3,00,7,0.47945,0.47081,0.61695
HTP,pooled_split,vit_b_16,224,3,01,7,0.64762,0.77576,0.61695
HTP,pooled_split,vit_b_16,224,3,02,7,0.59259,0.60168,0.61695
HTP,pooled_split,vit_b_16,224,3,overall,8,0.5431,0.65042,0.66425
HTP,pooled_split,vit_b_16,224,3,00,8,0.57534,0.58641,0.66425
HTP,pooled_split,vit_b_16,224,3,01,8,0.50476,0.69811,0.66425
HTP,pooled_split,vit_b_16,224,3,02,8,0.57407,0.6129,0.66425
HTP,pooled_split,vit_b_16,224,3,overall,9,0.50862,0.59629,0.68622
HTP,pooled_split,vit_b_16,224,3,00,9,0.46575,0.53994,0.68622
HTP,pooled_split,vit_b_16,224,3,01,9,0.54286,0.64713,0.68622
HTP,pooled_split,vit_b_16,224,3,02,9,0.5,0.53857,0.68622
HTP,pooled_split,vit_b_16,224,3,overall,10,0.64655,0.69527,0.67426
HTP,pooled_split,vit_b_16,224,3,00,10,0.54795,0.61022,0.67426
HTP,pooled_split,vit_b_16,224,3,01,10,0.71429,0.77286,0.67426
HTP,pooled_split,vit_b_16,224,3,02,10,0.64815,0.65498,0.67426
HTP,pooled_split,vit_b_16,224,3,overall,11,0.68103,0.76737,0.61763
HTP,pooled_split,vit_b_16,224,3,00,11,0.61644,0.64286,0.61763
HTP,pooled_split,vit_b_16,224,3,01,11,0.77143,0.89877,0.61763
HTP,pooled_split,vit_b_16,224,3,02,11,0.59259,0.63394,0.61763
HTP,pooled_split,vit_b_16,224,3,overall,12,0.60345,0.70313,0.62497
HTP,pooled_split,vit_b_16,224,3,00,12,0.58904,0.65899,0.62497
HTP,pooled_split,vit_b_16,224,3,01,12,0.59048,0.80298,0.62497
HTP,pooled_split,vit_b_16,224,3,02,12,0.64815,0.60449,0.62497
HTP,pooled_split,vit_b_16,224,3,overall,13,0.68103,0.71279,0.58902
HTP,pooled_split,vit_b_16,224,3,00,13,0.63014,0.64516,0.58902
HTP,pooled_split,vit_b_16,224,3,01,13,0.77143,0.83091,0.58902
HTP,pooled_split,vit_b_16,224,3,02,13,0.57407,0.6122,0.58902
HTP,pooled_split,vit_b_16,224,3,overall,14,0.72414,0.78628,0.58206
HTP,pooled_split,vit_b_16,224,3,00,14,0.60274,0.64209,0.58206
HTP,pooled_split,vit_b_16,224,3,01,14,0.85714,0.91473,0.58206
HTP,pooled_split,vit_b_16,224,3,02,14,0.62963,0.62973,0.58206
HTP,pooled_split,vit_b_16,224,3,overall,15,0.49569,0.53175,0.64462
HTP,pooled_split,vit_b_16,224,3,00,15,0.45205,0.50115,0.64462
HTP,pooled_split,vit_b_16,224,3,01,15,0.53333,0.35377,0.64462
HTP,pooled_split,vit_b_16,224,3,02,15,0.48148,0.65849,0.64462
HTP,pooled_split,vit_b_16,224,3,overall,16,0.55603,0.674,0.65935
HTP,pooled_split,vit_b_16,224,3,00,16,0.50685,0.61137,0.65935
HTP,pooled_split,vit_b_16,224,3,01,16,0.6,0.75399,0.65935
HTP,pooled_split,vit_b_16,224,3,02,16,0.53704,0.60309,0.65935
HTP,pooled_split,vit_b_16,224,3,overall,17,0.7069,0.73742,0.58735
HTP,pooled_split,vit_b_16,224,3,00,17,0.64384,0.69508,0.58735
HTP,pooled_split,vit_b_16,224,3,01,17,0.77143,0.80515,0.58735
HTP,pooled_split,vit_b_16,224,3,02,17,0.66667,0.6662,0.58735
HTP,pooled_split,vit_b_16,224,3,overall,18,0.68534,0.78478,0.57097
HTP,pooled_split,vit_b_16,224,3,00,18,0.63014,0.67204,0.57097
HTP,pooled_split,vit_b_16,224,3,01,18,0.75238,0.90675,0.57097
HTP,pooled_split,vit_b_16,224,3,02,18,0.62963,0.65919,0.57097
HTP,pooled_split,vit_b_16,224,3,overall,19,0.66379,0.73345,0.53715
HTP,pooled_split,vit_b_16,224,3,00,19,0.57534,0.66513,0.53715
HTP,pooled_split,vit_b_16,224,3,01,19,0.71429,0.8008,0.53715
HTP,pooled_split,vit_b_16,224,3,02,19,0.68519,0.65217,0.53715
HTP,pooled_split,vit_b_16,224,3,overall,20,0.71983,0.78774,0.57526
HTP,pooled_split,vit_b_16,224,3,00,20,0.61644,0.67742,0.57526
HTP,pooled_split,vit_b_16,224,3,01,20,0.85714,0.91872,0.57526
HTP,pooled_split,vit_b_16,224,3,02,20,0.59259,0.62272,0.57526
HTP,pooled_split,vit_b_16,224,3,overall,21,0.68966,0.80279,0.51376
HTP,pooled_split,vit_b_16,224,3,00,21,0.50685,0.57873,0.51376
HTP,pooled_split,vit_b_16,224,3,01,21,0.86667,0.94485,0.51376
HTP,pooled_split,vit_b_16,224,3,02,21,0.59259,0.65217,0.51376
HTP,pooled_split,vit_b_16,224,3,overall,22,0.58621,0.60112,0.53289
HTP,pooled_split,vit_b_16,224,3,00,22,0.50685,0.5553,0.53289
HTP,pooled_split,vit_b_16,224,3,01,22,0.65714,0.61774,0.53289
HTP,pooled_split,vit_b_16,224,3,02,22,0.55556,0.62132,0.53289
HTP,pooled_split,vit_b_16,224,3,overall,23,0.57759,0.68636,0.53611
HTP,pooled_split,vit_b_16,224,3,00,23,0.53425,0.57988,0.53611
HTP,pooled_split,vit_b_16,224,3,01,23,0.62857,0.7725,0.53611
HTP,pooled_split,vit_b_16,224,3,02,23,0.53704,0.62553,0.53611
HTP,pooled_split,vit_b_16,224,3,overall,24,0.57759,0.79605,0.49203
HTP,pooled_split,vit_b_16,224,3,00,24,0.57534,0.7235,0.49203
HTP,pooled_split,vit_b_16,224,3,01,24,0.5619,0.9238,0.49203
HTP,pooled_split,vit_b_16,224,3,02,24,0.61111,0.62833,0.49203
HTP,pooled_split,vit_b_16,224,3,overall,25,0.66379,0.7628,0.49386
HTP,pooled_split,vit_b_16,224,3,00,25,0.60274,0.6275,0.49386
HTP,pooled_split,vit_b_16,224,3,01,25,0.77143,0.90203,0.49386
HTP,pooled_split,vit_b_16,224,3,02,25,0.53704,0.60168,0.49386
HTP,pooled_split,vit_b_16,224,3,overall,26,0.70259,0.79515,0.47819
HTP,pooled_split,vit_b_16,224,3,00,26,0.65753,0.71352,0.47819
HTP,pooled_split,vit_b_16,224,3,01,26,0.81905,0.92054,0.47819
HTP,pooled_split,vit_b_16,224,3,02,26,0.53704,0.57784,0.47819
HTP,pooled_split,vit_b_16,224,3,overall,27,0.62931,0.73038,0.46595
HTP,pooled_split,vit_b_16,224,3,00,27,0.57534,0.64593,0.46595
HTP,pooled_split,vit_b_16,224,3,01,27,0.69524,0.83708,0.46595
HTP,pooled_split,vit_b_16,224,3,02,27,0.57407,0.6129,0.46595
HTP,pooled_split,vit_b_16,224,3,overall,28,0.73707,0.81727,0.43099
HTP,pooled_split,vit_b_16,224,3,00,28,0.64384,0.71275,0.43099
HTP,pooled_split,vit_b_16,224,3,01,28,0.86667,0.94884,0.43099
HTP,pooled_split,vit_b_16,224,3,02,28,0.61111,0.60168,0.43099
HTP,pooled_split,vit_b_16,224,3,overall,29,0.63793,0.77868,0.424
HTP,pooled_split,vit_b_16,224,3,00,29,0.63014,0.69662,0.424
HTP,pooled_split,vit_b_16,224,3,01,29,0.64762,0.89586,0.424
HTP,pooled_split,vit_b_16,224,3,02,29,0.62963,0.6648,0.424
HTP,pooled_split,vit_b_16,224,3,overall,30,0.72414,0.80204,0.44348
HTP,pooled_split,vit_b_16,224,3,00,30,0.63014,0.66052,0.44348
HTP,pooled_split,vit_b_16,224,3,01,30,0.84762,0.94303,0.44348
HTP,pooled_split,vit_b_16,224,3,02,30,0.61111,0.63534,0.44348
HTP,pooled_split,vit_b_16,224,3,overall,31,0.71121,0.77164,0.41329
HTP,pooled_split,vit_b_16,224,3,00,31,0.63014,0.67396,0.41329
HTP,pooled_split,vit_b_16,224,3,01,31,0.82857,0.90893,0.41329
HTP,pooled_split,vit_b_16,224,3,02,31,0.59259,0.63114,0.41329
HTP,pooled_split,vit_b_16,224,3,overall,32,0.71983,0.795,0.38757
HTP,pooled_split,vit_b_16,224,3,00,32,0.58904,0.67435,0.38757
HTP,pooled_split,vit_b_16,224,3,01,32,0.86667,0.94194,0.38757
HTP,pooled_split,vit_b_16,224,3,02,32,0.61111,0.62272,0.38757
HTP,pooled_split,vit_b_16,224,3,overall,33,0.72845,0.81304,0.35507
HTP,pooled_split,vit_b_16,224,3,00,33,0.60274,0.68433,0.35507
HTP,pooled_split,vit_b_16,224,3,01,33,0.89524,0.96081,0.35507
HTP,pooled_split,vit_b_16,224,3,02,33,0.57407,0.6101,0.35507
HTP,pooled_split,vit_b_16,224,3,overall,34,0.73707,0.79388,0.34781
HTP,pooled_split,vit_b_16,224,3,00,34,0.63014,0.65975,0.34781
HTP,pooled_split,vit_b_16,224,3,01,34,0.85714,0.92779,0.34781
HTP,pooled_split,vit_b_16,224,3,02,34,0.64815,0.65498,0.34781
HTP,pooled_split,vit_b_16,224,3,overall,35,0.71552,0.80503,0.3447
HTP,pooled_split,vit_b_16,224,3,00,35,0.65753,0.74501,0.3447
HTP,pooled_split,vit_b_16,224,3,01,35,0.78095,0.93287,0.3447
HTP,pooled_split,vit_b_16,224,3,02,35,0.66667,0.61992,0.3447
HTP,pooled_split,vit_b_16,224,3,overall,36,0.64655,0.72746,0.35094
HTP,pooled_split,vit_b_16,224,3,00,36,0.58904,0.63364,0.35094
HTP,pooled_split,vit_b_16,224,3,01,36,0.70476,0.82075,0.35094
HTP,pooled_split,vit_b_16,224,3,02,36,0.61111,0.63394,0.35094
HTP,pooled_split,vit_b_16,224,3,overall,37,0.71983,0.77546,0.34147
HTP,pooled_split,vit_b_16,224,3,00,37,0.67123,0.70507,0.34147
HTP,pooled_split,vit_b_16,224,3,01,37,0.82857,0.88135,0.34147
HTP,pooled_split,vit_b_16,224,3,02,37,0.57407,0.62833,0.34147
HTP,pooled_split,vit_b_16,224,3,overall,38,0.70259,0.77456,0.30099
HTP,pooled_split,vit_b_16,224,3,00,38,0.60274,0.63594,0.30099
HTP,pooled_split,vit_b_16,224,3,01,38,0.80952,0.90348,0.30099
HTP,pooled_split,vit_b_16,224,3,02,38,0.62963,0.68022,0.30099
HTP,pooled_split,vit_b_16,224,3,overall,39,0.75431,0.82304,0.29291
HTP,pooled_split,vit_b_16,224,3,00,39,0.61644,0.63978,0.29291
HTP,pooled_split,vit_b_16,224,3,01,39,0.92381,0.98403,0.29291
HTP,pooled_split,vit_b_16,224,3,02,39,0.61111,0.65217,0.29291
HTP,pooled_split,vit_b_16,224,3,overall,40,0.71983,0.80469,0.28899
HTP,pooled_split,vit_b_16,224,3,00,40,0.60274,0.65054,0.28899
HTP,pooled_split,vit_b_16,224,3,01,40,0.84762,0.95972,0.28899
HTP,pooled_split,vit_b_16,224,3,02,40,0.62963,0.65708,0.28899
HTP,pooled_split,vit_b_16,224,3,overall,41,0.71552,0.77493,0.2993
HTP,pooled_split,vit_b_16,224,3,00,41,0.63014,0.64209,0.2993
HTP,pooled_split,vit_b_16,224,3,01,41,0.8381,0.90675,0.2993
HTP,pooled_split,vit_b_16,224,3,02,41,0.59259,0.69004,0.2993
HTP,pooled_split,vit_b_16,224,3,overall,42,0.67672,0.79784,0.26882
HTP,pooled_split,vit_b_16,224,3,00,42,0.58904,0.70584,0.26882
HTP,pooled_split,vit_b_16,224,3,01,42,0.78095,0.92598,0.26882
HTP,pooled_split,vit_b_16,224,3,02,42,0.59259,0.61711,0.26882
HTP,pooled_split,vit_b_16,224,3,overall,43,0.67241,0.75809,0.28991
HTP,pooled_split,vit_b_16,224,3,00,43,0.68493,0.71736,0.28991
HTP,pooled_split,vit_b_16,224,3,01,43,0.78095,0.90131,0.28991
HTP,pooled_split,vit_b_16,224,3,02,43,0.44444,0.56101,0.28991
HTP,pooled_split,vit_b_16,224,3,overall,44,0.73707,0.80784,0.26748
HTP,pooled_split,vit_b_16,224,3,00,44,0.64384,0.67358,0.26748
HTP,pooled_split,vit_b_16,224,3,01,44,0.87619,0.94666,0.26748
HTP,pooled_split,vit_b_16,224,3,02,44,0.59259,0.63534,0.26748
HTP,pooled_split,vit_b_16,224,3,overall,45,0.70259,0.78422,0.24572
HTP,pooled_split,vit_b_16,224,3,00,45,0.67123,0.702,0.24572
HTP,pooled_split,vit_b_16,224,3,01,45,0.79048,0.92235,0.24572
HTP,pooled_split,vit_b_16,224,3,02,45,0.57407,0.63254,0.24572
HTP,pooled_split,vit_b_16,224,3,overall,46,0.68966,0.79526,0.23753
HTP,pooled_split,vit_b_16,224,3,00,46,0.60274,0.65899,0.23753
HTP,pooled_split,vit_b_16,224,3,01,46,0.80952,0.95882,0.23753
HTP,pooled_split,vit_b_16,224,3,02,46,0.57407,0.6087,0.23753
HTP,pooled_split,vit_b_16,224,3,overall,47,0.68103,0.80795,0.23615
HTP,pooled_split,vit_b_16,224,3,00,47,0.58904,0.6851,0.23615
HTP,pooled_split,vit_b_16,224,3,01,47,0.82857,0.96916,0.23615
HTP,pooled_split,vit_b_16,224,3,02,47,0.51852,0.58485,0.23615
HTP,pooled_split,vit_b_16,224,3,overall,48,0.73707,0.8321,0.30141
HTP,pooled_split,vit_b_16,224,3,00,48,0.63014,0.70276,0.30141
HTP,pooled_split,vit_b_16,224,3,01,48,0.88571,0.97134,0.30141
HTP,pooled_split,vit_b_16,224,3,02,48,0.59259,0.62412,0.30141
HTP,pooled_split,vit_b_16,224,3,overall,49,0.71983,0.81319,0.23793
HTP,pooled_split,vit_b_16,224,3,00,49,0.64384,0.72734,0.23793
HTP,pooled_split,vit_b_16,224,3,01,49,0.8,0.93723,0.23793
HTP,pooled_split,vit_b_16,224,3,02,49,0.66667,0.68163,0.23793
HTP,pooled_split,vit_b_16,224,3,overall,50,0.74138,0.80945,0.2326
HTP,pooled_split,vit_b_16,224,3,00,50,0.65753,0.72657,0.2326
HTP,pooled_split,vit_b_16,224,3,01,50,0.88571,0.92816,0.2326
HTP,pooled_split,vit_b_16,224,3,02,50,0.57407,0.65077,0.2326
HTP,pooled_split,vit_b_16,640,3,overall,1,0.5431,0.67535,0.72259
HTP,pooled_split,vit_b_16,640,3,00,1,0.57534,0.67204,0.72259
HTP,pooled_split,vit_b_16,640,3,01,1,0.50476,0.79536,0.72259
HTP,pooled_split,vit_b_16,640,3,02,1,0.57407,0.53857,0.72259
HTP,pooled_split,vit_b_16,640,3,overall,2,0.51293,0.61242,0.66179
HTP,pooled_split,vit_b_16,640,3,00,2,0.46575,0.52842,0.66179
HTP,pooled_split,vit_b_16,640,3,01,2,0.55238,0.59416,0.66179
HTP,pooled_split,vit_b_16,640,3,02,2,0.5,0.69144,0.66179
HTP,pooled_split,vit_b_16,640,3,overall,3,0.56466,0.61354,0.68872
HTP,pooled_split,vit_b_16,640,3,00,3,0.58904,0.6275,0.68872
HTP,pooled_split,vit_b_16,640,3,01,3,0.52381,0.6484,0.68872
HTP,pooled_split,vit_b_16,640,3,02,3,0.61111,0.54278,0.68872
HTP,pooled_split,vit_b_16,640,3,overall,4,0.68534,0.73735,0.65924
HTP,pooled_split,vit_b_16,640,3,00,4,0.60274,0.57911,0.65924
HTP,pooled_split,vit_b_16,640,3,01,4,0.77143,0.87355,0.65924
HTP,pooled_split,vit_b_16,640,3,02,4,0.62963,0.61571,0.65924
HTP,pooled_split,vit_b_16,640,3,overall,5,0.68966,0.7494,0.63385
HTP,pooled_split,vit_b_16,640,3,00,5,0.58904,0.58218,0.63385
HTP,pooled_split,vit_b_16,640,3,01,5,0.77143,0.86502,0.63385
HTP,pooled_split,vit_b_16,640,3,02,5,0.66667,0.69846,0.63385
HTP,pooled_split,vit_b_16,640,3,overall,6,0.63362,0.74813,0.60794
HTP,pooled_split,vit_b_16,640,3,00,6,0.53425,0.60369,0.60794
HTP,pooled_split,vit_b_16,640,3,01,6,0.74286,0.87228,0.60794
HTP,pooled_split,vit_b_16,640,3,02,6,0.55556,0.61992,0.60794
HTP,pooled_split,vit_b_16,640,3,overall,7,0.5819,0.74476,0.63375
HTP,pooled_split,vit_b_16,640,3,00,7,0.54795,0.64286,0.63375
HTP,pooled_split,vit_b_16,640,3,01,7,0.62857,0.83745,0.63375
HTP,pooled_split,vit_b_16,640,3,02,7,0.53704,0.69705,0.63375
HTP,pooled_split,vit_b_16,640,3,overall,8,0.68534,0.75386,0.6081
HTP,pooled_split,vit_b_16,640,3,00,8,0.63014,0.63902,0.6081
HTP,pooled_split,vit_b_16,640,3,01,8,0.77143,0.8545,0.6081
HTP,pooled_split,vit_b_16,640,3,02,8,0.59259,0.62693,0.6081
HTP,pooled_split,vit_b_16,640,3,overall,9,0.72845,0.78916,0.576
HTP,pooled_split,vit_b_16,640,3,00,9,0.54795,0.60906,0.576
HTP,pooled_split,vit_b_16,640,3,01,9,0.88571,0.91981,0.576
HTP,pooled_split,vit_b_16,640,3,02,9,0.66667,0.64937,0.576
HTP,pooled_split,vit_b_16,640,3,overall,10,0.64655,0.73899,0.58788
HTP,pooled_split,vit_b_16,640,3,00,10,0.60274,0.63518,0.58788
HTP,pooled_split,vit_b_16,640,3,01,10,0.74286,0.82438,0.58788
HTP,pooled_split,vit_b_16,640,3,02,10,0.51852,0.58485,0.58788
HTP,pooled_split,vit_b_16,640,3,overall,11,0.69828,0.78789,0.51958
HTP,pooled_split,vit_b_16,640,3,00,11,0.56164,0.64823,0.51958
HTP,pooled_split,vit_b_16,640,3,01,11,0.85714,0.91401,0.51958
HTP,pooled_split,vit_b_16,640,3,02,11,0.57407,0.6087,0.51958
HTP,pooled_split,vit_b_16,640,3,overall,12,0.71552,0.78968,0.53265
HTP,pooled_split,vit_b_16,640,3,00,12,0.64384,0.64823,0.53265
HTP,pooled_split,vit_b_16,640,3,01,12,0.86667,0.91364,0.53265
HTP,pooled_split,vit_b_16,640,3,02,12,0.51852,0.58485,0.53265
HTP,pooled_split,vit_b_16,640,3,overall,13,0.70259,0.80533,0.48438
HTP,pooled_split,vit_b_16,640,3,00,13,0.63014,0.70046,0.48438
HTP,pooled_split,vit_b_16,640,3,01,13,0.82857,0.91219,0.48438
HTP,pooled_split,vit_b_16,640,3,02,13,0.55556,0.59046,0.48438
HTP,pooled_split,vit_b_16,640,3,overall,14,0.69828,0.78489,0.49774
HTP,pooled_split,vit_b_16,640,3,00,14,0.64384,0.65899,0.49774
HTP,pooled_split,vit_b_16,640,3,01,14,0.80952,0.91074,0.49774
HTP,pooled_split,vit_b_16,640,3,02,14,0.55556,0.56101,0.49774
HTP,pooled_split,vit_b_16,640,3,overall,15,0.73276,0.80878,0.44842
HTP,pooled_split,vit_b_16,640,3,00,15,0.57534,0.64132,0.44842
HTP,pooled_split,vit_b_16,640,3,01,15,0.92381,0.96372,0.44842
HTP,pooled_split,vit_b_16,640,3,02,15,0.57407,0.53015,0.44842
HTP,pooled_split,vit_b_16,640,3,overall,16,0.7069,0.80256,0.40798
HTP,pooled_split,vit_b_16,640,3,00,16,0.58904,0.63364,0.40798
HTP,pooled_split,vit_b_16,640,3,01,16,0.87619,0.94557,0.40798
HTP,pooled_split,vit_b_16,640,3,02,16,0.53704,0.56802,0.40798
HTP,pooled_split,vit_b_16,640,3,overall,17,0.74138,0.80743,0.44478
HTP,pooled_split,vit_b_16,640,3,00,17,0.56164,0.60753,0.44478
HTP,pooled_split,vit_b_16,640,3,01,17,0.89524,0.9365,0.44478
HTP,pooled_split,vit_b_16,640,3,02,17,0.68519,0.68724,0.44478
HTP,pooled_split,vit_b_16,640,3,overall,18,0.61207,0.73398,0.43359
HTP,pooled_split,vit_b_16,640,3,00,18,0.57534,0.60369,0.43359
HTP,pooled_split,vit_b_16,640,3,01,18,0.67619,0.84398,0.43359
HTP,pooled_split,vit_b_16,640,3,02,18,0.53704,0.62973,0.43359
HTP,pooled_split,vit_b_16,640,3,overall,19,0.7069,0.78463,0.41113
HTP,pooled_split,vit_b_16,640,3,00,19,0.56164,0.59101,0.41113
HTP,pooled_split,vit_b_16,640,3,01,19,0.8381,0.93287,0.41113
HTP,pooled_split,vit_b_16,640,3,02,19,0.64815,0.64656,0.41113
HTP,pooled_split,vit_b_16,640,3,overall,20,0.71552,0.79215,0.36752
HTP,pooled_split,vit_b_16,640,3,00,20,0.64384,0.63134,0.36752
HTP,pooled_split,vit_b_16,640,3,01,20,0.85714,0.94013,0.36752
HTP,pooled_split,vit_b_16,640,3,02,20,0.53704,0.58626,0.36752
HTP,pooled_split,vit_b_16,640,3,overall,21,0.64655,0.69703,0.32766
HTP,pooled_split,vit_b_16,640,3,00,21,0.54795,0.57296,0.32766
HTP,pooled_split,vit_b_16,640,3,01,21,0.70476,0.78701,0.32766
HTP,pooled_split,vit_b_16,640,3,02,21,0.66667,0.64656,0.32766
HTP,pooled_split,vit_b_16,640,3,overall,22,0.72414,0.80155,0.36883
HTP,pooled_split,vit_b_16,640,3,00,22,0.64384,0.6682,0.36883
HTP,pooled_split,vit_b_16,640,3,01,22,0.8381,0.9062,0.36883
HTP,pooled_split,vit_b_16,640,3,02,22,0.61111,0.61571,0.36883
HTP,pooled_split,vit_b_16,640,3,overall,23,0.69397,0.78459,0.32728
HTP,pooled_split,vit_b_16,640,3,00,23,0.64384,0.65822,0.32728
HTP,pooled_split,vit_b_16,640,3,01,23,0.82857,0.94122,0.32728
HTP,pooled_split,vit_b_16,640,3,02,23,0.5,0.54839,0.32728
HTP,pooled_split,vit_b_16,640,3,overall,24,0.71983,0.80964,0.35486
HTP,pooled_split,vit_b_16,640,3,00,24,0.60274,0.69508,0.35486
HTP,pooled_split,vit_b_16,640,3,01,24,0.82857,0.90639,0.35486
HTP,pooled_split,vit_b_16,640,3,02,24,0.66667,0.63114,0.35486
HTP,pooled_split,vit_b_16,640,3,overall,25,0.7069,0.78714,0.29217
HTP,pooled_split,vit_b_16,640,3,00,25,0.65753,0.702,0.29217
HTP,pooled_split,vit_b_16,640,3,01,25,0.80952,0.86357,0.29217
HTP,pooled_split,vit_b_16,640,3,02,25,0.57407,0.63534,0.29217
HTP,pooled_split,vit_b_16,640,3,overall,26,0.56897,0.74277,0.33853
HTP,pooled_split,vit_b_16,640,3,00,26,0.57534,0.67896,0.33853
HTP,pooled_split,vit_b_16,640,3,01,26,0.55238,0.8057,0.33853
HTP,pooled_split,vit_b_16,640,3,02,26,0.59259,0.68303,0.33853
HTP,pooled_split,vit_b_16,640,3,overall,27,0.75862,0.84,0.31795
HTP,pooled_split,vit_b_16,640,3,00,27,0.68493,0.73656,0.31795
HTP,pooled_split,vit_b_16,640,3,01,27,0.85714,0.94485,0.31795
HTP,pooled_split,vit_b_16,640,3,02,27,0.66667,0.70126,0.31795
HTP,pooled_split,vit_b_16,640,3,overall,28,0.75431,0.8257,0.24176
HTP,pooled_split,vit_b_16,640,3,00,28,0.64384,0.7427,0.24176
HTP,pooled_split,vit_b_16,640,3,01,28,0.85714,0.91292,0.24176
HTP,pooled_split,vit_b_16,640,3,02,28,0.7037,0.64937,0.24176
HTP,pooled_split,vit_b_16,640,3,overall,29,0.73707,0.82083,0.24368
HTP,pooled_split,vit_b_16,640,3,00,29,0.68493,0.78879,0.24368
HTP,pooled_split,vit_b_16,640,3,01,29,0.86667,0.93904,0.24368
HTP,pooled_split,vit_b_16,640,3,02,29,0.55556,0.5554,0.24368
HTP,pooled_split,vit_b_16,640,3,overall,30,0.74569,0.82016,0.25398
HTP,pooled_split,vit_b_16,640,3,00,30,0.68493,0.7427,0.25398
HTP,pooled_split,vit_b_16,640,3,01,30,0.84762,0.92888,0.25398
HTP,pooled_split,vit_b_16,640,3,02,30,0.62963,0.62412,0.25398
HTP,pooled_split,vit_b_16,640,3,overall,31,0.71983,0.80391,0.23157
HTP,pooled_split,vit_b_16,640,3,00,31,0.69863,0.75384,0.23157
HTP,pooled_split,vit_b_16,640,3,01,31,0.78095,0.90421,0.23157
HTP,pooled_split,vit_b_16,640,3,02,31,0.62963,0.60729,0.23157
HTP,pooled_split,vit_b_16,640,3,overall,32,0.71121,0.80825,0.24023
HTP,pooled_split,vit_b_16,640,3,00,32,0.64384,0.73502,0.24023
HTP,pooled_split,vit_b_16,640,3,01,32,0.79048,0.91364,0.24023
HTP,pooled_split,vit_b_16,640,3,02,32,0.64815,0.62553,0.24023
HTP,pooled_split,vit_b_16,640,3,overall,33,0.73276,0.81035,0.21141
HTP,pooled_split,vit_b_16,640,3,00,33,0.65753,0.72504,0.21141
HTP,pooled_split,vit_b_16,640,3,01,33,0.82857,0.93179,0.21141
HTP,pooled_split,vit_b_16,640,3,02,33,0.64815,0.64236,0.21141
HTP,pooled_split,vit_b_16,640,3,overall,34,0.75431,0.81709,0.22377
HTP,pooled_split,vit_b_16,640,3,00,34,0.65753,0.6851,0.22377
HTP,pooled_split,vit_b_16,640,3,01,34,0.87619,0.95138,0.22377
HTP,pooled_split,vit_b_16,640,3,02,34,0.64815,0.62412,0.22377
HTP,pooled_split,vit_b_16,640,3,overall,35,0.71983,0.81024,0.22613
HTP,pooled_split,vit_b_16,640,3,00,35,0.68493,0.76267,0.22613
HTP,pooled_split,vit_b_16,640,3,01,35,0.80952,0.92054,0.22613
HTP,pooled_split,vit_b_16,640,3,02,35,0.59259,0.58906,0.22613
HTP,pooled_split,vit_b_16,640,3,overall,36,0.71983,0.78354,0.23638
HTP,pooled_split,vit_b_16,640,3,00,36,0.65753,0.7043,0.23638
HTP,pooled_split,vit_b_16,640,3,01,36,0.8,0.8574,0.23638
HTP,pooled_split,vit_b_16,640,3,02,36,0.64815,0.70407,0.23638
HTP,pooled_split,vit_b_16,640,3,overall,37,0.75,0.81012,0.20975
HTP,pooled_split,vit_b_16,640,3,00,37,0.71233,0.70891,0.20975
HTP,pooled_split,vit_b_16,640,3,01,37,0.8,0.93578,0.20975
HTP,pooled_split,vit_b_16,640,3,02,37,0.7037,0.65217,0.20975
HTP,pooled_split,vit_b_16,640,3,overall,38,0.7069,0.79792,0.16706
HTP,pooled_split,vit_b_16,640,3,00,38,0.60274,0.68356,0.16706
HTP,pooled_split,vit_b_16,640,3,01,38,0.82857,0.92308,0.16706
HTP,pooled_split,vit_b_16,640,3,02,38,0.61111,0.62693,0.16706
HTP,pooled_split,vit_b_16,640,3,overall,39,0.68966,0.78197,0.19151
HTP,pooled_split,vit_b_16,640,3,00,39,0.58904,0.69124,0.19151
HTP,pooled_split,vit_b_16,640,3,01,39,0.78095,0.88462,0.19151
HTP,pooled_split,vit_b_16,640,3,02,39,0.64815,0.64797,0.19151
HTP,pooled_split,vit_b_16,640,3,overall,40,0.74138,0.81907,0.16443
HTP,pooled_split,vit_b_16,640,3,00,40,0.72603,0.76882,0.16443
HTP,pooled_split,vit_b_16,640,3,01,40,0.8,0.88208,0.16443
HTP,pooled_split,vit_b_16,640,3,02,40,0.64815,0.70687,0.16443
HTP,pooled_split,vit_b_16,640,3,overall,41,0.73707,0.81196,0.16131
HTP,pooled_split,vit_b_16,640,3,00,41,0.67123,0.69662,0.16131
HTP,pooled_split,vit_b_16,640,3,01,41,0.84762,0.93287,0.16131
HTP,pooled_split,vit_b_16,640,3,02,41,0.61111,0.63604,0.16131
HTP,pooled_split,vit_b_16,640,3,overall,42,0.74138,0.80091,0.1622
HTP,pooled_split,vit_b_16,640,3,00,42,0.68493,0.73656,0.1622
HTP,pooled_split,vit_b_16,640,3,01,42,0.85714,0.90784,0.1622
HTP,pooled_split,vit_b_16,640,3,02,42,0.59259,0.59187,0.1622
HTP,pooled_split,vit_b_16,640,3,overall,43,0.66379,0.76827,0.16239
HTP,pooled_split,vit_b_16,640,3,00,43,0.60274,0.67512,0.16239
HTP,pooled_split,vit_b_16,640,3,01,43,0.72381,0.85867,0.16239
HTP,pooled_split,vit_b_16,640,3,02,43,0.62963,0.67461,0.16239
HTP,pooled_split,vit_b_16,640,3,overall,44,0.71983,0.8105,0.17635
HTP,pooled_split,vit_b_16,640,3,00,44,0.63014,0.70008,0.17635
HTP,pooled_split,vit_b_16,640,3,01,44,0.84762,0.93614,0.17635
HTP,pooled_split,vit_b_16,640,3,02,44,0.59259,0.61641,0.17635
HTP,pooled_split,vit_b_16,640,3,overall,45,0.71983,0.79814,0.12478
HTP,pooled_split,vit_b_16,640,3,00,45,0.67123,0.72734,0.12478
HTP,pooled_split,vit_b_16,640,3,01,45,0.8,0.91364,0.12478
HTP,pooled_split,vit_b_16,640,3,02,45,0.62963,0.61992,0.12478
HTP,pooled_split,vit_b_16,640,3,overall,46,0.68103,0.77235,0.16857
HTP,pooled_split,vit_b_16,640,3,00,46,0.58904,0.71736,0.16857
HTP,pooled_split,vit_b_16,640,3,01,46,0.78095,0.86067,0.16857
HTP,pooled_split,vit_b_16,640,3,02,46,0.61111,0.64656,0.16857
HTP,pooled_split,vit_b_16,640,3,overall,47,0.7069,0.78957,0.12968
HTP,pooled_split,vit_b_16,640,3,00,47,0.67123,0.72965,0.12968
HTP,pooled_split,vit_b_16,640,3,01,47,0.78095,0.89641,0.12968
HTP,pooled_split,vit_b_16,640,3,02,47,0.61111,0.57504,0.12968
HTP,pooled_split,vit_b_16,640,3,overall,48,0.74138,0.78863,0.19794
HTP,pooled_split,vit_b_16,640,3,00,48,0.75342,0.74962,0.19794
HTP,pooled_split,vit_b_16,640,3,01,48,0.80952,0.89187,0.19794
HTP,pooled_split,vit_b_16,640,3,02,48,0.59259,0.59467,0.19794
HTP,pooled_split,vit_b_16,640,3,overall,49,0.74569,0.82214,0.11428
HTP,pooled_split,vit_b_16,640,3,00,49,0.65753,0.7235,0.11428
HTP,pooled_split,vit_b_16,640,3,01,49,0.85714,0.93904,0.11428
HTP,pooled_split,vit_b_16,640,3,02,49,0.64815,0.63675,0.11428
HTP,pooled_split,vit_b_16,640,3,overall,50,0.71983,0.80264,0.14306
HTP,pooled_split,vit_b_16,640,3,00,50,0.68493,0.7404,0.14306
HTP,pooled_split,vit_b_16,640,3,01,50,0.8,0.89623,0.14306
HTP,pooled_split,vit_b_16,640,3,02,50,0.61111,0.66059,0.14306
HTP,pooled_split,vit_b_16,224,4,overall,1,0.46983,0.6086,0.7462
HTP,pooled_split,vit_b_16,224,4,00,1,0.45205,0.68011,0.7462
HTP,pooled_split,vit_b_16,224,4,01,1,0.50476,0.58037,0.7462
HTP,pooled_split,vit_b_16,224,4,02,1,0.42593,0.48808,0.7462
HTP,pooled_split,vit_b_16,224,4,overall,2,0.49569,0.62208,0.6895
HTP,pooled_split,vit_b_16,224,4,00,2,0.46575,0.61828,0.6895
HTP,pooled_split,vit_b_16,224,4,01,2,0.52381,0.6328,0.6895
HTP,pooled_split,vit_b_16,224,4,02,2,0.48148,0.5568,0.6895
HTP,pooled_split,vit_b_16,224,4,overall,3,0.56897,0.65027,0.68644
HTP,pooled_split,vit_b_16,224,4,00,3,0.52055,0.60023,0.68644
HTP,pooled_split,vit_b_16,224,4,01,3,0.64762,0.73748,0.68644
HTP,pooled_split,vit_b_16,224,4,02,3,0.48148,0.49369,0.68644
HTP,pooled_split,vit_b_16,224,4,overall,4,0.5431,0.64102,0.67518
HTP,pooled_split,vit_b_16,224,4,00,4,0.57534,0.5553,0.67518
HTP,pooled_split,vit_b_16,224,4,01,4,0.50476,0.75744,0.67518
HTP,pooled_split,vit_b_16,224,4,02,4,0.57407,0.52454,0.67518
HTP,pooled_split,vit_b_16,224,4,overall,5,0.5431,0.63717,0.68891
HTP,pooled_split,vit_b_16,224,4,00,5,0.57534,0.60253,0.68891
HTP,pooled_split,vit_b_16,224,4,01,5,0.50476,0.68342,0.68891
HTP,pooled_split,vit_b_16,224,4,02,5,0.57407,0.49649,0.68891
HTP,pooled_split,vit_b_16,224,4,overall,6,0.58621,0.67838,0.67618
HTP,pooled_split,vit_b_16,224,4,00,6,0.52055,0.58141,0.67618
HTP,pooled_split,vit_b_16,224,4,01,6,0.65714,0.78991,0.67618
HTP,pooled_split,vit_b_16,224,4,02,6,0.53704,0.53717,0.67618
HTP,pooled_split,vit_b_16,224,4,overall,7,0.5431,0.46488,0.6534
HTP,pooled_split,vit_b_16,224,4,00,7,0.57534,0.52688,0.6534
HTP,pooled_split,vit_b_16,224,4,01,7,0.50476,0.27322,0.6534
HTP,pooled_split,vit_b_16,224,4,02,7,0.57407,0.62132,0.6534
HTP,pooled_split,vit_b_16,224,4,overall,8,0.50862,0.64982,0.68867
HTP,pooled_split,vit_b_16,224,4,00,8,0.47945,0.61175,0.68867
HTP,pooled_split,vit_b_16,224,4,01,8,0.55238,0.7812,0.68867
HTP,pooled_split,vit_b_16,224,4,02,8,0.46296,0.46564,0.68867
HTP,pooled_split,vit_b_16,224,4,overall,9,0.50862,0.60842,0.67268
HTP,pooled_split,vit_b_16,224,4,00,9,0.46575,0.67704,0.67268
HTP,pooled_split,vit_b_16,224,4,01,9,0.54286,0.63861,0.67268
HTP,pooled_split,vit_b_16,224,4,02,9,0.5,0.56101,0.67268
HTP,pooled_split,vit_b_16,224,4,overall,10,0.5431,0.61594,0.66593
HTP,pooled_split,vit_b_16,224,4,00,10,0.57534,0.52458,0.66593
HTP,pooled_split,vit_b_16,224,4,01,10,0.50476,0.752,0.66593
HTP,pooled_split,vit_b_16,224,4,02,10,0.57407,0.4993,0.66593
HTP,pooled_split,vit_b_16,224,4,overall,11,0.5431,0.65884,0.69435
HTP,pooled_split,vit_b_16,224,4,00,11,0.57534,0.61022,0.69435
HTP,pooled_split,vit_b_16,224,4,01,11,0.50476,0.79046,0.69435
HTP,pooled_split,vit_b_16,224,4,02,11,0.57407,0.45091,0.69435
HTP,pooled_split,vit_b_16,224,4,overall,12,0.61207,0.64668,0.67571
HTP,pooled_split,vit_b_16,224,4,00,12,0.63014,0.57066,0.67571
HTP,pooled_split,vit_b_16,224,4,01,12,0.64762,0.75127,0.67571
HTP,pooled_split,vit_b_16,224,4,02,12,0.51852,0.47546,0.67571
HTP,pooled_split,vit_b_16,224,4,overall,13,0.5431,0.63039,0.66724
HTP,pooled_split,vit_b_16,224,4,00,13,0.57534,0.61866,0.66724
HTP,pooled_split,vit_b_16,224,4,01,13,0.50476,0.75943,0.66724
HTP,pooled_split,vit_b_16,224,4,02,13,0.57407,0.48387,0.66724
HTP,pooled_split,vit_b_16,224,4,overall,14,0.57759,0.60493,0.64563
HTP,pooled_split,vit_b_16,224,4,00,14,0.57534,0.70622,0.64563
HTP,pooled_split,vit_b_16,224,4,01,14,0.60952,0.59906,0.64563
HTP,pooled_split,vit_b_16,224,4,02,14,0.51852,0.5021,0.64563
HTP,pooled_split,vit_b_16,224,4,overall,15,0.51724,0.50539,0.66766
HTP,pooled_split,vit_b_16,224,4,00,15,0.49315,0.59985,0.66766
HTP,pooled_split,vit_b_16,224,4,01,15,0.53333,0.41364,0.66766
HTP,pooled_split,vit_b_16,224,4,02,15,0.51852,0.60309,0.66766
HTP,pooled_split,vit_b_16,224,4,overall,16,0.51724,0.60419,0.66438
HTP,pooled_split,vit_b_16,224,4,00,16,0.46575,0.62327,0.66438
HTP,pooled_split,vit_b_16,224,4,01,16,0.60952,0.6787,0.66438
HTP,pooled_split,vit_b_16,224,4,02,16,0.40741,0.63464,0.66438
HTP,pooled_split,vit_b_16,224,4,overall,17,0.5431,0.66554,0.66865
HTP,pooled_split,vit_b_16,224,4,00,17,0.57534,0.62942,0.66865
HTP,pooled_split,vit_b_16,224,4,01,17,0.50476,0.80679,0.66865
HTP,pooled_split,vit_b_16,224,4,02,17,0.57407,0.5021,0.66865
HTP,pooled_split,vit_b_16,224,4,overall,18,0.60776,0.69456,0.66074
HTP,pooled_split,vit_b_16,224,4,00,18,0.60274,0.64094,0.66074
HTP,pooled_split,vit_b_16,224,4,01,18,0.65714,0.80388,0.66074
HTP,pooled_split,vit_b_16,224,4,02,18,0.51852,0.51332,0.66074
HTP,pooled_split,vit_b_16,224,4,overall,19,0.5431,0.65042,0.66047
HTP,pooled_split,vit_b_16,224,4,00,19,0.56164,0.6563,0.66047
HTP,pooled_split,vit_b_16,224,4,01,19,0.50476,0.77159,0.66047
HTP,pooled_split,vit_b_16,224,4,02,19,0.59259,0.6101,0.66047
HTP,pooled_split,vit_b_16,224,4,overall,20,0.625,0.67633,0.65502
HTP,pooled_split,vit_b_16,224,4,00,20,0.56164,0.69278,0.65502
HTP,pooled_split,vit_b_16,224,4,01,20,0.73333,0.76324,0.65502
HTP,pooled_split,vit_b_16,224,4,02,20,0.5,0.5021,0.65502
HTP,pooled_split,vit_b_16,224,4,overall,21,0.5431,0.55136,0.65499
HTP,pooled_split,vit_b_16,224,4,00,21,0.50685,0.60561,0.65499
HTP,pooled_split,vit_b_16,224,4,01,21,0.58095,0.53066,0.65499
HTP,pooled_split,vit_b_16,224,4,02,21,0.51852,0.54348,0.65499
HTP,pooled_split,vit_b_16,224,4,overall,22,0.53879,0.71013,0.65756
HTP,pooled_split,vit_b_16,224,4,00,22,0.57534,0.74347,0.65756
HTP,pooled_split,vit_b_16,224,4,01,22,0.50476,0.80642,0.65756
HTP,pooled_split,vit_b_16,224,4,02,22,0.55556,0.51893,0.65756
HTP,pooled_split,vit_b_16,224,4,overall,23,0.60776,0.65102,0.63942
HTP,pooled_split,vit_b_16,224,4,00,23,0.60274,0.60253,0.63942
HTP,pooled_split,vit_b_16,224,4,01,23,0.67619,0.74111,0.63942
HTP,pooled_split,vit_b_16,224,4,02,23,0.48148,0.51893,0.63942
HTP,pooled_split,vit_b_16,224,4,overall,24,0.57328,0.6265,0.6629
HTP,pooled_split,vit_b_16,224,4,00,24,0.60274,0.65361,0.6629
HTP,pooled_split,vit_b_16,224,4,01,24,0.57143,0.62935,0.6629
HTP,pooled_split,vit_b_16,224,4,02,24,0.53704,0.61431,0.6629
HTP,pooled_split,vit_b_16,224,4,overall,25,0.57759,0.67842,0.63248
HTP,pooled_split,vit_b_16,224,4,00,25,0.53425,0.56221,0.63248
HTP,pooled_split,vit_b_16,224,4,01,25,0.62857,0.7979,0.63248
HTP,pooled_split,vit_b_16,224,4,02,25,0.53704,0.57223,0.63248
HTP,pooled_split,vit_b_16,224,4,overall,26,0.5819,0.63758,0.64758
HTP,pooled_split,vit_b_16,224,4,00,26,0.56164,0.55876,0.64758
HTP,pooled_split,vit_b_16,224,4,01,26,0.6381,0.73839,0.64758
HTP,pooled_split,vit_b_16,224,4,02,26,0.5,0.48107,0.64758
HTP,pooled_split,vit_b_16,224,4,overall,27,0.625,0.70186,0.67006
HTP,pooled_split,vit_b_16,224,4,00,27,0.60274,0.65937,0.67006
HTP,pooled_split,vit_b_16,224,4,01,27,0.72381,0.83128,0.67006
HTP,pooled_split,vit_b_16,224,4,02,27,0.46296,0.46143,0.67006
HTP,pooled_split,vit_b_16,224,4,overall,28,0.64224,0.69407,0.62414
HTP,pooled_split,vit_b_16,224,4,00,28,0.58904,0.68433,0.62414
HTP,pooled_split,vit_b_16,224,4,01,28,0.70476,0.7656,0.62414
HTP,pooled_split,vit_b_16,224,4,02,28,0.59259,0.53015,0.62414
HTP,pooled_split,vit_b_16,224,4,overall,29,0.60345,0.70362,0.61881
HTP,pooled_split,vit_b_16,224,4,00,29,0.57534,0.67204,0.61881
HTP,pooled_split,vit_b_16,224,4,01,29,0.67619,0.80479,0.61881
HTP,pooled_split,vit_b_16,224,4,02,29,0.5,0.54418,0.61881
HTP,pooled_split,vit_b_16,224,4,overall,30,0.67672,0.70949,0.62176
HTP,pooled_split,vit_b_16,224,4,00,30,0.63014,0.6467,0.62176
HTP,pooled_split,vit_b_16,224,4,01,30,0.78095,0.82511,0.62176
HTP,pooled_split,vit_b_16,224,4,02,30,0.53704,0.54137,0.62176
HTP,pooled_split,vit_b_16,224,4,overall,31,0.625,0.65574,0.60844
HTP,pooled_split,vit_b_16,224,4,00,31,0.63014,0.7212,0.60844
HTP,pooled_split,vit_b_16,224,4,01,31,0.68571,0.74673,0.60844
HTP,pooled_split,vit_b_16,224,4,02,31,0.5,0.46564,0.60844
HTP,pooled_split,vit_b_16,224,4,overall,32,0.63793,0.70028,0.61835
HTP,pooled_split,vit_b_16,224,4,00,32,0.60274,0.71582,0.61835
HTP,pooled_split,vit_b_16,224,4,01,32,0.73333,0.77685,0.61835
HTP,pooled_split,vit_b_16,224,4,02,32,0.5,0.53156,0.61835
HTP,pooled_split,vit_b_16,224,4,overall,33,0.63362,0.68157,0.59936
HTP,pooled_split,vit_b_16,224,4,00,33,0.60274,0.62058,0.59936
HTP,pooled_split,vit_b_16,224,4,01,33,0.70476,0.81858,0.59936
HTP,pooled_split,vit_b_16,224,4,02,33,0.53704,0.53436,0.59936
HTP,pooled_split,vit_b_16,224,4,overall,34,0.5431,0.56926,0.61741
HTP,pooled_split,vit_b_16,224,4,00,34,0.57534,0.53111,0.61741
HTP,pooled_split,vit_b_16,224,4,01,34,0.50476,0.63661,0.61741
HTP,pooled_split,vit_b_16,224,4,02,34,0.57407,0.6648,0.61741
HTP,pooled_split,vit_b_16,224,4,overall,35,0.67241,0.71039,0.63932
HTP,pooled_split,vit_b_16,224,4,00,35,0.61644,0.63978,0.63932
HTP,pooled_split,vit_b_16,224,4,01,35,0.74286,0.81386,0.63932
HTP,pooled_split,vit_b_16,224,4,02,35,0.61111,0.48387,0.63932
HTP,pooled_split,vit_b_16,224,4,overall,36,0.65517,0.7327,0.61754
HTP,pooled_split,vit_b_16,224,4,00,36,0.60274,0.65054,0.61754
HTP,pooled_split,vit_b_16,224,4,01,36,0.77143,0.83708,0.61754
HTP,pooled_split,vit_b_16,224,4,02,36,0.5,0.57784,0.61754
HTP,pooled_split,vit_b_16,224,4,overall,37,0.58621,0.6624,0.61721
HTP,pooled_split,vit_b_16,224,4,00,37,0.53425,0.54071,0.61721
HTP,pooled_split,vit_b_16,224,4,01,37,0.66667,0.8164,0.61721
HTP,pooled_split,vit_b_16,224,4,02,37,0.5,0.5568,0.61721
HTP,pooled_split,vit_b_16,224,4,overall,38,0.56034,0.66217,0.60261
HTP,pooled_split,vit_b_16,224,4,00,38,0.57534,0.60637,0.60261
HTP,pooled_split,vit_b_16,224,4,01,38,0.54286,0.82184,0.60261
HTP,pooled_split,vit_b_16,224,4,02,38,0.57407,0.49509,0.60261
HTP,pooled_split,vit_b_16,224,4,overall,39,0.57759,0.65064,0.60585
HTP,pooled_split,vit_b_16,224,4,00,39,0.50685,0.54916,0.60585
HTP,pooled_split,vit_b_16,224,4,01,39,0.67619,0.80588,0.60585
HTP,pooled_split,vit_b_16,224,4,02,39,0.48148,0.48948,0.60585
HTP,pooled_split,vit_b_16,224,4,overall,40,0.62931,0.68254,0.58898
HTP,pooled_split,vit_b_16,224,4,00,40,0.57534,0.64132,0.58898
HTP,pooled_split,vit_b_16,224,4,01,40,0.71429,0.81132,0.58898
HTP,pooled_split,vit_b_16,224,4,02,40,0.53704,0.4993,0.58898
HTP,pooled_split,vit_b_16,224,4,overall,41,0.65948,0.757,0.57107
HTP,pooled_split,vit_b_16,224,4,00,41,0.58904,0.72581,0.57107
HTP,pooled_split,vit_b_16,224,4,01,41,0.78095,0.88498,0.57107
HTP,pooled_split,vit_b_16,224,4,02,41,0.51852,0.52665,0.57107
HTP,pooled_split,vit_b_16,224,4,overall,42,0.68103,0.71084,0.58911
HTP,pooled_split,vit_b_16,224,4,00,42,0.60274,0.63287,0.58911
HTP,pooled_split,vit_b_16,224,4,01,42,0.79048,0.86067,0.58911
HTP,pooled_split,vit_b_16,224,4,02,42,0.57407,0.554,0.58911
HTP,pooled_split,vit_b_16,224,4,overall,43,0.69397,0.71324,0.57155
HTP,pooled_split,vit_b_16,224,4,00,43,0.61644,0.63825,0.57155
HTP,pooled_split,vit_b_16,224,4,01,43,0.84762,0.90348,0.57155
HTP,pooled_split,vit_b_16,224,4,02,43,0.5,0.44881,0.57155
HTP,pooled_split,vit_b_16,224,4,overall,44,0.6681,0.70021,0.53648
HTP,pooled_split,vit_b_16,224,4,00,44,0.64384,0.61905,0.53648
HTP,pooled_split,vit_b_16,224,4,01,44,0.79048,0.86847,0.53648
HTP,pooled_split,vit_b_16,224,4,02,44,0.46296,0.47826,0.53648
HTP,pooled_split,vit_b_16,224,4,overall,45,0.68103,0.71938,0.58882
HTP,pooled_split,vit_b_16,224,4,00,45,0.60274,0.57911,0.58882
HTP,pooled_split,vit_b_16,224,4,01,45,0.77143,0.85232,0.58882
HTP,pooled_split,vit_b_16,224,4,02,45,0.61111,0.58205,0.58882
HTP,pooled_split,vit_b_16,224,4,overall,46,0.67241,0.70665,0.55524
HTP,pooled_split,vit_b_16,224,4,00,46,0.58904,0.61137,0.55524
HTP,pooled_split,vit_b_16,224,4,01,46,0.79048,0.80842,0.55524
HTP,pooled_split,vit_b_16,224,4,02,46,0.55556,0.56662,0.55524
HTP,pooled_split,vit_b_16,224,4,overall,47,0.66379,0.71938,0.60334
HTP,pooled_split,vit_b_16,224,4,00,47,0.61644,0.64132,0.60334
HTP,pooled_split,vit_b_16,224,4,01,47,0.78095,0.84144,0.60334
HTP,pooled_split,vit_b_16,224,4,02,47,0.5,0.55259,0.60334
HTP,pooled_split,vit_b_16,224,4,overall,48,0.59914,0.71953,0.55596
HTP,pooled_split,vit_b_16,224,4,00,48,0.54795,0.66743,0.55596
HTP,pooled_split,vit_b_16,224,4,01,48,0.68571,0.86901,0.55596
HTP,pooled_split,vit_b_16,224,4,02,48,0.5,0.53436,0.55596
HTP,pooled_split,vit_b_16,224,4,overall,49,0.68103,0.7555,0.54571
HTP,pooled_split,vit_b_16,224,4,00,49,0.53425,0.6106,0.54571
HTP,pooled_split,vit_b_16,224,4,01,49,0.81905,0.89187,0.54571
HTP,pooled_split,vit_b_16,224,4,02,49,0.61111,0.61851,0.54571
HTP,pooled_split,vit_b_16,224,4,overall,50,0.65948,0.71279,0.53173
HTP,pooled_split,vit_b_16,224,4,00,50,0.61644,0.64439,0.53173
HTP,pooled_split,vit_b_16,224,4,01,50,0.7619,0.87264,0.53173
HTP,pooled_split,vit_b_16,224,4,02,50,0.51852,0.52454,0.53173
HTP,pooled_split,vit_b_16,640,4,overall,1,0.56466,0.63574,0.7039
HTP,pooled_split,vit_b_16,640,4,00,1,0.53425,0.73349,0.7039
HTP,pooled_split,vit_b_16,640,4,01,1,0.62857,0.65856,0.7039
HTP,pooled_split,vit_b_16,640,4,02,1,0.48148,0.50491,0.7039
HTP,pooled_split,vit_b_16,640,4,overall,2,0.59914,0.68714,0.64751
HTP,pooled_split,vit_b_16,640,4,00,2,0.54795,0.59409,0.64751
HTP,pooled_split,vit_b_16,640,4,01,2,0.6381,0.83454,0.64751
HTP,pooled_split,vit_b_16,640,4,02,2,0.59259,0.56101,0.64751
HTP,pooled_split,vit_b_16,640,4,overall,3,0.46983,0.5493,0.64127
HTP,pooled_split,vit_b_16,640,4,00,3,0.46575,0.61559,0.64127
HTP,pooled_split,vit_b_16,640,4,01,3,0.49524,0.53356,0.64127
HTP,pooled_split,vit_b_16,640,4,02,3,0.42593,0.56662,0.64127
HTP,pooled_split,vit_b_16,640,4,overall,4,0.64655,0.72267,0.63737
HTP,pooled_split,vit_b_16,640,4,00,4,0.57534,0.64516,0.63737
HTP,pooled_split,vit_b_16,640,4,01,4,0.74286,0.877,0.63737
HTP,pooled_split,vit_b_16,640,4,02,4,0.55556,0.59187,0.63737
HTP,pooled_split,vit_b_16,640,4,overall,5,0.625,0.76374,0.59176
HTP,pooled_split,vit_b_16,640,4,00,5,0.56164,0.69432,0.59176
HTP,pooled_split,vit_b_16,640,4,01,5,0.70476,0.84107,0.59176
HTP,pooled_split,vit_b_16,640,4,02,5,0.55556,0.68443,0.59176
HTP,pooled_split,vit_b_16,640,4,overall,6,0.71552,0.78235,0.58101
HTP,pooled_split,vit_b_16,640,4,00,6,0.60274,0.64785,0.58101
HTP,pooled_split,vit_b_16,640,4,01,6,0.85714,0.92852,0.58101
HTP,pooled_split,vit_b_16,640,4,02,6,0.59259,0.60589,0.58101
HTP,pooled_split,vit_b_16,640,4,overall,7,0.5819,0.76576,0.55825
HTP,pooled_split,vit_b_16,640,4,00,7,0.58904,0.72734,0.55825
HTP,pooled_split,vit_b_16,640,4,01,7,0.59048,0.86792,0.55825
HTP,pooled_split,vit_b_16,640,4,02,7,0.55556,0.60729,0.55825
HTP,pooled_split,vit_b_16,640,4,overall,8,0.73707,0.79612,0.52695
HTP,pooled_split,vit_b_16,640,4,00,8,0.63014,0.70353,0.52695
HTP,pooled_split,vit_b_16,640,4,01,8,0.85714,0.918,0.52695
HTP,pooled_split,vit_b_16,640,4,02,8,0.64815,0.6101,0.52695
HTP,pooled_split,vit_b_16,640,4,overall,9,0.71983,0.80937,0.53957
HTP,pooled_split,vit_b_16,640,4,00,9,0.63014,0.69892,0.53957
HTP,pooled_split,vit_b_16,640,4,01,9,0.86667,0.92779,0.53957
HTP,pooled_split,vit_b_16,640,4,02,9,0.55556,0.58205,0.53957
HTP,pooled_split,vit_b_16,640,4,overall,10,0.69397,0.82615,0.49925
HTP,pooled_split,vit_b_16,640,4,00,10,0.60274,0.71505,0.49925
HTP,pooled_split,vit_b_16,640,4,01,10,0.79048,0.92017,0.49925
HTP,pooled_split,vit_b_16,640,4,02,10,0.62963,0.67461,0.49925
HTP,pooled_split,vit_b_16,640,4,overall,11,0.72845,0.80638,0.47259
HTP,pooled_split,vit_b_16,640,4,00,11,0.65753,0.71505,0.47259
HTP,pooled_split,vit_b_16,640,4,01,11,0.81905,0.88716,0.47259
HTP,pooled_split,vit_b_16,640,4,02,11,0.64815,0.71669,0.47259
HTP,pooled_split,vit_b_16,640,4,overall,12,0.69397,0.80578,0.46707
HTP,pooled_split,vit_b_16,640,4,00,12,0.60274,0.70737,0.46707
HTP,pooled_split,vit_b_16,640,4,01,12,0.8,0.9053,0.46707
HTP,pooled_split,vit_b_16,640,4,02,12,0.61111,0.68443,0.46707
HTP,pooled_split,vit_b_16,640,4,overall,13,0.72845,0.80765,0.44208
HTP,pooled_split,vit_b_16,640,4,00,13,0.61644,0.72043,0.44208
HTP,pooled_split,vit_b_16,640,4,01,13,0.86667,0.91255,0.44208
HTP,pooled_split,vit_b_16,640,4,02,13,0.61111,0.62132,0.44208
HTP,pooled_split,vit_b_16,640,4,overall,14,0.67241,0.81233,0.43789
HTP,pooled_split,vit_b_16,640,4,00,14,0.60274,0.72581,0.43789
HTP,pooled_split,vit_b_16,640,4,01,14,0.7619,0.91546,0.43789
HTP,pooled_split,vit_b_16,640,4,02,14,0.59259,0.65428,0.43789
HTP,pooled_split,vit_b_16,640,4,overall,15,0.7069,0.80234,0.41584
HTP,pooled_split,vit_b_16,640,4,00,15,0.67123,0.76651,0.41584
HTP,pooled_split,vit_b_16,640,4,01,15,0.78095,0.87337,0.41584
HTP,pooled_split,vit_b_16,640,4,02,15,0.61111,0.63815,0.41584
HTP,pooled_split,vit_b_16,640,4,overall,16,0.71552,0.83086,0.3844
HTP,pooled_split,vit_b_16,640,4,00,16,0.65753,0.74501,0.3844
HTP,pooled_split,vit_b_16,640,4,01,16,0.8,0.92562,0.3844
HTP,pooled_split,vit_b_16,640,4,02,16,0.62963,0.67321,0.3844
HTP,pooled_split,vit_b_16,640,4,overall,17,0.71121,0.81117,0.37743
HTP,pooled_split,vit_b_16,640,4,00,17,0.63014,0.6874,0.37743
HTP,pooled_split,vit_b_16,640,4,01,17,0.78095,0.90675,0.37743
HTP,pooled_split,vit_b_16,640,4,02,17,0.68519,0.76999,0.37743
HTP,pooled_split,vit_b_16,640,4,overall,18,0.71552,0.81881,0.34468
HTP,pooled_split,vit_b_16,640,4,00,18,0.60274,0.65515,0.34468
HTP,pooled_split,vit_b_16,640,4,01,18,0.84762,0.92743,0.34468
HTP,pooled_split,vit_b_16,640,4,02,18,0.61111,0.76928,0.34468
HTP,pooled_split,vit_b_16,640,4,overall,19,0.67241,0.79773,0.3471
HTP,pooled_split,vit_b_16,640,4,00,19,0.57534,0.66475,0.3471
HTP,pooled_split,vit_b_16,640,4,01,19,0.80952,0.90312,0.3471
HTP,pooled_split,vit_b_16,640,4,02,19,0.53704,0.64516,0.3471
HTP,pooled_split,vit_b_16,640,4,overall,20,0.72414,0.82749,0.3141
HTP,pooled_split,vit_b_16,640,4,00,20,0.69863,0.75346,0.3141
HTP,pooled_split,vit_b_16,640,4,01,20,0.81905,0.9209,0.3141
HTP,pooled_split,vit_b_16,640,4,02,20,0.57407,0.70407,0.3141
HTP,pooled_split,vit_b_16,640,4,overall,21,0.74138,0.82319,0.26545
HTP,pooled_split,vit_b_16,640,4,00,21,0.75342,0.79493,0.26545
HTP,pooled_split,vit_b_16,640,4,01,21,0.8,0.89006,0.26545
HTP,pooled_split,vit_b_16,640,4,02,21,0.61111,0.68513,0.26545
HTP,pooled_split,vit_b_16,640,4,overall,22,0.73276,0.82562,0.31426
HTP,pooled_split,vit_b_16,640,4,00,22,0.67123,0.77343,0.31426
HTP,pooled_split,vit_b_16,640,4,01,22,0.82857,0.89441,0.31426
HTP,pooled_split,vit_b_16,640,4,02,22,0.62963,0.69285,0.31426
HTP,pooled_split,vit_b_16,640,4,overall,23,0.73707,0.83034,0.27986
HTP,pooled_split,vit_b_16,640,4,00,23,0.68493,0.7596,0.27986
HTP,pooled_split,vit_b_16,640,4,01,23,0.82857,0.91909,0.27986
HTP,pooled_split,vit_b_16,640,4,02,23,0.62963,0.70126,0.27986
HTP,pooled_split,vit_b_16,640,4,overall,24,0.74138,0.78646,0.23035
HTP,pooled_split,vit_b_16,640,4,00,24,0.73973,0.79263,0.23035
HTP,pooled_split,vit_b_16,640,4,01,24,0.80952,0.83454,0.23035
HTP,pooled_split,vit_b_16,640,4,02,24,0.61111,0.62132,0.23035
HTP,pooled_split,vit_b_16,640,4,overall,25,0.75431,0.81087,0.23143
HTP,pooled_split,vit_b_16,640,4,00,25,0.71233,0.78495,0.23143
HTP,pooled_split,vit_b_16,640,4,01,25,0.8381,0.91038,0.23143
HTP,pooled_split,vit_b_16,640,4,02,25,0.64815,0.60309,0.23143
HTP,pooled_split,vit_b_16,640,4,overall,26,0.72845,0.82925,0.25402
HTP,pooled_split,vit_b_16,640,4,00,26,0.67123,0.73349,0.25402
HTP,pooled_split,vit_b_16,640,4,01,26,0.82857,0.91147,0.25402
HTP,pooled_split,vit_b_16,640,4,02,26,0.61111,0.74334,0.25402
HTP,pooled_split,vit_b_16,640,4,overall,27,0.74138,0.82199,0.19993
HTP,pooled_split,vit_b_16,640,4,00,27,0.68493,0.75038,0.19993
HTP,pooled_split,vit_b_16,640,4,01,27,0.85714,0.9238,0.19993
HTP,pooled_split,vit_b_16,640,4,02,27,0.59259,0.64516,0.19993
HTP,pooled_split,vit_b_16,640,4,overall,28,0.75,0.83232,0.22003
HTP,pooled_split,vit_b_16,640,4,00,28,0.65753,0.71659,0.22003
HTP,pooled_split,vit_b_16,640,4,01,28,0.85714,0.90784,0.22003
HTP,pooled_split,vit_b_16,640,4,02,28,0.66667,0.75596,0.22003
HTP,pooled_split,vit_b_16,640,4,overall,29,0.75862,0.85606,0.22212
HTP,pooled_split,vit_b_16,640,4,00,29,0.69863,0.74578,0.22212
HTP,pooled_split,vit_b_16,640,4,01,29,0.85714,0.94194,0.22212
HTP,pooled_split,vit_b_16,640,4,02,29,0.64815,0.76297,0.22212
HTP,pooled_split,vit_b_16,640,4,overall,30,0.73707,0.83476,0.20725
HTP,pooled_split,vit_b_16,640,4,00,30,0.68493,0.79109,0.20725
HTP,pooled_split,vit_b_16,640,4,01,30,0.80952,0.90203,0.20725
HTP,pooled_split,vit_b_16,640,4,02,30,0.66667,0.74334,0.20725
HTP,pooled_split,vit_b_16,640,4,overall,31,0.73707,0.83813,0.19635
HTP,pooled_split,vit_b_16,640,4,00,31,0.68493,0.78725,0.19635
HTP,pooled_split,vit_b_16,640,4,01,31,0.8,0.91038,0.19635
HTP,pooled_split,vit_b_16,640,4,02,31,0.68519,0.74334,0.19635
HTP,pooled_split,vit_b_16,640,4,overall,32,0.73707,0.85108,0.21038
HTP,pooled_split,vit_b_16,640,4,00,32,0.72603,0.8172,0.21038
HTP,pooled_split,vit_b_16,640,4,01,32,0.78095,0.93723,0.21038
HTP,pooled_split,vit_b_16,640,4,02,32,0.66667,0.76999,0.21038
HTP,pooled_split,vit_b_16,640,4,overall,33,0.73707,0.84202,0.16853
HTP,pooled_split,vit_b_16,640,4,00,33,0.65753,0.77343,0.16853
HTP,pooled_split,vit_b_16,640,4,01,33,0.8381,0.93759,0.16853
HTP,pooled_split,vit_b_16,640,4,02,33,0.64815,0.75456,0.16853
HTP,pooled_split,vit_b_16,640,4,overall,34,0.75,0.84644,0.18569
HTP,pooled_split,vit_b_16,640,4,00,34,0.73973,0.79339,0.18569
HTP,pooled_split,vit_b_16,640,4,01,34,0.80952,0.92199,0.18569
HTP,pooled_split,vit_b_16,640,4,02,34,0.64815,0.72791,0.18569
HTP,pooled_split,vit_b_16,640,4,overall,35,0.72414,0.8029,0.12316
HTP,pooled_split,vit_b_16,640,4,00,35,0.69863,0.73195,0.12316
HTP,pooled_split,vit_b_16,640,4,01,35,0.80952,0.89006,0.12316
HTP,pooled_split,vit_b_16,640,4,02,35,0.59259,0.69285,0.12316
HTP,pooled_split,vit_b_16,640,4,overall,36,0.69397,0.83513,0.13518
HTP,pooled_split,vit_b_16,640,4,00,36,0.67123,0.8341,0.13518
HTP,pooled_split,vit_b_16,640,4,01,36,0.74286,0.88534,0.13518
HTP,pooled_split,vit_b_16,640,4,02,36,0.62963,0.71108,0.13518
HTP,pooled_split,vit_b_16,640,4,overall,37,0.73276,0.826,0.14952
HTP,pooled_split,vit_b_16,640,4,00,37,0.71233,0.75883,0.14952
HTP,pooled_split,vit_b_16,640,4,01,37,0.79048,0.90675,0.14952
HTP,pooled_split,vit_b_16,640,4,02,37,0.64815,0.69705,0.14952
HTP,pooled_split,vit_b_16,640,4,overall,38,0.73276,0.82263,0.1141
HTP,pooled_split,vit_b_16,640,4,00,38,0.71233,0.75269,0.1141
HTP,pooled_split,vit_b_16,640,4,01,38,0.8,0.90421,0.1141
HTP,pooled_split,vit_b_16,640,4,02,38,0.62963,0.68864,0.1141
HTP,pooled_split,vit_b_16,640,4,overall,39,0.71983,0.82319,0.12866
HTP,pooled_split,vit_b_16,640,4,00,39,0.71233,0.75691,0.12866
HTP,pooled_split,vit_b_16,640,4,01,39,0.79048,0.92852,0.12866
HTP,pooled_split,vit_b_16,640,4,02,39,0.59259,0.67181,0.12866
HTP,pooled_split,vit_b_16,640,4,overall,40,0.71983,0.81327,0.17291
HTP,pooled_split,vit_b_16,640,4,00,40,0.65753,0.75115,0.17291
HTP,pooled_split,vit_b_16,640,4,01,40,0.81905,0.90566,0.17291
HTP,pooled_split,vit_b_16,640,4,02,40,0.61111,0.68724,0.17291
HTP,pooled_split,vit_b_16,640,4,overall,41,0.74569,0.83131,0.14273
HTP,pooled_split,vit_b_16,640,4,00,41,0.72603,0.82488,0.14273
HTP,pooled_split,vit_b_16,640,4,01,41,0.8,0.88135,0.14273
HTP,pooled_split,vit_b_16,640,4,02,41,0.66667,0.73492,0.14273
HTP,pooled_split,vit_b_16,640,4,overall,42,0.75431,0.87234,0.11979
HTP,pooled_split,vit_b_16,640,4,00,42,0.72603,0.81797,0.11979
HTP,pooled_split,vit_b_16,640,4,01,42,0.82857,0.93433,0.11979
HTP,pooled_split,vit_b_16,640,4,02,42,0.64815,0.78121,0.11979
HTP,pooled_split,vit_b_16,640,4,overall,43,0.72845,0.81061,0.14763
HTP,pooled_split,vit_b_16,640,4,00,43,0.67123,0.67972,0.14763
HTP,pooled_split,vit_b_16,640,4,01,43,0.82857,0.90856,0.14763
HTP,pooled_split,vit_b_16,640,4,02,43,0.61111,0.72931,0.14763
HTP,pooled_split,vit_b_16,640,4,overall,44,0.77155,0.85812,0.10914
HTP,pooled_split,vit_b_16,640,4,00,44,0.75342,0.81951,0.10914
HTP,pooled_split,vit_b_16,640,4,01,44,0.8381,0.92671,0.10914
HTP,pooled_split,vit_b_16,640,4,02,44,0.66667,0.72511,0.10914
HTP,pooled_split,vit_b_16,640,4,overall,45,0.73276,0.81843,0.14403
HTP,pooled_split,vit_b_16,640,4,00,45,0.72603,0.78955,0.14403
HTP,pooled_split,vit_b_16,640,4,01,45,0.77143,0.89877,0.14403
HTP,pooled_split,vit_b_16,640,4,02,45,0.66667,0.70968,0.14403
HTP,pooled_split,vit_b_16,640,4,overall,46,0.76724,0.85407,0.12869
HTP,pooled_split,vit_b_16,640,4,00,46,0.73973,0.82104,0.12869
HTP,pooled_split,vit_b_16,640,4,01,46,0.86667,0.93614,0.12869
HTP,pooled_split,vit_b_16,640,4,02,46,0.61111,0.67742,0.12869
HTP,pooled_split,vit_b_16,640,4,overall,47,0.71552,0.8206,0.09047
HTP,pooled_split,vit_b_16,640,4,00,47,0.64384,0.72504,0.09047
HTP,pooled_split,vit_b_16,640,4,01,47,0.8381,0.91401,0.09047
HTP,pooled_split,vit_b_16,640,4,02,47,0.57407,0.70126,0.09047
HTP,pooled_split,vit_b_16,640,4,overall,48,0.73276,0.80462,0.11394
HTP,pooled_split,vit_b_16,640,4,00,48,0.68493,0.73425,0.11394
HTP,pooled_split,vit_b_16,640,4,01,48,0.82857,0.89006,0.11394
HTP,pooled_split,vit_b_16,640,4,02,48,0.61111,0.65708,0.11394
HTP,pooled_split,vit_b_16,640,4,overall,49,0.75431,0.84318,0.09414
HTP,pooled_split,vit_b_16,640,4,00,49,0.73973,0.78802,0.09414
HTP,pooled_split,vit_b_16,640,4,01,49,0.8381,0.92525,0.09414
HTP,pooled_split,vit_b_16,640,4,02,49,0.61111,0.69846,0.09414
HTP,pooled_split,vit_b_16,640,4,overall,50,0.74138,0.84127,0.10452
HTP,pooled_split,vit_b_16,640,4,00,50,0.67123,0.75422,0.10452
HTP,pooled_split,vit_b_16,640,4,01,50,0.84762,0.91927,0.10452
HTP,pooled_split,vit_b_16,640,4,02,50,0.62963,0.73352,0.10452
