dataset,scope,arch,image_size,seed,env,epoch,acc,auc,loss
HTP,pooled_split,resnet50,224,0,overall,1,0.65086,0.73952,0.66449
HTP,pooled_split,resnet50,224,0,00,1,0.52055,0.50461,0.66449
HTP,pooled_split,resnet50,224,0,01,1,0.7619,0.90058,0.66449
HTP,pooled_split,resnet50,224,0,02,1,0.61111,0.6648,0.66449
HTP,pooled_split,resnet50,224,0,overall,2,0.68966,0.75659,0.56958
HTP,pooled_split,resnet50,224,0,00,2,0.57534,0.53994,0.56958
HTP,pooled_split,resnet50,224,0,01,2,0.81905,0.91473,0.56958
HTP,pooled_split,resnet50,224,0,02,2,0.59259,0.62693,0.56958
HTP,pooled_split,resnet50,224,0,overall,3,0.67241,0.77246,0.51558
HTP,pooled_split,resnet50,224,0,00,3,0.60274,0.6275,0.51558
HTP,pooled_split,resnet50,224,0,01,3,0.78095,0.90348,0.51558
HTP,pooled_split,resnet50,224,0,02,3,0.55556,0.62833,0.51558
HTP,pooled_split,resnet50,224,0,overall,4,0.71121,0.78953,0.47551
HTP,pooled_split,resnet50,224,0,00,4,0.54795,0.59908,0.47551
HTP,pooled_split,resnet50,224,0,01,4,0.87619,0.93904,0.47551
HTP,pooled_split,resnet50,224,0,02,4,0.61111,0.58485,0.47551
HTP,pooled_split,resnet50,224,0,overall,5,0.68103,0.7816,0.43046
HTP,pooled_split,resnet50,224,0,00,5,0.63014,0.65054,0.43046
HTP,pooled_split,resnet50,224,0,01,5,0.81905,0.92235,0.43046
HTP,pooled_split,resnet50,224,0,02,5,0.48148,0.51613,0.43046
HTP,pooled_split,resnet50,224,0,overall,6,0.65948,0.74,0.40724
HTP,pooled_split,resnet50,224,0,00,6,0.65753,0.62058,0.40724
HTP,pooled_split,resnet50,224,0,01,6,0.74286,0.90784,0.40724
HTP,pooled_split,resnet50,224,0,02,6,0.5,0.42637,0.40724
HTP,pooled_split,resnet50,224,0,overall,7,0.67672,0.77808,0.37315
HTP,pooled_split,resnet50,224,0,00,7,0.56164,0.61598,0.37315
HTP,pooled_split,resnet50,224,0,01,7,0.86667,0.93868,0.37315
HTP,pooled_split,resnet50,224,0,02,7,0.46296,0.52595,0.37315
HTP,pooled_split,resnet50,224,0,overall,8,0.7069,0.79096,0.31733
HTP,pooled_split,resnet50,224,0,00,8,0.64384,0.64209,0.31733
HTP,pooled_split,resnet50,224,0,01,8,0.84762,0.93868,0.31733
HTP,pooled_split,resnet50,224,0,02,8,0.51852,0.554,0.31733
HTP,pooled_split,resnet50,224,0,overall,9,0.68966,0.76138,0.29107
HTP,pooled_split,resnet50,224,0,00,9,0.56164,0.5937,0.29107
HTP,pooled_split,resnet50,224,0,01,9,0.82857,0.91727,0.29107
HTP,pooled_split,resnet50,224,0,02,9,0.59259,0.554,0.29107
HTP,pooled_split,resnet50,224,0,overall,10,0.65948,0.73166,0.26505
HTP,pooled_split,resnet50,224,0,00,10,0.57534,0.64132,0.26505
HTP,pooled_split,resnet50,224,0,01,10,0.82857,0.90385,0.26505
HTP,pooled_split,resnet50,224,0,02,10,0.44444,0.42637,0.26505
HTP,pooled_split,resnet50,224,0,overall,11,0.68534,0.73697,0.25258
HTP,pooled_split,resnet50,224,0,00,11,0.58904,0.57296,0.25258
HTP,pooled_split,resnet50,224,0,01,11,0.8381,0.91836,0.25258
HTP,pooled_split,resnet50,224,0,02,11,0.51852,0.50771,0.25258
HTP,pooled_split,resnet50,224,0,overall,12,0.63362,0.72619,0.22319
HTP,pooled_split,resnet50,224,0,00,12,0.53425,0.55684,0.22319
HTP,pooled_split,resnet50,224,0,01,12,0.79048,0.91618,0.22319
HTP,pooled_split,resnet50,224,0,02,12,0.46296,0.45582,0.22319
HTP,pooled_split,resnet50,224,0,overall,13,0.6681,0.73428,0.19876
HTP,pooled_split,resnet50,224,0,00,13,0.60274,0.59985,0.19876
HTP,pooled_split,resnet50,224,0,01,13,0.80952,0.90711,0.19876
HTP,pooled_split,resnet50,224,0,02,13,0.48148,0.46143,0.19876
HTP,pooled_split,resnet50,224,0,overall,14,0.62069,0.73495,0.20355
HTP,pooled_split,resnet50,224,0,00,14,0.57534,0.64823,0.20355
HTP,pooled_split,resnet50,224,0,01,14,0.69524,0.89768,0.20355
HTP,pooled_split,resnet50,224,0,02,14,0.53704,0.46564,0.20355
HTP,pooled_split,resnet50,224,0,overall,15,0.63362,0.71885,0.20998
HTP,pooled_split,resnet50,224,0,00,15,0.53425,0.56144,0.20998
HTP,pooled_split,resnet50,224,0,01,15,0.77143,0.89514,0.20998
HTP,pooled_split,resnet50,224,0,02,15,0.5,0.49229,0.20998
HTP,pooled_split,resnet50,224,0,overall,16,0.66379,0.75442,0.23117
HTP,pooled_split,resnet50,224,0,00,16,0.52055,0.53763,0.23117
HTP,pooled_split,resnet50,224,0,01,16,0.81905,0.92453,0.23117
HTP,pooled_split,resnet50,224,0,02,16,0.55556,0.58485,0.23117
HTP,pooled_split,resnet50,224,0,overall,17,0.66379,0.76205,0.1963
HTP,pooled_split,resnet50,224,0,00,17,0.57534,0.57296,0.1963
HTP,pooled_split,resnet50,224,0,01,17,0.85714,0.94013,0.1963
HTP,pooled_split,resnet50,224,0,02,17,0.40741,0.49229,0.1963
HTP,pooled_split,resnet50,224,0,overall,18,0.67672,0.73907,0.17079
HTP,pooled_split,resnet50,224,0,00,18,0.54795,0.52611,0.17079
HTP,pooled_split,resnet50,224,0,01,18,0.85714,0.93251,0.17079
HTP,pooled_split,resnet50,224,0,02,18,0.5,0.46283,0.17079
HTP,pooled_split,resnet50,224,0,overall,19,0.67672,0.74236,0.17158
HTP,pooled_split,resnet50,224,0,00,19,0.63014,0.59524,0.17158
HTP,pooled_split,resnet50,224,0,01,19,0.84762,0.91963,0.17158
HTP,pooled_split,resnet50,224,0,02,19,0.40741,0.47546,0.17158
HTP,pooled_split,resnet50,224,0,overall,20,0.67241,0.74248,0.18361
HTP,pooled_split,resnet50,224,0,00,20,0.63014,0.61828,0.18361
HTP,pooled_split,resnet50,224,0,01,20,0.78095,0.90457,0.18361
HTP,pooled_split,resnet50,224,0,02,20,0.51852,0.49088,0.18361
HTP,pooled_split,resnet50,224,0,overall,21,0.67241,0.74929,0.15031
HTP,pooled_split,resnet50,224,0,00,21,0.56164,0.58986,0.15031
HTP,pooled_split,resnet50,224,0,01,21,0.8381,0.93251,0.15031
HTP,pooled_split,resnet50,224,0,02,21,0.5,0.46564,0.15031
HTP,pooled_split,resnet50,224,0,overall,22,0.66379,0.7497,0.17182
HTP,pooled_split,resnet50,224,0,00,22,0.53425,0.5745,0.17182
HTP,pooled_split,resnet50,224,0,01,22,0.86667,0.93723,0.17182
HTP,pooled_split,resnet50,224,0,02,22,0.44444,0.48247,0.17182
HTP,pooled_split,resnet50,224,0,overall,23,0.625,0.72866,0.1683
HTP,pooled_split,resnet50,224,0,00,23,0.49315,0.54916,0.1683
HTP,pooled_split,resnet50,224,0,01,23,0.79048,0.90566,0.1683
HTP,pooled_split,resnet50,224,0,02,23,0.48148,0.50912,0.1683
HTP,pooled_split,resnet50,224,0,overall,24,0.63362,0.7211,0.156
HTP,pooled_split,resnet50,224,0,00,24,0.50685,0.55376,0.156
HTP,pooled_split,resnet50,224,0,01,24,0.80952,0.91727,0.156
HTP,pooled_split,resnet50,224,0,02,24,0.46296,0.47966,0.156
HTP,pooled_split,resnet50,224,0,overall,25,0.64655,0.71616,0.17139
HTP,pooled_split,resnet50,224,0,00,25,0.52055,0.5384,0.17139
HTP,pooled_split,resnet50,224,0,01,25,0.8381,0.92707,0.17139
HTP,pooled_split,resnet50,224,0,02,25,0.44444,0.39551,0.17139
HTP,pooled_split,resnet50,224,0,overall,26,0.63362,0.7232,0.14667
HTP,pooled_split,resnet50,224,0,00,26,0.52055,0.52304,0.14667
HTP,pooled_split,resnet50,224,0,01,26,0.82857,0.92525,0.14667
HTP,pooled_split,resnet50,224,0,02,26,0.40741,0.41935,0.14667
HTP,pooled_split,resnet50,224,0,overall,27,0.64655,0.72342,0.15602
HTP,pooled_split,resnet50,224,0,00,27,0.52055,0.54147,0.15602
HTP,pooled_split,resnet50,224,0,01,27,0.82857,0.91509,0.15602
HTP,pooled_split,resnet50,224,0,02,27,0.46296,0.48107,0.15602
HTP,pooled_split,resnet50,224,0,overall,28,0.65086,0.72806,0.13136
HTP,pooled_split,resnet50,224,0,00,28,0.53425,0.54301,0.13136
HTP,pooled_split,resnet50,224,0,01,28,0.79048,0.90893,0.13136
HTP,pooled_split,resnet50,224,0,02,28,0.53704,0.5021,0.13136
HTP,pooled_split,resnet50,224,0,overall,29,0.6681,0.71009,0.12896
HTP,pooled_split,resnet50,224,0,00,29,0.56164,0.55376,0.12896
HTP,pooled_split,resnet50,224,0,01,29,0.84762,0.89877,0.12896
HTP,pooled_split,resnet50,224,0,02,29,0.46296,0.48808,0.12896
HTP,pooled_split,resnet50,224,0,overall,30,0.61207,0.71601,0.13041
HTP,pooled_split,resnet50,224,0,00,30,0.49315,0.54224,0.13041
HTP,pooled_split,resnet50,224,0,01,30,0.74286,0.90457,0.13041
HTP,pooled_split,resnet50,224,0,02,30,0.51852,0.50421,0.13041
HTP,pooled_split,resnet50,224,0,overall,31,0.66379,0.74251,0.14143
HTP,pooled_split,resnet50,224,0,00,31,0.58904,0.59217,0.14143
HTP,pooled_split,resnet50,224,0,01,31,0.8,0.90203,0.14143
HTP,pooled_split,resnet50,224,0,02,31,0.5,0.51403,0.14143
HTP,pooled_split,resnet50,224,0,overall,32,0.66379,0.72552,0.14313
HTP,pooled_split,resnet50,224,0,00,32,0.52055,0.54378,0.14313
HTP,pooled_split,resnet50,224,0,01,32,0.8381,0.91038,0.14313
HTP,pooled_split,resnet50,224,0,02,32,0.51852,0.51332,0.14313
HTP,pooled_split,resnet50,224,0,overall,33,0.65948,0.71751,0.12346
HTP,pooled_split,resnet50,224,0,00,33,0.53425,0.53149,0.12346
HTP,pooled_split,resnet50,224,0,01,33,0.82857,0.89659,0.12346
HTP,pooled_split,resnet50,224,0,02,33,0.5,0.51473,0.12346
HTP,pooled_split,resnet50,224,0,overall,34,0.65517,0.70946,0.12538
HTP,pooled_split,resnet50,224,0,00,34,0.53425,0.51229,0.12538
HTP,pooled_split,resnet50,224,0,01,34,0.85714,0.91473,0.12538
HTP,pooled_split,resnet50,224,0,02,34,0.42593,0.45863,0.12538
HTP,pooled_split,resnet50,224,0,overall,35,0.6681,0.71163,0.14315
HTP,pooled_split,resnet50,224,0,00,35,0.56164,0.50768,0.14315
HTP,pooled_split,resnet50,224,0,01,35,0.8381,0.9082,0.14315
HTP,pooled_split,resnet50,224,0,02,35,0.48148,0.47405,0.14315
HTP,pooled_split,resnet50,224,0,overall,36,0.69397,0.74873,0.10347
HTP,pooled_split,resnet50,224,0,00,36,0.60274,0.53533,0.10347
HTP,pooled_split,resnet50,224,0,01,36,0.84762,0.92344,0.10347
HTP,pooled_split,resnet50,224,0,02,36,0.51852,0.53015,0.10347
HTP,pooled_split,resnet50,224,0,overall,37,0.625,0.69841,0.13552
HTP,pooled_split,resnet50,224,0,00,37,0.52055,0.51459,0.13552
HTP,pooled_split,resnet50,224,0,01,37,0.79048,0.92453,0.13552
HTP,pooled_split,resnet50,224,0,02,37,0.44444,0.40252,0.13552
HTP,pooled_split,resnet50,224,0,overall,38,0.65517,0.73401,0.136
HTP,pooled_split,resnet50,224,0,00,38,0.57534,0.58564,0.136
HTP,pooled_split,resnet50,224,0,01,38,0.78095,0.91001,0.136
HTP,pooled_split,resnet50,224,0,02,38,0.51852,0.52314,0.136
HTP,pooled_split,resnet50,224,0,overall,39,0.65948,0.71545,0.13361
HTP,pooled_split,resnet50,224,0,00,39,0.56164,0.52995,0.13361
HTP,pooled_split,resnet50,224,0,01,39,0.81905,0.91183,0.13361
HTP,pooled_split,resnet50,224,0,02,39,0.48148,0.45582,0.13361
HTP,pooled_split,resnet50,224,0,overall,40,0.63793,0.69194,0.13412
HTP,pooled_split,resnet50,224,0,00,40,0.56164,0.59601,0.13412
HTP,pooled_split,resnet50,224,0,01,40,0.75238,0.86139,0.13412
HTP,pooled_split,resnet50,224,0,02,40,0.51852,0.43619,0.13412
HTP,pooled_split,resnet50,224,0,overall,41,0.64655,0.7433,0.11632
HTP,pooled_split,resnet50,224,0,00,41,0.58904,0.60061,0.11632
HTP,pooled_split,resnet50,224,0,01,41,0.78095,0.90747,0.11632
HTP,pooled_split,resnet50,224,0,02,41,0.46296,0.49649,0.11632
HTP,pooled_split,resnet50,224,0,overall,42,0.68103,0.73783,0.10922
HTP,pooled_split,resnet50,224,0,00,42,0.61644,0.62366,0.10922
HTP,pooled_split,resnet50,224,0,01,42,0.8,0.90566,0.10922
HTP,pooled_split,resnet50,224,0,02,42,0.53704,0.49649,0.10922
HTP,pooled_split,resnet50,224,0,overall,43,0.6681,0.74356,0.08684
HTP,pooled_split,resnet50,224,0,00,43,0.56164,0.57757,0.08684
HTP,pooled_split,resnet50,224,0,01,43,0.80952,0.91727,0.08684
HTP,pooled_split,resnet50,224,0,02,43,0.53704,0.51192,0.08684
HTP,pooled_split,resnet50,224,0,overall,44,0.65086,0.75195,0.13535
HTP,pooled_split,resnet50,224,0,00,44,0.56164,0.58602,0.13535
HTP,pooled_split,resnet50,224,0,01,44,0.78095,0.90167,0.13535
HTP,pooled_split,resnet50,224,0,02,44,0.51852,0.59607,0.13535
HTP,pooled_split,resnet50,224,0,overall,45,0.66379,0.74873,0.08642
HTP,pooled_split,resnet50,224,0,00,45,0.61644,0.63057,0.08642
HTP,pooled_split,resnet50,224,0,01,45,0.7619,0.91582,0.08642
HTP,pooled_split,resnet50,224,0,02,45,0.53704,0.51192,0.08642
HTP,pooled_split,resnet50,224,0,overall,46,0.71552,0.76453,0.10278
HTP,pooled_split,resnet50,224,0,00,46,0.60274,0.61751,0.10278
HTP,pooled_split,resnet50,224,0,01,46,0.87619,0.91945,0.10278
HTP,pooled_split,resnet50,224,0,02,46,0.55556,0.54278,0.10278
HTP,pooled_split,resnet50,224,0,overall,47,0.65948,0.75277,0.14388
HTP,pooled_split,resnet50,224,0,00,47,0.60274,0.60829,0.14388
HTP,pooled_split,resnet50,224,0,01,47,0.7619,0.92525,0.14388
HTP,pooled_split,resnet50,224,0,02,47,0.53704,0.5007,0.14388
HTP,pooled_split,resnet50,224,0,overall,48,0.63362,0.72312,0.11764
HTP,pooled_split,resnet50,224,0,00,48,0.56164,0.56682,0.11764
HTP,pooled_split,resnet50,224,0,01,48,0.77143,0.92017,0.11764
HTP,pooled_split,resnet50,224,0,02,48,0.46296,0.44039,0.11764
HTP,pooled_split,resnet50,224,0,overall,49,0.6681,0.72574,0.10825
HTP,pooled_split,resnet50,224,0,00,49,0.57534,0.5576,0.10825
HTP,pooled_split,resnet50,224,0,01,49,0.82857,0.92707,0.10825
HTP,pooled_split,resnet50,224,0,02,49,0.48148,0.43128,0.10825
HTP,pooled_split,resnet50,224,0,overall,50,0.65948,0.75165,0.10115
HTP,pooled_split,resnet50,224,0,00,50,0.60274,0.61982,0.10115
HTP,pooled_split,resnet50,224,0,01,50,0.8,0.91872,0.10115
HTP,pooled_split,resnet50,224,0,02,50,0.46296,0.46985,0.10115
HTP,pooled_split,resnet50,640,0,overall,1,0.68103,0.75764,0.64369
HTP,pooled_split,resnet50,640,0,00,1,0.56164,0.57143,0.64369
HTP,pooled_split,resnet50,640,0,01,1,0.79048,0.88679,0.64369
HTP,pooled_split,resnet50,640,0,02,1,0.62963,0.63815,0.64369
HTP,pooled_split,resnet50,640,0,overall,2,0.69397,0.79343,0.55905
HTP,pooled_split,resnet50,640,0,00,2,0.57534,0.56452,0.55905
HTP,pooled_split,resnet50,640,0,01,2,0.84762,0.92852,0.55905
HTP,pooled_split,resnet50,640,0,02,2,0.55556,0.64937,0.55905
HTP,pooled_split,resnet50,640,0,overall,3,0.67672,0.74154,0.52915
HTP,pooled_split,resnet50,640,0,00,3,0.53425,0.51229,0.52915
HTP,pooled_split,resnet50,640,0,01,3,0.87619,0.90893,0.52915
HTP,pooled_split,resnet50,640,0,02,3,0.48148,0.54418,0.52915
HTP,pooled_split,resnet50,640,0,overall,4,0.68966,0.79889,0.50767
HTP,pooled_split,resnet50,640,0,00,4,0.65753,0.65591,0.50767
HTP,pooled_split,resnet50,640,0,01,4,0.79048,0.91909,0.50767
HTP,pooled_split,resnet50,640,0,02,4,0.53704,0.63114,0.50767
HTP,pooled_split,resnet50,640,0,overall,5,0.62069,0.76774,0.44591
HTP,pooled_split,resnet50,640,0,00,5,0.52055,0.62058,0.44591
HTP,pooled_split,resnet50,640,0,01,5,0.75238,0.92054,0.44591
HTP,pooled_split,resnet50,640,0,02,5,0.5,0.52314,0.44591
HTP,pooled_split,resnet50,640,0,overall,6,0.70259,0.75801,0.4093
HTP,pooled_split,resnet50,640,0,00,6,0.65753,0.64209,0.4093
HTP,pooled_split,resnet50,640,0,01,6,0.81905,0.89296,0.4093
HTP,pooled_split,resnet50,640,0,02,6,0.53704,0.50351,0.4093
HTP,pooled_split,resnet50,640,0,overall,7,0.68103,0.7193,0.39556
HTP,pooled_split,resnet50,640,0,00,7,0.64384,0.62673,0.39556
HTP,pooled_split,resnet50,640,0,01,7,0.81905,0.88534,0.39556
HTP,pooled_split,resnet50,640,0,02,7,0.46296,0.41655,0.39556
HTP,pooled_split,resnet50,640,0,overall,8,0.67241,0.71728,0.34152
HTP,pooled_split,resnet50,640,0,00,8,0.65753,0.54224,0.34152
HTP,pooled_split,resnet50,640,0,01,8,0.74286,0.8828,0.34152
HTP,pooled_split,resnet50,640,0,02,8,0.55556,0.50912,0.34152
HTP,pooled_split,resnet50,640,0,overall,9,0.63362,0.73401,0.30321
HTP,pooled_split,resnet50,640,0,00,9,0.46575,0.52381,0.30321
HTP,pooled_split,resnet50,640,0,01,9,0.82857,0.92144,0.30321
HTP,pooled_split,resnet50,640,0,02,9,0.48148,0.43478,0.30321
HTP,pooled_split,resnet50,640,0,overall,10,0.6681,0.75977,0.26939
HTP,pooled_split,resnet50,640,0,00,10,0.57534,0.63518,0.26939
HTP,pooled_split,resnet50,640,0,01,10,0.80952,0.9062,0.26939
HTP,pooled_split,resnet50,640,0,02,10,0.51852,0.52735,0.26939
HTP,pooled_split,resnet50,640,0,overall,11,0.67241,0.7451,0.23231
HTP,pooled_split,resnet50,640,0,00,11,0.57534,0.6225,0.23231
HTP,pooled_split,resnet50,640,0,01,11,0.82857,0.90675,0.23231
HTP,pooled_split,resnet50,640,0,02,11,0.5,0.56101,0.23231
HTP,pooled_split,resnet50,640,0,overall,12,0.68103,0.76632,0.22266
HTP,pooled_split,resnet50,640,0,00,12,0.61644,0.64055,0.22266
HTP,pooled_split,resnet50,640,0,01,12,0.8,0.91546,0.22266
HTP,pooled_split,resnet50,640,0,02,12,0.53704,0.51473,0.22266
HTP,pooled_split,resnet50,640,0,overall,13,0.67672,0.76992,0.17861
HTP,pooled_split,resnet50,640,0,00,13,0.54795,0.64209,0.17861
HTP,pooled_split,resnet50,640,0,01,13,0.87619,0.9238,0.17861
HTP,pooled_split,resnet50,640,0,02,13,0.46296,0.52314,0.17861
HTP,pooled_split,resnet50,640,0,overall,14,0.62931,0.72971,0.20196
HTP,pooled_split,resnet50,640,0,00,14,0.58904,0.61137,0.20196
HTP,pooled_split,resnet50,640,0,01,14,0.70476,0.88099,0.20196
HTP,pooled_split,resnet50,640,0,02,14,0.53704,0.58485,0.20196
HTP,pooled_split,resnet50,640,0,overall,15,0.6681,0.74708,0.14092
HTP,pooled_split,resnet50,640,0,00,15,0.60274,0.64631,0.14092
HTP,pooled_split,resnet50,640,0,01,15,0.8381,0.91183,0.14092
HTP,pooled_split,resnet50,640,0,02,15,0.42593,0.44951,0.14092
HTP,pooled_split,resnet50,640,0,overall,16,0.68534,0.78384,0.15603
HTP,pooled_split,resnet50,640,0,00,16,0.68493,0.73502,0.15603
HTP,pooled_split,resnet50,640,0,01,16,0.8,0.90239,0.15603
HTP,pooled_split,resnet50,640,0,02,16,0.46296,0.52735,0.15603
HTP,pooled_split,resnet50,640,0,overall,17,0.68966,0.76497,0.16725
HTP,pooled_split,resnet50,640,0,00,17,0.60274,0.65054,0.16725
HTP,pooled_split,resnet50,640,0,01,17,0.80952,0.90493,0.16725
HTP,pooled_split,resnet50,640,0,02,17,0.57407,0.60309,0.16725
HTP,pooled_split,resnet50,640,0,overall,18,0.71121,0.77976,0.14875
HTP,pooled_split,resnet50,640,0,00,18,0.71233,0.73733,0.14875
HTP,pooled_split,resnet50,640,0,01,18,0.82857,0.90421,0.14875
HTP,pooled_split,resnet50,640,0,02,18,0.48148,0.51052,0.14875
HTP,pooled_split,resnet50,640,0,overall,19,0.65086,0.72821,0.14038
HTP,pooled_split,resnet50,640,0,00,19,0.63014,0.63825,0.14038
HTP,pooled_split,resnet50,640,0,01,19,0.72381,0.89151,0.14038
HTP,pooled_split,resnet50,640,0,02,19,0.53704,0.51052,0.14038
HTP,pooled_split,resnet50,640,0,overall,20,0.67241,0.77411,0.14819
HTP,pooled_split,resnet50,640,0,00,20,0.56164,0.63287,0.14819
HTP,pooled_split,resnet50,640,0,01,20,0.82857,0.91691,0.14819
HTP,pooled_split,resnet50,640,0,02,20,0.51852,0.55259,0.14819
HTP,pooled_split,resnet50,640,0,overall,21,0.64224,0.74798,0.15514
HTP,pooled_split,resnet50,640,0,00,21,0.58904,0.63978,0.15514
HTP,pooled_split,resnet50,640,0,01,21,0.8,0.90022,0.15514
HTP,pooled_split,resnet50,640,0,02,21,0.40741,0.49509,0.15514
HTP,pooled_split,resnet50,640,0,overall,22,0.68103,0.7521,0.11996
HTP,pooled_split,resnet50,640,0,00,22,0.60274,0.62519,0.11996
HTP,pooled_split,resnet50,640,0,01,22,0.81905,0.8984,0.11996
HTP,pooled_split,resnet50,640,0,02,22,0.51852,0.5554,0.11996
HTP,pooled_split,resnet50,640,0,overall,23,0.67672,0.74727,0.12268
HTP,pooled_split,resnet50,640,0,00,23,0.61644,0.65361,0.12268
HTP,pooled_split,resnet50,640,0,01,23,0.77143,0.89659,0.12268
HTP,pooled_split,resnet50,640,0,02,23,0.57407,0.49649,0.12268
HTP,pooled_split,resnet50,640,0,overall,24,0.68966,0.74562,0.10374
HTP,pooled_split,resnet50,640,0,00,24,0.57534,0.55223,0.10374
HTP,pooled_split,resnet50,640,0,01,24,0.85714,0.91001,0.10374
HTP,pooled_split,resnet50,640,0,02,24,0.51852,0.52454,0.10374
HTP,pooled_split,resnet50,640,0,overall,25,0.60776,0.69078,0.09863
HTP,pooled_split,resnet50,640,0,00,25,0.50685,0.52919,0.09863
HTP,pooled_split,resnet50,640,0,01,25,0.7619,0.86321,0.09863
HTP,pooled_split,resnet50,640,0,02,25,0.44444,0.47125,0.09863
HTP,pooled_split,resnet50,640,0,overall,26,0.68966,0.77104,0.1036
HTP,pooled_split,resnet50,640,0,00,26,0.63014,0.63825,0.1036
HTP,pooled_split,resnet50,640,0,01,26,0.80952,0.90929,0.1036
HTP,pooled_split,resnet50,640,0,02,26,0.53704,0.55961,0.1036
HTP,pooled_split,resnet50,640,0,overall,27,0.65948,0.74266,0.14642
HTP,pooled_split,resnet50,640,0,00,27,0.63014,0.68049,0.14642
HTP,pooled_split,resnet50,640,0,01,27,0.74286,0.86139,0.14642
HTP,pooled_split,resnet50,640,0,02,27,0.53704,0.5582,0.14642
HTP,pooled_split,resnet50,640,0,overall,28,0.65517,0.73731,0.08919
HTP,pooled_split,resnet50,640,0,00,28,0.60274,0.67742,0.08919
HTP,pooled_split,resnet50,640,0,01,28,0.80952,0.87663,0.08919
HTP,pooled_split,resnet50,640,0,02,28,0.42593,0.46003,0.08919
HTP,pooled_split,resnet50,640,0,overall,29,0.66379,0.74364,0.0826
HTP,pooled_split,resnet50,640,0,00,29,0.63014,0.59908,0.0826
HTP,pooled_split,resnet50,640,0,01,29,0.77143,0.88861,0.0826
HTP,pooled_split,resnet50,640,0,02,29,0.5,0.56662,0.0826
HTP,pooled_split,resnet50,640,0,overall,30,0.66379,0.75816,0.09228
HTP,pooled_split,resnet50,640,0,00,30,0.57534,0.65591,0.09228
HTP,pooled_split,resnet50,640,0,01,30,0.80952,0.90639,0.09228
HTP,pooled_split,resnet50,640,0,02,30,0.5,0.51192,0.09228
HTP,pooled_split,resnet50,640,0,overall,31,0.65517,0.75573,0.08735
HTP,pooled_split,resnet50,640,0,00,31,0.57534,0.63825,0.08735
HTP,pooled_split,resnet50,640,0,01,31,0.77143,0.88643,0.08735
HTP,pooled_split,resnet50,640,0,02,31,0.53704,0.56381,0.08735
HTP,pooled_split,resnet50,640,0,overall,32,0.63793,0.74184,0.0663
HTP,pooled_split,resnet50,640,0,00,32,0.56164,0.6275,0.0663
HTP,pooled_split,resnet50,640,0,01,32,0.75238,0.88316,0.0663
HTP,pooled_split,resnet50,640,0,02,32,0.51852,0.53576,0.0663
HTP,pooled_split,resnet50,640,0,overall,33,0.65948,0.76374,0.06029
HTP,pooled_split,resnet50,640,0,00,33,0.60274,0.70545,0.06029
HTP,pooled_split,resnet50,640,0,01,33,0.77143,0.89369,0.06029
HTP,pooled_split,resnet50,640,0,02,33,0.51852,0.51753,0.06029
HTP,pooled_split,resnet50,640,0,overall,34,0.68103,0.74839,0.06235
HTP,pooled_split,resnet50,640,0,00,34,0.64384,0.70046,0.06235
HTP,pooled_split,resnet50,640,0,01,34,0.80952,0.89985,0.06235
HTP,pooled_split,resnet50,640,0,02,34,0.48148,0.3913,0.06235
HTP,pooled_split,resnet50,640,0,overall,35,0.66379,0.75442,0.08198
HTP,pooled_split,resnet50,640,0,00,35,0.61644,0.64132,0.08198
HTP,pooled_split,resnet50,640,0,01,35,0.78095,0.89659,0.08198
HTP,pooled_split,resnet50,640,0,02,35,0.5,0.56662,0.08198
HTP,pooled_split,resnet50,640,0,overall,36,0.66379,0.75584,0.06683
HTP,pooled_split,resnet50,640,0,00,36,0.57534,0.60369,0.06683
HTP,pooled_split,resnet50,640,0,01,36,0.8,0.91437,0.06683
HTP,pooled_split,resnet50,640,0,02,36,0.51852,0.55119,0.06683
HTP,pooled_split,resnet50,640,0,overall,37,0.68103,0.76872,0.08555
HTP,pooled_split,resnet50,640,0,00,37,0.58904,0.66436,0.08555
HTP,pooled_split,resnet50,640,0,01,37,0.79048,0.90022,0.08555
HTP,pooled_split,resnet50,640,0,02,37,0.59259,0.62553,0.08555
HTP,pooled_split,resnet50,640,0,overall,38,0.61207,0.72271,0.11137
HTP,pooled_split,resnet50,640,0,00,38,0.50685,0.60983,0.11137
HTP,pooled_split,resnet50,640,0,01,38,0.73333,0.87808,0.11137
HTP,pooled_split,resnet50,640,0,02,38,0.51852,0.46844,0.11137
HTP,pooled_split,resnet50,640,0,overall,39,0.68103,0.72102,0.06901
HTP,pooled_split,resnet50,640,0,00,39,0.63014,0.63134,0.06901
HTP,pooled_split,resnet50,640,0,01,39,0.78095,0.84579,0.06901
HTP,pooled_split,resnet50,640,0,02,39,0.55556,0.59748,0.06901
HTP,pooled_split,resnet50,640,0,overall,40,0.68534,0.75273,0.06121
HTP,pooled_split,resnet50,640,0,00,40,0.60274,0.62212,0.06121
HTP,pooled_split,resnet50,640,0,01,40,0.81905,0.88933,0.06121
HTP,pooled_split,resnet50,640,0,02,40,0.53704,0.58485,0.06121
HTP,pooled_split,resnet50,640,0,overall,41,0.68966,0.76861,0.07122
HTP,pooled_split,resnet50,640,0,00,41,0.58904,0.60637,0.07122
HTP,pooled_split,resnet50,640,0,01,41,0.84762,0.90675,0.07122
HTP,pooled_split,resnet50,640,0,02,41,0.51852,0.57083,0.07122
HTP,pooled_split,resnet50,640,0,overall,42,0.65948,0.72705,0.10686
HTP,pooled_split,resnet50,640,0,00,42,0.65753,0.70046,0.10686
HTP,pooled_split,resnet50,640,0,01,42,0.72381,0.82583,0.10686
HTP,pooled_split,resnet50,640,0,02,42,0.53704,0.54418,0.10686
HTP,pooled_split,resnet50,640,0,overall,43,0.66379,0.75314,0.07283
HTP,pooled_split,resnet50,640,0,00,43,0.58904,0.65361,0.07283
HTP,pooled_split,resnet50,640,0,01,43,0.8,0.88389,0.07283
HTP,pooled_split,resnet50,640,0,02,43,0.5,0.51192,0.07283
HTP,pooled_split,resnet50,640,0,overall,44,0.64224,0.72874,0.07737
HTP,pooled_split,resnet50,640,0,00,44,0.54795,0.59524,0.07737
HTP,pooled_split,resnet50,640,0,01,44,0.77143,0.8857,0.07737
HTP,pooled_split,resnet50,640,0,02,44,0.51852,0.51332,0.07737
HTP,pooled_split,resnet50,640,0,overall,45,0.67241,0.74446,0.06236
HTP,pooled_split,resnet50,640,0,00,45,0.58904,0.6467,0.06236
HTP,pooled_split,resnet50,640,0,01,45,0.79048,0.87083,0.06236
HTP,pooled_split,resnet50,640,0,02,45,0.55556,0.54278,0.06236
HTP,pooled_split,resnet50,640,0,overall,46,0.69397,0.76512,0.05061
HTP,pooled_split,resnet50,640,0,00,46,0.64384,0.68971,0.05061
HTP,pooled_split,resnet50,640,0,01,46,0.78095,0.89586,0.05061
HTP,pooled_split,resnet50,640,0,02,46,0.59259,0.57784,0.05061
HTP,pooled_split,resnet50,640,0,overall,47,0.67672,0.77212,0.06252
HTP,pooled_split,resnet50,640,0,00,47,0.60274,0.68203,0.06252
HTP,pooled_split,resnet50,640,0,01,47,0.79048,0.89568,0.06252
HTP,pooled_split,resnet50,640,0,02,47,0.55556,0.56522,0.06252
HTP,pooled_split,resnet50,640,0,overall,48,0.68103,0.76939,0.06147
HTP,pooled_split,resnet50,640,0,00,48,0.56164,0.63825,0.06147
HTP,pooled_split,resnet50,640,0,01,48,0.8,0.90276,0.06147
HTP,pooled_split,resnet50,640,0,02,48,0.61111,0.63114,0.06147
HTP,pooled_split,resnet50,640,0,overall,49,0.70259,0.7527,0.06589
HTP,pooled_split,resnet50,640,0,00,49,0.64384,0.70353,0.06589
HTP,pooled_split,resnet50,640,0,01,49,0.80952,0.88534,0.06589
HTP,pooled_split,resnet50,640,0,02,49,0.57407,0.57504,0.06589
HTP,pooled_split,resnet50,640,0,overall,50,0.68103,0.74603,0.08169
HTP,pooled_split,resnet50,640,0,00,50,0.69863,0.65131,0.08169
HTP,pooled_split,resnet50,640,0,01,50,0.73333,0.84869,0.08169
HTP,pooled_split,resnet50,640,0,02,50,0.55556,0.63534,0.08169
HTP,pooled_split,resnet50,224,1,overall,1,0.65948,0.73222,0.64402
HTP,pooled_split,resnet50,224,1,00,1,0.54795,0.55184,0.64402
HTP,pooled_split,resnet50,224,1,01,1,0.81905,0.91909,0.64402
HTP,pooled_split,resnet50,224,1,02,1,0.5,0.53717,0.64402
HTP,pooled_split,resnet50,224,1,overall,2,0.69397,0.76112,0.56223
HTP,pooled_split,resnet50,224,1,00,2,0.56164,0.57527,0.56223
HTP,pooled_split,resnet50,224,1,01,2,0.87619,0.94303,0.56223
HTP,pooled_split,resnet50,224,1,02,2,0.51852,0.54698,0.56223
HTP,pooled_split,resnet50,224,1,overall,3,0.61638,0.75262,0.52404
HTP,pooled_split,resnet50,224,1,00,3,0.53425,0.52995,0.52404
HTP,pooled_split,resnet50,224,1,01,3,0.74286,0.96154,0.52404
HTP,pooled_split,resnet50,224,1,02,3,0.48148,0.54278,0.52404
HTP,pooled_split,resnet50,224,1,overall,4,0.69828,0.77194,0.47178
HTP,pooled_split,resnet50,224,1,00,4,0.53425,0.55069,0.47178
HTP,pooled_split,resnet50,224,1,01,4,0.88571,0.96444,0.47178
HTP,pooled_split,resnet50,224,1,02,4,0.55556,0.59888,0.47178
HTP,pooled_split,resnet50,224,1,overall,5,0.72845,0.78833,0.43187
HTP,pooled_split,resnet50,224,1,00,5,0.58904,0.59754,0.43187
HTP,pooled_split,resnet50,224,1,01,5,0.86667,0.97714,0.43187
HTP,pooled_split,resnet50,224,1,02,5,0.64815,0.59607,0.43187
HTP,pooled_split,resnet50,224,1,overall,6,0.66379,0.73712,0.38729
HTP,pooled_split,resnet50,224,1,00,6,0.54795,0.55914,0.38729
HTP,pooled_split,resnet50,224,1,01,6,0.78095,0.95827,0.38729
HTP,pooled_split,resnet50,224,1,02,6,0.59259,0.59046,0.38729
HTP,pooled_split,resnet50,224,1,overall,7,0.71121,0.77007,0.34184
HTP,pooled_split,resnet50,224,1,00,7,0.64384,0.62903,0.34184
HTP,pooled_split,resnet50,224,1,01,7,0.8381,0.94122,0.34184
HTP,pooled_split,resnet50,224,1,02,7,0.55556,0.54137,0.34184
HTP,pooled_split,resnet50,224,1,overall,8,0.69397,0.74906,0.30363
HTP,pooled_split,resnet50,224,1,00,8,0.60274,0.54916,0.30363
HTP,pooled_split,resnet50,224,1,01,8,0.85714,0.94122,0.30363
HTP,pooled_split,resnet50,224,1,02,8,0.5,0.49088,0.30363
HTP,pooled_split,resnet50,224,1,overall,9,0.67672,0.74835,0.28357
HTP,pooled_split,resnet50,224,1,00,9,0.53425,0.51536,0.28357
HTP,pooled_split,resnet50,224,1,01,9,0.8381,0.94993,0.28357
HTP,pooled_split,resnet50,224,1,02,9,0.55556,0.5582,0.28357
HTP,pooled_split,resnet50,224,1,overall,10,0.63362,0.69594,0.28416
HTP,pooled_split,resnet50,224,1,00,10,0.50685,0.55376,0.28416
HTP,pooled_split,resnet50,224,1,01,10,0.8,0.90385,0.28416
HTP,pooled_split,resnet50,224,1,02,10,0.48148,0.50912,0.28416
HTP,pooled_split,resnet50,224,1,overall,11,0.67672,0.75195,0.23055
HTP,pooled_split,resnet50,224,1,00,11,0.54795,0.56298,0.23055
HTP,pooled_split,resnet50,224,1,01,11,0.84762,0.94956,0.23055
HTP,pooled_split,resnet50,224,1,02,11,0.51852,0.53857,0.23055
HTP,pooled_split,resnet50,224,1,overall,12,0.67241,0.75109,0.23722
HTP,pooled_split,resnet50,224,1,00,12,0.49315,0.5553,0.23722
HTP,pooled_split,resnet50,224,1,01,12,0.85714,0.94122,0.23722
HTP,pooled_split,resnet50,224,1,02,12,0.55556,0.5582,0.23722
HTP,pooled_split,resnet50,224,1,overall,13,0.69828,0.78377,0.23501
HTP,pooled_split,resnet50,224,1,00,13,0.57534,0.58679,0.23501
HTP,pooled_split,resnet50,224,1,01,13,0.87619,0.95319,0.23501
HTP,pooled_split,resnet50,224,1,02,13,0.51852,0.5554,0.23501
HTP,pooled_split,resnet50,224,1,overall,14,0.65948,0.76786,0.19683
HTP,pooled_split,resnet50,224,1,00,14,0.47945,0.57296,0.19683
HTP,pooled_split,resnet50,224,1,01,14,0.85714,0.96916,0.19683
HTP,pooled_split,resnet50,224,1,02,14,0.51852,0.53717,0.19683
HTP,pooled_split,resnet50,224,1,overall,15,0.67672,0.77212,0.17142
HTP,pooled_split,resnet50,224,1,00,15,0.57534,0.62212,0.17142
HTP,pooled_split,resnet50,224,1,01,15,0.8381,0.95356,0.17142
HTP,pooled_split,resnet50,224,1,02,15,0.5,0.5568,0.17142
HTP,pooled_split,resnet50,224,1,overall,16,0.68103,0.74693,0.1755
HTP,pooled_split,resnet50,224,1,00,16,0.56164,0.58065,0.1755
HTP,pooled_split,resnet50,224,1,01,16,0.85714,0.92525,0.1755
HTP,pooled_split,resnet50,224,1,02,16,0.5,0.51613,0.1755
HTP,pooled_split,resnet50,224,1,overall,17,0.68534,0.75464,0.18269
HTP,pooled_split,resnet50,224,1,00,17,0.54795,0.58141,0.18269
HTP,pooled_split,resnet50,224,1,01,17,0.84762,0.94122,0.18269
HTP,pooled_split,resnet50,224,1,02,17,0.55556,0.57083,0.18269
HTP,pooled_split,resnet50,224,1,overall,18,0.68966,0.76969,0.18789
HTP,pooled_split,resnet50,224,1,00,18,0.56164,0.6106,0.18789
HTP,pooled_split,resnet50,224,1,01,18,0.82857,0.94993,0.18789
HTP,pooled_split,resnet50,224,1,02,18,0.59259,0.57363,0.18789
HTP,pooled_split,resnet50,224,1,overall,19,0.68534,0.7768,0.19025
HTP,pooled_split,resnet50,224,1,00,19,0.52055,0.55069,0.19025
HTP,pooled_split,resnet50,224,1,01,19,0.87619,0.95755,0.19025
HTP,pooled_split,resnet50,224,1,02,19,0.53704,0.58345,0.19025
HTP,pooled_split,resnet50,224,1,overall,20,0.65086,0.7348,0.14178
HTP,pooled_split,resnet50,224,1,00,20,0.46575,0.47465,0.14178
HTP,pooled_split,resnet50,224,1,01,20,0.85714,0.94811,0.14178
HTP,pooled_split,resnet50,224,1,02,20,0.5,0.53436,0.14178
HTP,pooled_split,resnet50,224,1,overall,21,0.68103,0.73776,0.14286
HTP,pooled_split,resnet50,224,1,00,21,0.47945,0.46851,0.14286
HTP,pooled_split,resnet50,224,1,01,21,0.88571,0.95501,0.14286
HTP,pooled_split,resnet50,224,1,02,21,0.55556,0.5582,0.14286
HTP,pooled_split,resnet50,224,1,overall,22,0.64655,0.75502,0.15041
HTP,pooled_split,resnet50,224,1,00,22,0.57534,0.57911,0.15041
HTP,pooled_split,resnet50,224,1,01,22,0.78095,0.94412,0.15041
HTP,pooled_split,resnet50,224,1,02,22,0.48148,0.54278,0.15041
HTP,pooled_split,resnet50,224,1,overall,23,0.63793,0.69849,0.12727
HTP,pooled_split,resnet50,224,1,00,23,0.50685,0.54147,0.12727
HTP,pooled_split,resnet50,224,1,01,23,0.80952,0.92961,0.12727
HTP,pooled_split,resnet50,224,1,02,23,0.48148,0.51613,0.12727
HTP,pooled_split,resnet50,224,1,overall,24,0.66379,0.73914,0.14358
HTP,pooled_split,resnet50,224,1,00,24,0.49315,0.54224,0.14358
HTP,pooled_split,resnet50,224,1,01,24,0.88571,0.9619,0.14358
HTP,pooled_split,resnet50,224,1,02,24,0.46296,0.50491,0.14358
HTP,pooled_split,resnet50,224,1,overall,25,0.64655,0.74671,0.12745
HTP,pooled_split,resnet50,224,1,00,25,0.53425,0.56989,0.12745
HTP,pooled_split,resnet50,224,1,01,25,0.8,0.94956,0.12745
HTP,pooled_split,resnet50,224,1,02,25,0.5,0.52875,0.12745
HTP,pooled_split,resnet50,224,1,overall,26,0.68103,0.73046,0.1514
HTP,pooled_split,resnet50,224,1,00,26,0.60274,0.60138,0.1514
HTP,pooled_split,resnet50,224,1,01,26,0.81905,0.91981,0.1514
HTP,pooled_split,resnet50,224,1,02,26,0.51852,0.51473,0.1514
HTP,pooled_split,resnet50,224,1,overall,27,0.65086,0.7485,0.13405
HTP,pooled_split,resnet50,224,1,00,27,0.52055,0.57911,0.13405
HTP,pooled_split,resnet50,224,1,01,27,0.80952,0.93578,0.13405
HTP,pooled_split,resnet50,224,1,02,27,0.51852,0.554,0.13405
HTP,pooled_split,resnet50,224,1,overall,28,0.69397,0.75621,0.17319
HTP,pooled_split,resnet50,224,1,00,28,0.61644,0.61098,0.17319
HTP,pooled_split,resnet50,224,1,01,28,0.82857,0.94194,0.17319
HTP,pooled_split,resnet50,224,1,02,28,0.53704,0.55259,0.17319
HTP,pooled_split,resnet50,224,1,overall,29,0.69828,0.7424,0.13219
HTP,pooled_split,resnet50,224,1,00,29,0.57534,0.58756,0.13219
HTP,pooled_split,resnet50,224,1,01,29,0.85714,0.94158,0.13219
HTP,pooled_split,resnet50,224,1,02,29,0.55556,0.52174,0.13219
HTP,pooled_split,resnet50,224,1,overall,30,0.64224,0.70609,0.12882
HTP,pooled_split,resnet50,224,1,00,30,0.47945,0.48272,0.12882
HTP,pooled_split,resnet50,224,1,01,30,0.8381,0.93578,0.12882
HTP,pooled_split,resnet50,224,1,02,30,0.48148,0.50351,0.12882
HTP,pooled_split,resnet50,224,1,overall,31,0.65948,0.7232,0.14602
HTP,pooled_split,resnet50,224,1,00,31,0.54795,0.52995,0.14602
HTP,pooled_split,resnet50,224,1,01,31,0.81905,0.92671,0.14602
HTP,pooled_split,resnet50,224,1,02,31,0.5,0.51753,0.14602
HTP,pooled_split,resnet50,224,1,overall,32,0.6681,0.74775,0.15414
HTP,pooled_split,resnet50,224,1,00,32,0.46575,0.5361,0.15414
HTP,pooled_split,resnet50,224,1,01,32,0.87619,0.9365,0.15414
HTP,pooled_split,resnet50,224,1,02,32,0.53704,0.56381,0.15414
HTP,pooled_split,resnet50,224,1,overall,33,0.71552,0.76228,0.11413
HTP,pooled_split,resnet50,224,1,00,33,0.58904,0.57911,0.11413
HTP,pooled_split,resnet50,224,1,01,33,0.87619,0.95718,0.11413
HTP,pooled_split,resnet50,224,1,02,33,0.57407,0.5582,0.11413
HTP,pooled_split,resnet50,224,1,overall,34,0.67672,0.73869,0.11717
HTP,pooled_split,resnet50,224,1,00,34,0.49315,0.54071,0.11717
HTP,pooled_split,resnet50,224,1,01,34,0.87619,0.93904,0.11717
HTP,pooled_split,resnet50,224,1,02,34,0.53704,0.54698,0.11717
HTP,pooled_split,resnet50,224,1,overall,35,0.64655,0.75303,0.10411
HTP,pooled_split,resnet50,224,1,00,35,0.47945,0.53149,0.10411
HTP,pooled_split,resnet50,224,1,01,35,0.8381,0.95864,0.10411
HTP,pooled_split,resnet50,224,1,02,35,0.5,0.57083,0.10411
HTP,pooled_split,resnet50,224,1,overall,36,0.66379,0.74461,0.1314
HTP,pooled_split,resnet50,224,1,00,36,0.54795,0.55069,0.1314
HTP,pooled_split,resnet50,224,1,01,36,0.82857,0.96045,0.1314
HTP,pooled_split,resnet50,224,1,02,36,0.5,0.53997,0.1314
HTP,pooled_split,resnet50,224,1,overall,37,0.63793,0.6913,0.11694
HTP,pooled_split,resnet50,224,1,00,37,0.46575,0.48618,0.11694
HTP,pooled_split,resnet50,224,1,01,37,0.82857,0.91945,0.11694
HTP,pooled_split,resnet50,224,1,02,37,0.5,0.51893,0.11694
HTP,pooled_split,resnet50,224,1,overall,38,0.6681,0.7257,0.09821
HTP,pooled_split,resnet50,224,1,00,38,0.49315,0.49386,0.09821
HTP,pooled_split,resnet50,224,1,01,38,0.86667,0.94013,0.09821
HTP,pooled_split,resnet50,224,1,02,38,0.51852,0.52384,0.09821
HTP,pooled_split,resnet50,224,1,overall,39,0.65948,0.73667,0.08434
HTP,pooled_split,resnet50,224,1,00,39,0.54795,0.51536,0.08434
HTP,pooled_split,resnet50,224,1,01,39,0.80952,0.96444,0.08434
HTP,pooled_split,resnet50,224,1,02,39,0.51852,0.52875,0.08434
HTP,pooled_split,resnet50,224,1,overall,40,0.65086,0.73518,0.1174
HTP,pooled_split,resnet50,224,1,00,40,0.46575,0.51306,0.1174
HTP,pooled_split,resnet50,224,1,01,40,0.85714,0.94848,0.1174
HTP,pooled_split,resnet50,224,1,02,40,0.5,0.54278,0.1174
HTP,pooled_split,resnet50,224,1,overall,41,0.64655,0.71354,0.12374
HTP,pooled_split,resnet50,224,1,00,41,0.47945,0.51382,0.12374
HTP,pooled_split,resnet50,224,1,01,41,0.8381,0.91147,0.12374
HTP,pooled_split,resnet50,224,1,02,41,0.5,0.57223,0.12374
HTP,pooled_split,resnet50,224,1,overall,42,0.65948,0.73379,0.10388
HTP,pooled_split,resnet50,224,1,00,42,0.56164,0.52458,0.10388
HTP,pooled_split,resnet50,224,1,01,42,0.80952,0.94775,0.10388
HTP,pooled_split,resnet50,224,1,02,42,0.5,0.53857,0.10388
HTP,pooled_split,resnet50,224,1,overall,43,0.63793,0.72192,0.1154
HTP,pooled_split,resnet50,224,1,00,43,0.45205,0.53533,0.1154
HTP,pooled_split,resnet50,224,1,01,43,0.8381,0.92417,0.1154
HTP,pooled_split,resnet50,224,1,02,43,0.5,0.57994,0.1154
HTP,pooled_split,resnet50,224,1,overall,44,0.6681,0.76385,0.10234
HTP,pooled_split,resnet50,224,1,00,44,0.56164,0.57604,0.10234
HTP,pooled_split,resnet50,224,1,01,44,0.8,0.96771,0.10234
HTP,pooled_split,resnet50,224,1,02,44,0.55556,0.59046,0.10234
HTP,pooled_split,resnet50,224,1,overall,45,0.6681,0.73312,0.10806
HTP,pooled_split,resnet50,224,1,00,45,0.49315,0.56836,0.10806
HTP,pooled_split,resnet50,224,1,01,45,0.86667,0.91981,0.10806
HTP,pooled_split,resnet50,224,1,02,45,0.51852,0.58766,0.10806
HTP,pooled_split,resnet50,224,1,overall,46,0.68966,0.75577,0.13269
HTP,pooled_split,resnet50,224,1,00,46,0.52055,0.51306,0.13269
HTP,pooled_split,resnet50,224,1,01,46,0.87619,0.95718,0.13269
HTP,pooled_split,resnet50,224,1,02,46,0.55556,0.58766,0.13269
HTP,pooled_split,resnet50,224,1,overall,47,0.68103,0.75007,0.10425
HTP,pooled_split,resnet50,224,1,00,47,0.54795,0.54301,0.10425
HTP,pooled_split,resnet50,224,1,01,47,0.82857,0.96045,0.10425
HTP,pooled_split,resnet50,224,1,02,47,0.57407,0.59467,0.10425
HTP,pooled_split,resnet50,224,1,overall,48,0.66379,0.74835,0.1266
HTP,pooled_split,resnet50,224,1,00,48,0.50685,0.53226,0.1266
HTP,pooled_split,resnet50,224,1,01,48,0.84762,0.96154,0.1266
HTP,pooled_split,resnet50,224,1,02,48,0.51852,0.54979,0.1266
HTP,pooled_split,resnet50,224,1,overall,49,0.65948,0.7372,0.09543
HTP,pooled_split,resnet50,224,1,00,49,0.49315,0.54455,0.09543
HTP,pooled_split,resnet50,224,1,01,49,0.8381,0.91183,0.09543
HTP,pooled_split,resnet50,224,1,02,49,0.53704,0.59187,0.09543
HTP,pooled_split,resnet50,224,1,overall,50,0.65948,0.75172,0.10576
HTP,pooled_split,resnet50,224,1,00,50,0.54795,0.55684,0.10576
HTP,pooled_split,resnet50,224,1,01,50,0.80952,0.94739,0.10576
HTP,pooled_split,resnet50,224,1,02,50,0.51852,0.60729,0.10576
HTP,pooled_split,resnet50,640,1,overall,1,0.64224,0.73211,0.63498
HTP,pooled_split,resnet50,640,1,00,1,0.50685,0.57834,0.63498
HTP,pooled_split,resnet50,640,1,01,1,0.8,0.89115,0.63498
HTP,pooled_split,resnet50,640,1,02,1,0.51852,0.51192,0.63498
HTP,pooled_split,resnet50,640,1,overall,2,0.71983,0.79575,0.5578
HTP,pooled_split,resnet50,640,1,00,2,0.63014,0.65131,0.5578
HTP,pooled_split,resnet50,640,1,01,2,0.85714,0.94303,0.5578
HTP,pooled_split,resnet50,640,1,02,2,0.57407,0.57083,0.5578
HTP,pooled_split,resnet50,640,1,overall,3,0.64655,0.77883,0.53309
HTP,pooled_split,resnet50,640,1,00,3,0.52055,0.57988,0.53309
HTP,pooled_split,resnet50,640,1,01,3,0.80952,0.94594,0.53309
HTP,pooled_split,resnet50,640,1,02,3,0.5,0.55119,0.53309
HTP,pooled_split,resnet50,640,1,overall,4,0.63362,0.77774,0.50382
HTP,pooled_split,resnet50,640,1,00,4,0.53425,0.64593,0.50382
HTP,pooled_split,resnet50,640,1,01,4,0.7619,0.90856,0.50382
HTP,pooled_split,resnet50,640,1,02,4,0.51852,0.58345,0.50382
HTP,pooled_split,resnet50,640,1,overall,5,0.75,0.82622,0.45617
HTP,pooled_split,resnet50,640,1,00,5,0.56164,0.59754,0.45617
HTP,pooled_split,resnet50,640,1,01,5,0.91429,0.96662,0.45617
HTP,pooled_split,resnet50,640,1,02,5,0.68519,0.64236,0.45617
HTP,pooled_split,resnet50,640,1,overall,6,0.68534,0.76924,0.42767
HTP,pooled_split,resnet50,640,1,00,6,0.56164,0.57757,0.42767
HTP,pooled_split,resnet50,640,1,01,6,0.84762,0.93469,0.42767
HTP,pooled_split,resnet50,640,1,02,6,0.53704,0.53997,0.42767
HTP,pooled_split,resnet50,640,1,overall,7,0.68534,0.77658,0.39105
HTP,pooled_split,resnet50,640,1,00,7,0.52055,0.62826,0.39105
HTP,pooled_split,resnet50,640,1,01,7,0.84762,0.94376,0.39105
HTP,pooled_split,resnet50,640,1,02,7,0.59259,0.57083,0.39105
HTP,pooled_split,resnet50,640,1,overall,8,0.67672,0.75217,0.32978
HTP,pooled_split,resnet50,640,1,00,8,0.60274,0.64439,0.32978
HTP,pooled_split,resnet50,640,1,01,8,0.8381,0.90602,0.32978
HTP,pooled_split,resnet50,640,1,02,8,0.46296,0.46283,0.32978
HTP,pooled_split,resnet50,640,1,overall,9,0.66379,0.76168,0.3042
HTP,pooled_split,resnet50,640,1,00,9,0.65753,0.6321,0.3042
HTP,pooled_split,resnet50,640,1,01,9,0.70476,0.93324,0.3042
HTP,pooled_split,resnet50,640,1,02,9,0.59259,0.58065,0.3042
HTP,pooled_split,resnet50,640,1,overall,10,0.64224,0.76909,0.32782
HTP,pooled_split,resnet50,640,1,00,10,0.65753,0.6225,0.32782
HTP,pooled_split,resnet50,640,1,01,10,0.66667,0.95392,0.32782
HTP,pooled_split,resnet50,640,1,02,10,0.57407,0.61851,0.32782
HTP,pooled_split,resnet50,640,1,overall,11,0.67241,0.75524,0.23778
HTP,pooled_split,resnet50,640,1,00,11,0.53425,0.61367,0.23778
HTP,pooled_split,resnet50,640,1,01,11,0.84762,0.91364,0.23778
HTP,pooled_split,resnet50,640,1,02,11,0.51852,0.51473,0.23778
HTP,pooled_split,resnet50,640,1,overall,12,0.71552,0.7765,0.22609
HTP,pooled_split,resnet50,640,1,00,12,0.60274,0.66974,0.22609
HTP,pooled_split,resnet50,640,1,01,12,0.88571,0.93541,0.22609
HTP,pooled_split,resnet50,640,1,02,12,0.53704,0.56381,0.22609
HTP,pooled_split,resnet50,640,1,overall,13,0.66379,0.77096,0.22662
HTP,pooled_split,resnet50,640,1,00,13,0.61644,0.61674,0.22662
HTP,pooled_split,resnet50,640,1,01,13,0.77143,0.93324,0.22662
HTP,pooled_split,resnet50,640,1,02,13,0.51852,0.52034,0.22662
HTP,pooled_split,resnet50,640,1,overall,14,0.68534,0.77538,0.18746
HTP,pooled_split,resnet50,640,1,00,14,0.64384,0.61214,0.18746
HTP,pooled_split,resnet50,640,1,01,14,0.7619,0.96372,0.18746
HTP,pooled_split,resnet50,640,1,02,14,0.59259,0.56662,0.18746
HTP,pooled_split,resnet50,640,1,overall,15,0.64224,0.73525,0.18003
HTP,pooled_split,resnet50,640,1,00,15,0.50685,0.58525,0.18003
HTP,pooled_split,resnet50,640,1,01,15,0.78095,0.90566,0.18003
HTP,pooled_split,resnet50,640,1,02,15,0.55556,0.54979,0.18003
HTP,pooled_split,resnet50,640,1,overall,16,0.6681,0.73869,0.16907
HTP,pooled_split,resnet50,640,1,00,16,0.56164,0.56836,0.16907
HTP,pooled_split,resnet50,640,1,01,16,0.81905,0.8984,0.16907
HTP,pooled_split,resnet50,640,1,02,16,0.51852,0.5554,0.16907
HTP,pooled_split,resnet50,640,1,overall,17,0.64224,0.73323,0.13949
HTP,pooled_split,resnet50,640,1,00,17,0.56164,0.58525,0.13949
HTP,pooled_split,resnet50,640,1,01,17,0.8,0.91401,0.13949
HTP,pooled_split,resnet50,640,1,02,17,0.44444,0.51893,0.13949
HTP,pooled_split,resnet50,640,1,overall,18,0.67241,0.74906,0.14622
HTP,pooled_split,resnet50,640,1,00,18,0.56164,0.63172,0.14622
HTP,pooled_split,resnet50,640,1,01,18,0.77143,0.86865,0.14622
HTP,pooled_split,resnet50,640,1,02,18,0.62963,0.54558,0.14622
HTP,pooled_split,resnet50,640,1,overall,19,0.72414,0.78961,0.13595
HTP,pooled_split,resnet50,640,1,00,19,0.56164,0.62826,0.13595
HTP,pooled_split,resnet50,640,1,01,19,0.89524,0.93868,0.13595
HTP,pooled_split,resnet50,640,1,02,19,0.61111,0.58485,0.13595
HTP,pooled_split,resnet50,640,1,overall,20,0.68534,0.76336,0.10853
HTP,pooled_split,resnet50,640,1,00,20,0.53425,0.57028,0.10853
HTP,pooled_split,resnet50,640,1,01,20,0.88571,0.95138,0.10853
HTP,pooled_split,resnet50,640,1,02,20,0.5,0.56942,0.10853
HTP,pooled_split,resnet50,640,1,overall,21,0.68534,0.79627,0.13147
HTP,pooled_split,resnet50,640,1,00,21,0.58904,0.63594,0.13147
HTP,pooled_split,resnet50,640,1,01,21,0.84762,0.96553,0.13147
HTP,pooled_split,resnet50,640,1,02,21,0.5,0.54278,0.13147
HTP,pooled_split,resnet50,640,1,overall,22,0.68966,0.79451,0.10194
HTP,pooled_split,resnet50,640,1,00,22,0.57534,0.63249,0.10194
HTP,pooled_split,resnet50,640,1,01,22,0.8381,0.94267,0.10194
HTP,pooled_split,resnet50,640,1,02,22,0.55556,0.56802,0.10194
HTP,pooled_split,resnet50,640,1,overall,23,0.68103,0.73997,0.09806
HTP,pooled_split,resnet50,640,1,00,23,0.53425,0.56989,0.09806
HTP,pooled_split,resnet50,640,1,01,23,0.84762,0.96154,0.09806
HTP,pooled_split,resnet50,640,1,02,23,0.55556,0.54839,0.09806
HTP,pooled_split,resnet50,640,1,overall,24,0.66379,0.74266,0.10539
HTP,pooled_split,resnet50,640,1,00,24,0.45205,0.52688,0.10539
HTP,pooled_split,resnet50,640,1,01,24,0.85714,0.93251,0.10539
HTP,pooled_split,resnet50,640,1,02,24,0.57407,0.56241,0.10539
HTP,pooled_split,resnet50,640,1,overall,25,0.67672,0.72874,0.11251
HTP,pooled_split,resnet50,640,1,00,25,0.53425,0.57296,0.11251
HTP,pooled_split,resnet50,640,1,01,25,0.84762,0.94412,0.11251
HTP,pooled_split,resnet50,640,1,02,25,0.53704,0.56942,0.11251
HTP,pooled_split,resnet50,640,1,overall,26,0.6681,0.75139,0.09104
HTP,pooled_split,resnet50,640,1,00,26,0.61644,0.54109,0.09104
HTP,pooled_split,resnet50,640,1,01,26,0.7619,0.9492,0.09104
HTP,pooled_split,resnet50,640,1,02,26,0.55556,0.54558,0.09104
HTP,pooled_split,resnet50,640,1,overall,27,0.68103,0.77508,0.10275
HTP,pooled_split,resnet50,640,1,00,27,0.58904,0.55991,0.10275
HTP,pooled_split,resnet50,640,1,01,27,0.84762,0.95283,0.10275
HTP,pooled_split,resnet50,640,1,02,27,0.48148,0.58485,0.10275
HTP,pooled_split,resnet50,640,1,overall,28,0.65948,0.76906,0.11941
HTP,pooled_split,resnet50,640,1,00,28,0.56164,0.62596,0.11941
HTP,pooled_split,resnet50,640,1,01,28,0.77143,0.97388,0.11941
HTP,pooled_split,resnet50,640,1,02,28,0.57407,0.53156,0.11941
HTP,pooled_split,resnet50,640,1,overall,29,0.69828,0.79238,0.0808
HTP,pooled_split,resnet50,640,1,00,29,0.53425,0.6298,0.0808
HTP,pooled_split,resnet50,640,1,01,29,0.91429,0.96335,0.0808
HTP,pooled_split,resnet50,640,1,02,29,0.5,0.57223,0.0808
HTP,pooled_split,resnet50,640,1,overall,30,0.69828,0.771,0.07627
HTP,pooled_split,resnet50,640,1,00,30,0.61644,0.64171,0.07627
HTP,pooled_split,resnet50,640,1,01,30,0.85714,0.94485,0.07627
HTP,pooled_split,resnet50,640,1,02,30,0.5,0.52174,0.07627
HTP,pooled_split,resnet50,640,1,overall,31,0.70259,0.76909,0.09316
HTP,pooled_split,resnet50,640,1,00,31,0.60274,0.65438,0.09316
HTP,pooled_split,resnet50,640,1,01,31,0.87619,0.92253,0.09316
HTP,pooled_split,resnet50,640,1,02,31,0.5,0.53296,0.09316
HTP,pooled_split,resnet50,640,1,overall,32,0.72845,0.76973,0.08461
HTP,pooled_split,resnet50,640,1,00,32,0.65753,0.61674,0.08461
HTP,pooled_split,resnet50,640,1,01,32,0.86667,0.94412,0.08461
HTP,pooled_split,resnet50,640,1,02,32,0.55556,0.51753,0.08461
HTP,pooled_split,resnet50,640,1,overall,33,0.69828,0.76962,0.056
HTP,pooled_split,resnet50,640,1,00,33,0.57534,0.61444,0.056
HTP,pooled_split,resnet50,640,1,01,33,0.85714,0.92852,0.056
HTP,pooled_split,resnet50,640,1,02,33,0.55556,0.54558,0.056
HTP,pooled_split,resnet50,640,1,overall,34,0.71552,0.7676,0.05414
HTP,pooled_split,resnet50,640,1,00,34,0.60274,0.59293,0.05414
HTP,pooled_split,resnet50,640,1,01,34,0.85714,0.95356,0.05414
HTP,pooled_split,resnet50,640,1,02,34,0.59259,0.57644,0.05414
HTP,pooled_split,resnet50,640,1,overall,35,0.71121,0.77883,0.06731
HTP,pooled_split,resnet50,640,1,00,35,0.61644,0.61598,0.06731
HTP,pooled_split,resnet50,640,1,01,35,0.84762,0.959,0.06731
HTP,pooled_split,resnet50,640,1,02,35,0.57407,0.58345,0.06731
HTP,pooled_split,resnet50,640,1,overall,36,0.71552,0.81132,0.09341
HTP,pooled_split,resnet50,640,1,00,36,0.64384,0.69892,0.09341
HTP,pooled_split,resnet50,640,1,01,36,0.87619,0.93832,0.09341
HTP,pooled_split,resnet50,640,1,02,36,0.5,0.58345,0.09341
HTP,pooled_split,resnet50,640,1,overall,37,0.75431,0.81589,0.05371
HTP,pooled_split,resnet50,640,1,00,37,0.67123,0.68356,0.05371
HTP,pooled_split,resnet50,640,1,01,37,0.90476,0.94884,0.05371
HTP,pooled_split,resnet50,640,1,02,37,0.57407,0.6108,0.05371
HTP,pooled_split,resnet50,640,1,overall,38,0.6681,0.77022,0.05976
HTP,pooled_split,resnet50,640,1,00,38,0.53425,0.60753,0.05976
HTP,pooled_split,resnet50,640,1,01,38,0.82857,0.95102,0.05976
HTP,pooled_split,resnet50,640,1,02,38,0.53704,0.58345,0.05976
HTP,pooled_split,resnet50,640,1,overall,39,0.68534,0.7652,0.05249
HTP,pooled_split,resnet50,640,1,00,39,0.54795,0.58909,0.05249
HTP,pooled_split,resnet50,640,1,01,39,0.85714,0.95827,0.05249
HTP,pooled_split,resnet50,640,1,02,39,0.53704,0.55119,0.05249
HTP,pooled_split,resnet50,640,1,overall,40,0.71983,0.78489,0.06089
HTP,pooled_split,resnet50,640,1,00,40,0.64384,0.63479,0.06089
HTP,pooled_split,resnet50,640,1,01,40,0.87619,0.94485,0.06089
HTP,pooled_split,resnet50,640,1,02,40,0.51852,0.58205,0.06089
HTP,pooled_split,resnet50,640,1,overall,41,0.69397,0.77123,0.09301
HTP,pooled_split,resnet50,640,1,00,41,0.60274,0.64017,0.09301
HTP,pooled_split,resnet50,640,1,01,41,0.79048,0.9111,0.09301
HTP,pooled_split,resnet50,640,1,02,41,0.62963,0.61992,0.09301
HTP,pooled_split,resnet50,640,1,overall,42,0.69397,0.76134,0.075
HTP,pooled_split,resnet50,640,1,00,42,0.54795,0.5745,0.075
HTP,pooled_split,resnet50,640,1,01,42,0.88571,0.96589,0.075
HTP,pooled_split,resnet50,640,1,02,42,0.51852,0.52174,0.075
HTP,pooled_split,resnet50,640,1,overall,43,0.68103,0.77336,0.05878
HTP,pooled_split,resnet50,640,1,00,43,0.60274,0.60215,0.05878
HTP,pooled_split,resnet50,640,1,01,43,0.8381,0.96916,0.05878
HTP,pooled_split,resnet50,640,1,02,43,0.48148,0.5582,0.05878
HTP,pooled_split,resnet50,640,1,overall,44,0.70259,0.76542,0.07885
HTP,pooled_split,resnet50,640,1,00,44,0.56164,0.59831,0.07885
HTP,pooled_split,resnet50,640,1,01,44,0.88571,0.96698,0.07885
HTP,pooled_split,resnet50,640,1,02,44,0.53704,0.52454,0.07885
HTP,pooled_split,resnet50,640,1,overall,45,0.70259,0.77257,0.07712
HTP,pooled_split,resnet50,640,1,00,45,0.61644,0.63134,0.07712
HTP,pooled_split,resnet50,640,1,01,45,0.85714,0.94231,0.07712
HTP,pooled_split,resnet50,640,1,02,45,0.51852,0.53576,0.07712
HTP,pooled_split,resnet50,640,1,overall,46,0.69397,0.78025,0.07721
HTP,pooled_split,resnet50,640,1,00,46,0.57534,0.66283,0.07721
HTP,pooled_split,resnet50,640,1,01,46,0.88571,0.94702,0.07721
HTP,pooled_split,resnet50,640,1,02,46,0.48148,0.4993,0.07721
HTP,pooled_split,resnet50,640,1,overall,47,0.69397,0.78103,0.06193
HTP,pooled_split,resnet50,640,1,00,47,0.57534,0.63978,0.06193
HTP,pooled_split,resnet50,640,1,01,47,0.89524,0.96226,0.06193
HTP,pooled_split,resnet50,640,1,02,47,0.46296,0.51613,0.06193
HTP,pooled_split,resnet50,640,1,overall,48,0.68966,0.78762,0.05157
HTP,pooled_split,resnet50,640,1,00,48,0.54795,0.64439,0.05157
HTP,pooled_split,resnet50,640,1,01,48,0.89524,0.94775,0.05157
HTP,pooled_split,resnet50,640,1,02,48,0.48148,0.4979,0.05157
HTP,pooled_split,resnet50,640,1,overall,49,0.69828,0.78826,0.03482
HTP,pooled_split,resnet50,640,1,00,49,0.57534,0.60061,0.03482
HTP,pooled_split,resnet50,640,1,01,49,0.87619,0.96045,0.03482
HTP,pooled_split,resnet50,640,1,02,49,0.51852,0.54278,0.03482
HTP,pooled_split,resnet50,640,1,overall,50,0.71121,0.77561,0.06067
HTP,pooled_split,resnet50,640,1,00,50,0.57534,0.61828,0.06067
HTP,pooled_split,resnet50,640,1,01,50,0.87619,0.95646,0.06067
HTP,pooled_split,resnet50,640,1,02,50,0.57407,0.57644,0.06067
HTP,pooled_split,resnet50,224,2,overall,1,0.67241,0.74611,0.65028
HTP,pooled_split,resnet50,224,2,00,1,0.56164,0.56989,0.65028
HTP,pooled_split,resnet50,224,2,01,1,0.80952,0.91945,0.65028
HTP,pooled_split,resnet50,224,2,02,1,0.55556,0.63534,0.65028
HTP,pooled_split,resnet50,224,2,overall,2,0.71983,0.81971,0.5809
HTP,pooled_split,resnet50,224,2,00,2,0.61644,0.66743,0.5809
HTP,pooled_split,resnet50,224,2,01,2,0.88571,0.96444,0.5809
HTP,pooled_split,resnet50,224,2,02,2,0.53704,0.6129,0.5809
HTP,pooled_split,resnet50,224,2,overall,3,0.71121,0.80166,0.51505
HTP,pooled_split,resnet50,224,2,00,3,0.54795,0.6129,0.51505
HTP,pooled_split,resnet50,224,2,01,3,0.90476,0.9717,0.51505
HTP,pooled_split,resnet50,224,2,02,3,0.55556,0.58485,0.51505
HTP,pooled_split,resnet50,224,2,overall,4,0.7069,0.76116,0.49191
HTP,pooled_split,resnet50,224,2,00,4,0.56164,0.61521,0.49191
HTP,pooled_split,resnet50,224,2,01,4,0.87619,0.94521,0.49191
HTP,pooled_split,resnet50,224,2,02,4,0.57407,0.57924,0.49191
HTP,pooled_split,resnet50,224,2,overall,5,0.69397,0.77632,0.43279
HTP,pooled_split,resnet50,224,2,00,5,0.57534,0.58218,0.43279
HTP,pooled_split,resnet50,224,2,01,5,0.84762,0.95864,0.43279
HTP,pooled_split,resnet50,224,2,02,5,0.55556,0.58135,0.43279
HTP,pooled_split,resnet50,224,2,overall,6,0.69397,0.76984,0.38231
HTP,pooled_split,resnet50,224,2,00,6,0.61644,0.63441,0.38231
HTP,pooled_split,resnet50,224,2,01,6,0.82857,0.92961,0.38231
HTP,pooled_split,resnet50,224,2,02,6,0.53704,0.57363,0.38231
HTP,pooled_split,resnet50,224,2,overall,7,0.70259,0.77403,0.32302
HTP,pooled_split,resnet50,224,2,00,7,0.58904,0.69432,0.32302
HTP,pooled_split,resnet50,224,2,01,7,0.86667,0.94303,0.32302
HTP,pooled_split,resnet50,224,2,02,7,0.53704,0.58065,0.32302
HTP,pooled_split,resnet50,224,2,overall,8,0.68534,0.76453,0.30642
HTP,pooled_split,resnet50,224,2,00,8,0.52055,0.59831,0.30642
HTP,pooled_split,resnet50,224,2,01,8,0.87619,0.96009,0.30642
HTP,pooled_split,resnet50,224,2,02,8,0.53704,0.53717,0.30642
HTP,pooled_split,resnet50,224,2,overall,9,0.68534,0.76554,0.2894
HTP,pooled_split,resnet50,224,2,00,9,0.49315,0.53533,0.2894
HTP,pooled_split,resnet50,224,2,01,9,0.85714,0.96589,0.2894
HTP,pooled_split,resnet50,224,2,02,9,0.61111,0.5575,0.2894
HTP,pooled_split,resnet50,224,2,overall,10,0.73707,0.77901,0.3016
HTP,pooled_split,resnet50,224,2,00,10,0.61644,0.63441,0.3016
HTP,pooled_split,resnet50,224,2,01,10,0.89524,0.95102,0.3016
HTP,pooled_split,resnet50,224,2,02,10,0.59259,0.6129,0.3016
HTP,pooled_split,resnet50,224,2,overall,11,0.66379,0.74423,0.25079
HTP,pooled_split,resnet50,224,2,00,11,0.50685,0.57373,0.25079
HTP,pooled_split,resnet50,224,2,01,11,0.8381,0.94739,0.25079
HTP,pooled_split,resnet50,224,2,02,11,0.53704,0.56802,0.25079
HTP,pooled_split,resnet50,224,2,overall,12,0.69828,0.7631,0.22827
HTP,pooled_split,resnet50,224,2,00,12,0.57534,0.59831,0.22827
HTP,pooled_split,resnet50,224,2,01,12,0.84762,0.96553,0.22827
HTP,pooled_split,resnet50,224,2,02,12,0.57407,0.54979,0.22827
HTP,pooled_split,resnet50,224,2,overall,13,0.68534,0.74993,0.25192
HTP,pooled_split,resnet50,224,2,00,13,0.54795,0.61905,0.25192
HTP,pooled_split,resnet50,224,2,01,13,0.84762,0.91364,0.25192
HTP,pooled_split,resnet50,224,2,02,13,0.55556,0.59257,0.25192
HTP,pooled_split,resnet50,224,2,overall,14,0.69828,0.76003,0.2182
HTP,pooled_split,resnet50,224,2,00,14,0.56164,0.58833,0.2182
HTP,pooled_split,resnet50,224,2,01,14,0.86667,0.93904,0.2182
HTP,pooled_split,resnet50,224,2,02,14,0.55556,0.57504,0.2182
HTP,pooled_split,resnet50,224,2,overall,15,0.67672,0.74255,0.18152
HTP,pooled_split,resnet50,224,2,00,15,0.60274,0.61444,0.18152
HTP,pooled_split,resnet50,224,2,01,15,0.78095,0.92235,0.18152
HTP,pooled_split,resnet50,224,2,02,15,0.57407,0.5561,0.18152
HTP,pooled_split,resnet50,224,2,overall,16,0.69828,0.75228,0.18869
HTP,pooled_split,resnet50,224,2,00,16,0.56164,0.59677,0.18869
HTP,pooled_split,resnet50,224,2,01,16,0.85714,0.94448,0.18869
HTP,pooled_split,resnet50,224,2,02,16,0.57407,0.5582,0.18869
HTP,pooled_split,resnet50,224,2,overall,17,0.68103,0.7299,0.19119
HTP,pooled_split,resnet50,224,2,00,17,0.56164,0.59063,0.19119
HTP,pooled_split,resnet50,224,2,01,17,0.80952,0.89949,0.19119
HTP,pooled_split,resnet50,224,2,02,17,0.59259,0.52454,0.19119
HTP,pooled_split,resnet50,224,2,overall,18,0.6681,0.74053,0.14496
HTP,pooled_split,resnet50,224,2,00,18,0.57534,0.61905,0.14496
HTP,pooled_split,resnet50,224,2,01,18,0.79048,0.92471,0.14496
HTP,pooled_split,resnet50,224,2,02,18,0.55556,0.57644,0.14496
HTP,pooled_split,resnet50,224,2,overall,19,0.68966,0.73248,0.17847
HTP,pooled_split,resnet50,224,2,00,19,0.63014,0.6682,0.17847
HTP,pooled_split,resnet50,224,2,01,19,0.80952,0.92417,0.17847
HTP,pooled_split,resnet50,224,2,02,19,0.53704,0.50491,0.17847
HTP,pooled_split,resnet50,224,2,overall,20,0.70259,0.75449,0.15596
HTP,pooled_split,resnet50,224,2,00,20,0.63014,0.61521,0.15596
HTP,pooled_split,resnet50,224,2,01,20,0.8381,0.94194,0.15596
HTP,pooled_split,resnet50,224,2,02,20,0.53704,0.56522,0.15596
HTP,pooled_split,resnet50,224,2,overall,21,0.72414,0.76018,0.15513
HTP,pooled_split,resnet50,224,2,00,21,0.61644,0.63825,0.15513
HTP,pooled_split,resnet50,224,2,01,21,0.85714,0.94013,0.15513
HTP,pooled_split,resnet50,224,2,02,21,0.61111,0.59327,0.15513
HTP,pooled_split,resnet50,224,2,overall,22,0.68966,0.74015,0.17094
HTP,pooled_split,resnet50,224,2,00,22,0.60274,0.62135,0.17094
HTP,pooled_split,resnet50,224,2,01,22,0.81905,0.92417,0.17094
HTP,pooled_split,resnet50,224,2,02,22,0.55556,0.5554,0.17094
HTP,pooled_split,resnet50,224,2,overall,23,0.71983,0.76883,0.1525
HTP,pooled_split,resnet50,224,2,00,23,0.63014,0.6275,0.1525
HTP,pooled_split,resnet50,224,2,01,23,0.86667,0.94303,0.1525
HTP,pooled_split,resnet50,224,2,02,23,0.55556,0.56452,0.1525
HTP,pooled_split,resnet50,224,2,overall,24,0.70259,0.73443,0.14523
HTP,pooled_split,resnet50,224,2,00,24,0.57534,0.61444,0.14523
HTP,pooled_split,resnet50,224,2,01,24,0.82857,0.91038,0.14523
HTP,pooled_split,resnet50,224,2,02,24,0.62963,0.54839,0.14523
HTP,pooled_split,resnet50,224,2,overall,25,0.71983,0.75124,0.13495
HTP,pooled_split,resnet50,224,2,00,25,0.58904,0.66974,0.13495
HTP,pooled_split,resnet50,224,2,01,25,0.86667,0.91001,0.13495
HTP,pooled_split,resnet50,224,2,02,25,0.61111,0.58626,0.13495
HTP,pooled_split,resnet50,224,2,overall,26,0.71983,0.79159,0.12933
HTP,pooled_split,resnet50,224,2,00,26,0.60274,0.63902,0.12933
HTP,pooled_split,resnet50,224,2,01,26,0.82857,0.96045,0.12933
HTP,pooled_split,resnet50,224,2,02,26,0.66667,0.62623,0.12933
HTP,pooled_split,resnet50,224,2,overall,27,0.71121,0.76074,0.14586
HTP,pooled_split,resnet50,224,2,00,27,0.58904,0.63594,0.14586
HTP,pooled_split,resnet50,224,2,01,27,0.84762,0.92054,0.14586
HTP,pooled_split,resnet50,224,2,02,27,0.61111,0.61851,0.14586
HTP,pooled_split,resnet50,224,2,overall,28,0.7069,0.77523,0.16583
HTP,pooled_split,resnet50,224,2,00,28,0.61644,0.66359,0.16583
HTP,pooled_split,resnet50,224,2,01,28,0.84762,0.94013,0.16583
HTP,pooled_split,resnet50,224,2,02,28,0.55556,0.60449,0.16583
HTP,pooled_split,resnet50,224,2,overall,29,0.68534,0.7746,0.13749
HTP,pooled_split,resnet50,224,2,00,29,0.56164,0.65476,0.13749
HTP,pooled_split,resnet50,224,2,01,29,0.81905,0.9336,0.13749
HTP,pooled_split,resnet50,224,2,02,29,0.59259,0.61431,0.13749
HTP,pooled_split,resnet50,224,2,overall,30,0.68534,0.75172,0.15253
HTP,pooled_split,resnet50,224,2,00,30,0.60274,0.65131,0.15253
HTP,pooled_split,resnet50,224,2,01,30,0.80952,0.93251,0.15253
HTP,pooled_split,resnet50,224,2,02,30,0.55556,0.6087,0.15253
HTP,pooled_split,resnet50,224,2,overall,31,0.68103,0.72656,0.10233
HTP,pooled_split,resnet50,224,2,00,31,0.57534,0.56528,0.10233
HTP,pooled_split,resnet50,224,2,01,31,0.80952,0.91691,0.10233
HTP,pooled_split,resnet50,224,2,02,31,0.57407,0.54698,0.10233
HTP,pooled_split,resnet50,224,2,overall,32,0.68103,0.75842,0.10558
HTP,pooled_split,resnet50,224,2,00,32,0.58904,0.62711,0.10558
HTP,pooled_split,resnet50,224,2,01,32,0.80952,0.9365,0.10558
HTP,pooled_split,resnet50,224,2,02,32,0.55556,0.58205,0.10558
HTP,pooled_split,resnet50,224,2,overall,33,0.7069,0.75105,0.10545
HTP,pooled_split,resnet50,224,2,00,33,0.60274,0.61982,0.10545
HTP,pooled_split,resnet50,224,2,01,33,0.85714,0.93033,0.10545
HTP,pooled_split,resnet50,224,2,02,33,0.55556,0.57784,0.10545
HTP,pooled_split,resnet50,224,2,overall,34,0.70259,0.7594,0.10368
HTP,pooled_split,resnet50,224,2,00,34,0.58904,0.62058,0.10368
HTP,pooled_split,resnet50,224,2,01,34,0.84762,0.94594,0.10368
HTP,pooled_split,resnet50,224,2,02,34,0.57407,0.55119,0.10368
HTP,pooled_split,resnet50,224,2,overall,35,0.69397,0.75045,0.11038
HTP,pooled_split,resnet50,224,2,00,35,0.58904,0.60753,0.11038
HTP,pooled_split,resnet50,224,2,01,35,0.84762,0.91836,0.11038
HTP,pooled_split,resnet50,224,2,02,35,0.53704,0.58205,0.11038
HTP,pooled_split,resnet50,224,2,overall,36,0.72845,0.76093,0.09537
HTP,pooled_split,resnet50,224,2,00,36,0.63014,0.6321,0.09537
HTP,pooled_split,resnet50,224,2,01,36,0.87619,0.92852,0.09537
HTP,pooled_split,resnet50,224,2,02,36,0.57407,0.58766,0.09537
HTP,pooled_split,resnet50,224,2,overall,37,0.65948,0.74955,0.1336
HTP,pooled_split,resnet50,224,2,00,37,0.58904,0.65015,0.1336
HTP,pooled_split,resnet50,224,2,01,37,0.7619,0.90493,0.1336
HTP,pooled_split,resnet50,224,2,02,37,0.55556,0.55961,0.1336
HTP,pooled_split,resnet50,224,2,overall,38,0.69397,0.75101,0.11232
HTP,pooled_split,resnet50,224,2,00,38,0.61644,0.6298,0.11232
HTP,pooled_split,resnet50,224,2,01,38,0.8381,0.92689,0.11232
HTP,pooled_split,resnet50,224,2,02,38,0.51852,0.55119,0.11232
HTP,pooled_split,resnet50,224,2,overall,39,0.70259,0.76235,0.12748
HTP,pooled_split,resnet50,224,2,00,39,0.58904,0.59217,0.12748
HTP,pooled_split,resnet50,224,2,01,39,0.8381,0.92671,0.12748
HTP,pooled_split,resnet50,224,2,02,39,0.59259,0.62973,0.12748
HTP,pooled_split,resnet50,224,2,overall,40,0.68966,0.7263,0.14136
HTP,pooled_split,resnet50,224,2,00,40,0.52055,0.54147,0.14136
HTP,pooled_split,resnet50,224,2,01,40,0.84762,0.91255,0.14136
HTP,pooled_split,resnet50,224,2,02,40,0.61111,0.62272,0.14136
HTP,pooled_split,resnet50,224,2,overall,41,0.68966,0.75318,0.12973
HTP,pooled_split,resnet50,224,2,00,41,0.61644,0.6275,0.12973
HTP,pooled_split,resnet50,224,2,01,41,0.8381,0.93033,0.12973
HTP,pooled_split,resnet50,224,2,02,41,0.5,0.55961,0.12973
HTP,pooled_split,resnet50,224,2,overall,42,0.67241,0.74139,0.10421
HTP,pooled_split,resnet50,224,2,00,42,0.53425,0.59524,0.10421
HTP,pooled_split,resnet50,224,2,01,42,0.82857,0.92235,0.10421
HTP,pooled_split,resnet50,224,2,02,42,0.55556,0.58345,0.10421
HTP,pooled_split,resnet50,224,2,overall,43,0.69397,0.78235,0.11129
HTP,pooled_split,resnet50,224,2,00,43,0.71233,0.76344,0.11129
HTP,pooled_split,resnet50,224,2,01,43,0.7619,0.92671,0.11129
HTP,pooled_split,resnet50,224,2,02,43,0.53704,0.56311,0.11129
HTP,pooled_split,resnet50,224,2,overall,44,0.70259,0.77913,0.10415
HTP,pooled_split,resnet50,224,2,00,44,0.63014,0.67051,0.10415
HTP,pooled_split,resnet50,224,2,01,44,0.81905,0.94412,0.10415
HTP,pooled_split,resnet50,224,2,02,44,0.57407,0.59888,0.10415
HTP,pooled_split,resnet50,224,2,overall,45,0.72845,0.77381,0.1167
HTP,pooled_split,resnet50,224,2,00,45,0.68493,0.69432,0.1167
HTP,pooled_split,resnet50,224,2,01,45,0.8381,0.93106,0.1167
HTP,pooled_split,resnet50,224,2,02,45,0.57407,0.57924,0.1167
HTP,pooled_split,resnet50,224,2,overall,46,0.71121,0.76752,0.11036
HTP,pooled_split,resnet50,224,2,00,46,0.67123,0.69278,0.11036
HTP,pooled_split,resnet50,224,2,01,46,0.78095,0.92199,0.11036
HTP,pooled_split,resnet50,224,2,02,46,0.62963,0.60449,0.11036
HTP,pooled_split,resnet50,224,2,overall,47,0.71552,0.77553,0.08644
HTP,pooled_split,resnet50,224,2,00,47,0.67123,0.67204,0.08644
HTP,pooled_split,resnet50,224,2,01,47,0.80952,0.9463,0.08644
HTP,pooled_split,resnet50,224,2,02,47,0.59259,0.53857,0.08644
HTP,pooled_split,resnet50,224,2,overall,48,0.74138,0.78324,0.09413
HTP,pooled_split,resnet50,224,2,00,48,0.68493,0.68587,0.09413
HTP,pooled_split,resnet50,224,2,01,48,0.84762,0.92925,0.09413
HTP,pooled_split,resnet50,224,2,02,48,0.61111,0.58906,0.09413
HTP,pooled_split,resnet50,224,2,overall,49,0.71121,0.76292,0.10468
HTP,pooled_split,resnet50,224,2,00,49,0.68493,0.68203,0.10468
HTP,pooled_split,resnet50,224,2,01,49,0.8,0.90874,0.10468
HTP,pooled_split,resnet50,224,2,02,49,0.57407,0.56942,0.10468
HTP,pooled_split,resnet50,224,2,overall,50,0.71121,0.77793,0.07241
HTP,pooled_split,resnet50,224,2,00,50,0.61644,0.68356,0.07241
HTP,pooled_split,resnet50,224,2,01,50,0.85714,0.93324,0.07241
HTP,pooled_split,resnet50,224,2,02,50,0.55556,0.58906,0.07241
HTP,pooled_split,resnet50,640,2,overall,1,0.70259,0.78938,0.62883
HTP,pooled_split,resnet50,640,2,00,1,0.58904,0.5553,0.62883
HTP,pooled_split,resnet50,640,2,01,1,0.84762,0.91582,0.62883
HTP,pooled_split,resnet50,640,2,02,1,0.57407,0.68163,0.62883
HTP,pooled_split,resnet50,640,2,overall,2,0.75862,0.82701,0.56944
HTP,pooled_split,resnet50,640,2,00,2,0.61644,0.59946,0.56944
HTP,pooled_split,resnet50,640,2,01,2,0.93333,0.94956,0.56944
HTP,pooled_split,resnet50,640,2,02,2,0.61111,0.68163,0.56944
HTP,pooled_split,resnet50,640,2,overall,3,0.78017,0.83783,0.52846
HTP,pooled_split,resnet50,640,2,00,3,0.61644,0.60061,0.52846
HTP,pooled_split,resnet50,640,2,01,3,0.95238,0.97496,0.52846
HTP,pooled_split,resnet50,640,2,02,3,0.66667,0.65077,0.52846
HTP,pooled_split,resnet50,640,2,overall,4,0.71552,0.80904,0.50355
HTP,pooled_split,resnet50,640,2,00,4,0.54795,0.553,0.50355
HTP,pooled_split,resnet50,640,2,01,4,0.86667,0.95718,0.50355
HTP,pooled_split,resnet50,640,2,02,4,0.64815,0.67602,0.50355
HTP,pooled_split,resnet50,640,2,overall,5,0.71121,0.78182,0.4662
HTP,pooled_split,resnet50,640,2,00,5,0.64384,0.58449,0.4662
HTP,pooled_split,resnet50,640,2,01,5,0.82857,0.92852,0.4662
HTP,pooled_split,resnet50,640,2,02,5,0.57407,0.58205,0.4662
HTP,pooled_split,resnet50,640,2,overall,6,0.75862,0.81791,0.45033
HTP,pooled_split,resnet50,640,2,00,6,0.64384,0.60369,0.45033
HTP,pooled_split,resnet50,640,2,01,6,0.90476,0.95682,0.45033
HTP,pooled_split,resnet50,640,2,02,6,0.62963,0.6129,0.45033
HTP,pooled_split,resnet50,640,2,overall,7,0.68966,0.81117,0.36593
HTP,pooled_split,resnet50,640,2,00,7,0.53425,0.63902,0.36593
HTP,pooled_split,resnet50,640,2,01,7,0.85714,0.93433,0.36593
HTP,pooled_split,resnet50,640,2,02,7,0.57407,0.68443,0.36593
HTP,pooled_split,resnet50,640,2,overall,8,0.7069,0.79945,0.34151
HTP,pooled_split,resnet50,640,2,00,8,0.58904,0.64977,0.34151
HTP,pooled_split,resnet50,640,2,01,8,0.89524,0.9619,0.34151
HTP,pooled_split,resnet50,640,2,02,8,0.5,0.53015,0.34151
HTP,pooled_split,resnet50,640,2,overall,9,0.69828,0.79481,0.27709
HTP,pooled_split,resnet50,640,2,00,9,0.57534,0.61137,0.27709
HTP,pooled_split,resnet50,640,2,01,9,0.86667,0.95628,0.27709
HTP,pooled_split,resnet50,640,2,02,9,0.53704,0.60168,0.27709
HTP,pooled_split,resnet50,640,2,overall,10,0.69397,0.75588,0.24827
HTP,pooled_split,resnet50,640,2,00,10,0.54795,0.55223,0.24827
HTP,pooled_split,resnet50,640,2,01,10,0.84762,0.93759,0.24827
HTP,pooled_split,resnet50,640,2,02,10,0.59259,0.59467,0.24827
HTP,pooled_split,resnet50,640,2,overall,11,0.72845,0.79051,0.21721
HTP,pooled_split,resnet50,640,2,00,11,0.65753,0.68203,0.21721
HTP,pooled_split,resnet50,640,2,01,11,0.84762,0.93759,0.21721
HTP,pooled_split,resnet50,640,2,02,11,0.59259,0.60589,0.21721
HTP,pooled_split,resnet50,640,2,overall,12,0.6681,0.78362,0.25821
HTP,pooled_split,resnet50,640,2,00,12,0.47945,0.60753,0.25821
HTP,pooled_split,resnet50,640,2,01,12,0.90476,0.96698,0.25821
HTP,pooled_split,resnet50,640,2,02,12,0.46296,0.51893,0.25821
HTP,pooled_split,resnet50,640,2,overall,13,0.68103,0.78433,0.2115
HTP,pooled_split,resnet50,640,2,00,13,0.53425,0.62135,0.2115
HTP,pooled_split,resnet50,640,2,01,13,0.88571,0.93687,0.2115
HTP,pooled_split,resnet50,640,2,02,13,0.48148,0.59888,0.2115
HTP,pooled_split,resnet50,640,2,overall,14,0.69397,0.78594,0.20384
HTP,pooled_split,resnet50,640,2,00,14,0.53425,0.63134,0.20384
HTP,pooled_split,resnet50,640,2,01,14,0.94286,0.95428,0.20384
HTP,pooled_split,resnet50,640,2,02,14,0.42593,0.46704,0.20384
HTP,pooled_split,resnet50,640,2,overall,15,0.67672,0.78523,0.17385
HTP,pooled_split,resnet50,640,2,00,15,0.58904,0.64439,0.17385
HTP,pooled_split,resnet50,640,2,01,15,0.80952,0.94848,0.17385
HTP,pooled_split,resnet50,640,2,02,15,0.53704,0.59046,0.17385
HTP,pooled_split,resnet50,640,2,overall,16,0.72845,0.79657,0.14902
HTP,pooled_split,resnet50,640,2,00,16,0.57534,0.65822,0.14902
HTP,pooled_split,resnet50,640,2,01,16,0.95238,0.96662,0.14902
HTP,pooled_split,resnet50,640,2,02,16,0.5,0.51753,0.14902
HTP,pooled_split,resnet50,640,2,overall,17,0.7069,0.78369,0.14771
HTP,pooled_split,resnet50,640,2,00,17,0.56164,0.66359,0.14771
HTP,pooled_split,resnet50,640,2,01,17,0.90476,0.9492,0.14771
HTP,pooled_split,resnet50,640,2,02,17,0.51852,0.57504,0.14771
HTP,pooled_split,resnet50,640,2,overall,18,0.74138,0.77636,0.10347
HTP,pooled_split,resnet50,640,2,00,18,0.61644,0.61982,0.10347
HTP,pooled_split,resnet50,640,2,01,18,0.90476,0.93142,0.10347
HTP,pooled_split,resnet50,640,2,02,18,0.59259,0.60168,0.10347
HTP,pooled_split,resnet50,640,2,overall,19,0.7069,0.79305,0.12665
HTP,pooled_split,resnet50,640,2,00,19,0.56164,0.65207,0.12665
HTP,pooled_split,resnet50,640,2,01,19,0.92381,0.96045,0.12665
HTP,pooled_split,resnet50,640,2,02,19,0.48148,0.54979,0.12665
HTP,pooled_split,resnet50,640,2,overall,20,0.7069,0.77066,0.11034
HTP,pooled_split,resnet50,640,2,00,20,0.53425,0.57143,0.11034
HTP,pooled_split,resnet50,640,2,01,20,0.90476,0.94702,0.11034
HTP,pooled_split,resnet50,640,2,02,20,0.55556,0.59748,0.11034
HTP,pooled_split,resnet50,640,2,overall,21,0.74569,0.79343,0.09427
HTP,pooled_split,resnet50,640,2,00,21,0.60274,0.61598,0.09427
HTP,pooled_split,resnet50,640,2,01,21,0.93333,0.96372,0.09427
HTP,pooled_split,resnet50,640,2,02,21,0.57407,0.56101,0.09427
HTP,pooled_split,resnet50,640,2,overall,22,0.71552,0.79429,0.08393
HTP,pooled_split,resnet50,640,2,00,22,0.54795,0.65515,0.08393
HTP,pooled_split,resnet50,640,2,01,22,0.90476,0.96372,0.08393
HTP,pooled_split,resnet50,640,2,02,22,0.57407,0.54278,0.08393
HTP,pooled_split,resnet50,640,2,overall,23,0.73276,0.78074,0.0883
HTP,pooled_split,resnet50,640,2,00,23,0.61644,0.63748,0.0883
HTP,pooled_split,resnet50,640,2,01,23,0.88571,0.95501,0.0883
HTP,pooled_split,resnet50,640,2,02,23,0.59259,0.52875,0.0883
HTP,pooled_split,resnet50,640,2,overall,24,0.7069,0.77617,0.09775
HTP,pooled_split,resnet50,640,2,00,24,0.56164,0.57066,0.09775
HTP,pooled_split,resnet50,640,2,01,24,0.85714,0.94775,0.09775
HTP,pooled_split,resnet50,640,2,02,24,0.61111,0.54418,0.09775
HTP,pooled_split,resnet50,640,2,overall,25,0.73707,0.80582,0.08897
HTP,pooled_split,resnet50,640,2,00,25,0.60274,0.63978,0.08897
HTP,pooled_split,resnet50,640,2,01,25,0.91429,0.96372,0.08897
HTP,pooled_split,resnet50,640,2,02,25,0.57407,0.53857,0.08897
HTP,pooled_split,resnet50,640,2,overall,26,0.75862,0.81345,0.08752
HTP,pooled_split,resnet50,640,2,00,26,0.63014,0.67742,0.08752
HTP,pooled_split,resnet50,640,2,01,26,0.94286,0.97061,0.08752
HTP,pooled_split,resnet50,640,2,02,26,0.57407,0.54488,0.08752
HTP,pooled_split,resnet50,640,2,overall,27,0.74569,0.79665,0.08283
HTP,pooled_split,resnet50,640,2,00,27,0.60274,0.64132,0.08283
HTP,pooled_split,resnet50,640,2,01,27,0.93333,0.96408,0.08283
HTP,pooled_split,resnet50,640,2,02,27,0.57407,0.54839,0.08283
HTP,pooled_split,resnet50,640,2,overall,28,0.73707,0.79388,0.07726
HTP,pooled_split,resnet50,640,2,00,28,0.67123,0.69816,0.07726
HTP,pooled_split,resnet50,640,2,01,28,0.89524,0.95791,0.07726
HTP,pooled_split,resnet50,640,2,02,28,0.51852,0.50771,0.07726
HTP,pooled_split,resnet50,640,2,overall,29,0.72414,0.77767,0.08547
HTP,pooled_split,resnet50,640,2,00,29,0.53425,0.60215,0.08547
HTP,pooled_split,resnet50,640,2,01,29,0.92381,0.95936,0.08547
HTP,pooled_split,resnet50,640,2,02,29,0.59259,0.50351,0.08547
HTP,pooled_split,resnet50,640,2,overall,30,0.7069,0.79919,0.07619
HTP,pooled_split,resnet50,640,2,00,30,0.60274,0.69969,0.07619
HTP,pooled_split,resnet50,640,2,01,30,0.86667,0.9463,0.07619
HTP,pooled_split,resnet50,640,2,02,30,0.53704,0.59116,0.07619
HTP,pooled_split,resnet50,640,2,overall,31,0.70259,0.79343,0.07791
HTP,pooled_split,resnet50,640,2,00,31,0.57534,0.60292,0.07791
HTP,pooled_split,resnet50,640,2,01,31,0.86667,0.95827,0.07791
HTP,pooled_split,resnet50,640,2,02,31,0.55556,0.58626,0.07791
HTP,pooled_split,resnet50,640,2,overall,32,0.71983,0.7804,0.07018
HTP,pooled_split,resnet50,640,2,00,32,0.60274,0.66129,0.07018
HTP,pooled_split,resnet50,640,2,01,32,0.87619,0.95464,0.07018
HTP,pooled_split,resnet50,640,2,02,32,0.57407,0.50912,0.07018
HTP,pooled_split,resnet50,640,2,overall,33,0.71121,0.77126,0.06964
HTP,pooled_split,resnet50,640,2,00,33,0.56164,0.59831,0.06964
HTP,pooled_split,resnet50,640,2,01,33,0.88571,0.96553,0.06964
HTP,pooled_split,resnet50,640,2,02,33,0.57407,0.56662,0.06964
HTP,pooled_split,resnet50,640,2,overall,34,0.71121,0.76277,0.07302
HTP,pooled_split,resnet50,640,2,00,34,0.56164,0.59601,0.07302
HTP,pooled_split,resnet50,640,2,01,34,0.88571,0.94321,0.07302
HTP,pooled_split,resnet50,640,2,02,34,0.57407,0.56241,0.07302
HTP,pooled_split,resnet50,640,2,overall,35,0.74138,0.78014,0.0888
HTP,pooled_split,resnet50,640,2,00,35,0.68493,0.70968,0.0888
HTP,pooled_split,resnet50,640,2,01,35,0.87619,0.93015,0.0888
HTP,pooled_split,resnet50,640,2,02,35,0.55556,0.6087,0.0888
HTP,pooled_split,resnet50,640,2,overall,36,0.68534,0.75045,0.06947
HTP,pooled_split,resnet50,640,2,00,36,0.54795,0.54455,0.06947
HTP,pooled_split,resnet50,640,2,01,36,0.84762,0.9307,0.06947
HTP,pooled_split,resnet50,640,2,02,36,0.55556,0.554,0.06947
HTP,pooled_split,resnet50,640,2,overall,37,0.64224,0.75075,0.09173
HTP,pooled_split,resnet50,640,2,00,37,0.58904,0.64747,0.09173
HTP,pooled_split,resnet50,640,2,01,37,0.7619,0.89931,0.09173
HTP,pooled_split,resnet50,640,2,02,37,0.48148,0.54839,0.09173
HTP,pooled_split,resnet50,640,2,overall,38,0.68534,0.76617,0.11122
HTP,pooled_split,resnet50,640,2,00,38,0.52055,0.51843,0.11122
HTP,pooled_split,resnet50,640,2,01,38,0.89524,0.96626,0.11122
HTP,pooled_split,resnet50,640,2,02,38,0.5,0.55259,0.11122
HTP,pooled_split,resnet50,640,2,overall,39,0.68103,0.76572,0.09814
HTP,pooled_split,resnet50,640,2,00,39,0.54795,0.54455,0.09814
HTP,pooled_split,resnet50,640,2,01,39,0.80952,0.94448,0.09814
HTP,pooled_split,resnet50,640,2,02,39,0.61111,0.60028,0.09814
HTP,pooled_split,resnet50,640,2,overall,40,0.74138,0.79511,0.10095
HTP,pooled_split,resnet50,640,2,00,40,0.65753,0.69201,0.10095
HTP,pooled_split,resnet50,640,2,01,40,0.88571,0.93723,0.10095
HTP,pooled_split,resnet50,640,2,02,40,0.57407,0.60449,0.10095
HTP,pooled_split,resnet50,640,2,overall,41,0.72845,0.77808,0.08258
HTP,pooled_split,resnet50,640,2,00,41,0.65753,0.6682,0.08258
HTP,pooled_split,resnet50,640,2,01,41,0.85714,0.92308,0.08258
HTP,pooled_split,resnet50,640,2,02,41,0.57407,0.62272,0.08258
HTP,pooled_split,resnet50,640,2,overall,42,0.68966,0.75913,0.06962
HTP,pooled_split,resnet50,640,2,00,42,0.56164,0.6467,0.06962
HTP,pooled_split,resnet50,640,2,01,42,0.8381,0.92689,0.06962
HTP,pooled_split,resnet50,640,2,02,42,0.57407,0.52595,0.06962
HTP,pooled_split,resnet50,640,2,overall,43,0.72414,0.78556,0.07314
HTP,pooled_split,resnet50,640,2,00,43,0.67123,0.64977,0.07314
HTP,pooled_split,resnet50,640,2,01,43,0.80952,0.94739,0.07314
HTP,pooled_split,resnet50,640,2,02,43,0.62963,0.57784,0.07314
HTP,pooled_split,resnet50,640,2,overall,44,0.71552,0.78998,0.06236
HTP,pooled_split,resnet50,640,2,00,44,0.58904,0.6129,0.06236
HTP,pooled_split,resnet50,640,2,01,44,0.88571,0.96916,0.06236
HTP,pooled_split,resnet50,640,2,02,44,0.55556,0.54698,0.06236
HTP,pooled_split,resnet50,640,2,overall,45,0.72845,0.79545,0.03916
HTP,pooled_split,resnet50,640,2,00,45,0.65753,0.73502,0.03916
HTP,pooled_split,resnet50,640,2,01,45,0.90476,0.94521,0.03916
HTP,pooled_split,resnet50,640,2,02,45,0.48148,0.53576,0.03916
HTP,pooled_split,resnet50,640,2,overall,46,0.72845,0.78107,0.04288
HTP,pooled_split,resnet50,640,2,00,46,0.67123,0.67127,0.04288
HTP,pooled_split,resnet50,640,2,01,46,0.84762,0.95827,0.04288
HTP,pooled_split,resnet50,640,2,02,46,0.57407,0.53997,0.04288
HTP,pooled_split,resnet50,640,2,overall,47,0.70259,0.78762,0.05646
HTP,pooled_split,resnet50,640,2,00,47,0.61644,0.66743,0.05646
HTP,pooled_split,resnet50,640,2,01,47,0.85714,0.95247,0.05646
HTP,pooled_split,resnet50,640,2,02,47,0.51852,0.57504,0.05646
HTP,pooled_split,resnet50,640,2,overall,48,0.72414,0.76561,0.05354
HTP,pooled_split,resnet50,640,2,00,48,0.64384,0.6851,0.05354
HTP,pooled_split,resnet50,640,2,01,48,0.86667,0.92489,0.05354
HTP,pooled_split,resnet50,640,2,02,48,0.55556,0.58766,0.05354
HTP,pooled_split,resnet50,640,2,overall,49,0.73707,0.77789,0.05859
HTP,pooled_split,resnet50,640,2,00,49,0.63014,0.63978,0.05859
HTP,pooled_split,resnet50,640,2,01,49,0.89524,0.95102,0.05859
HTP,pooled_split,resnet50,640,2,02,49,0.57407,0.57924,0.05859
HTP,pooled_split,resnet50,640,2,overall,50,0.73276,0.77838,0.04487
HTP,pooled_split,resnet50,640,2,00,50,0.57534,0.62289,0.04487
HTP,pooled_split,resnet50,640,2,01,50,0.94286,0.95247,0.04487
HTP,pooled_split,resnet50,640,2,02,50,0.53704,0.55961,0.04487
HTP,pooled_split,resnet50,224,3,overall,1,0.68966,0.77463,0.66299
HTP,pooled_split,resnet50,224,3,00,1,0.54795,0.55684,0.66299
HTP,pooled_split,resnet50,224,3,01,1,0.8381,0.94412,0.66299
HTP,pooled_split,resnet50,224,3,02,1,0.59259,0.60028,0.66299
HTP,pooled_split,resnet50,224,3,overall,2,0.76724,0.8257,0.56907
HTP,pooled_split,resnet50,224,3,00,2,0.58904,0.58909,0.56907
HTP,pooled_split,resnet50,224,3,01,2,0.92381,0.96589,0.56907
HTP,pooled_split,resnet50,224,3,02,2,0.7037,0.70547,0.56907
HTP,pooled_split,resnet50,224,3,overall,3,0.71552,0.84,0.50681
HTP,pooled_split,resnet50,224,3,00,3,0.53425,0.61367,0.50681
HTP,pooled_split,resnet50,224,3,01,3,0.87619,0.96263,0.50681
HTP,pooled_split,resnet50,224,3,02,3,0.64815,0.73492,0.50681
HTP,pooled_split,resnet50,224,3,overall,4,0.67672,0.76939,0.49297
HTP,pooled_split,resnet50,224,3,00,4,0.64384,0.67051,0.49297
HTP,pooled_split,resnet50,224,3,01,4,0.71429,0.92525,0.49297
HTP,pooled_split,resnet50,224,3,02,4,0.64815,0.72651,0.49297
HTP,pooled_split,resnet50,224,3,overall,5,0.7069,0.80204,0.46354
HTP,pooled_split,resnet50,224,3,00,5,0.50685,0.58218,0.46354
HTP,pooled_split,resnet50,224,3,01,5,0.86667,0.95573,0.46354
HTP,pooled_split,resnet50,224,3,02,5,0.66667,0.65217,0.46354
HTP,pooled_split,resnet50,224,3,overall,6,0.71552,0.79601,0.41716
HTP,pooled_split,resnet50,224,3,00,6,0.54795,0.62481,0.41716
HTP,pooled_split,resnet50,224,3,01,6,0.85714,0.93505,0.41716
HTP,pooled_split,resnet50,224,3,02,6,0.66667,0.65498,0.41716
HTP,pooled_split,resnet50,224,3,overall,7,0.67672,0.76917,0.37303
HTP,pooled_split,resnet50,224,3,00,7,0.53425,0.5722,0.37303
HTP,pooled_split,resnet50,224,3,01,7,0.79048,0.9238,0.37303
HTP,pooled_split,resnet50,224,3,02,7,0.64815,0.62412,0.37303
HTP,pooled_split,resnet50,224,3,overall,8,0.70259,0.81192,0.32338
HTP,pooled_split,resnet50,224,3,00,8,0.58904,0.68587,0.32338
HTP,pooled_split,resnet50,224,3,01,8,0.81905,0.94376,0.32338
HTP,pooled_split,resnet50,224,3,02,8,0.62963,0.68022,0.32338
HTP,pooled_split,resnet50,224,3,overall,9,0.75,0.81551,0.31717
HTP,pooled_split,resnet50,224,3,00,9,0.61644,0.66283,0.31717
HTP,pooled_split,resnet50,224,3,01,9,0.93333,0.97097,0.31717
HTP,pooled_split,resnet50,224,3,02,9,0.57407,0.63254,0.31717
HTP,pooled_split,resnet50,224,3,overall,10,0.73276,0.83386,0.28301
HTP,pooled_split,resnet50,224,3,00,10,0.57534,0.66014,0.28301
HTP,pooled_split,resnet50,224,3,01,10,0.91429,0.97297,0.28301
HTP,pooled_split,resnet50,224,3,02,10,0.59259,0.64937,0.28301
HTP,pooled_split,resnet50,224,3,overall,11,0.75431,0.83734,0.2677
HTP,pooled_split,resnet50,224,3,00,11,0.69863,0.72773,0.2677
HTP,pooled_split,resnet50,224,3,01,11,0.87619,0.95718,0.2677
HTP,pooled_split,resnet50,224,3,02,11,0.59259,0.64236,0.2677
HTP,pooled_split,resnet50,224,3,overall,12,0.75,0.82592,0.25974
HTP,pooled_split,resnet50,224,3,00,12,0.60274,0.67742,0.25974
HTP,pooled_split,resnet50,224,3,01,12,0.91429,0.9561,0.25974
HTP,pooled_split,resnet50,224,3,02,12,0.62963,0.66339,0.25974
HTP,pooled_split,resnet50,224,3,overall,13,0.73707,0.82847,0.21876
HTP,pooled_split,resnet50,224,3,00,13,0.57534,0.65284,0.21876
HTP,pooled_split,resnet50,224,3,01,13,0.89524,0.94848,0.21876
HTP,pooled_split,resnet50,224,3,02,13,0.64815,0.69144,0.21876
HTP,pooled_split,resnet50,224,3,overall,14,0.73276,0.78736,0.23702
HTP,pooled_split,resnet50,224,3,00,14,0.63014,0.649,0.23702
HTP,pooled_split,resnet50,224,3,01,14,0.84762,0.91945,0.23702
HTP,pooled_split,resnet50,224,3,02,14,0.64815,0.65077,0.23702
HTP,pooled_split,resnet50,224,3,overall,15,0.74569,0.81357,0.21743
HTP,pooled_split,resnet50,224,3,00,15,0.64384,0.65745,0.21743
HTP,pooled_split,resnet50,224,3,01,15,0.86667,0.94158,0.21743
HTP,pooled_split,resnet50,224,3,02,15,0.64815,0.70687,0.21743
HTP,pooled_split,resnet50,224,3,overall,16,0.75862,0.80743,0.23194
HTP,pooled_split,resnet50,224,3,00,16,0.61644,0.649,0.23194
HTP,pooled_split,resnet50,224,3,01,16,0.88571,0.92816,0.23194
HTP,pooled_split,resnet50,224,3,02,16,0.7037,0.71809,0.23194
HTP,pooled_split,resnet50,224,3,overall,17,0.74138,0.81716,0.21423
HTP,pooled_split,resnet50,224,3,00,17,0.64384,0.65515,0.21423
HTP,pooled_split,resnet50,224,3,01,17,0.86667,0.94303,0.21423
HTP,pooled_split,resnet50,224,3,02,17,0.62963,0.69565,0.21423
HTP,pooled_split,resnet50,224,3,overall,18,0.71983,0.80743,0.18611
HTP,pooled_split,resnet50,224,3,00,18,0.63014,0.70123,0.18611
HTP,pooled_split,resnet50,224,3,01,18,0.78095,0.92344,0.18611
HTP,pooled_split,resnet50,224,3,02,18,0.72222,0.68583,0.18611
HTP,pooled_split,resnet50,224,3,overall,19,0.74569,0.81746,0.17015
HTP,pooled_split,resnet50,224,3,00,19,0.61644,0.67358,0.17015
HTP,pooled_split,resnet50,224,3,01,19,0.84762,0.93868,0.17015
HTP,pooled_split,resnet50,224,3,02,19,0.72222,0.69425,0.17015
HTP,pooled_split,resnet50,224,3,overall,20,0.71552,0.81155,0.1701
HTP,pooled_split,resnet50,224,3,00,20,0.60274,0.63057,0.1701
HTP,pooled_split,resnet50,224,3,01,20,0.81905,0.9463,0.1701
HTP,pooled_split,resnet50,224,3,02,20,0.66667,0.69004,0.1701
HTP,pooled_split,resnet50,224,3,overall,21,0.7069,0.78901,0.17695
HTP,pooled_split,resnet50,224,3,00,21,0.56164,0.59754,0.17695
HTP,pooled_split,resnet50,224,3,01,21,0.85714,0.94557,0.17695
HTP,pooled_split,resnet50,224,3,02,21,0.61111,0.65638,0.17695
HTP,pooled_split,resnet50,224,3,overall,22,0.72414,0.81267,0.18822
HTP,pooled_split,resnet50,224,3,00,22,0.57534,0.6129,0.18822
HTP,pooled_split,resnet50,224,3,01,22,0.87619,0.9561,0.18822
HTP,pooled_split,resnet50,224,3,02,22,0.62963,0.69425,0.18822
HTP,pooled_split,resnet50,224,3,overall,23,0.77155,0.83049,0.19119
HTP,pooled_split,resnet50,224,3,00,23,0.69863,0.69892,0.19119
HTP,pooled_split,resnet50,224,3,01,23,0.89524,0.95682,0.19119
HTP,pooled_split,resnet50,224,3,02,23,0.62963,0.67461,0.19119
HTP,pooled_split,resnet50,224,3,overall,24,0.69828,0.79504,0.15504
HTP,pooled_split,resnet50,224,3,00,24,0.56164,0.6298,0.15504
HTP,pooled_split,resnet50,224,3,01,24,0.80952,0.92344,0.15504
HTP,pooled_split,resnet50,224,3,02,24,0.66667,0.69004,0.15504
HTP,pooled_split,resnet50,224,3,overall,25,0.73276,0.80297,0.16741
HTP,pooled_split,resnet50,224,3,00,25,0.63014,0.69201,0.16741
HTP,pooled_split,resnet50,224,3,01,25,0.85714,0.91473,0.16741
HTP,pooled_split,resnet50,224,3,02,25,0.62963,0.67882,0.16741
HTP,pooled_split,resnet50,224,3,overall,26,0.71983,0.79013,0.16353
HTP,pooled_split,resnet50,224,3,00,26,0.60274,0.65054,0.16353
HTP,pooled_split,resnet50,224,3,01,26,0.85714,0.93759,0.16353
HTP,pooled_split,resnet50,224,3,02,26,0.61111,0.66059,0.16353
HTP,pooled_split,resnet50,224,3,overall,27,0.74138,0.82034,0.14247
HTP,pooled_split,resnet50,224,3,00,27,0.63014,0.69777,0.14247
HTP,pooled_split,resnet50,224,3,01,27,0.85714,0.93142,0.14247
HTP,pooled_split,resnet50,224,3,02,27,0.66667,0.70968,0.14247
HTP,pooled_split,resnet50,224,3,overall,28,0.69397,0.78482,0.10376
HTP,pooled_split,resnet50,224,3,00,28,0.57534,0.6682,0.10376
HTP,pooled_split,resnet50,224,3,01,28,0.79048,0.8926,0.10376
HTP,pooled_split,resnet50,224,3,02,28,0.66667,0.70407,0.10376
HTP,pooled_split,resnet50,224,3,overall,29,0.70259,0.78257,0.14814
HTP,pooled_split,resnet50,224,3,00,29,0.57534,0.63287,0.14814
HTP,pooled_split,resnet50,224,3,01,29,0.80952,0.91147,0.14814
HTP,pooled_split,resnet50,224,3,02,29,0.66667,0.68163,0.14814
HTP,pooled_split,resnet50,224,3,overall,30,0.73276,0.80556,0.16929
HTP,pooled_split,resnet50,224,3,00,30,0.65753,0.70814,0.16929
HTP,pooled_split,resnet50,224,3,01,30,0.80952,0.91292,0.16929
HTP,pooled_split,resnet50,224,3,02,30,0.68519,0.69285,0.16929
HTP,pooled_split,resnet50,224,3,overall,31,0.69828,0.78616,0.13568
HTP,pooled_split,resnet50,224,3,00,31,0.61644,0.6129,0.13568
HTP,pooled_split,resnet50,224,3,01,31,0.84762,0.94412,0.13568
HTP,pooled_split,resnet50,224,3,02,31,0.51852,0.60589,0.13568
HTP,pooled_split,resnet50,224,3,overall,32,0.71121,0.78661,0.17349
HTP,pooled_split,resnet50,224,3,00,32,0.67123,0.6778,0.17349
HTP,pooled_split,resnet50,224,3,01,32,0.80952,0.91691,0.17349
HTP,pooled_split,resnet50,224,3,02,32,0.57407,0.62272,0.17349
HTP,pooled_split,resnet50,224,3,overall,33,0.72414,0.78908,0.13861
HTP,pooled_split,resnet50,224,3,00,33,0.65753,0.69201,0.13861
HTP,pooled_split,resnet50,224,3,01,33,0.81905,0.9111,0.13861
HTP,pooled_split,resnet50,224,3,02,33,0.62963,0.60309,0.13861
HTP,pooled_split,resnet50,224,3,overall,34,0.69828,0.78246,0.10953
HTP,pooled_split,resnet50,224,3,00,34,0.64384,0.66436,0.10953
HTP,pooled_split,resnet50,224,3,01,34,0.79048,0.92108,0.10953
HTP,pooled_split,resnet50,224,3,02,34,0.59259,0.64376,0.10953
HTP,pooled_split,resnet50,224,3,overall,35,0.72845,0.80346,0.13453
HTP,pooled_split,resnet50,224,3,00,35,0.64384,0.71045,0.13453
HTP,pooled_split,resnet50,224,3,01,35,0.82857,0.92816,0.13453
HTP,pooled_split,resnet50,224,3,02,35,0.64815,0.62412,0.13453
HTP,pooled_split,resnet50,224,3,overall,36,0.7069,0.79721,0.13367
HTP,pooled_split,resnet50,224,3,00,36,0.58904,0.64055,0.13367
HTP,pooled_split,resnet50,224,3,01,36,0.84762,0.92344,0.13367
HTP,pooled_split,resnet50,224,3,02,36,0.59259,0.64165,0.13367
HTP,pooled_split,resnet50,224,3,overall,37,0.71983,0.79137,0.11491
HTP,pooled_split,resnet50,224,3,00,37,0.57534,0.62519,0.11491
HTP,pooled_split,resnet50,224,3,01,37,0.86667,0.93795,0.11491
HTP,pooled_split,resnet50,224,3,02,37,0.62963,0.65919,0.11491
HTP,pooled_split,resnet50,224,3,overall,38,0.73276,0.79081,0.11287
HTP,pooled_split,resnet50,224,3,00,38,0.63014,0.65054,0.11287
HTP,pooled_split,resnet50,224,3,01,38,0.84762,0.93433,0.11287
HTP,pooled_split,resnet50,224,3,02,38,0.64815,0.66059,0.11287
HTP,pooled_split,resnet50,224,3,overall,39,0.70259,0.771,0.11348
HTP,pooled_split,resnet50,224,3,00,39,0.53425,0.5722,0.11348
HTP,pooled_split,resnet50,224,3,01,39,0.87619,0.92525,0.11348
HTP,pooled_split,resnet50,224,3,02,39,0.59259,0.67041,0.11348
HTP,pooled_split,resnet50,224,3,overall,40,0.71121,0.77332,0.13261
HTP,pooled_split,resnet50,224,3,00,40,0.58904,0.63518,0.13261
HTP,pooled_split,resnet50,224,3,01,40,0.8381,0.91328,0.13261
HTP,pooled_split,resnet50,224,3,02,40,0.62963,0.65638,0.13261
HTP,pooled_split,resnet50,224,3,overall,41,0.6681,0.80241,0.10652
HTP,pooled_split,resnet50,224,3,00,41,0.58904,0.66436,0.10652
HTP,pooled_split,resnet50,224,3,01,41,0.75238,0.92199,0.10652
HTP,pooled_split,resnet50,224,3,02,41,0.61111,0.68724,0.10652
HTP,pooled_split,resnet50,224,3,overall,42,0.68966,0.7552,0.11371
HTP,pooled_split,resnet50,224,3,00,42,0.65753,0.67127,0.11371
HTP,pooled_split,resnet50,224,3,01,42,0.72381,0.87772,0.11371
HTP,pooled_split,resnet50,224,3,02,42,0.66667,0.66199,0.11371
HTP,pooled_split,resnet50,224,3,overall,43,0.69828,0.78036,0.1034
HTP,pooled_split,resnet50,224,3,00,43,0.61644,0.68587,0.1034
HTP,pooled_split,resnet50,224,3,01,43,0.82857,0.918,0.1034
HTP,pooled_split,resnet50,224,3,02,43,0.55556,0.60028,0.1034
HTP,pooled_split,resnet50,224,3,overall,44,0.7069,0.78145,0.13375
HTP,pooled_split,resnet50,224,3,00,44,0.56164,0.64977,0.13375
HTP,pooled_split,resnet50,224,3,01,44,0.84762,0.91945,0.13375
HTP,pooled_split,resnet50,224,3,02,44,0.62963,0.65638,0.13375
HTP,pooled_split,resnet50,224,3,overall,45,0.70259,0.77913,0.15263
HTP,pooled_split,resnet50,224,3,00,45,0.65753,0.65822,0.15263
HTP,pooled_split,resnet50,224,3,01,45,0.77143,0.9111,0.15263
HTP,pooled_split,resnet50,224,3,02,45,0.62963,0.67181,0.15263
HTP,pooled_split,resnet50,224,3,overall,46,0.7069,0.80541,0.1384
HTP,pooled_split,resnet50,224,3,00,46,0.63014,0.66974,0.1384
HTP,pooled_split,resnet50,224,3,01,46,0.8381,0.95791,0.1384
HTP,pooled_split,resnet50,224,3,02,46,0.55556,0.58906,0.1384
HTP,pooled_split,resnet50,224,3,overall,47,0.67241,0.79837,0.11219
HTP,pooled_split,resnet50,224,3,00,47,0.52055,0.63326,0.11219
HTP,pooled_split,resnet50,224,3,01,47,0.8,0.9463,0.11219
HTP,pooled_split,resnet50,224,3,02,47,0.62963,0.63184,0.11219
HTP,pooled_split,resnet50,224,3,overall,48,0.74138,0.80608,0.12215
HTP,pooled_split,resnet50,224,3,00,48,0.60274,0.66743,0.12215
HTP,pooled_split,resnet50,224,3,01,48,0.88571,0.94376,0.12215
HTP,pooled_split,resnet50,224,3,02,48,0.64815,0.63114,0.12215
HTP,pooled_split,resnet50,224,3,overall,49,0.72414,0.7953,0.11281
HTP,pooled_split,resnet50,224,3,00,49,0.63014,0.66667,0.11281
HTP,pooled_split,resnet50,224,3,01,49,0.82857,0.92634,0.11281
HTP,pooled_split,resnet50,224,3,02,49,0.64815,0.68233,0.11281
HTP,pooled_split,resnet50,224,3,overall,50,0.73707,0.81948,0.08996
HTP,pooled_split,resnet50,224,3,00,50,0.61644,0.67127,0.08996
HTP,pooled_split,resnet50,224,3,01,50,0.87619,0.94848,0.08996
HTP,pooled_split,resnet50,224,3,02,50,0.62963,0.65638,0.08996
HTP,pooled_split,resnet50,640,3,overall,1,0.71121,0.76531,0.64789
HTP,pooled_split,resnet50,640,3,00,1,0.54795,0.50077,0.64789
HTP,pooled_split,resnet50,640,3,01,1,0.87619,0.93179,0.64789
HTP,pooled_split,resnet50,640,3,02,1,0.61111,0.63675,0.64789
HTP,pooled_split,resnet50,640,3,overall,2,0.69397,0.80533,0.56133
HTP,pooled_split,resnet50,640,3,00,2,0.58904,0.54224,0.56133
HTP,pooled_split,resnet50,640,3,01,2,0.81905,0.94848,0.56133
HTP,pooled_split,resnet50,640,3,02,2,0.59259,0.64797,0.56133
HTP,pooled_split,resnet50,640,3,overall,3,0.68103,0.79979,0.53153
HTP,pooled_split,resnet50,640,3,00,3,0.47945,0.52458,0.53153
HTP,pooled_split,resnet50,640,3,01,3,0.87619,0.94993,0.53153
HTP,pooled_split,resnet50,640,3,02,3,0.57407,0.61571,0.53153
HTP,pooled_split,resnet50,640,3,overall,4,0.71983,0.80196,0.4983
HTP,pooled_split,resnet50,640,3,00,4,0.57534,0.59063,0.4983
HTP,pooled_split,resnet50,640,3,01,4,0.8381,0.94194,0.4983
HTP,pooled_split,resnet50,640,3,02,4,0.68519,0.65919,0.4983
HTP,pooled_split,resnet50,640,3,overall,5,0.74138,0.823,0.4783
HTP,pooled_split,resnet50,640,3,00,5,0.57534,0.59063,0.4783
HTP,pooled_split,resnet50,640,3,01,5,0.91429,0.97061,0.4783
HTP,pooled_split,resnet50,640,3,02,5,0.62963,0.62553,0.4783
HTP,pooled_split,resnet50,640,3,overall,6,0.63793,0.74865,0.445
HTP,pooled_split,resnet50,640,3,00,6,0.58904,0.52496,0.445
HTP,pooled_split,resnet50,640,3,01,6,0.70476,0.91945,0.445
HTP,pooled_split,resnet50,640,3,02,6,0.57407,0.58345,0.445
HTP,pooled_split,resnet50,640,3,overall,7,0.67672,0.77385,0.38868
HTP,pooled_split,resnet50,640,3,00,7,0.56164,0.53994,0.38868
HTP,pooled_split,resnet50,640,3,01,7,0.81905,0.93287,0.38868
HTP,pooled_split,resnet50,640,3,02,7,0.55556,0.6115,0.38868
HTP,pooled_split,resnet50,640,3,overall,8,0.60345,0.78111,0.35688
HTP,pooled_split,resnet50,640,3,00,8,0.45205,0.58833,0.35688
HTP,pooled_split,resnet50,640,3,01,8,0.77143,0.95755,0.35688
HTP,pooled_split,resnet50,640,3,02,8,0.48148,0.5021,0.35688
HTP,pooled_split,resnet50,640,3,overall,9,0.72414,0.8148,0.30661
HTP,pooled_split,resnet50,640,3,00,9,0.60274,0.64055,0.30661
HTP,pooled_split,resnet50,640,3,01,9,0.88571,0.95755,0.30661
HTP,pooled_split,resnet50,640,3,02,9,0.57407,0.61641,0.30661
HTP,pooled_split,resnet50,640,3,overall,10,0.71552,0.79706,0.29736
HTP,pooled_split,resnet50,640,3,00,10,0.56164,0.5914,0.29736
HTP,pooled_split,resnet50,640,3,01,10,0.88571,0.95102,0.29736
HTP,pooled_split,resnet50,640,3,02,10,0.59259,0.57363,0.29736
HTP,pooled_split,resnet50,640,3,overall,11,0.71552,0.77606,0.25677
HTP,pooled_split,resnet50,640,3,00,11,0.58904,0.58525,0.25677
HTP,pooled_split,resnet50,640,3,01,11,0.84762,0.92779,0.25677
HTP,pooled_split,resnet50,640,3,02,11,0.62963,0.60589,0.25677
HTP,pooled_split,resnet50,640,3,overall,12,0.74138,0.82862,0.27951
HTP,pooled_split,resnet50,640,3,00,12,0.64384,0.68894,0.27951
HTP,pooled_split,resnet50,640,3,01,12,0.87619,0.95065,0.27951
HTP,pooled_split,resnet50,640,3,02,12,0.61111,0.64937,0.27951
HTP,pooled_split,resnet50,640,3,overall,13,0.68534,0.79998,0.24208
HTP,pooled_split,resnet50,640,3,00,13,0.53425,0.57988,0.24208
HTP,pooled_split,resnet50,640,3,01,13,0.8381,0.94811,0.24208
HTP,pooled_split,resnet50,640,3,02,13,0.59259,0.64937,0.24208
HTP,pooled_split,resnet50,640,3,overall,14,0.68966,0.77733,0.20554
HTP,pooled_split,resnet50,640,3,00,14,0.56164,0.60445,0.20554
HTP,pooled_split,resnet50,640,3,01,14,0.85714,0.94303,0.20554
HTP,pooled_split,resnet50,640,3,02,14,0.53704,0.63394,0.20554
HTP,pooled_split,resnet50,640,3,overall,15,0.71121,0.82218,0.16029
HTP,pooled_split,resnet50,640,3,00,15,0.56164,0.62519,0.16029
HTP,pooled_split,resnet50,640,3,01,15,0.85714,0.96009,0.16029
HTP,pooled_split,resnet50,640,3,02,15,0.62963,0.67742,0.16029
HTP,pooled_split,resnet50,640,3,overall,16,0.72414,0.80346,0.16147
HTP,pooled_split,resnet50,640,3,00,16,0.54795,0.58679,0.16147
HTP,pooled_split,resnet50,640,3,01,16,0.90476,0.94485,0.16147
HTP,pooled_split,resnet50,640,3,02,16,0.61111,0.69004,0.16147
HTP,pooled_split,resnet50,640,3,overall,17,0.71983,0.81701,0.14686
HTP,pooled_split,resnet50,640,3,00,17,0.58904,0.64516,0.14686
HTP,pooled_split,resnet50,640,3,01,17,0.85714,0.94557,0.14686
HTP,pooled_split,resnet50,640,3,02,17,0.62963,0.71248,0.14686
HTP,pooled_split,resnet50,640,3,overall,18,0.71552,0.78856,0.13196
HTP,pooled_split,resnet50,640,3,00,18,0.58904,0.5914,0.13196
HTP,pooled_split,resnet50,640,3,01,18,0.84762,0.94448,0.13196
HTP,pooled_split,resnet50,640,3,02,18,0.62963,0.63394,0.13196
HTP,pooled_split,resnet50,640,3,overall,19,0.67241,0.78103,0.13911
HTP,pooled_split,resnet50,640,3,00,19,0.52055,0.60983,0.13911
HTP,pooled_split,resnet50,640,3,01,19,0.85714,0.93832,0.13911
HTP,pooled_split,resnet50,640,3,02,19,0.51852,0.56522,0.13911
HTP,pooled_split,resnet50,640,3,overall,20,0.68966,0.78291,0.15302
HTP,pooled_split,resnet50,640,3,00,20,0.61644,0.58833,0.15302
HTP,pooled_split,resnet50,640,3,01,20,0.8,0.92671,0.15302
HTP,pooled_split,resnet50,640,3,02,20,0.57407,0.60028,0.15302
HTP,pooled_split,resnet50,640,3,overall,21,0.71983,0.79545,0.15037
HTP,pooled_split,resnet50,640,3,00,21,0.53425,0.55607,0.15037
HTP,pooled_split,resnet50,640,3,01,21,0.87619,0.94993,0.15037
HTP,pooled_split,resnet50,640,3,02,21,0.66667,0.64516,0.15037
HTP,pooled_split,resnet50,640,3,overall,22,0.76724,0.816,0.13834
HTP,pooled_split,resnet50,640,3,00,22,0.67123,0.66206,0.13834
HTP,pooled_split,resnet50,640,3,01,22,0.90476,0.94848,0.13834
HTP,pooled_split,resnet50,640,3,02,22,0.62963,0.59888,0.13834
HTP,pooled_split,resnet50,640,3,overall,23,0.69828,0.78212,0.13644
HTP,pooled_split,resnet50,640,3,00,23,0.57534,0.57757,0.13644
HTP,pooled_split,resnet50,640,3,01,23,0.8381,0.93795,0.13644
HTP,pooled_split,resnet50,640,3,02,23,0.59259,0.63394,0.13644
HTP,pooled_split,resnet50,640,3,overall,24,0.73276,0.80301,0.13566
HTP,pooled_split,resnet50,640,3,00,24,0.63014,0.59217,0.13566
HTP,pooled_split,resnet50,640,3,01,24,0.85714,0.95065,0.13566
HTP,pooled_split,resnet50,640,3,02,24,0.62963,0.65358,0.13566
HTP,pooled_split,resnet50,640,3,overall,25,0.75,0.80469,0.12254
HTP,pooled_split,resnet50,640,3,00,25,0.58904,0.62596,0.12254
HTP,pooled_split,resnet50,640,3,01,25,0.90476,0.94086,0.12254
HTP,pooled_split,resnet50,640,3,02,25,0.66667,0.65077,0.12254
HTP,pooled_split,resnet50,640,3,overall,26,0.75,0.82397,0.09189
HTP,pooled_split,resnet50,640,3,00,26,0.61644,0.64363,0.09189
HTP,pooled_split,resnet50,640,3,01,26,0.90476,0.96154,0.09189
HTP,pooled_split,resnet50,640,3,02,26,0.62963,0.6101,0.09189
HTP,pooled_split,resnet50,640,3,overall,27,0.72414,0.80896,0.08763
HTP,pooled_split,resnet50,640,3,00,27,0.53425,0.62135,0.08763
HTP,pooled_split,resnet50,640,3,01,27,0.90476,0.95864,0.08763
HTP,pooled_split,resnet50,640,3,02,27,0.62963,0.65358,0.08763
HTP,pooled_split,resnet50,640,3,overall,28,0.75862,0.83139,0.07343
HTP,pooled_split,resnet50,640,3,00,28,0.60274,0.65361,0.07343
HTP,pooled_split,resnet50,640,3,01,28,0.90476,0.95755,0.07343
HTP,pooled_split,resnet50,640,3,02,28,0.68519,0.69425,0.07343
HTP,pooled_split,resnet50,640,3,overall,29,0.73707,0.80979,0.0944
HTP,pooled_split,resnet50,640,3,00,29,0.56164,0.63671,0.0944
HTP,pooled_split,resnet50,640,3,01,29,0.89524,0.95501,0.0944
HTP,pooled_split,resnet50,640,3,02,29,0.66667,0.63815,0.0944
HTP,pooled_split,resnet50,640,3,overall,30,0.74569,0.78395,0.10677
HTP,pooled_split,resnet50,640,3,00,30,0.64384,0.61905,0.10677
HTP,pooled_split,resnet50,640,3,01,30,0.85714,0.91909,0.10677
HTP,pooled_split,resnet50,640,3,02,30,0.66667,0.63955,0.10677
HTP,pooled_split,resnet50,640,3,overall,31,0.71552,0.80803,0.08262
HTP,pooled_split,resnet50,640,3,00,31,0.63014,0.65975,0.08262
HTP,pooled_split,resnet50,640,3,01,31,0.84762,0.94412,0.08262
HTP,pooled_split,resnet50,640,3,02,31,0.57407,0.64656,0.08262
HTP,pooled_split,resnet50,640,3,overall,32,0.73276,0.81851,0.08942
HTP,pooled_split,resnet50,640,3,00,32,0.58904,0.64747,0.08942
HTP,pooled_split,resnet50,640,3,01,32,0.87619,0.96118,0.08942
HTP,pooled_split,resnet50,640,3,02,32,0.64815,0.63955,0.08942
HTP,pooled_split,resnet50,640,3,overall,33,0.71983,0.79556,0.09475
HTP,pooled_split,resnet50,640,3,00,33,0.67123,0.66283,0.09475
HTP,pooled_split,resnet50,640,3,01,33,0.8,0.93142,0.09475
HTP,pooled_split,resnet50,640,3,02,33,0.62963,0.68303,0.09475
HTP,pooled_split,resnet50,640,3,overall,34,0.6681,0.83577,0.10389
HTP,pooled_split,resnet50,640,3,00,34,0.52055,0.66014,0.10389
HTP,pooled_split,resnet50,640,3,01,34,0.86667,0.9688,0.10389
HTP,pooled_split,resnet50,640,3,02,34,0.48148,0.63534,0.10389
HTP,pooled_split,resnet50,640,3,overall,35,0.7069,0.80181,0.10173
HTP,pooled_split,resnet50,640,3,00,35,0.61644,0.70353,0.10173
HTP,pooled_split,resnet50,640,3,01,35,0.85714,0.93215,0.10173
HTP,pooled_split,resnet50,640,3,02,35,0.53704,0.63955,0.10173
HTP,pooled_split,resnet50,640,3,overall,36,0.67672,0.80855,0.09073
HTP,pooled_split,resnet50,640,3,00,36,0.54795,0.69432,0.09073
HTP,pooled_split,resnet50,640,3,01,36,0.8381,0.95827,0.09073
HTP,pooled_split,resnet50,640,3,02,36,0.53704,0.6101,0.09073
HTP,pooled_split,resnet50,640,3,overall,37,0.73707,0.81559,0.09063
HTP,pooled_split,resnet50,640,3,00,37,0.58904,0.63518,0.09063
HTP,pooled_split,resnet50,640,3,01,37,0.89524,0.95864,0.09063
HTP,pooled_split,resnet50,640,3,02,37,0.62963,0.65217,0.09063
HTP,pooled_split,resnet50,640,3,overall,38,0.70259,0.80922,0.07651
HTP,pooled_split,resnet50,640,3,00,38,0.53425,0.649,0.07651
HTP,pooled_split,resnet50,640,3,01,38,0.90476,0.96154,0.07651
HTP,pooled_split,resnet50,640,3,02,38,0.53704,0.58906,0.07651
HTP,pooled_split,resnet50,640,3,overall,39,0.71121,0.80896,0.06968
HTP,pooled_split,resnet50,640,3,00,39,0.58904,0.67051,0.06968
HTP,pooled_split,resnet50,640,3,01,39,0.88571,0.9492,0.06968
HTP,pooled_split,resnet50,640,3,02,39,0.53704,0.62412,0.06968
HTP,pooled_split,resnet50,640,3,overall,40,0.72845,0.79455,0.0801
HTP,pooled_split,resnet50,640,3,00,40,0.60274,0.64747,0.0801
HTP,pooled_split,resnet50,640,3,01,40,0.88571,0.94267,0.0801
HTP,pooled_split,resnet50,640,3,02,40,0.59259,0.59327,0.0801
HTP,pooled_split,resnet50,640,3,overall,41,0.76724,0.81993,0.05801
HTP,pooled_split,resnet50,640,3,00,41,0.69863,0.71045,0.05801
HTP,pooled_split,resnet50,640,3,01,41,0.87619,0.9394,0.05801
HTP,pooled_split,resnet50,640,3,02,41,0.64815,0.60729,0.05801
HTP,pooled_split,resnet50,640,3,overall,42,0.72414,0.79118,0.05472
HTP,pooled_split,resnet50,640,3,00,42,0.57534,0.60906,0.05472
HTP,pooled_split,resnet50,640,3,01,42,0.90476,0.95138,0.05472
HTP,pooled_split,resnet50,640,3,02,42,0.57407,0.60028,0.05472
HTP,pooled_split,resnet50,640,3,overall,43,0.75431,0.8014,0.06916
HTP,pooled_split,resnet50,640,3,00,43,0.65753,0.66436,0.06916
HTP,pooled_split,resnet50,640,3,01,43,0.87619,0.93179,0.06916
HTP,pooled_split,resnet50,640,3,02,43,0.64815,0.63394,0.06916
HTP,pooled_split,resnet50,640,3,overall,44,0.72414,0.82577,0.08596
HTP,pooled_split,resnet50,640,3,00,44,0.60274,0.66206,0.08596
HTP,pooled_split,resnet50,640,3,01,44,0.89524,0.95755,0.08596
HTP,pooled_split,resnet50,640,3,02,44,0.55556,0.59467,0.08596
HTP,pooled_split,resnet50,640,3,overall,45,0.74138,0.80185,0.0851
HTP,pooled_split,resnet50,640,3,00,45,0.71233,0.71083,0.0851
HTP,pooled_split,resnet50,640,3,01,45,0.82857,0.9209,0.0851
HTP,pooled_split,resnet50,640,3,02,45,0.61111,0.64656,0.0851
HTP,pooled_split,resnet50,640,3,overall,46,0.73276,0.80436,0.06271
HTP,pooled_split,resnet50,640,3,00,46,0.63014,0.64747,0.06271
HTP,pooled_split,resnet50,640,3,01,46,0.84762,0.93106,0.06271
HTP,pooled_split,resnet50,640,3,02,46,0.64815,0.65638,0.06271
HTP,pooled_split,resnet50,640,3,overall,47,0.71552,0.83386,0.04464
HTP,pooled_split,resnet50,640,3,00,47,0.60274,0.67358,0.04464
HTP,pooled_split,resnet50,640,3,01,47,0.86667,0.96081,0.04464
HTP,pooled_split,resnet50,640,3,02,47,0.57407,0.6676,0.04464
HTP,pooled_split,resnet50,640,3,overall,48,0.74138,0.80922,0.07842
HTP,pooled_split,resnet50,640,3,00,48,0.65753,0.61674,0.07842
HTP,pooled_split,resnet50,640,3,01,48,0.82857,0.9434,0.07842
HTP,pooled_split,resnet50,640,3,02,48,0.68519,0.67181,0.07842
HTP,pooled_split,resnet50,640,3,overall,49,0.69828,0.7895,0.08432
HTP,pooled_split,resnet50,640,3,00,49,0.54795,0.63594,0.08432
HTP,pooled_split,resnet50,640,3,01,49,0.82857,0.92344,0.08432
HTP,pooled_split,resnet50,640,3,02,49,0.64815,0.62272,0.08432
HTP,pooled_split,resnet50,640,3,overall,50,0.71121,0.7962,0.07786
HTP,pooled_split,resnet50,640,3,00,50,0.58904,0.63134,0.07786
HTP,pooled_split,resnet50,640,3,01,50,0.80952,0.94956,0.07786
HTP,pooled_split,resnet50,640,3,02,50,0.68519,0.62693,0.07786
HTP,pooled_split,resnet50,224,4,overall,1,0.6681,0.75007,0.65084
HTP,pooled_split,resnet50,224,4,00,1,0.54795,0.6129,0.65084
HTP,pooled_split,resnet50,224,4,01,1,0.8,0.92271,0.65084
HTP,pooled_split,resnet50,224,4,02,1,0.57407,0.5554,0.65084
HTP,pooled_split,resnet50,224,4,overall,2,0.71552,0.80788,0.59679
HTP,pooled_split,resnet50,224,4,00,2,0.63014,0.66513,0.59679
HTP,pooled_split,resnet50,224,4,01,2,0.84762,0.95247,0.59679
HTP,pooled_split,resnet50,224,4,02,2,0.57407,0.60589,0.59679
HTP,pooled_split,resnet50,224,4,overall,3,0.72414,0.81166,0.51989
HTP,pooled_split,resnet50,224,4,00,3,0.64384,0.64209,0.51989
HTP,pooled_split,resnet50,224,4,01,3,0.8,0.95972,0.51989
HTP,pooled_split,resnet50,224,4,02,3,0.68519,0.72511,0.51989
HTP,pooled_split,resnet50,224,4,overall,4,0.77155,0.8403,0.46007
HTP,pooled_split,resnet50,224,4,00,4,0.64384,0.69124,0.46007
HTP,pooled_split,resnet50,224,4,01,4,0.91429,0.96517,0.46007
HTP,pooled_split,resnet50,224,4,02,4,0.66667,0.68022,0.46007
HTP,pooled_split,resnet50,224,4,overall,5,0.73707,0.83094,0.43522
HTP,pooled_split,resnet50,224,4,00,5,0.64384,0.65515,0.43522
HTP,pooled_split,resnet50,224,4,01,5,0.86667,0.96698,0.43522
HTP,pooled_split,resnet50,224,4,02,5,0.61111,0.6662,0.43522
HTP,pooled_split,resnet50,224,4,overall,6,0.69828,0.80357,0.39673
HTP,pooled_split,resnet50,224,4,00,6,0.63014,0.64747,0.39673
HTP,pooled_split,resnet50,224,4,01,6,0.77143,0.91727,0.39673
HTP,pooled_split,resnet50,224,4,02,6,0.64815,0.69846,0.39673
HTP,pooled_split,resnet50,224,4,overall,7,0.74569,0.806,0.34705
HTP,pooled_split,resnet50,224,4,00,7,0.63014,0.69048,0.34705
HTP,pooled_split,resnet50,224,4,01,7,0.87619,0.94811,0.34705
HTP,pooled_split,resnet50,224,4,02,7,0.64815,0.68303,0.34705
HTP,pooled_split,resnet50,224,4,overall,8,0.69397,0.83569,0.34692
HTP,pooled_split,resnet50,224,4,00,8,0.57534,0.64823,0.34692
HTP,pooled_split,resnet50,224,4,01,8,0.8,0.96335,0.34692
HTP,pooled_split,resnet50,224,4,02,8,0.64815,0.74474,0.34692
HTP,pooled_split,resnet50,224,4,overall,9,0.76724,0.84224,0.32132
HTP,pooled_split,resnet50,224,4,00,9,0.64384,0.68433,0.32132
HTP,pooled_split,resnet50,224,4,01,9,0.91429,0.95102,0.32132
HTP,pooled_split,resnet50,224,4,02,9,0.64815,0.72511,0.32132
HTP,pooled_split,resnet50,224,4,overall,10,0.74569,0.8209,0.26432
HTP,pooled_split,resnet50,224,4,00,10,0.61644,0.64977,0.26432
HTP,pooled_split,resnet50,224,4,01,10,0.89524,0.96662,0.26432
HTP,pooled_split,resnet50,224,4,02,10,0.62963,0.67882,0.26432
HTP,pooled_split,resnet50,224,4,overall,11,0.71983,0.78444,0.24764
HTP,pooled_split,resnet50,224,4,00,11,0.60274,0.61598,0.24764
HTP,pooled_split,resnet50,224,4,01,11,0.8381,0.90385,0.24764
HTP,pooled_split,resnet50,224,4,02,11,0.64815,0.73913,0.24764
HTP,pooled_split,resnet50,224,4,overall,12,0.67672,0.8087,0.24092
HTP,pooled_split,resnet50,224,4,00,12,0.53425,0.62442,0.24092
HTP,pooled_split,resnet50,224,4,01,12,0.79048,0.94376,0.24092
HTP,pooled_split,resnet50,224,4,02,12,0.64815,0.71388,0.24092
HTP,pooled_split,resnet50,224,4,overall,13,0.72414,0.79747,0.21726
HTP,pooled_split,resnet50,224,4,00,13,0.57534,0.56144,0.21726
HTP,pooled_split,resnet50,224,4,01,13,0.82857,0.93541,0.21726
HTP,pooled_split,resnet50,224,4,02,13,0.72222,0.74614,0.21726
HTP,pooled_split,resnet50,224,4,overall,14,0.72845,0.82734,0.2421
HTP,pooled_split,resnet50,224,4,00,14,0.61644,0.65899,0.2421
HTP,pooled_split,resnet50,224,4,01,14,0.8381,0.94049,0.2421
HTP,pooled_split,resnet50,224,4,02,14,0.66667,0.77139,0.2421
HTP,pooled_split,resnet50,224,4,overall,15,0.75431,0.82899,0.19477
HTP,pooled_split,resnet50,224,4,00,15,0.65753,0.66359,0.19477
HTP,pooled_split,resnet50,224,4,01,15,0.89524,0.94521,0.19477
HTP,pooled_split,resnet50,224,4,02,15,0.61111,0.74474,0.19477
HTP,pooled_split,resnet50,224,4,overall,16,0.75862,0.83565,0.20549
HTP,pooled_split,resnet50,224,4,00,16,0.65753,0.69662,0.20549
HTP,pooled_split,resnet50,224,4,01,16,0.87619,0.93687,0.20549
HTP,pooled_split,resnet50,224,4,02,16,0.66667,0.78682,0.20549
HTP,pooled_split,resnet50,224,4,overall,17,0.69397,0.77508,0.19275
HTP,pooled_split,resnet50,224,4,00,17,0.56164,0.63825,0.19275
HTP,pooled_split,resnet50,224,4,01,17,0.81905,0.86357,0.19275
HTP,pooled_split,resnet50,224,4,02,17,0.62963,0.74474,0.19275
HTP,pooled_split,resnet50,224,4,overall,18,0.7069,0.79096,0.1775
HTP,pooled_split,resnet50,224,4,00,18,0.56164,0.65515,0.1775
HTP,pooled_split,resnet50,224,4,01,18,0.81905,0.90167,0.1775
HTP,pooled_split,resnet50,224,4,02,18,0.68519,0.73773,0.1775
HTP,pooled_split,resnet50,224,4,overall,19,0.71121,0.7859,0.18437
HTP,pooled_split,resnet50,224,4,00,19,0.57534,0.60369,0.18437
HTP,pooled_split,resnet50,224,4,01,19,0.81905,0.90711,0.18437
HTP,pooled_split,resnet50,224,4,02,19,0.68519,0.74755,0.18437
HTP,pooled_split,resnet50,224,4,overall,20,0.71983,0.78017,0.18455
HTP,pooled_split,resnet50,224,4,00,20,0.64384,0.649,0.18455
HTP,pooled_split,resnet50,224,4,01,20,0.8,0.87228,0.18455
HTP,pooled_split,resnet50,224,4,02,20,0.66667,0.75877,0.18455
HTP,pooled_split,resnet50,224,4,overall,21,0.72414,0.77591,0.1804
HTP,pooled_split,resnet50,224,4,00,21,0.61644,0.60369,0.1804
HTP,pooled_split,resnet50,224,4,01,21,0.81905,0.89405,0.1804
HTP,pooled_split,resnet50,224,4,02,21,0.68519,0.74895,0.1804
HTP,pooled_split,resnet50,224,4,overall,22,0.74138,0.80484,0.15245
HTP,pooled_split,resnet50,224,4,00,22,0.64384,0.65745,0.15245
HTP,pooled_split,resnet50,224,4,01,22,0.8381,0.90856,0.15245
HTP,pooled_split,resnet50,224,4,02,22,0.68519,0.77279,0.15245
HTP,pooled_split,resnet50,224,4,overall,23,0.72414,0.79552,0.16576
HTP,pooled_split,resnet50,224,4,00,23,0.60274,0.67281,0.16576
HTP,pooled_split,resnet50,224,4,01,23,0.81905,0.88353,0.16576
HTP,pooled_split,resnet50,224,4,02,23,0.7037,0.7784,0.16576
HTP,pooled_split,resnet50,224,4,overall,24,0.71121,0.79874,0.16187
HTP,pooled_split,resnet50,224,4,00,24,0.63014,0.67358,0.16187
HTP,pooled_split,resnet50,224,4,01,24,0.8,0.89441,0.16187
HTP,pooled_split,resnet50,224,4,02,24,0.64815,0.75035,0.16187
HTP,pooled_split,resnet50,224,4,overall,25,0.7069,0.78388,0.1526
HTP,pooled_split,resnet50,224,4,00,25,0.64384,0.67512,0.1526
HTP,pooled_split,resnet50,224,4,01,25,0.79048,0.87808,0.1526
HTP,pooled_split,resnet50,224,4,02,25,0.62963,0.7209,0.1526
HTP,pooled_split,resnet50,224,4,overall,26,0.71121,0.78227,0.16903
HTP,pooled_split,resnet50,224,4,00,26,0.58904,0.63978,0.16903
HTP,pooled_split,resnet50,224,4,01,26,0.80952,0.89985,0.16903
HTP,pooled_split,resnet50,224,4,02,26,0.68519,0.72511,0.16903
HTP,pooled_split,resnet50,224,4,overall,27,0.67672,0.76737,0.15218
HTP,pooled_split,resnet50,224,4,00,27,0.54795,0.60829,0.15218
HTP,pooled_split,resnet50,224,4,01,27,0.8,0.90348,0.15218
HTP,pooled_split,resnet50,224,4,02,27,0.61111,0.65077,0.15218
HTP,pooled_split,resnet50,224,4,overall,28,0.69828,0.79066,0.11692
HTP,pooled_split,resnet50,224,4,00,28,0.57534,0.64977,0.11692
HTP,pooled_split,resnet50,224,4,01,28,0.80952,0.90457,0.11692
HTP,pooled_split,resnet50,224,4,02,28,0.64815,0.7209,0.11692
HTP,pooled_split,resnet50,224,4,overall,29,0.73276,0.79747,0.13343
HTP,pooled_split,resnet50,224,4,00,29,0.61644,0.66743,0.13343
HTP,pooled_split,resnet50,224,4,01,29,0.82857,0.90131,0.13343
HTP,pooled_split,resnet50,224,4,02,29,0.7037,0.78541,0.13343
HTP,pooled_split,resnet50,224,4,overall,30,0.73707,0.80308,0.1241
HTP,pooled_split,resnet50,224,4,00,30,0.63014,0.66743,0.1241
HTP,pooled_split,resnet50,224,4,01,30,0.82857,0.90893,0.1241
HTP,pooled_split,resnet50,224,4,02,30,0.7037,0.74334,0.1241
HTP,pooled_split,resnet50,224,4,overall,31,0.76293,0.8443,0.14286
HTP,pooled_split,resnet50,224,4,00,31,0.67123,0.72657,0.14286
HTP,pooled_split,resnet50,224,4,01,31,0.82857,0.93868,0.14286
HTP,pooled_split,resnet50,224,4,02,31,0.75926,0.77419,0.14286
HTP,pooled_split,resnet50,224,4,overall,32,0.71983,0.80593,0.1193
HTP,pooled_split,resnet50,224,4,00,32,0.60274,0.67819,0.1193
HTP,pooled_split,resnet50,224,4,01,32,0.8381,0.91328,0.1193
HTP,pooled_split,resnet50,224,4,02,32,0.64815,0.72651,0.1193
HTP,pooled_split,resnet50,224,4,overall,33,0.73707,0.81199,0.14461
HTP,pooled_split,resnet50,224,4,00,33,0.64384,0.65591,0.14461
HTP,pooled_split,resnet50,224,4,01,33,0.81905,0.92634,0.14461
HTP,pooled_split,resnet50,224,4,02,33,0.7037,0.74755,0.14461
HTP,pooled_split,resnet50,224,4,overall,34,0.70259,0.78317,0.15952
HTP,pooled_split,resnet50,224,4,00,34,0.57534,0.60061,0.15952
HTP,pooled_split,resnet50,224,4,01,34,0.80952,0.90276,0.15952
HTP,pooled_split,resnet50,224,4,02,34,0.66667,0.76578,0.15952
HTP,pooled_split,resnet50,224,4,overall,35,0.69397,0.77987,0.16782
HTP,pooled_split,resnet50,224,4,00,35,0.57534,0.62212,0.16782
HTP,pooled_split,resnet50,224,4,01,35,0.7619,0.88244,0.16782
HTP,pooled_split,resnet50,224,4,02,35,0.72222,0.78962,0.16782
HTP,pooled_split,resnet50,224,4,overall,36,0.73707,0.81836,0.16451
HTP,pooled_split,resnet50,224,4,00,36,0.60274,0.6321,0.16451
HTP,pooled_split,resnet50,224,4,01,36,0.86667,0.92997,0.16451
HTP,pooled_split,resnet50,224,4,02,36,0.66667,0.78541,0.16451
HTP,pooled_split,resnet50,224,4,overall,37,0.72414,0.80174,0.10848
HTP,pooled_split,resnet50,224,4,00,37,0.58904,0.64055,0.10848
HTP,pooled_split,resnet50,224,4,01,37,0.8381,0.90965,0.10848
HTP,pooled_split,resnet50,224,4,02,37,0.68519,0.75877,0.10848
HTP,pooled_split,resnet50,224,4,overall,38,0.72414,0.79762,0.11248
HTP,pooled_split,resnet50,224,4,00,38,0.60274,0.65284,0.11248
HTP,pooled_split,resnet50,224,4,01,38,0.84762,0.91364,0.11248
HTP,pooled_split,resnet50,224,4,02,38,0.64815,0.73352,0.11248
HTP,pooled_split,resnet50,224,4,overall,39,0.71552,0.78055,0.12261
HTP,pooled_split,resnet50,224,4,00,39,0.61644,0.6275,0.12261
HTP,pooled_split,resnet50,224,4,01,39,0.79048,0.88425,0.12261
HTP,pooled_split,resnet50,224,4,02,39,0.7037,0.76297,0.12261
HTP,pooled_split,resnet50,224,4,overall,40,0.71983,0.80776,0.15929
HTP,pooled_split,resnet50,224,4,00,40,0.56164,0.62596,0.15929
HTP,pooled_split,resnet50,224,4,01,40,0.84762,0.93977,0.15929
HTP,pooled_split,resnet50,224,4,02,40,0.68519,0.76999,0.15929
HTP,pooled_split,resnet50,224,4,overall,41,0.7069,0.81402,0.12858
HTP,pooled_split,resnet50,224,4,00,41,0.57534,0.63287,0.12858
HTP,pooled_split,resnet50,224,4,01,41,0.82857,0.9463,0.12858
HTP,pooled_split,resnet50,224,4,02,41,0.64815,0.74053,0.12858
HTP,pooled_split,resnet50,224,4,overall,42,0.73707,0.80739,0.11176
HTP,pooled_split,resnet50,224,4,00,42,0.61644,0.65054,0.11176
HTP,pooled_split,resnet50,224,4,01,42,0.85714,0.91655,0.11176
HTP,pooled_split,resnet50,224,4,02,42,0.66667,0.7223,0.11176
HTP,pooled_split,resnet50,224,4,overall,43,0.7069,0.78059,0.1089
HTP,pooled_split,resnet50,224,4,00,43,0.60274,0.67127,0.1089
HTP,pooled_split,resnet50,224,4,01,43,0.81905,0.88443,0.1089
HTP,pooled_split,resnet50,224,4,02,43,0.62963,0.70827,0.1089
HTP,pooled_split,resnet50,224,4,overall,44,0.73276,0.79706,0.0888
HTP,pooled_split,resnet50,224,4,00,44,0.64384,0.64593,0.0888
HTP,pooled_split,resnet50,224,4,01,44,0.84762,0.91056,0.0888
HTP,pooled_split,resnet50,224,4,02,44,0.62963,0.72651,0.0888
HTP,pooled_split,resnet50,224,4,overall,45,0.71552,0.79526,0.07658
HTP,pooled_split,resnet50,224,4,00,45,0.60274,0.65822,0.07658
HTP,pooled_split,resnet50,224,4,01,45,0.8381,0.90312,0.07658
HTP,pooled_split,resnet50,224,4,02,45,0.62963,0.71809,0.07658
HTP,pooled_split,resnet50,224,4,overall,46,0.69397,0.80016,0.08144
HTP,pooled_split,resnet50,224,4,00,46,0.60274,0.65591,0.08144
HTP,pooled_split,resnet50,224,4,01,46,0.8,0.91473,0.08144
HTP,pooled_split,resnet50,224,4,02,46,0.61111,0.69565,0.08144
HTP,pooled_split,resnet50,224,4,overall,47,0.67672,0.79103,0.09101
HTP,pooled_split,resnet50,224,4,00,47,0.63014,0.71659,0.09101
HTP,pooled_split,resnet50,224,4,01,47,0.75238,0.88425,0.09101
HTP,pooled_split,resnet50,224,4,02,47,0.59259,0.68163,0.09101
HTP,pooled_split,resnet50,224,4,overall,48,0.71121,0.81709,0.09642
HTP,pooled_split,resnet50,224,4,00,48,0.61644,0.70814,0.09642
HTP,pooled_split,resnet50,224,4,01,48,0.84762,0.93469,0.09642
HTP,pooled_split,resnet50,224,4,02,48,0.57407,0.68303,0.09642
HTP,pooled_split,resnet50,224,4,overall,49,0.73276,0.8187,0.10999
HTP,pooled_split,resnet50,224,4,00,49,0.61644,0.65438,0.10999
HTP,pooled_split,resnet50,224,4,01,49,0.84762,0.94013,0.10999
HTP,pooled_split,resnet50,224,4,02,49,0.66667,0.73773,0.10999
HTP,pooled_split,resnet50,224,4,overall,50,0.73707,0.81432,0.10108
HTP,pooled_split,resnet50,224,4,00,50,0.65753,0.69739,0.10108
HTP,pooled_split,resnet50,224,4,01,50,0.82857,0.92126,0.10108
HTP,pooled_split,resnet50,224,4,02,50,0.66667,0.72791,0.10108
HTP,pooled_split,resnet50,640,4,overall,1,0.68534,0.76213,0.63664
HTP,pooled_split,resnet50,640,4,00,1,0.58904,0.5768,0.63664
HTP,pooled_split,resnet50,640,4,01,1,0.8381,0.90747,0.63664
HTP,pooled_split,resnet50,640,4,02,1,0.51852,0.57223,0.63664
HTP,pooled_split,resnet50,640,4,overall,2,0.77586,0.86418,0.60133
HTP,pooled_split,resnet50,640,4,00,2,0.65753,0.71275,0.60133
HTP,pooled_split,resnet50,640,4,01,2,0.94286,0.97932,0.60133
HTP,pooled_split,resnet50,640,4,02,2,0.61111,0.66339,0.60133
HTP,pooled_split,resnet50,640,4,overall,3,0.76724,0.86223,0.54085
HTP,pooled_split,resnet50,640,4,00,3,0.64384,0.69969,0.54085
HTP,pooled_split,resnet50,640,4,01,3,0.90476,0.97206,0.54085
HTP,pooled_split,resnet50,640,4,02,3,0.66667,0.73352,0.54085
HTP,pooled_split,resnet50,640,4,overall,4,0.75431,0.85254,0.49446
HTP,pooled_split,resnet50,640,4,00,4,0.61644,0.6874,0.49446
HTP,pooled_split,resnet50,640,4,01,4,0.88571,0.96118,0.49446
HTP,pooled_split,resnet50,640,4,02,4,0.68519,0.72931,0.49446
HTP,pooled_split,resnet50,640,4,overall,5,0.75,0.83678,0.46441
HTP,pooled_split,resnet50,640,4,00,5,0.61644,0.72734,0.46441
HTP,pooled_split,resnet50,640,4,01,5,0.91429,0.96916,0.46441
HTP,pooled_split,resnet50,640,4,02,5,0.61111,0.69705,0.46441
HTP,pooled_split,resnet50,640,4,overall,6,0.60776,0.8245,0.43682
HTP,pooled_split,resnet50,640,4,00,6,0.58904,0.61137,0.43682
HTP,pooled_split,resnet50,640,4,01,6,0.61905,0.95319,0.43682
HTP,pooled_split,resnet50,640,4,02,6,0.61111,0.75456,0.43682
HTP,pooled_split,resnet50,640,4,overall,7,0.77155,0.88223,0.39941
HTP,pooled_split,resnet50,640,4,00,7,0.65753,0.75653,0.39941
HTP,pooled_split,resnet50,640,4,01,7,0.90476,0.97569,0.39941
HTP,pooled_split,resnet50,640,4,02,7,0.66667,0.78682,0.39941
HTP,pooled_split,resnet50,640,4,overall,8,0.76724,0.83086,0.40759
HTP,pooled_split,resnet50,640,4,00,8,0.67123,0.67435,0.40759
HTP,pooled_split,resnet50,640,4,01,8,0.91429,0.94594,0.40759
HTP,pooled_split,resnet50,640,4,02,8,0.61111,0.64797,0.40759
HTP,pooled_split,resnet50,640,4,overall,9,0.71121,0.84359,0.36524
HTP,pooled_split,resnet50,640,4,00,9,0.68493,0.66897,0.36524
HTP,pooled_split,resnet50,640,4,01,9,0.7619,0.96081,0.36524
HTP,pooled_split,resnet50,640,4,02,9,0.64815,0.79102,0.36524
HTP,pooled_split,resnet50,640,4,overall,10,0.71983,0.80795,0.31622
HTP,pooled_split,resnet50,640,4,00,10,0.50685,0.63594,0.31622
HTP,pooled_split,resnet50,640,4,01,10,0.87619,0.94485,0.31622
HTP,pooled_split,resnet50,640,4,02,10,0.7037,0.7223,0.31622
HTP,pooled_split,resnet50,640,4,overall,11,0.75431,0.83468,0.28013
HTP,pooled_split,resnet50,640,4,00,11,0.68493,0.7404,0.28013
HTP,pooled_split,resnet50,640,4,01,11,0.88571,0.97061,0.28013
HTP,pooled_split,resnet50,640,4,02,11,0.59259,0.61431,0.28013
HTP,pooled_split,resnet50,640,4,overall,12,0.73707,0.85755,0.23592
HTP,pooled_split,resnet50,640,4,00,12,0.67123,0.69585,0.23592
HTP,pooled_split,resnet50,640,4,01,12,0.8381,0.96988,0.23592
HTP,pooled_split,resnet50,640,4,02,12,0.62963,0.74474,0.23592
HTP,pooled_split,resnet50,640,4,overall,13,0.75431,0.84337,0.24009
HTP,pooled_split,resnet50,640,4,00,13,0.64384,0.75499,0.24009
HTP,pooled_split,resnet50,640,4,01,13,0.85714,0.95755,0.24009
HTP,pooled_split,resnet50,640,4,02,13,0.7037,0.669,0.24009
HTP,pooled_split,resnet50,640,4,overall,14,0.71121,0.78938,0.20802
HTP,pooled_split,resnet50,640,4,00,14,0.67123,0.71121,0.20802
HTP,pooled_split,resnet50,640,4,01,14,0.77143,0.94557,0.20802
HTP,pooled_split,resnet50,640,4,02,14,0.64815,0.67321,0.20802
HTP,pooled_split,resnet50,640,4,overall,15,0.68103,0.8391,0.22465
HTP,pooled_split,resnet50,640,4,00,15,0.60274,0.69355,0.22465
HTP,pooled_split,resnet50,640,4,01,15,0.75238,0.95356,0.22465
HTP,pooled_split,resnet50,640,4,02,15,0.64815,0.73212,0.22465
HTP,pooled_split,resnet50,640,4,overall,16,0.73276,0.82757,0.2178
HTP,pooled_split,resnet50,640,4,00,16,0.67123,0.69969,0.2178
HTP,pooled_split,resnet50,640,4,01,16,0.8381,0.94376,0.2178
HTP,pooled_split,resnet50,640,4,02,16,0.61111,0.69004,0.2178
HTP,pooled_split,resnet50,640,4,overall,17,0.72414,0.81813,0.14873
HTP,pooled_split,resnet50,640,4,00,17,0.68493,0.72273,0.14873
HTP,pooled_split,resnet50,640,4,01,17,0.79048,0.96517,0.14873
HTP,pooled_split,resnet50,640,4,02,17,0.64815,0.64937,0.14873
HTP,pooled_split,resnet50,640,4,overall,18,0.71552,0.82165,0.13696
HTP,pooled_split,resnet50,640,4,00,18,0.64384,0.68664,0.13696
HTP,pooled_split,resnet50,640,4,01,18,0.8381,0.96226,0.13696
HTP,pooled_split,resnet50,640,4,02,18,0.57407,0.6662,0.13696
HTP,pooled_split,resnet50,640,4,overall,19,0.73707,0.82551,0.14156
HTP,pooled_split,resnet50,640,4,00,19,0.63014,0.70968,0.14156
HTP,pooled_split,resnet50,640,4,01,19,0.87619,0.96081,0.14156
HTP,pooled_split,resnet50,640,4,02,19,0.61111,0.62973,0.14156
HTP,pooled_split,resnet50,640,4,overall,20,0.68966,0.82442,0.15766
HTP,pooled_split,resnet50,640,4,00,20,0.71233,0.74962,0.15766
HTP,pooled_split,resnet50,640,4,01,20,0.73333,0.94176,0.15766
HTP,pooled_split,resnet50,640,4,02,20,0.57407,0.65778,0.15766
HTP,pooled_split,resnet50,640,4,overall,21,0.71121,0.80863,0.15071
HTP,pooled_split,resnet50,640,4,00,21,0.61644,0.69508,0.15071
HTP,pooled_split,resnet50,640,4,01,21,0.8381,0.92671,0.15071
HTP,pooled_split,resnet50,640,4,02,21,0.59259,0.63114,0.15071
HTP,pooled_split,resnet50,640,4,overall,22,0.74569,0.82465,0.1387
HTP,pooled_split,resnet50,640,4,00,22,0.65753,0.70737,0.1387
HTP,pooled_split,resnet50,640,4,01,22,0.88571,0.96988,0.1387
HTP,pooled_split,resnet50,640,4,02,22,0.59259,0.65077,0.1387
HTP,pooled_split,resnet50,640,4,overall,23,0.65948,0.77759,0.12693
HTP,pooled_split,resnet50,640,4,00,23,0.58904,0.62212,0.12693
HTP,pooled_split,resnet50,640,4,01,23,0.74286,0.92707,0.12693
HTP,pooled_split,resnet50,640,4,02,23,0.59259,0.66199,0.12693
HTP,pooled_split,resnet50,640,4,overall,24,0.7069,0.84546,0.12999
HTP,pooled_split,resnet50,640,4,00,24,0.63014,0.71889,0.12999
HTP,pooled_split,resnet50,640,4,01,24,0.80952,0.96263,0.12999
HTP,pooled_split,resnet50,640,4,02,24,0.61111,0.71529,0.12999
HTP,pooled_split,resnet50,640,4,overall,25,0.72414,0.82922,0.12994
HTP,pooled_split,resnet50,640,4,00,25,0.63014,0.72888,0.12994
HTP,pooled_split,resnet50,640,4,01,25,0.84762,0.96843,0.12994
HTP,pooled_split,resnet50,640,4,02,25,0.61111,0.66199,0.12994
HTP,pooled_split,resnet50,640,4,overall,26,0.74138,0.84464,0.11347
HTP,pooled_split,resnet50,640,4,00,26,0.69863,0.73349,0.11347
HTP,pooled_split,resnet50,640,4,01,26,0.82857,0.95864,0.11347
HTP,pooled_split,resnet50,640,4,02,26,0.62963,0.68864,0.11347
HTP,pooled_split,resnet50,640,4,overall,27,0.73276,0.84052,0.10591
HTP,pooled_split,resnet50,640,4,00,27,0.63014,0.6874,0.10591
HTP,pooled_split,resnet50,640,4,01,27,0.87619,0.97025,0.10591
HTP,pooled_split,resnet50,640,4,02,27,0.59259,0.68443,0.10591
HTP,pooled_split,resnet50,640,4,overall,28,0.76293,0.82525,0.08805
HTP,pooled_split,resnet50,640,4,00,28,0.69863,0.72734,0.08805
HTP,pooled_split,resnet50,640,4,01,28,0.89524,0.9619,0.08805
HTP,pooled_split,resnet50,640,4,02,28,0.59259,0.64797,0.08805
HTP,pooled_split,resnet50,640,4,overall,29,0.69397,0.81888,0.11469
HTP,pooled_split,resnet50,640,4,00,29,0.63014,0.73349,0.11469
HTP,pooled_split,resnet50,640,4,01,29,0.7619,0.95247,0.11469
HTP,pooled_split,resnet50,640,4,02,29,0.64815,0.69565,0.11469
HTP,pooled_split,resnet50,640,4,overall,30,0.72414,0.84689,0.09269
HTP,pooled_split,resnet50,640,4,00,30,0.65753,0.74347,0.09269
HTP,pooled_split,resnet50,640,4,01,30,0.84762,0.97642,0.09269
HTP,pooled_split,resnet50,640,4,02,30,0.57407,0.67602,0.09269
HTP,pooled_split,resnet50,640,4,overall,31,0.74138,0.82446,0.09969
HTP,pooled_split,resnet50,640,4,00,31,0.71233,0.77035,0.09969
HTP,pooled_split,resnet50,640,4,01,31,0.81905,0.918,0.09969
HTP,pooled_split,resnet50,640,4,02,31,0.62963,0.68724,0.09969
HTP,pooled_split,resnet50,640,4,overall,32,0.71552,0.8324,0.08305
HTP,pooled_split,resnet50,640,4,00,32,0.61644,0.70276,0.08305
HTP,pooled_split,resnet50,640,4,01,32,0.82857,0.94594,0.08305
HTP,pooled_split,resnet50,640,4,02,32,0.62963,0.7216,0.08305
HTP,pooled_split,resnet50,640,4,overall,33,0.77586,0.85033,0.07538
HTP,pooled_split,resnet50,640,4,00,33,0.65753,0.79109,0.07538
HTP,pooled_split,resnet50,640,4,01,33,0.88571,0.959,0.07538
HTP,pooled_split,resnet50,640,4,02,33,0.72222,0.69285,0.07538
HTP,pooled_split,resnet50,640,4,overall,34,0.7069,0.8014,0.08514
HTP,pooled_split,resnet50,640,4,00,34,0.65753,0.68356,0.08514
HTP,pooled_split,resnet50,640,4,01,34,0.75238,0.93306,0.08514
HTP,pooled_split,resnet50,640,4,02,34,0.68519,0.72651,0.08514
HTP,pooled_split,resnet50,640,4,overall,35,0.76724,0.8516,0.08927
HTP,pooled_split,resnet50,640,4,00,35,0.68493,0.75806,0.08927
HTP,pooled_split,resnet50,640,4,01,35,0.84762,0.95356,0.08927
HTP,pooled_split,resnet50,640,4,02,35,0.72222,0.74194,0.08927
HTP,pooled_split,resnet50,640,4,overall,36,0.69828,0.80608,0.08374
HTP,pooled_split,resnet50,640,4,00,36,0.61644,0.67512,0.08374
HTP,pooled_split,resnet50,640,4,01,36,0.82857,0.9365,0.08374
HTP,pooled_split,resnet50,640,4,02,36,0.55556,0.65638,0.08374
HTP,pooled_split,resnet50,640,4,overall,37,0.71983,0.81312,0.08924
HTP,pooled_split,resnet50,640,4,00,37,0.64384,0.75115,0.08924
HTP,pooled_split,resnet50,640,4,01,37,0.81905,0.9365,0.08924
HTP,pooled_split,resnet50,640,4,02,37,0.62963,0.61571,0.08924
HTP,pooled_split,resnet50,640,4,overall,38,0.75,0.82454,0.10468
HTP,pooled_split,resnet50,640,4,00,38,0.65753,0.68856,0.10468
HTP,pooled_split,resnet50,640,4,01,38,0.8381,0.95138,0.10468
HTP,pooled_split,resnet50,640,4,02,38,0.7037,0.74895,0.10468
HTP,pooled_split,resnet50,640,4,overall,39,0.68966,0.7865,0.0895
HTP,pooled_split,resnet50,640,4,00,39,0.58904,0.59985,0.0895
HTP,pooled_split,resnet50,640,4,01,39,0.79048,0.92562,0.0895
HTP,pooled_split,resnet50,640,4,02,39,0.62963,0.69074,0.0895
HTP,pooled_split,resnet50,640,4,overall,40,0.69828,0.78212,0.09455
HTP,pooled_split,resnet50,640,4,00,40,0.56164,0.63902,0.09455
HTP,pooled_split,resnet50,640,4,01,40,0.82857,0.91183,0.09455
HTP,pooled_split,resnet50,640,4,02,40,0.62963,0.68443,0.09455
HTP,pooled_split,resnet50,640,4,overall,41,0.71983,0.81956,0.10092
HTP,pooled_split,resnet50,640,4,00,41,0.67123,0.70891,0.10092
HTP,pooled_split,resnet50,640,4,01,41,0.81905,0.9492,0.10092
HTP,pooled_split,resnet50,640,4,02,41,0.59259,0.67181,0.10092
HTP,pooled_split,resnet50,640,4,overall,42,0.71983,0.79695,0.06079
HTP,pooled_split,resnet50,640,4,00,42,0.65753,0.71736,0.06079
HTP,pooled_split,resnet50,640,4,01,42,0.82857,0.95174,0.06079
HTP,pooled_split,resnet50,640,4,02,42,0.59259,0.62272,0.06079
HTP,pooled_split,resnet50,640,4,overall,43,0.72414,0.82049,0.0743
HTP,pooled_split,resnet50,640,4,00,43,0.60274,0.73502,0.0743
HTP,pooled_split,resnet50,640,4,01,43,0.87619,0.94702,0.0743
HTP,pooled_split,resnet50,640,4,02,43,0.59259,0.67041,0.0743
HTP,pooled_split,resnet50,640,4,overall,44,0.71121,0.81349,0.05085
HTP,pooled_split,resnet50,640,4,00,44,0.58904,0.69124,0.05085
HTP,pooled_split,resnet50,640,4,01,44,0.81905,0.9307,0.05085
HTP,pooled_split,resnet50,640,4,02,44,0.66667,0.74895,0.05085
HTP,pooled_split,resnet50,640,4,overall,45,0.75862,0.82532,0.05015
HTP,pooled_split,resnet50,640,4,00,45,0.68493,0.73349,0.05015
HTP,pooled_split,resnet50,640,4,01,45,0.8381,0.94557,0.05015
HTP,pooled_split,resnet50,640,4,02,45,0.7037,0.69565,0.05015
HTP,pooled_split,resnet50,640,4,overall,46,0.68966,0.8029,0.0691
HTP,pooled_split,resnet50,640,4,00,46,0.57534,0.61982,0.0691
HTP,pooled_split,resnet50,640,4,01,46,0.80952,0.94412,0.0691
HTP,pooled_split,resnet50,640,4,02,46,0.61111,0.6676,0.0691
HTP,pooled_split,resnet50,640,4,overall,47,0.71552,0.82577,0.06968
HTP,pooled_split,resnet50,640,4,00,47,0.69863,0.70661,0.06968
HTP,pooled_split,resnet50,640,4,01,47,0.78095,0.96263,0.06968
HTP,pooled_split,resnet50,640,4,02,47,0.61111,0.65638,0.06968
HTP,pooled_split,resnet50,640,4,overall,48,0.75431,0.82031,0.04039
HTP,pooled_split,resnet50,640,4,00,48,0.61644,0.67896,0.04039
HTP,pooled_split,resnet50,640,4,01,48,0.87619,0.9336,0.04039
HTP,pooled_split,resnet50,640,4,02,48,0.7037,0.72791,0.04039
HTP,pooled_split,resnet50,640,4,overall,49,0.75431,0.84996,0.04947
HTP,pooled_split,resnet50,640,4,00,49,0.65753,0.74501,0.04947
HTP,pooled_split,resnet50,640,4,01,49,0.87619,0.95319,0.04947
HTP,pooled_split,resnet50,640,4,02,49,0.64815,0.71809,0.04947
HTP,pooled_split,resnet50,640,4,overall,50,0.71983,0.82701,0.0527
HTP,pooled_split,resnet50,640,4,00,50,0.68493,0.74578,0.0527
HTP,pooled_split,resnet50,640,4,01,50,0.79048,0.95537,0.0527
HTP,pooled_split,resnet50,640,4,02,50,0.62963,0.69425,0.0527
